track_id,filename,from_sunrise,det_score,x,y,r,lon,lat,radius,geo_dist,local_time
1,KTLX20100602_121634_V03,61.371,0.117,69.789,115.779,10.307,-98.557,36.156,5153.745,147423.282,20100602_071634
12,KTLX20100603_121151_V03,56.932,0.143,310.937,266.681,14.621,-97.217,35.483,7310.432,17534.116,20100603_071151
12,KTLX20100603_121644_V03,61.815,-1.000,310.937,266.681,22.385,-97.217,35.483,11192.682,17534.116,20100603_071644
12,KTLX20100603_122136_V03,66.682,-1.000,310.937,266.681,30.123,-97.217,35.483,15061.682,17534.116,20100603_072136
12,KTLX20100603_122629_V03,71.565,-1.000,310.937,266.681,37.888,-97.217,35.483,18943.932,17534.116,20100603_072629
12,KTLX20100603_123121_V03,76.432,0.160,300.549,258.427,44.807,-97.274,35.520,22403.634,20788.213,20100603_073121
12,KTLX20100603_123613_V03,81.298,0.083,295.698,253.902,57.418,-97.301,35.541,28709.028,23149.361,20100603_073613
14,KTLX20100603_122136_V03,66.682,0.240,413.577,400.131,2.765,-96.656,34.880,1382.572,75706.608,20100603_072136
14,KTLX20100603_122629_V03,71.565,0.056,414.105,400.542,9.370,-96.653,34.878,4684.847,76040.580,20100603_072629
1,KTLX20100603_103418_V03,-40.618,0.276,304.522,105.602,6.827,-97.252,36.209,3413.429,97225.052,20100603_053418
2,KTLX20100603_103418_V03,-40.618,0.174,447.378,171.869,5.319,-96.461,35.908,2659.348,97644.481,20100603_053418
3,KTLX20100603_105841_V03,-16.235,0.089,367.912,199.608,5.797,-96.902,35.785,2898.380,60602.108,20100603_055841
4,KTLX20100603_110827_V03,-6.468,0.128,271.612,231.974,2.700,-97.434,35.640,1350.109,36856.004,20100603_060827
5,KTLX20100603_113249_V03,17.898,0.210,320.262,162.320,10.272,-97.165,35.953,5135.979,69581.430,20100603_063249
6,KTLX20100603_113249_V03,17.898,0.170,266.408,293.639,8.671,-97.462,35.362,4335.651,17094.422,20100603_063249
7,KTLX20100603_113741_V03,22.765,0.401,287.871,179.998,3.497,-97.345,35.874,1748.524,60306.693,20100603_063741
9,KTLX20100603_114235_V03,27.665,0.075,372.318,455.865,6.324,-96.883,34.630,3162.243,85912.302,20100603_064235
10,KTLX20100603_120205_V03,47.165,0.086,301.220,401.507,3.025,-97.271,34.876,1512.362,50757.097,20100603_070205
13,KTLX20100603_121151_V03,56.932,0.056,268.131,344.541,7.079,-97.452,35.132,3539.356,27383.927,20100603_071151
16,KTLX20100603_122136_V03,66.682,0.079,289.216,256.101,44.282,-97.337,35.531,22140.781,22602.210,20100603_072136
1,KTLX20100604_120124_V03,46.731,0.094,426.118,271.797,11.179,-96.583,35.458,5589.668,64616.247,20100604_070124
3,KTLX20100607_115336_V03,39.511,0.113,360.905,149.530,38.298,-96.940,36.011,19148.983,81164.392,20100607_065336
3,KTLX20100607_115830_V03,44.411,-1.000,360.905,149.530,46.089,-96.940,36.011,23044.483,81164.392,20100607_065830
3,KTLX20100607_120322_V03,49.277,0.131,362.881,155.690,52.025,-96.929,35.983,26012.476,78707.237,20100607_070322
3,KTLX20100607_120815_V03,54.161,0.202,359.954,167.260,51.540,-96.945,35.931,25770.202,72825.784,20100607_070815
3,KTLX20100607_121309_V03,59.061,0.060,357.864,197.802,33.433,-96.957,35.793,16716.393,58721.042,20100607_071309
1,KTLX20100607_113858_V03,24.877,0.098,376.376,162.259,2.328,-96.854,35.953,1163.990,78749.534,20100607_063858
2,KTLX20100607_113858_V03,24.877,0.080,239.847,113.325,9.956,-97.612,36.174,4978.111,98063.697,20100607_063858
4,KTLX20100607_115830_V03,44.411,0.089,360.726,141.489,54.398,-96.941,36.047,27198.910,84872.538,20100607_065830
4,KTLX20100607_120322_V03,49.277,0.569,352.879,88.982,22.243,-96.983,36.284,11121.643,108771.575,20100607_070322
5,KTLX20100607_115830_V03,44.411,0.088,149.670,100.588,55.160,-98.114,36.229,27579.952,124864.256,20100607_065830
8,KTLX20100607_121801_V03,63.927,0.065,439.894,64.838,28.956,-96.498,36.390,14478.203,136813.430,20100607_071801
4,KTLX20100609_120716_V03,53.423,0.810,425.044,84.296,29.650,-96.581,36.303,14825.108,124663.722,20100609_070716
4,KTLX20100609_121209_V03,58.307,0.092,426.048,84.486,35.932,-96.576,36.302,17966.005,124834.242,20100609_071209
7,KTLX20100609_123633_V03,82.707,0.110,297.113,170.897,15.704,-97.293,35.915,7851.971,64567.411,20100609_073633
7,KTLX20100609_124126_V03,87.590,0.230,299.800,170.724,22.410,-97.279,35.916,11205.181,64638.204,20100609_074126
1,KTLX20100609_111829_V03,4.640,0.073,485.020,91.127,47.756,-96.248,36.270,23878.033,139517.634,20100609_061829
2,KTLX20100609_115730_V03,43.657,0.155,382.049,105.854,58.544,-96.821,36.207,29272.240,105385.671,20100609_065730
2,KTLX20100609_120224_V03,48.557,0.215,414.127,77.427,32.972,-96.642,36.334,16486.065,125063.777,20100609_070224
5,KTLX20100609_120716_V03,53.423,0.051,511.818,221.938,6.858,-96.108,35.679,3428.909,112871.995,20100609_070716
6,KTLX20100609_121209_V03,58.307,0.070,354.048,169.409,29.402,-96.978,35.921,14701.122,70667.015,20100609_071209
8,KTLX20100609_123633_V03,82.707,0.102,384.587,170.389,19.797,-96.809,35.916,9898.346,77385.478,20100609_073633
9,KTLX20100609_123633_V03,82.707,0.057,237.862,190.380,2.986,-97.621,35.827,1493.120,63003.204,20100609_073633
1,KTLX20100610_111332_V03,-0.229,0.116,53.214,94.400,33.535,-98.650,36.252,16767.723,160604.179,20100610_061332
2,KTLX20100610_121129_V03,57.721,0.136,25.815,440.130,35.420,-98.774,34.692,17709.818,153959.178,20100610_071129
1,KTLX20100611_105846_V03,-14.942,0.483,330.376,37.762,15.217,-97.108,36.515,7608.601,131995.863,20100611_055846
11,KTLX20100614_120754_V03,54.190,0.055,250.759,208.800,17.302,-97.550,35.744,8650.875,51821.854,20100614_070754
11,KTLX20100614_121228_V03,58.757,0.269,251.834,208.717,23.587,-97.544,35.744,11793.547,51605.629,20100614_071228
11,KTLX20100614_121703_V03,63.340,0.067,252.989,206.041,26.209,-97.537,35.756,13104.613,52531.653,20100614_071703
1,KTLX20100614_101804_V03,-55.643,0.463,275.598,91.810,12.915,-97.413,36.271,6457.558,104807.502,20100614_051804
1,KTLX20100614_102238_V03,-51.077,0.068,276.699,89.917,19.758,-97.407,36.280,9878.989,105685.767,20100614_052238
6,KTLX20100614_112208_V03,8.423,0.131,206.341,311.713,7.679,-97.792,35.279,3839.443,47194.200,20100614_062208
6,KTLX20100614_112642_V03,12.990,0.182,206.164,312.838,15.341,-97.793,35.274,7670.371,47354.823,20100614_062642
10,KTLX20100614_115844_V03,45.023,0.075,18.153,215.368,23.495,-98.835,35.704,11747.328,147139.411,20100614_065844
10,KTLX20100614_120319_V03,49.607,0.138,19.302,211.929,30.764,-98.829,35.720,15382.220,147095.311,20100614_070319
2,KTLX20100614_104057_V03,-32.760,0.260,304.250,71.027,17.603,-97.254,36.365,8801.426,114505.991,20100614_054057
3,KTLX20100614_104057_V03,-32.760,0.071,347.983,59.147,17.993,-97.010,36.418,8996.349,122792.813,20100614_054057
5,KTLX20100614_105915_V03,-14.460,0.070,254.020,48.244,8.919,-97.534,36.467,4459.639,127960.218,20100614_055915
7,KTLX20100614_112208_V03,8.423,0.061,251.917,309.024,17.943,-97.542,35.292,8971.432,24461.141,20100614_062208
8,KTLX20100614_113117_V03,17.573,0.063,130.822,193.815,3.543,-98.213,35.808,1771.595,99870.522,20100614_063117
9,KTLX20100614_114026_V03,26.723,0.123,198.815,328.213,5.827,-97.833,35.205,2913.469,52522.221,20100614_064026
12,KTLX20100614_121228_V03,58.757,0.123,326.646,164.988,14.736,-97.130,35.941,7367.920,68808.365,20100614_071228
13,KTLX20100614_123047_V03,77.073,0.064,324.253,99.919,19.921,-97.143,36.235,9960.262,100772.589,20100614_073047
13,KTLX20100614_123521_V03,81.640,0.117,331.775,97.947,17.223,-97.101,36.243,8611.454,102268.043,20100614_073521
1,KTLX20100615_103347_V03,-39.980,0.069,66.819,41.036,34.147,-98.579,36.493,17073.612,174238.054,20100615_053347
1,KTLX20100615_103821_V03,-35.414,0.070,65.133,41.831,42.703,-98.588,36.489,21351.251,174508.987,20100615_053821
2,KTLX20100615_110115_V03,-12.514,0.217,529.345,241.847,28.359,-96.012,35.589,14179.504,118301.470,20100615_060115
2,KTLX20100615_110549_V03,-7.947,0.155,530.712,241.176,34.047,-96.005,35.591,17023.330,119046.389,20100615_060549
4,KTLX20100615_113752_V03,24.103,0.086,393.292,141.225,1.698,-96.760,36.047,849.236,92077.557,20100615_063752
4,KTLX20100615_114227_V03,28.686,0.071,393.244,141.281,7.443,-96.760,36.047,3721.544,92041.115,20100615_064227
3,KTLX20100615_110115_V03,-12.514,0.052,33.095,96.961,25.628,-98.762,36.239,12814.149,167677.690,20100615_060115
1,KTLX20100616_111429_V03,0.640,0.066,298.468,501.643,22.396,-97.286,34.424,11198.222,100824.657,20100616_061429
1,KTLX20100619_122507_V03,70.881,0.064,39.053,75.213,33.865,-98.731,36.337,16932.728,172208.211,20100619_072507
1,KTLX20100619_123446_V03,80.531,0.065,40.855,79.746,45.072,-98.720,36.317,22536.105,170049.879,20100619_073446
1,KTLX20100621_121817_V03,63.662,0.079,31.232,254.097,30.115,-98.759,35.531,15057.746,136329.874,20100621_071817
1,KTLX20100623_120903_V03,53.948,0.483,326.173,425.873,7.830,-97.135,34.766,3914.976,64282.809,20100623_070903
1,KTLX20100624_101602_V03,-59.344,0.061,43.608,288.866,10.735,-98.688,35.375,5367.447,128316.969,20100624_051602
1,KTLX20100624_102015_V03,-55.127,0.101,40.822,289.176,9.230,-98.704,35.373,4614.866,129701.732,20100624_052015
3,KTLX20100624_103254_V03,-42.477,0.070,28.720,248.181,45.989,-98.774,35.557,22994.501,138092.572,20100624_053254
3,KTLX20100624_103707_V03,-38.261,-1.000,28.720,248.181,52.694,-98.774,35.557,26346.751,138092.572,20100624_053707
3,KTLX20100624_104120_V03,-34.044,0.076,46.530,279.533,19.434,-98.673,35.417,9716.959,127147.290,20100624_054120
5,KTLX20100624_105813_V03,-17.161,0.200,196.184,372.857,7.892,-97.846,35.003,3945.980,63414.899,20100624_055813
6,KTLX20100624_110226_V03,-12.944,0.050,354.614,162.614,2.595,-96.975,35.952,1297.447,73921.475,20100624_060226
7,KTLX20100624_110639_V03,-8.727,0.060,31.034,154.683,38.963,-98.769,35.979,19481.693,152855.827,20100624_060639
8,KTLX20100624_114849_V03,33.439,0.179,242.616,60.099,16.643,-97.597,36.414,8321.308,123334.483,20100624_064849
9,KTLX20100624_122234_V03,67.189,0.091,285.897,74.006,11.982,-97.356,36.351,5990.784,113216.835,20100624_072234
1,KTLX20100625_104404_V03,-31.609,0.354,258.649,267.796,11.511,-97.505,35.478,5755.291,26205.991,20100625_054404
3,KTLX20100625_123015_V03,74.574,0.088,322.751,429.267,8.578,-97.153,34.750,4289.242,65627.081,20100625_073015
1,KTLX20100627_111617_V03,-0.056,0.435,171.551,123.202,5.632,-97.991,36.128,2816.133,109266.403,20100627_061617
1,KTLX20100627_112557_V03,9.611,0.848,196.671,121.020,8.458,-97.851,36.138,4228.875,103332.880,20100627_062557
3,KTLX20100627_111617_V03,-0.056,0.262,161.436,111.363,6.882,-98.048,36.181,3440.783,117029.552,20100627_061617
3,KTLX20100627_112557_V03,9.611,0.578,135.395,112.746,11.323,-98.192,36.173,5661.599,124658.183,20100627_062557
7,KTLX20100627_114030_V03,24.161,0.105,177.127,168.284,3.417,-97.958,35.925,1708.307,90065.299,20100627_064030
7,KTLX20100627_114524_V03,29.061,0.345,177.752,167.551,9.306,-97.955,35.928,4653.234,90121.031,20100627_064524
8,KTLX20100627_122432_V03,68.194,0.363,323.772,422.881,6.749,-97.148,34.779,3374.439,62579.502,20100627_072432
8,KTLX20100627_122927_V03,73.111,0.170,325.727,421.025,13.356,-97.137,34.788,6677.769,61864.633,20100627_072927
6,KTLX20100627_111617_V03,-0.056,0.082,121.397,95.048,2.437,-98.271,36.253,1218.300,135926.991,20100627_061617
9,KTLX20100627_122432_V03,68.194,0.082,286.203,106.538,6.672,-97.354,36.205,3336.239,96976.720,20100627_072432
10,KTLX20100627_122927_V03,73.111,0.083,49.125,218.160,8.328,-98.663,35.694,4163.915,131943.277,20100627_072927
11,KTLX20100627_123420_V03,77.994,0.057,279.313,122.712,4.724,-97.392,36.132,2362.003,89245.673,20100627_073420
12,KTLX20100627_123913_V03,82.878,0.527,443.416,56.400,5.325,-96.478,36.428,2662.270,141340.881,20100627_073913
13,KTLX20100627_123913_V03,82.878,0.096,392.576,72.033,3.504,-96.762,36.359,1751.934,123023.452,20100627_073913
7,KTLX20100628_104707_V03,-29.587,0.094,300.276,420.958,44.357,-97.276,34.788,22178.514,60479.406,20100628_054707
7,KTLX20100628_105200_V03,-24.703,0.179,302.427,421.710,51.536,-97.264,34.785,25767.887,60866.871,20100628_055200
7,KTLX20100628_105652_V03,-19.837,-1.000,304.139,422.308,58.807,-97.255,34.782,29403.683,61188.800,20100628_055652
7,KTLX20100628_110145_V03,-14.953,0.288,309.927,451.872,15.989,-97.223,34.649,7994.562,76097.924,20100628_060145
7,KTLX20100628_110637_V03,-10.087,0.069,310.990,452.151,22.645,-97.218,34.647,11322.488,76273.439,20100628_060637
7,KTLX20100628_111130_V03,-5.203,0.094,316.283,445.863,15.436,-97.189,34.676,7717.825,73384.295,20100628_061130
16,KTLX20100628_115524_V03,38.697,0.065,193.417,308.901,21.015,-97.863,35.292,10507.254,53476.853,20100628_065524
16,KTLX20100628_120016_V03,43.563,0.057,193.335,309.939,27.190,-97.864,35.287,13595.007,53563.337,20100628_070016
17,KTLX20100628_120509_V03,48.447,0.051,168.864,286.155,8.365,-97.999,35.393,4182.339,65932.442,20100628_070509
17,KTLX20100628_121002_V03,53.330,-1.000,168.864,286.155,16.129,-97.999,35.393,8064.589,65932.442,20100628_071002
17,KTLX20100628_121455_V03,58.213,0.054,172.833,292.367,19.407,-97.977,35.365,9703.286,63697.982,20100628_071455
1,KTLX20100628_101752_V03,-58.837,0.073,286.129,454.490,10.647,-97.353,34.637,5323.347,77555.781,20100628_051752
2,KTLX20100628_102244_V03,-53.970,0.692,476.126,407.627,10.178,-96.315,34.844,5089.077,103203.347,20100628_052244
3,KTLX20100628_103230_V03,-44.203,0.179,301.824,228.816,2.799,-97.267,35.654,1399.658,35603.632,20100628_053230
4,KTLX20100628_103722_V03,-39.337,0.096,397.512,143.377,1.938,-96.737,36.038,968.803,92248.541,20100628_053722
5,KTLX20100628_103722_V03,-39.337,0.094,272.292,413.188,12.741,-97.429,34.823,6370.743,58264.902,20100628_053722
6,KTLX20100628_104215_V03,-34.453,0.073,368.219,415.073,26.903,-96.905,34.814,13451.418,66887.211,20100628_054215
8,KTLX20100628_104707_V03,-29.587,0.064,299.598,241.514,5.830,-97.280,35.597,2915.215,29243.915,20100628_054707
9,KTLX20100628_105200_V03,-24.703,0.085,214.627,230.080,21.569,-97.749,35.647,10784.540,55175.481,20100628_055200
10,KTLX20100628_105652_V03,-19.837,0.489,308.149,456.864,20.018,-97.233,34.626,10009.149,78537.964,20100628_055652
11,KTLX20100628_105652_V03,-19.837,0.077,358.404,421.144,13.754,-96.958,34.787,6876.945,67243.986,20100628_055652
12,KTLX20100628_105652_V03,-19.837,0.051,29.096,260.844,28.353,-98.770,35.500,14176.711,136859.324,20100628_055652
15,KTLX20100628_112608_V03,9.430,0.050,202.238,264.689,16.598,-97.816,35.491,8298.861,51971.955,20100628_062608
18,KTLX20100628_121455_V03,58.213,0.090,402.049,311.756,23.651,-96.717,35.279,11825.459,51361.947,20100628_071455
18,KTLX20100628_121947_V03,63.080,0.154,402.238,311.932,21.073,-96.716,35.278,10536.297,51465.907,20100628_071947
20,KTLX20100628_123425_V03,77.713,0.067,248.789,109.973,22.865,-97.562,36.189,11432.430,98403.303,20100628_073425
2,KTLX20100629_104117_V03,-35.805,0.098,253.289,272.153,4.269,-97.535,35.458,2134.497,27190.802,20100629_054117
2,KTLX20100629_104610_V03,-30.922,0.142,252.911,272.123,10.654,-97.537,35.458,5326.845,27360.774,20100629_054610
2,KTLX20100629_105102_V03,-26.055,0.224,251.274,271.815,7.284,-97.546,35.460,3642.063,28145.193,20100629_055102
2,KTLX20100629_105555_V03,-21.172,0.098,251.191,271.817,13.873,-97.546,35.460,6936.677,28180.716,20100629_055555
2,KTLX20100629_110048_V03,-16.289,0.314,252.961,273.097,6.773,-97.537,35.454,3386.456,27094.679,20100629_060048
8,KTLX20100629_114444_V03,27.645,0.113,312.041,438.966,6.215,-97.212,34.707,3107.325,69743.240,20100629_064444
8,KTLX20100629_114937_V03,32.528,0.064,311.874,439.169,13.827,-97.213,34.706,6913.450,69837.426,20100629_064937
11,KTLX20100629_121400_V03,56.911,0.162,459.049,473.378,28.918,-96.411,34.549,14458.891,117639.776,20100629_071400
11,KTLX20100629_121855_V03,61.828,0.065,458.614,473.429,35.937,-96.413,34.548,17968.459,117511.687,20100629_071855
12,KTLX20100629_121400_V03,56.911,0.078,403.174,422.280,48.167,-96.714,34.781,24083.368,79995.831,20100629_071400
12,KTLX20100629_121855_V03,61.828,-1.000,403.174,422.280,55.984,-96.714,34.781,27992.118,79995.831,20100629_071855
12,KTLX20100629_122347_V03,66.695,0.095,396.812,424.167,54.275,-96.749,34.772,27137.707,78724.101,20100629_072347
1,KTLX20100629_103624_V03,-40.689,0.182,334.450,122.669,12.317,-97.086,36.132,6158.619,90323.361,20100629_053624
6,KTLX20100629_110048_V03,-16.289,0.074,320.799,281.496,13.514,-97.163,35.416,6756.920,13919.228,20100629_060048
7,KTLX20100629_111035_V03,-6.505,0.068,314.666,437.774,4.043,-97.197,34.712,2021.410,69276.097,20100629_061035
10,KTLX20100629_120415_V03,47.161,0.071,476.495,462.569,25.335,-96.316,34.597,12667.443,119978.391,20100629_070415
13,KTLX20100629_123826_V03,81.345,0.136,62.385,147.829,20.638,-98.595,36.012,10318.939,141082.270,20100629_073826
1,KTLX20100630_104635_V03,-30.911,0.057,253.622,268.938,9.896,-97.533,35.473,4947.754,27909.643,20100630_054635
2,KTLX20100630_105615_V03,-21.245,0.057,193.236,370.065,5.982,-97.862,35.016,2991.144,63850.635,20100630_055615
3,KTLX20100630_110554_V03,-11.595,0.066,203.048,298.270,10.085,-97.811,35.340,5042.681,48483.774,20100630_060554
1,KTLX20100701_104615_V03,-31.671,0.091,255.637,270.519,5.424,-97.522,35.466,2712.154,26632.970,20100701_054615
1,KTLX20100701_105554_V03,-22.021,0.138,255.786,270.870,14.294,-97.521,35.464,7147.087,26473.781,20100701_055554
2,KTLX20100701_113432_V03,16.613,0.059,364.313,514.815,16.443,-96.928,34.364,8221.402,112117.770,20100701_063432
2,KTLX20100701_114412_V03,26.279,0.080,361.974,511.545,23.229,-96.941,34.379,11614.278,110217.959,20100701_064412
1,KTLX20100702_104452_V03,-33.500,0.078,256.487,272.232,4.880,-97.517,35.458,2440.100,25808.870,20100702_054452
1,KTLX20100702_105432_V03,-23.833,0.293,256.615,270.206,16.329,-97.516,35.467,8164.644,26315.159,20100702_055432
1,KTLX20100702_110412_V03,-14.167,0.127,260.574,267.380,24.543,-97.495,35.480,12271.524,25585.460,20100702_060412
2,KTLX20100702_114250_V03,24.467,0.052,401.739,518.406,5.087,-96.725,34.347,2543.349,120469.625,20100702_064250
8,KTLX20100703_121844_V03,59.902,0.096,203.860,381.583,14.392,-97.804,34.964,7195.829,63045.067,20100703_071844
8,KTLX20100703_122336_V03,64.768,0.270,203.564,381.362,20.972,-97.805,34.965,10486.223,63086.808,20100703_072336
8,KTLX20100703_122831_V03,69.685,0.268,203.157,376.222,21.336,-97.808,34.988,10668.208,61620.472,20100703_072831
8,KTLX20100703_123324_V03,74.568,0.061,205.115,368.010,18.923,-97.797,35.025,9461.584,58370.578,20100703_073324
8,KTLX20100703_123817_V03,79.452,0.113,206.239,367.017,24.578,-97.791,35.030,12289.025,57624.825,20100703_073817
8,KTLX20100703_124310_V03,84.335,0.314,211.167,358.302,19.425,-97.764,35.069,9712.372,53128.159,20100703_074310
8,KTLX20100703_124803_V03,89.218,0.582,211.247,356.720,25.408,-97.764,35.076,12703.773,52664.638,20100703_074803
3,KTLX20100703_105543_V03,-23.115,0.176,326.989,423.676,21.881,-97.130,34.776,10940.392,63293.031,20100703_055543
3,KTLX20100703_110036_V03,-18.232,0.160,327.614,422.251,27.430,-97.127,34.782,13714.905,62665.263,20100703_060036
3,KTLX20100703_110530_V03,-13.332,0.099,332.885,414.914,18.503,-97.098,34.815,9251.587,59763.663,20100703_060530
6,KTLX20100703_115912_V03,40.368,0.060,294.372,212.131,19.170,-97.309,35.729,9585.129,44024.474,20100703_065912
6,KTLX20100703_120405_V03,45.252,0.139,295.138,211.231,24.868,-97.304,35.733,12434.188,44450.963,20100703_070405
6,KTLX20100703_120858_V03,50.135,0.091,298.638,201.972,17.913,-97.285,35.775,8956.528,49018.954,20100703_070858
1,KTLX20100703_102133_V03,-57.282,0.084,532.014,480.002,8.932,-96.014,34.515,4466.174,146825.972,20100703_052133
2,KTLX20100703_102133_V03,-57.282,0.069,255.317,375.699,9.248,-97.522,34.992,4624.157,43951.430,20100703_052133
5,KTLX20100703_115419_V03,35.485,0.108,252.656,140.268,15.992,-97.540,36.053,7996.130,83300.154,20100703_065419
9,KTLX20100703_123324_V03,74.568,0.062,294.320,343.437,25.019,-97.309,35.137,12509.485,21903.355,20100703_073324
11,KTLX20100703_123817_V03,79.452,0.324,324.541,414.708,23.757,-97.143,34.816,11878.273,58651.908,20100703_073817
1,KTLX20100704_105720_V03,-21.982,0.130,259.146,416.306,28.190,-97.501,34.809,14095.078,61636.491,20100704_055720
2,KTLX20100704_111653_V03,-2.432,0.214,189.272,113.643,43.705,-97.893,36.171,21852.383,108385.383,20100704_061653
3,KTLX20100704_112639_V03,7.335,0.070,241.098,182.392,26.499,-97.604,35.863,13249.460,65767.040,20100704_062639
7,KTLX20100705_115106_V03,31.283,0.099,220.500,230.249,21.589,-97.716,35.647,10794.666,52880.403,20100705_065106
7,KTLX20100705_115559_V03,36.167,0.488,222.167,230.206,28.420,-97.707,35.647,14210.153,52271.477,20100705_065559
7,KTLX20100705_120052_V03,41.050,0.266,226.417,225.114,29.624,-97.684,35.670,14811.819,52493.773,20100705_070052
7,KTLX20100705_120545_V03,45.933,0.109,235.569,212.737,19.719,-97.634,35.726,9859.411,54236.192,20100705_070545
5,KTLX20100705_111654_V03,-2.917,0.110,298.389,126.127,32.745,-97.286,36.117,16372.257,86940.468,20100705_061654
5,KTLX20100705_112147_V03,1.967,0.101,298.628,124.747,38.725,-97.285,36.123,19362.307,87629.007,20100705_062147
12,KTLX20100705_121037_V03,50.800,0.052,290.689,109.076,17.294,-97.329,36.193,8646.954,95575.304,20100705_071037
12,KTLX20100705_121530_V03,55.683,0.149,287.689,112.540,24.039,-97.346,36.178,12019.403,93931.889,20100705_071530
13,KTLX20100705_122023_V03,60.567,0.061,155.452,341.778,22.996,-98.071,35.142,11497.793,75232.186,20100705_072023
13,KTLX20100705_122516_V03,65.450,0.460,158.714,339.363,27.630,-98.053,35.153,13815.118,73333.293,20100705_072516
1,KTLX20100705_102806_V03,-51.717,0.127,205.746,327.613,11.845,-97.795,35.208,5922.586,49108.056,20100705_052806
2,KTLX20100705_103751_V03,-41.967,0.063,213.146,235.541,30.845,-97.757,35.623,15422.356,54080.044,20100705_053751
2,KTLX20100705_104245_V03,-37.067,0.108,221.392,225.392,27.295,-97.712,35.669,13647.724,54188.544,20100705_054245
4,KTLX20100705_110216_V03,-17.550,0.074,284.621,140.428,29.469,-97.363,36.052,14734.446,80155.462,20100705_060216
6,KTLX20100705_113133_V03,11.733,0.091,189.594,289.036,36.843,-97.885,35.381,18421.312,55474.742,20100705_063133
8,KTLX20100705_115559_V03,36.167,0.113,280.043,141.633,20.792,-97.388,36.047,10395.859,79809.783,20100705_065559
11,KTLX20100705_120545_V03,45.933,0.070,201.760,285.231,20.752,-97.818,35.398,10375.856,49671.794,20100705_070545
1,KTLX20100706_114057_V03,20.614,0.214,388.132,113.437,2.114,-96.788,36.173,1056.824,103166.133,20100706_064057
1,KTLX20100706_114550_V03,25.498,0.417,388.807,112.834,8.276,-96.784,36.175,4137.795,103582.949,20100706_064550
3,KTLX20100706_120030_V03,40.164,0.153,448.911,71.416,9.019,-96.448,36.360,4509.384,136404.753,20100706_070030
4,KTLX20100706_122454_V03,64.564,0.173,288.466,183.362,3.108,-97.341,35.859,1554.157,58603.417,20100706_072454
6,KTLX20100706_123441_V03,74.348,0.138,280.899,37.028,3.492,-97.384,36.518,1745.953,131832.348,20100706_073441
2,KTLX20100707_110226_V03,-18.438,0.517,255.077,266.601,8.319,-97.525,35.483,4159.422,27989.181,20100707_060226
2,KTLX20100707_110719_V03,-13.555,0.310,255.818,266.038,16.197,-97.521,35.486,8098.404,27863.416,20100707_060719
2,KTLX20100707_111211_V03,-8.688,0.050,257.082,266.694,23.645,-97.514,35.483,11822.267,27162.730,20100707_061211
1,KTLX20100707_104253_V03,-37.988,0.054,36.232,63.876,34.128,-98.747,36.388,17064.024,177008.734,20100707_054253
1,KTLX20100707_104746_V03,-33.105,0.058,36.554,63.577,40.944,-98.746,36.390,20472.141,176988.599,20100707_054746
3,KTLX20100707_115113_V03,30.345,0.066,53.891,374.411,9.488,-98.625,34.990,4744.020,128556.146,20100707_065113
4,KTLX20100707_115607_V03,35.245,0.058,414.719,94.026,27.249,-96.639,36.260,13624.691,117882.805,20100707_065607
3,KTLX20100708_111049_V03,-10.607,0.627,365.006,228.512,17.893,-96.919,35.655,8946.514,48312.159,20100708_061049
3,KTLX20100708_111541_V03,-5.740,0.105,365.370,227.714,23.953,-96.917,35.658,11976.492,48730.011,20100708_061541
4,KTLX20100708_111541_V03,-5.740,0.076,337.527,289.587,13.874,-97.071,35.380,6937.122,19472.603,20100708_061541
4,KTLX20100708_112034_V03,-0.857,0.309,337.673,290.004,19.003,-97.070,35.378,9501.326,19488.377,20100708_062034
5,KTLX20100708_113020_V03,8.910,0.094,316.507,323.966,10.564,-97.187,35.225,5282.146,14550.278,20100708_063020
5,KTLX20100708_113512_V03,13.776,0.167,316.906,324.360,16.501,-97.185,35.223,8250.548,14825.640,20100708_063512
8,KTLX20100708_115445_V03,33.326,0.267,412.944,104.187,18.060,-96.649,36.214,9029.995,113025.294,20100708_065445
8,KTLX20100708_115938_V03,38.210,0.274,411.970,103.294,24.179,-96.655,36.218,12089.371,113170.873,20100708_065938
9,KTLX20100708_115938_V03,38.210,0.086,331.029,582.173,17.334,-97.109,34.061,8666.777,141936.861,20100708_065938
9,KTLX20100708_120431_V03,43.093,0.285,330.671,580.826,23.293,-97.111,34.067,11646.533,141247.820,20100708_070431
9,KTLX20100708_120924_V03,47.976,0.374,330.592,574.893,19.565,-97.112,34.094,9782.461,138295.265,20100708_070924
9,KTLX20100708_121417_V03,52.860,0.058,330.340,574.015,26.050,-97.113,34.098,13024.842,137844.655,20100708_071417
12,KTLX20100708_122403_V03,62.626,0.152,24.475,175.930,21.289,-98.803,35.883,10644.608,151085.865,20100708_072403
12,KTLX20100708_122855_V03,67.493,0.165,24.865,175.432,27.751,-98.801,35.885,13875.518,151010.064,20100708_072855
13,KTLX20100708_123841_V03,77.260,0.175,94.363,87.595,27.456,-98.422,36.285,13728.143,147819.427,20100708_073841
13,KTLX20100708_124334_V03,82.143,0.375,95.152,87.015,32.721,-98.418,36.287,16360.675,147754.309,20100708_074334
1,KTLX20100708_103146_V03,-49.657,0.065,335.229,267.687,13.794,-97.083,35.479,6896.885,23902.258,20100708_053146
2,KTLX20100708_110103_V03,-20.374,0.198,369.959,224.371,17.107,-96.891,35.673,8553.631,51512.346,20100708_060103
6,KTLX20100708_113020_V03,8.910,0.051,371.539,219.733,9.016,-96.882,35.694,4507.992,53760.124,20100708_063020
6,KTLX20100708_113512_V03,13.776,-1.000,371.539,219.733,16.754,-96.882,35.694,8376.992,53760.124,20100708_063512
6,KTLX20100708_114005_V03,18.660,0.085,369.792,216.231,12.417,-96.892,35.710,6208.614,54516.467,20100708_064005
11,KTLX20100708_121910_V03,57.743,0.103,20.488,190.673,26.492,-98.824,35.816,13245.956,150066.149,20100708_071910
1,KTLX20100709_103146_V03,-50.225,0.070,386.508,365.070,37.747,-96.803,35.039,18873.589,54124.305,20100709_053146
1,KTLX20100709_103639_V03,-45.341,-1.000,386.508,365.070,45.512,-96.803,35.039,22755.839,54124.305,20100709_053639
1,KTLX20100709_104131_V03,-40.475,0.363,383.704,365.144,44.596,-96.819,35.039,22297.932,53033.279,20100709_054131
1,KTLX20100709_104624_V03,-35.591,0.196,383.418,362.199,43.651,-96.820,35.052,21825.429,52027.190,20100709_054624
1,KTLX20100709_105117_V03,-30.708,-1.000,382.573,360.190,43.422,-96.825,35.061,21710.817,51090.902,20100709_055117
1,KTLX20100709_105610_V03,-25.825,0.529,392.798,352.093,42.710,-96.769,35.097,21355.242,53209.846,20100709_055610
1,KTLX20100709_110103_V03,-20.941,0.464,399.889,345.083,41.069,-96.730,35.129,20534.605,54795.546,20100709_060103
1,KTLX20100709_110556_V03,-16.058,0.104,404.393,342.367,43.141,-96.705,35.141,21570.599,56331.188,20100709_060556
1,KTLX20100709_111049_V03,-11.175,0.249,406.368,337.098,46.875,-96.694,35.164,23437.607,56325.890,20100709_061049
1,KTLX20100709_111542_V03,-6.291,0.360,411.713,335.996,45.113,-96.664,35.169,22556.435,58684.671,20100709_061542
1,KTLX20100709_112034_V03,-1.425,-1.000,416.279,333.688,44.873,-96.639,35.180,22436.300,60530.296,20100709_062034
1,KTLX20100709_112527_V03,3.459,0.132,426.333,333.145,43.949,-96.584,35.182,21974.381,65304.162,20100709_062527
8,KTLX20100709_112034_V03,-1.425,0.827,355.520,42.123,11.048,-96.968,36.495,5523.884,131892.785,20100709_062034
8,KTLX20100709_112527_V03,3.459,0.508,356.304,42.660,16.689,-96.963,36.492,8344.611,131713.693,20100709_062527
8,KTLX20100709_113020_V03,8.342,0.518,356.550,44.552,18.643,-96.962,36.484,9321.453,130816.214,20100709_063020
18,KTLX20100709_120430_V03,42.509,0.059,484.161,337.382,19.526,-96.267,35.160,9763.042,93958.347,20100709_070430
18,KTLX20100709_120923_V03,47.392,0.076,484.619,336.307,26.254,-96.264,35.165,13126.806,94077.703,20100709_070923
18,KTLX20100709_121416_V03,52.275,0.244,488.548,332.968,26.646,-96.243,35.180,13323.082,95704.481,20100709_071416
18,KTLX20100709_121908_V03,57.142,0.178,495.288,333.506,22.964,-96.206,35.177,11481.873,99070.700,20100709_071908
2,KTLX20100709_103639_V03,-45.341,0.092,243.645,587.469,13.148,-97.583,34.037,6573.786,146470.580,20100709_053639
2,KTLX20100709_104131_V03,-40.475,0.055,243.582,586.977,19.555,-97.583,34.039,9777.703,146234.978,20100709_054131
3,KTLX20100709_103639_V03,-45.341,0.080,512.506,219.754,65.819,-96.104,35.689,32909.424,113576.298,20100709_053639
3,KTLX20100709_104131_V03,-40.475,0.137,514.503,217.254,72.019,-96.092,35.700,36009.637,114954.642,20100709_054131
4,KTLX20100709_104624_V03,-35.591,0.166,255.537,271.582,8.471,-97.522,35.461,4235.323,26384.278,20100709_054624
4,KTLX20100709_105117_V03,-30.708,0.091,256.499,272.572,16.289,-97.517,35.456,8144.386,25713.042,20100709_055117
6,KTLX20100709_111049_V03,-11.175,0.114,244.546,121.032,2.284,-97.586,36.139,1141.788,93681.226,20100709_061049
6,KTLX20100709_111542_V03,-6.291,0.166,244.465,121.152,8.174,-97.586,36.139,4087.002,93636.066,20100709_061542
6,KTLX20100709_112034_V03,-1.425,-1.000,244.400,121.247,14.420,-97.586,36.138,7209.889,93600.131,20100709_062034
6,KTLX20100709_112527_V03,3.459,0.070,243.790,124.945,8.353,-97.590,36.122,4176.388,91929.170,20100709_062527
9,KTLX20100709_112034_V03,-1.425,0.071,255.919,278.799,17.148,-97.520,35.428,8574.032,24457.169,20100709_062034
9,KTLX20100709_112527_V03,3.459,0.061,255.048,279.873,24.399,-97.525,35.424,12199.440,24625.994,20100709_062527
13,KTLX20100709_113513_V03,13.225,0.169,287.185,554.602,28.285,-97.347,34.186,14142.430,127462.361,20100709_063513
13,KTLX20100709_114006_V03,18.109,0.117,287.333,553.522,34.530,-97.346,34.190,17264.906,126919.327,20100709_064006
13,KTLX20100709_114459_V03,22.992,0.054,303.479,544.690,21.403,-97.259,34.230,10701.616,122357.122,20100709_064459
13,KTLX20100709_114951_V03,27.859,0.172,302.996,543.882,28.576,-97.261,34.234,14288.087,121950.286,20100709_064951
16,KTLX20100709_115444_V03,32.742,0.070,472.253,341.911,18.941,-96.332,35.140,9470.474,88639.021,20100709_065444
16,KTLX20100709_115937_V03,37.625,0.070,474.542,341.087,25.092,-96.320,35.144,12545.776,89656.324,20100709_065937
5,KTLX20100709_110103_V03,-20.941,0.148,83.827,131.558,10.153,-98.478,36.086,5076.333,137025.316,20100709_060103
10,KTLX20100709_112034_V03,-1.425,0.070,273.403,561.562,20.400,-97.422,34.154,10200.147,131455.382,20100709_062034
11,KTLX20100709_112527_V03,3.459,0.204,363.008,423.094,25.890,-96.933,34.778,12944.769,69141.508,20100709_062527
17,KTLX20100709_120430_V03,42.509,0.074,514.447,246.166,14.227,-96.095,35.570,7113.358,110550.252,20100709_070430
19,KTLX20100709_120923_V03,47.392,0.079,361.604,348.604,19.127,-96.940,35.114,9563.309,39234.821,20100709_070923
20,KTLX20100709_120923_V03,47.392,0.063,189.096,530.571,22.433,-97.880,34.292,11216.424,127928.556,20100709_070923
22,KTLX20100709_121908_V03,57.142,0.065,96.264,416.458,2.961,-98.391,34.803,1480.522,117335.799,20100709_071908
23,KTLX20100709_122402_V03,62.042,0.101,373.206,347.551,19.685,-96.876,35.118,9842.348,43647.106,20100709_072402
24,KTLX20100709_123840_V03,76.675,0.231,385.884,343.332,17.662,-96.806,35.137,8830.870,48098.256,20100709_073840
25,KTLX20100709_123840_V03,76.675,0.122,207.280,427.907,10.336,-97.784,34.756,5167.839,78989.427,20100709_073840
26,KTLX20100709_124333_V03,81.559,0.130,214.947,521.446,22.864,-97.740,34.334,11431.880,118609.147,20100709_074333
27,KTLX20100709_124333_V03,81.559,0.100,453.378,243.732,1.867,-96.431,35.584,933.731,81686.715,20100709_074333
2,KTLX20100710_110749_V03,-14.757,0.163,256.739,272.650,8.080,-97.516,35.456,4040.060,25590.668,20100710_060749
2,KTLX20100710_111729_V03,-5.091,0.112,257.289,273.034,17.890,-97.513,35.454,8945.154,25255.675,20100710_061729
2,KTLX20100710_112708_V03,4.559,0.058,257.496,273.410,11.181,-97.512,35.453,5590.551,25067.745,20100710_062708
3,KTLX20100710_112708_V03,4.559,0.069,327.424,437.087,13.641,-97.128,34.715,6820.688,69901.347,20100710_062708
3,KTLX20100710_113647_V03,14.209,0.143,332.385,438.929,20.778,-97.101,34.707,10389.116,71326.817,20100710_063647
1,KTLX20100710_104831_V03,-34.057,0.134,255.652,273.323,6.408,-97.522,35.453,3203.909,25876.564,20100710_054831
1,KTLX20100711_102437_V03,-58.554,0.591,259.267,267.838,9.227,-97.502,35.478,4613.369,25949.876,20100711_052437
1,KTLX20100711_102930_V03,-53.671,0.376,260.050,266.747,15.796,-97.498,35.483,7898.137,25989.297,20100711_052930
1,KTLX20100711_103423_V03,-48.787,0.075,261.629,266.064,18.639,-97.489,35.486,9319.436,25612.615,20100711_053423
2,KTLX20100711_110341_V03,-19.487,0.062,261.635,265.528,10.055,-97.489,35.488,5027.603,25788.759,20100711_060341
2,KTLX20100711_110834_V03,-14.604,0.084,262.057,265.789,16.074,-97.487,35.487,8037.227,25544.108,20100711_060834
2,KTLX20100711_111326_V03,-9.737,-1.000,262.394,265.997,22.423,-97.485,35.486,11211.400,25349.361,20100711_061326
2,KTLX20100711_111819_V03,-4.854,0.108,266.069,261.410,12.357,-97.465,35.507,6178.276,25692.937,20100711_061819
4,KTLX20100711_121656_V03,53.763,0.077,170.425,141.006,32.906,-97.996,36.047,16452.950,102553.270,20100711_071656
5,KTLX20100711_123135_V03,68.413,0.302,127.827,438.854,36.456,-98.217,34.704,18227.760,110593.788,20100711_073135
5,KTLX20100712_103655_V03,-46.864,0.065,401.918,158.874,20.302,-96.713,35.968,10150.982,87039.796,20100712_053655
5,KTLX20100712_104149_V03,-41.964,0.298,402.275,160.150,28.987,-96.711,35.962,14493.673,86628.720,20100712_054149
5,KTLX20100712_104642_V03,-37.081,0.360,406.275,164.025,37.233,-96.689,35.944,18616.501,86289.398,20100712_054642
5,KTLX20100712_105134_V03,-32.214,0.419,410.023,161.956,39.692,-96.668,35.954,19845.966,88262.493,20100712_055134
13,KTLX20100712_113532_V03,11.753,0.058,452.379,114.257,36.724,-96.431,36.167,18361.782,120125.061,20100712_063532
13,KTLX20100712_114024_V03,16.619,0.090,453.445,113.789,43.322,-96.425,36.169,21661.067,120643.842,20100712_064024
13,KTLX20100712_114517_V03,21.503,0.128,458.128,109.123,42.917,-96.399,36.190,21458.453,123933.864,20100712_064517
7,KTLX20100712_110614_V03,-17.547,0.335,383.264,198.638,7.016,-96.817,35.789,3508.106,65588.132,20100712_060614
7,KTLX20100712_111107_V03,-12.664,0.206,385.178,199.789,14.293,-96.806,35.784,7146.538,65760.092,20100712_061107
9,KTLX20100712_111600_V03,-7.781,0.221,288.627,368.073,3.757,-97.340,35.026,1878.544,34508.112,20100712_061600
9,KTLX20100712_112052_V03,-2.914,0.058,288.996,368.518,10.770,-97.338,35.024,5384.916,34698.252,20100712_062052
11,KTLX20100712_111600_V03,-7.781,0.052,23.880,154.942,30.615,-98.808,35.977,15307.435,155952.067,20100712_061600
11,KTLX20100712_112052_V03,-2.914,0.086,24.050,157.275,38.151,-98.807,35.967,19075.627,155337.101,20100712_062052
15,KTLX20100712_114024_V03,16.619,0.389,422.833,41.856,24.105,-96.592,36.494,12052.483,142938.829,20100712_064024
15,KTLX20100712_114517_V03,21.503,0.151,425.273,41.077,29.686,-96.578,36.498,14842.997,143817.898,20100712_064517
1,KTLX20100712_102708_V03,-56.647,0.266,334.645,131.239,21.162,-97.085,36.093,10580.956,86140.325,20100712_052708
2,KTLX20100712_102708_V03,-56.647,0.098,257.024,271.976,7.928,-97.514,35.459,3964.062,25652.810,20100712_052708
3,KTLX20100712_102708_V03,-56.647,0.074,451.136,52.685,6.799,-96.435,36.445,3399.632,144919.792,20100712_052708
4,KTLX20100712_103655_V03,-46.864,0.068,306.907,434.759,48.277,-97.240,34.726,24138.336,67467.991,20100712_053655
6,KTLX20100712_104149_V03,-41.964,0.426,444.131,210.685,16.778,-96.481,35.733,8389.050,84780.402,20100712_054149
12,KTLX20100712_112546_V03,1.986,0.063,455.496,317.499,15.444,-96.423,35.251,7721.840,78238.612,20100712_062546
14,KTLX20100712_113532_V03,11.753,0.051,226.706,144.423,2.374,-97.684,36.033,1187.225,85988.524,20100712_063532
16,KTLX20100712_114024_V03,16.619,0.106,298.658,142.452,5.141,-97.285,36.043,2570.610,78776.754,20100712_064024
17,KTLX20100712_114517_V03,21.503,0.067,276.053,133.487,2.504,-97.410,36.083,1251.907,84112.879,20100712_064517
18,KTLX20100712_115955_V03,36.136,0.204,139.537,462.538,4.392,-98.152,34.597,2195.789,114200.312,20100712_065955
20,KTLX20100712_115955_V03,36.136,0.058,469.378,298.522,22.230,-96.346,35.336,11114.937,84692.098,20100712_065955
21,KTLX20100712_120941_V03,45.903,0.172,513.883,317.401,21.594,-96.102,35.249,10796.940,107294.822,20100712_070941
22,KTLX20100712_120941_V03,45.903,0.167,394.827,367.227,80.369,-96.758,35.029,40184.303,58119.721,20100712_070941
2,KTLX20100713_110045_V03,-23.654,0.196,261.212,264.946,8.353,-97.491,35.491,4176.323,26140.400,20100713_060045
2,KTLX20100713_110539_V03,-18.754,0.314,261.346,264.836,13.947,-97.490,35.491,6973.620,26127.946,20100713_060539
2,KTLX20100713_111034_V03,-13.837,0.102,261.779,264.558,15.400,-97.488,35.493,7700.074,26062.167,20100713_061034
1,KTLX20100713_102631_V03,-57.887,0.052,257.299,270.700,3.179,-97.513,35.465,1589.392,25893.475,20100713_052631
3,KTLX20100713_110539_V03,-18.754,0.386,290.627,362.302,3.311,-97.329,35.052,1655.491,31501.776,20100713_060539
2,KTLX20100714_110441_V03,-20.355,0.176,257.758,261.519,10.026,-97.510,35.506,5013.096,28571.108,20100714_060441
2,KTLX20100714_111419_V03,-10.722,0.100,260.485,257.811,20.791,-97.495,35.523,10395.386,28902.103,20100714_061419
1,KTLX20100714_102606_V03,-58.939,0.052,257.411,270.511,2.788,-97.512,35.466,1393.995,25901.083,20100714_052606
2,KTLX20100715_110450_V03,-20.852,0.057,257.908,265.405,7.904,-97.509,35.489,3951.984,27241.964,20100715_060450
2,KTLX20100715_110943_V03,-15.968,0.093,258.484,264.594,14.719,-97.506,35.492,7359.275,27281.608,20100715_060943
7,KTLX20100715_120816_V03,42.582,0.151,391.248,99.059,10.258,-96.770,36.238,5128.979,110344.289,20100715_070816
7,KTLX20100715_121309_V03,47.465,0.139,391.853,97.497,15.807,-96.767,36.245,7903.685,111180.554,20100715_071309
7,KTLX20100715_121801_V03,52.332,0.066,395.588,91.773,12.982,-96.746,36.270,6491.196,114559.512,20100715_071801
1,KTLX20100715_103040_V03,-55.018,0.166,269.398,200.289,7.043,-97.447,35.782,3521.343,52150.630,20100715_053040
3,KTLX20100715_110943_V03,-15.968,0.052,289.029,364.493,2.792,-97.338,35.042,1396.061,32709.657,20100715_060943
4,KTLX20100715_112421_V03,-1.335,0.060,264.471,260.539,24.077,-97.473,35.511,12038.397,26549.340,20100715_062421
5,KTLX20100715_113406_V03,8.415,0.055,278.652,166.345,17.067,-97.396,35.935,8533.718,67674.347,20100715_063406
6,KTLX20100715_113858_V03,13.282,0.073,301.572,162.275,7.144,-97.269,35.954,3571.808,68867.002,20100715_063858
8,KTLX20100715_120816_V03,42.582,0.064,254.929,71.555,28.662,-97.529,36.362,14331.009,116424.418,20100715_070816
9,KTLX20100715_120816_V03,42.582,0.057,449.511,87.558,2.446,-96.445,36.288,1222.874,129889.391,20100715_070816
11,KTLX20100715_122254_V03,57.215,0.137,401.812,115.175,8.297,-96.712,36.165,4148.293,105506.009,20100715_072254
12,KTLX20100715_122254_V03,57.215,0.093,426.793,135.758,2.861,-96.574,36.071,1430.336,103744.815,20100715_072254
13,KTLX20100715_122747_V03,62.098,0.309,373.270,167.816,5.243,-96.872,35.928,2621.643,75566.447,20100715_072747
2,KTLX20100716_110127_V03,-24.892,0.472,257.100,268.854,10.218,-97.514,35.473,5109.249,26506.906,20100716_060127
2,KTLX20100716_110621_V03,-19.992,0.449,258.306,267.639,16.341,-97.507,35.479,8170.738,26389.541,20100716_060621
2,KTLX20100716_111557_V03,-10.392,0.238,260.913,273.036,19.274,-97.493,35.454,9637.119,23742.725,20100716_061557
2,KTLX20100716_112534_V03,-0.775,0.069,261.130,275.437,22.739,-97.492,35.444,11369.418,22990.081,20100716_062534
1,KTLX20100716_102720_V03,-59.009,0.123,278.392,133.479,2.720,-97.397,36.083,1360.100,83958.749,20100716_052720
4,KTLX20100716_110621_V03,-19.992,0.201,387.136,500.075,17.017,-96.804,34.430,8508.698,109113.187,20100716_060621
4,KTLX20100716_111557_V03,-10.392,-1.000,387.136,500.075,32.281,-96.804,34.430,16140.698,109113.187,20100716_061557
4,KTLX20100716_112534_V03,-0.775,0.134,394.696,490.654,24.204,-96.762,34.473,12102.150,106438.070,20100716_062534
5,KTLX20100716_111557_V03,-10.392,0.104,544.141,107.420,32.488,-95.920,36.193,16243.828,155476.578,20100716_061557
6,KTLX20100716_111557_V03,-10.392,0.064,394.318,333.397,12.997,-96.760,35.181,6498.314,50027.852,20100716_061557
7,KTLX20100717_115314_V03,26.224,0.132,195.693,297.007,4.577,-97.851,35.345,2288.509,52175.024,20100717_065314
7,KTLX20100717_115807_V03,31.108,0.149,196.695,296.763,11.151,-97.846,35.346,5575.480,51677.864,20100717_065807
7,KTLX20100717_120259_V03,35.974,0.166,200.229,295.212,13.758,-97.826,35.353,6878.980,49943.138,20100717_070259
1,KTLX20100717_110425_V03,-22.592,0.128,259.344,271.178,8.587,-97.501,35.463,4293.539,24918.251,20100717_060425
2,KTLX20100717_110425_V03,-22.592,0.093,412.275,421.896,6.421,-96.664,34.782,3210.348,82861.548,20100717_060425
3,KTLX20100717_110918_V03,-17.709,0.375,289.938,368.656,8.574,-97.333,35.024,4286.972,34694.877,20100717_060918
5,KTLX20100717_111904_V03,-7.942,0.111,400.934,328.529,8.409,-96.723,35.203,4204.624,52444.384,20100717_061904
6,KTLX20100717_112357_V03,-3.059,0.154,267.669,271.980,24.611,-97.456,35.459,12305.290,21391.680,20100717_062357
8,KTLX20100717_115807_V03,31.108,0.102,286.512,33.094,5.941,-97.353,36.536,2970.669,133623.412,20100717_065807
3,KTLX20100718_110901_V03,-18.669,0.058,255.744,270.017,11.595,-97.521,35.468,5797.421,26728.229,20100718_060901
3,KTLX20100718_111354_V03,-13.786,0.211,256.972,269.576,18.611,-97.515,35.470,9305.589,26348.845,20100718_061354
5,KTLX20100718_115747_V03,30.098,0.056,477.301,511.486,29.554,-96.314,34.376,14776.938,137987.280,20100718_065747
5,KTLX20100718_120240_V03,34.981,-1.000,477.301,511.486,37.318,-96.314,34.376,18659.188,137987.280,20100718_070240
5,KTLX20100718_120733_V03,39.864,0.060,477.307,500.655,37.090,-96.313,34.425,18544.849,133884.408,20100718_070733
1,KTLX20100718_103945_V03,-47.936,0.055,30.996,262.142,6.702,-98.760,35.495,3351.080,135827.255,20100718_053945
2,KTLX20100718_110409_V03,-23.536,0.093,118.108,135.153,11.925,-98.287,36.072,5962.559,122739.049,20100718_060409
4,KTLX20100718_112339_V03,-4.036,0.077,419.555,422.737,29.537,-96.624,34.778,14768.354,85670.663,20100718_062339
1,KTLX20100719_110123_V03,-26.988,0.215,258.897,267.591,8.184,-97.504,35.479,4092.207,26171.543,20100719_060123
1,KTLX20100719_111102_V03,-17.338,0.398,260.972,266.676,19.474,-97.493,35.483,9737.018,25659.576,20100719_061102
1,KTLX20100719_112041_V03,-7.688,0.233,263.119,270.011,23.990,-97.481,35.468,11994.912,23767.252,20100719_062041
4,KTLX20100719_114938_V03,21.262,0.080,332.436,420.700,11.260,-97.100,34.789,5629.890,62491.159,20100719_064938
4,KTLX20100719_115918_V03,30.929,0.150,332.759,421.287,19.271,-97.099,34.786,9635.618,62816.394,20100719_065918
4,KTLX20100719_120857_V03,40.579,0.180,333.707,418.872,16.470,-97.093,34.797,8234.871,61779.080,20100719_070857
2,KTLX20100719_111102_V03,-17.338,0.095,290.378,360.865,5.318,-97.330,35.059,2659.084,30810.518,20100719_061102
3,KTLX20100719_113959_V03,11.612,0.051,198.485,293.700,5.486,-97.836,35.360,2743.116,50855.009,20100719_063959
1,KTLX20100720_110741_V03,-21.382,0.399,257.490,268.048,10.578,-97.512,35.477,5289.070,26589.645,20100720_060741
1,KTLX20100720_111720_V03,-11.732,0.057,258.900,270.389,26.485,-97.504,35.466,13242.263,25327.706,20100720_061720
1,KTLX20100720_112659_V03,-2.082,0.234,264.339,260.740,29.196,-97.474,35.510,14597.944,26519.194,20100720_062659
1,KTLX20100720_113639_V03,7.585,0.251,267.082,251.661,35.767,-97.459,35.551,17883.480,29241.478,20100720_063639
3,KTLX20100720_112659_V03,-2.082,0.577,323.087,420.461,10.520,-97.151,34.790,5259.996,61326.729,20100720_062659
3,KTLX20100720_113639_V03,7.585,0.627,327.739,415.424,19.341,-97.126,34.813,9670.565,59355.059,20100720_063639
3,KTLX20100720_114618_V03,17.235,0.061,324.470,401.612,30.110,-97.144,34.875,15054.754,52258.484,20100720_064618
6,KTLX20100720_113639_V03,7.585,0.057,440.762,424.631,28.408,-96.509,34.769,14204.060,94003.606,20100720_063639
1,KTLX20100721_110521_V03,-24.417,0.092,258.979,272.752,8.424,-97.503,35.456,4211.906,24623.117,20100721_060521
1,KTLX20100721_111500_V03,-14.767,0.488,260.056,269.576,19.981,-97.498,35.470,9990.337,25105.616,20100721_061500
1,KTLX20100721_112439_V03,-5.117,0.147,261.009,270.108,19.833,-97.492,35.468,9916.500,24565.571,20100721_062439
1,KTLX20100721_113418_V03,4.533,0.114,263.666,262.947,26.422,-97.478,35.500,13211.125,25947.346,20100721_063418
3,KTLX20100721_113418_V03,4.533,0.506,340.655,540.865,18.660,-97.057,34.247,9330.088,122135.994,20100721_063418
3,KTLX20100721_114358_V03,14.200,0.583,338.830,535.597,31.842,-97.067,34.271,15920.852,119387.819,20100721_064358
3,KTLX20100721_115337_V03,23.850,0.390,338.987,529.819,39.550,-97.066,34.297,19775.187,116551.150,20100721_065337
3,KTLX20100721_120317_V03,33.517,0.056,339.932,527.279,48.950,-97.061,34.309,24474.775,115380.287,20100721_070317
5,KTLX20100721_115337_V03,23.850,0.171,326.218,422.087,6.694,-97.134,34.783,3347.050,62435.073,20100721_065337
3,KTLX20100722_113254_V03,2.424,0.213,324.056,420.825,8.854,-97.146,34.788,4426.968,61598.322,20100722_063254
3,KTLX20100722_114233_V03,12.074,0.191,334.010,430.251,23.429,-97.092,34.746,11714.324,67309.216,20100722_064233
3,KTLX20100722_115213_V03,21.741,0.181,342.368,433.504,26.050,-97.046,34.731,13025.054,70032.851,20100722_065213
3,KTLX20100722_120152_V03,31.391,0.097,341.828,425.795,28.727,-97.049,34.766,14363.640,66283.436,20100722_070152
1,KTLX20100722_110355_V03,-26.559,0.304,259.662,265.637,6.098,-97.500,35.488,3048.929,26495.169,20100722_060355
1,KTLX20100722_111335_V03,-16.892,0.578,261.345,265.193,16.735,-97.490,35.490,8367.533,26008.406,20100722_061335
1,KTLX20100722_112314_V03,-7.242,0.585,262.341,271.251,22.275,-97.485,35.462,11137.547,23689.262,20100722_062314
4,KTLX20100722_114233_V03,12.074,0.088,202.724,280.829,12.395,-97.813,35.418,6197.380,49573.569,20100722_064233
4,KTLX20100722_115213_V03,21.741,0.091,212.854,289.593,27.744,-97.757,35.379,13871.872,43882.580,20100722_065213
1,KTLX20100723_110154_V03,-29.292,0.465,260.854,263.463,7.553,-97.493,35.498,3776.613,26773.947,20100723_060154
1,KTLX20100723_111133_V03,-19.642,0.607,260.118,262.698,12.693,-97.497,35.501,6346.615,27303.853,20100723_061133
1,KTLX20100723_112112_V03,-9.992,0.633,263.348,266.771,23.340,-97.479,35.483,11670.120,24736.192,20100723_062112
1,KTLX20100723_113052_V03,-0.325,0.435,264.024,261.191,31.200,-97.476,35.508,15600.240,26459.385,20100723_063052
1,KTLX20100723_114031_V03,9.325,0.192,272.930,251.266,41.234,-97.427,35.553,20616.942,27873.950,20100723_064031
5,KTLX20100723_115011_V03,18.992,0.229,316.758,431.368,15.855,-97.186,34.741,7927.368,66216.462,20100723_065011
5,KTLX20100723_115950_V03,28.642,0.583,330.831,415.981,19.802,-97.109,34.810,9900.904,60004.734,20100723_065950
5,KTLX20100723_120931_V03,38.325,0.056,340.413,416.579,21.720,-97.057,34.807,10860.110,61692.635,20100723_070931
3,KTLX20100723_114031_V03,9.325,0.736,328.739,419.187,11.082,-97.120,34.796,5541.132,61301.285,20100723_064031
3,KTLX20100723_115011_V03,18.992,0.534,331.739,414.462,18.505,-97.104,34.817,9252.729,59390.572,20100723_065011
4,KTLX20100723_114031_V03,9.325,0.125,200.314,281.443,11.073,-97.826,35.415,5536.465,50699.199,20100723_064031
1,KTLX20100724_110401_V03,-27.897,0.099,260.937,266.807,4.995,-97.493,35.482,2497.322,25630.740,20100724_060401
1,KTLX20100724_111341_V03,-18.231,0.195,263.116,263.830,16.781,-97.481,35.496,8390.347,25829.639,20100724_061341
1,KTLX20100724_112319_V03,-8.597,0.361,267.917,267.184,28.642,-97.454,35.481,14320.893,22946.973,20100724_062319
1,KTLX20100724_113259_V03,1.069,0.059,271.451,254.991,39.542,-97.435,35.536,19771.204,26649.617,20100724_063259
3,KTLX20100724_114238_V03,10.719,0.061,210.472,307.224,15.949,-97.770,35.300,7974.543,44909.469,20100724_064238
3,KTLX20100725_112007_V03,-12.526,0.356,542.414,115.044,37.189,-95.930,36.159,18594.524,152457.548,20100725_062007
3,KTLX20100725_112500_V03,-7.642,0.454,543.155,114.923,42.424,-95.926,36.160,21212.226,152788.872,20100725_062500
3,KTLX20100725_112953_V03,-2.759,0.574,545.718,114.973,43.675,-95.912,36.159,21837.479,153795.746,20100725_062953
3,KTLX20100725_113446_V03,2.124,0.634,544.744,116.369,45.727,-95.918,36.153,22863.611,152986.957,20100725_063446
3,KTLX20100725_113939_V03,7.008,0.302,545.634,118.551,52.052,-95.913,36.143,26025.865,152692.456,20100725_063939
3,KTLX20100725_114432_V03,11.891,0.089,542.010,122.528,59.399,-95.933,36.125,29699.388,150054.183,20100725_064432
4,KTLX20100725_112007_V03,-12.526,0.325,252.681,270.150,11.368,-97.538,35.467,5684.021,27973.519,20100725_062007
4,KTLX20100725_112500_V03,-7.642,0.355,251.913,270.668,18.523,-97.542,35.465,9261.660,28163.653,20100725_062500
4,KTLX20100725_112953_V03,-2.759,0.337,250.278,272.151,23.286,-97.551,35.458,11642.754,28494.963,20100725_062953
4,KTLX20100725_113446_V03,2.124,0.464,249.954,272.320,29.752,-97.553,35.457,14876.195,28595.426,20100725_063446
4,KTLX20100725_113939_V03,7.008,0.095,250.370,273.118,37.045,-97.551,35.454,18522.653,28221.616,20100725_063939
6,KTLX20100725_112953_V03,-2.759,0.532,316.891,425.495,8.251,-97.185,34.767,4125.519,63313.094,20100725_062953
6,KTLX20100725_113446_V03,2.124,0.229,316.527,425.785,14.830,-97.187,34.766,7415.120,63433.246,20100725_063446
6,KTLX20100725_113939_V03,7.008,0.052,315.279,425.985,16.362,-97.194,34.765,8180.998,63454.151,20100725_063939
1,KTLX20100725_111022_V03,-22.276,0.492,254.271,270.421,7.171,-97.529,35.466,3585.548,27231.026,20100725_061022
1,KTLX20100725_111515_V03,-17.392,0.382,254.148,270.070,13.648,-97.530,35.468,6824.001,27377.810,20100725_061515
9,KTLX20100725_115418_V03,21.658,0.102,30.477,421.942,47.332,-98.750,34.774,23666.147,147912.469,20100725_065418
9,KTLX20100725_115911_V03,26.541,0.087,30.596,421.029,54.215,-98.749,34.779,27107.526,147670.563,20100725_065911
5,KTLX20100725_112500_V03,-7.642,0.089,408.635,418.730,14.292,-96.684,34.796,7146.019,80464.786,20100725_062500
8,KTLX20100725_113939_V03,7.008,0.100,338.018,108.611,21.453,-97.066,36.195,10726.543,97564.129,20100725_063939
10,KTLX20100725_120856_V03,36.291,0.103,290.040,369.027,6.390,-97.332,35.022,3194.885,34870.746,20100725_070856
1,KTLX20100726_110451_V03,-28.526,0.298,255.814,268.427,4.871,-97.521,35.475,2435.699,27153.528,20100726_060451
1,KTLX20100726_111430_V03,-18.876,0.565,254.534,265.447,13.022,-97.528,35.489,6511.136,28552.773,20100726_061430
1,KTLX20100726_112409_V03,-9.226,0.298,251.890,262.769,18.163,-97.543,35.501,9081.749,30417.002,20100726_062409
1,KTLX20100726_113348_V03,0.424,0.558,254.989,264.760,27.569,-97.526,35.492,13784.377,28582.305,20100726_063348
1,KTLX20100726_114327_V03,10.074,0.135,258.032,260.297,32.151,-97.509,35.512,16075.654,28886.402,20100726_064327
3,KTLX20100726_112409_V03,-9.226,0.511,532.686,109.283,33.784,-95.984,36.186,16891.979,150429.339,20100726_062409
3,KTLX20100726_113348_V03,0.424,0.368,533.012,112.124,44.207,-95.983,36.173,22103.377,149659.863,20100726_063348
3,KTLX20100726_114327_V03,10.074,0.362,528.553,106.365,46.656,-96.007,36.199,23328.025,149775.723,20100726_064327
3,KTLX20100726_115306_V03,19.724,0.182,530.908,114.085,65.004,-95.994,36.164,32502.158,148225.090,20100726_065306
2,KTLX20100727_110934_V03,-24.548,0.497,257.133,270.149,7.115,-97.514,35.467,3557.623,26118.386,20100727_060934
2,KTLX20100727_111912_V03,-14.915,0.396,258.243,267.548,17.271,-97.508,35.479,8635.691,26442.472,20100727_061912
2,KTLX20100727_112850_V03,-5.282,0.479,260.531,264.993,18.312,-97.495,35.491,9156.064,26378.560,20100727_062850
2,KTLX20100727_113828_V03,4.352,0.662,263.628,263.161,29.728,-97.478,35.499,14864.174,25884.723,20100727_063828
2,KTLX20100727_114807_V03,14.002,0.093,266.977,261.407,38.705,-97.460,35.507,19352.468,25396.709,20100727_064807
1,KTLX20100727_105955_V03,-34.198,0.779,543.474,110.916,21.228,-95.924,36.178,10614.059,154136.782,20100727_055955
1,KTLX20100727_110934_V03,-24.548,0.442,543.406,111.749,26.170,-95.925,36.174,13084.843,153854.582,20100727_060934
1,KTLX20100727_111912_V03,-14.915,0.663,545.628,109.298,30.215,-95.912,36.185,15107.625,155483.418,20100727_061912
1,KTLX20100727_112850_V03,-5.282,0.128,545.164,112.082,37.605,-95.915,36.172,18802.579,154449.201,20100727_062850
4,KTLX20100727_111912_V03,-14.915,0.139,291.581,364.207,8.382,-97.324,35.044,4191.135,32378.288,20100727_061912
6,KTLX20100727_115745_V03,23.635,0.174,206.162,293.022,15.276,-97.794,35.363,7637.880,47048.661,20100727_065745
2,KTLX20100728_110839_V03,-26.209,0.243,260.136,270.442,7.570,-97.497,35.466,3785.030,24813.280,20100728_060839
2,KTLX20100728_111818_V03,-16.559,0.895,264.988,264.764,15.529,-97.470,35.492,7764.470,24836.828,20100728_061818
2,KTLX20100728_112757_V03,-6.909,0.662,260.790,273.564,24.104,-97.493,35.452,12052.153,23644.685,20100728_062757
2,KTLX20100728_113736_V03,2.741,0.065,263.516,267.259,33.291,-97.479,35.480,16645.575,24510.470,20100728_063736
1,KTLX20100728_104920_V03,-45.526,0.095,302.179,189.693,11.334,-97.265,35.830,5667.007,55164.508,20100728_054920
5,KTLX20100728_113736_V03,2.741,0.085,542.948,504.567,12.114,-95.956,34.404,6056.863,158801.217,20100728_063736
1,KTLX20100729_110647_V03,-28.824,0.241,259.880,270.631,5.919,-97.499,35.465,2959.564,24860.378,20100729_060647
1,KTLX20100729_111626_V03,-19.174,0.107,261.046,272.310,20.233,-97.492,35.458,10116.502,23896.522,20100729_061626
1,KTLX20100729_112606_V03,-9.507,0.611,263.489,272.028,25.339,-97.479,35.459,12669.381,22997.200,20100729_062606
1,KTLX20100729_113545_V03,0.143,0.714,265.091,261.743,26.293,-97.470,35.505,13146.345,25894.959,20100729_063545
3,KTLX20100729_111626_V03,-19.174,0.436,537.370,98.495,17.502,-95.957,36.234,8751.003,155683.059,20100729_061626
3,KTLX20100729_112606_V03,-9.507,0.403,541.718,101.713,36.954,-95.933,36.219,18476.923,156321.078,20100729_062606
3,KTLX20100729_113545_V03,0.143,0.252,538.631,101.723,44.245,-95.951,36.219,22122.560,155127.824,20100729_063545
3,KTLX20100729_114524_V03,9.793,0.117,532.701,96.762,50.538,-95.983,36.242,25269.105,154479.549,20100729_064524
5,KTLX20100729_114524_V03,9.793,0.120,322.209,429.868,6.257,-97.156,34.748,3128.691,65876.609,20100729_064524
5,KTLX20100729_115504_V03,19.459,0.059,322.397,432.547,15.931,-97.155,34.736,7965.611,67213.193,20100729_065504
5,KTLX20100729_120443_V03,29.109,-1.000,322.574,435.061,25.931,-97.154,34.724,12965.735,68467.199,20100729_070443
5,KTLX20100729_121423_V03,38.776,0.083,341.133,426.141,24.088,-97.053,34.764,12044.033,66338.825,20100729_071423
7,KTLX20100729_120443_V03,29.109,0.118,330.593,431.118,11.406,-97.110,34.742,5702.976,67320.036,20100729_070443
8,KTLX20100729_124320_V03,67.726,0.160,301.373,224.988,5.636,-97.270,35.671,2818.058,37512.512,20100729_074320
1,KTLX20100730_110954_V03,-26.459,0.555,261.342,268.560,7.892,-97.490,35.475,3945.805,24914.502,20100730_060954
1,KTLX20100730_111934_V03,-16.793,0.467,265.456,263.671,19.112,-97.468,35.497,9556.197,25065.046,20100730_061934
1,KTLX20100730_112913_V03,-7.143,0.372,262.074,274.055,25.382,-97.486,35.450,12691.160,22975.847,20100730_062913
2,KTLX20100730_111934_V03,-16.793,0.054,297.403,368.847,10.724,-97.292,35.023,5362.133,34447.975,20100730_061934
3,KTLX20100730_115811_V03,21.824,0.068,383.708,22.973,10.585,-96.810,36.581,5292.461,144698.940,20100730_065811
4,KTLX20100730_122709_V03,50.791,0.055,23.723,125.008,13.532,-98.812,36.112,6765.823,163516.729,20100730_072709
1,KTLX20100731_110820_V03,-28.782,0.120,259.890,270.031,5.700,-97.498,35.468,2850.176,25034.789,20100731_060820
1,KTLX20100731_111800_V03,-19.115,0.355,260.543,267.915,14.043,-97.495,35.477,7021.302,25428.175,20100731_061800
1,KTLX20100731_112739_V03,-9.465,0.777,261.469,269.030,20.702,-97.490,35.472,10350.913,24717.299,20100731_062739
1,KTLX20100731_113718_V03,0.185,0.463,265.181,263.916,28.251,-97.469,35.496,14125.441,25071.886,20100731_063718
2,KTLX20100731_111800_V03,-19.115,0.626,288.370,363.986,9.298,-97.341,35.045,4649.151,32516.912,20100731_061800
2,KTLX20100731_112739_V03,-9.465,0.220,291.240,364.442,17.211,-97.326,35.043,8605.258,32517.431,20100731_062739
5,KTLX20100731_112739_V03,-9.465,0.135,545.612,109.891,23.103,-95.912,36.182,11551.617,155295.267,20100731_062739
5,KTLX20100731_113718_V03,0.185,0.068,545.817,110.314,35.455,-95.911,36.180,17727.337,155247.301,20100731_063718
1,KTLX20100801_111202_V03,-25.841,0.367,256.738,268.994,6.618,-97.516,35.473,3308.895,26612.871,20100801_061202
1,KTLX20100801_112139_V03,-16.225,0.228,256.310,267.896,15.072,-97.518,35.478,7536.071,27108.444,20100801_062139
1,KTLX20100801_113116_V03,-6.608,-1.000,255.909,266.864,23.943,-97.520,35.482,11971.496,27577.179,20100801_063116
1,KTLX20100801_114053_V03,3.009,0.387,253.350,269.857,23.807,-97.534,35.469,11903.298,27770.509,20100801_064053
3,KTLX20100801_113116_V03,-6.608,0.448,253.469,267.906,12.575,-97.534,35.477,6287.287,28262.611,20100801_063116
2,KTLX20100802_111223_V03,-26.253,0.436,258.586,268.103,12.089,-97.506,35.477,6044.542,26136.792,20100802_061223
2,KTLX20100802_112202_V03,-16.603,0.489,260.276,268.238,20.928,-97.496,35.476,10463.968,25430.140,20100802_062202
2,KTLX20100802_113141_V03,-6.953,0.176,262.826,265.734,25.075,-97.482,35.487,12537.285,25278.519,20100802_063141
2,KTLX20100802_114119_V03,2.680,0.090,269.393,253.096,33.579,-97.446,35.544,16789.693,28003.635,20100802_064119
4,KTLX20100802_114119_V03,2.680,0.575,146.592,108.733,9.072,-98.130,36.192,4536.247,122594.045,20100802_064119
4,KTLX20100802_115058_V03,12.330,0.075,144.045,108.909,17.820,-98.144,36.191,8909.757,123326.437,20100802_065058
1,KTLX20100802_105305_V03,-45.553,0.098,31.490,255.546,11.152,-98.758,35.524,5575.831,136082.484,20100802_055305
1,KTLX20100803_111938_V03,-19.768,0.361,265.469,260.626,13.947,-97.468,35.510,6973.637,26185.393,20100803_061938
1,KTLX20100803_112917_V03,-10.118,0.059,263.110,264.439,26.898,-97.481,35.493,13449.247,25619.562,20100803_062917
1,KTLX20100803_113856_V03,-0.468,0.281,271.098,259.087,32.121,-97.437,35.517,16060.439,25045.929,20100803_063856
2,KTLX20100803_111938_V03,-19.768,0.076,294.027,365.988,6.546,-97.310,35.036,3273.207,33128.946,20100803_061938
2,KTLX20100803_112917_V03,-10.118,0.332,296.100,364.941,18.146,-97.299,35.040,9073.221,32529.175,20100803_062917
2,KTLX20100803_113856_V03,-0.468,-1.000,298.048,363.958,29.973,-97.288,35.045,14986.534,31993.876,20100803_063856
2,KTLX20100803_114835_V03,9.182,0.068,297.503,366.774,12.708,-97.291,35.032,6354.099,33410.155,20100803_064835
6,KTLX20100803_123650_V03,57.432,0.152,28.055,238.744,45.172,-98.778,35.600,22586.164,139379.193,20100803_073650
6,KTLX20100803_124630_V03,67.098,0.060,27.417,242.062,52.707,-98.781,35.585,26353.593,139335.994,20100803_074630
5,KTLX20100803_122711_V03,47.782,0.065,45.811,341.099,28.778,-98.672,35.140,14389.099,128745.130,20100803_072711
7,KTLX20100803_123650_V03,57.432,0.095,202.553,290.947,5.904,-97.814,35.373,2951.805,48933.180,20100803_073650
1,KTLX20100804_111220_V03,-27.835,0.356,260.506,267.813,6.716,-97.495,35.478,3358.200,25474.081,20100804_061220
1,KTLX20100804_112159_V03,-18.185,0.107,260.860,266.884,14.522,-97.493,35.482,7261.039,25634.882,20100804_062159
1,KTLX20100804_113139_V03,-8.519,0.699,264.542,268.125,23.450,-97.473,35.477,11725.250,23839.595,20100804_063139
1,KTLX20100804_114118_V03,1.131,0.426,267.719,259.552,33.334,-97.455,35.515,16666.908,25875.349,20100804_064118
1,KTLX20100804_115057_V03,10.781,0.133,275.984,251.073,47.682,-97.410,35.553,23841.015,27251.454,20100804_065057
3,KTLX20100804_112159_V03,-18.185,0.289,548.059,95.084,14.737,-95.898,36.249,7368.713,160875.851,20100804_062159
3,KTLX20100804_113139_V03,-8.519,0.089,550.830,94.700,27.546,-95.882,36.250,13772.871,162067.599,20100804_063139
3,KTLX20100804_114118_V03,1.131,-1.000,553.428,94.340,40.486,-95.868,36.252,20243.134,163188.493,20100804_064118
3,KTLX20100804_115057_V03,10.781,0.140,547.663,86.879,41.191,-95.899,36.286,20595.440,163368.884,20100804_065057
3,KTLX20100805_112315_V03,-17.688,0.417,545.629,114.045,19.025,-95.913,36.163,9512.287,154039.915,20100805_062315
3,KTLX20100805_112808_V03,-12.804,0.384,549.224,116.237,28.669,-95.893,36.153,14334.661,154823.541,20100805_062808
3,KTLX20100805_113301_V03,-7.921,0.199,554.654,119.611,34.395,-95.863,36.138,17197.710,156035.915,20100805_063301
3,KTLX20100805_113754_V03,-3.038,0.203,557.479,123.186,43.904,-95.847,36.121,21952.230,156171.994,20100805_063754
3,KTLX20100805_114246_V03,1.829,0.269,559.196,116.490,47.894,-95.837,36.151,23946.893,158791.141,20100805_064246
3,KTLX20100805_114739_V03,6.712,0.144,556.738,118.278,48.727,-95.851,36.144,24363.595,157271.756,20100805_064739
10,KTLX20100805_114739_V03,6.712,0.585,325.684,65.119,7.828,-97.134,36.391,3913.837,118140.755,20100805_064739
10,KTLX20100805_115232_V03,11.596,0.395,325.946,65.874,14.274,-97.133,36.388,7137.163,117779.685,20100805_065232
12,KTLX20100805_115724_V03,16.462,0.059,354.732,31.961,13.075,-96.972,36.541,6537.651,136785.087,20100805_065724
12,KTLX20100805_120217_V03,21.346,0.066,354.594,32.219,20.088,-96.973,36.539,10044.201,136644.606,20100805_070217
2,KTLX20100805_111823_V03,-22.554,0.074,255.161,272.839,5.338,-97.524,35.455,2668.995,26211.702,20100805_061823
5,KTLX20100805_112808_V03,-12.804,0.052,273.208,27.849,28.151,-97.427,36.559,14075.382,136733.367,20100805_062808
11,KTLX20100805_115724_V03,16.462,0.088,177.355,73.370,67.108,-97.961,36.352,33554.066,128843.874,20100805_065724
13,KTLX20100805_122147_V03,40.846,0.108,138.774,117.697,26.984,-98.173,36.151,13491.846,121684.408,20100805_072147
13,KTLX20100805_122639_V03,45.712,0.305,149.648,111.814,22.769,-98.113,36.178,11384.599,120436.351,20100805_072639
16,KTLX20100805_124118_V03,60.362,0.108,241.186,41.708,34.931,-97.606,36.497,17465.570,132451.941,20100805_074118
18,KTLX20100805_125556_V03,74.996,0.076,244.887,100.051,63.703,-97.584,36.234,31851.585,103702.807,20100805_075556
3,KTLX20100806_111943_V03,-21.992,0.174,255.115,268.314,6.290,-97.525,35.476,3144.838,27471.123,20100806_061943
3,KTLX20100806_112436_V03,-17.108,0.431,254.345,268.271,13.755,-97.529,35.476,6877.587,27798.808,20100806_062436
3,KTLX20100806_112928_V03,-12.242,0.254,252.273,269.622,15.591,-97.540,35.470,7795.410,28287.250,20100806_062928
3,KTLX20100806_113421_V03,-7.358,0.205,252.430,270.868,17.563,-97.540,35.464,8781.428,27890.885,20100806_063421
3,KTLX20100806_113914_V03,-2.475,0.149,249.166,271.124,19.943,-97.558,35.463,9971.413,29231.632,20100806_063914
3,KTLX20100806_114407_V03,2.408,0.057,249.861,277.515,26.233,-97.554,35.434,13116.518,27475.073,20100806_064407
5,KTLX20100806_113421_V03,-7.358,0.074,522.174,106.835,43.812,-96.042,36.197,21905.991,147202.151,20100806_063421
5,KTLX20100806_113914_V03,-2.475,0.231,521.885,108.991,51.420,-96.044,36.188,25709.916,146387.816,20100806_063914
5,KTLX20100806_114407_V03,2.408,0.286,523.773,111.849,54.875,-96.034,36.175,27437.449,146180.929,20100806_064407
5,KTLX20100806_114900_V03,7.292,0.118,522.965,107.707,56.186,-96.038,36.193,28092.836,147215.888,20100806_064900
2,KTLX20100806_111448_V03,-26.908,0.190,414.788,524.633,6.389,-96.654,34.319,3194.273,126131.255,20100806_061448
2,KTLX20100806_111943_V03,-21.992,0.179,415.549,524.785,12.118,-96.650,34.318,6059.115,126372.405,20100806_061943
6,KTLX20100806_114407_V03,2.408,0.130,315.760,426.938,10.642,-97.191,34.761,5320.839,63956.113,20100806_064407
6,KTLX20100806_114900_V03,7.292,0.397,315.638,426.805,16.321,-97.192,34.762,8160.415,63882.693,20100806_064900
6,KTLX20100806_115352_V03,12.158,0.389,316.753,427.884,14.107,-97.186,34.757,7053.339,64488.581,20100806_065352
6,KTLX20100806_115845_V03,17.042,0.493,317.298,427.795,19.201,-97.183,34.757,9600.720,64480.104,20100806_065845
7,KTLX20100806_114900_V03,7.292,0.185,189.600,295.890,13.054,-97.885,35.350,6527.239,55238.117,20100806_064900
7,KTLX20100806_115352_V03,12.158,0.156,190.086,295.577,18.855,-97.882,35.351,9427.646,55001.537,20100806_065352
11,KTLX20100806_124246_V03,61.058,0.052,450.433,492.683,33.324,-96.459,34.462,16662.014,122225.845,20100806_074246
11,KTLX20100806_124738_V03,65.925,0.076,450.848,489.814,38.434,-96.457,34.475,19217.063,121227.476,20100806_074738
13,KTLX20100806_125724_V03,75.692,0.064,428.099,413.355,30.553,-96.577,34.820,15276.386,85525.698,20100806_075724
13,KTLX20100806_130216_V03,80.558,0.224,425.764,412.650,36.557,-96.590,34.823,18278.345,84419.490,20100806_080216
9,KTLX20100806_121328_V03,31.758,0.064,391.117,188.791,30.350,-96.773,35.833,15175.163,71884.805,20100806_071328
10,KTLX20100806_122313_V03,41.508,0.071,338.451,425.210,30.920,-97.067,34.769,15460.176,65490.465,20100806_072313
12,KTLX20100806_125231_V03,70.808,0.358,321.415,95.945,24.680,-97.158,36.253,12340.145,102587.724,20100806_075231
2,KTLX20100807_111552_V03,-26.614,0.324,257.317,270.269,6.193,-97.513,35.467,3096.539,26008.274,20100807_061552
2,KTLX20100807_112044_V03,-21.747,0.304,257.195,270.085,11.561,-97.513,35.468,5780.330,26111.323,20100807_062044
2,KTLX20100807_112537_V03,-16.864,0.527,257.081,268.522,12.982,-97.514,35.475,6491.196,26612.405,20100807_062537
2,KTLX20100807_113030_V03,-11.980,0.450,257.261,268.760,15.466,-97.513,35.474,7732.803,26469.479,20100807_063030
2,KTLX20100807_113522_V03,-7.114,0.294,257.303,268.695,17.540,-97.513,35.474,8769.868,26471.764,20100807_063522
2,KTLX20100807_114015_V03,-2.230,0.638,260.838,268.644,23.417,-97.493,35.474,11708.316,25084.034,20100807_064015
2,KTLX20100807_114508_V03,2.653,0.719,258.799,269.210,30.769,-97.504,35.472,15384.297,25717.402,20100807_064508
2,KTLX20100807_115001_V03,7.536,0.693,262.672,269.755,37.048,-97.483,35.469,18523.856,24021.733,20100807_065001
2,KTLX20100807_115453_V03,12.403,0.210,261.315,267.606,41.091,-97.491,35.479,20545.538,25228.676,20100807_065453
1,KTLX20100807_104636_V03,-55.880,0.086,408.533,482.785,7.334,-96.687,34.508,3667.011,106289.652,20100807_054636
5,KTLX20100807_114508_V03,2.653,0.060,26.359,255.438,21.533,-98.786,35.524,10766.318,138622.860,20100807_064508
6,KTLX20100807_114508_V03,2.653,0.052,530.398,93.599,39.158,-95.996,36.256,19579.121,154664.851,20100807_064508
7,KTLX20100807_115946_V03,17.286,0.106,289.207,475.216,16.276,-97.336,34.543,8137.965,87773.956,20100807_065946
2,KTLX20100808_111800_V03,-25.253,0.312,259.766,269.041,7.546,-97.499,35.472,3773.184,25382.977,20100808_061800
2,KTLX20100808_112253_V03,-20.370,0.080,259.858,268.779,15.613,-97.499,35.474,7806.355,25427.028,20100808_062253
2,KTLX20100808_112745_V03,-15.503,0.370,262.697,268.925,20.507,-97.483,35.473,10253.429,24275.485,20100808_062745
2,KTLX20100808_113238_V03,-10.620,0.074,263.805,270.518,23.366,-97.477,35.466,11682.974,23341.183,20100808_063238
1,KTLX20100808_111307_V03,-30.137,0.066,536.639,113.486,10.505,-95.962,36.166,5252.525,150652.998,20100808_061307
1,KTLX20100808_111800_V03,-25.253,0.063,537.660,113.269,18.424,-95.957,36.167,9212.156,151121.561,20100808_061800
5,KTLX20100808_123110_V03,47.913,0.057,153.011,100.084,5.038,-98.095,36.231,2518.757,124068.644,20100808_073110
1,KTLX20100809_111031_V03,-33.510,0.057,261.161,269.445,2.696,-97.491,35.471,1347.816,24708.791,20100809_061031
1,KTLX20100809_112010_V03,-23.860,0.211,259.489,269.428,15.466,-97.501,35.471,7732.949,25375.836,20100809_062010
1,KTLX20100809_112948_V03,-14.227,0.790,263.881,267.671,22.503,-97.476,35.479,11251.608,24237.269,20100809_062948
1,KTLX20100809_113927_V03,-4.577,0.623,267.816,260.050,33.512,-97.455,35.513,16756.219,25650.402,20100809_063927
1,KTLX20100809_114906_V03,5.073,0.226,271.899,252.709,44.690,-97.432,35.546,22344.952,27504.898,20100809_064906
4,KTLX20100809_114906_V03,5.073,0.134,27.769,414.947,55.143,-98.765,34.806,27571.697,147752.013,20100809_064906
5,KTLX20100809_115845_V03,14.723,0.072,191.505,290.604,4.818,-97.874,35.374,2408.857,54450.432,20100809_065845
1,KTLX20100810_111842_V03,-26.100,0.356,259.060,269.923,7.148,-97.503,35.468,3573.841,25400.472,20100810_061842
1,KTLX20100810_112821_V03,-16.450,0.597,263.775,265.562,18.141,-97.477,35.488,9070.254,24990.956,20100810_062821
1,KTLX20100810_113800_V03,-6.800,0.195,265.931,271.139,25.144,-97.465,35.463,12571.841,22325.487,20100810_063800
1,KTLX20100810_114739_V03,2.850,0.083,267.845,259.899,38.714,-97.455,35.514,19357.205,25700.352,20100810_064739
5,KTLX20100810_115718_V03,12.500,0.063,112.765,82.925,4.073,-98.320,36.307,2036.305,143334.099,20100810_065718
5,KTLX20100810_120657_V03,22.150,0.058,113.647,83.371,12.886,-98.315,36.305,6442.967,142877.117,20100810_070657
4,KTLX20100810_115718_V03,12.500,0.607,52.528,333.150,8.598,-98.636,35.176,4298.996,124841.043,20100810_065718
1,KTLX20100811_111847_V03,-26.790,0.201,259.875,267.665,8.133,-97.499,35.479,4066.612,25766.047,20100811_061847
1,KTLX20100811_112825_V03,-17.157,0.316,260.663,268.588,17.757,-97.494,35.474,8878.581,25170.181,20100811_062825
1,KTLX20100811_113805_V03,-7.490,0.292,259.045,271.358,20.648,-97.503,35.462,10323.883,24988.462,20100811_063805
1,KTLX20100811_114743_V03,2.143,-1.000,257.746,273.866,24.473,-97.510,35.451,12236.527,24841.390,20100811_064743
1,KTLX20100811_115723_V03,11.810,0.068,261.822,249.391,40.839,-97.488,35.561,20419.360,31697.354,20100811_065723
3,KTLX20100811_114743_V03,2.143,0.123,540.131,101.042,31.977,-95.942,36.222,15988.514,155922.422,20100811_064743
1,KTLX20100812_111433_V03,-31.796,0.173,261.415,272.549,7.967,-97.490,35.457,3983.322,23677.048,20100812_061433
1,KTLX20100812_112412_V03,-22.146,0.337,261.823,269.770,16.209,-97.488,35.469,8104.483,24347.999,20100812_062412
1,KTLX20100812_113351_V03,-12.496,0.641,261.109,270.218,16.631,-97.492,35.467,8315.440,24492.248,20100812_063351
1,KTLX20100812_114329_V03,-2.863,0.296,261.491,270.638,28.289,-97.490,35.465,14144.499,24212.848,20100812_064329
1,KTLX20100812_115308_V03,6.787,0.368,265.483,259.675,37.880,-97.468,35.515,18940.130,26540.411,20100812_065308
1,KTLX20100813_111347_V03,-33.335,0.060,261.331,270.686,2.571,-97.491,35.465,1285.477,24262.058,20100813_061347
1,KTLX20100813_112325_V03,-23.702,0.119,261.169,269.221,15.327,-97.491,35.472,7663.684,24774.779,20100813_062325
1,KTLX20100813_113303_V03,-14.069,0.395,261.430,268.808,16.310,-97.490,35.473,8154.874,24802.062,20100813_063303
4,KTLX20100813_115220_V03,5.215,0.131,547.408,85.418,36.640,-95.900,36.292,18320.114,163750.025,20100813_065220
4,KTLX20100813_120158_V03,14.848,0.130,543.383,81.128,45.529,-95.922,36.312,22764.412,163661.177,20100813_070158
4,KTLX20100813_121136_V03,24.481,0.063,539.926,79.925,51.005,-95.942,36.317,25502.621,162786.105,20100813_071136
3,KTLX20100813_114241_V03,-4.435,0.057,243.065,409.484,11.391,-97.589,34.839,5695.641,61701.446,20100813_064241
5,KTLX20100813_115220_V03,5.215,0.083,292.689,217.603,15.253,-97.318,35.704,7626.442,41360.267,20100813_065220
6,KTLX20100813_122115_V03,34.131,0.074,544.311,463.788,8.718,-95.946,34.588,4359.179,147066.684,20100813_072115
2,KTLX20100814_112005_V03,-27.807,0.162,261.302,271.522,3.159,-97.491,35.461,1579.479,24023.442,20100814_062005
2,KTLX20100814_112457_V03,-22.940,0.317,260.978,271.427,10.197,-97.492,35.462,5098.300,24182.180,20100814_062457
2,KTLX20100814_112950_V03,-18.057,0.527,264.203,264.687,13.644,-97.475,35.492,6821.964,25141.458,20100814_062950
2,KTLX20100814_113442_V03,-13.190,0.463,263.636,266.132,15.546,-97.478,35.486,7772.797,24846.447,20100814_063442
2,KTLX20100814_113933_V03,-8.340,-1.000,263.921,265.684,18.098,-97.476,35.488,9048.985,24896.115,20100814_063933
2,KTLX20100814_114427_V03,-3.440,0.086,274.649,261.402,32.110,-97.417,35.507,16055.046,23089.330,20100814_064427
1,KTLX20100814_110038_V03,-47.257,0.163,411.694,214.327,7.171,-96.660,35.718,3585.663,70383.514,20100814_060038
1,KTLX20100814_110529_V03,-42.407,0.104,410.461,213.519,14.352,-96.667,35.721,7176.097,70144.051,20100814_060529
7,KTLX20100814_114920_V03,1.443,0.352,292.091,226.963,12.586,-97.321,35.662,6293.068,36731.852,20100814_064920
7,KTLX20100814_115412_V03,6.310,0.272,293.549,226.929,19.758,-97.313,35.662,9879.072,36677.539,20100814_065412
4,KTLX20100814_113442_V03,-13.190,0.199,353.825,274.895,6.143,-96.981,35.446,3071.697,29695.794,20100814_063442
8,KTLX20100814_130718_V03,79.410,0.602,103.968,55.933,14.144,-98.370,36.428,7071.926,156522.476,20100814_080718
6,KTLX20100815_112616_V03,-22.393,0.060,251.424,270.578,8.233,-97.545,35.465,4116.602,28395.523,20100815_062616
6,KTLX20100815_113108_V03,-17.527,0.166,251.294,269.954,14.543,-97.546,35.468,7271.636,28613.956,20100815_063108
6,KTLX20100815_113600_V03,-12.660,0.064,248.253,269.003,17.743,-97.563,35.472,8871.637,30160.071,20100815_063600
6,KTLX20100815_114053_V03,-7.777,0.071,246.346,269.112,17.628,-97.573,35.472,8813.946,30955.074,20100815_064053
6,KTLX20100815_114545_V03,-2.910,0.075,247.822,267.421,22.471,-97.565,35.480,11235.547,30756.528,20100815_064545
3,KTLX20100815_112616_V03,-22.393,0.237,395.117,97.343,23.354,-96.748,36.245,11677.086,111934.351,20100815_062616
3,KTLX20100815_113108_V03,-17.527,0.126,394.469,98.032,30.718,-96.752,36.242,15359.005,111484.764,20100815_063108
3,KTLX20100815_113600_V03,-12.660,0.107,395.620,100.867,33.701,-96.746,36.229,16850.386,110450.328,20100815_063600
2,KTLX20100815_112122_V03,-27.293,0.056,292.187,368.203,2.519,-97.320,35.026,1259.264,34324.677,20100815_062122
2,KTLX20100815_112616_V03,-22.393,0.099,292.286,368.602,8.593,-97.320,35.024,4296.274,34517.308,20100815_062616
4,KTLX20100815_112616_V03,-22.393,0.110,272.964,351.058,3.190,-97.426,35.103,1594.975,28887.065,20100815_062616
4,KTLX20100815_113108_V03,-17.527,0.101,272.602,351.174,9.434,-97.428,35.102,4716.965,29023.211,20100815_063108
5,KTLX20100815_112616_V03,-22.393,0.104,308.712,153.002,6.877,-97.229,35.995,3438.599,73628.041,20100815_062616
5,KTLX20100815_113108_V03,-17.527,0.090,309.311,153.263,12.873,-97.226,35.994,6436.497,73515.825,20100815_063108
11,KTLX20100815_114545_V03,-2.910,0.419,394.227,141.378,2.261,-96.755,36.047,1130.669,92249.367,20100815_064545
11,KTLX20100815_115037_V03,1.957,0.420,394.647,141.929,8.219,-96.752,36.044,4109.640,92119.945,20100815_065037
17,KTLX20100815_121952_V03,31.207,0.141,363.363,158.897,2.501,-96.926,35.968,1250.370,77338.312,20100815_071952
17,KTLX20100815_122445_V03,36.090,0.120,363.818,158.779,9.139,-96.924,35.969,4569.486,77485.570,20100815_072445
17,KTLX20100815_122938_V03,40.973,0.107,368.727,159.845,6.494,-96.897,35.964,3246.986,78049.434,20100815_072938
17,KTLX20100815_123431_V03,45.857,0.224,369.180,159.400,12.550,-96.894,35.966,6275.227,78349.002,20100815_073431
22,KTLX20100815_125402_V03,65.373,0.620,386.228,150.234,18.119,-96.799,36.007,9059.452,86407.673,20100815_075402
22,KTLX20100815_125857_V03,70.290,0.080,387.064,148.466,26.264,-96.795,36.015,13131.959,87382.416,20100815_075857
1,KTLX20100815_112122_V03,-27.293,0.119,369.234,100.905,38.121,-96.892,36.230,19060.307,105394.776,20100815_062122
9,KTLX20100815_113600_V03,-12.660,0.140,231.798,170.800,2.846,-97.655,35.915,1422.884,73047.964,20100815_063600
10,KTLX20100815_113600_V03,-12.660,0.050,529.897,119.673,29.597,-96.000,36.139,14798.557,146091.323,20100815_063600
14,KTLX20100815_114545_V03,-2.910,0.068,478.722,394.294,25.079,-96.300,34.904,12539.320,101035.952,20100815_064545
16,KTLX20100815_115037_V03,1.957,0.169,306.368,448.716,33.814,-97.243,34.663,16907.181,74426.288,20100815_065037
21,KTLX20100815_123431_V03,45.857,0.243,438.220,98.266,28.067,-96.509,36.240,14033.253,122271.412,20100815_073431
23,KTLX20100815_125402_V03,65.373,0.101,367.570,93.364,16.427,-96.902,36.264,8213.646,108701.603,20100815_075402
23,KTLX20100815_125857_V03,70.290,0.583,370.341,92.379,13.316,-96.886,36.268,6657.845,109606.266,20100815_075857
10,KTLX20100816_114036_V03,-8.829,0.628,504.189,122.074,52.833,-96.143,36.130,26416.679,135416.492,20100816_064036
10,KTLX20100816_114529_V03,-3.945,0.697,503.416,123.762,58.323,-96.148,36.122,29161.382,134571.193,20100816_064529
10,KTLX20100816_115021_V03,0.921,0.420,507.243,131.632,65.972,-96.127,36.086,32985.880,133507.891,20100816_065021
10,KTLX20100816_115514_V03,5.805,0.162,507.012,137.048,74.353,-96.129,36.062,37176.604,131726.128,20100816_065514
9,KTLX20100816_113542_V03,-13.729,0.057,179.720,116.816,4.963,-97.946,36.157,2481.335,109571.582,20100816_063542
9,KTLX20100816_114036_V03,-8.829,0.105,180.277,116.817,11.191,-97.943,36.157,5595.548,109418.609,20100816_064036
9,KTLX20100816_114529_V03,-3.945,0.256,185.709,117.401,6.176,-97.913,36.154,3087.915,107709.048,20100816_064529
9,KTLX20100816_115021_V03,0.921,0.054,186.244,117.368,12.239,-97.910,36.154,6119.363,107581.352,20100816_065021
12,KTLX20100816_115514_V03,5.805,0.189,307.524,432.479,8.859,-97.236,34.736,4429.604,66346.274,20100816_065514
12,KTLX20100816_120007_V03,10.688,0.442,307.577,432.231,14.089,-97.236,34.737,7044.273,66224.046,20100816_070007
12,KTLX20100816_120459_V03,15.555,0.393,305.000,429.404,10.577,-97.250,34.750,5288.553,64750.293,20100816_070459
12,KTLX20100816_120952_V03,20.438,0.566,304.713,428.963,15.726,-97.252,34.752,7862.831,64524.372,20100816_070952
12,KTLX20100816_121444_V03,25.305,0.549,303.607,427.168,13.623,-97.258,34.760,6811.459,63609.702,20100816_071444
12,KTLX20100816_121937_V03,30.188,0.519,304.041,426.463,19.054,-97.255,34.763,9526.985,63263.822,20100816_071937
12,KTLX20100816_122430_V03,35.071,0.485,304.833,425.530,16.802,-97.251,34.767,8401.026,62811.390,20100816_072430
12,KTLX20100816_122923_V03,39.955,0.108,305.458,425.418,22.908,-97.248,34.768,11454.213,62768.172,20100816_072923
16,KTLX20100816_121937_V03,30.188,0.109,175.925,163.420,13.479,-97.965,35.947,6739.491,92261.674,20100816_071937
16,KTLX20100816_122430_V03,35.071,0.063,176.731,162.954,19.243,-97.961,35.949,9621.283,92164.002,20100816_072430
18,KTLX20100816_124855_V03,59.488,0.119,286.992,78.272,3.231,-97.350,36.332,1615.295,111054.641,20100816_074855
18,KTLX20100816_125348_V03,64.371,0.086,287.505,78.766,9.514,-97.347,36.330,4756.917,110793.366,20100816_075348
1,KTLX20100816_105145_V03,-57.679,0.088,316.057,118.298,8.192,-97.188,36.152,4095.894,91204.913,20100816_055145
2,KTLX20100816_110624_V03,-43.029,0.096,158.223,74.876,5.177,-98.067,36.345,2588.634,133024.200,20100816_060624
3,KTLX20100816_111610_V03,-33.262,0.091,333.233,207.352,2.498,-97.094,35.750,1248.962,49214.254,20100816_061610
4,KTLX20100816_112556_V03,-23.495,0.194,336.479,211.230,2.841,-97.076,35.733,1420.277,47986.824,20100816_062556
6,KTLX20100816_113542_V03,-13.729,0.450,247.968,267.110,15.271,-97.564,35.481,7635.307,30777.856,20100816_063542
7,KTLX20100816_113542_V03,-13.729,0.356,288.646,366.898,6.006,-97.340,35.032,3002.958,33927.448,20100816_063542
15,KTLX20100816_121444_V03,25.305,0.072,275.413,441.061,13.431,-97.412,34.697,6715.614,71593.725,20100816_071444
1,KTLX20100817_110448_V03,-45.396,0.054,266.281,272.014,23.246,-97.463,35.459,11623.056,21909.907,20100817_060448
1,KTLX20100817_110942_V03,-40.496,-1.000,266.281,272.014,31.037,-97.463,35.459,15518.556,21909.907,20100817_060942
1,KTLX20100817_111436_V03,-35.596,0.259,273.750,268.677,31.051,-97.422,35.474,15525.432,20433.930,20100817_061436
1,KTLX20100817_111929_V03,-30.712,0.288,278.801,259.038,30.705,-97.394,35.518,15352.275,23061.227,20100817_061929
1,KTLX20100817_112422_V03,-25.829,0.067,285.923,251.375,30.018,-97.355,35.552,15009.152,25310.711,20100817_062422
1,KTLX20100817_112914_V03,-20.962,-1.000,292.395,243.862,29.699,-97.319,35.586,14849.261,28325.319,20100817_062914
1,KTLX20100817_113407_V03,-16.079,0.497,301.515,250.366,27.353,-97.269,35.557,13676.298,24828.682,20100817_063407
1,KTLX20100817_113901_V03,-11.179,0.284,308.400,249.212,28.304,-97.231,35.562,14151.836,25739.114,20100817_063901
1,KTLX20100817_114353_V03,-6.312,0.150,317.778,247.832,28.287,-97.179,35.568,14143.407,27557.007,20100817_064353
1,KTLX20100817_114846_V03,-1.429,0.076,319.783,247.911,33.644,-97.168,35.568,16821.761,27859.806,20100817_064846
7,KTLX20100817_120822_V03,18.171,0.121,358.234,250.850,23.215,-96.956,35.554,11607.620,38101.602,20100817_070822
7,KTLX20100817_121315_V03,23.054,0.354,357.968,249.889,30.027,-96.958,35.558,15013.453,38312.529,20100817_071315
7,KTLX20100817_121808_V03,27.938,0.164,361.506,244.085,31.181,-96.938,35.585,15590.661,41561.877,20100817_071808
7,KTLX20100817_122300_V03,32.804,0.081,365.588,239.094,31.575,-96.916,35.607,15787.696,44753.012,20100817_072300
7,KTLX20100817_122753_V03,37.688,0.292,368.238,234.165,34.663,-96.901,35.629,17331.712,47409.390,20100817_072753
7,KTLX20100817_123245_V03,42.554,0.086,368.139,227.894,39.715,-96.901,35.657,19857.497,49604.179,20100817_073245
7,KTLX20100817_123738_V03,47.438,0.135,373.610,225.628,40.975,-96.871,35.668,20487.672,52320.276,20100817_073738
4,KTLX20100817_113407_V03,-16.079,0.157,253.939,264.036,7.297,-97.531,35.495,3648.294,29218.899,20100817_063407
4,KTLX20100817_113901_V03,-11.179,0.132,254.034,263.524,13.687,-97.531,35.497,6843.271,29340.427,20100817_063901
4,KTLX20100817_114353_V03,-6.312,0.058,255.487,260.188,15.827,-97.523,35.512,7913.586,29859.779,20100817_064353
14,KTLX20100817_125709_V03,66.954,0.480,174.824,145.710,5.787,-97.972,36.026,2893.341,99340.853,20100817_075709
14,KTLX20100817_130201_V03,71.821,0.086,175.754,145.708,13.163,-97.967,36.026,6581.352,99049.199,20100817_080201
2,KTLX20100817_112422_V03,-25.829,0.056,235.331,118.474,3.079,-97.637,36.151,1539.711,96350.578,20100817_062422
3,KTLX20100817_112914_V03,-20.962,0.133,293.122,250.717,26.406,-97.315,35.555,13203.220,24880.489,20100817_062914
5,KTLX20100817_114846_V03,-1.429,0.131,165.922,306.760,19.121,-98.015,35.300,9560.369,67124.170,20100817_064846
5,KTLX20100817_115340_V03,3.471,0.080,175.443,305.083,16.269,-97.962,35.308,8134.497,62330.497,20100817_065340
10,KTLX20100817_121808_V03,27.938,0.124,404.689,173.163,23.747,-96.698,35.903,11873.737,82230.282,20100817_071808
5,KTLX20100818_113929_V03,-11.478,0.140,253.139,279.235,9.016,-97.536,35.426,4508.162,25628.105,20100818_063929
5,KTLX20100818_114421_V03,-6.611,0.255,253.100,279.349,15.352,-97.536,35.426,7676.100,25622.726,20100818_064421
5,KTLX20100818_114914_V03,-1.728,0.391,255.200,280.458,18.001,-97.524,35.421,9000.278,24438.152,20100818_064914
5,KTLX20100818_115407_V03,3.155,0.315,255.483,284.006,21.628,-97.523,35.405,10814.248,23651.294,20100818_065407
5,KTLX20100818_115900_V03,8.039,0.192,255.151,285.897,24.105,-97.524,35.396,12052.445,23507.237,20100818_065900
6,KTLX20100818_114421_V03,-6.611,0.089,179.448,253.935,10.210,-97.942,35.539,5105.204,64526.561,20100818_064421
6,KTLX20100818_114914_V03,-1.728,0.177,179.223,254.472,16.691,-97.943,35.536,8345.493,64536.878,20100818_064914
9,KTLX20100818_121832_V03,27.572,0.111,28.016,407.084,28.962,-98.764,34.841,14481.085,146152.775,20100818_071832
9,KTLX20100818_122326_V03,32.472,0.149,29.409,407.261,35.994,-98.757,34.841,17996.810,145537.560,20100818_072326
10,KTLX20100818_123806_V03,47.139,0.074,34.432,434.191,20.764,-98.727,34.720,10382.059,148773.205,20100818_073806
10,KTLX20100818_124301_V03,52.055,0.091,35.873,433.783,26.324,-98.719,34.721,13162.217,148038.159,20100818_074301
1,KTLX20100818_112943_V03,-21.245,0.230,255.355,274.785,6.061,-97.523,35.446,3030.643,25636.827,20100818_062943
3,KTLX20100818_113436_V03,-16.361,0.095,292.211,369.774,5.094,-97.320,35.019,2546.867,35103.534,20100818_063436
7,KTLX20100818_114914_V03,-1.728,0.081,345.291,123.759,6.815,-97.026,36.127,3407.654,90983.550,20100818_064914
8,KTLX20100818_115900_V03,8.039,0.061,171.893,153.752,25.032,-97.988,35.990,12516.230,97211.095,20100818_065900
1,KTLX20100819_113415_V03,-17.475,0.373,255.455,266.724,8.088,-97.523,35.483,4043.905,27800.848,20100819_063415
1,KTLX20100819_114354_V03,-7.825,0.156,257.875,269.827,22.582,-97.510,35.469,11290.794,25908.306,20100819_064354
1,KTLX20100819_115334_V03,1.842,0.317,259.693,267.758,30.833,-97.500,35.478,15416.392,25808.048,20100819_065334
2,KTLX20100819_123211_V03,40.458,0.059,398.919,435.158,28.241,-96.738,34.723,14120.348,83744.791,20100819_073211
2,KTLX20100819_124151_V03,50.125,0.148,398.062,432.255,38.724,-96.742,34.736,19362.180,82321.683,20100819_074151
1,KTLX20100820_113504_V03,-17.421,0.298,260.939,261.596,12.034,-97.493,35.506,6017.057,27389.038,20100820_063504
2,KTLX20100820_124234_V03,50.079,0.190,139.252,113.566,3.154,-98.171,36.170,1577.188,123082.581,20100820_074234
1,KTLX20100821_114156_V03,-11.314,0.073,262.414,273.120,17.523,-97.485,35.454,8761.509,23104.382,20100821_064156
1,KTLX20100821_114649_V03,-6.431,0.192,263.848,270.977,24.310,-97.477,35.464,12155.027,23180.163,20100821_064649
2,KTLX20100821_115141_V03,-1.564,0.074,478.759,483.043,6.578,-96.304,34.504,3288.959,127925.119,20100821_065141
4,KTLX20100822_113654_V03,-17.106,0.092,252.576,273.011,8.073,-97.539,35.454,4036.476,27282.819,20100822_063654
4,KTLX20100822_114147_V03,-12.223,0.366,251.830,272.974,13.729,-97.543,35.455,6864.693,27616.930,20100822_064147
4,KTLX20100822_114640_V03,-7.340,0.536,249.978,273.209,16.256,-97.553,35.453,8127.808,28372.354,20100822_064640
4,KTLX20100822_115133_V03,-2.456,0.468,249.037,276.879,24.806,-97.558,35.437,12402.907,27981.260,20100822_065133
4,KTLX20100822_115627_V03,2.444,0.067,242.279,276.726,28.434,-97.595,35.438,14216.888,31118.035,20100822_065627
1,KTLX20100822_112708_V03,-26.873,0.528,251.838,272.857,6.565,-97.543,35.455,3282.320,27641.900,20100822_062708
2,KTLX20100822_113201_V03,-21.990,0.124,191.614,371.205,2.056,-97.871,35.011,1027.899,64841.314,20100822_063201
3,KTLX20100822_113654_V03,-17.106,0.237,287.423,370.205,6.857,-97.346,35.017,3428.289,35661.132,20100822_063654
6,KTLX20100822_125013_V03,56.210,0.401,141.526,109.235,22.876,-98.158,36.190,11437.784,124001.318,20100822_075013
7,KTLX20100822_125959_V03,65.977,0.062,116.409,100.468,19.753,-98.299,36.228,9876.657,135571.519,20100822_075959
3,KTLX20100823_114240_V03,-12.097,0.488,252.950,269.694,8.282,-97.537,35.469,4140.944,27982.785,20100823_064240
3,KTLX20100823_115220_V03,-2.430,0.080,252.664,268.812,21.396,-97.538,35.473,10698.103,28343.375,20100823_065220
3,KTLX20100823_120159_V03,7.220,0.128,254.208,268.099,32.897,-97.530,35.477,16448.612,27904.352,20100823_070159
6,KTLX20100823_121138_V03,16.870,0.186,298.600,67.771,5.746,-97.285,36.380,2873.001,116116.490,20100823_071138
6,KTLX20100823_122116_V03,26.503,0.111,298.213,48.415,14.745,-97.287,36.467,7372.480,125795.857,20100823_072116
7,KTLX20100823_124541_V03,50.920,0.052,362.912,300.634,13.503,-96.932,35.330,6751.602,31457.410,20100823_074541
7,KTLX20100823_125036_V03,55.837,0.051,362.544,301.796,19.431,-96.934,35.324,9715.736,31284.701,20100823_075036
7,KTLX20100823_125529_V03,60.720,0.167,364.210,307.217,11.929,-96.925,35.300,5964.600,32307.236,20100823_075529
7,KTLX20100823_130023_V03,65.620,0.129,364.439,307.975,17.445,-96.923,35.297,8722.430,32465.338,20100823_080023
7,KTLX20100823_130516_V03,70.503,0.451,364.571,312.210,13.552,-96.923,35.278,6776.031,32857.691,20100823_080516
7,KTLX20100823_131009_V03,75.387,0.600,364.857,313.105,18.092,-96.921,35.273,9045.814,33083.795,20100823_081009
1,KTLX20100823_111344_V03,-41.030,0.255,170.365,46.625,3.186,-98.001,36.473,1592.894,142306.302,20100823_061344
4,KTLX20100823_114240_V03,-12.097,0.162,294.221,48.709,2.364,-97.310,36.465,1181.782,125678.855,20100823_064240
10,KTLX20100824_115019_V03,-5.202,0.094,441.333,168.025,25.939,-96.494,35.925,12969.578,96685.609,20100824_065019
10,KTLX20100824_115512_V03,-0.319,0.136,437.799,164.537,35.417,-96.514,35.941,17708.431,96616.175,20100824_065512
10,KTLX20100824_120006_V03,4.581,0.481,433.691,158.693,39.721,-96.536,35.968,19860.611,97263.813,20100824_070006
25,KTLX20100824_130825_V03,72.898,0.065,482.197,290.171,8.763,-96.275,35.373,4381.386,91230.967,20100824_080825
25,KTLX20100824_131319_V03,77.798,0.162,481.833,291.695,16.273,-96.277,35.366,8136.343,91011.332,20100824_081319
25,KTLX20100824_131811_V03,82.664,0.146,481.225,296.245,19.033,-96.281,35.346,9516.551,90631.769,20100824_081811
4,KTLX20100824_112553_V03,-29.636,0.056,434.501,163.017,23.838,-96.532,35.948,11919.159,95988.080,20100824_062553
4,KTLX20100824_113045_V03,-24.769,0.083,434.919,163.063,29.853,-96.530,35.948,14926.584,96118.158,20100824_063045
8,KTLX20100824_114525_V03,-10.102,0.225,151.830,463.547,34.031,-98.085,34.593,17015.385,110342.461,20100824_064525
8,KTLX20100824_115019_V03,-5.202,0.138,151.244,464.989,39.654,-98.088,34.587,19827.210,111074.026,20100824_065019
20,KTLX20100824_123415_V03,38.731,0.267,208.404,444.395,6.747,-97.777,34.681,3373.560,85498.385,20100824_073415
20,KTLX20100824_123908_V03,43.614,0.053,208.387,444.731,12.733,-97.777,34.680,6366.414,85644.666,20100824_073908
21,KTLX20100824_123908_V03,43.614,0.072,380.321,423.054,46.756,-96.839,34.778,23378.046,73474.120,20100824_073908
21,KTLX20100824_124400_V03,48.481,0.072,379.750,422.742,53.987,-96.842,34.779,26993.568,73187.394,20100824_074400
22,KTLX20100824_124400_V03,48.481,0.071,197.424,319.813,16.773,-97.841,35.242,8386.538,52235.838,20100824_074400
22,KTLX20100824_124853_V03,53.364,0.098,198.348,319.005,23.751,-97.836,35.246,11875.306,51706.745,20100824_074853
26,KTLX20100824_131319_V03,77.798,0.112,328.601,240.450,17.897,-97.120,35.601,8948.269,33031.077,20100824_081319
26,KTLX20100824_131811_V03,82.664,0.050,329.949,240.457,23.658,-97.112,35.601,11829.112,33325.565,20100824_081811
1,KTLX20100824_111113_V03,-44.302,0.136,227.084,232.664,26.297,-97.680,35.636,13148.741,49625.983,20100824_061113
5,KTLX20100824_113045_V03,-24.769,0.082,244.153,261.512,15.025,-97.585,35.506,7512.377,33912.390,20100824_063045
6,KTLX20100824_113539_V03,-19.869,0.339,158.648,458.607,32.554,-98.048,34.616,16276.756,106226.926,20100824_063539
7,KTLX20100824_114031_V03,-15.002,0.058,363.928,393.672,22.260,-96.928,34.910,11129.778,56703.765,20100824_064031
9,KTLX20100824_115019_V03,-5.202,0.225,229.320,349.570,8.773,-97.665,35.109,4386.555,43164.864,20100824_065019
11,KTLX20100824_115019_V03,-5.202,0.091,128.898,218.176,11.982,-98.223,35.698,5991.238,94829.883,20100824_065019
12,KTLX20100824_120006_V03,4.581,0.085,155.162,126.260,23.753,-98.082,36.113,11876.301,113096.642,20100824_070006
13,KTLX20100824_120458_V03,9.448,0.113,215.018,379.542,8.554,-97.743,34.974,4276.806,58199.853,20100824_070458
14,KTLX20100824_121446_V03,19.248,0.089,174.651,423.022,12.955,-97.962,34.777,6477.591,87816.340,20100824_071446
15,KTLX20100824_121446_V03,19.248,0.065,216.599,398.030,2.302,-97.734,34.890,1150.915,64353.719,20100824_071446
16,KTLX20100824_121938_V03,24.114,0.065,416.681,246.953,15.125,-96.634,35.570,7562.321,64086.509,20100824_071938
17,KTLX20100824_122430_V03,28.981,0.377,390.835,348.446,7.757,-96.779,35.114,3878.414,51473.482,20100824_072430
18,KTLX20100824_122430_V03,28.981,0.085,268.977,485.210,12.472,-97.446,34.498,6235.827,93895.220,20100824_072430
19,KTLX20100824_122923_V03,33.864,0.060,177.851,299.898,25.009,-97.949,35.332,12504.257,61074.682,20100824_072923
23,KTLX20100824_125839_V03,63.131,0.182,426.681,166.268,43.415,-96.576,35.934,21707.653,92103.698,20100824_075839
24,KTLX20100824_130332_V03,68.014,0.099,303.057,517.365,9.961,-97.261,34.353,4980.412,108693.059,20100824_080332
2,KTLX20100825_114304_V03,-13.206,0.477,510.427,143.198,29.755,-96.110,36.034,14877.415,131211.845,20100825_064304
2,KTLX20100825_114850_V03,-7.439,0.542,509.767,143.973,37.792,-96.114,36.031,18896.025,130715.888,20100825_064850
2,KTLX20100825_115434_V03,-1.706,0.109,502.483,144.545,50.934,-96.154,36.028,25466.990,127637.680,20100825_065434
1,KTLX20100825_113720_V03,-18.939,0.188,290.712,369.071,4.320,-97.328,35.022,2159.765,34846.115,20100825_063720
3,KTLX20100825_114850_V03,-7.439,0.092,250.373,285.046,16.446,-97.551,35.400,8222.790,25915.327,20100825_064850
4,KTLX20100826_131541_V03,78.658,0.061,468.280,520.090,18.518,-96.363,34.338,9258.880,138525.968,20100826_081541
4,KTLX20100826_132036_V03,83.575,0.093,469.191,519.533,25.089,-96.358,34.340,12544.457,138582.411,20100826_082036
4,KTLX20100826_132530_V03,88.475,0.327,470.538,515.874,27.857,-96.351,34.357,13928.384,137554.449,20100826_082530
1,KTLX20100826_115229_V03,-4.542,0.050,296.595,501.053,24.509,-97.296,34.427,12254.676,100540.815,20100826_065229
2,KTLX20100826_120209_V03,5.125,0.052,78.673,413.297,7.346,-98.487,34.816,3673.244,124319.980,20100826_070209
3,KTLX20100826_124122_V03,44.342,0.210,77.263,96.807,10.397,-98.516,36.242,5198.305,150747.365,20100826_074122
3,KTLX20100827_131438_V03,76.857,0.051,25.673,442.522,39.810,-98.774,34.681,19904.804,154570.173,20100827_081438
3,KTLX20100827_131931_V03,81.741,0.401,25.979,438.618,46.591,-98.773,34.699,23295.357,153543.465,20100827_081931
1,KTLX20100827_110217_V03,-55.493,0.060,35.553,255.808,5.947,-98.735,35.523,2973.664,134057.047,20100827_060217
2,KTLX20100827_114626_V03,-11.343,0.167,252.218,333.090,12.746,-97.540,35.184,6373.068,29060.527,20100827_064626
1,KTLX20100828_114404_V03,-14.459,0.100,282.286,365.360,8.397,-97.375,35.038,4198.460,33859.018,20100828_064404
1,KTLX20100829_123128_V03,32.193,0.135,26.185,454.421,44.727,-98.771,34.628,22363.718,157178.714,20100829_073128
1,KTLX20100829_124108_V03,41.859,0.113,25.964,441.682,51.976,-98.773,34.685,25987.854,154247.704,20100829_074108
1,KTLX20100829_125047_V03,51.509,-1.000,25.758,429.733,59.701,-98.775,34.739,29850.333,151690.086,20100829_075047
1,KTLX20100829_130026_V03,61.159,0.052,42.841,438.582,50.795,-98.681,34.700,25397.663,146061.206,20100829_080026
1,KTLX20100829_131006_V03,70.826,0.079,38.546,446.042,59.007,-98.704,34.666,29503.338,149738.650,20100829_081006
1,KTLX20100831_120616_V03,5.499,0.195,26.079,436.501,39.252,-98.773,34.709,19625.801,153023.783,20100831_070616
1,KTLX20100831_121555_V03,15.149,0.076,28.164,440.731,55.386,-98.761,34.690,27693.050,153052.398,20100831_071555
2,KTLX20100831_131353_V03,73.116,0.051,31.794,406.525,59.396,-98.744,34.844,29698.038,144293.054,20100831_081353
10,KTLX20100901_121841_V03,17.171,0.054,24.990,431.752,27.722,-98.779,34.730,13861.144,152470.601,20100901_071841
10,KTLX20100901_122220_V03,20.821,0.053,25.747,432.279,32.669,-98.775,34.728,16334.584,152243.551,20100901_072220
11,KTLX20100901_122220_V03,20.821,0.054,309.077,537.964,24.881,-97.228,34.261,12440.365,119068.532,20100901_072220
11,KTLX20100901_122559_V03,24.471,0.076,309.678,536.900,29.332,-97.225,34.265,14666.236,118548.574,20100901_072559
19,KTLX20100901_124426_V03,42.921,0.076,274.967,494.969,25.258,-97.414,34.454,12628.900,98284.970,20100901_074426
19,KTLX20100901_124804_V03,46.554,0.221,274.935,495.044,30.006,-97.414,34.454,15002.825,98323.916,20100901_074804
21,KTLX20100901_125143_V03,50.204,0.091,400.443,145.406,15.184,-96.720,36.028,7591.919,92179.584,20100901_075143
21,KTLX20100901_125522_V03,53.854,0.056,401.153,145.287,20.201,-96.716,36.029,10100.269,92423.253,20100901_075522
1,KTLX20100901_110204_V03,-59.446,0.278,181.202,357.639,2.813,-97.929,35.072,1406.559,66021.380,20100901_060204
3,KTLX20100901_110204_V03,-59.446,0.125,366.209,403.842,19.752,-96.915,34.865,9876.066,61576.591,20100901_060204
4,KTLX20100901_110204_V03,-59.446,0.094,243.780,236.976,5.050,-97.588,35.617,2524.855,42227.648,20100901_060204
6,KTLX20100901_110557_V03,-55.563,0.052,406.390,155.532,13.676,-96.688,35.983,6838.039,89707.616,20100901_060557
7,KTLX20100901_111035_V03,-50.929,0.244,361.161,523.250,7.185,-96.945,34.326,3592.382,115738.042,20100901_061035
8,KTLX20100901_114441_V03,-16.829,0.093,282.174,411.438,13.428,-97.375,34.831,6714.195,56427.160,20100901_064441
9,KTLX20100901_121503_V03,13.537,0.097,29.317,441.469,31.342,-98.754,34.686,15671.098,152711.190,20100901_071503
12,KTLX20100901_122559_V03,24.471,0.051,204.865,376.506,18.183,-97.798,34.987,9091.478,61040.716,20100901_072559
13,KTLX20100901_123330_V03,31.987,0.168,387.537,154.355,13.157,-96.792,35.988,6578.636,84963.484,20100901_073330
13,KTLX20100901_123709_V03,35.637,0.318,390.580,151.738,11.418,-96.775,36.000,5709.038,86871.016,20100901_073709
14,KTLX20100901_123330_V03,31.987,0.125,395.868,81.148,10.867,-96.744,36.318,5433.697,119464.303,20100901_073330
14,KTLX20100901_123709_V03,35.637,-1.000,395.868,81.148,16.671,-96.744,36.318,8335.447,119464.303,20100901_073709
14,KTLX20100901_124048_V03,39.287,0.138,401.507,79.116,11.139,-96.712,36.327,5569.584,121545.647,20100901_074048
15,KTLX20100901_123330_V03,31.987,0.070,249.064,432.712,14.589,-97.556,34.735,7294.596,71075.639,20100901_073330
18,KTLX20100901_124048_V03,39.287,0.087,416.708,125.717,19.126,-96.629,36.117,9562.923,104875.145,20100901_074048
22,KTLX20100901_125143_V03,50.204,0.054,325.615,111.426,16.650,-97.135,36.183,8324.974,95153.137,20100901_075143
22,KTLX20100901_125522_V03,53.854,0.119,329.836,105.523,14.467,-97.112,36.209,7233.627,98375.981,20100901_075522
22,KTLX20100901_125900_V03,57.487,-1.000,329.836,105.523,20.244,-97.112,36.209,10122.127,98375.981,20100901_075900
22,KTLX20100901_130239_V03,61.137,0.650,335.700,98.126,13.588,-97.079,36.243,6793.762,102503.316,20100901_080239
26,KTLX20100901_132052_V03,79.354,0.092,91.332,438.156,7.920,-98.416,34.705,3960.094,125129.386,20100901_082052
27,KTLX20100901_132052_V03,79.354,0.082,65.414,457.638,6.129,-98.556,34.616,3064.377,141315.359,20100901_082052
28,KTLX20100901_132431_V03,83.004,0.054,349.153,79.607,15.153,-97.004,36.326,7576.626,112903.988,20100901_082431
1,KTLX20100902_120036_V03,-1.657,0.071,398.228,509.452,30.170,-96.743,34.388,15084.783,115670.739,20100902_070036
1,KTLX20100902_120346_V03,1.509,0.138,399.311,510.833,35.113,-96.738,34.382,17556.332,116525.931,20100902_070346
1,KTLX20100902_120655_V03,4.659,0.062,400.747,512.322,38.644,-96.730,34.375,19321.984,117505.917,20100902_070655
2,KTLX20100902_120346_V03,1.509,0.263,146.293,79.991,8.252,-98.133,36.321,4125.994,134191.595,20100902_070346
2,KTLX20100902_120655_V03,4.659,-1.000,146.293,79.991,13.260,-98.133,36.321,6630.244,134191.595,20100902_070655
2,KTLX20100902_121005_V03,7.826,0.287,153.417,83.256,19.885,-98.094,36.307,9942.695,130828.665,20100902_071005
2,KTLX20100902_121314_V03,10.976,0.097,162.046,87.916,23.925,-98.045,36.286,11962.522,126501.832,20100902_071314
3,KTLX20100902_120346_V03,1.509,0.053,135.824,386.051,29.494,-98.176,34.942,14747.150,92680.083,20100902_070346
4,KTLX20100902_124139_V03,39.393,0.168,194.529,47.516,20.572,-97.866,36.469,10286.112,136814.082,20100902_074139
5,KTLX20100902_124449_V03,42.559,0.080,167.106,148.175,19.394,-98.015,36.015,9696.911,100885.320,20100902_074449
6,KTLX20100902_125727_V03,55.193,0.050,36.652,174.718,21.408,-98.736,35.889,10703.777,145814.710,20100902_075727
7,KTLX20100902_131934_V03,77.309,0.117,278.871,28.766,27.767,-97.395,36.555,13883.532,136027.682,20100902_081934
3,KTLX20100903_115508_V03,-7.868,0.363,91.115,487.458,18.800,-98.414,34.483,9399.817,140332.903,20100903_065508
3,KTLX20100903_120448_V03,1.799,0.526,86.455,491.379,30.882,-98.440,34.465,15440.998,143376.621,20100903_070448
3,KTLX20100903_120941_V03,6.682,0.403,83.268,499.743,31.634,-98.456,34.427,15816.809,147368.710,20100903_070941
3,KTLX20100903_121435_V03,11.582,0.118,80.385,501.962,36.427,-98.472,34.417,18213.627,149180.646,20100903_071435
1,KTLX20100903_114529_V03,-17.518,0.623,289.532,168.007,9.600,-97.335,35.928,4800.236,66203.715,20100903_064529
1,KTLX20100904_123310_V03,29.422,0.051,496.613,345.195,30.837,-96.199,35.125,15418.257,100870.333,20100904_073310
1,KTLX20100905_132035_V03,76.096,0.061,18.881,238.119,16.812,-98.829,35.602,8406.228,143924.733,20100905_082035
1,KTLX20100907_131637_V03,70.646,0.051,262.182,518.553,27.362,-97.483,34.348,13680.859,110900.388,20100907_081637
2,KTLX20100907_131947_V03,73.812,0.062,352.110,82.501,21.193,-96.987,36.313,10596.401,111827.106,20100907_081947
2,KTLX20100907_132256_V03,76.962,-1.000,352.110,82.501,26.201,-96.987,36.313,13100.651,111827.106,20100907_082256
2,KTLX20100907_132605_V03,80.112,0.069,358.336,79.464,22.196,-96.953,36.326,11097.771,114060.523,20100907_082605
3,KTLX20100908_114423_V03,-22.329,0.483,281.369,147.248,17.992,-97.381,36.021,8996.002,76941.865,20100908_064423
3,KTLX20100908_114916_V03,-17.446,0.219,281.796,147.133,25.287,-97.378,36.022,12643.525,76973.582,20100908_064916
8,KTLX20100908_125741_V03,50.971,0.143,202.315,241.250,25.084,-97.816,35.597,12541.819,56995.538,20100908_075741
8,KTLX20100908_130235_V03,55.871,0.456,203.267,239.061,29.470,-97.811,35.607,14734.828,57164.073,20100908_080235
1,KTLX20100908_111012_V03,-56.512,0.133,284.625,499.099,9.764,-97.361,34.436,4882.113,99845.804,20100908_061012
2,KTLX20100908_112944_V03,-36.979,0.112,305.897,560.469,20.030,-97.246,34.159,10014.807,130267.962,20100908_062944
4,KTLX20100908_120356_V03,-2.779,0.086,241.041,434.229,13.297,-97.599,34.728,6648.390,73303.700,20100908_070356
5,KTLX20100908_121342_V03,6.988,0.343,332.764,250.199,10.359,-97.097,35.557,5179.646,29806.404,20100908_071342
6,KTLX20100908_123314_V03,26.521,0.087,227.096,249.760,14.501,-97.680,35.559,7250.399,44269.176,20100908_073314
7,KTLX20100908_123314_V03,26.521,0.056,318.480,232.675,19.624,-97.175,35.636,9812.046,34907.637,20100908_073314
1,KTLX20100909_111150_V03,-55.620,0.163,393.365,131.689,14.734,-96.759,36.090,7366.936,96236.285,20100909_061150
1,KTLX20100909_111624_V03,-51.053,0.081,393.530,130.774,21.606,-96.758,36.095,10803.169,96676.590,20100909_061624
3,KTLX20100909_122037_V03,13.164,0.206,361.445,169.867,13.454,-96.937,35.919,6726.753,71954.916,20100909_072037
3,KTLX20100909_122513_V03,17.764,0.290,362.826,169.421,18.984,-96.929,35.921,9492.131,72453.357,20100909_072513
2,KTLX20100909_115743_V03,-9.736,0.075,387.599,157.891,65.020,-96.792,35.972,32509.911,83469.356,20100909_065743
4,KTLX20100909_125242_V03,45.247,0.084,398.708,105.443,33.958,-96.729,36.209,16979.168,109082.494,20100909_075242
4,KTLX20100909_125718_V03,49.847,-1.000,398.708,105.443,41.272,-96.729,36.209,20636.168,109082.494,20100909_075718
4,KTLX20100909_130152_V03,54.414,0.059,431.194,111.226,15.477,-96.548,36.182,7738.518,114942.867,20100909_080152
6,KTLX20100909_132106_V03,73.647,0.070,443.200,111.023,17.626,-96.482,36.182,8813.202,118552.143,20100909_082106
2,KTLX20100910_113736_V03,-30.594,0.114,81.049,362.824,26.972,-98.477,35.044,13485.976,113892.859,20100910_063736
2,KTLX20100910_114715_V03,-20.944,0.429,83.866,359.943,36.610,-98.462,35.057,18304.844,112146.292,20100910_064715
2,KTLX20100910_115654_V03,-11.294,0.268,90.305,352.435,37.596,-98.427,35.091,18798.152,108075.689,20100910_065654
1,KTLX20100910_111816_V03,-49.927,0.127,46.329,400.106,42.848,-98.665,34.874,21424.232,136354.555,20100910_061816
1,KTLX20100910_112756_V03,-40.260,0.131,46.690,394.742,53.767,-98.663,34.898,26883.643,135223.746,20100910_062756
3,KTLX20100910_121613_V03,8.023,0.058,125.583,440.259,31.128,-98.229,34.697,15563.907,111908.348,20100910_071613
4,KTLX20100910_122553_V03,17.690,0.167,196.642,161.243,26.810,-97.850,35.957,13405.073,86510.620,20100910_072553
5,KTLX20100910_131410_V03,65.973,0.053,183.005,165.357,33.715,-97.926,35.938,16857.635,89185.743,20100910_081410
2,KTLX20100911_131521_V03,66.416,0.068,61.493,226.831,86.001,-98.594,35.656,43000.267,124739.049,20100911_081521
2,KTLX20100911_132014_V03,71.299,0.075,59.605,228.572,90.808,-98.605,35.648,45403.916,125391.097,20100911_082014
1,KTLX20100911_122629_V03,17.549,0.051,258.905,33.787,29.082,-97.507,36.532,14540.928,134683.044,20100911_072629
1,KTLX20100912_110958_V03,-59.708,0.161,103.370,208.544,11.143,-98.364,35.740,5571.506,108429.418,20100912_060958
1,KTLX20100912_111451_V03,-54.824,0.208,103.726,208.489,16.898,-98.362,35.741,8448.779,108279.594,20100912_061451
3,KTLX20100912_125237_V03,42.942,0.190,20.611,408.364,13.652,-98.805,34.835,6826.030,149833.981,20100912_075237
3,KTLX20100912_125730_V03,47.826,0.195,21.018,408.021,19.557,-98.803,34.837,9778.408,149582.379,20100912_075730
3,KTLX20100912_130223_V03,52.709,0.081,23.632,404.062,16.765,-98.789,34.855,8382.635,147655.019,20100912_080223
2,KTLX20100912_124251_V03,33.176,0.056,157.653,132.250,14.805,-98.068,36.086,7402.260,110003.083,20100912_074251
4,KTLX20100912_125730_V03,47.826,0.056,151.442,92.348,19.049,-98.104,36.266,9524.530,127660.427,20100912_075730
7,KTLX20100913_131747_V03,67.369,0.053,220.870,375.228,2.245,-97.711,34.993,1122.711,54591.383,20100913_081747
7,KTLX20100913_132240_V03,72.252,0.380,221.360,375.315,7.636,-97.708,34.993,3817.802,54444.055,20100913_082240
7,KTLX20100913_132733_V03,77.135,0.067,219.997,375.117,11.258,-97.716,34.994,5628.900,54870.506,20100913_082733
1,KTLX20100913_130305_V03,52.669,0.057,41.278,454.120,10.828,-98.688,34.630,5413.896,150574.078,20100913_080305
1,KTLX20100913_130800_V03,57.585,0.131,41.646,453.645,17.090,-98.686,34.632,8544.906,150294.163,20100913_080800
1,KTLX20100913_131253_V03,62.469,0.444,45.084,450.295,10.949,-98.668,34.648,5474.479,147961.832,20100913_081253
1,KTLX20100913_131747_V03,67.369,0.164,49.205,446.418,8.523,-98.646,34.665,4261.497,145203.679,20100913_081747
1,KTLX20100913_132240_V03,72.252,-1.000,49.205,446.418,16.287,-98.646,34.665,8143.747,145203.679,20100913_082240
1,KTLX20100913_132733_V03,77.135,0.062,54.204,444.845,12.018,-98.618,34.673,6009.050,142649.601,20100913_082733
2,KTLX20100913_130305_V03,52.669,0.056,91.860,427.036,13.811,-98.414,34.755,6905.295,121922.435,20100913_080305
3,KTLX20100913_130800_V03,57.585,0.167,402.994,22.636,6.701,-96.702,36.582,3350.460,147934.694,20100913_080800
6,KTLX20100913_131747_V03,67.369,0.054,186.262,342.492,2.972,-97.902,35.140,1485.888,60708.003,20100913_081747
10,KTLX20100913_132733_V03,77.135,0.070,323.898,106.019,19.869,-97.145,36.207,9934.353,97723.969,20100913_082733
15,KTLX20100914_130101_V03,49.862,0.173,309.347,391.045,7.134,-97.226,34.923,3566.853,45761.861,20100914_080101
15,KTLX20100914_130555_V03,54.762,0.064,310.713,390.894,13.531,-97.219,34.923,6765.740,45761.706,20100914_080555
15,KTLX20100914_131048_V03,59.645,0.065,313.052,388.109,16.155,-97.206,34.936,8077.414,44535.027,20100914_081048
7,KTLX20100914_125114_V03,40.078,0.217,213.283,390.696,5.023,-97.752,34.923,2511.362,62741.009,20100914_075114
7,KTLX20100914_125609_V03,44.995,0.514,213.738,391.306,10.539,-97.750,34.921,5269.333,62805.268,20100914_075609
14,KTLX20100914_125609_V03,44.995,0.075,406.129,298.712,16.772,-96.694,35.337,8385.956,53068.497,20100914_075609
14,KTLX20100914_130101_V03,49.862,0.067,404.860,298.707,25.771,-96.701,35.338,12885.416,52434.222,20100914_080101
18,KTLX20100914_132037_V03,69.462,0.122,210.097,352.117,11.805,-97.770,35.097,5902.725,51958.169,20100914_082037
18,KTLX20100914_132531_V03,74.362,0.560,211.769,353.125,17.232,-97.761,35.093,8615.907,51494.840,20100914_082531
18,KTLX20100914_133024_V03,79.245,0.570,219.662,354.037,11.541,-97.718,35.089,5770.418,48410.016,20100914_083024
18,KTLX20100914_133517_V03,84.128,0.737,219.856,353.936,18.118,-97.717,35.089,9059.239,48301.611,20100914_083517
19,KTLX20100914_132531_V03,74.362,0.163,419.277,303.839,33.221,-96.622,35.314,16610.695,59669.538,20100914_082531
19,KTLX20100914_133024_V03,79.245,0.347,421.124,303.296,38.862,-96.612,35.316,19431.162,60584.251,20100914_083024
21,KTLX20100914_133517_V03,84.128,0.207,249.494,387.003,16.886,-97.554,34.941,8442.947,50300.174,20100914_083517
21,KTLX20100914_134010_V03,89.012,0.146,250.670,387.286,22.801,-97.547,34.939,11400.557,50130.472,20100914_084010
1,KTLX20100914_115234_V03,-18.588,0.176,148.820,260.421,11.223,-98.111,35.509,5611.265,78137.304,20100914_065234
2,KTLX20100914_115234_V03,-18.588,0.100,214.278,404.279,12.704,-97.746,34.862,6351.974,67495.085,20100914_065234
3,KTLX20100914_122152_V03,10.712,0.146,355.447,330.629,10.499,-96.973,35.195,5249.603,31671.952,20100914_072152
4,KTLX20100914_123635_V03,25.428,0.055,176.599,332.634,6.415,-97.955,35.184,3207.382,63821.576,20100914_073635
5,KTLX20100914_124621_V03,35.195,0.054,380.843,312.160,31.661,-96.833,35.277,15830.360,40876.218,20100914_074621
6,KTLX20100914_125114_V03,40.078,0.585,358.183,284.062,5.395,-96.957,35.404,2697.334,30163.277,20100914_075114
8,KTLX20100914_125114_V03,40.078,0.214,185.662,336.767,8.595,-97.905,35.166,4297.724,60051.821,20100914_075114
12,KTLX20100914_125114_V03,40.078,0.075,191.821,303.468,2.449,-97.872,35.316,1224.504,54117.190,20100914_075114
16,KTLX20100914_130555_V03,54.762,0.207,282.702,88.877,6.657,-97.374,36.284,3328.720,105915.426,20100914_080555
17,KTLX20100914_131048_V03,59.645,0.167,224.801,394.910,7.426,-97.689,34.905,3713.112,60545.218,20100914_081048
1,KTLX20100918_120234_V03,-11.554,0.428,289.433,366.607,5.535,-97.335,35.033,2767.656,33720.196,20100918_070234
1,KTLX20100918_121222_V03,-1.754,0.229,290.863,367.287,15.785,-97.328,35.030,7892.410,33952.113,20100918_071222
5,KTLX20100918_131115_V03,57.129,0.324,351.652,294.273,36.599,-96.993,35.359,18299.553,25984.512,20100918_081115
5,KTLX20100918_132104_V03,66.946,0.324,352.107,289.378,45.716,-96.991,35.381,22857.950,26589.267,20100918_082104
5,KTLX20100918_133052_V03,76.746,0.078,347.782,270.291,40.865,-97.014,35.467,20432.278,28132.505,20100918_083052
6,KTLX20100918_131115_V03,57.129,0.121,23.239,431.933,33.610,-98.788,34.729,16804.914,153299.296,20100918_081115
6,KTLX20100918_132104_V03,66.946,0.099,24.064,430.965,42.867,-98.784,34.733,21433.361,152719.350,20100918_082104
4,KTLX20100918_130128_V03,47.346,0.077,24.389,454.767,45.426,-98.780,34.626,22712.828,158045.943,20100918_080128
7,KTLX20100918_133052_V03,76.746,0.128,401.939,112.887,42.383,-96.711,36.175,21191.364,106539.795,20100918_083052
1,KTLX20100920_121727_V03,1.841,0.051,289.488,368.664,13.598,-97.335,35.024,6798.767,34731.870,20100920_071727
1,KTLX20100921_120934_V03,-6.789,0.074,290.655,365.391,11.838,-97.329,35.038,5919.086,33027.767,20100921_070934
6,KTLX20100924_112902_V03,-49.575,0.218,165.580,382.519,8.218,-98.013,34.959,4108.858,78863.815,20100924_062902
6,KTLX20100924_113846_V03,-39.842,0.294,166.613,379.604,18.640,-98.008,34.972,9319.962,77667.588,20100924_063846
6,KTLX20100924_114830_V03,-30.109,0.100,170.314,377.936,19.793,-97.988,34.980,9896.607,75651.250,20100924_064830
20,KTLX20100924_122726_V03,8.825,0.655,447.079,58.125,20.964,-96.458,36.420,10482.079,141541.200,20100924_072726
20,KTLX20100924_123708_V03,18.525,0.137,453.020,56.803,32.105,-96.424,36.426,16052.345,143666.101,20100924_073708
20,KTLX20100924_124651_V03,28.241,0.161,472.107,63.256,30.758,-96.318,36.396,15378.847,146345.867,20100924_074651
1,KTLX20100924_111919_V03,-59.292,0.644,99.053,440.635,5.834,-98.374,34.694,2917.171,122635.518,20100924_061919
1,KTLX20100924_112902_V03,-49.575,0.222,99.111,440.119,15.917,-98.374,34.697,7958.334,122464.155,20100924_062902
1,KTLX20100924_113846_V03,-39.842,0.053,111.649,446.328,5.753,-98.305,34.669,2876.643,119256.064,20100924_063846
11,KTLX20100924_113846_V03,-39.842,0.265,178.081,321.276,12.845,-97.947,35.235,6422.705,61880.485,20100924_063846
11,KTLX20100924_114830_V03,-30.109,0.295,178.035,323.357,19.916,-97.947,35.226,9958.123,62090.639,20100924_064830
16,KTLX20100924_115816_V03,-20.342,0.157,339.520,265.162,8.971,-97.060,35.490,4485.653,26341.594,20100924_065816
16,KTLX20100924_120800_V03,-10.609,0.135,343.107,267.301,18.705,-97.040,35.480,9352.680,27053.051,20100924_070800
3,KTLX20100924_111919_V03,-59.292,0.056,177.261,305.108,8.509,-97.952,35.308,4254.602,61422.453,20100924_061919
5,KTLX20100924_112902_V03,-49.575,0.305,169.234,527.801,6.783,-97.988,34.304,3391.644,131332.373,20100924_062902
7,KTLX20100924_112902_V03,-49.575,0.214,231.638,320.022,11.527,-97.653,35.242,5763.540,35616.856,20100924_062902
10,KTLX20100924_112902_V03,-49.575,0.076,266.992,561.448,7.437,-97.456,34.155,3718.394,131761.642,20100924_062902
12,KTLX20100924_113846_V03,-39.842,0.057,318.557,459.777,12.226,-97.176,34.613,6112.915,80425.408,20100924_063846
15,KTLX20100924_114830_V03,-30.109,0.060,180.762,459.527,11.433,-97.928,34.612,5716.564,99582.122,20100924_064830
17,KTLX20100924_121743_V03,-0.892,0.242,155.677,90.481,8.135,-98.081,36.275,4067.358,127207.979,20100924_071743
19,KTLX20100924_121743_V03,-0.892,0.090,291.024,371.076,6.949,-97.327,35.013,3474.600,35820.047,20100924_071743
21,KTLX20100924_131605_V03,57.475,0.052,83.842,405.516,3.925,-98.459,34.852,1962.720,120268.163,20100924_081605
1,KTLX20100927_122352_V03,2.981,0.134,22.999,452.863,33.013,-98.788,34.635,16506.439,158190.198,20100927_072352
1,KTLX20100928_121510_V03,-6.484,0.288,297.836,373.738,7.416,-97.289,35.001,3708.040,36885.005,20100928_071510
1,KTLX20100928_122453_V03,3.232,0.060,299.219,376.204,18.552,-97.282,34.990,9276.114,38104.166,20100928_072453
2,KTLX20100928_121510_V03,-6.484,0.193,396.545,251.506,6.655,-96.745,35.550,3327.568,54020.062,20100928_071510
1,KTLX20100929_114050_V03,-41.587,0.062,289.789,107.025,2.770,-97.334,36.203,1384.941,96622.507,20100929_064050
1,KTLX20100930_113439_V03,-48.544,0.090,29.603,411.684,54.257,-98.755,34.821,27128.532,146277.074,20100930_063439
2,KTLX20100930_121322_V03,-9.827,0.621,300.402,37.889,15.456,-97.275,36.514,7727.982,131055.513,20100930_071322
2,KTLX20100930_122303_V03,-0.144,-1.000,300.402,37.889,30.852,-97.275,36.514,15426.232,131055.513,20100930_072303
2,KTLX20100930_123244_V03,9.540,0.067,292.391,46.422,23.064,-97.320,36.476,11531.956,126846.130,20100930_073244
3,KTLX20100930_121322_V03,-9.827,0.219,384.843,365.689,11.513,-96.813,35.036,5756.361,53649.965,20100930_071322
6,KTLX20100930_131127_V03,48.256,0.088,98.903,250.991,124.463,-98.386,35.549,62231.373,103491.592,20100930_081127
1,KTLX20101001_130344_V03,39.762,0.159,307.104,62.081,37.991,-97.238,36.405,18995.255,119012.435,20101001_080344
3,KTLX20101002_121738_V03,-7.120,0.066,388.252,357.269,6.124,-96.794,35.074,3062.050,52602.463,20101002_071738
3,KTLX20101002_122719_V03,2.564,0.058,389.614,358.713,18.357,-96.786,35.067,9178.713,53567.459,20101002_072719
1,KTLX20101002_121738_V03,-7.120,0.379,290.989,371.077,6.214,-97.327,35.013,3106.941,35822.791,20101002_071738
1,KTLX20101003_122120_V03,-4.206,0.091,378.612,363.690,11.307,-96.847,35.045,5653.259,50587.031,20101003_072120
2,KTLX20101003_124043_V03,15.177,0.112,289.110,35.827,12.266,-97.338,36.523,6132.771,132198.786,20101003_074043
3,KTLX20101004_122147_V03,-4.547,0.051,288.490,365.662,8.613,-97.341,35.037,4306.591,33331.692,20101004_072147
3,KTLX20101004_123130_V03,5.170,0.095,270.090,354.348,25.786,-97.441,35.088,12892.915,31017.123,20101004_073130
1,KTLX20101004_121205_V03,-14.247,0.086,188.731,377.549,5.106,-97.887,34.982,2552.801,67813.608,20101004_071205
2,KTLX20101004_121205_V03,-14.247,0.069,386.184,349.016,5.117,-96.805,35.111,2558.266,49573.967,20101004_071205
4,KTLX20101004_123130_V03,5.170,0.173,259.978,328.864,16.342,-97.497,35.203,8171.144,24672.197,20101004_073130
5,KTLX20101004_132000_V03,53.670,0.162,132.540,392.451,21.142,-98.194,34.913,10571.020,95642.847,20101004_082000
1,KTLX20101005_121655_V03,-10.209,0.874,383.184,346.435,8.593,-96.821,35.123,4296.495,47633.498,20101005_071655
1,KTLX20101005_122637_V03,-0.509,0.885,383.634,346.141,17.016,-96.819,35.124,8507.924,47758.675,20101005_072637
3,KTLX20101005_122637_V03,-0.509,0.087,292.494,367.263,11.563,-97.319,35.030,5781.527,33840.407,20101005_072637
2,KTLX20101006_121448_V03,-13.127,0.541,384.840,351.517,7.726,-96.812,35.100,3863.234,49628.245,20101006_071448
2,KTLX20101006_122429_V03,-3.443,0.750,387.580,348.928,16.260,-96.797,35.112,8129.877,50160.299,20101006_072429
2,KTLX20101006_123410_V03,6.240,0.615,392.183,345.790,23.651,-96.772,35.126,11825.718,51464.698,20101006_073410
5,KTLX20101006_134159_V03,74.057,0.061,290.162,106.555,12.057,-97.332,36.205,6028.305,96847.342,20101006_084159
5,KTLX20101006_135141_V03,83.757,0.148,291.706,106.956,21.602,-97.324,36.203,10801.115,96610.970,20101006_085141
1,KTLX20101006_115527_V03,-32.477,0.052,31.253,254.871,7.293,-98.759,35.527,3646.367,136255.078,20101006_065527
3,KTLX20101006_123410_V03,6.240,0.054,259.342,328.116,16.872,-97.501,35.206,8436.058,24716.160,20101006_073410
4,KTLX20101006_131255_V03,44.990,0.091,49.064,408.803,11.266,-98.649,34.835,5633.038,136754.461,20101006_081255
1,KTLX20101007_121540_V03,-13.066,0.235,384.692,352.296,7.334,-96.813,35.096,3666.822,49768.380,20101007_071540
1,KTLX20101007_122520_V03,-3.399,-1.000,384.692,352.296,22.704,-96.813,35.096,11351.822,49768.380,20101007_072520
1,KTLX20101007_123459_V03,6.251,0.105,390.467,354.635,17.423,-96.781,35.086,8711.514,52842.284,20101007_073459
1,KTLX20101008_121552_V03,-13.676,0.305,386.423,351.939,5.601,-96.804,35.098,2800.596,50414.694,20101008_071552
1,KTLX20101008_122533_V03,-3.993,0.125,386.537,352.878,16.131,-96.803,35.094,8065.682,50707.051,20101008_072533
1,KTLX20101008_123514_V03,5.690,0.068,387.406,352.940,19.824,-96.798,35.094,9912.245,51094.385,20101008_073514
1,KTLX20101008_124455_V03,15.374,0.119,393.517,351.777,24.973,-96.765,35.099,12486.460,53447.014,20101008_074455
3,KTLX20101008_122533_V03,-3.993,0.056,195.612,62.268,6.411,-97.859,36.403,3205.257,129820.602,20101008_072533
1,KTLX20101009_122720_V03,-3.025,0.097,398.786,337.575,15.041,-96.735,35.163,7520.359,52845.585,20101009_072720
2,KTLX20101009_122720_V03,-3.025,0.074,393.878,357.372,15.112,-96.763,35.073,7556.002,55010.560,20101009_072720
3,KTLX20101009_132525_V03,55.058,0.074,231.872,100.874,41.517,-97.656,36.230,20758.358,105229.112,20101009_082525
4,KTLX20101009_132525_V03,55.058,0.052,27.290,177.793,23.130,-98.787,35.874,11565.109,149419.801,20101009_082525
5,KTLX20101009_134447_V03,74.425,0.069,142.041,416.178,30.979,-98.141,34.806,15489.283,98041.533,20101009_084447
2,KTLX20101010_121700_V03,-14.180,0.251,386.262,351.550,5.556,-96.804,35.100,2778.120,50245.587,20101010_071700
2,KTLX20101010_122154_V03,-9.280,0.392,386.297,351.623,11.090,-96.804,35.099,5545.042,50279.613,20101010_072154
2,KTLX20101010_122651_V03,-4.330,-1.000,386.326,351.682,17.136,-96.804,35.099,8568.141,50307.120,20101010_072651
2,KTLX20101010_123145_V03,0.570,0.160,385.186,338.294,19.575,-96.810,35.160,9787.463,46698.743,20101010_073145
1,KTLX20101010_114733_V03,-43.630,0.076,360.312,135.535,12.303,-96.943,36.074,6151.432,87587.654,20101010_064733
4,KTLX20101010_122154_V03,-9.280,0.092,385.100,330.803,17.201,-96.810,35.193,8600.414,45251.512,20101010_072154
6,KTLX20101010_123640_V03,5.487,0.150,257.668,328.047,22.818,-97.510,35.206,11409.004,25390.131,20101010_073640
9,KTLX20101010_135515_V03,84.070,0.130,261.030,146.170,9.149,-97.494,36.026,4574.455,79344.785,20101010_085515
10,KTLX20101010_135515_V03,84.070,0.067,517.166,504.096,36.778,-96.097,34.407,18389.214,149010.104,20101010_085515
1,KTLX20101011_122346_V03,-8.239,0.665,388.486,356.113,8.397,-96.792,35.079,4198.750,52388.981,20101011_072346
1,KTLX20101011_122931_V03,-2.489,0.664,389.988,356.339,14.459,-96.784,35.078,7229.332,53084.867,20101011_072931
1,KTLX20101011_123515_V03,3.245,0.564,392.040,356.781,15.370,-96.773,35.076,7684.916,54072.893,20101011_073515
1,KTLX20101011_124100_V03,8.995,0.590,400.251,357.784,23.245,-96.728,35.071,11622.737,57855.993,20101011_074100
2,KTLX20101011_122346_V03,-8.239,0.180,217.541,287.510,10.848,-97.731,35.388,5423.990,41699.595,20101011_072346
2,KTLX20101011_122931_V03,-2.489,0.050,217.950,287.522,17.322,-97.729,35.388,8660.922,41496.909,20101011_072931
5,KTLX20101011_124100_V03,8.995,0.376,415.881,145.920,75.085,-96.635,36.026,37542.656,96396.454,20101011_074100
5,KTLX20101011_124645_V03,14.745,0.353,417.077,145.686,81.802,-96.628,36.027,40901.198,96850.175,20101011_074645
5,KTLX20101011_125230_V03,20.495,0.092,427.096,149.066,73.491,-96.573,36.011,36745.613,98659.235,20101011_075230
9,KTLX20101011_131530_V03,43.495,0.064,235.322,290.607,42.637,-97.633,35.375,21318.317,32678.386,20101011_081530
9,KTLX20101011_132115_V03,49.245,0.118,237.435,293.080,48.257,-97.622,35.364,24128.349,31473.028,20101011_082115
6,KTLX20101011_124100_V03,8.995,0.325,286.225,357.278,20.593,-97.353,35.075,10296.494,29455.539,20101011_074100
10,KTLX20101011_132115_V03,49.245,0.192,17.593,515.975,27.979,-98.812,34.350,13989.342,177763.029,20101011_082115
11,KTLX20101011_133830_V03,66.495,0.146,436.504,514.609,20.486,-96.536,34.364,10242.858,127171.578,20101011_083830
1,KTLX20101012_121635_V03,-16.253,0.137,392.098,364.489,10.409,-96.773,35.041,5204.325,56216.042,20101012_071635
1,KTLX20101012_122132_V03,-11.303,0.224,393.023,366.214,16.994,-96.768,35.034,8497.184,57091.108,20101012_072132
3,KTLX20101012_122628_V03,-6.370,0.101,294.414,50.206,16.725,-97.309,36.459,8362.469,124927.980,20101012_072628
1,KTLX20101013_121323_V03,-20.290,0.110,297.507,55.727,6.478,-97.291,36.434,3239.014,122142.777,20101013_071323
1,KTLX20101013_122304_V03,-10.606,0.274,297.386,55.191,13.884,-97.292,36.436,6942.144,122411.349,20101013_072304
1,KTLX20101013_123246_V03,-0.906,0.295,295.972,58.430,21.793,-97.300,36.422,10896.750,120801.591,20101013_073246
1,KTLX20101013_124227_V03,8.777,0.508,299.075,66.064,25.129,-97.283,36.387,12564.470,116969.057,20101013_074227
1,KTLX20101013_125208_V03,18.460,0.078,300.550,56.156,26.918,-97.274,36.432,13458.963,121922.087,20101013_075208
1,KTLX20101013_130150_V03,28.160,0.333,300.844,55.924,38.922,-97.273,36.433,19460.839,122038.813,20101013_080150
1,KTLX20101013_131130_V03,37.827,0.185,305.409,73.342,44.178,-97.247,36.354,22089.016,113361.508,20101013_081130
1,KTLX20101013_132111_V03,47.510,0.054,305.468,89.449,48.743,-97.247,36.282,24371.435,105311.232,20101013_082111
4,KTLX20101013_123246_V03,-0.906,0.058,388.259,372.742,11.831,-96.794,35.004,5915.329,57186.303,20101013_073246
1,KTLX20101014_122720_V03,-7.181,0.337,248.790,270.589,18.181,-97.560,35.465,9090.319,29527.588,20101014_072720
2,KTLX20101014_122720_V03,-7.181,0.193,184.280,295.399,10.746,-97.914,35.352,5373.184,57905.900,20101014_072720
3,KTLX20101014_122720_V03,-7.181,0.089,257.965,329.006,8.070,-97.508,35.202,4035.002,25535.630,20101014_072720
4,KTLX20101014_123702_V03,2.519,0.275,379.194,365.727,16.435,-96.844,35.036,8217.690,51458.161,20101014_073702
5,KTLX20101014_123702_V03,2.519,0.109,297.589,45.663,25.108,-97.291,36.479,12553.940,127174.231,20101014_073702
6,KTLX20101014_130134_V03,27.052,0.119,318.213,47.908,28.488,-97.176,36.469,14244.106,126374.643,20101014_080134
3,KTLX20101015_122818_V03,-7.062,0.053,255.466,330.282,5.853,-97.522,35.196,2926.468,26926.989,20101015_072818
3,KTLX20101015_123800_V03,2.638,0.106,258.265,333.571,22.175,-97.507,35.182,11087.410,26780.870,20101015_073800
1,KTLX20101015_121836_V03,-16.762,0.344,393.434,356.124,7.971,-96.765,35.079,3985.678,54497.069,20101015_071836
4,KTLX20101018_123302_V03,-4.903,0.076,388.755,498.231,33.157,-96.795,34.439,16578.259,108596.658,20101018_073302
4,KTLX20101018_123757_V03,0.014,0.069,390.337,499.577,42.019,-96.786,34.433,21009.579,109534.964,20101018_073757
5,KTLX20101018_123757_V03,0.014,0.459,257.957,324.391,20.288,-97.508,35.223,10144.165,24302.786,20101018_073757
5,KTLX20101018_124253_V03,4.947,0.062,257.449,325.067,28.516,-97.511,35.220,14258.169,24693.033,20101018_074253
1,KTLX20101018_113858_V03,-58.970,0.101,161.108,120.929,3.649,-98.049,36.138,1824.495,113310.842,20101018_063858
3,KTLX20101018_113858_V03,-58.970,0.057,47.066,206.427,8.768,-98.676,35.747,4383.877,134843.836,20101018_063858
15,KTLX20101019_130434_V03,25.761,0.069,240.858,312.933,34.892,-97.603,35.274,17445.793,30269.978,20101019_080434
15,KTLX20101019_130929_V03,30.677,0.080,241.658,312.631,41.245,-97.598,35.276,20622.321,29846.750,20101019_080929
15,KTLX20101019_131423_V03,35.577,0.052,248.134,309.647,41.228,-97.563,35.289,20613.942,26377.647,20101019_081423
27,KTLX20101019_135339_V03,74.844,0.085,278.435,229.479,9.022,-97.397,35.651,4510.818,36872.232,20101019_085339
27,KTLX20101019_135834_V03,79.761,-1.000,278.435,229.479,16.839,-97.397,35.651,8419.568,36872.232,20101019_085834
27,KTLX20101019_140328_V03,84.661,0.131,284.051,227.339,20.012,-97.366,35.660,10006.157,37195.360,20101019_090328
27,KTLX20101019_140823_V03,89.577,0.077,287.431,226.609,23.086,-97.347,35.664,11543.155,37229.644,20101019_090823
1,KTLX20101019_115056_V03,-47.873,0.195,369.357,168.918,66.291,-96.893,35.923,33145.390,74150.010,20101019_065056
1,KTLX20101019_115551_V03,-42.956,0.089,370.945,171.071,72.062,-96.885,35.913,36030.881,73579.793,20101019_065551
2,KTLX20101019_115056_V03,-47.873,0.080,155.301,79.370,19.900,-98.083,36.325,9949.816,131923.669,20101019_065056
2,KTLX20101019_115551_V03,-42.956,0.077,156.719,79.155,26.214,-98.075,36.326,13107.236,131626.421,20101019_065551
7,KTLX20101019_123507_V03,-3.689,0.118,397.523,327.367,3.620,-96.742,35.209,1809.883,50645.262,20101019_073507
7,KTLX20101019_124002_V03,1.227,0.062,399.006,327.879,10.019,-96.734,35.206,5009.502,51428.199,20101019_074002
13,KTLX20101019_125445_V03,15.944,0.051,411.645,193.859,22.090,-96.660,35.810,11045.113,77023.482,20101019_075445
13,KTLX20101019_125940_V03,20.861,-1.000,411.645,193.859,29.908,-96.660,35.810,14953.863,77023.482,20101019_075940
13,KTLX20101019_130434_V03,25.761,0.054,419.820,186.802,31.508,-96.614,35.841,15753.999,82417.474,20101019_080434
13,KTLX20101019_130929_V03,30.677,0.056,436.259,183.978,25.737,-96.523,35.854,12868.374,89481.398,20101019_080929
13,KTLX20101019_131423_V03,35.577,0.341,436.534,185.057,31.838,-96.522,35.849,15919.095,89237.943,20101019_081423
21,KTLX20101019_133401_V03,55.211,0.058,212.016,282.829,24.619,-97.762,35.409,12309.378,44822.147,20101019_083401
21,KTLX20101019_133856_V03,60.127,0.091,213.550,283.160,30.343,-97.753,35.408,15171.264,44037.333,20101019_083856
24,KTLX20101019_134845_V03,69.944,0.123,360.677,178.684,21.821,-96.942,35.879,10910.290,67821.905,20101019_084845
24,KTLX20101019_135339_V03,74.844,0.087,363.527,178.789,27.616,-96.926,35.879,13808.032,68425.047,20101019_085339
29,KTLX20101019_135834_V03,79.761,0.058,292.158,86.587,34.470,-97.321,36.295,17234.844,106778.747,20101019_085834
29,KTLX20101019_140328_V03,84.661,-1.000,292.158,86.587,42.261,-97.321,36.295,21130.344,106778.747,20101019_090328
29,KTLX20101019_140823_V03,89.577,0.107,298.022,92.118,43.654,-97.289,36.270,21827.123,103945.559,20101019_090823
3,KTLX20101019_120045_V03,-38.056,0.236,300.949,208.656,2.841,-97.272,35.745,1420.612,45674.460,20101019_070045
5,KTLX20101019_121528_V03,-23.339,0.070,356.898,215.685,7.514,-96.963,35.713,3757.034,50858.670,20101019_071528
6,KTLX20101019_123013_V03,-8.589,0.051,300.742,159.440,26.861,-97.273,35.966,13430.286,70280.918,20101019_073013
8,KTLX20101019_123507_V03,-3.689,0.085,384.719,363.886,8.600,-96.813,35.044,4300.154,53053.453,20101019_073507
10,KTLX20101019_124002_V03,1.227,0.063,154.711,326.569,6.347,-98.075,35.211,3173.399,73849.306,20101019_074002
11,KTLX20101019_124456_V03,6.127,0.071,76.184,213.299,24.330,-98.514,35.717,12165.178,120011.188,20101019_074456
12,KTLX20101019_124951_V03,11.044,0.088,166.835,285.740,7.071,-98.010,35.395,3535.669,66962.933,20101019_074951
14,KTLX20101019_125940_V03,20.861,0.165,165.855,355.156,9.210,-98.013,35.082,4605.194,72520.951,20101019_075940
19,KTLX20101019_132907_V03,50.311,0.076,342.186,279.722,15.896,-97.045,35.424,7948.204,23403.166,20101019_082907
20,KTLX20101019_133401_V03,55.211,0.127,229.242,226.825,19.399,-97.668,35.662,9699.301,50894.933,20101019_083401
22,KTLX20101019_133856_V03,60.127,0.186,419.260,173.301,32.778,-96.617,35.902,16388.912,86999.293,20101019_083856
25,KTLX20101019_134845_V03,69.944,0.116,319.883,314.142,28.790,-97.168,35.269,14394.985,12199.669,20101019_084845
28,KTLX20101019_135339_V03,74.844,0.059,428.135,182.362,32.004,-96.568,35.861,16001.820,86973.068,20101019_085339
2,KTLX20101020_123403_V03,-5.632,0.232,391.854,361.793,7.151,-96.774,35.054,3575.476,55352.443,20101020_073403
2,KTLX20101020_124344_V03,4.052,0.234,389.961,365.461,18.430,-96.785,35.037,9215.090,55628.741,20101020_074344
1,KTLX20101020_122422_V03,-15.315,0.106,32.047,263.859,3.696,-98.754,35.487,1848.007,135189.613,20101020_072422
3,KTLX20101020_124344_V03,4.052,0.261,258.162,328.596,18.238,-97.507,35.204,9119.154,25338.417,20101020_074344
4,KTLX20101020_124344_V03,4.052,0.102,326.796,38.612,23.086,-97.128,36.511,11543.068,131378.788,20101020_074344
5,KTLX20101020_132300_V03,43.318,0.177,384.829,106.850,7.754,-96.806,36.203,3877.045,105478.508,20101020_082300
1,KTLX20101021_122816_V03,-12.296,0.147,390.602,360.312,6.099,-96.781,35.060,3049.694,54420.291,20101021_072816
1,KTLX20101021_123312_V03,-7.363,0.069,390.878,361.014,12.642,-96.779,35.057,6321.204,54730.297,20101021_073312
1,KTLX20101021_124252_V03,2.304,0.141,398.512,363.587,17.103,-96.738,35.045,8551.367,58625.694,20101021_074252
1,KTLX20101021_125232_V03,11.970,0.231,401.021,366.503,17.190,-96.724,35.032,8594.829,60472.975,20101021_075232
4,KTLX20101021_123312_V03,-7.363,0.082,256.948,330.877,10.076,-97.514,35.194,5037.806,26490.113,20101021_073312
4,KTLX20101021_124252_V03,2.304,0.074,258.307,330.626,21.470,-97.506,35.195,10734.932,25866.432,20101021_074252
2,KTLX20101021_123312_V03,-7.363,0.613,194.607,63.957,5.955,-97.865,36.395,2977.520,129251.694,20101021_073312
2,KTLX20101022_121904_V03,-22.384,0.194,418.706,423.242,3.654,-96.629,34.776,1827.044,85556.502,20101022_071904
2,KTLX20101022_122358_V03,-17.484,-1.000,418.706,423.242,11.445,-96.629,34.776,5722.544,85556.502,20101022_072358
2,KTLX20101022_122852_V03,-12.584,0.118,429.103,426.423,20.032,-96.572,34.761,10016.132,90346.725,20101022_072852
4,KTLX20101022_123347_V03,-7.667,0.072,185.595,348.530,24.431,-97.905,35.113,12215.544,62136.051,20101022_073347
4,KTLX20101022_123841_V03,-2.767,0.092,187.367,347.314,30.108,-97.895,35.118,15054.121,61083.432,20101022_073841
4,KTLX20101022_124336_V03,2.150,0.267,203.115,334.204,21.054,-97.809,35.178,10526.987,51372.820,20101022_074336
4,KTLX20101022_124830_V03,7.050,0.105,204.284,332.603,26.905,-97.803,35.185,13452.600,50558.230,20101022_074830
11,KTLX20101022_140209_V03,80.700,0.140,524.656,272.626,11.951,-96.040,35.450,5975.666,113158.912,20101022_090209
11,KTLX20101022_140703_V03,85.600,0.088,523.717,272.379,19.822,-96.045,35.451,9911.049,112707.883,20101022_090703
1,KTLX20101022_114935_V03,-51.867,0.073,337.356,314.825,10.027,-97.072,35.266,5013.309,20095.066,20101022_064935
5,KTLX20101022_123347_V03,-7.667,0.050,364.757,374.239,25.994,-96.923,34.998,12996.897,49256.853,20101022_073347
5,KTLX20101022_123841_V03,-2.767,0.209,365.372,366.436,23.385,-96.919,35.033,11692.720,46602.762,20101022_073841
1,KTLX20101023_124203_V03,-0.294,0.096,248.303,332.244,19.078,-97.561,35.187,9538.761,30464.266,20101023_074203
1,KTLX20101023_124657_V03,4.606,0.203,249.734,328.677,25.122,-97.553,35.204,12561.180,28935.298,20101023_074657
9,KTLX20101023_140033_V03,78.206,0.050,261.633,315.358,39.466,-97.488,35.264,19732.992,20663.129,20101023_090033
9,KTLX20101023_140527_V03,83.106,0.386,264.541,314.672,45.721,-97.472,35.267,22860.498,19187.143,20101023_090527
8,KTLX20101023_140033_V03,78.206,0.100,117.316,446.962,55.556,-98.274,34.667,27777.809,117229.832,20101023_090033
8,KTLX20101023_140527_V03,83.106,-1.000,117.316,446.962,63.347,-98.274,34.667,31673.309,117229.832,20101023_090527
8,KTLX20101023_141021_V03,88.006,0.114,119.370,432.887,67.798,-98.264,34.730,33898.817,112122.840,20101023_091021
2,KTLX20101023_130634_V03,24.223,0.067,24.872,501.199,34.534,-98.774,34.417,17266.754,170423.236,20101023_080634
2,KTLX20101023_131128_V03,29.123,0.060,26.092,491.513,30.184,-98.768,34.461,15092.047,167109.702,20101023_081128
4,KTLX20101023_131623_V03,34.040,0.061,194.381,400.702,35.160,-97.855,34.878,17579.762,72966.186,20101023_081623
4,KTLX20101023_132117_V03,38.940,0.085,204.670,388.398,31.409,-97.799,34.934,15704.287,65004.152,20101023_082117
6,KTLX20101023_134054_V03,58.556,0.179,279.860,362.569,26.339,-97.388,35.051,13169.657,32865.383,20101023_084054
7,KTLX20101023_135042_V03,68.356,0.052,100.981,463.579,53.583,-98.362,34.591,26791.439,128808.574,20101023_085042
1,KTLX20101024_124548_V03,2.557,0.782,253.833,321.807,20.579,-97.531,35.235,10289.501,25529.228,20101024_074548
1,KTLX20101024_125530_V03,12.257,0.520,255.564,320.477,31.364,-97.522,35.241,15682.027,24463.634,20101024_075530
3,KTLX20101024_133415_V03,51.007,0.066,410.579,523.674,42.332,-96.677,34.323,21166.145,124757.675,20101024_083415
3,KTLX20101024_134356_V03,60.690,0.072,413.946,525.984,56.104,-96.659,34.313,28051.970,126543.006,20101024_084356
2,KTLX20101024_124548_V03,2.557,0.072,398.467,508.414,17.819,-96.742,34.393,8909.396,115252.151,20101024_074548
4,KTLX20101025_123343_V03,-10.432,0.096,511.251,232.657,7.348,-96.111,35.631,3673.786,110862.756,20101025_073343
4,KTLX20101025_124323_V03,-0.765,0.316,513.156,232.429,25.179,-96.101,35.632,12589.502,111804.873,20101025_074323
5,KTLX20101025_123343_V03,-10.432,0.051,158.832,394.934,4.697,-98.050,34.903,2348.494,85059.939,20101025_073343
5,KTLX20101025_124323_V03,-0.765,0.053,155.449,396.542,18.706,-98.068,34.895,9353.223,86912.706,20101025_074323
1,KTLX20101025_120443_V03,-39.432,0.110,314.384,68.666,2.586,-97.197,36.375,1293.156,115890.253,20101025_070443
3,KTLX20101025_123343_V03,-10.432,0.196,393.617,338.397,27.327,-96.764,35.159,13663.660,50592.569,20101025_073343
1,KTLX20101026_123405_V03,-10.977,0.129,262.030,334.048,6.181,-97.486,35.179,3090.717,25499.926,20101026_073405
2,KTLX20101026_123405_V03,-10.977,0.057,257.025,272.473,11.205,-97.514,35.457,5602.404,25517.689,20101026_073405
3,KTLX20101026_130308_V03,18.073,0.058,30.639,386.598,56.841,-98.752,34.934,28420.736,141469.370,20101026_080308
4,KTLX20101026_134153_V03,56.823,0.100,24.094,261.690,24.833,-98.798,35.496,12416.716,139276.633,20101026_084153
1,KTLX20101027_124247_V03,-3.195,0.132,255.297,334.083,13.268,-97.523,35.179,6634.132,28106.982,20101027_074247
2,KTLX20101027_124247_V03,-3.195,0.071,403.824,367.282,15.211,-96.709,35.028,7605.621,61859.357,20101027_074247
3,KTLX20101027_124832_V03,2.555,0.062,410.029,427.618,5.141,-96.677,34.756,2570.580,84250.630,20101027_074832
1,KTLX20101029_125118_V03,3.469,0.066,255.042,327.779,28.405,-97.524,35.208,14202.623,26423.823,20101029_075118
2,KTLX20101029_130101_V03,13.186,0.051,213.243,69.423,2.358,-97.761,36.371,1179.249,123179.120,20101029_080101
1,KTLX20101030_124544_V03,-3.033,0.323,258.349,320.978,17.722,-97.506,35.238,8861.076,23317.850,20101030_074544
1,KTLX20101030_125526_V03,6.667,0.208,258.318,320.302,29.094,-97.506,35.241,14546.986,23181.760,20101030_075526
3,KTLX20101031_124955_V03,0.209,0.639,255.020,325.601,20.285,-97.525,35.217,10142.258,25877.550,20101031_074955
3,KTLX20101031_125937_V03,9.909,0.555,257.874,326.333,30.543,-97.509,35.214,15271.618,24839.658,20101031_075937
1,KTLX20101031_124014_V03,-9.474,0.630,406.970,384.658,5.224,-96.692,34.950,2612.061,68208.244,20101031_074014
1,KTLX20101101_124312_V03,-7.454,0.051,260.713,337.937,8.729,-97.493,35.162,4364.290,27306.928,20101101_074312
2,KTLX20101101_125254_V03,2.246,0.061,339.924,236.634,63.538,-97.057,35.618,31768.948,37447.370,20101101_075254
3,KTLX20101101_131217_V03,21.629,0.052,179.119,183.900,2.302,-97.947,35.854,1150.784,83802.531,20101101_081217
1,KTLX20101102_130713_V03,15.611,0.104,463.206,304.641,9.292,-96.380,35.309,4646.145,81635.771,20101102_080713
1,KTLX20101103_124300_V03,-9.562,0.414,261.414,338.597,11.806,-97.489,35.159,5903.074,27288.468,20101103_074300
1,KTLX20101103_124756_V03,-4.629,0.422,262.408,341.803,19.594,-97.484,35.144,9796.763,28109.929,20101103_074756
1,KTLX20101103_125251_V03,0.288,0.318,267.242,351.637,26.001,-97.457,35.100,13000.318,30575.753,20101103_075251
1,KTLX20101103_125746_V03,5.204,0.092,265.295,358.911,32.576,-97.468,35.067,16288.191,34186.854,20101103_075746
3,KTLX20101103_125251_V03,0.288,0.094,352.778,141.555,2.824,-96.985,36.047,1411.873,83501.961,20101103_075251
3,KTLX20101103_125746_V03,5.204,0.371,355.610,144.370,12.511,-96.969,36.034,6255.569,82633.434,20101103_075746
3,KTLX20101103_130242_V03,10.138,0.093,354.267,159.925,18.205,-96.977,35.964,9102.534,75109.735,20101103_080242
2,KTLX20101103_124300_V03,-9.562,0.065,388.272,318.399,5.242,-96.793,35.249,2620.968,45084.386,20101103_074300
2,KTLX20101103_124756_V03,-4.629,-1.000,388.272,318.399,13.086,-96.793,35.249,6542.968,45084.386,20101103_074756
2,KTLX20101103_125251_V03,0.288,0.051,387.055,317.655,23.384,-96.799,35.253,11692.107,44413.576,20101103_075251
6,KTLX20101103_125746_V03,5.204,0.070,385.461,443.339,8.274,-96.811,34.686,4137.024,83441.057,20101103_075746
8,KTLX20101103_131234_V03,20.004,0.104,359.892,399.486,45.667,-96.950,34.884,22833.683,58061.444,20101103_081234
9,KTLX20101103_141041_V03,78.121,0.244,383.141,54.310,3.153,-96.814,36.439,1576.504,129688.253,20101103_091041
1,KTLX20101104_124301_V03,-10.507,0.099,275.550,362.391,19.992,-97.412,35.052,9996.090,33505.579,20101104_074301
1,KTLX20101104_125243_V03,-0.807,0.190,276.311,360.302,28.730,-97.407,35.061,14364.866,32394.181,20101104_075243
2,KTLX20101104_132150_V03,28.310,0.111,95.110,236.449,12.997,-98.408,35.614,6498.689,107259.740,20101104_082150
1,KTLX20101105_120941_V03,-44.806,0.069,349.758,433.480,2.800,-97.006,34.731,1399.803,71226.392,20101105_070941
3,KTLX20101105_123848_V03,-15.689,0.323,295.423,254.312,8.554,-97.303,35.539,4277.191,22958.577,20101105_073848
4,KTLX20101105_130756_V03,13.444,0.102,392.616,183.131,60.894,-96.765,35.859,30447.086,74558.729,20101105_080756
1,KTLX20101106_115730_V03,-57.959,0.068,134.634,331.962,3.476,-98.185,35.186,1737.930,84213.317,20101106_065730
2,KTLX20101106_120713_V03,-48.242,0.189,366.741,209.306,6.714,-96.909,35.741,3356.804,56302.194,20101106_070713
3,KTLX20101106_121656_V03,-38.525,0.139,267.084,156.657,6.827,-97.460,35.979,3413.292,73536.845,20101106_071656
4,KTLX20101106_121656_V03,-38.525,0.056,348.206,422.984,11.859,-97.014,34.778,5929.417,66047.400,20101106_071656
5,KTLX20101106_140348_V03,68.341,0.101,242.205,376.380,5.394,-97.594,34.988,2696.915,47890.999,20101106_090348
5,KTLX20101107_124135_V03,-14.848,0.151,378.791,309.310,5.054,-96.844,35.290,2527.153,39669.468,20101107_064135
5,KTLX20101107_125117_V03,-5.148,0.065,381.728,315.047,22.230,-96.828,35.264,11114.936,41550.674,20101107_065117
5,KTLX20101107_130059_V03,4.552,0.063,397.093,309.061,33.666,-96.744,35.291,16832.819,48757.276,20101107_070059
1,KTLX20101107_120249_V03,-53.615,0.723,148.635,332.304,11.320,-98.108,35.185,5660.112,77386.909,20101107_060249
1,KTLX20101107_121230_V03,-43.931,0.080,149.772,332.210,22.303,-98.102,35.185,11151.398,76821.210,20101107_061230
8,KTLX20101107_125117_V03,-5.148,0.178,257.181,324.065,21.989,-97.513,35.224,10994.715,24559.011,20101107_065117
8,KTLX20101107_130059_V03,4.552,0.084,258.394,323.661,33.047,-97.506,35.226,16523.328,23931.435,20101107_070059
3,KTLX20101107_121230_V03,-43.931,0.273,239.335,447.186,8.151,-97.608,34.669,4075.621,79598.901,20101107_061230
9,KTLX20101107_125117_V03,-5.148,0.055,383.605,473.855,11.599,-96.822,34.549,5799.372,96456.374,20101107_065117
1,KTLX20101108_120645_V03,-50.657,0.384,161.475,330.509,8.463,-98.038,35.193,4231.501,70922.212,20101108_060645
3,KTLX20101108_121626_V03,-40.974,0.175,341.706,414.289,6.669,-97.050,34.818,3334.322,60830.303,20101108_061626
5,KTLX20101108_124531_V03,-11.891,0.073,196.321,286.532,6.726,-97.848,35.392,3363.064,52274.961,20101108_064531
6,KTLX20101108_125513_V03,-2.191,0.151,262.189,326.411,24.891,-97.485,35.214,12445.608,23060.948,20101108_065513
1,KTLX20101109_125704_V03,-1.319,0.352,397.469,285.051,14.075,-96.741,35.399,7037.472,49304.380,20101109_065704
2,KTLX20101109_133550_V03,37.448,0.254,199.691,385.893,3.257,-97.827,34.945,1628.468,66029.054,20101109_073550
2,KTLX20101110_125953_V03,0.517,0.179,180.163,141.221,3.691,-97.942,36.047,1845.650,99462.994,20101110_065953
2,KTLX20101110_130934_V03,10.200,0.080,182.742,150.911,11.882,-97.928,36.003,5941.219,94838.088,20101110_070934
2,KTLX20101110_131915_V03,19.884,-1.000,185.166,160.017,20.507,-97.914,35.962,10253.453,90529.032,20101110_071915
2,KTLX20101110_132857_V03,29.584,0.124,194.250,146.495,36.936,-97.864,36.023,18468.242,93202.602,20101110_072857
1,KTLX20101110_125953_V03,0.517,0.275,436.995,311.485,40.287,-96.525,35.279,20143.341,68737.990,20101110_065953
1,KTLX20101110_130934_V03,10.200,0.262,417.453,304.207,44.961,-96.632,35.312,22480.402,58764.019,20101110_070934
4,KTLX20101110_125953_V03,0.517,0.095,131.004,337.914,2.603,-98.205,35.159,1301.258,86598.381,20101110_065953
8,KTLX20101110_130934_V03,10.200,0.239,305.128,120.941,2.250,-97.249,36.140,1125.248,89566.183,20101110_070934
10,KTLX20101110_130934_V03,10.200,0.088,362.530,129.702,16.228,-96.930,36.100,8113.838,90707.649,20101110_070934
12,KTLX20101110_132857_V03,29.584,0.127,65.933,189.454,38.774,-98.573,35.824,19387.054,129429.321,20101110_072857
28,KTLX20101111_133954_V03,39.552,0.055,244.751,408.437,11.511,-97.580,34.844,5755.354,60850.110,20101111_073954
28,KTLX20101111_134449_V03,44.468,0.762,244.989,409.404,19.894,-97.578,34.840,9946.883,61228.022,20101111_074449
28,KTLX20101111_134943_V03,49.368,0.727,245.702,403.925,21.293,-97.574,34.864,10646.384,58627.558,20101111_074943
28,KTLX20101111_135438_V03,54.285,0.707,250.889,395.106,20.936,-97.546,34.904,10468.194,53518.732,20101111_075438
28,KTLX20101111_135933_V03,59.202,0.528,253.282,389.011,20.067,-97.533,34.932,10033.748,50263.315,20101111_075933
28,KTLX20101111_140428_V03,64.118,0.183,253.876,383.925,20.924,-97.530,34.955,10462.101,47882.091,20101111_080428
28,KTLX20101111_140923_V03,69.035,0.514,261.247,378.333,21.538,-97.490,34.980,10769.082,43697.523,20101111_080923
28,KTLX20101111_141418_V03,73.952,-1.000,266.535,372.780,22.097,-97.461,35.005,11048.312,40052.350,20101111_081418
28,KTLX20101111_141913_V03,78.868,-1.000,271.824,367.226,22.655,-97.432,35.030,11327.542,36446.022,20101111_081913
28,KTLX20101111_142407_V03,83.768,-1.000,277.094,361.691,23.212,-97.403,35.055,11605.825,32903.265,20101111_082407
28,KTLX20101111_142903_V03,88.702,0.764,268.545,356.786,25.112,-97.450,35.077,12555.990,32458.110,20101111_082903
32,KTLX20101111_140428_V03,64.118,0.191,376.243,378.637,15.068,-96.860,34.978,7533.888,54764.849,20101111_080428
32,KTLX20101111_140923_V03,69.035,0.697,376.612,376.372,21.447,-96.858,34.988,10723.377,54088.149,20101111_080923
32,KTLX20101111_141418_V03,73.952,0.745,378.309,368.720,21.101,-96.848,35.023,10550.641,52092.921,20101111_081418
32,KTLX20101111_141913_V03,78.868,0.699,378.872,361.816,19.970,-96.845,35.054,9985.142,50105.020,20101111_081913
32,KTLX20101111_142407_V03,83.768,0.833,383.496,349.936,20.334,-96.820,35.107,10167.117,48644.494,20101111_082407
32,KTLX20101111_142903_V03,88.702,0.078,384.833,348.230,23.609,-96.812,35.115,11804.686,48792.170,20101111_082903
1,KTLX20101111_120138_V03,-58.715,0.285,308.814,419.092,3.130,-97.229,34.796,1565.126,59708.923,20101111_060138
1,KTLX20101111_120633_V03,-53.798,0.184,308.542,418.631,10.907,-97.231,34.798,5453.711,59469.117,20101111_060633
1,KTLX20101111_121127_V03,-48.898,0.196,309.058,417.091,15.497,-97.228,34.805,7748.646,58720.516,20101111_061127
1,KTLX20101111_121622_V03,-43.982,0.110,311.408,410.681,16.078,-97.215,34.834,8038.863,55633.537,20101111_061622
1,KTLX20101111_122117_V03,-39.065,-1.000,313.098,405.967,18.225,-97.206,34.855,9112.361,53386.915,20101111_062117
1,KTLX20101111_122612_V03,-34.148,0.221,321.845,400.506,20.472,-97.158,34.880,10235.790,51426.376,20101111_062612
18,KTLX20101111_130035_V03,0.235,0.184,501.919,497.569,26.210,-96.179,34.438,13104.976,141248.581,20101111_070035
18,KTLX20101111_130530_V03,5.152,0.218,502.154,495.475,31.619,-96.178,34.447,15809.323,140602.972,20101111_070530
18,KTLX20101111_131025_V03,10.068,0.153,508.353,485.591,33.208,-96.143,34.491,16604.157,139512.617,20101111_071025
10,KTLX20101111_123106_V03,-29.248,0.334,332.991,356.002,15.679,-97.097,35.081,7839.369,32498.701,20101111_063106
10,KTLX20101111_123601_V03,-24.332,0.084,332.222,356.316,23.712,-97.101,35.079,11855.911,32441.288,20101111_063601
12,KTLX20101111_123601_V03,-24.332,0.080,398.207,295.898,27.136,-96.737,35.350,13568.115,49146.415,20101111_063601
12,KTLX20101111_124055_V03,-19.432,0.052,398.796,293.643,32.818,-96.734,35.360,16409.207,49500.357,20101111_064055
16,KTLX20101111_125045_V03,-9.598,0.095,320.014,372.671,15.018,-97.168,35.005,7508.837,37688.135,20101111_065045
16,KTLX20101111_125540_V03,-4.682,-1.000,320.014,372.671,22.835,-97.168,35.005,11417.587,37688.135,20101111_065540
16,KTLX20101111_130035_V03,0.235,0.165,323.250,358.747,23.941,-97.150,35.068,11970.422,31589.983,20101111_070035
25,KTLX20101111_133459_V03,34.635,0.415,342.707,288.777,14.941,-97.042,35.383,7470.421,22078.306,20101111_073459
25,KTLX20101111_133954_V03,39.552,0.100,343.300,287.250,21.179,-97.039,35.390,10589.429,22569.318,20101111_073954
25,KTLX20101111_134449_V03,44.468,-1.000,343.776,286.026,27.731,-97.037,35.396,13865.476,22976.208,20101111_074449
25,KTLX20101111_134943_V03,49.368,0.366,353.216,270.769,12.657,-96.984,35.464,6328.644,30357.946,20101111_074943
34,KTLX20101111_141418_V03,73.952,0.137,259.079,368.559,17.944,-97.502,35.024,8972.181,39921.439,20101111_081418
34,KTLX20101111_141913_V03,78.868,0.605,262.439,364.528,21.759,-97.483,35.042,10879.341,37331.764,20101111_081913
4,KTLX20101111_120138_V03,-58.715,0.137,67.592,400.106,12.836,-98.549,34.875,6418.039,126525.335,20101111_060138
5,KTLX20101111_120633_V03,-53.798,0.363,386.540,316.584,5.879,-96.802,35.257,2939.583,44057.411,20101111_060633
7,KTLX20101111_120633_V03,-53.798,0.054,325.149,229.086,12.706,-97.139,35.653,6352.837,37620.762,20101111_060633
8,KTLX20101111_120633_V03,-53.798,0.053,324.933,377.756,5.845,-97.141,34.983,2922.581,40827.975,20101111_060633
9,KTLX20101111_121622_V03,-43.982,0.056,171.312,109.103,23.212,-97.993,36.191,11605.888,115111.109,20101111_061622
11,KTLX20101111_123106_V03,-29.248,0.063,330.329,90.834,24.372,-97.109,36.276,12186.054,105676.746,20101111_063106
13,KTLX20101111_124055_V03,-19.432,0.082,314.495,376.557,18.128,-97.198,34.988,9063.885,38958.714,20101111_064055
14,KTLX20101111_124550_V03,-14.515,0.065,245.425,242.344,10.099,-97.579,35.593,5049.376,39694.415,20101111_064550
15,KTLX20101111_125045_V03,-9.598,0.183,209.238,68.529,16.256,-97.783,36.375,8128.061,124314.903,20101111_065045
17,KTLX20101111_125045_V03,-9.598,0.076,229.398,221.283,16.276,-97.667,35.687,8137.981,52869.971,20101111_065045
19,KTLX20101111_130035_V03,0.235,0.050,354.227,242.663,13.972,-96.978,35.591,6986.172,39459.168,20101111_070035
19,KTLX20101111_130530_V03,5.152,-1.000,354.227,242.663,21.790,-96.978,35.591,10894.922,39459.168,20101111_070530
19,KTLX20101111_131025_V03,10.068,0.190,356.005,236.987,18.067,-96.968,35.617,9033.676,42152.312,20101111_071025
23,KTLX20101111_131519_V03,14.968,0.079,339.112,267.268,27.004,-97.062,35.480,13501.831,25500.644,20101111_071519
24,KTLX20101111_132510_V03,24.818,0.169,336.865,309.447,17.439,-97.075,35.290,8719.700,19028.137,20101111_072510
27,KTLX20101111_133954_V03,39.552,0.056,372.488,416.036,12.778,-96.881,34.809,6388.811,68408.224,20101111_073954
39,KTLX20101111_142407_V03,83.768,0.051,284.001,425.991,16.547,-97.365,34.765,8273.333,63501.518,20101111_082407
6,KTLX20101112_141759_V03,76.652,0.108,408.387,524.739,22.259,-96.689,34.319,11129.293,124754.965,20101112_081759
6,KTLX20101112_142255_V03,81.585,0.228,408.898,522.664,28.407,-96.686,34.328,14203.352,123933.525,20101112_082255
6,KTLX20101112_142750_V03,86.502,0.232,412.252,513.262,28.443,-96.667,34.370,14221.743,120500.268,20101112_082750
1,KTLX20101112_120525_V03,-55.915,0.189,286.891,405.123,6.983,-97.349,34.859,3491.428,52968.665,20101112_060525
1,KTLX20101112_121020_V03,-50.998,0.208,287.545,405.320,14.663,-97.346,34.858,7331.362,53026.852,20101112_061020
2,KTLX20101112_120525_V03,-55.915,0.129,369.803,269.404,12.188,-96.893,35.470,6094.044,38107.036,20101112_060525
2,KTLX20101112_121020_V03,-50.998,0.067,371.418,267.106,18.054,-96.884,35.481,9027.134,39314.639,20101112_061020
3,KTLX20101112_121020_V03,-50.998,0.058,404.845,230.879,16.469,-96.699,35.643,8234.371,62789.901,20101112_061020
4,KTLX20101112_124938_V03,-11.698,0.054,406.041,58.450,26.147,-96.686,36.420,13073.692,131900.508,20101112_064938
5,KTLX20101112_125432_V03,-6.798,0.080,131.506,304.744,17.745,-98.204,35.308,8872.693,84280.504,20101112_065432
7,KTLX20101112_142255_V03,81.585,0.059,416.609,272.105,20.671,-96.635,35.457,10335.690,59949.413,20101112_082255
1,KTLX20101113_125700_V03,-5.316,0.085,402.535,351.346,25.003,-96.715,35.100,12501.734,57336.586,20101113_065700
1,KTLX20101113_130643_V03,4.401,0.146,401.140,358.662,33.686,-96.723,35.067,16843.003,58460.299,20101113_070643
1,KTLX20101113_131139_V03,9.334,-1.000,400.473,362.154,38.300,-96.727,35.052,19149.793,59072.029,20101113_071139
1,KTLX20101113_131636_V03,14.284,0.523,418.391,355.328,53.325,-96.628,35.082,26662.543,65340.668,20101113_071636
1,KTLX20101113_132132_V03,19.218,0.201,419.661,361.046,57.827,-96.622,35.056,28913.636,67166.462,20101113_072132
3,KTLX20101113_130643_V03,4.401,0.117,287.806,376.158,16.063,-97.344,34.990,8031.683,38564.183,20101113_070643
4,KTLX20101113_131139_V03,9.334,0.470,421.133,344.142,53.216,-96.613,35.132,26608.044,64462.633,20101113_071139
2,KTLX20101114_130354_V03,0.600,0.491,395.872,317.745,18.729,-96.751,35.252,9364.330,48750.068,20101114_070354
2,KTLX20101114_131337_V03,10.317,0.504,394.933,316.873,28.976,-96.756,35.256,14487.766,48210.463,20101114_071337
1,KTLX20101114_121520_V03,-47.967,0.052,346.571,431.544,6.895,-97.023,34.740,3447.544,69772.354,20101114_061520
3,KTLX20101114_131337_V03,10.317,0.168,402.781,234.622,43.252,-96.710,35.626,21625.938,60905.939,20101114_071337
4,KTLX20101114_131337_V03,10.317,0.053,488.697,270.009,3.035,-96.238,35.464,1517.586,95532.775,20101114_071337
6,KTLX20101115_125806_V03,-6.184,0.210,378.316,320.398,20.791,-96.847,35.240,10395.325,40464.246,20101115_065806
6,KTLX20101115_130301_V03,-1.267,0.402,377.103,319.638,28.504,-96.854,35.244,14252.106,39782.096,20101115_070301
6,KTLX20101115_130757_V03,3.666,0.086,378.140,319.866,34.003,-96.848,35.243,17001.469,40313.091,20101115_070757
6,KTLX20101115_131252_V03,8.583,0.552,386.915,299.023,28.450,-96.799,35.337,14224.842,43460.049,20101115_071252
17,KTLX20101115_141618_V03,72.016,0.067,221.847,241.254,15.142,-97.709,35.597,7570.879,48885.068,20101115_081618
17,KTLX20101115_142113_V03,76.933,-1.000,221.847,241.254,22.959,-97.709,35.597,11479.629,48885.068,20101115_082113
17,KTLX20101115_142609_V03,81.866,0.315,225.817,239.095,23.996,-97.687,35.607,11997.802,47991.149,20101115_082609
17,KTLX20101115_143105_V03,86.799,0.062,225.523,239.663,31.023,-97.688,35.604,15511.340,47925.499,20101115_083105
13,KTLX20101115_140624_V03,62.116,0.140,206.882,246.980,16.374,-97.791,35.571,8187.248,53577.341,20101115_080624
13,KTLX20101115_141121_V03,67.066,0.168,207.175,246.865,23.034,-97.790,35.571,11516.877,53478.219,20101115_081121
11,KTLX20101115_133721_V03,33.066,0.080,201.431,270.058,23.490,-97.820,35.467,11744.982,51508.010,20101115_073721
12,KTLX20101115_135642_V03,52.416,0.101,241.135,420.742,2.773,-97.599,34.788,1386.448,67163.525,20101115_075642
14,KTLX20101115_141121_V03,67.066,0.432,236.102,263.583,24.456,-97.630,35.497,12228.188,36773.641,20101115_081121
14,KTLX20101115_141618_V03,72.016,0.051,253.050,258.801,17.652,-97.536,35.518,8826.176,31231.433,20101115_081618
15,KTLX20101115_141618_V03,72.016,0.111,21.208,437.064,18.754,-98.799,34.706,9376.766,155331.422,20101115_081618
1,KTLX20101116_131149_V03,6.549,0.141,279.237,374.307,17.650,-97.391,34.998,8825.018,38576.860,20101116_071149
1,KTLX20101117_124905_V03,-17.166,0.522,373.232,314.391,6.741,-96.875,35.268,3370.441,37316.453,20101117_064905
1,KTLX20101117_125847_V03,-7.466,0.211,376.510,313.438,20.540,-96.857,35.272,10269.933,38840.710,20101117_065847
1,KTLX20101117_130829_V03,2.234,0.308,377.200,313.405,26.537,-96.853,35.272,13268.353,39177.493,20101117_070829
2,KTLX20101117_125847_V03,-7.466,0.072,198.855,294.036,15.527,-97.834,35.359,7763.510,50660.561,20101117_065847
1,KTLX20101118_132000_V03,12.771,0.067,343.452,88.108,12.931,-97.036,36.288,6465.397,108150.910,20101118_072000
2,KTLX20101119_124841_V03,-19.524,0.523,263.416,327.329,7.503,-97.478,35.210,3751.429,22832.427,20101119_064841
2,KTLX20101119_125824_V03,-9.807,0.091,264.419,327.271,17.970,-97.473,35.210,8984.933,22414.973,20101119_065824
1,KTLX20101119_122915_V03,-38.957,0.306,240.958,376.173,7.848,-97.601,34.989,3923.861,48187.910,20101119_062915
3,KTLX20101119_124841_V03,-19.524,0.083,197.461,284.979,8.170,-97.842,35.399,4085.234,51816.780,20101119_064841
1,KTLX20101120_130405_V03,-5.099,0.133,277.789,352.694,16.619,-97.399,35.096,8309.679,28591.859,20101120_070405
1,KTLX20101121_122040_V03,-49.487,0.232,312.510,416.769,4.400,-97.209,34.807,2200.010,58718.556,20101121_062040
1,KTLX20101122_125209_V03,-18.971,0.164,285.175,353.852,6.663,-97.359,35.090,3331.343,27927.465,20101122_065209
1,KTLX20101123_125645_V03,-15.334,0.160,313.511,555.482,7.571,-97.204,34.182,3785.475,127919.353,20101123_065645
1,KTLX20101124_122214_V03,-50.808,0.062,347.047,416.115,2.292,-97.020,34.809,1146.065,62642.026,20101124_062214
2,KTLX20101124_131035_V03,-2.458,0.712,259.839,318.965,22.598,-97.498,35.247,11299.150,22206.975,20101124_071035
8,KTLX20101125_123611_V03,-37.810,0.055,398.256,430.341,16.460,-96.741,34.744,8230.045,81613.222,20101125_063611
8,KTLX20101125_124107_V03,-32.877,0.135,397.573,430.565,25.036,-96.745,34.743,12518.074,81498.043,20101125_064107
1,KTLX20101125_122126_V03,-52.560,0.498,332.418,297.013,8.832,-97.099,35.346,4416.168,16277.435,20101125_062126
2,KTLX20101125_122126_V03,-52.560,0.219,325.738,40.291,21.756,-97.134,36.503,10878.235,130490.701,20101125_062126
4,KTLX20101125_122621_V03,-47.643,0.713,353.074,288.214,14.835,-96.985,35.386,7417.286,27183.592,20101125_062621
5,KTLX20101125_122621_V03,-47.643,0.123,24.398,213.749,31.983,-98.800,35.712,15991.681,144391.529,20101125_062621
6,KTLX20101125_122621_V03,-47.643,0.069,360.701,442.379,30.916,-96.946,34.691,15457.800,77389.353,20101125_062621
6,KTLX20101125_123116_V03,-42.727,0.365,375.447,442.697,23.291,-96.866,34.689,11645.487,80707.260,20101125_063116
9,KTLX20101125_124107_V03,-32.877,0.055,342.021,248.807,54.337,-97.046,35.564,27168.568,33115.254,20101125_064107
10,KTLX20101125_131534_V03,1.573,0.077,30.902,377.088,50.650,-98.751,34.977,25324.921,139960.912,20101125_071534
11,KTLX20101125_132029_V03,6.490,0.050,263.264,346.921,12.328,-97.479,35.121,6163.773,29795.490,20101125_072029
12,KTLX20101125_134012_V03,26.207,0.212,151.170,432.575,19.209,-98.090,34.733,9604.290,99657.615,20101125_074012
13,KTLX20101125_134012_V03,26.207,0.055,313.450,453.676,22.027,-97.204,34.640,11013.329,77131.819,20101125_074012
14,KTLX20101125_134507_V03,31.123,0.192,445.177,42.368,30.282,-96.467,36.491,15141.018,147860.306,20101125_074507
4,KTLX20101126_122849_V03,-46.122,0.115,242.684,376.873,5.220,-97.591,34.986,2610.147,47944.311,20101126_062849
4,KTLX20101126_123833_V03,-36.389,0.184,241.429,376.940,17.006,-97.598,34.986,8503.215,48348.595,20101126_063833
5,KTLX20101126_122849_V03,-46.122,0.072,418.903,193.923,3.634,-96.620,35.809,1816.849,79671.479,20101126_062849
5,KTLX20101126_123833_V03,-36.389,0.062,428.572,194.270,25.050,-96.566,35.807,12524.820,83230.837,20101126_063833
1,KTLX20101126_121905_V03,-55.855,0.642,206.556,388.176,6.698,-97.789,34.935,3349.194,64239.470,20101126_061905
2,KTLX20101126_121905_V03,-55.855,0.188,286.678,296.475,10.807,-97.351,35.349,5403.488,6890.042,20101126_061905
7,KTLX20101126_123833_V03,-36.389,0.455,284.842,403.574,15.142,-97.360,34.866,7570.906,52338.463,20101126_063833
8,KTLX20101126_130744_V03,-7.205,0.332,401.138,329.746,16.444,-96.722,35.198,8222.225,52710.818,20101126_070744
9,KTLX20101126_130744_V03,-7.205,0.062,402.178,391.858,8.141,-96.718,34.918,4070.524,68699.192,20101126_070744
5,KTLX20101127_130323_V03,-12.493,0.054,262.615,329.861,8.938,-97.483,35.198,4468.910,23923.334,20101127_070323
5,KTLX20101127_130819_V03,-7.560,0.154,262.462,329.069,16.625,-97.484,35.202,8312.542,23738.798,20101127_070819
5,KTLX20101127_131316_V03,-2.610,0.658,264.061,326.200,26.586,-97.475,35.215,13292.922,22237.407,20101127_071316
5,KTLX20101127_131812_V03,2.323,0.124,265.716,325.180,29.505,-97.466,35.219,14752.537,21268.722,20101127_071812
4,KTLX20101127_130323_V03,-12.493,0.330,412.422,82.391,12.374,-96.652,36.312,6187.035,122466.955,20101127_070323
4,KTLX20101127_130819_V03,-7.560,-1.000,412.422,82.391,20.218,-96.652,36.312,10109.035,122466.955,20101127_070819
4,KTLX20101127_131316_V03,-2.610,0.148,417.301,87.850,23.213,-96.625,36.287,11606.558,121209.658,20101127_071316
1,KTLX20101127_123412_V03,-41.677,0.134,215.640,350.088,6.636,-97.740,35.106,3318.247,49054.576,20101127_063412
2,KTLX20101127_123412_V03,-41.677,0.061,551.829,246.172,6.201,-95.888,35.568,3100.498,128758.583,20101127_063412
3,KTLX20101127_124355_V03,-31.960,0.086,426.629,189.297,24.461,-96.577,35.830,12230.591,84098.094,20101127_064355
6,KTLX20101127_131316_V03,-2.610,0.129,402.279,115.362,8.562,-96.709,36.164,4280.857,105536.766,20101127_071316
7,KTLX20101127_135249_V03,36.940,0.059,287.586,105.459,6.405,-97.347,36.210,3202.267,97468.331,20101127_075249
7,KTLX20101128_131202_V03,-4.773,0.300,261.164,325.019,20.291,-97.491,35.220,10145.559,23098.660,20101128_071202
7,KTLX20101128_132145_V03,4.943,0.538,263.079,324.004,30.527,-97.480,35.225,15263.553,22018.977,20101128_072145
1,KTLX20101128_122328_V03,-53.340,0.584,347.933,421.115,6.011,-97.016,34.787,3005.278,65127.377,20101128_062328
3,KTLX20101128_123311_V03,-43.623,0.084,283.589,399.061,6.711,-97.367,34.887,3355.745,50205.808,20101128_063311
6,KTLX20101128_130219_V03,-14.490,0.342,192.440,287.114,9.789,-97.869,35.390,4894.524,54164.602,20101128_070219
6,KTLX20101129_131126_V03,-6.295,0.205,268.355,330.377,13.723,-97.451,35.196,6861.523,21932.974,20101129_071126
6,KTLX20101129_131621_V03,-1.378,0.137,267.969,331.036,21.949,-97.453,35.193,10974.284,22300.103,20101129_071621
6,KTLX20101129_132118_V03,3.572,0.712,266.794,328.894,30.619,-97.460,35.203,15309.614,22008.651,20101129_072118
2,KTLX20101129_122709_V03,-50.578,0.060,346.804,408.034,8.485,-97.022,34.846,4242.319,58868.355,20101129_062709
2,KTLX20101129_123206_V03,-45.628,-1.000,346.804,408.034,16.355,-97.022,34.846,8177.569,58868.355,20101129_063206
2,KTLX20101129_123701_V03,-40.711,0.116,352.089,398.710,19.610,-96.993,34.888,9805.063,55805.055,20101129_063701
1,KTLX20101129_122709_V03,-50.578,0.116,422.524,585.385,15.708,-96.614,34.045,7853.999,155287.614,20101129_062709
3,KTLX20101129_123701_V03,-40.711,0.066,241.636,376.134,6.635,-97.597,34.990,3317.392,47965.370,20101129_063701
4,KTLX20101129_125641_V03,-21.045,0.111,195.081,296.951,16.665,-97.855,35.345,8332.516,52481.881,20101129_065641
8,KTLX20101129_131621_V03,-1.378,0.124,176.407,371.785,2.299,-97.955,35.008,1149.471,71463.793,20101129_071621
4,KTLX20101130_130144_V03,-16.906,0.063,268.327,331.308,5.487,-97.451,35.192,2743.568,22267.548,20101130_070144
4,KTLX20101130_131128_V03,-7.173,0.358,269.153,336.206,16.591,-97.447,35.170,8295.714,23782.488,20101130_071128
4,KTLX20101130_132111_V03,2.544,0.208,269.713,341.706,17.731,-97.444,35.145,8865.325,25771.401,20101130_072111
5,KTLX20101130_132111_V03,2.544,0.388,199.580,177.294,9.666,-97.834,35.885,4833.111,79279.538,20101130_072111
5,KTLX20101130_133055_V03,12.277,0.067,201.380,178.470,19.843,-97.824,35.880,9921.363,78255.045,20101130_073055
1,KTLX20101130_123234_V03,-46.073,0.060,357.949,429.844,7.289,-96.961,34.747,3644.598,71094.231,20101130_063234
2,KTLX20101130_130144_V03,-16.906,0.154,397.186,332.792,3.904,-96.744,35.184,1952.129,51284.715,20101130_070144
7,KTLX20101130_133055_V03,12.277,0.066,386.403,134.361,17.883,-96.798,36.079,8941.330,93410.179,20101130_073055
2,KTLX20101201_123132_V03,-48.008,0.454,419.355,194.267,5.705,-96.617,35.808,2852.295,79726.497,20101201_063132
2,KTLX20101201_123629_V03,-43.058,0.117,419.816,194.312,11.934,-96.615,35.808,5967.017,79883.893,20101201_063629
2,KTLX20101201_124125_V03,-38.124,0.279,422.828,193.774,17.430,-96.598,35.810,8715.115,81195.227,20101201_064125
8,KTLX20101201_123132_V03,-48.008,0.071,229.041,465.768,5.969,-97.664,34.585,2984.262,90158.517,20101201_063132
8,KTLX20101201_123629_V03,-43.058,0.063,228.304,464.997,13.192,-97.668,34.589,6596.114,89950.542,20101201_063629
8,KTLX20101201_124125_V03,-38.124,0.084,228.317,464.447,20.031,-97.668,34.591,10015.329,89695.845,20101201_064125
10,KTLX20101201_131107_V03,-8.424,0.065,397.166,113.250,3.082,-96.738,36.173,1541.199,105257.978,20101201_071107
10,KTLX20101201_131603_V03,-3.491,0.551,398.822,113.770,9.933,-96.728,36.171,4966.334,105412.636,20101201_071603
10,KTLX20101201_132100_V03,1.459,0.132,399.188,114.650,14.916,-96.726,36.167,7458.223,105110.486,20101201_072100
9,KTLX20101201_131107_V03,-8.424,0.123,375.932,100.674,6.081,-96.855,36.231,3040.565,106649.680,20101201_071107
9,KTLX20101201_131603_V03,-3.491,0.103,375.860,100.715,12.648,-96.856,36.230,6324.097,106617.894,20101201_071603
13,KTLX20101201_132100_V03,1.459,0.225,262.198,338.247,23.839,-97.485,35.161,11919.739,26887.955,20101201_072100
13,KTLX20101201_132556_V03,6.392,0.053,262.825,337.614,31.267,-97.482,35.163,15633.346,26442.472,20101201_072556
1,KTLX20101201_123132_V03,-48.008,0.662,344.780,56.450,6.556,-97.028,36.430,3278.236,123816.425,20101201_063132
5,KTLX20101201_123132_V03,-48.008,0.108,349.311,504.917,16.076,-97.009,34.409,8038.071,105383.446,20101201_063132
7,KTLX20101201_123132_V03,-48.008,0.078,293.631,414.714,14.059,-97.312,34.816,7029.358,57445.569,20101201_063132
5,KTLX20101202_130447_V03,-15.648,0.188,267.152,331.278,6.871,-97.458,35.192,3435.471,22678.864,20101202_070447
5,KTLX20101202_131430_V03,-5.931,0.134,266.010,331.101,19.430,-97.464,35.193,9715.215,23035.677,20101202_071430
5,KTLX20101202_132413_V03,3.785,0.076,264.448,329.100,25.781,-97.473,35.202,12890.578,22971.152,20101202_072413
1,KTLX20101202_123538_V03,-44.798,0.388,283.623,402.855,5.681,-97.367,34.869,2840.506,52075.337,20101202_063538
2,KTLX20101202_123538_V03,-44.798,0.238,437.782,527.650,15.815,-96.529,34.305,7907.689,133049.181,20101202_063538
3,KTLX20101202_123538_V03,-44.798,0.112,297.549,333.921,8.135,-97.291,35.180,4067.516,17004.930,20101202_063538
1,KTLX20101203_122719_V03,-53.993,0.808,399.550,382.770,9.725,-96.733,34.959,4862.324,64732.350,20101203_062719
1,KTLX20101203_123701_V03,-44.293,0.058,400.801,384.639,22.991,-96.726,34.950,11495.639,65811.463,20101203_063701
2,KTLX20101203_130608_V03,-15.176,0.128,262.351,328.345,8.165,-97.484,35.205,4082.743,23562.949,20101203_070608
2,KTLX20101203_131550_V03,-5.476,-1.000,262.351,328.345,23.588,-97.484,35.205,11794.243,23562.949,20101203_071550
2,KTLX20101203_132533_V03,4.240,0.267,262.808,326.521,26.706,-97.482,35.213,13353.240,22839.791,20101203_072533
3,KTLX20101203_130608_V03,-15.176,0.103,378.195,452.042,6.210,-96.851,34.647,3104.986,85485.788,20101203_070608
4,KTLX20101203_131550_V03,-5.476,0.058,362.745,399.251,33.007,-96.934,34.885,16503.750,58710.485,20101203_071550
1,KTLX20101204_132025_V03,-1.759,0.576,281.973,378.818,7.177,-97.376,34.978,3588.272,40426.670,20101204_072025
3,KTLX20101204_132025_V03,-1.759,0.079,262.858,345.330,12.247,-97.481,35.129,6123.568,29301.799,20101204_072025
3,KTLX20101205_130752_V03,-15.160,0.459,267.877,332.817,5.037,-97.454,35.185,2518.337,22961.003,20101205_070752
3,KTLX20101205_131736_V03,-5.427,0.370,266.612,333.543,17.639,-97.461,35.182,8819.654,23663.781,20101205_071736
3,KTLX20101205_132719_V03,4.290,0.569,264.459,336.843,26.786,-97.473,35.167,13392.903,25595.603,20101205_072719
1,KTLX20101205_123841_V03,-44.343,0.072,388.662,393.998,5.483,-96.792,34.908,2741.451,64607.621,20101205_063841
2,KTLX20101205_124825_V03,-34.610,0.532,239.811,378.458,8.534,-97.607,34.979,4267.111,49442.956,20101205_064825
1,KTLX20101206_130832_V03,-15.330,0.772,266.398,331.804,7.144,-97.462,35.190,3571.831,23132.969,20101206_070832
1,KTLX20101206_131816_V03,-5.597,0.155,264.283,332.973,18.901,-97.474,35.184,9450.480,24304.980,20101206_071816
1,KTLX20101206_132800_V03,4.136,0.079,259.209,332.407,26.989,-97.501,35.187,13494.572,26048.682,20101206_072800
1,KTLX20101206_133257_V03,9.086,0.084,257.271,334.562,31.117,-97.512,35.177,15558.728,27478.818,20101206_073257
3,KTLX20101206_130832_V03,-15.330,0.070,242.907,271.056,8.653,-97.592,35.463,4326.405,32005.233,20101206_070832
3,KTLX20101206_131816_V03,-5.597,0.275,245.881,270.903,21.305,-97.576,35.464,10652.310,30722.639,20101206_071816
4,KTLX20101206_131816_V03,-5.597,0.111,391.588,388.047,6.669,-96.776,34.935,3334.505,63522.591,20101206_071816
4,KTLX20101206_132800_V03,4.136,0.083,391.675,388.504,15.118,-96.776,34.933,7558.849,63712.641,20101206_072800
10,KTLX20101207_131802_V03,-6.652,0.164,265.275,325.719,13.943,-97.468,35.217,6971.575,21606.027,20101207_071802
10,KTLX20101207_132747_V03,3.098,0.122,266.102,327.486,23.363,-97.464,35.209,11681.568,21820.546,20101207_072747
1,KTLX20101207_123909_V03,-45.535,0.110,357.375,491.736,7.484,-96.965,34.469,3742.195,100068.154,20101207_063909
2,KTLX20101207_123909_V03,-45.535,0.061,399.061,387.635,6.606,-96.735,34.937,3302.984,66130.516,20101207_063909
3,KTLX20101207_123909_V03,-45.535,0.060,227.944,461.179,8.339,-97.670,34.606,4169.298,88276.044,20101207_063909
4,KTLX20101207_124852_V03,-35.818,0.494,202.978,386.232,8.306,-97.809,34.943,4152.756,64902.380,20101207_064852
5,KTLX20101207_124852_V03,-35.818,0.234,322.143,132.728,2.992,-97.155,36.087,1495.907,84365.446,20101207_064852
6,KTLX20101207_124852_V03,-35.818,0.182,246.245,373.641,8.977,-97.572,35.001,4488.430,45586.892,20101207_064852
8,KTLX20101207_130819_V03,-16.368,0.078,381.617,324.603,6.856,-96.829,35.221,3428.123,42622.223,20101207_070819
9,KTLX20101207_131802_V03,-6.652,0.304,272.031,412.699,6.733,-97.430,34.825,3366.488,58058.997,20101207_071802
11,KTLX20101207_132747_V03,3.098,0.200,394.544,385.762,12.066,-96.760,34.945,6033.178,63823.278,20101207_072747
2,KTLX20101208_130904_V03,-16.423,0.676,243.051,272.687,7.016,-97.591,35.456,3508.089,31580.030,20101208_070904
2,KTLX20101208_131847_V03,-6.707,0.169,246.050,273.501,16.502,-97.575,35.452,8251.176,30053.279,20101208_071847
2,KTLX20101208_132830_V03,3.010,0.052,252.264,272.411,20.927,-97.540,35.457,10463.687,27567.733,20101208_072830
4,KTLX20101208_131847_V03,-6.707,0.112,264.234,329.685,10.949,-97.474,35.199,5474.733,23239.951,20101208_071847
4,KTLX20101208_132830_V03,3.010,0.592,259.399,328.757,23.474,-97.500,35.203,11737.033,24876.602,20101208_072830
1,KTLX20101208_125920_V03,-26.157,0.094,289.717,402.594,10.669,-97.334,34.871,5334.564,51554.233,20101208_065920
6,KTLX20101209_131803_V03,-8.228,0.447,266.047,329.770,13.743,-97.464,35.199,6871.628,22577.898,20101209_071803
6,KTLX20101209_132746_V03,1.489,0.684,265.458,329.178,19.212,-97.467,35.201,9606.196,22608.150,20101209_072746
6,KTLX20101209_133730_V03,11.222,0.061,270.193,327.298,27.717,-97.441,35.210,13858.583,20209.286,20101209_073730
1,KTLX20101209_123911_V03,-47.094,0.762,349.506,417.983,9.764,-97.007,34.801,4882.160,63974.359,20101209_063911
4,KTLX20101209_124854_V03,-37.378,0.630,240.373,375.508,9.168,-97.604,34.992,4583.782,48106.441,20101209_064854
5,KTLX20101209_130820_V03,-17.944,0.217,193.049,286.515,10.080,-97.866,35.392,5039.782,53898.789,20101209_070820
8,KTLX20101209_131803_V03,-8.228,0.174,385.736,310.037,15.245,-96.806,35.287,7622.417,43160.864,20101209_071803
4,KTLX20101210_131502_V03,-12.014,0.448,264.050,329.363,8.248,-97.475,35.201,4123.890,23208.720,20101210_071502
4,KTLX20101210_132445_V03,-2.297,0.628,265.743,329.777,17.082,-97.466,35.199,8540.966,22694.819,20101210_072445
4,KTLX20101210_133428_V03,7.420,0.551,263.727,330.714,19.389,-97.477,35.194,9694.732,23764.713,20101210_073428
4,KTLX20101210_133925_V03,12.370,0.404,262.255,329.268,27.136,-97.485,35.201,13567.761,23881.457,20101210_073925
4,KTLX20101210_134421_V03,17.303,0.138,260.069,330.043,31.441,-97.497,35.197,15720.579,24985.656,20101210_074421
8,KTLX20101210_133428_V03,7.420,0.084,282.357,372.290,8.034,-97.374,35.007,4017.111,37205.827,20101210_073428
8,KTLX20101210_133925_V03,12.370,0.076,283.155,372.683,14.740,-97.370,35.005,7369.781,37304.632,20101210_073925
8,KTLX20101210_134421_V03,17.303,0.057,284.716,373.226,17.736,-97.361,35.003,8867.861,37402.135,20101210_074421
1,KTLX20101210_123612_V03,-50.847,0.306,397.374,383.016,9.795,-96.744,34.958,4897.459,63979.454,20101210_063612
1,KTLX20101210_124555_V03,-41.130,0.054,398.757,383.214,20.762,-96.737,34.957,10381.188,64570.633,20101210_064555
3,KTLX20101210_125537_V03,-31.430,0.472,240.657,377.605,6.884,-97.602,34.983,3441.767,48847.178,20101210_065537
3,KTLX20101210_130520_V03,-21.714,0.473,241.368,377.929,17.204,-97.599,34.981,8602.164,48761.191,20101210_070520
10,KTLX20101210_140902_V03,41.986,0.096,40.147,71.372,46.381,-98.725,36.355,23190.674,173056.584,20101210_080902
10,KTLX20101210_141359_V03,46.936,0.070,41.780,75.789,54.418,-98.716,36.335,27208.893,170988.666,20101210_081359
2,KTLX20101210_125537_V03,-31.430,0.690,345.093,425.134,16.932,-97.031,34.769,8465.809,66505.261,20101210_065537
5,KTLX20101210_132445_V03,-2.297,0.338,271.725,418.954,6.921,-97.432,34.797,3460.384,61134.126,20101210_072445
7,KTLX20101210_133428_V03,7.420,0.096,31.993,413.305,49.096,-98.742,34.814,24548.180,145487.062,20101210_073428
9,KTLX20101210_134917_V03,22.236,0.321,25.723,421.312,43.677,-98.776,34.777,21838.484,149953.639,20101210_074917
11,KTLX20101210_144305_V03,76.036,0.056,507.287,284.668,25.256,-96.137,35.397,12627.998,103926.774,20101210_084305
5,KTLX20101211_132217_V03,-5.514,0.653,269.614,337.619,12.860,-97.444,35.163,6429.947,24179.080,20101211_072217
5,KTLX20101211_133200_V03,4.203,0.651,269.331,342.908,22.429,-97.446,35.140,11214.501,26371.160,20101211_073200
5,KTLX20101211_134142_V03,13.903,0.119,269.983,346.053,28.228,-97.442,35.125,14113.944,27485.692,20101211_074142
1,KTLX20101211_125309_V03,-34.647,0.767,347.988,433.628,13.837,-97.016,34.731,6918.734,70991.517,20101211_065309
2,KTLX20101211_125309_V03,-34.647,0.136,241.743,379.094,6.596,-97.596,34.976,3298.046,49116.370,20101211_065309
3,KTLX20101211_131235_V03,-15.214,0.285,375.711,231.059,2.785,-96.860,35.643,1392.342,51197.908,20101211_071235
6,KTLX20101211_134142_V03,13.903,0.192,380.822,409.343,6.342,-96.836,34.839,3170.784,67985.437,20101211_074142
8,KTLX20101211_134142_V03,13.903,0.066,367.556,375.163,10.489,-96.908,34.994,5244.499,50530.209,20101211_074142
3,KTLX20101212_131115_V03,-17.278,0.623,270.379,333.686,7.425,-97.440,35.181,3712.467,22428.662,20101212_071115
3,KTLX20101212_132059_V03,-7.544,0.612,269.860,334.547,16.846,-97.443,35.177,8423.094,22923.161,20101212_072059
3,KTLX20101212_133043_V03,2.189,0.238,272.220,337.526,24.760,-97.430,35.164,12380.015,23344.979,20101212_073043
1,KTLX20101212_124205_V03,-46.444,0.130,304.262,331.481,8.608,-97.254,35.191,4303.978,15884.300,20101212_064205
2,KTLX20101212_125148_V03,-36.728,0.273,244.727,377.105,10.433,-97.580,34.985,5216.686,47434.772,20101212_065148
5,KTLX20101212_132059_V03,-7.544,0.100,373.687,364.710,7.716,-96.874,35.041,3858.072,49033.598,20101212_072059
6,KTLX20101212_132059_V03,-7.544,0.063,409.493,355.286,18.040,-96.677,35.082,9020.163,61329.592,20101212_072059
7,KTLX20101212_132059_V03,-7.544,0.063,254.590,276.156,15.230,-97.528,35.440,7615.114,25644.647,20101212_072059
9,KTLX20101212_141924_V03,50.872,0.106,382.162,299.249,31.784,-96.826,35.336,15891.830,41082.846,20101212_081924
2,KTLX20101213_132137_V03,-7.621,0.655,265.466,329.032,9.619,-97.467,35.202,4809.696,22558.162,20101213_072137
2,KTLX20101213_133122_V03,2.129,0.433,264.323,328.844,18.788,-97.473,35.203,9393.819,22939.307,20101213_073122
2,KTLX20101213_134106_V03,11.862,0.604,265.055,329.774,23.251,-97.469,35.199,11625.715,22954.289,20101213_074106
1,KTLX20101213_130209_V03,-27.088,0.185,240.711,376.662,8.567,-97.602,34.987,4283.304,48456.856,20101213_070209
3,KTLX20101213_133122_V03,2.129,0.406,278.514,367.208,7.343,-97.395,35.030,3671.711,35279.371,20101213_073122
3,KTLX20101214_132141_V03,-8.243,0.641,262.285,324.851,14.009,-97.485,35.221,7004.480,22583.420,20101214_072141
3,KTLX20101214_133125_V03,1.490,0.713,257.129,323.685,24.648,-97.513,35.226,12323.944,24489.060,20101214_073125
3,KTLX20101214_134110_V03,11.240,0.425,254.895,323.892,31.286,-97.525,35.225,15642.918,25520.808,20101214_074110
1,KTLX20101214_125229_V03,-37.443,0.547,240.800,375.240,6.249,-97.602,34.994,3124.498,47868.800,20101214_065229
4,KTLX20101214_132141_V03,-8.243,0.135,373.543,317.933,6.006,-96.873,35.252,3002.998,37848.932,20101214_072141
2,KTLX20101215_132117_V03,-9.309,0.439,263.172,321.717,11.010,-97.480,35.235,5505.121,21377.040,20101215_072117
2,KTLX20101215_133101_V03,0.424,0.722,263.108,322.472,20.478,-97.480,35.232,10238.814,21598.569,20101215_073101
2,KTLX20101215_134044_V03,10.141,0.447,263.128,324.788,27.310,-97.480,35.221,13655.244,22214.836,20101215_074044
1,KTLX20101215_124225_V03,-48.176,0.152,348.124,411.613,7.538,-97.014,34.830,3769.209,60772.771,20101215_064225
1,KTLX20101215_125208_V03,-38.459,0.104,351.997,412.843,24.523,-96.993,34.824,12261.709,62123.350,20101215_065208
2,KTLX20101216_131802_V03,-13.203,0.712,267.800,331.808,7.889,-97.454,35.190,3944.454,22630.688,20101216_071802
2,KTLX20101216_132745_V03,-3.486,0.502,266.044,333.412,19.088,-97.464,35.182,9543.889,23818.790,20101216_072745
2,KTLX20101216_133728_V03,6.230,0.468,263.652,336.565,27.317,-97.477,35.168,13658.480,25778.766,20101216_073728
5,KTLX20101216_132745_V03,-3.486,0.163,285.065,375.921,6.634,-97.359,34.991,3316.967,38688.129,20101216_072745
5,KTLX20101216_133728_V03,6.230,0.428,285.119,377.476,17.302,-97.359,34.984,8650.864,39446.021,20101216_073728
6,KTLX20101216_132745_V03,-3.486,0.139,370.059,364.472,8.200,-96.894,35.042,4100.170,47605.047,20101216_072745
6,KTLX20101216_133728_V03,6.230,0.335,372.581,369.415,21.392,-96.880,35.020,10696.164,50215.595,20101216_073728
1,KTLX20101216_124853_V03,-42.353,0.136,304.997,339.450,12.225,-97.250,35.155,6112.698,19882.430,20101216_064853
5,KTLX20101217_132342_V03,-8.156,0.316,265.390,331.233,8.005,-97.468,35.192,4002.338,23309.687,20101217_072342
5,KTLX20101217_133327_V03,1.594,0.368,265.439,330.439,19.001,-97.467,35.196,9500.326,23027.160,20101217_073327
9,KTLX20101217_145122_V03,79.510,0.056,332.352,191.999,64.689,-97.099,35.820,32344.368,56371.461,20101217_085122
9,KTLX20101217_150106_V03,89.244,0.252,333.999,190.593,73.015,-97.089,35.826,36507.291,57284.173,20101217_090106
1,KTLX20101217_130412_V03,-27.656,0.909,161.914,64.838,12.347,-98.047,36.390,6173.580,136353.253,20101217_070412
2,KTLX20101217_130412_V03,-27.656,0.408,242.926,377.851,10.588,-97.590,34.982,5294.184,48265.435,20101217_070412
4,KTLX20101217_131357_V03,-17.906,0.052,121.565,415.672,31.650,-98.253,34.808,15824.813,106324.178,20101217_071357
6,KTLX20101217_132342_V03,-8.156,0.065,206.565,59.453,18.818,-97.798,36.416,9409.231,129028.014,20101217_072342
3,KTLX20101218_132541_V03,-6.769,0.696,268.922,327.484,11.924,-97.448,35.209,5961.876,20743.965,20101218_072541
3,KTLX20101218_133524_V03,2.948,0.144,268.503,328.413,23.436,-97.450,35.205,11718.039,21209.510,20101218_073524
3,KTLX20101218_134021_V03,7.898,0.169,266.252,328.211,28.822,-97.463,35.206,14410.875,21993.300,20101218_074021
3,KTLX20101218_134518_V03,12.848,0.094,265.963,324.328,38.799,-97.464,35.223,19399.513,20918.947,20101218_074518
1,KTLX20101218_130614_V03,-26.219,0.095,244.309,374.414,11.276,-97.583,34.997,5638.109,46473.114,20101218_070614
2,KTLX20101218_131557_V03,-16.502,0.514,242.755,271.074,6.902,-97.593,35.463,3451.023,32069.268,20101218_071557
3,KTLX20101219_132352_V03,-9.157,0.545,266.795,322.819,10.174,-97.460,35.230,5086.845,20144.965,20101219_072352
3,KTLX20101219_133335_V03,0.560,0.074,265.685,322.873,17.199,-97.466,35.230,8599.316,20619.758,20101219_073335
3,KTLX20101219_134319_V03,10.293,0.197,262.964,325.387,27.257,-97.481,35.218,13628.300,22451.024,20101219_074319
4,KTLX20101219_132352_V03,-9.157,0.161,248.432,303.637,8.535,-97.561,35.316,4267.586,25847.995,20101219_072352
4,KTLX20101219_133335_V03,0.560,0.179,249.358,307.283,22.418,-97.556,35.300,11208.830,25581.676,20101219_073335
1,KTLX20101219_123514_V03,-57.790,0.341,170.115,314.208,3.731,-97.991,35.267,1865.290,65329.805,20101219_063514
4,KTLX20101220_133103_V03,-2.519,0.399,266.152,328.308,17.351,-97.463,35.205,8675.648,22062.584,20101220_073103
4,KTLX20101220_134046_V03,7.197,0.793,268.221,328.783,20.237,-97.452,35.203,10118.501,21438.108,20101220_074046
1,KTLX20101220_130154_V03,-31.669,0.338,243.326,374.118,8.699,-97.588,34.999,4349.640,46651.122,20101220_070154
2,KTLX20101220_132120_V03,-12.236,0.452,196.205,287.340,8.629,-97.849,35.389,4314.407,52282.028,20101220_072120
5,KTLX20101221_131610_V03,-17.923,0.321,266.786,328.349,5.746,-97.460,35.205,2872.864,21833.752,20101221_071610
5,KTLX20101221_132552_V03,-8.223,0.811,269.041,333.153,14.156,-97.447,35.184,7077.917,22680.445,20101221_072552
5,KTLX20101221_133534_V03,1.477,0.423,270.249,339.745,21.164,-97.441,35.154,10582.167,24823.084,20101221_073534
5,KTLX20101221_134030_V03,6.411,0.628,269.290,340.322,28.549,-97.446,35.151,14274.320,25342.383,20101221_074030
5,KTLX20101221_134526_V03,11.344,0.138,267.396,342.899,35.962,-97.456,35.140,17981.086,26941.419,20101221_074526
7,KTLX20101221_133534_V03,1.477,0.315,292.919,378.080,13.864,-97.316,34.981,6932.007,39200.183,20101221_073534
7,KTLX20101221_134030_V03,6.411,0.119,291.837,378.707,19.428,-97.322,34.978,9713.937,39564.757,20101221_074030
1,KTLX20101221_124704_V03,-47.023,0.194,248.765,380.803,2.492,-97.558,34.969,1246.233,47838.598,20101221_064704
3,KTLX20101221_130628_V03,-27.623,0.399,187.880,303.827,8.933,-97.894,35.314,4466.558,56092.658,20101221_070628
5,KTLX20101222_132414_V03,-10.350,0.610,264.789,333.667,9.460,-97.471,35.181,4729.897,24358.149,20101222_072414
5,KTLX20101222_133357_V03,-0.633,0.518,264.124,336.321,21.210,-97.474,35.169,10605.023,25526.007,20101222_073357
5,KTLX20101222_134340_V03,9.084,0.101,261.879,327.860,41.526,-97.487,35.207,20762.948,23608.254,20101222_074340
1,KTLX20101222_125505_V03,-39.500,0.478,241.131,380.570,9.934,-97.600,34.970,4967.155,49892.361,20101222_065505
7,KTLX20101222_133357_V03,-0.633,0.064,336.702,216.363,4.869,-97.075,35.710,2434.620,45667.713,20101222_073357
2,KTLX20101223_133239_V03,-2.400,0.784,266.142,326.987,14.665,-97.463,35.211,7332.691,21648.869,20101223_073239
2,KTLX20101223_134223_V03,7.334,0.790,265.306,329.705,19.514,-97.468,35.199,9756.874,22836.862,20101223_074223
2,KTLX20101223_134720_V03,12.284,0.485,263.839,330.836,23.391,-97.476,35.194,11695.478,23761.726,20101223_074720
2,KTLX20101223_135217_V03,17.234,0.354,263.355,329.288,28.410,-97.479,35.201,14204.931,23455.586,20101223_075217
1,KTLX20101223_125344_V03,-41.316,0.087,305.955,199.874,1.955,-97.245,35.784,977.459,50151.243,20101223_065344
3,KTLX20101223_134223_V03,7.334,0.127,251.433,265.764,24.277,-97.545,35.487,12138.613,29710.430,20101223_074223
1,KTLX20101224_124630_V03,-48.989,0.208,25.231,502.182,35.104,-98.772,34.413,17551.908,170569.325,20101224_064630
1,KTLX20101224_124941_V03,-45.805,0.095,25.579,502.238,39.803,-98.770,34.412,19901.407,170445.939,20101224_064941
1,KTLX20101224_125252_V03,-42.622,0.212,28.701,502.945,43.326,-98.753,34.409,21663.248,169403.267,20101224_065252
1,KTLX20101224_125603_V03,-39.439,0.372,32.801,500.870,44.823,-98.731,34.419,22411.582,167140.830,20101224_065603
1,KTLX20101224_125915_V03,-36.239,0.389,38.954,496.701,48.777,-98.698,34.438,24388.662,163429.010,20101224_065915
1,KTLX20101224_130226_V03,-33.055,0.113,41.290,489.980,55.617,-98.685,34.469,27808.671,160486.022,20101224_070226
11,KTLX20101224_133106_V03,-4.389,0.471,267.261,330.425,7.306,-97.457,35.196,3653.011,22346.764,20101224_073106
11,KTLX20101224_133432_V03,-0.955,0.537,267.408,330.280,11.762,-97.456,35.196,5880.955,22243.711,20101224_073432
11,KTLX20101224_133743_V03,2.228,0.574,267.090,329.588,14.187,-97.458,35.200,7093.397,22127.644,20101224_073743
11,KTLX20101224_134055_V03,5.428,0.091,266.593,328.082,16.794,-97.461,35.206,8397.058,21821.116,20101224_074055
11,KTLX20101224_134406_V03,8.611,-1.000,266.204,326.937,19.531,-97.463,35.212,9765.277,21608.916,20101224_074406
11,KTLX20101224_134801_V03,12.528,-1.000,265.725,325.527,22.897,-97.466,35.218,11448.688,21368.450,20101224_074801
11,KTLX20101224_135142_V03,16.211,0.244,264.031,330.216,24.701,-97.475,35.197,12350.540,23488.006,20101224_075142
11,KTLX20101224_135522_V03,19.878,0.159,262.088,330.947,28.108,-97.486,35.193,14053.894,24469.481,20101224_075522
8,KTLX20101224_131159_V03,-23.505,0.265,242.692,379.494,6.056,-97.591,34.974,3028.183,48998.767,20101224_071159
8,KTLX20101224_131510_V03,-20.322,0.130,242.632,378.917,10.432,-97.592,34.977,5216.189,48782.795,20101224_071510
8,KTLX20101224_131822_V03,-17.122,0.160,241.654,378.151,14.497,-97.597,34.980,7248.316,48764.021,20101224_071822
20,KTLX20101224_145312_V03,77.711,0.062,249.558,516.620,19.562,-97.552,34.356,9780.924,111207.804,20101224_085312
20,KTLX20101224_145623_V03,80.895,0.073,250.587,516.607,23.871,-97.546,34.357,11935.691,111085.696,20101224_085623
20,KTLX20101224_145934_V03,84.078,-1.000,251.234,516.598,28.461,-97.543,34.357,14230.285,111010.152,20101224_085934
20,KTLX20101224_150245_V03,87.261,0.148,256.815,521.026,30.196,-97.512,34.337,15098.062,112602.509,20101224_090245
16,KTLX20101224_144650_V03,71.345,0.188,365.089,391.591,2.711,-96.921,34.920,1355.728,56181.466,20101224_084650
16,KTLX20101224_145001_V03,74.528,0.139,365.288,391.969,7.551,-96.920,34.918,3775.643,56393.198,20101224_085001
2,KTLX20101224_125252_V03,-42.622,0.097,377.425,401.609,7.073,-96.854,34.874,3536.264,63872.763,20101224_065252
3,KTLX20101224_130848_V03,-26.689,0.141,284.358,401.158,6.031,-97.363,34.877,3015.589,51180.247,20101224_070848
10,KTLX20101224_132755_V03,-7.572,0.062,188.389,300.475,14.478,-97.891,35.329,7239.004,55806.185,20101224_072755
13,KTLX20101224_133106_V03,-4.389,0.094,240.097,273.566,10.681,-97.607,35.452,5340.685,32737.944,20101224_073106
14,KTLX20101224_133432_V03,-0.955,0.082,306.932,516.895,23.625,-97.240,34.356,11812.611,108502.887,20101224_073432
15,KTLX20101224_135522_V03,19.878,0.116,219.907,429.949,17.960,-97.715,34.747,8980.186,76324.481,20101224_075522
19,KTLX20101224_144650_V03,71.345,0.055,261.593,568.025,30.372,-97.486,34.125,15185.939,135381.275,20101224_084650
21,KTLX20101224_145934_V03,84.078,0.183,378.505,396.870,9.076,-96.848,34.896,4538.246,62343.565,20101224_085934
3,KTLX20101225_133258_V03,-2.933,0.230,265.862,338.901,10.120,-97.465,35.158,5060.169,25877.983,20101225_073258
3,KTLX20101225_134242_V03,6.800,0.618,267.427,340.616,21.102,-97.456,35.150,10551.081,26031.760,20101225_074242
3,KTLX20101225_135226_V03,16.533,0.481,264.934,338.891,25.942,-97.470,35.158,12971.049,26182.521,20101225_075226
1,KTLX20101225_130346_V03,-32.133,0.132,241.767,382.445,8.302,-97.596,34.961,4151.163,50468.255,20101225_070346
2,KTLX20101225_130346_V03,-32.133,0.066,233.913,311.219,2.354,-97.641,35.282,1176.779,33516.067,20101225_070346
5,KTLX20101225_134242_V03,6.800,0.069,266.987,286.700,15.367,-97.459,35.393,7683.699,17795.698,20101225_074242
4,KTLX20101226_132355_V03,-12.366,0.566,266.461,332.730,7.699,-97.462,35.185,3849.560,23431.565,20101226_072355
4,KTLX20101226_133339_V03,-2.633,0.567,265.656,332.192,21.064,-97.466,35.188,10532.159,23536.618,20101226_073339
4,KTLX20101226_134324_V03,7.117,0.736,263.212,331.308,29.025,-97.479,35.192,14512.571,24153.502,20101226_074324
4,KTLX20101226_134821_V03,12.067,0.102,264.373,334.373,31.862,-97.473,35.178,15930.793,24752.664,20101226_074821
6,KTLX20101226_133339_V03,-2.633,0.165,275.415,420.426,10.076,-97.412,34.790,5037.952,61454.977,20101226_073339
6,KTLX20101226_134324_V03,7.117,0.159,281.494,397.839,18.820,-97.379,34.892,9410.141,49786.763,20101226_074324
1,KTLX20101226_125441_V03,-41.599,0.471,240.486,379.777,8.550,-97.603,34.973,4275.118,49765.218,20101226_065441
2,KTLX20101226_125441_V03,-41.599,0.054,278.276,298.408,5.983,-97.397,35.340,2991.390,10890.959,20101226_065441
7,KTLX20101226_133339_V03,-2.633,0.131,289.280,377.933,9.376,-97.336,34.982,4688.095,39333.426,20101226_073339
8,KTLX20101226_133339_V03,-2.633,0.092,369.849,368.110,9.183,-96.895,35.025,4591.364,48779.881,20101226_073339
1,KTLX20101227_132515_V03,-11.387,0.703,265.392,322.722,10.816,-97.468,35.231,5407.799,20700.074,20101227_072515
1,KTLX20101227_133459_V03,-1.653,0.761,263.465,321.984,22.369,-97.478,35.234,11184.649,21319.507,20101227_073459
1,KTLX20101227_134443_V03,8.080,0.488,265.793,325.528,27.866,-97.465,35.218,13932.881,21341.329,20101227_074443
2,KTLX20101227_132515_V03,-11.387,0.119,275.349,409.308,3.403,-97.412,34.840,1701.651,56026.715,20101227_072515
4,KTLX20101227_133459_V03,-1.653,0.053,268.059,346.880,23.699,-97.453,35.122,11849.613,28363.737,20101227_073459
5,KTLX20101227_133459_V03,-1.653,0.051,286.598,365.684,2.671,-97.351,35.037,1335.297,33518.746,20101227_073459
2,KTLX20101228_132543_V03,-11.245,0.701,267.482,326.543,8.058,-97.456,35.213,4028.763,20987.782,20101228_072543
2,KTLX20101228_133526_V03,-1.528,0.820,269.677,325.166,17.221,-97.444,35.220,8610.362,19703.048,20101228_073526
2,KTLX20101228_134510_V03,8.205,0.657,268.652,324.915,21.657,-97.450,35.221,10828.586,20021.578,20101228_074510
2,KTLX20101228_135007_V03,13.155,0.061,273.234,325.084,27.321,-97.424,35.220,13660.428,18341.167,20101228_075007
1,KTLX20101228_124649_V03,-50.145,0.064,354.228,421.221,5.274,-96.981,34.786,2636.843,66398.987,20101228_064649
4,KTLX20101228_133526_V03,-1.528,0.135,288.207,368.969,3.002,-97.342,35.022,1500.946,34984.883,20101228_073526
2,KTLX20101229_133328_V03,-3.790,0.074,263.980,330.168,11.807,-97.475,35.197,5903.713,23492.252,20101229_073328
2,KTLX20101229_133822_V03,1.110,0.092,266.691,330.918,17.813,-97.460,35.194,8906.698,22723.479,20101229_073822
2,KTLX20101229_134316_V03,6.010,0.338,280.925,333.569,19.947,-97.382,35.182,9973.626,19304.913,20101229_074316
2,KTLX20101229_134809_V03,10.893,-1.000,292.405,335.751,23.022,-97.319,35.172,11511.156,18274.317,20101229_074809
2,KTLX20101229_135303_V03,15.793,0.058,285.751,331.612,23.326,-97.356,35.191,11662.958,17337.775,20101229_075303
2,KTLX20101229_135758_V03,20.710,0.128,283.763,333.331,22.224,-97.367,35.183,11111.765,18537.831,20101229_075758
4,KTLX20101229_143214_V03,54.977,0.687,273.208,366.179,16.385,-97.424,35.035,8192.682,35698.118,20101229_083214
4,KTLX20101229_143708_V03,59.877,0.111,273.990,365.958,22.490,-97.420,35.036,11245.101,35450.435,20101229_083708
1,KTLX20101229_130858_V03,-28.290,0.374,280.968,400.810,8.201,-97.382,34.879,4100.748,51295.448,20101229_070858
3,KTLX20101229_134809_V03,10.893,0.276,281.435,331.401,17.504,-97.379,35.192,8752.047,18239.156,20101229_074809
5,KTLX20101229_150135_V03,84.327,0.062,324.022,403.465,30.495,-97.146,34.867,15247.677,53108.358,20101229_090135
1,KTLX20101230_124914_V03,-48.288,0.555,353.629,418.964,5.666,-96.984,34.797,2833.199,65246.596,20101230_064914
1,KTLX20101230_125855_V03,-38.605,0.209,354.340,419.067,14.088,-96.981,34.796,7044.175,65440.257,20101230_065855
4,KTLX20101230_130837_V03,-28.905,0.129,32.647,401.326,58.733,-98.740,34.868,29366.749,142955.200,20101230_070837
4,KTLX20101230_131819_V03,-19.205,-1.000,32.647,401.326,74.156,-98.740,34.868,37078.249,142955.200,20101230_071819
4,KTLX20101230_132801_V03,-9.505,-1.000,32.647,401.326,89.579,-98.740,34.868,44789.749,142955.200,20101230_072801
4,KTLX20101230_133742_V03,0.178,0.127,43.471,416.083,84.669,-98.679,34.802,42334.598,140785.832,20101230_073742
3,KTLX20101230_125855_V03,-38.605,0.117,427.999,252.175,7.700,-96.572,35.547,3849.834,68320.804,20101230_065855
5,KTLX20101230_132801_V03,-9.505,0.081,390.015,447.265,8.718,-96.786,34.668,4359.247,86298.508,20101230_072801
6,KTLX20101230_132801_V03,-9.505,0.054,360.719,188.757,32.584,-96.941,35.834,16292.141,63367.444,20101230_072801
7,KTLX20101230_133742_V03,0.178,0.596,257.995,328.132,29.199,-97.508,35.206,14599.463,25277.630,20101230_073742
1,KTLX20101231_124620_V03,-51.423,0.347,349.853,428.395,4.626,-97.005,34.754,2312.943,68867.154,20101231_064620
1,KTLX20101231_124931_V03,-48.240,0.589,350.837,428.281,9.354,-97.000,34.755,4677.029,68993.783,20101231_064931
1,KTLX20101231_125242_V03,-45.057,0.068,353.275,427.063,12.475,-96.987,34.760,6237.450,68889.714,20101231_065242
1,KTLX20101231_125552_V03,-41.890,0.102,353.711,424.323,16.288,-96.984,34.772,8144.150,67714.387,20101231_065552
23,KTLX20101231_132739_V03,-10.107,0.217,274.292,330.677,14.085,-97.419,35.195,7042.494,20012.384,20101231_072739
23,KTLX20101231_133050_V03,-6.923,0.087,274.488,330.925,18.621,-97.418,35.194,9310.634,20045.040,20101231_073050
23,KTLX20101231_133401_V03,-3.740,0.296,272.586,329.460,22.904,-97.428,35.200,11452.239,20121.076,20101231_073401
23,KTLX20101231_133711_V03,-0.573,-1.000,271.269,328.463,27.293,-97.435,35.205,13646.295,20221.455,20101231_073711
23,KTLX20101231_134022_V03,2.610,0.067,273.507,328.893,30.493,-97.423,35.203,15246.732,19600.104,20101231_074022
6,KTLX20101231_125552_V03,-41.890,0.392,247.443,377.848,5.937,-97.565,34.982,2968.342,46964.322,20101231_065552
6,KTLX20101231_125903_V03,-38.707,0.291,247.948,377.695,10.502,-97.563,34.983,5250.789,46759.785,20101231_065903
6,KTLX20101231_130213_V03,-35.540,0.182,249.144,378.340,12.865,-97.556,34.980,6432.378,46699.876,20101231_070213
5,KTLX20101231_125552_V03,-41.890,0.470,288.424,400.853,2.636,-97.341,34.879,1317.898,50757.565,20101231_065552
5,KTLX20101231_125903_V03,-38.707,0.065,288.373,400.874,7.296,-97.341,34.878,3647.932,50770.827,20101231_065903
15,KTLX20101231_132428_V03,-13.290,0.490,391.289,323.936,8.247,-96.776,35.224,4123.680,47187.376,20101231_072428
15,KTLX20101231_132739_V03,-10.107,0.057,391.714,323.791,12.469,-96.774,35.225,6234.621,47374.673,20101231_072739
3,KTLX20101231_124620_V03,-51.423,0.141,25.343,341.969,47.551,-98.784,35.135,23775.337,138922.315,20101231_064620
3,KTLX20101231_124931_V03,-48.240,0.116,25.601,310.577,37.534,-98.786,35.276,18766.979,137301.372,20101231_064931
12,KTLX20101231_125552_V03,-41.890,0.056,155.558,334.972,5.792,-98.070,35.173,2896.105,74307.544,20101231_065552
16,KTLX20101231_132428_V03,-13.290,0.317,282.289,415.383,5.470,-97.374,34.813,2735.062,58367.239,20101231_072428
22,KTLX20101231_132428_V03,-13.290,0.053,204.988,291.444,11.496,-97.800,35.370,5748.056,47698.314,20101231_072428
24,KTLX20101231_133050_V03,-6.923,0.116,291.506,368.861,4.930,-97.324,35.023,2464.750,34691.605,20101231_073050
26,KTLX20101231_135615_V03,18.493,0.132,289.181,352.414,23.428,-97.337,35.097,11713.881,26759.581,20101231_075615
