track_id,filename,sweep_idx,sweep_angle,count_scaling,n_roost_pixels,n_refAbove40_pixels,n_refBelow40_animals,n_xcorrAbove0.95_pixels,n_xcorrBelow0.95_refAbove40_pixels,n_xcorrBelow0.95_refBelow40_animals
KMAX20180601-1,KMAX20180601_113852_V06,0,0.483,1.200,541,0,31335.016,9,0,30774.357
KMAX20180601-1,KMAX20180601_113852_V06,2,1.494,1.200,546,0,207.157,1,0,204.574
KMAX20180601-1,KMAX20180601_113852_V06,4,2.505,1.200,276,0,6.228,0,0,6.228
KMAX20180601-2,KMAX20180601_113852_V06,0,0.483,1.200,57,0,3603.650,3,0,2626.697
KMAX20180601-2,KMAX20180601_113852_V06,2,1.494,1.200,56,0,0.031,0,0,0.031
KMAX20180601-2,KMAX20180601_113852_V06,4,2.505,1.200,29,0,0.032,0,0,0.032
KMAX20180601-2,KMAX20180601_113852_V06,5,3.516,1.200,29,0,0.032,0,0,0.032
KMAX20180601-2,KMAX20180601_113852_V06,6,4.482,1.200,29,0,0.032,0,0,0.032
KMAX20180601-3,KMAX20180601_123701_V06,0,0.483,1.200,563,0,34871.538,10,0,34802.358
KMAX20180601-3,KMAX20180601_123701_V06,2,1.494,1.200,561,0,224.014,1,0,222.175
KMAX20180601-3,KMAX20180601_123701_V06,4,2.505,1.200,280,0,13.684,0,0,13.684
KMAX20180602-4,KMAX20180602_123633_V06,0,0.483,1.200,1668,0,12810.734,198,0,11516.606
KMAX20180602-4,KMAX20180602_123633_V06,2,1.494,1.200,1663,0,33.400,32,0,17.627
KMAX20180602-4,KMAX20180602_123633_V06,4,2.505,1.200,836,0,14.689,1,0,14.047
KMAX20180602-4,KMAX20180602_123633_V06,5,3.516,1.200,837,0,15.567,2,0,14.452
KMAX20180602-4,KMAX20180602_123633_V06,6,4.482,1.200,834,0,7.932,2,0,6.279
KMAX20180602-4,KMAX20180602_124613_V06,0,0.483,1.200,3656,0,23048.769,325,0,21197.030
KMAX20180602-4,KMAX20180602_124613_V06,2,1.494,1.200,3655,0,103.361,47,0,78.725
KMAX20180602-4,KMAX20180602_124613_V06,4,2.505,1.200,1834,0,40.376,5,0,37.348
KMAX20180602-4,KMAX20180602_124613_V06,5,3.516,1.200,1830,0,30.213,6,0,25.960
KMAX20180602-4,KMAX20180602_130535_V06,0,0.483,1.200,3583,0,14124.015,394,0,12885.165
KMAX20180602-4,KMAX20180602_130535_V06,2,1.494,1.200,3583,0,64.032,55,0,38.267
KMAX20180602-4,KMAX20180602_130535_V06,4,2.505,1.200,1791,0,25.495,4,0,21.894
KMAX20180602-4,KMAX20180602_130535_V06,5,3.516,1.200,1797,0,35.590,5,0,32.147
KMAX20180602-4,KMAX20180602_131515_V06,0,0.483,1.200,5437,0,14574.085,654,0,12292.164
KMAX20180602-4,KMAX20180602_131515_V06,2,1.494,1.200,5439,0,121.450,86,0,75.570
KMAX20180602-4,KMAX20180602_131515_V06,4,2.505,1.200,2720,0,45.199,7,0,40.935
KMAX20180602-4,KMAX20180602_131515_V06,5,3.516,1.200,2725,0,32.602,2,0,31.761
KMAX20180602-4,KMAX20180602_132457_V06,0,0.483,1.200,7307,0,18014.553,716,0,15251.732
KMAX20180602-4,KMAX20180602_132457_V06,2,1.494,1.200,7314,0,170.222,76,0,126.706
KMAX20180602-4,KMAX20180602_132457_V06,4,2.505,1.200,3651,0,53.193,5,0,50.356
KMAX20180602-4,KMAX20180602_132457_V06,5,3.516,1.200,3659,0,62.739,11,0,47.024
KMAX20180602-4,KMAX20180602_133439_V06,0,0.483,1.200,3672,0,55151.310,660,0,44272.923
KMAX20180602-4,KMAX20180602_133439_V06,2,1.494,1.200,3672,0,113.536,51,0,67.035
KMAX20180602-4,KMAX20180602_133439_V06,4,2.505,1.200,1840,0,39.446,3,0,34.068
KMAX20180602-4,KMAX20180602_133439_V06,5,3.516,1.200,1841,0,34.920,3,0,32.370
KMAX20180602-1,KMAX20180602_113826_V06,0,0.483,1.200,521,0,54623.686,40,0,52344.994
KMAX20180602-1,KMAX20180602_113826_V06,2,1.494,1.200,522,0,162.987,6,0,143.506
KMAX20180602-1,KMAX20180602_113826_V06,4,2.505,1.200,261,0,5.116,0,0,5.116
KMAX20180602-1,KMAX20180602_114807_V06,0,0.483,1.200,2100,0,63176.907,369,0,57252.690
KMAX20180602-1,KMAX20180602_114807_V06,2,1.494,1.200,2097,0,162.970,13,0,125.327
KMAX20180602-1,KMAX20180602_114807_V06,4,2.505,1.200,1047,0,107.019,1,0,104.559
KMAX20180602-3,KMAX20180602_122652_V06,0,0.483,1.200,552,0,136718.772,30,0,130222.366
KMAX20180602-3,KMAX20180602_122652_V06,2,1.494,1.200,554,0,341.922,4,0,329.525
KMAX20180602-3,KMAX20180602_122652_V06,4,2.505,1.200,281,0,23.042,1,0,18.438
KMAX20180602-5,KMAX20180602_133439_V06,0,0.483,1.200,589,0,46080.205,17,0,45202.040
KMAX20180602-5,KMAX20180602_133439_V06,2,1.494,1.200,590,0,1074.148,1,0,1062.129
KMAX20180602-5,KMAX20180602_133439_V06,4,2.505,1.200,295,0,17.534,0,0,17.534
KMAX20180603-1,KMAX20180603_113829_V06,0,0.483,1.200,399,0,53055.014,25,0,51441.238
KMAX20180603-1,KMAX20180603_113829_V06,2,1.494,1.200,401,0,190.159,1,0,187.704
KMAX20180603-1,KMAX20180603_113829_V06,4,2.505,1.200,200,0,18.859,0,0,18.859
KMAX20180603-1,KMAX20180603_114810_V06,0,0.483,1.200,1728,0,54130.538,322,0,52680.991
KMAX20180603-1,KMAX20180603_114810_V06,2,1.494,1.200,1723,0,361.320,12,0,255.177
KMAX20180603-1,KMAX20180603_114810_V06,4,2.505,1.200,865,0,18.019,0,0,18.019
KMAX20180603-1,KMAX20180603_120734_V06,0,0.483,1.200,7632,0,56984.319,1782,0,50362.771
KMAX20180603-1,KMAX20180603_120734_V06,2,1.494,1.200,7630,0,835.061,72,0,529.874
KMAX20180603-1,KMAX20180603_120734_V06,4,2.505,1.200,3824,0,232.919,13,0,206.715
KMAX20180603-1,KMAX20180603_121715_V06,0,0.483,1.200,580,0,41019.878,34,0,37817.803
KMAX20180603-1,KMAX20180603_121715_V06,2,1.494,1.200,583,0,355.807,0,0,355.807
KMAX20180603-1,KMAX20180603_121715_V06,4,2.505,1.200,291,0,33.380,1,0,30.283
KMAX20180603-1,KMAX20180603_122657_V06,0,0.483,1.200,1890,0,36506.482,258,0,33984.803
KMAX20180603-1,KMAX20180603_122657_V06,2,1.494,1.200,1887,0,374.318,15,0,295.637
KMAX20180603-1,KMAX20180603_122657_V06,4,2.505,1.200,943,0,113.583,1,0,101.324
KMAX20180603-3,KMAX20180603_132507_V06,0,0.483,1.200,130,0,36506.082,4,0,34313.600
KMAX20180603-3,KMAX20180603_132507_V06,2,1.494,1.200,128,0,342.042,1,0,311.144
KMAX20180603-3,KMAX20180603_132507_V06,4,2.505,1.200,65,0,0.192,0,0,0.192
KMAX20180604-1,KMAX20180604_113707_V06,0,0.483,1.200,246,0,34471.010,1,0,34235.371
KMAX20180604-1,KMAX20180604_113707_V06,2,1.494,1.200,247,0,169.641,0,0,169.641
KMAX20180604-1,KMAX20180604_113707_V06,4,2.505,1.200,122,0,0.359,0,0,0.359
KMAX20180604-1,KMAX20180604_114649_V06,0,0.483,1.200,1287,0,42053.603,135,0,41581.691
KMAX20180604-1,KMAX20180604_114649_V06,2,1.494,1.200,1290,0,190.680,7,0,174.191
KMAX20180604-1,KMAX20180604_114649_V06,4,2.505,1.200,645,0,9.539,0,0,9.539
KMAX20180604-4,KMAX20180604_124500_V06,0,0.483,1.200,333,0,49606.927,3,0,49586.223
KMAX20180604-4,KMAX20180604_124500_V06,2,1.494,1.200,335,0,122.474,1,0,106.989
KMAX20180604-4,KMAX20180604_124500_V06,4,2.505,1.200,171,0,6.123,0,0,6.123
KMAX20180604-4,KMAX20180604_130423_V06,0,0.483,1.200,1464,0,94357.019,30,0,94092.287
KMAX20180604-4,KMAX20180604_130423_V06,2,1.494,1.200,1461,0,230.197,5,0,164.839
KMAX20180604-4,KMAX20180604_130423_V06,4,2.505,1.200,731,0,27.694,0,0,27.694
KMAX20180604-3,KMAX20180604_122537_V06,0,0.483,1.200,430,0,50448.900,9,0,50175.658
KMAX20180604-3,KMAX20180604_122537_V06,2,1.494,1.200,430,0,509.498,1,0,505.134
KMAX20180604-3,KMAX20180604_122537_V06,4,2.505,1.200,217,0,2.595,0,0,2.595
KMAX20180605-1,KMAX20180605_114446_V06,0,0.483,1.200,637,0,171352.164,26,0,171150.135
KMAX20180605-1,KMAX20180605_114446_V06,2,1.494,1.200,636,0,914.587,9,0,860.100
KMAX20180605-1,KMAX20180605_114446_V06,4,2.505,1.200,319,0,20.464,1,0,15.052
KMAX20180605-1,KMAX20180605_120406_V06,0,0.483,1.200,1631,0,74673.342,63,0,74016.752
KMAX20180605-1,KMAX20180605_120406_V06,2,1.494,1.200,1630,0,407.959,9,0,386.600
KMAX20180605-1,KMAX20180605_120406_V06,4,2.505,1.200,818,0,84.525,9,0,54.703
KMAX20180605-1,KMAX20180605_121347_V06,0,0.483,1.200,2357,0,109027.376,71,0,108682.619
KMAX20180605-1,KMAX20180605_121347_V06,2,1.494,1.200,2359,0,223.720,22,0,106.559
KMAX20180605-1,KMAX20180605_121347_V06,4,2.505,1.200,1180,0,98.982,2,0,81.991
KMAX20180605-1,KMAX20180605_122328_V06,0,0.483,1.200,489,0,73668.693,7,0,73614.001
KMAX20180605-1,KMAX20180605_122328_V06,2,1.494,1.200,487,0,171.691,5,0,158.533
KMAX20180605-1,KMAX20180605_122328_V06,4,2.505,1.200,243,0,0.727,0,0,0.727
KMAX20180605-1,KMAX20180605_123310_V06,0,0.483,1.200,1914,0,97181.194,39,0,96935.470
KMAX20180605-1,KMAX20180605_123310_V06,2,1.494,1.200,1916,0,610.350,25,0,453.243
KMAX20180605-1,KMAX20180605_123310_V06,4,2.505,1.200,956,0,37.534,1,0,35.489
KMAX20180605-1,KMAX20180605_124251_V06,0,0.483,1.200,579,0,77744.863,16,0,77620.313
KMAX20180605-1,KMAX20180605_124251_V06,2,1.494,1.200,581,0,812.614,7,0,679.143
KMAX20180605-1,KMAX20180605_124251_V06,4,2.505,1.200,290,0,46.270,2,0,35.160
KMAX20180605-2,KMAX20180605_114446_V06,0,0.483,1.200,185,0,12072.916,8,0,12032.517
KMAX20180605-2,KMAX20180605_114446_V06,2,1.494,1.200,185,0,0.241,0,0,0.241
KMAX20180605-2,KMAX20180605_114446_V06,4,2.505,1.200,92,0,4.438,0,0,4.438
KMAX20180605-6,KMAX20180605_134053_V06,0,0.483,1.200,587,0,81526.144,14,0,81450.506
KMAX20180605-6,KMAX20180605_134053_V06,2,1.494,1.200,588,0,607.629,8,0,480.916
KMAX20180605-6,KMAX20180605_134053_V06,4,2.505,1.200,294,0,54.617,4,0,41.586
KMAX20180606-10,KMAX20180606_132040_V06,0,0.483,1.200,147,0,48795.291,3,0,48757.630
KMAX20180606-10,KMAX20180606_132040_V06,2,1.494,1.200,146,0,139.662,1,0,134.850
KMAX20180606-10,KMAX20180606_132040_V06,4,2.505,1.200,72,0,0.210,0,0,0.210
KMAX20180606-10,KMAX20180606_133021_V06,0,0.483,1.200,1079,0,110520.192,10,0,110426.902
KMAX20180606-10,KMAX20180606_133021_V06,2,1.494,1.200,1082,0,543.291,4,0,534.115
KMAX20180606-10,KMAX20180606_133021_V06,4,2.505,1.200,542,0,20.009,0,0,20.009
KMAX20180606-10,KMAX20180606_134001_V06,0,0.483,1.200,1033,0,104735.862,21,0,104193.678
KMAX20180606-10,KMAX20180606_134001_V06,2,1.494,1.200,1028,0,933.812,4,0,922.499
KMAX20180606-10,KMAX20180606_134001_V06,4,2.505,1.200,515,0,17.254,0,0,17.254
KMAX20180606-1,KMAX20180606_114153_V06,0,0.483,1.200,292,0,60643.485,2,0,60634.000
KMAX20180606-1,KMAX20180606_114153_V06,2,1.494,1.200,291,0,215.565,0,0,215.565
KMAX20180606-1,KMAX20180606_114153_V06,4,2.505,1.200,148,0,6.565,0,0,6.565
KMAX20180606-1,KMAX20180606_120116_V06,0,0.483,1.200,956,0,97270.003,58,0,91816.394
KMAX20180606-1,KMAX20180606_120116_V06,2,1.494,1.200,951,0,157.833,3,0,151.980
KMAX20180606-1,KMAX20180606_120116_V06,4,2.505,1.200,480,0,16.563,0,0,16.563
KMAX20180606-1,KMAX20180606_121256_V06,0,0.483,1.200,417,0,99786.130,9,0,99751.020
KMAX20180606-1,KMAX20180606_121256_V06,2,1.494,1.200,415,0,136.107,2,0,112.880
KMAX20180606-1,KMAX20180606_121256_V06,4,2.505,1.200,211,0,4.895,0,0,4.895
KMAX20180606-1,KMAX20180606_122237_V06,0,0.483,1.200,2039,0,65381.231,58,0,65209.926
KMAX20180606-1,KMAX20180606_122237_V06,2,1.494,1.200,2047,0,152.630,19,0,87.096
KMAX20180606-1,KMAX20180606_122237_V06,4,2.505,1.200,1020,0,34.263,0,0,34.263
KMAX20180606-1,KMAX20180606_123217_V06,0,0.483,1.200,5073,0,51783.349,125,0,51371.095
KMAX20180606-1,KMAX20180606_123217_V06,2,1.494,1.200,5079,0,865.931,73,0,643.441
KMAX20180606-1,KMAX20180606_123217_V06,4,2.505,1.200,2541,0,104.419,14,0,75.547
KMAX20180606-1,KMAX20180606_124156_V06,0,0.483,1.200,479,0,75698.803,8,0,75654.758
KMAX20180606-1,KMAX20180606_124156_V06,2,1.494,1.200,480,0,325.036,1,0,270.407
KMAX20180606-1,KMAX20180606_124156_V06,4,2.505,1.200,238,0,47.640,1,0,22.755
KMAX20180606-1,KMAX20180606_130117_V06,0,0.483,1.200,1900,0,62102.203,47,0,61971.054
KMAX20180606-1,KMAX20180606_130117_V06,2,1.494,1.200,1902,0,242.460,18,0,179.584
KMAX20180606-1,KMAX20180606_130117_V06,4,2.505,1.200,949,0,15.840,0,0,15.840
KMAX20180607-2,KMAX20180607_113710_V06,0,0.483,1.200,235,0,156753.118,11,0,136761.452
KMAX20180607-2,KMAX20180607_113710_V06,2,1.450,1.200,236,0,339.213,7,0,283.271
KMAX20180607-2,KMAX20180607_113710_V06,4,2.417,1.200,117,0,27.725,0,0,27.725
KMAX20180607-2,KMAX20180607_114204_V06,0,0.483,1.200,1058,0,169427.111,76,0,156716.407
KMAX20180607-2,KMAX20180607_114204_V06,2,1.450,1.200,1060,0,412.909,4,0,403.118
KMAX20180607-2,KMAX20180607_114204_V06,4,2.417,1.200,529,0,12.120,0,0,12.120
KMAX20180607-2,KMAX20180607_114658_V06,0,0.483,1.200,2571,0,151673.293,90,0,136604.150
KMAX20180607-2,KMAX20180607_114658_V06,2,1.450,1.200,2575,0,1684.277,23,0,1540.062
KMAX20180607-2,KMAX20180607_114658_V06,4,2.417,1.200,1292,0,140.124,3,0,112.917
KMAX20180607-2,KMAX20180607_115154_V06,0,0.483,1.200,418,0,179056.181,22,0,159779.789
KMAX20180607-2,KMAX20180607_115154_V06,2,1.450,1.200,419,0,2158.026,4,0,2108.011
KMAX20180607-2,KMAX20180607_115154_V06,4,2.417,1.200,208,0,57.491,0,0,57.491
KMAX20180607-6,KMAX20180607_122327_V06,0,0.483,1.200,600,0,156064.491,27,0,152757.026
KMAX20180607-6,KMAX20180607_122327_V06,2,1.450,1.200,600,0,2388.624,9,0,2281.987
KMAX20180607-6,KMAX20180607_122327_V06,4,2.417,1.200,300,0,0.909,0,0,0.909
KMAX20180607-6,KMAX20180607_122823_V06,0,0.483,1.200,1613,0,223538.132,40,0,220976.161
KMAX20180607-6,KMAX20180607_122823_V06,2,1.450,1.200,1614,0,1969.529,2,0,1803.260
KMAX20180607-6,KMAX20180607_122823_V06,4,2.417,1.200,806,0,84.144,3,0,58.372
KMAX20180607-6,KMAX20180607_123319_V06,0,0.483,1.200,628,0,137737.626,41,0,129250.055
KMAX20180607-6,KMAX20180607_123319_V06,2,1.450,1.200,629,0,2802.614,7,0,2496.619
KMAX20180607-6,KMAX20180607_123319_V06,4,2.417,1.200,314,0,21.621,0,0,21.621
KMAX20180607-6,KMAX20180607_123815_V06,0,0.483,1.200,468,0,146101.157,32,0,131675.406
KMAX20180607-6,KMAX20180607_123815_V06,2,1.450,1.200,471,0,1588.049,5,0,1437.151
KMAX20180607-6,KMAX20180607_123815_V06,4,2.417,1.200,235,0,35.247,0,0,35.247
KMAX20180607-10,KMAX20180607_132200_V06,0,0.483,1.200,410,0,218434.970,15,0,214865.026
KMAX20180607-10,KMAX20180607_132200_V06,2,1.494,1.200,409,0,1194.337,3,0,1189.310
KMAX20180607-10,KMAX20180607_132200_V06,4,2.505,1.200,205,0,6.525,0,0,6.525
KMAX20180607-10,KMAX20180607_133142_V06,0,0.483,1.200,1750,0,115188.958,26,0,115091.937
KMAX20180607-10,KMAX20180607_133142_V06,2,1.494,1.200,1751,0,567.544,23,0,421.806
KMAX20180607-10,KMAX20180607_133142_V06,4,2.505,1.200,875,0,39.940,0,0,39.940
KMAX20180607-4,KMAX20180607_121135_V06,0,0.483,1.200,944,0,273395.583,51,0,237480.811
KMAX20180607-4,KMAX20180607_121135_V06,2,1.450,1.200,941,0,1946.174,6,0,1834.395
KMAX20180607-4,KMAX20180607_121135_V06,4,2.417,1.200,471,0,24.936,0,0,24.936
KMAX20180608-1,KMAX20180608_114201_V06,0,0.483,1.200,588,0,41442.724,8,0,40715.870
KMAX20180608-1,KMAX20180608_114201_V06,2,1.494,1.200,587,0,224.126,1,0,222.369
KMAX20180608-1,KMAX20180608_114201_V06,4,2.505,1.200,293,0,0.877,0,0,0.877
KMAX20180608-1,KMAX20180608_120110_V06,0,0.483,1.200,1507,0,41406.678,15,0,39296.142
KMAX20180608-1,KMAX20180608_120110_V06,2,1.494,1.200,1507,0,453.777,7,0,156.161
KMAX20180608-1,KMAX20180608_120110_V06,4,2.505,1.200,757,0,39.045,2,0,30.411
KMAX20180608-1,KMAX20180608_121045_V06,0,0.483,1.200,230,0,75379.905,5,0,73925.706
KMAX20180608-1,KMAX20180608_121045_V06,2,1.494,1.200,229,0,352.610,2,0,250.044
KMAX20180608-1,KMAX20180608_121045_V06,4,2.505,1.200,112,0,0.331,0,0,0.331
KMAX20180608-4,KMAX20180608_122955_V06,0,0.483,1.200,530,0,69737.808,10,0,68594.475
KMAX20180608-4,KMAX20180608_122955_V06,2,1.494,1.200,531,0,413.506,3,0,222.623
KMAX20180608-4,KMAX20180608_122955_V06,4,2.505,1.200,266,0,28.187,3,0,13.214
KMAX20180608-4,KMAX20180608_123931_V06,0,0.483,1.200,1851,0,71940.504,17,0,68331.894
KMAX20180608-4,KMAX20180608_123931_V06,2,1.494,1.200,1856,0,640.654,6,0,503.703
KMAX20180608-4,KMAX20180608_123931_V06,4,2.505,1.200,924,0,40.242,2,0,32.058
KMAX20180608-4,KMAX20180608_124906_V06,0,0.483,1.200,514,0,58360.539,18,0,52324.873
KMAX20180608-4,KMAX20180608_124906_V06,2,1.494,1.200,514,0,429.738,2,0,273.891
KMAX20180608-4,KMAX20180608_124906_V06,4,2.505,1.200,255,0,8.141,0,0,8.141
KMAX20180608-4,KMAX20180608_130817_V06,0,0.483,1.200,2639,0,55443.692,18,0,53869.554
KMAX20180608-4,KMAX20180608_130817_V06,2,1.494,1.200,2641,0,463.723,14,0,420.530
KMAX20180608-4,KMAX20180608_130817_V06,4,2.505,1.200,1319,0,45.139,0,0,45.139
KMAX20180609-5,KMAX20180609_130926_V06,0,0.483,1.200,6489,0,370031.238,1333,0,10498.852
KMAX20180609-5,KMAX20180609_130926_V06,2,0.879,1.200,6493,0,402852.809,1333,0,6208.896
KMAX20180609-5,KMAX20180609_130926_V06,4,1.318,1.200,6491,0,116688.355,1582,0,6926.792
KMAX20180609-5,KMAX20180609_130926_V06,6,1.802,1.200,3248,0,18693.030,639,0,4646.694
KMAX20180609-5,KMAX20180609_130926_V06,7,2.417,1.200,3248,0,5227.769,205,0,2345.251
KMAX20180610-1,KMAX20180610_114009_V06,0,0.483,1.200,1119,0,44770.424,9,0,43778.060
KMAX20180610-1,KMAX20180610_114009_V06,2,1.494,1.200,1119,0,80.290,2,0,72.924
KMAX20180610-1,KMAX20180610_114009_V06,4,2.505,1.200,559,0,21.905,0,0,21.905
KMAX20180610-1,KMAX20180610_114943_V06,0,0.483,1.200,2074,0,63314.619,33,0,59831.197
KMAX20180610-1,KMAX20180610_114943_V06,2,1.494,1.200,2074,0,381.803,6,0,343.150
KMAX20180610-1,KMAX20180610_114943_V06,4,2.505,1.200,1034,0,47.655,2,0,38.852
KMAX20180610-1,KMAX20180610_120855_V06,0,0.483,1.200,524,0,53992.002,8,0,51300.722
KMAX20180610-1,KMAX20180610_120855_V06,2,1.494,1.200,525,0,245.520,1,0,234.557
KMAX20180610-1,KMAX20180610_120855_V06,4,2.505,1.200,264,0,0.802,0,0,0.802
KMAX20180610-6,KMAX20180610_122805_V06,0,0.483,1.200,540,0,39493.816,3,0,39478.545
KMAX20180610-6,KMAX20180610_122805_V06,2,1.494,1.200,539,0,33.745,1,0,33.097
KMAX20180610-6,KMAX20180610_122805_V06,4,2.505,1.200,270,0,0.811,0,0,0.811
KMAX20180610-6,KMAX20180610_123741_V06,0,0.483,1.200,1909,0,19614.267,12,0,19471.882
KMAX20180610-6,KMAX20180610_123741_V06,2,1.494,1.200,1912,0,233.234,4,0,223.979
KMAX20180610-6,KMAX20180610_123741_V06,4,2.505,1.200,957,0,17.575,0,0,17.575
KMAX20180610-6,KMAX20180610_124716_V06,0,0.483,1.200,527,0,26185.097,4,0,26174.882
KMAX20180610-6,KMAX20180610_124716_V06,2,1.494,1.200,531,0,112.780,0,0,112.780
KMAX20180610-6,KMAX20180610_124716_V06,4,2.505,1.200,265,0,13.924,1,0,5.195
KMAX20180610-6,KMAX20180610_130628_V06,0,0.483,1.200,2527,0,47298.996,10,0,46502.200
KMAX20180610-6,KMAX20180610_130628_V06,2,1.494,1.200,2527,0,197.563,9,0,178.611
KMAX20180610-6,KMAX20180610_130628_V06,4,2.505,1.200,1265,0,49.112,0,0,49.112
KMAX20180610-6,KMAX20180610_131602_V06,0,0.483,1.200,512,0,43555.707,7,0,43474.990
KMAX20180610-6,KMAX20180610_131602_V06,2,1.494,1.200,512,0,320.849,1,0,319.228
KMAX20180610-6,KMAX20180610_131602_V06,4,2.505,1.200,257,0,27.767,0,0,27.767
KMAX20180610-6,KMAX20180610_132537_V06,0,0.483,1.200,1851,0,55237.584,24,0,49916.159
KMAX20180610-6,KMAX20180610_132537_V06,2,1.494,1.200,1859,0,361.556,8,0,333.153
KMAX20180610-6,KMAX20180610_132537_V06,4,2.505,1.200,930,0,35.436,2,0,27.655
KMAX20180610-6,KMAX20180610_133711_V06,0,0.483,1.200,274,0,31219.443,2,0,31208.358
KMAX20180610-6,KMAX20180610_133711_V06,2,1.494,1.200,274,0,118.369,0,0,118.369
KMAX20180610-6,KMAX20180610_133711_V06,4,2.505,1.200,138,0,7.642,0,0,7.642
KMAX20180610-10,KMAX20180610_131602_V06,0,0.483,1.200,4772,0,45608.385,1015,0,14658.045
KMAX20180610-10,KMAX20180610_132537_V06,0,0.483,1.200,10235,0,63616.648,1675,0,20739.547
KMAX20180611-1,KMAX20180611_113841_V06,0,0.483,1.200,559,0,72144.681,12,0,65726.163
KMAX20180611-1,KMAX20180611_113841_V06,2,1.494,1.200,558,0,272.915,2,0,184.249
KMAX20180611-1,KMAX20180611_113841_V06,4,2.505,1.200,277,0,34.461,0,0,34.461
KMAX20180611-1,KMAX20180611_114816_V06,0,0.483,1.200,1845,0,141829.931,57,0,140876.997
KMAX20180611-1,KMAX20180611_114816_V06,2,1.494,1.200,1844,0,508.865,2,0,446.011
KMAX20180611-1,KMAX20180611_114816_V06,4,2.505,1.200,920,0,80.212,2,0,39.645
KMAX20180611-1,KMAX20180611_120725_V06,0,0.483,1.200,495,0,102592.048,15,0,99365.176
KMAX20180611-1,KMAX20180611_120725_V06,2,1.494,1.200,498,0,344.404,3,0,270.075
KMAX20180611-1,KMAX20180611_120725_V06,4,2.505,1.200,251,0,11.778,2,0,6.795
KMAX20180611-1,KMAX20180611_121700_V06,0,0.483,1.200,2325,0,145351.845,119,0,143705.295
KMAX20180611-1,KMAX20180611_121700_V06,2,1.494,1.200,2326,0,462.951,12,0,428.530
KMAX20180611-1,KMAX20180611_121700_V06,4,2.505,1.200,1161,0,89.947,3,0,78.770
KMAX20180611-1,KMAX20180611_122634_V06,0,0.483,1.200,5621,0,116382.874,523,0,109321.751
KMAX20180611-1,KMAX20180611_122634_V06,2,1.494,1.200,5625,0,626.481,30,0,481.658
KMAX20180611-1,KMAX20180611_122634_V06,4,2.505,1.200,2821,0,167.263,10,0,132.777
KMAX20180611-1,KMAX20180611_123609_V06,0,0.483,1.200,635,0,116271.918,30,0,115240.101
KMAX20180611-1,KMAX20180611_123609_V06,2,1.494,1.200,636,0,213.557,11,0,174.797
KMAX20180611-1,KMAX20180611_123609_V06,4,2.505,1.200,318,0,28.872,2,0,24.975
KMAX20180611-8,KMAX20180611_131430_V06,0,0.483,1.200,581,0,95685.870,11,0,94390.716
KMAX20180611-8,KMAX20180611_131430_V06,2,1.494,1.200,583,0,297.672,3,0,214.162
KMAX20180611-8,KMAX20180611_131430_V06,4,2.505,1.200,291,0,0.871,0,0,0.871
KMAX20180611-8,KMAX20180611_132405_V06,0,0.483,1.200,2024,0,74416.494,36,0,73095.529
KMAX20180611-8,KMAX20180611_132405_V06,2,1.494,1.200,2024,0,132.705,8,0,109.460
KMAX20180611-8,KMAX20180611_132405_V06,4,2.505,1.200,1009,0,44.985,0,0,44.985
KMAX20180611-8,KMAX20180611_133340_V06,0,0.483,1.200,4498,0,97403.903,46,0,94297.112
KMAX20180611-8,KMAX20180611_133340_V06,2,1.494,1.200,4505,0,787.093,26,0,674.040
KMAX20180611-8,KMAX20180611_133340_V06,4,2.505,1.200,2252,0,218.899,9,0,150.486
KMAX20180611-8,KMAX20180611_134519_V06,0,0.483,1.200,708,0,87515.315,17,0,85746.861
KMAX20180611-8,KMAX20180611_134519_V06,2,1.494,1.200,707,0,703.854,4,0,592.191
KMAX20180611-8,KMAX20180611_134519_V06,4,2.505,1.200,353,0,16.064,0,0,16.064
KMAX20180611-8,KMAX20180611_140430_V06,0,0.483,1.200,1750,0,87738.499,44,0,80718.527
KMAX20180611-8,KMAX20180611_140430_V06,2,1.494,1.200,1750,0,429.777,8,0,370.545
KMAX20180611-8,KMAX20180611_140430_V06,4,2.505,1.200,879,0,56.985,1,0,51.851
KMAX20180611-3,KMAX20180611_113841_V06,0,0.483,1.200,1990,0,3395.950,442,0,855.729
KMAX20180611-3,KMAX20180611_113841_V06,2,1.494,1.200,1988,0,31.270,4,0,3.261
KMAX20180611-3,KMAX20180611_113841_V06,4,2.505,1.200,993,0,3.272,0,0,3.272
KMAX20180612-11,KMAX20180612_132158_V06,0,0.483,1.200,195,0,69811.727,1,0,69806.233
KMAX20180612-11,KMAX20180612_132158_V06,2,1.494,1.200,196,0,199.548,0,0,199.548
KMAX20180612-11,KMAX20180612_132158_V06,4,2.505,1.200,99,0,6.374,0,0,6.374
KMAX20180612-11,KMAX20180612_133133_V06,0,0.483,1.200,1060,0,65475.673,16,0,65420.809
KMAX20180612-11,KMAX20180612_133133_V06,2,1.494,1.200,1060,0,389.563,6,0,365.987
KMAX20180612-11,KMAX20180612_133133_V06,4,2.505,1.200,528,0,10.703,0,0,10.703
KMAX20180612-11,KMAX20180612_134106_V06,0,0.483,1.200,1348,0,44619.464,11,0,44596.494
KMAX20180612-11,KMAX20180612_134106_V06,2,1.494,1.200,1348,0,636.657,6,0,612.043
KMAX20180612-11,KMAX20180612_134106_V06,4,2.505,1.200,673,0,160.034,7,0,117.710
KMAX20180612-11,KMAX20180612_140014_V06,0,0.483,1.200,1294,0,74578.818,8,0,74552.171
KMAX20180612-11,KMAX20180612_140014_V06,2,1.494,1.200,1296,0,135.372,2,0,130.096
KMAX20180612-11,KMAX20180612_140014_V06,4,2.505,1.200,647,0,1.848,0,0,1.848
KMAX20180612-1,KMAX20180612_113639_V06,0,0.483,1.200,539,0,58274.216,26,0,58213.645
KMAX20180612-1,KMAX20180612_113639_V06,2,1.494,1.200,542,0,341.512,4,0,324.723
KMAX20180612-1,KMAX20180612_113639_V06,4,2.505,1.200,271,0,0.821,0,0,0.821
KMAX20180612-1,KMAX20180612_114614_V06,0,0.483,1.200,1631,0,62279.793,56,0,59461.241
KMAX20180612-1,KMAX20180612_114614_V06,2,1.494,1.200,1633,0,349.768,8,0,326.503
KMAX20180612-1,KMAX20180612_114614_V06,4,2.505,1.200,817,0,31.054,0,0,31.054
KMAX20180612-1,KMAX20180612_120521_V06,0,0.483,1.200,231,0,38870.816,2,0,38862.477
KMAX20180612-1,KMAX20180612_120521_V06,2,1.494,1.200,232,0,468.797,1,0,467.669
KMAX20180612-1,KMAX20180612_120521_V06,4,2.505,1.200,119,0,7.280,1,0,4.201
KMAX20180612-1,KMAX20180612_121457_V06,0,0.483,1.200,1334,0,68300.425,27,0,68225.336
KMAX20180612-1,KMAX20180612_121457_V06,2,1.494,1.200,1333,0,302.139,5,0,278.091
KMAX20180612-1,KMAX20180612_121457_V06,4,2.505,1.200,671,0,24.243,0,0,24.243
KMAX20180612-1,KMAX20180612_122432_V06,0,0.483,1.200,196,0,43622.987,0,0,43622.987
KMAX20180612-1,KMAX20180612_122432_V06,2,1.494,1.200,195,0,405.292,0,0,405.292
KMAX20180612-1,KMAX20180612_122432_V06,4,2.505,1.200,98,0,0.290,0,0,0.290
KMAX20180612-1,KMAX20180612_123405_V06,0,0.483,1.200,1299,0,51387.316,13,0,51337.440
KMAX20180612-1,KMAX20180612_123405_V06,2,1.494,1.200,1301,0,234.914,0,0,234.914
KMAX20180612-1,KMAX20180612_123405_V06,4,2.505,1.200,651,0,35.256,2,0,29.581
KMAX20180612-1,KMAX20180612_124339_V06,0,0.483,1.200,3529,0,35721.172,42,0,35607.404
KMAX20180612-1,KMAX20180612_124339_V06,2,1.494,1.200,3533,0,567.605,26,0,496.263
KMAX20180612-1,KMAX20180612_124339_V06,4,2.505,1.200,1769,0,55.141,3,0,32.220
KMAX20180612-1,KMAX20180612_130249_V06,0,0.483,1.200,518,0,61404.803,7,0,61381.620
KMAX20180612-1,KMAX20180612_130249_V06,2,1.494,1.200,514,0,93.556,0,0,93.556
KMAX20180612-1,KMAX20180612_130249_V06,4,2.505,1.200,258,0,15.892,0,0,15.892
KMAX20180612-1,KMAX20180612_131223_V06,0,0.483,1.200,2387,0,63078.426,25,0,63013.083
KMAX20180612-1,KMAX20180612_131223_V06,2,1.494,1.200,2390,0,414.919,13,0,319.640
KMAX20180612-1,KMAX20180612_131223_V06,4,2.505,1.200,1197,0,43.662,1,0,36.324
KMAX20180612-3,KMAX20180612_113639_V06,0,0.483,1.200,418,0,53.303,127,0,25.133
KMAX20180612-3,KMAX20180612_113639_V06,2,1.494,1.200,420,0,0.165,0,0,0.165
KMAX20180612-3,KMAX20180612_113639_V06,4,2.505,1.200,212,0,0.167,0,0,0.167
KMAX20180612-3,KMAX20180612_113639_V06,5,3.516,1.200,212,0,0.167,0,0,0.167
KMAX20180612-3,KMAX20180612_113639_V06,6,4.482,1.200,210,0,1.061,0,0,1.061
KMAX20180613-1,KMAX20180613_113855_V06,0,0.483,1.200,328,0,30747.277,3,0,30739.252
KMAX20180613-1,KMAX20180613_113855_V06,2,1.494,1.200,329,0,128.800,1,0,127.653
KMAX20180613-1,KMAX20180613_113855_V06,4,2.505,1.200,167,0,2.888,0,0,2.888
KMAX20180613-1,KMAX20180613_114830_V06,0,0.483,1.200,1963,0,50775.998,168,0,49730.119
KMAX20180613-1,KMAX20180613_114830_V06,2,1.494,1.200,1964,0,258.667,2,0,248.316
KMAX20180613-1,KMAX20180613_114830_V06,4,2.505,1.200,982,0,87.497,3,0,77.769
KMAX20180613-1,KMAX20180613_120739_V06,0,0.483,1.200,9842,0,51054.935,330,0,49921.589
KMAX20180613-1,KMAX20180613_120739_V06,2,1.494,1.200,9853,0,990.441,112,0,614.755
KMAX20180613-1,KMAX20180613_120739_V06,4,2.505,1.200,4930,0,297.071,13,0,266.394
KMAX20180613-1,KMAX20180613_121714_V06,0,0.483,1.200,230,0,45104.718,0,0,45104.718
KMAX20180613-1,KMAX20180613_121714_V06,2,1.494,1.200,230,0,160.703,0,0,160.703
KMAX20180613-1,KMAX20180613_121714_V06,4,2.505,1.200,115,0,5.722,0,0,5.722
KMAX20180613-5,KMAX20180613_133357_V06,0,0.483,1.200,221,0,46426.311,2,0,46422.613
KMAX20180613-5,KMAX20180613_133357_V06,2,1.494,1.200,220,0,254.770,1,0,248.605
KMAX20180613-5,KMAX20180613_133357_V06,4,2.505,1.200,110,0,0.324,0,0,0.324
KMAX20180613-5,KMAX20180613_134332_V06,0,0.483,1.200,1214,0,42848.843,16,0,42775.885
KMAX20180613-5,KMAX20180613_134332_V06,2,1.494,1.200,1210,0,198.678,4,0,159.087
KMAX20180613-5,KMAX20180613_134332_V06,4,2.505,1.200,606,0,17.580,0,0,17.580
KMAX20180614-7,KMAX20180614_124225_V06,0,0.483,1.200,160,0,58575.622,0,0,58575.622
KMAX20180614-7,KMAX20180614_124225_V06,2,1.494,1.200,159,0,150.759,0,0,150.759
KMAX20180614-7,KMAX20180614_124225_V06,4,2.505,1.200,80,0,0.236,0,0,0.236
KMAX20180614-7,KMAX20180614_130133_V06,0,0.483,1.200,748,0,45440.490,9,0,45417.021
KMAX20180614-7,KMAX20180614_130133_V06,2,1.494,1.200,747,0,289.626,6,0,227.829
KMAX20180614-7,KMAX20180614_130133_V06,4,2.505,1.200,372,0,10.402,0,0,10.402
KMAX20180614-7,KMAX20180614_131106_V06,0,0.483,1.200,754,0,41662.320,11,0,41636.298
KMAX20180614-7,KMAX20180614_131106_V06,2,1.494,1.200,755,0,136.645,3,0,130.572
KMAX20180614-7,KMAX20180614_131106_V06,4,2.505,1.200,377,0,18.676,1,0,16.458
KMAX20180614-7,KMAX20180614_132042_V06,0,0.483,1.200,991,0,40637.224,12,0,40598.268
KMAX20180614-7,KMAX20180614_132042_V06,2,1.494,1.200,992,0,156.306,8,0,109.072
KMAX20180614-7,KMAX20180614_132042_V06,4,2.505,1.200,495,0,16.471,0,0,16.471
KMAX20180614-7,KMAX20180614_133018_V06,0,0.483,1.200,938,0,53047.443,8,0,53028.818
KMAX20180614-7,KMAX20180614_133018_V06,2,1.494,1.200,934,0,86.618,3,0,70.986
KMAX20180614-7,KMAX20180614_133018_V06,4,2.505,1.200,469,0,9.214,0,0,9.214
KMAX20180614-7,KMAX20180614_133953_V06,0,0.483,1.200,918,0,41280.765,4,0,41271.633
KMAX20180614-7,KMAX20180614_133953_V06,2,1.494,1.200,919,0,136.566,3,0,130.570
KMAX20180614-7,KMAX20180614_133953_V06,4,2.505,1.200,463,0,8.098,0,0,8.098
KMAX20180614-7,KMAX20180614_134928_V06,0,0.483,1.200,1154,0,43472.352,21,0,43411.398
KMAX20180614-7,KMAX20180614_134928_V06,2,1.494,1.200,1154,0,48.528,2,0,40.345
KMAX20180614-7,KMAX20180614_134928_V06,4,2.505,1.200,578,0,11.638,0,0,11.638
KMAX20180614-2,KMAX20180614_113521_V06,0,0.483,1.200,143,0,33143.737,0,0,33143.737
KMAX20180614-2,KMAX20180614_113521_V06,2,1.494,1.200,142,0,86.068,0,0,86.068
KMAX20180614-2,KMAX20180614_113521_V06,4,2.505,1.200,71,0,0.207,0,0,0.207
KMAX20180614-2,KMAX20180614_114456_V06,0,0.483,1.200,852,0,71976.586,17,0,71939.405
KMAX20180614-2,KMAX20180614_114456_V06,2,1.494,1.200,852,0,171.951,5,0,147.403
KMAX20180614-2,KMAX20180614_114456_V06,4,2.505,1.200,427,0,22.088,0,0,22.088
KMAX20180614-2,KMAX20180614_120406_V06,0,0.483,1.200,875,0,42537.183,17,0,42483.600
KMAX20180614-2,KMAX20180614_120406_V06,2,1.494,1.200,880,0,300.996,1,0,299.474
KMAX20180614-2,KMAX20180614_120406_V06,4,2.505,1.200,442,0,18.224,0,0,18.224
KMAX20180614-2,KMAX20180614_121340_V06,0,0.483,1.200,949,0,46153.276,19,0,46091.695
KMAX20180614-2,KMAX20180614_121340_V06,2,1.494,1.200,953,0,242.921,4,0,233.836
KMAX20180614-2,KMAX20180614_121340_V06,4,2.505,1.200,477,0,5.728,0,0,5.728
KMAX20180614-2,KMAX20180614_122315_V06,0,0.483,1.200,551,0,55976.442,2,0,55971.091
KMAX20180614-2,KMAX20180614_122315_V06,2,1.494,1.200,550,0,283.286,0,0,283.286
KMAX20180614-2,KMAX20180614_122315_V06,4,2.505,1.200,277,0,0.830,0,0,0.830
KMAX20180614-2,KMAX20180614_123250_V06,0,0.483,1.200,1611,0,52680.131,14,0,52640.676
KMAX20180614-2,KMAX20180614_123250_V06,2,1.494,1.200,1616,0,240.966,4,0,233.109
KMAX20180614-2,KMAX20180614_123250_V06,4,2.505,1.200,812,0,54.527,3,0,47.032
KMAX20180615-9,KMAX20180615_124242_V06,0,0.483,1.200,182,0,91487.044,4,0,87629.466
KMAX20180615-9,KMAX20180615_124242_V06,2,1.494,1.200,181,0,295.282,0,0,295.282
KMAX20180615-9,KMAX20180615_124242_V06,4,2.505,1.200,93,0,4.482,0,0,4.482
KMAX20180615-9,KMAX20180615_130149_V06,0,0.483,1.200,1133,0,119767.323,8,0,119725.690
KMAX20180615-9,KMAX20180615_130149_V06,2,1.494,1.200,1137,0,118.376,5,0,101.511
KMAX20180615-9,KMAX20180615_130149_V06,4,2.505,1.200,567,0,31.049,0,0,31.049
KMAX20180615-9,KMAX20180615_131123_V06,0,0.483,1.200,1167,0,103600.195,10,0,103154.877
KMAX20180615-9,KMAX20180615_131123_V06,2,1.494,1.200,1170,0,383.752,3,0,283.736
KMAX20180615-9,KMAX20180615_131123_V06,4,2.505,1.200,587,0,34.721,0,0,34.721
KMAX20180615-9,KMAX20180615_132058_V06,0,0.483,1.200,1328,0,82940.139,10,0,82756.703
KMAX20180615-9,KMAX20180615_132058_V06,2,1.494,1.200,1331,0,348.830,3,0,287.347
KMAX20180615-9,KMAX20180615_132058_V06,4,2.505,1.200,667,0,68.366,3,0,45.178
KMAX20180615-9,KMAX20180615_133033_V06,0,0.483,1.200,712,0,88671.266,23,0,87106.296
KMAX20180615-9,KMAX20180615_133033_V06,2,1.494,1.200,713,0,292.282,1,0,230.633
KMAX20180615-9,KMAX20180615_133033_V06,4,2.505,1.200,356,0,5.994,0,0,5.994
KMAX20180615-9,KMAX20180615_134009_V06,0,0.483,1.200,2257,0,92891.398,33,0,90834.834
KMAX20180615-9,KMAX20180615_134009_V06,2,1.494,1.200,2257,0,711.098,14,0,634.634
KMAX20180615-9,KMAX20180615_134009_V06,4,2.505,1.200,1129,0,47.978,2,0,37.914
KMAX20180615-1,KMAX20180615_113537_V06,0,0.483,1.200,1059,0,108080.896,19,0,107330.388
KMAX20180615-1,KMAX20180615_113537_V06,2,1.494,1.200,1063,0,204.857,5,0,173.132
KMAX20180615-1,KMAX20180615_113537_V06,4,2.505,1.200,529,0,12.665,0,0,12.665
KMAX20180615-1,KMAX20180615_114513_V06,0,0.483,1.200,2232,0,113179.585,59,0,112974.693
KMAX20180615-1,KMAX20180615_114513_V06,2,1.494,1.200,2232,0,224.561,17,0,171.132
KMAX20180615-1,KMAX20180615_114513_V06,4,2.505,1.200,1117,0,54.306,2,0,43.347
KMAX20180615-1,KMAX20180615_120422_V06,0,0.483,1.200,266,0,112885.917,2,0,111448.074
KMAX20180615-1,KMAX20180615_120422_V06,2,1.494,1.200,263,0,419.438,1,0,388.541
KMAX20180615-1,KMAX20180615_120422_V06,4,2.505,1.200,133,0,6.676,0,0,6.676
KMAX20180615-1,KMAX20180615_121357_V06,0,0.483,1.200,1578,0,116865.501,22,0,116680.673
KMAX20180615-1,KMAX20180615_121357_V06,2,1.494,1.200,1581,0,155.314,6,0,138.913
KMAX20180615-1,KMAX20180615_121357_V06,4,2.505,1.200,790,0,14.430,2,0,2.354
KMAX20180615-1,KMAX20180615_122332_V06,0,0.483,1.200,1083,0,104651.876,13,0,104483.810
KMAX20180615-1,KMAX20180615_122332_V06,2,1.494,1.200,1080,0,203.824,3,0,196.860
KMAX20180615-1,KMAX20180615_122332_V06,4,2.505,1.200,539,0,15.235,1,0,9.471
KMAX20180615-1,KMAX20180615_123306_V06,0,0.483,1.200,2344,0,87980.000,28,0,87745.985
KMAX20180615-1,KMAX20180615_123306_V06,2,1.494,1.200,2344,0,376.335,21,0,245.551
KMAX20180615-1,KMAX20180615_123306_V06,4,2.505,1.200,1170,0,75.270,1,0,73.617
KMAX20180616-2,KMAX20180616_113744_V06,0,0.483,1.200,171,0,78479.215,3,0,76725.585
KMAX20180616-2,KMAX20180616_113744_V06,2,1.494,1.200,171,0,260.126,1,0,257.037
KMAX20180616-2,KMAX20180616_113744_V06,4,2.505,1.200,83,0,0.241,0,0,0.241
KMAX20180616-2,KMAX20180616_114718_V06,0,0.483,1.200,1059,0,76259.673,14,0,73470.851
KMAX20180616-2,KMAX20180616_114718_V06,2,1.494,1.200,1057,0,549.475,2,0,479.164
KMAX20180616-2,KMAX20180616_114718_V06,4,2.505,1.200,529,0,34.781,0,0,34.781
KMAX20180616-2,KMAX20180616_120627_V06,0,0.483,1.200,958,0,73159.919,23,0,70244.741
KMAX20180616-2,KMAX20180616_120627_V06,2,1.494,1.200,957,0,1049.390,3,0,970.534
KMAX20180616-2,KMAX20180616_120627_V06,4,2.505,1.200,477,0,24.021,1,0,15.833
KMAX20180616-2,KMAX20180616_121602_V06,0,0.483,1.200,934,0,80644.811,18,0,78777.670
KMAX20180616-2,KMAX20180616_121602_V06,2,1.494,1.200,934,0,524.231,8,0,435.645
KMAX20180616-2,KMAX20180616_121602_V06,4,2.505,1.200,466,0,23.444,0,0,23.444
KMAX20180616-2,KMAX20180616_122537_V06,0,0.483,1.200,1057,0,79348.295,9,0,78286.090
KMAX20180616-2,KMAX20180616_122537_V06,2,1.494,1.200,1058,0,345.549,6,0,327.133
KMAX20180616-2,KMAX20180616_122537_V06,4,2.505,1.200,529,0,11.459,0,0,11.459
KMAX20180616-2,KMAX20180616_123511_V06,0,0.483,1.200,1107,0,89019.452,15,0,87853.642
KMAX20180616-2,KMAX20180616_123511_V06,2,1.494,1.200,1108,0,739.720,5,0,728.086
KMAX20180616-2,KMAX20180616_123511_V06,4,2.505,1.200,556,0,23.797,2,0,15.284
KMAX20180616-2,KMAX20180616_124445_V06,0,0.483,1.200,990,0,88534.245,15,0,87241.590
KMAX20180616-2,KMAX20180616_124445_V06,2,1.494,1.200,986,0,456.454,9,0,372.546
KMAX20180616-2,KMAX20180616_124445_V06,4,2.505,1.200,497,0,13.760,3,0,5.374
KMAX20180616-2,KMAX20180616_130355_V06,0,0.483,1.200,816,0,70950.948,13,0,69675.337
KMAX20180616-2,KMAX20180616_130355_V06,2,1.494,1.200,815,0,441.938,2,0,414.181
KMAX20180616-2,KMAX20180616_130355_V06,4,2.505,1.200,406,0,21.698,3,0,5.354
KMAX20180616-2,KMAX20180616_131329_V06,0,0.483,1.200,731,0,92641.256,10,0,92244.138
KMAX20180616-2,KMAX20180616_131329_V06,2,1.494,1.200,728,0,672.155,2,0,616.698
KMAX20180616-2,KMAX20180616_131329_V06,4,2.505,1.200,363,0,1.046,0,0,1.046
KMAX20180616-2,KMAX20180616_132303_V06,0,0.483,1.200,603,0,97223.309,10,0,96822.687
KMAX20180616-2,KMAX20180616_132303_V06,2,1.494,1.200,601,0,793.070,5,0,700.768
KMAX20180616-2,KMAX20180616_132303_V06,4,2.505,1.200,302,0,3.940,0,0,3.940
KMAX20180616-2,KMAX20180616_133236_V06,0,0.483,1.200,599,0,112188.607,12,0,111911.164
KMAX20180616-2,KMAX20180616_133236_V06,2,1.494,1.200,601,0,477.397,1,0,428.428
KMAX20180616-2,KMAX20180616_133236_V06,4,2.505,1.200,297,0,12.928,0,0,12.928
KMAX20180616-2,KMAX20180616_134210_V06,0,0.483,1.200,888,0,99166.884,25,0,98919.900
KMAX20180616-2,KMAX20180616_134210_V06,2,1.494,1.200,887,0,553.622,13,0,430.305
KMAX20180616-2,KMAX20180616_134210_V06,4,2.505,1.200,444,0,27.402,1,0,21.606
KMAX20180617-10,KMAX20180617_130712_V06,0,0.483,1.200,166,0,103869.228,3,0,103682.884
KMAX20180617-10,KMAX20180617_130712_V06,2,1.494,1.200,167,0,1028.174,2,0,886.824
KMAX20180617-10,KMAX20180617_130712_V06,4,2.505,1.200,85,0,0.251,0,0,0.251
KMAX20180617-10,KMAX20180617_131646_V06,0,0.483,1.200,1070,0,112796.463,16,0,109219.506
KMAX20180617-10,KMAX20180617_131646_V06,2,1.494,1.200,1071,0,792.393,7,0,774.354
KMAX20180617-10,KMAX20180617_131646_V06,4,2.505,1.200,532,0,7.480,2,0,1.559
KMAX20180617-10,KMAX20180617_132620_V06,0,0.483,1.200,1254,0,160321.320,20,0,159571.579
KMAX20180617-10,KMAX20180617_132620_V06,2,1.494,1.200,1257,0,877.838,7,0,795.843
KMAX20180617-10,KMAX20180617_132620_V06,4,2.505,1.200,625,0,1.851,0,0,1.851
KMAX20180617-10,KMAX20180617_133553_V06,0,0.483,1.200,1333,0,133523.086,25,0,131940.463
KMAX20180617-10,KMAX20180617_133553_V06,2,1.494,1.200,1336,0,714.051,7,0,627.307
KMAX20180617-10,KMAX20180617_133553_V06,4,2.505,1.200,667,0,22.667,2,0,13.404
KMAX20180617-10,KMAX20180617_134527_V06,0,0.483,1.200,1269,0,138359.068,23,0,138142.027
KMAX20180617-10,KMAX20180617_134527_V06,2,1.494,1.200,1270,0,393.223,8,0,334.733
KMAX20180617-10,KMAX20180617_134527_V06,4,2.505,1.200,637,0,42.593,2,0,34.214
KMAX20180617-11,KMAX20180617_130712_V06,0,0.483,1.200,2870,0,25338.530,262,0,468.468
KMAX20180617-11,KMAX20180617_130712_V06,2,1.494,1.200,2874,0,962.788,46,0,123.092
KMAX20180617-11,KMAX20180617_131646_V06,0,0.483,1.200,5334,0,29014.630,265,0,288.029
KMAX20180617-11,KMAX20180617_131646_V06,2,1.494,1.200,5339,0,60.479,1,0,50.805
KMAX20180617-11,KMAX20180617_132620_V06,0,0.483,1.200,4796,0,21144.948,231,0,272.924
KMAX20180617-11,KMAX20180617_133553_V06,0,0.483,1.200,4751,0,16191.102,223,0,344.466
KMAX20180617-11,KMAX20180617_134527_V06,0,0.483,1.200,4641,0,9893.440,177,0,327.016
KMAX20180617-2,KMAX20180617_114102_V06,0,0.483,1.200,278,0,100947.205,7,0,96817.979
KMAX20180617-2,KMAX20180617_114102_V06,2,1.494,1.200,276,0,350.217,6,0,221.979
KMAX20180617-2,KMAX20180617_114102_V06,4,2.505,1.200,140,0,0.417,0,0,0.417
KMAX20180617-2,KMAX20180617_120010_V06,0,0.483,1.200,983,0,126929.580,20,0,114643.800
KMAX20180617-2,KMAX20180617_120010_V06,2,1.494,1.200,983,0,1279.256,4,0,463.846
KMAX20180617-2,KMAX20180617_120010_V06,4,2.505,1.200,495,0,8.915,1,0,5.853
KMAX20180617-2,KMAX20180617_120945_V06,0,0.483,1.200,1149,0,145028.864,17,0,144760.727
KMAX20180617-2,KMAX20180617_120945_V06,2,1.494,1.200,1150,0,398.478,8,0,294.944
KMAX20180617-2,KMAX20180617_120945_V06,4,2.505,1.200,576,0,24.377,0,0,24.377
KMAX20180617-9,KMAX20180617_130712_V06,0,0.483,1.200,44585,0,9.426,9977,0,4.668
KMAX20180617-9,KMAX20180617_130712_V06,2,1.494,1.200,44599,0,5.647,6373,0,3.944
KMAX20180617-9,KMAX20180617_130712_V06,4,2.505,1.200,22306,0,3.807,1949,0,3.059
KMAX20180617-9,KMAX20180617_130712_V06,5,3.516,1.200,22334,0,2.339,1582,0,1.956
KMAX20180617-9,KMAX20180617_130712_V06,6,4.482,1.200,22367,0,2.404,1384,0,2.172
KMAX20180617-9,KMAX20180617_131646_V06,0,0.483,1.200,58837,0,15.330,8445,0,9.533
KMAX20180617-9,KMAX20180617_131646_V06,2,1.494,1.200,58861,0,23.630,6738,0,10.453
KMAX20180617-9,KMAX20180617_131646_V06,4,2.505,1.200,29447,0,6.612,2338,0,5.747
KMAX20180617-9,KMAX20180617_131646_V06,5,3.516,1.200,29477,0,6.640,1754,0,5.986
KMAX20180617-9,KMAX20180617_131646_V06,6,4.482,1.200,29522,0,6.702,1568,0,5.774
KMAX20180618-2,KMAX20180618_113715_V06,0,0.483,1.200,257,0,98705.735,2,0,98592.736
KMAX20180618-2,KMAX20180618_113715_V06,2,1.494,1.200,259,0,218.381,1,0,214.491
KMAX20180618-2,KMAX20180618_113715_V06,4,2.505,1.200,129,0,0.381,0,0,0.381
KMAX20180618-2,KMAX20180618_114648_V06,0,0.483,1.200,1137,0,98403.778,13,0,96843.095
KMAX20180618-2,KMAX20180618_114648_V06,2,1.494,1.200,1134,0,506.037,8,0,485.014
KMAX20180618-2,KMAX20180618_114648_V06,4,2.505,1.200,568,0,21.561,0,0,21.561
KMAX20180618-2,KMAX20180618_120556_V06,0,0.483,1.200,1230,0,123034.230,19,0,113554.270
KMAX20180618-2,KMAX20180618_120556_V06,2,1.494,1.200,1230,0,762.100,9,0,569.119
KMAX20180618-2,KMAX20180618_120556_V06,4,2.505,1.200,617,0,6.697,0,0,6.697
KMAX20180618-2,KMAX20180618_121532_V06,0,0.483,1.200,1349,0,106297.272,14,0,103697.699
KMAX20180618-2,KMAX20180618_121532_V06,2,1.494,1.200,1352,0,893.860,11,0,842.224
KMAX20180618-2,KMAX20180618_121532_V06,4,2.505,1.200,677,0,61.481,3,0,51.703
KMAX20180618-2,KMAX20180618_122506_V06,0,0.483,1.200,1135,0,113650.519,13,0,113218.481
KMAX20180618-2,KMAX20180618_122506_V06,2,1.494,1.200,1136,0,562.126,5,0,521.085
KMAX20180618-2,KMAX20180618_122506_V06,4,2.505,1.200,567,0,26.632,1,0,24.649
KMAX20180618-2,KMAX20180618_123439_V06,0,0.483,1.200,1218,0,109913.223,12,0,109552.981
KMAX20180618-2,KMAX20180618_123439_V06,2,1.494,1.200,1221,0,499.478,9,0,413.344
KMAX20180618-2,KMAX20180618_123439_V06,4,2.505,1.200,613,0,15.546,2,0,1.807
KMAX20180618-2,KMAX20180618_124413_V06,0,0.483,1.200,1199,0,111865.273,18,0,110033.271
KMAX20180618-2,KMAX20180618_124413_V06,2,1.494,1.200,1202,0,376.522,6,0,307.852
KMAX20180618-2,KMAX20180618_124413_V06,4,2.505,1.200,602,0,53.366,3,0,41.561
KMAX20180618-2,KMAX20180618_130320_V06,0,0.483,1.200,997,0,113285.225,11,0,112768.178
KMAX20180618-2,KMAX20180618_130320_V06,2,1.494,1.200,1003,0,1314.822,8,0,1195.025
KMAX20180618-2,KMAX20180618_130320_V06,4,2.505,1.200,501,0,14.695,1,0,11.058
KMAX20180618-2,KMAX20180618_131254_V06,0,0.483,1.200,1156,0,126608.279,13,0,125548.505
KMAX20180618-2,KMAX20180618_131254_V06,2,1.494,1.200,1156,0,339.514,3,0,295.847
KMAX20180618-2,KMAX20180618_131254_V06,4,2.505,1.200,581,0,121.964,2,0,50.820
KMAX20180618-2,KMAX20180618_132228_V06,0,0.483,1.200,1141,0,130358.904,14,0,127889.677
KMAX20180618-2,KMAX20180618_132228_V06,2,1.494,1.200,1139,0,1280.698,3,0,1245.910
KMAX20180618-2,KMAX20180618_132228_V06,4,2.505,1.200,569,0,35.317,2,0,27.360
KMAX20180618-2,KMAX20180618_133202_V06,0,0.483,1.200,1119,0,106229.715,18,0,100621.437
KMAX20180618-2,KMAX20180618_133202_V06,2,1.494,1.200,1124,0,178.711,3,0,151.679
KMAX20180618-2,KMAX20180618_133202_V06,4,2.505,1.200,560,0,38.287,1,0,33.683
KMAX20180618-2,KMAX20180618_134135_V06,0,0.483,1.200,1857,0,125158.311,24,0,121643.895
KMAX20180618-2,KMAX20180618_134135_V06,2,1.494,1.200,1861,0,579.454,2,0,525.292
KMAX20180618-2,KMAX20180618_134135_V06,4,2.505,1.200,932,0,14.916,0,0,14.916
KMAX20180618-3,KMAX20180618_113715_V06,0,0.483,1.200,72,0,996.820,5,0,850.930
KMAX20180618-3,KMAX20180618_113715_V06,2,1.494,1.200,76,0,0.053,0,0,0.053
KMAX20180618-3,KMAX20180618_113715_V06,4,2.505,1.200,33,0,0.788,0,0,0.788
KMAX20180618-3,KMAX20180618_113715_V06,5,3.516,1.200,34,0,0.048,0,0,0.048
KMAX20180618-3,KMAX20180618_113715_V06,6,4.482,1.200,34,0,1.604,0,0,1.604
KMAX20180619-2,KMAX20180619_113617_V06,0,0.483,1.200,280,0,48881.602,5,0,48665.146
KMAX20180619-2,KMAX20180619_113617_V06,2,1.494,1.200,278,0,435.235,4,0,307.671
KMAX20180619-2,KMAX20180619_113617_V06,4,2.505,1.200,139,0,0.413,0,0,0.413
KMAX20180619-2,KMAX20180619_114553_V06,0,0.483,1.200,1584,0,46420.487,23,0,45660.096
KMAX20180619-2,KMAX20180619_114553_V06,2,1.494,1.200,1581,0,268.710,4,0,240.084
KMAX20180619-2,KMAX20180619_114553_V06,4,2.505,1.200,791,0,58.783,1,0,55.668
KMAX20180619-2,KMAX20180619_120504_V06,0,0.483,1.200,7764,0,53940.350,63,0,53047.647
KMAX20180619-2,KMAX20180619_120504_V06,2,1.494,1.200,7771,0,1010.241,46,0,869.164
KMAX20180619-2,KMAX20180619_120504_V06,4,2.505,1.200,3884,0,218.177,16,0,169.639
KMAX20180619-2,KMAX20180619_121440_V06,0,0.483,1.200,455,0,60067.601,13,0,58415.582
KMAX20180619-2,KMAX20180619_121440_V06,2,1.494,1.200,456,0,190.365,1,0,141.677
KMAX20180619-2,KMAX20180619_121440_V06,4,2.505,1.200,229,0,0.679,0,0,0.679
KMAX20180619-2,KMAX20180619_122415_V06,0,0.483,1.200,1759,0,58888.728,17,0,53911.688
KMAX20180619-2,KMAX20180619_122415_V06,2,1.494,1.200,1763,0,426.698,8,0,367.277
KMAX20180619-2,KMAX20180619_122415_V06,4,2.505,1.200,882,0,34.736,1,0,32.388
KMAX20180619-2,KMAX20180619_123351_V06,0,0.483,1.200,532,0,61086.664,11,0,58566.034
KMAX20180619-2,KMAX20180619_123351_V06,2,1.494,1.200,531,0,142.994,1,0,104.097
KMAX20180619-2,KMAX20180619_123351_V06,4,2.505,1.200,266,0,0.791,0,0,0.791
KMAX20180619-2,KMAX20180619_124326_V06,0,0.483,1.200,1913,0,46806.913,17,0,45916.850
KMAX20180619-2,KMAX20180619_124326_V06,2,1.494,1.200,1917,0,257.949,18,0,110.309
KMAX20180619-2,KMAX20180619_124326_V06,4,2.505,1.200,957,0,37.510,1,0,31.366
KMAX20180619-2,KMAX20180619_130237_V06,0,0.483,1.200,548,0,67838.089,15,0,60667.893
KMAX20180619-2,KMAX20180619_130237_V06,2,1.494,1.200,551,0,365.206,4,0,333.057
KMAX20180619-2,KMAX20180619_130237_V06,4,2.505,1.200,276,0,20.377,0,0,20.377
KMAX20180619-9,KMAX20180619_133122_V06,0,0.483,1.200,524,0,60730.652,19,0,57064.675
KMAX20180619-9,KMAX20180619_133122_V06,2,1.494,1.200,522,0,190.601,2,0,185.730
KMAX20180619-9,KMAX20180619_133122_V06,4,2.505,1.200,261,0,0.779,0,0,0.779
KMAX20180620-5,KMAX20180620_121705_V06,0,0.483,1.200,123,0,27043.958,1,0,26896.153
KMAX20180620-5,KMAX20180620_121705_V06,2,1.494,1.200,124,0,69.178,1,0,62.261
KMAX20180620-5,KMAX20180620_121705_V06,4,2.505,1.200,61,0,16.741,4,0,2.894
KMAX20180620-5,KMAX20180620_122640_V06,0,0.483,1.200,1240,0,35045.315,14,0,34279.648
KMAX20180620-5,KMAX20180620_122640_V06,2,1.494,1.200,1243,0,205.032,3,0,151.435
KMAX20180620-5,KMAX20180620_122640_V06,4,2.505,1.200,625,0,36.676,0,0,36.676
KMAX20180620-5,KMAX20180620_123614_V06,0,0.483,1.200,1438,0,21664.754,14,0,21613.038
KMAX20180620-5,KMAX20180620_123614_V06,2,1.494,1.200,1438,0,446.263,3,0,201.864
KMAX20180620-5,KMAX20180620_123614_V06,4,2.505,1.200,716,0,27.683,1,0,24.156
KMAX20180620-1,KMAX20180620_113846_V06,0,0.483,1.200,294,0,23737.258,6,0,23080.072
KMAX20180620-1,KMAX20180620_113846_V06,2,1.494,1.200,298,0,128.642,2,0,66.437
KMAX20180620-1,KMAX20180620_113846_V06,4,2.505,1.200,147,0,0.427,0,0,0.427
KMAX20180620-1,KMAX20180620_114821_V06,0,0.483,1.200,1810,0,23674.839,46,0,23543.848
KMAX20180620-1,KMAX20180620_114821_V06,2,1.494,1.200,1813,0,192.162,2,0,185.460
KMAX20180620-1,KMAX20180620_114821_V06,4,2.505,1.200,907,0,29.428,0,0,29.428
KMAX20180620-9,KMAX20180620_131434_V06,0,0.483,1.200,202,0,35024.654,2,0,34413.190
KMAX20180620-9,KMAX20180620_131434_V06,2,1.494,1.200,203,0,142.797,1,0,139.725
KMAX20180620-9,KMAX20180620_131434_V06,4,2.505,1.200,102,0,0.304,0,0,0.304
KMAX20180620-9,KMAX20180620_132408_V06,0,0.483,1.200,1550,0,31007.937,17,0,29890.949
KMAX20180620-9,KMAX20180620_132408_V06,2,1.494,1.200,1550,0,146.038,3,0,134.549
KMAX20180620-9,KMAX20180620_132408_V06,4,2.505,1.200,779,0,68.316,6,0,35.300
KMAX20180620-9,KMAX20180620_133343_V06,0,0.483,1.200,4317,0,50128.101,49,0,49346.901
KMAX20180620-9,KMAX20180620_133343_V06,2,1.494,1.200,4321,0,514.447,22,0,391.198
KMAX20180620-9,KMAX20180620_133343_V06,4,2.505,1.200,2167,0,114.847,4,0,97.527
KMAX20180620-9,KMAX20180620_134318_V06,0,0.483,1.200,459,0,25225.277,3,0,25187.762
KMAX20180620-9,KMAX20180620_134318_V06,2,1.494,1.200,460,0,229.208,0,0,229.208
KMAX20180620-9,KMAX20180620_134318_V06,4,2.505,1.200,230,0,0.680,0,0,0.680
KMAX20180620-9,KMAX20180620_140228_V06,0,0.483,1.200,1336,0,31824.240,17,0,31643.343
KMAX20180620-9,KMAX20180620_140228_V06,2,1.494,1.200,1335,0,236.369,4,0,226.032
KMAX20180620-9,KMAX20180620_140228_V06,4,2.505,1.200,673,0,37.111,3,0,25.894
KMAX20180621-1,KMAX20180621_114224_V06,0,0.483,1.200,574,0,84103.593,38,0,74290.902
KMAX20180621-1,KMAX20180621_114224_V06,2,1.494,1.200,574,0,432.960,2,0,206.964
KMAX20180621-1,KMAX20180621_114224_V06,4,2.505,1.200,286,0,16.666,0,0,16.666
KMAX20180621-1,KMAX20180621_120135_V06,0,0.483,1.200,1987,0,108322.018,78,0,102869.267
KMAX20180621-1,KMAX20180621_120135_V06,2,1.494,1.200,1985,0,762.031,18,0,602.022
KMAX20180621-1,KMAX20180621_120135_V06,4,2.505,1.200,991,0,78.322,1,0,75.400
KMAX20180621-3,KMAX20180621_123957_V06,0,0.483,1.200,338,0,106658.449,11,0,97802.843
KMAX20180621-3,KMAX20180621_123957_V06,2,1.494,1.200,337,0,461.542,4,0,369.851
KMAX20180621-3,KMAX20180621_123957_V06,4,2.505,1.200,172,0,4.565,0,0,4.565
KMAX20180621-3,KMAX20180621_124933_V06,0,0.483,1.200,1570,0,88786.782,33,0,87891.673
KMAX20180621-3,KMAX20180621_124933_V06,2,1.494,1.200,1572,0,532.195,19,0,454.602
KMAX20180621-3,KMAX20180621_124933_V06,4,2.505,1.200,788,0,8.276,0,0,8.276
KMAX20180621-4,KMAX20180621_132755_V06,0,0.483,1.200,517,0,123235.569,10,0,121649.606
KMAX20180621-4,KMAX20180621_132755_V06,2,1.494,1.200,517,0,381.157,4,0,363.642
KMAX20180621-4,KMAX20180621_132755_V06,4,2.505,1.200,260,0,24.800,1,0,22.049
KMAX20180621-4,KMAX20180621_133731_V06,0,0.483,1.200,2222,0,80219.358,31,0,71765.160
KMAX20180621-4,KMAX20180621_133731_V06,2,1.494,1.200,2223,0,596.171,11,0,465.090
KMAX20180621-4,KMAX20180621_133731_V06,4,2.505,1.200,1112,0,75.799,3,0,57.742
KMAX20180622-1,KMAX20180622_113620_V06,0,0.483,1.200,476,0,48525.280,10,0,47717.865
KMAX20180622-1,KMAX20180622_113620_V06,2,1.494,1.200,475,0,154.436,4,0,77.103
KMAX20180622-1,KMAX20180622_113620_V06,4,2.505,1.200,236,0,8.182,0,0,8.182
KMAX20180622-1,KMAX20180622_114554_V06,0,0.483,1.200,1762,0,66630.205,56,0,65553.657
KMAX20180622-1,KMAX20180622_114554_V06,2,1.494,1.200,1764,0,214.020,7,0,179.479
KMAX20180622-1,KMAX20180622_114554_V06,4,2.505,1.200,881,0,87.335,1,0,78.097
KMAX20180622-1,KMAX20180622_120504_V06,0,0.483,1.200,7261,0,67842.659,49,0,66235.870
KMAX20180622-1,KMAX20180622_120504_V06,2,1.494,1.200,7266,0,658.769,39,0,511.472
KMAX20180622-1,KMAX20180622_120504_V06,4,2.505,1.200,3635,0,278.866,21,0,201.061
KMAX20180622-1,KMAX20180622_121439_V06,0,0.483,1.200,221,0,38777.632,2,0,38744.072
KMAX20180622-1,KMAX20180622_121439_V06,2,1.494,1.200,223,0,19.984,0,0,19.984
KMAX20180622-1,KMAX20180622_121439_V06,4,2.505,1.200,111,0,0.328,0,0,0.328
KMAX20180622-1,KMAX20180622_122414_V06,0,0.483,1.200,1581,0,56681.551,21,0,55197.640
KMAX20180622-1,KMAX20180622_122414_V06,2,1.494,1.200,1580,0,734.371,11,0,120.911
KMAX20180622-1,KMAX20180622_122414_V06,4,2.505,1.200,789,0,31.524,0,0,31.524
KMAX20180622-1,KMAX20180622_123349_V06,0,0.483,1.200,524,0,46989.005,16,0,45305.055
KMAX20180622-1,KMAX20180622_123349_V06,2,1.494,1.200,526,0,145.760,1,0,142.293
KMAX20180622-1,KMAX20180622_123349_V06,4,2.505,1.200,262,0,34.603,2,0,24.726
KMAX20180622-1,KMAX20180622_124324_V06,0,0.483,1.200,1859,0,55913.266,19,0,54745.828
KMAX20180622-1,KMAX20180622_124324_V06,2,1.494,1.200,1860,0,398.403,7,0,314.127
KMAX20180622-1,KMAX20180622_124324_V06,4,2.505,1.200,928,0,54.431,2,0,41.697
KMAX20180622-1,KMAX20180622_130233_V06,0,0.483,1.200,7479,0,57171.275,67,0,56426.754
KMAX20180622-1,KMAX20180622_130233_V06,2,1.494,1.200,7477,0,820.300,47,0,321.696
KMAX20180622-1,KMAX20180622_130233_V06,4,2.505,1.200,3738,0,304.869,20,0,232.048
KMAX20180622-1,KMAX20180622_131208_V06,0,0.483,1.200,512,0,39983.364,10,0,39202.568
KMAX20180622-1,KMAX20180622_131208_V06,2,1.494,1.200,514,0,161.618,1,0,156.123
KMAX20180622-1,KMAX20180622_131208_V06,4,2.505,1.200,257,0,16.689,0,0,16.689
KMAX20180622-11,KMAX20180622_133118_V06,0,0.483,1.200,331,0,56640.006,9,0,53403.836
KMAX20180622-11,KMAX20180622_133118_V06,2,1.494,1.200,329,0,223.151,0,0,223.151
KMAX20180622-11,KMAX20180622_133118_V06,4,2.505,1.200,166,0,8.856,0,0,8.856
KMAX20180622-11,KMAX20180622_134052_V06,0,0.483,1.200,1706,0,71974.594,14,0,71859.384
KMAX20180622-11,KMAX20180622_134052_V06,2,1.494,1.200,1706,0,179.080,1,0,177.231
KMAX20180622-11,KMAX20180622_134052_V06,4,2.505,1.200,854,0,34.843,1,0,31.348
KMAX20180622-4,KMAX20180622_122414_V06,0,0.483,1.200,94,0,3625.832,7,0,3214.403
KMAX20180622-4,KMAX20180622_122414_V06,2,1.494,1.200,94,0,0.141,0,0,0.141
KMAX20180622-4,KMAX20180622_122414_V06,4,2.505,1.200,47,0,0.141,0,0,0.141
KMAX20180622-6,KMAX20180622_123349_V06,0,0.483,1.200,47929,0,124.541,8013,0,73.991
KMAX20180622-6,KMAX20180622_123349_V06,2,1.494,1.200,47952,0,58.834,6180,0,31.691
KMAX20180622-6,KMAX20180622_123349_V06,4,2.505,1.200,23997,0,32.716,1592,0,21.197
KMAX20180622-6,KMAX20180622_123349_V06,5,3.516,1.200,24016,0,15.433,1460,0,10.272
KMAX20180622-6,KMAX20180622_123349_V06,6,4.482,1.200,24060,0,13.506,1258,0,6.674
KMAX20180623-1,KMAX20180623_113945_V06,0,0.483,1.200,282,0,28276.470,0,0,28276.470
KMAX20180623-1,KMAX20180623_113945_V06,2,1.494,1.200,279,0,107.204,0,0,107.204
KMAX20180623-1,KMAX20180623_113945_V06,4,2.505,1.200,138,0,0.409,0,0,0.409
KMAX20180623-1,KMAX20180623_114920_V06,0,0.483,1.200,1528,0,30097.995,14,0,29992.327
KMAX20180623-1,KMAX20180623_114920_V06,2,1.494,1.200,1533,0,150.137,2,0,142.297
KMAX20180623-1,KMAX20180623_114920_V06,4,2.505,1.200,767,0,20.574,0,0,20.574
KMAX20180623-1,KMAX20180623_120832_V06,0,0.483,1.200,7539,0,39788.061,40,0,39567.352
KMAX20180623-1,KMAX20180623_120832_V06,2,1.494,1.200,7542,0,633.354,31,0,537.606
KMAX20180623-1,KMAX20180623_120832_V06,4,2.505,1.200,3774,0,217.411,7,0,201.600
KMAX20180623-1,KMAX20180623_121807_V06,0,0.483,1.200,218,0,18590.206,1,0,18576.877
KMAX20180623-1,KMAX20180623_121807_V06,2,1.494,1.200,219,0,65.322,0,0,65.322
KMAX20180623-1,KMAX20180623_121807_V06,4,2.505,1.200,113,0,9.347,0,0,9.347
KMAX20180623-6,KMAX20180623_123718_V06,0,0.483,1.200,202,0,20896.323,1,0,20608.320
KMAX20180623-6,KMAX20180623_123718_V06,2,1.494,1.200,200,0,49.057,0,0,49.057
KMAX20180623-6,KMAX20180623_123718_V06,4,2.505,1.200,101,0,0.300,0,0,0.300
KMAX20180623-6,KMAX20180623_124654_V06,0,0.483,1.200,1203,0,26465.082,4,0,26450.959
KMAX20180623-6,KMAX20180623_124654_V06,2,1.494,1.200,1207,0,109.879,2,0,106.827
KMAX20180623-6,KMAX20180623_124654_V06,4,2.505,1.200,607,0,22.972,2,0,12.509
KMAX20180623-6,KMAX20180623_130605_V06,0,0.483,1.200,144,0,29300.365,0,0,29300.365
KMAX20180623-6,KMAX20180623_130605_V06,2,1.494,1.200,143,0,0.211,0,0,0.211
KMAX20180623-6,KMAX20180623_130605_V06,4,2.505,1.200,72,0,0.213,0,0,0.213
KMAX20180623-6,KMAX20180623_131541_V06,0,0.483,1.200,1207,0,39638.279,9,0,39534.976
KMAX20180623-6,KMAX20180623_131541_V06,2,1.494,1.200,1206,0,70.695,5,0,61.845
KMAX20180623-6,KMAX20180623_131541_V06,4,2.505,1.200,603,0,101.992,3,0,90.939
KMAX20180623-6,KMAX20180623_132516_V06,0,0.483,1.200,454,0,21277.915,3,0,21266.400
KMAX20180623-6,KMAX20180623_132516_V06,2,1.494,1.200,452,0,62.627,0,0,62.627
KMAX20180623-6,KMAX20180623_132516_V06,4,2.505,1.200,228,0,26.947,0,0,26.947
KMAX20180623-6,KMAX20180623_133452_V06,0,0.483,1.200,1707,0,30700.460,17,0,30633.187
KMAX20180623-6,KMAX20180623_133452_V06,2,1.494,1.200,1705,0,73.708,4,0,65.345
KMAX20180623-6,KMAX20180623_133452_V06,4,2.505,1.200,851,0,48.089,1,0,45.500
KMAX20180623-6,KMAX20180623_134427_V06,0,0.483,1.200,514,0,29751.975,2,0,29737.926
KMAX20180623-6,KMAX20180623_134427_V06,2,1.494,1.200,516,0,541.599,1,0,492.911
KMAX20180623-6,KMAX20180623_134427_V06,4,2.505,1.200,260,0,7.328,0,0,7.328
KMAX20180623-6,KMAX20180623_140338_V06,0,0.483,1.200,1531,0,31215.649,9,0,31188.629
KMAX20180623-6,KMAX20180623_140338_V06,2,1.494,1.200,1534,0,116.124,6,0,91.845
KMAX20180623-6,KMAX20180623_140338_V06,4,2.505,1.200,768,0,28.479,1,0,23.313
KMAX20180624-1,KMAX20180624_114341_V06,0,0.483,1.200,547,0,53700.857,25,0,52724.383
KMAX20180624-1,KMAX20180624_114341_V06,2,1.494,1.200,548,0,49.522,2,0,42.037
KMAX20180624-1,KMAX20180624_114341_V06,4,2.505,1.200,275,0,22.150,0,0,22.150
KMAX20180624-2,KMAX20180624_114341_V06,0,0.483,1.200,61,0,5254.591,5,0,5082.217
KMAX20180624-2,KMAX20180624_114341_V06,2,1.494,1.200,59,0,0.074,0,0,0.074
KMAX20180624-2,KMAX20180624_114341_V06,4,2.505,1.200,30,0,0.075,0,0,0.075
KMAX20180624-3,KMAX20180624_120250_V06,0,0.483,1.200,39,0,6.552,7,0,4.295
KMAX20180624-3,KMAX20180624_120250_V06,2,1.494,1.200,38,0,0.576,0,0,0.576
KMAX20180624-3,KMAX20180624_120250_V06,4,2.505,1.200,20,0,0.027,0,0,0.027
KMAX20180624-3,KMAX20180624_120250_V06,5,3.516,1.200,20,0,0.645,0,0,0.645
KMAX20180624-3,KMAX20180624_120250_V06,6,4.482,1.200,21,0,0.029,0,0,0.029
KMAX20180624-4,KMAX20180624_132909_V06,0,0.483,1.200,555,0,37308.441,15,0,32296.781
KMAX20180624-4,KMAX20180624_132909_V06,2,1.494,1.200,557,0,24.245,1,0,20.128
KMAX20180624-4,KMAX20180624_132909_V06,4,2.505,1.200,279,0,0.836,0,0,0.836
KMAX20180624-5,KMAX20180624_132909_V06,0,0.483,1.200,26597,0,40234.461,2170,0,37560.389
KMAX20180624-5,KMAX20180624_132909_V06,2,1.494,1.200,26605,0,5519.589,3810,0,4208.716
KMAX20180624-5,KMAX20180624_132909_V06,4,2.505,1.200,13314,0,185.820,619,0,103.757
KMAX20180624-5,KMAX20180624_132909_V06,5,3.516,1.200,13330,0,73.026,220,0,64.061
KMAX20180624-5,KMAX20180624_132909_V06,6,4.482,1.200,13344,0,73.264,91,0,65.362
KMAX20180625-9,KMAX20180625_131401_V06,0,0.483,1.200,139,0,83352.343,0,0,83352.343
KMAX20180625-9,KMAX20180625_131401_V06,2,1.494,1.200,139,0,121.638,1,0,117.273
KMAX20180625-9,KMAX20180625_131401_V06,4,2.505,1.200,69,0,0.204,0,0,0.204
KMAX20180625-9,KMAX20180625_132336_V06,0,0.483,1.200,1093,0,105992.967,11,0,105359.509
KMAX20180625-9,KMAX20180625_132336_V06,2,1.494,1.200,1097,0,645.294,4,0,585.839
KMAX20180625-9,KMAX20180625_132336_V06,4,2.505,1.200,545,0,48.439,2,0,41.574
KMAX20180625-9,KMAX20180625_133311_V06,0,0.483,1.200,1067,0,99943.691,12,0,99304.825
KMAX20180625-9,KMAX20180625_133311_V06,2,1.494,1.200,1066,0,226.849,1,0,157.679
KMAX20180625-9,KMAX20180625_133311_V06,4,2.505,1.200,533,0,13.025,0,0,13.025
KMAX20180625-9,KMAX20180625_134245_V06,0,0.483,1.200,1146,0,111499.850,11,0,110544.631
KMAX20180625-9,KMAX20180625_134245_V06,2,1.494,1.200,1145,0,307.634,2,0,265.816
KMAX20180625-9,KMAX20180625_134245_V06,4,2.505,1.200,568,0,27.986,1,0,25.794
KMAX20180625-1,KMAX20180625_113811_V06,0,0.483,1.200,1047,0,112206.599,11,0,112184.226
KMAX20180625-1,KMAX20180625_113811_V06,2,1.494,1.200,1050,0,900.683,3,0,92.979
KMAX20180625-1,KMAX20180625_113811_V06,4,2.505,1.200,524,0,32.813,1,0,27.049
KMAX20180625-1,KMAX20180625_114747_V06,0,0.483,1.200,2124,0,69877.929,21,0,68842.130
KMAX20180625-1,KMAX20180625_114747_V06,2,1.494,1.200,2126,0,193.742,5,0,171.810
KMAX20180625-1,KMAX20180625_114747_V06,4,2.505,1.200,1067,0,38.877,1,0,36.209
KMAX20180625-1,KMAX20180625_120656_V06,0,0.483,1.200,317,0,55332.286,2,0,55298.418
KMAX20180625-1,KMAX20180625_120656_V06,2,1.494,1.200,320,0,93.560,1,0,91.360
KMAX20180625-1,KMAX20180625_120656_V06,4,2.505,1.200,160,0,5.727,0,0,5.727
KMAX20180625-1,KMAX20180625_121630_V06,0,0.483,1.200,1596,0,73490.277,26,0,73080.522
KMAX20180625-1,KMAX20180625_121630_V06,2,1.494,1.200,1599,0,252.112,7,0,186.379
KMAX20180625-1,KMAX20180625_121630_V06,4,2.505,1.200,802,0,30.445,1,0,24.937
KMAX20180625-1,KMAX20180625_122606_V06,0,0.483,1.200,4022,0,68493.283,39,0,68132.033
KMAX20180625-1,KMAX20180625_122606_V06,2,1.494,1.200,4025,0,536.301,33,0,435.794
KMAX20180625-1,KMAX20180625_122606_V06,4,2.505,1.200,2013,0,65.117,2,0,56.858
KMAX20180625-1,KMAX20180625_123540_V06,0,0.483,1.200,489,0,72424.383,11,0,71705.721
KMAX20180625-1,KMAX20180625_123540_V06,2,1.494,1.200,492,0,128.299,1,0,108.805
KMAX20180625-1,KMAX20180625_123540_V06,4,2.505,1.200,245,0,46.576,1,0,29.360
KMAX20180625-1,KMAX20180625_124515_V06,0,0.483,1.200,1767,0,91674.500,17,0,86850.680
KMAX20180625-1,KMAX20180625_124515_V06,2,1.494,1.200,1763,0,387.392,11,0,194.537
KMAX20180625-1,KMAX20180625_124515_V06,4,2.505,1.200,881,0,112.732,2,0,106.418
KMAX20180626-1,KMAX20180626_114442_V06,0,0.483,1.200,590,2,193507.270,24,2,193417.451
KMAX20180626-1,KMAX20180626_114442_V06,2,1.494,1.200,590,0,1167.416,2,0,1150.032
KMAX20180626-1,KMAX20180626_114442_V06,4,2.505,1.200,298,0,37.192,0,0,37.192
KMAX20180626-1,KMAX20180626_120349_V06,0,0.483,1.200,1505,0,207363.977,23,0,158648.122
KMAX20180626-1,KMAX20180626_120349_V06,2,1.494,1.200,1502,0,1321.967,6,0,1306.133
KMAX20180626-1,KMAX20180626_120349_V06,4,2.505,1.200,754,0,53.949,0,0,53.949
KMAX20180626-1,KMAX20180626_121323_V06,0,0.483,1.200,2172,0,122811.337,26,0,122703.498
KMAX20180626-1,KMAX20180626_121323_V06,2,1.494,1.200,2170,0,1100.134,18,0,1062.816
KMAX20180626-1,KMAX20180626_121323_V06,4,2.505,1.200,1086,0,102.715,6,0,71.249
KMAX20180626-1,KMAX20180626_122259_V06,0,0.483,1.200,369,0,143648.134,2,0,143643.828
KMAX20180626-1,KMAX20180626_122259_V06,2,1.494,1.200,367,0,1123.751,3,0,1113.013
KMAX20180626-1,KMAX20180626_122259_V06,4,2.505,1.200,185,0,7.558,0,0,7.558
KMAX20180626-1,KMAX20180626_123234_V06,0,0.483,1.200,1478,0,153724.563,11,0,153476.374
KMAX20180626-1,KMAX20180626_123234_V06,2,1.494,1.200,1482,0,471.019,0,0,471.019
KMAX20180626-1,KMAX20180626_123234_V06,4,2.505,1.200,737,0,42.360,1,0,40.167
KMAX20180626-4,KMAX20180626_133001_V06,0,0.483,1.200,337,1,262883.265,2,1,262876.760
KMAX20180626-4,KMAX20180626_133001_V06,2,1.494,1.200,337,0,127.610,1,0,122.456
KMAX20180626-4,KMAX20180626_133001_V06,4,2.505,1.200,170,0,27.249,0,0,27.249
KMAX20180627-2,KMAX20180627_113749_V06,0,0.483,1.200,259,0,291331.628,2,0,276549.171
KMAX20180627-2,KMAX20180627_113749_V06,2,1.494,1.200,259,0,246.476,1,0,245.590
KMAX20180627-2,KMAX20180627_113749_V06,4,2.505,1.200,129,0,4.805,1,0,2.851
KMAX20180627-2,KMAX20180627_114723_V06,0,0.483,1.200,1556,1,143345.779,48,1,143208.649
KMAX20180627-2,KMAX20180627_114723_V06,2,1.494,1.200,1557,0,119.156,8,0,94.001
KMAX20180627-2,KMAX20180627_114723_V06,4,2.505,1.200,776,0,22.178,1,0,20.535
KMAX20180627-2,KMAX20180627_120634_V06,0,0.483,1.200,7810,0,161849.591,66,0,161584.322
KMAX20180627-2,KMAX20180627_120634_V06,2,1.494,1.200,7820,0,885.463,76,0,664.247
KMAX20180627-2,KMAX20180627_120634_V06,4,2.505,1.200,3911,0,328.308,17,0,249.929
KMAX20180627-2,KMAX20180627_121608_V06,0,0.483,1.200,231,1,121398.735,0,1,121398.735
KMAX20180627-2,KMAX20180627_121608_V06,2,1.494,1.200,233,0,494.546,1,0,489.953
KMAX20180627-2,KMAX20180627_121608_V06,4,2.505,1.200,115,0,0.346,0,0,0.346
KMAX20180627-2,KMAX20180627_122544_V06,0,0.483,1.200,1723,1,158097.022,19,1,157999.385
KMAX20180627-2,KMAX20180627_122544_V06,2,1.494,1.200,1721,0,2306.102,5,0,2290.460
KMAX20180627-2,KMAX20180627_122544_V06,4,2.505,1.200,863,0,62.292,4,0,44.436
KMAX20180627-9,KMAX20180627_132315_V06,0,0.483,1.200,310,1,110262.398,4,1,108349.010
KMAX20180627-9,KMAX20180627_132315_V06,2,1.494,1.200,310,0,144.083,3,0,140.392
KMAX20180627-9,KMAX20180627_132315_V06,4,2.505,1.200,152,0,0.450,0,0,0.450
KMAX20180627-9,KMAX20180627_133250_V06,0,0.483,1.200,1577,2,77957.101,18,2,77879.120
KMAX20180627-9,KMAX20180627_133250_V06,2,1.494,1.200,1582,0,179.957,3,0,175.869
KMAX20180627-9,KMAX20180627_133250_V06,4,2.505,1.200,794,0,19.265,0,0,19.265
KMAX20180628-2,KMAX20180628_114051_V06,0,0.483,1.200,134,0,121391.340,1,0,121356.673
KMAX20180628-2,KMAX20180628_114051_V06,2,1.494,1.200,135,0,279.459,0,0,279.459
KMAX20180628-2,KMAX20180628_114051_V06,4,2.505,1.200,68,0,6.658,0,0,6.658
KMAX20180628-2,KMAX20180628_115025_V06,0,0.483,1.200,1017,0,173934.998,11,0,173847.896
KMAX20180628-2,KMAX20180628_115025_V06,2,1.494,1.200,1015,0,102.247,3,0,95.462
KMAX20180628-2,KMAX20180628_115025_V06,4,2.505,1.200,510,0,37.471,4,0,11.129
KMAX20180628-2,KMAX20180628_120932_V06,0,0.483,1.200,979,0,126148.943,14,0,122082.042
KMAX20180628-2,KMAX20180628_120932_V06,2,1.494,1.200,973,0,176.045,2,0,172.259
KMAX20180628-2,KMAX20180628_120932_V06,4,2.505,1.200,485,0,16.217,1,0,11.613
KMAX20180628-2,KMAX20180628_121906_V06,0,0.483,1.200,1150,0,129202.882,13,0,128350.442
KMAX20180628-2,KMAX20180628_121906_V06,2,1.494,1.200,1150,0,497.004,3,0,449.597
KMAX20180628-2,KMAX20180628_121906_V06,4,2.505,1.200,577,0,22.942,1,0,16.441
KMAX20180628-2,KMAX20180628_122840_V06,0,0.483,1.200,1114,0,232389.382,15,0,227031.837
KMAX20180628-2,KMAX20180628_122840_V06,2,1.494,1.200,1112,0,514.761,9,0,493.474
KMAX20180628-2,KMAX20180628_122840_V06,4,2.505,1.200,553,0,26.360,1,0,24.747
KMAX20180628-2,KMAX20180628_123814_V06,0,0.483,1.200,1210,0,181916.452,14,0,181300.633
KMAX20180628-2,KMAX20180628_123814_V06,2,1.494,1.200,1212,0,305.548,10,0,184.730
KMAX20180628-2,KMAX20180628_123814_V06,4,2.505,1.200,603,0,56.884,4,0,40.113
KMAX20180628-2,KMAX20180628_124748_V06,0,0.483,1.200,204,0,228983.722,4,0,215147.948
KMAX20180628-2,KMAX20180628_124748_V06,2,1.494,1.200,203,0,486.486,2,0,475.719
KMAX20180628-2,KMAX20180628_124748_V06,4,2.505,1.200,103,0,0.305,0,0,0.305
KMAX20180628-2,KMAX20180628_130657_V06,0,0.483,1.200,875,0,146792.041,30,0,134316.142
KMAX20180628-2,KMAX20180628_130657_V06,2,1.494,1.200,876,0,694.837,4,0,667.420
KMAX20180628-2,KMAX20180628_130657_V06,4,2.505,1.200,436,0,14.641,1,0,12.889
KMAX20180628-2,KMAX20180628_131631_V06,0,0.483,1.200,812,0,165208.553,16,0,163307.508
KMAX20180628-2,KMAX20180628_131631_V06,2,1.494,1.200,811,0,311.391,3,0,245.406
KMAX20180628-2,KMAX20180628_131631_V06,4,2.505,1.200,402,0,25.142,1,0,22.568
KMAX20180628-2,KMAX20180628_132606_V06,0,0.483,1.200,829,0,161194.538,16,0,160709.045
KMAX20180628-2,KMAX20180628_132606_V06,2,1.494,1.200,830,0,285.339,5,0,243.855
KMAX20180628-2,KMAX20180628_132606_V06,4,2.505,1.200,415,0,19.220,1,0,17.066
KMAX20180628-2,KMAX20180628_133540_V06,0,0.483,1.200,850,0,114233.469,10,0,107967.927
KMAX20180628-2,KMAX20180628_133540_V06,2,1.494,1.200,850,0,404.331,10,0,309.813
KMAX20180628-2,KMAX20180628_133540_V06,4,2.505,1.200,424,0,7.139,1,0,3.704
KMAX20180628-2,KMAX20180628_134514_V06,0,0.483,1.200,941,0,141465.693,12,0,135591.768
KMAX20180628-2,KMAX20180628_134514_V06,2,1.494,1.200,943,0,248.897,5,0,225.293
KMAX20180628-2,KMAX20180628_134514_V06,4,2.505,1.200,474,0,17.186,1,0,13.310
KMAX20180628-2,KMAX20180628_140423_V06,0,0.483,1.200,915,0,131870.951,18,0,129432.854
KMAX20180628-2,KMAX20180628_140423_V06,2,1.494,1.200,913,0,237.313,4,0,223.464
KMAX20180628-2,KMAX20180628_140423_V06,4,2.505,1.200,459,0,11.662,0,0,11.662
KMAX20180629-2,KMAX20180629_114243_V06,0,0.483,1.200,272,0,113371.184,7,0,104922.251
KMAX20180629-2,KMAX20180629_114243_V06,2,1.494,1.200,273,0,535.927,1,0,533.739
KMAX20180629-2,KMAX20180629_114243_V06,4,2.505,1.200,135,0,45.285,0,0,45.285
KMAX20180629-2,KMAX20180629_120151_V06,0,0.483,1.200,861,0,139334.746,12,0,137939.308
KMAX20180629-2,KMAX20180629_120151_V06,2,1.494,1.200,859,0,298.894,7,0,276.092
KMAX20180629-2,KMAX20180629_120151_V06,4,2.505,1.200,431,0,14.724,0,0,14.724
KMAX20180629-2,KMAX20180629_121126_V06,0,0.483,1.200,1024,0,165194.721,9,0,163102.363
KMAX20180629-2,KMAX20180629_121126_V06,2,1.494,1.200,1025,0,510.240,6,0,326.972
KMAX20180629-2,KMAX20180629_121126_V06,4,2.505,1.200,514,0,27.978,2,0,23.364
KMAX20180629-2,KMAX20180629_122101_V06,0,0.483,1.200,949,0,143547.417,20,0,139471.950
KMAX20180629-2,KMAX20180629_122101_V06,2,1.494,1.200,952,0,83.227,3,0,56.599
KMAX20180629-2,KMAX20180629_122101_V06,4,2.505,1.200,476,0,23.530,1,0,16.273
KMAX20180629-2,KMAX20180629_123036_V06,0,0.483,1.200,927,0,170943.704,9,0,169522.144
KMAX20180629-2,KMAX20180629_123036_V06,2,1.494,1.200,926,0,315.632,6,0,299.697
KMAX20180629-2,KMAX20180629_123036_V06,4,2.505,1.200,461,0,34.691,4,0,3.514
KMAX20180629-2,KMAX20180629_124012_V06,0,0.483,1.200,1160,0,122871.753,15,0,115496.768
KMAX20180629-2,KMAX20180629_124012_V06,2,1.494,1.200,1163,0,478.986,7,0,364.111
KMAX20180629-2,KMAX20180629_124012_V06,4,2.505,1.200,583,0,23.552,0,0,23.552
KMAX20180629-2,KMAX20180629_124948_V06,0,0.483,1.200,1039,0,111422.852,17,0,103941.070
KMAX20180629-2,KMAX20180629_124948_V06,2,1.494,1.200,1040,0,510.517,2,0,499.354
KMAX20180629-2,KMAX20180629_124948_V06,4,2.505,1.200,524,0,33.765,0,0,33.765
KMAX20180629-2,KMAX20180629_130857_V06,0,0.483,1.200,1189,0,164484.683,20,0,160435.007
KMAX20180629-2,KMAX20180629_130857_V06,2,1.494,1.200,1193,0,247.286,8,0,156.866
KMAX20180629-2,KMAX20180629_130857_V06,4,2.505,1.200,595,0,3.672,0,0,3.672
KMAX20180629-2,KMAX20180629_131830_V06,0,0.483,1.200,1214,0,170619.659,17,0,161690.129
KMAX20180629-2,KMAX20180629_131830_V06,2,1.494,1.200,1216,0,481.609,9,0,300.795
KMAX20180629-2,KMAX20180629_131830_V06,4,2.505,1.200,610,0,33.125,1,0,31.260
KMAX20180629-2,KMAX20180629_132806_V06,0,0.483,1.200,1213,0,163635.660,17,0,160255.328
KMAX20180629-2,KMAX20180629_132806_V06,2,1.494,1.200,1211,0,272.285,11,0,119.276
KMAX20180629-2,KMAX20180629_132806_V06,4,2.505,1.200,606,0,38.078,4,0,16.833
KMAX20180629-2,KMAX20180629_133740_V06,0,0.483,1.200,1179,0,146930.957,18,0,144722.422
KMAX20180629-2,KMAX20180629_133740_V06,2,1.494,1.200,1182,0,324.723,8,0,262.071
KMAX20180629-2,KMAX20180629_133740_V06,4,2.505,1.200,592,0,8.506,0,0,8.506
KMAX20180629-3,KMAX20180629_120151_V06,0,0.483,1.200,6791,0,9.483,1963,0,4.329
KMAX20180629-3,KMAX20180629_120151_V06,2,1.494,1.200,6794,0,1.045,239,0,0.174
KMAX20180629-3,KMAX20180629_120151_V06,4,2.505,1.200,3405,0,0.500,43,0,0.199
KMAX20180629-3,KMAX20180629_120151_V06,5,3.516,1.200,3407,0,0.211,42,0,0.175
KMAX20180629-3,KMAX20180629_120151_V06,6,4.482,1.200,3404,0,0.235,16,0,0.221
KMAX20180630-1,KMAX20180630_114513_V06,0,0.483,1.200,1084,0,159335.113,13,0,158454.424
KMAX20180630-1,KMAX20180630_114513_V06,2,1.494,1.200,1087,0,52.367,8,0,22.284
KMAX20180630-1,KMAX20180630_114513_V06,4,2.505,1.200,541,0,20.915,0,0,20.915
KMAX20180630-1,KMAX20180630_120421_V06,0,0.483,1.200,1921,0,207545.716,23,0,205621.134
KMAX20180630-1,KMAX20180630_120421_V06,2,1.494,1.200,1921,0,246.344,14,0,145.007
KMAX20180630-1,KMAX20180630_120421_V06,4,2.505,1.200,956,0,100.888,2,0,96.502
KMAX20180630-1,KMAX20180630_121356_V06,0,0.483,1.200,573,0,120708.210,15,0,119160.299
KMAX20180630-1,KMAX20180630_121356_V06,2,1.494,1.200,572,0,73.195,2,0,67.493
KMAX20180630-1,KMAX20180630_121356_V06,4,2.505,1.200,285,0,29.265,2,0,23.697
KMAX20180630-1,KMAX20180630_122331_V06,0,0.483,1.200,1880,0,113172.540,22,0,112377.019
KMAX20180630-1,KMAX20180630_122331_V06,2,1.494,1.200,1885,0,210.738,14,0,172.550
KMAX20180630-1,KMAX20180630_122331_V06,4,2.505,1.200,944,0,51.877,6,0,19.765
KMAX20180630-1,KMAX20180630_123305_V06,0,0.483,1.200,1127,0,153176.136,20,0,145395.029
KMAX20180630-1,KMAX20180630_123305_V06,2,1.494,1.200,1129,0,242.325,5,0,220.040
KMAX20180630-1,KMAX20180630_123305_V06,4,2.505,1.200,562,0,24.865,0,0,24.865
KMAX20180630-1,KMAX20180630_124239_V06,0,0.483,1.200,2065,0,194251.157,31,0,189092.518
KMAX20180630-1,KMAX20180630_124239_V06,2,1.494,1.200,2071,0,382.996,9,0,345.767
KMAX20180630-1,KMAX20180630_124239_V06,4,2.505,1.200,1038,0,44.268,1,0,42.683
KMAX20180630-9,KMAX20180630_134006_V06,0,0.483,1.200,1177,0,152968.466,23,0,146234.243
KMAX20180630-9,KMAX20180630_134006_V06,2,1.494,1.200,1180,0,254.725,4,0,151.065
KMAX20180630-9,KMAX20180630_134006_V06,4,2.505,1.200,591,0,26.895,0,0,26.895
KMAX20180630-9,KMAX20180630_134940_V06,0,0.483,1.200,2391,0,130378.622,19,0,128866.303
KMAX20180630-9,KMAX20180630_134940_V06,2,1.494,1.200,2391,0,332.454,12,0,275.943
KMAX20180630-9,KMAX20180630_134940_V06,4,2.505,1.200,1196,0,104.867,5,0,83.187
KMAX20180701-8,KMAX20180701_131412_V06,0,0.483,1.200,170,0,75828.543,0,0,75828.543
KMAX20180701-8,KMAX20180701_131412_V06,2,1.494,1.200,170,0,184.253,0,0,184.253
KMAX20180701-8,KMAX20180701_131412_V06,4,2.505,1.200,86,0,0.254,0,0,0.254
KMAX20180701-8,KMAX20180701_132346_V06,0,0.483,1.200,1003,0,90081.673,18,0,90008.329
KMAX20180701-8,KMAX20180701_132346_V06,2,1.494,1.200,1001,0,307.623,2,0,303.578
KMAX20180701-8,KMAX20180701_132346_V06,4,2.505,1.200,501,0,41.772,1,0,24.255
KMAX20180701-8,KMAX20180701_133321_V06,0,0.483,1.200,1082,0,122606.507,15,0,122560.076
KMAX20180701-8,KMAX20180701_133321_V06,2,1.494,1.200,1085,0,352.124,2,0,301.679
KMAX20180701-8,KMAX20180701_133321_V06,4,2.505,1.200,541,0,17.119,1,0,15.176
KMAX20180701-8,KMAX20180701_134257_V06,0,0.483,1.200,1032,0,129739.021,13,0,129686.325
KMAX20180701-8,KMAX20180701_134257_V06,2,1.494,1.200,1033,0,227.327,0,0,227.327
KMAX20180701-8,KMAX20180701_134257_V06,4,2.505,1.200,515,0,9.671,0,0,9.671
KMAX20180701-8,KMAX20180701_140208_V06,0,0.483,1.200,1055,0,120614.339,8,0,120586.471
KMAX20180701-8,KMAX20180701_140208_V06,2,1.494,1.200,1058,0,510.951,1,0,507.932
KMAX20180701-8,KMAX20180701_140208_V06,4,2.505,1.200,526,0,13.650,0,0,13.650
KMAX20180701-1,KMAX20180701_114759_V06,0,0.483,1.200,905,0,85148.060,6,0,85097.746
KMAX20180701-1,KMAX20180701_114759_V06,2,1.494,1.200,906,0,140.650,2,0,131.814
KMAX20180701-1,KMAX20180701_114759_V06,4,2.505,1.200,455,0,15.427,0,0,15.427
KMAX20180701-1,KMAX20180701_120709_V06,0,0.483,1.200,1477,0,112938.323,13,0,112868.655
KMAX20180701-1,KMAX20180701_120709_V06,2,1.494,1.200,1477,0,173.658,8,0,157.793
KMAX20180701-1,KMAX20180701_120709_V06,4,2.505,1.200,740,0,18.522,0,0,18.522
KMAX20180701-1,KMAX20180701_121643_V06,0,0.483,1.200,549,0,111814.604,2,0,111800.293
KMAX20180701-1,KMAX20180701_121643_V06,2,1.494,1.200,549,0,97.962,0,0,97.962
KMAX20180701-1,KMAX20180701_121643_V06,4,2.505,1.200,274,0,11.304,1,0,7.667
KMAX20180701-1,KMAX20180701_122618_V06,0,0.483,1.200,1650,0,87830.421,19,0,87609.470
KMAX20180701-1,KMAX20180701_122618_V06,2,1.494,1.200,1653,0,328.745,10,0,314.056
KMAX20180701-1,KMAX20180701_122618_V06,4,2.505,1.200,830,0,23.515,0,0,23.515
KMAX20180701-1,KMAX20180701_123553_V06,0,0.483,1.200,403,0,79261.234,0,0,79261.234
KMAX20180701-1,KMAX20180701_123553_V06,2,1.494,1.200,399,0,29.182,3,0,12.116
KMAX20180701-1,KMAX20180701_123553_V06,4,2.505,1.200,202,0,0.606,0,0,0.606
KMAX20180701-1,KMAX20180701_124528_V06,0,0.483,1.200,1768,0,87585.004,26,0,87493.133
KMAX20180701-1,KMAX20180701_124528_V06,2,1.494,1.200,1772,0,220.041,12,0,191.159
KMAX20180701-1,KMAX20180701_124528_V06,4,2.505,1.200,887,0,53.861,2,0,49.059
KMAX20180702-2,KMAX20180702_114054_V06,0,0.483,1.200,269,0,131203.785,7,0,129509.805
KMAX20180702-2,KMAX20180702_114054_V06,2,1.494,1.200,268,0,497.008,2,0,416.307
KMAX20180702-2,KMAX20180702_114054_V06,4,2.505,1.200,135,0,5.455,0,0,5.455
KMAX20180702-2,KMAX20180702_115028_V06,0,0.483,1.200,1123,0,114939.597,12,0,114414.557
KMAX20180702-2,KMAX20180702_115028_V06,2,1.494,1.200,1125,0,234.448,5,0,187.394
KMAX20180702-2,KMAX20180702_115028_V06,4,2.505,1.200,561,0,8.152,0,0,8.152
KMAX20180702-2,KMAX20180702_120939_V06,0,0.483,1.200,1220,0,133434.508,18,0,130726.684
KMAX20180702-2,KMAX20180702_120939_V06,2,1.494,1.200,1225,0,296.501,5,0,196.573
KMAX20180702-2,KMAX20180702_120939_V06,4,2.505,1.200,612,0,26.030,0,0,26.030
KMAX20180702-2,KMAX20180702_121914_V06,0,0.483,1.200,1100,0,138460.779,25,0,131583.669
KMAX20180702-2,KMAX20180702_121914_V06,2,1.494,1.200,1100,0,539.571,8,0,428.951
KMAX20180702-2,KMAX20180702_121914_V06,4,2.505,1.200,550,0,40.601,0,0,40.601
KMAX20180702-2,KMAX20180702_122848_V06,0,0.483,1.200,1108,0,170092.881,9,0,169174.964
KMAX20180702-2,KMAX20180702_122848_V06,2,1.494,1.200,1111,0,563.257,6,0,412.635
KMAX20180702-2,KMAX20180702_122848_V06,4,2.505,1.200,554,0,16.143,0,0,16.143
KMAX20180702-2,KMAX20180702_123823_V06,0,0.483,1.200,972,0,137194.187,9,0,135360.691
KMAX20180702-2,KMAX20180702_123823_V06,2,1.494,1.200,975,0,449.289,5,0,322.486
KMAX20180702-2,KMAX20180702_123823_V06,4,2.505,1.200,490,0,51.817,1,0,39.699
KMAX20180702-2,KMAX20180702_124757_V06,0,0.483,1.200,1129,0,124820.098,11,0,123840.685
KMAX20180702-2,KMAX20180702_124757_V06,2,1.494,1.200,1130,0,607.892,6,0,461.775
KMAX20180702-2,KMAX20180702_124757_V06,4,2.505,1.200,566,0,32.951,1,0,25.694
KMAX20180702-2,KMAX20180702_130706_V06,0,0.483,1.200,1134,0,150306.357,13,0,149828.947
KMAX20180702-2,KMAX20180702_130706_V06,2,1.494,1.200,1137,0,272.978,9,0,197.831
KMAX20180702-2,KMAX20180702_130706_V06,4,2.505,1.200,571,0,11.028,0,0,11.028
KMAX20180702-2,KMAX20180702_131640_V06,0,0.483,1.200,973,0,177921.765,12,0,173781.003
KMAX20180702-2,KMAX20180702_131640_V06,2,1.494,1.200,970,0,843.866,6,0,688.882
KMAX20180702-2,KMAX20180702_131640_V06,4,2.505,1.200,486,0,26.525,1,0,21.049
KMAX20180702-2,KMAX20180702_132615_V06,0,0.483,1.200,954,0,156071.478,13,0,150633.823
KMAX20180702-2,KMAX20180702_132615_V06,2,1.494,1.200,956,0,273.091,3,0,210.160
KMAX20180702-2,KMAX20180702_132615_V06,4,2.505,1.200,479,0,24.890,0,0,24.890
KMAX20180702-2,KMAX20180702_133549_V06,0,0.483,1.200,1095,0,185347.485,22,0,165752.904
KMAX20180702-2,KMAX20180702_133549_V06,2,1.494,1.200,1098,0,1138.107,12,0,580.718
KMAX20180702-2,KMAX20180702_133549_V06,4,2.505,1.200,546,0,156.658,1,0,137.117
KMAX20180702-2,KMAX20180702_134522_V06,0,0.483,1.200,1175,0,131531.018,14,0,130286.278
KMAX20180702-2,KMAX20180702_134522_V06,2,1.494,1.200,1177,0,290.398,2,0,233.941
KMAX20180702-2,KMAX20180702_134522_V06,4,2.505,1.200,588,0,23.774,1,0,16.518
KMAX20180702-2,KMAX20180702_140432_V06,0,0.483,1.200,1224,0,201543.460,18,0,194557.013
KMAX20180702-2,KMAX20180702_140432_V06,2,1.494,1.200,1224,0,515.962,7,0,449.905
KMAX20180702-2,KMAX20180702_140432_V06,4,2.505,1.200,615,0,23.581,2,0,1.805
KMAX20180702-3,KMAX20180702_114054_V06,0,0.483,1.200,91,0,5011.344,2,0,4967.854
KMAX20180702-3,KMAX20180702_114054_V06,2,1.494,1.200,91,0,0.049,0,0,0.049
KMAX20180702-3,KMAX20180702_114054_V06,4,2.505,1.200,45,0,0.048,0,0,0.048
KMAX20180702-3,KMAX20180702_114054_V06,5,3.516,1.200,48,0,0.052,0,0,0.052
KMAX20180702-3,KMAX20180702_114054_V06,6,4.482,1.200,48,0,0.052,0,0,0.052
KMAX20180703-2,KMAX20180703_114736_V06,0,0.483,1.200,146,0,55536.716,1,0,55261.343
KMAX20180703-2,KMAX20180703_114736_V06,2,1.494,1.200,147,0,0.217,0,0,0.217
KMAX20180703-2,KMAX20180703_114736_V06,4,2.505,1.200,73,0,0.216,0,0,0.216
KMAX20180703-2,KMAX20180703_120847_V06,0,0.483,1.200,641,0,53464.390,8,0,53400.813
KMAX20180703-2,KMAX20180703_120847_V06,2,1.494,1.200,638,0,61.927,0,0,61.927
KMAX20180703-2,KMAX20180703_120847_V06,4,2.505,1.200,319,0,13.270,0,0,13.270
KMAX20180703-2,KMAX20180703_121822_V06,0,0.483,1.200,366,0,41900.669,5,0,41806.006
KMAX20180703-2,KMAX20180703_121822_V06,2,1.494,1.200,363,0,61.918,0,0,61.918
KMAX20180703-2,KMAX20180703_121822_V06,4,2.505,1.200,183,0,0.547,0,0,0.547
KMAX20180703-2,KMAX20180703_122757_V06,0,0.483,1.200,1684,0,58520.330,16,0,58480.488
KMAX20180703-2,KMAX20180703_122757_V06,2,1.494,1.200,1684,0,46.318,2,0,39.541
KMAX20180703-2,KMAX20180703_122757_V06,4,2.505,1.200,844,0,81.005,1,0,77.605
KMAX20180703-2,KMAX20180703_123731_V06,0,0.483,1.200,543,0,59073.554,9,0,58994.860
KMAX20180703-2,KMAX20180703_123731_V06,2,1.494,1.200,543,0,20.023,2,0,13.063
KMAX20180703-2,KMAX20180703_123731_V06,4,2.505,1.200,272,0,6.737,0,0,6.737
KMAX20180703-2,KMAX20180703_124706_V06,0,0.483,1.200,1800,0,60238.023,20,0,60157.145
KMAX20180703-2,KMAX20180703_124706_V06,2,1.494,1.200,1804,0,111.711,4,0,88.081
KMAX20180703-2,KMAX20180703_124706_V06,4,2.505,1.200,900,0,40.633,1,0,33.335
KMAX20180703-2,KMAX20180703_130617_V06,0,0.483,1.200,484,0,58640.917,3,0,58182.861
KMAX20180703-2,KMAX20180703_130617_V06,2,1.494,1.200,482,0,98.891,0,0,98.891
KMAX20180703-2,KMAX20180703_130617_V06,4,2.505,1.200,241,0,18.887,0,0,18.887
KMAX20180703-2,KMAX20180703_131552_V06,0,0.483,1.200,1758,0,55868.090,15,0,55814.516
KMAX20180703-2,KMAX20180703_131552_V06,2,1.494,1.200,1759,0,90.082,5,0,77.396
KMAX20180703-2,KMAX20180703_131552_V06,4,2.505,1.200,879,0,13.100,0,0,13.100
KMAX20180703-2,KMAX20180703_132526_V06,0,0.483,1.200,4000,0,49521.175,34,0,49417.128
KMAX20180703-2,KMAX20180703_132526_V06,2,1.494,1.200,4001,0,305.243,26,0,254.331
KMAX20180703-2,KMAX20180703_132526_V06,4,2.505,1.200,2006,0,69.576,1,0,64.890
KMAX20180703-2,KMAX20180703_133501_V06,0,0.483,1.200,380,0,49248.621,2,0,49227.775
KMAX20180703-2,KMAX20180703_133501_V06,2,1.494,1.200,377,0,71.124,0,0,71.124
KMAX20180703-2,KMAX20180703_133501_V06,4,2.505,1.200,191,0,0.568,0,0,0.568
KMAX20180703-2,KMAX20180703_134436_V06,0,0.483,1.200,1732,0,50314.765,15,0,50033.562
KMAX20180703-2,KMAX20180703_134436_V06,2,1.494,1.200,1736,0,220.777,16,0,162.020
KMAX20180703-2,KMAX20180703_134436_V06,4,2.505,1.200,871,0,61.399,2,0,52.152
KMAX20180704-2,KMAX20180704_114137_V06,0,0.483,1.200,133,0,42815.292,2,0,42702.101
KMAX20180704-2,KMAX20180704_114137_V06,2,1.494,1.200,132,0,83.817,1,0,53.097
KMAX20180704-2,KMAX20180704_114137_V06,4,2.505,1.200,65,0,0.195,0,0,0.195
KMAX20180704-2,KMAX20180704_120248_V06,0,0.483,1.200,612,0,84454.049,4,0,83703.300
KMAX20180704-2,KMAX20180704_120248_V06,2,1.494,1.200,613,0,84.389,0,0,84.389
KMAX20180704-2,KMAX20180704_120248_V06,4,2.505,1.200,308,0,0.910,0,0,0.910
KMAX20180704-2,KMAX20180704_121222_V06,0,0.483,1.200,596,0,70821.343,10,0,69173.119
KMAX20180704-2,KMAX20180704_121222_V06,2,1.494,1.200,598,0,144.579,2,0,53.932
KMAX20180704-2,KMAX20180704_121222_V06,4,2.505,1.200,296,0,25.374,0,0,25.374
KMAX20180704-2,KMAX20180704_122157_V06,0,0.483,1.200,633,0,88957.873,9,0,88317.700
KMAX20180704-2,KMAX20180704_122157_V06,2,1.494,1.200,636,0,61.059,2,0,42.466
KMAX20180704-2,KMAX20180704_122157_V06,4,2.505,1.200,319,0,6.019,0,0,6.019
KMAX20180704-2,KMAX20180704_123132_V06,0,0.483,1.200,1113,0,68736.540,10,0,68063.305
KMAX20180704-2,KMAX20180704_123132_V06,2,1.494,1.200,1117,0,174.880,7,0,95.711
KMAX20180704-2,KMAX20180704_123132_V06,4,2.505,1.200,561,0,52.548,3,0,22.893
KMAX20180705-2,KMAX20180705_114632_V06,0,0.483,1.200,252,0,98309.928,1,0,98128.211
KMAX20180705-2,KMAX20180705_114632_V06,2,1.494,1.200,251,0,109.221,0,0,109.221
KMAX20180705-2,KMAX20180705_114632_V06,4,2.505,1.200,126,0,0.373,0,0,0.373
KMAX20180705-2,KMAX20180705_121716_V06,0,0.483,1.200,1262,0,82216.523,11,0,82001.254
KMAX20180705-2,KMAX20180705_121716_V06,2,1.494,1.200,1263,0,165.034,1,0,155.263
KMAX20180705-2,KMAX20180705_121716_V06,4,2.505,1.200,632,0,29.332,0,0,29.332
KMAX20180705-6,KMAX20180705_130511_V06,0,0.483,1.200,565,0,106819.357,5,0,106398.589
KMAX20180705-6,KMAX20180705_130511_V06,2,1.494,1.200,564,0,147.557,1,0,144.305
KMAX20180705-6,KMAX20180705_130511_V06,4,2.505,1.200,281,0,26.656,0,0,26.656
KMAX20180705-6,KMAX20180705_131446_V06,0,0.483,1.200,1896,0,102973.905,17,0,102132.763
KMAX20180705-6,KMAX20180705_131446_V06,2,1.494,1.200,1901,0,273.611,9,0,239.209
KMAX20180705-6,KMAX20180705_131446_V06,4,2.505,1.200,948,0,39.926,3,0,20.525
KMAX20180705-6,KMAX20180705_132421_V06,0,0.483,1.200,553,0,110527.803,5,0,110396.442
KMAX20180705-6,KMAX20180705_132421_V06,2,1.494,1.200,551,0,20.907,0,0,20.907
KMAX20180705-6,KMAX20180705_132421_V06,4,2.505,1.200,276,0,15.360,0,0,15.360
KMAX20180705-6,KMAX20180705_133355_V06,0,0.483,1.200,1981,0,99944.234,11,0,99910.307
KMAX20180705-6,KMAX20180705_133355_V06,2,1.494,1.200,1983,0,406.815,9,0,375.902
KMAX20180705-6,KMAX20180705_133355_V06,4,2.505,1.200,996,0,60.386,2,0,48.745
KMAX20180705-4,KMAX20180705_121716_V06,0,0.483,1.200,697,0,7.708,220,0,2.006
KMAX20180705-4,KMAX20180705_121716_V06,2,1.494,1.200,697,0,1.562,7,0,1.328
KMAX20180705-4,KMAX20180705_121716_V06,4,2.505,1.200,352,0,1.137,5,0,0.648
KMAX20180705-4,KMAX20180705_121716_V06,5,3.516,1.200,351,0,1.566,6,0,1.235
KMAX20180705-4,KMAX20180705_121716_V06,6,4.482,1.200,347,0,0.829,3,0,0.681
KMAX20180706-2,KMAX20180706_114901_V06,0,0.483,1.200,207,2,76264.124,1,2,76189.171
KMAX20180706-2,KMAX20180706_114901_V06,2,1.494,1.200,209,0,87.887,0,0,87.887
KMAX20180706-2,KMAX20180706_114901_V06,4,2.505,1.200,105,0,3.522,0,0,3.522
KMAX20180706-2,KMAX20180706_121948_V06,0,0.483,1.200,845,1,105051.095,9,1,104946.445
KMAX20180706-2,KMAX20180706_121948_V06,2,1.494,1.200,848,0,105.740,2,0,35.515
KMAX20180706-2,KMAX20180706_121948_V06,4,2.505,1.200,422,0,9.345,1,0,3.548
KMAX20180706-2,KMAX20180706_122923_V06,0,0.483,1.200,774,0,95227.610,2,0,95219.497
KMAX20180706-2,KMAX20180706_122923_V06,2,1.494,1.200,772,0,302.594,1,0,294.833
KMAX20180706-2,KMAX20180706_122923_V06,4,2.505,1.200,385,0,34.906,2,0,27.492
KMAX20180706-2,KMAX20180706_123858_V06,0,0.483,1.200,885,0,106077.789,14,0,105922.718
KMAX20180706-2,KMAX20180706_123858_V06,2,1.494,1.200,883,0,235.557,2,0,210.876
KMAX20180706-2,KMAX20180706_123858_V06,4,2.505,1.200,445,0,18.666,0,0,18.666
KMAX20180706-6,KMAX20180706_130742_V06,0,0.483,1.200,54088,0,92.970,8574,0,61.193
KMAX20180706-6,KMAX20180706_130742_V06,2,1.494,1.200,54102,0,38.458,10994,0,15.309
KMAX20180706-6,KMAX20180706_130742_V06,4,2.505,1.200,27073,0,22.316,6236,0,10.216
KMAX20180706-6,KMAX20180706_130742_V06,5,3.516,1.200,27091,0,17.470,6817,0,7.628
KMAX20180706-6,KMAX20180706_130742_V06,6,4.482,1.200,27124,0,13.495,6638,0,4.761
KMAX20180707-1,KMAX20180707_114855_V06,0,0.483,1.200,1030,0,159249.404,21,0,157938.624
KMAX20180707-1,KMAX20180707_114855_V06,2,1.494,1.200,1032,0,193.373,3,0,166.409
KMAX20180707-1,KMAX20180707_114855_V06,4,2.505,1.200,515,0,11.668,0,0,11.668
KMAX20180707-1,KMAX20180707_120806_V06,0,0.483,1.200,1499,0,132308.021,15,0,129570.524
KMAX20180707-1,KMAX20180707_120806_V06,2,1.494,1.200,1500,0,295.960,2,0,290.061
KMAX20180707-1,KMAX20180707_120806_V06,4,2.505,1.200,749,0,97.213,3,0,50.516
KMAX20180707-1,KMAX20180707_121941_V06,0,0.483,1.200,550,1,169688.920,5,1,168700.019
KMAX20180707-1,KMAX20180707_121941_V06,2,1.494,1.200,549,0,258.312,0,0,258.312
KMAX20180707-1,KMAX20180707_121941_V06,4,2.505,1.200,274,0,17.985,1,0,14.761
KMAX20180707-1,KMAX20180707_122917_V06,0,0.483,1.200,1950,0,122602.009,17,0,121880.220
KMAX20180707-1,KMAX20180707_122917_V06,2,1.494,1.200,1952,0,264.924,9,0,236.360
KMAX20180707-1,KMAX20180707_122917_V06,4,2.505,1.200,975,0,145.640,2,0,137.420
KMAX20180707-1,KMAX20180707_123852_V06,0,0.483,1.200,165,0,126085.978,6,0,122392.586
KMAX20180707-1,KMAX20180707_123852_V06,2,1.494,1.200,166,0,161.503,0,0,161.503
KMAX20180707-1,KMAX20180707_123852_V06,4,2.505,1.200,84,0,0.248,0,0,0.248
KMAX20180707-1,KMAX20180707_124827_V06,0,0.483,1.200,1059,0,181226.631,9,0,169664.650
KMAX20180707-1,KMAX20180707_124827_V06,2,1.494,1.200,1056,0,248.297,3,0,202.906
KMAX20180707-1,KMAX20180707_124827_V06,4,2.505,1.200,526,0,32.374,1,0,29.485
KMAX20180707-1,KMAX20180707_130736_V06,0,0.483,1.200,5562,1,142579.531,42,1,138751.465
KMAX20180707-1,KMAX20180707_130736_V06,2,1.494,1.200,5565,0,498.792,24,0,450.231
KMAX20180707-1,KMAX20180707_130736_V06,4,2.505,1.200,2790,0,304.063,18,0,200.809
KMAX20180707-1,KMAX20180707_131711_V06,0,0.483,1.200,534,0,122306.830,14,0,121415.084
KMAX20180707-1,KMAX20180707_131711_V06,2,1.494,1.200,532,0,230.007,2,0,223.839
KMAX20180707-1,KMAX20180707_131711_V06,4,2.505,1.200,268,0,4.837,0,0,4.837
KMAX20180707-1,KMAX20180707_132645_V06,0,0.483,1.200,1834,1,137751.631,11,1,137694.959
KMAX20180707-1,KMAX20180707_132645_V06,2,1.494,1.200,1839,0,227.557,5,0,220.362
KMAX20180707-1,KMAX20180707_132645_V06,4,2.505,1.200,921,0,63.488,1,0,58.293
KMAX20180708-1,KMAX20180708_114736_V06,0,0.483,1.200,557,0,108904.686,4,0,108867.249
KMAX20180708-1,KMAX20180708_114736_V06,2,1.494,1.200,559,0,167.256,3,0,143.704
KMAX20180708-1,KMAX20180708_114736_V06,4,2.505,1.200,279,0,6.420,0,0,6.420
KMAX20180708-1,KMAX20180708_120647_V06,0,0.483,1.200,1644,0,69773.702,25,0,69572.529
KMAX20180708-1,KMAX20180708_120647_V06,2,1.494,1.200,1644,0,254.846,4,0,243.766
KMAX20180708-1,KMAX20180708_120647_V06,4,2.505,1.200,819,0,18.182,0,0,18.182
KMAX20180708-1,KMAX20180708_121621_V06,0,0.483,1.200,483,0,62821.084,10,0,62438.815
KMAX20180708-1,KMAX20180708_121621_V06,2,1.494,1.200,484,0,121.736,1,0,120.765
KMAX20180708-1,KMAX20180708_121621_V06,4,2.505,1.200,243,0,7.221,0,0,7.221
KMAX20180708-1,KMAX20180708_122754_V06,0,0.483,1.200,1826,0,88765.465,20,0,88518.133
KMAX20180708-1,KMAX20180708_122754_V06,2,1.494,1.200,1828,0,238.809,7,0,215.071
KMAX20180708-1,KMAX20180708_122754_V06,4,2.505,1.200,912,0,51.597,0,0,51.597
KMAX20180708-1,KMAX20180708_123729_V06,0,0.483,1.200,560,0,81550.657,8,0,81433.529
KMAX20180708-1,KMAX20180708_123729_V06,2,1.494,1.200,562,0,99.802,2,0,96.290
KMAX20180708-1,KMAX20180708_123729_V06,4,2.505,1.200,280,0,6.606,0,0,6.606
KMAX20180708-1,KMAX20180708_124705_V06,0,0.483,1.200,4382,0,96350.915,32,0,95712.093
KMAX20180708-1,KMAX20180708_124705_V06,2,1.494,1.200,4382,0,383.495,22,0,271.651
KMAX20180708-1,KMAX20180708_124705_V06,4,2.505,1.200,2191,0,189.933,5,0,159.418
KMAX20180708-1,KMAX20180708_130614_V06,0,0.483,1.200,563,0,87116.668,6,0,86841.164
KMAX20180708-1,KMAX20180708_130614_V06,2,1.494,1.200,561,0,92.849,4,0,62.288
KMAX20180708-1,KMAX20180708_130614_V06,4,2.505,1.200,281,0,16.554,0,0,16.554
KMAX20180708-9,KMAX20180708_132524_V06,0,0.483,1.200,540,0,126983.917,3,0,126612.982
KMAX20180708-9,KMAX20180708_132524_V06,2,1.494,1.200,537,0,84.782,0,0,84.782
KMAX20180708-9,KMAX20180708_132524_V06,4,2.505,1.200,268,0,14.731,0,0,14.731
KMAX20180708-9,KMAX20180708_133458_V06,0,0.483,1.200,1642,0,102810.687,14,0,97697.867
KMAX20180708-9,KMAX20180708_133458_V06,2,1.494,1.200,1643,0,258.461,6,0,242.023
KMAX20180708-9,KMAX20180708_133458_V06,4,2.505,1.200,821,0,37.817,1,0,30.520
KMAX20180708-9,KMAX20180708_134433_V06,0,0.483,1.200,585,0,92861.941,7,0,92057.259
KMAX20180708-9,KMAX20180708_134433_V06,2,1.494,1.200,584,0,557.808,4,0,146.564
KMAX20180708-9,KMAX20180708_134433_V06,4,2.505,1.200,292,0,16.319,0,0,16.319
KMAX20180708-9,KMAX20180708_140342_V06,0,0.483,1.200,1990,0,80238.684,26,0,77634.094
KMAX20180708-9,KMAX20180708_140342_V06,2,1.494,1.200,1990,0,221.505,6,0,188.665
KMAX20180708-9,KMAX20180708_140342_V06,4,2.505,1.200,995,0,32.929,0,0,32.929
KMAX20180709-10,KMAX20180709_131938_V06,0,0.483,1.200,148,1,111888.474,4,1,108023.248
KMAX20180709-10,KMAX20180709_131938_V06,2,1.494,1.200,147,0,171.468,1,0,168.379
KMAX20180709-10,KMAX20180709_131938_V06,4,2.505,1.200,74,0,7.739,0,0,7.739
KMAX20180709-10,KMAX20180709_132913_V06,0,0.483,1.200,1356,2,114634.783,15,2,111803.177
KMAX20180709-10,KMAX20180709_132913_V06,2,1.494,1.200,1360,0,255.250,3,0,245.131
KMAX20180709-10,KMAX20180709_132913_V06,4,2.505,1.200,679,0,27.355,4,0,14.227
KMAX20180709-10,KMAX20180709_133849_V06,0,0.483,1.200,1485,0,206126.460,18,0,205978.834
KMAX20180709-10,KMAX20180709_133849_V06,2,1.494,1.200,1489,0,173.689,7,0,111.071
KMAX20180709-10,KMAX20180709_133849_V06,4,2.505,1.200,743,0,46.062,1,0,28.746
KMAX20180709-10,KMAX20180709_134824_V06,0,0.483,1.200,536,0,118729.695,12,0,118182.489
KMAX20180709-10,KMAX20180709_134824_V06,2,1.494,1.200,537,0,136.009,1,0,126.294
KMAX20180709-10,KMAX20180709_134824_V06,4,2.505,1.200,269,0,20.724,0,0,20.724
KMAX20180709-1,KMAX20180709_120057_V06,0,0.483,1.200,583,0,108592.175,6,0,107577.513
KMAX20180709-1,KMAX20180709_120057_V06,2,1.494,1.200,582,0,298.536,3,0,283.734
KMAX20180709-1,KMAX20180709_120057_V06,4,2.505,1.200,290,0,7.273,0,0,7.273
KMAX20180709-1,KMAX20180709_121031_V06,0,0.483,1.200,1888,0,125866.859,17,0,125806.649
KMAX20180709-1,KMAX20180709_121031_V06,2,1.494,1.200,1888,0,277.887,9,0,245.104
KMAX20180709-1,KMAX20180709_121031_V06,4,2.505,1.200,947,0,56.268,2,0,43.489
KMAX20180709-1,KMAX20180709_122006_V06,0,0.483,1.200,154,0,122182.361,3,0,119998.712
KMAX20180709-1,KMAX20180709_122006_V06,2,1.494,1.200,154,0,115.607,0,0,115.607
KMAX20180709-1,KMAX20180709_122006_V06,4,2.505,1.200,76,0,0.224,0,0,0.224
KMAX20180709-1,KMAX20180709_123141_V06,0,0.483,1.200,1280,0,186438.770,12,0,186098.849
KMAX20180709-1,KMAX20180709_123141_V06,2,1.494,1.200,1278,0,337.602,6,0,319.984
KMAX20180709-1,KMAX20180709_123141_V06,4,2.505,1.200,639,0,15.764,1,0,4.199
KMAX20180709-1,KMAX20180709_124116_V06,0,0.483,1.200,158,0,160877.491,1,0,160873.151
KMAX20180709-1,KMAX20180709_124116_V06,2,1.494,1.200,159,0,151.221,0,0,151.221
KMAX20180709-1,KMAX20180709_124116_V06,4,2.505,1.200,80,0,0.236,0,0,0.236
KMAX20180709-1,KMAX20180709_130027_V06,0,0.483,1.200,1114,0,94948.370,6,0,94638.467
KMAX20180709-1,KMAX20180709_130027_V06,2,1.494,1.200,1115,0,50.326,0,0,50.326
KMAX20180709-1,KMAX20180709_130027_V06,4,2.505,1.200,558,0,22.460,1,0,19.731
KMAX20180709-8,KMAX20180709_131002_V06,0,0.483,1.200,1267,0,31.434,131,0,24.494
KMAX20180709-8,KMAX20180709_131002_V06,2,1.494,1.200,1269,0,1.907,1,0,1.865
KMAX20180709-8,KMAX20180709_131002_V06,4,2.505,1.200,639,0,1.011,0,0,1.011
KMAX20180709-8,KMAX20180709_131002_V06,5,3.516,1.200,635,0,1.927,0,0,1.927
KMAX20180709-8,KMAX20180709_131002_V06,6,4.482,1.200,636,0,0.881,1,0,0.794
KMAX20180710-2,KMAX20180710_120114_V06,0,0.483,1.200,307,0,216706.699,0,0,216706.699
KMAX20180710-2,KMAX20180710_120114_V06,2,1.494,1.200,308,0,2.268,1,0,1.461
KMAX20180710-2,KMAX20180710_120114_V06,4,2.505,1.200,153,0,5.113,0,0,5.113
KMAX20180710-2,KMAX20180710_121049_V06,0,0.483,1.200,1459,2,151163.582,14,2,150937.484
KMAX20180710-2,KMAX20180710_121049_V06,2,1.494,1.200,1460,0,223.511,0,0,223.511
KMAX20180710-2,KMAX20180710_121049_V06,4,2.505,1.200,733,0,30.022,3,0,20.343
KMAX20180711-1,KMAX20180711_120356_V06,0,0.483,1.200,844,0,151499.739,6,0,151483.163
KMAX20180711-1,KMAX20180711_120356_V06,2,1.494,1.200,846,0,107.541,7,0,81.723
KMAX20180711-1,KMAX20180711_120356_V06,4,2.505,1.200,425,0,15.694,0,0,15.694
KMAX20180711-1,KMAX20180711_121330_V06,0,0.483,1.200,1836,0,155363.162,23,0,155296.569
KMAX20180711-1,KMAX20180711_121330_V06,2,1.494,1.200,1836,0,212.695,15,0,118.971
KMAX20180711-1,KMAX20180711_121330_V06,4,2.505,1.200,918,0,46.844,2,0,34.580
KMAX20180711-8,KMAX20180711_130124_V06,0,0.483,1.200,9338,0,25476.774,950,0,22334.472
KMAX20180711-8,KMAX20180711_130124_V06,2,1.494,1.200,9332,0,180.923,71,0,130.633
KMAX20180711-8,KMAX20180711_130124_V06,4,2.505,1.200,4676,0,70.701,10,0,62.270
KMAX20180712-2,KMAX20180712_114755_V06,0,0.483,1.200,134,0,94638.333,1,0,94629.625
KMAX20180712-2,KMAX20180712_114755_V06,2,1.494,1.200,131,0,7.999,0,0,7.999
KMAX20180712-2,KMAX20180712_114755_V06,4,2.505,1.200,68,0,0.198,0,0,0.198
KMAX20180712-2,KMAX20180712_120704_V06,0,0.483,1.200,647,0,144639.429,8,0,144607.436
KMAX20180712-2,KMAX20180712_120704_V06,2,1.494,1.200,644,0,20.804,2,0,12.992
KMAX20180712-2,KMAX20180712_120704_V06,4,2.505,1.200,325,0,0.945,0,0,0.945
KMAX20180712-2,KMAX20180712_121639_V06,0,0.483,1.200,590,0,97426.343,4,0,97419.522
KMAX20180712-2,KMAX20180712_121639_V06,2,1.494,1.200,590,0,45.370,4,0,40.628
KMAX20180712-2,KMAX20180712_121639_V06,4,2.505,1.200,295,0,75.318,4,0,41.404
KMAX20180712-2,KMAX20180712_122614_V06,0,0.483,1.200,563,0,128628.285,4,0,128618.551
KMAX20180712-2,KMAX20180712_122614_V06,2,1.494,1.200,564,0,4.458,1,0,3.423
KMAX20180712-2,KMAX20180712_122614_V06,4,2.505,1.200,283,0,5.379,0,0,5.379
KMAX20180712-2,KMAX20180712_123548_V06,0,0.483,1.200,811,0,112076.167,6,0,112040.149
KMAX20180712-2,KMAX20180712_123548_V06,2,1.494,1.200,816,0,63.110,5,0,50.083
KMAX20180712-2,KMAX20180712_123548_V06,4,2.505,1.200,406,0,19.935,1,0,17.878
KMAX20180712-9,KMAX20180712_132342_V06,0,0.483,1.200,144,0,114063.741,0,0,114063.741
KMAX20180712-9,KMAX20180712_132342_V06,2,1.494,1.200,148,0,8.027,0,0,8.027
KMAX20180712-9,KMAX20180712_132342_V06,4,2.505,1.200,73,0,0.216,0,0,0.216
KMAX20180712-9,KMAX20180712_133317_V06,0,0.483,1.200,1040,0,125159.600,15,0,125111.886
KMAX20180712-9,KMAX20180712_133317_V06,2,1.494,1.200,1041,0,615.307,2,0,604.428
KMAX20180712-9,KMAX20180712_133317_V06,4,2.505,1.200,521,0,31.140,0,0,31.140
KMAX20180712-9,KMAX20180712_134251_V06,0,0.483,1.200,1053,0,119592.372,27,0,119537.486
KMAX20180712-9,KMAX20180712_134251_V06,2,1.494,1.200,1053,0,113.451,3,0,105.727
KMAX20180712-9,KMAX20180712_134251_V06,4,2.505,1.200,525,0,28.863,0,0,28.863
KMAX20180712-3,KMAX20180712_120704_V06,0,0.483,1.200,1233,0,577.627,271,0,392.350
KMAX20180712-3,KMAX20180712_120704_V06,2,1.494,1.200,1236,0,61.040,30,0,47.562
KMAX20180712-3,KMAX20180712_120704_V06,4,2.505,1.200,617,0,22.899,7,0,16.699
KMAX20180712-3,KMAX20180712_120704_V06,5,3.516,1.200,619,0,11.691,1,0,11.375
KMAX20180712-3,KMAX20180712_120704_V06,6,4.482,1.200,619,0,20.917,6,0,14.381
KMAX20180713-1,KMAX20180713_120032_V06,0,0.483,1.200,644,1,169536.751,20,1,169467.428
KMAX20180713-1,KMAX20180713_120032_V06,2,1.494,1.200,646,0,281.080,5,0,264.225
KMAX20180713-1,KMAX20180713_120032_V06,4,2.505,1.200,319,0,9.872,2,0,2.894
KMAX20180713-1,KMAX20180713_121007_V06,0,0.483,1.200,1752,0,149186.477,55,0,149071.395
KMAX20180713-1,KMAX20180713_121007_V06,2,1.494,1.200,1757,0,424.889,2,0,417.619
KMAX20180713-1,KMAX20180713_121007_V06,4,2.505,1.200,876,0,123.798,2,0,84.086
KMAX20180713-1,KMAX20180713_121941_V06,0,0.483,1.200,137,0,152684.138,1,0,152679.241
KMAX20180713-1,KMAX20180713_121941_V06,2,1.494,1.200,138,0,245.888,1,0,242.886
KMAX20180713-1,KMAX20180713_121941_V06,4,2.505,1.200,69,0,0.204,0,0,0.204
KMAX20180713-1,KMAX20180713_122915_V06,0,0.483,1.200,1086,1,204275.095,23,1,204203.609
KMAX20180713-1,KMAX20180713_122915_V06,2,1.494,1.200,1087,0,280.142,7,0,121.113
KMAX20180713-1,KMAX20180713_122915_V06,4,2.505,1.200,541,0,95.649,3,0,83.248
KMAX20180713-1,KMAX20180713_123850_V06,0,0.483,1.200,3073,0,201479.942,93,0,200712.863
KMAX20180713-1,KMAX20180713_123850_V06,2,1.494,1.200,3077,0,326.521,22,0,267.119
KMAX20180713-1,KMAX20180713_123850_V06,4,2.505,1.200,1541,0,37.627,2,0,31.564
KMAX20180713-1,KMAX20180713_124824_V06,0,0.483,1.200,528,0,148556.144,15,0,148522.490
KMAX20180713-1,KMAX20180713_124824_V06,2,1.494,1.200,528,0,137.242,3,0,110.382
KMAX20180713-1,KMAX20180713_124824_V06,4,2.505,1.200,268,0,8.036,0,0,8.036
KMAX20180713-1,KMAX20180713_130734_V06,0,0.483,1.200,1587,2,135944.551,115,2,135196.451
KMAX20180713-1,KMAX20180713_130734_V06,2,1.494,1.200,1589,0,195.050,5,0,182.695
KMAX20180713-1,KMAX20180713_130734_V06,4,2.505,1.200,795,0,36.377,0,0,36.377
KMAX20180713-1,KMAX20180713_131709_V06,0,0.483,1.200,313,0,232640.170,1,0,232634.929
KMAX20180713-1,KMAX20180713_131709_V06,2,1.494,1.200,311,0,95.225,1,0,87.374
KMAX20180713-1,KMAX20180713_131709_V06,4,2.505,1.200,159,0,0.479,0,0,0.479
KMAX20180713-1,KMAX20180713_132643_V06,0,0.483,1.200,1480,0,202661.024,89,0,202433.405
KMAX20180713-1,KMAX20180713_132643_V06,2,1.494,1.200,1479,0,225.701,7,0,212.979
KMAX20180713-1,KMAX20180713_132643_V06,4,2.505,1.200,738,0,30.880,0,0,30.880
KMAX20180713-1,KMAX20180713_133616_V06,0,0.483,1.200,294,1,177278.030,3,0,177255.565
KMAX20180713-1,KMAX20180713_133616_V06,2,1.494,1.200,294,0,138.052,0,0,138.052
KMAX20180713-1,KMAX20180713_133616_V06,4,2.505,1.200,148,0,10.904,0,0,10.904
KMAX20180713-1,KMAX20180713_134550_V06,0,0.483,1.200,1596,0,179121.530,93,0,178937.613
KMAX20180713-1,KMAX20180713_134550_V06,2,1.494,1.200,1601,0,371.741,7,0,348.368
KMAX20180713-1,KMAX20180713_134550_V06,4,2.505,1.200,804,0,65.282,1,0,54.166
KMAX20180714-1,KMAX20180714_115052_V06,0,0.483,1.200,500,0,211063.193,39,0,144566.573
KMAX20180714-1,KMAX20180714_115052_V06,2,0.879,1.200,499,0,47362.147,49,0,46275.733
KMAX20180714-1,KMAX20180714_115052_V06,4,1.318,1.200,498,0,2427.679,21,0,1502.073
KMAX20180714-1,KMAX20180714_115052_V06,8,1.802,1.200,250,0,99.325,3,0,82.128
KMAX20180714-1,KMAX20180714_115052_V06,9,2.417,1.200,253,0,39.937,0,0,39.937
KMAX20180714-1,KMAX20180714_115515_V06,0,0.483,1.200,180,0,169498.001,11,0,157233.528
KMAX20180714-1,KMAX20180714_115515_V06,2,0.879,1.200,183,0,29062.872,24,0,22388.507
KMAX20180714-1,KMAX20180714_115515_V06,4,1.318,1.200,183,0,954.363,13,0,882.693
KMAX20180714-1,KMAX20180714_115515_V06,8,1.802,1.200,91,0,4.441,0,0,4.441
KMAX20180714-1,KMAX20180714_115515_V06,9,2.417,1.200,91,0,15.475,0,0,15.475
KMAX20180714-2,KMAX20180714_115052_V06,0,0.483,1.200,59,0,2609.917,30,0,1055.219
KMAX20180714-2,KMAX20180714_115052_V06,2,0.879,1.200,58,0,5063.156,37,0,1669.620
KMAX20180714-2,KMAX20180714_115052_V06,4,1.318,1.200,59,0,2883.950,45,0,344.509
KMAX20180714-2,KMAX20180714_115052_V06,8,1.802,1.200,30,0,373.302,11,0,62.073
KMAX20180714-2,KMAX20180714_115052_V06,9,2.417,1.200,30,0,795.456,11,0,19.296
KMAX20180715-1,KMAX20180715_115002_V06,0,0.483,1.200,200,0,76417.487,8,0,72498.155
KMAX20180715-1,KMAX20180715_115002_V06,2,0.879,1.200,200,0,8326.507,5,0,8260.911
KMAX20180715-1,KMAX20180715_115002_V06,4,1.318,1.200,200,0,615.551,7,0,555.996
KMAX20180715-1,KMAX20180715_115002_V06,8,1.802,1.200,100,0,21.937,5,0,3.062
KMAX20180715-1,KMAX20180715_115002_V06,9,2.417,1.200,101,0,6.790,0,0,6.790
KMAX20180715-1,KMAX20180715_120120_V06,0,0.483,1.200,1270,0,73417.845,40,0,73267.551
KMAX20180715-1,KMAX20180715_120120_V06,2,0.879,1.200,1270,0,14840.485,23,0,14652.867
KMAX20180715-1,KMAX20180715_120120_V06,4,1.318,1.200,1270,0,698.053,17,0,453.299
KMAX20180715-1,KMAX20180715_120120_V06,8,1.802,1.200,640,0,36.488,6,0,10.191
KMAX20180715-1,KMAX20180715_120120_V06,9,2.417,1.200,639,0,48.881,6,0,18.060
KMAX20180715-6,KMAX20180715_131947_V06,0,0.483,1.200,297,0,65122.963,3,0,64523.214
KMAX20180715-6,KMAX20180715_131947_V06,2,0.879,1.200,297,0,10374.490,6,0,10357.565
KMAX20180715-6,KMAX20180715_131947_V06,4,1.318,1.200,299,0,434.660,5,0,406.372
KMAX20180715-6,KMAX20180715_131947_V06,8,1.802,1.200,150,0,0.448,0,0,0.448
KMAX20180715-6,KMAX20180715_131947_V06,9,2.417,1.200,149,0,11.069,0,0,11.069
KMAX20180715-6,KMAX20180715_132527_V06,0,0.483,1.200,1335,0,86589.944,47,0,64995.895
KMAX20180715-6,KMAX20180715_132527_V06,2,0.879,1.200,1337,0,25449.131,17,0,24673.592
KMAX20180715-6,KMAX20180715_132527_V06,4,1.318,1.200,1335,0,1167.548,37,0,876.536
KMAX20180715-6,KMAX20180715_132527_V06,8,1.802,1.200,671,0,46.737,4,0,28.635
KMAX20180715-6,KMAX20180715_132527_V06,9,2.417,1.200,671,0,20.309,2,0,9.887
KMAX20180715-3,KMAX20180715_122351_V06,0,0.483,1.200,330,0,88259.636,18,0,84631.709
KMAX20180715-3,KMAX20180715_122351_V06,2,0.879,1.200,334,0,16780.354,10,0,16556.023
KMAX20180715-3,KMAX20180715_122351_V06,4,1.318,1.200,332,0,286.662,10,0,246.819
KMAX20180715-3,KMAX20180715_122351_V06,8,1.802,1.200,166,0,527.227,4,0,414.812
KMAX20180715-3,KMAX20180715_122351_V06,9,2.417,1.200,168,0,16.188,0,0,16.188
KMAX20180715-4,KMAX20180715_123510_V06,0,0.483,1.200,3338,0,4680.117,163,0,4390.589
KMAX20180715-4,KMAX20180715_123510_V06,2,0.879,1.200,3338,0,2046.239,132,0,1716.282
KMAX20180715-4,KMAX20180715_123510_V06,4,1.318,1.200,3339,0,887.607,153,0,648.977
KMAX20180715-4,KMAX20180715_123510_V06,8,1.802,1.200,1667,0,69.367,20,0,34.152
KMAX20180715-4,KMAX20180715_123510_V06,9,2.417,1.200,1669,0,101.724,23,0,36.504
KMAX20180715-4,KMAX20180715_123510_V06,10,3.120,1.200,1668,0,88.722,42,0,37.387
KMAX20180715-4,KMAX20180715_123510_V06,11,3.999,1.200,1673,0,91.683,32,0,47.789
KMAX20180715-5,KMAX20180715_125205_V06,0,0.483,1.200,377,0,84862.564,8,0,84824.007
KMAX20180715-5,KMAX20180715_125205_V06,2,0.879,1.200,375,0,12522.556,20,0,8038.881
KMAX20180715-5,KMAX20180715_125205_V06,4,1.318,1.200,375,0,124.962,11,0,89.803
KMAX20180715-5,KMAX20180715_125205_V06,8,1.802,1.200,190,0,5.690,0,0,5.690
KMAX20180715-5,KMAX20180715_125205_V06,9,2.417,1.200,190,0,0.566,0,0,0.566
KMAX20180716-2,KMAX20180716_120620_V06,0,0.483,1.200,159,0,64635.027,0,0,64635.027
KMAX20180716-2,KMAX20180716_120620_V06,2,1.494,1.200,159,0,0.234,0,0,0.234
KMAX20180716-2,KMAX20180716_120620_V06,4,2.505,1.200,81,0,0.239,0,0,0.239
KMAX20180716-2,KMAX20180716_121555_V06,0,0.483,1.200,922,0,67160.535,6,0,67141.105
KMAX20180716-2,KMAX20180716_121555_V06,2,1.494,1.200,922,0,55.912,6,0,35.073
KMAX20180716-2,KMAX20180716_121555_V06,4,2.505,1.200,462,0,1.361,0,0,1.361
KMAX20180716-2,KMAX20180716_122530_V06,0,0.483,1.200,1007,0,65364.858,6,0,65348.858
KMAX20180716-2,KMAX20180716_122530_V06,2,1.494,1.200,1009,0,19.731,2,0,15.799
KMAX20180716-2,KMAX20180716_122530_V06,4,2.505,1.200,507,0,8.044,0,0,8.044
KMAX20180716-2,KMAX20180716_123504_V06,0,0.483,1.200,1265,0,72142.354,12,0,72111.318
KMAX20180716-2,KMAX20180716_123504_V06,2,1.494,1.200,1265,0,86.492,2,0,69.877
KMAX20180716-2,KMAX20180716_123504_V06,4,2.505,1.200,636,0,30.632,0,0,30.632
KMAX20180716-2,KMAX20180716_124437_V06,0,0.483,1.200,298,0,101704.171,3,0,101694.759
KMAX20180716-2,KMAX20180716_124437_V06,2,1.494,1.200,298,0,65.610,4,0,45.320
KMAX20180716-2,KMAX20180716_124437_V06,4,2.505,1.200,152,0,0.456,0,0,0.456
KMAX20180716-7,KMAX20180716_133228_V06,0,0.483,1.200,522,0,97573.275,2,0,97563.330
KMAX20180716-7,KMAX20180716_133228_V06,2,1.494,1.200,521,0,46.648,6,0,30.992
KMAX20180716-7,KMAX20180716_133228_V06,4,2.505,1.200,262,0,4.567,0,0,4.567
KMAX20180716-7,KMAX20180716_134204_V06,0,0.483,1.200,2028,1,126320.339,37,1,126176.186
KMAX20180716-7,KMAX20180716_134204_V06,2,1.494,1.200,2026,0,306.897,7,0,290.685
KMAX20180716-7,KMAX20180716_134204_V06,4,2.505,1.200,1015,0,56.241,1,0,54.061
KMAX20180716-7,KMAX20180716_140115_V06,0,0.483,1.200,329,0,110962.590,2,0,110953.314
KMAX20180716-7,KMAX20180716_140115_V06,2,1.494,1.200,330,0,24.791,0,0,24.791
KMAX20180716-7,KMAX20180716_140115_V06,4,2.505,1.200,167,0,2.792,0,0,2.792
KMAX20180716-7,KMAX20180716_141051_V06,0,0.483,1.200,1544,0,72694.428,23,0,72634.067
KMAX20180716-7,KMAX20180716_141051_V06,2,1.494,1.200,1541,0,266.598,4,0,241.840
KMAX20180716-7,KMAX20180716_141051_V06,4,2.505,1.200,772,0,40.528,1,0,38.933
KMAX20180716-6,KMAX20180716_132254_V06,0,0.483,1.200,7117,0,11942.175,786,0,11426.875
KMAX20180716-6,KMAX20180716_132254_V06,2,1.494,1.200,7117,0,193.270,59,0,162.786
KMAX20180716-6,KMAX20180716_132254_V06,4,2.505,1.200,3563,0,192.295,29,0,150.826
KMAX20180716-6,KMAX20180716_132254_V06,5,3.516,1.200,3559,0,258.503,28,0,191.962
KMAX20180717-6,KMAX20180717_122843_V06,0,0.483,1.200,124,0,109707.554,0,0,109707.554
KMAX20180717-6,KMAX20180717_122843_V06,2,0.879,1.200,124,0,25324.034,1,0,25317.870
KMAX20180717-6,KMAX20180717_122843_V06,6,1.318,1.200,124,0,836.758,0,0,836.758
KMAX20180717-6,KMAX20180717_122843_V06,8,1.802,1.200,64,0,6.515,2,0,0.181
KMAX20180717-6,KMAX20180717_122843_V06,9,2.417,1.200,62,0,0.181,0,0,0.181
KMAX20180717-6,KMAX20180717_123728_V06,0,0.483,1.200,1038,0,101419.571,30,0,101301.109
KMAX20180717-6,KMAX20180717_123728_V06,2,0.879,1.200,1039,0,35516.152,15,0,35401.023
KMAX20180717-6,KMAX20180717_123728_V06,6,1.318,1.200,1040,0,1297.334,12,0,1027.304
KMAX20180717-6,KMAX20180717_123728_V06,8,1.802,1.200,516,0,19.913,0,0,19.913
KMAX20180717-6,KMAX20180717_123728_V06,9,2.417,1.200,517,0,19.616,0,0,19.616
KMAX20180717-6,KMAX20180717_124611_V06,0,0.483,1.200,1360,0,125170.874,36,0,125018.777
KMAX20180717-6,KMAX20180717_124611_V06,2,0.879,1.200,1362,0,24440.533,24,0,24362.574
KMAX20180717-6,KMAX20180717_124611_V06,6,1.318,1.200,1364,0,1451.679,18,0,1391.040
KMAX20180717-6,KMAX20180717_124611_V06,8,1.802,1.200,678,0,64.276,6,0,36.450
KMAX20180717-6,KMAX20180717_124611_V06,9,2.417,1.200,682,0,63.329,5,0,24.546
KMAX20180717-10,KMAX20180717_132105_V06,0,0.483,1.200,144,0,121814.957,0,0,121814.957
KMAX20180717-10,KMAX20180717_132105_V06,2,0.879,1.200,144,0,19775.961,1,0,19764.998
KMAX20180717-10,KMAX20180717_132105_V06,6,1.318,1.200,143,0,800.925,2,0,752.653
KMAX20180717-10,KMAX20180717_132105_V06,8,1.802,1.200,71,0,19.619,3,0,7.806
KMAX20180717-10,KMAX20180717_132105_V06,9,2.417,1.200,71,0,9.384,1,0,3.521
KMAX20180717-10,KMAX20180717_132947_V06,0,0.483,1.200,1180,0,110622.373,56,0,109449.350
KMAX20180717-10,KMAX20180717_132947_V06,2,0.879,1.200,1181,0,25279.018,17,0,25224.116
KMAX20180717-10,KMAX20180717_132947_V06,6,1.318,1.200,1185,0,1123.106,8,0,1085.749
KMAX20180717-10,KMAX20180717_132947_V06,8,1.802,1.200,591,0,52.148,9,0,12.655
KMAX20180717-10,KMAX20180717_132947_V06,9,2.417,1.200,597,0,41.075,6,0,17.110
KMAX20180717-10,KMAX20180717_133829_V06,0,0.483,1.200,1443,0,116825.335,70,0,116649.212
KMAX20180717-10,KMAX20180717_133829_V06,2,0.879,1.200,1440,0,33006.076,25,0,32920.350
KMAX20180717-10,KMAX20180717_133829_V06,6,1.318,1.200,1443,0,1022.632,13,0,943.541
KMAX20180717-10,KMAX20180717_133829_V06,8,1.802,1.200,721,0,30.702,6,0,2.182
KMAX20180717-10,KMAX20180717_133829_V06,9,2.417,1.200,720,0,44.950,5,0,22.788
KMAX20180717-2,KMAX20180717_120232_V06,0,0.483,1.200,155,0,96133.250,2,0,96130.990
KMAX20180717-2,KMAX20180717_120232_V06,2,0.879,1.200,155,0,17788.619,1,0,17620.819
KMAX20180717-2,KMAX20180717_120232_V06,6,1.318,1.200,154,0,535.093,2,0,528.227
KMAX20180717-2,KMAX20180717_120232_V06,8,1.802,1.200,78,0,24.832,5,0,0.215
KMAX20180717-2,KMAX20180717_120232_V06,9,2.417,1.200,79,0,0.234,0,0,0.234
KMAX20180717-2,KMAX20180717_121117_V06,0,0.483,1.200,1171,0,122364.619,35,0,120162.112
KMAX20180717-2,KMAX20180717_121117_V06,2,0.879,1.200,1170,0,13550.009,13,0,13424.079
KMAX20180717-2,KMAX20180717_121117_V06,6,1.318,1.200,1171,0,826.842,10,0,792.985
KMAX20180717-2,KMAX20180717_121117_V06,8,1.802,1.200,584,0,81.395,10,0,25.335
KMAX20180717-2,KMAX20180717_121117_V06,9,2.417,1.200,588,0,28.722,5,0,6.804
KMAX20180718-13,KMAX20180718_133258_V06,0,0.483,1.200,158,0,82546.528,0,0,82546.528
KMAX20180718-13,KMAX20180718_133258_V06,2,0.879,1.200,157,0,24997.460,0,0,24997.460
KMAX20180718-13,KMAX20180718_133258_V06,4,1.318,1.200,160,0,558.597,0,0,558.597
KMAX20180718-13,KMAX20180718_133258_V06,6,1.802,1.200,80,0,13.597,1,0,9.372
KMAX20180718-13,KMAX20180718_133258_V06,7,2.417,1.200,79,0,0.234,0,0,0.234
KMAX20180718-13,KMAX20180718_134004_V06,0,0.483,1.200,1029,1,103629.061,32,1,103140.990
KMAX20180718-13,KMAX20180718_134004_V06,2,0.879,1.200,1028,0,13794.011,16,0,13697.582
KMAX20180718-13,KMAX20180718_134004_V06,4,1.318,1.200,1026,0,1477.221,6,0,1446.292
KMAX20180718-13,KMAX20180718_134004_V06,6,1.802,1.200,515,0,7.592,0,0,7.592
KMAX20180718-13,KMAX20180718_134004_V06,7,2.417,1.200,513,0,15.135,2,0,7.790
KMAX20180718-13,KMAX20180718_134710_V06,0,0.483,1.200,1113,1,144378.900,24,1,144291.328
KMAX20180718-13,KMAX20180718_134710_V06,2,0.879,1.200,1114,0,19282.174,12,0,19214.000
KMAX20180718-13,KMAX20180718_134710_V06,4,1.318,1.200,1111,4,22060.241,14,0,600.741
KMAX20180718-13,KMAX20180718_134710_V06,6,1.802,1.200,556,0,20.352,0,0,20.352
KMAX20180718-13,KMAX20180718_134710_V06,7,2.417,1.200,556,0,1.652,0,0,1.652
KMAX20180718-13,KMAX20180718_140119_V06,0,0.483,1.200,1856,1,113613.324,60,1,113416.490
KMAX20180718-13,KMAX20180718_140119_V06,2,0.879,1.200,1856,0,14176.097,18,0,14088.689
KMAX20180718-13,KMAX20180718_140119_V06,4,1.318,1.200,1852,0,847.960,16,0,798.294
KMAX20180718-13,KMAX20180718_140119_V06,6,1.802,1.200,926,0,90.068,14,0,33.402
KMAX20180718-13,KMAX20180718_140119_V06,7,2.417,1.200,927,0,30.758,4,0,14.688
KMAX20180718-13,KMAX20180718_140824_V06,0,0.483,1.200,147,0,118086.068,0,0,118086.068
KMAX20180718-13,KMAX20180718_140824_V06,2,0.879,1.200,148,0,20594.884,0,0,20594.884
KMAX20180718-13,KMAX20180718_140824_V06,4,1.318,1.200,148,0,278.925,1,0,274.435
KMAX20180718-13,KMAX20180718_140824_V06,6,1.802,1.200,74,0,0.221,0,0,0.221
KMAX20180718-13,KMAX20180718_140824_V06,7,2.417,1.200,73,0,0.219,0,0,0.219
KMAX20180718-13,KMAX20180718_141528_V06,0,0.483,1.200,1159,1,79652.347,36,1,79520.053
KMAX20180718-13,KMAX20180718_141528_V06,2,0.879,1.200,1159,0,11409.441,19,0,11324.489
KMAX20180718-13,KMAX20180718_141528_V06,4,1.318,1.200,1159,0,1745.322,15,0,975.642
KMAX20180718-13,KMAX20180718_141528_V06,6,1.802,1.200,579,0,61.394,6,0,18.672
KMAX20180718-13,KMAX20180718_141528_V06,7,2.417,1.200,579,0,56.833,6,0,33.102
KMAX20180718-2,KMAX20180718_120059_V06,0,0.483,1.200,183,1,175889.025,0,1,175889.025
KMAX20180718-2,KMAX20180718_120059_V06,2,0.879,1.200,183,0,25024.296,0,0,25024.296
KMAX20180718-2,KMAX20180718_120059_V06,4,1.318,1.200,181,0,199.208,1,0,198.124
KMAX20180718-2,KMAX20180718_120059_V06,6,1.802,1.200,91,0,7.005,0,0,7.005
KMAX20180718-2,KMAX20180718_120059_V06,7,2.417,1.200,92,0,0.272,0,0,0.272
KMAX20180718-2,KMAX20180718_120803_V06,0,0.483,1.200,975,0,174278.075,37,0,174122.345
KMAX20180718-2,KMAX20180718_120803_V06,2,0.879,1.200,975,0,19389.097,15,0,19326.756
KMAX20180718-2,KMAX20180718_120803_V06,4,1.318,1.200,977,0,456.486,11,0,371.614
KMAX20180718-2,KMAX20180718_120803_V06,6,1.802,1.200,489,0,41.187,4,0,18.611
KMAX20180718-2,KMAX20180718_120803_V06,7,2.417,1.200,487,0,4.480,1,0,1.436
KMAX20180718-2,KMAX20180718_121507_V06,0,0.483,1.200,2544,0,172603.501,123,0,172045.853
KMAX20180718-2,KMAX20180718_121507_V06,2,0.879,1.200,2547,0,22043.951,31,0,21928.514
KMAX20180718-2,KMAX20180718_121507_V06,4,1.318,1.200,2546,0,1619.813,32,0,1409.803
KMAX20180718-2,KMAX20180718_121507_V06,6,1.802,1.200,1277,0,126.371,15,0,49.858
KMAX20180718-2,KMAX20180718_121507_V06,7,2.417,1.200,1277,0,81.566,6,0,60.498
KMAX20180718-2,KMAX20180718_122212_V06,0,0.483,1.200,529,1,133603.221,8,1,133566.764
KMAX20180718-2,KMAX20180718_122212_V06,2,0.879,1.200,529,0,23448.801,15,0,23418.915
KMAX20180718-2,KMAX20180718_122212_V06,4,1.318,1.200,527,0,1441.285,9,0,1414.889
KMAX20180718-2,KMAX20180718_122212_V06,6,1.802,1.200,264,0,257.710,5,0,15.368
KMAX20180718-2,KMAX20180718_122212_V06,7,2.417,1.200,266,0,12.725,0,0,12.725
KMAX20180718-2,KMAX20180718_122916_V06,0,0.483,1.200,1623,0,121577.067,48,0,121413.505
KMAX20180718-2,KMAX20180718_122916_V06,2,0.879,1.200,1624,0,22098.725,15,0,21859.984
KMAX20180718-2,KMAX20180718_122916_V06,4,1.318,1.200,1624,0,1531.602,29,0,1446.290
KMAX20180718-2,KMAX20180718_122916_V06,6,1.802,1.200,812,0,60.454,7,0,28.804
KMAX20180718-2,KMAX20180718_122916_V06,7,2.417,1.200,815,0,73.463,3,0,52.885
KMAX20180718-2,KMAX20180718_123620_V06,0,0.483,1.200,274,2,171652.810,2,2,171644.100
KMAX20180718-2,KMAX20180718_123620_V06,2,0.879,1.200,273,0,19921.296,4,0,19910.666
KMAX20180718-2,KMAX20180718_123620_V06,4,1.318,1.200,271,0,520.042,4,0,511.611
KMAX20180718-2,KMAX20180718_123620_V06,6,1.802,1.200,137,0,0.410,0,0,0.410
KMAX20180718-2,KMAX20180718_123620_V06,7,2.417,1.200,138,0,0.414,0,0,0.414
KMAX20180718-2,KMAX20180718_124324_V06,0,0.483,1.200,1383,1,149540.633,54,1,149324.258
KMAX20180718-2,KMAX20180718_124324_V06,2,0.879,1.200,1381,0,20127.759,23,0,19878.315
KMAX20180718-2,KMAX20180718_124324_V06,4,1.318,1.200,1384,0,1524.341,20,0,1428.458
KMAX20180718-2,KMAX20180718_124324_V06,6,1.802,1.200,689,0,119.305,9,0,16.390
KMAX20180718-2,KMAX20180718_124324_V06,7,2.417,1.200,690,0,15.608,3,0,5.643
KMAX20180718-10,KMAX20180718_131143_V06,0,0.483,1.200,284,0,138270.793,5,0,138253.968
KMAX20180718-10,KMAX20180718_131143_V06,2,0.879,1.200,286,0,25874.329,1,0,25872.289
KMAX20180718-10,KMAX20180718_131143_V06,4,1.318,1.200,284,0,250.718,10,0,220.056
KMAX20180718-10,KMAX20180718_131143_V06,6,1.802,1.200,143,0,0.429,0,0,0.429
KMAX20180718-10,KMAX20180718_131143_V06,7,2.417,1.200,144,0,0.432,0,0,0.432
KMAX20180718-10,KMAX20180718_131848_V06,0,0.483,1.200,1474,0,105543.274,63,0,105369.523
KMAX20180718-10,KMAX20180718_131848_V06,2,0.879,1.200,1472,0,26301.669,20,0,26110.051
KMAX20180718-10,KMAX20180718_131848_V06,4,1.318,1.200,1474,0,1286.374,16,0,1201.673
KMAX20180718-10,KMAX20180718_131848_V06,6,1.802,1.200,735,0,67.641,7,0,31.294
KMAX20180718-10,KMAX20180718_131848_V06,7,2.417,1.200,736,0,11.833,0,0,11.833
KMAX20180718-7,KMAX20180718_123620_V06,0,0.483,1.200,2539,0,3860.140,129,0,3695.772
KMAX20180718-7,KMAX20180718_123620_V06,2,0.879,1.200,2537,0,1520.455,179,0,1437.184
KMAX20180718-7,KMAX20180718_123620_V06,4,1.318,1.200,2540,0,506.679,85,0,450.601
KMAX20180718-7,KMAX20180718_123620_V06,6,1.802,1.200,1265,0,15.122,9,0,4.879
KMAX20180718-7,KMAX20180718_123620_V06,7,2.417,1.200,1266,0,19.713,11,0,11.364
KMAX20180718-7,KMAX20180718_123620_V06,8,3.120,1.200,1265,0,25.650,6,0,22.099
KMAX20180718-7,KMAX20180718_123620_V06,9,3.999,1.200,1264,0,30.869,22,0,14.759
KMAX20180718-7,KMAX20180718_123620_V06,10,5.098,1.200,1272,0,37.963,13,0,27.212
KMAX20180718-9,KMAX20180718_124324_V06,0,0.483,1.200,6313,0,21082.457,340,0,20201.990
KMAX20180718-9,KMAX20180718_124324_V06,2,0.879,1.200,6316,0,887.380,124,0,673.732
KMAX20180718-9,KMAX20180718_124324_V06,4,1.318,1.200,6317,0,250.132,55,0,174.092
KMAX20180718-9,KMAX20180718_124324_V06,6,1.802,1.200,3158,0,46.484,5,0,25.382
KMAX20180718-9,KMAX20180718_124324_V06,7,2.417,1.200,3160,0,31.238,0,0,31.238
KMAX20180718-9,KMAX20180718_124324_V06,8,3.120,1.200,3165,0,9.919,0,0,9.919
KMAX20180719-1,KMAX20180719_120446_V06,0,0.483,1.200,449,0,252735.412,14,0,252585.338
KMAX20180719-1,KMAX20180719_120446_V06,2,1.494,1.200,449,0,813.844,1,0,809.032
KMAX20180719-1,KMAX20180719_120446_V06,4,2.505,1.200,227,0,8.952,0,0,8.952
KMAX20180719-1,KMAX20180719_121420_V06,0,0.483,1.200,2157,0,199011.737,79,0,198496.333
KMAX20180719-1,KMAX20180719_121420_V06,2,1.494,1.200,2159,0,683.437,15,0,414.795
KMAX20180719-1,KMAX20180719_121420_V06,4,2.505,1.200,1084,0,64.060,2,0,57.880
KMAX20180719-1,KMAX20180719_122355_V06,0,0.483,1.200,492,4,354892.154,9,4,354514.682
KMAX20180719-1,KMAX20180719_122355_V06,2,1.494,1.200,494,0,1584.804,6,0,1563.650
KMAX20180719-1,KMAX20180719_122355_V06,4,2.505,1.200,247,0,5.648,0,0,5.648
KMAX20180719-5,KMAX20180719_134036_V06,0,0.483,1.200,214,0,291348.226,3,0,256261.540
KMAX20180719-5,KMAX20180719_134036_V06,2,1.494,1.200,216,0,46.856,0,0,46.856
KMAX20180719-5,KMAX20180719_134036_V06,4,2.505,1.200,108,0,8.435,0,0,8.435
KMAX20180719-5,KMAX20180719_135010_V06,0,0.483,1.200,1368,0,180701.051,42,0,175337.395
KMAX20180719-5,KMAX20180719_135010_V06,2,1.494,1.200,1366,0,350.765,7,0,311.069
KMAX20180719-5,KMAX20180719_135010_V06,4,2.505,1.200,682,0,67.862,1,0,63.283
KMAX20180719-5,KMAX20180719_140920_V06,0,0.483,1.200,139,0,102928.105,0,0,102928.105
KMAX20180719-5,KMAX20180719_140920_V06,2,1.494,1.200,140,0,46.062,0,0,46.062
KMAX20180719-5,KMAX20180719_140920_V06,4,2.505,1.200,70,0,0.207,0,0,0.207
KMAX20180719-5,KMAX20180719_141855_V06,0,0.483,1.200,1159,0,131502.531,11,0,129038.013
KMAX20180719-5,KMAX20180719_141855_V06,2,1.494,1.200,1162,0,90.266,5,0,74.168
KMAX20180719-5,KMAX20180719_141855_V06,4,2.505,1.200,584,0,24.234,1,0,19.655
KMAX20180720-5,KMAX20180720_122753_V06,0,0.483,1.200,134,0,72997.405,0,0,72997.405
KMAX20180720-5,KMAX20180720_122753_V06,2,1.494,1.200,135,0,219.596,3,0,171.612
KMAX20180720-5,KMAX20180720_122753_V06,4,2.505,1.200,68,0,0.203,0,0,0.203
KMAX20180720-5,KMAX20180720_123729_V06,0,0.483,1.200,990,0,68444.448,6,0,68425.140
KMAX20180720-5,KMAX20180720_123729_V06,2,1.494,1.200,985,0,91.041,4,0,81.072
KMAX20180720-5,KMAX20180720_123729_V06,4,2.505,1.200,498,0,35.988,1,0,32.855
KMAX20180720-5,KMAX20180720_124705_V06,0,0.483,1.200,1105,0,61841.289,12,0,61800.974
KMAX20180720-5,KMAX20180720_124705_V06,2,1.494,1.200,1110,0,229.832,2,0,200.112
KMAX20180720-5,KMAX20180720_124705_V06,4,2.505,1.200,554,0,18.957,0,0,18.957
KMAX20180720-5,KMAX20180720_130615_V06,0,0.483,1.200,1796,0,58675.952,27,0,58059.305
KMAX20180720-5,KMAX20180720_130615_V06,2,1.494,1.200,1802,0,121.940,9,0,101.217
KMAX20180720-5,KMAX20180720_130615_V06,4,2.505,1.200,900,0,21.053,0,0,21.053
KMAX20180720-5,KMAX20180720_131550_V06,0,0.483,1.200,332,0,75969.604,1,0,73967.003
KMAX20180720-5,KMAX20180720_131550_V06,2,1.494,1.200,335,0,69.891,3,0,50.156
KMAX20180720-5,KMAX20180720_131550_V06,4,2.505,1.200,166,0,5.246,1,0,3.270
KMAX20180720-5,KMAX20180720_132524_V06,0,0.483,1.200,2247,0,55356.793,38,0,54050.964
KMAX20180720-5,KMAX20180720_132524_V06,2,1.494,1.200,2248,0,241.151,17,0,179.737
KMAX20180720-5,KMAX20180720_132524_V06,4,2.505,1.200,1123,0,18.632,0,0,18.632
KMAX20180720-9,KMAX20180720_133459_V06,0,0.483,1.200,123,0,62328.097,1,0,62310.356
KMAX20180720-9,KMAX20180720_133459_V06,2,1.494,1.200,123,0,182.470,0,0,182.470
KMAX20180720-9,KMAX20180720_133459_V06,4,2.505,1.200,61,0,8.511,0,0,8.511
KMAX20180720-9,KMAX20180720_134434_V06,0,0.483,1.200,1116,0,64600.274,17,0,64543.262
KMAX20180720-9,KMAX20180720_134434_V06,2,1.494,1.200,1117,0,205.869,1,0,204.875
KMAX20180720-9,KMAX20180720_134434_V06,4,2.505,1.200,554,0,43.744,1,0,41.551
KMAX20180720-9,KMAX20180720_140344_V06,0,0.483,1.200,1164,0,94720.773,11,0,94644.657
KMAX20180720-9,KMAX20180720_140344_V06,2,1.494,1.200,1166,0,97.401,3,0,79.445
KMAX20180720-9,KMAX20180720_140344_V06,4,2.505,1.200,587,0,21.039,0,0,21.039
KMAX20180720-1,KMAX20180720_120844_V06,0,0.483,1.200,105,0,77564.949,0,0,77564.949
KMAX20180720-1,KMAX20180720_120844_V06,2,1.494,1.200,106,0,77.888,0,0,77.888
KMAX20180720-1,KMAX20180720_120844_V06,4,2.505,1.200,54,0,0.160,0,0,0.160
KMAX20180720-1,KMAX20180720_121818_V06,0,0.483,1.200,1041,0,124644.739,17,0,124143.839
KMAX20180720-1,KMAX20180720_121818_V06,2,1.494,1.200,1043,0,343.653,6,0,325.791
KMAX20180720-1,KMAX20180720_121818_V06,4,2.505,1.200,520,0,51.006,0,0,51.006
KMAX20180721-1,KMAX20180721_120333_V06,0,0.483,1.200,708,1,210723.664,12,1,210673.778
KMAX20180721-1,KMAX20180721_120333_V06,2,0.879,1.200,708,0,43146.328,18,0,43007.407
KMAX20180721-1,KMAX20180721_120333_V06,6,1.318,1.200,711,0,1025.182,10,0,998.198
KMAX20180721-1,KMAX20180721_120333_V06,8,1.802,1.200,354,0,11.536,0,0,11.536
KMAX20180721-1,KMAX20180721_120333_V06,9,2.417,1.200,354,0,1.075,0,0,1.075
KMAX20180721-1,KMAX20180721_121217_V06,0,0.483,1.200,1983,0,274173.493,70,0,272123.793
KMAX20180721-1,KMAX20180721_121217_V06,2,0.879,1.200,1983,0,47208.519,44,0,47065.929
KMAX20180721-1,KMAX20180721_121217_V06,6,1.318,1.200,1985,0,1418.990,30,0,1227.923
KMAX20180721-1,KMAX20180721_121217_V06,8,1.802,1.200,992,0,50.368,5,0,25.280
KMAX20180721-1,KMAX20180721_121217_V06,9,2.417,1.200,993,0,37.543,7,0,6.568
KMAX20180721-1,KMAX20180721_122100_V06,0,0.483,1.200,349,0,268727.586,3,0,268708.352
KMAX20180721-1,KMAX20180721_122100_V06,2,0.879,1.200,349,0,35547.558,3,0,35543.870
KMAX20180721-1,KMAX20180721_122100_V06,6,1.318,1.200,351,0,6971.320,5,0,6961.736
KMAX20180721-1,KMAX20180721_122100_V06,8,1.802,1.200,175,0,7.785,2,0,0.516
KMAX20180721-1,KMAX20180721_122100_V06,9,2.417,1.200,173,0,8.814,1,0,3.711
KMAX20180721-1,KMAX20180721_123139_V06,0,0.483,1.200,1730,2,231625.359,45,2,231486.596
KMAX20180721-1,KMAX20180721_123139_V06,2,0.879,1.200,1732,0,60134.523,27,0,59969.764
KMAX20180721-1,KMAX20180721_123139_V06,6,1.318,1.200,1734,0,4081.585,17,0,3977.240
KMAX20180721-1,KMAX20180721_123139_V06,8,1.802,1.200,865,0,47.962,6,0,16.972
KMAX20180721-1,KMAX20180721_123139_V06,9,2.417,1.200,873,0,29.893,7,0,10.451
KMAX20180721-1,KMAX20180721_124022_V06,0,0.483,1.200,3757,1,168931.283,116,1,168082.398
KMAX20180721-1,KMAX20180721_124022_V06,2,0.879,1.200,3756,0,21704.607,68,0,21465.024
KMAX20180721-1,KMAX20180721_124022_V06,6,1.318,1.200,3755,0,3446.879,79,0,3101.933
KMAX20180721-1,KMAX20180721_124022_V06,8,1.802,1.200,1880,0,106.231,15,0,47.826
KMAX20180721-1,KMAX20180721_124022_V06,9,2.417,1.200,1882,0,90.303,6,0,54.943
KMAX20180721-1,KMAX20180721_124905_V06,0,0.483,1.200,562,2,170269.963,14,2,170151.565
KMAX20180721-1,KMAX20180721_124905_V06,2,0.879,1.200,561,0,29234.931,6,0,29222.717
KMAX20180721-1,KMAX20180721_124905_V06,6,1.318,1.200,562,0,689.192,2,0,684.962
KMAX20180721-1,KMAX20180721_124905_V06,8,1.802,1.200,281,0,9.380,0,0,9.380
KMAX20180721-1,KMAX20180721_124905_V06,9,2.417,1.200,281,0,15.198,0,0,15.198
KMAX20180721-8,KMAX20180721_131517_V06,0,0.483,1.200,351,0,207712.447,5,0,207660.135
KMAX20180721-8,KMAX20180721_131517_V06,2,0.879,1.200,352,0,55620.928,4,0,55611.172
KMAX20180721-8,KMAX20180721_131517_V06,6,1.318,1.200,351,0,2071.678,5,0,2065.000
KMAX20180721-8,KMAX20180721_131517_V06,8,1.802,1.200,174,0,18.583,5,0,0.510
KMAX20180721-8,KMAX20180721_131517_V06,9,2.417,1.200,173,0,18.574,0,0,18.574
KMAX20180721-8,KMAX20180721_132400_V06,0,0.483,1.200,1700,2,203822.656,43,2,203235.618
KMAX20180721-8,KMAX20180721_132400_V06,2,0.879,1.200,1701,0,41473.851,23,0,41407.771
KMAX20180721-8,KMAX20180721_132400_V06,6,1.318,1.200,1700,0,671.570,8,0,619.882
KMAX20180721-8,KMAX20180721_132400_V06,8,1.802,1.200,853,0,58.372,8,0,20.240
KMAX20180721-8,KMAX20180721_132400_V06,9,2.417,1.200,848,0,38.191,1,0,34.513
KMAX20180721-8,KMAX20180721_133244_V06,0,0.483,1.200,319,0,184080.671,1,0,184079.051
KMAX20180721-8,KMAX20180721_133244_V06,2,0.879,1.200,321,0,25725.388,9,0,25687.377
KMAX20180721-8,KMAX20180721_133244_V06,6,1.318,1.200,319,0,2067.946,5,0,2056.037
KMAX20180721-8,KMAX20180721_133244_V06,8,1.802,1.200,160,0,18.932,4,0,0.468
KMAX20180721-8,KMAX20180721_133244_V06,9,2.417,1.200,159,0,17.896,1,0,14.676
KMAX20180721-8,KMAX20180721_134128_V06,0,0.483,1.200,1629,1,220753.250,32,1,215138.009
KMAX20180721-8,KMAX20180721_134128_V06,2,0.879,1.200,1631,0,37033.570,28,0,36926.080
KMAX20180721-8,KMAX20180721_134128_V06,6,1.318,1.200,1630,0,607.632,20,0,490.713
KMAX20180721-8,KMAX20180721_134128_V06,8,1.802,1.200,810,0,56.324,7,0,20.238
KMAX20180721-8,KMAX20180721_134128_V06,9,2.417,1.200,814,0,39.986,1,0,33.329
KMAX20180722-1,KMAX20180722_120819_V06,0,0.483,1.200,334,0,183671.355,1,0,183665.540
KMAX20180722-1,KMAX20180722_120819_V06,2,0.879,1.200,333,0,50213.851,6,0,50181.757
KMAX20180722-1,KMAX20180722_120819_V06,6,1.318,1.200,334,0,1085.874,9,0,1068.207
KMAX20180722-1,KMAX20180722_120819_V06,8,1.802,1.200,167,0,9.831,0,0,9.831
KMAX20180722-1,KMAX20180722_120819_V06,9,2.417,1.200,168,0,5.997,0,0,5.997
KMAX20180722-1,KMAX20180722_121703_V06,0,0.483,1.200,1229,0,147173.635,22,0,147084.223
KMAX20180722-1,KMAX20180722_121703_V06,2,0.879,1.200,1230,0,29657.849,24,0,29521.802
KMAX20180722-1,KMAX20180722_121703_V06,6,1.318,1.200,1230,0,1973.081,9,0,1642.031
KMAX20180722-1,KMAX20180722_121703_V06,8,1.802,1.200,615,0,28.512,4,0,13.153
KMAX20180722-1,KMAX20180722_121703_V06,9,2.417,1.200,617,0,21.137,4,0,1.813
KMAX20180722-1,KMAX20180722_122546_V06,0,0.483,1.200,1414,0,138640.468,28,0,138530.750
KMAX20180722-1,KMAX20180722_122546_V06,2,0.879,1.200,1413,0,34645.657,23,0,34532.044
KMAX20180722-1,KMAX20180722_122546_V06,6,1.318,1.200,1409,0,774.655,14,0,641.360
KMAX20180722-1,KMAX20180722_122546_V06,8,1.802,1.200,707,0,87.412,7,0,53.677
KMAX20180722-1,KMAX20180722_122546_V06,9,2.417,1.200,708,0,32.338,0,0,32.338
KMAX20180722-6,KMAX20180722_130234_V06,0,0.483,1.200,531,0,188179.169,6,0,187964.871
KMAX20180722-6,KMAX20180722_130234_V06,2,0.879,1.200,531,0,51292.978,9,0,51266.635
KMAX20180722-6,KMAX20180722_130234_V06,6,1.318,1.200,530,0,1104.017,10,0,1051.408
KMAX20180722-6,KMAX20180722_130234_V06,8,1.802,1.200,265,0,17.297,2,0,7.778
KMAX20180722-6,KMAX20180722_130234_V06,9,2.417,1.200,265,0,72.141,9,0,29.090
KMAX20180722-6,KMAX20180722_131116_V06,0,0.483,1.200,1809,1,215006.550,61,1,214678.434
KMAX20180722-6,KMAX20180722_131116_V06,2,0.879,1.200,1808,0,58812.716,34,0,58677.371
KMAX20180722-6,KMAX20180722_131116_V06,6,1.318,1.200,1808,0,3750.957,37,0,3514.534
KMAX20180722-6,KMAX20180722_131116_V06,8,1.802,1.200,902,0,133.756,6,0,90.241
KMAX20180722-6,KMAX20180722_131116_V06,9,2.417,1.200,903,0,103.287,11,0,51.561
KMAX20180722-6,KMAX20180722_132000_V06,0,0.483,1.200,557,1,269545.518,10,1,269433.837
KMAX20180722-6,KMAX20180722_132000_V06,2,0.879,1.200,559,0,30563.194,14,0,30524.283
KMAX20180722-6,KMAX20180722_132000_V06,6,1.318,1.200,558,0,842.768,11,0,806.672
KMAX20180722-6,KMAX20180722_132000_V06,8,1.802,1.200,278,0,15.688,1,0,9.184
KMAX20180722-6,KMAX20180722_132000_V06,9,2.417,1.200,276,0,27.620,3,0,13.951
KMAX20180722-6,KMAX20180722_132842_V06,0,0.483,1.200,1754,1,233485.672,53,1,233265.036
KMAX20180722-6,KMAX20180722_132842_V06,2,0.879,1.200,1753,0,34650.798,43,0,34465.503
KMAX20180722-6,KMAX20180722_132842_V06,6,1.318,1.200,1754,0,3206.017,34,0,3036.446
KMAX20180722-6,KMAX20180722_132842_V06,8,1.802,1.200,882,0,86.918,8,0,57.904
KMAX20180722-6,KMAX20180722_132842_V06,9,2.417,1.200,882,0,64.070,8,0,38.711
KMAX20180722-6,KMAX20180722_133724_V06,0,0.483,1.200,560,0,172667.468,11,0,172634.426
KMAX20180722-6,KMAX20180722_133724_V06,2,0.879,1.200,559,0,15583.954,15,0,15525.466
KMAX20180722-6,KMAX20180722_133724_V06,6,1.318,1.200,562,0,3486.713,11,0,2087.767
KMAX20180722-6,KMAX20180722_133724_V06,8,1.802,1.200,281,0,8.375,0,0,8.375
KMAX20180722-6,KMAX20180722_133724_V06,9,2.417,1.200,279,0,16.990,1,0,13.312
KMAX20180722-6,KMAX20180722_134609_V06,0,0.483,1.200,2277,1,246537.935,68,1,230314.546
KMAX20180722-6,KMAX20180722_134609_V06,2,0.879,1.200,2276,0,60875.617,51,0,60662.440
KMAX20180722-6,KMAX20180722_134609_V06,6,1.318,1.200,2280,0,1656.185,23,0,1551.818
KMAX20180722-6,KMAX20180722_134609_V06,8,1.802,1.200,1141,0,168.467,14,0,97.645
KMAX20180722-6,KMAX20180722_134609_V06,9,2.417,1.200,1139,0,107.785,4,0,50.350
KMAX20180722-6,KMAX20180722_140336_V06,0,0.483,1.200,508,0,134273.452,12,0,134176.001
KMAX20180722-6,KMAX20180722_140336_V06,2,0.879,1.200,507,0,29585.240,16,0,29523.873
KMAX20180722-6,KMAX20180722_140336_V06,6,1.318,1.200,508,0,1097.152,5,0,1055.347
KMAX20180722-6,KMAX20180722_140336_V06,8,1.802,1.200,255,0,38.620,0,0,38.620
KMAX20180722-6,KMAX20180722_140336_V06,9,2.417,1.200,254,0,25.614,4,0,0.748
KMAX20180722-6,KMAX20180722_141219_V06,0,0.483,1.200,1605,0,256278.391,68,0,255987.608
KMAX20180722-6,KMAX20180722_141219_V06,2,0.879,1.200,1604,0,33137.030,43,0,32880.550
KMAX20180722-6,KMAX20180722_141219_V06,6,1.318,1.200,1606,0,1461.739,31,0,1257.798
KMAX20180722-6,KMAX20180722_141219_V06,8,1.802,1.200,805,0,33.487,2,0,26.509
KMAX20180722-6,KMAX20180722_141219_V06,9,2.417,1.200,806,0,58.511,1,0,55.271
KMAX20180723-2,KMAX20180723_120605_V06,0,0.483,1.200,147,0,145006.695,0,0,145006.695
KMAX20180723-2,KMAX20180723_120605_V06,2,0.879,1.200,146,0,19362.695,2,0,19359.234
KMAX20180723-2,KMAX20180723_120605_V06,6,1.318,1.200,147,0,1092.901,2,0,1089.845
KMAX20180723-2,KMAX20180723_120605_V06,8,1.802,1.200,73,0,0.212,0,0,0.212
KMAX20180723-2,KMAX20180723_120605_V06,9,2.417,1.200,72,0,0.209,0,0,0.209
KMAX20180723-2,KMAX20180723_120605_V06,10,3.120,1.200,75,0,0.218,0,0,0.218
KMAX20180723-2,KMAX20180723_121449_V06,0,0.483,1.200,896,0,156200.809,20,0,156148.983
KMAX20180723-2,KMAX20180723_121449_V06,2,0.879,1.200,899,0,18003.406,13,0,17939.775
KMAX20180723-2,KMAX20180723_121449_V06,6,1.318,1.200,901,0,859.956,14,0,806.061
KMAX20180723-2,KMAX20180723_121449_V06,8,1.802,1.200,448,0,47.823,4,0,34.197
KMAX20180723-2,KMAX20180723_121449_V06,9,2.417,1.200,452,0,14.311,0,0,14.311
KMAX20180723-2,KMAX20180723_122333_V06,0,0.483,1.200,1042,0,122434.305,23,0,122351.849
KMAX20180723-2,KMAX20180723_122333_V06,2,0.879,1.200,1044,0,20178.871,17,0,19966.497
KMAX20180723-2,KMAX20180723_122333_V06,6,1.318,1.200,1046,0,1527.600,9,0,1494.927
KMAX20180723-2,KMAX20180723_122333_V06,8,1.802,1.200,525,0,33.616,7,0,1.524
KMAX20180723-2,KMAX20180723_122333_V06,9,2.417,1.200,524,0,28.976,2,0,13.107
KMAX20180723-5,KMAX20180723_131750_V06,0,0.483,1.200,504,1,113890.008,4,1,113879.178
KMAX20180723-5,KMAX20180723_131750_V06,2,0.879,1.200,505,0,26544.395,9,0,26516.328
KMAX20180723-5,KMAX20180723_131750_V06,6,1.318,1.200,504,0,1589.423,2,0,1510.692
KMAX20180723-5,KMAX20180723_131750_V06,8,1.802,1.200,253,0,7.608,1,0,4.773
KMAX20180723-5,KMAX20180723_131750_V06,9,2.417,1.200,252,0,22.834,5,0,0.732
KMAX20180723-5,KMAX20180723_132635_V06,0,0.483,1.200,2364,1,120688.019,53,1,120451.229
KMAX20180723-5,KMAX20180723_132635_V06,2,0.879,1.200,2363,0,19519.315,40,0,19407.228
KMAX20180723-5,KMAX20180723_132635_V06,6,1.318,1.200,2365,0,1281.830,30,0,1121.065
KMAX20180723-5,KMAX20180723_132635_V06,8,1.802,1.200,1181,0,73.311,2,0,58.676
KMAX20180723-5,KMAX20180723_132635_V06,9,2.417,1.200,1183,0,91.618,12,0,28.567
KMAX20180723-5,KMAX20180723_133519_V06,0,0.483,1.200,231,0,98297.926,1,0,98290.687
KMAX20180723-5,KMAX20180723_133519_V06,2,0.879,1.200,231,0,39351.688,2,0,39341.797
KMAX20180723-5,KMAX20180723_133519_V06,6,1.318,1.200,233,0,854.026,1,0,852.892
KMAX20180723-5,KMAX20180723_133519_V06,8,1.802,1.200,116,0,15.945,0,0,15.945
KMAX20180723-5,KMAX20180723_133519_V06,9,2.417,1.200,116,0,0.350,0,0,0.350
KMAX20180723-5,KMAX20180723_134404_V06,0,0.483,1.200,1413,0,83700.913,37,0,83559.768
KMAX20180723-5,KMAX20180723_134404_V06,2,0.879,1.200,1414,0,13003.526,15,0,12963.441
KMAX20180723-5,KMAX20180723_134404_V06,6,1.318,1.200,1414,0,972.282,10,0,938.747
KMAX20180723-5,KMAX20180723_134404_V06,8,1.802,1.200,707,0,61.185,9,0,25.315
KMAX20180723-5,KMAX20180723_134404_V06,9,2.417,1.200,707,0,10.854,0,0,10.854
KMAX20180724-8,KMAX20180724_131323_V06,0,0.483,1.200,166,0,91441.107,2,0,90503.294
KMAX20180724-8,KMAX20180724_131323_V06,2,0.879,1.200,168,0,30662.898,4,0,29586.071
KMAX20180724-8,KMAX20180724_131323_V06,6,1.318,1.200,169,0,776.928,5,0,762.289
KMAX20180724-8,KMAX20180724_131323_V06,8,1.802,1.200,82,0,9.463,0,0,9.463
KMAX20180724-8,KMAX20180724_131323_V06,9,2.417,1.200,82,0,17.257,1,0,13.381
KMAX20180724-8,KMAX20180724_132204_V06,0,0.483,1.200,1075,0,139020.001,30,0,138850.355
KMAX20180724-8,KMAX20180724_132204_V06,2,0.879,1.200,1073,0,21568.919,16,0,21506.435
KMAX20180724-8,KMAX20180724_132204_V06,6,1.318,1.200,1075,0,1250.384,17,0,1010.029
KMAX20180724-8,KMAX20180724_132204_V06,8,1.802,1.200,537,0,31.442,3,0,17.905
KMAX20180724-8,KMAX20180724_132204_V06,9,2.417,1.200,538,0,11.463,1,0,5.988
KMAX20180724-8,KMAX20180724_133046_V06,0,0.483,1.200,1159,0,150298.420,35,0,150166.913
KMAX20180724-8,KMAX20180724_133046_V06,2,0.879,1.200,1155,0,17187.537,28,0,16412.648
KMAX20180724-8,KMAX20180724_133046_V06,6,1.318,1.200,1158,0,897.908,6,0,794.619
KMAX20180724-8,KMAX20180724_133046_V06,8,1.802,1.200,582,0,70.285,2,0,60.543
KMAX20180724-8,KMAX20180724_133046_V06,9,2.417,1.200,580,0,22.348,1,0,18.853
KMAX20180724-8,KMAX20180724_133929_V06,0,0.483,1.200,1470,0,124303.438,43,0,124165.456
KMAX20180724-8,KMAX20180724_133929_V06,2,0.879,1.200,1470,0,22432.628,32,0,22159.071
KMAX20180724-8,KMAX20180724_133929_V06,6,1.318,1.200,1468,0,1708.673,14,0,1510.663
KMAX20180724-8,KMAX20180724_133929_V06,8,1.802,1.200,737,0,53.267,3,0,38.181
KMAX20180724-8,KMAX20180724_133929_V06,9,2.417,1.200,733,0,22.814,3,0,10.313
KMAX20180724-8,KMAX20180724_134810_V06,0,0.483,1.200,1263,0,124063.306,45,0,123418.439
KMAX20180724-8,KMAX20180724_134810_V06,2,0.879,1.200,1263,0,37707.824,37,0,33624.749
KMAX20180724-8,KMAX20180724_134810_V06,6,1.318,1.200,1267,0,4215.833,16,0,3596.293
KMAX20180724-8,KMAX20180724_134810_V06,8,1.802,1.200,633,0,86.444,7,0,25.350
KMAX20180724-8,KMAX20180724_134810_V06,9,2.417,1.200,632,0,1.937,0,0,1.937
KMAX20180724-8,KMAX20180724_140533_V06,0,0.483,1.200,1321,0,106619.039,53,0,106345.110
KMAX20180724-8,KMAX20180724_140533_V06,2,0.879,1.200,1322,0,25016.338,22,0,24934.957
KMAX20180724-8,KMAX20180724_140533_V06,6,1.318,1.200,1323,0,663.057,12,0,599.000
KMAX20180724-8,KMAX20180724_140533_V06,8,1.802,1.200,662,0,62.572,8,0,10.714
KMAX20180724-8,KMAX20180724_140533_V06,9,2.417,1.200,665,0,37.177,4,0,20.084
KMAX20180724-8,KMAX20180724_141416_V06,0,0.483,1.200,641,0,115273.966,18,0,115192.983
KMAX20180724-8,KMAX20180724_141416_V06,2,0.879,1.200,640,0,17430.939,14,0,17388.955
KMAX20180724-8,KMAX20180724_141416_V06,6,1.318,1.200,638,0,862.896,8,0,812.148
KMAX20180724-8,KMAX20180724_141416_V06,8,1.802,1.200,320,0,30.141,5,0,7.448
KMAX20180724-8,KMAX20180724_141416_V06,9,2.417,1.200,320,0,0.969,0,0,0.969
KMAX20180724-1,KMAX20180724_120405_V06,0,0.483,1.200,577,0,98715.829,6,0,98673.874
KMAX20180724-1,KMAX20180724_120405_V06,2,0.879,1.200,576,0,18644.835,7,0,18614.248
KMAX20180724-1,KMAX20180724_120405_V06,6,1.318,1.200,578,0,915.601,2,0,901.618
KMAX20180724-1,KMAX20180724_120405_V06,8,1.802,1.200,291,0,33.012,3,0,18.980
KMAX20180724-1,KMAX20180724_120405_V06,9,2.417,1.200,290,0,0.860,0,0,0.860
KMAX20180724-1,KMAX20180724_121238_V06,0,0.483,1.200,1681,0,172437.718,41,0,167524.006
KMAX20180724-1,KMAX20180724_121238_V06,2,0.879,1.200,1681,0,36621.937,17,0,36537.374
KMAX20180724-1,KMAX20180724_121238_V06,6,1.318,1.200,1682,0,2413.632,16,0,2327.814
KMAX20180724-1,KMAX20180724_121238_V06,8,1.802,1.200,841,0,118.162,13,0,34.553
KMAX20180724-1,KMAX20180724_121238_V06,9,2.417,1.200,839,0,20.492,0,0,20.492
KMAX20180724-1,KMAX20180724_122119_V06,0,0.483,1.200,712,0,148561.501,21,0,148472.950
KMAX20180724-1,KMAX20180724_122119_V06,2,0.879,1.200,713,0,26092.029,8,0,26041.877
KMAX20180724-1,KMAX20180724_122119_V06,6,1.318,1.200,714,0,2557.758,7,0,2500.205
KMAX20180724-1,KMAX20180724_122119_V06,8,1.802,1.200,355,0,77.960,2,0,15.747
KMAX20180724-1,KMAX20180724_122119_V06,9,2.417,1.200,356,0,55.947,3,0,14.040
KMAX20180724-1,KMAX20180724_123002_V06,0,0.483,1.200,2683,0,136058.519,59,0,135827.528
KMAX20180724-1,KMAX20180724_123002_V06,2,0.879,1.200,2683,0,41053.163,39,0,40867.247
KMAX20180724-1,KMAX20180724_123002_V06,6,1.318,1.200,2684,0,4216.833,31,0,3428.534
KMAX20180724-1,KMAX20180724_123002_V06,8,1.802,1.200,1344,0,49.635,7,0,20.783
KMAX20180724-1,KMAX20180724_123002_V06,9,2.417,1.200,1343,0,26.522,4,0,11.118
KMAX20180724-1,KMAX20180724_123836_V06,0,0.483,1.200,319,0,144089.850,7,0,144047.113
KMAX20180724-1,KMAX20180724_123836_V06,2,0.879,1.200,318,0,30472.051,6,0,30128.379
KMAX20180724-1,KMAX20180724_123836_V06,6,1.318,1.200,319,0,1210.632,3,0,1175.336
KMAX20180724-1,KMAX20180724_123836_V06,8,1.802,1.200,157,0,34.656,6,0,3.496
KMAX20180724-1,KMAX20180724_123836_V06,9,2.417,1.200,158,0,0.477,0,0,0.477
KMAX20180724-1,KMAX20180724_124717_V06,0,0.483,1.200,1547,0,152942.718,33,0,150964.350
KMAX20180724-1,KMAX20180724_124717_V06,2,0.879,1.200,1549,0,51097.900,17,0,51014.095
KMAX20180724-1,KMAX20180724_124717_V06,6,1.318,1.200,1549,0,3254.594,26,0,2077.079
KMAX20180724-1,KMAX20180724_124717_V06,8,1.802,1.200,775,0,49.550,6,0,15.879
KMAX20180724-1,KMAX20180724_124717_V06,9,2.417,1.200,777,0,71.085,8,0,28.297
KMAX20180725-1,KMAX20180725_120448_V06,0,0.483,1.200,498,0,162502.682,9,0,162457.183
KMAX20180725-1,KMAX20180725_120448_V06,2,0.879,1.200,499,0,42612.281,14,0,42557.564
KMAX20180725-1,KMAX20180725_120448_V06,6,1.318,1.200,497,0,1978.348,4,0,1970.167
KMAX20180725-1,KMAX20180725_120448_V06,8,1.802,1.200,251,0,23.976,4,0,8.557
KMAX20180725-1,KMAX20180725_120448_V06,9,2.417,1.200,249,0,15.697,1,0,11.119
KMAX20180725-1,KMAX20180725_121330_V06,0,0.483,1.200,1604,0,206328.997,47,0,206212.317
KMAX20180725-1,KMAX20180725_121330_V06,2,0.879,1.200,1604,0,69391.425,18,0,68443.785
KMAX20180725-1,KMAX20180725_121330_V06,6,1.318,1.200,1605,0,2193.128,14,0,2124.616
KMAX20180725-1,KMAX20180725_121330_V06,8,1.802,1.200,803,0,83.272,6,0,49.920
KMAX20180725-1,KMAX20180725_121330_V06,9,2.417,1.200,806,0,17.765,1,0,14.174
KMAX20180725-1,KMAX20180725_122212_V06,0,0.483,1.200,535,0,115458.682,8,0,115423.573
KMAX20180725-1,KMAX20180725_122212_V06,2,0.879,1.200,535,0,49575.672,5,0,49557.802
KMAX20180725-1,KMAX20180725_122212_V06,6,1.318,1.200,534,0,867.204,6,0,825.212
KMAX20180725-1,KMAX20180725_122212_V06,8,1.802,1.200,267,0,29.864,3,0,14.089
KMAX20180725-1,KMAX20180725_122212_V06,9,2.417,1.200,267,0,42.652,5,0,12.248
KMAX20180725-1,KMAX20180725_123054_V06,0,0.483,1.200,1801,0,227704.882,45,0,227516.076
KMAX20180725-1,KMAX20180725_123054_V06,2,0.879,1.200,1804,0,27319.059,30,0,27095.868
KMAX20180725-1,KMAX20180725_123054_V06,6,1.318,1.200,1807,0,1655.547,11,0,1593.209
KMAX20180725-1,KMAX20180725_123054_V06,8,1.802,1.200,897,0,107.790,6,0,74.583
KMAX20180725-1,KMAX20180725_123054_V06,9,2.417,1.200,901,0,15.495,0,0,15.495
KMAX20180725-1,KMAX20180725_123936_V06,0,0.483,1.200,307,0,114618.741,8,0,114459.290
KMAX20180725-1,KMAX20180725_123936_V06,2,0.879,1.200,307,0,30112.288,4,0,30098.737
KMAX20180725-1,KMAX20180725_123936_V06,6,1.318,1.200,306,0,3242.858,5,0,3029.086
KMAX20180725-1,KMAX20180725_123936_V06,8,1.802,1.200,154,0,13.463,0,0,13.463
KMAX20180725-1,KMAX20180725_123936_V06,9,2.417,1.200,153,0,5.036,0,0,5.036
KMAX20180725-1,KMAX20180725_124819_V06,0,0.483,1.200,1748,0,146026.010,53,0,145785.709
KMAX20180725-1,KMAX20180725_124819_V06,2,0.879,1.200,1747,0,34685.221,20,0,34121.668
KMAX20180725-1,KMAX20180725_124819_V06,6,1.318,1.200,1746,0,2647.329,18,0,2480.707
KMAX20180725-1,KMAX20180725_124819_V06,8,1.802,1.200,873,0,32.272,2,0,19.934
KMAX20180725-1,KMAX20180725_124819_V06,9,2.417,1.200,874,0,49.068,6,0,15.726
KMAX20180725-1,KMAX20180725_130542_V06,0,0.483,1.200,8642,0,85262.699,233,0,84594.932
KMAX20180725-1,KMAX20180725_130542_V06,2,0.879,1.200,8639,0,50379.601,206,0,49696.015
KMAX20180725-1,KMAX20180725_130542_V06,6,1.318,1.200,8639,0,6008.832,155,0,5225.660
KMAX20180725-1,KMAX20180725_130542_V06,8,1.802,1.200,4318,0,413.096,35,0,273.327
KMAX20180725-1,KMAX20180725_130542_V06,9,2.417,1.200,4321,0,284.731,38,0,164.426
KMAX20180725-1,KMAX20180725_131424_V06,0,0.483,1.200,376,0,164481.178,8,0,164436.947
KMAX20180725-1,KMAX20180725_131424_V06,2,0.879,1.200,378,0,41015.407,4,0,40872.292
KMAX20180725-1,KMAX20180725_131424_V06,6,1.318,1.200,376,0,2043.512,3,0,2037.236
KMAX20180725-1,KMAX20180725_131424_V06,8,1.802,1.200,188,0,36.869,2,0,24.968
KMAX20180725-1,KMAX20180725_131424_V06,9,2.417,1.200,188,0,0.560,0,0,0.560
KMAX20180725-9,KMAX20180725_133148_V06,0,0.483,1.200,272,0,140900.480,1,0,140888.391
KMAX20180725-9,KMAX20180725_133148_V06,2,0.879,1.200,273,0,24757.315,1,0,24754.482
KMAX20180725-9,KMAX20180725_133148_V06,6,1.318,1.200,275,0,1959.183,3,0,1953.489
KMAX20180725-9,KMAX20180725_133148_V06,8,1.802,1.200,138,0,18.635,4,0,0.402
KMAX20180725-9,KMAX20180725_133148_V06,9,2.417,1.200,138,0,0.414,0,0,0.414
KMAX20180725-9,KMAX20180725_134031_V06,0,0.483,1.200,1508,0,133874.193,55,0,131656.108
KMAX20180725-9,KMAX20180725_134031_V06,2,0.879,1.200,1509,0,30891.801,31,0,30768.326
KMAX20180725-9,KMAX20180725_134031_V06,6,1.318,1.200,1507,0,2808.917,17,0,2698.716
KMAX20180725-9,KMAX20180725_134031_V06,8,1.802,1.200,752,0,68.538,7,0,10.571
KMAX20180725-9,KMAX20180725_134031_V06,9,2.417,1.200,753,0,38.516,4,0,23.666
KMAX20180725-9,KMAX20180725_134912_V06,0,0.483,1.200,3894,0,140158.776,145,0,138688.729
KMAX20180725-9,KMAX20180725_134912_V06,2,0.879,1.200,3896,0,35166.134,69,0,34722.747
KMAX20180725-9,KMAX20180725_134912_V06,6,1.318,1.200,3896,0,1992.172,50,0,1762.972
KMAX20180725-9,KMAX20180725_134912_V06,8,1.802,1.200,1950,0,83.864,4,0,65.927
KMAX20180725-9,KMAX20180725_134912_V06,9,2.417,1.200,1947,0,75.613,7,0,42.995
KMAX20180725-9,KMAX20180725_140636_V06,0,0.483,1.200,570,0,160082.946,13,0,156338.273
KMAX20180725-9,KMAX20180725_140636_V06,2,0.879,1.200,570,0,48058.348,17,0,46036.321
KMAX20180725-9,KMAX20180725_140636_V06,6,1.318,1.200,571,0,1528.805,4,0,1518.580
KMAX20180725-9,KMAX20180725_140636_V06,8,1.802,1.200,284,0,19.485,4,0,3.869
KMAX20180725-9,KMAX20180725_140636_V06,9,2.417,1.200,287,0,19.881,2,0,8.663
KMAX20180725-9,KMAX20180725_141518_V06,0,0.483,1.200,1867,0,124185.104,79,0,116625.193
KMAX20180725-9,KMAX20180725_141518_V06,2,0.879,1.200,1867,0,27494.611,29,0,27384.291
KMAX20180725-9,KMAX20180725_141518_V06,6,1.318,1.200,1867,0,1975.631,24,0,1794.745
KMAX20180725-9,KMAX20180725_141518_V06,8,1.802,1.200,932,0,37.835,7,0,9.900
KMAX20180725-9,KMAX20180725_141518_V06,9,2.417,1.200,932,0,39.740,7,0,7.350
KMAX20180726-1,KMAX20180726_120730_V06,0,0.483,1.200,555,2,138267.734,14,2,138173.290
KMAX20180726-1,KMAX20180726_120730_V06,2,0.879,1.200,553,0,30689.227,9,0,30540.315
KMAX20180726-1,KMAX20180726_120730_V06,6,1.318,1.200,554,0,2731.232,6,0,2686.889
KMAX20180726-1,KMAX20180726_120730_V06,8,1.802,1.200,276,0,13.430,0,0,13.430
KMAX20180726-1,KMAX20180726_120730_V06,9,2.417,1.200,277,0,9.167,0,0,9.167
KMAX20180726-1,KMAX20180726_121612_V06,0,0.483,1.200,2467,0,244341.183,93,0,244000.777
KMAX20180726-1,KMAX20180726_121612_V06,2,0.879,1.200,2468,0,31754.370,20,0,31500.704
KMAX20180726-1,KMAX20180726_121612_V06,6,1.318,1.200,2469,0,3909.433,20,0,3791.305
KMAX20180726-1,KMAX20180726_121612_V06,8,1.802,1.200,1237,0,100.135,13,0,36.599
KMAX20180726-1,KMAX20180726_121612_V06,9,2.417,1.200,1237,0,44.765,8,0,6.783
KMAX20180726-1,KMAX20180726_122455_V06,0,0.483,1.200,354,2,223466.393,6,2,223208.503
KMAX20180726-1,KMAX20180726_122455_V06,2,0.879,1.200,354,0,49545.580,13,0,48973.938
KMAX20180726-1,KMAX20180726_122455_V06,6,1.318,1.200,353,0,3220.112,8,0,2045.783
KMAX20180726-1,KMAX20180726_122455_V06,8,1.802,1.200,175,0,0.523,0,0,0.523
KMAX20180726-1,KMAX20180726_122455_V06,9,2.417,1.200,176,0,0.527,0,0,0.527
KMAX20180726-4,KMAX20180726_124218_V06,0,0.483,1.200,337,1,172847.064,8,1,172818.743
KMAX20180726-4,KMAX20180726_124218_V06,2,0.879,1.200,338,0,25047.477,5,0,24543.110
KMAX20180726-4,KMAX20180726_124218_V06,6,1.318,1.200,338,0,885.365,0,0,885.365
KMAX20180726-4,KMAX20180726_124218_V06,8,1.802,1.200,167,0,9.981,1,0,6.149
KMAX20180726-4,KMAX20180726_124218_V06,9,2.417,1.200,164,0,12.427,0,0,12.427
KMAX20180726-4,KMAX20180726_125101_V06,0,0.483,1.200,1456,1,216678.819,53,1,215398.603
KMAX20180726-4,KMAX20180726_125101_V06,2,0.879,1.200,1457,0,46527.197,14,0,46470.372
KMAX20180726-4,KMAX20180726_125101_V06,6,1.318,1.200,1455,0,1680.033,22,0,1594.557
KMAX20180726-4,KMAX20180726_125101_V06,8,1.802,1.200,727,0,48.586,4,0,35.029
KMAX20180726-4,KMAX20180726_125101_V06,9,2.417,1.200,729,0,17.369,4,0,2.167
KMAX20180726-4,KMAX20180726_130825_V06,0,0.483,1.200,333,1,138855.719,6,1,138460.842
KMAX20180726-4,KMAX20180726_130825_V06,2,0.879,1.200,335,0,36731.543,8,0,36714.229
KMAX20180726-4,KMAX20180726_130825_V06,6,1.318,1.200,334,0,3698.796,6,0,3684.410
KMAX20180726-4,KMAX20180726_130825_V06,8,1.802,1.200,169,0,37.272,3,0,24.510
KMAX20180726-4,KMAX20180726_130825_V06,9,2.417,1.200,168,0,18.839,0,0,18.839
KMAX20180726-4,KMAX20180726_131706_V06,0,0.483,1.200,1719,2,222817.067,105,2,196760.044
KMAX20180726-4,KMAX20180726_131706_V06,2,0.879,1.200,1718,0,27645.372,34,0,26480.311
KMAX20180726-4,KMAX20180726_131706_V06,6,1.318,1.200,1718,0,1787.611,11,0,1662.112
KMAX20180726-4,KMAX20180726_131706_V06,8,1.802,1.200,860,0,81.045,9,0,39.669
KMAX20180726-4,KMAX20180726_131706_V06,9,2.417,1.200,862,0,96.497,10,0,22.883
KMAX20180726-8,KMAX20180726_134312_V06,0,0.483,1.200,236,0,150745.615,3,0,150726.675
KMAX20180726-8,KMAX20180726_134312_V06,2,0.879,1.200,236,0,28431.479,4,0,28192.197
KMAX20180726-8,KMAX20180726_134312_V06,6,1.318,1.200,236,0,1716.024,2,0,1710.164
KMAX20180726-8,KMAX20180726_134312_V06,8,1.802,1.200,119,0,0.352,0,0,0.352
KMAX20180726-8,KMAX20180726_134312_V06,9,2.417,1.200,120,0,12.540,0,0,12.540
KMAX20180726-8,KMAX20180726_135154_V06,0,0.483,1.200,1112,0,119268.912,43,0,119109.874
KMAX20180726-8,KMAX20180726_135154_V06,2,0.879,1.200,1114,0,35840.119,18,0,35792.846
KMAX20180726-8,KMAX20180726_135154_V06,6,1.318,1.200,1116,0,1282.302,8,0,1198.845
KMAX20180726-8,KMAX20180726_135154_V06,8,1.802,1.200,555,0,54.928,5,0,30.960
KMAX20180726-8,KMAX20180726_135154_V06,9,2.417,1.200,557,0,7.540,1,0,1.641
KMAX20180726-8,KMAX20180726_140035_V06,0,0.483,1.200,288,0,102029.818,3,0,101979.653
KMAX20180726-8,KMAX20180726_140035_V06,2,0.879,1.200,287,0,18745.382,6,0,18716.225
KMAX20180726-8,KMAX20180726_140035_V06,6,1.318,1.200,286,0,2654.522,7,0,2338.790
KMAX20180726-8,KMAX20180726_140035_V06,8,1.802,1.200,144,0,0.432,0,0,0.432
KMAX20180726-8,KMAX20180726_140035_V06,9,2.417,1.200,144,0,0.432,0,0,0.432
KMAX20180726-8,KMAX20180726_140918_V06,0,0.483,1.200,1535,0,206276.563,51,0,205241.286
KMAX20180726-8,KMAX20180726_140918_V06,2,0.879,1.200,1533,0,62450.727,23,0,62382.236
KMAX20180726-8,KMAX20180726_140918_V06,6,1.318,1.200,1531,0,2438.544,20,0,1698.912
KMAX20180726-8,KMAX20180726_140918_V06,8,1.802,1.200,763,0,80.401,5,0,55.237
KMAX20180726-8,KMAX20180726_140918_V06,9,2.417,1.200,766,0,30.279,5,0,8.778
KMAX20180727-2,KMAX20180727_120404_V06,0,0.483,1.200,173,0,195423.881,4,0,194417.467
KMAX20180727-2,KMAX20180727_120404_V06,2,0.879,1.200,174,0,23164.513,7,0,20126.081
KMAX20180727-2,KMAX20180727_120404_V06,6,1.318,1.200,175,0,382.211,2,0,371.630
KMAX20180727-2,KMAX20180727_120404_V06,8,1.802,1.200,86,0,8.417,0,0,8.417
KMAX20180727-2,KMAX20180727_120404_V06,9,2.417,1.200,87,0,0.254,0,0,0.254
KMAX20180727-2,KMAX20180727_121247_V06,0,0.483,1.200,1232,0,168669.704,41,0,165512.362
KMAX20180727-2,KMAX20180727_121247_V06,2,0.879,1.200,1233,0,25041.944,10,0,25014.233
KMAX20180727-2,KMAX20180727_121247_V06,6,1.318,1.200,1234,0,772.572,8,0,744.007
KMAX20180727-2,KMAX20180727_121247_V06,8,1.802,1.200,617,0,63.912,5,0,39.616
KMAX20180727-2,KMAX20180727_121247_V06,9,2.417,1.200,616,0,44.452,4,0,23.088
KMAX20180727-3,KMAX20180727_133107_V06,0,0.483,1.200,580,0,216571.535,19,0,210696.489
KMAX20180727-3,KMAX20180727_133107_V06,2,0.879,1.200,578,0,34771.303,14,0,34686.705
KMAX20180727-3,KMAX20180727_133107_V06,6,1.318,1.200,577,0,469.383,5,0,448.970
KMAX20180727-3,KMAX20180727_133107_V06,8,1.802,1.200,288,0,13.796,2,0,0.868
KMAX20180727-3,KMAX20180727_133107_V06,9,2.417,1.200,290,0,25.390,3,0,10.799
KMAX20180728-1,KMAX20180728_120139_V06,0,0.483,1.200,562,0,129657.254,6,0,129416.542
KMAX20180728-1,KMAX20180728_120139_V06,2,0.879,1.200,563,0,23942.387,6,0,23928.677
KMAX20180728-1,KMAX20180728_120139_V06,6,1.318,1.200,561,0,2515.890,5,0,2496.368
KMAX20180728-1,KMAX20180728_120139_V06,8,1.802,1.200,281,0,21.903,3,0,6.944
KMAX20180728-1,KMAX20180728_120139_V06,9,2.417,1.200,281,0,14.149,0,0,14.149
KMAX20180728-1,KMAX20180728_121020_V06,0,0.483,1.200,1777,0,132913.466,57,0,132136.315
KMAX20180728-1,KMAX20180728_121020_V06,2,0.879,1.200,1777,0,35321.542,25,0,35242.481
KMAX20180728-1,KMAX20180728_121020_V06,6,1.318,1.200,1778,0,1263.726,31,0,1159.945
KMAX20180728-1,KMAX20180728_121020_V06,8,1.802,1.200,887,0,108.112,6,0,65.677
KMAX20180728-1,KMAX20180728_121020_V06,9,2.417,1.200,890,0,55.355,0,0,55.355
KMAX20180728-1,KMAX20180728_121901_V06,0,0.483,1.200,512,0,168725.856,7,0,168452.483
KMAX20180728-1,KMAX20180728_121901_V06,2,0.879,1.200,514,0,39260.508,11,0,39219.951
KMAX20180728-1,KMAX20180728_121901_V06,6,1.318,1.200,514,0,2402.663,9,0,2232.219
KMAX20180728-1,KMAX20180728_121901_V06,8,1.802,1.200,256,0,0.780,0,0,0.780
KMAX20180728-1,KMAX20180728_121901_V06,9,2.417,1.200,256,0,11.769,0,0,11.769
KMAX20180728-1,KMAX20180728_122742_V06,0,0.483,1.200,1643,0,100004.288,70,0,99686.746
KMAX20180728-1,KMAX20180728_122742_V06,2,0.879,1.200,1643,0,16123.618,25,0,16045.863
KMAX20180728-1,KMAX20180728_122742_V06,6,1.318,1.200,1641,0,1834.082,15,0,1663.119
KMAX20180728-1,KMAX20180728_122742_V06,8,1.802,1.200,824,0,62.804,4,0,40.826
KMAX20180728-1,KMAX20180728_122742_V06,9,2.417,1.200,821,0,22.778,2,0,11.120
KMAX20180728-1,KMAX20180728_123624_V06,0,0.483,1.200,3614,0,107107.170,131,0,106519.240
KMAX20180728-1,KMAX20180728_123624_V06,2,0.879,1.200,3614,0,22468.949,61,0,22180.846
KMAX20180728-1,KMAX20180728_123624_V06,6,1.318,1.200,3610,0,3018.518,56,0,2502.450
KMAX20180728-1,KMAX20180728_123624_V06,8,1.802,1.200,1809,0,155.306,20,0,59.794
KMAX20180728-1,KMAX20180728_123624_V06,9,2.417,1.200,1808,0,75.497,7,0,41.365
KMAX20180728-1,KMAX20180728_124506_V06,0,0.483,1.200,158,0,167198.702,2,0,164806.581
KMAX20180728-1,KMAX20180728_124506_V06,2,0.879,1.200,158,0,20413.583,1,0,20411.199
KMAX20180728-1,KMAX20180728_124506_V06,6,1.318,1.200,157,0,1887.964,2,0,1799.599
KMAX20180728-1,KMAX20180728_124506_V06,8,1.802,1.200,80,0,0.237,0,0,0.237
KMAX20180728-1,KMAX20180728_124506_V06,9,2.417,1.200,79,0,0.234,0,0,0.234
KMAX20180728-1,KMAX20180728_130229_V06,0,0.483,1.200,1157,0,129263.538,52,0,129118.791
KMAX20180728-1,KMAX20180728_130229_V06,2,0.879,1.200,1157,0,45708.323,17,0,44652.543
KMAX20180728-1,KMAX20180728_130229_V06,6,1.318,1.200,1157,0,5963.614,20,0,5326.640
KMAX20180728-1,KMAX20180728_130229_V06,8,1.802,1.200,579,0,57.149,4,0,34.937
KMAX20180728-1,KMAX20180728_130229_V06,9,2.417,1.200,580,0,45.240,6,0,17.165
KMAX20180728-1,KMAX20180728_131110_V06,0,0.483,1.200,551,0,172771.338,18,0,167821.655
KMAX20180728-1,KMAX20180728_131110_V06,2,0.879,1.200,551,0,49015.510,12,0,47546.173
KMAX20180728-1,KMAX20180728_131110_V06,6,1.318,1.200,550,0,1432.891,6,0,1303.679
KMAX20180728-1,KMAX20180728_131110_V06,8,1.802,1.200,276,0,26.866,2,0,20.938
KMAX20180728-1,KMAX20180728_131110_V06,9,2.417,1.200,275,0,16.712,2,0,7.219
KMAX20180728-1,KMAX20180728_131953_V06,0,0.483,1.200,1863,0,105109.414,69,0,104495.436
KMAX20180728-1,KMAX20180728_131953_V06,2,0.879,1.200,1864,0,16519.266,31,0,16396.194
KMAX20180728-1,KMAX20180728_131953_V06,6,1.318,1.200,1869,0,1223.705,16,0,1170.772
KMAX20180728-1,KMAX20180728_131953_V06,8,1.802,1.200,932,0,49.156,4,0,35.492
KMAX20180728-1,KMAX20180728_131953_V06,9,2.417,1.200,933,0,49.102,2,0,34.407
KMAX20180728-1,KMAX20180728_132835_V06,0,0.483,1.200,477,0,212696.351,10,0,212647.771
KMAX20180728-1,KMAX20180728_132835_V06,2,0.879,1.200,479,0,55280.174,18,0,55000.083
KMAX20180728-1,KMAX20180728_132835_V06,6,1.318,1.200,478,0,1597.320,9,0,1201.010
KMAX20180728-1,KMAX20180728_132835_V06,8,1.802,1.200,238,0,0.710,0,0,0.710
KMAX20180728-1,KMAX20180728_132835_V06,9,2.417,1.200,237,0,0.707,0,0,0.707
KMAX20180728-10,KMAX20180728_134557_V06,0,0.483,1.200,558,0,140492.109,5,0,140479.915
KMAX20180728-10,KMAX20180728_134557_V06,2,0.879,1.200,558,0,17930.808,8,0,17903.859
KMAX20180728-10,KMAX20180728_134557_V06,6,1.318,1.200,553,0,1114.847,3,0,908.048
KMAX20180728-10,KMAX20180728_134557_V06,8,1.802,1.200,276,0,6.302,1,0,3.880
KMAX20180728-10,KMAX20180728_134557_V06,9,2.417,1.200,277,0,28.965,0,0,28.965
KMAX20180728-10,KMAX20180728_140320_V06,0,0.483,1.200,1440,0,145554.397,53,0,144257.076
KMAX20180728-10,KMAX20180728_140320_V06,2,0.879,1.200,1438,0,19234.526,25,0,19168.661
KMAX20180728-10,KMAX20180728_140320_V06,6,1.318,1.200,1439,0,1542.618,13,0,1378.569
KMAX20180728-10,KMAX20180728_140320_V06,8,1.802,1.200,719,0,40.537,2,0,33.391
KMAX20180728-10,KMAX20180728_140320_V06,9,2.417,1.200,721,0,48.651,4,0,33.199
KMAX20180728-10,KMAX20180728_141201_V06,0,0.483,1.200,335,0,131670.622,5,0,131648.260
KMAX20180728-10,KMAX20180728_141201_V06,2,0.879,1.200,335,0,25557.828,5,0,25547.536
KMAX20180728-10,KMAX20180728_141201_V06,6,1.318,1.200,335,0,1919.466,6,0,1632.590
KMAX20180728-10,KMAX20180728_141201_V06,8,1.802,1.200,165,0,31.553,5,0,0.481
KMAX20180728-10,KMAX20180728_141201_V06,9,2.417,1.200,164,0,0.494,0,0,0.494
KMAX20180728-10,KMAX20180728_142042_V06,0,0.483,1.200,1561,0,175203.593,49,0,174912.941
KMAX20180728-10,KMAX20180728_142042_V06,2,0.879,1.200,1562,0,25008.014,18,0,24950.649
KMAX20180728-10,KMAX20180728_142042_V06,6,1.318,1.200,1560,0,1955.859,8,0,1177.910
KMAX20180728-10,KMAX20180728_142042_V06,8,1.802,1.200,781,0,183.397,7,0,133.692
KMAX20180728-10,KMAX20180728_142042_V06,9,2.417,1.200,783,0,25.499,2,0,19.268
KMAX20180729-1,KMAX20180729_120844_V06,0,0.483,1.200,524,0,152069.060,21,0,152005.761
KMAX20180729-1,KMAX20180729_120844_V06,2,0.879,1.200,525,0,25383.667,15,0,25264.490
KMAX20180729-1,KMAX20180729_120844_V06,6,1.318,1.200,523,0,1383.284,3,0,1365.769
KMAX20180729-1,KMAX20180729_120844_V06,8,1.802,1.200,262,0,23.567,1,0,19.646
KMAX20180729-1,KMAX20180729_120844_V06,9,2.417,1.200,266,0,10.781,0,0,10.781
KMAX20180729-1,KMAX20180729_121726_V06,0,0.483,1.200,1655,0,131735.209,64,0,126744.417
KMAX20180729-1,KMAX20180729_121726_V06,2,0.879,1.200,1655,0,30059.702,27,0,25815.651
KMAX20180729-1,KMAX20180729_121726_V06,6,1.318,1.200,1653,0,3896.318,18,0,3772.342
KMAX20180729-1,KMAX20180729_121726_V06,8,1.802,1.200,827,0,19.254,0,0,19.254
KMAX20180729-1,KMAX20180729_121726_V06,9,2.417,1.200,831,0,36.672,4,0,22.658
KMAX20180729-1,KMAX20180729_122608_V06,0,0.483,1.200,550,0,114667.437,10,0,114636.926
KMAX20180729-1,KMAX20180729_122608_V06,2,0.879,1.200,552,0,26205.853,8,0,26171.340
KMAX20180729-1,KMAX20180729_122608_V06,6,1.318,1.200,551,0,1034.772,9,0,969.689
KMAX20180729-1,KMAX20180729_122608_V06,8,1.802,1.200,277,0,34.994,2,0,23.314
KMAX20180729-1,KMAX20180729_122608_V06,9,2.417,1.200,276,0,27.886,3,0,12.567
KMAX20180729-6,KMAX20180729_130055_V06,0,0.483,1.200,204,0,89559.920,5,0,88998.323
KMAX20180729-6,KMAX20180729_130055_V06,2,0.879,1.200,204,0,21127.797,4,0,21027.167
KMAX20180729-6,KMAX20180729_130055_V06,6,1.318,1.200,203,0,2545.274,5,0,2045.427
KMAX20180729-6,KMAX20180729_130055_V06,8,1.802,1.200,102,0,8.787,2,0,0.303
KMAX20180729-6,KMAX20180729_130055_V06,9,2.417,1.200,102,0,0.309,0,0,0.309
KMAX20180729-6,KMAX20180729_130937_V06,0,0.483,1.200,1433,0,144922.790,51,0,144600.228
KMAX20180729-6,KMAX20180729_130937_V06,2,0.879,1.200,1433,0,25957.653,19,0,25868.691
KMAX20180729-6,KMAX20180729_130937_V06,6,1.318,1.200,1432,0,844.257,11,0,795.431
KMAX20180729-6,KMAX20180729_130937_V06,8,1.802,1.200,718,0,79.558,8,0,29.448
KMAX20180729-6,KMAX20180729_130937_V06,9,2.417,1.200,713,0,29.612,0,0,29.612
KMAX20180729-6,KMAX20180729_131818_V06,0,0.483,1.200,3903,0,133183.131,137,0,132779.318
KMAX20180729-6,KMAX20180729_131818_V06,2,0.879,1.200,3902,0,23301.486,76,0,22902.157
KMAX20180729-6,KMAX20180729_131818_V06,6,1.318,1.200,3908,0,3357.152,73,0,2289.620
KMAX20180729-6,KMAX20180729_131818_V06,8,1.802,1.200,1953,0,113.384,10,0,46.503
KMAX20180729-6,KMAX20180729_131818_V06,9,2.417,1.200,1956,0,60.197,4,0,40.601
KMAX20180729-6,KMAX20180729_132659_V06,0,0.483,1.200,147,0,173919.656,3,0,169345.433
KMAX20180729-6,KMAX20180729_132659_V06,2,0.879,1.200,148,0,31194.114,7,0,27558.618
KMAX20180729-6,KMAX20180729_132659_V06,6,1.318,1.200,147,0,504.210,3,0,496.087
KMAX20180729-6,KMAX20180729_132659_V06,8,1.802,1.200,74,0,8.291,2,0,0.214
KMAX20180729-6,KMAX20180729_132659_V06,9,2.417,1.200,74,0,0.220,0,0,0.220
KMAX20180729-6,KMAX20180729_133541_V06,0,0.483,1.200,1164,0,103792.635,32,0,103662.328
KMAX20180729-6,KMAX20180729_133541_V06,2,0.879,1.200,1165,0,22785.719,30,0,22672.869
KMAX20180729-6,KMAX20180729_133541_V06,6,1.318,1.200,1166,0,1085.003,17,0,987.546
KMAX20180729-6,KMAX20180729_133541_V06,8,1.802,1.200,584,0,33.402,3,0,16.488
KMAX20180729-6,KMAX20180729_133541_V06,9,2.417,1.200,582,0,45.451,3,0,26.336
KMAX20180729-6,KMAX20180729_134423_V06,0,0.483,1.200,3292,0,166057.506,152,0,165316.462
KMAX20180729-6,KMAX20180729_134423_V06,2,0.879,1.200,3294,0,22273.655,49,0,22119.603
KMAX20180729-6,KMAX20180729_134423_V06,6,1.318,1.200,3294,0,2514.872,42,0,2154.063
KMAX20180729-6,KMAX20180729_134423_V06,8,1.802,1.200,1645,0,95.871,9,0,55.069
KMAX20180729-6,KMAX20180729_134423_V06,9,2.417,1.200,1648,0,41.179,3,0,29.087
KMAX20180729-6,KMAX20180729_140147_V06,0,0.483,1.200,348,0,108088.630,9,0,108014.355
KMAX20180729-6,KMAX20180729_140147_V06,2,0.879,1.200,350,0,15761.057,5,0,15388.298
KMAX20180729-6,KMAX20180729_140147_V06,6,1.318,1.200,348,0,676.708,1,0,675.575
KMAX20180729-6,KMAX20180729_140147_V06,8,1.802,1.200,175,0,23.770,3,0,8.028
KMAX20180729-6,KMAX20180729_140147_V06,9,2.417,1.200,175,0,0.525,0,0,0.525
KMAX20180729-6,KMAX20180729_141027_V06,0,0.483,1.200,1667,0,161925.968,49,0,161266.720
KMAX20180729-6,KMAX20180729_141027_V06,2,0.879,1.200,1668,0,26157.767,22,0,25014.669
KMAX20180729-6,KMAX20180729_141027_V06,6,1.318,1.200,1671,0,1459.451,23,0,1365.678
KMAX20180729-6,KMAX20180729_141027_V06,8,1.802,1.200,837,0,185.951,17,0,61.891
KMAX20180729-6,KMAX20180729_141027_V06,9,2.417,1.200,832,0,55.810,6,0,26.138
KMAX20180729-7,KMAX20180729_130055_V06,0,0.483,1.200,1682,0,93.843,246,0,79.833
KMAX20180729-7,KMAX20180729_130055_V06,2,0.879,1.200,1682,0,83.900,253,0,71.675
KMAX20180729-7,KMAX20180729_130055_V06,6,1.318,1.200,1682,0,97.524,227,0,84.392
KMAX20180729-7,KMAX20180729_130055_V06,8,1.802,1.200,842,0,42.145,196,0,30.773
KMAX20180729-7,KMAX20180729_130055_V06,9,2.417,1.200,843,0,29.609,171,0,16.587
KMAX20180729-7,KMAX20180729_130055_V06,10,3.120,1.200,843,0,15.085,183,0,9.386
KMAX20180729-7,KMAX20180729_130055_V06,11,3.999,1.200,845,0,8.929,169,0,4.489
KMAX20180729-7,KMAX20180729_130055_V06,12,5.098,1.200,843,0,2.142,67,0,1.605
KMAX20180729-7,KMAX20180729_130055_V06,13,6.416,1.200,848,0,3.421,49,0,0.689
KMAX20180729-10,KMAX20180729_131818_V06,0,0.483,1.200,4332,0,10934.102,98,0,10811.247
KMAX20180729-10,KMAX20180729_131818_V06,2,0.879,1.200,4332,0,1658.831,80,0,1597.290
KMAX20180729-10,KMAX20180729_131818_V06,6,1.318,1.200,4338,0,385.547,48,0,344.919
KMAX20180729-10,KMAX20180729_131818_V06,8,1.802,1.200,2167,0,38.795,9,0,24.646
KMAX20180729-10,KMAX20180729_131818_V06,9,2.417,1.200,2171,0,29.184,14,0,10.898
KMAX20180729-10,KMAX20180729_131818_V06,10,3.120,1.200,2173,0,15.204,3,0,13.293
KMAX20180729-10,KMAX20180729_132659_V06,0,0.483,1.200,3643,0,10010.781,86,0,9891.076
KMAX20180729-10,KMAX20180729_132659_V06,2,0.879,1.200,3645,0,3423.078,129,0,3294.056
KMAX20180729-10,KMAX20180729_132659_V06,6,1.318,1.200,3649,0,542.919,73,0,493.571
KMAX20180729-10,KMAX20180729_132659_V06,8,1.802,1.200,1822,0,17.264,8,0,10.342
KMAX20180729-10,KMAX20180729_132659_V06,9,2.417,1.200,1821,0,18.662,8,0,10.401
KMAX20180729-10,KMAX20180729_132659_V06,10,3.120,1.200,1824,0,28.064,8,0,20.963
KMAX20180729-10,KMAX20180729_132659_V06,11,3.999,1.200,1830,0,28.077,5,0,23.500
KMAX20180729-14,KMAX20180729_134423_V06,0,0.483,1.200,523,0,163478.397,14,0,163182.304
KMAX20180729-14,KMAX20180729_134423_V06,2,0.879,1.200,523,0,21260.477,8,0,21224.998
KMAX20180729-14,KMAX20180729_134423_V06,6,1.318,1.200,525,0,1251.893,5,0,1029.624
KMAX20180729-14,KMAX20180729_134423_V06,8,1.802,1.200,265,0,0.803,0,0,0.803
KMAX20180729-14,KMAX20180729_134423_V06,9,2.417,1.200,264,0,18.828,1,0,13.691
KMAX20180730-1,KMAX20180730_120324_V06,0,0.483,1.200,548,0,153093.407,8,0,153040.451
KMAX20180730-1,KMAX20180730_120324_V06,2,0.879,1.200,551,0,31419.396,23,0,31358.722
KMAX20180730-1,KMAX20180730_120324_V06,6,1.318,1.200,551,0,1120.280,6,0,1054.640
KMAX20180730-1,KMAX20180730_120324_V06,8,1.802,1.200,275,0,21.384,1,0,17.969
KMAX20180730-1,KMAX20180730_120324_V06,9,2.417,1.200,273,0,8.457,0,0,8.457
KMAX20180730-1,KMAX20180730_121207_V06,0,0.483,1.200,1723,0,114149.639,56,0,113866.069
KMAX20180730-1,KMAX20180730_121207_V06,2,0.879,1.200,1722,0,21282.891,54,0,19446.381
KMAX20180730-1,KMAX20180730_121207_V06,6,1.318,1.200,1726,0,2528.188,26,0,2245.937
KMAX20180730-1,KMAX20180730_121207_V06,8,1.802,1.200,861,0,30.943,2,0,17.334
KMAX20180730-1,KMAX20180730_121207_V06,9,2.417,1.200,865,0,60.714,4,0,43.911
KMAX20180730-1,KMAX20180730_122049_V06,0,0.483,1.200,566,0,154923.068,13,0,154095.473
KMAX20180730-1,KMAX20180730_122049_V06,2,0.879,1.200,567,0,36957.919,29,0,31492.743
KMAX20180730-1,KMAX20180730_122049_V06,6,1.318,1.200,567,0,782.385,7,0,771.067
KMAX20180730-1,KMAX20180730_122049_V06,8,1.802,1.200,282,0,15.580,0,0,15.580
KMAX20180730-1,KMAX20180730_122049_V06,9,2.417,1.200,284,0,15.903,3,0,0.856
KMAX20180730-1,KMAX20180730_122929_V06,0,0.483,1.200,1872,0,133816.820,67,0,132609.018
KMAX20180730-1,KMAX20180730_122929_V06,2,0.879,1.200,1869,0,23586.107,67,0,23285.927
KMAX20180730-1,KMAX20180730_122929_V06,6,1.318,1.200,1869,0,2106.404,18,0,1991.504
KMAX20180730-1,KMAX20180730_122929_V06,8,1.802,1.200,932,0,54.148,6,0,22.530
KMAX20180730-1,KMAX20180730_122929_V06,9,2.417,1.200,935,0,198.307,4,0,64.643
KMAX20180730-1,KMAX20180730_123811_V06,0,0.483,1.200,289,0,116093.939,3,0,116054.373
KMAX20180730-1,KMAX20180730_123811_V06,2,0.879,1.200,290,0,33299.569,9,0,32539.301
KMAX20180730-1,KMAX20180730_123811_V06,6,1.318,1.200,290,0,1932.330,4,0,1836.541
KMAX20180730-1,KMAX20180730_123811_V06,8,1.802,1.200,145,0,48.268,3,0,29.035
KMAX20180730-1,KMAX20180730_123811_V06,9,2.417,1.200,144,0,0.432,0,0,0.432
KMAX20180730-1,KMAX20180730_124652_V06,0,0.483,1.200,1334,0,151798.066,30,0,151643.223
KMAX20180730-1,KMAX20180730_124652_V06,2,0.879,1.200,1334,0,24091.063,32,0,23952.381
KMAX20180730-1,KMAX20180730_124652_V06,6,1.318,1.200,1336,0,1139.085,8,0,1114.410
KMAX20180730-1,KMAX20180730_124652_V06,8,1.802,1.200,670,0,2.012,0,0,2.012
KMAX20180730-1,KMAX20180730_124652_V06,9,2.417,1.200,672,0,17.041,0,0,17.041
KMAX20180730-1,KMAX20180730_130415_V06,0,0.483,1.200,383,0,112552.007,5,0,108758.503
KMAX20180730-1,KMAX20180730_130415_V06,2,0.879,1.200,383,0,21439.262,7,0,21416.215
KMAX20180730-1,KMAX20180730_130415_V06,6,1.318,1.200,384,0,1237.237,2,0,1229.850
KMAX20180730-1,KMAX20180730_130415_V06,8,1.802,1.200,194,0,83.952,7,0,39.954
KMAX20180730-1,KMAX20180730_130415_V06,9,2.417,1.200,192,0,8.797,0,0,8.797
KMAX20180730-1,KMAX20180730_131255_V06,0,0.483,1.200,1558,0,150369.418,60,0,150177.785
KMAX20180730-1,KMAX20180730_131255_V06,2,0.879,1.200,1559,0,30704.230,43,0,30552.987
KMAX20180730-1,KMAX20180730_131255_V06,6,1.318,1.200,1559,0,1889.636,21,0,1555.643
KMAX20180730-1,KMAX20180730_131255_V06,8,1.802,1.200,780,0,46.105,7,0,12.765
KMAX20180730-1,KMAX20180730_131255_V06,9,2.417,1.200,780,0,57.409,6,0,22.061
KMAX20180730-1,KMAX20180730_132137_V06,0,0.483,1.200,359,0,194221.416,7,0,192059.940
KMAX20180730-1,KMAX20180730_132137_V06,2,0.879,1.200,358,0,25226.933,9,0,25190.416
KMAX20180730-1,KMAX20180730_132137_V06,6,1.318,1.200,358,0,1531.550,5,0,1334.046
KMAX20180730-1,KMAX20180730_132137_V06,8,1.802,1.200,178,0,15.248,1,0,10.111
KMAX20180730-1,KMAX20180730_132137_V06,9,2.417,1.200,178,0,0.535,0,0,0.535
KMAX20180730-1,KMAX20180730_133018_V06,0,0.483,1.200,1658,0,110175.760,72,0,109846.051
KMAX20180730-1,KMAX20180730_133018_V06,2,0.879,1.200,1660,0,29443.249,29,0,29082.021
KMAX20180730-1,KMAX20180730_133018_V06,6,1.318,1.200,1660,0,1682.140,17,0,1553.398
KMAX20180730-1,KMAX20180730_133018_V06,8,1.802,1.200,833,0,14.535,0,0,14.535
KMAX20180730-1,KMAX20180730_133018_V06,9,2.417,1.200,830,0,50.022,4,0,24.547
KMAX20180730-1,KMAX20180730_133859_V06,0,0.483,1.200,4075,0,219565.744,190,0,208880.460
KMAX20180730-1,KMAX20180730_133859_V06,2,0.879,1.200,4076,0,49160.573,83,0,46160.177
KMAX20180730-1,KMAX20180730_133859_V06,6,1.318,1.200,4080,0,2826.696,48,0,2665.846
KMAX20180730-1,KMAX20180730_133859_V06,8,1.802,1.200,2038,0,90.706,9,0,49.311
KMAX20180730-1,KMAX20180730_133859_V06,9,2.417,1.200,2035,0,82.562,9,0,46.048
KMAX20180730-1,KMAX20180730_134741_V06,0,0.483,1.200,289,0,125228.124,5,0,115113.046
KMAX20180730-1,KMAX20180730_134741_V06,2,0.879,1.200,291,0,23940.981,8,0,23844.111
KMAX20180730-1,KMAX20180730_134741_V06,6,1.318,1.200,290,0,382.661,4,0,362.296
KMAX20180730-1,KMAX20180730_134741_V06,8,1.802,1.200,144,0,39.521,4,0,17.971
KMAX20180730-1,KMAX20180730_134741_V06,9,2.417,1.200,143,0,9.153,1,0,5.026
KMAX20180730-1,KMAX20180730_140504_V06,0,0.483,1.200,1428,0,163638.114,46,0,162428.849
KMAX20180730-1,KMAX20180730_140504_V06,2,0.879,1.200,1434,0,40482.516,27,0,40365.362
KMAX20180730-1,KMAX20180730_140504_V06,6,1.318,1.200,1434,0,1286.013,24,0,1206.705
KMAX20180730-1,KMAX20180730_140504_V06,8,1.802,1.200,714,0,26.273,3,0,11.688
KMAX20180730-1,KMAX20180730_140504_V06,9,2.417,1.200,716,0,35.419,6,0,2.142
KMAX20180731-1,KMAX20180731_120557_V06,0,0.483,1.200,854,2,134509.625,25,2,134385.417
KMAX20180731-1,KMAX20180731_120557_V06,2,0.879,1.200,854,0,44812.748,23,0,44709.691
KMAX20180731-1,KMAX20180731_120557_V06,6,1.318,1.200,855,0,2719.650,8,0,2688.656
KMAX20180731-1,KMAX20180731_120557_V06,8,1.802,1.200,430,0,42.829,5,0,21.035
KMAX20180731-1,KMAX20180731_120557_V06,9,2.417,1.200,431,0,27.995,4,0,1.252
KMAX20180731-1,KMAX20180731_121440_V06,0,0.483,1.200,2082,0,162284.165,64,0,162058.918
KMAX20180731-1,KMAX20180731_121440_V06,2,0.879,1.200,2081,0,38428.037,54,0,38008.013
KMAX20180731-1,KMAX20180731_121440_V06,6,1.318,1.200,2086,0,2163.118,24,0,1995.398
KMAX20180731-1,KMAX20180731_121440_V06,8,1.802,1.200,1043,0,131.228,17,0,47.241
KMAX20180731-1,KMAX20180731_121440_V06,9,2.417,1.200,1044,0,69.211,6,0,35.111
KMAX20180731-1,KMAX20180731_122323_V06,0,0.483,1.200,563,0,172679.497,11,0,172645.553
KMAX20180731-1,KMAX20180731_122323_V06,2,0.879,1.200,562,0,34755.227,15,0,34699.509
KMAX20180731-1,KMAX20180731_122323_V06,6,1.318,1.200,567,0,980.375,11,0,730.170
KMAX20180731-1,KMAX20180731_122323_V06,8,1.802,1.200,280,0,78.630,2,0,67.299
KMAX20180731-1,KMAX20180731_122323_V06,9,2.417,1.200,281,0,19.264,3,0,5.972
KMAX20180731-1,KMAX20180731_123206_V06,0,0.483,1.200,1984,0,199559.385,77,0,199146.649
KMAX20180731-1,KMAX20180731_123206_V06,2,0.879,1.200,1985,0,50733.145,59,0,50112.062
KMAX20180731-1,KMAX20180731_123206_V06,6,1.318,1.200,1984,0,1950.495,16,0,1888.792
KMAX20180731-1,KMAX20180731_123206_V06,8,1.802,1.200,989,0,70.798,4,0,47.223
KMAX20180731-1,KMAX20180731_123206_V06,9,2.417,1.200,990,0,62.743,2,0,53.946
KMAX20180731-1,KMAX20180731_124049_V06,0,0.483,1.200,4466,0,206596.304,168,0,205832.105
KMAX20180731-1,KMAX20180731_124049_V06,2,0.879,1.200,4467,0,38944.161,124,0,38198.236
KMAX20180731-1,KMAX20180731_124049_V06,6,1.318,1.200,4466,0,2262.473,67,0,1961.556
KMAX20180731-1,KMAX20180731_124049_V06,8,1.802,1.200,2234,0,97.062,11,0,48.892
KMAX20180731-1,KMAX20180731_124049_V06,9,2.417,1.200,2238,0,142.692,16,0,87.040
KMAX20180731-1,KMAX20180731_124932_V06,0,0.483,1.200,232,2,135776.728,1,2,135773.458
KMAX20180731-1,KMAX20180731_124932_V06,2,0.879,1.200,234,0,34289.520,1,0,34284.366
KMAX20180731-1,KMAX20180731_124932_V06,6,1.318,1.200,234,0,2520.521,1,0,2518.909
KMAX20180731-1,KMAX20180731_124932_V06,8,1.802,1.200,116,0,6.843,0,0,6.843
KMAX20180731-1,KMAX20180731_124932_V06,9,2.417,1.200,116,0,0.345,0,0,0.345
KMAX20180731-1,KMAX20180731_130701_V06,0,0.483,1.200,1091,0,138528.978,37,0,137019.537
KMAX20180731-1,KMAX20180731_130701_V06,2,0.879,1.200,1092,0,36097.277,32,0,35809.431
KMAX20180731-1,KMAX20180731_130701_V06,6,1.318,1.200,1094,0,2506.983,11,0,2032.221
KMAX20180731-1,KMAX20180731_130701_V06,8,1.802,1.200,547,0,88.123,4,0,59.255
KMAX20180731-1,KMAX20180731_130701_V06,9,2.417,1.200,547,0,61.825,0,0,61.825
KMAX20180731-1,KMAX20180731_131545_V06,0,0.483,1.200,257,0,202374.840,2,0,202364.413
KMAX20180731-1,KMAX20180731_131545_V06,2,0.879,1.200,257,0,31155.212,4,0,31144.562
KMAX20180731-1,KMAX20180731_131545_V06,6,1.318,1.200,257,0,11293.805,10,0,6037.082
KMAX20180731-1,KMAX20180731_131545_V06,8,1.802,1.200,129,0,17.775,5,0,0.373
KMAX20180731-1,KMAX20180731_131545_V06,9,2.417,1.200,129,0,20.936,4,0,0.375
KMAX20180731-1,KMAX20180731_132428_V06,0,0.483,1.200,1173,0,238390.394,44,0,238208.069
KMAX20180731-1,KMAX20180731_132428_V06,2,0.879,1.200,1172,0,51855.897,35,0,51760.065
KMAX20180731-1,KMAX20180731_132428_V06,6,1.318,1.200,1168,0,2813.686,18,0,2736.345
KMAX20180731-1,KMAX20180731_132428_V06,8,1.802,1.200,586,0,94.422,6,0,68.702
KMAX20180731-1,KMAX20180731_132428_V06,9,2.417,1.200,585,0,7.642,0,0,7.642
KMAX20180731-1,KMAX20180731_133313_V06,0,0.483,1.200,220,3,352676.655,1,2,352676.655
KMAX20180731-1,KMAX20180731_133313_V06,2,0.879,1.200,220,0,37338.647,0,0,37338.647
KMAX20180731-1,KMAX20180731_133313_V06,6,1.318,1.200,221,0,2685.463,1,0,2679.298
KMAX20180731-1,KMAX20180731_133313_V06,8,1.802,1.200,112,0,11.780,2,0,0.324
KMAX20180731-1,KMAX20180731_133313_V06,9,2.417,1.200,112,0,0.330,0,0,0.330
KMAX20180731-1,KMAX20180731_134156_V06,0,0.483,1.200,1361,1,259908.260,33,0,259786.691
KMAX20180731-1,KMAX20180731_134156_V06,2,0.879,1.200,1360,0,50314.751,42,0,50187.664
KMAX20180731-1,KMAX20180731_134156_V06,6,1.318,1.200,1364,0,1088.266,21,0,994.232
KMAX20180731-1,KMAX20180731_134156_V06,8,1.802,1.200,683,0,24.123,0,0,24.123
KMAX20180731-1,KMAX20180731_134156_V06,9,2.417,1.200,685,0,50.350,5,0,19.261
KMAX20180731-1,KMAX20180731_135039_V06,0,0.483,1.200,560,3,193479.794,17,3,192187.842
KMAX20180731-1,KMAX20180731_135039_V06,2,0.879,1.200,561,0,64622.161,25,0,64546.058
KMAX20180731-1,KMAX20180731_135039_V06,6,1.318,1.200,561,0,1550.457,9,0,1533.419
KMAX20180731-1,KMAX20180731_135039_V06,8,1.802,1.200,281,0,22.734,4,0,0.831
KMAX20180731-1,KMAX20180731_135039_V06,9,2.417,1.200,279,0,9.513,0,0,9.513
KMAX20180731-1,KMAX20180731_140806_V06,0,0.483,1.200,2206,5,223925.338,112,5,223448.741
KMAX20180731-1,KMAX20180731_140806_V06,2,0.879,1.200,2207,0,43721.648,73,0,43109.997
KMAX20180731-1,KMAX20180731_140806_V06,6,1.318,1.200,2208,0,3299.669,29,0,3032.926
KMAX20180731-1,KMAX20180731_140806_V06,8,1.802,1.200,1102,0,111.334,12,0,35.655
KMAX20180731-1,KMAX20180731_140806_V06,9,2.417,1.200,1105,0,59.855,7,0,27.402
KMAX20180731-5,KMAX20180731_124049_V06,0,0.483,1.200,289,0,197978.561,2,0,197960.488
KMAX20180731-5,KMAX20180731_124049_V06,2,0.879,1.200,289,0,36764.178,9,0,36734.525
KMAX20180731-5,KMAX20180731_124049_V06,6,1.318,1.200,290,0,1213.821,2,0,1202.569
KMAX20180731-5,KMAX20180731_124049_V06,8,1.802,1.200,146,0,8.690,0,0,8.690
KMAX20180731-5,KMAX20180731_124049_V06,9,2.417,1.200,145,0,9.677,0,0,9.677
KMAX20180801-2,KMAX20180801_120828_V06,0,0.483,1.200,187,0,244274.387,2,0,244234.156
KMAX20180801-2,KMAX20180801_120828_V06,2,1.494,1.200,187,0,63.190,1,0,62.187
KMAX20180801-2,KMAX20180801_120828_V06,4,2.505,1.200,95,0,0.281,0,0,0.281
KMAX20180801-2,KMAX20180801_121803_V06,0,0.483,1.200,1009,1,344462.113,17,1,344385.783
KMAX20180801-2,KMAX20180801_121803_V06,2,1.494,1.200,1012,0,1009.005,7,0,934.742
KMAX20180801-2,KMAX20180801_121803_V06,4,2.505,1.200,506,0,48.045,1,0,43.695
KMAX20180801-2,KMAX20180801_122737_V06,0,0.483,1.200,1142,0,315043.080,32,0,314889.414
KMAX20180801-2,KMAX20180801_122737_V06,2,1.494,1.200,1137,0,63.971,1,0,53.688
KMAX20180801-2,KMAX20180801_122737_V06,4,2.505,1.200,568,0,16.863,1,0,11.812
KMAX20180801-2,KMAX20180801_123712_V06,0,0.483,1.200,1448,0,184799.413,36,0,184536.262
KMAX20180801-2,KMAX20180801_123712_V06,2,1.494,1.200,1448,0,145.470,6,0,138.727
KMAX20180801-2,KMAX20180801_123712_V06,4,2.505,1.200,725,0,80.008,4,0,57.243
KMAX20180801-2,KMAX20180801_124646_V06,0,0.483,1.200,349,0,247602.085,5,0,242346.328
KMAX20180801-2,KMAX20180801_124646_V06,2,1.494,1.200,352,0,41.462,1,0,40.026
KMAX20180801-2,KMAX20180801_124646_V06,4,2.505,1.200,176,0,0.529,0,0,0.529
KMAX20180801-2,KMAX20180801_130554_V06,0,0.483,1.200,1309,0,284452.929,24,0,284305.295
KMAX20180801-2,KMAX20180801_130554_V06,2,1.494,1.200,1316,0,82.799,2,0,75.198
KMAX20180801-2,KMAX20180801_130554_V06,4,2.505,1.200,660,0,20.929,1,0,18.483
KMAX20180801-2,KMAX20180801_131528_V06,0,0.483,1.200,413,1,335855.141,8,1,335822.996
KMAX20180801-2,KMAX20180801_131528_V06,2,1.494,1.200,413,0,130.055,8,0,114.360
KMAX20180801-2,KMAX20180801_131528_V06,4,2.505,1.200,207,0,3.751,0,0,3.751
KMAX20180801-2,KMAX20180801_132502_V06,0,0.483,1.200,1925,1,183581.852,48,1,183234.252
KMAX20180801-2,KMAX20180801_132502_V06,2,1.494,1.200,1932,0,156.737,3,0,153.291
KMAX20180801-2,KMAX20180801_132502_V06,4,2.505,1.200,966,0,37.145,1,0,33.867
KMAX20180801-2,KMAX20180801_133438_V06,0,0.483,1.200,4747,0,211262.451,135,0,210873.965
KMAX20180801-2,KMAX20180801_133438_V06,2,1.494,1.200,4750,0,282.203,43,0,178.403
KMAX20180801-2,KMAX20180801_133438_V06,4,2.505,1.200,2379,0,112.142,3,0,98.757
KMAX20180801-2,KMAX20180801_134413_V06,0,0.483,1.200,396,0,234160.072,3,0,234152.031
KMAX20180801-2,KMAX20180801_134413_V06,2,1.494,1.200,396,0,88.088,0,0,88.088
KMAX20180801-2,KMAX20180801_134413_V06,4,2.505,1.200,200,0,0.599,0,0,0.599
KMAX20180801-2,KMAX20180801_140323_V06,0,0.483,1.200,1381,0,177932.378,40,0,177731.863
KMAX20180801-2,KMAX20180801_140323_V06,2,1.494,1.200,1379,0,109.692,6,0,100.864
KMAX20180801-2,KMAX20180801_140323_V06,4,2.505,1.200,692,0,32.193,2,0,27.824
KMAX20180801-2,KMAX20180801_141257_V06,0,0.483,1.200,585,1,295713.804,1,1,295712.137
KMAX20180801-2,KMAX20180801_141257_V06,2,1.494,1.200,584,0,305.458,0,0,305.458
KMAX20180801-2,KMAX20180801_141257_V06,4,2.505,1.200,288,0,12.411,0,0,12.411
KMAX20180801-2,KMAX20180801_142231_V06,0,0.483,1.200,2368,0,201845.069,54,0,201576.968
KMAX20180801-2,KMAX20180801_142231_V06,2,1.494,1.200,2372,0,1761.189,16,0,1723.955
KMAX20180801-2,KMAX20180801_142231_V06,4,2.505,1.200,1187,0,130.892,4,0,88.458
KMAX20180801-10,KMAX20180801_140323_V06,0,0.483,1.200,6404,0,12369.122,259,0,10025.006
KMAX20180801-10,KMAX20180801_140323_V06,2,1.494,1.200,6408,0,164.066,25,0,45.816
KMAX20180801-10,KMAX20180801_141257_V06,0,0.483,1.200,10999,0,13823.509,308,0,10506.264
KMAX20180801-10,KMAX20180801_141257_V06,2,1.494,1.200,11006,0,358.928,50,0,215.936
KMAX20180801-8,KMAX20180801_134413_V06,0,0.483,1.200,21747,0,227.421,5261,0,129.357
KMAX20180801-8,KMAX20180801_134413_V06,2,1.494,1.200,21750,0,190.277,3789,0,93.802
KMAX20180801-8,KMAX20180801_134413_V06,4,2.505,1.200,10890,0,79.861,1073,0,32.003
KMAX20180801-8,KMAX20180801_134413_V06,5,3.516,1.200,10900,0,39.608,727,0,18.650
KMAX20180801-8,KMAX20180801_134413_V06,6,4.482,1.200,10922,0,18.086,630,0,8.658
KMAX20180802-1,KMAX20180802_121102_V06,0,0.483,1.200,717,0,142634.120,16,0,142589.023
KMAX20180802-1,KMAX20180802_121102_V06,2,1.494,1.200,715,0,291.305,2,0,288.931
KMAX20180802-1,KMAX20180802_121102_V06,4,2.505,1.200,358,0,11.540,0,0,11.540
KMAX20180802-1,KMAX20180802_122036_V06,0,0.483,1.200,2229,0,233121.585,52,0,232783.323
KMAX20180802-1,KMAX20180802_122036_V06,2,1.494,1.200,2230,0,144.226,9,0,126.214
KMAX20180802-1,KMAX20180802_122036_V06,4,2.505,1.200,1116,0,111.257,6,0,67.248
KMAX20180802-1,KMAX20180802_123012_V06,0,0.483,1.200,642,0,225493.172,15,0,225457.312
KMAX20180802-1,KMAX20180802_123012_V06,2,1.494,1.200,646,0,66.807,1,0,62.568
KMAX20180802-1,KMAX20180802_123012_V06,4,2.505,1.200,323,0,12.003,0,0,12.003
KMAX20180802-5,KMAX20180802_130832_V06,0,0.483,1.200,347,2,109939.070,4,2,109918.395
KMAX20180802-5,KMAX20180802_130832_V06,2,1.494,1.200,348,0,239.268,2,0,231.650
KMAX20180802-5,KMAX20180802_130832_V06,4,2.505,1.200,175,0,3.995,0,0,3.995
KMAX20180802-5,KMAX20180802_131807_V06,0,0.483,1.200,1673,0,125800.315,20,0,125684.831
KMAX20180802-5,KMAX20180802_131807_V06,2,1.494,1.200,1673,0,207.997,12,0,180.373
KMAX20180802-5,KMAX20180802_131807_V06,4,2.505,1.200,836,0,111.037,8,0,74.977
KMAX20180802-6,KMAX20180802_141534_V06,0,0.483,1.200,233,0,145206.795,0,0,145206.795
KMAX20180802-6,KMAX20180802_141534_V06,2,1.494,1.200,234,0,135.354,2,0,130.104
KMAX20180802-6,KMAX20180802_141534_V06,4,2.505,1.200,117,0,8.649,0,0,8.649
KMAX20180803-14,KMAX20180803_141452_V06,0,0.483,1.200,151,0,126275.888,0,0,126275.888
KMAX20180803-14,KMAX20180803_141452_V06,2,0.879,1.200,152,0,32790.383,1,0,32784.888
KMAX20180803-14,KMAX20180803_141452_V06,6,1.318,1.200,150,0,1196.996,1,0,1192.531
KMAX20180803-14,KMAX20180803_141452_V06,8,1.802,1.200,76,0,19.643,2,0,11.064
KMAX20180803-14,KMAX20180803_141452_V06,9,2.417,1.200,77,0,0.230,0,0,0.230
KMAX20180803-14,KMAX20180803_142335_V06,0,0.483,1.200,1047,0,212997.326,17,0,212893.255
KMAX20180803-14,KMAX20180803_142335_V06,2,0.879,1.200,1048,0,47185.375,27,0,46963.198
KMAX20180803-14,KMAX20180803_142335_V06,6,1.318,1.200,1048,0,2790.611,13,0,2735.192
KMAX20180803-14,KMAX20180803_142335_V06,8,1.802,1.200,521,0,44.609,2,0,36.914
KMAX20180803-14,KMAX20180803_142335_V06,9,2.417,1.200,522,0,53.755,4,0,16.623
KMAX20180803-14,KMAX20180803_143219_V06,0,0.483,1.200,976,0,220285.527,27,0,220153.627
KMAX20180803-14,KMAX20180803_143219_V06,2,0.879,1.200,978,0,53012.343,29,0,52486.788
KMAX20180803-14,KMAX20180803_143219_V06,6,1.318,1.200,976,0,3481.981,9,0,3266.982
KMAX20180803-14,KMAX20180803_143219_V06,8,1.802,1.200,490,0,34.719,5,0,12.942
KMAX20180803-14,KMAX20180803_143219_V06,9,2.417,1.200,488,0,18.975,2,0,4.330
KMAX20180803-1,KMAX20180803_121255_V06,0,0.483,1.200,839,0,115165.985,24,0,113949.421
KMAX20180803-1,KMAX20180803_121255_V06,2,0.879,1.200,840,0,20057.124,11,0,20027.260
KMAX20180803-1,KMAX20180803_121255_V06,6,1.318,1.200,841,0,1736.417,8,0,1596.282
KMAX20180803-1,KMAX20180803_121255_V06,8,1.802,1.200,419,0,40.708,7,0,14.353
KMAX20180803-1,KMAX20180803_121255_V06,9,2.417,1.200,418,0,27.312,4,0,1.225
KMAX20180803-1,KMAX20180803_122138_V06,0,0.483,1.200,2007,0,245059.970,51,0,244658.534
KMAX20180803-1,KMAX20180803_122138_V06,2,0.879,1.200,2008,0,28257.879,24,0,28187.269
KMAX20180803-1,KMAX20180803_122138_V06,6,1.318,1.200,2008,0,1998.960,27,0,1752.633
KMAX20180803-1,KMAX20180803_122138_V06,8,1.802,1.200,1003,0,82.203,10,0,33.002
KMAX20180803-1,KMAX20180803_122138_V06,9,2.417,1.200,1007,0,12.063,0,0,12.063
KMAX20180803-1,KMAX20180803_123021_V06,0,0.483,1.200,148,0,125163.382,0,0,125163.382
KMAX20180803-1,KMAX20180803_123021_V06,2,0.879,1.200,149,0,27191.630,0,0,27191.630
KMAX20180803-1,KMAX20180803_123021_V06,6,1.318,1.200,149,0,1157.480,1,0,1154.954
KMAX20180803-1,KMAX20180803_123021_V06,8,1.802,1.200,73,0,0.216,0,0,0.216
KMAX20180803-1,KMAX20180803_123021_V06,9,2.417,1.200,74,0,0.219,0,0,0.219
KMAX20180803-1,KMAX20180803_123904_V06,0,0.483,1.200,1211,0,167252.228,22,0,167086.393
KMAX20180803-1,KMAX20180803_123904_V06,2,0.879,1.200,1213,0,38121.223,17,0,37643.342
KMAX20180803-1,KMAX20180803_123904_V06,6,1.318,1.200,1215,0,2509.545,14,0,2423.042
KMAX20180803-1,KMAX20180803_123904_V06,8,1.802,1.200,609,0,62.171,3,0,50.804
KMAX20180803-1,KMAX20180803_123904_V06,9,2.417,1.200,606,0,47.939,3,0,35.548
KMAX20180803-1,KMAX20180803_124746_V06,0,0.483,1.200,589,2,231362.311,14,2,231308.233
KMAX20180803-1,KMAX20180803_124746_V06,2,0.879,1.200,590,0,34522.526,15,0,34448.076
KMAX20180803-1,KMAX20180803_124746_V06,6,1.318,1.200,589,0,1278.379,5,0,1271.098
KMAX20180803-1,KMAX20180803_124746_V06,8,1.802,1.200,293,0,18.590,4,0,4.506
KMAX20180803-1,KMAX20180803_124746_V06,9,2.417,1.200,294,0,0.890,0,0,0.890
KMAX20180803-1,KMAX20180803_130506_V06,0,0.483,1.200,1624,1,138126.712,38,1,128719.119
KMAX20180803-1,KMAX20180803_130506_V06,2,0.879,1.200,1624,0,36548.486,25,0,36399.558
KMAX20180803-1,KMAX20180803_130506_V06,6,1.318,1.200,1623,0,1976.391,14,0,1864.973
KMAX20180803-1,KMAX20180803_130506_V06,8,1.802,1.200,814,0,61.172,4,0,46.328
KMAX20180803-1,KMAX20180803_130506_V06,9,2.417,1.200,811,0,83.938,6,0,56.820
KMAX20180803-1,KMAX20180803_131351_V06,0,0.483,1.200,586,0,162580.337,8,0,162541.971
KMAX20180803-1,KMAX20180803_131351_V06,2,0.879,1.200,586,0,52047.571,21,0,51973.456
KMAX20180803-1,KMAX20180803_131351_V06,6,1.318,1.200,588,0,1343.573,10,0,1319.225
KMAX20180803-1,KMAX20180803_131351_V06,8,1.802,1.200,291,0,21.472,5,0,0.857
KMAX20180803-1,KMAX20180803_131351_V06,9,2.417,1.200,292,0,24.026,2,0,17.791
KMAX20180803-1,KMAX20180803_132235_V06,0,0.483,1.200,1805,1,109202.680,37,1,109014.532
KMAX20180803-1,KMAX20180803_132235_V06,2,0.879,1.200,1806,0,24254.405,30,0,24157.991
KMAX20180803-1,KMAX20180803_132235_V06,6,1.318,1.200,1809,0,1673.439,30,0,1404.905
KMAX20180803-1,KMAX20180803_132235_V06,8,1.802,1.200,902,0,136.331,8,0,38.008
KMAX20180803-1,KMAX20180803_132235_V06,9,2.417,1.200,904,0,129.360,5,0,113.417
KMAX20180803-11,KMAX20180803_134843_V06,0,0.483,1.200,559,0,139652.965,9,0,139594.843
KMAX20180803-11,KMAX20180803_134843_V06,2,0.879,1.200,559,0,34934.423,12,0,34894.597
KMAX20180803-11,KMAX20180803_134843_V06,6,1.318,1.200,561,0,1462.562,8,0,1318.782
KMAX20180803-11,KMAX20180803_134843_V06,8,1.802,1.200,280,0,29.824,5,0,0.824
KMAX20180803-11,KMAX20180803_134843_V06,9,2.417,1.200,281,0,13.824,0,0,13.824
KMAX20180803-11,KMAX20180803_140608_V06,0,0.483,1.200,1546,0,195105.419,22,0,195011.936
KMAX20180803-11,KMAX20180803_140608_V06,2,0.879,1.200,1550,0,43300.236,24,0,43215.072
KMAX20180803-11,KMAX20180803_140608_V06,6,1.318,1.200,1547,0,4442.546,32,0,4114.931
KMAX20180803-11,KMAX20180803_140608_V06,8,1.802,1.200,769,0,52.051,4,0,37.530
KMAX20180803-11,KMAX20180803_140608_V06,9,2.417,1.200,773,0,136.121,9,0,53.960
KMAX20180804-9,KMAX20180804_131644_V06,0,0.483,1.200,226,0,244120.786,4,0,237020.490
KMAX20180804-9,KMAX20180804_131644_V06,2,0.879,1.200,226,0,42577.088,1,0,42140.650
KMAX20180804-9,KMAX20180804_131644_V06,4,1.318,1.200,224,0,816.082,3,0,808.984
KMAX20180804-9,KMAX20180804_131644_V06,6,1.802,1.200,113,0,24.341,0,0,24.341
KMAX20180804-9,KMAX20180804_131644_V06,7,2.417,1.200,113,0,0.333,0,0,0.333
KMAX20180804-9,KMAX20180804_132349_V06,0,0.483,1.200,1189,1,291618.888,26,1,276905.394
KMAX20180804-9,KMAX20180804_132349_V06,2,0.879,1.200,1192,0,68617.200,29,0,66075.033
KMAX20180804-9,KMAX20180804_132349_V06,4,1.318,1.200,1194,0,739.598,6,0,712.900
KMAX20180804-9,KMAX20180804_132349_V06,6,1.802,1.200,597,0,140.045,3,0,126.622
KMAX20180804-9,KMAX20180804_132349_V06,7,2.417,1.200,597,0,9.220,0,0,9.220
KMAX20180804-9,KMAX20180804_133055_V06,0,0.483,1.200,1292,1,289096.543,17,1,288768.116
KMAX20180804-9,KMAX20180804_133055_V06,2,0.879,1.200,1293,0,39720.528,19,0,39580.630
KMAX20180804-9,KMAX20180804_133055_V06,4,1.318,1.200,1293,0,1234.205,21,0,1088.852
KMAX20180804-9,KMAX20180804_133055_V06,6,1.802,1.200,649,0,100.607,8,0,65.056
KMAX20180804-9,KMAX20180804_133055_V06,7,2.417,1.200,649,0,16.779,3,0,1.904
KMAX20180804-9,KMAX20180804_133800_V06,0,0.483,1.200,1669,0,204059.386,30,0,202821.784
KMAX20180804-9,KMAX20180804_133800_V06,2,0.879,1.200,1670,0,38121.162,32,0,37815.394
KMAX20180804-9,KMAX20180804_133800_V06,4,1.318,1.200,1669,0,2315.726,32,0,1369.250
KMAX20180804-9,KMAX20180804_133800_V06,6,1.802,1.200,836,0,43.913,4,0,25.839
KMAX20180804-9,KMAX20180804_133800_V06,7,2.417,1.200,835,0,19.527,0,0,19.527
KMAX20180804-9,KMAX20180804_134506_V06,0,0.483,1.200,586,0,206074.690,15,0,205918.493
KMAX20180804-9,KMAX20180804_134506_V06,2,0.879,1.200,588,0,42837.020,20,0,42769.224
KMAX20180804-9,KMAX20180804_134506_V06,4,1.318,1.200,585,0,2252.462,15,0,2176.731
KMAX20180804-9,KMAX20180804_134506_V06,6,1.802,1.200,293,0,18.212,0,0,18.212
KMAX20180804-9,KMAX20180804_134506_V06,7,2.417,1.200,292,0,16.732,1,0,13.653
KMAX20180804-9,KMAX20180804_135212_V06,0,0.483,1.200,1963,0,194348.645,38,0,194134.509
KMAX20180804-9,KMAX20180804_135212_V06,2,0.879,1.200,1967,0,39179.877,21,0,39119.326
KMAX20180804-9,KMAX20180804_135212_V06,4,1.318,1.200,1967,0,2822.601,27,0,2232.295
KMAX20180804-9,KMAX20180804_135212_V06,6,1.802,1.200,982,0,68.783,8,0,44.485
KMAX20180804-9,KMAX20180804_135212_V06,7,2.417,1.200,984,0,25.158,2,0,17.122
KMAX20180804-9,KMAX20180804_140620_V06,0,0.483,1.200,556,0,156145.869,11,0,156078.627
KMAX20180804-9,KMAX20180804_140620_V06,2,0.879,1.200,553,0,40750.880,13,0,40665.673
KMAX20180804-9,KMAX20180804_140620_V06,4,1.318,1.200,554,0,1734.098,7,0,1717.269
KMAX20180804-9,KMAX20180804_140620_V06,6,1.802,1.200,275,0,22.056,4,0,3.888
KMAX20180804-9,KMAX20180804_140620_V06,7,2.417,1.200,277,0,30.416,3,0,20.357
KMAX20180804-9,KMAX20180804_141325_V06,0,0.483,1.200,1610,0,181009.619,42,0,180664.510
KMAX20180804-9,KMAX20180804_141325_V06,2,0.879,1.200,1615,0,34830.131,31,0,34714.183
KMAX20180804-9,KMAX20180804_141325_V06,4,1.318,1.200,1618,0,1625.596,10,0,1577.676
KMAX20180804-9,KMAX20180804_141325_V06,6,1.802,1.200,807,0,53.501,8,0,25.726
KMAX20180804-9,KMAX20180804_141325_V06,7,2.417,1.200,806,0,49.056,4,0,28.420
KMAX20180804-9,KMAX20180804_142030_V06,0,0.483,1.200,564,0,218330.308,8,0,218274.126
KMAX20180804-9,KMAX20180804_142030_V06,2,0.879,1.200,567,0,58710.567,9,0,57811.015
KMAX20180804-9,KMAX20180804_142030_V06,4,1.318,1.200,568,0,1631.554,6,0,1545.397
KMAX20180804-9,KMAX20180804_142030_V06,6,1.802,1.200,281,0,28.320,1,0,25.868
KMAX20180804-9,KMAX20180804_142030_V06,7,2.417,1.200,281,0,0.839,0,0,0.839
KMAX20180804-9,KMAX20180804_142735_V06,0,0.483,1.200,1803,0,268095.528,37,0,267902.968
KMAX20180804-9,KMAX20180804_142735_V06,2,0.879,1.200,1801,0,39606.885,29,0,39467.497
KMAX20180804-9,KMAX20180804_142735_V06,4,1.318,1.200,1804,0,1002.539,13,0,940.508
KMAX20180804-9,KMAX20180804_142735_V06,6,1.802,1.200,902,0,74.042,7,0,42.882
KMAX20180804-9,KMAX20180804_142735_V06,7,2.417,1.200,901,0,91.438,7,0,66.366
KMAX20180804-1,KMAX20180804_121305_V06,0,0.483,1.200,439,0,348165.559,8,0,348120.171
KMAX20180804-1,KMAX20180804_121305_V06,2,0.879,1.200,437,0,40042.413,8,0,39998.209
KMAX20180804-1,KMAX20180804_121305_V06,4,1.318,1.200,437,0,4598.763,7,0,4497.804
KMAX20180804-1,KMAX20180804_121305_V06,6,1.802,1.200,219,0,34.674,6,0,0.631
KMAX20180804-1,KMAX20180804_121305_V06,7,2.417,1.200,220,0,0.653,0,0,0.653
KMAX20180804-1,KMAX20180804_122009_V06,0,0.483,1.200,1697,1,238734.908,52,1,238073.403
KMAX20180804-1,KMAX20180804_122009_V06,2,0.879,1.200,1697,0,26766.921,34,0,26686.588
KMAX20180804-1,KMAX20180804_122009_V06,4,1.318,1.200,1700,0,1794.882,21,0,1622.277
KMAX20180804-1,KMAX20180804_122009_V06,6,1.802,1.200,853,0,224.366,19,0,28.542
KMAX20180804-1,KMAX20180804_122009_V06,7,2.417,1.200,852,0,48.606,7,0,19.503
KMAX20180804-1,KMAX20180804_122714_V06,0,0.483,1.200,561,0,255320.094,15,0,254976.297
KMAX20180804-1,KMAX20180804_122714_V06,2,0.879,1.200,559,0,49809.153,16,0,48956.041
KMAX20180804-1,KMAX20180804_122714_V06,4,1.318,1.200,558,0,1049.990,13,0,948.844
KMAX20180804-1,KMAX20180804_122714_V06,6,1.802,1.200,279,0,10.604,2,0,0.842
KMAX20180804-1,KMAX20180804_122714_V06,7,2.417,1.200,279,0,17.449,2,0,10.745
KMAX20180804-1,KMAX20180804_123418_V06,0,0.483,1.200,1856,0,225514.172,57,0,224597.111
KMAX20180804-1,KMAX20180804_123418_V06,2,0.879,1.200,1860,0,65055.056,34,0,64264.620
KMAX20180804-1,KMAX20180804_123418_V06,4,1.318,1.200,1863,0,1806.176,23,0,1336.388
KMAX20180804-1,KMAX20180804_123418_V06,6,1.802,1.200,930,0,133.822,8,0,89.079
KMAX20180804-1,KMAX20180804_123418_V06,7,2.417,1.200,929,0,68.123,9,0,26.573
KMAX20180804-1,KMAX20180804_124123_V06,0,0.483,1.200,578,0,361254.544,10,0,361197.266
KMAX20180804-1,KMAX20180804_124123_V06,2,0.879,1.200,581,0,47965.214,12,0,47139.443
KMAX20180804-1,KMAX20180804_124123_V06,4,1.318,1.200,581,0,1349.676,8,0,1240.603
KMAX20180804-1,KMAX20180804_124123_V06,6,1.802,1.200,291,0,16.702,2,0,6.564
KMAX20180804-1,KMAX20180804_124123_V06,7,2.417,1.200,291,0,0.883,0,0,0.883
KMAX20180804-1,KMAX20180804_124829_V06,0,0.483,1.200,1942,0,261579.947,46,0,261255.348
KMAX20180804-1,KMAX20180804_124829_V06,2,0.879,1.200,1942,0,40942.645,37,0,40089.244
KMAX20180804-1,KMAX20180804_124829_V06,4,1.318,1.200,1942,0,1353.672,40,0,1014.344
KMAX20180804-1,KMAX20180804_124829_V06,6,1.802,1.200,969,0,86.906,6,0,66.504
KMAX20180804-1,KMAX20180804_124829_V06,7,2.417,1.200,966,0,34.800,5,0,14.556
KMAX20180805-11,KMAX20180805_134122_V06,0,0.483,1.200,166,0,142697.425,2,0,139991.242
KMAX20180805-11,KMAX20180805_134122_V06,2,0.879,1.200,166,0,42391.300,2,0,41405.422
KMAX20180805-11,KMAX20180805_134122_V06,6,1.318,1.200,167,0,1443.339,3,0,1424.019
KMAX20180805-11,KMAX20180805_134122_V06,8,1.802,1.200,84,0,0.252,0,0,0.252
KMAX20180805-11,KMAX20180805_134122_V06,9,2.417,1.200,83,0,13.624,0,0,13.624
KMAX20180805-11,KMAX20180805_134951_V06,0,0.483,1.200,1136,0,175359.436,25,0,174117.151
KMAX20180805-11,KMAX20180805_134951_V06,2,0.879,1.200,1136,0,41493.418,32,0,41384.658
KMAX20180805-11,KMAX20180805_134951_V06,6,1.318,1.200,1137,0,3663.179,16,0,3429.469
KMAX20180805-11,KMAX20180805_134951_V06,8,1.802,1.200,568,0,90.424,11,0,8.968
KMAX20180805-11,KMAX20180805_134951_V06,9,2.417,1.200,569,0,26.744,1,0,23.647
KMAX20180805-11,KMAX20180805_140718_V06,0,0.483,1.200,1173,0,158520.548,19,0,158365.086
KMAX20180805-11,KMAX20180805_140718_V06,2,0.879,1.200,1175,0,36967.384,14,0,36411.116
KMAX20180805-11,KMAX20180805_140718_V06,6,1.318,1.200,1175,0,1500.604,14,0,1368.166
KMAX20180805-11,KMAX20180805_140718_V06,8,1.802,1.200,586,0,58.526,6,0,11.062
KMAX20180805-11,KMAX20180805_140718_V06,9,2.417,1.200,589,0,10.266,0,0,10.266
KMAX20180805-11,KMAX20180805_141552_V06,0,0.483,1.200,1297,0,174537.074,17,0,174353.359
KMAX20180805-11,KMAX20180805_141552_V06,2,0.879,1.200,1299,0,38465.563,16,0,38355.234
KMAX20180805-11,KMAX20180805_141552_V06,6,1.318,1.200,1298,0,1718.491,17,0,1578.920
KMAX20180805-11,KMAX20180805_141552_V06,8,1.802,1.200,647,0,40.510,4,0,22.263
KMAX20180805-11,KMAX20180805_141552_V06,9,2.417,1.200,646,0,72.563,12,0,14.693
KMAX20180805-11,KMAX20180805_142437_V06,0,0.483,1.200,1080,0,182166.071,19,0,181984.325
KMAX20180805-11,KMAX20180805_142437_V06,2,0.879,1.200,1078,0,50861.339,31,0,50261.091
KMAX20180805-11,KMAX20180805_142437_V06,6,1.318,1.200,1079,0,2496.224,13,0,2291.593
KMAX20180805-11,KMAX20180805_142437_V06,8,1.802,1.200,537,0,4378.454,3,0,4356.522
KMAX20180805-11,KMAX20180805_142437_V06,9,2.417,1.200,538,0,9.420,2,0,1.586
KMAX20180805-11,KMAX20180805_143320_V06,0,0.483,1.200,935,0,150607.221,17,0,150245.853
KMAX20180805-11,KMAX20180805_143320_V06,2,0.879,1.200,934,0,53873.213,19,0,53760.639
KMAX20180805-11,KMAX20180805_143320_V06,6,1.318,1.200,931,0,2402.693,17,0,2144.016
KMAX20180805-11,KMAX20180805_143320_V06,8,1.802,1.200,469,0,101.649,13,0,41.242
KMAX20180805-11,KMAX20180805_143320_V06,9,2.417,1.200,468,0,19.431,0,0,19.431
KMAX20180805-2,KMAX20180805_121444_V06,0,0.483,1.200,225,0,154344.524,2,0,154334.291
KMAX20180805-2,KMAX20180805_121444_V06,2,0.879,1.200,227,0,34861.889,0,0,34861.889
KMAX20180805-2,KMAX20180805_121444_V06,6,1.318,1.200,226,0,957.692,0,0,957.692
KMAX20180805-2,KMAX20180805_121444_V06,8,1.802,1.200,115,0,11.913,2,0,5.841
KMAX20180805-2,KMAX20180805_121444_V06,9,2.417,1.200,115,0,0.344,0,0,0.344
KMAX20180805-2,KMAX20180805_122320_V06,0,0.483,1.200,1220,0,153026.116,25,0,152876.328
KMAX20180805-2,KMAX20180805_122320_V06,2,0.879,1.200,1219,0,46942.574,20,0,46879.454
KMAX20180805-2,KMAX20180805_122320_V06,6,1.318,1.200,1223,0,3592.420,24,0,3510.415
KMAX20180805-2,KMAX20180805_122320_V06,8,1.802,1.200,611,0,15.590,0,0,15.590
KMAX20180805-2,KMAX20180805_122320_V06,9,2.417,1.200,612,0,15.842,2,0,1.856
KMAX20180805-2,KMAX20180805_123203_V06,0,0.483,1.200,1224,0,224341.903,17,0,224266.719
KMAX20180805-2,KMAX20180805_123203_V06,2,0.879,1.200,1224,0,29816.698,29,0,28635.298
KMAX20180805-2,KMAX20180805_123203_V06,6,1.318,1.200,1222,0,1814.254,13,0,1641.116
KMAX20180805-2,KMAX20180805_123203_V06,8,1.802,1.200,612,0,157.372,11,0,28.346
KMAX20180805-2,KMAX20180805_123203_V06,9,2.417,1.200,614,0,6.383,0,0,6.383
KMAX20180805-2,KMAX20180805_124046_V06,0,0.483,1.200,1237,0,148684.641,22,0,148616.823
KMAX20180805-2,KMAX20180805_124046_V06,2,0.879,1.200,1235,0,58738.905,21,0,58672.091
KMAX20180805-2,KMAX20180805_124046_V06,6,1.318,1.200,1237,0,1989.429,11,0,1932.343
KMAX20180805-2,KMAX20180805_124046_V06,8,1.802,1.200,617,0,21.383,2,0,9.068
KMAX20180805-2,KMAX20180805_124046_V06,9,2.417,1.200,618,0,32.728,3,0,18.939
KMAX20180806-1,KMAX20180806_121003_V06,0,0.483,1.200,365,0,94241.841,4,0,94224.064
KMAX20180806-1,KMAX20180806_121003_V06,2,0.879,1.200,364,0,20322.382,5,0,20302.739
KMAX20180806-1,KMAX20180806_121003_V06,6,1.318,1.200,362,0,381.385,6,0,360.618
KMAX20180806-1,KMAX20180806_121003_V06,8,1.802,1.200,185,0,26.412,5,0,6.845
KMAX20180806-1,KMAX20180806_121003_V06,9,2.417,1.200,182,0,6.674,2,0,0.531
KMAX20180806-1,KMAX20180806_121847_V06,0,0.483,1.200,1623,0,120734.341,36,0,120562.531
KMAX20180806-1,KMAX20180806_121847_V06,2,0.879,1.200,1625,0,11383.661,29,0,11240.019
KMAX20180806-1,KMAX20180806_121847_V06,6,1.318,1.200,1628,0,1845.268,20,0,1742.003
KMAX20180806-1,KMAX20180806_121847_V06,8,1.802,1.200,814,0,46.619,4,0,34.588
KMAX20180806-1,KMAX20180806_121847_V06,9,2.417,1.200,817,0,40.398,2,0,30.818
KMAX20180806-12,KMAX20180806_134600_V06,0,0.483,1.200,565,0,140940.237,13,0,140858.574
KMAX20180806-12,KMAX20180806_134600_V06,2,0.879,1.200,565,0,13781.876,7,0,13753.144
KMAX20180806-12,KMAX20180806_134600_V06,6,1.318,1.200,567,0,1399.340,3,0,1299.729
KMAX20180806-12,KMAX20180806_134600_V06,8,1.802,1.200,282,0,48.060,8,0,7.871
KMAX20180806-12,KMAX20180806_134600_V06,9,2.417,1.200,283,0,7.905,0,0,7.905
KMAX20180806-12,KMAX20180806_140325_V06,0,0.483,1.200,1620,0,145947.190,44,0,145665.870
KMAX20180806-12,KMAX20180806_140325_V06,2,0.879,1.200,1621,0,39039.690,39,0,38653.075
KMAX20180806-12,KMAX20180806_140325_V06,6,1.318,1.200,1624,0,1177.860,22,0,1033.321
KMAX20180806-12,KMAX20180806_140325_V06,8,1.802,1.200,811,0,12.890,0,0,12.890
KMAX20180806-12,KMAX20180806_140325_V06,9,2.417,1.200,814,0,30.681,1,0,26.231
KMAX20180807-5,KMAX20180807_123240_V06,0,0.483,1.200,159,0,135252.361,2,0,133335.342
KMAX20180807-5,KMAX20180807_123240_V06,2,0.879,1.200,159,0,21810.714,1,0,21802.953
KMAX20180807-5,KMAX20180807_123240_V06,6,1.318,1.200,160,0,791.252,7,0,657.064
KMAX20180807-5,KMAX20180807_123240_V06,8,1.802,1.200,80,0,0.236,0,0,0.236
KMAX20180807-5,KMAX20180807_123240_V06,9,2.417,1.200,81,0,0.239,0,0,0.239
KMAX20180807-5,KMAX20180807_124122_V06,0,0.483,1.200,1014,0,198111.678,27,0,191648.957
KMAX20180807-5,KMAX20180807_124122_V06,2,0.879,1.200,1014,0,47628.313,19,0,39433.788
KMAX20180807-5,KMAX20180807_124122_V06,6,1.318,1.200,1017,0,5411.032,12,0,4913.948
KMAX20180807-5,KMAX20180807_124122_V06,8,1.802,1.200,508,0,1.495,0,0,1.495
KMAX20180807-5,KMAX20180807_124122_V06,9,2.417,1.200,507,0,42.843,5,0,17.287
KMAX20180807-5,KMAX20180807_125003_V06,0,0.483,1.200,1365,0,87089.721,15,0,86977.158
KMAX20180807-5,KMAX20180807_125003_V06,2,0.879,1.200,1366,0,13163.151,30,0,12869.413
KMAX20180807-5,KMAX20180807_125003_V06,6,1.318,1.200,1370,0,1532.541,9,0,1455.968
KMAX20180807-5,KMAX20180807_125003_V06,8,1.802,1.200,686,0,28.235,2,0,17.883
KMAX20180807-5,KMAX20180807_125003_V06,9,2.417,1.200,688,0,38.344,0,0,38.344
KMAX20180807-5,KMAX20180807_130727_V06,0,0.483,1.200,2678,0,162395.045,73,0,161522.603
KMAX20180807-5,KMAX20180807_130727_V06,2,0.879,1.200,2679,0,18101.799,57,0,15308.480
KMAX20180807-5,KMAX20180807_130727_V06,6,1.318,1.200,2678,0,1256.287,37,0,988.438
KMAX20180807-5,KMAX20180807_130727_V06,8,1.802,1.200,1338,0,52.271,1,0,47.474
KMAX20180807-5,KMAX20180807_130727_V06,9,2.417,1.200,1339,0,51.807,2,0,44.217
KMAX20180807-5,KMAX20180807_131610_V06,0,0.483,1.200,143,2,91520.105,0,2,91520.105
KMAX20180807-5,KMAX20180807_131610_V06,2,0.879,1.200,143,0,14929.216,5,0,13087.232
KMAX20180807-5,KMAX20180807_131610_V06,6,1.318,1.200,144,0,1657.259,6,0,1132.870
KMAX20180807-5,KMAX20180807_131610_V06,8,1.802,1.200,72,0,15.078,3,0,0.203
KMAX20180807-5,KMAX20180807_131610_V06,9,2.417,1.200,69,0,0.204,0,0,0.204
KMAX20180807-5,KMAX20180807_132452_V06,0,0.483,1.200,1213,2,167003.793,43,2,163087.311
KMAX20180807-5,KMAX20180807_132452_V06,2,0.879,1.200,1214,0,33181.583,16,0,32845.756
KMAX20180807-5,KMAX20180807_132452_V06,6,1.318,1.200,1213,0,1409.162,12,0,1282.839
KMAX20180807-5,KMAX20180807_132452_V06,8,1.802,1.200,611,0,38.749,3,0,22.830
KMAX20180807-5,KMAX20180807_132452_V06,9,2.417,1.200,611,0,41.918,4,0,26.669
KMAX20180807-5,KMAX20180807_133333_V06,0,0.483,1.200,367,0,177092.321,4,0,177063.656
KMAX20180807-5,KMAX20180807_133333_V06,2,0.879,1.200,367,0,24734.223,5,0,24430.755
KMAX20180807-5,KMAX20180807_133333_V06,6,1.318,1.200,366,0,820.293,3,0,816.254
KMAX20180807-5,KMAX20180807_133333_V06,8,1.802,1.200,186,0,13.302,2,0,3.943
KMAX20180807-5,KMAX20180807_133333_V06,9,2.417,1.200,184,0,37.528,3,0,22.233
KMAX20180807-5,KMAX20180807_134215_V06,0,0.483,1.200,1510,0,157870.830,33,0,155817.596
KMAX20180807-5,KMAX20180807_134215_V06,2,0.879,1.200,1510,0,29362.232,25,0,29190.265
KMAX20180807-5,KMAX20180807_134215_V06,6,1.318,1.200,1507,0,1078.157,13,0,866.970
KMAX20180807-5,KMAX20180807_134215_V06,8,1.802,1.200,756,0,21.337,0,0,21.337
KMAX20180807-5,KMAX20180807_134215_V06,9,2.417,1.200,758,0,12.055,1,0,5.515
KMAX20180807-5,KMAX20180807_135056_V06,0,0.483,1.200,592,1,215978.730,13,1,214200.702
KMAX20180807-5,KMAX20180807_135056_V06,2,0.879,1.200,590,0,38157.180,11,0,37725.232
KMAX20180807-5,KMAX20180807_135056_V06,6,1.318,1.200,591,0,1375.171,6,0,1180.462
KMAX20180807-5,KMAX20180807_135056_V06,8,1.802,1.200,295,0,29.763,2,0,14.432
KMAX20180807-5,KMAX20180807_135056_V06,9,2.417,1.200,294,0,20.838,2,0,8.614
KMAX20180807-5,KMAX20180807_140819_V06,0,0.483,1.200,1698,0,150966.590,35,0,143368.138
KMAX20180807-5,KMAX20180807_140819_V06,2,0.879,1.200,1698,0,21062.181,22,0,18203.911
KMAX20180807-5,KMAX20180807_140819_V06,6,1.318,1.200,1703,0,2154.901,12,0,1968.859
KMAX20180807-5,KMAX20180807_140819_V06,8,1.802,1.200,854,0,15.540,3,0,2.512
KMAX20180807-5,KMAX20180807_140819_V06,9,2.417,1.200,851,0,25.437,2,0,15.201
KMAX20180807-13,KMAX20180807_141701_V06,0,0.483,1.200,176,0,130978.033,2,0,125149.852
KMAX20180807-13,KMAX20180807_141701_V06,2,0.879,1.200,176,0,26515.427,0,0,26515.427
KMAX20180807-13,KMAX20180807_141701_V06,6,1.318,1.200,177,0,1056.306,4,0,764.194
KMAX20180807-13,KMAX20180807_141701_V06,8,1.802,1.200,88,0,0.259,0,0,0.259
KMAX20180807-13,KMAX20180807_141701_V06,9,2.417,1.200,89,0,6.193,0,0,6.193
KMAX20180807-13,KMAX20180807_142542_V06,0,0.483,1.200,1068,0,116154.106,26,0,104763.598
KMAX20180807-13,KMAX20180807_142542_V06,2,0.879,1.200,1069,0,11841.227,22,0,9981.232
KMAX20180807-13,KMAX20180807_142542_V06,6,1.318,1.200,1067,0,1054.469,14,0,994.827
KMAX20180807-13,KMAX20180807_142542_V06,8,1.802,1.200,533,0,22.022,0,0,22.022
KMAX20180807-13,KMAX20180807_142542_V06,9,2.417,1.200,532,0,10.359,2,0,1.574
KMAX20180807-13,KMAX20180807_143619_V06,0,0.483,1.200,1040,0,170041.172,44,0,141333.903
KMAX20180807-13,KMAX20180807_143619_V06,2,0.879,1.200,1041,0,20930.366,19,0,19551.064
KMAX20180807-13,KMAX20180807_143619_V06,6,1.318,1.200,1043,0,591.389,2,0,572.634
KMAX20180807-13,KMAX20180807_143619_V06,8,1.802,1.200,519,0,54.259,3,0,27.435
KMAX20180807-13,KMAX20180807_143619_V06,9,2.417,1.200,520,0,8.541,0,0,8.541
KMAX20180807-1,KMAX20180807_121517_V06,0,0.483,1.200,850,0,224519.637,17,0,208268.958
KMAX20180807-1,KMAX20180807_121517_V06,2,0.879,1.200,847,0,40305.353,13,0,35885.206
KMAX20180807-1,KMAX20180807_121517_V06,6,1.318,1.200,852,0,1293.989,6,0,1133.170
KMAX20180807-1,KMAX20180807_121517_V06,8,1.802,1.200,425,0,30.202,5,0,9.453
KMAX20180807-1,KMAX20180807_121517_V06,9,2.417,1.200,423,0,1.260,0,0,1.260
KMAX20180807-1,KMAX20180807_122358_V06,0,0.483,1.200,1833,0,176655.415,40,0,160067.863
KMAX20180807-1,KMAX20180807_122358_V06,2,0.879,1.200,1834,0,26834.593,28,0,24923.422
KMAX20180807-1,KMAX20180807_122358_V06,6,1.318,1.200,1834,0,2093.084,24,0,1636.792
KMAX20180807-1,KMAX20180807_122358_V06,8,1.802,1.200,916,0,84.128,7,0,57.781
KMAX20180807-1,KMAX20180807_122358_V06,9,2.417,1.200,916,0,27.638,1,0,23.608
KMAX20180808-1,KMAX20180808_121518_V06,0,0.483,1.200,519,0,146793.545,9,0,146718.515
KMAX20180808-1,KMAX20180808_121518_V06,2,0.879,1.200,519,0,34538.003,12,0,34469.037
KMAX20180808-1,KMAX20180808_121518_V06,6,1.318,1.200,518,0,1295.138,7,0,951.875
KMAX20180808-1,KMAX20180808_121518_V06,8,1.802,1.200,260,0,15.042,0,0,15.042
KMAX20180808-1,KMAX20180808_121518_V06,9,2.417,1.200,262,0,0.782,0,0,0.782
KMAX20180808-1,KMAX20180808_122400_V06,0,0.483,1.200,1866,0,287719.432,46,0,283044.950
KMAX20180808-1,KMAX20180808_122400_V06,2,0.879,1.200,1872,1,76778.933,36,1,75824.469
KMAX20180808-1,KMAX20180808_122400_V06,6,1.318,1.200,1871,0,2959.989,26,0,2277.746
KMAX20180808-1,KMAX20180808_122400_V06,8,1.802,1.200,931,0,125.094,4,0,65.587
KMAX20180808-1,KMAX20180808_122400_V06,9,2.417,1.200,930,0,20.289,1,0,16.217
KMAX20180808-4,KMAX20180808_131610_V06,0,0.483,1.200,564,0,198756.137,10,0,198100.682
KMAX20180808-4,KMAX20180808_131610_V06,2,0.879,1.200,563,1,50013.390,15,1,49867.544
KMAX20180808-4,KMAX20180808_131610_V06,6,1.318,1.200,564,0,1050.598,10,0,908.654
KMAX20180808-4,KMAX20180808_131610_V06,8,1.802,1.200,282,0,0.856,0,0,0.856
KMAX20180808-4,KMAX20180808_131610_V06,9,2.417,1.200,280,0,24.085,1,0,21.334
KMAX20180808-4,KMAX20180808_132451_V06,0,0.483,1.200,1801,1,200455.421,83,1,196600.567
KMAX20180808-4,KMAX20180808_132451_V06,2,0.879,1.200,1799,0,27242.898,51,0,26909.136
KMAX20180808-4,KMAX20180808_132451_V06,6,1.318,1.200,1798,0,1785.584,22,0,1369.677
KMAX20180808-4,KMAX20180808_132451_V06,8,1.802,1.200,898,0,40.020,5,0,20.574
KMAX20180808-4,KMAX20180808_132451_V06,9,2.417,1.200,902,0,2.690,0,0,2.690
KMAX20180808-4,KMAX20180808_133333_V06,0,0.483,1.200,3948,0,126279.898,168,0,123689.137
KMAX20180808-4,KMAX20180808_133333_V06,2,0.879,1.200,3945,0,20392.671,80,0,19983.593
KMAX20180808-4,KMAX20180808_133333_V06,6,1.318,1.200,3946,0,2206.275,65,0,1977.072
KMAX20180808-4,KMAX20180808_133333_V06,8,1.802,1.200,1979,0,65.219,8,0,29.915
KMAX20180808-4,KMAX20180808_133333_V06,9,2.417,1.200,1977,0,104.415,11,0,45.215
KMAX20180808-4,KMAX20180808_134214_V06,0,0.483,1.200,547,0,203625.216,14,0,193841.347
KMAX20180808-4,KMAX20180808_134214_V06,2,0.879,1.200,545,0,36720.296,24,0,33983.661
KMAX20180808-4,KMAX20180808_134214_V06,6,1.318,1.200,545,0,552.688,7,0,475.519
KMAX20180808-4,KMAX20180808_134214_V06,8,1.802,1.200,272,0,8.133,0,0,8.133
KMAX20180808-4,KMAX20180808_134214_V06,9,2.417,1.200,272,0,8.690,0,0,8.690
KMAX20180808-4,KMAX20180808_135056_V06,0,0.483,1.200,1502,0,188192.029,48,0,186846.459
KMAX20180808-4,KMAX20180808_135056_V06,2,0.879,1.200,1500,0,24242.437,29,0,22592.454
KMAX20180808-4,KMAX20180808_135056_V06,6,1.318,1.200,1504,0,2041.309,17,0,1443.581
KMAX20180808-4,KMAX20180808_135056_V06,8,1.802,1.200,750,0,51.890,4,0,32.521
KMAX20180808-4,KMAX20180808_135056_V06,9,2.417,1.200,750,0,29.513,3,0,10.260
KMAX20180808-12,KMAX20180808_142542_V06,0,0.483,1.200,1605,0,40.100,268,0,23.358
KMAX20180808-12,KMAX20180808_142542_V06,2,0.879,1.200,1604,0,46.858,244,0,31.656
KMAX20180808-12,KMAX20180808_142542_V06,6,1.318,1.200,1605,0,25.574,213,0,18.165
KMAX20180808-12,KMAX20180808_142542_V06,8,1.802,1.200,800,0,12.887,89,0,6.614
KMAX20180808-12,KMAX20180808_142542_V06,9,2.417,1.200,801,0,9.591,88,0,7.230
KMAX20180808-12,KMAX20180808_142542_V06,10,3.120,1.200,804,0,8.871,86,0,4.342
KMAX20180808-12,KMAX20180808_142542_V06,11,3.999,1.200,806,0,4.223,75,0,2.843
KMAX20180808-12,KMAX20180808_142542_V06,12,5.098,1.200,805,0,3.060,52,0,1.181
KMAX20180808-12,KMAX20180808_142542_V06,13,6.416,1.200,808,0,0.860,29,0,0.708
KMAX20180809-3,KMAX20180809_123151_V06,0,0.483,1.200,964,0,11505.555,5,0,11493.938
KMAX20180809-3,KMAX20180809_123151_V06,2,0.879,1.200,967,0,468.303,41,0,453.062
KMAX20180809-3,KMAX20180809_123151_V06,6,1.318,1.200,969,0,247.321,25,0,198.686
KMAX20180809-3,KMAX20180809_123151_V06,8,1.802,1.200,479,0,9.261,4,0,6.728
KMAX20180809-3,KMAX20180809_123151_V06,9,2.417,1.200,479,0,9.428,5,0,5.179
KMAX20180809-3,KMAX20180809_123151_V06,10,3.120,1.200,482,0,23.291,9,0,14.680
KMAX20180809-3,KMAX20180809_123151_V06,11,3.999,1.200,485,0,17.554,11,0,9.167
KMAX20180809-3,KMAX20180809_124032_V06,0,0.483,1.200,4418,0,14344.896,120,0,13915.817
KMAX20180809-3,KMAX20180809_124032_V06,2,0.879,1.200,4419,0,1288.370,195,0,1182.802
KMAX20180809-3,KMAX20180809_124032_V06,6,1.318,1.200,4421,0,495.275,95,0,438.166
KMAX20180809-3,KMAX20180809_124032_V06,8,1.802,1.200,2214,0,48.820,16,0,36.955
KMAX20180809-3,KMAX20180809_124032_V06,9,2.417,1.200,2216,0,25.027,9,0,19.824
KMAX20180809-3,KMAX20180809_124032_V06,10,3.120,1.200,2212,0,40.769,22,0,22.308
KMAX20180809-3,KMAX20180809_124032_V06,11,3.999,1.200,2216,0,44.433,22,0,29.106
KMAX20180809-3,KMAX20180809_124914_V06,0,0.483,1.200,10692,0,15531.576,390,0,14744.159
KMAX20180809-3,KMAX20180809_124914_V06,2,0.879,1.200,10694,0,2926.015,525,0,2655.097
KMAX20180809-3,KMAX20180809_124914_V06,6,1.318,1.200,10695,0,1475.136,358,0,1210.841
KMAX20180809-3,KMAX20180809_124914_V06,8,1.802,1.200,5347,0,83.357,56,0,45.847
KMAX20180809-3,KMAX20180809_124914_V06,9,2.417,1.200,5349,0,81.436,48,0,49.875
KMAX20180809-3,KMAX20180809_124914_V06,10,3.120,1.200,5352,0,91.088,55,0,62.820
KMAX20180809-3,KMAX20180809_124914_V06,11,3.999,1.200,5365,0,95.504,45,0,65.076
KMAX20180809-3,KMAX20180809_130636_V06,0,0.483,1.200,14353,0,42473.895,467,0,41710.644
KMAX20180809-3,KMAX20180809_130636_V06,2,0.879,1.200,14359,0,7747.625,584,0,7268.859
KMAX20180809-3,KMAX20180809_130636_V06,6,1.318,1.200,14367,0,1905.908,331,0,1492.621
KMAX20180809-3,KMAX20180809_130636_V06,8,1.802,1.200,7182,0,225.698,81,0,122.367
KMAX20180809-3,KMAX20180809_130636_V06,9,2.417,1.200,7189,0,149.164,62,0,87.897
KMAX20180809-3,KMAX20180809_130636_V06,10,3.120,1.200,7186,0,128.674,59,0,81.126
KMAX20180809-3,KMAX20180809_130636_V06,11,3.999,1.200,7200,0,109.096,37,0,79.360
KMAX20180809-3,KMAX20180809_131517_V06,0,0.483,1.200,17984,0,70626.433,532,0,68697.390
KMAX20180809-3,KMAX20180809_131517_V06,2,0.879,1.200,17984,0,12938.440,568,0,12295.183
KMAX20180809-3,KMAX20180809_131517_V06,6,1.318,1.200,17983,0,3076.370,465,0,2593.352
KMAX20180809-3,KMAX20180809_131517_V06,8,1.802,1.200,8997,0,329.129,78,0,172.129
KMAX20180809-3,KMAX20180809_131517_V06,9,2.417,1.200,9004,0,140.400,65,0,77.875
KMAX20180809-3,KMAX20180809_131517_V06,10,3.120,1.200,9016,0,204.847,48,0,148.490
KMAX20180809-3,KMAX20180809_131517_V06,11,3.999,1.200,9029,0,285.982,81,0,183.217
KMAX20180809-3,KMAX20180809_132358_V06,0,0.483,1.200,21799,0,65889.716,685,0,64722.809
KMAX20180809-3,KMAX20180809_132358_V06,2,0.879,1.200,21810,0,17111.801,741,0,15999.216
KMAX20180809-3,KMAX20180809_132358_V06,6,1.318,1.200,21812,0,4114.028,591,0,3433.697
KMAX20180809-3,KMAX20180809_132358_V06,8,1.802,1.200,10907,0,466.960,103,0,206.988
KMAX20180809-3,KMAX20180809_132358_V06,9,2.417,1.200,10911,0,284.348,69,0,181.975
KMAX20180809-3,KMAX20180809_132358_V06,10,3.120,1.200,10917,0,322.397,78,0,211.201
KMAX20180809-3,KMAX20180809_133240_V06,0,0.483,1.200,25764,0,75164.709,699,0,73730.734
KMAX20180809-3,KMAX20180809_133240_V06,2,0.879,1.200,25765,0,16119.441,851,0,14958.077
KMAX20180809-3,KMAX20180809_133240_V06,6,1.318,1.200,25775,0,6284.295,741,0,5025.281
KMAX20180809-3,KMAX20180809_133240_V06,8,1.802,1.200,12898,0,566.131,128,0,306.367
KMAX20180809-3,KMAX20180809_133240_V06,9,2.417,1.200,12902,0,438.270,86,0,275.557
KMAX20180809-3,KMAX20180809_133240_V06,10,3.120,1.200,12906,0,585.370,123,0,355.913
KMAX20180809-3,KMAX20180809_134121_V06,0,0.483,1.200,30357,0,64155.941,667,0,62651.624
KMAX20180809-3,KMAX20180809_134121_V06,2,0.879,1.200,30361,0,14706.547,1077,0,12861.036
KMAX20180809-3,KMAX20180809_134121_V06,6,1.318,1.200,30369,0,7258.136,851,0,5595.374
KMAX20180809-3,KMAX20180809_134121_V06,8,1.802,1.200,15183,0,632.251,117,0,371.634
KMAX20180809-3,KMAX20180809_134121_V06,9,2.417,1.200,15193,0,501.093,89,0,223.269
KMAX20180809-3,KMAX20180809_134121_V06,10,3.120,1.200,15215,0,486.463,68,0,319.452
KMAX20180809-3,KMAX20180809_135003_V06,0,0.483,1.200,32482,0,66522.375,993,0,63995.352
KMAX20180809-3,KMAX20180809_135003_V06,2,0.879,1.200,32484,0,18055.478,1192,0,16452.519
KMAX20180809-3,KMAX20180809_135003_V06,6,1.318,1.200,32492,0,8571.769,888,0,6931.287
KMAX20180809-3,KMAX20180809_135003_V06,8,1.802,1.200,16261,0,782.352,158,0,405.269
KMAX20180809-3,KMAX20180809_135003_V06,9,2.417,1.200,16261,0,454.617,108,0,272.685
KMAX20180809-3,KMAX20180809_135003_V06,10,3.120,1.200,16271,0,773.352,110,0,500.582
KMAX20180809-1,KMAX20180809_121428_V06,0,0.483,1.200,691,1,230364.133,20,1,228437.287
KMAX20180809-1,KMAX20180809_121428_V06,2,0.879,1.200,692,0,64013.201,25,0,57242.923
KMAX20180809-1,KMAX20180809_121428_V06,6,1.318,1.200,693,0,1614.573,13,0,1245.663
KMAX20180809-1,KMAX20180809_121428_V06,8,1.802,1.200,347,0,27.223,5,0,6.930
KMAX20180809-1,KMAX20180809_121428_V06,9,2.417,1.200,344,0,23.969,1,0,19.365
KMAX20180809-1,KMAX20180809_122310_V06,0,0.483,1.200,1666,1,201511.089,66,1,199680.043
KMAX20180809-1,KMAX20180809_122310_V06,2,0.879,1.200,1666,0,34410.536,56,0,33083.397
KMAX20180809-1,KMAX20180809_122310_V06,6,1.318,1.200,1670,0,1241.790,9,0,1222.239
KMAX20180809-1,KMAX20180809_122310_V06,8,1.802,1.200,839,0,696.743,7,0,16.228
KMAX20180809-1,KMAX20180809_122310_V06,9,2.417,1.200,839,0,57.039,4,0,26.452
KMAX20180809-1,KMAX20180809_123151_V06,0,0.483,1.200,331,0,178128.748,7,0,176956.549
KMAX20180809-1,KMAX20180809_123151_V06,2,0.879,1.200,330,0,41396.912,16,0,37845.097
KMAX20180809-1,KMAX20180809_123151_V06,6,1.318,1.200,330,0,3825.803,7,0,3455.004
KMAX20180809-1,KMAX20180809_123151_V06,8,1.802,1.200,164,0,11.013,0,0,11.013
KMAX20180809-1,KMAX20180809_123151_V06,9,2.417,1.200,161,0,0.489,0,0,0.489
KMAX20180809-1,KMAX20180809_124032_V06,0,0.483,1.200,1538,1,229173.436,71,1,225132.196
KMAX20180809-1,KMAX20180809_124032_V06,2,0.879,1.200,1539,0,30172.816,34,0,25417.598
KMAX20180809-1,KMAX20180809_124032_V06,6,1.318,1.200,1538,0,2014.051,15,0,1271.247
KMAX20180809-1,KMAX20180809_124032_V06,8,1.802,1.200,770,0,63.277,6,0,26.131
KMAX20180809-1,KMAX20180809_124032_V06,9,2.417,1.200,768,0,34.789,4,0,12.450
KMAX20180809-1,KMAX20180809_124914_V06,0,0.483,1.200,230,0,151288.276,7,0,149608.241
KMAX20180809-1,KMAX20180809_124914_V06,2,0.879,1.200,230,0,24233.977,4,0,23607.611
KMAX20180809-1,KMAX20180809_124914_V06,6,1.318,1.200,230,0,697.695,2,0,672.829
KMAX20180809-1,KMAX20180809_124914_V06,8,1.802,1.200,116,0,17.937,3,0,5.713
KMAX20180809-1,KMAX20180809_124914_V06,9,2.417,1.200,117,0,17.867,2,0,7.939
KMAX20180809-1,KMAX20180809_130636_V06,0,0.483,1.200,1135,0,150618.756,37,0,150218.963
KMAX20180809-1,KMAX20180809_130636_V06,2,0.879,1.200,1135,0,30854.063,24,0,30002.053
KMAX20180809-1,KMAX20180809_130636_V06,6,1.318,1.200,1135,0,942.550,11,0,687.123
KMAX20180809-1,KMAX20180809_130636_V06,8,1.802,1.200,567,0,43.292,0,0,43.292
KMAX20180809-1,KMAX20180809_130636_V06,9,2.417,1.200,566,0,48.751,6,0,23.930
KMAX20180809-1,KMAX20180809_131517_V06,0,0.483,1.200,347,0,246329.290,17,0,243678.985
KMAX20180809-1,KMAX20180809_131517_V06,2,0.879,1.200,345,0,57957.429,10,0,57228.417
KMAX20180809-1,KMAX20180809_131517_V06,6,1.318,1.200,346,0,1800.299,6,0,1715.224
KMAX20180809-1,KMAX20180809_131517_V06,8,1.802,1.200,172,0,0.521,0,0,0.521
KMAX20180809-1,KMAX20180809_131517_V06,9,2.417,1.200,171,0,0.518,0,0,0.518
KMAX20180809-1,KMAX20180809_132358_V06,0,0.483,1.200,3247,0,141962.396,128,0,141047.376
KMAX20180809-1,KMAX20180809_132358_V06,2,0.879,1.200,3248,0,38918.061,94,0,36969.562
KMAX20180809-1,KMAX20180809_132358_V06,6,1.318,1.200,3249,0,2634.730,38,0,2205.237
KMAX20180809-1,KMAX20180809_132358_V06,8,1.802,1.200,1626,0,76.138,5,0,52.633
KMAX20180809-1,KMAX20180809_132358_V06,9,2.417,1.200,1625,0,53.909,6,0,27.638
KMAX20180809-1,KMAX20180809_133240_V06,0,0.483,1.200,547,0,209882.494,17,0,206346.756
KMAX20180809-1,KMAX20180809_133240_V06,2,0.879,1.200,547,0,41857.924,17,0,41004.154
KMAX20180809-1,KMAX20180809_133240_V06,6,1.318,1.200,550,0,3405.433,11,0,2352.618
KMAX20180809-1,KMAX20180809_133240_V06,8,1.802,1.200,274,0,27.725,5,0,6.525
KMAX20180809-1,KMAX20180809_133240_V06,9,2.417,1.200,274,0,0.832,0,0,0.832
KMAX20180809-13,KMAX20180809_134121_V06,0,0.483,1.200,370,1,161178.202,11,1,158166.299
KMAX20180809-13,KMAX20180809_134121_V06,2,0.879,1.200,370,0,45269.989,9,0,44646.526
KMAX20180809-13,KMAX20180809_134121_V06,6,1.318,1.200,370,0,2003.721,9,0,1462.028
KMAX20180809-13,KMAX20180809_134121_V06,8,1.802,1.200,185,0,7.885,0,0,7.885
KMAX20180809-13,KMAX20180809_134121_V06,9,2.417,1.200,184,0,39.958,2,0,31.428
KMAX20180809-13,KMAX20180809_135003_V06,0,0.483,1.200,1718,0,202897.527,49,0,200455.265
KMAX20180809-13,KMAX20180809_135003_V06,2,0.879,1.200,1719,0,40421.943,39,0,38673.684
KMAX20180809-13,KMAX20180809_135003_V06,6,1.318,1.200,1719,0,1270.676,5,0,1243.015
KMAX20180809-13,KMAX20180809_135003_V06,8,1.802,1.200,861,0,25.010,2,0,12.264
KMAX20180809-13,KMAX20180809_135003_V06,9,2.417,1.200,862,0,22.523,3,0,6.236
KMAX20180809-18,KMAX20180809_143330_V06,0,0.483,1.200,587,0,186142.815,14,0,183977.611
KMAX20180809-18,KMAX20180809_143330_V06,2,0.879,1.200,587,0,88069.681,14,0,83824.159
KMAX20180809-18,KMAX20180809_143330_V06,6,1.318,1.200,589,0,2082.376,4,0,2069.185
KMAX20180809-18,KMAX20180809_143330_V06,8,1.802,1.200,293,0,0.887,0,0,0.887
KMAX20180809-18,KMAX20180809_143330_V06,9,2.417,1.200,293,0,10.300,0,0,10.300
KMAX20180809-18,KMAX20180809_144212_V06,0,0.483,1.200,1905,0,204695.591,55,0,202896.821
KMAX20180809-18,KMAX20180809_144212_V06,2,0.879,1.200,1904,0,42028.304,40,0,40854.617
KMAX20180809-18,KMAX20180809_144212_V06,6,1.318,1.200,1909,0,3294.430,19,0,2853.831
KMAX20180809-18,KMAX20180809_144212_V06,8,1.802,1.200,950,0,56.535,4,0,37.972
KMAX20180809-18,KMAX20180809_144212_V06,9,2.417,1.200,951,0,26.912,2,0,19.266
KMAX20180809-10,KMAX20180809_133240_V06,0,0.483,1.200,10860,0,48788.822,368,0,48344.079
KMAX20180809-10,KMAX20180809_133240_V06,2,0.879,1.200,10861,0,10166.901,490,0,9820.938
KMAX20180809-10,KMAX20180809_133240_V06,6,1.318,1.200,10870,0,2399.244,470,0,1973.095
KMAX20180809-10,KMAX20180809_133240_V06,8,1.802,1.200,5440,0,216.682,98,0,130.470
KMAX20180809-10,KMAX20180809_133240_V06,9,2.417,1.200,5445,0,111.804,53,0,74.040
KMAX20180809-10,KMAX20180809_133240_V06,10,3.120,1.200,5443,0,162.594,93,0,100.313
KMAX20180809-10,KMAX20180809_133240_V06,11,3.999,1.200,5456,0,133.598,74,0,87.136
KMAX20180809-10,KMAX20180809_133240_V06,12,5.098,1.200,5458,0,211.198,44,0,157.528
KMAX20180810-1,KMAX20180810_121425_V06,0,0.483,1.200,997,1,262719.930,22,1,261924.541
KMAX20180810-1,KMAX20180810_121425_V06,2,0.879,1.200,999,0,47202.475,35,0,44116.229
KMAX20180810-1,KMAX20180810_121425_V06,6,1.318,1.200,1000,0,5528.862,10,0,4911.670
KMAX20180810-1,KMAX20180810_121425_V06,8,1.802,1.200,501,0,44.322,5,0,23.598
KMAX20180810-1,KMAX20180810_121425_V06,9,2.417,1.200,501,0,9.767,0,0,9.767
KMAX20180810-1,KMAX20180810_122307_V06,0,0.483,1.200,2088,0,335922.959,62,0,317238.959
KMAX20180810-1,KMAX20180810_122307_V06,2,0.879,1.200,2091,0,95787.898,54,0,75728.882
KMAX20180810-1,KMAX20180810_122307_V06,6,1.318,1.200,2091,0,3263.682,33,0,2957.775
KMAX20180810-1,KMAX20180810_122307_V06,8,1.802,1.200,1041,0,170.388,12,0,95.936
KMAX20180810-1,KMAX20180810_122307_V06,9,2.417,1.200,1041,0,53.561,2,0,38.526
KMAX20180810-1,KMAX20180810_123147_V06,0,0.483,1.200,3796,0,154668.046,157,0,153548.844
KMAX20180810-1,KMAX20180810_123147_V06,2,0.879,1.200,3796,0,31919.243,81,0,29188.659
KMAX20180810-1,KMAX20180810_123147_V06,6,1.318,1.200,3793,0,3467.487,44,0,3123.211
KMAX20180810-1,KMAX20180810_123147_V06,8,1.802,1.200,1896,0,2653.609,15,0,46.573
KMAX20180810-1,KMAX20180810_123147_V06,9,2.417,1.200,1901,0,60.578,8,0,34.120
KMAX20180810-1,KMAX20180810_124029_V06,0,0.483,1.200,543,0,194603.157,17,0,175229.406
KMAX20180810-1,KMAX20180810_124029_V06,2,0.879,1.200,541,0,34200.030,28,0,32003.788
KMAX20180810-1,KMAX20180810_124029_V06,6,1.318,1.200,543,0,2962.111,11,0,2853.822
KMAX20180810-1,KMAX20180810_124029_V06,8,1.802,1.200,270,0,53.956,4,0,31.494
KMAX20180810-1,KMAX20180810_124029_V06,9,2.417,1.200,271,0,37.093,1,0,33.757
KMAX20180810-1,KMAX20180810_124910_V06,0,0.483,1.200,1771,0,204787.566,72,0,196167.489
KMAX20180810-1,KMAX20180810_124910_V06,2,0.879,1.200,1769,0,32203.427,42,0,29488.768
KMAX20180810-1,KMAX20180810_124910_V06,6,1.318,1.200,1769,0,1899.849,27,0,1664.612
KMAX20180810-1,KMAX20180810_124910_V06,8,1.802,1.200,888,0,74.949,7,0,18.008
KMAX20180810-1,KMAX20180810_124910_V06,9,2.417,1.200,885,0,59.603,6,0,33.820
KMAX20180810-7,KMAX20180810_133239_V06,0,0.483,1.200,308,1,218065.295,6,1,190165.709
KMAX20180810-7,KMAX20180810_133239_V06,2,0.879,1.200,310,0,45431.669,13,0,41889.554
KMAX20180810-7,KMAX20180810_133239_V06,6,1.318,1.200,308,0,1736.815,13,0,1258.538
KMAX20180810-7,KMAX20180810_133239_V06,8,1.802,1.200,153,0,57.970,6,0,26.112
KMAX20180810-7,KMAX20180810_133239_V06,9,2.417,1.200,153,0,7.791,0,0,7.791
KMAX20180810-7,KMAX20180810_134120_V06,0,0.483,1.200,1537,1,230403.950,83,1,200195.870
KMAX20180810-7,KMAX20180810_134120_V06,2,0.879,1.200,1537,0,49223.923,33,0,45223.525
KMAX20180810-7,KMAX20180810_134120_V06,6,1.318,1.200,1537,0,3625.209,13,0,2623.012
KMAX20180810-7,KMAX20180810_134120_V06,8,1.802,1.200,772,0,34.322,4,0,14.486
KMAX20180810-7,KMAX20180810_134120_V06,9,2.417,1.200,770,0,50.808,6,0,10.977
KMAX20180810-7,KMAX20180810_135002_V06,0,0.483,1.200,3868,0,197253.735,142,0,185885.477
KMAX20180810-7,KMAX20180810_135002_V06,2,0.879,1.200,3874,0,30302.081,79,0,29606.647
KMAX20180810-7,KMAX20180810_135002_V06,6,1.318,1.200,3872,0,2079.568,75,0,1702.196
KMAX20180810-7,KMAX20180810_135002_V06,8,1.802,1.200,1938,0,141.579,8,0,101.255
KMAX20180810-7,KMAX20180810_135002_V06,9,2.417,1.200,1937,0,141.000,11,0,27.515
KMAX20180810-7,KMAX20180810_140724_V06,0,0.483,1.200,262,1,187016.762,4,1,184773.382
KMAX20180810-7,KMAX20180810_140724_V06,2,0.879,1.200,261,0,31165.344,9,0,30691.873
KMAX20180810-7,KMAX20180810_140724_V06,6,1.318,1.200,260,0,1426.603,3,0,1314.051
KMAX20180810-7,KMAX20180810_140724_V06,8,1.802,1.200,131,0,68.730,0,0,68.730
KMAX20180810-7,KMAX20180810_140724_V06,9,2.417,1.200,130,0,0.389,0,0,0.389
KMAX20180810-7,KMAX20180810_141605_V06,0,0.483,1.200,1577,0,172863.459,64,0,171319.309
KMAX20180810-7,KMAX20180810_141605_V06,2,0.879,1.200,1578,0,33924.013,59,0,28383.341
KMAX20180810-7,KMAX20180810_141605_V06,6,1.318,1.200,1579,0,2438.041,19,0,1566.301
KMAX20180810-7,KMAX20180810_141605_V06,8,1.802,1.200,792,0,100.727,12,0,35.911
KMAX20180810-7,KMAX20180810_141605_V06,9,2.417,1.200,792,0,20.509,1,0,16.552
KMAX20180810-7,KMAX20180810_142447_V06,0,0.483,1.200,4169,0,224837.081,226,0,221710.161
KMAX20180810-7,KMAX20180810_142447_V06,2,0.879,1.200,4170,0,34894.897,90,0,33350.501
KMAX20180810-7,KMAX20180810_142447_V06,6,1.318,1.200,4166,0,2394.493,49,0,2036.682
KMAX20180810-7,KMAX20180810_142447_V06,8,1.802,1.200,2089,0,263.373,21,0,43.856
KMAX20180810-7,KMAX20180810_142447_V06,9,2.417,1.200,2089,0,61.844,4,0,41.101
KMAX20180810-7,KMAX20180810_143328_V06,0,0.483,1.200,515,2,271104.003,14,2,269969.332
KMAX20180810-7,KMAX20180810_143328_V06,2,0.879,1.200,515,0,26338.943,14,0,24074.930
KMAX20180810-7,KMAX20180810_143328_V06,6,1.318,1.200,515,0,1813.637,9,0,1110.430
KMAX20180810-7,KMAX20180810_143328_V06,8,1.802,1.200,257,0,37.717,3,0,27.485
KMAX20180810-7,KMAX20180810_143328_V06,9,2.417,1.200,256,0,35.098,1,0,22.697
KMAX20180810-7,KMAX20180810_144209_V06,0,0.483,1.200,1847,1,215267.946,105,1,180796.779
KMAX20180810-7,KMAX20180810_144209_V06,2,0.879,1.200,1847,0,59867.916,77,0,42080.189
KMAX20180810-7,KMAX20180810_144209_V06,6,1.318,1.200,1845,0,3436.325,27,0,2175.342
KMAX20180810-7,KMAX20180810_144209_V06,8,1.802,1.200,923,0,63.522,5,0,18.343
KMAX20180810-7,KMAX20180810_144209_V06,9,2.417,1.200,922,0,66.781,3,0,50.610
KMAX20180810-6,KMAX20180810_132357_V06,0,0.483,1.200,432,0,214127.400,19,0,204776.378
KMAX20180810-6,KMAX20180810_132357_V06,2,0.879,1.200,433,0,40040.524,20,0,33151.757
KMAX20180810-6,KMAX20180810_132357_V06,6,1.318,1.200,434,0,4711.244,10,0,794.157
KMAX20180810-6,KMAX20180810_132357_V06,8,1.802,1.200,215,0,19.432,2,0,12.857
KMAX20180810-6,KMAX20180810_132357_V06,9,2.417,1.200,217,0,19.860,3,0,7.856
KMAX20180810-10,KMAX20180810_140724_V06,0,0.483,1.200,7380,0,4422.114,171,0,3535.088
KMAX20180810-10,KMAX20180810_140724_V06,2,0.879,1.200,7385,0,338.325,32,0,220.565
KMAX20180810-10,KMAX20180810_140724_V06,6,1.318,1.200,7385,0,65.502,3,0,58.425
KMAX20180810-10,KMAX20180810_140724_V06,8,1.802,1.200,3697,0,89.319,4,0,71.628
KMAX20180810-10,KMAX20180810_140724_V06,9,2.417,1.200,3701,0,77.387,4,0,50.117
KMAX20180811-14,KMAX20180811_142648_V06,0,0.483,1.200,156,0,242021.333,0,0,242021.333
KMAX20180811-14,KMAX20180811_142648_V06,2,0.879,1.200,155,0,20991.402,2,0,20781.369
KMAX20180811-14,KMAX20180811_142648_V06,6,1.318,1.200,156,0,356.197,4,0,314.208
KMAX20180811-14,KMAX20180811_142648_V06,8,1.802,1.200,79,0,0.233,0,0,0.233
KMAX20180811-14,KMAX20180811_142648_V06,9,2.417,1.200,77,0,4.499,1,0,0.225
KMAX20180811-14,KMAX20180811_143530_V06,0,0.483,1.200,1115,1,194490.765,18,1,177510.897
KMAX20180811-14,KMAX20180811_143530_V06,2,0.879,1.200,1116,0,42722.778,18,0,40241.679
KMAX20180811-14,KMAX20180811_143530_V06,6,1.318,1.200,1116,0,1018.774,12,0,656.453
KMAX20180811-14,KMAX20180811_143530_V06,8,1.802,1.200,554,0,17.636,1,0,12.160
KMAX20180811-14,KMAX20180811_143530_V06,9,2.417,1.200,556,0,1.658,0,0,1.658
KMAX20180811-14,KMAX20180811_144412_V06,0,0.483,1.200,1174,0,215396.907,17,0,214222.021
KMAX20180811-14,KMAX20180811_144412_V06,2,0.879,1.200,1173,0,52180.482,11,0,44366.389
KMAX20180811-14,KMAX20180811_144412_V06,6,1.318,1.200,1175,0,1298.202,12,0,1203.745
KMAX20180811-14,KMAX20180811_144412_V06,8,1.802,1.200,587,0,61.012,11,0,17.737
KMAX20180811-14,KMAX20180811_144412_V06,9,2.417,1.200,593,0,13.674,0,0,13.674
KMAX20180811-1,KMAX20180811_121623_V06,0,0.483,1.200,850,0,155408.173,11,0,155226.893
KMAX20180811-1,KMAX20180811_121623_V06,2,0.879,1.200,855,0,84349.153,28,0,80205.831
KMAX20180811-1,KMAX20180811_121623_V06,6,1.318,1.200,855,0,2900.650,13,0,2728.293
KMAX20180811-1,KMAX20180811_121623_V06,8,1.802,1.200,425,0,24.254,4,0,7.314
KMAX20180811-1,KMAX20180811_121623_V06,9,2.417,1.200,429,0,18.026,1,0,6.461
KMAX20180811-1,KMAX20180811_122504_V06,0,0.483,1.200,2126,0,229813.517,49,0,220710.643
KMAX20180811-1,KMAX20180811_122504_V06,2,0.879,1.200,2124,0,56489.521,29,0,53584.298
KMAX20180811-1,KMAX20180811_122504_V06,6,1.318,1.200,2125,0,3556.440,21,0,3327.990
KMAX20180811-1,KMAX20180811_122504_V06,8,1.802,1.200,1062,0,91.248,7,0,37.696
KMAX20180811-1,KMAX20180811_122504_V06,9,2.417,1.200,1065,0,3.147,0,0,3.147
KMAX20180811-1,KMAX20180811_123346_V06,0,0.483,1.200,516,0,208992.520,15,0,189373.766
KMAX20180811-1,KMAX20180811_123346_V06,2,0.879,1.200,517,0,45401.575,11,0,44711.518
KMAX20180811-1,KMAX20180811_123346_V06,6,1.318,1.200,518,0,890.567,4,0,872.776
KMAX20180811-1,KMAX20180811_123346_V06,8,1.802,1.200,258,0,53.273,0,0,53.273
KMAX20180811-1,KMAX20180811_123346_V06,9,2.417,1.200,258,0,18.993,0,0,18.993
KMAX20180811-1,KMAX20180811_124228_V06,0,0.483,1.200,1837,0,198877.975,49,0,197634.033
KMAX20180811-1,KMAX20180811_124228_V06,2,0.879,1.200,1838,0,68793.137,45,0,67454.964
KMAX20180811-1,KMAX20180811_124228_V06,6,1.318,1.200,1839,0,3701.501,23,0,3530.268
KMAX20180811-1,KMAX20180811_124228_V06,8,1.802,1.200,917,0,57.764,2,0,45.363
KMAX20180811-1,KMAX20180811_124228_V06,9,2.417,1.200,918,0,39.510,5,0,20.402
KMAX20180811-1,KMAX20180811_125110_V06,0,0.483,1.200,4143,0,286417.085,126,0,285695.990
KMAX20180811-1,KMAX20180811_125110_V06,2,0.879,1.200,4144,0,48186.238,65,0,45012.745
KMAX20180811-1,KMAX20180811_125110_V06,6,1.318,1.200,4141,0,4327.088,46,0,4017.106
KMAX20180811-1,KMAX20180811_125110_V06,8,1.802,1.200,2072,0,144.186,14,0,81.367
KMAX20180811-1,KMAX20180811_125110_V06,9,2.417,1.200,2075,0,42.828,3,0,25.099
KMAX20180811-1,KMAX20180811_130834_V06,0,0.483,1.200,152,2,231837.251,4,2,224881.827
KMAX20180811-1,KMAX20180811_130834_V06,2,0.879,1.200,151,0,70822.534,4,0,70054.586
KMAX20180811-1,KMAX20180811_130834_V06,6,1.318,1.200,152,0,3252.622,2,0,2385.473
KMAX20180811-1,KMAX20180811_130834_V06,8,1.802,1.200,76,0,0.222,0,0,0.222
KMAX20180811-1,KMAX20180811_130834_V06,9,2.417,1.200,75,0,0.220,0,0,0.220
KMAX20180811-1,KMAX20180811_131715_V06,0,0.483,1.200,1222,0,255012.022,30,0,250539.081
KMAX20180811-1,KMAX20180811_131715_V06,2,0.879,1.200,1225,0,42629.628,17,0,42219.077
KMAX20180811-1,KMAX20180811_131715_V06,6,1.318,1.200,1226,0,1442.280,12,0,1056.341
KMAX20180811-1,KMAX20180811_131715_V06,8,1.802,1.200,614,0,44.917,3,0,31.970
KMAX20180811-1,KMAX20180811_131715_V06,9,2.417,1.200,614,0,47.131,2,0,32.036
KMAX20180811-1,KMAX20180811_132557_V06,0,0.483,1.200,259,0,200987.258,10,0,195631.389
KMAX20180811-1,KMAX20180811_132557_V06,2,0.879,1.200,260,0,46277.812,3,0,45803.416
KMAX20180811-1,KMAX20180811_132557_V06,6,1.318,1.200,259,0,810.515,6,0,732.259
KMAX20180811-1,KMAX20180811_132557_V06,8,1.802,1.200,129,0,0.388,0,0,0.388
KMAX20180811-1,KMAX20180811_132557_V06,9,2.417,1.200,131,0,10.169,0,0,10.169
KMAX20180811-1,KMAX20180811_133438_V06,0,0.483,1.200,1520,0,290080.533,46,0,277982.926
KMAX20180811-1,KMAX20180811_133438_V06,2,0.879,1.200,1519,0,49819.222,20,0,49751.125
KMAX20180811-1,KMAX20180811_133438_V06,6,1.318,1.200,1516,0,2714.350,20,0,2531.515
KMAX20180811-1,KMAX20180811_133438_V06,8,1.802,1.200,760,0,116.196,5,0,91.223
KMAX20180811-1,KMAX20180811_133438_V06,9,2.417,1.200,763,0,26.625,4,0,12.835
KMAX20180811-1,KMAX20180811_134320_V06,0,0.483,1.200,185,0,154241.523,2,0,151308.694
KMAX20180811-1,KMAX20180811_134320_V06,2,0.879,1.200,183,0,46367.932,3,0,46360.596
KMAX20180811-1,KMAX20180811_134320_V06,6,1.318,1.200,182,0,887.583,4,0,827.204
KMAX20180811-1,KMAX20180811_134320_V06,8,1.802,1.200,92,0,0.278,0,0,0.278
KMAX20180811-1,KMAX20180811_134320_V06,9,2.417,1.200,91,0,14.283,0,0,14.283
KMAX20180811-1,KMAX20180811_140043_V06,0,0.483,1.200,1333,0,175210.006,36,0,170289.847
KMAX20180811-1,KMAX20180811_140043_V06,2,0.879,1.200,1336,0,35686.217,26,0,33832.138
KMAX20180811-1,KMAX20180811_140043_V06,6,1.318,1.200,1334,0,1189.422,9,0,1143.691
KMAX20180811-1,KMAX20180811_140043_V06,8,1.802,1.200,665,0,70.639,6,0,31.213
KMAX20180811-1,KMAX20180811_140043_V06,9,2.417,1.200,666,0,18.876,3,0,2.010
KMAX20180811-1,KMAX20180811_140925_V06,0,0.483,1.200,160,0,168535.242,0,0,168535.242
KMAX20180811-1,KMAX20180811_140925_V06,2,0.879,1.200,161,0,56341.383,1,0,56254.303
KMAX20180811-1,KMAX20180811_140925_V06,6,1.318,1.200,164,0,1468.466,5,0,1381.107
KMAX20180811-1,KMAX20180811_140925_V06,8,1.802,1.200,80,0,10.837,2,0,0.231
KMAX20180811-1,KMAX20180811_140925_V06,9,2.417,1.200,79,0,0.234,0,0,0.234
KMAX20180811-1,KMAX20180811_141807_V06,0,0.483,1.200,1025,0,253376.414,25,0,253195.153
KMAX20180811-1,KMAX20180811_141807_V06,2,0.879,1.200,1027,0,70728.135,13,0,70386.590
KMAX20180811-1,KMAX20180811_141807_V06,6,1.318,1.200,1027,0,636.620,5,0,588.823
KMAX20180811-1,KMAX20180811_141807_V06,8,1.802,1.200,514,0,29.439,2,0,18.079
KMAX20180811-1,KMAX20180811_141807_V06,9,2.417,1.200,513,0,60.724,8,0,16.804
KMAX20180811-7,KMAX20180811_132557_V06,0,0.483,1.200,10114,0,28377.214,470,0,27568.537
KMAX20180811-7,KMAX20180811_132557_V06,2,0.879,1.200,10119,0,11116.845,538,0,8989.569
KMAX20180811-7,KMAX20180811_132557_V06,6,1.318,1.200,10123,0,3059.311,368,0,2473.953
KMAX20180811-7,KMAX20180811_132557_V06,8,1.802,1.200,5060,0,182.935,44,0,67.707
KMAX20180811-7,KMAX20180811_132557_V06,9,2.417,1.200,5065,0,214.664,50,0,110.247
KMAX20180811-7,KMAX20180811_132557_V06,10,3.120,1.200,5065,0,174.755,25,0,131.776
KMAX20180811-7,KMAX20180811_132557_V06,11,3.999,1.200,5070,0,412.297,91,0,220.675
KMAX20180812-1,KMAX20180812_121658_V06,0,0.483,1.200,853,0,260154.067,20,0,229236.779
KMAX20180812-1,KMAX20180812_121658_V06,2,0.879,1.200,852,0,64622.988,26,0,60992.394
KMAX20180812-1,KMAX20180812_121658_V06,4,1.318,1.200,854,0,2348.072,12,0,1942.651
KMAX20180812-1,KMAX20180812_121658_V06,6,1.802,1.200,425,0,32.459,2,0,23.532
KMAX20180812-1,KMAX20180812_121658_V06,7,2.417,1.200,428,0,17.714,3,0,1.262
KMAX20180812-1,KMAX20180812_122402_V06,0,0.483,1.200,2093,3,211664.078,70,1,208900.186
KMAX20180812-1,KMAX20180812_122402_V06,2,0.879,1.200,2093,0,63012.964,60,0,51928.579
KMAX20180812-1,KMAX20180812_122402_V06,4,1.318,1.200,2096,0,5042.204,27,0,4753.905
KMAX20180812-1,KMAX20180812_122402_V06,6,1.802,1.200,1046,0,79.588,8,0,36.738
KMAX20180812-1,KMAX20180812_122402_V06,7,2.417,1.200,1049,0,24.321,2,0,11.032
KMAX20180812-1,KMAX20180812_123106_V06,0,0.483,1.200,560,0,239980.220,15,0,238466.131
KMAX20180812-1,KMAX20180812_123106_V06,2,0.879,1.200,562,0,71911.402,28,0,68338.253
KMAX20180812-1,KMAX20180812_123106_V06,4,1.318,1.200,562,0,7506.951,9,0,4730.324
KMAX20180812-1,KMAX20180812_123106_V06,6,1.802,1.200,278,0,10.209,0,0,10.209
KMAX20180812-1,KMAX20180812_123106_V06,7,2.417,1.200,282,0,27.909,4,0,10.353
KMAX20180812-1,KMAX20180812_123809_V06,0,0.483,1.200,1783,1,229108.042,57,1,227340.054
KMAX20180812-1,KMAX20180812_123809_V06,2,0.879,1.200,1785,0,59679.895,48,0,57251.643
KMAX20180812-1,KMAX20180812_123809_V06,4,1.318,1.200,1786,0,7020.535,20,0,6256.765
KMAX20180812-1,KMAX20180812_123809_V06,6,1.802,1.200,892,0,60.520,3,0,33.378
KMAX20180812-1,KMAX20180812_123809_V06,7,2.417,1.200,892,0,70.896,5,0,40.983
KMAX20180812-1,KMAX20180812_124513_V06,0,0.483,1.200,169,0,217578.203,3,0,213007.165
KMAX20180812-1,KMAX20180812_124513_V06,2,0.879,1.200,169,0,60395.361,4,0,55347.612
KMAX20180812-1,KMAX20180812_124513_V06,4,1.318,1.200,169,0,840.472,2,0,760.776
KMAX20180812-1,KMAX20180812_124513_V06,6,1.802,1.200,86,0,6.983,0,0,6.983
KMAX20180812-1,KMAX20180812_124513_V06,7,2.417,1.200,83,0,12.733,0,0,12.733
KMAX20180812-1,KMAX20180812_125217_V06,0,0.483,1.200,1161,0,265544.737,32,0,264238.323
KMAX20180812-1,KMAX20180812_125217_V06,2,0.879,1.200,1160,0,63977.599,40,0,59907.741
KMAX20180812-1,KMAX20180812_125217_V06,4,1.318,1.200,1160,0,3145.287,13,0,2861.059
KMAX20180812-1,KMAX20180812_125217_V06,6,1.802,1.200,582,0,13.865,0,0,13.865
KMAX20180812-1,KMAX20180812_125217_V06,7,2.417,1.200,580,0,9.291,0,0,9.291
KMAX20180812-1,KMAX20180812_130625_V06,0,0.483,1.200,6184,0,281946.790,185,0,270372.067
KMAX20180812-1,KMAX20180812_130625_V06,2,0.879,1.200,6183,0,81506.305,159,0,71080.702
KMAX20180812-1,KMAX20180812_130625_V06,4,1.318,1.200,6182,0,4086.499,80,0,3627.627
KMAX20180812-1,KMAX20180812_130625_V06,6,1.802,1.200,3095,0,232.782,22,0,146.553
KMAX20180812-1,KMAX20180812_130625_V06,7,2.417,1.200,3099,0,153.873,18,0,98.835
KMAX20180812-1,KMAX20180812_131329_V06,0,0.483,1.200,559,0,312630.490,16,0,301868.558
KMAX20180812-1,KMAX20180812_131329_V06,2,0.879,1.200,560,0,50949.312,14,0,49891.403
KMAX20180812-1,KMAX20180812_131329_V06,4,1.318,1.200,561,0,977.901,4,0,924.882
KMAX20180812-1,KMAX20180812_131329_V06,6,1.802,1.200,281,0,20.653,4,0,0.839
KMAX20180812-1,KMAX20180812_131329_V06,7,2.417,1.200,280,0,21.219,0,0,21.219
KMAX20180812-1,KMAX20180812_132033_V06,0,0.483,1.200,1942,0,202256.884,68,0,195822.929
KMAX20180812-1,KMAX20180812_132033_V06,2,0.879,1.200,1943,0,49545.109,31,0,49306.114
KMAX20180812-1,KMAX20180812_132033_V06,4,1.318,1.200,1947,0,3042.390,30,0,2560.195
KMAX20180812-1,KMAX20180812_132033_V06,6,1.802,1.200,974,0,84.144,5,0,63.534
KMAX20180812-1,KMAX20180812_132033_V06,7,2.417,1.200,977,0,57.615,2,0,45.433
KMAX20180812-10,KMAX20180812_134144_V06,0,0.483,1.200,862,0,320985.025,25,0,317861.143
KMAX20180812-10,KMAX20180812_134144_V06,2,0.879,1.200,864,0,72599.189,29,0,67509.076
KMAX20180812-10,KMAX20180812_134144_V06,4,1.318,1.200,864,0,3849.915,11,0,2584.140
KMAX20180812-10,KMAX20180812_134144_V06,6,1.802,1.200,433,0,26.688,3,0,10.739
KMAX20180812-10,KMAX20180812_134144_V06,7,2.417,1.200,432,0,1.339,0,0,1.339
KMAX20180812-10,KMAX20180812_134848_V06,0,0.483,1.200,2105,1,270441.020,90,1,269730.955
KMAX20180812-10,KMAX20180812_134848_V06,2,0.879,1.200,2106,0,71270.561,79,0,63550.290
KMAX20180812-10,KMAX20180812_134848_V06,4,1.318,1.200,2105,0,1675.533,24,0,1439.511
KMAX20180812-10,KMAX20180812_134848_V06,6,1.802,1.200,1052,0,88.081,7,0,43.317
KMAX20180812-10,KMAX20180812_134848_V06,7,2.417,1.200,1051,0,36.539,2,0,25.359
KMAX20180812-10,KMAX20180812_140254_V06,0,0.483,1.200,348,0,203724.317,8,0,200320.370
KMAX20180812-10,KMAX20180812_140254_V06,2,0.879,1.200,348,0,49462.301,15,0,48598.765
KMAX20180812-10,KMAX20180812_140254_V06,4,1.318,1.200,351,0,1949.951,10,0,1720.961
KMAX20180812-10,KMAX20180812_140254_V06,6,1.802,1.200,173,0,23.437,2,0,16.026
KMAX20180812-10,KMAX20180812_140254_V06,7,2.417,1.200,174,0,13.722,3,0,0.517
KMAX20180812-10,KMAX20180812_140958_V06,0,0.483,1.200,1588,0,236627.549,44,0,209510.259
KMAX20180812-10,KMAX20180812_140958_V06,2,0.879,1.200,1589,0,66567.265,36,0,52344.957
KMAX20180812-10,KMAX20180812_140958_V06,4,1.318,1.200,1589,0,2356.412,19,0,2074.829
KMAX20180812-10,KMAX20180812_140958_V06,6,1.802,1.200,795,0,71.797,0,0,71.797
KMAX20180812-10,KMAX20180812_140958_V06,7,2.417,1.200,796,0,41.408,5,0,17.920
KMAX20180812-10,KMAX20180812_141701_V06,0,0.483,1.200,552,0,303894.905,23,0,267152.407
KMAX20180812-10,KMAX20180812_141701_V06,2,0.879,1.200,551,0,83337.351,23,0,54677.911
KMAX20180812-10,KMAX20180812_141701_V06,4,1.318,1.200,554,0,4339.041,10,0,3917.028
KMAX20180812-10,KMAX20180812_141701_V06,6,1.802,1.200,275,0,25.475,3,0,6.548
KMAX20180812-10,KMAX20180812_141701_V06,7,2.417,1.200,276,0,7.124,0,0,7.124
KMAX20180812-10,KMAX20180812_142404_V06,0,0.483,1.200,1804,0,207294.910,64,0,206350.340
KMAX20180812-10,KMAX20180812_142404_V06,2,0.879,1.200,1802,0,54719.209,37,0,52905.883
KMAX20180812-10,KMAX20180812_142404_V06,4,1.318,1.200,1802,0,1823.862,19,0,1762.958
KMAX20180812-10,KMAX20180812_142404_V06,6,1.802,1.200,899,0,62.267,3,0,44.574
KMAX20180812-10,KMAX20180812_142404_V06,7,2.417,1.200,902,0,40.909,2,0,29.818
KMAX20180812-10,KMAX20180812_143106_V06,0,0.483,1.200,307,0,260437.965,5,0,256771.658
KMAX20180812-10,KMAX20180812_143106_V06,2,0.879,1.200,308,0,33215.946,12,0,30877.080
KMAX20180812-10,KMAX20180812_143106_V06,4,1.318,1.200,307,0,784.877,8,0,666.961
KMAX20180812-10,KMAX20180812_143106_V06,6,1.802,1.200,153,0,8.143,1,0,4.728
KMAX20180812-10,KMAX20180812_143106_V06,7,2.417,1.200,153,0,0.459,0,0,0.459
KMAX20180813-1,KMAX20180813_122034_V06,0,0.483,1.200,891,0,173831.082,33,0,164552.048
KMAX20180813-1,KMAX20180813_122034_V06,2,0.879,1.200,890,0,41514.556,18,0,38380.653
KMAX20180813-1,KMAX20180813_122034_V06,6,1.318,1.200,892,0,3631.040,7,0,3078.134
KMAX20180813-1,KMAX20180813_122034_V06,8,1.802,1.200,448,0,98.532,5,0,83.881
KMAX20180813-1,KMAX20180813_122034_V06,9,2.417,1.200,448,0,18.787,3,0,1.317
KMAX20180813-1,KMAX20180813_122917_V06,0,0.483,1.200,2049,0,193499.227,73,0,192615.441
KMAX20180813-1,KMAX20180813_122917_V06,2,0.879,1.200,2051,0,66189.055,42,0,60682.071
KMAX20180813-1,KMAX20180813_122917_V06,6,1.318,1.200,2050,0,2744.787,29,0,1788.639
KMAX20180813-1,KMAX20180813_122917_V06,8,1.802,1.200,1025,0,57.474,4,0,36.056
KMAX20180813-1,KMAX20180813_122917_V06,9,2.417,1.200,1024,0,33.126,4,0,15.715
KMAX20180813-1,KMAX20180813_123759_V06,0,0.483,1.200,350,0,209101.040,12,0,208619.671
KMAX20180813-1,KMAX20180813_123759_V06,2,0.879,1.200,350,0,43040.522,12,0,41158.764
KMAX20180813-1,KMAX20180813_123759_V06,6,1.318,1.200,350,0,2050.043,5,0,1515.270
KMAX20180813-1,KMAX20180813_123759_V06,8,1.802,1.200,175,0,9.808,0,0,9.808
KMAX20180813-1,KMAX20180813_123759_V06,9,2.417,1.200,174,0,8.555,0,0,8.555
KMAX20180813-1,KMAX20180813_124641_V06,0,0.483,1.200,1693,0,127712.438,52,0,127177.512
KMAX20180813-1,KMAX20180813_124641_V06,2,0.879,1.200,1692,0,45112.857,38,0,39202.529
KMAX20180813-1,KMAX20180813_124641_V06,6,1.318,1.200,1694,0,4661.222,22,0,3476.003
KMAX20180813-1,KMAX20180813_124641_V06,8,1.802,1.200,849,0,62.820,6,0,24.830
KMAX20180813-1,KMAX20180813_124641_V06,9,2.417,1.200,849,0,73.420,6,0,50.523
KMAX20180813-1,KMAX20180813_130356_V06,0,0.483,1.200,7745,0,164395.747,196,0,163144.555
KMAX20180813-1,KMAX20180813_130356_V06,2,0.879,1.200,7745,0,35569.275,155,0,31548.581
KMAX20180813-1,KMAX20180813_130356_V06,6,1.318,1.200,7749,0,4128.351,112,0,3176.021
KMAX20180813-1,KMAX20180813_130356_V06,8,1.802,1.200,3875,0,202.442,20,0,128.629
KMAX20180813-1,KMAX20180813_130356_V06,9,2.417,1.200,3878,0,311.499,37,0,165.621
KMAX20180813-1,KMAX20180813_131230_V06,0,0.483,1.200,577,0,194806.123,21,0,191124.159
KMAX20180813-1,KMAX20180813_131230_V06,2,0.879,1.200,577,0,35968.987,9,0,35459.174
KMAX20180813-1,KMAX20180813_131230_V06,6,1.318,1.200,577,0,2087.425,5,0,2037.527
KMAX20180813-1,KMAX20180813_131230_V06,8,1.802,1.200,287,0,22.783,2,0,13.100
KMAX20180813-1,KMAX20180813_131230_V06,9,2.417,1.200,288,0,17.198,3,0,0.861
KMAX20180813-1,KMAX20180813_132111_V06,0,0.483,1.200,1642,0,213698.363,60,0,210142.882
KMAX20180813-1,KMAX20180813_132111_V06,2,0.879,1.200,1644,0,35548.594,30,0,33874.540
KMAX20180813-1,KMAX20180813_132111_V06,6,1.318,1.200,1643,0,849.073,22,0,707.466
KMAX20180813-1,KMAX20180813_132111_V06,8,1.802,1.200,824,0,70.689,2,0,51.246
KMAX20180813-1,KMAX20180813_132111_V06,9,2.417,1.200,820,0,55.161,7,0,15.317
KMAX20180813-1,KMAX20180813_132953_V06,0,0.483,1.200,696,0,211973.867,19,0,209095.219
KMAX20180813-1,KMAX20180813_132953_V06,2,0.879,1.200,696,0,63885.517,17,0,62638.311
KMAX20180813-1,KMAX20180813_132953_V06,6,1.318,1.200,695,0,5672.643,12,0,3010.504
KMAX20180813-1,KMAX20180813_132953_V06,8,1.802,1.200,346,0,19.280,2,0,9.599
KMAX20180813-1,KMAX20180813_132953_V06,9,2.417,1.200,347,0,16.693,2,0,1.047
KMAX20180813-1,KMAX20180813_133834_V06,0,0.483,1.200,1943,0,191648.431,46,0,177237.814
KMAX20180813-1,KMAX20180813_133834_V06,2,0.879,1.200,1942,0,58280.884,29,0,57359.768
KMAX20180813-1,KMAX20180813_133834_V06,6,1.318,1.200,1940,0,1321.163,29,0,1157.801
KMAX20180813-1,KMAX20180813_133834_V06,8,1.802,1.200,971,0,21.368,4,0,7.661
KMAX20180813-1,KMAX20180813_133834_V06,9,2.417,1.200,974,0,15.659,1,0,6.585
KMAX20180813-1,KMAX20180813_134716_V06,0,0.483,1.200,4020,0,161824.943,112,0,160742.789
KMAX20180813-1,KMAX20180813_134716_V06,2,0.879,1.200,4021,0,31593.139,85,0,30615.918
KMAX20180813-1,KMAX20180813_134716_V06,6,1.318,1.200,4018,0,3757.654,47,0,3429.654
KMAX20180813-1,KMAX20180813_134716_V06,8,1.802,1.200,2016,0,48.910,5,0,27.885
KMAX20180813-1,KMAX20180813_134716_V06,9,2.417,1.200,2015,0,96.353,10,0,43.686
KMAX20180813-1,KMAX20180813_140439_V06,0,0.483,1.200,345,0,163319.892,7,0,159942.647
KMAX20180813-1,KMAX20180813_140439_V06,2,0.879,1.200,346,0,46440.868,4,0,46430.782
KMAX20180813-1,KMAX20180813_140439_V06,6,1.318,1.200,347,0,635.451,5,0,604.509
KMAX20180813-1,KMAX20180813_140439_V06,8,1.802,1.200,172,0,8.024,0,0,8.024
KMAX20180813-1,KMAX20180813_140439_V06,9,2.417,1.200,171,0,5.759,0,0,5.759
KMAX20180813-1,KMAX20180813_141321_V06,0,0.483,1.200,1660,0,174056.098,43,0,167524.406
KMAX20180813-1,KMAX20180813_141321_V06,2,0.879,1.200,1663,0,62103.393,52,0,58570.167
KMAX20180813-1,KMAX20180813_141321_V06,6,1.318,1.200,1664,0,6706.173,19,0,1177.010
KMAX20180813-1,KMAX20180813_141321_V06,8,1.802,1.200,828,0,41.708,2,0,27.344
KMAX20180813-1,KMAX20180813_141321_V06,9,2.417,1.200,833,0,46.155,2,0,37.777
KMAX20180814-1,KMAX20180814_122016_V06,0,0.483,1.200,555,0,127829.368,11,0,127785.020
KMAX20180814-1,KMAX20180814_122016_V06,2,0.879,1.200,553,0,9752.936,10,0,9717.066
KMAX20180814-1,KMAX20180814_122016_V06,6,1.318,1.200,554,0,542.051,1,0,540.475
KMAX20180814-1,KMAX20180814_122016_V06,8,1.802,1.200,278,0,23.471,3,0,13.354
KMAX20180814-1,KMAX20180814_122016_V06,9,2.417,1.200,275,0,0.826,0,0,0.826
KMAX20180814-1,KMAX20180814_122858_V06,0,0.483,1.200,1693,0,107687.656,51,0,107360.600
KMAX20180814-1,KMAX20180814_122858_V06,2,0.879,1.200,1695,0,14299.840,27,0,14220.543
KMAX20180814-1,KMAX20180814_122858_V06,6,1.318,1.200,1692,0,650.079,9,0,601.752
KMAX20180814-1,KMAX20180814_122858_V06,8,1.802,1.200,848,0,41.088,4,0,28.302
KMAX20180814-1,KMAX20180814_122858_V06,9,2.417,1.200,851,0,109.210,7,0,61.987
KMAX20180814-1,KMAX20180814_123741_V06,0,0.483,1.200,609,0,129153.877,10,0,129050.648
KMAX20180814-1,KMAX20180814_123741_V06,2,0.879,1.200,610,0,16820.720,13,0,16774.048
KMAX20180814-1,KMAX20180814_123741_V06,6,1.318,1.200,608,0,1226.540,4,0,946.951
KMAX20180814-1,KMAX20180814_123741_V06,8,1.802,1.200,302,0,21.170,4,0,5.080
KMAX20180814-1,KMAX20180814_123741_V06,9,2.417,1.200,303,0,51.554,6,0,28.880
KMAX20180814-1,KMAX20180814_124624_V06,0,0.483,1.200,1815,0,108950.373,67,0,108637.186
KMAX20180814-1,KMAX20180814_124624_V06,2,0.879,1.200,1814,0,24728.614,24,0,24659.196
KMAX20180814-1,KMAX20180814_124624_V06,6,1.318,1.200,1813,0,1245.814,23,0,1139.906
KMAX20180814-1,KMAX20180814_124624_V06,8,1.802,1.200,907,0,54.263,5,0,27.251
KMAX20180814-1,KMAX20180814_124624_V06,9,2.417,1.200,908,0,41.668,2,0,27.033
KMAX20180814-1,KMAX20180814_130350_V06,0,0.483,1.200,565,3,151759.286,7,3,151731.427
KMAX20180814-1,KMAX20180814_130350_V06,2,0.879,1.200,564,0,24494.568,13,0,24449.811
KMAX20180814-1,KMAX20180814_130350_V06,6,1.318,1.200,565,0,535.907,4,0,462.533
KMAX20180814-1,KMAX20180814_130350_V06,8,1.802,1.200,282,0,23.879,3,0,13.044
KMAX20180814-1,KMAX20180814_130350_V06,9,2.417,1.200,281,0,0.838,0,0,0.838
KMAX20180814-1,KMAX20180814_131234_V06,0,0.483,1.200,1876,1,79726.125,54,1,79452.779
KMAX20180814-1,KMAX20180814_131234_V06,2,0.879,1.200,1876,1,76849.429,45,1,76672.896
KMAX20180814-1,KMAX20180814_131234_V06,6,1.318,1.200,1878,0,979.621,10,0,928.845
KMAX20180814-1,KMAX20180814_131234_V06,8,1.802,1.200,937,0,145.429,14,0,34.957
KMAX20180814-1,KMAX20180814_131234_V06,9,2.417,1.200,936,0,48.222,7,0,10.135
KMAX20180814-1,KMAX20180814_132118_V06,0,0.483,1.200,153,0,94790.255,0,0,94790.255
KMAX20180814-1,KMAX20180814_132118_V06,2,0.879,1.200,153,0,18362.674,1,0,18337.463
KMAX20180814-1,KMAX20180814_132118_V06,6,1.318,1.200,153,0,2328.664,0,0,2328.664
KMAX20180814-1,KMAX20180814_132118_V06,8,1.802,1.200,76,0,11.536,0,0,11.536
KMAX20180814-1,KMAX20180814_132118_V06,9,2.417,1.200,79,0,0.233,0,0,0.233
KMAX20180814-1,KMAX20180814_133002_V06,0,0.483,1.200,1217,0,81934.445,23,0,81785.088
KMAX20180814-1,KMAX20180814_133002_V06,2,0.879,1.200,1216,0,24255.944,37,0,24129.782
KMAX20180814-1,KMAX20180814_133002_V06,6,1.318,1.200,1218,0,815.787,7,0,780.393
KMAX20180814-1,KMAX20180814_133002_V06,8,1.802,1.200,608,0,15.180,1,0,8.965
KMAX20180814-1,KMAX20180814_133002_V06,9,2.417,1.200,611,0,25.005,1,0,21.347
KMAX20180814-1,KMAX20180814_133845_V06,0,0.483,1.200,346,0,175660.920,0,0,175660.920
KMAX20180814-1,KMAX20180814_133845_V06,2,0.879,1.200,345,0,27379.611,4,0,27350.463
KMAX20180814-1,KMAX20180814_133845_V06,6,1.318,1.200,348,0,1092.246,1,0,1087.704
KMAX20180814-1,KMAX20180814_133845_V06,8,1.802,1.200,171,0,9.488,0,0,9.488
KMAX20180814-1,KMAX20180814_133845_V06,9,2.417,1.200,171,0,0.513,0,0,0.513
KMAX20180814-1,KMAX20180814_134729_V06,0,0.483,1.200,1571,0,144341.237,55,0,144099.949
KMAX20180814-1,KMAX20180814_134729_V06,2,0.879,1.200,1571,0,28914.712,46,0,28441.860
KMAX20180814-1,KMAX20180814_134729_V06,6,1.318,1.200,1570,0,1861.227,24,0,1794.524
KMAX20180814-1,KMAX20180814_134729_V06,8,1.802,1.200,789,0,42.558,4,0,15.591
KMAX20180814-1,KMAX20180814_134729_V06,9,2.417,1.200,788,0,55.937,8,0,21.834
KMAX20180814-1,KMAX20180814_140455_V06,0,0.483,1.200,7096,1,125191.555,200,1,124333.358
KMAX20180814-1,KMAX20180814_140455_V06,2,0.879,1.200,7093,0,34662.026,170,0,33485.923
KMAX20180814-1,KMAX20180814_140455_V06,6,1.318,1.200,7086,0,4394.782,164,0,3434.016
KMAX20180814-1,KMAX20180814_140455_V06,8,1.802,1.200,3549,0,281.446,23,0,135.299
KMAX20180814-1,KMAX20180814_140455_V06,9,2.417,1.200,3550,0,222.722,13,0,164.874
KMAX20180814-1,KMAX20180814_141337_V06,0,0.483,1.200,569,0,157196.285,6,0,157182.223
KMAX20180814-1,KMAX20180814_141337_V06,2,0.879,1.200,568,0,30067.072,13,0,30028.071
KMAX20180814-1,KMAX20180814_141337_V06,6,1.318,1.200,564,0,673.413,2,0,668.694
KMAX20180814-1,KMAX20180814_141337_V06,8,1.802,1.200,282,0,13.464,0,0,13.464
KMAX20180814-1,KMAX20180814_141337_V06,9,2.417,1.200,284,0,19.222,3,0,8.123
KMAX20180814-1,KMAX20180814_142220_V06,0,0.483,1.200,1856,0,222711.633,65,0,222452.804
KMAX20180814-1,KMAX20180814_142220_V06,2,0.879,1.200,1855,0,33897.404,42,0,33771.607
KMAX20180814-1,KMAX20180814_142220_V06,6,1.318,1.200,1855,0,1270.820,22,0,1209.555
KMAX20180814-1,KMAX20180814_142220_V06,8,1.802,1.200,927,0,74.159,6,0,44.982
KMAX20180814-1,KMAX20180814_142220_V06,9,2.417,1.200,925,0,27.528,2,0,19.116
KMAX20180814-1,KMAX20180814_143103_V06,0,0.483,1.200,349,0,122038.809,4,0,122019.357
KMAX20180814-1,KMAX20180814_143103_V06,2,0.879,1.200,349,0,96594.695,13,0,96407.595
KMAX20180814-1,KMAX20180814_143103_V06,6,1.318,1.200,349,0,629.594,6,0,617.486
KMAX20180814-1,KMAX20180814_143103_V06,8,1.802,1.200,175,0,6.141,0,0,6.141
KMAX20180814-1,KMAX20180814_143103_V06,9,2.417,1.200,175,0,10.013,0,0,10.013
KMAX20180815-1,KMAX20180815_124031_V06,0,0.483,1.200,574,0,254965.736,16,0,251838.135
KMAX20180815-1,KMAX20180815_124031_V06,2,0.879,1.200,574,0,23364.601,18,0,22708.102
KMAX20180815-1,KMAX20180815_124031_V06,6,1.318,1.200,575,0,420.961,6,0,409.103
KMAX20180815-1,KMAX20180815_124031_V06,8,1.802,1.200,289,0,22.030,0,0,22.030
KMAX20180815-1,KMAX20180815_124031_V06,9,2.417,1.200,286,0,15.357,2,0,4.310
KMAX20180815-1,KMAX20180815_124911_V06,0,0.483,1.200,327,1,323488.791,19,0,263608.678
KMAX20180815-1,KMAX20180815_124911_V06,2,0.879,1.200,325,0,32230.036,20,0,29869.220
KMAX20180815-1,KMAX20180815_124911_V06,4,1.318,1.200,329,0,1129.309,22,0,1013.937
KMAX20180815-1,KMAX20180815_124911_V06,6,1.802,1.200,163,0,48.280,0,0,48.280
KMAX20180815-1,KMAX20180815_124911_V06,7,2.417,1.200,163,0,31.433,0,0,31.433
KMAX20180815-5,KMAX20180815_130454_V06,0,0.483,1.200,3124,17,575988.531,884,0,44124.413
KMAX20180815-5,KMAX20180815_130454_V06,2,0.879,1.200,3125,38,528176.914,985,2,50020.327
KMAX20180815-5,KMAX20180815_130454_V06,4,1.318,1.200,3117,25,567087.434,938,0,54187.273
KMAX20180815-5,KMAX20180815_130454_V06,6,1.802,1.200,1561,2,480881.659,542,0,23880.606
KMAX20180815-5,KMAX20180815_130454_V06,7,2.417,1.200,1563,1,336177.171,715,0,11185.379
KMAX20180815-5,KMAX20180815_130454_V06,8,3.120,1.200,1559,0,445026.191,938,0,6378.859
KMAX20180815-5,KMAX20180815_130454_V06,9,3.999,1.200,1560,0,444580.282,995,0,8467.634
KMAX20180815-5,KMAX20180815_130454_V06,10,5.098,1.200,1565,1,425367.824,896,0,6049.293
KMAX20180816-1,KMAX20180816_122807_V06,0,0.483,1.200,765,1,197647.187,20,1,197042.630
KMAX20180816-1,KMAX20180816_122807_V06,2,0.879,1.200,767,0,30694.763,20,0,25437.595
KMAX20180816-1,KMAX20180816_122807_V06,6,1.318,1.200,767,0,1578.744,6,0,1337.490
KMAX20180816-1,KMAX20180816_122807_V06,8,1.802,1.200,383,0,37.151,3,0,21.438
KMAX20180816-1,KMAX20180816_122807_V06,9,2.417,1.200,383,0,24.090,2,0,7.078
KMAX20180816-1,KMAX20180816_123650_V06,0,0.483,1.200,1818,2,178612.502,77,2,177563.916
KMAX20180816-1,KMAX20180816_123650_V06,2,0.879,1.200,1823,0,35308.822,26,0,28811.824
KMAX20180816-1,KMAX20180816_123650_V06,6,1.318,1.200,1826,0,1959.544,16,0,1846.122
KMAX20180816-1,KMAX20180816_123650_V06,8,1.802,1.200,908,0,24.387,2,0,13.757
KMAX20180816-1,KMAX20180816_123650_V06,9,2.417,1.200,910,0,56.726,6,0,30.230
KMAX20180816-1,KMAX20180816_124532_V06,0,0.483,1.200,342,0,157885.710,10,0,156797.754
KMAX20180816-1,KMAX20180816_124532_V06,2,0.879,1.200,340,0,76870.402,10,0,74160.193
KMAX20180816-1,KMAX20180816_124532_V06,6,1.318,1.200,341,0,1256.916,8,0,1129.721
KMAX20180816-1,KMAX20180816_124532_V06,8,1.802,1.200,172,0,18.993,3,0,3.305
KMAX20180816-1,KMAX20180816_124532_V06,9,2.417,1.200,171,0,0.512,0,0,0.512
KMAX20180816-1,KMAX20180816_130444_V06,0,0.483,1.200,1323,0,215850.240,32,0,214602.747
KMAX20180816-1,KMAX20180816_130444_V06,2,0.879,1.200,1323,0,41359.347,33,0,40758.130
KMAX20180816-1,KMAX20180816_130444_V06,6,1.318,1.200,1326,0,1248.359,13,0,1211.114
KMAX20180816-1,KMAX20180816_130444_V06,8,1.802,1.200,665,0,74.318,7,0,41.593
KMAX20180816-1,KMAX20180816_130444_V06,9,2.417,1.200,665,0,54.709,8,0,16.076
KMAX20180816-1,KMAX20180816_131327_V06,0,0.483,1.200,2029,0,159171.469,50,0,158792.309
KMAX20180816-1,KMAX20180816_131327_V06,2,0.879,1.200,2030,0,60292.746,47,0,57796.218
KMAX20180816-1,KMAX20180816_131327_V06,6,1.318,1.200,2030,0,4084.873,29,0,3213.817
KMAX20180816-1,KMAX20180816_131327_V06,8,1.802,1.200,1018,0,67.717,8,0,29.103
KMAX20180816-1,KMAX20180816_131327_V06,9,2.417,1.200,1018,0,76.768,4,0,54.017
KMAX20180816-1,KMAX20180816_132207_V06,0,0.483,1.200,549,0,194459.624,44,0,183769.437
KMAX20180816-1,KMAX20180816_132207_V06,2,0.879,1.200,547,0,35819.078,30,0,32667.494
KMAX20180816-1,KMAX20180816_132207_V06,4,1.318,1.200,550,0,1722.717,30,0,1486.690
KMAX20180816-1,KMAX20180816_132207_V06,6,1.802,1.200,273,0,75.527,0,0,75.527
KMAX20180816-1,KMAX20180816_132207_V06,7,2.417,1.200,276,0,26.582,0,0,26.582
KMAX20180816-1,KMAX20180816_132612_V06,0,0.483,1.200,1416,0,214624.042,87,0,206884.555
KMAX20180816-1,KMAX20180816_132612_V06,2,0.879,1.200,1418,0,34010.186,79,0,25661.616
KMAX20180816-1,KMAX20180816_132612_V06,4,1.318,1.200,1417,0,2581.133,54,0,1695.299
KMAX20180816-1,KMAX20180816_132612_V06,8,1.802,1.200,707,0,80.900,2,0,57.053
KMAX20180816-1,KMAX20180816_132612_V06,9,2.417,1.200,708,0,32.330,0,0,32.330
KMAX20180816-12,KMAX20180816_143539_V06,0,0.483,1.200,517,0,132343.167,11,0,130392.864
KMAX20180816-12,KMAX20180816_143539_V06,2,0.879,1.200,516,0,28346.212,8,0,27812.418
KMAX20180816-12,KMAX20180816_143539_V06,6,1.318,1.200,515,0,2605.296,9,0,1387.154
KMAX20180816-12,KMAX20180816_143539_V06,8,1.802,1.200,258,0,0.786,0,0,0.786
KMAX20180816-12,KMAX20180816_143539_V06,9,2.417,1.200,259,0,21.835,0,0,21.835
KMAX20180816-12,KMAX20180816_144412_V06,0,0.483,1.200,1847,0,152514.088,40,0,144440.075
KMAX20180816-12,KMAX20180816_144412_V06,2,0.879,1.200,1848,0,31718.080,27,0,24650.848
KMAX20180816-12,KMAX20180816_144412_V06,6,1.318,1.200,1848,0,2003.358,27,0,1231.046
KMAX20180816-12,KMAX20180816_144412_V06,8,1.802,1.200,926,0,41.446,0,0,41.446
KMAX20180816-12,KMAX20180816_144412_V06,9,2.417,1.200,928,0,48.647,7,0,17.387
KMAX20180816-8,KMAX20180816_134338_V06,0,0.483,1.200,236,0,174020.705,9,0,166010.930
KMAX20180816-8,KMAX20180816_134338_V06,2,0.879,1.200,236,0,51331.359,9,0,50225.696
KMAX20180816-8,KMAX20180816_134338_V06,4,1.318,1.200,236,0,2020.751,19,0,1875.216
KMAX20180816-8,KMAX20180816_134338_V06,8,1.802,1.200,118,0,10.211,1,0,7.049
KMAX20180816-8,KMAX20180816_134338_V06,9,2.417,1.200,119,0,21.444,0,0,21.444
KMAX20180816-10,KMAX20180816_141821_V06,0,0.483,1.200,554,0,224199.568,31,0,194213.069
KMAX20180816-10,KMAX20180816_141821_V06,2,0.879,1.200,554,0,28298.239,39,0,23764.429
KMAX20180816-10,KMAX20180816_141821_V06,4,1.318,1.200,552,0,1297.881,25,0,1024.926
KMAX20180816-10,KMAX20180816_141821_V06,8,1.802,1.200,279,0,57.196,1,0,52.620
KMAX20180816-10,KMAX20180816_141821_V06,9,2.417,1.200,277,0,51.545,2,0,41.217
KMAX20180816-10,KMAX20180816_142243_V06,0,0.483,1.200,323,1,178137.257,18,1,163083.141
KMAX20180816-10,KMAX20180816_142243_V06,2,0.879,1.200,321,0,32038.849,18,0,27172.174
KMAX20180816-10,KMAX20180816_142243_V06,4,1.318,1.200,323,0,2272.675,14,0,1689.691
KMAX20180816-10,KMAX20180816_142243_V06,8,1.802,1.200,159,0,37.697,4,0,23.792
KMAX20180816-10,KMAX20180816_142243_V06,9,2.417,1.200,161,0,29.725,0,0,29.725
KMAX20180817-2,KMAX20180817_122124_V06,0,0.483,1.200,304,0,158023.144,10,0,154795.048
KMAX20180817-2,KMAX20180817_122124_V06,2,0.879,1.200,303,0,23875.430,6,0,19417.886
KMAX20180817-2,KMAX20180817_122124_V06,6,1.318,1.200,302,0,2505.023,5,0,2202.826
KMAX20180817-2,KMAX20180817_122124_V06,8,1.802,1.200,154,0,34.040,3,0,22.432
KMAX20180817-2,KMAX20180817_122124_V06,9,2.417,1.200,154,0,12.967,3,0,0.454
KMAX20180817-2,KMAX20180817_123005_V06,0,0.483,1.200,1477,0,172645.720,46,0,165222.976
KMAX20180817-2,KMAX20180817_123005_V06,2,0.879,1.200,1477,0,40620.682,23,0,40427.252
KMAX20180817-2,KMAX20180817_123005_V06,6,1.318,1.200,1480,0,1918.692,17,0,1826.447
KMAX20180817-2,KMAX20180817_123005_V06,8,1.802,1.200,741,0,35.119,1,0,31.723
KMAX20180817-2,KMAX20180817_123005_V06,9,2.417,1.200,742,0,77.907,5,0,49.924
KMAX20180817-5,KMAX20180817_131528_V06,0,0.483,1.200,534,0,143365.914,23,0,134877.289
KMAX20180817-5,KMAX20180817_131528_V06,2,0.879,1.200,533,0,39433.846,11,0,31921.345
KMAX20180817-5,KMAX20180817_131528_V06,6,1.318,1.200,535,0,2257.742,12,0,1918.395
KMAX20180817-5,KMAX20180817_131528_V06,8,1.802,1.200,268,0,40.405,7,0,4.470
KMAX20180817-5,KMAX20180817_131528_V06,9,2.417,1.200,269,0,10.539,0,0,10.539
KMAX20180817-5,KMAX20180817_132409_V06,0,0.483,1.200,1931,0,166238.708,61,0,162151.429
KMAX20180817-5,KMAX20180817_132409_V06,2,0.879,1.200,1933,0,57245.297,43,0,44925.366
KMAX20180817-5,KMAX20180817_132409_V06,6,1.318,1.200,1932,0,5114.064,25,0,4267.330
KMAX20180817-5,KMAX20180817_132409_V06,8,1.802,1.200,967,0,119.527,10,0,76.612
KMAX20180817-5,KMAX20180817_132409_V06,9,2.417,1.200,969,0,37.862,4,0,14.468
KMAX20180817-5,KMAX20180817_133250_V06,0,0.483,1.200,191,0,148706.186,8,0,140233.508
KMAX20180817-5,KMAX20180817_133250_V06,2,0.879,1.200,192,0,43231.421,6,0,28880.889
KMAX20180817-5,KMAX20180817_133250_V06,6,1.318,1.200,192,0,929.166,2,0,849.541
KMAX20180817-5,KMAX20180817_133250_V06,8,1.802,1.200,95,0,16.798,1,0,8.710
KMAX20180817-5,KMAX20180817_133250_V06,9,2.417,1.200,96,0,0.286,0,0,0.286
KMAX20180817-5,KMAX20180817_134131_V06,0,0.483,1.200,1530,0,174010.939,37,0,163200.590
KMAX20180817-5,KMAX20180817_134131_V06,2,0.879,1.200,1536,0,47686.903,40,0,37911.297
KMAX20180817-5,KMAX20180817_134131_V06,6,1.318,1.200,1537,0,1628.654,19,0,1456.344
KMAX20180817-5,KMAX20180817_134131_V06,8,1.802,1.200,766,0,87.326,4,0,68.938
KMAX20180817-5,KMAX20180817_134131_V06,9,2.417,1.200,769,0,94.617,9,0,51.593
KMAX20180818-1,KMAX20180818_122807_V06,0,0.483,1.200,570,0,278129.813,17,0,256739.007
KMAX20180818-1,KMAX20180818_122807_V06,2,0.879,1.200,568,0,54378.715,17,0,50407.509
KMAX20180818-1,KMAX20180818_122807_V06,6,1.318,1.200,568,0,2487.463,5,0,2450.956
KMAX20180818-1,KMAX20180818_122807_V06,8,1.802,1.200,282,0,29.506,5,0,10.476
KMAX20180818-1,KMAX20180818_122807_V06,9,2.417,1.200,283,0,34.894,1,0,24.586
KMAX20180818-1,KMAX20180818_123649_V06,0,0.483,1.200,1801,0,234308.702,32,0,230778.682
KMAX20180818-1,KMAX20180818_123649_V06,2,0.879,1.200,1800,0,57236.009,37,0,47884.527
KMAX20180818-1,KMAX20180818_123649_V06,6,1.318,1.200,1798,0,2486.345,15,0,2223.683
KMAX20180818-1,KMAX20180818_123649_V06,8,1.802,1.200,899,0,57.672,3,0,42.637
KMAX20180818-1,KMAX20180818_123649_V06,9,2.417,1.200,901,0,36.151,3,0,23.197
KMAX20180818-1,KMAX20180818_124529_V06,0,0.483,1.200,550,0,188602.436,7,0,184124.646
KMAX20180818-1,KMAX20180818_124529_V06,2,0.879,1.200,550,0,36924.869,14,0,36486.553
KMAX20180818-1,KMAX20180818_124529_V06,6,1.318,1.200,551,0,589.693,7,0,423.822
KMAX20180818-1,KMAX20180818_124529_V06,8,1.802,1.200,277,0,8.222,1,0,4.747
KMAX20180818-1,KMAX20180818_124529_V06,9,2.417,1.200,275,0,0.826,0,0,0.826
KMAX20180818-1,KMAX20180818_130251_V06,0,0.483,1.200,1693,0,195948.833,37,0,189324.154
KMAX20180818-1,KMAX20180818_130251_V06,2,0.879,1.200,1694,0,25461.505,26,0,25405.184
KMAX20180818-1,KMAX20180818_130251_V06,6,1.318,1.200,1696,0,3121.080,20,0,1897.184
KMAX20180818-1,KMAX20180818_130251_V06,8,1.802,1.200,849,0,60.978,4,0,37.343
KMAX20180818-1,KMAX20180818_130251_V06,9,2.417,1.200,844,0,17.467,0,0,17.467
KMAX20180818-1,KMAX20180818_131133_V06,0,0.483,1.200,701,0,182886.698,21,0,179639.305
KMAX20180818-1,KMAX20180818_131133_V06,2,0.879,1.200,702,0,43095.861,27,0,34117.387
KMAX20180818-1,KMAX20180818_131133_V06,6,1.318,1.200,698,0,1765.801,6,0,1263.057
KMAX20180818-1,KMAX20180818_131133_V06,8,1.802,1.200,350,0,10.440,2,0,1.056
KMAX20180818-1,KMAX20180818_131133_V06,9,2.417,1.200,348,0,1.057,0,0,1.057
KMAX20180818-1,KMAX20180818_132016_V06,0,0.483,1.200,1980,0,206677.149,50,0,190042.448
KMAX20180818-1,KMAX20180818_132016_V06,2,0.879,1.200,1979,0,47812.790,45,0,43526.867
KMAX20180818-1,KMAX20180818_132016_V06,6,1.318,1.200,1978,0,3709.230,26,0,3063.180
KMAX20180818-1,KMAX20180818_132016_V06,8,1.802,1.200,990,0,942.565,6,0,901.366
KMAX20180818-1,KMAX20180818_132016_V06,9,2.417,1.200,993,0,84.107,11,0,36.952
KMAX20180818-1,KMAX20180818_132858_V06,0,0.483,1.200,1058,0,241743.146,26,0,193386.570
KMAX20180818-1,KMAX20180818_132858_V06,2,0.879,1.200,1058,0,72086.677,30,0,64872.995
KMAX20180818-1,KMAX20180818_132858_V06,6,1.318,1.200,1055,0,3087.818,12,0,2722.498
KMAX20180818-1,KMAX20180818_132858_V06,8,1.802,1.200,528,0,64.128,1,0,56.831
KMAX20180818-1,KMAX20180818_132858_V06,9,2.417,1.200,529,0,8.635,0,0,8.635
KMAX20180818-1,KMAX20180818_133739_V06,0,0.483,1.200,2313,0,281641.942,84,0,276362.094
KMAX20180818-1,KMAX20180818_133739_V06,2,0.879,1.200,2314,0,51237.466,51,0,50268.280
KMAX20180818-1,KMAX20180818_133739_V06,6,1.318,1.200,2317,0,4596.996,42,0,4404.465
KMAX20180818-1,KMAX20180818_133739_V06,8,1.802,1.200,1159,0,55.437,5,0,29.929
KMAX20180818-1,KMAX20180818_133739_V06,9,2.417,1.200,1160,0,16.761,3,0,3.454
KMAX20180818-1,KMAX20180818_134619_V06,0,0.483,1.200,177,0,194836.687,4,0,180050.296
KMAX20180818-1,KMAX20180818_134619_V06,2,0.879,1.200,177,0,51192.895,3,0,51004.127
KMAX20180818-1,KMAX20180818_134619_V06,6,1.318,1.200,178,0,3138.818,6,0,2357.602
KMAX20180818-1,KMAX20180818_134619_V06,8,1.802,1.200,90,0,0.267,0,0,0.267
KMAX20180818-1,KMAX20180818_134619_V06,9,2.417,1.200,88,0,0.261,0,0,0.261
KMAX20180818-1,KMAX20180818_140341_V06,0,0.483,1.200,1391,0,196107.242,110,0,175219.232
KMAX20180818-1,KMAX20180818_140341_V06,2,0.879,1.200,1391,0,28521.814,64,0,24721.065
KMAX20180818-1,KMAX20180818_140341_V06,6,1.318,1.200,1390,0,1007.147,15,0,901.580
KMAX20180818-1,KMAX20180818_140341_V06,8,1.802,1.200,700,0,56.435,6,0,16.705
KMAX20180818-1,KMAX20180818_140341_V06,9,2.417,1.200,697,0,56.402,5,0,23.527
KMAX20180818-1,KMAX20180818_141222_V06,0,0.483,1.200,435,0,267359.724,15,0,265567.315
KMAX20180818-1,KMAX20180818_141222_V06,2,0.879,1.200,434,0,97217.376,10,0,94933.365
KMAX20180818-1,KMAX20180818_141222_V06,6,1.318,1.200,434,0,1730.265,3,0,1725.547
KMAX20180818-1,KMAX20180818_141222_V06,8,1.802,1.200,218,0,21355.150,4,0,3.072
KMAX20180818-1,KMAX20180818_141222_V06,9,2.417,1.200,219,0,16.176,2,0,0.648
KMAX20180818-1,KMAX20180818_142105_V06,0,0.483,1.200,1618,6,259595.527,157,6,254194.444
KMAX20180818-1,KMAX20180818_142105_V06,2,0.879,1.200,1621,0,51501.529,96,0,46589.561
KMAX20180818-1,KMAX20180818_142105_V06,6,1.318,1.200,1620,0,3099.958,13,0,3026.973
KMAX20180818-1,KMAX20180818_142105_V06,8,1.802,1.200,812,0,24825.988,7,0,7.578
KMAX20180818-1,KMAX20180818_142105_V06,9,2.417,1.200,812,0,59.481,7,0,23.700
KMAX20180818-1,KMAX20180818_142947_V06,0,0.483,1.200,3726,0,259797.084,322,0,240427.017
KMAX20180818-1,KMAX20180818_142947_V06,2,0.879,1.200,3728,0,122986.197,231,0,107676.645
KMAX20180818-1,KMAX20180818_142947_V06,6,1.318,1.200,3727,0,3556.631,40,0,2927.474
KMAX20180818-1,KMAX20180818_142947_V06,8,1.802,1.200,1862,0,53.653,9,0,22.363
KMAX20180818-1,KMAX20180818_142947_V06,9,2.417,1.200,1864,0,62.719,1,0,58.797
KMAX20180818-1,KMAX20180818_143828_V06,0,0.483,1.200,576,0,217185.365,21,0,216970.761
KMAX20180818-1,KMAX20180818_143828_V06,2,0.879,1.200,576,0,32744.940,36,0,32496.473
KMAX20180818-1,KMAX20180818_143828_V06,6,1.318,1.200,578,0,1816.251,9,0,1392.925
KMAX20180818-1,KMAX20180818_143828_V06,8,1.802,1.200,289,0,14.817,2,0,0.865
KMAX20180818-1,KMAX20180818_143828_V06,9,2.417,1.200,289,0,9.600,0,0,9.600
KMAX20180819-9,KMAX20180819_132727_V06,0,0.483,1.200,174,0,138421.210,5,0,137697.105
KMAX20180819-9,KMAX20180819_132727_V06,2,0.879,1.200,174,0,37489.094,2,0,36821.346
KMAX20180819-9,KMAX20180819_132727_V06,6,1.318,1.200,173,0,1214.333,11,0,793.809
KMAX20180819-9,KMAX20180819_132727_V06,8,1.802,1.200,86,0,0.260,0,0,0.260
KMAX20180819-9,KMAX20180819_132727_V06,9,2.417,1.200,86,0,0.261,0,0,0.261
KMAX20180819-9,KMAX20180819_133607_V06,0,0.483,1.200,993,1,218193.599,28,1,217776.234
KMAX20180819-9,KMAX20180819_133607_V06,2,0.879,1.200,994,0,59439.284,19,0,52132.418
KMAX20180819-9,KMAX20180819_133607_V06,6,1.318,1.200,996,0,1069.368,11,0,877.516
KMAX20180819-9,KMAX20180819_133607_V06,8,1.802,1.200,498,0,32.409,0,0,32.409
KMAX20180819-9,KMAX20180819_133607_V06,9,2.417,1.200,499,0,35.484,3,0,23.204
KMAX20180819-9,KMAX20180819_134449_V06,0,0.483,1.200,1022,0,220068.383,39,0,212022.783
KMAX20180819-9,KMAX20180819_134449_V06,2,0.879,1.200,1023,0,44673.688,22,0,44103.479
KMAX20180819-9,KMAX20180819_134449_V06,6,1.318,1.200,1027,0,1576.993,15,0,1284.550
KMAX20180819-9,KMAX20180819_134449_V06,8,1.802,1.200,513,0,6.892,0,0,6.892
KMAX20180819-9,KMAX20180819_134449_V06,9,2.417,1.200,512,0,5.265,0,0,5.265
KMAX20180819-1,KMAX20180819_122653_V06,0,0.483,1.200,845,2,268875.118,18,2,265311.171
KMAX20180819-1,KMAX20180819_122653_V06,2,0.879,1.200,843,0,51841.600,16,0,46748.546
KMAX20180819-1,KMAX20180819_122653_V06,6,1.318,1.200,845,0,910.885,12,0,831.476
KMAX20180819-1,KMAX20180819_122653_V06,8,1.802,1.200,423,0,24.419,0,0,24.419
KMAX20180819-1,KMAX20180819_122653_V06,9,2.417,1.200,422,0,8.737,0,0,8.737
KMAX20180819-1,KMAX20180819_123535_V06,0,0.483,1.200,2093,1,227237.496,41,1,222279.423
KMAX20180819-1,KMAX20180819_123535_V06,2,0.879,1.200,2094,0,47120.019,37,0,46819.664
KMAX20180819-1,KMAX20180819_123535_V06,6,1.318,1.200,2092,0,2090.446,30,0,1003.874
KMAX20180819-1,KMAX20180819_123535_V06,8,1.802,1.200,1047,0,47.909,4,0,17.938
KMAX20180819-1,KMAX20180819_123535_V06,9,2.417,1.200,1046,0,31.940,2,0,17.792
KMAX20180819-1,KMAX20180819_124416_V06,0,0.483,1.200,398,0,192269.171,9,0,186925.428
KMAX20180819-1,KMAX20180819_124416_V06,2,0.879,1.200,399,0,62888.405,8,0,44763.479
KMAX20180819-1,KMAX20180819_124416_V06,6,1.318,1.200,400,0,1067.325,13,0,876.431
KMAX20180819-1,KMAX20180819_124416_V06,8,1.802,1.200,200,0,22.060,0,0,22.060
KMAX20180819-1,KMAX20180819_124416_V06,9,2.417,1.200,202,0,0.606,0,0,0.606
KMAX20180819-1,KMAX20180819_130139_V06,0,0.483,1.200,1296,0,163769.049,24,0,163248.808
KMAX20180819-1,KMAX20180819_130139_V06,2,0.879,1.200,1298,0,59849.513,24,0,44906.900
KMAX20180819-1,KMAX20180819_130139_V06,6,1.318,1.200,1299,0,2277.441,15,0,2091.878
KMAX20180819-1,KMAX20180819_130139_V06,8,1.802,1.200,654,0,27.522,2,0,19.310
KMAX20180819-1,KMAX20180819_130139_V06,9,2.417,1.200,650,0,17.771,2,0,10.391
KMAX20180819-1,KMAX20180819_131012_V06,0,0.483,1.200,563,0,159807.100,9,0,147724.813
KMAX20180819-1,KMAX20180819_131012_V06,2,0.879,1.200,564,0,26144.578,8,0,26095.461
KMAX20180819-1,KMAX20180819_131012_V06,6,1.318,1.200,566,0,1247.547,9,0,1099.270
KMAX20180819-1,KMAX20180819_131012_V06,8,1.802,1.200,283,0,18.119,1,0,13.257
KMAX20180819-1,KMAX20180819_131012_V06,9,2.417,1.200,283,0,18.214,0,0,18.214
KMAX20180819-1,KMAX20180819_131854_V06,0,0.483,1.200,1611,0,163368.405,64,0,157835.449
KMAX20180819-1,KMAX20180819_131854_V06,2,0.879,1.200,1610,0,36520.275,24,0,33688.314
KMAX20180819-1,KMAX20180819_131854_V06,6,1.318,1.200,1611,0,2932.187,20,0,1702.195
KMAX20180819-1,KMAX20180819_131854_V06,8,1.802,1.200,805,0,97.083,15,0,22.807
KMAX20180819-1,KMAX20180819_131854_V06,9,2.417,1.200,808,0,51.667,6,0,20.835
KMAX20180820-7,KMAX20180820_131450_V06,0,0.483,1.200,144,0,119214.289,4,0,114941.646
KMAX20180820-7,KMAX20180820_131450_V06,2,0.879,1.200,145,0,43196.959,3,0,37805.103
KMAX20180820-7,KMAX20180820_131450_V06,6,1.318,1.200,146,0,268.354,4,0,220.019
KMAX20180820-7,KMAX20180820_131450_V06,8,1.802,1.200,72,0,10.067,2,0,0.210
KMAX20180820-7,KMAX20180820_131450_V06,9,2.417,1.200,72,0,0.216,0,0,0.216
KMAX20180820-7,KMAX20180820_132332_V06,0,0.483,1.200,1089,0,131316.107,32,0,130849.667
KMAX20180820-7,KMAX20180820_132332_V06,2,0.879,1.200,1091,0,39583.544,16,0,36100.871
KMAX20180820-7,KMAX20180820_132332_V06,6,1.318,1.200,1088,0,2220.064,9,0,1636.635
KMAX20180820-7,KMAX20180820_132332_V06,8,1.802,1.200,545,0,21.851,2,0,8.660
KMAX20180820-7,KMAX20180820_132332_V06,9,2.417,1.200,544,0,27.388,3,0,14.591
KMAX20180820-7,KMAX20180820_133213_V06,0,0.483,1.200,1108,0,120911.503,39,0,115101.908
KMAX20180820-7,KMAX20180820_133213_V06,2,0.879,1.200,1107,0,28493.554,24,0,28173.799
KMAX20180820-7,KMAX20180820_133213_V06,6,1.318,1.200,1107,0,2147.225,11,0,1857.875
KMAX20180820-7,KMAX20180820_133213_V06,8,1.802,1.200,557,0,26.417,3,0,5.471
KMAX20180820-7,KMAX20180820_133213_V06,9,2.417,1.200,555,0,5.281,0,0,5.281
KMAX20180820-7,KMAX20180820_134055_V06,0,0.483,1.200,1366,0,140311.369,84,0,132490.710
KMAX20180820-7,KMAX20180820_134055_V06,2,0.879,1.200,1369,0,25566.162,59,0,24735.938
KMAX20180820-7,KMAX20180820_134055_V06,6,1.318,1.200,1364,0,1590.564,17,0,1306.620
KMAX20180820-7,KMAX20180820_134055_V06,8,1.802,1.200,680,0,42.845,2,0,19.314
KMAX20180820-7,KMAX20180820_134055_V06,9,2.417,1.200,684,0,17.263,3,0,8.548
KMAX20180820-7,KMAX20180820_134928_V06,0,0.483,1.200,566,0,136487.852,15,0,129593.124
KMAX20180820-7,KMAX20180820_134928_V06,2,0.879,1.200,567,0,34734.778,12,0,29194.198
KMAX20180820-7,KMAX20180820_134928_V06,6,1.318,1.200,567,0,567.345,4,0,554.542
KMAX20180820-7,KMAX20180820_134928_V06,8,1.802,1.200,284,0,18.880,2,0,11.191
KMAX20180820-7,KMAX20180820_134928_V06,9,2.417,1.200,283,0,19.798,3,0,0.843
KMAX20180820-7,KMAX20180820_140651_V06,0,0.483,1.200,1318,0,137296.140,69,0,131308.146
KMAX20180820-7,KMAX20180820_140651_V06,2,0.879,1.200,1317,0,31699.060,17,0,31641.414
KMAX20180820-7,KMAX20180820_140651_V06,6,1.318,1.200,1314,0,2455.781,14,0,1633.912
KMAX20180820-7,KMAX20180820_140651_V06,8,1.802,1.200,659,0,30.179,1,0,22.754
KMAX20180820-7,KMAX20180820_140651_V06,9,2.417,1.200,662,0,15.229,0,0,15.229
KMAX20180820-7,KMAX20180820_141532_V06,0,0.483,1.200,351,0,154907.294,19,0,151319.212
KMAX20180820-7,KMAX20180820_141532_V06,2,0.879,1.200,353,0,24114.713,9,0,22403.824
KMAX20180820-7,KMAX20180820_141532_V06,6,1.318,1.200,354,0,563.496,6,0,539.643
KMAX20180820-7,KMAX20180820_141532_V06,8,1.802,1.200,174,0,13.203,3,0,0.517
KMAX20180820-7,KMAX20180820_141532_V06,9,2.417,1.200,175,0,7.030,0,0,7.030
KMAX20180820-1,KMAX20180820_123122_V06,0,0.483,1.200,1051,0,169737.350,18,0,162067.713
KMAX20180820-1,KMAX20180820_123122_V06,2,0.879,1.200,1052,0,18072.542,13,0,16745.936
KMAX20180820-1,KMAX20180820_123122_V06,6,1.318,1.200,1054,0,1242.047,14,0,999.983
KMAX20180820-1,KMAX20180820_123122_V06,8,1.802,1.200,526,0,51.711,6,0,18.274
KMAX20180820-1,KMAX20180820_123122_V06,9,2.417,1.200,526,0,5.391,0,0,5.391
KMAX20180820-1,KMAX20180820_124003_V06,0,0.483,1.200,2132,0,174334.417,28,0,173214.310
KMAX20180820-1,KMAX20180820_124003_V06,2,0.879,1.200,2129,0,33049.016,26,0,31332.692
KMAX20180820-1,KMAX20180820_124003_V06,6,1.318,1.200,2130,0,2325.834,26,0,1727.437
KMAX20180820-1,KMAX20180820_124003_V06,8,1.802,1.200,1065,0,113.061,3,0,25.976
KMAX20180820-1,KMAX20180820_124003_V06,9,2.417,1.200,1066,0,59.596,5,0,37.873
KMAX20180820-1,KMAX20180820_124844_V06,0,0.483,1.200,576,0,179129.029,13,0,177630.557
KMAX20180820-1,KMAX20180820_124844_V06,2,0.879,1.200,575,0,32908.855,13,0,29269.601
KMAX20180820-1,KMAX20180820_124844_V06,6,1.318,1.200,575,0,1632.826,7,0,1384.465
KMAX20180820-1,KMAX20180820_124844_V06,8,1.802,1.200,289,0,34.913,4,0,14.703
KMAX20180820-1,KMAX20180820_124844_V06,9,2.417,1.200,289,0,0.879,0,0,0.879
KMAX20180820-1,KMAX20180820_130608_V06,0,0.483,1.200,1556,0,158161.889,37,0,146172.971
KMAX20180820-1,KMAX20180820_130608_V06,2,0.879,1.200,1556,0,25417.645,27,0,24899.800
KMAX20180820-1,KMAX20180820_130608_V06,6,1.318,1.200,1556,0,2055.308,16,0,1821.955
KMAX20180820-1,KMAX20180820_130608_V06,8,1.802,1.200,778,0,33.845,4,0,12.957
KMAX20180820-1,KMAX20180820_130608_V06,9,2.417,1.200,780,0,35.719,0,0,35.719
KMAX20180821-5,KMAX20180821_130830_V06,0,0.483,1.200,299,0,119068.980,16,0,107356.986
KMAX20180821-5,KMAX20180821_130830_V06,2,0.879,1.200,300,0,34906.914,24,0,21816.911
KMAX20180821-5,KMAX20180821_130830_V06,4,1.318,1.200,300,0,3897.408,26,0,2018.244
KMAX20180821-5,KMAX20180821_130830_V06,8,1.802,1.200,152,0,24.025,0,0,24.025
KMAX20180821-5,KMAX20180821_130830_V06,9,2.417,1.200,153,0,9.752,0,0,9.752
KMAX20180821-5,KMAX20180821_131228_V06,0,0.483,1.200,983,0,86344.369,42,0,80703.275
KMAX20180821-5,KMAX20180821_131228_V06,2,0.879,1.200,983,0,25732.961,49,0,23137.553
KMAX20180821-5,KMAX20180821_131228_V06,4,1.318,1.200,988,0,2275.500,38,0,1588.607
KMAX20180821-5,KMAX20180821_131228_V06,8,1.802,1.200,492,0,69.411,0,0,69.411
KMAX20180821-5,KMAX20180821_131228_V06,9,2.417,1.200,493,0,63.695,0,0,63.695
KMAX20180821-6,KMAX20180821_133240_V06,0,0.483,1.200,262,0,103928.560,9,0,103455.661
KMAX20180821-6,KMAX20180821_133240_V06,2,0.879,1.200,262,0,52329.054,26,0,36170.033
KMAX20180821-6,KMAX20180821_133240_V06,4,1.318,1.200,261,0,2946.699,13,0,2801.024
KMAX20180821-6,KMAX20180821_133240_V06,8,1.802,1.200,132,0,58.040,1,0,53.131
KMAX20180821-6,KMAX20180821_133240_V06,9,2.417,1.200,131,0,0.393,0,0,0.393
KMAX20180821-6,KMAX20180821_133701_V06,0,0.483,1.200,1003,0,153979.508,75,0,109986.140
KMAX20180821-6,KMAX20180821_133701_V06,2,0.879,1.200,1010,0,23588.462,50,0,21614.718
KMAX20180821-6,KMAX20180821_133701_V06,4,1.318,1.200,1010,0,2144.579,30,0,1876.973
KMAX20180821-6,KMAX20180821_133701_V06,8,1.802,1.200,504,0,103.104,0,0,103.104
KMAX20180821-6,KMAX20180821_133701_V06,9,2.417,1.200,503,0,68.944,0,0,68.944
KMAX20180821-1,KMAX20180821_122801_V06,0,0.483,1.200,525,0,72480.113,17,0,72212.751
KMAX20180821-1,KMAX20180821_122801_V06,2,0.879,1.200,526,0,29511.296,26,0,27513.089
KMAX20180821-1,KMAX20180821_122801_V06,4,1.318,1.200,525,0,1612.836,22,0,1479.230
KMAX20180821-1,KMAX20180821_122801_V06,8,1.802,1.200,264,0,57.152,1,0,53.932
KMAX20180821-1,KMAX20180821_122801_V06,9,2.417,1.200,264,0,16.115,0,0,16.115
KMAX20180821-3,KMAX20180821_124359_V06,0,0.483,1.200,495,0,120178.736,25,0,109865.355
KMAX20180821-3,KMAX20180821_124359_V06,2,0.879,1.200,493,0,22749.536,27,0,21450.175
KMAX20180821-3,KMAX20180821_124359_V06,4,1.318,1.200,494,0,3495.308,26,0,2488.214
KMAX20180821-3,KMAX20180821_124359_V06,8,1.802,1.200,248,0,24.992,1,0,21.811
KMAX20180821-3,KMAX20180821_124359_V06,9,2.417,1.200,247,0,30.420,1,0,26.020
KMAX20180822-2,KMAX20180822_122743_V06,0,0.483,1.200,214,0,85248.073,0,0,85248.073
KMAX20180822-2,KMAX20180822_122743_V06,2,0.879,1.200,214,0,17723.910,4,0,17694.333
KMAX20180822-2,KMAX20180822_122743_V06,6,1.318,1.200,216,0,556.967,3,0,552.023
KMAX20180822-2,KMAX20180822_122743_V06,8,1.802,1.200,110,0,8.457,0,0,8.457
KMAX20180822-2,KMAX20180822_122743_V06,9,2.417,1.200,111,0,0.333,0,0,0.333
KMAX20180822-2,KMAX20180822_123626_V06,0,0.483,1.200,1059,0,144344.849,10,0,144258.697
KMAX20180822-2,KMAX20180822_123626_V06,2,0.879,1.200,1062,0,48973.598,26,0,48279.791
KMAX20180822-2,KMAX20180822_123626_V06,6,1.318,1.200,1062,0,1385.262,5,0,1037.894
KMAX20180822-2,KMAX20180822_123626_V06,8,1.802,1.200,529,0,85.200,8,0,38.033
KMAX20180822-2,KMAX20180822_123626_V06,9,2.417,1.200,527,0,13.256,0,0,13.256
KMAX20180822-2,KMAX20180822_124507_V06,0,0.483,1.200,1228,0,188765.182,21,0,184267.433
KMAX20180822-2,KMAX20180822_124507_V06,2,0.879,1.200,1229,0,34610.753,21,0,33952.775
KMAX20180822-2,KMAX20180822_124507_V06,6,1.318,1.200,1227,0,1781.262,16,0,1541.929
KMAX20180822-2,KMAX20180822_124507_V06,8,1.802,1.200,613,0,41.532,5,0,14.081
KMAX20180822-2,KMAX20180822_124507_V06,9,2.417,1.200,614,0,30.011,4,0,16.043
KMAX20180822-5,KMAX20180822_132834_V06,0,0.483,1.200,787,0,168822.197,18,0,166121.250
KMAX20180822-5,KMAX20180822_132834_V06,2,0.879,1.200,786,0,29096.023,14,0,29061.981
KMAX20180822-5,KMAX20180822_132834_V06,6,1.318,1.200,786,0,812.304,9,0,769.963
KMAX20180822-5,KMAX20180822_132834_V06,8,1.802,1.200,390,0,10.275,0,0,10.275
KMAX20180822-5,KMAX20180822_132834_V06,9,2.417,1.200,390,0,1.155,0,0,1.155
KMAX20180822-5,KMAX20180822_133715_V06,0,0.483,1.200,1884,0,163419.851,25,0,160422.730
KMAX20180822-5,KMAX20180822_133715_V06,2,0.879,1.200,1883,0,32436.441,21,0,31405.765
KMAX20180822-5,KMAX20180822_133715_V06,6,1.318,1.200,1881,0,1092.627,18,0,966.780
KMAX20180822-5,KMAX20180822_133715_V06,8,1.802,1.200,938,0,70.931,6,0,34.381
KMAX20180822-5,KMAX20180822_133715_V06,9,2.417,1.200,942,0,72.242,4,0,54.685
KMAX20180822-5,KMAX20180822_134556_V06,0,0.483,1.200,567,0,93917.231,1,0,93902.378
KMAX20180822-5,KMAX20180822_134556_V06,2,0.879,1.200,567,0,21132.369,10,0,21101.817
KMAX20180822-5,KMAX20180822_134556_V06,6,1.318,1.200,569,0,925.170,6,0,856.455
KMAX20180822-5,KMAX20180822_134556_V06,8,1.802,1.200,282,0,18.351,2,0,9.618
KMAX20180822-5,KMAX20180822_134556_V06,9,2.417,1.200,283,0,16.585,2,0,0.842
KMAX20180822-5,KMAX20180822_140318_V06,0,0.483,1.200,1613,0,131640.466,31,0,131473.868
KMAX20180822-5,KMAX20180822_140318_V06,2,0.879,1.200,1610,0,42485.825,25,0,42298.778
KMAX20180822-5,KMAX20180822_140318_V06,6,1.318,1.200,1611,0,1504.641,27,0,1368.576
KMAX20180822-5,KMAX20180822_140318_V06,8,1.802,1.200,810,0,134.655,11,0,48.652
KMAX20180822-5,KMAX20180822_140318_V06,9,2.417,1.200,808,0,36.365,2,0,24.936
KMAX20180822-5,KMAX20180822_141200_V06,0,0.483,1.200,586,0,105468.195,15,0,105402.834
KMAX20180822-5,KMAX20180822_141200_V06,2,0.879,1.200,588,0,21163.012,11,0,21083.211
KMAX20180822-5,KMAX20180822_141200_V06,6,1.318,1.200,588,0,1238.294,5,0,1191.040
KMAX20180822-5,KMAX20180822_141200_V06,8,1.802,1.200,294,0,18.382,0,0,18.382
KMAX20180822-5,KMAX20180822_141200_V06,9,2.417,1.200,296,0,0.880,0,0,0.880
KMAX20180822-5,KMAX20180822_142042_V06,0,0.483,1.200,1910,0,160820.283,45,0,159806.621
KMAX20180822-5,KMAX20180822_142042_V06,2,0.879,1.200,1911,0,34566.347,28,0,34366.430
KMAX20180822-5,KMAX20180822_142042_V06,6,1.318,1.200,1913,0,1976.842,18,0,1720.506
KMAX20180822-5,KMAX20180822_142042_V06,8,1.802,1.200,959,0,39.175,4,0,19.265
KMAX20180822-5,KMAX20180822_142042_V06,9,2.417,1.200,959,0,35.614,4,0,8.524
KMAX20180823-1,KMAX20180823_122944_V06,0,0.483,1.200,710,0,165908.920,20,0,162297.093
KMAX20180823-1,KMAX20180823_122944_V06,2,0.879,1.200,709,0,28969.133,17,0,28615.030
KMAX20180823-1,KMAX20180823_122944_V06,4,1.318,1.200,708,0,1122.873,1,0,849.082
KMAX20180823-1,KMAX20180823_122944_V06,6,1.802,1.200,354,0,23.682,0,0,23.682
KMAX20180823-1,KMAX20180823_122944_V06,7,2.417,1.200,355,0,1.075,0,0,1.075
KMAX20180823-1,KMAX20180823_123649_V06,0,0.483,1.200,1893,0,104617.465,42,0,103952.263
KMAX20180823-1,KMAX20180823_123649_V06,2,0.879,1.200,1895,0,22934.784,36,0,21678.227
KMAX20180823-1,KMAX20180823_123649_V06,4,1.318,1.200,1899,0,988.494,27,0,683.950
KMAX20180823-1,KMAX20180823_123649_V06,6,1.802,1.200,949,0,76.869,7,0,39.914
KMAX20180823-1,KMAX20180823_123649_V06,7,2.417,1.200,951,0,41.681,3,0,25.345
KMAX20180823-1,KMAX20180823_124353_V06,0,0.483,1.200,149,0,177367.092,6,0,170316.248
KMAX20180823-1,KMAX20180823_124353_V06,2,0.879,1.200,148,0,48879.579,4,0,42877.662
KMAX20180823-1,KMAX20180823_124353_V06,4,1.318,1.200,149,0,873.917,2,0,625.032
KMAX20180823-1,KMAX20180823_124353_V06,6,1.802,1.200,76,0,27.345,6,0,6.311
KMAX20180823-1,KMAX20180823_124353_V06,7,2.417,1.200,76,0,0.226,0,0,0.226
KMAX20180823-1,KMAX20180823_125058_V06,0,0.483,1.200,1147,0,186158.333,26,0,176935.193
KMAX20180823-1,KMAX20180823_125058_V06,2,0.879,1.200,1147,0,45460.051,17,0,41113.855
KMAX20180823-1,KMAX20180823_125058_V06,4,1.318,1.200,1149,0,1428.376,7,0,784.449
KMAX20180823-1,KMAX20180823_125058_V06,6,1.802,1.200,575,0,57.731,6,0,33.340
KMAX20180823-1,KMAX20180823_125058_V06,7,2.417,1.200,575,0,24.346,2,0,14.523
KMAX20180823-5,KMAX20180823_131913_V06,0,0.483,1.200,564,0,107045.169,17,0,100800.074
KMAX20180823-5,KMAX20180823_131913_V06,2,0.879,1.200,564,0,39311.166,20,0,37883.898
KMAX20180823-5,KMAX20180823_131913_V06,4,1.318,1.200,564,0,2202.453,12,0,1819.815
KMAX20180823-5,KMAX20180823_131913_V06,6,1.802,1.200,280,0,25.346,3,0,10.684
KMAX20180823-5,KMAX20180823_131913_V06,7,2.417,1.200,282,0,15.145,2,0,9.892
KMAX20180823-5,KMAX20180823_132616_V06,0,0.483,1.200,1848,0,154038.692,52,0,145703.875
KMAX20180823-5,KMAX20180823_132616_V06,2,0.879,1.200,1845,0,33737.418,30,0,33610.693
KMAX20180823-5,KMAX20180823_132616_V06,4,1.318,1.200,1844,0,2761.245,13,0,2685.757
KMAX20180823-5,KMAX20180823_132616_V06,6,1.802,1.200,919,0,151.409,10,0,109.938
KMAX20180823-5,KMAX20180823_132616_V06,7,2.417,1.200,920,0,50.897,5,0,17.313
KMAX20180823-9,KMAX20180823_134727_V06,0,0.483,1.200,352,0,149895.616,14,0,148145.037
KMAX20180823-9,KMAX20180823_134727_V06,2,0.879,1.200,352,0,35558.393,6,0,35294.849
KMAX20180823-9,KMAX20180823_134727_V06,4,1.318,1.200,351,0,1865.880,2,0,1792.539
KMAX20180823-9,KMAX20180823_134727_V06,6,1.802,1.200,175,0,42.649,0,0,42.649
KMAX20180823-9,KMAX20180823_134727_V06,7,2.417,1.200,177,0,0.532,0,0,0.532
KMAX20180823-9,KMAX20180823_140133_V06,0,0.483,1.200,1743,1,87859.275,40,1,86141.160
KMAX20180823-9,KMAX20180823_140133_V06,2,0.879,1.200,1743,0,32908.070,31,0,32409.049
KMAX20180823-9,KMAX20180823_140133_V06,4,1.318,1.200,1743,0,2707.662,19,0,2619.324
KMAX20180823-9,KMAX20180823_140133_V06,6,1.802,1.200,871,0,37.944,4,0,13.764
KMAX20180823-9,KMAX20180823_140133_V06,7,2.417,1.200,870,0,26.936,5,0,6.403
KMAX20180823-9,KMAX20180823_140836_V06,0,0.483,1.200,550,0,115973.965,12,0,115910.970
KMAX20180823-9,KMAX20180823_140836_V06,2,0.879,1.200,551,0,31785.183,6,0,31747.106
KMAX20180823-9,KMAX20180823_140836_V06,4,1.318,1.200,552,0,1064.524,9,0,1029.317
KMAX20180823-9,KMAX20180823_140836_V06,6,1.802,1.200,277,0,9.163,1,0,5.699
KMAX20180823-9,KMAX20180823_140836_V06,7,2.417,1.200,277,0,0.844,0,0,0.844
KMAX20180823-9,KMAX20180823_141540_V06,0,0.483,1.200,1830,0,141699.246,55,0,131645.208
KMAX20180823-9,KMAX20180823_141540_V06,2,0.879,1.200,1831,0,58703.371,35,0,30614.784
KMAX20180823-9,KMAX20180823_141540_V06,4,1.318,1.200,1832,0,4289.963,20,0,3076.174
KMAX20180823-9,KMAX20180823_141540_V06,6,1.802,1.200,917,0,86.636,12,0,32.382
KMAX20180823-9,KMAX20180823_141540_V06,7,2.417,1.200,918,0,46.155,5,0,22.274
KMAX20180823-9,KMAX20180823_142244_V06,0,0.483,1.200,372,0,137987.095,17,0,133438.762
KMAX20180823-9,KMAX20180823_142244_V06,2,0.879,1.200,372,0,53578.514,12,0,43027.304
KMAX20180823-9,KMAX20180823_142244_V06,4,1.318,1.200,371,0,2852.897,6,0,2379.086
KMAX20180823-9,KMAX20180823_142244_V06,6,1.802,1.200,186,0,16.646,0,0,16.646
KMAX20180823-9,KMAX20180823_142244_V06,7,2.417,1.200,186,0,9.220,0,0,9.220
KMAX20180823-9,KMAX20180823_142948_V06,0,0.483,1.200,1588,0,136672.500,61,0,128786.606
KMAX20180823-9,KMAX20180823_142948_V06,2,0.879,1.200,1588,0,30683.208,32,0,27477.052
KMAX20180823-9,KMAX20180823_142948_V06,4,1.318,1.200,1590,0,955.906,4,0,938.551
KMAX20180823-9,KMAX20180823_142948_V06,6,1.802,1.200,793,0,39.642,4,0,25.197
KMAX20180823-9,KMAX20180823_142948_V06,7,2.417,1.200,796,0,54.815,7,0,33.317
KMAX20180823-9,KMAX20180823_143652_V06,0,0.483,1.200,3800,0,137368.076,166,0,135898.451
KMAX20180823-9,KMAX20180823_143652_V06,2,0.879,1.200,3801,0,35112.098,56,0,31012.037
KMAX20180823-9,KMAX20180823_143652_V06,4,1.318,1.200,3808,0,3207.517,61,0,2124.486
KMAX20180823-9,KMAX20180823_143652_V06,6,1.802,1.200,1901,0,127.427,7,0,84.426
KMAX20180823-9,KMAX20180823_143652_V06,7,2.417,1.200,1902,0,87.432,5,0,66.708
KMAX20180823-9,KMAX20180823_144356_V06,0,0.483,1.200,354,0,112118.674,7,0,112062.275
KMAX20180823-9,KMAX20180823_144356_V06,2,0.879,1.200,354,0,27442.425,12,0,27184.268
KMAX20180823-9,KMAX20180823_144356_V06,4,1.318,1.200,352,0,3146.419,4,0,2430.616
KMAX20180823-9,KMAX20180823_144356_V06,6,1.802,1.200,175,0,10.621,1,0,7.572
KMAX20180823-9,KMAX20180823_144356_V06,7,2.417,1.200,177,0,0.530,0,0,0.530
KMAX20180823-9,KMAX20180823_145100_V06,0,0.483,1.200,1535,0,130227.652,78,0,126141.881
KMAX20180823-9,KMAX20180823_145100_V06,2,0.879,1.200,1534,0,41453.998,42,0,39922.182
KMAX20180823-9,KMAX20180823_145100_V06,4,1.318,1.200,1532,0,2142.890,13,0,1871.424
KMAX20180823-9,KMAX20180823_145100_V06,6,1.802,1.200,764,0,67.916,2,0,59.671
KMAX20180823-9,KMAX20180823_145100_V06,7,2.417,1.200,766,0,2.300,0,0,2.300
KMAX20180823-8,KMAX20180823_134024_V06,0,0.483,1.200,3518,0,20684.986,96,0,20415.915
KMAX20180823-8,KMAX20180823_134024_V06,2,0.879,1.200,3521,0,1884.552,176,0,1775.584
KMAX20180823-8,KMAX20180823_134024_V06,4,1.318,1.200,3523,0,759.069,93,0,628.558
KMAX20180823-8,KMAX20180823_134024_V06,6,1.802,1.200,1763,0,70.441,28,0,31.478
KMAX20180823-8,KMAX20180823_134024_V06,7,2.417,1.200,1764,0,66.434,43,0,29.870
KMAX20180823-8,KMAX20180823_134024_V06,8,3.120,1.200,1763,0,61.053,27,0,35.449
KMAX20180823-8,KMAX20180823_134024_V06,9,3.999,1.200,1760,0,85.908,29,0,49.405
KMAX20180824-2,KMAX20180824_123503_V06,0,0.483,1.200,224,1,198535.556,2,1,198312.531
KMAX20180824-2,KMAX20180824_123503_V06,2,0.879,1.200,224,0,34705.691,5,0,33144.088
KMAX20180824-2,KMAX20180824_123503_V06,4,1.318,1.200,224,0,3653.908,4,0,3325.971
KMAX20180824-2,KMAX20180824_123503_V06,6,1.802,1.200,113,0,7.845,2,0,0.328
KMAX20180824-2,KMAX20180824_123503_V06,7,2.417,1.200,113,0,8.236,0,0,8.236
KMAX20180824-2,KMAX20180824_124208_V06,0,0.483,1.200,976,0,244913.624,21,0,235152.343
KMAX20180824-2,KMAX20180824_124208_V06,2,0.879,1.200,979,0,41513.034,21,0,40302.161
KMAX20180824-2,KMAX20180824_124208_V06,4,1.318,1.200,978,0,2006.964,8,0,1604.470
KMAX20180824-2,KMAX20180824_124208_V06,6,1.802,1.200,490,0,19.150,0,0,19.150
KMAX20180824-2,KMAX20180824_124208_V06,7,2.417,1.200,493,0,48.569,5,0,24.606
KMAX20180824-2,KMAX20180824_124912_V06,0,0.483,1.200,1273,0,189108.231,23,0,184751.868
KMAX20180824-2,KMAX20180824_124912_V06,2,0.879,1.200,1273,0,68141.949,23,0,52902.469
KMAX20180824-2,KMAX20180824_124912_V06,4,1.318,1.200,1271,0,2715.272,10,0,2310.571
KMAX20180824-2,KMAX20180824_124912_V06,6,1.802,1.200,637,0,6.485,1,0,1.881
KMAX20180824-2,KMAX20180824_124912_V06,7,2.417,1.200,637,0,54.998,5,0,19.430
KMAX20180824-4,KMAX20180824_132431_V06,0,0.483,1.200,558,0,146990.830,12,0,146441.730
KMAX20180824-4,KMAX20180824_132431_V06,2,0.879,1.200,558,0,56660.984,16,0,46128.496
KMAX20180824-4,KMAX20180824_132431_V06,4,1.318,1.200,558,0,1133.699,10,0,953.515
KMAX20180824-4,KMAX20180824_132431_V06,6,1.802,1.200,281,0,18.933,3,0,5.036
KMAX20180824-4,KMAX20180824_132431_V06,7,2.417,1.200,281,0,19.367,0,0,19.367
KMAX20180824-4,KMAX20180824_133135_V06,0,0.483,1.200,1819,0,120527.866,87,0,117317.311
KMAX20180824-4,KMAX20180824_133135_V06,2,0.879,1.200,1818,0,30819.549,28,0,29902.309
KMAX20180824-4,KMAX20180824_133135_V06,4,1.318,1.200,1817,0,1909.765,23,0,1540.561
KMAX20180824-4,KMAX20180824_133135_V06,6,1.802,1.200,911,0,89.373,5,0,54.205
KMAX20180824-4,KMAX20180824_133135_V06,7,2.417,1.200,911,0,28.496,2,0,11.626
KMAX20180824-4,KMAX20180824_133838_V06,0,0.483,1.200,553,0,155767.590,22,0,149824.902
KMAX20180824-4,KMAX20180824_133838_V06,2,0.879,1.200,552,0,42600.393,18,0,37947.544
KMAX20180824-4,KMAX20180824_133838_V06,4,1.318,1.200,552,0,4802.063,6,0,3421.667
KMAX20180824-4,KMAX20180824_133838_V06,6,1.802,1.200,276,0,4.535,1,0,0.835
KMAX20180824-4,KMAX20180824_133838_V06,7,2.417,1.200,272,0,24.416,3,0,7.588
KMAX20180824-8,KMAX20180824_141358_V06,0,0.483,1.200,645,0,159189.837,26,0,140928.182
KMAX20180824-8,KMAX20180824_141358_V06,2,0.879,1.200,644,0,71485.915,23,0,71195.280
KMAX20180824-8,KMAX20180824_141358_V06,4,1.318,1.200,648,0,1946.315,7,0,1907.174
KMAX20180824-8,KMAX20180824_141358_V06,6,1.802,1.200,324,0,18.142,2,0,8.221
KMAX20180824-8,KMAX20180824_141358_V06,7,2.417,1.200,323,0,20.712,2,0,7.615
KMAX20180824-8,KMAX20180824_142101_V06,0,0.483,1.200,1947,0,251631.884,168,0,244232.580
KMAX20180824-8,KMAX20180824_142101_V06,2,0.879,1.200,1945,0,33753.879,29,0,30974.575
KMAX20180824-8,KMAX20180824_142101_V06,4,1.318,1.200,1944,0,1553.549,21,0,1463.398
KMAX20180824-8,KMAX20180824_142101_V06,6,1.802,1.200,973,0,94.858,5,0,71.485
KMAX20180824-8,KMAX20180824_142101_V06,7,2.417,1.200,975,0,13.520,0,0,13.520
KMAX20180824-8,KMAX20180824_142805_V06,0,0.483,1.200,587,0,170499.568,19,0,167414.761
KMAX20180824-8,KMAX20180824_142805_V06,2,0.879,1.200,588,0,45412.181,17,0,44774.608
KMAX20180824-8,KMAX20180824_142805_V06,4,1.318,1.200,586,0,1635.173,6,0,1407.396
KMAX20180824-8,KMAX20180824_142805_V06,6,1.802,1.200,292,0,59.310,3,0,44.797
KMAX20180824-8,KMAX20180824_142805_V06,7,2.417,1.200,292,0,19.533,3,0,7.147
KMAX20180824-8,KMAX20180824_143509_V06,0,0.483,1.200,1924,0,128762.524,124,0,123144.693
KMAX20180824-8,KMAX20180824_143509_V06,2,0.879,1.200,1923,0,50775.682,72,0,48266.730
KMAX20180824-8,KMAX20180824_143509_V06,4,1.318,1.200,1924,0,2219.891,13,0,1936.754
KMAX20180824-8,KMAX20180824_143509_V06,6,1.802,1.200,963,0,29.920,6,0,7.602
KMAX20180824-8,KMAX20180824_143509_V06,7,2.417,1.200,960,0,20.328,0,0,20.328
KMAX20180824-8,KMAX20180824_144213_V06,0,0.483,1.200,609,0,165638.682,23,0,149732.230
KMAX20180824-8,KMAX20180824_144213_V06,2,0.879,1.200,609,0,40113.136,17,0,39991.071
KMAX20180824-8,KMAX20180824_144213_V06,4,1.318,1.200,607,0,3142.090,7,0,1969.500
KMAX20180824-8,KMAX20180824_144213_V06,6,1.802,1.200,305,0,14.496,2,0,0.907
KMAX20180824-8,KMAX20180824_144213_V06,7,2.417,1.200,306,0,28.884,2,0,20.424
KMAX20180824-8,KMAX20180824_144916_V06,0,0.483,1.200,1778,0,158105.788,73,0,155342.719
KMAX20180824-8,KMAX20180824_144916_V06,2,0.879,1.200,1780,0,29219.358,42,0,22428.001
KMAX20180824-8,KMAX20180824_144916_V06,4,1.318,1.200,1777,0,863.767,17,0,679.699
KMAX20180824-8,KMAX20180824_144916_V06,6,1.802,1.200,889,0,51.376,6,0,30.881
KMAX20180824-8,KMAX20180824_144916_V06,7,2.417,1.200,892,0,9.815,0,0,9.815
KMAX20180825-1,KMAX20180825_123100_V06,0,0.483,1.200,1026,0,214560.715,16,0,214432.106
KMAX20180825-1,KMAX20180825_123100_V06,2,0.879,1.200,1024,0,23004.760,23,0,22903.944
KMAX20180825-1,KMAX20180825_123100_V06,4,1.318,1.200,1023,0,2418.669,8,0,2402.533
KMAX20180825-1,KMAX20180825_123100_V06,6,1.802,1.200,514,0,47.574,6,0,27.903
KMAX20180825-1,KMAX20180825_123100_V06,7,2.417,1.200,511,0,16.439,2,0,1.507
KMAX20180825-1,KMAX20180825_123805_V06,0,0.483,1.200,2231,0,123014.221,35,0,122749.448
KMAX20180825-1,KMAX20180825_123805_V06,2,0.879,1.200,2232,0,47112.577,63,0,44288.823
KMAX20180825-1,KMAX20180825_123805_V06,4,1.318,1.200,2229,0,4379.133,19,0,4129.692
KMAX20180825-1,KMAX20180825_123805_V06,6,1.802,1.200,1117,0,94.480,8,0,59.853
KMAX20180825-1,KMAX20180825_123805_V06,7,2.417,1.200,1115,0,42.083,6,0,10.611
KMAX20180825-1,KMAX20180825_124510_V06,0,0.483,1.200,538,0,90133.048,7,0,90099.367
KMAX20180825-1,KMAX20180825_124510_V06,2,0.879,1.200,537,0,33244.660,13,0,33197.238
KMAX20180825-1,KMAX20180825_124510_V06,4,1.318,1.200,535,0,667.720,3,0,657.127
KMAX20180825-1,KMAX20180825_124510_V06,6,1.802,1.200,269,0,31.163,4,0,11.890
KMAX20180825-1,KMAX20180825_124510_V06,7,2.417,1.200,269,0,13.839,0,0,13.839
KMAX20180825-6,KMAX20180825_131328_V06,0,0.483,1.200,324,0,116436.757,2,0,116414.353
KMAX20180825-6,KMAX20180825_131328_V06,2,0.879,1.200,324,0,44538.369,2,0,44535.289
KMAX20180825-6,KMAX20180825_131328_V06,4,1.318,1.200,327,0,2845.938,2,0,2829.441
KMAX20180825-6,KMAX20180825_131328_V06,6,1.802,1.200,161,0,9.169,0,0,9.169
KMAX20180825-6,KMAX20180825_131328_V06,7,2.417,1.200,158,0,26.212,4,0,9.537
KMAX20180825-6,KMAX20180825_132033_V06,0,0.483,1.200,1520,0,114411.115,37,0,114177.560
KMAX20180825-6,KMAX20180825_132033_V06,2,0.879,1.200,1521,0,21955.249,36,0,21765.552
KMAX20180825-6,KMAX20180825_132033_V06,4,1.318,1.200,1523,0,898.756,29,0,779.078
KMAX20180825-6,KMAX20180825_132033_V06,6,1.802,1.200,763,0,52.251,4,0,34.347
KMAX20180825-6,KMAX20180825_132033_V06,7,2.417,1.200,762,0,117.828,6,0,67.657
KMAX20180825-6,KMAX20180825_132740_V06,0,0.483,1.200,3756,0,86661.950,166,0,81721.806
KMAX20180825-6,KMAX20180825_132740_V06,2,0.879,1.200,3757,0,38522.055,80,0,38248.976
KMAX20180825-6,KMAX20180825_132740_V06,4,1.318,1.200,3759,0,2158.331,92,0,1746.439
KMAX20180825-6,KMAX20180825_132740_V06,6,1.802,1.200,1876,0,161.053,21,0,54.859
KMAX20180825-6,KMAX20180825_132740_V06,7,2.417,1.200,1880,0,71.483,5,0,48.947
KMAX20180825-6,KMAX20180825_133445_V06,0,0.483,1.200,538,0,89195.677,7,0,89168.826
KMAX20180825-6,KMAX20180825_133445_V06,2,0.879,1.200,539,0,50441.341,11,0,50409.837
KMAX20180825-6,KMAX20180825_133445_V06,4,1.318,1.200,541,0,3444.429,5,0,3433.884
KMAX20180825-6,KMAX20180825_133445_V06,6,1.802,1.200,269,0,24.976,2,0,15.484
KMAX20180825-6,KMAX20180825_133445_V06,7,2.417,1.200,271,0,25.588,2,0,18.384
KMAX20180825-12,KMAX20180825_143047_V06,0,0.483,1.200,539,1,140558.641,2,1,140550.021
KMAX20180825-12,KMAX20180825_143047_V06,2,0.879,1.200,540,0,26152.098,25,0,26044.658
KMAX20180825-12,KMAX20180825_143047_V06,4,1.318,1.200,540,0,2540.360,10,0,2461.419
KMAX20180825-12,KMAX20180825_143047_V06,6,1.802,1.200,270,0,35.370,4,0,22.038
KMAX20180825-12,KMAX20180825_143047_V06,7,2.417,1.200,270,0,18.438,0,0,18.438
KMAX20180825-12,KMAX20180825_143745_V06,0,0.483,1.200,1838,0,150927.059,213,0,149211.780
KMAX20180825-12,KMAX20180825_143745_V06,2,0.879,1.200,1837,0,42857.472,230,0,40908.060
KMAX20180825-12,KMAX20180825_143745_V06,4,1.318,1.200,1838,0,1196.354,20,0,731.903
KMAX20180825-12,KMAX20180825_143745_V06,6,1.802,1.200,917,0,212.238,10,0,58.422
KMAX20180825-12,KMAX20180825_143745_V06,7,2.417,1.200,918,0,119.355,14,0,39.866
KMAX20180825-12,KMAX20180825_144444_V06,0,0.483,1.200,569,0,239440.956,15,0,239312.710
KMAX20180825-12,KMAX20180825_144444_V06,2,0.879,1.200,568,1,74512.495,22,0,42300.914
KMAX20180825-12,KMAX20180825_144444_V06,4,1.318,1.200,570,0,3337.270,5,0,3134.990
KMAX20180825-12,KMAX20180825_144444_V06,6,1.802,1.200,285,0,53.876,11,0,0.826
KMAX20180825-12,KMAX20180825_144444_V06,7,2.417,1.200,286,0,24.074,3,0,14.295
KMAX20180825-12,KMAX20180825_145150_V06,0,0.483,1.200,1817,0,160886.542,189,0,159741.386
KMAX20180825-12,KMAX20180825_145150_V06,2,0.879,1.200,1817,1,92353.924,125,1,91997.109
KMAX20180825-12,KMAX20180825_145150_V06,4,1.318,1.200,1818,0,940.306,15,0,842.746
KMAX20180825-12,KMAX20180825_145150_V06,6,1.802,1.200,905,0,43.248,10,0,9.907
KMAX20180825-12,KMAX20180825_145150_V06,7,2.417,1.200,910,0,18.949,4,0,2.733
KMAX20180825-3,KMAX20180825_123100_V06,0,0.483,1.200,289,0,4355.132,19,0,4292.120
KMAX20180825-3,KMAX20180825_123100_V06,2,0.879,1.200,289,0,578.333,15,0,565.499
KMAX20180825-3,KMAX20180825_123100_V06,4,1.318,1.200,291,0,15.398,8,0,11.363
KMAX20180825-3,KMAX20180825_123100_V06,6,1.802,1.200,145,0,4.237,2,0,1.456
KMAX20180825-3,KMAX20180825_123100_V06,7,2.417,1.200,146,0,8.913,4,0,3.344
KMAX20180825-3,KMAX20180825_123100_V06,8,3.120,1.200,147,0,7.776,2,0,4.970
KMAX20180825-3,KMAX20180825_123100_V06,9,3.999,1.200,145,0,5.676,0,0,5.676
KMAX20180825-10,KMAX20180825_140950_V06,0,0.483,1.200,580,0,90730.727,12,0,90668.806
KMAX20180825-10,KMAX20180825_140950_V06,2,0.879,1.200,579,0,24292.960,16,0,24200.284
KMAX20180825-10,KMAX20180825_140950_V06,4,1.318,1.200,578,0,2981.727,10,0,2936.346
KMAX20180825-10,KMAX20180825_140950_V06,6,1.802,1.200,290,0,76.659,7,0,12.220
KMAX20180825-10,KMAX20180825_140950_V06,7,2.417,1.200,288,0,21.826,5,0,0.857
KMAX20180826-6,KMAX20180826_131517_V06,0,0.483,1.200,257,0,75311.780,3,0,75299.647
KMAX20180826-6,KMAX20180826_131517_V06,2,0.879,1.200,256,0,28724.147,5,0,27247.432
KMAX20180826-6,KMAX20180826_131517_V06,4,1.318,1.200,257,0,821.138,4,0,813.270
KMAX20180826-6,KMAX20180826_131517_V06,6,1.802,1.200,129,0,0.389,0,0,0.389
KMAX20180826-6,KMAX20180826_131517_V06,7,2.417,1.200,129,0,5.352,0,0,5.352
KMAX20180826-6,KMAX20180826_132221_V06,0,0.483,1.200,1243,0,105935.308,23,0,105810.327
KMAX20180826-6,KMAX20180826_132221_V06,2,0.879,1.200,1245,0,33837.346,19,0,33780.177
KMAX20180826-6,KMAX20180826_132221_V06,4,1.318,1.200,1241,0,972.483,14,0,907.550
KMAX20180826-6,KMAX20180826_132221_V06,6,1.802,1.200,625,0,25.322,3,0,14.596
KMAX20180826-6,KMAX20180826_132221_V06,7,2.417,1.200,624,0,19.504,4,0,1.864
KMAX20180826-6,KMAX20180826_132926_V06,0,0.483,1.200,1497,0,134722.328,16,0,134635.214
KMAX20180826-6,KMAX20180826_132926_V06,2,0.879,1.200,1499,0,22481.854,23,0,22406.303
KMAX20180826-6,KMAX20180826_132926_V06,4,1.318,1.200,1502,0,1492.293,14,0,1407.640
KMAX20180826-6,KMAX20180826_132926_V06,6,1.802,1.200,749,0,27.099,2,0,15.158
KMAX20180826-6,KMAX20180826_132926_V06,7,2.417,1.200,750,0,24.679,2,0,8.444
KMAX20180826-13,KMAX20180826_141140_V06,0,0.483,1.200,198,0,133397.401,2,0,133384.703
KMAX20180826-13,KMAX20180826_141140_V06,2,0.879,1.200,197,0,46122.253,0,0,46122.253
KMAX20180826-13,KMAX20180826_141140_V06,4,1.318,1.200,197,0,507.569,0,0,507.569
KMAX20180826-13,KMAX20180826_141140_V06,6,1.802,1.200,99,0,25.247,2,0,16.979
KMAX20180826-13,KMAX20180826_141140_V06,7,2.417,1.200,101,0,0.301,0,0,0.301
KMAX20180826-13,KMAX20180826_141838_V06,0,0.483,1.200,1035,0,158927.143,24,0,158798.995
KMAX20180826-13,KMAX20180826_141838_V06,2,0.879,1.200,1037,0,33760.275,13,0,33732.070
KMAX20180826-13,KMAX20180826_141838_V06,4,1.318,1.200,1038,0,769.437,15,0,693.775
KMAX20180826-13,KMAX20180826_141838_V06,6,1.802,1.200,524,0,42.890,9,0,8.526
KMAX20180826-13,KMAX20180826_141838_V06,7,2.417,1.200,522,0,40.693,0,0,40.693
KMAX20180826-13,KMAX20180826_142538_V06,0,0.483,1.200,1106,0,95600.287,40,0,95388.965
KMAX20180826-13,KMAX20180826_142538_V06,2,0.879,1.200,1106,0,26979.026,15,0,26920.556
KMAX20180826-13,KMAX20180826_142538_V06,4,1.318,1.200,1108,0,1275.670,9,0,1247.642
KMAX20180826-13,KMAX20180826_142538_V06,6,1.802,1.200,552,0,68.099,6,0,32.103
KMAX20180826-13,KMAX20180826_142538_V06,7,2.417,1.200,552,0,47.167,7,0,15.897
KMAX20180826-13,KMAX20180826_143237_V06,0,0.483,1.200,1402,0,104071.237,54,0,103854.042
KMAX20180826-13,KMAX20180826_143237_V06,2,0.879,1.200,1404,0,33850.798,26,0,33744.003
KMAX20180826-13,KMAX20180826_143237_V06,4,1.318,1.200,1402,0,1597.702,17,0,1360.684
KMAX20180826-13,KMAX20180826_143237_V06,6,1.802,1.200,701,0,59.136,3,0,38.260
KMAX20180826-13,KMAX20180826_143237_V06,7,2.417,1.200,698,0,44.232,2,0,37.477
KMAX20180826-13,KMAX20180826_143942_V06,0,0.483,1.200,232,0,156955.921,3,0,156935.346
KMAX20180826-13,KMAX20180826_143942_V06,2,0.879,1.200,233,0,31711.206,2,0,31701.487
KMAX20180826-13,KMAX20180826_143942_V06,4,1.318,1.200,230,0,621.232,3,0,613.527
KMAX20180826-13,KMAX20180826_143942_V06,6,1.802,1.200,114,0,14.458,2,0,0.335
KMAX20180826-13,KMAX20180826_143942_V06,7,2.417,1.200,115,0,17.303,1,0,11.890
KMAX20180826-13,KMAX20180826_144648_V06,0,0.483,1.200,1388,0,167461.404,38,0,159160.418
KMAX20180826-13,KMAX20180826_144648_V06,2,0.879,1.200,1389,0,38799.554,30,0,38698.881
KMAX20180826-13,KMAX20180826_144648_V06,4,1.318,1.200,1388,0,2461.701,15,0,2415.207
KMAX20180826-13,KMAX20180826_144648_V06,6,1.802,1.200,693,0,92.044,5,0,66.953
KMAX20180826-13,KMAX20180826_144648_V06,7,2.417,1.200,691,0,8.151,0,0,8.151
KMAX20180826-2,KMAX20180826_123249_V06,0,0.483,1.200,172,0,59785.186,0,0,59785.186
KMAX20180826-2,KMAX20180826_123249_V06,2,0.879,1.200,170,0,22691.503,4,0,22671.672
KMAX20180826-2,KMAX20180826_123249_V06,4,1.318,1.200,173,0,569.280,5,0,549.086
KMAX20180826-2,KMAX20180826_123249_V06,6,1.802,1.200,83,0,9.372,0,0,9.372
KMAX20180826-2,KMAX20180826_123249_V06,7,2.417,1.200,83,0,6.291,0,0,6.291
KMAX20180826-2,KMAX20180826_123954_V06,0,0.483,1.200,970,0,43898.017,16,0,43812.994
KMAX20180826-2,KMAX20180826_123954_V06,2,0.879,1.200,971,0,27980.097,21,0,27916.974
KMAX20180826-2,KMAX20180826_123954_V06,4,1.318,1.200,975,0,1345.141,5,0,1337.201
KMAX20180826-2,KMAX20180826_123954_V06,6,1.802,1.200,489,0,58.577,13,0,13.412
KMAX20180826-2,KMAX20180826_123954_V06,7,2.417,1.200,487,0,33.921,2,0,23.683
KMAX20180827-6,KMAX20180827_131539_V06,0,0.483,1.200,160,0,179039.652,1,0,179035.763
KMAX20180827-6,KMAX20180827_131539_V06,2,0.879,1.200,160,0,46662.675,0,0,46662.675
KMAX20180827-6,KMAX20180827_131539_V06,4,1.318,1.200,159,0,1827.304,1,0,1796.584
KMAX20180827-6,KMAX20180827_131539_V06,6,1.802,1.200,80,0,0.236,0,0,0.236
KMAX20180827-6,KMAX20180827_131539_V06,7,2.417,1.200,80,0,8.698,0,0,8.698
KMAX20180827-6,KMAX20180827_132243_V06,0,0.483,1.200,1007,0,150814.162,7,0,150767.272
KMAX20180827-6,KMAX20180827_132243_V06,2,0.879,1.200,1011,0,30737.093,16,0,30674.285
KMAX20180827-6,KMAX20180827_132243_V06,4,1.318,1.200,1010,0,2208.368,7,0,2189.206
KMAX20180827-6,KMAX20180827_132243_V06,6,1.802,1.200,505,0,40.995,7,0,8.847
KMAX20180827-6,KMAX20180827_132243_V06,7,2.417,1.200,502,0,25.885,2,0,15.953
KMAX20180827-6,KMAX20180827_132948_V06,0,0.483,1.200,1216,0,199359.563,16,0,199295.880
KMAX20180827-6,KMAX20180827_132948_V06,2,0.879,1.200,1215,0,37254.687,23,0,36399.409
KMAX20180827-6,KMAX20180827_132948_V06,4,1.318,1.200,1215,0,2376.480,18,0,2215.127
KMAX20180827-6,KMAX20180827_132948_V06,6,1.802,1.200,612,0,66.203,3,0,56.687
KMAX20180827-6,KMAX20180827_132948_V06,7,2.417,1.200,612,0,12.792,0,0,12.792
KMAX20180827-6,KMAX20180827_133655_V06,0,0.483,1.200,1179,0,157980.471,22,0,157499.342
KMAX20180827-6,KMAX20180827_133655_V06,2,0.879,1.200,1181,0,27576.332,12,0,27536.028
KMAX20180827-6,KMAX20180827_133655_V06,4,1.318,1.200,1181,0,1482.804,8,0,1460.898
KMAX20180827-6,KMAX20180827_133655_V06,6,1.802,1.200,592,0,13.819,2,0,6.460
KMAX20180827-6,KMAX20180827_133655_V06,7,2.417,1.200,595,0,22.490,1,0,17.324
KMAX20180827-6,KMAX20180827_134359_V06,0,0.483,1.200,1237,0,136288.946,14,0,136210.813
KMAX20180827-6,KMAX20180827_134359_V06,2,0.879,1.200,1239,0,22114.760,22,0,21794.312
KMAX20180827-6,KMAX20180827_134359_V06,4,1.318,1.200,1238,0,1238.416,16,0,1115.370
KMAX20180827-6,KMAX20180827_134359_V06,6,1.802,1.200,620,0,28.347,1,0,24.244
KMAX20180827-6,KMAX20180827_134359_V06,7,2.417,1.200,624,0,25.252,3,0,13.518
KMAX20180827-6,KMAX20180827_135106_V06,0,0.483,1.200,1287,0,123601.399,19,0,122523.602
KMAX20180827-6,KMAX20180827_135106_V06,2,0.879,1.200,1285,0,22748.433,33,0,21725.431
KMAX20180827-6,KMAX20180827_135106_V06,4,1.318,1.200,1284,0,890.332,15,0,792.553
KMAX20180827-6,KMAX20180827_135106_V06,6,1.802,1.200,641,0,45.434,5,0,30.722
KMAX20180827-6,KMAX20180827_135106_V06,7,2.417,1.200,646,0,35.809,4,0,12.014
KMAX20180827-6,KMAX20180827_140516_V06,0,0.483,1.200,1316,0,157171.653,28,0,155949.388
KMAX20180827-6,KMAX20180827_140516_V06,2,0.879,1.200,1317,0,29717.059,35,0,29594.442
KMAX20180827-6,KMAX20180827_140516_V06,4,1.318,1.200,1320,0,1888.944,17,0,1661.690
KMAX20180827-6,KMAX20180827_140516_V06,6,1.802,1.200,661,0,16.995,3,0,5.885
KMAX20180827-6,KMAX20180827_140516_V06,7,2.417,1.200,658,0,21.015,0,0,21.015
KMAX20180827-2,KMAX20180827_123320_V06,0,0.483,1.200,217,0,170351.073,4,0,169445.693
KMAX20180827-2,KMAX20180827_123320_V06,2,0.879,1.200,216,0,35685.928,4,0,35531.793
KMAX20180827-2,KMAX20180827_123320_V06,4,1.318,1.200,217,0,2466.534,6,0,2359.096
KMAX20180827-2,KMAX20180827_123320_V06,6,1.802,1.200,110,0,8.703,0,0,8.703
KMAX20180827-2,KMAX20180827_123320_V06,7,2.417,1.200,111,0,10.178,0,0,10.178
KMAX20180827-2,KMAX20180827_124025_V06,0,0.483,1.200,1031,0,135119.335,20,0,133148.268
KMAX20180827-2,KMAX20180827_124025_V06,2,0.879,1.200,1034,0,37917.958,29,0,37583.931
KMAX20180827-2,KMAX20180827_124025_V06,4,1.318,1.200,1034,0,4353.809,26,0,4091.456
KMAX20180827-2,KMAX20180827_124025_V06,6,1.802,1.200,516,0,10.290,2,0,1.510
KMAX20180827-2,KMAX20180827_124025_V06,7,2.417,1.200,517,0,1.522,0,0,1.522
KMAX20180827-2,KMAX20180827_124723_V06,0,0.483,1.200,1029,0,190514.321,17,0,189852.213
KMAX20180827-2,KMAX20180827_124723_V06,2,0.879,1.200,1030,0,29634.305,23,0,29517.536
KMAX20180827-2,KMAX20180827_124723_V06,4,1.318,1.200,1030,0,1710.125,10,0,1676.320
KMAX20180827-2,KMAX20180827_124723_V06,6,1.802,1.200,514,0,26.520,4,0,7.927
KMAX20180827-2,KMAX20180827_124723_V06,7,2.417,1.200,516,0,29.252,4,0,11.636
KMAX20180827-2,KMAX20180827_130128_V06,0,0.483,1.200,1188,0,174872.512,22,0,172765.165
KMAX20180827-2,KMAX20180827_130128_V06,2,0.879,1.200,1189,0,31641.441,18,0,30821.956
KMAX20180827-2,KMAX20180827_130128_V06,4,1.318,1.200,1189,0,1837.417,12,0,1776.923
KMAX20180827-2,KMAX20180827_130128_V06,6,1.802,1.200,594,0,26.248,3,0,8.357
KMAX20180827-2,KMAX20180827_130128_V06,7,2.417,1.200,595,0,28.118,3,0,9.289
KMAX20180827-9,KMAX20180827_134359_V06,0,0.483,1.200,548,0,135439.156,6,0,135399.604
KMAX20180827-9,KMAX20180827_134359_V06,2,0.879,1.200,547,0,21961.193,17,0,21651.952
KMAX20180827-9,KMAX20180827_134359_V06,4,1.318,1.200,548,0,1163.771,9,0,1052.218
KMAX20180827-9,KMAX20180827_134359_V06,6,1.802,1.200,274,0,12.665,0,0,12.665
KMAX20180827-9,KMAX20180827_134359_V06,7,2.417,1.200,274,0,16.148,1,0,12.511
KMAX20180827-9,KMAX20180827_135106_V06,0,0.483,1.200,1815,0,123967.093,36,0,122776.858
KMAX20180827-9,KMAX20180827_135106_V06,2,0.879,1.200,1811,0,23974.574,49,0,21833.907
KMAX20180827-9,KMAX20180827_135106_V06,4,1.318,1.200,1812,0,995.071,19,0,891.216
KMAX20180827-9,KMAX20180827_135106_V06,6,1.802,1.200,901,0,68.041,5,0,53.329
KMAX20180827-9,KMAX20180827_135106_V06,7,2.417,1.200,903,0,52.363,7,0,12.834
KMAX20180828-11,KMAX20180828_141431_V06,0,0.483,1.200,144,0,100302.955,0,0,100302.955
KMAX20180828-11,KMAX20180828_141431_V06,2,0.879,1.200,143,0,37288.042,0,0,37288.042
KMAX20180828-11,KMAX20180828_141431_V06,6,1.318,1.200,144,0,3127.379,0,0,3127.379
KMAX20180828-11,KMAX20180828_141431_V06,8,1.802,1.200,70,0,13.953,2,0,0.200
KMAX20180828-11,KMAX20180828_141431_V06,9,2.417,1.200,72,0,9.108,2,0,3.300
KMAX20180828-11,KMAX20180828_142313_V06,0,0.483,1.200,1104,3,105238.390,13,3,105179.392
KMAX20180828-11,KMAX20180828_142313_V06,2,0.879,1.200,1100,0,24207.219,21,0,24096.526
KMAX20180828-11,KMAX20180828_142313_V06,6,1.318,1.200,1099,0,2224.804,13,0,2170.929
KMAX20180828-11,KMAX20180828_142313_V06,8,1.802,1.200,550,0,17.199,3,0,7.927
KMAX20180828-11,KMAX20180828_142313_V06,9,2.417,1.200,550,0,16.738,1,0,6.311
KMAX20180828-11,KMAX20180828_143155_V06,0,0.483,1.200,1134,0,102532.431,14,0,102482.087
KMAX20180828-11,KMAX20180828_143155_V06,2,0.879,1.200,1135,0,43489.383,22,0,43418.024
KMAX20180828-11,KMAX20180828_143155_V06,6,1.318,1.200,1138,0,1523.133,11,0,1461.857
KMAX20180828-11,KMAX20180828_143155_V06,8,1.802,1.200,566,0,48.028,5,0,18.518
KMAX20180828-11,KMAX20180828_143155_V06,9,2.417,1.200,570,0,27.499,0,0,27.499
KMAX20180828-11,KMAX20180828_144038_V06,0,0.483,1.200,984,0,141878.224,11,0,141514.197
KMAX20180828-11,KMAX20180828_144038_V06,2,0.879,1.200,982,0,45536.125,17,0,45443.178
KMAX20180828-11,KMAX20180828_144038_V06,6,1.318,1.200,983,0,1635.091,4,0,1592.933
KMAX20180828-11,KMAX20180828_144038_V06,8,1.802,1.200,491,0,22.566,2,0,11.172
KMAX20180828-11,KMAX20180828_144038_V06,9,2.417,1.200,492,0,31.632,5,0,1.433
KMAX20180828-3,KMAX20180828_124806_V06,0,0.483,1.200,151,0,74629.586,0,0,74629.586
KMAX20180828-3,KMAX20180828_124806_V06,2,0.879,1.200,150,0,28044.673,0,0,28044.673
KMAX20180828-3,KMAX20180828_124806_V06,6,1.318,1.200,150,0,2205.472,0,0,2205.472
KMAX20180828-3,KMAX20180828_124806_V06,8,1.802,1.200,75,0,23.249,1,0,16.514
KMAX20180828-3,KMAX20180828_124806_V06,9,2.417,1.200,75,0,0.218,0,0,0.218
KMAX20180828-3,KMAX20180828_124806_V06,10,3.120,1.200,74,0,0.216,0,0,0.216
KMAX20180828-3,KMAX20180828_130533_V06,0,0.483,1.200,987,0,98182.919,22,0,98077.130
KMAX20180828-3,KMAX20180828_130533_V06,2,0.879,1.200,988,0,40769.941,21,0,40700.255
KMAX20180828-3,KMAX20180828_130533_V06,6,1.318,1.200,988,0,1195.811,9,0,1172.467
KMAX20180828-3,KMAX20180828_130533_V06,8,1.802,1.200,494,0,24.946,4,0,7.006
KMAX20180828-3,KMAX20180828_130533_V06,9,2.417,1.200,492,0,13.329,0,0,13.329
KMAX20180828-3,KMAX20180828_131415_V06,0,0.483,1.200,1092,0,111267.443,22,0,111079.069
KMAX20180828-3,KMAX20180828_131415_V06,2,0.879,1.200,1093,0,20972.472,15,0,20899.638
KMAX20180828-3,KMAX20180828_131415_V06,6,1.318,1.200,1091,0,1294.425,9,0,1265.639
KMAX20180828-3,KMAX20180828_131415_V06,8,1.802,1.200,547,0,19.511,4,0,5.211
KMAX20180828-3,KMAX20180828_131415_V06,9,2.417,1.200,550,0,8.194,0,0,8.194
KMAX20180828-7,KMAX20180828_134024_V06,0,0.483,1.200,356,0,103589.725,2,0,103577.777
KMAX20180828-7,KMAX20180828_134024_V06,2,0.879,1.200,356,0,61585.560,2,0,61033.236
KMAX20180828-7,KMAX20180828_134024_V06,6,1.318,1.200,359,0,4223.456,1,0,4222.296
KMAX20180828-7,KMAX20180828_134024_V06,8,1.802,1.200,180,0,5.658,0,0,5.658
KMAX20180828-7,KMAX20180828_134024_V06,9,2.417,1.200,180,0,21.670,2,0,7.683
KMAX20180828-7,KMAX20180828_134859_V06,0,0.483,1.200,1535,0,116872.339,19,0,116779.828
KMAX20180828-7,KMAX20180828_134859_V06,2,0.879,1.200,1538,0,35204.696,19,0,34602.842
KMAX20180828-7,KMAX20180828_134859_V06,6,1.318,1.200,1536,0,4710.249,15,0,4379.078
KMAX20180828-7,KMAX20180828_134859_V06,8,1.802,1.200,766,0,55.960,0,0,55.960
KMAX20180828-7,KMAX20180828_134859_V06,9,2.417,1.200,769,0,32.771,1,0,29.710
KMAX20180829-1,KMAX20180829_124008_V06,0,0.483,1.200,1033,0,135121.607,26,0,125114.986
KMAX20180829-1,KMAX20180829_124008_V06,2,0.879,1.200,1035,0,34367.251,23,0,29351.286
KMAX20180829-1,KMAX20180829_124008_V06,6,1.318,1.200,1034,0,1604.217,9,0,1348.174
KMAX20180829-1,KMAX20180829_124008_V06,8,1.802,1.200,517,0,9.066,0,0,9.066
KMAX20180829-1,KMAX20180829_124008_V06,9,2.417,1.200,521,0,18.077,0,0,18.077
KMAX20180829-1,KMAX20180829_124849_V06,0,0.483,1.200,2071,0,99040.435,38,0,98872.260
KMAX20180829-1,KMAX20180829_124849_V06,2,0.879,1.200,2067,0,27448.424,42,0,27281.116
KMAX20180829-1,KMAX20180829_124849_V06,6,1.318,1.200,2064,0,2692.335,27,0,1427.839
KMAX20180829-1,KMAX20180829_124849_V06,8,1.802,1.200,1034,0,56.141,5,0,35.956
KMAX20180829-1,KMAX20180829_124849_V06,9,2.417,1.200,1035,0,76.940,10,0,33.200
KMAX20180829-1,KMAX20180829_130613_V06,0,0.483,1.200,159,0,102716.527,1,0,102381.721
KMAX20180829-1,KMAX20180829_130613_V06,2,0.879,1.200,158,0,70388.703,6,0,52340.273
KMAX20180829-1,KMAX20180829_130613_V06,6,1.318,1.200,159,0,840.657,3,0,811.645
KMAX20180829-1,KMAX20180829_130613_V06,8,1.802,1.200,79,0,32.289,1,0,24.687
KMAX20180829-1,KMAX20180829_130613_V06,9,2.417,1.200,80,0,20.038,0,0,20.038
KMAX20180829-1,KMAX20180829_131454_V06,0,0.483,1.200,1228,0,121415.765,24,0,117605.765
KMAX20180829-1,KMAX20180829_131454_V06,2,0.879,1.200,1228,0,31679.661,20,0,29158.726
KMAX20180829-1,KMAX20180829_131454_V06,6,1.318,1.200,1229,0,1312.540,4,0,1287.566
KMAX20180829-1,KMAX20180829_131454_V06,8,1.802,1.200,615,0,48.319,2,0,35.949
KMAX20180829-1,KMAX20180829_131454_V06,9,2.417,1.200,616,0,39.202,3,0,22.111
KMAX20180829-1,KMAX20180829_132335_V06,0,0.483,1.200,561,0,100213.178,18,0,99993.279
KMAX20180829-1,KMAX20180829_132335_V06,2,0.879,1.200,561,0,18598.371,11,0,18165.375
KMAX20180829-1,KMAX20180829_132335_V06,6,1.318,1.200,563,0,326.192,11,0,285.227
KMAX20180829-1,KMAX20180829_132335_V06,8,1.802,1.200,281,0,16.748,1,0,10.884
KMAX20180829-1,KMAX20180829_132335_V06,9,2.417,1.200,280,0,0.845,0,0,0.845
KMAX20180829-1,KMAX20180829_133209_V06,0,0.483,1.200,1838,0,70849.025,49,0,70493.255
KMAX20180829-1,KMAX20180829_133209_V06,2,0.879,1.200,1837,0,12634.996,29,0,12438.940
KMAX20180829-1,KMAX20180829_133209_V06,6,1.318,1.200,1842,0,1660.903,20,0,1457.677
KMAX20180829-1,KMAX20180829_133209_V06,8,1.802,1.200,921,0,112.473,2,0,57.502
KMAX20180829-1,KMAX20180829_133209_V06,9,2.417,1.200,921,0,44.580,1,0,41.554
KMAX20180829-1,KMAX20180829_134050_V06,0,0.483,1.200,588,0,100065.616,16,0,99411.760
KMAX20180829-1,KMAX20180829_134050_V06,2,0.879,1.200,587,0,29335.594,10,0,28551.602
KMAX20180829-1,KMAX20180829_134050_V06,6,1.318,1.200,587,0,879.357,9,0,764.317
KMAX20180829-1,KMAX20180829_134050_V06,8,1.802,1.200,292,0,5.906,0,0,5.906
KMAX20180829-1,KMAX20180829_134050_V06,9,2.417,1.200,293,0,7.057,0,0,7.057
KMAX20180829-1,KMAX20180829_134933_V06,0,0.483,1.200,1903,0,75843.477,34,0,75386.540
KMAX20180829-1,KMAX20180829_134933_V06,2,0.879,1.200,1903,0,30177.638,29,0,29424.805
KMAX20180829-1,KMAX20180829_134933_V06,6,1.318,1.200,1903,0,2236.527,26,0,1826.657
KMAX20180829-1,KMAX20180829_134933_V06,8,1.802,1.200,951,0,109.401,6,0,72.344
KMAX20180829-1,KMAX20180829_134933_V06,9,2.417,1.200,951,0,53.106,6,0,24.179
KMAX20180829-1,KMAX20180829_140657_V06,0,0.483,1.200,176,0,81725.600,2,0,81018.498
KMAX20180829-1,KMAX20180829_140657_V06,2,0.879,1.200,176,0,27575.641,4,0,25492.124
KMAX20180829-1,KMAX20180829_140657_V06,6,1.318,1.200,175,0,1087.128,3,0,831.460
KMAX20180829-1,KMAX20180829_140657_V06,8,1.802,1.200,86,0,9.090,0,0,9.090
KMAX20180829-1,KMAX20180829_140657_V06,9,2.417,1.200,88,0,0.260,0,0,0.260
KMAX20180829-1,KMAX20180829_141539_V06,0,0.483,1.200,1149,0,75988.005,53,0,74495.261
KMAX20180829-1,KMAX20180829_141539_V06,2,0.879,1.200,1151,0,26487.331,33,0,24785.740
KMAX20180829-1,KMAX20180829_141539_V06,6,1.318,1.200,1152,0,651.518,23,0,296.377
KMAX20180829-1,KMAX20180829_141539_V06,8,1.802,1.200,574,0,121.243,3,0,10.449
KMAX20180829-1,KMAX20180829_141539_V06,9,2.417,1.200,578,0,19.831,2,0,12.933
KMAX20180829-1,KMAX20180829_142421_V06,0,0.483,1.200,3140,0,62563.961,167,0,59609.274
KMAX20180829-1,KMAX20180829_142421_V06,2,0.879,1.200,3141,0,27342.017,107,0,21867.878
KMAX20180829-1,KMAX20180829_142421_V06,6,1.318,1.200,3144,0,2713.463,58,0,2043.485
KMAX20180829-1,KMAX20180829_142421_V06,8,1.802,1.200,1568,0,48.673,4,0,22.695
KMAX20180829-1,KMAX20180829_142421_V06,9,2.417,1.200,1577,0,41.797,8,0,7.560
KMAX20180829-1,KMAX20180829_143302_V06,0,0.483,1.200,560,0,80886.578,8,0,77884.838
KMAX20180829-1,KMAX20180829_143302_V06,2,0.879,1.200,563,0,30132.413,11,0,28611.179
KMAX20180829-1,KMAX20180829_143302_V06,6,1.318,1.200,563,0,712.731,5,0,671.731
KMAX20180829-1,KMAX20180829_143302_V06,8,1.802,1.200,282,0,0.852,0,0,0.852
KMAX20180829-1,KMAX20180829_143302_V06,9,2.417,1.200,280,0,28.771,2,0,11.474
KMAX20180829-1,KMAX20180829_144145_V06,0,0.483,1.200,1652,0,131539.024,110,0,126617.983
KMAX20180829-1,KMAX20180829_144145_V06,2,0.879,1.200,1657,0,30956.561,34,0,29159.422
KMAX20180829-1,KMAX20180829_144145_V06,6,1.318,1.200,1658,0,1405.425,20,0,1235.113
KMAX20180829-1,KMAX20180829_144145_V06,8,1.802,1.200,830,0,81.276,2,0,75.237
KMAX20180829-1,KMAX20180829_144145_V06,9,2.417,1.200,828,0,14.754,0,0,14.754
KMAX20180830-12,KMAX20180830_142111_V06,0,0.483,1.200,216,0,215263.522,11,0,175330.308
KMAX20180830-12,KMAX20180830_142111_V06,2,0.879,1.200,215,0,48349.112,5,0,45813.564
KMAX20180830-12,KMAX20180830_142111_V06,6,1.318,1.200,216,0,2062.385,5,0,1506.320
KMAX20180830-12,KMAX20180830_142111_V06,8,1.802,1.200,108,0,0.324,0,0,0.324
KMAX20180830-12,KMAX20180830_142111_V06,9,2.417,1.200,107,0,16.773,1,0,8.994
KMAX20180830-12,KMAX20180830_142952_V06,0,0.483,1.200,1006,0,122327.889,32,0,121630.906
KMAX20180830-12,KMAX20180830_142952_V06,2,0.879,1.200,1008,0,56213.340,36,0,53001.677
KMAX20180830-12,KMAX20180830_142952_V06,6,1.318,1.200,1007,0,1406.896,13,0,1154.559
KMAX20180830-12,KMAX20180830_142952_V06,8,1.802,1.200,503,0,28.290,3,0,18.057
KMAX20180830-12,KMAX20180830_142952_V06,9,2.417,1.200,503,0,29.049,4,0,4.902
KMAX20180830-12,KMAX20180830_143834_V06,0,0.483,1.200,1141,0,118391.410,45,0,103154.190
KMAX20180830-12,KMAX20180830_143834_V06,2,0.879,1.200,1143,1,42139.207,21,1,38731.178
KMAX20180830-12,KMAX20180830_143834_V06,6,1.318,1.200,1142,0,1247.664,9,0,1130.152
KMAX20180830-12,KMAX20180830_143834_V06,8,1.802,1.200,570,0,8.735,2,0,1.678
KMAX20180830-12,KMAX20180830_143834_V06,9,2.417,1.200,573,0,35.188,4,0,15.253
KMAX20180830-1,KMAX20180830_123952_V06,0,0.483,1.200,272,0,208670.387,10,0,205970.070
KMAX20180830-1,KMAX20180830_123952_V06,2,0.879,1.200,272,0,42857.452,1,0,42702.598
KMAX20180830-1,KMAX20180830_123952_V06,6,1.318,1.200,273,0,2702.638,5,0,2329.565
KMAX20180830-1,KMAX20180830_123952_V06,8,1.802,1.200,135,0,20.487,3,0,7.703
KMAX20180830-1,KMAX20180830_123952_V06,9,2.417,1.200,137,0,0.406,0,0,0.406
KMAX20180830-1,KMAX20180830_124813_V06,0,0.483,1.200,1460,0,120620.152,16,0,119177.365
KMAX20180830-1,KMAX20180830_124813_V06,2,0.879,1.200,1461,0,32678.800,24,0,29588.418
KMAX20180830-1,KMAX20180830_124813_V06,6,1.318,1.200,1463,0,1611.945,7,0,1212.592
KMAX20180830-1,KMAX20180830_124813_V06,8,1.802,1.200,732,0,98.027,11,0,40.514
KMAX20180830-1,KMAX20180830_124813_V06,9,2.417,1.200,731,0,36.230,0,0,36.230
KMAX20180830-8,KMAX20180830_133023_V06,0,0.483,1.200,173,0,126317.011,4,0,121952.225
KMAX20180830-8,KMAX20180830_133023_V06,2,0.879,1.200,173,0,23591.971,4,0,22959.294
KMAX20180830-8,KMAX20180830_133023_V06,6,1.318,1.200,173,0,1458.832,5,0,1105.281
KMAX20180830-8,KMAX20180830_133023_V06,8,1.802,1.200,87,0,10.327,0,0,10.327
KMAX20180830-8,KMAX20180830_133023_V06,9,2.417,1.200,87,0,0.258,0,0,0.258
KMAX20180830-8,KMAX20180830_133850_V06,0,0.483,1.200,1453,0,137375.825,29,0,133562.231
KMAX20180830-8,KMAX20180830_133850_V06,2,0.879,1.200,1455,0,36759.809,28,0,35240.604
KMAX20180830-8,KMAX20180830_133850_V06,6,1.318,1.200,1453,0,1843.402,18,0,1635.030
KMAX20180830-8,KMAX20180830_133850_V06,8,1.802,1.200,724,0,43.877,7,0,11.172
KMAX20180830-8,KMAX20180830_133850_V06,9,2.417,1.200,726,0,60.658,8,0,26.641
KMAX20180830-8,KMAX20180830_134711_V06,0,0.483,1.200,564,0,204039.675,8,0,202888.764
KMAX20180830-8,KMAX20180830_134711_V06,2,0.879,1.200,562,0,33433.108,15,0,31782.027
KMAX20180830-8,KMAX20180830_134711_V06,6,1.318,1.200,562,0,2191.060,4,0,1829.079
KMAX20180830-8,KMAX20180830_134711_V06,8,1.802,1.200,282,0,55.877,1,0,50.997
KMAX20180830-8,KMAX20180830_134711_V06,9,2.417,1.200,280,0,6.523,0,0,6.523
KMAX20180831-1,KMAX20180831_124355_V06,0,0.483,1.200,1063,0,249399.344,33,0,231547.996
KMAX20180831-1,KMAX20180831_124355_V06,2,0.879,1.200,1066,0,50235.303,20,0,47088.886
KMAX20180831-1,KMAX20180831_124355_V06,6,1.318,1.200,1065,0,5521.617,15,0,5222.262
KMAX20180831-1,KMAX20180831_124355_V06,8,1.802,1.200,529,0,56.065,14,0,6.177
KMAX20180831-1,KMAX20180831_124355_V06,9,2.417,1.200,528,0,61.255,7,0,40.084
KMAX20180831-1,KMAX20180831_130118_V06,0,0.483,1.200,1892,0,247181.419,64,0,239304.140
KMAX20180831-1,KMAX20180831_130118_V06,2,0.879,1.200,1895,0,107042.710,31,0,102474.094
KMAX20180831-1,KMAX20180831_130118_V06,6,1.318,1.200,1898,0,7149.007,173,0,5614.337
KMAX20180831-1,KMAX20180831_130118_V06,8,1.802,1.200,945,0,3153.569,224,0,1316.121
KMAX20180831-1,KMAX20180831_130118_V06,9,2.417,1.200,947,0,400.424,36,0,157.289
KMAX20180831-1,KMAX20180831_131001_V06,0,0.483,1.200,2471,1,338413.976,89,1,329453.038
KMAX20180831-1,KMAX20180831_131001_V06,2,0.879,1.200,2470,0,94771.108,40,0,88623.008
KMAX20180831-1,KMAX20180831_131001_V06,6,1.318,1.200,2472,0,9097.896,413,0,7351.303
KMAX20180831-1,KMAX20180831_131001_V06,8,1.802,1.200,1234,0,9007.462,458,0,2421.118
KMAX20180831-1,KMAX20180831_131001_V06,9,2.417,1.200,1233,0,2618.126,190,0,958.773
KMAX20180831-1,KMAX20180831_131842_V06,0,0.483,1.200,536,1,314850.115,11,1,312477.948
KMAX20180831-1,KMAX20180831_131842_V06,2,0.879,1.200,534,0,61913.581,11,0,59965.219
KMAX20180831-1,KMAX20180831_131842_V06,6,1.318,1.200,534,0,8409.479,197,0,6380.996
KMAX20180831-1,KMAX20180831_131842_V06,8,1.802,1.200,266,0,3851.300,147,0,1115.384
KMAX20180831-1,KMAX20180831_131842_V06,9,2.417,1.200,267,0,341.515,45,0,58.900
KMAX20180831-1,KMAX20180831_132704_V06,0,0.483,1.200,2024,0,255656.711,72,0,244553.140
KMAX20180831-1,KMAX20180831_132704_V06,2,0.879,1.200,2024,0,74955.699,51,0,71989.035
KMAX20180831-1,KMAX20180831_132704_V06,6,1.318,1.200,2025,0,13756.002,537,0,10192.781
KMAX20180831-1,KMAX20180831_132704_V06,8,1.802,1.200,1009,0,17902.129,473,0,3891.403
KMAX20180831-1,KMAX20180831_132704_V06,9,2.417,1.200,1010,0,3942.994,259,0,1229.929
KMAX20180901-13,KMAX20180901_141707_V06,0,0.483,1.200,164,0,176033.288,3,0,162923.553
KMAX20180901-13,KMAX20180901_141707_V06,2,0.879,1.200,165,0,43474.517,1,0,43464.053
KMAX20180901-13,KMAX20180901_141707_V06,4,1.318,1.200,165,0,749.568,3,0,739.774
KMAX20180901-13,KMAX20180901_141707_V06,6,1.802,1.200,82,0,5.036,1,0,0.239
KMAX20180901-13,KMAX20180901_141707_V06,7,2.417,1.200,83,0,0.246,0,0,0.246
KMAX20180901-13,KMAX20180901_142411_V06,0,0.483,1.200,1029,0,190859.686,21,0,187102.880
KMAX20180901-13,KMAX20180901_142411_V06,2,0.879,1.200,1030,0,33805.932,31,0,33701.523
KMAX20180901-13,KMAX20180901_142411_V06,4,1.318,1.200,1033,0,1762.855,11,0,1365.971
KMAX20180901-13,KMAX20180901_142411_V06,6,1.802,1.200,515,0,53.289,10,0,13.541
KMAX20180901-13,KMAX20180901_142411_V06,7,2.417,1.200,514,0,12.544,0,0,12.544
KMAX20180901-13,KMAX20180901_143115_V06,0,0.483,1.200,1280,0,226388.843,28,0,224581.170
KMAX20180901-13,KMAX20180901_143115_V06,2,0.879,1.200,1283,0,41244.401,25,0,36701.801
KMAX20180901-13,KMAX20180901_143115_V06,4,1.318,1.200,1280,0,1236.427,13,0,1047.645
KMAX20180901-13,KMAX20180901_143115_V06,6,1.802,1.200,638,0,25.922,2,0,13.712
KMAX20180901-13,KMAX20180901_143115_V06,7,2.417,1.200,643,0,83.866,7,0,41.088
KMAX20180901-13,KMAX20180901_143819_V06,0,0.483,1.200,1803,0,197212.173,43,0,187190.394
KMAX20180901-13,KMAX20180901_143819_V06,2,0.879,1.200,1805,0,49585.742,35,0,44018.787
KMAX20180901-13,KMAX20180901_143819_V06,4,1.318,1.200,1804,0,1385.140,25,0,1226.212
KMAX20180901-13,KMAX20180901_143819_V06,6,1.802,1.200,900,0,105.428,6,0,79.447
KMAX20180901-13,KMAX20180901_143819_V06,7,2.417,1.200,904,0,64.925,5,0,42.919
KMAX20180901-13,KMAX20180901_144522_V06,0,0.483,1.200,337,0,191113.744,17,0,132070.624
KMAX20180901-13,KMAX20180901_144522_V06,2,0.879,1.200,339,0,52318.360,8,0,52289.995
KMAX20180901-13,KMAX20180901_144522_V06,4,1.318,1.200,340,0,1288.338,3,0,1267.656
KMAX20180901-13,KMAX20180901_144522_V06,6,1.802,1.200,166,0,0.500,0,0,0.500
KMAX20180901-13,KMAX20180901_144522_V06,7,2.417,1.200,168,0,15.282,0,0,15.282
KMAX20180901-1,KMAX20180901_123817_V06,0,0.483,1.200,705,0,78684.492,14,0,75587.396
KMAX20180901-1,KMAX20180901_123817_V06,2,0.879,1.200,705,0,25913.639,15,0,25000.589
KMAX20180901-1,KMAX20180901_123817_V06,4,1.318,1.200,708,0,990.223,4,0,980.538
KMAX20180901-1,KMAX20180901_123817_V06,6,1.802,1.200,352,0,27.119,3,0,8.390
KMAX20180901-1,KMAX20180901_123817_V06,7,2.417,1.200,352,0,24.274,5,0,1.050
KMAX20180901-1,KMAX20180901_124521_V06,0,0.483,1.200,1760,0,113575.544,36,0,111821.055
KMAX20180901-1,KMAX20180901_124521_V06,2,0.879,1.200,1762,0,21235.188,15,0,21152.340
KMAX20180901-1,KMAX20180901_124521_V06,4,1.318,1.200,1763,0,655.143,11,0,597.034
KMAX20180901-1,KMAX20180901_124521_V06,6,1.802,1.200,883,0,88.766,14,0,32.126
KMAX20180901-1,KMAX20180901_124521_V06,7,2.417,1.200,884,0,69.027,9,0,27.578
KMAX20180901-1,KMAX20180901_125224_V06,0,0.483,1.200,3492,0,91444.485,72,0,90702.048
KMAX20180901-1,KMAX20180901_125224_V06,2,0.879,1.200,3496,0,14271.174,47,0,14108.666
KMAX20180901-1,KMAX20180901_125224_V06,4,1.318,1.200,3493,0,1772.999,40,0,1513.204
KMAX20180901-1,KMAX20180901_125224_V06,6,1.802,1.200,1747,0,61.525,3,0,35.498
KMAX20180901-1,KMAX20180901_125224_V06,7,2.417,1.200,1748,0,93.297,16,0,18.841
KMAX20180901-1,KMAX20180901_130633_V06,0,0.483,1.200,538,0,140634.915,14,0,140451.092
KMAX20180901-1,KMAX20180901_130633_V06,2,0.879,1.200,537,0,19966.186,12,0,19456.888
KMAX20180901-1,KMAX20180901_130633_V06,4,1.318,1.200,538,0,593.520,2,0,583.801
KMAX20180901-1,KMAX20180901_130633_V06,6,1.802,1.200,269,0,21.543,2,0,12.330
KMAX20180901-1,KMAX20180901_130633_V06,7,2.417,1.200,270,0,0.824,0,0,0.824
KMAX20180901-5,KMAX20180901_131336_V06,0,0.483,1.200,321,0,152413.848,6,0,149794.368
KMAX20180901-5,KMAX20180901_131336_V06,2,0.879,1.200,319,0,33626.703,4,0,33157.659
KMAX20180901-5,KMAX20180901_131336_V06,4,1.318,1.200,318,0,482.540,4,0,470.750
KMAX20180901-5,KMAX20180901_131336_V06,6,1.802,1.200,157,0,21.660,0,0,21.660
KMAX20180901-5,KMAX20180901_131336_V06,7,2.417,1.200,158,0,7.900,0,0,7.900
KMAX20180901-5,KMAX20180901_132039_V06,0,0.483,1.200,1564,0,181437.919,27,0,176253.794
KMAX20180901-5,KMAX20180901_132039_V06,2,0.879,1.200,1567,0,34050.200,23,0,32883.808
KMAX20180901-5,KMAX20180901_132039_V06,4,1.318,1.200,1568,0,1142.768,9,0,1114.715
KMAX20180901-5,KMAX20180901_132039_V06,6,1.802,1.200,780,0,67.588,9,0,17.786
KMAX20180901-5,KMAX20180901_132039_V06,7,2.417,1.200,783,0,23.852,4,0,2.372
KMAX20180901-5,KMAX20180901_132742_V06,0,0.483,1.200,587,0,176433.243,20,0,159380.854
KMAX20180901-5,KMAX20180901_132742_V06,2,0.879,1.200,588,0,41120.562,12,0,40951.614
KMAX20180901-5,KMAX20180901_132742_V06,4,1.318,1.200,588,0,913.745,1,0,901.515
KMAX20180901-5,KMAX20180901_132742_V06,6,1.802,1.200,293,0,22.349,2,0,6.329
KMAX20180901-5,KMAX20180901_132742_V06,7,2.417,1.200,294,0,0.886,0,0,0.886
KMAX20180901-5,KMAX20180901_133445_V06,0,0.483,1.200,1709,0,156880.199,53,0,153826.206
KMAX20180901-5,KMAX20180901_133445_V06,2,0.879,1.200,1708,0,32419.477,22,0,31592.148
KMAX20180901-5,KMAX20180901_133445_V06,4,1.318,1.200,1708,0,1163.968,23,0,884.199
KMAX20180901-5,KMAX20180901_133445_V06,6,1.802,1.200,855,0,31.936,3,0,17.130
KMAX20180901-5,KMAX20180901_133445_V06,7,2.417,1.200,855,0,53.557,4,0,31.785
KMAX20180901-5,KMAX20180901_134149_V06,0,0.483,1.200,568,0,160461.981,14,0,160000.539
KMAX20180901-5,KMAX20180901_134149_V06,2,0.879,1.200,570,0,32381.851,17,0,30734.609
KMAX20180901-5,KMAX20180901_134149_V06,4,1.318,1.200,570,0,929.134,3,0,853.298
KMAX20180901-5,KMAX20180901_134149_V06,6,1.802,1.200,286,0,7.768,1,0,4.719
KMAX20180901-5,KMAX20180901_134149_V06,7,2.417,1.200,288,0,9.750,2,0,0.864
KMAX20180901-5,KMAX20180901_134852_V06,0,0.483,1.200,1672,0,180019.844,60,0,173018.559
KMAX20180901-5,KMAX20180901_134852_V06,2,0.879,1.200,1671,0,37038.534,35,0,36628.237
KMAX20180901-5,KMAX20180901_134852_V06,4,1.318,1.200,1666,0,790.217,12,0,674.234
KMAX20180901-5,KMAX20180901_134852_V06,6,1.802,1.200,836,0,91.207,7,0,51.559
KMAX20180901-5,KMAX20180901_134852_V06,7,2.417,1.200,835,0,67.510,6,0,28.984
KMAX20180901-5,KMAX20180901_140301_V06,0,0.483,1.200,642,0,185383.029,19,0,182741.360
KMAX20180901-5,KMAX20180901_140301_V06,2,0.879,1.200,642,0,38653.584,17,0,38163.401
KMAX20180901-5,KMAX20180901_140301_V06,4,1.318,1.200,643,0,1014.874,6,0,969.170
KMAX20180901-5,KMAX20180901_140301_V06,6,1.802,1.200,322,0,47.936,3,0,32.964
KMAX20180901-5,KMAX20180901_140301_V06,7,2.417,1.200,321,0,23.190,0,0,23.190
KMAX20180901-5,KMAX20180901_141004_V06,0,0.483,1.200,1851,0,210320.480,59,0,208832.088
KMAX20180901-5,KMAX20180901_141004_V06,2,0.879,1.200,1854,0,49199.807,28,0,47719.458
KMAX20180901-5,KMAX20180901_141004_V06,4,1.318,1.200,1857,0,1441.894,11,0,1295.592
KMAX20180901-5,KMAX20180901_141004_V06,6,1.802,1.200,926,0,88.750,8,0,48.553
KMAX20180901-5,KMAX20180901_141004_V06,7,2.417,1.200,928,0,49.218,3,0,34.811
KMAX20180902-4,KMAX20180902_130513_V06,0,0.483,1.200,202,0,159947.433,3,0,158481.539
KMAX20180902-4,KMAX20180902_130513_V06,2,0.879,1.200,203,0,56328.632,5,0,52021.755
KMAX20180902-4,KMAX20180902_130513_V06,4,1.318,1.200,203,0,3079.655,2,0,3066.516
KMAX20180902-4,KMAX20180902_130513_V06,6,1.802,1.200,102,0,7.463,0,0,7.463
KMAX20180902-4,KMAX20180902_130513_V06,7,2.417,1.200,103,0,0.305,0,0,0.305
KMAX20180902-4,KMAX20180902_131216_V06,0,0.483,1.200,1118,0,113306.146,21,0,109147.665
KMAX20180902-4,KMAX20180902_131216_V06,2,0.879,1.200,1117,0,69069.496,18,0,63660.080
KMAX20180902-4,KMAX20180902_131216_V06,4,1.318,1.200,1116,0,2741.841,8,0,2687.008
KMAX20180902-4,KMAX20180902_131216_V06,6,1.802,1.200,558,0,16.071,2,0,1.640
KMAX20180902-4,KMAX20180902_131216_V06,7,2.417,1.200,555,0,15.791,3,0,1.631
KMAX20180902-4,KMAX20180902_131919_V06,0,0.483,1.200,1024,0,179296.039,29,0,156444.405
KMAX20180902-4,KMAX20180902_131919_V06,2,0.879,1.200,1024,0,51177.368,26,0,41334.187
KMAX20180902-4,KMAX20180902_131919_V06,4,1.318,1.200,1022,0,3341.964,9,0,2543.460
KMAX20180902-4,KMAX20180902_131919_V06,6,1.802,1.200,511,0,15.808,2,0,1.507
KMAX20180902-4,KMAX20180902_131919_V06,7,2.417,1.200,511,0,12.145,2,0,4.744
KMAX20180902-4,KMAX20180902_132622_V06,0,0.483,1.200,1125,0,120939.961,24,0,115888.386
KMAX20180902-4,KMAX20180902_132622_V06,2,0.879,1.200,1125,0,46227.362,15,0,43235.231
KMAX20180902-4,KMAX20180902_132622_V06,4,1.318,1.200,1127,0,1584.098,10,0,1550.645
KMAX20180902-4,KMAX20180902_132622_V06,6,1.802,1.200,562,0,58.675,10,0,7.326
KMAX20180902-4,KMAX20180902_132622_V06,7,2.417,1.200,561,0,34.713,4,0,1.653
KMAX20180902-4,KMAX20180902_133326_V06,0,0.483,1.200,779,0,137280.041,25,0,134010.873
KMAX20180902-4,KMAX20180902_133326_V06,2,0.879,1.200,781,0,26202.009,18,0,25912.947
KMAX20180902-4,KMAX20180902_133326_V06,4,1.318,1.200,783,0,951.625,3,0,933.869
KMAX20180902-4,KMAX20180902_133326_V06,6,1.802,1.200,392,0,50.245,5,0,28.490
KMAX20180902-4,KMAX20180902_133326_V06,7,2.417,1.200,391,0,20.761,2,0,9.804
KMAX20180902-4,KMAX20180902_134030_V06,0,0.483,1.200,1849,0,136893.070,62,0,126741.745
KMAX20180902-4,KMAX20180902_134030_V06,2,0.879,1.200,1851,0,43864.729,30,0,42790.049
KMAX20180902-4,KMAX20180902_134030_V06,4,1.318,1.200,1853,0,2564.709,25,0,2280.761
KMAX20180902-4,KMAX20180902_134030_V06,6,1.802,1.200,923,0,82.025,11,0,16.190
KMAX20180902-4,KMAX20180902_134030_V06,7,2.417,1.200,924,0,53.016,1,0,46.440
KMAX20180902-4,KMAX20180902_134734_V06,0,0.483,1.200,344,0,133584.612,17,0,129773.767
KMAX20180902-4,KMAX20180902_134734_V06,2,0.879,1.200,344,0,36403.072,8,0,33984.306
KMAX20180902-4,KMAX20180902_134734_V06,4,1.318,1.200,345,0,754.558,5,0,569.013
KMAX20180902-4,KMAX20180902_134734_V06,6,1.802,1.200,170,0,0.513,0,0,0.513
KMAX20180902-4,KMAX20180902_134734_V06,7,2.417,1.200,170,0,0.513,0,0,0.513
KMAX20180902-4,KMAX20180902_140140_V06,0,0.483,1.200,1629,0,113937.559,57,0,113117.835
KMAX20180902-4,KMAX20180902_140140_V06,2,0.879,1.200,1631,0,37089.458,32,0,33533.720
KMAX20180902-4,KMAX20180902_140140_V06,4,1.318,1.200,1632,0,2321.987,19,0,1644.715
KMAX20180902-4,KMAX20180902_140140_V06,6,1.802,1.200,817,0,53.505,2,0,45.399
KMAX20180902-4,KMAX20180902_140140_V06,7,2.417,1.200,817,0,13.550,0,0,13.550
KMAX20180902-4,KMAX20180902_140843_V06,0,0.483,1.200,2688,0,131208.899,130,0,125273.315
KMAX20180902-4,KMAX20180902_140843_V06,2,0.879,1.200,2688,0,37097.888,61,0,31715.403
KMAX20180902-4,KMAX20180902_140843_V06,4,1.318,1.200,2688,0,1653.771,18,0,1559.897
KMAX20180902-4,KMAX20180902_140843_V06,6,1.802,1.200,1343,0,24.887,0,0,24.887
KMAX20180902-4,KMAX20180902_140843_V06,7,2.417,1.200,1350,0,59.763,8,0,11.209
KMAX20180902-4,KMAX20180902_141547_V06,0,0.483,1.200,345,0,180474.151,20,0,178543.046
KMAX20180902-4,KMAX20180902_141547_V06,2,0.879,1.200,344,0,40947.569,13,0,39097.539
KMAX20180902-4,KMAX20180902_141547_V06,4,1.318,1.200,343,0,1461.145,9,0,1038.431
KMAX20180902-4,KMAX20180902_141547_V06,6,1.802,1.200,170,0,62.872,4,0,18.045
KMAX20180902-4,KMAX20180902_141547_V06,7,2.417,1.200,169,0,9.197,1,0,4.094
KMAX20180902-4,KMAX20180902_142251_V06,0,0.483,1.200,1582,0,143138.087,90,0,140738.921
KMAX20180902-4,KMAX20180902_142251_V06,2,0.879,1.200,1584,0,49116.864,37,0,44680.954
KMAX20180902-4,KMAX20180902_142251_V06,4,1.318,1.200,1583,0,2732.108,22,0,1957.287
KMAX20180902-4,KMAX20180902_142251_V06,6,1.802,1.200,791,0,43.006,8,0,5.166
KMAX20180902-4,KMAX20180902_142251_V06,7,2.417,1.200,793,0,15.012,2,0,5.216
KMAX20180902-1,KMAX20180902_124400_V06,0,0.483,1.200,767,0,171664.602,13,0,166330.294
KMAX20180902-1,KMAX20180902_124400_V06,2,0.879,1.200,765,0,51304.293,20,0,49801.389
KMAX20180902-1,KMAX20180902_124400_V06,4,1.318,1.200,764,0,2614.640,12,0,2208.055
KMAX20180902-1,KMAX20180902_124400_V06,6,1.802,1.200,381,0,15.253,0,0,15.253
KMAX20180902-1,KMAX20180902_124400_V06,7,2.417,1.200,379,0,15.545,0,0,15.545
KMAX20180902-1,KMAX20180902_125104_V06,0,0.483,1.200,1787,0,152751.097,45,0,146151.043
KMAX20180902-1,KMAX20180902_125104_V06,2,0.879,1.200,1786,0,49591.231,42,0,45249.277
KMAX20180902-1,KMAX20180902_125104_V06,4,1.318,1.200,1786,0,4456.120,17,0,3542.561
KMAX20180902-1,KMAX20180902_125104_V06,6,1.802,1.200,894,0,43.765,2,0,34.979
KMAX20180902-1,KMAX20180902_125104_V06,7,2.417,1.200,894,0,2.628,0,0,2.628
KMAX20180902-13,KMAX20180902_144402_V06,0,0.483,1.200,197,0,165741.452,13,0,162961.027
KMAX20180902-13,KMAX20180902_144402_V06,2,0.879,1.200,195,0,24585.511,13,0,22541.322
KMAX20180902-13,KMAX20180902_144402_V06,4,1.318,1.200,195,0,1165.584,4,0,1038.679
KMAX20180902-13,KMAX20180902_144402_V06,6,1.802,1.200,97,0,12.178,2,0,0.289
KMAX20180902-13,KMAX20180902_144402_V06,7,2.417,1.200,97,0,0.295,0,0,0.295
KMAX20180902-13,KMAX20180902_145106_V06,0,0.483,1.200,1218,0,102782.554,145,0,100374.426
KMAX20180902-13,KMAX20180902_145106_V06,2,0.879,1.200,1216,0,38860.314,25,0,36932.282
KMAX20180902-13,KMAX20180902_145106_V06,4,1.318,1.200,1218,0,1565.599,20,0,1169.883
KMAX20180902-13,KMAX20180902_145106_V06,6,1.802,1.200,611,0,89.082,2,0,47.566
KMAX20180902-13,KMAX20180902_145106_V06,7,2.417,1.200,613,0,142.559,3,0,113.554
KMAX20180902-12,KMAX20180902_143658_V06,0,0.483,1.200,7642,0,21197.641,494,0,17046.914
KMAX20180902-12,KMAX20180902_143658_V06,2,0.879,1.200,7647,0,2555.764,108,0,1541.327
KMAX20180902-12,KMAX20180902_143658_V06,4,1.318,1.200,7643,0,2411.665,79,0,1392.560
KMAX20180902-12,KMAX20180902_143658_V06,6,1.802,1.200,3835,0,212.661,9,0,79.583
KMAX20180903-2,KMAX20180903_124253_V06,0,0.483,1.200,151,0,94683.715,1,0,94681.025
KMAX20180903-2,KMAX20180903_124253_V06,2,0.879,1.200,150,0,47094.232,5,0,31474.585
KMAX20180903-2,KMAX20180903_124253_V06,4,1.318,1.200,153,0,608.879,5,0,397.629
KMAX20180903-2,KMAX20180903_124253_V06,6,1.802,1.200,76,0,11.148,2,0,0.219
KMAX20180903-2,KMAX20180903_124253_V06,7,2.417,1.200,76,0,12.032,3,0,0.216
KMAX20180903-2,KMAX20180903_124957_V06,0,0.483,1.200,858,0,191982.617,21,0,174947.972
KMAX20180903-2,KMAX20180903_124957_V06,2,0.879,1.200,861,0,43715.321,12,0,40803.661
KMAX20180903-2,KMAX20180903_124957_V06,4,1.318,1.200,860,0,2927.408,17,0,1810.456
KMAX20180903-2,KMAX20180903_124957_V06,6,1.802,1.200,430,0,47.421,7,0,10.416
KMAX20180903-2,KMAX20180903_124957_V06,7,2.417,1.200,430,0,19.809,0,0,19.809
KMAX20180903-2,KMAX20180903_130402_V06,0,0.483,1.200,832,0,128105.355,20,0,123656.576
KMAX20180903-2,KMAX20180903_130402_V06,2,0.879,1.200,830,0,46717.253,18,0,45820.410
KMAX20180903-2,KMAX20180903_130402_V06,4,1.318,1.200,832,0,1786.905,9,0,1586.718
KMAX20180903-2,KMAX20180903_130402_V06,6,1.802,1.200,415,0,59.952,8,0,21.135
KMAX20180903-2,KMAX20180903_130402_V06,7,2.417,1.200,418,0,9.074,0,0,9.074
KMAX20180903-2,KMAX20180903_131105_V06,0,0.483,1.200,839,0,204234.419,21,0,200983.392
KMAX20180903-2,KMAX20180903_131105_V06,2,0.879,1.200,838,0,78190.298,22,0,78105.710
KMAX20180903-2,KMAX20180903_131105_V06,4,1.318,1.200,840,0,1767.741,16,0,1627.314
KMAX20180903-2,KMAX20180903_131105_V06,6,1.802,1.200,418,0,15.333,0,0,15.333
KMAX20180903-2,KMAX20180903_131105_V06,7,2.417,1.200,421,0,16.381,0,0,16.381
KMAX20180903-2,KMAX20180903_131809_V06,0,0.483,1.200,883,0,126858.790,18,0,120520.186
KMAX20180903-2,KMAX20180903_131809_V06,2,0.879,1.200,884,0,67021.265,17,0,58254.015
KMAX20180903-2,KMAX20180903_131809_V06,4,1.318,1.200,884,0,1423.738,10,0,1376.121
KMAX20180903-2,KMAX20180903_131809_V06,6,1.802,1.200,443,0,45.511,2,0,33.697
KMAX20180903-2,KMAX20180903_131809_V06,7,2.417,1.200,441,0,10.535,0,0,10.535
KMAX20180903-2,KMAX20180903_132512_V06,0,0.483,1.200,1034,0,109648.008,21,0,104003.599
KMAX20180903-2,KMAX20180903_132512_V06,2,0.879,1.200,1036,0,24640.292,10,0,24561.062
KMAX20180903-2,KMAX20180903_132512_V06,4,1.318,1.200,1037,0,1409.784,5,0,1395.448
KMAX20180903-2,KMAX20180903_132512_V06,6,1.802,1.200,519,0,81.266,5,0,34.309
KMAX20180903-2,KMAX20180903_132512_V06,7,2.417,1.200,520,0,26.046,3,0,14.585
KMAX20180903-2,KMAX20180903_133216_V06,0,0.483,1.200,899,1,153924.308,17,0,147126.439
KMAX20180903-2,KMAX20180903_133216_V06,2,0.879,1.200,900,0,56663.636,16,0,56421.261
KMAX20180903-2,KMAX20180903_133216_V06,4,1.318,1.200,899,0,3963.482,10,0,3397.421
KMAX20180903-2,KMAX20180903_133216_V06,6,1.802,1.200,453,0,9.302,1,0,5.534
KMAX20180903-2,KMAX20180903_133216_V06,7,2.417,1.200,454,0,16.199,0,0,16.199
KMAX20180903-2,KMAX20180903_133919_V06,0,0.483,1.200,830,0,154402.443,31,0,144089.440
KMAX20180903-2,KMAX20180903_133919_V06,2,0.879,1.200,832,0,58849.060,16,0,54842.719
KMAX20180903-2,KMAX20180903_133919_V06,4,1.318,1.200,835,0,1455.160,7,0,1363.666
KMAX20180903-2,KMAX20180903_133919_V06,6,1.802,1.200,415,0,27.350,3,0,13.709
KMAX20180903-2,KMAX20180903_133919_V06,7,2.417,1.200,417,0,25.587,4,0,8.424
KMAX20180903-2,KMAX20180903_134623_V06,0,0.483,1.200,864,0,177740.950,22,0,177646.912
KMAX20180903-2,KMAX20180903_134623_V06,2,0.879,1.200,863,0,35488.581,21,0,33927.117
KMAX20180903-2,KMAX20180903_134623_V06,4,1.318,1.200,862,0,1664.681,12,0,1362.688
KMAX20180903-2,KMAX20180903_134623_V06,6,1.802,1.200,430,0,26.036,4,0,6.442
KMAX20180903-2,KMAX20180903_134623_V06,7,2.417,1.200,429,0,19.146,1,0,13.575
KMAX20180903-2,KMAX20180903_140030_V06,0,0.483,1.200,891,0,136800.324,24,0,136693.797
KMAX20180903-2,KMAX20180903_140030_V06,2,0.879,1.200,892,0,48025.971,17,0,46013.282
KMAX20180903-2,KMAX20180903_140030_V06,4,1.318,1.200,893,0,1800.743,17,0,1431.588
KMAX20180903-2,KMAX20180903_140030_V06,6,1.802,1.200,446,0,9.027,0,0,9.027
KMAX20180903-2,KMAX20180903_140030_V06,7,2.417,1.200,447,0,1.343,0,0,1.343
KMAX20180903-2,KMAX20180903_140733_V06,0,0.483,1.200,899,0,193675.800,25,0,177952.770
KMAX20180903-2,KMAX20180903_140733_V06,2,0.879,1.200,898,0,45565.319,18,0,44396.365
KMAX20180903-2,KMAX20180903_140733_V06,4,1.318,1.200,900,0,1946.799,12,0,1577.197
KMAX20180903-2,KMAX20180903_140733_V06,6,1.802,1.200,450,0,9.139,0,0,9.139
KMAX20180903-2,KMAX20180903_140733_V06,7,2.417,1.200,448,0,24.149,3,0,7.697
KMAX20180903-2,KMAX20180903_141436_V06,0,0.483,1.200,774,0,141050.281,26,0,126864.532
KMAX20180903-2,KMAX20180903_141436_V06,2,0.879,1.200,774,0,43139.056,29,0,35476.165
KMAX20180903-2,KMAX20180903_141436_V06,4,1.318,1.200,774,0,888.820,17,0,502.912
KMAX20180903-2,KMAX20180903_141436_V06,6,1.802,1.200,384,0,8.406,0,0,8.406
KMAX20180903-2,KMAX20180903_141436_V06,7,2.417,1.200,384,0,11.730,0,0,11.730
KMAX20180903-2,KMAX20180903_142139_V06,0,0.483,1.200,733,0,137579.513,16,0,136674.143
KMAX20180903-2,KMAX20180903_142139_V06,2,0.879,1.200,735,0,46081.945,16,0,45525.962
KMAX20180903-2,KMAX20180903_142139_V06,4,1.318,1.200,732,0,529.272,4,0,521.440
KMAX20180903-2,KMAX20180903_142139_V06,6,1.802,1.200,365,0,6.816,0,0,6.816
KMAX20180903-2,KMAX20180903_142139_V06,7,2.417,1.200,366,0,10.549,0,0,10.549
KMAX20180903-2,KMAX20180903_142843_V06,0,0.483,1.200,682,0,266829.686,21,0,242026.290
KMAX20180903-2,KMAX20180903_142843_V06,2,0.879,1.200,683,0,26120.937,14,0,23767.233
KMAX20180903-2,KMAX20180903_142843_V06,4,1.318,1.200,683,0,862.321,3,0,800.751
KMAX20180903-2,KMAX20180903_142843_V06,6,1.802,1.200,342,0,9.741,0,0,9.741
KMAX20180903-2,KMAX20180903_142843_V06,7,2.417,1.200,341,0,0.999,0,0,0.999
KMAX20180903-2,KMAX20180903_143546_V06,0,0.483,1.200,665,0,168627.512,27,0,166665.082
KMAX20180903-2,KMAX20180903_143546_V06,2,0.879,1.200,667,0,35205.933,20,0,32765.494
KMAX20180903-2,KMAX20180903_143546_V06,4,1.318,1.200,667,0,1848.037,8,0,959.319
KMAX20180903-2,KMAX20180903_143546_V06,6,1.802,1.200,331,0,59.478,1,0,18.443
KMAX20180903-2,KMAX20180903_143546_V06,7,2.417,1.200,333,0,9.807,0,0,9.807
KMAX20180903-2,KMAX20180903_144250_V06,0,0.483,1.200,637,0,120439.238,21,0,103981.825
KMAX20180903-2,KMAX20180903_144250_V06,2,0.879,1.200,637,0,29250.450,17,0,28185.103
KMAX20180903-2,KMAX20180903_144250_V06,4,1.318,1.200,636,0,2084.753,10,0,1515.881
KMAX20180903-2,KMAX20180903_144250_V06,6,1.802,1.200,315,0,19.059,3,0,0.961
KMAX20180903-2,KMAX20180903_144250_V06,7,2.417,1.200,318,0,38.578,2,0,26.085
KMAX20180903-2,KMAX20180903_144954_V06,0,0.483,1.200,609,0,151846.941,27,0,119636.110
KMAX20180903-2,KMAX20180903_144954_V06,2,0.879,1.200,609,0,27551.347,20,0,27113.656
KMAX20180903-2,KMAX20180903_144954_V06,4,1.318,1.200,607,0,982.847,8,0,954.657
KMAX20180903-2,KMAX20180903_144954_V06,6,1.802,1.200,303,0,37.468,3,0,18.901
KMAX20180903-2,KMAX20180903_144954_V06,7,2.417,1.200,302,0,36.491,0,0,36.491
KMAX20180903-2,KMAX20180903_150401_V06,0,0.483,1.200,543,0,152374.123,14,0,141417.015
KMAX20180903-2,KMAX20180903_150401_V06,2,0.879,1.200,544,0,52004.861,20,0,42431.825
KMAX20180903-2,KMAX20180903_150401_V06,4,1.318,1.200,545,0,785.981,8,0,651.403
KMAX20180903-2,KMAX20180903_150401_V06,6,1.802,1.200,275,0,25.507,3,0,13.041
KMAX20180903-2,KMAX20180903_150401_V06,7,2.417,1.200,272,0,9.302,2,0,0.814
KMAX20180903-12,KMAX20180903_144250_V06,0,0.483,1.200,534,0,120415.812,15,0,103999.960
KMAX20180903-12,KMAX20180903_144250_V06,2,0.879,1.200,534,0,29220.127,12,0,28169.959
KMAX20180903-12,KMAX20180903_144250_V06,4,1.318,1.200,533,0,2028.963,9,0,1469.205
KMAX20180903-12,KMAX20180903_144250_V06,6,1.802,1.200,264,0,18.886,3,0,0.789
KMAX20180903-12,KMAX20180903_144250_V06,7,2.417,1.200,264,0,26.662,2,0,14.170
KMAX20180903-12,KMAX20180903_144954_V06,0,0.483,1.200,1821,0,154665.969,126,0,122043.828
KMAX20180903-12,KMAX20180903_144954_V06,2,0.879,1.200,1819,0,28124.249,43,0,27593.713
KMAX20180903-12,KMAX20180903_144954_V06,4,1.318,1.200,1819,0,1407.263,19,0,1318.747
KMAX20180903-12,KMAX20180903_144954_V06,6,1.802,1.200,908,0,91.270,8,0,42.676
KMAX20180903-12,KMAX20180903_144954_V06,7,2.417,1.200,909,0,71.734,3,0,53.184
KMAX20180904-5,KMAX20180904_131028_V06,0,0.483,1.200,160,0,110107.186,0,0,110107.186
KMAX20180904-5,KMAX20180904_131028_V06,2,0.879,1.200,160,0,31238.860,3,0,28055.614
KMAX20180904-5,KMAX20180904_131028_V06,4,1.318,1.200,159,0,1073.390,3,0,993.962
KMAX20180904-5,KMAX20180904_131028_V06,6,1.802,1.200,80,0,0.237,0,0,0.237
KMAX20180904-5,KMAX20180904_131028_V06,7,2.417,1.200,79,0,0.234,0,0,0.234
KMAX20180904-5,KMAX20180904_131732_V06,0,0.483,1.200,992,0,125264.932,32,0,123693.662
KMAX20180904-5,KMAX20180904_131732_V06,2,0.879,1.200,992,0,35702.475,17,0,33651.899
KMAX20180904-5,KMAX20180904_131732_V06,4,1.318,1.200,990,0,1397.473,9,0,1201.640
KMAX20180904-5,KMAX20180904_131732_V06,6,1.802,1.200,497,0,18.805,0,0,18.805
KMAX20180904-5,KMAX20180904_131732_V06,7,2.417,1.200,496,0,1.465,0,0,1.465
KMAX20180904-5,KMAX20180904_132435_V06,0,0.483,1.200,1006,0,160070.382,17,0,153141.119
KMAX20180904-5,KMAX20180904_132435_V06,2,0.879,1.200,1006,0,40461.844,22,0,36565.337
KMAX20180904-5,KMAX20180904_132435_V06,4,1.318,1.200,1005,0,1693.437,9,0,1542.253
KMAX20180904-5,KMAX20180904_132435_V06,6,1.802,1.200,503,0,20.961,0,0,20.961
KMAX20180904-5,KMAX20180904_132435_V06,7,2.417,1.200,505,0,36.892,4,0,12.525
KMAX20180904-5,KMAX20180904_133138_V06,0,0.483,1.200,1265,0,159898.225,30,0,156862.125
KMAX20180904-5,KMAX20180904_133138_V06,2,0.879,1.200,1265,0,32797.688,15,0,30842.899
KMAX20180904-5,KMAX20180904_133138_V06,4,1.318,1.200,1266,0,1156.943,13,0,880.846
KMAX20180904-5,KMAX20180904_133138_V06,6,1.802,1.200,633,0,42.069,7,0,9.204
KMAX20180904-5,KMAX20180904_133138_V06,7,2.417,1.200,633,0,41.979,3,0,28.687
KMAX20180904-5,KMAX20180904_133842_V06,0,0.483,1.200,1155,0,152313.034,24,0,150714.962
KMAX20180904-5,KMAX20180904_133842_V06,2,0.879,1.200,1157,0,28362.120,17,0,25997.968
KMAX20180904-5,KMAX20180904_133842_V06,4,1.318,1.200,1157,0,1560.989,13,0,1349.034
KMAX20180904-5,KMAX20180904_133842_V06,6,1.802,1.200,581,0,20.646,1,0,15.358
KMAX20180904-5,KMAX20180904_133842_V06,7,2.417,1.200,578,0,82.530,2,0,72.617
KMAX20180904-1,KMAX20180904_124215_V06,0,0.483,1.200,960,0,163604.724,14,0,157362.602
KMAX20180904-1,KMAX20180904_124215_V06,2,0.879,1.200,964,0,36833.643,16,0,36642.577
KMAX20180904-1,KMAX20180904_124215_V06,4,1.318,1.200,962,0,1136.513,10,0,893.838
KMAX20180904-1,KMAX20180904_124215_V06,6,1.802,1.200,482,0,65.124,6,0,33.628
KMAX20180904-1,KMAX20180904_124215_V06,7,2.417,1.200,482,0,11.833,0,0,11.833
KMAX20180904-1,KMAX20180904_124919_V06,0,0.483,1.200,2140,0,151563.930,51,0,146178.195
KMAX20180904-1,KMAX20180904_124919_V06,2,0.879,1.200,2140,0,34384.593,66,0,32657.237
KMAX20180904-1,KMAX20180904_124919_V06,4,1.318,1.200,2141,0,1917.282,35,0,1716.814
KMAX20180904-1,KMAX20180904_124919_V06,6,1.802,1.200,1068,0,70.429,11,0,11.580
KMAX20180904-1,KMAX20180904_124919_V06,7,2.417,1.200,1071,0,15.962,1,0,11.332
KMAX20180904-16,KMAX20180904_143509_V06,0,0.483,1.200,339,0,112158.864,2,0,111984.315
KMAX20180904-16,KMAX20180904_143509_V06,2,0.879,1.200,338,0,20958.049,8,0,20897.282
KMAX20180904-16,KMAX20180904_143509_V06,4,1.318,1.200,339,0,773.710,2,0,729.294
KMAX20180904-16,KMAX20180904_143509_V06,6,1.802,1.200,170,0,58.516,13,0,6.429
KMAX20180904-16,KMAX20180904_143509_V06,7,2.417,1.200,171,0,21.169,1,0,16.920
KMAX20180904-16,KMAX20180904_144212_V06,0,0.483,1.200,1558,0,80282.479,122,0,79963.063
KMAX20180904-16,KMAX20180904_144212_V06,2,0.879,1.200,1561,0,23866.679,27,0,23500.288
KMAX20180904-16,KMAX20180904_144212_V06,4,1.318,1.200,1560,0,1499.233,18,0,1411.744
KMAX20180904-16,KMAX20180904_144212_V06,6,1.802,1.200,779,0,49.243,0,0,49.243
KMAX20180904-16,KMAX20180904_144212_V06,7,2.417,1.200,781,0,22.240,0,0,22.240
KMAX20180905-10,KMAX20180905_135135_V06,0,0.483,1.200,159,0,151877.375,3,0,148120.922
KMAX20180905-10,KMAX20180905_135135_V06,2,0.879,1.200,159,0,45732.579,6,0,42995.072
KMAX20180905-10,KMAX20180905_135135_V06,4,1.318,1.200,159,0,1392.191,2,0,1378.585
KMAX20180905-10,KMAX20180905_135135_V06,6,1.802,1.200,80,0,0.237,0,0,0.237
KMAX20180905-10,KMAX20180905_135135_V06,7,2.417,1.200,79,0,0.234,0,0,0.234
KMAX20180905-10,KMAX20180905_140542_V06,0,0.483,1.200,1064,0,95409.447,51,0,95132.771
KMAX20180905-10,KMAX20180905_140542_V06,2,0.879,1.200,1065,0,28859.946,35,0,28439.068
KMAX20180905-10,KMAX20180905_140542_V06,4,1.318,1.200,1066,0,2219.760,10,0,2179.482
KMAX20180905-10,KMAX20180905_140542_V06,6,1.802,1.200,532,0,44.579,3,0,33.963
KMAX20180905-10,KMAX20180905_140542_V06,7,2.417,1.200,537,0,27.028,2,0,15.542
KMAX20180905-10,KMAX20180905_141246_V06,0,0.483,1.200,978,0,174341.676,44,0,170882.665
KMAX20180905-10,KMAX20180905_141246_V06,2,0.879,1.200,975,0,53219.074,18,0,50364.389
KMAX20180905-10,KMAX20180905_141246_V06,4,1.318,1.200,976,0,1427.520,10,0,1357.989
KMAX20180905-10,KMAX20180905_141246_V06,6,1.802,1.200,489,0,37.544,2,0,31.578
KMAX20180905-10,KMAX20180905_141246_V06,7,2.417,1.200,491,0,18.914,2,0,6.600
KMAX20180905-10,KMAX20180905_141950_V06,0,0.483,1.200,950,0,152207.816,67,0,130094.682
KMAX20180905-10,KMAX20180905_141950_V06,2,0.879,1.200,946,0,37839.644,34,0,36785.220
KMAX20180905-10,KMAX20180905_141950_V06,4,1.318,1.200,943,0,1998.674,12,0,1807.032
KMAX20180905-10,KMAX20180905_141950_V06,6,1.802,1.200,473,0,40.957,3,0,28.488
KMAX20180905-10,KMAX20180905_141950_V06,7,2.417,1.200,473,0,1.406,0,0,1.406
KMAX20180905-10,KMAX20180905_142653_V06,0,0.483,1.200,937,0,107522.053,44,0,107299.612
KMAX20180905-10,KMAX20180905_142653_V06,2,0.879,1.200,938,0,20541.557,42,0,20447.451
KMAX20180905-10,KMAX20180905_142653_V06,4,1.318,1.200,937,0,594.266,9,0,411.453
KMAX20180905-10,KMAX20180905_142653_V06,6,1.802,1.200,470,0,68.859,14,0,6.942
KMAX20180905-10,KMAX20180905_142653_V06,7,2.417,1.200,470,0,18.113,0,0,18.113
KMAX20180905-10,KMAX20180905_143357_V06,0,0.483,1.200,581,0,161144.693,33,0,157292.952
KMAX20180905-10,KMAX20180905_143357_V06,2,0.879,1.200,580,0,38690.727,32,0,31031.740
KMAX20180905-10,KMAX20180905_143357_V06,4,1.318,1.200,582,0,958.937,8,0,689.933
KMAX20180905-10,KMAX20180905_143357_V06,6,1.802,1.200,289,0,32.753,4,0,15.959
KMAX20180905-10,KMAX20180905_143357_V06,7,2.417,1.200,286,0,29.296,2,0,18.767
KMAX20180905-10,KMAX20180905_144100_V06,0,0.483,1.200,1924,0,234444.229,112,0,231622.165
KMAX20180905-10,KMAX20180905_144100_V06,2,0.879,1.200,1926,0,45484.423,140,0,44232.118
KMAX20180905-10,KMAX20180905_144100_V06,4,1.318,1.200,1922,0,4207.328,35,0,3480.243
KMAX20180905-10,KMAX20180905_144100_V06,6,1.802,1.200,962,0,51.155,0,0,51.155
KMAX20180905-10,KMAX20180905_144100_V06,7,2.417,1.200,965,0,19.411,0,0,19.411
KMAX20180905-10,KMAX20180905_144805_V06,0,0.483,1.200,4226,0,197756.298,285,0,193219.811
KMAX20180905-10,KMAX20180905_144805_V06,2,0.879,1.200,4227,0,47818.270,338,0,45906.302
KMAX20180905-10,KMAX20180905_144805_V06,4,1.318,1.200,4226,0,2218.455,63,0,1885.597
KMAX20180905-10,KMAX20180905_144805_V06,6,1.802,1.200,2115,0,175.500,9,0,100.805
KMAX20180905-10,KMAX20180905_144805_V06,7,2.417,1.200,2117,0,62.048,3,0,46.338
KMAX20180905-10,KMAX20180905_150213_V06,0,0.483,1.200,192,0,114917.359,7,0,112784.796
KMAX20180905-10,KMAX20180905_150213_V06,2,0.879,1.200,193,0,46229.444,12,0,44924.658
KMAX20180905-10,KMAX20180905_150213_V06,4,1.318,1.200,193,0,2813.990,4,0,2538.967
KMAX20180905-10,KMAX20180905_150213_V06,6,1.802,1.200,97,0,10.781,2,0,0.287
KMAX20180905-10,KMAX20180905_150213_V06,7,2.417,1.200,96,0,12.950,2,0,5.631
KMAX20180905-10,KMAX20180905_150917_V06,0,0.483,1.200,1181,2,175400.302,75,2,170652.769
KMAX20180905-10,KMAX20180905_150917_V06,2,0.879,1.200,1179,0,72434.754,75,0,60615.020
KMAX20180905-10,KMAX20180905_150917_V06,4,1.318,1.200,1180,0,2264.527,23,0,2192.086
KMAX20180905-10,KMAX20180905_150917_V06,6,1.802,1.200,592,0,14.345,0,0,14.345
KMAX20180905-10,KMAX20180905_150917_V06,7,2.417,1.200,594,0,15.411,2,0,1.785
KMAX20180905-2,KMAX20180905_124058_V06,0,0.483,1.200,167,0,177833.016,3,0,176728.476
KMAX20180905-2,KMAX20180905_124058_V06,2,0.879,1.200,166,0,37667.943,2,0,33117.946
KMAX20180905-2,KMAX20180905_124058_V06,4,1.318,1.200,167,0,3356.904,6,0,707.954
KMAX20180905-2,KMAX20180905_124058_V06,6,1.802,1.200,84,0,43.523,5,0,11.326
KMAX20180905-2,KMAX20180905_124058_V06,7,2.417,1.200,83,0,8.718,0,0,8.718
KMAX20180905-2,KMAX20180905_124802_V06,0,0.483,1.200,1037,0,181093.363,22,0,176479.634
KMAX20180905-2,KMAX20180905_124802_V06,2,0.879,1.200,1037,0,45121.964,20,0,41139.127
KMAX20180905-2,KMAX20180905_124802_V06,4,1.318,1.200,1040,0,1536.260,13,0,1471.122
KMAX20180905-2,KMAX20180905_124802_V06,6,1.802,1.200,516,0,38.011,4,0,17.747
KMAX20180905-2,KMAX20180905_124802_V06,7,2.417,1.200,517,0,10.236,0,0,10.236
KMAX20180905-2,KMAX20180905_130209_V06,0,0.483,1.200,1018,0,167129.697,37,0,150189.207
KMAX20180905-2,KMAX20180905_130209_V06,2,0.879,1.200,1019,0,58468.554,31,0,54130.342
KMAX20180905-2,KMAX20180905_130209_V06,4,1.318,1.200,1018,0,4108.368,9,0,4023.749
KMAX20180905-2,KMAX20180905_130209_V06,6,1.802,1.200,510,0,27.226,4,0,7.487
KMAX20180905-2,KMAX20180905_130209_V06,7,2.417,1.200,513,0,36.812,0,0,36.812
KMAX20180905-4,KMAX20180905_132320_V06,0,0.483,1.200,574,0,267136.559,13,0,232136.503
KMAX20180905-4,KMAX20180905_132320_V06,2,0.879,1.200,575,0,54509.994,18,0,51444.571
KMAX20180905-4,KMAX20180905_132320_V06,4,1.318,1.200,579,0,1931.689,7,0,1700.514
KMAX20180905-4,KMAX20180905_132320_V06,6,1.802,1.200,289,0,59.671,0,0,59.671
KMAX20180905-4,KMAX20180905_132320_V06,7,2.417,1.200,289,0,10.870,0,0,10.870
KMAX20180905-4,KMAX20180905_133024_V06,0,0.483,1.200,1936,0,136275.980,61,0,132452.225
KMAX20180905-4,KMAX20180905_133024_V06,2,0.879,1.200,1934,0,32656.232,34,0,26646.213
KMAX20180905-4,KMAX20180905_133024_V06,4,1.318,1.200,1931,0,4429.838,14,0,1876.523
KMAX20180905-4,KMAX20180905_133024_V06,6,1.802,1.200,966,0,69.368,8,0,22.418
KMAX20180905-4,KMAX20180905_133024_V06,7,2.417,1.200,968,0,40.211,4,0,15.788
KMAX20180905-4,KMAX20180905_133728_V06,0,0.483,1.200,581,0,128953.941,17,0,120087.871
KMAX20180905-4,KMAX20180905_133728_V06,2,0.879,1.200,581,0,19866.402,14,0,19265.876
KMAX20180905-4,KMAX20180905_133728_V06,4,1.318,1.200,584,0,1471.942,1,0,1394.778
KMAX20180905-4,KMAX20180905_133728_V06,6,1.802,1.200,290,0,28.233,3,0,18.417
KMAX20180905-4,KMAX20180905_133728_V06,7,2.417,1.200,292,0,0.880,0,0,0.880
KMAX20180905-4,KMAX20180905_134431_V06,0,0.483,1.200,1865,0,104574.629,119,0,104062.921
KMAX20180905-4,KMAX20180905_134431_V06,2,0.879,1.200,1864,0,37553.678,40,0,37051.044
KMAX20180905-4,KMAX20180905_134431_V06,4,1.318,1.200,1864,0,2097.289,18,0,1803.561
KMAX20180905-4,KMAX20180905_134431_V06,6,1.802,1.200,929,0,83.946,5,0,56.012
KMAX20180905-4,KMAX20180905_134431_V06,7,2.417,1.200,931,0,33.793,4,0,13.826
KMAX20180905-8,KMAX20180905_133728_V06,0,0.483,1.200,22614,0,154.187,4171,0,113.486
KMAX20180905-8,KMAX20180905_133728_V06,2,0.879,1.200,22618,0,136.679,4452,0,95.504
KMAX20180905-8,KMAX20180905_133728_V06,4,1.318,1.200,22620,0,110.967,4612,0,75.147
KMAX20180905-8,KMAX20180905_133728_V06,6,1.802,1.200,11319,0,44.643,2674,0,22.109
KMAX20180905-8,KMAX20180905_133728_V06,7,2.417,1.200,11324,0,41.856,2442,0,19.429
KMAX20180905-8,KMAX20180905_133728_V06,8,3.120,1.200,11328,0,25.198,2850,0,12.147
KMAX20180905-8,KMAX20180905_133728_V06,9,3.999,1.200,11341,0,25.525,2788,0,12.405
KMAX20180905-8,KMAX20180905_133728_V06,10,5.098,1.200,11369,0,18.309,2734,0,9.781
KMAX20180905-8,KMAX20180905_133728_V06,11,6.416,1.200,11401,0,11.351,2743,0,5.742
KMAX20180906-1,KMAX20180906_124617_V06,0,0.483,1.200,501,0,189742.493,9,0,175455.520
KMAX20180906-1,KMAX20180906_124617_V06,2,0.879,1.200,501,0,33796.566,6,0,33729.995
KMAX20180906-1,KMAX20180906_124617_V06,4,1.318,1.200,503,0,1541.866,7,0,1067.546
KMAX20180906-1,KMAX20180906_124617_V06,6,1.802,1.200,251,0,13.173,0,0,13.173
KMAX20180906-1,KMAX20180906_124617_V06,7,2.417,1.200,249,0,19.537,0,0,19.537
KMAX20180906-1,KMAX20180906_130024_V06,0,0.483,1.200,1418,0,116716.521,46,0,112000.760
KMAX20180906-1,KMAX20180906_130024_V06,2,0.879,1.200,1419,0,47178.030,29,0,46554.134
KMAX20180906-1,KMAX20180906_130024_V06,4,1.318,1.200,1418,0,2215.954,11,0,1950.403
KMAX20180906-1,KMAX20180906_130024_V06,6,1.802,1.200,709,0,45.387,7,0,6.255
KMAX20180906-1,KMAX20180906_130024_V06,7,2.417,1.200,712,0,22.660,3,0,6.204
KMAX20180906-1,KMAX20180906_130727_V06,0,0.483,1.200,153,0,132879.397,4,0,130297.115
KMAX20180906-1,KMAX20180906_130727_V06,2,0.879,1.200,154,0,37639.195,6,0,34517.072
KMAX20180906-1,KMAX20180906_130727_V06,4,1.318,1.200,154,0,981.821,1,0,809.071
KMAX20180906-1,KMAX20180906_130727_V06,6,1.802,1.200,77,0,0.227,0,0,0.227
KMAX20180906-1,KMAX20180906_130727_V06,7,2.417,1.200,77,0,0.227,0,0,0.227
KMAX20180906-1,KMAX20180906_131430_V06,0,0.483,1.200,1132,0,122689.322,21,0,122582.933
KMAX20180906-1,KMAX20180906_131430_V06,2,0.879,1.200,1130,0,34044.021,17,0,32454.239
KMAX20180906-1,KMAX20180906_131430_V06,4,1.318,1.200,1132,0,1260.204,6,0,1235.908
KMAX20180906-1,KMAX20180906_131430_V06,6,1.802,1.200,568,0,1.686,0,0,1.686
KMAX20180906-1,KMAX20180906_131430_V06,7,2.417,1.200,567,0,21.686,1,0,13.499
KMAX20180906-1,KMAX20180906_132133_V06,0,0.483,1.200,3132,0,85820.246,48,0,85201.158
KMAX20180906-1,KMAX20180906_132133_V06,2,0.879,1.200,3133,0,23005.675,55,0,21124.950
KMAX20180906-1,KMAX20180906_132133_V06,4,1.318,1.200,3137,0,2752.712,44,0,2582.510
KMAX20180906-1,KMAX20180906_132133_V06,6,1.802,1.200,1568,0,86.092,5,0,57.688
KMAX20180906-1,KMAX20180906_132133_V06,7,2.417,1.200,1570,0,45.235,2,0,31.471
KMAX20180906-1,KMAX20180906_132837_V06,0,0.483,1.200,740,0,156407.216,18,0,154980.346
KMAX20180906-1,KMAX20180906_132837_V06,2,0.879,1.200,742,0,49629.234,24,0,33307.180
KMAX20180906-1,KMAX20180906_132837_V06,4,1.318,1.200,744,0,1447.447,7,0,1277.589
KMAX20180906-1,KMAX20180906_132837_V06,6,1.802,1.200,371,0,10.107,1,0,6.848
KMAX20180906-1,KMAX20180906_132837_V06,7,2.417,1.200,372,0,1.098,0,0,1.098
KMAX20180906-1,KMAX20180906_133541_V06,0,0.483,1.200,2138,0,140539.608,41,0,136301.176
KMAX20180906-1,KMAX20180906_133541_V06,2,0.879,1.200,2141,0,32753.407,35,0,28513.411
KMAX20180906-1,KMAX20180906_133541_V06,4,1.318,1.200,2141,0,1996.306,32,0,1701.991
KMAX20180906-1,KMAX20180906_133541_V06,6,1.802,1.200,1069,0,49.502,5,0,24.947
KMAX20180906-1,KMAX20180906_133541_V06,7,2.417,1.200,1073,0,69.404,4,0,44.485
KMAX20180906-1,KMAX20180906_134244_V06,0,0.483,1.200,164,0,115650.349,5,0,111387.673
KMAX20180906-1,KMAX20180906_134244_V06,2,0.879,1.200,163,0,27457.754,1,0,27380.144
KMAX20180906-1,KMAX20180906_134244_V06,4,1.318,1.200,163,0,800.774,2,0,796.833
KMAX20180906-1,KMAX20180906_134244_V06,6,1.802,1.200,82,0,0.242,0,0,0.242
KMAX20180906-1,KMAX20180906_134244_V06,7,2.417,1.200,82,0,0.242,0,0,0.242
KMAX20180906-1,KMAX20180906_134948_V06,0,0.483,1.200,1225,0,96938.732,24,0,95720.366
KMAX20180906-1,KMAX20180906_134948_V06,2,0.879,1.200,1226,0,34692.424,14,0,33585.170
KMAX20180906-1,KMAX20180906_134948_V06,4,1.318,1.200,1223,0,2627.505,12,0,1795.319
KMAX20180906-1,KMAX20180906_134948_V06,6,1.802,1.200,616,0,40.610,0,0,40.610
KMAX20180906-1,KMAX20180906_134948_V06,7,2.417,1.200,617,0,34.936,1,0,29.772
KMAX20180906-1,KMAX20180906_140357_V06,0,0.483,1.200,160,0,73825.651,5,0,72327.363
KMAX20180906-1,KMAX20180906_140357_V06,2,0.879,1.200,161,0,16773.722,5,0,16742.615
KMAX20180906-1,KMAX20180906_140357_V06,4,1.318,1.200,162,0,987.555,2,0,528.869
KMAX20180906-1,KMAX20180906_140357_V06,6,1.802,1.200,82,0,0.245,0,0,0.245
KMAX20180906-1,KMAX20180906_140357_V06,7,2.417,1.200,82,0,0.246,0,0,0.246
KMAX20180906-1,KMAX20180906_141100_V06,0,0.483,1.200,1232,0,68832.604,51,0,68683.997
KMAX20180906-1,KMAX20180906_141100_V06,2,0.879,1.200,1230,0,24000.210,19,0,23887.102
KMAX20180906-1,KMAX20180906_141100_V06,4,1.318,1.200,1233,0,2203.960,10,0,1889.554
KMAX20180906-1,KMAX20180906_141100_V06,6,1.802,1.200,614,0,64.479,5,0,34.242
KMAX20180906-1,KMAX20180906_141100_V06,7,2.417,1.200,619,0,69.700,7,0,15.929
KMAX20180906-1,KMAX20180906_141804_V06,0,0.483,1.200,541,0,110884.461,16,0,110368.656
KMAX20180906-1,KMAX20180906_141804_V06,2,0.879,1.200,540,0,35265.194,6,0,31359.138
KMAX20180906-1,KMAX20180906_141804_V06,4,1.318,1.200,542,0,690.297,5,0,660.085
KMAX20180906-1,KMAX20180906_141804_V06,6,1.802,1.200,271,0,44.991,4,0,16.768
KMAX20180906-1,KMAX20180906_141804_V06,7,2.417,1.200,270,0,12.722,0,0,12.722
KMAX20180906-1,KMAX20180906_142508_V06,0,0.483,1.200,1709,0,129567.348,66,0,127063.549
KMAX20180906-1,KMAX20180906_142508_V06,2,0.879,1.200,1708,0,35643.364,30,0,35284.006
KMAX20180906-1,KMAX20180906_142508_V06,4,1.318,1.200,1707,0,2115.419,23,0,1823.078
KMAX20180906-1,KMAX20180906_142508_V06,6,1.802,1.200,857,0,80.667,8,0,34.588
KMAX20180906-1,KMAX20180906_142508_V06,7,2.417,1.200,857,0,21.142,2,0,9.515
KMAX20180906-1,KMAX20180906_143211_V06,0,0.483,1.200,3697,0,109566.032,146,0,108891.730
KMAX20180906-1,KMAX20180906_143211_V06,2,0.879,1.200,3699,0,20413.686,41,0,20229.596
KMAX20180906-1,KMAX20180906_143211_V06,4,1.318,1.200,3699,0,5031.930,46,0,1811.522
KMAX20180906-1,KMAX20180906_143211_V06,6,1.802,1.200,1849,0,62.291,6,0,31.378
KMAX20180906-1,KMAX20180906_143211_V06,7,2.417,1.200,1851,0,77.730,7,0,38.394
KMAX20180906-1,KMAX20180906_143914_V06,0,0.483,1.200,330,0,114018.953,9,0,109182.515
KMAX20180906-1,KMAX20180906_143914_V06,2,0.879,1.200,331,0,23071.140,8,0,21920.108
KMAX20180906-1,KMAX20180906_143914_V06,4,1.318,1.200,332,0,261.512,2,0,196.797
KMAX20180906-1,KMAX20180906_143914_V06,6,1.802,1.200,163,0,8.224,2,0,0.485
KMAX20180906-1,KMAX20180906_143914_V06,7,2.417,1.200,164,0,8.718,0,0,8.718
KMAX20180906-1,KMAX20180906_144617_V06,0,0.483,1.200,1590,0,133795.197,69,0,132488.231
KMAX20180906-1,KMAX20180906_144617_V06,2,0.879,1.200,1587,0,33323.759,29,0,32541.043
KMAX20180906-1,KMAX20180906_144617_V06,4,1.318,1.200,1584,0,1162.400,18,0,1039.275
KMAX20180906-1,KMAX20180906_144617_V06,6,1.802,1.200,791,0,124.566,7,0,61.247
KMAX20180906-1,KMAX20180906_144617_V06,7,2.417,1.200,791,0,26.644,2,0,17.811
KMAX20180906-1,KMAX20180906_150025_V06,0,0.483,1.200,539,0,67540.054,9,0,65691.250
KMAX20180906-1,KMAX20180906_150025_V06,2,0.879,1.200,539,0,18336.913,13,0,18278.461
KMAX20180906-1,KMAX20180906_150025_V06,4,1.318,1.200,540,0,2278.817,9,0,2042.213
KMAX20180906-1,KMAX20180906_150025_V06,6,1.802,1.200,267,0,24.538,3,0,9.142
KMAX20180906-1,KMAX20180906_150025_V06,7,2.417,1.200,270,0,0.820,0,0,0.820
KMAX20180907-6,KMAX20180907_131846_V06,0,0.483,1.200,134,0,182744.870,4,0,132253.753
KMAX20180907-6,KMAX20180907_131846_V06,2,0.879,1.200,135,0,61189.297,6,0,54371.343
KMAX20180907-6,KMAX20180907_131846_V06,4,1.318,1.200,135,0,4323.559,9,0,3588.469
KMAX20180907-6,KMAX20180907_131846_V06,6,1.802,1.200,68,0,15.500,3,0,0.195
KMAX20180907-6,KMAX20180907_131846_V06,7,2.417,1.200,66,0,7.923,2,0,0.192
KMAX20180907-6,KMAX20180907_132550_V06,0,0.483,1.200,1048,0,125420.087,19,0,108514.141
KMAX20180907-6,KMAX20180907_132550_V06,2,0.879,1.200,1049,0,61050.510,31,0,46493.451
KMAX20180907-6,KMAX20180907_132550_V06,4,1.318,1.200,1050,0,656.823,15,0,585.761
KMAX20180907-6,KMAX20180907_132550_V06,6,1.802,1.200,525,0,19.810,0,0,19.810
KMAX20180907-6,KMAX20180907_132550_V06,7,2.417,1.200,524,0,9.308,0,0,9.308
KMAX20180907-6,KMAX20180907_133253_V06,0,0.483,1.200,2953,0,174878.614,75,0,170880.730
KMAX20180907-6,KMAX20180907_133253_V06,2,0.879,1.200,2955,0,57528.251,57,0,55969.344
KMAX20180907-6,KMAX20180907_133253_V06,4,1.318,1.200,2957,0,3840.365,51,0,3344.852
KMAX20180907-6,KMAX20180907_133253_V06,6,1.802,1.200,1481,0,119.046,13,0,44.792
KMAX20180907-6,KMAX20180907_133253_V06,7,2.417,1.200,1478,0,43.716,1,0,40.847
KMAX20180907-6,KMAX20180907_133956_V06,0,0.483,1.200,5845,0,121242.623,128,0,118437.548
KMAX20180907-6,KMAX20180907_133956_V06,2,0.879,1.200,5846,0,50590.728,111,0,48324.686
KMAX20180907-6,KMAX20180907_133956_V06,4,1.318,1.200,5851,0,4971.467,77,0,2917.386
KMAX20180907-6,KMAX20180907_133956_V06,6,1.802,1.200,2925,0,136.106,13,0,84.451
KMAX20180907-6,KMAX20180907_133956_V06,7,2.417,1.200,2929,0,116.379,20,0,49.410
KMAX20180907-6,KMAX20180907_134653_V06,0,0.483,1.200,9687,0,193481.404,300,0,182248.668
KMAX20180907-6,KMAX20180907_134653_V06,2,0.879,1.200,9688,0,57358.492,217,0,54882.880
KMAX20180907-6,KMAX20180907_134653_V06,4,1.318,1.200,9687,0,4335.279,198,0,3422.433
KMAX20180907-6,KMAX20180907_134653_V06,6,1.802,1.200,4845,0,330.843,23,0,220.383
KMAX20180907-6,KMAX20180907_134653_V06,7,2.417,1.200,4848,0,159.216,20,0,93.092
KMAX20180907-6,KMAX20180907_140059_V06,0,0.483,1.200,13021,0,191988.337,763,0,189165.646
KMAX20180907-6,KMAX20180907_140059_V06,2,0.879,1.200,13026,0,88677.021,535,0,86914.356
KMAX20180907-6,KMAX20180907_140059_V06,4,1.318,1.200,13029,0,3428.834,265,0,2952.244
KMAX20180907-6,KMAX20180907_140059_V06,6,1.802,1.200,6523,0,310.579,65,0,213.135
KMAX20180907-6,KMAX20180907_140059_V06,7,2.417,1.200,6525,0,266.527,79,0,158.830
KMAX20180907-6,KMAX20180907_140059_V06,8,3.120,1.200,6528,0,382.044,79,0,243.474
KMAX20180907-6,KMAX20180907_140059_V06,9,3.999,1.200,6539,0,647.442,164,0,383.962
KMAX20180907-6,KMAX20180907_140802_V06,0,0.483,1.200,17689,0,98523.335,1184,0,94904.811
KMAX20180907-6,KMAX20180907_140802_V06,2,0.879,1.200,17690,0,12247.730,927,0,11225.753
KMAX20180907-6,KMAX20180907_140802_V06,4,1.318,1.200,17699,0,3168.177,351,0,2593.938
KMAX20180907-6,KMAX20180907_140802_V06,6,1.802,1.200,8852,0,246.636,84,0,135.550
KMAX20180907-6,KMAX20180907_140802_V06,7,2.417,1.200,8856,0,205.314,102,0,105.262
KMAX20180907-6,KMAX20180907_140802_V06,8,3.120,1.200,8869,0,357.493,124,0,200.980
KMAX20180907-6,KMAX20180907_140802_V06,9,3.999,1.200,8880,0,897.402,215,0,499.616
KMAX20180907-6,KMAX20180907_141505_V06,0,0.483,1.200,10822,0,45075.143,796,0,43333.412
KMAX20180907-6,KMAX20180907_141505_V06,2,0.879,1.200,10823,0,7562.910,600,0,6618.333
KMAX20180907-6,KMAX20180907_141505_V06,4,1.318,1.200,10825,0,2278.821,205,0,1847.250
KMAX20180907-6,KMAX20180907_141505_V06,6,1.802,1.200,5411,0,166.130,46,0,85.258
KMAX20180907-6,KMAX20180907_141505_V06,7,2.417,1.200,5416,0,186.613,51,0,77.603
KMAX20180907-6,KMAX20180907_141505_V06,8,3.120,1.200,5425,0,288.674,62,0,186.335
KMAX20180907-6,KMAX20180907_141505_V06,9,3.999,1.200,5432,0,544.844,120,0,309.215
KMAX20180907-13,KMAX20180907_144319_V06,0,0.483,1.200,130,0,155961.771,10,0,152990.185
KMAX20180907-13,KMAX20180907_144319_V06,2,0.879,1.200,131,0,45707.685,4,0,43092.387
KMAX20180907-13,KMAX20180907_144319_V06,4,1.318,1.200,131,0,1218.412,0,0,1218.412
KMAX20180907-13,KMAX20180907_144319_V06,6,1.802,1.200,65,0,22.659,2,0,15.214
KMAX20180907-13,KMAX20180907_144319_V06,7,2.417,1.200,64,0,9.495,1,0,6.398
KMAX20180907-13,KMAX20180907_145022_V06,0,0.483,1.200,1058,0,81838.150,48,0,81227.064
KMAX20180907-13,KMAX20180907_145022_V06,2,0.879,1.200,1058,0,21950.385,19,0,21861.782
KMAX20180907-13,KMAX20180907_145022_V06,4,1.318,1.200,1059,0,1418.528,8,0,1279.971
KMAX20180907-13,KMAX20180907_145022_V06,6,1.802,1.200,527,0,82.644,8,0,45.248
KMAX20180907-13,KMAX20180907_145022_V06,7,2.417,1.200,532,0,1.583,0,0,1.583
KMAX20180907-13,KMAX20180907_150429_V06,0,0.483,1.200,13531,0,191454.789,1170,0,173200.314
KMAX20180907-13,KMAX20180907_150429_V06,2,0.879,1.200,13536,0,65344.320,554,0,60057.081
KMAX20180907-13,KMAX20180907_150429_V06,4,1.318,1.200,13541,0,5914.589,263,0,5252.004
KMAX20180907-13,KMAX20180907_150429_V06,6,1.802,1.200,6774,0,279.184,64,0,119.135
KMAX20180907-13,KMAX20180907_150429_V06,7,2.417,1.200,6780,0,293.654,63,0,169.507
KMAX20180907-13,KMAX20180907_150429_V06,8,3.120,1.200,6786,0,403.146,77,0,236.143
KMAX20180907-2,KMAX20180907_124329_V06,0,0.483,1.200,263,0,144113.312,2,0,143796.400
KMAX20180907-2,KMAX20180907_124329_V06,2,0.879,1.200,262,0,27274.776,17,0,23486.682
KMAX20180907-2,KMAX20180907_124329_V06,4,1.318,1.200,261,0,2047.605,5,0,1309.832
KMAX20180907-2,KMAX20180907_124329_V06,6,1.802,1.200,131,0,4.278,0,0,4.278
KMAX20180907-2,KMAX20180907_124329_V06,7,2.417,1.200,130,0,0.393,0,0,0.393
KMAX20180907-2,KMAX20180907_125033_V06,0,0.483,1.200,1396,0,173337.446,29,0,150697.368
KMAX20180907-2,KMAX20180907_125033_V06,2,0.879,1.200,1394,0,17727.263,38,0,16520.699
KMAX20180907-2,KMAX20180907_125033_V06,4,1.318,1.200,1396,0,1704.426,16,0,1406.870
KMAX20180907-2,KMAX20180907_125033_V06,6,1.802,1.200,701,0,23.669,3,0,11.824
KMAX20180907-2,KMAX20180907_125033_V06,7,2.417,1.200,700,0,33.478,2,0,22.195
KMAX20180907-7,KMAX20180907_133956_V06,0,0.483,1.200,529,0,115353.700,9,0,113215.572
KMAX20180907-7,KMAX20180907_133956_V06,2,0.879,1.200,530,0,48511.174,19,0,46677.773
KMAX20180907-7,KMAX20180907_133956_V06,4,1.318,1.200,530,0,2844.262,12,0,1251.854
KMAX20180907-7,KMAX20180907_133956_V06,6,1.802,1.200,266,0,27.456,2,0,13.231
KMAX20180907-7,KMAX20180907_133956_V06,7,2.417,1.200,266,0,22.406,3,0,13.642
KMAX20180907-7,KMAX20180907_134653_V06,0,0.483,1.200,1793,0,185474.550,52,0,175369.113
KMAX20180907-7,KMAX20180907_134653_V06,2,0.879,1.200,1789,0,53498.757,35,0,51981.496
KMAX20180907-7,KMAX20180907_134653_V06,4,1.318,1.200,1792,0,1354.463,20,0,1145.702
KMAX20180907-7,KMAX20180907_134653_V06,6,1.802,1.200,895,0,119.615,7,0,75.108
KMAX20180907-7,KMAX20180907_134653_V06,7,2.417,1.200,895,0,22.788,1,0,18.210
KMAX20180907-7,KMAX20180907_140059_V06,0,0.483,1.200,554,0,130707.068,13,0,130165.660
KMAX20180907-7,KMAX20180907_140059_V06,2,0.879,1.200,556,0,80272.948,18,0,79280.500
KMAX20180907-7,KMAX20180907_140059_V06,4,1.318,1.200,555,0,1609.909,7,0,1435.920
KMAX20180907-7,KMAX20180907_140059_V06,6,1.802,1.200,276,0,12.442,0,0,12.442
KMAX20180907-7,KMAX20180907_140059_V06,7,2.417,1.200,280,0,24.275,2,0,13.389
KMAX20180907-11,KMAX20180907_142208_V06,0,0.483,1.200,417,0,246535.557,27,0,223729.101
KMAX20180907-11,KMAX20180907_142208_V06,2,0.879,1.200,416,0,75890.350,16,0,74532.120
KMAX20180907-11,KMAX20180907_142208_V06,4,1.318,1.200,417,0,978.806,8,0,722.554
KMAX20180907-11,KMAX20180907_142208_V06,6,1.802,1.200,210,0,0.637,0,0,0.637
KMAX20180907-11,KMAX20180907_142208_V06,7,2.417,1.200,208,0,13.046,0,0,13.046
KMAX20180907-14,KMAX20180907_144319_V06,0,0.483,1.200,5149,0,131538.447,569,0,126841.105
KMAX20180907-14,KMAX20180907_144319_V06,2,0.879,1.200,5149,0,17023.259,318,0,16542.691
KMAX20180907-14,KMAX20180907_144319_V06,4,1.318,1.200,5155,0,1329.904,97,0,1155.811
KMAX20180907-14,KMAX20180907_144319_V06,6,1.802,1.200,2578,0,140.604,29,0,87.882
KMAX20180907-14,KMAX20180907_144319_V06,7,2.417,1.200,2582,0,161.542,32,0,90.277
KMAX20180907-14,KMAX20180907_144319_V06,8,3.120,1.200,2581,0,186.988,40,0,120.038
KMAX20180908-1,KMAX20180908_124721_V06,0,0.483,1.200,680,0,97539.947,12,0,97496.340
KMAX20180908-1,KMAX20180908_124721_V06,2,0.879,1.200,679,0,46898.659,17,0,46839.997
KMAX20180908-1,KMAX20180908_124721_V06,4,1.318,1.200,679,0,1248.474,10,0,1154.462
KMAX20180908-1,KMAX20180908_124721_V06,6,1.802,1.200,339,0,22.968,3,0,7.404
KMAX20180908-1,KMAX20180908_124721_V06,7,2.417,1.200,340,0,27.811,6,0,5.002
KMAX20180908-1,KMAX20180908_130131_V06,0,0.483,1.200,1575,0,100241.345,50,0,99756.711
KMAX20180908-1,KMAX20180908_130131_V06,2,0.879,1.200,1576,0,26948.237,44,0,26703.993
KMAX20180908-1,KMAX20180908_130131_V06,4,1.318,1.200,1576,0,2573.039,19,0,2437.953
KMAX20180908-1,KMAX20180908_130131_V06,6,1.802,1.200,791,0,146.106,8,0,91.610
KMAX20180908-1,KMAX20180908_130131_V06,7,2.417,1.200,790,0,34.035,3,0,23.458
KMAX20180908-1,KMAX20180908_130836_V06,0,0.483,1.200,236,0,131948.856,2,0,131844.121
KMAX20180908-1,KMAX20180908_130836_V06,2,0.879,1.200,237,0,24824.064,0,0,24824.064
KMAX20180908-1,KMAX20180908_130836_V06,4,1.318,1.200,237,0,365.265,8,0,346.820
KMAX20180908-1,KMAX20180908_130836_V06,6,1.802,1.200,118,0,0.353,0,0,0.353
KMAX20180908-1,KMAX20180908_130836_V06,7,2.417,1.200,119,0,7.707,0,0,7.707
KMAX20180908-1,KMAX20180908_131541_V06,0,0.483,1.200,1354,0,103008.278,52,0,102591.687
KMAX20180908-1,KMAX20180908_131541_V06,2,0.879,1.200,1354,0,15134.057,40,0,14966.103
KMAX20180908-1,KMAX20180908_131541_V06,4,1.318,1.200,1359,0,1564.685,29,0,1446.315
KMAX20180908-1,KMAX20180908_131541_V06,6,1.802,1.200,681,0,45.608,9,0,10.308
KMAX20180908-1,KMAX20180908_131541_V06,7,2.417,1.200,679,0,25.188,0,0,25.188
KMAX20180908-1,KMAX20180908_132246_V06,0,0.483,1.200,354,0,106867.689,6,0,106796.974
KMAX20180908-1,KMAX20180908_132246_V06,2,0.879,1.200,355,0,29957.410,8,0,29916.875
KMAX20180908-1,KMAX20180908_132246_V06,4,1.318,1.200,356,0,1742.159,12,0,1691.617
KMAX20180908-1,KMAX20180908_132246_V06,6,1.802,1.200,175,0,13.848,2,0,0.523
KMAX20180908-1,KMAX20180908_132246_V06,7,2.417,1.200,175,0,8.237,0,0,8.237
KMAX20180908-1,KMAX20180908_132952_V06,0,0.483,1.200,1400,0,130126.202,27,0,129791.079
KMAX20180908-1,KMAX20180908_132952_V06,2,0.879,1.200,1401,0,33613.620,53,0,33379.701
KMAX20180908-1,KMAX20180908_132952_V06,4,1.318,1.200,1399,0,1364.435,20,0,1297.875
KMAX20180908-1,KMAX20180908_132952_V06,6,1.802,1.200,698,0,16.192,3,0,4.628
KMAX20180908-1,KMAX20180908_132952_V06,7,2.417,1.200,703,0,74.731,5,0,55.106
KMAX20180908-8,KMAX20180908_133655_V06,0,0.483,1.200,3459,0,29385.510,231,0,27059.689
KMAX20180908-8,KMAX20180908_133655_V06,2,0.879,1.200,3459,0,2360.443,222,0,2154.698
KMAX20180908-8,KMAX20180908_133655_V06,4,1.318,1.200,3462,0,409.266,77,0,308.492
KMAX20180908-8,KMAX20180908_133655_V06,6,1.802,1.200,1729,0,23.082,10,0,13.155
KMAX20180908-8,KMAX20180908_133655_V06,7,2.417,1.200,1730,0,13.325,2,0,11.886
KMAX20180908-8,KMAX20180908_133655_V06,8,3.120,1.200,1733,0,35.156,12,0,15.449
KMAX20180908-8,KMAX20180908_133655_V06,9,3.999,1.200,1734,0,22.891,6,0,14.027
KMAX20180908-8,KMAX20180908_134401_V06,0,0.483,1.200,9238,0,175678.915,483,0,171366.934
KMAX20180908-8,KMAX20180908_134401_V06,2,0.879,1.200,9241,0,17472.916,619,0,16616.211
KMAX20180908-8,KMAX20180908_134401_V06,4,1.318,1.200,9246,0,1493.197,247,0,1098.001
KMAX20180908-8,KMAX20180908_134401_V06,6,1.802,1.200,4628,0,154.782,30,0,97.822
KMAX20180908-8,KMAX20180908_134401_V06,7,2.417,1.200,4626,0,121.689,27,0,73.731
KMAX20180908-8,KMAX20180908_134401_V06,8,3.120,1.200,4631,0,116.756,45,0,59.572
KMAX20180908-8,KMAX20180908_134401_V06,9,3.999,1.200,4632,0,134.802,33,0,79.506
KMAX20180908-8,KMAX20180908_135105_V06,0,0.483,1.200,17978,0,450333.376,1248,0,421112.909
KMAX20180908-8,KMAX20180908_135105_V06,2,0.879,1.200,17975,0,44876.925,1151,0,42804.958
KMAX20180908-8,KMAX20180908_135105_V06,4,1.318,1.200,17981,0,6810.836,919,0,5625.967
KMAX20180908-8,KMAX20180908_135105_V06,6,1.802,1.200,8993,0,275.359,101,0,133.134
KMAX20180908-8,KMAX20180908_135105_V06,7,2.417,1.200,9004,0,271.757,66,0,168.207
KMAX20180908-8,KMAX20180908_135105_V06,8,3.120,1.200,9007,0,310.265,87,0,191.823
KMAX20180908-8,KMAX20180908_135105_V06,9,3.999,1.200,9016,0,335.908,112,0,192.900
KMAX20180908-8,KMAX20180908_140516_V06,0,0.483,1.200,20332,0,542013.643,1972,0,487645.247
KMAX20180908-8,KMAX20180908_140516_V06,2,0.879,1.200,20339,0,128566.332,2561,0,123351.327
KMAX20180908-8,KMAX20180908_140516_V06,4,1.318,1.200,20345,0,14984.739,1767,0,14054.119
KMAX20180908-8,KMAX20180908_140516_V06,6,1.802,1.200,10178,0,342.417,220,0,105.368
KMAX20180908-8,KMAX20180908_140516_V06,7,2.417,1.200,10180,0,249.098,161,0,182.655
KMAX20180908-8,KMAX20180908_140516_V06,8,3.120,1.200,10183,0,197.081,125,0,114.039
KMAX20180908-8,KMAX20180908_140516_V06,9,3.999,1.200,10197,0,186.054,105,0,129.562
KMAX20180908-8,KMAX20180908_140516_V06,10,5.098,1.200,10218,0,275.109,113,0,193.816
KMAX20180908-10,KMAX20180908_143333_V06,0,0.483,1.200,589,1,186335.482,22,1,186246.743
KMAX20180908-10,KMAX20180908_143333_V06,2,0.879,1.200,590,0,39818.480,5,0,39803.643
KMAX20180908-10,KMAX20180908_143333_V06,4,1.318,1.200,591,0,4287.743,7,0,4133.798
KMAX20180908-10,KMAX20180908_143333_V06,6,1.802,1.200,294,0,8.641,1,0,5.440
KMAX20180908-10,KMAX20180908_143333_V06,7,2.417,1.200,294,0,36.167,4,0,13.366
KMAX20180908-10,KMAX20180908_144037_V06,0,0.483,1.200,1807,0,177437.101,121,0,176748.581
KMAX20180908-10,KMAX20180908_144037_V06,2,0.879,1.200,1807,0,35823.537,193,0,35362.242
KMAX20180908-10,KMAX20180908_144037_V06,4,1.318,1.200,1808,0,2384.860,12,0,2278.406
KMAX20180908-10,KMAX20180908_144037_V06,6,1.802,1.200,902,0,43.915,3,0,27.071
KMAX20180908-10,KMAX20180908_144037_V06,7,2.417,1.200,904,0,88.151,12,0,34.326
KMAX20180908-9,KMAX20180908_141221_V06,0,0.483,1.200,590,0,191201.320,24,0,191088.498
KMAX20180908-9,KMAX20180908_141221_V06,2,0.879,1.200,591,0,27306.815,15,0,27240.954
KMAX20180908-9,KMAX20180908_141221_V06,4,1.318,1.200,591,0,1438.477,3,0,1424.728
KMAX20180908-9,KMAX20180908_141221_V06,6,1.802,1.200,293,0,10.078,2,0,0.891
KMAX20180908-9,KMAX20180908_141221_V06,7,2.417,1.200,292,0,11.044,0,0,11.044
KMAX20180909-5,KMAX20180909_131704_V06,0,0.483,1.200,147,0,59377.960,0,0,59377.960
KMAX20180909-5,KMAX20180909_131704_V06,2,0.879,1.200,147,0,18788.604,0,0,18788.604
KMAX20180909-5,KMAX20180909_131704_V06,4,1.318,1.200,145,0,1159.375,0,0,1159.375
KMAX20180909-5,KMAX20180909_131704_V06,6,1.802,1.200,73,0,12.104,0,0,12.104
KMAX20180909-5,KMAX20180909_131704_V06,7,2.417,1.200,73,0,0.215,0,0,0.215
KMAX20180909-5,KMAX20180909_132408_V06,0,0.483,1.200,1005,0,97991.215,14,0,97916.588
KMAX20180909-5,KMAX20180909_132408_V06,2,0.879,1.200,1008,0,21603.157,15,0,21149.024
KMAX20180909-5,KMAX20180909_132408_V06,4,1.318,1.200,1007,0,1507.558,13,0,1459.344
KMAX20180909-5,KMAX20180909_132408_V06,6,1.802,1.200,500,0,40.519,5,0,14.020
KMAX20180909-5,KMAX20180909_132408_V06,7,2.417,1.200,503,0,24.246,1,0,20.369
KMAX20180909-5,KMAX20180909_133113_V06,0,0.483,1.200,1361,0,68189.025,28,0,68044.085
KMAX20180909-5,KMAX20180909_133113_V06,2,0.879,1.200,1363,0,20710.423,24,0,19891.368
KMAX20180909-5,KMAX20180909_133113_V06,4,1.318,1.200,1362,0,1126.404,18,0,1035.861
KMAX20180909-5,KMAX20180909_133113_V06,6,1.802,1.200,682,0,36.063,4,0,18.060
KMAX20180909-5,KMAX20180909_133113_V06,7,2.417,1.200,682,0,52.669,4,0,26.527
KMAX20180909-5,KMAX20180909_133816_V06,0,0.483,1.200,2025,0,145490.882,51,0,145275.303
KMAX20180909-5,KMAX20180909_133816_V06,2,0.879,1.200,2025,0,20212.608,34,0,19956.690
KMAX20180909-5,KMAX20180909_133816_V06,4,1.318,1.200,2026,0,647.995,26,0,573.127
KMAX20180909-5,KMAX20180909_133816_V06,6,1.802,1.200,1011,0,59.764,6,0,33.925
KMAX20180909-5,KMAX20180909_133816_V06,7,2.417,1.200,1008,0,50.788,6,0,10.689
KMAX20180909-5,KMAX20180909_134521_V06,0,0.483,1.200,154,0,98497.022,0,0,98497.022
KMAX20180909-5,KMAX20180909_134521_V06,2,0.879,1.200,154,0,30480.397,1,0,30473.248
KMAX20180909-5,KMAX20180909_134521_V06,4,1.318,1.200,154,0,362.469,0,0,362.469
KMAX20180909-5,KMAX20180909_134521_V06,6,1.802,1.200,77,0,11.876,3,0,0.219
KMAX20180909-5,KMAX20180909_134521_V06,7,2.417,1.200,79,0,0.234,0,0,0.234
KMAX20180909-5,KMAX20180909_135227_V06,0,0.483,1.200,1160,0,80893.574,27,0,80650.546
KMAX20180909-5,KMAX20180909_135227_V06,2,0.879,1.200,1162,0,22409.622,21,0,22328.511
KMAX20180909-5,KMAX20180909_135227_V06,4,1.318,1.200,1161,0,1827.061,14,0,1676.871
KMAX20180909-5,KMAX20180909_135227_V06,6,1.802,1.200,581,0,33.358,7,0,8.954
KMAX20180909-5,KMAX20180909_135227_V06,7,2.417,1.200,580,0,29.821,5,0,8.347
KMAX20180909-5,KMAX20180909_140636_V06,0,0.483,1.200,232,0,138659.384,1,0,138648.421
KMAX20180909-5,KMAX20180909_140636_V06,2,0.879,1.200,232,0,20510.634,5,0,20494.239
KMAX20180909-5,KMAX20180909_140636_V06,4,1.318,1.200,233,0,920.799,1,0,917.171
KMAX20180909-5,KMAX20180909_140636_V06,6,1.802,1.200,115,0,0.348,0,0,0.348
KMAX20180909-5,KMAX20180909_140636_V06,7,2.417,1.200,118,0,17.994,2,0,8.253
KMAX20180909-5,KMAX20180909_141342_V06,0,0.483,1.200,1249,0,109645.238,52,0,109351.676
KMAX20180909-5,KMAX20180909_141342_V06,2,0.879,1.200,1247,0,24163.277,33,0,24040.340
KMAX20180909-5,KMAX20180909_141342_V06,4,1.318,1.200,1255,0,1450.347,23,0,969.998
KMAX20180909-5,KMAX20180909_141342_V06,6,1.802,1.200,624,0,110.457,4,0,34.738
KMAX20180909-5,KMAX20180909_141342_V06,7,2.417,1.200,625,0,21.302,0,0,21.302
KMAX20180909-5,KMAX20180909_142040_V06,0,0.483,1.200,3177,0,200747.115,281,0,198720.294
KMAX20180909-5,KMAX20180909_142040_V06,2,0.879,1.200,3181,0,31439.490,259,0,30042.077
KMAX20180909-5,KMAX20180909_142040_V06,4,1.318,1.200,3180,0,2282.245,68,0,2039.786
KMAX20180909-5,KMAX20180909_142040_V06,6,1.802,1.200,1585,0,96.018,11,0,35.400
KMAX20180909-5,KMAX20180909_142040_V06,7,2.417,1.200,1587,0,36.737,3,0,20.771
KMAX20180909-5,KMAX20180909_142744_V06,0,0.483,1.200,546,2,227977.052,16,2,227773.233
KMAX20180909-5,KMAX20180909_142744_V06,2,0.879,1.200,547,0,27473.203,12,0,27443.021
KMAX20180909-5,KMAX20180909_142744_V06,4,1.318,1.200,546,0,824.354,3,0,820.221
KMAX20180909-5,KMAX20180909_142744_V06,6,1.802,1.200,273,0,15.277,1,0,11.223
KMAX20180909-5,KMAX20180909_142744_V06,7,2.417,1.200,276,0,10.129,2,0,0.830
KMAX20180909-5,KMAX20180909_143449_V06,0,0.483,1.200,1802,0,164319.514,130,0,156767.837
KMAX20180909-5,KMAX20180909_143449_V06,2,0.879,1.200,1805,0,44325.705,127,0,43976.177
KMAX20180909-5,KMAX20180909_143449_V06,4,1.318,1.200,1807,0,3169.208,35,0,2882.617
KMAX20180909-5,KMAX20180909_143449_V06,6,1.802,1.200,903,0,26.164,2,0,14.463
KMAX20180909-5,KMAX20180909_143449_V06,7,2.417,1.200,904,0,50.185,6,0,25.849
KMAX20180909-5,KMAX20180909_144154_V06,0,0.483,1.200,333,0,137352.429,7,0,137321.003
KMAX20180909-5,KMAX20180909_144154_V06,2,0.879,1.200,331,0,30149.000,5,0,30137.118
KMAX20180909-5,KMAX20180909_144154_V06,4,1.318,1.200,329,0,502.891,3,0,495.379
KMAX20180909-5,KMAX20180909_144154_V06,6,1.802,1.200,164,0,0.497,0,0,0.497
KMAX20180909-5,KMAX20180909_144154_V06,7,2.417,1.200,164,0,29.395,6,0,9.004
KMAX20180909-5,KMAX20180909_144859_V06,0,0.483,1.200,1397,0,117160.006,72,0,116585.510
KMAX20180909-5,KMAX20180909_144859_V06,2,0.879,1.200,1397,0,38918.035,101,0,38639.911
KMAX20180909-5,KMAX20180909_144859_V06,4,1.318,1.200,1398,0,969.661,26,0,835.634
KMAX20180909-5,KMAX20180909_144859_V06,6,1.802,1.200,701,0,77.463,1,0,71.669
KMAX20180909-5,KMAX20180909_144859_V06,7,2.417,1.200,702,0,41.422,5,0,7.642
KMAX20180909-2,KMAX20180909_124848_V06,0,0.483,1.200,275,0,92011.827,5,0,91994.666
KMAX20180909-2,KMAX20180909_124848_V06,2,0.879,1.200,275,0,20184.975,2,0,20170.636
KMAX20180909-2,KMAX20180909_124848_V06,4,1.318,1.200,274,0,273.008,2,0,247.471
KMAX20180909-2,KMAX20180909_124848_V06,6,1.802,1.200,138,0,17.328,3,0,2.937
KMAX20180909-2,KMAX20180909_124848_V06,7,2.417,1.200,138,0,0.407,0,0,0.407
KMAX20180909-2,KMAX20180909_130256_V06,0,0.483,1.200,1448,0,89576.659,37,0,89439.457
KMAX20180909-2,KMAX20180909_130256_V06,2,0.879,1.200,1451,0,20917.301,29,0,20784.869
KMAX20180909-2,KMAX20180909_130256_V06,4,1.318,1.200,1450,0,759.416,14,0,706.711
KMAX20180909-2,KMAX20180909_130256_V06,6,1.802,1.200,725,0,43.410,5,0,19.478
KMAX20180909-2,KMAX20180909_130256_V06,7,2.417,1.200,726,0,19.661,3,0,7.290
KMAX20180910-1,KMAX20180910_124702_V06,0,0.483,1.200,754,2,126349.169,10,2,126229.668
KMAX20180910-1,KMAX20180910_124702_V06,2,0.879,1.200,755,0,55733.791,21,0,55614.330
KMAX20180910-1,KMAX20180910_124702_V06,6,1.318,1.200,756,0,744.107,4,0,731.845
KMAX20180910-1,KMAX20180910_124702_V06,8,1.802,1.200,376,0,26.921,2,0,17.948
KMAX20180910-1,KMAX20180910_124702_V06,9,2.417,1.200,375,0,52.658,5,0,30.719
KMAX20180910-1,KMAX20180910_130430_V06,0,0.483,1.200,1564,0,152603.803,32,0,152503.370
KMAX20180910-1,KMAX20180910_130430_V06,2,0.879,1.200,1566,0,41874.849,21,0,41805.840
KMAX20180910-1,KMAX20180910_130430_V06,6,1.318,1.200,1567,0,1976.353,8,0,1957.845
KMAX20180910-1,KMAX20180910_130430_V06,8,1.802,1.200,783,0,56.164,7,0,18.477
KMAX20180910-1,KMAX20180910_130430_V06,9,2.417,1.200,784,0,34.454,2,0,23.911
KMAX20180910-1,KMAX20180910_131313_V06,0,0.483,1.200,1446,0,234290.770,40,0,234097.401
KMAX20180910-1,KMAX20180910_131313_V06,2,0.879,1.200,1449,0,49649.214,33,0,49388.045
KMAX20180910-1,KMAX20180910_131313_V06,6,1.318,1.200,1449,0,3397.171,13,0,3310.000
KMAX20180910-1,KMAX20180910_131313_V06,8,1.802,1.200,724,0,64.901,5,0,32.925
KMAX20180910-1,KMAX20180910_131313_V06,9,2.417,1.200,726,0,29.236,2,0,18.953
KMAX20180910-5,KMAX20180910_133924_V06,0,0.483,1.200,562,0,153747.922,7,0,153728.651
KMAX20180910-5,KMAX20180910_133924_V06,2,0.879,1.200,563,0,28538.500,17,0,28417.017
KMAX20180910-5,KMAX20180910_133924_V06,6,1.318,1.200,561,0,2337.253,7,0,2310.219
KMAX20180910-5,KMAX20180910_133924_V06,8,1.802,1.200,281,0,93.998,12,0,22.312
KMAX20180910-5,KMAX20180910_133924_V06,9,2.417,1.200,280,0,12.712,2,0,6.190
KMAX20180910-5,KMAX20180910_134807_V06,0,0.483,1.200,1749,0,160295.855,61,0,159137.644
KMAX20180910-5,KMAX20180910_134807_V06,2,0.879,1.200,1751,0,58756.274,31,0,58611.899
KMAX20180910-5,KMAX20180910_134807_V06,6,1.318,1.200,1750,0,4058.795,17,0,3981.964
KMAX20180910-5,KMAX20180910_134807_V06,8,1.802,1.200,877,0,61.836,6,0,33.987
KMAX20180910-5,KMAX20180910_134807_V06,9,2.417,1.200,880,0,64.801,7,0,28.653
KMAX20180910-5,KMAX20180910_140534_V06,0,0.483,1.200,590,0,62725.745,7,0,62669.175
KMAX20180910-5,KMAX20180910_140534_V06,2,0.879,1.200,588,0,60681.687,9,0,60658.945
KMAX20180910-5,KMAX20180910_140534_V06,6,1.318,1.200,589,0,3047.316,3,0,3029.623
KMAX20180910-5,KMAX20180910_140534_V06,8,1.802,1.200,295,0,43.353,2,0,30.802
KMAX20180910-5,KMAX20180910_140534_V06,9,2.417,1.200,294,0,36.808,1,0,32.408
KMAX20180910-9,KMAX20180910_142301_V06,0,0.483,1.200,561,0,140575.361,12,0,140336.360
KMAX20180910-9,KMAX20180910_142301_V06,2,0.879,1.200,561,0,87747.737,14,0,87333.656
KMAX20180910-9,KMAX20180910_142301_V06,6,1.318,1.200,560,0,3389.432,10,0,3321.541
KMAX20180910-9,KMAX20180910_142301_V06,8,1.802,1.200,278,0,66.298,7,0,46.647
KMAX20180910-9,KMAX20180910_142301_V06,9,2.417,1.200,279,0,25.156,1,0,16.969
KMAX20180910-9,KMAX20180910_143143_V06,0,0.483,1.200,1942,0,109473.233,59,0,109227.734
KMAX20180910-9,KMAX20180910_143143_V06,2,0.879,1.200,1944,0,46296.776,50,0,46108.582
KMAX20180910-9,KMAX20180910_143143_V06,6,1.318,1.200,1945,0,1978.434,25,0,1878.908
KMAX20180910-9,KMAX20180910_143143_V06,8,1.802,1.200,970,0,62.970,2,0,52.363
KMAX20180910-9,KMAX20180910_143143_V06,9,2.417,1.200,970,0,23.290,1,0,17.391
KMAX20180910-9,KMAX20180910_144027_V06,0,0.483,1.200,585,0,155013.912,9,0,150742.820
KMAX20180910-9,KMAX20180910_144027_V06,2,0.879,1.200,587,0,48259.562,8,0,47897.412
KMAX20180910-9,KMAX20180910_144027_V06,6,1.318,1.200,584,0,2275.412,10,0,1999.281
KMAX20180910-9,KMAX20180910_144027_V06,8,1.802,1.200,292,0,54.102,5,0,23.461
KMAX20180910-9,KMAX20180910_144027_V06,9,2.417,1.200,292,0,43.852,5,0,12.573
KMAX20180910-9,KMAX20180910_144911_V06,0,0.483,1.200,1735,0,141017.721,35,0,140834.392
KMAX20180910-9,KMAX20180910_144911_V06,2,0.879,1.200,1734,0,39834.367,35,0,39185.600
KMAX20180910-9,KMAX20180910_144911_V06,6,1.318,1.200,1735,0,1091.751,18,0,1026.616
KMAX20180910-9,KMAX20180910_144911_V06,8,1.802,1.200,870,0,50.836,4,0,35.265
KMAX20180910-9,KMAX20180910_144911_V06,9,2.417,1.200,872,0,37.770,2,0,23.360
KMAX20180910-9,KMAX20180910_150638_V06,0,0.483,1.200,583,0,96868.343,11,0,96616.204
KMAX20180910-9,KMAX20180910_150638_V06,2,0.879,1.200,582,0,28553.888,9,0,28515.188
KMAX20180910-9,KMAX20180910_150638_V06,6,1.318,1.200,581,0,1641.181,7,0,1483.502
KMAX20180910-9,KMAX20180910_150638_V06,8,1.802,1.200,289,0,23.499,3,0,11.764
KMAX20180910-9,KMAX20180910_150638_V06,9,2.417,1.200,290,0,15.488,1,0,13.081
KMAX20180910-8,KMAX20180910_141417_V06,0,0.483,1.200,35,0,3437.502,0,0,3437.502
KMAX20180910-8,KMAX20180910_141417_V06,2,0.879,1.200,35,0,0.076,0,0,0.076
KMAX20180910-8,KMAX20180910_141417_V06,6,1.318,1.200,35,0,115.029,6,0,68.906
KMAX20180910-8,KMAX20180910_141417_V06,8,1.802,1.200,18,0,0.079,0,0,0.079
KMAX20180910-8,KMAX20180910_141417_V06,9,2.417,1.200,18,0,0.079,0,0,0.079
KMAX20180911-1,KMAX20180911_130415_V06,0,0.483,1.200,771,0,104442.658,7,0,104406.521
KMAX20180911-1,KMAX20180911_130415_V06,2,0.879,1.200,772,0,31417.262,11,0,31386.663
KMAX20180911-1,KMAX20180911_130415_V06,6,1.318,1.200,771,0,794.378,6,0,784.537
KMAX20180911-1,KMAX20180911_130415_V06,8,1.802,1.200,384,0,23.224,5,0,1.124
KMAX20180911-1,KMAX20180911_130415_V06,9,2.417,1.200,383,0,7.986,0,0,7.986
KMAX20180911-1,KMAX20180911_131257_V06,0,0.483,1.200,1707,0,104249.964,30,0,104130.294
KMAX20180911-1,KMAX20180911_131257_V06,2,0.879,1.200,1705,0,18261.632,20,0,18193.495
KMAX20180911-1,KMAX20180911_131257_V06,6,1.318,1.200,1708,0,1722.991,28,0,1562.300
KMAX20180911-1,KMAX20180911_131257_V06,8,1.802,1.200,854,0,58.826,8,0,23.203
KMAX20180911-1,KMAX20180911_131257_V06,9,2.417,1.200,854,0,51.250,4,0,33.861
KMAX20180911-1,KMAX20180911_132139_V06,0,0.483,1.200,3217,0,68707.690,57,0,68413.157
KMAX20180911-1,KMAX20180911_132139_V06,2,0.879,1.200,3220,0,36205.047,59,0,36001.458
KMAX20180911-1,KMAX20180911_132139_V06,6,1.318,1.200,3219,0,2224.916,26,0,2137.369
KMAX20180911-1,KMAX20180911_132139_V06,8,1.802,1.200,1611,0,109.666,5,0,90.937
KMAX20180911-1,KMAX20180911_132139_V06,9,2.417,1.200,1615,0,51.351,1,0,38.761
KMAX20180911-1,KMAX20180911_133021_V06,0,0.483,1.200,936,0,116025.018,11,0,115809.490
KMAX20180911-1,KMAX20180911_133021_V06,2,0.879,1.200,935,0,31406.898,15,0,31335.654
KMAX20180911-1,KMAX20180911_133021_V06,6,1.318,1.200,935,0,1101.380,4,0,922.467
KMAX20180911-1,KMAX20180911_133021_V06,8,1.802,1.200,470,0,12.384,1,0,6.588
KMAX20180911-1,KMAX20180911_133021_V06,9,2.417,1.200,471,0,1.403,0,0,1.403
KMAX20180911-1,KMAX20180911_133903_V06,0,0.483,1.200,2330,0,87606.558,38,0,87333.830
KMAX20180911-1,KMAX20180911_133903_V06,2,0.879,1.200,2332,0,24620.807,20,0,24556.435
KMAX20180911-1,KMAX20180911_133903_V06,6,1.318,1.200,2332,0,1485.681,28,0,1369.631
KMAX20180911-1,KMAX20180911_133903_V06,8,1.802,1.200,1165,0,77.100,6,0,45.290
KMAX20180911-1,KMAX20180911_133903_V06,9,2.417,1.200,1167,0,82.127,7,0,47.639
KMAX20180911-1,KMAX20180911_134745_V06,0,0.483,1.200,512,0,86539.893,8,0,86459.367
KMAX20180911-1,KMAX20180911_134745_V06,2,0.879,1.200,512,0,29913.304,9,0,29773.495
KMAX20180911-1,KMAX20180911_134745_V06,6,1.318,1.200,510,0,776.926,0,0,776.926
KMAX20180911-1,KMAX20180911_134745_V06,8,1.802,1.200,256,0,0.776,0,0,0.776
KMAX20180911-1,KMAX20180911_134745_V06,9,2.417,1.200,256,0,9.456,2,0,0.770
KMAX20180911-1,KMAX20180911_140508_V06,0,0.483,1.200,1404,0,88066.359,28,0,87928.938
KMAX20180911-1,KMAX20180911_140508_V06,2,0.879,1.200,1405,0,23407.210,28,0,23319.572
KMAX20180911-1,KMAX20180911_140508_V06,6,1.318,1.200,1405,0,590.832,14,0,542.549
KMAX20180911-1,KMAX20180911_140508_V06,8,1.802,1.200,703,0,17.589,1,0,15.522
KMAX20180911-1,KMAX20180911_140508_V06,9,2.417,1.200,705,0,15.267,3,0,4.078
KMAX20180911-1,KMAX20180911_141351_V06,0,0.483,1.200,2080,0,83806.944,46,0,83601.295
KMAX20180911-1,KMAX20180911_141351_V06,2,0.879,1.200,2080,0,17776.452,27,0,17500.534
KMAX20180911-1,KMAX20180911_141351_V06,6,1.318,1.200,2081,0,1106.898,23,0,963.076
KMAX20180911-1,KMAX20180911_141351_V06,8,1.802,1.200,1039,0,92.912,3,0,81.141
KMAX20180911-1,KMAX20180911_141351_V06,9,2.417,1.200,1040,0,52.695,0,0,52.695
KMAX20180911-1,KMAX20180911_142224_V06,0,0.483,1.200,553,0,64639.339,10,0,64564.556
KMAX20180911-1,KMAX20180911_142224_V06,2,0.879,1.200,555,0,20178.580,8,0,20155.081
KMAX20180911-1,KMAX20180911_142224_V06,6,1.318,1.200,555,0,375.452,2,0,370.355
KMAX20180911-1,KMAX20180911_142224_V06,8,1.802,1.200,277,0,33.620,1,0,22.120
KMAX20180911-1,KMAX20180911_142224_V06,9,2.417,1.200,278,0,21.041,0,0,21.041
KMAX20180911-1,KMAX20180911_143106_V06,0,0.483,1.200,2087,1,83179.585,33,1,82983.949
KMAX20180911-1,KMAX20180911_143106_V06,2,0.879,1.200,2087,0,24043.931,29,0,23884.989
KMAX20180911-1,KMAX20180911_143106_V06,6,1.318,1.200,2086,0,855.053,19,0,721.143
KMAX20180911-1,KMAX20180911_143106_V06,8,1.802,1.200,1039,0,47.232,3,0,37.568
KMAX20180911-1,KMAX20180911_143106_V06,9,2.417,1.200,1041,0,143.294,9,0,43.917
KMAX20180911-1,KMAX20180911_143948_V06,0,0.483,1.200,527,2,60993.618,10,2,56379.344
KMAX20180911-1,KMAX20180911_143948_V06,2,0.879,1.200,525,0,21875.412,14,0,19871.913
KMAX20180911-1,KMAX20180911_143948_V06,6,1.318,1.200,523,0,362.953,1,0,361.930
KMAX20180911-1,KMAX20180911_143948_V06,8,1.802,1.200,263,0,28.369,2,0,21.853
KMAX20180911-1,KMAX20180911_143948_V06,9,2.417,1.200,263,0,28.630,2,0,21.165
KMAX20180911-1,KMAX20180911_144830_V06,0,0.483,1.200,1894,0,63069.079,31,0,62719.945
KMAX20180911-1,KMAX20180911_144830_V06,2,0.879,1.200,1896,0,25561.628,22,0,21172.560
KMAX20180911-1,KMAX20180911_144830_V06,6,1.318,1.200,1900,0,2487.508,16,0,2293.502
KMAX20180911-1,KMAX20180911_144830_V06,8,1.802,1.200,949,0,67.680,8,0,36.929
KMAX20180911-1,KMAX20180911_144830_V06,9,2.417,1.200,950,0,50.254,8,0,17.895
KMAX20180911-1,KMAX20180911_150555_V06,0,0.483,1.200,593,0,139253.884,8,0,121491.819
KMAX20180911-1,KMAX20180911_150555_V06,2,0.879,1.200,596,0,28682.115,8,0,28204.614
KMAX20180911-1,KMAX20180911_150555_V06,6,1.318,1.200,595,0,891.975,4,0,875.944
KMAX20180911-1,KMAX20180911_150555_V06,8,1.802,1.200,299,0,43.758,3,0,32.720
KMAX20180911-1,KMAX20180911_150555_V06,9,2.417,1.200,296,0,12.663,3,0,0.884
KMAX20180911-1,KMAX20180911_151429_V06,0,0.483,1.200,2438,0,125044.241,56,0,123346.568
KMAX20180911-1,KMAX20180911_151429_V06,2,0.879,1.200,2438,0,28214.760,27,0,28088.128
KMAX20180911-1,KMAX20180911_151429_V06,6,1.318,1.200,2437,0,1047.257,23,0,960.058
KMAX20180911-1,KMAX20180911_151429_V06,8,1.802,1.200,1216,0,35.632,3,0,15.621
KMAX20180911-1,KMAX20180911_151429_V06,9,2.417,1.200,1216,0,62.007,1,0,60.030
KMAX20180912-1,KMAX20180912_130412_V06,0,0.483,1.200,903,1,218309.767,9,1,218246.222
KMAX20180912-1,KMAX20180912_130412_V06,2,0.879,1.200,903,0,36767.868,17,0,36720.057
KMAX20180912-1,KMAX20180912_130412_V06,6,1.318,1.200,902,0,1387.809,6,0,1354.076
KMAX20180912-1,KMAX20180912_130412_V06,8,1.802,1.200,450,0,28.360,2,0,19.675
KMAX20180912-1,KMAX20180912_130412_V06,9,2.417,1.200,450,0,22.326,2,0,9.143
KMAX20180912-1,KMAX20180912_131246_V06,0,0.483,1.200,2734,0,104494.084,46,0,104188.630
KMAX20180912-1,KMAX20180912_131246_V06,2,0.879,1.200,2735,0,40079.914,37,0,39872.035
KMAX20180912-1,KMAX20180912_131246_V06,6,1.318,1.200,2737,0,1479.212,31,0,1365.377
KMAX20180912-1,KMAX20180912_131246_V06,8,1.802,1.200,1370,0,159.778,18,0,58.557
KMAX20180912-1,KMAX20180912_131246_V06,9,2.417,1.200,1367,0,64.148,3,0,49.536
KMAX20180912-1,KMAX20180912_132129_V06,0,0.483,1.200,576,0,69405.277,13,0,69305.925
KMAX20180912-1,KMAX20180912_132129_V06,2,0.879,1.200,576,0,20343.489,8,0,20300.132
KMAX20180912-1,KMAX20180912_132129_V06,6,1.318,1.200,576,0,551.615,3,0,547.400
KMAX20180912-1,KMAX20180912_132129_V06,8,1.802,1.200,289,0,0.873,0,0,0.873
KMAX20180912-1,KMAX20180912_132129_V06,9,2.417,1.200,288,0,8.799,2,0,3.699
KMAX20180912-1,KMAX20180912_133010_V06,0,0.483,1.200,1911,0,87993.186,28,0,87857.316
KMAX20180912-1,KMAX20180912_133010_V06,2,0.879,1.200,1914,0,26087.629,34,0,26007.010
KMAX20180912-1,KMAX20180912_133010_V06,6,1.318,1.200,1914,0,1717.094,8,0,1680.642
KMAX20180912-1,KMAX20180912_133010_V06,8,1.802,1.200,957,0,85.339,10,0,22.605
KMAX20180912-1,KMAX20180912_133010_V06,9,2.417,1.200,958,0,44.412,1,0,35.064
KMAX20180912-1,KMAX20180912_133852_V06,0,0.483,1.200,630,0,87601.178,4,0,87586.400
KMAX20180912-1,KMAX20180912_133852_V06,2,0.879,1.200,631,0,20579.507,17,0,20253.873
KMAX20180912-1,KMAX20180912_133852_V06,6,1.318,1.200,632,0,1870.901,0,0,1870.901
KMAX20180912-1,KMAX20180912_133852_V06,8,1.802,1.200,316,0,73.472,7,0,32.414
KMAX20180912-1,KMAX20180912_133852_V06,9,2.417,1.200,314,0,0.945,0,0,0.945
KMAX20180912-1,KMAX20180912_134734_V06,0,0.483,1.200,2052,0,115620.766,43,0,114262.269
KMAX20180912-1,KMAX20180912_134734_V06,2,0.879,1.200,2052,0,24926.900,24,0,24638.626
KMAX20180912-1,KMAX20180912_134734_V06,6,1.318,1.200,2052,0,1683.870,21,0,1525.362
KMAX20180912-1,KMAX20180912_134734_V06,8,1.802,1.200,1030,0,37.268,3,0,20.941
KMAX20180912-1,KMAX20180912_134734_V06,9,2.417,1.200,1028,0,55.483,5,0,31.770
KMAX20180912-1,KMAX20180912_140458_V06,0,0.483,1.200,762,0,141655.329,5,0,141624.439
KMAX20180912-1,KMAX20180912_140458_V06,2,0.879,1.200,763,0,40045.265,11,0,38620.898
KMAX20180912-1,KMAX20180912_140458_V06,6,1.318,1.200,765,0,1316.570,4,0,999.931
KMAX20180912-1,KMAX20180912_140458_V06,8,1.802,1.200,378,0,6.394,0,0,6.394
KMAX20180912-1,KMAX20180912_140458_V06,9,2.417,1.200,380,0,47.173,6,0,17.006
KMAX20180912-1,KMAX20180912_141340_V06,0,0.483,1.200,2418,0,110560.597,41,0,110092.342
KMAX20180912-1,KMAX20180912_141340_V06,2,0.879,1.200,2416,0,25270.744,31,0,25094.759
KMAX20180912-1,KMAX20180912_141340_V06,6,1.318,1.200,2413,0,3388.609,32,0,3191.146
KMAX20180912-1,KMAX20180912_141340_V06,8,1.802,1.200,1209,0,64.632,8,0,25.774
KMAX20180912-1,KMAX20180912_141340_V06,9,2.417,1.200,1208,0,49.658,2,0,40.711
KMAX20180912-1,KMAX20180912_142222_V06,0,0.483,1.200,5198,0,105287.876,71,0,104926.131
KMAX20180912-1,KMAX20180912_142222_V06,2,0.879,1.200,5199,0,36756.943,96,0,36400.435
KMAX20180912-1,KMAX20180912_142222_V06,6,1.318,1.200,5198,0,3438.235,101,0,2465.205
KMAX20180912-1,KMAX20180912_142222_V06,8,1.802,1.200,2597,0,158.148,21,0,74.296
KMAX20180912-1,KMAX20180912_142222_V06,9,2.417,1.200,2601,0,63.914,8,0,37.866
KMAX20180912-1,KMAX20180912_143105_V06,0,0.483,1.200,571,0,58918.055,8,0,58871.345
KMAX20180912-1,KMAX20180912_143105_V06,2,0.879,1.200,575,0,35098.689,8,0,35068.237
KMAX20180912-1,KMAX20180912_143105_V06,6,1.318,1.200,575,0,883.484,8,0,842.594
KMAX20180912-1,KMAX20180912_143105_V06,8,1.802,1.200,288,0,18.527,3,0,3.613
KMAX20180912-1,KMAX20180912_143105_V06,9,2.417,1.200,288,0,33.437,0,0,33.437
KMAX20180912-1,KMAX20180912_143947_V06,0,0.483,1.200,1880,1,105464.212,41,1,104103.167
KMAX20180912-1,KMAX20180912_143947_V06,2,0.879,1.200,1884,0,19570.161,21,0,19497.421
KMAX20180912-1,KMAX20180912_143947_V06,6,1.318,1.200,1890,0,2023.294,18,0,1802.633
KMAX20180912-1,KMAX20180912_143947_V06,8,1.802,1.200,942,0,44.283,2,0,35.577
KMAX20180912-1,KMAX20180912_143947_V06,9,2.417,1.200,943,0,38.696,4,0,20.921
KMAX20180912-1,KMAX20180912_144829_V06,0,0.483,1.200,559,0,78515.700,13,0,78346.957
KMAX20180912-1,KMAX20180912_144829_V06,2,0.879,1.200,558,0,20158.740,9,0,19942.672
KMAX20180912-1,KMAX20180912_144829_V06,6,1.318,1.200,560,0,852.115,2,0,846.213
KMAX20180912-1,KMAX20180912_144829_V06,8,1.802,1.200,277,0,0.842,0,0,0.842
KMAX20180912-1,KMAX20180912_144829_V06,9,2.417,1.200,278,0,13.295,3,0,0.837
KMAX20180913-2,KMAX20180913_130429_V06,0,0.483,1.200,213,0,72217.891,1,0,72216.052
KMAX20180913-2,KMAX20180913_130429_V06,2,0.879,1.200,212,0,22522.027,2,0,22517.054
KMAX20180913-2,KMAX20180913_130429_V06,6,1.318,1.200,214,0,897.910,1,0,894.712
KMAX20180913-2,KMAX20180913_130429_V06,8,1.802,1.200,106,0,0.319,0,0,0.319
KMAX20180913-2,KMAX20180913_130429_V06,9,2.417,1.200,107,0,0.322,0,0,0.322
KMAX20180913-2,KMAX20180913_131312_V06,0,0.483,1.200,1487,0,80939.155,31,0,80786.774
KMAX20180913-2,KMAX20180913_131312_V06,2,0.879,1.200,1488,0,22875.284,35,0,22764.879
KMAX20180913-2,KMAX20180913_131312_V06,6,1.318,1.200,1488,0,1385.829,8,0,1336.015
KMAX20180913-2,KMAX20180913_131312_V06,8,1.802,1.200,745,0,15.921,0,0,15.921
KMAX20180913-2,KMAX20180913_131312_V06,9,2.417,1.200,743,0,23.007,2,0,8.910
KMAX20180913-4,KMAX20180913_133918_V06,0,0.483,1.200,573,0,83436.602,5,0,83364.595
KMAX20180913-4,KMAX20180913_133918_V06,2,0.879,1.200,573,0,28164.140,17,0,27534.259
KMAX20180913-4,KMAX20180913_133918_V06,6,1.318,1.200,573,0,579.477,0,0,579.477
KMAX20180913-4,KMAX20180913_133918_V06,8,1.802,1.200,286,0,14.965,3,0,5.110
KMAX20180913-4,KMAX20180913_133918_V06,9,2.417,1.200,289,0,0.857,0,0,0.857
KMAX20180913-4,KMAX20180913_134759_V06,0,0.483,1.200,1941,0,76766.428,36,0,76589.762
KMAX20180913-4,KMAX20180913_134759_V06,2,0.879,1.200,1941,0,19382.674,38,0,19268.918
KMAX20180913-4,KMAX20180913_134759_V06,6,1.318,1.200,1945,0,1917.120,25,0,1783.286
KMAX20180913-4,KMAX20180913_134759_V06,8,1.802,1.200,975,0,79.094,3,0,68.412
KMAX20180913-4,KMAX20180913_134759_V06,9,2.417,1.200,976,0,71.489,7,0,45.017
KMAX20180913-4,KMAX20180913_140523_V06,0,0.483,1.200,277,0,89231.918,2,0,87743.846
KMAX20180913-4,KMAX20180913_140523_V06,2,0.879,1.200,278,0,31568.697,2,0,31565.536
KMAX20180913-4,KMAX20180913_140523_V06,6,1.318,1.200,277,0,1083.900,0,0,1083.900
KMAX20180913-4,KMAX20180913_140523_V06,8,1.802,1.200,138,0,8.016,1,0,3.549
KMAX20180913-4,KMAX20180913_140523_V06,9,2.417,1.200,138,0,0.412,0,0,0.412
KMAX20180913-4,KMAX20180913_141405_V06,0,0.483,1.200,1613,0,96971.084,24,0,95410.416
KMAX20180913-4,KMAX20180913_141405_V06,2,0.879,1.200,1609,0,24129.202,27,0,24000.429
KMAX20180913-4,KMAX20180913_141405_V06,6,1.318,1.200,1610,0,2246.770,14,0,2211.623
KMAX20180913-4,KMAX20180913_141405_V06,8,1.802,1.200,806,0,18.912,1,0,16.400
KMAX20180913-4,KMAX20180913_141405_V06,9,2.417,1.200,811,0,55.680,2,0,46.281
KMAX20180914-1,KMAX20180914_130433_V06,0,0.483,1.200,775,0,68450.548,6,0,68427.924
KMAX20180914-1,KMAX20180914_130433_V06,2,0.879,1.200,773,0,15329.094,13,0,15287.316
KMAX20180914-1,KMAX20180914_130433_V06,6,1.318,1.200,771,0,1155.020,3,0,1151.376
KMAX20180914-1,KMAX20180914_130433_V06,8,1.802,1.200,384,0,26.779,5,0,1.120
KMAX20180914-1,KMAX20180914_130433_V06,9,2.417,1.200,384,0,34.720,3,0,14.792
KMAX20180914-1,KMAX20180914_131314_V06,0,0.483,1.200,2118,0,75898.175,32,0,75623.401
KMAX20180914-1,KMAX20180914_131314_V06,2,0.879,1.200,2118,0,22160.627,30,0,22065.109
KMAX20180914-1,KMAX20180914_131314_V06,6,1.318,1.200,2123,0,1007.014,16,0,935.499
KMAX20180914-1,KMAX20180914_131314_V06,8,1.802,1.200,1058,0,85.074,10,0,35.235
KMAX20180914-1,KMAX20180914_131314_V06,9,2.417,1.200,1061,0,112.206,3,0,61.005
KMAX20180914-1,KMAX20180914_132156_V06,0,0.483,1.200,595,0,64599.814,6,0,64578.327
KMAX20180914-1,KMAX20180914_132156_V06,2,0.879,1.200,594,0,24724.520,13,0,24682.474
KMAX20180914-1,KMAX20180914_132156_V06,6,1.318,1.200,596,0,877.292,4,0,863.688
KMAX20180914-1,KMAX20180914_132156_V06,8,1.802,1.200,300,0,14.283,0,0,14.283
KMAX20180914-1,KMAX20180914_132156_V06,9,2.417,1.200,298,0,11.036,1,0,7.400
KMAX20180914-6,KMAX20180914_133919_V06,0,0.483,1.200,144,0,52999.687,1,0,52862.467
KMAX20180914-6,KMAX20180914_133919_V06,2,0.879,1.200,144,0,17213.923,0,0,17213.923
KMAX20180914-6,KMAX20180914_133919_V06,6,1.318,1.200,144,0,791.047,0,0,791.047
KMAX20180914-6,KMAX20180914_133919_V06,8,1.802,1.200,73,0,9.158,2,0,0.210
KMAX20180914-6,KMAX20180914_133919_V06,9,2.417,1.200,72,0,11.003,1,0,7.194
KMAX20180914-6,KMAX20180914_134801_V06,0,0.483,1.200,1309,0,74221.730,20,0,74149.720
KMAX20180914-6,KMAX20180914_134801_V06,2,0.879,1.200,1308,0,15460.430,17,0,15391.456
KMAX20180914-6,KMAX20180914_134801_V06,6,1.318,1.200,1309,0,851.776,10,0,753.473
KMAX20180914-6,KMAX20180914_134801_V06,8,1.802,1.200,655,0,26.672,1,0,23.394
KMAX20180914-6,KMAX20180914_134801_V06,9,2.417,1.200,655,0,51.500,3,0,40.055
KMAX20180914-6,KMAX20180914_140526_V06,0,0.483,1.200,544,0,56476.375,12,0,56419.967
KMAX20180914-6,KMAX20180914_140526_V06,2,0.879,1.200,548,0,17563.337,18,0,17495.776
KMAX20180914-6,KMAX20180914_140526_V06,6,1.318,1.200,547,0,479.334,1,0,418.040
KMAX20180914-6,KMAX20180914_140526_V06,8,1.802,1.200,275,0,42.303,0,0,42.303
KMAX20180914-6,KMAX20180914_140526_V06,9,2.417,1.200,274,0,10.946,1,0,8.076
KMAX20180914-10,KMAX20180914_142242_V06,0,0.483,1.200,221,0,91354.526,0,0,91354.526
KMAX20180914-10,KMAX20180914_142242_V06,2,0.879,1.200,222,0,21293.971,1,0,21286.772
KMAX20180914-10,KMAX20180914_142242_V06,6,1.318,1.200,221,0,492.329,0,0,492.329
KMAX20180914-10,KMAX20180914_142242_V06,8,1.802,1.200,108,0,9.977,0,0,9.977
KMAX20180914-10,KMAX20180914_142242_V06,9,2.417,1.200,109,0,6.682,0,0,6.682
KMAX20180914-10,KMAX20180914_143123_V06,0,0.483,1.200,1468,0,61296.717,23,0,61122.017
KMAX20180914-10,KMAX20180914_143123_V06,2,0.879,1.200,1467,0,23631.094,26,0,23504.113
KMAX20180914-10,KMAX20180914_143123_V06,6,1.318,1.200,1469,0,848.328,11,0,754.493
KMAX20180914-10,KMAX20180914_143123_V06,8,1.802,1.200,738,0,64.782,1,0,53.152
KMAX20180914-10,KMAX20180914_143123_V06,9,2.417,1.200,734,0,45.612,8,0,6.067
KMAX20180915-1,KMAX20180915_130322_V06,0,0.483,1.200,492,0,121801.477,6,0,121780.504
KMAX20180915-1,KMAX20180915_130322_V06,2,0.879,1.200,491,0,63618.070,8,0,63568.892
KMAX20180915-1,KMAX20180915_130322_V06,6,1.318,1.200,491,0,468.745,0,0,468.745
KMAX20180915-1,KMAX20180915_130322_V06,8,1.802,1.200,245,0,31.033,2,0,25.476
KMAX20180915-1,KMAX20180915_130322_V06,9,2.417,1.200,244,0,81.584,6,0,47.210
KMAX20180915-1,KMAX20180915_131203_V06,0,0.483,1.200,1808,0,85555.746,31,0,83935.050
KMAX20180915-1,KMAX20180915_131203_V06,2,0.879,1.200,1811,0,26382.634,20,0,23902.719
KMAX20180915-1,KMAX20180915_131203_V06,6,1.318,1.200,1813,0,1004.081,20,0,927.233
KMAX20180915-1,KMAX20180915_131203_V06,8,1.802,1.200,906,0,423.441,32,0,218.813
KMAX20180915-1,KMAX20180915_131203_V06,9,2.417,1.200,908,0,561.074,42,0,268.592
KMAX20180916-2,KMAX20180916_130500_V06,0,0.483,1.200,170,0,54357.447,0,0,54357.447
KMAX20180916-2,KMAX20180916_130500_V06,2,0.879,1.200,170,0,24172.857,1,0,24169.664
KMAX20180916-2,KMAX20180916_130500_V06,6,1.318,1.200,170,0,521.625,0,0,521.625
KMAX20180916-2,KMAX20180916_130500_V06,8,1.802,1.200,86,0,24.488,5,0,3.490
KMAX20180916-2,KMAX20180916_130500_V06,9,2.417,1.200,84,0,0.243,0,0,0.243
KMAX20180916-2,KMAX20180916_130500_V06,10,3.120,1.200,84,0,0.244,0,0,0.244
KMAX20180916-2,KMAX20180916_131343_V06,0,0.483,1.200,1076,0,71237.777,13,0,71157.737
KMAX20180916-2,KMAX20180916_131343_V06,2,0.879,1.200,1077,0,24271.746,9,0,24252.384
KMAX20180916-2,KMAX20180916_131343_V06,6,1.318,1.200,1076,0,1049.070,11,0,996.914
KMAX20180916-2,KMAX20180916_131343_V06,8,1.802,1.200,535,0,78.508,5,0,25.652
KMAX20180916-2,KMAX20180916_131343_V06,9,2.417,1.200,537,0,14.113,3,0,1.550
KMAX20180916-2,KMAX20180916_131343_V06,10,3.120,1.200,540,0,28.531,2,0,21.112
KMAX20180916-2,KMAX20180916_132225_V06,0,0.483,1.200,1390,0,112734.049,28,0,112522.935
KMAX20180916-2,KMAX20180916_132225_V06,2,0.879,1.200,1390,0,38844.142,7,0,38825.758
KMAX20180916-2,KMAX20180916_132225_V06,6,1.318,1.200,1388,0,672.081,8,0,641.190
KMAX20180916-2,KMAX20180916_132225_V06,8,1.802,1.200,693,0,49.875,0,0,49.875
KMAX20180916-2,KMAX20180916_132225_V06,9,2.417,1.200,697,0,2.095,0,0,2.095
KMAX20180916-2,KMAX20180916_133108_V06,0,0.483,1.200,1950,0,62759.230,44,0,62574.000
KMAX20180916-2,KMAX20180916_133108_V06,2,0.879,1.200,1952,0,27994.118,27,0,27852.722
KMAX20180916-2,KMAX20180916_133108_V06,6,1.318,1.200,1953,0,1288.527,27,0,1188.601
KMAX20180916-2,KMAX20180916_133108_V06,8,1.802,1.200,977,0,73.592,8,0,31.319
KMAX20180916-2,KMAX20180916_133108_V06,9,2.417,1.200,979,0,23.304,1,0,20.417
KMAX20180916-2,KMAX20180916_133949_V06,0,0.483,1.200,745,0,79745.639,16,0,78524.202
KMAX20180916-2,KMAX20180916_133949_V06,2,0.879,1.200,746,0,19403.077,9,0,19379.458
KMAX20180916-2,KMAX20180916_133949_V06,6,1.318,1.200,746,0,612.560,6,0,577.758
KMAX20180916-2,KMAX20180916_133949_V06,8,1.802,1.200,372,0,45.664,9,0,11.785
KMAX20180916-2,KMAX20180916_133949_V06,9,2.417,1.200,376,0,17.333,2,0,1.137
KMAX20180916-2,KMAX20180916_134830_V06,0,0.483,1.200,2098,0,62448.814,38,0,62230.578
KMAX20180916-2,KMAX20180916_134830_V06,2,0.879,1.200,2099,0,24747.639,33,0,24645.972
KMAX20180916-2,KMAX20180916_134830_V06,6,1.318,1.200,2098,0,1377.374,21,0,1298.518
KMAX20180916-2,KMAX20180916_134830_V06,8,1.802,1.200,1049,0,87.446,13,0,14.397
KMAX20180916-2,KMAX20180916_134830_V06,9,2.417,1.200,1051,0,78.567,10,0,26.939
KMAX20180916-2,KMAX20180916_140554_V06,0,0.483,1.200,617,0,114398.282,6,0,114374.103
KMAX20180916-2,KMAX20180916_140554_V06,2,0.879,1.200,616,0,35839.580,21,0,35764.044
KMAX20180916-2,KMAX20180916_140554_V06,6,1.318,1.200,620,0,659.870,1,0,645.989
KMAX20180916-2,KMAX20180916_140554_V06,8,1.802,1.200,308,0,11.241,3,0,0.921
KMAX20180916-2,KMAX20180916_140554_V06,9,2.417,1.200,308,0,33.544,1,0,30.810
KMAX20180916-2,KMAX20180916_141436_V06,0,0.483,1.200,2141,0,113188.130,29,0,112884.530
KMAX20180916-2,KMAX20180916_141436_V06,2,0.879,1.200,2138,0,24569.368,31,0,24443.747
KMAX20180916-2,KMAX20180916_141436_V06,6,1.318,1.200,2135,0,1807.206,26,0,1611.924
KMAX20180916-2,KMAX20180916_141436_V06,8,1.802,1.200,1069,0,83.914,10,0,42.156
KMAX20180916-2,KMAX20180916_141436_V06,9,2.417,1.200,1069,0,44.667,6,0,13.451
KMAX20180916-2,KMAX20180916_142317_V06,0,0.483,1.200,767,0,116138.053,14,0,116037.759
KMAX20180916-2,KMAX20180916_142317_V06,2,0.879,1.200,770,0,25340.713,16,0,23515.113
KMAX20180916-2,KMAX20180916_142317_V06,6,1.318,1.200,770,0,1250.541,8,0,1187.374
KMAX20180916-2,KMAX20180916_142317_V06,8,1.802,1.200,383,0,58.251,3,0,44.984
KMAX20180916-2,KMAX20180916_142317_V06,9,2.417,1.200,382,0,37.758,4,0,16.559
KMAX20180916-2,KMAX20180916_143159_V06,0,0.483,1.200,2381,0,100078.579,58,0,99515.495
KMAX20180916-2,KMAX20180916_143159_V06,2,0.879,1.200,2377,0,24122.566,26,0,23804.392
KMAX20180916-2,KMAX20180916_143159_V06,6,1.318,1.200,2379,0,1710.156,19,0,1577.875
KMAX20180916-2,KMAX20180916_143159_V06,8,1.802,1.200,1188,0,92.168,8,0,48.157
KMAX20180916-2,KMAX20180916_143159_V06,9,2.417,1.200,1191,0,59.931,10,0,19.629
KMAX20180916-2,KMAX20180916_144040_V06,0,0.483,1.200,587,0,84878.198,10,0,80718.592
KMAX20180916-2,KMAX20180916_144040_V06,2,0.879,1.200,587,0,21175.808,17,0,21062.620
KMAX20180916-2,KMAX20180916_144040_V06,6,1.318,1.200,586,0,703.596,4,0,679.746
KMAX20180916-2,KMAX20180916_144040_V06,8,1.802,1.200,292,0,24.426,3,0,10.129
KMAX20180916-2,KMAX20180916_144040_V06,9,2.417,1.200,293,0,26.738,0,0,26.738
KMAX20180916-2,KMAX20180916_144922_V06,0,0.483,1.200,1910,0,76578.867,38,0,76179.788
KMAX20180916-2,KMAX20180916_144922_V06,2,0.879,1.200,1910,0,19962.584,24,0,19756.363
KMAX20180916-2,KMAX20180916_144922_V06,6,1.318,1.200,1913,0,1436.882,12,0,1394.101
KMAX20180916-2,KMAX20180916_144922_V06,8,1.802,1.200,953,0,109.675,9,0,64.143
KMAX20180916-2,KMAX20180916_144922_V06,9,2.417,1.200,955,0,53.607,7,0,10.219
KMAX20180916-2,KMAX20180916_150646_V06,0,0.483,1.200,564,0,105156.061,7,0,103874.282
KMAX20180916-2,KMAX20180916_150646_V06,2,0.879,1.200,564,0,44857.362,24,0,44710.361
KMAX20180916-2,KMAX20180916_150646_V06,6,1.318,1.200,564,0,805.392,2,0,790.929
KMAX20180916-2,KMAX20180916_150646_V06,8,1.802,1.200,281,0,17.396,0,0,17.396
KMAX20180916-2,KMAX20180916_150646_V06,9,2.417,1.200,281,0,6.816,0,0,6.816
KMAX20180916-2,KMAX20180916_151529_V06,0,0.483,1.200,1888,0,90109.997,33,0,89943.263
KMAX20180916-2,KMAX20180916_151529_V06,2,0.879,1.200,1887,0,27857.404,43,0,27465.199
KMAX20180916-2,KMAX20180916_151529_V06,6,1.318,1.200,1884,0,2326.677,13,0,2234.572
KMAX20180916-2,KMAX20180916_151529_V06,8,1.802,1.200,937,0,56.402,6,0,25.754
KMAX20180916-2,KMAX20180916_151529_V06,9,2.417,1.200,941,0,50.636,5,0,23.526
KMAX20180917-2,KMAX20180917_130410_V06,0,0.483,1.200,220,0,89724.403,2,0,80499.341
KMAX20180917-2,KMAX20180917_130410_V06,2,0.879,1.200,221,0,19899.870,2,0,19507.113
KMAX20180917-2,KMAX20180917_130410_V06,6,1.318,1.200,222,0,2465.134,4,0,2109.970
KMAX20180917-2,KMAX20180917_130410_V06,8,1.802,1.200,112,0,0.330,0,0,0.330
KMAX20180917-2,KMAX20180917_130410_V06,9,2.417,1.200,111,0,0.327,0,0,0.327
KMAX20180917-2,KMAX20180917_131251_V06,0,0.483,1.200,1442,0,93290.990,24,0,92928.624
KMAX20180917-2,KMAX20180917_131251_V06,2,0.879,1.200,1442,0,25521.711,32,0,24702.103
KMAX20180917-2,KMAX20180917_131251_V06,6,1.318,1.200,1440,0,2991.339,22,0,2430.518
KMAX20180917-2,KMAX20180917_131251_V06,8,1.802,1.200,722,0,91.061,3,0,77.715
KMAX20180917-2,KMAX20180917_131251_V06,9,2.417,1.200,722,0,126.767,7,0,90.019
KMAX20180917-2,KMAX20180917_132134_V06,0,0.483,1.200,3862,0,99574.906,102,0,98599.792
KMAX20180917-2,KMAX20180917_132134_V06,2,0.879,1.200,3860,0,30075.660,66,0,29744.926
KMAX20180917-2,KMAX20180917_132134_V06,6,1.318,1.200,3865,0,2413.594,62,0,2067.945
KMAX20180917-2,KMAX20180917_132134_V06,8,1.802,1.200,1932,0,147.972,9,0,101.682
KMAX20180917-2,KMAX20180917_132134_V06,9,2.417,1.200,1937,0,65.686,7,0,39.545
KMAX20180917-2,KMAX20180917_133015_V06,0,0.483,1.200,550,0,82629.333,16,0,82031.313
KMAX20180917-2,KMAX20180917_133015_V06,2,0.879,1.200,552,0,24293.071,10,0,24258.736
KMAX20180917-2,KMAX20180917_133015_V06,6,1.318,1.200,550,0,580.233,6,0,397.378
KMAX20180917-2,KMAX20180917_133015_V06,8,1.802,1.200,277,0,20.175,3,0,0.825
KMAX20180917-2,KMAX20180917_133015_V06,9,2.417,1.200,276,0,19.716,0,0,19.716
KMAX20180917-2,KMAX20180917_133856_V06,0,0.483,1.200,1875,0,95366.697,33,0,95157.445
KMAX20180917-2,KMAX20180917_133856_V06,2,0.879,1.200,1872,0,24653.617,34,0,24516.414
KMAX20180917-2,KMAX20180917_133856_V06,6,1.318,1.200,1872,0,1686.382,13,0,1583.247
KMAX20180917-2,KMAX20180917_133856_V06,8,1.802,1.200,935,0,97.883,6,0,72.894
KMAX20180917-2,KMAX20180917_133856_V06,9,2.417,1.200,937,0,9.134,1,0,6.332
KMAX20180917-2,KMAX20180917_134739_V06,0,0.483,1.200,271,0,68975.514,0,0,68975.514
KMAX20180917-2,KMAX20180917_134739_V06,2,0.879,1.200,271,0,15140.567,0,0,15140.567
KMAX20180917-2,KMAX20180917_134739_V06,6,1.318,1.200,272,0,322.940,0,0,322.940
KMAX20180917-2,KMAX20180917_134739_V06,8,1.802,1.200,136,0,16.792,0,0,16.792
KMAX20180917-2,KMAX20180917_134739_V06,9,2.417,1.200,137,0,0.413,0,0,0.413
KMAX20180917-2,KMAX20180917_140502_V06,0,0.483,1.200,1503,0,96875.069,32,0,96731.361
KMAX20180917-2,KMAX20180917_140502_V06,2,0.879,1.200,1503,0,13766.745,24,0,13664.365
KMAX20180917-2,KMAX20180917_140502_V06,6,1.318,1.200,1506,0,1198.310,8,0,1156.219
KMAX20180917-2,KMAX20180917_140502_V06,8,1.802,1.200,752,0,72.203,9,0,21.006
KMAX20180917-2,KMAX20180917_140502_V06,9,2.417,1.200,753,0,45.396,1,0,40.287
KMAX20180917-2,KMAX20180917_141344_V06,0,0.483,1.200,538,0,76142.850,7,0,76099.594
KMAX20180917-2,KMAX20180917_141344_V06,2,0.879,1.200,539,0,13206.157,12,0,13135.140
KMAX20180917-2,KMAX20180917_141344_V06,6,1.318,1.200,540,0,736.240,4,0,729.212
KMAX20180917-2,KMAX20180917_141344_V06,8,1.802,1.200,272,0,7.794,1,0,4.689
KMAX20180917-2,KMAX20180917_141344_V06,9,2.417,1.200,272,0,0.810,0,0,0.810
KMAX20180917-2,KMAX20180917_142227_V06,0,0.483,1.200,1931,0,87719.083,33,0,87490.724
KMAX20180917-2,KMAX20180917_142227_V06,2,0.879,1.200,1929,0,28094.504,21,0,28018.750
KMAX20180917-2,KMAX20180917_142227_V06,6,1.318,1.200,1929,0,1193.324,16,0,1144.970
KMAX20180917-2,KMAX20180917_142227_V06,8,1.802,1.200,967,0,68.431,7,0,33.190
KMAX20180917-2,KMAX20180917_142227_V06,9,2.417,1.200,964,0,48.775,2,0,34.451
KMAX20180917-2,KMAX20180917_143109_V06,0,0.483,1.200,4350,0,81964.015,74,0,81654.124
KMAX20180917-2,KMAX20180917_143109_V06,2,0.879,1.200,4351,0,36750.013,80,0,36124.300
KMAX20180917-2,KMAX20180917_143109_V06,6,1.318,1.200,4352,0,2637.757,67,0,2383.151
KMAX20180917-2,KMAX20180917_143109_V06,8,1.802,1.200,2177,0,78.647,5,0,55.594
KMAX20180917-2,KMAX20180917_143109_V06,9,2.417,1.200,2175,0,56.862,7,0,23.729
KMAX20180917-2,KMAX20180917_144947_V06,0,0.483,1.200,344,4,682396.001,9,4,651745.728
KMAX20180917-2,KMAX20180917_144947_V06,2,0.879,1.200,344,0,114512.589,7,0,113252.437
KMAX20180917-2,KMAX20180917_144947_V06,6,1.318,1.200,343,0,5193.918,4,0,5153.954
KMAX20180917-2,KMAX20180917_144947_V06,8,1.802,1.200,172,0,43.503,3,0,32.463
KMAX20180917-2,KMAX20180917_144947_V06,9,2.417,1.200,171,0,0.511,0,0,0.511
KMAX20180918-15,KMAX20180918_144324_V06,0,0.483,1.200,153,0,178201.902,1,0,178184.527
KMAX20180918-15,KMAX20180918_144324_V06,2,0.879,1.200,153,0,54494.961,0,0,54494.961
KMAX20180918-15,KMAX20180918_144324_V06,4,1.318,1.200,151,0,5970.829,0,0,5970.829
KMAX20180918-15,KMAX20180918_144324_V06,6,1.802,1.200,79,0,65.926,4,0,12.748
KMAX20180918-15,KMAX20180918_144324_V06,7,2.417,1.200,77,0,0.228,0,0,0.228
KMAX20180918-15,KMAX20180918_145024_V06,0,0.483,1.200,985,1,222628.379,37,0,222269.072
KMAX20180918-15,KMAX20180918_145024_V06,2,0.879,1.200,982,0,67897.037,23,0,67514.731
KMAX20180918-15,KMAX20180918_145024_V06,4,1.318,1.200,984,0,3887.490,6,0,3850.918
KMAX20180918-15,KMAX20180918_145024_V06,6,1.802,1.200,494,0,44.800,6,0,26.417
KMAX20180918-15,KMAX20180918_145024_V06,7,2.417,1.200,492,0,12.827,1,0,9.748
KMAX20180918-15,KMAX20180918_150616_V06,0,0.483,1.200,1133,0,222406.101,26,0,222250.959
KMAX20180918-15,KMAX20180918_150616_V06,2,0.879,1.200,1133,0,113960.414,36,0,113411.654
KMAX20180918-15,KMAX20180918_150616_V06,4,1.318,1.200,1133,0,4340.491,15,0,4214.036
KMAX20180918-15,KMAX20180918_150616_V06,6,1.802,1.200,565,0,10.539,0,0,10.539
KMAX20180918-15,KMAX20180918_150616_V06,7,2.417,1.200,568,0,10.103,1,0,6.597
KMAX20180918-2,KMAX20180918_130438_V06,0,0.483,1.200,229,0,303068.936,0,0,303068.936
KMAX20180918-2,KMAX20180918_130438_V06,2,0.879,1.200,228,0,106714.943,1,0,106687.564
KMAX20180918-2,KMAX20180918_130438_V06,4,1.318,1.200,228,0,5536.577,1,0,5526.863
KMAX20180918-2,KMAX20180918_130438_V06,6,1.802,1.200,115,0,21.280,5,0,0.325
KMAX20180918-2,KMAX20180918_130438_V06,7,2.417,1.200,113,0,9.563,2,0,0.328
KMAX20180918-2,KMAX20180918_131143_V06,0,0.483,1.200,1363,0,296217.705,25,0,296078.630
KMAX20180918-2,KMAX20180918_131143_V06,2,0.879,1.200,1367,0,110159.853,37,0,109799.797
KMAX20180918-2,KMAX20180918_131143_V06,4,1.318,1.200,1365,0,6086.272,11,0,6049.685
KMAX20180918-2,KMAX20180918_131143_V06,6,1.802,1.200,684,0,34.101,3,0,20.578
KMAX20180918-2,KMAX20180918_131143_V06,7,2.417,1.200,685,0,39.724,5,0,15.784
KMAX20180918-7,KMAX20180918_134004_V06,0,0.483,1.200,869,0,260702.445,13,0,248796.384
KMAX20180918-7,KMAX20180918_134004_V06,2,0.879,1.200,869,0,72203.604,20,0,72107.105
KMAX20180918-7,KMAX20180918_134004_V06,4,1.318,1.200,868,0,4081.905,5,0,4066.096
KMAX20180918-7,KMAX20180918_134004_V06,6,1.802,1.200,435,0,20.582,1,0,16.502
KMAX20180918-7,KMAX20180918_134004_V06,7,2.417,1.200,431,0,1.284,0,0,1.284
KMAX20180918-7,KMAX20180918_134709_V06,0,0.483,1.200,2094,0,155170.072,60,0,154832.768
KMAX20180918-7,KMAX20180918_134709_V06,2,0.879,1.200,2095,0,59434.129,45,0,58564.434
KMAX20180918-7,KMAX20180918_134709_V06,4,1.318,1.200,2095,0,3273.894,37,0,3024.931
KMAX20180918-7,KMAX20180918_134709_V06,6,1.802,1.200,1048,0,52.578,6,0,29.092
KMAX20180918-7,KMAX20180918_134709_V06,7,2.417,1.200,1051,0,51.321,3,0,31.933
KMAX20180918-12,KMAX20180918_142228_V06,0,0.483,1.200,602,0,216402.547,6,0,216359.542
KMAX20180918-12,KMAX20180918_142228_V06,2,0.879,1.200,600,0,64402.291,18,0,64293.594
KMAX20180918-12,KMAX20180918_142228_V06,4,1.318,1.200,600,0,5910.690,13,0,5736.800
KMAX20180918-12,KMAX20180918_142228_V06,6,1.802,1.200,298,0,24.153,3,0,11.328
KMAX20180918-12,KMAX20180918_142228_V06,7,2.417,1.200,300,0,43.918,3,0,31.875
KMAX20180918-12,KMAX20180918_142927_V06,0,0.483,1.200,2360,0,165035.238,39,0,164595.235
KMAX20180918-12,KMAX20180918_142927_V06,2,0.879,1.200,2360,0,71037.545,47,0,70808.618
KMAX20180918-12,KMAX20180918_142927_V06,4,1.318,1.200,2359,0,4062.349,31,0,3901.550
KMAX20180918-12,KMAX20180918_142927_V06,6,1.802,1.200,1182,0,111.158,9,0,66.679
KMAX20180918-12,KMAX20180918_142927_V06,7,2.417,1.200,1183,0,97.873,4,0,74.289
KMAX20180919-2,KMAX20180919_130019_V06,0,0.483,1.200,268,1,345254.250,2,1,345250.339
KMAX20180919-2,KMAX20180919_130019_V06,2,0.879,1.200,268,0,93536.873,3,0,92305.795
KMAX20180919-2,KMAX20180919_130019_V06,4,1.318,1.200,268,0,2529.041,6,0,2493.455
KMAX20180919-2,KMAX20180919_130019_V06,6,1.802,1.200,133,0,10.473,0,0,10.473
KMAX20180919-2,KMAX20180919_130019_V06,7,2.417,1.200,133,0,21.117,0,0,21.117
KMAX20180919-2,KMAX20180919_130723_V06,0,0.483,1.200,1032,2,385187.880,29,2,358947.572
KMAX20180919-2,KMAX20180919_130723_V06,2,0.879,1.200,1033,0,108888.101,20,0,108770.095
KMAX20180919-2,KMAX20180919_130723_V06,4,1.318,1.200,1034,0,5558.769,8,0,5335.914
KMAX20180919-2,KMAX20180919_130723_V06,6,1.802,1.200,515,0,56.178,3,0,8.022
KMAX20180919-2,KMAX20180919_130723_V06,7,2.417,1.200,516,0,76.415,7,0,5.798
KMAX20180919-2,KMAX20180919_131428_V06,0,0.483,1.200,1246,0,370225.327,34,0,362966.762
KMAX20180919-2,KMAX20180919_131428_V06,2,0.879,1.200,1249,0,131300.733,27,0,128621.287
KMAX20180919-2,KMAX20180919_131428_V06,4,1.318,1.200,1251,0,3315.732,21,0,2978.826
KMAX20180919-2,KMAX20180919_131428_V06,6,1.802,1.200,623,0,48.512,0,0,48.512
KMAX20180919-2,KMAX20180919_131428_V06,7,2.417,1.200,625,0,58.193,5,0,36.978
KMAX20180919-2,KMAX20180919_132132_V06,0,0.483,1.200,349,0,281030.361,9,0,280971.803
KMAX20180919-2,KMAX20180919_132132_V06,2,0.879,1.200,350,0,151646.803,7,0,151596.048
KMAX20180919-2,KMAX20180919_132132_V06,4,1.318,1.200,347,0,7112.415,7,0,6975.904
KMAX20180919-2,KMAX20180919_132132_V06,6,1.802,1.200,172,0,37.349,4,0,16.879
KMAX20180919-2,KMAX20180919_132132_V06,7,2.417,1.200,172,0,11.030,0,0,11.030
KMAX20180919-2,KMAX20180919_132837_V06,0,0.483,1.200,1563,0,298955.832,48,0,298510.681
KMAX20180919-2,KMAX20180919_132837_V06,2,0.879,1.200,1565,0,101702.774,33,0,94971.832
KMAX20180919-2,KMAX20180919_132837_V06,4,1.318,1.200,1564,0,6842.209,24,0,6580.985
KMAX20180919-2,KMAX20180919_132837_V06,6,1.802,1.200,781,0,78.380,7,0,50.593
KMAX20180919-2,KMAX20180919_132837_V06,7,2.417,1.200,781,0,50.661,10,0,8.991
KMAX20180919-2,KMAX20180919_133541_V06,0,0.483,1.200,3776,0,264824.671,97,0,264274.370
KMAX20180919-2,KMAX20180919_133541_V06,2,0.879,1.200,3777,0,140633.095,66,0,139995.822
KMAX20180919-2,KMAX20180919_133541_V06,4,1.318,1.200,3779,0,6629.153,58,0,6280.327
KMAX20180919-2,KMAX20180919_133541_V06,6,1.802,1.200,1895,0,100.589,13,0,51.213
KMAX20180919-2,KMAX20180919_133541_V06,7,2.417,1.200,1892,0,170.179,12,0,121.104
KMAX20180919-2,KMAX20180919_134246_V06,0,0.483,1.200,393,0,211382.774,8,0,211289.947
KMAX20180919-2,KMAX20180919_134246_V06,2,0.879,1.200,393,0,82948.251,7,0,82647.857
KMAX20180919-2,KMAX20180919_134246_V06,4,1.318,1.200,393,0,4151.247,4,0,4114.339
KMAX20180919-2,KMAX20180919_134246_V06,6,1.802,1.200,198,0,2.894,0,0,2.894
KMAX20180919-2,KMAX20180919_134246_V06,7,2.417,1.200,197,0,10.082,1,0,7.161
KMAX20180919-2,KMAX20180919_134952_V06,0,0.483,1.200,1673,0,248907.977,33,0,244207.345
KMAX20180919-2,KMAX20180919_134952_V06,2,0.879,1.200,1676,0,105276.964,34,0,104899.329
KMAX20180919-2,KMAX20180919_134952_V06,4,1.318,1.200,1677,0,3136.627,19,0,3031.151
KMAX20180919-2,KMAX20180919_134952_V06,6,1.802,1.200,841,0,57.105,3,0,40.639
KMAX20180919-2,KMAX20180919_134952_V06,7,2.417,1.200,841,0,45.806,1,0,41.066
KMAX20180919-14,KMAX20180919_143919_V06,0,0.483,1.200,170,0,168987.961,2,0,167279.059
KMAX20180919-14,KMAX20180919_143919_V06,2,0.879,1.200,172,0,45107.571,2,0,45099.607
KMAX20180919-14,KMAX20180919_143919_V06,4,1.318,1.200,171,0,4565.633,1,0,4218.959
KMAX20180919-14,KMAX20180919_143919_V06,6,1.802,1.200,86,0,28.885,3,0,15.131
KMAX20180919-14,KMAX20180919_143919_V06,7,2.417,1.200,87,0,0.258,0,0,0.258
KMAX20180919-14,KMAX20180919_144624_V06,0,0.483,1.200,1063,0,211040.473,18,0,210540.075
KMAX20180919-14,KMAX20180919_144624_V06,2,0.879,1.200,1063,0,38214.441,26,0,37160.206
KMAX20180919-14,KMAX20180919_144624_V06,4,1.318,1.200,1063,0,1427.504,11,0,1348.667
KMAX20180919-14,KMAX20180919_144624_V06,6,1.802,1.200,528,0,38.403,6,0,10.589
KMAX20180919-14,KMAX20180919_144624_V06,7,2.417,1.200,529,0,24.173,1,0,19.517
KMAX20180919-14,KMAX20180919_150023_V06,0,0.483,1.200,1018,0,276243.164,21,0,271271.650
KMAX20180919-14,KMAX20180919_150023_V06,2,0.879,1.200,1019,0,93726.580,23,0,93469.319
KMAX20180919-14,KMAX20180919_150023_V06,4,1.318,1.200,1021,0,7147.271,6,0,7132.898
KMAX20180919-14,KMAX20180919_150023_V06,6,1.802,1.200,511,0,10.291,2,0,1.507
KMAX20180919-14,KMAX20180919_150023_V06,7,2.417,1.200,513,0,23.952,3,0,11.342
KMAX20180919-14,KMAX20180919_150926_V06,0,0.483,1.200,1128,0,251881.844,13,0,251183.287
KMAX20180919-14,KMAX20180919_150926_V06,2,0.879,1.200,1131,0,85478.077,23,0,83934.075
KMAX20180919-14,KMAX20180919_150926_V06,4,1.318,1.200,1131,0,3281.699,10,0,2704.428
KMAX20180919-14,KMAX20180919_150926_V06,6,1.802,1.200,563,0,2710.807,3,0,2696.310
KMAX20180919-14,KMAX20180919_150926_V06,7,2.417,1.200,566,0,32.169,1,0,29.317
KMAX20180919-14,KMAX20180919_151630_V06,0,0.483,1.200,587,1,273126.063,24,1,268570.998
KMAX20180919-14,KMAX20180919_151630_V06,2,0.879,1.200,588,0,75530.698,24,0,74915.505
KMAX20180919-14,KMAX20180919_151630_V06,4,1.318,1.200,590,0,3301.631,7,0,3282.737
KMAX20180919-14,KMAX20180919_151630_V06,6,1.802,1.200,294,0,9.532,1,0,4.009
KMAX20180919-14,KMAX20180919_151630_V06,7,2.417,1.200,296,0,26.360,2,0,14.842
KMAX20180919-14,KMAX20180919_152333_V06,0,0.483,1.200,1700,0,195257.795,96,0,192078.659
KMAX20180919-14,KMAX20180919_152333_V06,2,0.879,1.200,1701,0,121420.527,40,0,121136.882
KMAX20180919-14,KMAX20180919_152333_V06,4,1.318,1.200,1701,0,8211.495,30,0,6877.621
KMAX20180919-14,KMAX20180919_152333_V06,6,1.802,1.200,851,0,58.371,9,0,17.028
KMAX20180919-14,KMAX20180919_152333_V06,7,2.417,1.200,850,0,26.337,2,0,20.495
KMAX20180920-1,KMAX20180920_130318_V06,0,0.483,1.200,557,0,188509.087,13,0,188461.530
KMAX20180920-1,KMAX20180920_130318_V06,2,0.879,1.200,559,0,40096.201,9,0,40043.406
KMAX20180920-1,KMAX20180920_130318_V06,4,1.318,1.200,558,0,2321.926,8,0,2280.336
KMAX20180920-1,KMAX20180920_130318_V06,6,1.802,1.200,277,0,37.301,2,0,25.415
KMAX20180920-1,KMAX20180920_130318_V06,7,2.417,1.200,279,0,13.303,1,0,10.715
KMAX20180920-1,KMAX20180920_131023_V06,0,0.483,1.200,1816,0,218600.896,57,0,214492.361
KMAX20180920-1,KMAX20180920_131023_V06,2,0.879,1.200,1814,0,48437.664,66,0,45003.404
KMAX20180920-1,KMAX20180920_131023_V06,4,1.318,1.200,1813,0,3751.844,29,0,3642.153
KMAX20180920-1,KMAX20180920_131023_V06,6,1.802,1.200,907,0,131.048,8,0,51.753
KMAX20180920-1,KMAX20180920_131023_V06,7,2.417,1.200,909,0,64.254,3,0,50.510
KMAX20180920-1,KMAX20180920_131728_V06,0,0.483,1.200,600,0,162514.725,20,0,162393.182
KMAX20180920-1,KMAX20180920_131728_V06,2,0.879,1.200,600,0,52727.179,11,0,52687.276
KMAX20180920-1,KMAX20180920_131728_V06,4,1.318,1.200,600,0,2990.748,10,0,2897.171
KMAX20180920-1,KMAX20180920_131728_V06,6,1.802,1.200,299,0,34.622,4,0,13.510
KMAX20180920-1,KMAX20180920_131728_V06,7,2.417,1.200,300,0,14.108,0,0,14.108
KMAX20180920-6,KMAX20180920_133127_V06,0,0.483,1.200,574,0,151316.673,11,0,150057.884
KMAX20180920-6,KMAX20180920_133127_V06,2,0.879,1.200,574,0,41674.995,23,0,41500.713
KMAX20180920-6,KMAX20180920_133127_V06,4,1.318,1.200,573,0,1823.797,7,0,1809.682
KMAX20180920-6,KMAX20180920_133127_V06,6,1.802,1.200,286,0,18.049,3,0,10.095
KMAX20180920-6,KMAX20180920_133127_V06,7,2.417,1.200,285,0,0.865,0,0,0.865
KMAX20180920-6,KMAX20180920_133832_V06,0,0.483,1.200,1794,1,138572.784,27,1,138355.439
KMAX20180920-6,KMAX20180920_133832_V06,2,0.879,1.200,1793,0,60023.072,40,0,59850.252
KMAX20180920-6,KMAX20180920_133832_V06,4,1.318,1.200,1793,0,1893.737,20,0,1814.134
KMAX20180920-6,KMAX20180920_133832_V06,6,1.802,1.200,897,0,72.389,4,0,52.804
KMAX20180920-6,KMAX20180920_133832_V06,7,2.417,1.200,901,0,68.798,5,0,47.761
KMAX20180920-11,KMAX20180920_141344_V06,0,0.483,1.200,195,0,135546.957,2,0,135515.180
KMAX20180920-11,KMAX20180920_141344_V06,2,0.879,1.200,194,0,40942.513,0,0,40942.513
KMAX20180920-11,KMAX20180920_141344_V06,4,1.318,1.200,194,0,1643.221,0,0,1643.221
KMAX20180920-11,KMAX20180920_141344_V06,6,1.802,1.200,98,0,15.246,3,0,3.833
KMAX20180920-11,KMAX20180920_141344_V06,7,2.417,1.200,96,0,3.765,0,0,3.765
KMAX20180920-11,KMAX20180920_142049_V06,0,0.483,1.200,1051,0,125710.947,18,0,125529.233
KMAX20180920-11,KMAX20180920_142049_V06,2,0.879,1.200,1051,0,41830.545,20,0,41630.592
KMAX20180920-11,KMAX20180920_142049_V06,4,1.318,1.200,1052,0,2322.450,5,0,2284.067
KMAX20180920-11,KMAX20180920_142049_V06,6,1.802,1.200,524,0,25.011,4,0,13.471
KMAX20180920-11,KMAX20180920_142049_V06,7,2.417,1.200,525,0,25.124,6,0,4.742
KMAX20180921-2,KMAX20180921_130601_V06,0,0.483,1.200,142,0,109826.994,2,0,104071.872
KMAX20180921-2,KMAX20180921_130601_V06,2,0.879,1.200,144,0,26393.287,0,0,26393.287
KMAX20180921-2,KMAX20180921_130601_V06,6,1.318,1.200,144,0,1238.750,2,0,1113.998
KMAX20180921-2,KMAX20180921_130601_V06,8,1.802,1.200,72,0,0.213,0,0,0.213
KMAX20180921-2,KMAX20180921_130601_V06,9,2.417,1.200,71,0,0.210,0,0,0.210
KMAX20180921-2,KMAX20180921_131442_V06,0,0.483,1.200,1122,0,100347.010,25,0,98362.106
KMAX20180921-2,KMAX20180921_131442_V06,2,0.879,1.200,1123,0,23948.206,20,0,23399.794
KMAX20180921-2,KMAX20180921_131442_V06,6,1.318,1.200,1124,0,1173.055,5,0,1163.532
KMAX20180921-2,KMAX20180921_131442_V06,8,1.802,1.200,561,0,21.178,0,0,21.178
KMAX20180921-2,KMAX20180921_131442_V06,9,2.417,1.200,558,0,20.053,2,0,12.891
KMAX20180921-2,KMAX20180921_132324_V06,0,0.483,1.200,3169,0,137182.663,97,0,136021.010
KMAX20180921-2,KMAX20180921_132324_V06,2,0.879,1.200,3168,0,30301.861,61,0,29421.702
KMAX20180921-2,KMAX20180921_132324_V06,6,1.318,1.200,3170,0,1778.075,40,0,1584.118
KMAX20180921-2,KMAX20180921_132324_V06,8,1.802,1.200,1586,0,23.566,5,0,4.748
KMAX20180921-2,KMAX20180921_132324_V06,9,2.417,1.200,1584,0,109.297,8,0,76.754
KMAX20180921-2,KMAX20180921_133206_V06,0,0.483,1.200,539,0,129223.366,12,0,127703.671
KMAX20180921-2,KMAX20180921_133206_V06,2,0.879,1.200,539,0,27344.977,17,0,25671.296
KMAX20180921-2,KMAX20180921_133206_V06,6,1.318,1.200,541,0,558.711,9,0,522.201
KMAX20180921-2,KMAX20180921_133206_V06,8,1.802,1.200,270,0,34.296,1,0,28.258
KMAX20180921-2,KMAX20180921_133206_V06,9,2.417,1.200,270,0,0.822,0,0,0.822
KMAX20180921-9,KMAX20180921_140652_V06,0,0.483,1.200,565,0,1158.408,9,0,1015.234
KMAX20180921-9,KMAX20180921_140652_V06,2,0.879,1.200,565,0,22.458,3,0,18.361
KMAX20180921-9,KMAX20180921_140652_V06,6,1.318,1.200,565,0,0.628,0,0,0.628
KMAX20180921-9,KMAX20180921_140652_V06,8,1.802,1.200,281,0,0.625,0,0,0.625
KMAX20180921-9,KMAX20180921_140652_V06,9,2.417,1.200,284,0,2.626,0,0,2.626
KMAX20180921-9,KMAX20180921_140652_V06,10,3.120,1.200,284,0,0.633,0,0,0.633
KMAX20180921-9,KMAX20180921_141533_V06,0,0.483,1.200,2100,0,2215.198,53,0,1781.658
KMAX20180921-9,KMAX20180921_141533_V06,2,0.879,1.200,2102,0,142.263,27,0,119.215
KMAX20180921-9,KMAX20180921_141533_V06,6,1.318,1.200,2102,0,19.161,11,0,12.790
KMAX20180921-9,KMAX20180921_141533_V06,8,1.802,1.200,1054,0,9.048,0,0,9.048
KMAX20180921-9,KMAX20180921_141533_V06,9,2.417,1.200,1055,0,2.375,0,0,2.375
KMAX20180921-9,KMAX20180921_141533_V06,10,3.120,1.200,1055,0,2.380,0,0,2.380
KMAX20180921-13,KMAX20180921_145020_V06,0,0.483,1.200,175,0,162051.534,0,0,162051.534
KMAX20180921-13,KMAX20180921_145020_V06,2,0.879,1.200,175,0,31497.631,2,0,31001.003
KMAX20180921-13,KMAX20180921_145020_V06,6,1.318,1.200,174,0,555.563,1,0,553.978
KMAX20180921-13,KMAX20180921_145020_V06,8,1.802,1.200,86,0,0.255,0,0,0.255
KMAX20180921-13,KMAX20180921_145020_V06,9,2.417,1.200,88,0,0.261,0,0,0.261
KMAX20180921-13,KMAX20180921_150743_V06,0,0.483,1.200,1200,0,100837.696,25,0,97995.577
KMAX20180921-13,KMAX20180921_150743_V06,2,0.879,1.200,1201,0,22798.873,10,0,22542.262
KMAX20180921-13,KMAX20180921_150743_V06,6,1.318,1.200,1206,0,1835.671,19,0,1408.046
KMAX20180921-13,KMAX20180921_150743_V06,8,1.802,1.200,603,0,72.885,3,0,58.922
KMAX20180921-13,KMAX20180921_150743_V06,9,2.417,1.200,607,0,58.694,7,0,15.018
KMAX20180921-7,KMAX20180921_140652_V06,0,0.483,1.200,563,0,119343.010,6,0,118863.083
KMAX20180921-7,KMAX20180921_140652_V06,2,0.879,1.200,564,0,42501.609,8,0,41150.833
KMAX20180921-7,KMAX20180921_140652_V06,6,1.318,1.200,564,0,8520.342,6,0,608.343
KMAX20180921-7,KMAX20180921_140652_V06,8,1.802,1.200,280,0,30.548,2,0,19.620
KMAX20180921-7,KMAX20180921_140652_V06,9,2.417,1.200,283,0,7.745,0,0,7.745
KMAX20180921-7,KMAX20180921_141533_V06,0,0.483,1.200,3871,0,105051.486,95,0,101324.370
KMAX20180921-7,KMAX20180921_141533_V06,2,0.879,1.200,3869,0,24165.269,62,0,23537.727
KMAX20180921-7,KMAX20180921_141533_V06,6,1.318,1.200,3868,0,18264.431,46,0,2522.134
KMAX20180921-7,KMAX20180921_141533_V06,8,1.802,1.200,1937,0,125.220,15,0,53.655
KMAX20180921-7,KMAX20180921_141533_V06,9,2.417,1.200,1937,0,29.029,2,0,16.821
KMAX20180921-7,KMAX20180921_142415_V06,0,0.483,1.200,685,0,100730.187,17,0,98209.821
KMAX20180921-7,KMAX20180921_142415_V06,2,0.879,1.200,686,0,30704.540,14,0,30495.815
KMAX20180921-7,KMAX20180921_142415_V06,6,1.318,1.200,688,0,500.969,7,0,482.337
KMAX20180921-7,KMAX20180921_142415_V06,8,1.802,1.200,342,0,61.914,0,0,61.914
KMAX20180921-7,KMAX20180921_142415_V06,9,2.417,1.200,343,0,22.551,1,0,18.895
KMAX20180922-3,KMAX20180922_131658_V06,0,0.483,1.200,237,0,199814.272,5,0,195443.847
KMAX20180922-3,KMAX20180922_131658_V06,2,0.879,1.200,235,0,108940.510,1,0,108937.989
KMAX20180922-3,KMAX20180922_131658_V06,6,1.318,1.200,236,0,1037.303,4,0,749.967
KMAX20180922-3,KMAX20180922_131658_V06,8,1.802,1.200,118,0,41.160,5,0,17.298
KMAX20180922-3,KMAX20180922_131658_V06,9,2.417,1.200,118,0,0.349,0,0,0.349
KMAX20180922-3,KMAX20180922_132539_V06,0,0.483,1.200,1404,0,198469.506,25,0,191868.340
KMAX20180922-3,KMAX20180922_132539_V06,2,0.879,1.200,1404,0,67863.808,33,0,53945.744
KMAX20180922-3,KMAX20180922_132539_V06,6,1.318,1.200,1400,0,3620.630,19,0,3192.420
KMAX20180922-3,KMAX20180922_132539_V06,8,1.802,1.200,702,0,28.824,7,0,2.055
KMAX20180922-3,KMAX20180922_132539_V06,9,2.417,1.200,700,0,37.527,2,0,24.556
KMAX20180922-3,KMAX20180922_133420_V06,0,0.483,1.200,1355,1,175577.844,17,1,165476.655
KMAX20180922-3,KMAX20180922_133420_V06,2,0.879,1.200,1355,0,79226.988,25,0,73245.985
KMAX20180922-3,KMAX20180922_133420_V06,6,1.318,1.200,1355,0,3552.673,8,0,3220.327
KMAX20180922-3,KMAX20180922_133420_V06,8,1.802,1.200,680,0,9.507,1,0,6.586
KMAX20180922-3,KMAX20180922_133420_V06,9,2.417,1.200,681,0,32.414,2,0,20.715
KMAX20180922-9,KMAX20180922_145316_V06,0,0.483,1.200,27428,0,4076289.166,15937,0,271783.493
KMAX20180922-9,KMAX20180922_145316_V06,2,0.879,1.200,27436,0,1671048.735,14981,0,139169.145
KMAX20180922-9,KMAX20180922_145316_V06,4,1.318,1.200,27452,0,436428.716,10149,0,66686.921
KMAX20180922-9,KMAX20180922_150100_V06,0,0.483,1.200,34628,0,5261476.591,19099,0,341535.695
KMAX20180922-9,KMAX20180922_150100_V06,2,0.879,1.200,34643,0,2328341.752,18456,0,191937.145
KMAX20180922-9,KMAX20180922_150100_V06,4,1.318,1.200,34670,0,543713.450,12806,0,85997.154
KMAX20180922-9,KMAX20180922_150521_V06,0,0.483,1.200,38687,0,5258499.866,19470,0,405747.592
KMAX20180922-9,KMAX20180922_150521_V06,2,0.879,1.200,38697,0,2154666.137,19511,0,208141.489
KMAX20180922-9,KMAX20180922_150521_V06,4,1.318,1.200,38704,0,723392.212,15183,0,108280.764
KMAX20180922-10,KMAX20180922_150100_V06,0,0.483,1.200,274,0,147252.973,10,0,143825.082
KMAX20180922-10,KMAX20180922_150100_V06,2,0.879,1.200,274,0,37687.606,13,0,37305.672
KMAX20180922-10,KMAX20180922_150100_V06,4,1.318,1.200,274,0,2896.651,9,0,2811.550
KMAX20180922-10,KMAX20180922_150100_V06,8,1.802,1.200,139,0,15.595,2,0,0.413
KMAX20180922-10,KMAX20180922_150100_V06,9,2.417,1.200,136,0,10.950,0,0,10.950
KMAX20180922-10,KMAX20180922_150521_V06,0,0.483,1.200,1039,0,120610.103,38,0,120398.868
KMAX20180922-10,KMAX20180922_150521_V06,2,0.879,1.200,1042,0,67630.496,39,0,66531.224
KMAX20180922-10,KMAX20180922_150521_V06,4,1.318,1.200,1037,0,2031.565,34,0,1479.124
KMAX20180922-10,KMAX20180922_150521_V06,8,1.802,1.200,518,0,38.885,0,0,38.885
KMAX20180922-10,KMAX20180922_150521_V06,9,2.417,1.200,522,0,24.176,1,0,20.627
KMAX20180922-6,KMAX20180922_140658_V06,0,0.483,1.200,14672,0,1971770.840,7582,0,77040.632
KMAX20180922-6,KMAX20180922_140658_V06,2,0.879,1.200,14681,0,772434.615,6458,0,62543.749
KMAX20180922-6,KMAX20180922_140658_V06,4,1.318,1.200,14690,0,138232.312,3154,0,19122.242
KMAX20180922-7,KMAX20180922_141834_V06,0,0.483,1.200,376,0,47370.517,15,0,47139.303
KMAX20180922-7,KMAX20180922_141834_V06,2,0.879,1.200,376,0,17241.268,18,0,16799.848
KMAX20180922-7,KMAX20180922_141834_V06,4,1.318,1.200,375,0,1628.032,22,0,908.173
KMAX20180922-7,KMAX20180922_141834_V06,8,1.802,1.200,189,0,0.555,0,0,0.555
KMAX20180922-7,KMAX20180922_141834_V06,9,2.417,1.200,190,0,24.481,0,0,24.481
KMAX20180922-7,KMAX20180922_142225_V06,0,0.483,1.200,1336,0,99304.636,47,0,97499.778
KMAX20180922-7,KMAX20180922_142225_V06,2,0.879,1.200,1334,0,28894.315,52,0,23603.649
KMAX20180922-7,KMAX20180922_142225_V06,4,1.318,1.200,1336,0,3774.758,57,0,3123.839
KMAX20180922-7,KMAX20180922_142225_V06,8,1.802,1.200,670,0,2042.906,3,0,1149.940
KMAX20180922-7,KMAX20180922_142225_V06,9,2.417,1.200,671,0,36.021,1,0,32.344
KMAX20180922-7,KMAX20180922_142617_V06,0,0.483,1.200,293,0,75270.286,12,0,73214.548
KMAX20180922-7,KMAX20180922_142617_V06,2,0.879,1.200,290,0,40971.205,13,0,40213.704
KMAX20180922-7,KMAX20180922_142617_V06,4,1.318,1.200,292,0,2549.337,18,0,2315.348
KMAX20180922-7,KMAX20180922_142617_V06,8,1.802,1.200,145,0,2042.483,2,0,306.582
KMAX20180922-7,KMAX20180922_142617_V06,9,2.417,1.200,144,0,7.005,0,0,7.005
KMAX20180922-15,KMAX20180922_152146_V06,0,0.483,1.200,855,0,125066.800,44,0,117544.662
KMAX20180922-15,KMAX20180922_152146_V06,2,0.879,1.200,852,0,48463.180,38,0,48204.720
KMAX20180922-15,KMAX20180922_152146_V06,4,1.318,1.200,851,0,3513.102,36,0,3312.973
KMAX20180922-15,KMAX20180922_152146_V06,8,1.802,1.200,429,0,26.675,0,0,26.675
KMAX20180922-15,KMAX20180922_152146_V06,9,2.417,1.200,427,0,124.616,3,0,55.091
KMAX20180923-1,KMAX20180923_130019_V06,0,0.483,1.200,594,0,208711.526,16,0,177339.469
KMAX20180923-1,KMAX20180923_130019_V06,2,0.879,1.200,594,0,57950.706,13,0,56877.570
KMAX20180923-1,KMAX20180923_130019_V06,6,1.318,1.200,593,0,651.444,5,0,630.032
KMAX20180923-1,KMAX20180923_130019_V06,8,1.802,1.200,295,0,20.128,3,0,10.823
KMAX20180923-1,KMAX20180923_130019_V06,9,2.417,1.200,296,0,0.895,0,0,0.895
KMAX20180923-1,KMAX20180923_130900_V06,0,0.483,1.200,1783,0,94216.219,69,0,93855.004
KMAX20180923-1,KMAX20180923_130900_V06,2,0.879,1.200,1784,0,17839.083,25,0,17757.591
KMAX20180923-1,KMAX20180923_130900_V06,6,1.318,1.200,1783,0,878.799,28,0,755.218
KMAX20180923-1,KMAX20180923_130900_V06,8,1.802,1.200,894,0,53.080,2,0,47.252
KMAX20180923-1,KMAX20180923_130900_V06,9,2.417,1.200,893,0,41.774,3,0,25.874
KMAX20180923-1,KMAX20180923_131741_V06,0,0.483,1.200,604,0,92621.769,22,0,90730.286
KMAX20180923-1,KMAX20180923_131741_V06,2,0.879,1.200,606,0,16493.532,19,0,16396.433
KMAX20180923-1,KMAX20180923_131741_V06,6,1.318,1.200,605,0,863.459,12,0,814.376
KMAX20180923-1,KMAX20180923_131741_V06,8,1.802,1.200,303,0,32.213,2,0,23.585
KMAX20180923-1,KMAX20180923_131741_V06,9,2.417,1.200,304,0,11.450,2,0,6.265
KMAX20180923-1,KMAX20180923_132621_V06,0,0.483,1.200,3956,0,97729.287,109,0,94494.812
KMAX20180923-1,KMAX20180923_132621_V06,2,0.879,1.200,3957,0,23738.446,88,0,23060.512
KMAX20180923-1,KMAX20180923_132621_V06,6,1.318,1.200,3958,0,1423.336,53,0,1198.849
KMAX20180923-1,KMAX20180923_132621_V06,8,1.802,1.200,1977,0,83.234,9,0,40.446
KMAX20180923-1,KMAX20180923_132621_V06,9,2.417,1.200,1984,0,90.959,8,0,45.217
KMAX20180923-1,KMAX20180923_133503_V06,0,0.483,1.200,613,0,65336.121,12,0,65218.655
KMAX20180923-1,KMAX20180923_133503_V06,2,0.879,1.200,613,0,13355.327,11,0,13293.724
KMAX20180923-1,KMAX20180923_133503_V06,6,1.318,1.200,614,0,616.613,9,0,593.278
KMAX20180923-1,KMAX20180923_133503_V06,8,1.802,1.200,306,0,20.499,2,0,10.162
KMAX20180923-1,KMAX20180923_133503_V06,9,2.417,1.200,305,0,16.748,1,0,12.323
KMAX20180923-1,KMAX20180923_134345_V06,0,0.483,1.200,4000,0,94986.457,88,0,94129.222
KMAX20180923-1,KMAX20180923_134345_V06,2,0.879,1.200,4002,0,21651.470,75,0,21416.650
KMAX20180923-1,KMAX20180923_134345_V06,6,1.318,1.200,4005,0,3240.904,74,0,2702.437
KMAX20180923-1,KMAX20180923_134345_V06,8,1.802,1.200,2003,0,218.219,13,0,167.098
KMAX20180923-1,KMAX20180923_134345_V06,9,2.417,1.200,2005,0,199.360,13,0,129.423
KMAX20180923-1,KMAX20180923_140108_V06,0,0.483,1.200,544,0,83421.132,4,0,82337.014
KMAX20180923-1,KMAX20180923_140108_V06,2,0.879,1.200,543,0,20448.514,11,0,20388.908
KMAX20180923-1,KMAX20180923_140108_V06,6,1.318,1.200,543,0,728.398,2,0,724.919
KMAX20180923-1,KMAX20180923_140108_V06,8,1.802,1.200,274,0,29.310,1,0,26.261
KMAX20180923-1,KMAX20180923_140108_V06,9,2.417,1.200,273,0,12.519,1,0,6.015
KMAX20180923-7,KMAX20180923_150149_V06,0,0.483,1.200,573,0,67464.564,9,0,67407.406
KMAX20180923-7,KMAX20180923_150149_V06,2,0.879,1.200,574,0,23362.517,14,0,21946.000
KMAX20180923-7,KMAX20180923_150149_V06,6,1.318,1.200,575,0,1724.390,7,0,1712.146
KMAX20180923-7,KMAX20180923_150149_V06,8,1.802,1.200,287,0,54.083,9,0,17.026
KMAX20180923-7,KMAX20180923_150149_V06,9,2.417,1.200,284,0,28.516,2,0,18.375
KMAX20180923-7,KMAX20180923_151030_V06,0,0.483,1.200,1939,0,72437.166,45,0,71654.024
KMAX20180923-7,KMAX20180923_151030_V06,2,0.879,1.200,1939,0,21983.433,21,0,21900.928
KMAX20180923-7,KMAX20180923_151030_V06,6,1.318,1.200,1938,0,2457.094,22,0,1946.987
KMAX20180923-7,KMAX20180923_151030_V06,8,1.802,1.200,967,0,38.244,7,0,12.094
KMAX20180923-7,KMAX20180923_151030_V06,9,2.417,1.200,968,0,45.210,7,0,12.878
KMAX20180923-7,KMAX20180923_151911_V06,0,0.483,1.200,743,0,86914.809,16,0,86322.542
KMAX20180923-7,KMAX20180923_151911_V06,2,0.879,1.200,741,0,17646.616,14,0,17533.719
KMAX20180923-7,KMAX20180923_151911_V06,6,1.318,1.200,742,0,824.203,6,0,806.314
KMAX20180923-7,KMAX20180923_151911_V06,8,1.802,1.200,371,0,71.553,8,0,27.466
KMAX20180923-7,KMAX20180923_151911_V06,9,2.417,1.200,373,0,34.025,5,0,9.294
KMAX20180923-7,KMAX20180923_152752_V06,0,0.483,1.200,2182,0,74108.766,54,0,73396.852
KMAX20180923-7,KMAX20180923_152752_V06,2,0.879,1.200,2182,0,22013.346,34,0,21282.091
KMAX20180923-7,KMAX20180923_152752_V06,6,1.318,1.200,2183,0,1570.523,13,0,1515.632
KMAX20180923-7,KMAX20180923_152752_V06,8,1.802,1.200,1093,0,78.698,9,0,17.799
KMAX20180923-7,KMAX20180923_152752_V06,9,2.417,1.200,1093,0,9.099,0,0,9.099
KMAX20180924-8,KMAX20180924_141729_V06,0,0.483,1.200,136,0,174196.531,6,0,150130.643
KMAX20180924-8,KMAX20180924_141729_V06,2,0.879,1.200,135,0,37628.910,1,0,35891.425
KMAX20180924-8,KMAX20180924_141729_V06,6,1.318,1.200,136,0,785.792,1,0,768.418
KMAX20180924-8,KMAX20180924_141729_V06,8,1.802,1.200,66,0,0.195,0,0,0.195
KMAX20180924-8,KMAX20180924_141729_V06,9,2.417,1.200,67,0,0.198,0,0,0.198
KMAX20180924-8,KMAX20180924_143840_V06,0,0.483,1.200,781,0,223912.027,30,0,208872.959
KMAX20180924-8,KMAX20180924_143840_V06,2,0.879,1.200,780,0,105793.469,29,0,85930.616
KMAX20180924-8,KMAX20180924_143840_V06,4,1.318,1.200,778,0,1264.936,24,0,1095.085
KMAX20180924-8,KMAX20180924_143840_V06,6,1.802,1.200,388,0,46.532,3,0,31.195
KMAX20180924-8,KMAX20180924_143840_V06,7,2.417,1.200,388,0,30.524,4,0,10.428
KMAX20180924-8,KMAX20180924_144310_V06,0,0.483,1.200,934,0,293306.776,31,0,286811.306
KMAX20180924-8,KMAX20180924_144310_V06,2,0.879,1.200,932,0,64423.167,23,0,61974.907
KMAX20180924-8,KMAX20180924_144310_V06,6,1.318,1.200,934,0,2163.857,23,0,1880.568
KMAX20180924-8,KMAX20180924_144310_V06,8,1.802,1.200,464,0,13.771,1,0,11.274
KMAX20180924-8,KMAX20180924_144310_V06,9,2.417,1.200,469,0,24.742,1,0,20.639
KMAX20180924-8,KMAX20180924_150028_V06,0,0.483,1.200,838,0,216502.937,24,0,215633.009
KMAX20180924-8,KMAX20180924_150028_V06,2,0.879,1.200,837,0,64566.690,18,0,64116.353
KMAX20180924-8,KMAX20180924_150028_V06,6,1.318,1.200,832,0,9111.780,14,0,8568.258
KMAX20180924-8,KMAX20180924_150028_V06,8,1.802,1.200,419,0,22.196,4,0,1.266
KMAX20180924-8,KMAX20180924_150028_V06,9,2.417,1.200,418,0,34.966,0,0,34.966
KMAX20180924-8,KMAX20180924_150912_V06,0,0.483,1.200,813,0,208029.220,14,0,204659.598
KMAX20180924-8,KMAX20180924_150912_V06,2,0.879,1.200,809,0,91927.541,17,0,76678.989
KMAX20180924-8,KMAX20180924_150912_V06,6,1.318,1.200,809,0,1331.333,8,0,1311.549
KMAX20180924-8,KMAX20180924_150912_V06,8,1.802,1.200,406,0,49.986,10,0,6.375
KMAX20180924-8,KMAX20180924_150912_V06,9,2.417,1.200,405,0,54.215,4,0,30.630
KMAX20180924-8,KMAX20180924_151754_V06,0,0.483,1.200,987,0,257525.121,24,0,254407.980
KMAX20180924-8,KMAX20180924_151754_V06,2,0.879,1.200,986,0,100162.525,9,0,99893.142
KMAX20180924-8,KMAX20180924_151754_V06,6,1.318,1.200,988,0,2264.927,17,0,2112.184
KMAX20180924-8,KMAX20180924_151754_V06,8,1.802,1.200,495,0,4.725,0,0,4.725
KMAX20180924-8,KMAX20180924_151754_V06,9,2.417,1.200,495,0,82.749,4,0,57.168
KMAX20180924-4,KMAX20180924_140007_V06,0,0.483,1.200,2005,0,6337.513,76,0,6061.492
KMAX20180924-4,KMAX20180924_140007_V06,2,0.879,1.200,2005,0,442.641,64,0,366.742
KMAX20180924-4,KMAX20180924_140007_V06,6,1.318,1.200,2006,0,145.439,48,0,115.758
KMAX20180924-4,KMAX20180924_140007_V06,8,1.802,1.200,1002,0,14.257,1,0,13.337
KMAX20180924-4,KMAX20180924_140007_V06,9,2.417,1.200,1002,0,22.028,3,0,18.672
KMAX20180924-4,KMAX20180924_140007_V06,10,3.120,1.200,1005,0,26.219,4,0,19.871
KMAX20180924-4,KMAX20180924_140007_V06,11,3.999,1.200,1009,0,10.908,1,0,10.128
KMAX20180924-4,KMAX20180924_140849_V06,0,0.483,1.200,9086,0,20236.090,377,0,19457.563
KMAX20180924-4,KMAX20180924_140849_V06,2,0.879,1.200,9087,0,2302.261,276,0,2040.389
KMAX20180924-4,KMAX20180924_140849_V06,6,1.318,1.200,9090,0,1141.190,184,0,878.373
KMAX20180924-4,KMAX20180924_140849_V06,8,1.802,1.200,4546,0,119.385,40,0,67.306
KMAX20180924-4,KMAX20180924_140849_V06,9,2.417,1.200,4551,0,68.803,28,0,42.508
KMAX20180924-4,KMAX20180924_140849_V06,10,3.120,1.200,4554,0,70.953,27,0,50.103
KMAX20180924-4,KMAX20180924_140849_V06,11,3.999,1.200,4557,0,66.828,22,0,39.267
KMAX20180924-4,KMAX20180924_141729_V06,0,0.483,1.200,11743,0,19361.607,460,0,18290.378
KMAX20180924-4,KMAX20180924_141729_V06,2,0.879,1.200,11748,0,3145.876,290,0,2880.291
KMAX20180924-4,KMAX20180924_141729_V06,6,1.318,1.200,11754,0,1426.510,294,0,1197.264
KMAX20180924-4,KMAX20180924_141729_V06,8,1.802,1.200,5872,0,87.495,26,0,65.854
KMAX20180924-4,KMAX20180924_141729_V06,9,2.417,1.200,5876,0,122.212,46,0,76.062
KMAX20180924-4,KMAX20180924_141729_V06,10,3.120,1.200,5885,0,88.075,35,0,64.269
KMAX20180924-4,KMAX20180924_141729_V06,11,3.999,1.200,5887,0,78.058,27,0,54.989
KMAX20180924-1,KMAX20180924_130759_V06,0,0.483,1.200,525,0,124705.048,9,0,124321.969
KMAX20180924-1,KMAX20180924_130759_V06,2,0.879,1.200,524,0,29213.410,12,0,29194.135
KMAX20180924-1,KMAX20180924_130759_V06,6,1.318,1.200,527,0,1075.456,1,0,1073.826
KMAX20180924-1,KMAX20180924_130759_V06,8,1.802,1.200,261,0,51.184,6,0,22.673
KMAX20180924-1,KMAX20180924_130759_V06,9,2.417,1.200,265,0,23.427,4,0,0.789
KMAX20180924-3,KMAX20180924_134245_V06,0,0.483,1.200,344,0,119229.685,13,0,110149.774
KMAX20180924-3,KMAX20180924_134245_V06,2,0.879,1.200,342,0,17239.397,3,0,17227.726
KMAX20180924-3,KMAX20180924_134245_V06,6,1.318,1.200,344,0,2557.080,3,0,2522.320
KMAX20180924-3,KMAX20180924_134245_V06,8,1.802,1.200,171,0,0.515,0,0,0.515
KMAX20180924-3,KMAX20180924_134245_V06,9,2.417,1.200,170,0,6.436,0,0,6.436
KMAX20180925-3,KMAX20180925_140149_V06,0,0.483,1.200,1413,0,27728.577,38,0,27651.027
KMAX20180925-3,KMAX20180925_140149_V06,2,0.879,1.200,1411,0,2181.287,15,0,2169.377
KMAX20180925-3,KMAX20180925_140149_V06,6,1.318,1.200,1410,0,46.013,12,0,40.779
KMAX20180925-3,KMAX20180925_140149_V06,8,1.802,1.200,704,0,2.976,0,0,2.976
KMAX20180925-3,KMAX20180925_140149_V06,9,2.417,1.200,703,0,5.086,0,0,5.086
KMAX20180925-3,KMAX20180925_140149_V06,10,3.120,1.200,707,0,5.509,0,0,5.509
KMAX20180925-3,KMAX20180925_141031_V06,0,0.483,1.200,4592,0,40335.155,152,0,39995.228
KMAX20180925-3,KMAX20180925_141031_V06,2,0.879,1.200,4592,0,5885.461,86,0,5826.058
KMAX20180925-3,KMAX20180925_141031_V06,6,1.318,1.200,4597,0,678.731,69,0,517.557
KMAX20180925-3,KMAX20180925_141031_V06,8,1.802,1.200,2298,0,43.359,15,0,22.771
KMAX20180925-3,KMAX20180925_141031_V06,9,2.417,1.200,2298,0,31.363,7,0,20.141
KMAX20180925-3,KMAX20180925_141031_V06,10,3.120,1.200,2302,0,11.334,4,0,9.446
KMAX20180925-3,KMAX20180925_141031_V06,11,3.999,1.200,2302,0,24.373,2,0,23.390
KMAX20180925-3,KMAX20180925_142752_V06,0,0.483,1.200,11422,0,10731.691,431,0,9986.565
KMAX20180925-3,KMAX20180925_142752_V06,2,0.879,1.200,11424,0,2317.246,397,0,1943.628
KMAX20180925-3,KMAX20180925_142752_V06,6,1.318,1.200,11432,0,1325.937,299,0,1093.955
KMAX20180925-3,KMAX20180925_142752_V06,8,1.802,1.200,5717,0,86.783,48,0,39.818
KMAX20180925-3,KMAX20180925_142752_V06,9,2.417,1.200,5724,0,87.232,69,0,38.626
KMAX20180925-3,KMAX20180925_142752_V06,10,3.120,1.200,5724,0,49.082,26,0,36.309
KMAX20180925-3,KMAX20180925_142752_V06,11,3.999,1.200,5732,0,87.897,27,0,64.807
KMAX20180925-5,KMAX20180925_140149_V06,0,0.483,1.200,224,0,87494.050,0,0,87494.050
KMAX20180925-5,KMAX20180925_140149_V06,2,0.879,1.200,223,0,31585.323,0,0,31585.323
KMAX20180925-5,KMAX20180925_140149_V06,6,1.318,1.200,223,0,1041.826,2,0,1038.685
KMAX20180925-5,KMAX20180925_140149_V06,8,1.802,1.200,114,0,0.339,0,0,0.339
KMAX20180925-5,KMAX20180925_140149_V06,9,2.417,1.200,115,0,0.342,0,0,0.342
KMAX20180925-5,KMAX20180925_141031_V06,0,0.483,1.200,1472,0,67358.353,29,0,67227.736
KMAX20180925-5,KMAX20180925_141031_V06,2,0.879,1.200,1474,0,26095.293,25,0,25639.827
KMAX20180925-5,KMAX20180925_141031_V06,6,1.318,1.200,1470,0,1064.286,20,0,789.415
KMAX20180925-5,KMAX20180925_141031_V06,8,1.802,1.200,735,0,14.377,2,0,2.198
KMAX20180925-5,KMAX20180925_141031_V06,9,2.417,1.200,733,0,33.228,1,0,29.753
KMAX20180925-11,KMAX20180925_152412_V06,0,0.483,1.200,1346,0,45667.019,28,0,44323.233
KMAX20180925-11,KMAX20180925_152412_V06,2,0.879,1.200,1350,0,15291.664,32,0,14434.069
KMAX20180925-11,KMAX20180925_152412_V06,4,1.318,1.200,1348,0,132.527,13,0,64.872
KMAX20180925-11,KMAX20180925_152412_V06,6,1.802,1.200,674,0,2.206,0,0,2.206
KMAX20180925-11,KMAX20180925_152412_V06,7,2.417,1.200,677,0,11.098,0,0,11.098
KMAX20180925-11,KMAX20180925_152741_V06,0,0.483,1.200,2504,0,36693.117,28,0,36656.340
KMAX20180925-11,KMAX20180925_152741_V06,2,0.879,1.200,2507,0,4620.590,17,0,4557.293
KMAX20180925-11,KMAX20180925_152741_V06,4,1.318,1.200,2506,0,16.510,2,0,14.194
KMAX20180925-11,KMAX20180925_152741_V06,6,1.802,1.200,1256,0,15.759,0,0,15.759
KMAX20180925-11,KMAX20180925_152741_V06,7,2.417,1.200,1256,0,4.163,0,0,4.163
KMAX20180925-13,KMAX20180925_152412_V06,0,0.483,1.200,1246,0,42803.534,38,0,41445.649
KMAX20180925-13,KMAX20180925_152412_V06,2,0.879,1.200,1247,0,14934.324,33,0,14127.308
KMAX20180925-13,KMAX20180925_152412_V06,4,1.318,1.200,1247,0,152.212,16,0,80.055
KMAX20180925-13,KMAX20180925_152412_V06,6,1.802,1.200,622,0,1.753,0,0,1.753
KMAX20180925-13,KMAX20180925_152412_V06,7,2.417,1.200,623,0,1.758,0,0,1.758
KMAX20180925-13,KMAX20180925_152412_V06,8,3.120,1.200,623,0,1.760,0,0,1.760
KMAX20180925-13,KMAX20180925_152741_V06,0,0.483,1.200,2387,0,36694.437,31,0,36652.637
KMAX20180925-13,KMAX20180925_152741_V06,2,0.879,1.200,2386,0,4702.118,36,0,4599.329
KMAX20180925-13,KMAX20180925_152741_V06,4,1.318,1.200,2385,0,47.684,5,0,39.047
KMAX20180925-13,KMAX20180925_152741_V06,6,1.802,1.200,1193,0,8.478,0,0,8.478
KMAX20180925-13,KMAX20180925_152741_V06,7,2.417,1.200,1196,0,3.374,0,0,3.374
KMAX20180925-13,KMAX20180925_152741_V06,8,3.120,1.200,1197,0,3.381,0,0,3.381
KMAX20180925-1,KMAX20180925_131813_V06,0,0.483,1.200,585,0,55146.552,16,0,55076.181
KMAX20180925-1,KMAX20180925_131813_V06,2,0.879,1.200,585,0,17024.580,19,0,16935.385
KMAX20180925-1,KMAX20180925_131813_V06,6,1.318,1.200,586,0,993.265,9,0,962.563
KMAX20180925-1,KMAX20180925_131813_V06,8,1.802,1.200,291,0,28.740,2,0,14.306
KMAX20180925-1,KMAX20180925_131813_V06,9,2.417,1.200,290,0,14.388,0,0,14.388
KMAX20180925-2,KMAX20180925_134423_V06,0,0.483,1.200,470,0,86717.139,1,0,86711.801
KMAX20180925-2,KMAX20180925_134423_V06,2,0.879,1.200,469,0,21754.397,8,0,21630.876
KMAX20180925-2,KMAX20180925_134423_V06,6,1.318,1.200,471,0,1210.781,2,0,1208.612
KMAX20180925-2,KMAX20180925_134423_V06,8,1.802,1.200,234,0,34.742,0,0,34.742
KMAX20180925-2,KMAX20180925_134423_V06,9,2.417,1.200,235,0,0.689,0,0,0.689
KMAX20180925-9,KMAX20180925_144711_V06,0,0.483,1.200,489,0,86555.657,7,0,85715.924
KMAX20180925-9,KMAX20180925_144711_V06,2,0.879,1.200,487,0,25292.904,10,0,25235.574
KMAX20180925-9,KMAX20180925_144711_V06,6,1.318,1.200,485,0,1000.624,3,0,990.387
KMAX20180925-9,KMAX20180925_144711_V06,8,1.802,1.200,244,0,6.648,0,0,6.648
KMAX20180925-9,KMAX20180925_144711_V06,9,2.417,1.200,243,0,9.499,0,0,9.499
KMAX20180926-3,KMAX20180926_140141_V06,0,-0.220,1.200,2708,0,170761.249,174,0,166963.833
KMAX20180926-3,KMAX20180926_140141_V06,2,0.483,1.200,2714,0,11461.014,210,0,10675.170
KMAX20180926-3,KMAX20180926_140141_V06,4,0.879,1.200,2717,0,1445.885,185,0,1172.716
KMAX20180926-3,KMAX20180926_140141_V06,6,1.318,1.200,2709,0,409.465,88,0,320.901
KMAX20180926-3,KMAX20180926_140141_V06,10,1.802,1.200,1360,0,45.241,0,0,45.241
KMAX20180926-3,KMAX20180926_140141_V06,11,2.417,1.200,1361,0,23.993,2,0,21.705
KMAX20180926-3,KMAX20180926_140141_V06,12,3.120,1.200,1362,0,20.346,2,0,17.970
KMAX20180926-3,KMAX20180926_140649_V06,0,-0.220,1.200,5214,0,201808.572,183,0,200894.467
KMAX20180926-3,KMAX20180926_140649_V06,2,0.483,1.200,5216,0,25897.124,220,0,25392.594
KMAX20180926-3,KMAX20180926_140649_V06,4,0.879,1.200,5217,0,2811.640,245,0,2427.677
KMAX20180926-3,KMAX20180926_140649_V06,8,1.318,1.200,5217,0,841.149,122,0,713.709
KMAX20180926-3,KMAX20180926_140649_V06,10,1.802,1.200,2617,0,79.298,23,0,39.691
KMAX20180926-3,KMAX20180926_140649_V06,11,2.417,1.200,2619,0,93.419,23,0,38.774
KMAX20180926-3,KMAX20180926_140649_V06,12,3.120,1.200,2618,0,76.187,11,0,44.610
KMAX20180926-3,KMAX20180926_141700_V06,0,-0.220,1.200,10463,0,359042.604,320,0,357131.471
KMAX20180926-3,KMAX20180926_141700_V06,2,0.483,1.200,10467,0,57338.135,570,0,56178.587
KMAX20180926-3,KMAX20180926_141700_V06,4,0.879,1.200,10472,0,7558.682,677,0,6806.934
KMAX20180926-3,KMAX20180926_141700_V06,8,1.318,1.200,10473,0,2277.261,493,0,1624.109
KMAX20180926-3,KMAX20180926_141700_V06,10,1.802,1.200,5238,0,177.030,79,0,79.173
KMAX20180926-3,KMAX20180926_141700_V06,11,2.417,1.200,5239,0,98.982,34,0,55.803
KMAX20180926-3,KMAX20180926_141700_V06,12,3.120,1.200,5241,0,113.889,31,0,82.947
KMAX20180926-3,KMAX20180926_141700_V06,13,3.999,1.200,5251,0,108.275,36,0,67.997
KMAX20180926-3,KMAX20180926_142721_V06,0,-0.220,1.200,17766,0,457647.653,616,0,420915.689
KMAX20180926-3,KMAX20180926_142721_V06,2,0.483,1.200,17771,0,69974.221,998,0,67214.670
KMAX20180926-3,KMAX20180926_142721_V06,4,0.879,1.200,17778,0,12948.987,1135,0,11975.991
KMAX20180926-3,KMAX20180926_142721_V06,8,1.318,1.200,17781,0,3766.803,911,0,3072.350
KMAX20180926-3,KMAX20180926_142721_V06,10,1.802,1.200,8894,0,259.776,137,0,129.655
KMAX20180926-3,KMAX20180926_142721_V06,11,2.417,1.200,8901,0,179.884,108,0,102.081
KMAX20180926-3,KMAX20180926_142721_V06,12,3.120,1.200,8904,0,148.207,66,0,107.643
KMAX20180926-3,KMAX20180926_142721_V06,13,3.999,1.200,8917,0,174.775,64,0,100.480
KMAX20180926-3,KMAX20180926_143744_V06,0,-0.220,1.200,21332,0,337335.715,954,0,329453.360
KMAX20180926-3,KMAX20180926_143744_V06,2,0.483,1.200,21332,0,64481.898,1225,0,61078.372
KMAX20180926-3,KMAX20180926_143744_V06,4,0.879,1.200,21339,0,17438.423,1528,0,15615.200
KMAX20180926-3,KMAX20180926_143744_V06,8,1.318,1.200,21345,0,5284.668,1350,0,4369.540
KMAX20180926-3,KMAX20180926_143744_V06,10,1.802,1.200,10682,0,440.098,282,0,245.139
KMAX20180926-3,KMAX20180926_143744_V06,11,2.417,1.200,10684,0,237.304,168,0,144.527
KMAX20180926-3,KMAX20180926_143744_V06,12,3.120,1.200,10688,0,197.516,157,0,124.392
KMAX20180926-3,KMAX20180926_143744_V06,13,3.999,1.200,10701,0,211.767,130,0,149.717
KMAX20180926-2,KMAX20180926_134112_V06,0,-0.220,1.200,341,0,171769.156,21,0,128727.516
KMAX20180926-2,KMAX20180926_134112_V06,2,0.483,1.200,340,0,171495.861,15,0,162772.409
KMAX20180926-2,KMAX20180926_134112_V06,4,0.879,1.200,341,0,31246.152,22,0,27880.752
KMAX20180926-2,KMAX20180926_134112_V06,6,1.318,1.200,340,0,964.480,22,0,745.896
KMAX20180926-2,KMAX20180926_134112_V06,10,1.802,1.200,169,0,30.315,5,0,4.257
KMAX20180926-2,KMAX20180926_134112_V06,11,2.417,1.200,168,0,17.639,0,0,17.639
KMAX20180926-2,KMAX20180926_134620_V06,0,-0.220,1.200,1207,0,458169.897,73,0,422749.849
KMAX20180926-2,KMAX20180926_134620_V06,2,0.483,1.200,1204,0,118680.278,92,0,116655.616
KMAX20180926-2,KMAX20180926_134620_V06,4,0.879,1.200,1206,0,26305.938,59,0,21991.813
KMAX20180926-2,KMAX20180926_134620_V06,6,1.318,1.200,1203,0,2904.076,48,0,2677.962
KMAX20180926-2,KMAX20180926_134620_V06,10,1.802,1.200,605,0,96.994,1,0,87.911
KMAX20180926-2,KMAX20180926_134620_V06,11,2.417,1.200,604,0,50.716,0,0,50.716
KMAX20180926-10,KMAX20180926_142721_V06,0,-0.220,1.200,562,0,155725.401,15,0,155623.284
KMAX20180926-10,KMAX20180926_142721_V06,2,0.483,1.200,562,0,97288.400,8,0,97250.796
KMAX20180926-10,KMAX20180926_142721_V06,4,0.879,1.200,562,0,27964.661,18,0,27914.017
KMAX20180926-10,KMAX20180926_142721_V06,8,1.318,1.200,564,0,1122.446,4,0,1115.367
KMAX20180926-10,KMAX20180926_142721_V06,10,1.802,1.200,283,0,21.403,4,0,5.976
KMAX20180926-10,KMAX20180926_142721_V06,11,2.417,1.200,283,0,11.190,0,0,11.190
KMAX20180926-10,KMAX20180926_143744_V06,0,-0.220,1.200,2109,0,320821.921,77,0,320340.682
KMAX20180926-10,KMAX20180926_143744_V06,2,0.483,1.200,2111,0,84705.021,64,0,84370.736
KMAX20180926-10,KMAX20180926_143744_V06,4,0.879,1.200,2112,0,9366.069,50,0,9229.857
KMAX20180926-10,KMAX20180926_143744_V06,8,1.318,1.200,2109,0,1071.003,19,0,1013.803
KMAX20180926-10,KMAX20180926_143744_V06,10,1.802,1.200,1053,0,53.399,4,0,30.502
KMAX20180926-10,KMAX20180926_143744_V06,11,2.417,1.200,1054,0,15.384,0,0,15.384
KMAX20180926-13,KMAX20180926_152106_V06,0,-0.220,1.200,290,0,112385.564,1,0,112375.681
KMAX20180926-13,KMAX20180926_152106_V06,2,0.483,1.200,291,0,171566.918,3,0,171562.561
KMAX20180926-13,KMAX20180926_152106_V06,4,0.879,1.200,290,0,35223.049,11,0,35175.966
KMAX20180926-13,KMAX20180926_152106_V06,8,1.318,1.200,290,0,859.060,7,0,851.099
KMAX20180926-13,KMAX20180926_152106_V06,10,1.802,1.200,145,0,29.806,6,0,6.931
KMAX20180926-13,KMAX20180926_152106_V06,11,2.417,1.200,145,0,0.437,0,0,0.437
KMAX20180926-13,KMAX20180926_153127_V06,0,-0.220,1.200,1711,0,353345.467,43,0,353036.184
KMAX20180926-13,KMAX20180926_153127_V06,2,0.483,1.200,1711,0,115777.930,42,0,115541.834
KMAX20180926-13,KMAX20180926_153127_V06,4,0.879,1.200,1711,0,22977.319,61,0,22787.476
KMAX20180926-13,KMAX20180926_153127_V06,8,1.318,1.200,1712,0,786.886,20,0,715.251
KMAX20180926-13,KMAX20180926_153127_V06,10,1.802,1.200,859,0,64.366,7,0,31.793
KMAX20180926-13,KMAX20180926_153127_V06,11,2.417,1.200,858,0,37.776,3,0,26.100
KMAX20180926-1,KMAX20180926_132552_V06,0,-0.220,1.200,544,0,304322.213,38,0,256466.573
KMAX20180926-1,KMAX20180926_132552_V06,2,0.483,1.200,547,0,224291.167,31,0,164361.994
KMAX20180926-1,KMAX20180926_132552_V06,4,0.879,1.200,545,0,60284.258,31,0,52816.719
KMAX20180926-1,KMAX20180926_132552_V06,6,1.318,1.200,548,0,2658.815,25,0,2459.306
KMAX20180926-1,KMAX20180926_132552_V06,10,1.802,1.200,272,0,92.803,1,0,87.895
KMAX20180926-1,KMAX20180926_132552_V06,11,2.417,1.200,274,0,36.603,0,0,36.603
KMAX20180926-6,KMAX20180926_140649_V06,0,-0.220,1.200,519,0,235810.114,18,0,235712.411
KMAX20180926-6,KMAX20180926_140649_V06,2,0.483,1.200,520,0,123214.672,10,0,123133.551
KMAX20180926-6,KMAX20180926_140649_V06,4,0.879,1.200,521,0,21358.239,10,0,21310.324
KMAX20180926-6,KMAX20180926_140649_V06,8,1.318,1.200,519,0,1062.331,10,0,1040.790
KMAX20180926-6,KMAX20180926_140649_V06,10,1.802,1.200,260,0,18.648,1,0,11.309
KMAX20180926-6,KMAX20180926_140649_V06,11,2.417,1.200,260,0,51.451,3,0,25.174
KMAX20180927-4,KMAX20180927_140455_V06,0,-0.220,1.200,596,0,80287.175,15,0,78316.250
KMAX20180927-4,KMAX20180927_140455_V06,2,0.483,1.200,597,0,9201.326,24,0,9072.936
KMAX20180927-4,KMAX20180927_140455_V06,4,0.879,1.200,599,0,326.404,48,0,250.622
KMAX20180927-4,KMAX20180927_140455_V06,6,1.318,1.200,599,0,36.582,22,0,16.894
KMAX20180927-4,KMAX20180927_140455_V06,10,1.802,1.200,298,0,6.466,0,0,6.466
KMAX20180927-4,KMAX20180927_140455_V06,11,2.417,1.200,297,0,0.581,0,0,0.581
KMAX20180927-4,KMAX20180927_140455_V06,12,3.120,1.200,298,0,5.443,0,0,5.443
KMAX20180927-4,KMAX20180927_141004_V06,0,-0.220,1.200,1461,0,89122.189,83,0,86164.617
KMAX20180927-4,KMAX20180927_141004_V06,2,0.483,1.200,1462,0,36990.773,87,0,33769.491
KMAX20180927-4,KMAX20180927_141004_V06,4,0.879,1.200,1461,0,1793.982,90,0,1553.453
KMAX20180927-4,KMAX20180927_141004_V06,6,1.318,1.200,1458,0,83.198,22,0,63.768
KMAX20180927-4,KMAX20180927_141004_V06,10,1.802,1.200,728,0,13.968,1,0,11.357
KMAX20180927-4,KMAX20180927_141004_V06,11,2.417,1.200,731,0,4.725,0,0,4.725
KMAX20180927-4,KMAX20180927_141004_V06,12,3.120,1.200,732,0,1.459,0,0,1.459
KMAX20180927-4,KMAX20180927_141511_V06,0,-0.220,1.200,3471,0,113813.922,191,0,107311.302
KMAX20180927-4,KMAX20180927_141511_V06,2,0.483,1.200,3469,0,86981.336,191,0,76436.180
KMAX20180927-4,KMAX20180927_141511_V06,4,0.879,1.200,3471,0,8860.797,222,0,7387.728
KMAX20180927-4,KMAX20180927_141511_V06,6,1.318,1.200,3471,0,677.948,137,0,408.426
KMAX20180927-4,KMAX20180927_141511_V06,10,1.802,1.200,1736,0,47.085,3,0,38.753
KMAX20180927-4,KMAX20180927_141511_V06,11,2.417,1.200,1737,0,16.385,0,0,16.385
KMAX20180927-4,KMAX20180927_141511_V06,12,3.120,1.200,1735,0,15.550,0,0,15.550
KMAX20180927-4,KMAX20180927_142019_V06,0,-0.220,1.200,6464,0,230519.011,371,0,220579.083
KMAX20180927-4,KMAX20180927_142019_V06,2,0.483,1.200,6465,0,122328.385,349,0,102942.175
KMAX20180927-4,KMAX20180927_142019_V06,4,0.879,1.200,6467,0,18454.131,381,0,15705.619
KMAX20180927-4,KMAX20180927_142019_V06,6,1.318,1.200,6468,0,1641.255,304,0,1096.615
KMAX20180927-4,KMAX20180927_142019_V06,10,1.802,1.200,3235,0,80.278,3,0,75.033
KMAX20180927-4,KMAX20180927_142019_V06,11,2.417,1.200,3236,0,28.991,1,0,27.565
KMAX20180927-4,KMAX20180927_142019_V06,12,3.120,1.200,3239,0,22.480,2,0,15.886
KMAX20180927-4,KMAX20180927_142526_V06,0,-0.220,1.200,8654,0,269077.320,568,0,254513.933
KMAX20180927-4,KMAX20180927_142526_V06,2,0.483,1.200,8649,0,122380.976,541,0,105927.218
KMAX20180927-4,KMAX20180927_142526_V06,4,0.879,1.200,8663,0,29716.394,605,0,24643.656
KMAX20180927-4,KMAX20180927_142526_V06,6,1.318,1.200,8656,0,2690.169,356,0,1901.913
KMAX20180927-4,KMAX20180927_142526_V06,10,1.802,1.200,4325,0,92.134,6,0,87.480
KMAX20180927-4,KMAX20180927_142526_V06,11,2.417,1.200,4333,0,50.367,3,0,47.311
KMAX20180927-4,KMAX20180927_142526_V06,12,3.120,1.200,4336,0,61.438,4,0,51.076
KMAX20180927-4,KMAX20180927_143033_V06,0,-0.220,1.200,14463,0,315621.937,947,0,301051.851
KMAX20180927-4,KMAX20180927_143033_V06,2,0.483,1.200,14467,0,114403.825,937,0,100990.332
KMAX20180927-4,KMAX20180927_143033_V06,4,0.879,1.200,14472,0,38442.680,895,0,32054.178
KMAX20180927-4,KMAX20180927_143033_V06,6,1.318,1.200,14477,0,4175.337,599,0,3131.090
KMAX20180927-4,KMAX20180927_143033_V06,10,1.802,1.200,7243,0,245.505,14,0,174.280
KMAX20180927-4,KMAX20180927_143033_V06,11,2.417,1.200,7243,0,83.869,1,0,83.479
KMAX20180927-4,KMAX20180927_143033_V06,12,3.120,1.200,7250,0,73.031,0,0,73.031
KMAX20180927-4,KMAX20180927_143541_V06,0,-0.220,1.200,14153,0,279713.083,985,0,265766.824
KMAX20180927-4,KMAX20180927_143541_V06,2,0.483,1.200,14153,0,105702.857,958,0,90599.160
KMAX20180927-4,KMAX20180927_143541_V06,4,0.879,1.200,14154,0,39410.228,873,0,34054.789
KMAX20180927-4,KMAX20180927_143541_V06,6,1.318,1.200,14163,0,4316.049,554,0,3216.250
KMAX20180927-4,KMAX20180927_143541_V06,10,1.802,1.200,7092,0,345.513,55,0,203.028
KMAX20180927-4,KMAX20180927_143541_V06,11,2.417,1.200,7095,0,95.212,6,0,90.511
KMAX20180927-4,KMAX20180927_143541_V06,12,3.120,1.200,7090,0,83.079,4,0,78.372
KMAX20180927-4,KMAX20180927_144048_V06,0,-0.220,1.200,15273,0,280253.835,1018,0,270021.086
KMAX20180927-4,KMAX20180927_144048_V06,2,0.483,1.200,15278,0,88097.916,1088,0,76684.055
KMAX20180927-4,KMAX20180927_144048_V06,4,0.879,1.200,15284,0,26982.913,975,0,23310.128
KMAX20180927-4,KMAX20180927_144048_V06,6,1.318,1.200,15280,0,3940.140,579,0,2999.437
KMAX20180927-4,KMAX20180927_144048_V06,10,1.802,1.200,7636,0,321.458,45,0,223.165
KMAX20180927-4,KMAX20180927_144048_V06,11,2.417,1.200,7644,0,142.423,8,0,129.723
KMAX20180927-4,KMAX20180927_144048_V06,12,3.120,1.200,7653,0,89.022,2,0,84.150
KMAX20180927-4,KMAX20180927_144554_V06,0,-0.220,1.200,19794,0,277700.202,1345,0,264907.451
KMAX20180927-4,KMAX20180927_144554_V06,2,0.483,1.200,19800,0,87606.512,1464,0,70681.898
KMAX20180927-4,KMAX20180927_144554_V06,4,0.879,1.200,19800,0,30631.004,1313,0,24119.480
KMAX20180927-4,KMAX20180927_144554_V06,6,1.318,1.200,19830,0,5730.609,884,0,3942.740
KMAX20180927-4,KMAX20180927_144554_V06,10,1.802,1.200,9908,0,308.271,70,0,208.100
KMAX20180927-4,KMAX20180927_144554_V06,11,2.417,1.200,9914,0,335.222,27,0,239.625
KMAX20180927-4,KMAX20180927_144554_V06,12,3.120,1.200,9915,0,352.833,15,0,250.279
KMAX20180927-4,KMAX20180927_145102_V06,0,-0.220,1.200,19232,0,258470.610,1372,0,238515.908
KMAX20180927-4,KMAX20180927_145102_V06,2,0.483,1.200,19234,0,76882.839,1411,0,64394.430
KMAX20180927-4,KMAX20180927_145102_V06,4,0.879,1.200,19240,0,26330.009,1176,0,21046.475
KMAX20180927-4,KMAX20180927_145102_V06,6,1.318,1.200,19240,0,6069.476,816,0,3953.843
KMAX20180927-4,KMAX20180927_145102_V06,10,1.802,1.200,9614,0,583.176,48,0,475.468
KMAX20180927-4,KMAX20180927_145102_V06,11,2.417,1.200,9616,0,260.196,7,0,240.157
KMAX20180927-4,KMAX20180927_145102_V06,12,3.120,1.200,9624,0,168.745,7,0,145.083
KMAX20180927-4,KMAX20180927_150114_V06,0,-0.220,1.200,37665,0,410480.397,2757,0,386703.696
KMAX20180927-4,KMAX20180927_150114_V06,2,0.483,1.200,37698,0,76358.816,2877,0,61956.308
KMAX20180927-4,KMAX20180927_150114_V06,4,0.879,1.200,37688,0,27803.513,2491,0,20559.025
KMAX20180927-4,KMAX20180927_150114_V06,6,1.318,1.200,37723,0,8053.233,1887,0,5583.331
KMAX20180927-4,KMAX20180927_150114_V06,10,1.802,1.200,18885,0,869.914,205,0,601.784
KMAX20180927-4,KMAX20180927_150114_V06,11,2.417,1.200,18895,0,467.045,80,0,404.614
KMAX20180927-4,KMAX20180927_150114_V06,12,3.120,1.200,18914,0,327.243,36,0,263.615
KMAX20180927-7,KMAX20180927_140455_V06,0,-0.220,1.200,371,0,275454.292,14,0,247652.795
KMAX20180927-7,KMAX20180927_140455_V06,2,0.483,1.200,369,0,215253.827,30,0,155287.301
KMAX20180927-7,KMAX20180927_140455_V06,4,0.879,1.200,369,0,42419.471,39,0,30743.919
KMAX20180927-7,KMAX20180927_140455_V06,6,1.318,1.200,369,0,5548.266,24,0,5044.169
KMAX20180927-7,KMAX20180927_140455_V06,10,1.802,1.200,185,0,138.561,3,0,97.786
KMAX20180927-7,KMAX20180927_140455_V06,11,2.417,1.200,183,0,40.653,1,0,36.576
KMAX20180927-7,KMAX20180927_141004_V06,0,-0.220,1.200,1378,0,454026.389,77,0,378598.164
KMAX20180927-7,KMAX20180927_141004_V06,2,0.483,1.200,1376,0,170963.044,111,0,169778.750
KMAX20180927-7,KMAX20180927_141004_V06,4,0.879,1.200,1376,0,78559.338,79,0,76498.250
KMAX20180927-7,KMAX20180927_141004_V06,6,1.318,1.200,1378,0,4555.999,40,0,4127.421
KMAX20180927-7,KMAX20180927_141004_V06,10,1.802,1.200,689,0,125.156,1,0,110.945
KMAX20180927-7,KMAX20180927_141004_V06,11,2.417,1.200,689,0,74.673,0,0,74.673
KMAX20180927-9,KMAX20180927_141511_V06,0,-0.220,1.200,1103,0,20163.404,56,0,19969.895
KMAX20180927-9,KMAX20180927_141511_V06,2,0.483,1.200,1103,0,3808.167,55,0,3586.429
KMAX20180927-9,KMAX20180927_141511_V06,4,0.879,1.200,1106,0,742.510,88,0,627.426
KMAX20180927-9,KMAX20180927_141511_V06,6,1.318,1.200,1103,0,387.862,93,0,278.330
KMAX20180927-9,KMAX20180927_141511_V06,10,1.802,1.200,558,0,52.015,2,0,49.114
KMAX20180927-9,KMAX20180927_141511_V06,11,2.417,1.200,556,0,16.051,0,0,16.051
KMAX20180927-9,KMAX20180927_141511_V06,12,3.120,1.200,556,0,47.358,3,0,40.653
KMAX20180927-9,KMAX20180927_141511_V06,13,3.999,1.200,559,0,19.650,2,0,14.860
KMAX20180927-9,KMAX20180927_142019_V06,0,-0.220,1.200,2758,0,23907.180,181,0,23272.647
KMAX20180927-9,KMAX20180927_142019_V06,2,0.483,1.200,2762,0,5182.228,175,0,4882.855
KMAX20180927-9,KMAX20180927_142019_V06,4,0.879,1.200,2759,0,1498.548,189,0,1308.674
KMAX20180927-9,KMAX20180927_142019_V06,6,1.318,1.200,2763,0,868.319,120,0,735.107
KMAX20180927-9,KMAX20180927_142019_V06,10,1.802,1.200,1388,0,63.690,7,0,50.879
KMAX20180927-9,KMAX20180927_142019_V06,11,2.417,1.200,1391,0,29.955,1,0,29.110
KMAX20180927-9,KMAX20180927_142019_V06,12,3.120,1.200,1394,0,30.375,0,0,30.375
KMAX20180927-9,KMAX20180927_142019_V06,13,3.999,1.200,1392,0,41.516,4,0,32.068
KMAX20180927-9,KMAX20180927_142526_V06,0,-0.220,1.200,1836,0,18876.586,100,0,18534.967
KMAX20180927-9,KMAX20180927_142526_V06,2,0.483,1.200,1835,0,4635.310,120,0,4381.281
KMAX20180927-9,KMAX20180927_142526_V06,4,0.879,1.200,1846,0,1409.386,119,0,1150.571
KMAX20180927-9,KMAX20180927_142526_V06,6,1.318,1.200,1841,0,694.569,123,0,534.647
KMAX20180927-9,KMAX20180927_142526_V06,10,1.802,1.200,904,0,36.560,0,0,36.560
KMAX20180927-9,KMAX20180927_142526_V06,11,2.417,1.200,904,0,12.002,1,0,10.564
KMAX20180927-9,KMAX20180927_142526_V06,12,3.120,1.200,903,0,58.212,9,0,20.337
KMAX20180927-9,KMAX20180927_142526_V06,13,3.999,1.200,905,0,34.732,2,0,31.187
KMAX20180927-1,KMAX20180927_130839_V06,0,-0.220,1.200,191,0,75852.787,18,0,67152.315
KMAX20180927-1,KMAX20180927_130839_V06,2,0.483,1.200,189,0,119772.667,7,0,114164.480
KMAX20180927-1,KMAX20180927_130839_V06,4,0.879,1.200,190,0,46964.012,6,0,46935.216
KMAX20180927-1,KMAX20180927_130839_V06,6,1.318,1.200,189,0,2008.252,13,0,1892.954
KMAX20180927-1,KMAX20180927_130839_V06,10,1.802,1.200,95,0,14.123,0,0,14.123
KMAX20180927-1,KMAX20180927_130839_V06,11,2.417,1.200,94,0,11.990,0,0,11.990
KMAX20180927-1,KMAX20180927_131346_V06,0,-0.220,1.200,1324,0,360339.151,45,0,347900.512
KMAX20180927-1,KMAX20180927_131346_V06,2,0.483,1.200,1331,0,145771.791,71,0,140594.511
KMAX20180927-1,KMAX20180927_131346_V06,4,0.879,1.200,1327,0,41289.635,88,0,34916.368
KMAX20180927-1,KMAX20180927_131346_V06,6,1.318,1.200,1322,0,4444.324,54,0,3789.168
KMAX20180927-1,KMAX20180927_131346_V06,10,1.802,1.200,665,0,71.115,0,0,71.115
KMAX20180927-1,KMAX20180927_131346_V06,11,2.417,1.200,666,0,36.521,0,0,36.521
KMAX20180927-1,KMAX20180927_131853_V06,0,-0.220,1.200,410,0,172256.377,17,0,166012.304
KMAX20180927-1,KMAX20180927_131853_V06,2,0.483,1.200,409,0,147443.342,28,0,117690.507
KMAX20180927-1,KMAX20180927_131853_V06,4,0.879,1.200,410,0,78469.789,37,0,55046.784
KMAX20180927-1,KMAX20180927_131853_V06,6,1.318,1.200,411,0,4719.837,36,0,3432.436
KMAX20180927-1,KMAX20180927_131853_V06,10,1.802,1.200,206,0,55.332,2,0,47.344
KMAX20180927-1,KMAX20180927_131853_V06,11,2.417,1.200,205,0,10.867,0,0,10.867
KMAX20180927-1,KMAX20180927_132400_V06,0,-0.220,1.200,1830,0,505436.677,66,0,466728.716
KMAX20180927-1,KMAX20180927_132400_V06,2,0.483,1.200,1830,0,144522.006,93,0,134207.843
KMAX20180927-1,KMAX20180927_132400_V06,4,0.879,1.200,1830,0,76143.470,105,0,66216.421
KMAX20180927-1,KMAX20180927_132400_V06,6,1.318,1.200,1829,0,4205.042,81,0,3356.886
KMAX20180927-1,KMAX20180927_132400_V06,10,1.802,1.200,913,0,130.130,3,0,108.640
KMAX20180927-1,KMAX20180927_132400_V06,11,2.417,1.200,915,0,26.245,0,0,26.245
KMAX20180927-1,KMAX20180927_132907_V06,0,-0.220,1.200,298,0,121749.273,6,0,114203.599
KMAX20180927-1,KMAX20180927_132907_V06,2,0.483,1.200,296,0,177830.459,18,0,165297.849
KMAX20180927-1,KMAX20180927_132907_V06,4,0.879,1.200,297,0,108523.095,20,0,88085.541
KMAX20180927-1,KMAX20180927_132907_V06,6,1.318,1.200,296,0,6144.812,21,0,5883.016
KMAX20180927-1,KMAX20180927_132907_V06,10,1.802,1.200,150,0,21.678,1,0,12.108
KMAX20180927-1,KMAX20180927_132907_V06,11,2.417,1.200,150,0,7.715,0,0,7.715
KMAX20180927-13,KMAX20180927_150114_V06,0,-0.220,1.200,504,0,284166.663,19,0,274738.618
KMAX20180927-13,KMAX20180927_150114_V06,2,0.483,1.200,503,1,172739.687,40,1,153765.559
KMAX20180927-13,KMAX20180927_150114_V06,4,0.879,1.200,506,0,63642.532,56,0,51251.512
KMAX20180927-13,KMAX20180927_150114_V06,6,1.318,1.200,502,0,3283.585,42,0,2784.063
KMAX20180927-13,KMAX20180927_150114_V06,10,1.802,1.200,255,0,37.165,3,0,19.534
KMAX20180927-13,KMAX20180927_150114_V06,11,2.417,1.200,254,0,0.761,0,0,0.761
KMAX20180928-1,KMAX20180928_130453_V06,0,-0.220,1.200,542,0,311260.788,15,0,298880.257
KMAX20180928-1,KMAX20180928_130453_V06,2,0.483,1.200,543,0,136623.405,15,0,125393.813
KMAX20180928-1,KMAX20180928_130453_V06,4,0.879,1.200,543,0,49976.655,23,0,49328.589
KMAX20180928-1,KMAX20180928_130453_V06,6,1.318,1.200,542,0,3374.977,13,0,3309.441
KMAX20180928-1,KMAX20180928_130453_V06,10,1.802,1.200,271,0,77.282,12,0,21.121
KMAX20180928-1,KMAX20180928_130453_V06,11,2.417,1.200,271,0,25.305,1,0,19.090
KMAX20180928-1,KMAX20180928_131128_V06,0,-0.220,1.200,1726,0,420082.645,32,0,418432.048
KMAX20180928-1,KMAX20180928_131128_V06,2,0.483,1.200,1729,0,120851.147,74,0,112044.626
KMAX20180928-1,KMAX20180928_131128_V06,4,0.879,1.200,1727,0,93778.123,55,0,93580.163
KMAX20180928-1,KMAX20180928_131128_V06,6,1.318,1.200,1728,0,2631.893,28,0,2524.531
KMAX20180928-1,KMAX20180928_131128_V06,10,1.802,1.200,866,0,145.515,14,0,69.948
KMAX20180928-1,KMAX20180928_131128_V06,11,2.417,1.200,865,0,11.433,2,0,2.597
KMAX20180928-1,KMAX20180928_131803_V06,0,-0.220,1.200,3742,0,344702.211,85,0,342998.931
KMAX20180928-1,KMAX20180928_131803_V06,2,0.483,1.200,3744,0,165184.728,183,0,143534.342
KMAX20180928-1,KMAX20180928_131803_V06,4,0.879,1.200,3741,0,58440.003,88,0,48069.946
KMAX20180928-1,KMAX20180928_131803_V06,6,1.318,1.200,3744,0,2585.249,60,0,2336.235
KMAX20180928-1,KMAX20180928_131803_V06,10,1.802,1.200,1873,0,454.943,16,0,389.060
KMAX20180928-1,KMAX20180928_131803_V06,11,2.417,1.200,1871,0,101.212,9,0,68.860
KMAX20180928-1,KMAX20180928_132438_V06,0,-0.220,1.200,888,0,125012.810,38,0,124825.214
KMAX20180928-1,KMAX20180928_132438_V06,2,0.483,1.200,890,0,129204.520,33,0,118377.162
KMAX20180928-1,KMAX20180928_132438_V06,4,0.879,1.200,891,0,37720.095,25,0,34944.034
KMAX20180928-1,KMAX20180928_132438_V06,6,1.318,1.200,895,0,1419.558,10,0,1381.183
KMAX20180928-1,KMAX20180928_132438_V06,10,1.802,1.200,446,0,66.338,6,0,24.863
KMAX20180928-1,KMAX20180928_132438_V06,11,2.417,1.200,447,0,1.449,0,0,1.449
KMAX20180928-5,KMAX20180928_135103_V06,0,-0.220,1.200,341,0,115899.100,8,0,107287.320
KMAX20180928-5,KMAX20180928_135103_V06,2,0.483,1.200,339,0,103816.402,7,0,102463.938
KMAX20180928-5,KMAX20180928_135103_V06,4,0.879,1.200,338,0,35389.296,6,0,35022.976
KMAX20180928-5,KMAX20180928_135103_V06,6,1.318,1.200,340,0,3046.043,11,0,2975.897
KMAX20180928-5,KMAX20180928_135103_V06,10,1.802,1.200,171,0,14.026,1,0,6.770
KMAX20180928-5,KMAX20180928_135103_V06,11,2.417,1.200,172,0,7.844,2,0,0.508
KMAX20180928-5,KMAX20180928_140415_V06,0,-0.220,1.200,1688,0,345191.599,64,0,331526.804
KMAX20180928-5,KMAX20180928_140415_V06,2,0.483,1.200,1687,0,89855.891,49,0,83016.324
KMAX20180928-5,KMAX20180928_140415_V06,4,0.879,1.200,1691,0,61252.470,38,0,60601.877
KMAX20180928-5,KMAX20180928_140415_V06,6,1.318,1.200,1692,0,2421.895,18,0,2354.133
KMAX20180928-5,KMAX20180928_140415_V06,10,1.802,1.200,845,0,29.527,3,0,18.771
KMAX20180928-5,KMAX20180928_140415_V06,11,2.417,1.200,845,0,36.003,6,0,12.234
KMAX20180928-12,KMAX20180928_144351_V06,0,-0.220,1.200,416,0,205036.582,14,0,204863.655
KMAX20180928-12,KMAX20180928_144351_V06,2,0.483,1.200,418,0,109079.589,11,0,107195.003
KMAX20180928-12,KMAX20180928_144351_V06,4,0.879,1.200,416,0,23716.670,8,0,23590.353
KMAX20180928-12,KMAX20180928_144351_V06,6,1.318,1.200,416,0,3626.080,6,0,3581.179
KMAX20180928-12,KMAX20180928_144351_V06,10,1.802,1.200,209,0,66.193,9,0,24.331
KMAX20180928-12,KMAX20180928_144351_V06,11,2.417,1.200,208,0,8.303,0,0,8.303
KMAX20180928-12,KMAX20180928_145026_V06,0,-0.220,1.200,1374,0,253455.450,45,0,252274.317
KMAX20180928-12,KMAX20180928_145026_V06,2,0.483,1.200,1374,0,85331.319,42,0,85072.625
KMAX20180928-12,KMAX20180928_145026_V06,4,0.879,1.200,1375,0,32798.318,32,0,31451.093
KMAX20180928-12,KMAX20180928_145026_V06,6,1.318,1.200,1369,0,3540.079,21,0,3440.756
KMAX20180928-12,KMAX20180928_145026_V06,10,1.802,1.200,690,0,40.785,6,0,19.005
KMAX20180928-12,KMAX20180928_145026_V06,11,2.417,1.200,690,0,36.768,1,0,30.264
KMAX20180928-15,KMAX20180928_151648_V06,0,-0.220,1.200,310,0,119489.667,6,0,112813.013
KMAX20180928-15,KMAX20180928_151648_V06,2,0.483,1.200,309,0,88401.719,15,0,83680.914
KMAX20180928-15,KMAX20180928_151648_V06,4,0.879,1.200,309,0,45925.397,13,0,44969.321
KMAX20180928-15,KMAX20180928_151648_V06,6,1.318,1.200,311,0,2047.784,7,0,1997.864
KMAX20180928-15,KMAX20180928_151648_V06,10,1.802,1.200,156,0,15.055,3,0,5.525
KMAX20180928-15,KMAX20180928_151648_V06,11,2.417,1.200,157,0,25.282,2,0,12.847
KMAX20180928-15,KMAX20180928_152324_V06,0,-0.220,1.200,1295,0,219403.331,54,0,218125.159
KMAX20180928-15,KMAX20180928_152324_V06,2,0.483,1.200,1294,0,100464.565,35,0,100289.493
KMAX20180928-15,KMAX20180928_152324_V06,4,0.879,1.200,1297,0,31961.782,47,0,28112.955
KMAX20180928-15,KMAX20180928_152324_V06,6,1.318,1.200,1297,0,2088.160,27,0,1786.648
KMAX20180928-15,KMAX20180928_152324_V06,10,1.802,1.200,651,0,72.684,9,0,13.670
KMAX20180928-15,KMAX20180928_152324_V06,11,2.417,1.200,649,0,26.891,1,0,22.788
KMAX20180929-1,KMAX20180929_130611_V06,0,-0.220,1.200,575,0,209225.375,32,0,194822.800
KMAX20180929-1,KMAX20180929_130611_V06,2,0.483,1.200,577,0,94078.667,36,0,85475.176
KMAX20180929-1,KMAX20180929_130611_V06,4,0.879,1.200,572,0,31514.986,50,0,30687.682
KMAX20180929-1,KMAX20180929_130611_V06,6,1.318,1.200,575,0,1485.360,37,0,1129.980
KMAX20180929-1,KMAX20180929_130611_V06,10,1.802,1.200,287,0,42.294,0,0,42.294
KMAX20180929-1,KMAX20180929_130611_V06,11,2.417,1.200,287,0,9.089,2,0,0.859
KMAX20180929-1,KMAX20180929_131118_V06,0,-0.220,1.200,1589,0,352971.783,95,0,345082.637
KMAX20180929-1,KMAX20180929_131118_V06,2,0.483,1.200,1587,0,75430.135,87,0,73017.052
KMAX20180929-1,KMAX20180929_131118_V06,4,0.879,1.200,1593,0,46268.656,100,0,26716.523
KMAX20180929-1,KMAX20180929_131118_V06,6,1.318,1.200,1589,0,2692.244,50,0,2469.138
KMAX20180929-1,KMAX20180929_131118_V06,10,1.802,1.200,798,0,183.516,3,0,160.192
KMAX20180929-1,KMAX20180929_131118_V06,11,2.417,1.200,800,0,83.614,1,0,79.609
KMAX20180929-1,KMAX20180929_131624_V06,0,-0.220,1.200,530,0,156684.285,17,0,145559.608
KMAX20180929-1,KMAX20180929_131624_V06,2,0.483,1.200,529,0,114241.967,27,0,108400.474
KMAX20180929-1,KMAX20180929_131624_V06,4,0.879,1.200,533,0,35561.724,34,0,30142.842
KMAX20180929-1,KMAX20180929_131624_V06,6,1.318,1.200,533,0,1914.143,32,0,1726.762
KMAX20180929-1,KMAX20180929_131624_V06,10,1.802,1.200,266,0,50.877,0,0,50.877
KMAX20180929-1,KMAX20180929_131624_V06,11,2.417,1.200,264,0,49.371,2,0,40.582
KMAX20180929-1,KMAX20180929_132131_V06,0,-0.220,1.200,248,0,119497.430,13,0,102816.640
KMAX20180929-1,KMAX20180929_132131_V06,2,0.483,1.200,248,0,191473.149,21,0,170993.036
KMAX20180929-1,KMAX20180929_132131_V06,4,0.879,1.200,244,0,29780.109,16,0,23722.151
KMAX20180929-1,KMAX20180929_132131_V06,6,1.318,1.200,250,0,1336.425,18,0,1128.818
KMAX20180929-1,KMAX20180929_132131_V06,10,1.802,1.200,124,0,0.367,0,0,0.367
KMAX20180929-1,KMAX20180929_132131_V06,11,2.417,1.200,125,0,12.549,0,0,12.549
KMAX20180929-5,KMAX20180929_133649_V06,0,-0.220,1.200,536,0,189227.960,28,0,182272.342
KMAX20180929-5,KMAX20180929_133649_V06,2,0.483,1.200,539,0,104841.126,43,0,93630.539
KMAX20180929-5,KMAX20180929_133649_V06,4,0.879,1.200,537,0,23579.127,45,0,23050.689
KMAX20180929-5,KMAX20180929_133649_V06,6,1.318,1.200,537,0,1001.463,29,0,881.500
KMAX20180929-5,KMAX20180929_133649_V06,10,1.802,1.200,269,0,0.803,0,0,0.803
KMAX20180929-5,KMAX20180929_133649_V06,11,2.417,1.200,268,0,42.060,3,0,24.477
KMAX20180929-5,KMAX20180929_134156_V06,0,-0.220,1.200,1721,0,209522.557,114,0,172983.275
KMAX20180929-5,KMAX20180929_134156_V06,2,0.483,1.200,1729,2,280665.722,91,2,252498.372
KMAX20180929-5,KMAX20180929_134156_V06,4,0.879,1.200,1727,0,41851.004,53,0,39275.673
KMAX20180929-5,KMAX20180929_134156_V06,6,1.318,1.200,1727,0,1768.108,46,0,1345.348
KMAX20180929-5,KMAX20180929_134156_V06,10,1.802,1.200,866,0,198.863,7,0,140.983
KMAX20180929-5,KMAX20180929_134156_V06,11,2.417,1.200,867,0,77.789,0,0,77.789
KMAX20180929-7,KMAX20180929_142250_V06,0,-0.220,1.200,223,0,50184.016,5,0,48801.500
KMAX20180929-7,KMAX20180929_142250_V06,2,0.483,1.200,223,0,155219.137,15,0,131835.681
KMAX20180929-7,KMAX20180929_142250_V06,4,0.879,1.200,225,0,61888.264,17,0,60412.064
KMAX20180929-7,KMAX20180929_142250_V06,6,1.318,1.200,224,0,2092.983,16,0,1867.084
KMAX20180929-7,KMAX20180929_142250_V06,10,1.802,1.200,112,0,50.064,0,0,50.064
KMAX20180929-7,KMAX20180929_142250_V06,11,2.417,1.200,112,0,16.343,0,0,16.343
KMAX20180929-7,KMAX20180929_142756_V06,0,-0.220,1.200,1228,0,333472.907,83,0,280122.686
KMAX20180929-7,KMAX20180929_142756_V06,2,0.483,1.200,1232,0,123828.664,69,0,119141.598
KMAX20180929-7,KMAX20180929_142756_V06,4,0.879,1.200,1226,0,36875.369,57,0,36310.844
KMAX20180929-7,KMAX20180929_142756_V06,6,1.318,1.200,1227,0,3793.705,47,0,3347.315
KMAX20180929-7,KMAX20180929_142756_V06,10,1.802,1.200,616,0,72.386,0,0,72.386
KMAX20180929-7,KMAX20180929_142756_V06,11,2.417,1.200,616,0,64.742,0,0,64.742
KMAX20180929-10,KMAX20180929_150347_V06,0,-0.220,1.200,302,0,81052.572,17,0,70834.881
KMAX20180929-10,KMAX20180929_150347_V06,2,0.483,1.200,303,0,168415.333,33,0,139533.418
KMAX20180929-10,KMAX20180929_150347_V06,4,0.879,1.200,300,0,48095.338,13,0,47234.117
KMAX20180929-10,KMAX20180929_150347_V06,6,1.318,1.200,308,0,7787.473,28,0,7515.274
KMAX20180929-10,KMAX20180929_150347_V06,10,1.802,1.200,150,0,0.452,0,0,0.452
KMAX20180929-10,KMAX20180929_150347_V06,11,2.417,1.200,151,0,0.456,0,0,0.456
KMAX20180929-11,KMAX20180929_151908_V06,0,-0.220,1.200,457,0,244058.145,20,0,216263.410
KMAX20180929-11,KMAX20180929_151908_V06,2,0.483,1.200,460,0,111943.268,27,0,105238.931
KMAX20180929-11,KMAX20180929_151908_V06,4,0.879,1.200,458,0,60045.711,17,0,58289.309
KMAX20180929-11,KMAX20180929_151908_V06,6,1.318,1.200,455,0,1410.053,19,0,1194.603
KMAX20180929-11,KMAX20180929_151908_V06,10,1.802,1.200,228,0,30.852,1,0,26.056
KMAX20180929-11,KMAX20180929_151908_V06,11,2.417,1.200,230,0,16.621,2,0,4.504
KMAX20180929-11,KMAX20180929_152413_V06,0,-0.220,1.200,281,0,73598.596,16,0,71410.423
KMAX20180929-11,KMAX20180929_152413_V06,2,0.483,1.200,281,0,137358.192,17,0,109847.364
KMAX20180929-11,KMAX20180929_152413_V06,4,0.879,1.200,280,0,57294.651,21,0,48160.151
KMAX20180929-11,KMAX20180929_152413_V06,6,1.318,1.200,285,0,824.645,11,0,696.506
KMAX20180929-11,KMAX20180929_152413_V06,10,1.802,1.200,140,0,65.208,6,0,13.857
KMAX20180929-11,KMAX20180929_152413_V06,11,2.417,1.200,140,0,10.980,0,0,10.980
KMAX20180930-6,KMAX20180930_131837_V06,0,-0.220,1.200,4201,0,154772.659,899,0,55373.832
KMAX20180930-6,KMAX20180930_131837_V06,2,0.483,1.200,4202,0,101113.157,823,0,22546.957
KMAX20180930-6,KMAX20180930_131837_V06,4,0.879,1.200,4200,0,25670.769,769,0,3876.114
KMAX20180930-6,KMAX20180930_131837_V06,6,1.318,1.200,4198,0,8946.676,670,0,2475.358
KMAX20180930-6,KMAX20180930_131837_V06,10,1.802,1.200,2101,0,1107.270,88,0,320.824
KMAX20180930-6,KMAX20180930_131837_V06,11,2.417,1.200,2098,0,175.084,44,0,85.988
KMAX20180930-6,KMAX20180930_131837_V06,12,3.120,1.200,2100,0,21.065,12,0,13.177
KMAX20180930-6,KMAX20180930_131837_V06,13,3.999,1.200,2105,0,20.462,14,0,17.343
KMAX20180930-6,KMAX20180930_131837_V06,14,5.098,1.200,2107,0,18.077,9,0,14.708
KMAX20180930-6,KMAX20180930_131837_V06,15,6.416,1.200,2115,0,22.877,15,0,19.486
KMAX20180930-6,KMAX20180930_132345_V06,0,-0.220,1.200,7997,0,234512.109,1339,0,104067.403
KMAX20180930-6,KMAX20180930_132345_V06,2,0.483,1.200,7999,0,162384.587,998,0,74870.248
KMAX20180930-6,KMAX20180930_132345_V06,4,0.879,1.200,7998,0,36168.561,1017,0,13924.976
KMAX20180930-6,KMAX20180930_132345_V06,6,1.318,1.200,8006,0,14054.431,855,0,8173.888
KMAX20180930-6,KMAX20180930_132345_V06,10,1.802,1.200,4007,0,934.535,149,0,290.432
KMAX20180930-6,KMAX20180930_132345_V06,11,2.417,1.200,4009,0,201.693,65,0,43.576
KMAX20180930-6,KMAX20180930_132345_V06,12,3.120,1.200,4009,0,33.702,20,0,30.304
KMAX20180930-6,KMAX20180930_132345_V06,13,3.999,1.200,4014,0,35.664,17,0,28.938
KMAX20180930-6,KMAX20180930_132345_V06,14,5.098,1.200,4021,0,30.497,14,0,26.441
KMAX20180930-6,KMAX20180930_132345_V06,15,6.416,1.200,4027,0,31.500,14,0,26.588
KMAX20180930-6,KMAX20180930_132852_V06,0,-0.220,1.200,8409,0,156491.358,1340,0,60230.358
KMAX20180930-6,KMAX20180930_132852_V06,2,0.483,1.200,8410,0,200014.725,969,0,132968.993
KMAX20180930-6,KMAX20180930_132852_V06,4,0.879,1.200,8411,0,38231.372,925,0,24978.334
KMAX20180930-6,KMAX20180930_132852_V06,6,1.318,1.200,8415,0,7999.798,797,0,4897.312
KMAX20180930-6,KMAX20180930_132852_V06,10,1.802,1.200,4217,0,389.436,127,0,64.468
KMAX20180930-6,KMAX20180930_132852_V06,11,2.417,1.200,4215,0,60.993,38,0,45.738
KMAX20180930-6,KMAX20180930_132852_V06,12,3.120,1.200,4219,0,37.216,25,0,32.661
KMAX20180930-6,KMAX20180930_132852_V06,13,3.999,1.200,4219,0,44.723,21,0,39.502
KMAX20180930-6,KMAX20180930_132852_V06,14,5.098,1.200,4222,0,40.374,24,0,31.760
KMAX20180930-6,KMAX20180930_132852_V06,15,6.416,1.200,4237,0,36.890,26,0,32.097
KMAX20180930-6,KMAX20180930_133359_V06,0,-0.220,1.200,7335,0,211874.729,1124,0,72502.151
KMAX20180930-6,KMAX20180930_133359_V06,2,0.483,1.200,7336,0,123880.533,949,0,49726.579
KMAX20180930-6,KMAX20180930_133359_V06,4,0.879,1.200,7337,0,19877.134,949,0,4975.294
KMAX20180930-6,KMAX20180930_133359_V06,6,1.318,1.200,7337,0,2354.079,717,0,985.333
KMAX20180930-6,KMAX20180930_133359_V06,10,1.802,1.200,3667,0,92.820,50,0,58.777
KMAX20180930-6,KMAX20180930_133359_V06,11,2.417,1.200,3668,0,52.705,26,0,41.925
KMAX20180930-6,KMAX20180930_133359_V06,12,3.120,1.200,3670,0,36.394,9,0,33.357
KMAX20180930-6,KMAX20180930_133359_V06,13,3.999,1.200,3681,0,38.360,12,0,35.912
KMAX20180930-6,KMAX20180930_133359_V06,14,5.098,1.200,3687,0,30.202,7,0,29.021
KMAX20180930-6,KMAX20180930_133359_V06,15,6.416,1.200,3701,0,46.091,15,0,39.933
KMAX20180930-4,KMAX20180930_131331_V06,0,-0.220,1.200,5392,0,131057.900,1941,0,44229.445
KMAX20180930-4,KMAX20180930_131331_V06,2,0.483,1.200,5394,0,76843.626,1446,0,19369.106
KMAX20180930-4,KMAX20180930_131331_V06,4,0.879,1.200,5396,0,14028.241,1248,0,4269.339
KMAX20180930-4,KMAX20180930_131331_V06,6,1.318,1.200,5395,0,2514.212,784,0,1302.947
KMAX20180930-4,KMAX20180930_131331_V06,10,1.802,1.200,2704,0,188.287,187,0,89.613
KMAX20180930-4,KMAX20180930_131331_V06,11,2.417,1.200,2703,0,38.128,23,0,33.895
KMAX20180930-4,KMAX20180930_131331_V06,12,3.120,1.200,2701,0,27.670,16,0,24.577
KMAX20180930-4,KMAX20180930_131331_V06,13,3.999,1.200,2706,0,26.971,10,0,24.424
KMAX20180930-4,KMAX20180930_131331_V06,14,5.098,1.200,2711,0,34.873,17,0,29.761
KMAX20180930-4,KMAX20180930_131331_V06,15,6.416,1.200,2715,0,27.832,16,0,23.159
KMAX20180930-4,KMAX20180930_131837_V06,0,-0.220,1.200,11443,0,106350.702,3513,0,34283.058
KMAX20180930-4,KMAX20180930_131837_V06,2,0.483,1.200,11446,0,60863.707,2609,0,19293.467
KMAX20180930-4,KMAX20180930_131837_V06,4,0.879,1.200,11452,0,10720.287,2170,0,4081.774
KMAX20180930-4,KMAX20180930_131837_V06,6,1.318,1.200,11455,0,2717.541,1561,0,1635.543
KMAX20180930-4,KMAX20180930_131837_V06,10,1.802,1.200,5722,0,344.893,398,0,149.016
KMAX20180930-4,KMAX20180930_131837_V06,11,2.417,1.200,5727,0,72.571,91,0,59.033
KMAX20180930-4,KMAX20180930_131837_V06,12,3.120,1.200,5732,0,60.693,35,0,52.283
KMAX20180930-4,KMAX20180930_131837_V06,13,3.999,1.200,5738,0,66.146,30,0,54.934
KMAX20180930-4,KMAX20180930_131837_V06,14,5.098,1.200,5752,0,53.729,33,0,46.985
KMAX20180930-4,KMAX20180930_131837_V06,15,6.416,1.200,5766,0,52.963,18,0,48.882
KMAX20180930-4,KMAX20180930_132345_V06,0,-0.220,1.200,12229,0,65809.039,3350,0,24640.775
KMAX20180930-4,KMAX20180930_132345_V06,2,0.483,1.200,12226,0,39288.693,2363,0,14490.348
KMAX20180930-4,KMAX20180930_132345_V06,4,0.879,1.200,12224,0,9029.191,1876,0,4334.130
KMAX20180930-4,KMAX20180930_132345_V06,6,1.318,1.200,12226,0,2656.324,1562,0,1639.188
KMAX20180930-4,KMAX20180930_132345_V06,10,1.802,1.200,6114,0,327.740,430,0,130.029
KMAX20180930-4,KMAX20180930_132345_V06,11,2.417,1.200,6118,0,89.453,133,0,71.337
KMAX20180930-4,KMAX20180930_132345_V06,12,3.120,1.200,6126,0,61.662,25,0,55.484
KMAX20180930-4,KMAX20180930_132345_V06,13,3.999,1.200,6130,0,75.521,26,0,68.289
KMAX20180930-4,KMAX20180930_132345_V06,14,5.098,1.200,6139,0,60.304,23,0,55.753
KMAX20180930-4,KMAX20180930_132345_V06,15,6.416,1.200,6153,0,58.157,21,0,51.729
KMAX20180930-4,KMAX20180930_132852_V06,0,-0.220,1.200,11819,0,48077.695,2884,0,24339.096
KMAX20180930-4,KMAX20180930_132852_V06,2,0.483,1.200,11819,0,19863.796,2075,0,8266.425
KMAX20180930-4,KMAX20180930_132852_V06,4,0.879,1.200,11819,0,6860.863,1744,0,3183.561
KMAX20180930-4,KMAX20180930_132852_V06,6,1.318,1.200,11827,0,1801.036,1435,0,1086.091
KMAX20180930-4,KMAX20180930_132852_V06,10,1.802,1.200,5915,0,242.294,385,0,110.675
KMAX20180930-4,KMAX20180930_132852_V06,11,2.417,1.200,5917,0,86.036,119,0,69.307
KMAX20180930-4,KMAX20180930_132852_V06,12,3.120,1.200,5921,0,55.390,41,0,48.399
KMAX20180930-4,KMAX20180930_132852_V06,13,3.999,1.200,5930,0,57.248,20,0,51.023
KMAX20180930-4,KMAX20180930_132852_V06,14,5.098,1.200,5938,0,59.086,29,0,46.483
KMAX20180930-4,KMAX20180930_132852_V06,15,6.416,1.200,5955,0,45.048,21,0,39.484
KMAX20180930-1,KMAX20180930_130826_V06,0,-0.220,1.200,3575,0,116590.065,1088,0,41820.845
KMAX20180930-1,KMAX20180930_130826_V06,2,0.483,1.200,3577,0,114674.248,730,0,28092.870
KMAX20180930-1,KMAX20180930_130826_V06,4,0.879,1.200,3578,0,28261.016,751,0,8165.762
KMAX20180930-1,KMAX20180930_130826_V06,6,1.318,1.200,3575,0,8996.569,586,0,4007.786
KMAX20180930-1,KMAX20180930_130826_V06,10,1.802,1.200,1787,0,2309.593,212,0,1144.027
KMAX20180930-1,KMAX20180930_130826_V06,11,2.417,1.200,1785,0,175.055,112,0,47.973
KMAX20180930-1,KMAX20180930_130826_V06,12,3.120,1.200,1787,0,26.357,19,0,18.717
KMAX20180930-1,KMAX20180930_130826_V06,13,3.999,1.200,1787,0,13.395,8,0,11.733
KMAX20180930-1,KMAX20180930_130826_V06,14,5.098,1.200,1792,0,10.657,4,0,10.185
KMAX20180930-1,KMAX20180930_130826_V06,15,6.416,1.200,1795,0,21.023,19,0,17.447
KMAX20180930-1,KMAX20180930_131331_V06,0,-0.220,1.200,6575,0,135458.015,1480,0,45260.724
KMAX20180930-1,KMAX20180930_131331_V06,2,0.483,1.200,6576,0,111993.306,1249,0,27275.152
KMAX20180930-1,KMAX20180930_131331_V06,4,0.879,1.200,6581,0,29750.177,1194,0,6678.564
KMAX20180930-1,KMAX20180930_131331_V06,6,1.318,1.200,6584,0,10122.949,1096,0,2727.856
KMAX20180930-1,KMAX20180930_131331_V06,10,1.802,1.200,3288,0,2279.870,245,0,479.233
KMAX20180930-1,KMAX20180930_131331_V06,11,2.417,1.200,3293,0,197.378,85,0,94.080
KMAX20180930-1,KMAX20180930_131331_V06,12,3.120,1.200,3297,0,19.300,21,0,15.435
KMAX20180930-1,KMAX20180930_131331_V06,13,3.999,1.200,3300,0,25.716,34,0,20.799
KMAX20180930-1,KMAX20180930_131331_V06,14,5.098,1.200,3300,0,20.467,15,0,17.495
KMAX20180930-1,KMAX20180930_131331_V06,15,6.416,1.200,3307,0,28.492,20,0,23.611
KMAX20180930-9,KMAX20180930_145043_V06,0,-0.220,1.200,371,0,174335.598,18,0,168958.877
KMAX20180930-9,KMAX20180930_145043_V06,2,0.483,1.200,370,0,215047.852,30,0,171607.576
KMAX20180930-9,KMAX20180930_145043_V06,4,0.879,1.200,372,0,88094.720,23,0,86059.642
KMAX20180930-9,KMAX20180930_145043_V06,6,1.318,1.200,369,0,6040.016,37,0,5124.325
KMAX20180930-9,KMAX20180930_145043_V06,10,1.802,1.200,186,0,34.033,2,0,16.604
KMAX20180930-9,KMAX20180930_145043_V06,11,2.417,1.200,185,0,17.138,0,0,17.138
KMAX20180930-9,KMAX20180930_150058_V06,0,-0.220,1.200,1648,1,737889.636,190,0,618729.286
KMAX20180930-9,KMAX20180930_150058_V06,2,0.483,1.200,1650,0,187998.507,116,0,169630.586
KMAX20180930-9,KMAX20180930_150058_V06,4,0.879,1.200,1651,0,58954.658,66,0,52649.787
KMAX20180930-9,KMAX20180930_150058_V06,6,1.318,1.200,1651,0,7847.005,71,0,7076.872
KMAX20180930-9,KMAX20180930_150058_V06,10,1.802,1.200,830,0,69.643,1,0,66.188
KMAX20180930-9,KMAX20180930_150058_V06,11,2.417,1.200,827,0,53.481,1,0,49.825
KMAX20180930-2,KMAX20180930_130826_V06,0,-0.220,1.200,836,0,157575.251,338,0,59634.129
KMAX20180930-2,KMAX20180930_130826_V06,2,0.483,1.200,835,0,37113.540,314,0,7263.072
KMAX20180930-2,KMAX20180930_130826_V06,4,0.879,1.200,832,0,7390.561,155,0,2695.356
KMAX20180930-2,KMAX20180930_130826_V06,6,1.318,1.200,832,0,2471.426,144,0,1100.168
KMAX20180930-2,KMAX20180930_130826_V06,10,1.802,1.200,410,0,72.915,8,0,34.332
KMAX20180930-2,KMAX20180930_130826_V06,11,2.417,1.200,410,0,35.465,0,0,35.465
KMAX20180930-2,KMAX20180930_130826_V06,12,3.120,1.200,412,0,11.894,0,0,11.894
KMAX20180930-2,KMAX20180930_130826_V06,13,3.999,1.200,413,0,35.700,3,0,29.000
KMAX20180930-8,KMAX20180930_142001_V06,0,-0.220,1.200,257,0,127788.427,18,0,119760.690
KMAX20180930-8,KMAX20180930_142001_V06,2,0.483,1.200,258,0,137725.388,13,0,133289.311
KMAX20180930-8,KMAX20180930_142001_V06,4,0.879,1.200,260,0,54915.752,3,0,54776.410
KMAX20180930-8,KMAX20180930_142001_V06,6,1.318,1.200,260,0,4239.324,35,0,3304.977
KMAX20180930-8,KMAX20180930_142001_V06,10,1.802,1.200,130,0,0.390,0,0,0.390
KMAX20180930-8,KMAX20180930_142001_V06,11,2.417,1.200,130,0,10.793,0,0,10.793
KMAX20180930-10,KMAX20180930_152125_V06,0,-0.220,1.200,4271,0,17275.106,1177,0,5240.887
KMAX20180930-10,KMAX20180930_152125_V06,2,0.483,1.200,4270,0,7121.116,805,0,3117.269
KMAX20180930-10,KMAX20180930_152125_V06,4,0.879,1.200,4267,0,2100.941,397,0,1518.912
KMAX20180930-10,KMAX20180930_152125_V06,6,1.318,1.200,4268,0,487.862,210,0,424.411
KMAX20180930-10,KMAX20180930_152125_V06,10,1.802,1.200,2133,0,33.719,6,0,31.449
KMAX20180930-10,KMAX20180930_152125_V06,11,2.417,1.200,2135,0,31.620,6,0,29.262
KMAX20180930-10,KMAX20180930_152125_V06,12,3.120,1.200,2134,0,27.332,6,0,21.341
KMAX20180930-10,KMAX20180930_152125_V06,13,3.999,1.200,2139,0,23.744,4,0,21.992
KMAX20180930-10,KMAX20180930_152125_V06,14,5.098,1.200,2142,0,22.883,1,0,22.631
KMAX20180930-11,KMAX20180930_152125_V06,0,-0.220,1.200,365,0,141102.397,32,0,121087.740
KMAX20180930-11,KMAX20180930_152125_V06,2,0.483,1.200,366,0,232224.570,31,0,207488.855
KMAX20180930-11,KMAX20180930_152125_V06,4,0.879,1.200,365,0,96481.308,18,0,90967.611
KMAX20180930-11,KMAX20180930_152125_V06,6,1.318,1.200,365,0,11120.661,29,0,10525.972
KMAX20180930-11,KMAX20180930_152125_V06,10,1.802,1.200,183,0,28.437,1,0,22.364
KMAX20180930-11,KMAX20180930_152125_V06,11,2.417,1.200,183,0,0.553,0,0,0.553
KMAX20181001-2,KMAX20181001_132628_V06,0,-0.220,1.200,25518,0,148321.363,7629,0,74158.195
KMAX20181001-2,KMAX20181001_132628_V06,2,0.483,1.200,25525,0,484033.798,7944,0,242888.579
KMAX20181001-2,KMAX20181001_132628_V06,4,0.879,1.200,25522,0,365451.127,11036,0,120927.823
KMAX20181001-2,KMAX20181001_132628_V06,6,1.318,1.200,25530,0,282029.542,14924,0,52110.472
KMAX20181001-2,KMAX20181001_132628_V06,10,1.802,1.200,12770,0,280824.633,8325,0,31755.810
KMAX20181001-2,KMAX20181001_132628_V06,11,2.417,1.200,12775,0,232447.140,8342,0,21108.383
KMAX20181001-2,KMAX20181001_132628_V06,12,3.120,1.200,12781,0,191840.320,7970,0,13929.574
KMAX20181001-2,KMAX20181001_132628_V06,13,3.999,1.200,12801,0,116595.609,7160,0,11304.326
KMAX20181001-2,KMAX20181001_132628_V06,14,5.098,1.200,12812,0,57856.587,5617,0,4460.422
KMAX20181001-2,KMAX20181001_132628_V06,15,6.416,1.200,12847,0,19121.824,3738,0,2052.481
KMAX20181001-2,KMAX20181001_133240_V06,0,-0.220,1.200,35212,0,206578.962,11057,0,96105.845
KMAX20181001-2,KMAX20181001_133240_V06,2,0.483,1.200,35216,0,693594.763,11399,0,341756.950
KMAX20181001-2,KMAX20181001_133240_V06,4,0.879,1.200,35229,0,581075.484,15030,0,179209.727
KMAX20181001-2,KMAX20181001_133240_V06,6,1.318,1.200,35228,0,470208.429,19796,0,78596.737
KMAX20181001-2,KMAX20181001_133240_V06,10,1.802,1.200,17616,0,450605.356,11506,0,39327.074
KMAX20181001-2,KMAX20181001_133240_V06,11,2.417,1.200,17626,0,382530.036,11529,0,26087.342
KMAX20181001-2,KMAX20181001_133240_V06,12,3.120,1.200,17640,0,286141.544,11355,0,19837.131
KMAX20181001-2,KMAX20181001_133240_V06,13,3.999,1.200,17657,0,174163.615,10370,0,13689.084
KMAX20181001-2,KMAX20181001_133240_V06,14,5.098,1.200,17688,0,104195.563,8533,0,5344.682
KMAX20181001-2,KMAX20181001_133240_V06,15,6.416,1.200,17724,0,46261.305,6324,0,2434.819
KMAX20181001-2,KMAX20181001_133853_V06,0,-0.220,1.200,17462,0,23177.002,5381,0,6880.471
KMAX20181001-2,KMAX20181001_133853_V06,2,0.483,1.200,17458,0,68808.506,5098,0,30230.526
KMAX20181001-2,KMAX20181001_133853_V06,4,0.879,1.200,17463,0,126524.589,6209,0,34691.132
KMAX20181001-2,KMAX20181001_133853_V06,6,1.318,1.200,17463,0,149475.316,8809,0,24900.212
KMAX20181001-2,KMAX20181001_133853_V06,10,1.802,1.200,8745,0,164879.083,5691,0,11517.803
KMAX20181001-2,KMAX20181001_133853_V06,11,2.417,1.200,8743,0,192317.391,6321,0,8339.898
KMAX20181001-2,KMAX20181001_133853_V06,12,3.120,1.200,8748,0,172791.141,6699,0,7969.230
KMAX20181001-2,KMAX20181001_133853_V06,13,3.999,1.200,8749,0,149147.458,6644,0,7163.825
KMAX20181001-2,KMAX20181001_133853_V06,14,5.098,1.200,8769,0,83189.295,6115,0,3926.994
KMAX20181001-2,KMAX20181001_133853_V06,15,6.416,1.200,8788,0,47894.038,5010,0,1624.599
KMAX20181001-2,KMAX20181001_133853_V06,16,7.998,1.200,8828,0,22734.234,3940,0,866.109
KMAX20181001-4,KMAX20181001_134507_V06,0,-0.220,1.200,8545,0,17514.114,3453,0,839.848
KMAX20181001-4,KMAX20181001_134507_V06,2,0.483,1.200,8547,0,36898.278,3441,0,7558.436
KMAX20181001-4,KMAX20181001_134507_V06,4,0.879,1.200,8551,0,61522.636,3360,0,11920.536
KMAX20181001-4,KMAX20181001_134507_V06,6,1.318,1.200,8546,0,58489.113,4007,0,4956.416
KMAX20181001-4,KMAX20181001_134507_V06,10,1.802,1.200,4276,0,37018.815,2587,0,617.497
KMAX20181001-4,KMAX20181001_134507_V06,11,2.417,1.200,4280,0,38425.004,2834,0,411.219
KMAX20181001-4,KMAX20181001_134507_V06,12,3.120,1.200,4284,0,48440.828,3135,0,649.284
KMAX20181001-4,KMAX20181001_134507_V06,13,3.999,1.200,4284,0,61537.609,3372,0,893.398
KMAX20181001-4,KMAX20181001_134507_V06,14,5.098,1.200,4292,0,60203.181,3545,0,907.318
KMAX20181001-4,KMAX20181001_134507_V06,15,6.416,1.200,4301,0,44403.239,3650,0,671.120
KMAX20181001-4,KMAX20181001_134507_V06,16,7.998,1.200,4319,0,24541.406,3363,0,533.742
KMAX20181001-4,KMAX20181001_134507_V06,17,10.020,1.200,4330,0,14939.432,2713,0,310.145
KMAX20181001-4,KMAX20181001_134507_V06,18,12.480,1.200,4380,0,7262.568,1906,0,293.362
KMAX20181001-4,KMAX20181001_135108_V06,0,-0.220,1.200,23324,0,42272.254,9436,0,4413.791
KMAX20181001-4,KMAX20181001_135108_V06,2,0.483,1.200,23328,0,136962.652,8869,0,55746.046
KMAX20181001-4,KMAX20181001_135108_V06,4,0.879,1.200,23326,0,172891.696,9239,0,51880.552
KMAX20181001-4,KMAX20181001_135108_V06,6,1.318,1.200,23329,0,124082.884,10546,0,19160.700
KMAX20181001-4,KMAX20181001_135108_V06,10,1.802,1.200,11671,0,99829.998,7124,0,7820.380
KMAX20181001-4,KMAX20181001_135108_V06,11,2.417,1.200,11680,0,101139.914,7677,0,7014.263
KMAX20181001-4,KMAX20181001_135108_V06,12,3.120,1.200,11684,0,108201.730,8301,0,5437.295
KMAX20181001-4,KMAX20181001_135108_V06,13,3.999,1.200,11690,0,103610.723,8722,0,4609.485
KMAX20181001-4,KMAX20181001_135108_V06,14,5.098,1.200,11711,0,96353.225,8941,0,3214.781
KMAX20181001-4,KMAX20181001_135108_V06,15,6.416,1.200,11732,0,75330.007,8684,0,2814.835
KMAX20181001-4,KMAX20181001_135108_V06,16,7.998,1.200,11784,0,52455.578,8133,0,2137.893
KMAX20181001-4,KMAX20181001_135108_V06,17,10.020,1.200,11856,0,33223.552,6989,0,1203.732
KMAX20181001-4,KMAX20181001_135108_V06,18,12.480,1.200,11959,0,22018.853,5763,0,889.997
KMAX20181001-8,KMAX20181001_151010_V06,0,-0.220,1.200,8500,0,301586.610,2079,0,208963.039
KMAX20181001-8,KMAX20181001_151010_V06,2,0.483,1.200,8500,0,362262.583,1846,0,230243.791
KMAX20181001-8,KMAX20181001_151010_V06,4,0.879,1.200,8506,0,166409.133,3193,0,80053.700
KMAX20181001-8,KMAX20181001_151010_V06,6,1.318,1.200,8503,0,79471.620,4603,0,25942.221
KMAX20181001-8,KMAX20181001_151010_V06,10,1.802,1.200,4236,0,66617.014,2722,0,13584.596
KMAX20181001-8,KMAX20181001_151010_V06,11,2.417,1.200,4235,0,57150.901,2494,0,12448.257
KMAX20181001-8,KMAX20181001_151010_V06,12,3.120,1.200,4244,0,24155.503,1932,0,6643.225
KMAX20181001-8,KMAX20181001_151010_V06,13,3.999,1.200,4245,0,2469.525,621,0,841.308
KMAX20181001-8,KMAX20181001_151531_V06,0,-0.220,1.200,14736,0,337623.187,4108,0,245223.621
KMAX20181001-8,KMAX20181001_151531_V06,2,0.483,1.200,14742,0,355640.878,3133,0,238096.887
KMAX20181001-8,KMAX20181001_151531_V06,4,0.879,1.200,14732,0,228583.298,5166,0,123745.544
KMAX20181001-8,KMAX20181001_151531_V06,6,1.318,1.200,14749,0,149022.609,7339,0,58664.676
KMAX20181001-8,KMAX20181001_151531_V06,10,1.802,1.200,7375,0,131991.894,4370,0,30605.858
KMAX20181001-8,KMAX20181001_151531_V06,11,2.417,1.200,7380,0,104670.273,4045,0,22416.896
KMAX20181001-8,KMAX20181001_151531_V06,12,3.120,1.200,7387,0,61029.908,3226,0,12904.492
KMAX20181001-8,KMAX20181001_151531_V06,13,3.999,1.200,7392,0,11252.580,1652,0,3947.469
KMAX20181001-8,KMAX20181001_152038_V06,0,-0.220,1.200,17973,0,382039.660,5692,0,266791.967
KMAX20181001-8,KMAX20181001_152038_V06,2,0.483,1.200,17982,0,439759.946,4176,0,273688.137
KMAX20181001-8,KMAX20181001_152038_V06,4,0.879,1.200,17979,0,401567.578,5762,0,206781.976
KMAX20181001-8,KMAX20181001_152038_V06,6,1.318,1.200,17984,0,225963.617,9074,0,76715.758
KMAX20181001-8,KMAX20181001_152038_V06,10,1.802,1.200,8992,0,185507.828,5352,0,36764.737
KMAX20181001-8,KMAX20181001_152038_V06,11,2.417,1.200,9001,0,139209.369,4980,0,28557.857
KMAX20181001-8,KMAX20181001_152038_V06,12,3.120,1.200,9008,0,90419.244,4395,0,17360.749
KMAX20181001-8,KMAX20181001_152038_V06,13,3.999,1.200,9025,0,29664.967,3150,0,6885.121
KMAX20181001-1,KMAX20181001_131402_V06,0,-0.220,1.200,344,0,205187.441,18,0,191147.289
KMAX20181001-1,KMAX20181001_131402_V06,2,0.483,1.200,345,0,118324.302,37,0,93221.529
KMAX20181001-1,KMAX20181001_131402_V06,4,0.879,1.200,344,0,33995.176,81,0,30209.740
KMAX20181001-1,KMAX20181001_131402_V06,6,1.318,1.200,348,0,2728.693,101,0,1878.319
KMAX20181001-1,KMAX20181001_131402_V06,10,1.802,1.200,172,0,183.834,6,0,97.065
KMAX20181001-1,KMAX20181001_131402_V06,11,2.417,1.200,173,0,45.691,1,0,42.991
KMAX20181001-5,KMAX20181001_140321_V06,0,-0.220,1.200,16828,0,359867.523,5688,0,280553.933
KMAX20181001-5,KMAX20181001_140321_V06,2,0.483,1.200,16841,0,318919.590,4994,0,135536.622
KMAX20181001-5,KMAX20181001_140321_V06,4,0.879,1.200,16826,0,238690.597,7002,0,77914.326
KMAX20181001-5,KMAX20181001_140321_V06,6,1.318,1.200,16839,0,156403.131,8490,0,43623.108
KMAX20181001-5,KMAX20181001_140321_V06,10,1.802,1.200,8409,0,114982.646,4597,0,21306.266
KMAX20181001-5,KMAX20181001_140321_V06,11,2.417,1.200,8412,0,80533.207,3876,0,18754.063
KMAX20181001-5,KMAX20181001_140321_V06,12,3.120,1.200,8414,0,40144.734,2807,0,6874.521
KMAX20181001-5,KMAX20181001_140321_V06,13,3.999,1.200,8434,0,29897.711,1923,0,2978.085
KMAX20181001-5,KMAX20181001_140321_V06,14,5.098,1.200,8442,0,12228.364,1258,0,864.606
KMAX20181001-6,KMAX20181001_140321_V06,0,-0.220,1.200,17592,0,27153.070,1134,0,9028.486
KMAX20181001-6,KMAX20181001_140321_V06,2,0.483,1.200,17604,0,306668.562,8241,0,28072.022
KMAX20181001-6,KMAX20181001_140321_V06,4,0.879,1.200,17602,0,401158.538,8981,0,24853.086
KMAX20181001-6,KMAX20181001_140321_V06,6,1.318,1.200,17601,0,234722.153,5596,0,9318.151
KMAX20181001-6,KMAX20181001_140321_V06,10,1.802,1.200,8802,0,55375.497,1008,0,4424.135
KMAX20181001-7,KMAX20181001_143845_V06,0,-0.220,1.200,2706,0,1416.666,14,0,299.420
KMAX20181001-7,KMAX20181001_143845_V06,2,0.483,1.200,2710,0,84923.767,1125,0,11900.510
KMAX20181001-7,KMAX20181001_143845_V06,4,0.879,1.200,2711,0,65787.615,1116,0,10426.131
KMAX20181001-9,KMAX20181001_151010_V06,0,-0.220,1.200,9689,0,17695.183,244,0,2413.660
KMAX20181001-9,KMAX20181001_151010_V06,2,0.483,1.200,9691,0,179673.322,3119,0,19470.018
KMAX20181001-9,KMAX20181001_151010_V06,4,0.879,1.200,9694,0,166949.701,3538,0,21069.010
KMAX20181001-9,KMAX20181001_151010_V06,6,1.318,1.200,9703,0,68923.617,2272,0,11766.032
KMAX20181002-1,KMAX20181002_135242_V06,0,-0.220,1.200,36976,0,545460.810,15884,0,252729.997
KMAX20181002-1,KMAX20181002_135242_V06,2,0.483,1.200,36973,0,240073.336,16239,0,98687.046
KMAX20181002-1,KMAX20181002_135242_V06,4,0.879,1.200,36991,0,145318.891,14170,0,62513.282
KMAX20181002-1,KMAX20181002_135242_V06,6,1.318,1.200,36992,0,87163.931,11334,0,36957.549
KMAX20181002-1,KMAX20181002_135242_V06,10,1.802,1.200,18507,0,45563.308,5920,0,14115.818
KMAX20181002-1,KMAX20181002_135242_V06,11,2.417,1.200,18515,0,26786.815,4319,0,8219.886
KMAX20181002-1,KMAX20181002_135242_V06,12,3.120,1.200,18524,0,11564.848,3356,0,4133.062
KMAX20181002-1,KMAX20181002_135242_V06,13,3.999,1.200,18545,0,4984.125,2278,0,1639.928
KMAX20181002-1,KMAX20181002_135242_V06,14,5.098,1.200,18584,0,1144.046,1518,0,539.580
KMAX20181002-2,KMAX20181002_140213_V06,0,-0.220,1.200,1156,0,106491.950,599,0,37042.889
KMAX20181002-2,KMAX20181002_140213_V06,2,0.483,1.200,1154,0,325538.634,465,0,187102.064
KMAX20181002-2,KMAX20181002_140213_V06,4,0.879,1.200,1155,0,119542.905,564,0,59978.658
KMAX20181002-2,KMAX20181002_140213_V06,6,1.318,1.200,1160,0,14041.348,483,0,5458.663
KMAX20181002-2,KMAX20181002_140213_V06,10,1.802,1.200,581,0,288.568,21,0,177.453
KMAX20181002-2,KMAX20181002_140213_V06,11,2.417,1.200,581,0,41.916,1,0,39.706
KMAX20181002-2,KMAX20181002_140213_V06,12,3.120,1.200,581,0,45.182,5,0,32.225
KMAX20181002-3,KMAX20181002_151248_V06,0,-0.220,1.200,13245,0,194541.544,5831,0,122640.675
KMAX20181002-3,KMAX20181002_151248_V06,2,0.483,1.200,13250,0,277047.809,6324,0,119705.306
KMAX20181002-3,KMAX20181002_151248_V06,4,0.879,1.200,13255,0,352872.180,5596,0,131297.986
KMAX20181002-3,KMAX20181002_151248_V06,6,1.318,1.200,13257,0,330128.359,4857,0,112996.316
KMAX20181002-3,KMAX20181002_151248_V06,10,1.802,1.200,6632,0,102686.911,2957,0,31409.574
KMAX20181002-3,KMAX20181002_151248_V06,11,2.417,1.200,6635,0,14994.557,2206,0,6175.111
KMAX20181002-3,KMAX20181002_151248_V06,12,3.120,1.200,6640,0,2000.757,1060,0,920.730
KMAX20181002-3,KMAX20181002_151248_V06,13,3.999,1.200,6649,0,155.618,168,0,117.141
KMAX20181002-3,KMAX20181002_151248_V06,14,5.098,1.200,6655,0,93.284,24,0,72.902
KMAX20181003-1,KMAX20181003_131217_V06,0,0.000,1.200,393,0,181505.403,12,0,154029.166
KMAX20181003-1,KMAX20181003_131217_V06,2,0.483,1.200,393,0,60110.970,7,0,59427.329
KMAX20181003-1,KMAX20181003_131217_V06,4,1.494,1.200,391,0,169.785,1,0,168.785
KMAX20181003-1,KMAX20181003_131217_V06,6,2.505,1.200,199,0,11.116,0,0,11.116
KMAX20181003-1,KMAX20181003_132423_V06,0,0.000,1.200,1316,0,237229.641,14,0,233867.090
KMAX20181003-1,KMAX20181003_132423_V06,2,0.483,1.200,1313,0,67998.702,22,0,67771.252
KMAX20181003-1,KMAX20181003_132423_V06,4,1.494,1.200,1312,0,352.849,7,0,273.616
KMAX20181003-1,KMAX20181003_132423_V06,6,2.505,1.200,657,0,8.466,1,0,5.207
KMAX20181003-1,KMAX20181003_133628_V06,0,0.000,1.200,1315,0,241001.474,19,0,236835.683
KMAX20181003-1,KMAX20181003_133628_V06,2,0.483,1.200,1317,0,83987.834,28,0,77628.309
KMAX20181003-1,KMAX20181003_133628_V06,4,1.494,1.200,1321,0,363.709,8,0,243.835
KMAX20181003-1,KMAX20181003_133628_V06,6,2.505,1.200,663,0,57.096,1,0,47.909
KMAX20181003-4,KMAX20181003_142453_V06,0,0.000,1.200,344,0,134167.882,7,0,130219.893
KMAX20181003-4,KMAX20181003_142453_V06,2,0.483,1.200,343,0,71348.567,6,0,69528.489
KMAX20181003-4,KMAX20181003_142453_V06,4,1.494,1.200,345,0,365.318,1,0,362.580
KMAX20181003-4,KMAX20181003_142453_V06,6,2.505,1.200,174,0,0.519,0,0,0.519
KMAX20181003-4,KMAX20181003_143659_V06,0,0.000,1.200,1860,0,201952.241,52,0,195872.737
KMAX20181003-4,KMAX20181003_143659_V06,2,0.483,1.200,1861,0,76082.748,30,0,71419.802
KMAX20181003-4,KMAX20181003_143659_V06,4,1.494,1.200,1863,0,273.945,8,0,236.545
KMAX20181003-4,KMAX20181003_143659_V06,6,2.505,1.200,929,0,42.494,0,0,42.494
KMAX20181003-4,KMAX20181003_150111_V06,0,0.000,1.200,9059,0,273193.654,185,0,262446.699
KMAX20181003-4,KMAX20181003_150111_V06,2,0.483,1.200,9061,0,78639.201,82,0,71242.043
KMAX20181003-4,KMAX20181003_150111_V06,4,1.494,1.200,9060,0,758.452,65,0,516.253
KMAX20181003-4,KMAX20181003_150111_V06,6,2.505,1.200,4538,0,370.983,20,0,274.149
KMAX20181003-4,KMAX20181003_151318_V06,0,0.000,1.200,322,0,112889.113,19,0,98163.652
KMAX20181003-4,KMAX20181003_151318_V06,2,0.483,1.200,323,0,53979.811,11,0,51978.880
KMAX20181003-4,KMAX20181003_151318_V06,4,0.879,1.200,323,0,20992.848,16,0,20570.133
KMAX20181003-4,KMAX20181003_151318_V06,6,1.318,1.200,322,0,2112.124,22,0,2026.638
KMAX20181003-4,KMAX20181003_151318_V06,8,1.802,1.200,158,0,44.346,0,0,44.346
KMAX20181003-4,KMAX20181003_151318_V06,11,2.417,1.200,160,0,0.483,0,0,0.483
KMAX20181003-7,KMAX20181003_150111_V06,0,0.000,1.200,26219,0,19.501,9735,0,8.608
KMAX20181003-7,KMAX20181003_150111_V06,2,0.483,1.200,26219,0,21.230,8507,0,8.880
KMAX20181003-7,KMAX20181003_150111_V06,4,1.494,1.200,26232,0,12.159,4896,0,1.874
KMAX20181003-7,KMAX20181003_150111_V06,6,2.505,1.200,13125,0,4.080,1431,0,1.129
KMAX20181003-7,KMAX20181003_150111_V06,7,3.516,1.200,13139,0,1.022,693,0,0.532
KMAX20181003-7,KMAX20181003_150111_V06,8,4.482,1.200,13160,0,0.832,469,0,0.430
KMAX20181003-7,KMAX20181003_151318_V06,0,0.000,1.200,42824,0,263.690,5779,0,200.241
KMAX20181003-7,KMAX20181003_151318_V06,2,0.483,1.200,42828,0,214.639,5894,0,171.652
KMAX20181003-7,KMAX20181003_151318_V06,4,0.879,1.200,42832,0,214.651,5951,0,165.266
KMAX20181003-7,KMAX20181003_151318_V06,6,1.318,1.200,42834,0,233.391,5846,0,171.593
KMAX20181003-7,KMAX20181003_151318_V06,8,1.802,1.200,21425,0,73.776,2323,0,29.211
KMAX20181003-7,KMAX20181003_151318_V06,11,2.417,1.200,21437,0,42.894,2119,0,20.617
KMAX20181003-7,KMAX20181003_151318_V06,12,3.120,1.200,21453,0,24.188,1919,0,14.101
KMAX20181003-7,KMAX20181003_151318_V06,13,3.999,1.200,21468,0,19.894,1863,0,13.615
KMAX20181003-7,KMAX20181003_151318_V06,14,5.098,1.200,21507,0,20.557,2007,0,14.792
KMAX20181003-7,KMAX20181003_151318_V06,15,6.416,1.200,21560,0,18.827,1931,0,13.790
KMAX20181003-8,KMAX20181003_150111_V06,0,0.000,1.200,28739,0,103.265,8977,0,47.847
KMAX20181003-8,KMAX20181003_150111_V06,2,0.483,1.200,28741,0,132.389,8649,0,49.719
KMAX20181003-8,KMAX20181003_150111_V06,4,1.494,1.200,28749,0,133.491,7012,0,34.537
KMAX20181003-8,KMAX20181003_150111_V06,6,2.505,1.200,14390,0,25.820,1751,0,5.803
KMAX20181003-8,KMAX20181003_150111_V06,7,3.516,1.200,14406,0,4.414,723,0,1.680
KMAX20181003-8,KMAX20181003_150111_V06,8,4.482,1.200,14426,0,1.652,483,0,1.329
KMAX20181004-2,KMAX20181004_135050_V06,0,-0.220,1.200,3443,0,75486.540,1089,0,29624.170
KMAX20181004-2,KMAX20181004_135050_V06,2,0.483,1.200,3443,0,162583.608,1608,0,64293.650
KMAX20181004-2,KMAX20181004_135050_V06,4,0.879,1.200,3446,0,174788.570,1727,0,59988.604
KMAX20181004-2,KMAX20181004_135050_V06,6,1.318,1.200,3449,0,116403.353,1519,0,36106.449
KMAX20181004-2,KMAX20181004_135050_V06,10,1.802,1.200,1717,0,49903.807,956,0,14487.428
KMAX20181004-2,KMAX20181004_135050_V06,11,2.417,1.200,1719,0,33277.636,927,0,8240.231
KMAX20181004-2,KMAX20181004_135050_V06,12,3.120,1.200,1722,0,28810.334,926,0,5866.799
KMAX20181004-2,KMAX20181004_135050_V06,13,3.999,1.200,1726,0,16013.982,771,0,4267.811
KMAX20181004-2,KMAX20181004_135050_V06,14,5.098,1.200,1724,0,5254.708,688,0,2016.622
KMAX20181004-2,KMAX20181004_135050_V06,15,6.416,1.200,1731,0,1148.999,477,0,446.030
KMAX20181004-2,KMAX20181004_140217_V06,0,-0.220,1.200,19123,0,483820.947,4435,0,244251.182
KMAX20181004-2,KMAX20181004_140217_V06,2,0.483,1.200,19120,0,472624.994,5205,0,172197.407
KMAX20181004-2,KMAX20181004_140217_V06,4,0.879,1.200,19123,0,291743.718,5288,0,128447.802
KMAX20181004-2,KMAX20181004_140217_V06,6,1.318,1.200,19134,0,178399.550,5883,0,70858.084
KMAX20181004-2,KMAX20181004_140217_V06,10,1.802,1.200,9567,0,130483.452,4930,0,25332.400
KMAX20181004-2,KMAX20181004_140217_V06,11,2.417,1.200,9577,0,128398.288,5085,0,34424.524
KMAX20181004-2,KMAX20181004_140217_V06,12,3.120,1.200,9585,0,114421.628,4861,0,27407.976
KMAX20181004-2,KMAX20181004_140217_V06,13,3.999,1.200,9587,0,94044.246,4376,0,18054.012
KMAX20181004-2,KMAX20181004_140217_V06,14,5.098,1.200,9608,0,64204.265,3808,0,9922.756
KMAX20181004-2,KMAX20181004_140217_V06,15,6.416,1.200,9628,0,38097.252,2800,0,5371.961
KMAX20181004-2,KMAX20181004_140800_V06,0,-0.220,1.200,33051,6,541718.906,7310,4,230950.343
KMAX20181004-2,KMAX20181004_140800_V06,2,0.483,1.200,33062,0,392136.354,8192,0,120281.265
KMAX20181004-2,KMAX20181004_140800_V06,4,0.879,1.200,33072,0,221785.698,8983,0,85979.671
KMAX20181004-2,KMAX20181004_140800_V06,6,1.318,1.200,33072,0,192642.380,10164,0,66560.007
KMAX20181004-2,KMAX20181004_140800_V06,10,1.802,1.200,16537,0,173158.057,8353,0,39370.043
KMAX20181004-2,KMAX20181004_140800_V06,11,2.417,1.200,16543,0,216481.439,9256,0,44249.814
KMAX20181004-2,KMAX20181004_140800_V06,12,3.120,1.200,16560,0,218975.979,9004,0,41923.873
KMAX20181004-2,KMAX20181004_140800_V06,13,3.999,1.200,16577,0,201113.617,8658,0,26476.829
KMAX20181004-2,KMAX20181004_140800_V06,14,5.098,1.200,16604,0,152090.618,7683,0,16936.163
KMAX20181004-2,KMAX20181004_140800_V06,15,6.416,1.200,16649,0,93115.570,6538,0,10730.259
KMAX20181004-2,KMAX20181004_140800_V06,16,7.998,1.200,16707,0,42905.733,5899,0,7653.092
KMAX20181005-2,KMAX20181005_141326_V06,0,-0.220,1.200,4523,0,4285712.411,3074,0,654464.588
KMAX20181005-2,KMAX20181005_141326_V06,2,0.483,1.200,4529,0,325820.802,2177,0,47139.484
KMAX20181005-2,KMAX20181005_141326_V06,4,0.879,1.200,4521,0,2842.159,79,0,346.239
KMAX20181005-2,KMAX20181005_141830_V06,0,-0.220,1.200,7712,0,3443050.453,4538,0,366903.576
KMAX20181005-2,KMAX20181005_141830_V06,2,0.483,1.200,7708,0,321038.640,3321,0,42446.545
KMAX20181005-2,KMAX20181005_141830_V06,4,0.879,1.200,7709,0,6070.171,140,0,1115.421
KMAX20181005-2,KMAX20181005_142334_V06,0,-0.220,1.200,11978,0,5432974.045,7861,0,549376.054
KMAX20181005-2,KMAX20181005_142334_V06,2,0.483,1.200,11977,0,504493.225,5663,0,68646.451
KMAX20181005-2,KMAX20181005_142334_V06,4,0.879,1.200,11982,0,12269.503,407,0,3177.316
KMAX20181005-2,KMAX20181005_142334_V06,6,1.318,1.200,11989,0,7714.195,336,0,1749.570
KMAX20181005-2,KMAX20181005_142838_V06,0,-0.220,1.200,14432,0,4911303.909,8897,0,865796.569
KMAX20181005-2,KMAX20181005_142838_V06,2,0.483,1.200,14439,0,419067.554,6316,0,90362.121
KMAX20181005-2,KMAX20181005_142838_V06,4,0.879,1.200,14443,0,32738.266,1021,0,9628.225
KMAX20181005-2,KMAX20181005_142838_V06,6,1.318,1.200,14442,0,11307.981,448,0,3065.433
KMAX20181005-1,KMAX20181005_134300_V06,0,-0.220,1.200,22483,0,9395192.555,11205,0,1618046.883
KMAX20181005-1,KMAX20181005_134300_V06,2,0.483,1.200,22508,0,1539342.087,11170,0,201860.345
KMAX20181005-1,KMAX20181005_134300_V06,4,0.879,1.200,22504,0,542343.889,9042,0,62088.060
KMAX20181005-1,KMAX20181005_134300_V06,6,1.318,1.200,22525,0,332946.591,7110,0,33874.248
KMAX20181005-7,KMAX20181005_150914_V06,0,-0.220,1.200,6951,0,24831.296,599,0,19526.142
KMAX20181005-7,KMAX20181005_150914_V06,2,0.483,1.200,6954,0,36324.547,1635,0,19333.150
KMAX20181005-7,KMAX20181005_150914_V06,4,0.879,1.200,6952,0,58889.421,1555,0,38423.907
KMAX20181005-7,KMAX20181005_150914_V06,6,1.318,1.200,6955,0,52750.475,1730,0,34545.521
KMAX20181005-7,KMAX20181005_150914_V06,10,1.802,1.200,3481,0,19587.547,934,0,7636.601
KMAX20181005-7,KMAX20181005_150914_V06,11,2.417,1.200,3475,0,8791.250,465,0,4631.964
KMAX20181005-7,KMAX20181005_150914_V06,12,3.120,1.200,3479,0,7137.197,339,0,4467.209
KMAX20181005-8,KMAX20181005_153434_V06,0,-0.220,1.200,16236,0,224333.253,4682,0,112693.736
KMAX20181005-8,KMAX20181005_153434_V06,2,0.483,1.200,16244,0,504710.120,4188,0,305602.187
KMAX20181005-8,KMAX20181005_153434_V06,4,0.879,1.200,16246,0,181617.313,3823,0,135298.713
KMAX20181005-8,KMAX20181005_153434_V06,6,1.318,1.200,16251,0,96487.546,3787,0,69771.439
KMAX20181005-8,KMAX20181005_153434_V06,10,1.802,1.200,8127,0,44207.818,2382,0,22269.977
KMAX20181005-8,KMAX20181005_153434_V06,11,2.417,1.200,8130,0,19603.054,1704,0,9826.507
KMAX20181005-8,KMAX20181005_153434_V06,12,3.120,1.200,8135,0,6720.541,890,0,4007.810
KMAX20181006-30,KMAX20181006_150715_V06,0,-0.220,1.200,1023,0,479991.719,384,0,122120.389
KMAX20181006-30,KMAX20181006_150715_V06,2,0.483,1.200,1024,0,30510.542,213,0,18940.459
KMAX20181006-30,KMAX20181006_150715_V06,4,0.879,1.200,1024,0,2714.034,64,0,2262.347
KMAX20181006-30,KMAX20181006_150715_V06,6,1.318,1.200,1022,0,739.681,49,0,482.059
KMAX20181006-30,KMAX20181006_150715_V06,10,1.802,1.200,509,0,109.898,1,0,105.346
KMAX20181006-30,KMAX20181006_150715_V06,11,2.417,1.200,511,0,96.814,2,0,87.980
KMAX20181006-30,KMAX20181006_151219_V06,0,-0.220,1.200,2344,0,771041.547,747,0,203229.224
KMAX20181006-30,KMAX20181006_151219_V06,2,0.483,1.200,2341,0,64942.299,465,0,39174.353
KMAX20181006-30,KMAX20181006_151219_V06,4,0.879,1.200,2340,0,4650.408,123,0,4069.007
KMAX20181006-30,KMAX20181006_151219_V06,6,1.318,1.200,2340,0,1923.536,136,0,1246.818
KMAX20181006-30,KMAX20181006_151219_V06,10,1.802,1.200,1173,0,195.819,2,0,177.908
KMAX20181006-30,KMAX20181006_151219_V06,11,2.417,1.200,1174,0,279.790,3,0,259.141
KMAX20181006-30,KMAX20181006_151724_V06,0,-0.220,1.200,3294,0,1699747.475,1156,0,473098.758
KMAX20181006-30,KMAX20181006_151724_V06,2,0.483,1.200,3296,0,89338.512,658,0,50847.833
KMAX20181006-30,KMAX20181006_151724_V06,4,0.879,1.200,3299,0,5153.158,224,0,3843.430
KMAX20181006-30,KMAX20181006_151724_V06,6,1.318,1.200,3303,0,3525.235,199,0,2239.088
KMAX20181006-30,KMAX20181006_151724_V06,10,1.802,1.200,1651,0,300.876,3,0,279.656
KMAX20181006-30,KMAX20181006_151724_V06,11,2.417,1.200,1656,0,263.107,3,0,253.277
KMAX20181006-30,KMAX20181006_152228_V06,0,-0.220,1.200,3612,0,1394816.391,1246,0,397142.101
KMAX20181006-30,KMAX20181006_152228_V06,2,0.483,1.200,3609,0,69896.028,768,0,30444.278
KMAX20181006-30,KMAX20181006_152228_V06,4,0.879,1.200,3609,0,3717.142,239,0,2480.111
KMAX20181006-30,KMAX20181006_152228_V06,6,1.318,1.200,3614,0,3334.099,212,0,2321.969
KMAX20181006-30,KMAX20181006_152228_V06,10,1.802,1.200,1807,0,276.185,3,0,258.789
KMAX20181006-30,KMAX20181006_152228_V06,11,2.417,1.200,1811,0,156.984,5,0,127.241
KMAX20181006-30,KMAX20181006_152732_V06,0,-0.220,1.200,4254,0,1513807.256,1342,0,485531.420
KMAX20181006-30,KMAX20181006_152732_V06,2,0.483,1.200,4251,0,94334.252,811,0,46106.680
KMAX20181006-30,KMAX20181006_152732_V06,4,0.879,1.200,4257,0,5427.568,279,0,4299.885
KMAX20181006-30,KMAX20181006_152732_V06,6,1.318,1.200,4261,0,2466.680,203,0,1668.032
KMAX20181006-30,KMAX20181006_152732_V06,10,1.802,1.200,2127,0,228.065,3,0,217.010
KMAX20181006-30,KMAX20181006_152732_V06,11,2.417,1.200,2129,0,287.561,1,0,284.660
KMAX20181006-30,KMAX20181006_152732_V06,12,3.120,1.200,2131,0,410.329,7,0,347.112
KMAX20181006-30,KMAX20181006_153237_V06,0,-0.220,1.200,4022,0,1525884.928,1251,0,494960.464
KMAX20181006-30,KMAX20181006_153237_V06,2,0.483,1.200,4020,0,120322.104,814,0,71779.376
KMAX20181006-30,KMAX20181006_153237_V06,4,0.879,1.200,4024,0,6262.704,362,0,4509.019
KMAX20181006-30,KMAX20181006_153237_V06,6,1.318,1.200,4025,0,2280.876,189,0,1692.103
KMAX20181006-30,KMAX20181006_153237_V06,10,1.802,1.200,2014,0,186.775,1,0,181.433
KMAX20181006-30,KMAX20181006_153237_V06,11,2.417,1.200,2011,0,266.225,4,0,251.473
KMAX20181006-30,KMAX20181006_153237_V06,12,3.120,1.200,2017,0,321.780,7,0,291.844
KMAX20181006-30,KMAX20181006_153740_V06,0,-0.220,1.200,4193,0,1061861.823,1333,0,349239.958
KMAX20181006-30,KMAX20181006_153740_V06,2,0.483,1.200,4198,0,111766.300,935,0,60893.294
KMAX20181006-30,KMAX20181006_153740_V06,4,0.879,1.200,4200,0,7030.524,449,0,4704.388
KMAX20181006-30,KMAX20181006_153740_V06,6,1.318,1.200,4206,0,2229.027,211,0,1571.408
KMAX20181006-30,KMAX20181006_153740_V06,10,1.802,1.200,2103,0,196.302,3,0,186.417
KMAX20181006-30,KMAX20181006_153740_V06,11,2.417,1.200,2103,0,249.146,7,0,202.064
KMAX20181006-30,KMAX20181006_153740_V06,12,3.120,1.200,2104,0,225.140,5,0,207.623
KMAX20181006-30,KMAX20181006_154245_V06,0,-0.220,1.200,5201,0,1245273.666,1535,0,527698.107
KMAX20181006-30,KMAX20181006_154245_V06,2,0.483,1.200,5209,0,92323.978,1114,0,55387.680
KMAX20181006-30,KMAX20181006_154245_V06,4,0.879,1.200,5205,0,6074.913,554,0,4096.476
KMAX20181006-30,KMAX20181006_154245_V06,6,1.318,1.200,5209,0,1656.051,186,0,1251.366
KMAX20181006-30,KMAX20181006_154245_V06,10,1.802,1.200,2602,0,183.396,7,0,156.770
KMAX20181006-30,KMAX20181006_154245_V06,11,2.417,1.200,2605,0,172.807,1,0,169.491
KMAX20181006-30,KMAX20181006_154245_V06,12,3.120,1.200,2606,0,208.167,6,0,186.075
KMAX20181006-14,KMAX20181006_141230_V06,0,-0.220,1.200,20794,0,688801.664,5090,0,323067.064
KMAX20181006-14,KMAX20181006_141230_V06,2,0.483,1.200,20802,0,183109.148,3395,0,75522.616
KMAX20181006-14,KMAX20181006_141230_V06,4,0.879,1.200,20811,0,73698.727,2554,0,25211.846
KMAX20181006-14,KMAX20181006_141230_V06,6,1.318,1.200,20806,0,24714.454,1653,0,11678.577
KMAX20181006-14,KMAX20181006_141230_V06,10,1.802,1.200,10414,0,1948.627,178,0,1121.541
KMAX20181006-14,KMAX20181006_141230_V06,11,2.417,1.200,10421,0,460.418,25,0,395.065
KMAX20181006-14,KMAX20181006_141230_V06,12,3.120,1.200,10429,0,677.406,25,0,596.882
KMAX20181006-14,KMAX20181006_141230_V06,13,3.999,1.200,10435,0,721.905,37,0,604.132
KMAX20181006-14,KMAX20181006_141734_V06,0,-0.220,1.200,26192,0,1530414.779,7048,0,656414.232
KMAX20181006-14,KMAX20181006_141734_V06,2,0.483,1.200,26188,0,334353.790,4608,0,81245.297
KMAX20181006-14,KMAX20181006_141734_V06,4,0.879,1.200,26195,0,125663.040,3517,0,26839.173
KMAX20181006-14,KMAX20181006_141734_V06,6,1.318,1.200,26211,0,46716.550,2613,0,15508.287
KMAX20181006-14,KMAX20181006_141734_V06,10,1.802,1.200,13111,0,4576.078,398,0,1455.431
KMAX20181006-14,KMAX20181006_141734_V06,11,2.417,1.200,13120,0,652.669,29,0,612.366
KMAX20181006-14,KMAX20181006_141734_V06,12,3.120,1.200,13134,0,1072.523,38,0,854.581
KMAX20181006-14,KMAX20181006_141734_V06,13,3.999,1.200,13139,0,984.678,41,0,797.586
KMAX20181006-14,KMAX20181006_142238_V06,0,-0.220,1.200,32466,4,2659165.738,8941,0,1241231.871
KMAX20181006-14,KMAX20181006_142238_V06,2,0.483,1.200,32480,0,587748.974,6407,0,116881.036
KMAX20181006-14,KMAX20181006_142238_V06,4,0.879,1.200,32475,0,197716.877,5330,0,33445.795
KMAX20181006-14,KMAX20181006_142238_V06,6,1.318,1.200,32484,0,69780.201,3867,0,18908.436
KMAX20181006-14,KMAX20181006_142238_V06,10,1.802,1.200,16245,0,8298.122,731,0,1973.271
KMAX20181006-14,KMAX20181006_142238_V06,11,2.417,1.200,16257,0,703.347,124,0,552.602
KMAX20181006-14,KMAX20181006_142238_V06,12,3.120,1.200,16269,0,1022.957,64,0,750.967
KMAX20181006-14,KMAX20181006_142238_V06,13,3.999,1.200,16288,0,1066.593,66,0,839.686
KMAX20181006-14,KMAX20181006_142729_V06,0,-0.220,1.200,39709,30,3579163.398,10721,2,1650231.572
KMAX20181006-14,KMAX20181006_142729_V06,2,0.483,1.200,39712,0,818838.839,8753,0,132792.726
KMAX20181006-14,KMAX20181006_142729_V06,4,0.879,1.200,39718,0,251054.658,7497,0,34188.835
KMAX20181006-14,KMAX20181006_142729_V06,6,1.318,1.200,39732,0,98667.049,6153,0,21368.831
KMAX20181006-14,KMAX20181006_142729_V06,10,1.802,1.200,19870,0,16576.744,1581,0,2796.890
KMAX20181006-14,KMAX20181006_142729_V06,11,2.417,1.200,19879,0,1476.578,403,0,945.501
KMAX20181006-14,KMAX20181006_142729_V06,12,3.120,1.200,19892,0,1055.306,110,0,791.864
KMAX20181006-14,KMAX20181006_142729_V06,13,3.999,1.200,19911,0,973.906,55,0,804.748
KMAX20181006-14,KMAX20181006_143222_V06,0,-0.220,1.200,50348,70,4932484.060,13147,18,2212726.066
KMAX20181006-14,KMAX20181006_143222_V06,2,0.483,1.200,50371,0,1080344.281,10386,0,265782.210
KMAX20181006-14,KMAX20181006_143222_V06,4,0.879,1.200,50382,0,322344.015,8785,0,74251.718
KMAX20181006-14,KMAX20181006_143222_V06,6,1.318,1.200,50387,0,121780.033,7120,0,36452.246
KMAX20181006-14,KMAX20181006_143222_V06,10,1.802,1.200,25196,0,18024.079,2100,0,4565.030
KMAX20181006-14,KMAX20181006_143222_V06,11,2.417,1.200,25208,0,2464.316,816,0,1624.082
KMAX20181006-14,KMAX20181006_143222_V06,12,3.120,1.200,25230,0,1434.632,184,0,957.101
KMAX20181006-14,KMAX20181006_143222_V06,13,3.999,1.200,25250,0,1160.762,70,0,1015.012
KMAX20181006-14,KMAX20181006_143713_V06,0,-0.220,1.200,58279,55,5748438.738,15140,5,2410801.401
KMAX20181006-14,KMAX20181006_143713_V06,2,0.483,1.200,58284,0,1128140.477,12221,0,348914.291
KMAX20181006-14,KMAX20181006_143713_V06,4,0.879,1.200,58292,0,334221.278,10492,0,87443.519
KMAX20181006-14,KMAX20181006_143713_V06,6,1.318,1.200,58309,0,102544.310,8309,0,36777.294
KMAX20181006-14,KMAX20181006_143713_V06,10,1.802,1.200,29165,0,17567.937,3077,0,5066.679
KMAX20181006-14,KMAX20181006_143713_V06,11,2.417,1.200,29172,0,3952.778,1658,0,1851.905
KMAX20181006-14,KMAX20181006_143713_V06,12,3.120,1.200,29201,0,1517.932,782,0,1197.366
KMAX20181006-14,KMAX20181006_143713_V06,13,3.999,1.200,29235,0,1128.660,106,0,995.966
KMAX20181006-14,KMAX20181006_144205_V06,0,-0.220,1.200,46477,75,5478858.923,13164,15,2384733.432
KMAX20181006-14,KMAX20181006_144205_V06,2,0.483,1.200,46493,0,1082933.227,11577,0,318204.622
KMAX20181006-14,KMAX20181006_144205_V06,4,0.879,1.200,46495,0,306212.090,10516,0,89887.749
KMAX20181006-14,KMAX20181006_144205_V06,6,1.318,1.200,46509,0,91503.906,8521,0,30668.599
KMAX20181006-14,KMAX20181006_144205_V06,10,1.802,1.200,23248,0,18911.910,3477,0,5245.279
KMAX20181006-14,KMAX20181006_144205_V06,11,2.417,1.200,23270,0,8027.447,2246,0,2585.060
KMAX20181006-14,KMAX20181006_144205_V06,12,3.120,1.200,23286,0,2037.696,1375,0,1128.415
KMAX20181006-14,KMAX20181006_144205_V06,13,3.999,1.200,23303,0,743.671,379,0,577.329
KMAX20181006-14,KMAX20181006_144205_V06,14,5.098,1.200,23356,0,813.870,113,0,644.607
KMAX20181006-14,KMAX20181006_144658_V06,0,-0.220,1.200,63851,57,5356793.102,17006,9,2088603.620
KMAX20181006-14,KMAX20181006_144658_V06,2,0.483,1.200,63856,3,1283742.162,14705,0,474171.518
KMAX20181006-14,KMAX20181006_144658_V06,4,0.879,1.200,63869,0,317878.729,13533,0,96090.638
KMAX20181006-14,KMAX20181006_144658_V06,6,1.318,1.200,63877,0,85530.553,11075,0,28420.483
KMAX20181006-14,KMAX20181006_144658_V06,10,1.802,1.200,31947,0,19873.504,4906,0,6035.683
KMAX20181006-14,KMAX20181006_144658_V06,11,2.417,1.200,31966,0,11857.444,3492,0,4140.120
KMAX20181006-14,KMAX20181006_144658_V06,12,3.120,1.200,31990,0,5042.016,2782,0,2219.934
KMAX20181006-14,KMAX20181006_144658_V06,13,3.999,1.200,32025,0,1601.663,2001,0,988.765
KMAX20181006-14,KMAX20181006_144658_V06,14,5.098,1.200,32083,0,1119.292,999,0,844.670
KMAX20181006-14,KMAX20181006_145203_V06,0,-0.220,1.200,5177,0,74317.631,635,0,48643.539
KMAX20181006-14,KMAX20181006_145203_V06,2,0.483,1.200,5171,0,18541.105,528,0,9519.609
KMAX20181006-14,KMAX20181006_145203_V06,4,0.879,1.200,5164,0,6501.501,401,0,3869.479
KMAX20181006-14,KMAX20181006_145203_V06,6,1.318,1.200,5177,0,1577.996,240,0,1176.570
KMAX20181006-14,KMAX20181006_145203_V06,10,1.802,1.200,2584,0,157.993,2,0,150.729
KMAX20181006-14,KMAX20181006_145203_V06,11,2.417,1.200,2583,0,151.513,5,0,133.592
KMAX20181006-14,KMAX20181006_145203_V06,12,3.120,1.200,2589,0,206.610,9,0,174.938
KMAX20181006-14,KMAX20181006_145203_V06,13,3.999,1.200,2596,0,135.344,1,0,133.369
KMAX20181006-13,KMAX20181006_140726_V06,0,-0.220,1.200,3926,1,361989.898,1102,0,179571.595
KMAX20181006-13,KMAX20181006_140726_V06,2,0.483,1.200,3928,0,78029.046,1180,0,24026.098
KMAX20181006-13,KMAX20181006_140726_V06,4,0.879,1.200,3931,0,25750.047,1105,0,10061.709
KMAX20181006-13,KMAX20181006_140726_V06,6,1.318,1.200,3931,0,6539.941,790,0,3977.691
KMAX20181006-13,KMAX20181006_140726_V06,10,1.802,1.200,1964,0,455.434,203,0,128.982
KMAX20181006-13,KMAX20181006_140726_V06,11,2.417,1.200,1964,0,11.814,6,0,8.809
KMAX20181006-13,KMAX20181006_140726_V06,12,3.120,1.200,1966,0,12.128,11,0,9.087
KMAX20181006-13,KMAX20181006_140726_V06,13,3.999,1.200,1971,0,11.236,4,0,10.196
KMAX20181006-13,KMAX20181006_140726_V06,14,5.098,1.200,1973,0,18.737,8,0,15.585
KMAX20181006-13,KMAX20181006_140726_V06,15,6.416,1.200,1974,0,18.527,3,0,16.063
KMAX20181006-13,KMAX20181006_141230_V06,0,-0.220,1.200,7636,8,821710.379,2344,1,347454.041
KMAX20181006-13,KMAX20181006_141230_V06,2,0.483,1.200,7638,0,103918.430,2331,0,34923.512
KMAX20181006-13,KMAX20181006_141230_V06,4,0.879,1.200,7634,0,36977.653,2106,0,15661.603
KMAX20181006-13,KMAX20181006_141230_V06,6,1.318,1.200,7640,0,11983.079,1649,0,4614.280
KMAX20181006-13,KMAX20181006_141230_V06,10,1.802,1.200,3818,0,1433.742,405,0,187.167
KMAX20181006-13,KMAX20181006_141230_V06,11,2.417,1.200,3820,0,56.301,52,0,39.765
KMAX20181006-13,KMAX20181006_141230_V06,12,3.120,1.200,3820,0,37.282,7,0,35.331
KMAX20181006-13,KMAX20181006_141230_V06,13,3.999,1.200,3824,0,25.219,7,0,23.987
KMAX20181006-13,KMAX20181006_141230_V06,14,5.098,1.200,3834,0,34.956,7,0,33.675
KMAX20181006-13,KMAX20181006_141230_V06,15,6.416,1.200,3846,0,26.894,10,0,23.718
KMAX20181006-13,KMAX20181006_141734_V06,0,-0.220,1.200,9477,3,822098.785,3073,0,296420.595
KMAX20181006-13,KMAX20181006_141734_V06,2,0.483,1.200,9477,0,117755.109,2864,0,39805.512
KMAX20181006-13,KMAX20181006_141734_V06,4,0.879,1.200,9484,0,37674.144,2487,0,16106.567
KMAX20181006-13,KMAX20181006_141734_V06,6,1.318,1.200,9482,0,15181.641,1924,0,4697.159
KMAX20181006-13,KMAX20181006_141734_V06,10,1.802,1.200,4738,0,3252.441,491,0,702.662
KMAX20181006-13,KMAX20181006_141734_V06,11,2.417,1.200,4741,0,88.497,67,0,58.973
KMAX20181006-13,KMAX20181006_141734_V06,12,3.120,1.200,4751,0,48.053,20,0,43.561
KMAX20181006-13,KMAX20181006_141734_V06,13,3.999,1.200,4752,0,35.112,8,0,33.009
KMAX20181006-13,KMAX20181006_141734_V06,14,5.098,1.200,4762,0,41.995,13,0,36.958
KMAX20181006-13,KMAX20181006_141734_V06,15,6.416,1.200,4775,0,42.811,13,0,38.818
KMAX20181006-13,KMAX20181006_142238_V06,0,-0.220,1.200,10216,0,693384.798,3507,0,279007.505
KMAX20181006-13,KMAX20181006_142238_V06,2,0.483,1.200,10213,0,119817.446,2689,0,48811.286
KMAX20181006-13,KMAX20181006_142238_V06,4,0.879,1.200,10211,0,60484.533,2673,0,18347.077
KMAX20181006-13,KMAX20181006_142238_V06,6,1.318,1.200,10218,0,26288.895,2066,0,6076.328
KMAX20181006-13,KMAX20181006_142238_V06,10,1.802,1.200,5105,0,4583.268,522,0,1585.796
KMAX20181006-13,KMAX20181006_142238_V06,11,2.417,1.200,5110,0,95.322,59,0,62.137
KMAX20181006-13,KMAX20181006_142238_V06,12,3.120,1.200,5116,0,56.112,20,0,48.979
KMAX20181006-13,KMAX20181006_142238_V06,13,3.999,1.200,5112,0,46.983,9,0,43.246
KMAX20181006-13,KMAX20181006_142238_V06,14,5.098,1.200,5125,0,45.324,3,0,44.148
KMAX20181006-13,KMAX20181006_142238_V06,15,6.416,1.200,5144,0,68.646,16,0,61.100
KMAX20181006-13,KMAX20181006_142729_V06,0,-0.220,1.200,3355,0,219145.968,1147,0,82816.841
KMAX20181006-13,KMAX20181006_142729_V06,2,0.483,1.200,3353,0,49820.377,875,0,17693.623
KMAX20181006-13,KMAX20181006_142729_V06,4,0.879,1.200,3359,0,22155.628,729,0,7185.988
KMAX20181006-13,KMAX20181006_142729_V06,6,1.318,1.200,3362,0,9322.969,451,0,4114.815
KMAX20181006-13,KMAX20181006_142729_V06,10,1.802,1.200,1678,0,794.363,167,0,263.196
KMAX20181006-13,KMAX20181006_142729_V06,11,2.417,1.200,1679,0,39.501,5,0,36.476
KMAX20181006-13,KMAX20181006_142729_V06,12,3.120,1.200,1679,0,21.432,0,0,21.432
KMAX20181006-13,KMAX20181006_142729_V06,13,3.999,1.200,1689,0,17.337,3,0,16.713
KMAX20181006-13,KMAX20181006_142729_V06,14,5.098,1.200,1686,0,20.424,5,0,18.268
KMAX20181006-21,KMAX20181006_144205_V06,0,-0.220,1.200,6552,0,33581.196,1348,0,26553.845
KMAX20181006-21,KMAX20181006_144205_V06,2,0.483,1.200,6557,0,11680.193,1152,0,9244.496
KMAX20181006-21,KMAX20181006_144205_V06,4,0.879,1.200,6563,0,4967.836,727,0,4174.531
KMAX20181006-21,KMAX20181006_144205_V06,6,1.318,1.200,6556,0,940.590,391,0,659.630
KMAX20181006-21,KMAX20181006_144205_V06,10,1.802,1.200,3285,0,79.176,11,0,68.781
KMAX20181006-21,KMAX20181006_144205_V06,11,2.417,1.200,3286,0,171.171,17,0,130.371
KMAX20181006-21,KMAX20181006_144205_V06,12,3.120,1.200,3288,0,116.015,11,0,98.711
KMAX20181006-21,KMAX20181006_144205_V06,13,3.999,1.200,3288,0,147.022,15,0,113.113
KMAX20181006-21,KMAX20181006_144205_V06,14,5.098,1.200,3297,0,139.423,13,0,127.287
KMAX20181006-21,KMAX20181006_144658_V06,0,-0.220,1.200,9836,0,134704.574,2546,0,104147.136
KMAX20181006-21,KMAX20181006_144658_V06,2,0.483,1.200,9841,0,33743.913,2102,0,23640.174
KMAX20181006-21,KMAX20181006_144658_V06,4,0.879,1.200,9836,0,13445.918,1544,0,10328.258
KMAX20181006-21,KMAX20181006_144658_V06,6,1.318,1.200,9841,0,1965.353,758,0,1267.818
KMAX20181006-21,KMAX20181006_144658_V06,10,1.802,1.200,4915,0,147.248,9,0,130.156
KMAX20181006-21,KMAX20181006_144658_V06,11,2.417,1.200,4918,0,134.335,5,0,126.744
KMAX20181006-21,KMAX20181006_144658_V06,12,3.120,1.200,4923,0,275.248,27,0,220.855
KMAX20181006-21,KMAX20181006_144658_V06,13,3.999,1.200,4926,0,228.593,19,0,201.528
KMAX20181006-21,KMAX20181006_144658_V06,14,5.098,1.200,4946,0,237.152,27,0,190.694
KMAX20181006-21,KMAX20181006_145203_V06,0,-0.220,1.200,14399,0,610432.844,3574,0,368840.400
KMAX20181006-21,KMAX20181006_145203_V06,2,0.483,1.200,14394,0,90966.969,2997,0,41816.797
KMAX20181006-21,KMAX20181006_145203_V06,4,0.879,1.200,14397,0,27940.787,2469,0,12527.237
KMAX20181006-21,KMAX20181006_145203_V06,6,1.318,1.200,14405,0,3827.630,1195,0,2271.792
KMAX20181006-21,KMAX20181006_145203_V06,10,1.802,1.200,7202,0,192.622,7,0,183.593
KMAX20181006-21,KMAX20181006_145203_V06,11,2.417,1.200,7202,0,232.770,15,0,205.364
KMAX20181006-21,KMAX20181006_145203_V06,12,3.120,1.200,7209,0,331.019,26,0,276.722
KMAX20181006-21,KMAX20181006_145203_V06,13,3.999,1.200,7211,0,266.325,25,0,234.370
KMAX20181006-21,KMAX20181006_150211_V06,0,-0.220,1.200,12762,0,1156555.646,3322,0,572521.478
KMAX20181006-21,KMAX20181006_150211_V06,2,0.483,1.200,12765,0,122637.928,2541,0,73801.191
KMAX20181006-21,KMAX20181006_150211_V06,4,0.879,1.200,12771,0,26796.502,1924,0,17550.929
KMAX20181006-21,KMAX20181006_150211_V06,6,1.318,1.200,12773,0,3281.195,939,0,2214.444
KMAX20181006-21,KMAX20181006_150211_V06,10,1.802,1.200,6383,0,266.418,15,0,251.653
KMAX20181006-21,KMAX20181006_150211_V06,11,2.417,1.200,6386,0,195.290,10,0,165.098
KMAX20181006-21,KMAX20181006_150211_V06,12,3.120,1.200,6391,0,275.411,15,0,235.710
KMAX20181006-21,KMAX20181006_150211_V06,13,3.999,1.200,6404,0,418.017,24,0,363.971
KMAX20181006-21,KMAX20181006_150715_V06,0,-0.220,1.200,10340,0,1146737.145,2432,0,561517.713
KMAX20181006-21,KMAX20181006_150715_V06,2,0.483,1.200,10348,0,178400.248,1876,0,128626.658
KMAX20181006-21,KMAX20181006_150715_V06,4,0.879,1.200,10341,0,34855.701,1256,0,28769.899
KMAX20181006-21,KMAX20181006_150715_V06,6,1.318,1.200,10349,0,3557.223,514,0,2761.142
KMAX20181006-21,KMAX20181006_150715_V06,10,1.802,1.200,5175,0,279.577,6,0,265.745
KMAX20181006-21,KMAX20181006_150715_V06,11,2.417,1.200,5176,0,233.074,9,0,202.813
KMAX20181006-21,KMAX20181006_150715_V06,12,3.120,1.200,5185,0,396.737,14,0,356.308
KMAX20181006-16,KMAX20181006_141734_V06,0,-0.220,1.200,1264,0,660230.701,386,0,270385.113
KMAX20181006-16,KMAX20181006_141734_V06,2,0.483,1.200,1265,0,136062.146,386,0,86823.893
KMAX20181006-16,KMAX20181006_141734_V06,4,0.879,1.200,1263,0,10377.148,280,0,5852.851
KMAX20181006-16,KMAX20181006_141734_V06,6,1.318,1.200,1261,0,406.946,70,0,264.873
KMAX20181006-16,KMAX20181006_141734_V06,10,1.802,1.200,629,0,25.276,0,0,25.276
KMAX20181006-16,KMAX20181006_141734_V06,11,2.417,1.200,628,0,51.017,0,0,51.017
KMAX20181006-16,KMAX20181006_141734_V06,12,3.120,1.200,631,0,40.250,2,0,33.127
KMAX20181006-16,KMAX20181006_142238_V06,0,-0.220,1.200,3305,0,1927818.708,1138,0,557084.737
KMAX20181006-16,KMAX20181006_142238_V06,2,0.483,1.200,3304,0,171022.199,1003,0,75238.887
KMAX20181006-16,KMAX20181006_142238_V06,4,0.879,1.200,3303,0,17711.361,634,0,8598.569
KMAX20181006-16,KMAX20181006_142238_V06,6,1.318,1.200,3307,0,1604.380,174,0,1043.980
KMAX20181006-16,KMAX20181006_142238_V06,10,1.802,1.200,1656,0,130.210,2,0,125.922
KMAX20181006-16,KMAX20181006_142238_V06,11,2.417,1.200,1656,0,105.044,5,0,65.717
KMAX20181006-16,KMAX20181006_142238_V06,12,3.120,1.200,1656,0,206.245,8,0,175.840
KMAX20181006-16,KMAX20181006_142729_V06,0,-0.220,1.200,5496,2,1778633.385,1797,0,585061.656
KMAX20181006-16,KMAX20181006_142729_V06,2,0.483,1.200,5489,0,160347.430,1580,0,44007.533
KMAX20181006-16,KMAX20181006_142729_V06,4,0.879,1.200,5495,0,15074.007,856,0,6096.944
KMAX20181006-16,KMAX20181006_142729_V06,6,1.318,1.200,5488,0,2910.283,262,0,2067.193
KMAX20181006-16,KMAX20181006_142729_V06,10,1.802,1.200,2748,0,213.735,3,0,198.912
KMAX20181006-16,KMAX20181006_142729_V06,11,2.417,1.200,2752,0,219.144,5,0,185.648
KMAX20181006-16,KMAX20181006_142729_V06,12,3.120,1.200,2751,0,196.402,9,0,179.793
KMAX20181006-19,KMAX20181006_143713_V06,0,-0.220,1.200,3621,0,372224.651,1078,0,161178.705
KMAX20181006-19,KMAX20181006_143713_V06,2,0.483,1.200,3617,0,74964.280,1130,0,41503.879
KMAX20181006-19,KMAX20181006_143713_V06,4,0.879,1.200,3618,0,33684.985,1112,0,19546.543
KMAX20181006-19,KMAX20181006_143713_V06,6,1.318,1.200,3621,0,10795.205,853,0,7303.467
KMAX20181006-19,KMAX20181006_143713_V06,10,1.802,1.200,1810,0,386.807,170,0,130.623
KMAX20181006-19,KMAX20181006_143713_V06,11,2.417,1.200,1814,0,11.267,3,0,10.570
KMAX20181006-19,KMAX20181006_143713_V06,12,3.120,1.200,1819,0,14.196,1,0,13.739
KMAX20181006-19,KMAX20181006_143713_V06,13,3.999,1.200,1815,0,15.258,5,0,14.094
KMAX20181006-19,KMAX20181006_143713_V06,14,5.098,1.200,1819,0,12.399,0,0,12.399
KMAX20181006-19,KMAX20181006_143713_V06,15,6.416,1.200,1822,0,10.412,5,0,8.327
KMAX20181006-19,KMAX20181006_144205_V06,0,-0.220,1.200,6109,0,548628.286,2290,0,195817.261
KMAX20181006-19,KMAX20181006_144205_V06,2,0.483,1.200,6113,0,117468.313,2271,0,27588.427
KMAX20181006-19,KMAX20181006_144205_V06,4,0.879,1.200,6108,0,45699.028,1986,0,14227.547
KMAX20181006-19,KMAX20181006_144205_V06,6,1.318,1.200,6108,0,11783.551,1388,0,5155.818
KMAX20181006-19,KMAX20181006_144205_V06,10,1.802,1.200,3061,0,354.150,118,0,155.748
KMAX20181006-19,KMAX20181006_144205_V06,11,2.417,1.200,3064,0,24.574,5,0,21.528
KMAX20181006-19,KMAX20181006_144205_V06,12,3.120,1.200,3063,0,16.745,1,0,16.298
KMAX20181006-19,KMAX20181006_144205_V06,13,3.999,1.200,3068,0,21.189,6,0,18.647
KMAX20181006-19,KMAX20181006_144205_V06,14,5.098,1.200,3071,0,16.022,0,0,16.022
KMAX20181006-19,KMAX20181006_144205_V06,15,6.416,1.200,3080,0,28.245,16,0,21.565
KMAX20181006-19,KMAX20181006_144658_V06,0,-0.220,1.200,6620,3,668831.224,2528,0,235550.791
KMAX20181006-19,KMAX20181006_144658_V06,2,0.483,1.200,6619,1,129501.366,2576,1,48855.939
KMAX20181006-19,KMAX20181006_144658_V06,4,0.879,1.200,6620,0,41113.522,2211,0,20527.341
KMAX20181006-19,KMAX20181006_144658_V06,6,1.318,1.200,6627,0,7984.022,1507,0,4715.185
KMAX20181006-19,KMAX20181006_144658_V06,10,1.802,1.200,3311,0,224.871,121,0,48.472
KMAX20181006-19,KMAX20181006_144658_V06,11,2.417,1.200,3310,0,30.011,6,0,29.098
KMAX20181006-19,KMAX20181006_144658_V06,12,3.120,1.200,3312,0,21.669,1,0,21.152
KMAX20181006-19,KMAX20181006_144658_V06,13,3.999,1.200,3321,0,29.072,6,0,25.231
KMAX20181006-19,KMAX20181006_144658_V06,14,5.098,1.200,3328,0,51.164,10,0,47.727
KMAX20181006-19,KMAX20181006_144658_V06,15,6.416,1.200,3335,0,39.132,4,0,36.524
KMAX20181006-19,KMAX20181006_145203_V06,0,-0.220,1.200,4489,0,455393.631,1767,0,216326.279
KMAX20181006-19,KMAX20181006_145203_V06,2,0.483,1.200,4491,0,77020.149,1882,0,29366.517
KMAX20181006-19,KMAX20181006_145203_V06,4,0.879,1.200,4492,0,25591.601,1752,0,9980.399
KMAX20181006-19,KMAX20181006_145203_V06,6,1.318,1.200,4492,0,5070.491,1128,0,2609.107
KMAX20181006-19,KMAX20181006_145203_V06,10,1.802,1.200,2250,0,223.266,103,0,52.823
KMAX20181006-19,KMAX20181006_145203_V06,11,2.417,1.200,2246,0,33.836,4,0,32.530
KMAX20181006-19,KMAX20181006_145203_V06,12,3.120,1.200,2251,0,30.959,4,0,29.217
KMAX20181006-19,KMAX20181006_145203_V06,13,3.999,1.200,2251,0,30.311,1,0,29.030
KMAX20181006-19,KMAX20181006_145203_V06,14,5.098,1.200,2261,0,13.101,2,0,12.903
KMAX20181006-38,KMAX20181006_153237_V06,0,-0.220,1.200,2826,0,170880.165,790,0,87689.555
KMAX20181006-38,KMAX20181006_153237_V06,2,0.483,1.200,2828,0,45715.169,938,0,14684.105
KMAX20181006-38,KMAX20181006_153237_V06,4,0.879,1.200,2827,0,24354.909,715,0,15226.430
KMAX20181006-38,KMAX20181006_153237_V06,6,1.318,1.200,2827,0,6891.612,525,0,4258.381
KMAX20181006-38,KMAX20181006_153237_V06,10,1.802,1.200,1415,0,141.562,65,0,60.676
KMAX20181006-38,KMAX20181006_153237_V06,11,2.417,1.200,1418,0,18.505,4,0,17.844
KMAX20181006-38,KMAX20181006_153237_V06,12,3.120,1.200,1418,0,9.801,0,0,9.801
KMAX20181006-38,KMAX20181006_153237_V06,13,3.999,1.200,1416,0,11.567,0,0,11.567
KMAX20181006-38,KMAX20181006_153237_V06,14,5.098,1.200,1421,0,11.935,7,0,7.891
KMAX20181006-38,KMAX20181006_153740_V06,0,-0.220,1.200,7090,0,424640.714,2086,0,175072.032
KMAX20181006-38,KMAX20181006_153740_V06,2,0.483,1.200,7092,0,73205.183,1532,0,37769.917
KMAX20181006-38,KMAX20181006_153740_V06,4,0.879,1.200,7091,0,30592.901,1106,0,17006.256
KMAX20181006-38,KMAX20181006_153740_V06,6,1.318,1.200,7094,0,4794.710,853,0,2750.151
KMAX20181006-38,KMAX20181006_153740_V06,10,1.802,1.200,3551,0,68.676,22,0,51.852
KMAX20181006-38,KMAX20181006_153740_V06,11,2.417,1.200,3550,0,46.376,9,0,43.051
KMAX20181006-38,KMAX20181006_153740_V06,12,3.120,1.200,3555,0,29.013,6,0,28.155
KMAX20181006-38,KMAX20181006_153740_V06,13,3.999,1.200,3557,0,37.232,4,0,34.790
KMAX20181006-38,KMAX20181006_153740_V06,14,5.098,1.200,3564,0,36.116,5,0,32.004
KMAX20181006-38,KMAX20181006_154245_V06,0,-0.220,1.200,8347,0,306475.853,2409,0,152695.245
KMAX20181006-38,KMAX20181006_154245_V06,2,0.483,1.200,8354,0,43218.776,1860,0,12203.654
KMAX20181006-38,KMAX20181006_154245_V06,4,0.879,1.200,8354,0,9859.028,1376,0,2882.274
KMAX20181006-38,KMAX20181006_154245_V06,6,1.318,1.200,8356,0,1395.404,732,0,876.485
KMAX20181006-38,KMAX20181006_154245_V06,10,1.802,1.200,4178,0,83.688,16,0,76.673
KMAX20181006-38,KMAX20181006_154245_V06,11,2.417,1.200,4180,0,54.901,7,0,51.232
KMAX20181006-38,KMAX20181006_154245_V06,12,3.120,1.200,4186,0,63.431,7,0,60.321
KMAX20181006-38,KMAX20181006_154245_V06,13,3.999,1.200,4186,0,62.967,7,0,51.539
KMAX20181006-38,KMAX20181006_154245_V06,14,5.098,1.200,4193,0,50.547,7,0,46.245
KMAX20181006-1,KMAX20181006_131721_V06,0,-0.220,1.200,177,0,26682.456,6,0,26592.180
KMAX20181006-1,KMAX20181006_131721_V06,2,0.483,1.200,177,0,26998.959,3,0,26243.363
KMAX20181006-1,KMAX20181006_131721_V06,4,0.879,1.200,175,0,19403.393,7,0,19344.010
KMAX20181006-1,KMAX20181006_131721_V06,6,1.318,1.200,173,0,508.743,15,0,447.165
KMAX20181006-1,KMAX20181006_131721_V06,10,1.802,1.200,87,0,12.223,0,0,12.223
KMAX20181006-1,KMAX20181006_131721_V06,11,2.417,1.200,87,0,0.258,0,0,0.258
KMAX20181006-1,KMAX20181006_132213_V06,0,-0.220,1.200,1019,0,127005.465,41,0,125315.503
KMAX20181006-1,KMAX20181006_132213_V06,2,0.483,1.200,1014,0,38584.729,49,0,37872.514
KMAX20181006-1,KMAX20181006_132213_V06,4,0.879,1.200,1016,0,12931.809,37,0,12180.354
KMAX20181006-1,KMAX20181006_132213_V06,6,1.318,1.200,1018,0,843.888,23,0,747.729
KMAX20181006-1,KMAX20181006_132213_V06,10,1.802,1.200,504,0,45.177,0,0,45.177
KMAX20181006-1,KMAX20181006_132213_V06,11,2.417,1.200,506,0,22.070,0,0,22.070
KMAX20181006-2,KMAX20181006_132213_V06,0,-0.220,1.200,2010,0,316320.680,697,0,62554.416
KMAX20181006-2,KMAX20181006_132213_V06,2,0.483,1.200,2008,0,26547.752,253,0,13180.734
KMAX20181006-2,KMAX20181006_132213_V06,4,0.879,1.200,2013,0,2186.247,103,0,1622.944
KMAX20181006-2,KMAX20181006_132213_V06,6,1.318,1.200,2011,0,1405.675,80,0,1077.480
KMAX20181006-2,KMAX20181006_132213_V06,10,1.802,1.200,1015,0,107.579,0,0,107.579
KMAX20181006-2,KMAX20181006_132213_V06,11,2.417,1.200,1018,0,177.477,0,0,177.477
KMAX20181006-2,KMAX20181006_132213_V06,12,3.120,1.200,1012,0,316.312,6,0,256.530
KMAX20181006-2,KMAX20181006_132705_V06,0,-0.220,1.200,3910,0,596874.508,1328,0,131071.057
KMAX20181006-2,KMAX20181006_132705_V06,2,0.483,1.200,3916,0,50283.163,543,0,34176.226
KMAX20181006-2,KMAX20181006_132705_V06,4,0.879,1.200,3913,0,4131.979,201,0,3170.918
KMAX20181006-2,KMAX20181006_132705_V06,6,1.318,1.200,3921,0,1772.750,154,0,1204.656
KMAX20181006-2,KMAX20181006_132705_V06,10,1.802,1.200,1960,0,227.614,4,0,192.892
KMAX20181006-2,KMAX20181006_132705_V06,11,2.417,1.200,1958,0,217.728,8,0,158.603
KMAX20181006-2,KMAX20181006_132705_V06,12,3.120,1.200,1957,0,266.188,8,0,232.432
KMAX20181006-31,KMAX20181006_151219_V06,0,-0.220,1.200,14423,6,1092321.223,5609,2,420744.881
KMAX20181006-31,KMAX20181006_151219_V06,2,0.483,1.200,14429,0,202792.947,4885,0,62017.715
KMAX20181006-31,KMAX20181006_151219_V06,4,0.879,1.200,14427,0,57543.919,3978,0,21792.385
KMAX20181006-31,KMAX20181006_151219_V06,6,1.318,1.200,14430,0,18524.784,2823,0,8053.845
KMAX20181006-31,KMAX20181006_151219_V06,10,1.802,1.200,7216,0,1969.119,735,0,568.853
KMAX20181006-31,KMAX20181006_151219_V06,11,2.417,1.200,7220,0,80.780,179,0,46.256
KMAX20181006-31,KMAX20181006_151219_V06,12,3.120,1.200,7221,0,45.330,53,0,41.395
KMAX20181006-31,KMAX20181006_151219_V06,13,3.999,1.200,7229,0,42.875,23,0,39.253
KMAX20181006-31,KMAX20181006_151219_V06,14,5.098,1.200,7245,0,39.274,18,0,36.520
KMAX20181006-31,KMAX20181006_151219_V06,15,6.416,1.200,7263,0,49.685,58,0,39.150
KMAX20181006-31,KMAX20181006_151724_V06,0,-0.220,1.200,21028,20,1062235.339,7352,4,421918.284
KMAX20181006-31,KMAX20181006_151724_V06,2,0.483,1.200,21034,0,218563.574,6482,0,68985.219
KMAX20181006-31,KMAX20181006_151724_V06,4,0.879,1.200,21025,0,63671.359,5527,0,25269.836
KMAX20181006-31,KMAX20181006_151724_V06,6,1.318,1.200,21035,0,22754.966,4201,0,8652.312
KMAX20181006-31,KMAX20181006_151724_V06,10,1.802,1.200,10525,0,3321.073,1541,0,1083.821
KMAX20181006-31,KMAX20181006_151724_V06,11,2.417,1.200,10531,0,658.493,803,0,238.467
KMAX20181006-31,KMAX20181006_151724_V06,12,3.120,1.200,10534,0,139.418,242,0,88.423
KMAX20181006-31,KMAX20181006_151724_V06,13,3.999,1.200,10541,0,58.421,88,0,49.766
KMAX20181006-31,KMAX20181006_151724_V06,14,5.098,1.200,10555,0,67.771,73,0,59.667
KMAX20181006-31,KMAX20181006_151724_V06,15,6.416,1.200,10580,0,68.738,78,0,61.497
KMAX20181006-31,KMAX20181006_152228_V06,0,-0.220,1.200,6811,0,504680.941,2077,0,227218.714
KMAX20181006-31,KMAX20181006_152228_V06,2,0.483,1.200,6811,0,79105.056,1622,0,32089.276
KMAX20181006-31,KMAX20181006_152228_V06,4,0.879,1.200,6816,0,23960.128,1553,0,11082.977
KMAX20181006-31,KMAX20181006_152228_V06,6,1.318,1.200,6816,0,6058.722,1103,0,2977.735
KMAX20181006-31,KMAX20181006_152228_V06,10,1.802,1.200,3410,0,479.229,255,0,151.260
KMAX20181006-31,KMAX20181006_152228_V06,11,2.417,1.200,3411,0,25.018,15,0,21.181
KMAX20181006-31,KMAX20181006_152228_V06,12,3.120,1.200,3414,0,16.945,13,0,14.929
KMAX20181006-31,KMAX20181006_152228_V06,13,3.999,1.200,3421,0,19.839,10,0,18.790
KMAX20181006-31,KMAX20181006_152228_V06,14,5.098,1.200,3427,0,24.193,13,0,21.662
KMAX20181006-31,KMAX20181006_152228_V06,15,6.416,1.200,3432,0,25.167,11,0,23.764
KMAX20181006-31,KMAX20181006_152732_V06,0,-0.220,1.200,11986,0,363199.614,3535,0,187790.653
KMAX20181006-31,KMAX20181006_152732_V06,2,0.483,1.200,11981,0,72905.205,2527,0,31245.765
KMAX20181006-31,KMAX20181006_152732_V06,4,0.879,1.200,11986,0,26390.398,2141,0,12300.980
KMAX20181006-31,KMAX20181006_152732_V06,6,1.318,1.200,11987,0,8227.458,1381,0,4662.091
KMAX20181006-31,KMAX20181006_152732_V06,10,1.802,1.200,5996,0,612.917,206,0,179.431
KMAX20181006-31,KMAX20181006_152732_V06,11,2.417,1.200,5998,0,45.445,37,0,40.127
KMAX20181006-31,KMAX20181006_152732_V06,12,3.120,1.200,6001,0,35.333,24,0,30.925
KMAX20181006-31,KMAX20181006_152732_V06,13,3.999,1.200,6007,0,44.491,20,0,41.553
KMAX20181006-31,KMAX20181006_152732_V06,14,5.098,1.200,6020,0,46.725,19,0,41.424
KMAX20181006-31,KMAX20181006_152732_V06,15,6.416,1.200,6035,0,47.453,20,0,41.169
KMAX20181006-35,KMAX20181006_152228_V06,0,-0.220,1.200,2185,0,2998434.151,913,0,711460.977
KMAX20181006-35,KMAX20181006_152228_V06,2,0.483,1.200,2188,0,74464.651,423,0,37583.849
KMAX20181006-35,KMAX20181006_152228_V06,4,0.879,1.200,2192,0,3649.273,60,0,2860.989
KMAX20181006-35,KMAX20181006_152228_V06,6,1.318,1.200,2197,0,5125.516,102,0,3228.289
KMAX20181006-35,KMAX20181006_152228_V06,10,1.802,1.200,1098,0,272.718,1,0,248.338
KMAX20181006-35,KMAX20181006_152732_V06,0,-0.220,1.200,4040,1,3865520.977,1596,1,1146433.421
KMAX20181006-35,KMAX20181006_152732_V06,2,0.483,1.200,4036,0,71931.690,621,0,34382.351
KMAX20181006-35,KMAX20181006_152732_V06,4,0.879,1.200,4033,0,4237.318,71,0,2665.734
KMAX20181006-35,KMAX20181006_152732_V06,6,1.318,1.200,4036,0,4787.398,101,0,2960.227
KMAX20181006-35,KMAX20181006_152732_V06,10,1.802,1.200,2018,0,353.377,6,0,182.279
KMAX20181006-35,KMAX20181006_153237_V06,0,-0.220,1.200,2948,0,2765980.115,1154,0,1066731.446
KMAX20181006-35,KMAX20181006_153237_V06,2,0.483,1.200,2950,0,69951.659,669,0,35866.569
KMAX20181006-35,KMAX20181006_153237_V06,4,0.879,1.200,2956,0,3611.837,64,0,2472.067
KMAX20181006-35,KMAX20181006_153237_V06,6,1.318,1.200,2955,0,4165.349,107,0,2477.743
KMAX20181006-35,KMAX20181006_153237_V06,10,1.802,1.200,1479,0,290.536,2,0,231.549
KMAX20181006-35,KMAX20181006_153740_V06,0,-0.220,1.200,5269,0,2562433.029,1902,0,837647.521
KMAX20181006-35,KMAX20181006_153740_V06,2,0.483,1.200,5270,0,76161.881,869,0,38757.816
KMAX20181006-35,KMAX20181006_153740_V06,4,0.879,1.200,5272,0,5095.597,115,0,3410.816
KMAX20181006-35,KMAX20181006_153740_V06,6,1.318,1.200,5271,0,6080.874,158,0,3860.854
KMAX20181006-35,KMAX20181006_153740_V06,10,1.802,1.200,2643,0,352.413,4,0,251.823
KMAX20181006-37,KMAX20181006_152732_V06,0,-0.220,1.200,6520,0,41168.270,309,0,20725.020
KMAX20181006-37,KMAX20181006_152732_V06,2,0.483,1.200,6524,0,3444.954,190,0,1470.350
KMAX20181006-37,KMAX20181006_152732_V06,4,0.879,1.200,6521,0,461.524,64,0,233.567
KMAX20181006-37,KMAX20181006_152732_V06,6,1.318,1.200,6526,0,382.336,39,0,179.045
KMAX20181006-37,KMAX20181006_152732_V06,10,1.802,1.200,3256,0,40.115,0,0,40.115
KMAX20181006-37,KMAX20181006_152732_V06,11,2.417,1.200,3265,0,50.052,0,0,50.052
KMAX20181006-37,KMAX20181006_152732_V06,12,3.120,1.200,3267,0,8.632,0,0,8.632
KMAX20181006-37,KMAX20181006_153237_V06,0,-0.220,1.200,9726,0,40362.507,423,0,17666.010
KMAX20181006-37,KMAX20181006_153237_V06,2,0.483,1.200,9730,0,1923.775,179,0,1061.538
KMAX20181006-37,KMAX20181006_153237_V06,4,0.879,1.200,9731,0,818.116,122,0,550.529
KMAX20181006-37,KMAX20181006_153237_V06,6,1.318,1.200,9729,0,744.359,103,0,359.746
KMAX20181006-37,KMAX20181006_153237_V06,10,1.802,1.200,4867,0,107.289,2,0,74.718
KMAX20181006-37,KMAX20181006_153237_V06,11,2.417,1.200,4871,0,74.005,0,0,74.005
KMAX20181006-37,KMAX20181006_153237_V06,12,3.120,1.200,4880,0,63.745,1,0,62.621
KMAX20181006-4,KMAX20181006_132213_V06,0,-0.220,1.200,3346,0,149708.856,834,0,75221.094
KMAX20181006-4,KMAX20181006_132213_V06,2,0.483,1.200,3343,0,59096.484,828,0,16256.638
KMAX20181006-4,KMAX20181006_132213_V06,4,0.879,1.200,3340,0,16823.590,777,0,4405.763
KMAX20181006-4,KMAX20181006_132213_V06,6,1.318,1.200,3337,0,6181.781,485,0,2776.211
KMAX20181006-4,KMAX20181006_132213_V06,10,1.802,1.200,1672,0,517.734,148,0,225.757
KMAX20181006-4,KMAX20181006_132213_V06,11,2.417,1.200,1672,0,13.901,3,0,13.392
KMAX20181006-4,KMAX20181006_132213_V06,12,3.120,1.200,1677,0,13.665,5,0,12.052
KMAX20181006-4,KMAX20181006_132213_V06,13,3.999,1.200,1679,0,13.232,3,0,12.692
KMAX20181006-4,KMAX20181006_132213_V06,14,5.098,1.200,1675,0,9.487,5,0,8.778
KMAX20181006-4,KMAX20181006_132213_V06,15,6.416,1.200,1684,0,20.126,9,0,16.162
KMAX20181006-5,KMAX20181006_132213_V06,0,-0.220,1.200,447,0,25806.331,122,0,2037.490
KMAX20181006-5,KMAX20181006_132213_V06,2,0.483,1.200,451,0,2568.834,84,0,151.902
KMAX20181006-5,KMAX20181006_132213_V06,4,0.879,1.200,449,0,94.412,16,0,29.144
KMAX20181006-5,KMAX20181006_132213_V06,6,1.318,1.200,450,0,0.739,0,0,0.739
KMAX20181006-5,KMAX20181006_132213_V06,10,1.802,1.200,222,0,0.728,0,0,0.728
KMAX20181006-5,KMAX20181006_132213_V06,11,2.417,1.200,225,0,10.532,0,0,10.532
KMAX20181006-9,KMAX20181006_140726_V06,0,-0.220,1.200,4472,0,10185.753,1718,0,5900.674
KMAX20181006-9,KMAX20181006_140726_V06,2,0.483,1.200,4469,0,5563.615,1703,0,2255.830
KMAX20181006-9,KMAX20181006_140726_V06,4,0.879,1.200,4471,0,2827.877,1352,0,877.899
KMAX20181006-9,KMAX20181006_140726_V06,6,1.318,1.200,4472,0,1042.751,856,0,417.536
KMAX20181006-9,KMAX20181006_140726_V06,10,1.802,1.200,2234,0,146.628,207,0,42.895
KMAX20181006-9,KMAX20181006_140726_V06,11,2.417,1.200,2238,0,15.409,3,0,15.089
KMAX20181006-9,KMAX20181006_140726_V06,12,3.120,1.200,2244,0,14.380,3,0,12.884
KMAX20181006-9,KMAX20181006_140726_V06,13,3.999,1.200,2240,0,19.205,4,0,18.579
KMAX20181006-9,KMAX20181006_140726_V06,14,5.098,1.200,2245,0,14.158,9,0,11.188
KMAX20181006-9,KMAX20181006_140726_V06,15,6.416,1.200,2252,0,14.903,8,0,12.272
KMAX20181006-10,KMAX20181006_140726_V06,0,-0.220,1.200,6546,0,145022.211,1583,0,8669.320
KMAX20181006-10,KMAX20181006_140726_V06,2,0.483,1.200,6550,0,4642.553,281,0,1308.628
KMAX20181006-10,KMAX20181006_140726_V06,4,0.879,1.200,6550,0,235.625,1,0,222.639
KMAX20181006-10,KMAX20181006_140726_V06,6,1.318,1.200,6556,0,27.230,1,0,22.377
KMAX20181006-10,KMAX20181006_140726_V06,10,1.802,1.200,3274,0,109.483,0,0,109.483
KMAX20181006-10,KMAX20181006_141230_V06,0,-0.220,1.200,4874,0,80368.773,1318,0,4806.436
KMAX20181006-10,KMAX20181006_141230_V06,2,0.483,1.200,4886,0,4873.428,318,0,1045.474
KMAX20181006-10,KMAX20181006_141230_V06,4,0.879,1.200,4886,0,246.393,9,0,164.365
KMAX20181006-10,KMAX20181006_141230_V06,6,1.318,1.200,4880,0,26.590,0,0,26.590
KMAX20181006-10,KMAX20181006_141230_V06,10,1.802,1.200,2444,0,45.957,0,0,45.957
KMAX20181006-11,KMAX20181006_140726_V06,0,-0.220,1.200,857,0,166796.488,225,0,56540.864
KMAX20181006-11,KMAX20181006_140726_V06,2,0.483,1.200,855,0,11674.399,227,0,4795.897
KMAX20181006-11,KMAX20181006_140726_V06,4,0.879,1.200,851,0,977.459,65,0,657.513
KMAX20181006-11,KMAX20181006_140726_V06,6,1.318,1.200,856,0,531.537,18,0,450.002
KMAX20181006-11,KMAX20181006_140726_V06,10,1.802,1.200,424,0,109.592,2,0,51.334
KMAX20181006-11,KMAX20181006_140726_V06,11,2.417,1.200,425,0,36.038,0,0,36.038
KMAX20181006-12,KMAX20181006_140726_V06,0,-0.220,1.200,17101,1,236593.577,6716,0,86305.305
KMAX20181006-12,KMAX20181006_140726_V06,2,0.483,1.200,17098,0,110033.269,5147,0,26613.651
KMAX20181006-12,KMAX20181006_140726_V06,4,0.879,1.200,17103,0,29712.386,5343,0,7485.363
KMAX20181006-12,KMAX20181006_140726_V06,6,1.318,1.200,17102,0,11614.776,5250,0,3277.662
KMAX20181006-12,KMAX20181006_140726_V06,10,1.802,1.200,8552,0,3298.538,3289,0,567.471
KMAX20181006-12,KMAX20181006_140726_V06,11,2.417,1.200,8553,0,866.373,2538,0,189.228
KMAX20181006-12,KMAX20181006_140726_V06,12,3.120,1.200,8564,0,211.813,1845,0,46.670
KMAX20181006-12,KMAX20181006_140726_V06,13,3.999,1.200,8578,0,160.216,1144,0,34.925
KMAX20181006-12,KMAX20181006_140726_V06,14,5.098,1.200,8592,0,89.482,896,0,39.095
KMAX20181006-12,KMAX20181006_140726_V06,15,6.416,1.200,8612,0,70.769,946,0,24.048
KMAX20181006-18,KMAX20181006_142729_V06,0,-0.220,1.200,8908,0,368453.485,2430,0,50574.471
KMAX20181006-18,KMAX20181006_142729_V06,2,0.483,1.200,8908,0,36509.781,842,0,8421.324
KMAX20181006-18,KMAX20181006_142729_V06,4,0.879,1.200,8909,0,5337.480,183,0,2413.021
KMAX20181006-18,KMAX20181006_142729_V06,6,1.318,1.200,8915,0,2143.967,98,0,1102.699
KMAX20181006-18,KMAX20181006_142729_V06,10,1.802,1.200,4458,0,163.215,0,0,163.215
KMAX20181006-18,KMAX20181006_142729_V06,11,2.417,1.200,4464,0,187.274,5,0,150.664
KMAX20181006-18,KMAX20181006_143222_V06,0,-0.220,1.200,13122,0,532160.987,2713,0,104714.343
KMAX20181006-18,KMAX20181006_143222_V06,2,0.483,1.200,13115,0,78414.565,937,0,47147.905
KMAX20181006-18,KMAX20181006_143222_V06,4,0.879,1.200,13124,0,9615.646,271,0,6729.706
KMAX20181006-18,KMAX20181006_143222_V06,6,1.318,1.200,13129,0,3159.424,177,0,1968.269
KMAX20181006-18,KMAX20181006_143222_V06,10,1.802,1.200,6572,0,247.933,3,0,156.814
KMAX20181006-18,KMAX20181006_143222_V06,11,2.417,1.200,6576,0,323.375,5,0,260.376
KMAX20181006-18,KMAX20181006_143713_V06,0,-0.220,1.200,9096,0,817695.492,2458,0,267589.494
KMAX20181006-18,KMAX20181006_143713_V06,2,0.483,1.200,9096,0,84054.305,949,0,45916.765
KMAX20181006-18,KMAX20181006_143713_V06,4,0.879,1.200,9099,0,6000.553,281,0,4797.283
KMAX20181006-18,KMAX20181006_143713_V06,6,1.318,1.200,9112,0,1781.694,189,0,1124.298
KMAX20181006-18,KMAX20181006_143713_V06,10,1.802,1.200,4550,0,149.539,4,0,136.814
KMAX20181006-18,KMAX20181006_143713_V06,11,2.417,1.200,4554,0,176.026,1,0,174.097
KMAX20181006-28,KMAX20181006_150211_V06,0,-0.220,1.200,10722,0,410571.288,2197,0,205073.372
KMAX20181006-28,KMAX20181006_150211_V06,2,0.483,1.200,10726,0,38585.463,1487,0,24070.865
KMAX20181006-28,KMAX20181006_150211_V06,4,0.879,1.200,10728,0,6380.829,666,0,4336.279
KMAX20181006-28,KMAX20181006_150211_V06,6,1.318,1.200,10730,0,2728.571,392,0,1935.038
KMAX20181006-28,KMAX20181006_150211_V06,10,1.802,1.200,5376,0,238.290,9,0,204.300
KMAX20181006-28,KMAX20181006_150211_V06,11,2.417,1.200,5379,0,330.212,7,0,305.798
KMAX20181006-28,KMAX20181006_150211_V06,12,3.120,1.200,5381,0,527.804,23,0,388.558
KMAX20181006-36,KMAX20181006_152228_V06,0,-0.220,1.200,4745,0,1599471.243,1602,0,466411.503
KMAX20181006-36,KMAX20181006_152228_V06,2,0.483,1.200,4744,0,52227.452,832,0,22916.487
KMAX20181006-36,KMAX20181006_152228_V06,4,0.879,1.200,4741,0,2017.890,133,0,1252.353
KMAX20181006-36,KMAX20181006_152228_V06,6,1.318,1.200,4741,0,3165.079,133,0,2059.054
KMAX20181006-36,KMAX20181006_152228_V06,10,1.802,1.200,2377,0,294.745,2,0,282.817
KMAX20181006-36,KMAX20181006_152228_V06,11,2.417,1.200,2373,0,264.034,3,0,249.294
KMAX20181007-2,KMAX20181007_141629_V06,0,-0.220,1.200,17730,1,124635.978,1561,0,119270.173
KMAX20181007-2,KMAX20181007_141629_V06,2,0.483,1.200,17742,0,12079.900,1321,0,10744.933
KMAX20181007-2,KMAX20181007_141629_V06,4,0.879,1.200,17738,0,2009.497,911,0,1401.019
KMAX20181007-2,KMAX20181007_141629_V06,6,1.318,1.200,17748,0,1495.727,833,0,1054.739
KMAX20181007-2,KMAX20181007_141629_V06,10,1.802,1.200,8872,0,140.870,21,0,131.746
KMAX20181007-2,KMAX20181007_141629_V06,11,2.417,1.200,8877,0,116.275,18,0,98.901
KMAX20181007-2,KMAX20181007_141629_V06,12,3.120,1.200,8885,0,162.284,18,0,136.533
KMAX20181007-2,KMAX20181007_141629_V06,13,3.999,1.200,8904,0,115.244,18,0,98.417
KMAX20181007-2,KMAX20181007_141629_V06,14,5.098,1.200,8915,0,154.285,20,0,128.134
KMAX20181007-2,KMAX20181007_142133_V06,0,-0.220,1.200,24415,0,179433.098,2294,0,170215.617
KMAX20181007-2,KMAX20181007_142133_V06,2,0.483,1.200,24414,0,14750.742,1663,0,13001.141
KMAX20181007-2,KMAX20181007_142133_V06,4,0.879,1.200,24416,0,3217.180,1299,0,2333.339
KMAX20181007-2,KMAX20181007_142133_V06,6,1.318,1.200,24438,0,2226.915,1091,0,1637.142
KMAX20181007-2,KMAX20181007_142133_V06,10,1.802,1.200,12223,0,188.173,30,0,178.865
KMAX20181007-2,KMAX20181007_142133_V06,11,2.417,1.200,12233,0,121.566,35,0,104.057
KMAX20181007-2,KMAX20181007_142133_V06,12,3.120,1.200,12236,0,126.566,25,0,110.010
KMAX20181007-2,KMAX20181007_142133_V06,13,3.999,1.200,12240,0,156.122,29,0,137.613
KMAX20181007-2,KMAX20181007_142133_V06,14,5.098,1.200,12273,0,172.242,27,0,154.270
KMAX20181007-2,KMAX20181007_142636_V06,0,-0.220,1.200,4810,0,102545.984,350,0,98670.206
KMAX20181007-2,KMAX20181007_142636_V06,2,0.483,1.200,4806,0,5578.060,292,0,4929.642
KMAX20181007-2,KMAX20181007_142636_V06,4,0.879,1.200,4805,0,888.448,193,0,733.030
KMAX20181007-2,KMAX20181007_142636_V06,6,1.318,1.200,4808,0,381.518,145,0,269.928
KMAX20181007-2,KMAX20181007_142636_V06,10,1.802,1.200,2404,0,63.592,2,0,61.414
KMAX20181007-2,KMAX20181007_142636_V06,11,2.417,1.200,2409,0,48.743,6,0,44.414
KMAX20181007-2,KMAX20181007_142636_V06,12,3.120,1.200,2407,0,26.015,2,0,22.914
KMAX20181007-2,KMAX20181007_142636_V06,13,3.999,1.200,2413,0,21.944,3,0,19.144
KMAX20181007-1,KMAX20181007_132041_V06,0,-0.220,1.200,232,0,45372.153,5,0,45145.854
KMAX20181007-1,KMAX20181007_132041_V06,2,0.483,1.200,233,0,87099.840,9,0,83092.064
KMAX20181007-1,KMAX20181007_132041_V06,4,0.879,1.200,235,0,15640.703,10,0,15278.854
KMAX20181007-1,KMAX20181007_132041_V06,6,1.318,1.200,238,0,2014.537,17,0,1836.010
KMAX20181007-1,KMAX20181007_132041_V06,10,1.802,1.200,119,0,28.605,0,0,28.605
KMAX20181007-1,KMAX20181007_132041_V06,11,2.417,1.200,119,0,0.354,0,0,0.354
KMAX20181007-4,KMAX20181007_142636_V06,0,-0.220,1.200,15395,0,67735.239,1539,0,62577.753
KMAX20181007-4,KMAX20181007_142636_V06,2,0.483,1.200,15393,0,8676.757,1144,0,7332.073
KMAX20181007-4,KMAX20181007_142636_V06,4,0.879,1.200,15393,0,2097.286,812,0,1533.352
KMAX20181007-4,KMAX20181007_142636_V06,6,1.318,1.200,15397,0,1989.298,812,0,1263.737
KMAX20181007-4,KMAX20181007_142636_V06,10,1.802,1.200,7702,0,183.716,11,0,162.218
KMAX20181007-4,KMAX20181007_142636_V06,11,2.417,1.200,7701,0,92.599,20,0,85.269
KMAX20181007-4,KMAX20181007_142636_V06,12,3.120,1.200,7707,0,154.694,23,0,109.176
KMAX20181007-4,KMAX20181007_142636_V06,13,3.999,1.200,7726,0,117.763,14,0,105.826
KMAX20181007-4,KMAX20181007_142636_V06,14,5.098,1.200,7736,0,139.768,21,0,104.507
KMAX20181008-1,KMAX20181008_131816_V06,0,-0.220,1.200,537,0,203965.507,19,0,202651.512
KMAX20181008-1,KMAX20181008_131816_V06,2,0.483,1.200,536,0,78054.666,20,0,75277.695
KMAX20181008-1,KMAX20181008_131816_V06,4,0.879,1.200,538,0,42246.383,29,0,41943.441
KMAX20181008-1,KMAX20181008_131816_V06,6,1.318,1.200,539,0,3020.790,33,0,2839.624
KMAX20181008-1,KMAX20181008_131816_V06,10,1.802,1.200,269,0,33.169,1,0,29.685
KMAX20181008-1,KMAX20181008_131816_V06,11,2.417,1.200,267,0,37.844,2,0,15.428
KMAX20181009-1,KMAX20181009_131704_V06,0,-0.220,1.200,307,0,73717.610,7,0,73295.216
KMAX20181009-1,KMAX20181009_131704_V06,2,0.483,1.200,304,0,47977.498,4,0,47797.086
KMAX20181009-1,KMAX20181009_131704_V06,4,0.879,1.200,306,0,31086.378,11,0,30827.554
KMAX20181009-1,KMAX20181009_131704_V06,6,1.318,1.200,305,0,3436.694,13,0,3384.468
KMAX20181009-1,KMAX20181009_131704_V06,10,1.802,1.200,153,0,48.273,2,0,40.493
KMAX20181009-1,KMAX20181009_131704_V06,11,2.417,1.200,154,0,9.757,0,0,9.757
KMAX20181009-1,KMAX20181009_132209_V06,0,-0.220,1.200,1209,0,259750.677,36,0,249391.480
KMAX20181009-1,KMAX20181009_132209_V06,2,0.483,1.200,1211,0,74305.587,70,0,73932.939
KMAX20181009-1,KMAX20181009_132209_V06,4,0.879,1.200,1209,0,50062.896,59,0,49376.492
KMAX20181009-1,KMAX20181009_132209_V06,6,1.318,1.200,1207,0,2594.187,62,0,2182.101
KMAX20181009-1,KMAX20181009_132209_V06,10,1.802,1.200,605,0,117.745,0,0,117.745
KMAX20181009-1,KMAX20181009_132209_V06,11,2.417,1.200,607,0,25.237,0,0,25.237
KMAX20181009-6,KMAX20181009_143253_V06,0,-0.220,1.200,391,0,330935.532,21,0,317063.912
KMAX20181009-6,KMAX20181009_143253_V06,2,0.483,1.200,391,0,218440.904,26,0,197837.792
KMAX20181009-6,KMAX20181009_143253_V06,4,0.879,1.200,395,0,54772.792,17,0,54438.850
KMAX20181009-6,KMAX20181009_143253_V06,6,1.318,1.200,394,0,5924.479,38,0,5016.257
KMAX20181009-6,KMAX20181009_143253_V06,10,1.802,1.200,196,0,140.195,2,0,115.258
KMAX20181009-6,KMAX20181009_143253_V06,11,2.417,1.200,196,0,114.411,1,0,106.676
KMAX20181009-6,KMAX20181009_143757_V06,0,-0.220,1.200,1351,0,771074.510,79,0,715691.677
KMAX20181009-6,KMAX20181009_143757_V06,2,0.483,1.200,1353,0,218147.089,111,0,195130.565
KMAX20181009-6,KMAX20181009_143757_V06,4,0.879,1.200,1353,0,94013.307,81,0,83959.239
KMAX20181009-6,KMAX20181009_143757_V06,6,1.318,1.200,1348,0,8123.029,54,0,5089.580
KMAX20181009-6,KMAX20181009_143757_V06,10,1.802,1.200,677,0,105.152,2,0,92.036
KMAX20181009-6,KMAX20181009_143757_V06,11,2.417,1.200,676,0,70.672,0,0,70.672
KMAX20181009-6,KMAX20181009_144301_V06,0,-0.220,1.200,3003,0,707076.252,186,0,670828.180
KMAX20181009-6,KMAX20181009_144301_V06,2,0.483,1.200,3010,0,168411.604,170,0,157469.144
KMAX20181009-6,KMAX20181009_144301_V06,4,0.879,1.200,3011,0,56502.105,131,0,51335.531
KMAX20181009-6,KMAX20181009_144301_V06,6,1.318,1.200,3013,0,9448.498,151,0,8045.519
KMAX20181009-6,KMAX20181009_144301_V06,10,1.802,1.200,1501,0,220.595,6,0,171.014
KMAX20181009-6,KMAX20181009_144301_V06,11,2.417,1.200,1507,0,87.049,0,0,87.049
KMAX20181009-6,KMAX20181009_144804_V06,0,-0.220,1.200,436,0,377267.545,21,0,365171.380
KMAX20181009-6,KMAX20181009_144804_V06,2,0.483,1.200,435,0,163605.819,29,0,151124.046
KMAX20181009-6,KMAX20181009_144804_V06,4,0.879,1.200,436,0,85636.545,43,0,79469.680
KMAX20181009-6,KMAX20181009_144804_V06,6,1.318,1.200,438,0,6512.209,32,0,5726.866
KMAX20181009-6,KMAX20181009_144804_V06,10,1.802,1.200,218,0,22.775,0,0,22.775
KMAX20181009-6,KMAX20181009_144804_V06,11,2.417,1.200,220,0,43.807,0,0,43.807
KMAX20181009-2,KMAX20181009_135233_V06,0,-0.220,1.200,440,0,158578.790,11,0,157737.730
KMAX20181009-2,KMAX20181009_135233_V06,2,0.483,1.200,441,0,69905.085,24,0,68985.046
KMAX20181009-2,KMAX20181009_135233_V06,4,0.879,1.200,439,0,41285.564,37,0,40996.105
KMAX20181009-2,KMAX20181009_135233_V06,6,1.318,1.200,443,0,3665.297,19,0,3380.477
KMAX20181009-2,KMAX20181009_135233_V06,10,1.802,1.200,221,0,88.953,0,0,88.953
KMAX20181009-2,KMAX20181009_135233_V06,11,2.417,1.200,222,0,49.136,4,0,29.718
KMAX20181009-2,KMAX20181009_135233_V06,12,3.120,1.200,222,0,0.647,0,0,0.647
KMAX20181009-3,KMAX20181009_141249_V06,0,-0.220,1.200,1457,0,44617.872,65,0,40835.208
KMAX20181009-3,KMAX20181009_141249_V06,2,0.483,1.200,1460,0,4586.718,51,0,4405.119
KMAX20181009-3,KMAX20181009_141249_V06,4,0.879,1.200,1459,0,333.036,55,0,215.397
KMAX20181009-3,KMAX20181009_141249_V06,6,1.318,1.200,1464,0,202.695,38,0,160.807
KMAX20181009-3,KMAX20181009_141249_V06,10,1.802,1.200,763,0,9.175,0,0,9.175
KMAX20181009-3,KMAX20181009_141249_V06,11,2.417,1.200,764,0,21.599,0,0,21.599
KMAX20181009-3,KMAX20181009_141249_V06,12,3.120,1.200,769,0,34.519,2,0,28.976
KMAX20181009-3,KMAX20181009_141249_V06,13,3.999,1.200,763,0,24.289,4,0,18.501
KMAX20181009-4,KMAX20181009_141249_V06,0,-0.220,1.200,555,0,187529.694,21,0,186541.891
KMAX20181009-4,KMAX20181009_141249_V06,2,0.483,1.200,553,0,89793.915,16,0,89437.151
KMAX20181009-4,KMAX20181009_141249_V06,4,0.879,1.200,553,0,44940.754,39,0,44623.596
KMAX20181009-4,KMAX20181009_141249_V06,6,1.318,1.200,550,0,4646.272,14,0,4585.859
KMAX20181009-4,KMAX20181009_141249_V06,10,1.802,1.200,275,0,49.126,0,0,49.126
KMAX20181009-4,KMAX20181009_141249_V06,11,2.417,1.200,274,0,41.106,0,0,41.106
KMAX20181009-4,KMAX20181009_142242_V06,0,-0.220,1.200,4545,0,932919.104,305,0,900291.153
KMAX20181009-4,KMAX20181009_142242_V06,2,0.483,1.200,4551,0,146935.243,217,0,139930.788
KMAX20181009-4,KMAX20181009_142242_V06,4,0.879,1.200,4547,0,80661.921,183,0,77831.562
KMAX20181009-4,KMAX20181009_142242_V06,6,1.318,1.200,4547,0,7872.706,140,0,6824.355
KMAX20181009-4,KMAX20181009_142242_V06,10,1.802,1.200,2278,0,316.692,5,0,289.017
KMAX20181009-4,KMAX20181009_142242_V06,11,2.417,1.200,2277,0,98.928,3,0,61.326
KMAX20181009-4,KMAX20181009_142749_V06,0,-0.220,1.200,565,0,341500.340,41,0,335399.945
KMAX20181009-4,KMAX20181009_142749_V06,2,0.483,1.200,561,1,179233.865,29,1,141148.518
KMAX20181009-4,KMAX20181009_142749_V06,4,0.879,1.200,562,0,79194.702,54,0,78638.988
KMAX20181009-4,KMAX20181009_142749_V06,6,1.318,1.200,562,0,3258.702,43,0,2760.763
KMAX20181009-4,KMAX20181009_142749_V06,10,1.802,1.200,280,0,163.709,6,0,77.343
KMAX20181009-4,KMAX20181009_142749_V06,11,2.417,1.200,279,0,51.551,1,0,47.785
KMAX20181010-1,KMAX20181010_132433_V06,0,-0.220,1.200,315,0,89566.809,5,0,86636.411
KMAX20181010-1,KMAX20181010_132433_V06,2,0.483,1.200,316,0,118892.155,14,0,111497.294
KMAX20181010-1,KMAX20181010_132433_V06,4,0.879,1.200,315,0,61946.373,8,0,61875.962
KMAX20181010-1,KMAX20181010_132433_V06,8,1.318,1.200,315,0,4745.839,6,0,4733.188
KMAX20181010-1,KMAX20181010_132433_V06,10,1.802,1.200,155,0,979.222,75,0,107.327
KMAX20181010-1,KMAX20181010_132433_V06,11,2.417,1.200,154,0,1088.310,67,0,162.560
KMAX20181010-1,KMAX20181010_133453_V06,0,-0.220,1.200,1410,0,423835.889,42,0,417972.863
KMAX20181010-1,KMAX20181010_133453_V06,2,0.483,1.200,1409,0,177721.126,50,0,177407.477
KMAX20181010-1,KMAX20181010_133453_V06,4,0.879,1.200,1410,0,44424.216,34,0,44328.816
KMAX20181010-1,KMAX20181010_133453_V06,8,1.318,1.200,1410,0,4827.639,73,0,4660.843
KMAX20181010-1,KMAX20181010_133453_V06,10,1.802,1.200,707,0,3880.209,263,0,904.163
KMAX20181010-1,KMAX20181010_133453_V06,11,2.417,1.200,707,0,4557.563,270,0,1420.944
KMAX20181010-1,KMAX20181010_134511_V06,0,-0.220,1.200,732,0,335530.983,24,0,330611.554
KMAX20181010-1,KMAX20181010_134511_V06,2,0.483,1.200,734,0,142429.992,27,0,136808.325
KMAX20181010-1,KMAX20181010_134511_V06,4,0.879,1.200,734,0,71274.866,25,0,71077.464
KMAX20181010-1,KMAX20181010_134511_V06,8,1.318,1.200,737,0,7927.814,17,0,7432.247
KMAX20181010-1,KMAX20181010_134511_V06,10,1.802,1.200,364,0,1021.878,124,0,228.965
KMAX20181010-1,KMAX20181010_134511_V06,11,2.417,1.200,366,0,806.642,87,0,201.537
KMAX20181010-1,KMAX20181010_140548_V06,0,-0.220,1.200,1652,1,633831.062,77,1,614687.377
KMAX20181010-1,KMAX20181010_140548_V06,2,0.483,1.200,1654,0,142634.113,49,0,141336.317
KMAX20181010-1,KMAX20181010_140548_V06,4,0.879,1.200,1655,0,51128.165,41,0,50417.512
KMAX20181010-1,KMAX20181010_140548_V06,8,1.318,1.200,1653,0,4214.926,22,0,4140.209
KMAX20181010-1,KMAX20181010_140548_V06,10,1.802,1.200,829,0,1204.403,92,0,522.272
KMAX20181010-1,KMAX20181010_140548_V06,11,2.417,1.200,830,0,1230.386,132,0,381.706
KMAX20181010-1,KMAX20181010_141608_V06,0,-0.220,1.200,683,0,304110.100,30,0,301364.473
KMAX20181010-1,KMAX20181010_141608_V06,2,0.483,1.200,686,0,131077.835,27,0,127847.177
KMAX20181010-1,KMAX20181010_141608_V06,4,0.879,1.200,684,0,53128.665,13,0,52990.924
KMAX20181010-1,KMAX20181010_141608_V06,8,1.318,1.200,684,0,4227.506,6,0,4217.065
KMAX20181010-1,KMAX20181010_141608_V06,10,1.802,1.200,344,0,373.186,54,0,74.251
KMAX20181010-1,KMAX20181010_141608_V06,11,2.417,1.200,343,0,721.185,89,0,161.994
KMAX20181010-1,KMAX20181010_142824_V06,0,-0.220,1.200,6452,2,1329117.469,238,2,1260987.322
KMAX20181010-1,KMAX20181010_142824_V06,2,0.483,1.200,6452,0,144994.575,192,0,131920.521
KMAX20181010-1,KMAX20181010_142824_V06,4,0.879,1.200,6454,0,61389.335,145,0,55855.078
KMAX20181010-1,KMAX20181010_142824_V06,8,1.318,1.200,6456,0,8314.442,176,0,6858.915
KMAX20181010-1,KMAX20181010_142824_V06,10,1.802,1.200,3227,0,2227.691,203,0,910.092
KMAX20181010-1,KMAX20181010_142824_V06,11,2.417,1.200,3227,0,5379.451,511,0,2251.817
KMAX20181010-1,KMAX20181010_143842_V06,0,-0.220,1.200,693,0,312460.904,29,0,292482.823
KMAX20181010-1,KMAX20181010_143842_V06,2,0.483,1.200,692,0,111332.055,29,0,108011.517
KMAX20181010-1,KMAX20181010_143842_V06,4,0.879,1.200,692,0,52072.848,12,0,51923.823
KMAX20181010-1,KMAX20181010_143842_V06,8,1.318,1.200,692,0,5320.148,13,0,5253.457
KMAX20181010-1,KMAX20181010_143842_V06,10,1.802,1.200,346,0,280.602,28,0,126.054
KMAX20181010-1,KMAX20181010_143842_V06,11,2.417,1.200,348,0,542.331,64,0,85.641
KMAX20181011-2,KMAX20181011_140629_V06,0,0.000,1.200,372,0,193886.411,8,0,190658.887
KMAX20181011-2,KMAX20181011_140629_V06,2,0.483,1.200,371,0,176012.540,20,0,172283.116
KMAX20181011-2,KMAX20181011_140629_V06,4,0.879,1.200,374,0,57990.291,14,0,57107.529
KMAX20181011-2,KMAX20181011_140629_V06,8,1.318,1.200,373,0,2219.621,1,0,2218.604
KMAX20181011-2,KMAX20181011_140629_V06,10,1.802,1.200,187,0,32.672,2,0,23.987
KMAX20181011-2,KMAX20181011_140629_V06,11,2.417,1.200,188,0,12.716,3,0,0.555
KMAX20181011-2,KMAX20181011_141651_V06,0,0.000,1.200,1558,0,308105.775,40,0,303130.304
KMAX20181011-2,KMAX20181011_141651_V06,2,0.483,1.200,1559,0,118212.011,37,0,117953.760
KMAX20181011-2,KMAX20181011_141651_V06,4,0.879,1.200,1558,0,51015.783,27,0,50838.114
KMAX20181011-2,KMAX20181011_141651_V06,8,1.318,1.200,1561,0,6247.786,19,0,6158.452
KMAX20181011-2,KMAX20181011_141651_V06,10,1.802,1.200,780,0,101.087,14,0,44.904
KMAX20181011-2,KMAX20181011_141651_V06,11,2.417,1.200,780,0,29.514,4,0,12.304
KMAX20181011-2,KMAX20181011_142712_V06,0,0.000,1.200,3726,0,342714.533,133,0,332551.581
KMAX20181011-2,KMAX20181011_142712_V06,2,0.483,1.200,3730,0,211332.709,126,0,209010.397
KMAX20181011-2,KMAX20181011_142712_V06,4,0.879,1.200,3728,0,64657.575,67,0,62458.441
KMAX20181011-2,KMAX20181011_142712_V06,8,1.318,1.200,3731,0,4502.125,43,0,4337.122
KMAX20181011-2,KMAX20181011_142712_V06,10,1.802,1.200,1866,0,274.452,19,0,148.237
KMAX20181011-2,KMAX20181011_142712_V06,11,2.417,1.200,1865,0,76.972,3,0,69.590
KMAX20181011-2,KMAX20181011_143734_V06,0,0.000,1.200,224,0,145418.288,3,0,141701.980
KMAX20181011-2,KMAX20181011_143734_V06,2,0.483,1.200,224,0,151091.721,2,0,147858.337
KMAX20181011-2,KMAX20181011_143734_V06,4,0.879,1.200,224,0,53044.264,2,0,52920.530
KMAX20181011-2,KMAX20181011_143734_V06,8,1.318,1.200,223,0,5312.498,1,0,5250.850
KMAX20181011-2,KMAX20181011_143734_V06,10,1.802,1.200,115,0,67.907,8,0,13.978
KMAX20181011-2,KMAX20181011_143734_V06,11,2.417,1.200,115,0,0.342,0,0,0.342
KMAX20181011-2,KMAX20181011_144756_V06,0,0.000,1.200,1628,0,388751.342,68,0,377978.714
KMAX20181011-2,KMAX20181011_144756_V06,2,0.483,1.200,1630,0,161434.766,32,0,150257.874
KMAX20181011-2,KMAX20181011_144756_V06,4,0.879,1.200,1629,0,61589.535,26,0,61416.424
KMAX20181011-2,KMAX20181011_144756_V06,8,1.318,1.200,1628,0,12503.271,23,0,12425.210
KMAX20181011-2,KMAX20181011_144756_V06,10,1.802,1.200,815,0,94.689,7,0,41.610
KMAX20181011-2,KMAX20181011_144756_V06,11,2.417,1.200,818,0,27.751,2,0,21.853
KMAX20181011-2,KMAX20181011_150839_V06,0,0.000,1.200,8753,4,418864.285,276,4,400098.915
KMAX20181011-2,KMAX20181011_150839_V06,2,0.483,1.200,8753,0,129992.431,242,0,121548.242
KMAX20181011-2,KMAX20181011_150839_V06,4,0.879,1.200,8753,0,51183.348,258,0,48478.022
KMAX20181011-2,KMAX20181011_150839_V06,8,1.318,1.200,8757,0,7956.367,217,0,7009.633
KMAX20181011-2,KMAX20181011_150839_V06,10,1.802,1.200,4382,0,198.304,17,0,145.296
KMAX20181011-2,KMAX20181011_150839_V06,11,2.417,1.200,4389,0,436.132,33,0,256.006
KMAX20181011-2,KMAX20181011_151902_V06,0,0.000,1.200,540,0,186370.949,19,0,182691.451
KMAX20181011-2,KMAX20181011_151902_V06,2,0.483,1.200,541,0,150852.432,21,0,145807.049
KMAX20181011-2,KMAX20181011_151902_V06,4,0.879,1.200,540,0,56184.395,13,0,55028.155
KMAX20181011-2,KMAX20181011_151902_V06,8,1.318,1.200,540,0,2567.038,14,0,2524.260
KMAX20181011-2,KMAX20181011_151902_V06,10,1.802,1.200,272,0,16.709,2,0,9.840
KMAX20181011-2,KMAX20181011_151902_V06,11,2.417,1.200,271,0,26.064,2,0,9.902
KMAX20181011-2,KMAX20181011_152924_V06,0,0.000,1.200,1808,0,287710.528,59,0,280928.797
KMAX20181011-2,KMAX20181011_152924_V06,2,0.483,1.200,1805,0,125812.015,40,0,122666.891
KMAX20181011-2,KMAX20181011_152924_V06,4,0.879,1.200,1805,0,69434.534,26,0,68743.880
KMAX20181011-2,KMAX20181011_152924_V06,8,1.318,1.200,1805,0,6801.526,30,0,6587.064
KMAX20181011-2,KMAX20181011_152924_V06,10,1.802,1.200,904,0,90.712,9,0,41.302
KMAX20181011-2,KMAX20181011_152924_V06,11,2.417,1.200,906,0,82.519,6,0,53.113
KMAX20181011-1,KMAX20181011_132503_V06,0,0.000,1.200,587,0,253205.342,14,0,253057.201
KMAX20181011-1,KMAX20181011_132503_V06,2,0.483,1.200,588,0,156293.670,17,0,155740.935
KMAX20181011-1,KMAX20181011_132503_V06,4,0.879,1.200,586,0,42006.670,15,0,41942.816
KMAX20181011-1,KMAX20181011_132503_V06,8,1.318,1.200,587,0,1148.567,9,0,1110.692
KMAX20181011-1,KMAX20181011_132503_V06,10,1.802,1.200,295,0,42.312,4,0,22.511
KMAX20181011-1,KMAX20181011_132503_V06,11,2.417,1.200,293,0,16.133,2,0,12.408
KMAX20181012-1,KMAX20181012_132347_V06,0,0.000,1.200,352,0,91430.509,0,0,91430.509
KMAX20181012-1,KMAX20181012_132347_V06,2,0.483,1.200,353,0,72898.613,3,0,72889.436
KMAX20181012-1,KMAX20181012_132347_V06,4,0.879,1.200,351,0,23172.002,4,0,23159.620
KMAX20181012-1,KMAX20181012_132347_V06,8,1.318,1.200,352,0,533.934,5,0,514.247
KMAX20181012-1,KMAX20181012_132347_V06,10,1.802,1.200,178,0,8.078,0,0,8.078
KMAX20181012-1,KMAX20181012_132347_V06,11,2.417,1.200,179,0,7.374,0,0,7.374
KMAX20181012-1,KMAX20181012_133408_V06,0,0.000,1.200,1529,0,157161.973,29,0,156978.530
KMAX20181012-1,KMAX20181012_133408_V06,2,0.483,1.200,1527,0,82478.966,36,0,82356.044
KMAX20181012-1,KMAX20181012_133408_V06,4,0.879,1.200,1531,0,23417.529,38,0,23337.997
KMAX20181012-1,KMAX20181012_133408_V06,8,1.318,1.200,1528,0,849.720,31,0,703.916
KMAX20181012-1,KMAX20181012_133408_V06,10,1.802,1.200,764,0,92.658,12,0,32.782
KMAX20181012-1,KMAX20181012_133408_V06,11,2.417,1.200,764,0,22.661,2,0,15.055
KMAX20181012-1,KMAX20181012_134431_V06,0,0.000,1.200,3693,0,194272.787,65,0,192336.012
KMAX20181012-1,KMAX20181012_134431_V06,2,0.483,1.200,3696,0,94032.128,114,0,93319.800
KMAX20181012-1,KMAX20181012_134431_V06,4,0.879,1.200,3696,0,15901.218,134,0,15463.361
KMAX20181012-1,KMAX20181012_134431_V06,8,1.318,1.200,3699,0,1512.174,51,0,1208.624
KMAX20181012-1,KMAX20181012_134431_V06,10,1.802,1.200,1851,0,87.633,8,0,42.546
KMAX20181012-1,KMAX20181012_134431_V06,11,2.417,1.200,1850,0,107.766,7,0,61.159
KMAX20181012-1,KMAX20181012_140517_V06,0,0.000,1.200,289,0,89182.382,2,0,89173.521
KMAX20181012-1,KMAX20181012_140517_V06,2,0.483,1.200,290,0,80724.186,4,0,80704.199
KMAX20181012-1,KMAX20181012_140517_V06,4,0.879,1.200,291,0,17975.014,6,0,17956.896
KMAX20181012-1,KMAX20181012_140517_V06,8,1.318,1.200,291,0,1139.221,0,0,1139.221
KMAX20181012-1,KMAX20181012_140517_V06,10,1.802,1.200,146,0,22.134,2,0,10.499
KMAX20181012-1,KMAX20181012_140517_V06,11,2.417,1.200,144,0,0.434,0,0,0.434
KMAX20181012-1,KMAX20181012_141539_V06,0,0.000,1.200,1529,0,151137.090,57,0,150677.045
KMAX20181012-1,KMAX20181012_141539_V06,2,0.483,1.200,1529,0,88460.533,57,0,88193.108
KMAX20181012-1,KMAX20181012_141539_V06,4,0.879,1.200,1533,0,29042.727,36,0,28852.447
KMAX20181012-1,KMAX20181012_141539_V06,8,1.318,1.200,1534,0,683.131,9,0,623.041
KMAX20181012-1,KMAX20181012_141539_V06,10,1.802,1.200,768,0,25.323,4,0,9.941
KMAX20181012-1,KMAX20181012_141539_V06,11,2.417,1.200,771,0,11.643,2,0,2.300
KMAX20181012-1,KMAX20181012_142600_V06,0,0.000,1.200,303,0,87474.200,0,0,87474.200
KMAX20181012-1,KMAX20181012_142600_V06,2,0.483,1.200,303,0,83353.447,2,0,83347.002
KMAX20181012-1,KMAX20181012_142600_V06,4,0.879,1.200,303,0,27881.349,0,0,27881.349
KMAX20181012-1,KMAX20181012_142600_V06,8,1.318,1.200,301,0,565.963,3,0,560.298
KMAX20181012-1,KMAX20181012_142600_V06,10,1.802,1.200,152,0,44.093,7,0,0.433
KMAX20181012-1,KMAX20181012_142600_V06,11,2.417,1.200,153,0,0.456,0,0,0.456
KMAX20181012-4,KMAX20181012_142600_V06,0,0.000,1.200,11299,0,43076.132,752,0,41371.219
KMAX20181012-4,KMAX20181012_142600_V06,2,0.483,1.200,11304,0,19947.905,498,0,19067.032
KMAX20181012-4,KMAX20181012_142600_V06,4,0.879,1.200,11299,0,8523.554,678,0,8033.666
KMAX20181012-4,KMAX20181012_142600_V06,8,1.318,1.200,11308,0,1953.811,1130,0,1538.092
KMAX20181012-4,KMAX20181012_142600_V06,10,1.802,1.200,5651,0,147.063,162,0,85.682
KMAX20181012-4,KMAX20181012_142600_V06,11,2.417,1.200,5656,0,101.333,70,0,46.818
KMAX20181012-4,KMAX20181012_142600_V06,12,3.120,1.200,5658,0,112.122,58,0,75.411
KMAX20181012-4,KMAX20181012_142600_V06,13,3.999,1.200,5668,0,130.930,55,0,95.996
KMAX20181012-4,KMAX20181012_142600_V06,14,5.098,1.200,5682,0,172.893,56,0,120.491
KMAX20181012-4,KMAX20181012_143622_V06,0,0.000,1.200,27053,0,75921.104,1253,0,71122.899
KMAX20181012-4,KMAX20181012_143622_V06,2,0.483,1.200,27057,0,18783.430,972,0,16852.492
KMAX20181012-4,KMAX20181012_143622_V06,4,0.879,1.200,27055,0,6091.413,849,0,5515.859
KMAX20181012-4,KMAX20181012_143622_V06,8,1.318,1.200,27064,0,3535.486,1803,0,2803.829
KMAX20181012-4,KMAX20181012_143622_V06,10,1.802,1.200,13537,0,227.283,380,0,129.170
KMAX20181012-4,KMAX20181012_143622_V06,11,2.417,1.200,13545,0,321.812,481,0,167.540
KMAX20181012-4,KMAX20181012_143622_V06,12,3.120,1.200,13556,0,288.742,628,0,190.911
KMAX20181012-4,KMAX20181012_143622_V06,13,3.999,1.200,13568,0,292.535,338,0,199.352
KMAX20181012-4,KMAX20181012_143622_V06,14,5.098,1.200,13597,0,279.463,136,0,201.566
KMAX20181012-7,KMAX20181012_151801_V06,0,0.000,1.200,344,0,91687.521,2,0,91683.833
KMAX20181012-7,KMAX20181012_151801_V06,2,0.483,1.200,344,0,43362.059,2,0,43341.384
KMAX20181012-7,KMAX20181012_151801_V06,4,0.879,1.200,346,0,9809.363,8,0,9786.502
KMAX20181012-7,KMAX20181012_151801_V06,8,1.318,1.200,345,0,217.209,3,0,211.568
KMAX20181012-7,KMAX20181012_151801_V06,10,1.802,1.200,174,0,9.670,0,0,9.670
KMAX20181012-7,KMAX20181012_151801_V06,11,2.417,1.200,174,0,10.882,0,0,10.882
KMAX20181012-7,KMAX20181012_152823_V06,0,0.000,1.200,2014,0,111787.502,63,0,111468.052
KMAX20181012-7,KMAX20181012_152823_V06,2,0.483,1.200,2011,0,69764.378,39,0,68812.740
KMAX20181012-7,KMAX20181012_152823_V06,4,0.879,1.200,2011,0,16565.987,20,0,16505.812
KMAX20181012-7,KMAX20181012_152823_V06,8,1.318,1.200,2014,0,866.491,30,0,745.991
KMAX20181012-7,KMAX20181012_152823_V06,10,1.802,1.200,1006,0,45.515,4,0,30.396
KMAX20181012-7,KMAX20181012_152823_V06,11,2.417,1.200,1008,0,36.055,6,0,2.965
KMAX20181013-4,KMAX20181013_140912_V06,0,0.000,1.200,325,0,35004.642,10,0,33802.283
KMAX20181013-4,KMAX20181013_140912_V06,2,0.483,1.200,326,0,7581.630,10,0,6905.250
KMAX20181013-4,KMAX20181013_140912_V06,4,0.879,1.200,328,0,142.614,5,0,139.270
KMAX20181013-4,KMAX20181013_140912_V06,8,1.318,1.200,329,0,22.572,15,0,9.101
KMAX20181013-4,KMAX20181013_140912_V06,10,1.802,1.200,161,0,0.309,0,0,0.309
KMAX20181013-4,KMAX20181013_140912_V06,11,2.417,1.200,163,0,2.275,0,0,2.275
KMAX20181013-4,KMAX20181013_140912_V06,12,3.120,1.200,165,0,0.317,0,0,0.317
KMAX20181013-4,KMAX20181013_141934_V06,0,0.000,1.200,2613,0,64792.472,68,0,64582.658
KMAX20181013-4,KMAX20181013_141934_V06,2,0.483,1.200,2613,0,13538.905,41,0,13455.734
KMAX20181013-4,KMAX20181013_141934_V06,4,0.879,1.200,2614,0,866.617,67,0,799.561
KMAX20181013-4,KMAX20181013_141934_V06,8,1.318,1.200,2611,0,200.023,58,0,152.058
KMAX20181013-4,KMAX20181013_141934_V06,10,1.802,1.200,1309,0,31.240,9,0,18.327
KMAX20181013-4,KMAX20181013_141934_V06,11,2.417,1.200,1306,0,16.433,7,0,7.214
KMAX20181013-4,KMAX20181013_141934_V06,12,3.120,1.200,1311,0,15.334,3,0,12.829
KMAX20181013-4,KMAX20181013_142956_V06,0,0.000,1.200,15138,0,151366.181,513,0,147700.728
KMAX20181013-4,KMAX20181013_142956_V06,2,0.483,1.200,15143,0,29217.014,427,0,28194.765
KMAX20181013-4,KMAX20181013_142956_V06,4,0.879,1.200,15148,0,4941.599,343,0,4263.808
KMAX20181013-4,KMAX20181013_142956_V06,8,1.318,1.200,15150,0,1602.143,325,0,1225.181
KMAX20181013-4,KMAX20181013_142956_V06,10,1.802,1.200,7584,0,189.284,43,0,104.495
KMAX20181013-4,KMAX20181013_142956_V06,11,2.417,1.200,7587,0,121.347,35,0,79.407
KMAX20181013-4,KMAX20181013_142956_V06,12,3.120,1.200,7595,0,98.555,27,0,71.657
KMAX20181013-4,KMAX20181013_144018_V06,0,0.000,1.200,17856,0,141787.271,703,0,136839.635
KMAX20181013-4,KMAX20181013_144018_V06,2,0.483,1.200,17858,0,23233.849,555,0,20938.796
KMAX20181013-4,KMAX20181013_144018_V06,4,0.879,1.200,17864,0,6301.265,565,0,5110.537
KMAX20181013-4,KMAX20181013_144018_V06,8,1.318,1.200,17873,0,1764.037,401,0,1340.624
KMAX20181013-4,KMAX20181013_144018_V06,10,1.802,1.200,8935,0,174.559,59,0,98.403
KMAX20181013-4,KMAX20181013_144018_V06,11,2.417,1.200,8941,0,137.633,58,0,91.477
KMAX20181013-4,KMAX20181013_144018_V06,12,3.120,1.200,8946,0,194.823,53,0,126.320
KMAX20181013-2,KMAX20181013_132744_V06,0,0.000,1.200,147,0,84276.165,1,0,83687.740
KMAX20181013-2,KMAX20181013_132744_V06,2,0.483,1.200,146,0,107721.765,2,0,105184.250
KMAX20181013-2,KMAX20181013_132744_V06,4,0.879,1.200,146,0,35994.007,4,0,34610.479
KMAX20181013-2,KMAX20181013_132744_V06,8,1.318,1.200,147,0,2582.628,0,0,2582.628
KMAX20181013-2,KMAX20181013_132744_V06,10,1.802,1.200,72,0,55.375,2,0,37.187
KMAX20181013-2,KMAX20181013_132744_V06,11,2.417,1.200,73,0,0.215,0,0,0.215
KMAX20181013-2,KMAX20181013_133805_V06,0,0.000,1.200,1299,0,248833.746,34,0,246030.067
KMAX20181013-2,KMAX20181013_133805_V06,2,0.483,1.200,1295,0,141438.317,55,0,140962.982
KMAX20181013-2,KMAX20181013_133805_V06,4,0.879,1.200,1295,0,45026.508,22,0,44862.689
KMAX20181013-2,KMAX20181013_133805_V06,8,1.318,1.200,1295,0,2723.967,11,0,2593.538
KMAX20181013-2,KMAX20181013_133805_V06,10,1.802,1.200,652,0,16.583,2,0,1.928
KMAX20181013-2,KMAX20181013_133805_V06,11,2.417,1.200,652,0,13.085,0,0,13.085
KMAX20181013-2,KMAX20181013_134827_V06,0,0.000,1.200,3732,0,320432.784,88,0,311143.501
KMAX20181013-2,KMAX20181013_134827_V06,2,0.483,1.200,3732,0,99967.151,201,0,96989.534
KMAX20181013-2,KMAX20181013_134827_V06,4,0.879,1.200,3733,0,32708.890,93,0,32252.464
KMAX20181013-2,KMAX20181013_134827_V06,8,1.318,1.200,3732,0,5652.072,78,0,5021.659
KMAX20181013-2,KMAX20181013_134827_V06,10,1.802,1.200,1867,0,87.174,12,0,34.332
KMAX20181013-2,KMAX20181013_134827_V06,11,2.417,1.200,1867,0,60.877,5,0,43.278
KMAX20181013-2,KMAX20181013_140912_V06,0,0.000,1.200,357,0,149010.528,8,0,148734.657
KMAX20181013-2,KMAX20181013_140912_V06,2,0.483,1.200,357,0,106481.960,13,0,106367.760
KMAX20181013-2,KMAX20181013_140912_V06,4,0.879,1.200,358,0,31570.379,5,0,31554.337
KMAX20181013-2,KMAX20181013_140912_V06,8,1.318,1.200,360,0,2395.980,4,0,2364.767
KMAX20181013-2,KMAX20181013_140912_V06,10,1.802,1.200,183,0,14.754,3,0,3.739
KMAX20181013-2,KMAX20181013_140912_V06,11,2.417,1.200,182,0,8.781,1,0,5.144
KMAX20181013-2,KMAX20181013_141934_V06,0,0.000,1.200,1508,0,290701.083,49,0,290129.445
KMAX20181013-2,KMAX20181013_141934_V06,2,0.483,1.200,1508,0,96106.533,39,0,93692.444
KMAX20181013-2,KMAX20181013_141934_V06,4,0.879,1.200,1510,0,31831.797,20,0,30876.138
KMAX20181013-2,KMAX20181013_141934_V06,8,1.318,1.200,1513,0,3611.611,16,0,3132.640
KMAX20181013-2,KMAX20181013_141934_V06,10,1.802,1.200,757,0,21.864,2,0,9.596
KMAX20181013-2,KMAX20181013_141934_V06,11,2.417,1.200,755,0,66.144,4,0,35.904
KMAX20181013-2,KMAX20181013_142956_V06,0,0.000,1.200,558,0,229197.952,17,0,227678.163
KMAX20181013-2,KMAX20181013_142956_V06,2,0.483,1.200,557,0,141291.639,21,0,141036.333
KMAX20181013-2,KMAX20181013_142956_V06,4,0.879,1.200,557,0,28729.204,7,0,28552.193
KMAX20181013-2,KMAX20181013_142956_V06,8,1.318,1.200,559,0,1886.172,3,0,1845.725
KMAX20181013-2,KMAX20181013_142956_V06,10,1.802,1.200,279,0,13.101,2,0,0.838
KMAX20181013-2,KMAX20181013_142956_V06,11,2.417,1.200,278,0,27.669,3,0,14.377
KMAX20181013-2,KMAX20181013_144018_V06,0,0.000,1.200,1918,0,306139.006,82,0,292948.856
KMAX20181013-2,KMAX20181013_144018_V06,2,0.483,1.200,1922,0,105129.079,48,0,103788.875
KMAX20181013-2,KMAX20181013_144018_V06,4,0.879,1.200,1922,0,47382.289,36,0,45636.289
KMAX20181013-2,KMAX20181013_144018_V06,8,1.318,1.200,1923,0,2342.441,18,0,1895.901
KMAX20181013-2,KMAX20181013_144018_V06,10,1.802,1.200,960,0,60.088,5,0,31.397
KMAX20181013-2,KMAX20181013_144018_V06,11,2.417,1.200,958,0,37.551,2,0,26.772
KMAX20181013-2,KMAX20181013_150101_V06,0,0.000,1.200,7604,0,343860.571,217,0,335945.309
KMAX20181013-2,KMAX20181013_150101_V06,2,0.483,1.200,7611,0,123426.268,193,0,119350.426
KMAX20181013-2,KMAX20181013_150101_V06,4,0.879,1.200,7611,0,50945.338,204,0,49176.413
KMAX20181013-2,KMAX20181013_150101_V06,8,1.318,1.200,7612,0,5444.814,172,0,4632.920
KMAX20181013-2,KMAX20181013_150101_V06,10,1.802,1.200,3807,0,235.322,31,0,124.791
KMAX20181013-2,KMAX20181013_150101_V06,11,2.417,1.200,3809,0,245.712,23,0,141.842
KMAX20181013-2,KMAX20181013_151122_V06,0,0.000,1.200,557,0,213819.572,14,0,205662.770
KMAX20181013-2,KMAX20181013_151122_V06,2,0.483,1.200,559,0,99062.550,29,0,96920.913
KMAX20181013-2,KMAX20181013_151122_V06,4,0.879,1.200,561,0,48499.865,16,0,47609.055
KMAX20181013-2,KMAX20181013_151122_V06,8,1.318,1.200,562,0,4293.549,5,0,4267.351
KMAX20181013-2,KMAX20181013_151122_V06,10,1.802,1.200,279,0,18.040,1,0,13.462
KMAX20181013-2,KMAX20181013_151122_V06,11,2.417,1.200,279,0,8.212,0,0,8.212
KMAX20181013-2,KMAX20181013_152143_V06,0,0.000,1.200,1625,0,268407.870,74,0,267809.677
KMAX20181013-2,KMAX20181013_152143_V06,2,0.483,1.200,1629,0,94941.174,27,0,94781.882
KMAX20181013-2,KMAX20181013_152143_V06,4,0.879,1.200,1629,0,44415.200,24,0,44020.251
KMAX20181013-2,KMAX20181013_152143_V06,8,1.318,1.200,1626,0,4168.250,15,0,4077.367
KMAX20181013-2,KMAX20181013_152143_V06,10,1.802,1.200,813,0,62.544,8,0,22.146
KMAX20181013-2,KMAX20181013_152143_V06,11,2.417,1.200,816,0,57.663,7,0,20.925
KMAX20181013-2,KMAX20181013_153205_V06,0,0.000,1.200,589,0,208688.963,16,0,205302.491
KMAX20181013-2,KMAX20181013_153205_V06,2,0.483,1.200,589,0,96625.301,13,0,95533.394
KMAX20181013-2,KMAX20181013_153205_V06,4,0.879,1.200,593,0,37111.599,11,0,36569.074
KMAX20181013-2,KMAX20181013_153205_V06,8,1.318,1.200,592,0,2730.592,3,0,2725.204
KMAX20181013-2,KMAX20181013_153205_V06,10,1.802,1.200,293,0,34.928,4,0,11.712
KMAX20181013-2,KMAX20181013_153205_V06,11,2.417,1.200,294,0,0.879,0,0,0.879
KMAX20181013-2,KMAX20181013_154228_V06,0,0.000,1.200,1782,0,264050.499,56,0,262833.238
KMAX20181013-2,KMAX20181013_154228_V06,2,0.483,1.200,1783,0,114057.604,49,0,100616.383
KMAX20181013-2,KMAX20181013_154228_V06,4,0.879,1.200,1785,0,51316.041,33,0,50269.451
KMAX20181013-2,KMAX20181013_154228_V06,8,1.318,1.200,1786,0,3266.487,27,0,2903.721
KMAX20181013-2,KMAX20181013_154228_V06,10,1.802,1.200,895,0,51.804,7,0,13.239
KMAX20181013-2,KMAX20181013_154228_V06,11,2.417,1.200,896,0,52.088,5,0,23.253
KMAX20181013-8,KMAX20181013_141934_V06,0,0.000,1.200,34793,0,3315.286,6262,0,2410.220
KMAX20181013-8,KMAX20181013_141934_V06,2,0.483,1.200,34797,0,1980.183,8071,0,1471.009
KMAX20181013-8,KMAX20181013_141934_V06,4,0.879,1.200,34805,0,1601.133,10106,0,1209.175
KMAX20181013-8,KMAX20181013_141934_V06,8,1.318,1.200,34805,0,1949.780,11293,0,1094.268
KMAX20181013-8,KMAX20181013_141934_V06,10,1.802,1.200,17408,0,528.392,5542,0,210.470
KMAX20181013-8,KMAX20181013_141934_V06,11,2.417,1.200,17412,0,357.725,5186,0,167.050
KMAX20181013-8,KMAX20181013_141934_V06,12,3.120,1.200,17428,0,265.897,5728,0,120.343
KMAX20181013-8,KMAX20181013_141934_V06,13,3.999,1.200,17448,0,147.910,5016,0,56.940
KMAX20181013-8,KMAX20181013_141934_V06,14,5.098,1.200,17476,0,88.248,3910,0,44.758
KMAX20181013-8,KMAX20181013_141934_V06,15,6.416,1.200,17510,0,56.406,3215,0,34.725
KMAX20181014-1,KMAX20181014_132335_V06,0,0.000,1.200,475,0,255912.669,3,0,250432.268
KMAX20181014-1,KMAX20181014_132335_V06,2,0.483,1.200,474,0,139422.350,7,0,138486.942
KMAX20181014-1,KMAX20181014_132335_V06,4,0.879,1.200,474,0,32894.194,11,0,31432.253
KMAX20181014-1,KMAX20181014_132335_V06,8,1.318,1.200,476,0,6447.771,7,0,6428.571
KMAX20181014-1,KMAX20181014_132335_V06,10,1.802,1.200,238,0,5.610,0,0,5.610
KMAX20181014-1,KMAX20181014_132335_V06,11,2.417,1.200,238,0,0.698,0,0,0.698
KMAX20181014-1,KMAX20181014_133356_V06,0,0.000,1.200,1727,0,356094.419,42,0,349330.006
KMAX20181014-1,KMAX20181014_133356_V06,2,0.483,1.200,1725,0,154928.573,50,0,133567.649
KMAX20181014-1,KMAX20181014_133356_V06,4,0.879,1.200,1727,0,45326.681,51,0,40422.409
KMAX20181014-1,KMAX20181014_133356_V06,8,1.318,1.200,1729,0,4320.578,18,0,4082.138
KMAX20181014-1,KMAX20181014_133356_V06,10,1.802,1.200,862,0,69.130,6,0,23.089
KMAX20181014-1,KMAX20181014_133356_V06,11,2.417,1.200,862,0,59.128,9,0,22.606
KMAX20181014-1,KMAX20181014_134417_V06,0,0.000,1.200,569,0,322271.332,18,0,318465.618
KMAX20181014-1,KMAX20181014_134417_V06,2,0.483,1.200,568,0,141540.642,16,0,138827.198
KMAX20181014-1,KMAX20181014_134417_V06,4,0.879,1.200,566,0,46469.522,21,0,45675.645
KMAX20181014-1,KMAX20181014_134417_V06,8,1.318,1.200,569,0,1275.405,5,0,1264.604
KMAX20181014-1,KMAX20181014_134417_V06,10,1.802,1.200,286,0,64.074,8,0,25.849
KMAX20181014-1,KMAX20181014_134417_V06,11,2.417,1.200,285,0,22.840,2,0,11.652
KMAX20181014-1,KMAX20181014_140459_V06,0,0.000,1.200,1371,0,345162.572,48,0,337556.623
KMAX20181014-1,KMAX20181014_140459_V06,2,0.483,1.200,1372,0,142743.081,43,0,142497.815
KMAX20181014-1,KMAX20181014_140459_V06,4,0.879,1.200,1374,0,42361.895,15,0,42187.684
KMAX20181014-1,KMAX20181014_140459_V06,8,1.318,1.200,1372,0,1664.938,6,0,1653.881
KMAX20181014-1,KMAX20181014_140459_V06,10,1.802,1.200,691,0,889.797,7,0,448.831
KMAX20181014-1,KMAX20181014_140459_V06,11,2.417,1.200,687,0,17.626,2,0,8.714
KMAX20181014-1,KMAX20181014_141521_V06,0,0.000,1.200,1955,0,356135.670,71,0,351089.337
KMAX20181014-1,KMAX20181014_141521_V06,2,0.483,1.200,1956,0,122127.020,53,0,120788.865
KMAX20181014-1,KMAX20181014_141521_V06,4,0.879,1.200,1955,0,40132.939,17,0,39980.333
KMAX20181014-1,KMAX20181014_141521_V06,8,1.318,1.200,1953,0,3579.550,29,0,3148.172
KMAX20181014-1,KMAX20181014_141521_V06,10,1.802,1.200,975,0,54.368,7,0,23.179
KMAX20181014-1,KMAX20181014_141521_V06,11,2.417,1.200,974,0,25.455,3,0,9.917
KMAX20181014-1,KMAX20181014_142544_V06,0,0.000,1.200,449,0,305752.452,12,0,300828.910
KMAX20181014-1,KMAX20181014_142544_V06,2,0.483,1.200,450,0,142440.358,12,0,132196.316
KMAX20181014-1,KMAX20181014_142544_V06,4,0.879,1.200,449,0,65392.165,18,0,62352.056
KMAX20181014-1,KMAX20181014_142544_V06,8,1.318,1.200,448,0,1656.008,3,0,1650.723
KMAX20181014-1,KMAX20181014_142544_V06,10,1.802,1.200,224,0,23.716,3,0,0.662
KMAX20181014-1,KMAX20181014_142544_V06,11,2.417,1.200,225,0,7.998,0,0,7.998
KMAX20181014-1,KMAX20181014_143605_V06,0,0.000,1.200,1928,0,330366.037,90,0,319414.748
KMAX20181014-1,KMAX20181014_143605_V06,2,0.483,1.200,1928,0,121678.808,60,0,121035.446
KMAX20181014-1,KMAX20181014_143605_V06,4,0.879,1.200,1924,0,33444.164,19,0,33365.532
KMAX20181014-1,KMAX20181014_143605_V06,8,1.318,1.200,1922,0,1832.265,31,0,1702.549
KMAX20181014-1,KMAX20181014_143605_V06,10,1.802,1.200,963,0,641.436,15,0,572.179
KMAX20181014-1,KMAX20181014_143605_V06,11,2.417,1.200,963,0,44.563,1,0,40.708
KMAX20181014-1,KMAX20181014_144626_V06,0,0.000,1.200,4616,0,392459.558,186,0,383252.210
KMAX20181014-1,KMAX20181014_144626_V06,2,0.483,1.200,4617,0,120141.221,106,0,117628.441
KMAX20181014-1,KMAX20181014_144626_V06,4,0.879,1.200,4620,0,36046.476,75,0,35790.267
KMAX20181014-1,KMAX20181014_144626_V06,8,1.318,1.200,4622,0,3487.278,84,0,3262.882
KMAX20181014-1,KMAX20181014_144626_V06,10,1.802,1.200,2310,0,69.860,11,0,16.656
KMAX20181014-1,KMAX20181014_144626_V06,11,2.417,1.200,2312,0,72.143,6,0,49.656
KMAX20181014-1,KMAX20181014_150709_V06,0,0.000,1.200,305,0,189553.111,7,0,187807.701
KMAX20181014-1,KMAX20181014_150709_V06,2,0.483,1.200,306,0,146976.176,4,0,146950.534
KMAX20181014-1,KMAX20181014_150709_V06,4,0.879,1.200,306,0,42657.303,6,0,42476.450
KMAX20181014-1,KMAX20181014_150709_V06,8,1.318,1.200,306,0,3350.310,2,0,3345.293
KMAX20181014-1,KMAX20181014_150709_V06,10,1.802,1.200,153,0,13.338,2,0,6.347
KMAX20181014-1,KMAX20181014_150709_V06,11,2.417,1.200,155,0,0.464,0,0,0.464
KMAX20181014-1,KMAX20181014_151731_V06,0,0.000,1.200,1564,0,283990.055,57,0,278685.097
KMAX20181014-1,KMAX20181014_151731_V06,2,0.483,1.200,1563,0,127415.339,36,0,122772.350
KMAX20181014-1,KMAX20181014_151731_V06,4,0.879,1.200,1561,0,48631.659,14,0,48602.735
KMAX20181014-1,KMAX20181014_151731_V06,8,1.318,1.200,1559,0,5904.614,25,0,5774.793
KMAX20181014-1,KMAX20181014_151731_V06,10,1.802,1.200,785,0,48.601,1,0,43.493
KMAX20181014-1,KMAX20181014_151731_V06,11,2.417,1.200,784,0,54.330,6,0,23.802
KMAX20181014-1,KMAX20181014_152752_V06,0,0.000,1.200,216,0,94097.178,7,0,90996.708
KMAX20181014-1,KMAX20181014_152752_V06,2,0.483,1.200,215,0,111440.681,3,0,108995.934
KMAX20181014-1,KMAX20181014_152752_V06,4,0.879,1.200,214,0,54947.567,2,0,54331.323
KMAX20181014-1,KMAX20181014_152752_V06,8,1.318,1.200,215,0,2513.618,0,0,2513.618
KMAX20181014-1,KMAX20181014_152752_V06,10,1.802,1.200,107,0,0.320,0,0,0.320
KMAX20181014-1,KMAX20181014_152752_V06,11,2.417,1.200,108,0,0.323,0,0,0.323
KMAX20181014-1,KMAX20181014_153812_V06,0,0.000,1.200,1563,0,252500.745,60,0,251857.360
KMAX20181014-1,KMAX20181014_153812_V06,2,0.483,1.200,1563,0,93128.737,35,0,92927.040
KMAX20181014-1,KMAX20181014_153812_V06,4,0.879,1.200,1563,0,44989.748,26,0,44881.935
KMAX20181014-1,KMAX20181014_153812_V06,8,1.318,1.200,1569,0,6380.313,23,0,6205.112
KMAX20181014-1,KMAX20181014_153812_V06,10,1.802,1.200,779,0,65.233,8,0,32.516
KMAX20181014-1,KMAX20181014_153812_V06,11,2.417,1.200,783,0,28.504,2,0,18.856
KMAX20181014-5,KMAX20181014_141521_V06,0,0.000,1.200,577,0,264752.482,24,0,262055.394
KMAX20181014-5,KMAX20181014_141521_V06,2,0.483,1.200,577,0,120448.765,24,0,119223.234
KMAX20181014-5,KMAX20181014_141521_V06,4,0.879,1.200,576,0,40004.901,13,0,39869.141
KMAX20181014-5,KMAX20181014_141521_V06,8,1.318,1.200,576,0,3172.018,8,0,2833.344
KMAX20181014-5,KMAX20181014_141521_V06,10,1.802,1.200,289,0,20.705,2,0,7.438
KMAX20181014-5,KMAX20181014_141521_V06,11,2.417,1.200,289,0,23.403,3,0,7.865
KMAX20181015-1,KMAX20181015_133130_V06,0,0.000,1.200,552,0,313133.878,10,0,308005.716
KMAX20181015-1,KMAX20181015_133130_V06,2,0.483,1.200,552,0,179710.315,14,0,179661.337
KMAX20181015-1,KMAX20181015_133130_V06,4,0.879,1.200,553,0,48845.259,20,0,48442.675
KMAX20181015-1,KMAX20181015_133130_V06,8,1.318,1.200,553,0,2037.739,6,0,1895.068
KMAX20181015-1,KMAX20181015_133130_V06,10,1.802,1.200,275,0,13.306,3,0,0.802
KMAX20181015-1,KMAX20181015_133130_V06,11,2.417,1.200,276,0,11.795,2,0,5.331
KMAX20181015-1,KMAX20181015_134349_V06,0,0.000,1.200,1592,0,336274.184,60,0,318508.488
KMAX20181015-1,KMAX20181015_134349_V06,2,0.483,1.200,1592,0,148684.659,74,0,146397.764
KMAX20181015-1,KMAX20181015_134349_V06,4,0.879,1.200,1594,0,31072.236,48,0,30838.463
KMAX20181015-1,KMAX20181015_134349_V06,8,1.318,1.200,1592,0,3601.115,24,0,3185.729
KMAX20181015-1,KMAX20181015_134349_V06,10,1.802,1.200,796,0,58.872,11,0,8.828
KMAX20181015-1,KMAX20181015_134349_V06,11,2.417,1.200,801,0,26.512,1,0,23.608
KMAX20181015-1,KMAX20181015_140430_V06,0,0.000,1.200,559,0,315745.470,18,0,307284.220
KMAX20181015-1,KMAX20181015_140430_V06,2,0.483,1.200,558,0,184973.672,10,0,181874.086
KMAX20181015-1,KMAX20181015_140430_V06,4,0.879,1.200,560,0,42633.108,8,0,42581.860
KMAX20181015-1,KMAX20181015_140430_V06,8,1.318,1.200,560,0,1270.369,3,0,1246.774
KMAX20181015-1,KMAX20181015_140430_V06,10,1.802,1.200,279,0,9.553,0,0,9.553
KMAX20181015-1,KMAX20181015_140430_V06,11,2.417,1.200,281,0,10.899,3,0,0.841
KMAX20181015-1,KMAX20181015_141451_V06,0,0.000,1.200,1768,0,385155.611,81,0,362154.748
KMAX20181015-1,KMAX20181015_141451_V06,2,0.483,1.200,1766,0,180888.139,52,0,179615.783
KMAX20181015-1,KMAX20181015_141451_V06,4,0.879,1.200,1767,0,63306.986,25,0,63003.955
KMAX20181015-1,KMAX20181015_141451_V06,8,1.318,1.200,1766,0,1063.334,14,0,969.696
KMAX20181015-1,KMAX20181015_141451_V06,10,1.802,1.200,881,0,26.357,6,0,2.655
KMAX20181015-1,KMAX20181015_141451_V06,11,2.417,1.200,884,0,92.790,7,0,60.005
KMAX20181015-1,KMAX20181015_142514_V06,0,0.000,1.200,226,0,236122.802,3,0,229220.299
KMAX20181015-1,KMAX20181015_142514_V06,2,0.483,1.200,227,0,187636.127,4,0,184446.558
KMAX20181015-1,KMAX20181015_142514_V06,4,0.879,1.200,227,0,58717.263,3,0,58424.471
KMAX20181015-1,KMAX20181015_142514_V06,8,1.318,1.200,227,0,4201.906,6,0,4182.832
KMAX20181015-1,KMAX20181015_142514_V06,10,1.802,1.200,116,0,16.689,0,0,16.689
KMAX20181015-1,KMAX20181015_142514_V06,11,2.417,1.200,115,0,0.340,0,0,0.340
KMAX20181015-1,KMAX20181015_143536_V06,0,0.000,1.200,1585,0,315979.932,49,0,311792.639
KMAX20181015-1,KMAX20181015_143536_V06,2,0.483,1.200,1585,0,151547.330,48,0,150480.336
KMAX20181015-1,KMAX20181015_143536_V06,4,0.879,1.200,1585,0,43352.335,28,0,43171.805
KMAX20181015-1,KMAX20181015_143536_V06,8,1.318,1.200,1586,0,4084.814,15,0,4050.381
KMAX20181015-1,KMAX20181015_143536_V06,10,1.802,1.200,792,0,94.964,8,0,44.290
KMAX20181015-1,KMAX20181015_143536_V06,11,2.417,1.200,798,0,8.167,1,0,5.123
KMAX20181015-1,KMAX20181015_144558_V06,0,0.000,1.200,4289,0,401078.849,158,0,394329.212
KMAX20181015-1,KMAX20181015_144558_V06,2,0.483,1.200,4290,0,209670.016,110,0,197897.239
KMAX20181015-1,KMAX20181015_144558_V06,4,0.879,1.200,4293,0,39035.084,80,0,38427.934
KMAX20181015-1,KMAX20181015_144558_V06,8,1.318,1.200,4299,0,3745.879,70,0,3382.356
KMAX20181015-1,KMAX20181015_144558_V06,10,1.802,1.200,2153,0,133.653,14,0,66.727
KMAX20181015-1,KMAX20181015_144558_V06,11,2.417,1.200,2148,0,85.990,11,0,43.677
KMAX20181015-1,KMAX20181015_150642_V06,0,0.000,1.200,575,0,253869.273,21,0,246293.583
KMAX20181015-1,KMAX20181015_150642_V06,2,0.483,1.200,575,0,106530.581,16,0,105324.707
KMAX20181015-1,KMAX20181015_150642_V06,4,0.879,1.200,575,0,39115.581,9,0,39046.779
KMAX20181015-1,KMAX20181015_150642_V06,8,1.318,1.200,575,0,1584.084,0,0,1584.084
KMAX20181015-1,KMAX20181015_150642_V06,10,1.802,1.200,285,0,22.250,3,0,9.323
KMAX20181015-1,KMAX20181015_150642_V06,11,2.417,1.200,288,0,14.090,3,0,0.861
KMAX20181015-11,KMAX20181015_153107_V06,0,0.000,1.200,549,0,72026.136,10,0,71296.499
KMAX20181015-11,KMAX20181015_153107_V06,2,0.483,1.200,546,0,43666.038,10,0,43635.523
KMAX20181015-11,KMAX20181015_153107_V06,4,0.879,1.200,546,0,8238.518,7,0,8210.120
KMAX20181015-11,KMAX20181015_153107_V06,8,1.318,1.200,545,0,1425.469,1,0,1423.885
KMAX20181015-11,KMAX20181015_153107_V06,10,1.802,1.200,270,0,20.633,2,0,11.473
KMAX20181015-11,KMAX20181015_153107_V06,11,2.417,1.200,271,0,0.820,0,0,0.820
KMAX20181015-11,KMAX20181015_154125_V06,0,0.000,1.200,2451,0,101739.972,68,0,101237.231
KMAX20181015-11,KMAX20181015_154125_V06,2,0.483,1.200,2454,0,75900.415,51,0,75608.976
KMAX20181015-11,KMAX20181015_154125_V06,4,0.879,1.200,2459,0,15360.620,33,0,15238.110
KMAX20181015-11,KMAX20181015_154125_V06,8,1.318,1.200,2459,0,2911.739,25,0,2711.533
KMAX20181015-11,KMAX20181015_154125_V06,10,1.802,1.200,1230,0,63.709,7,0,28.117
KMAX20181015-11,KMAX20181015_154125_V06,11,2.417,1.200,1230,0,19.444,2,0,3.752
KMAX20181016-1,KMAX20181016_132503_V06,0,0.000,1.200,276,0,95136.891,9,0,91435.651
KMAX20181016-1,KMAX20181016_132503_V06,2,0.483,1.200,276,0,37964.506,6,0,37538.957
KMAX20181016-1,KMAX20181016_132503_V06,4,0.879,1.200,280,0,16368.713,11,0,15104.961
KMAX20181016-1,KMAX20181016_132503_V06,6,1.318,1.200,277,0,1542.192,19,0,961.511
KMAX20181016-1,KMAX20181016_132503_V06,10,1.802,1.200,137,0,7.617,1,0,4.435
KMAX20181016-1,KMAX20181016_132503_V06,11,2.417,1.200,137,0,0.412,0,0,0.412
KMAX20181016-1,KMAX20181016_132911_V06,0,0.000,1.200,952,0,91328.854,41,0,90022.209
KMAX20181016-1,KMAX20181016_132911_V06,2,0.483,1.200,947,0,79061.415,56,0,70846.362
KMAX20181016-1,KMAX20181016_132911_V06,4,0.879,1.200,949,0,11614.484,27,0,11502.030
KMAX20181016-1,KMAX20181016_132911_V06,6,1.318,1.200,949,0,493.955,24,0,401.545
KMAX20181016-1,KMAX20181016_132911_V06,10,1.802,1.200,476,0,49.756,2,0,34.242
KMAX20181016-1,KMAX20181016_132911_V06,11,2.417,1.200,475,0,1.429,0,0,1.429
KMAX20181016-2,KMAX20181016_144127_V06,0,0.000,1.200,365,0,164489.825,15,0,148063.242
KMAX20181016-2,KMAX20181016_144127_V06,2,0.483,1.200,365,0,147429.209,8,0,141327.060
KMAX20181016-2,KMAX20181016_144127_V06,4,0.879,1.200,366,0,38232.449,9,0,38190.256
KMAX20181016-2,KMAX20181016_144127_V06,8,1.318,1.200,367,0,2381.499,0,0,2381.499
KMAX20181016-2,KMAX20181016_144127_V06,10,1.802,1.200,182,0,0.550,0,0,0.550
KMAX20181016-2,KMAX20181016_144127_V06,11,2.417,1.200,183,0,8.783,0,0,8.783
KMAX20181016-2,KMAX20181016_145145_V06,0,-0.220,1.200,1466,0,382614.025,82,0,353713.052
KMAX20181016-2,KMAX20181016_145145_V06,2,0.483,1.200,1468,0,149825.307,77,0,132647.228
KMAX20181016-2,KMAX20181016_145145_V06,4,0.879,1.200,1465,0,32803.426,57,0,30167.903
KMAX20181016-2,KMAX20181016_145145_V06,6,1.318,1.200,1460,0,2635.211,44,0,2242.664
KMAX20181016-2,KMAX20181016_145145_V06,8,1.802,1.200,733,0,83.749,3,0,66.477
KMAX20181016-2,KMAX20181016_145145_V06,9,2.417,1.200,733,0,46.486,0,0,46.486
KMAX20181016-3,KMAX20181016_154949_V06,0,-0.220,1.200,227,0,68936.119,6,0,67089.722
KMAX20181016-3,KMAX20181016_154949_V06,2,0.483,1.200,227,0,155802.976,11,0,148298.167
KMAX20181016-3,KMAX20181016_154949_V06,4,0.879,1.200,226,0,11234.324,5,0,11086.990
KMAX20181016-3,KMAX20181016_154949_V06,6,1.318,1.200,228,0,1550.374,14,0,1384.287
KMAX20181016-3,KMAX20181016_154949_V06,10,1.802,1.200,113,0,0.340,0,0,0.340
KMAX20181016-3,KMAX20181016_154949_V06,11,2.417,1.200,115,0,8.924,0,0,8.924
KMAX20181017-1,KMAX20181017_143202_V06,0,-0.220,1.200,335,0,56971.869,6,0,54349.270
KMAX20181017-1,KMAX20181017_143202_V06,2,0.483,1.200,336,0,62908.302,6,0,62756.354
KMAX20181017-1,KMAX20181017_143202_V06,4,0.879,1.200,334,0,20320.332,22,0,20226.388
KMAX20181017-1,KMAX20181017_143202_V06,6,1.318,1.200,337,0,2632.136,24,0,2484.227
KMAX20181017-1,KMAX20181017_143202_V06,10,1.802,1.200,166,0,65.922,0,0,65.922
KMAX20181017-1,KMAX20181017_143202_V06,11,2.417,1.200,167,0,21.156,0,0,21.156
KMAX20181018-1,KMAX20181018_132945_V06,0,-0.220,1.200,488,0,129768.946,16,0,123908.959
KMAX20181018-1,KMAX20181018_132945_V06,2,0.483,1.200,486,0,116146.119,31,0,103628.572
KMAX20181018-1,KMAX20181018_132945_V06,4,0.879,1.200,483,0,27861.298,12,0,27824.186
KMAX20181018-1,KMAX20181018_132945_V06,6,1.318,1.200,481,0,3037.702,26,0,2758.486
KMAX20181018-1,KMAX20181018_132945_V06,10,1.802,1.200,241,0,38.193,3,0,26.750
KMAX20181018-1,KMAX20181018_132945_V06,11,2.417,1.200,242,0,0.720,0,0,0.720
KMAX20181018-2,KMAX20181018_135031_V06,0,-0.220,1.200,284,0,127591.185,20,0,123137.720
KMAX20181018-2,KMAX20181018_135031_V06,2,0.483,1.200,284,0,87845.756,14,0,83638.451
KMAX20181018-2,KMAX20181018_135031_V06,4,0.879,1.200,285,0,52473.374,15,0,44978.104
KMAX20181018-2,KMAX20181018_135031_V06,6,1.318,1.200,284,0,3345.986,15,0,3053.828
KMAX20181018-2,KMAX20181018_135031_V06,10,1.802,1.200,142,0,0.427,0,0,0.427
KMAX20181018-2,KMAX20181018_135031_V06,11,2.417,1.200,142,0,11.051,0,0,11.051
KMAX20181018-2,KMAX20181018_135441_V06,0,-0.220,1.200,1240,0,361876.233,62,0,342631.174
KMAX20181018-2,KMAX20181018_135441_V06,2,0.483,1.200,1242,0,97776.788,102,0,75606.823
KMAX20181018-2,KMAX20181018_135441_V06,4,0.879,1.200,1245,0,24490.027,42,0,21676.716
KMAX20181018-2,KMAX20181018_135441_V06,6,1.318,1.200,1248,0,3419.965,52,0,2747.515
KMAX20181018-2,KMAX20181018_135441_V06,10,1.802,1.200,625,0,76.511,0,0,76.511
KMAX20181018-2,KMAX20181018_135441_V06,11,2.417,1.200,624,0,37.579,2,0,17.906
KMAX20181018-2,KMAX20181018_140259_V06,0,-0.220,1.200,197,0,48455.219,11,0,45101.585
KMAX20181018-2,KMAX20181018_140259_V06,2,0.483,1.200,198,0,133050.380,19,0,108910.594
KMAX20181018-2,KMAX20181018_140259_V06,4,0.879,1.200,199,0,40312.203,14,0,38597.386
KMAX20181018-2,KMAX20181018_140259_V06,6,1.318,1.200,197,0,2331.378,13,0,2249.739
KMAX20181018-2,KMAX20181018_140259_V06,10,1.802,1.200,100,0,32.044,1,0,26.787
KMAX20181018-2,KMAX20181018_140259_V06,11,2.417,1.200,100,0,3.936,0,0,3.936
KMAX20181018-4,KMAX20181018_143401_V06,0,-0.220,1.200,463,0,299316.127,24,0,275548.970
KMAX20181018-4,KMAX20181018_143401_V06,2,0.483,1.200,463,0,97061.709,27,0,93884.617
KMAX20181018-4,KMAX20181018_143401_V06,4,0.879,1.200,461,0,58049.282,26,0,57782.657
KMAX20181018-4,KMAX20181018_143401_V06,6,1.318,1.200,462,0,4372.174,22,0,4277.379
KMAX20181018-4,KMAX20181018_143401_V06,10,1.802,1.200,228,0,40.816,1,0,37.748
KMAX20181018-4,KMAX20181018_143401_V06,11,2.417,1.200,228,0,8.076,0,0,8.076
KMAX20181018-4,KMAX20181018_143401_V06,12,3.120,1.200,231,0,0.663,0,0,0.663
KMAX20181019-1,KMAX20181019_133202_V06,0,-0.220,1.200,224,0,55283.766,6,0,51626.185
KMAX20181019-1,KMAX20181019_133202_V06,2,0.483,1.200,224,0,87828.943,10,0,74548.309
KMAX20181019-1,KMAX20181019_133202_V06,4,0.879,1.200,222,0,11174.212,10,0,10936.453
KMAX20181019-1,KMAX20181019_133202_V06,6,1.318,1.200,224,0,1470.487,7,0,1422.827
KMAX20181019-1,KMAX20181019_133202_V06,10,1.802,1.200,112,0,13.767,0,0,13.767
KMAX20181019-1,KMAX20181019_133202_V06,11,2.417,1.200,112,0,11.329,0,0,11.329
KMAX20181019-1,KMAX20181019_133610_V06,0,-0.220,1.200,914,0,207466.566,19,0,196207.747
KMAX20181019-1,KMAX20181019_133610_V06,2,0.483,1.200,918,0,32745.186,40,0,31686.635
KMAX20181019-1,KMAX20181019_133610_V06,4,0.879,1.200,918,0,10969.529,47,0,10760.601
KMAX20181019-1,KMAX20181019_133610_V06,6,1.318,1.200,918,0,8689.225,22,0,8434.547
KMAX20181019-1,KMAX20181019_133610_V06,10,1.802,1.200,456,0,36.789,0,0,36.789
KMAX20181019-1,KMAX20181019_133610_V06,11,2.417,1.200,456,0,19.397,0,0,19.397
KMAX20181019-3,KMAX20181019_144436_V06,0,-0.220,1.200,222,0,67605.289,3,0,66093.380
KMAX20181019-3,KMAX20181019_144436_V06,2,0.483,1.200,225,0,54191.367,5,0,50161.668
KMAX20181019-3,KMAX20181019_144436_V06,4,0.879,1.200,225,0,31823.067,15,0,29543.447
KMAX20181019-3,KMAX20181019_144436_V06,6,1.318,1.200,227,0,1358.209,7,0,1300.846
KMAX20181019-3,KMAX20181019_144436_V06,10,1.802,1.200,110,0,31.868,0,0,31.868
KMAX20181019-3,KMAX20181019_144436_V06,11,2.417,1.200,110,0,11.291,0,0,11.291
KMAX20181020-4,KMAX20181020_144309_V06,0,-0.220,1.200,161,0,44241.985,0,0,44241.985
KMAX20181020-4,KMAX20181020_144309_V06,2,0.483,1.200,161,0,37632.107,3,0,37433.967
KMAX20181020-4,KMAX20181020_144309_V06,4,0.879,1.200,160,0,26309.536,3,0,26302.215
KMAX20181020-4,KMAX20181020_144309_V06,8,1.318,1.200,161,0,2985.628,4,0,2368.723
KMAX20181020-4,KMAX20181020_144309_V06,10,1.802,1.200,80,0,0.237,0,0,0.237
KMAX20181020-4,KMAX20181020_144309_V06,11,2.417,1.200,83,0,0.246,0,0,0.246
KMAX20181020-4,KMAX20181020_145329_V06,0,-0.220,1.200,1291,0,169226.460,35,0,165632.257
KMAX20181020-4,KMAX20181020_145329_V06,2,0.483,1.200,1290,0,61352.727,59,0,52591.308
KMAX20181020-4,KMAX20181020_145329_V06,4,0.879,1.200,1289,0,21411.551,57,0,20247.083
KMAX20181020-4,KMAX20181020_145329_V06,6,1.318,1.200,1290,0,1146.193,43,0,940.207
KMAX20181020-4,KMAX20181020_145329_V06,8,1.802,1.200,646,0,77.940,1,0,74.435
KMAX20181020-4,KMAX20181020_145329_V06,9,2.417,1.200,646,0,34.849,0,0,34.849
KMAX20181020-1,KMAX20181020_133043_V06,0,-0.220,1.200,506,0,180411.320,21,0,139007.562
KMAX20181020-1,KMAX20181020_133043_V06,2,0.483,1.200,509,0,63905.031,18,0,61756.834
KMAX20181020-1,KMAX20181020_133043_V06,4,0.879,1.200,503,0,17172.068,32,0,14318.501
KMAX20181020-1,KMAX20181020_133043_V06,6,1.318,1.200,506,0,1129.788,19,0,896.621
KMAX20181020-1,KMAX20181020_133043_V06,10,1.802,1.200,253,0,31.766,0,0,31.766
KMAX20181020-1,KMAX20181020_133043_V06,11,2.417,1.200,254,0,63.697,1,0,48.442
KMAX20181020-5,KMAX20181020_152236_V06,0,-0.220,1.200,307,0,99103.802,13,0,89101.794
KMAX20181020-5,KMAX20181020_152236_V06,2,0.483,1.200,308,0,77393.015,12,0,75672.530
KMAX20181020-5,KMAX20181020_152236_V06,4,0.879,1.200,307,0,8213.621,7,0,8170.565
KMAX20181020-5,KMAX20181020_152236_V06,6,1.318,1.200,307,0,897.142,18,0,811.815
KMAX20181020-5,KMAX20181020_152236_V06,10,1.802,1.200,155,0,75.554,1,0,68.621
KMAX20181020-5,KMAX20181020_152236_V06,11,2.417,1.200,155,0,11.056,0,0,11.056
KMAX20181020-6,KMAX20181020_154731_V06,0,-0.220,1.200,224,0,67249.423,2,0,67171.335
KMAX20181020-6,KMAX20181020_154731_V06,2,0.483,1.200,226,0,52824.571,12,0,51555.852
KMAX20181020-6,KMAX20181020_154731_V06,4,0.879,1.200,224,0,4199.801,8,0,3958.256
KMAX20181020-6,KMAX20181020_154731_V06,6,1.318,1.200,223,0,1657.358,19,0,1372.615
KMAX20181020-6,KMAX20181020_154731_V06,10,1.802,1.200,113,0,10.133,0,0,10.133
KMAX20181020-6,KMAX20181020_154731_V06,11,2.417,1.200,113,0,0.335,0,0,0.335
KMAX20181021-1,KMAX20181021_133536_V06,0,-0.220,1.200,263,0,70397.253,8,0,69514.462
KMAX20181021-1,KMAX20181021_133536_V06,2,0.483,1.200,265,0,86391.487,7,0,85442.363
KMAX20181021-1,KMAX20181021_133536_V06,4,0.879,1.200,265,0,20568.392,6,0,18826.331
KMAX20181021-1,KMAX20181021_133536_V06,6,1.318,1.200,266,0,2904.080,16,0,1962.548
KMAX20181021-1,KMAX20181021_133536_V06,10,1.802,1.200,131,0,26.054,1,0,21.704
KMAX20181021-1,KMAX20181021_133536_V06,11,2.417,1.200,132,0,0.391,0,0,0.391
KMAX20181021-1,KMAX20181021_133945_V06,0,-0.220,1.200,967,0,182722.347,36,0,179201.579
KMAX20181021-1,KMAX20181021_133945_V06,2,0.483,1.200,970,0,53600.197,36,0,50524.885
KMAX20181021-1,KMAX20181021_133945_V06,4,0.879,1.200,967,0,20561.312,39,0,17698.425
KMAX20181021-1,KMAX20181021_133945_V06,6,1.318,1.200,969,0,1575.352,26,0,1470.580
KMAX20181021-1,KMAX20181021_133945_V06,10,1.802,1.200,485,0,61.683,0,0,61.683
KMAX20181021-1,KMAX20181021_133945_V06,11,2.417,1.200,484,0,62.142,0,0,62.142
KMAX20181021-2,KMAX20181021_141257_V06,0,-0.220,1.200,2940,0,645.923,530,0,378.056
KMAX20181021-2,KMAX20181021_141257_V06,2,0.483,1.200,2939,0,296.445,572,0,178.058
KMAX20181021-2,KMAX20181021_141257_V06,4,0.879,1.200,2938,0,219.905,503,0,95.267
KMAX20181021-2,KMAX20181021_141257_V06,6,1.318,1.200,2936,0,154.408,528,0,90.750
KMAX20181021-2,KMAX20181021_141257_V06,10,1.802,1.200,1469,0,42.156,98,0,14.633
KMAX20181021-2,KMAX20181021_141257_V06,11,2.417,1.200,1471,0,13.392,23,0,6.487
KMAX20181021-2,KMAX20181021_141257_V06,12,3.120,1.200,1474,0,2.375,5,0,2.195
KMAX20181021-2,KMAX20181021_141257_V06,13,3.999,1.200,1474,0,1.697,7,0,1.540
KMAX20181021-2,KMAX20181021_141257_V06,14,5.098,1.200,1481,0,2.852,10,0,2.417
KMAX20181021-2,KMAX20181021_141257_V06,15,6.416,1.200,1485,0,2.515,5,0,2.388
KMAX20181021-3,KMAX20181021_141257_V06,0,-0.220,1.200,888,0,201.439,188,0,124.958
KMAX20181021-3,KMAX20181021_141257_V06,2,0.483,1.200,886,0,88.457,197,0,55.174
KMAX20181021-3,KMAX20181021_141257_V06,4,0.879,1.200,886,0,54.675,171,0,24.340
KMAX20181021-3,KMAX20181021_141257_V06,6,1.318,1.200,888,0,49.172,153,0,22.643
KMAX20181021-3,KMAX20181021_141257_V06,10,1.802,1.200,445,0,10.184,21,0,2.759
KMAX20181021-3,KMAX20181021_141257_V06,11,2.417,1.200,444,0,12.274,15,0,4.685
KMAX20181021-3,KMAX20181021_141257_V06,12,3.120,1.200,447,0,0.721,0,0,0.721
KMAX20181021-3,KMAX20181021_141257_V06,13,3.999,1.200,448,0,0.596,2,0,0.566
KMAX20181021-3,KMAX20181021_141257_V06,14,5.098,1.200,448,0,1.085,2,0,1.000
KMAX20181021-3,KMAX20181021_141257_V06,15,6.416,1.200,451,0,0.641,2,0,0.620
KMAX20181021-4,KMAX20181021_142115_V06,0,-0.220,1.200,322,0,100942.518,11,0,100506.827
KMAX20181021-4,KMAX20181021_142115_V06,2,0.483,1.200,319,0,69409.850,8,0,58345.489
KMAX20181021-4,KMAX20181021_142115_V06,4,0.879,1.200,320,0,16523.986,20,0,14638.719
KMAX20181021-4,KMAX20181021_142115_V06,6,1.318,1.200,323,0,1133.269,9,0,1057.064
KMAX20181021-4,KMAX20181021_142115_V06,10,1.802,1.200,157,0,28.855,1,0,25.220
KMAX20181021-4,KMAX20181021_142115_V06,11,2.417,1.200,157,0,29.507,1,0,26.209
KMAX20181021-5,KMAX20181021_144808_V06,0,-0.220,1.200,517,1,225780.023,23,1,199041.612
KMAX20181021-5,KMAX20181021_144808_V06,2,0.483,1.200,518,0,136252.378,34,0,73075.955
KMAX20181021-5,KMAX20181021_144808_V06,4,0.879,1.200,518,0,23046.077,30,0,22719.624
KMAX20181021-5,KMAX20181021_144808_V06,6,1.318,1.200,518,0,1729.906,18,0,1426.294
KMAX20181021-5,KMAX20181021_144808_V06,10,1.802,1.200,258,0,84.163,0,0,84.163
KMAX20181021-5,KMAX20181021_144808_V06,11,2.417,1.200,259,0,43.249,1,0,39.794
KMAX20181021-6,KMAX20181021_152939_V06,0,-0.220,1.200,288,0,128811.289,16,0,123969.624
KMAX20181021-6,KMAX20181021_152939_V06,2,0.483,1.200,290,0,116702.034,7,0,114686.420
KMAX20181021-6,KMAX20181021_152939_V06,4,0.879,1.200,287,0,33761.966,14,0,31210.128
KMAX20181021-6,KMAX20181021_152939_V06,6,1.318,1.200,291,0,2966.201,24,0,1623.273
KMAX20181021-6,KMAX20181021_152939_V06,10,1.802,1.200,144,0,17.494,2,0,7.632
KMAX20181021-6,KMAX20181021_152939_V06,11,2.417,1.200,146,0,29.758,0,0,29.758
KMAX20181021-7,KMAX20181021_155026_V06,0,-0.220,1.200,520,0,212704.226,33,0,194697.037
KMAX20181021-7,KMAX20181021_155026_V06,2,0.483,1.200,517,0,140290.036,22,0,128162.575
KMAX20181021-7,KMAX20181021_155026_V06,4,0.879,1.200,516,0,34906.121,16,0,34513.675
KMAX20181021-7,KMAX20181021_155026_V06,6,1.318,1.200,517,0,4887.751,11,0,3248.876
KMAX20181021-7,KMAX20181021_155026_V06,10,1.802,1.200,258,0,47.246,2,0,36.181
KMAX20181021-7,KMAX20181021_155026_V06,11,2.417,1.200,259,0,12.703,0,0,12.703
KMAX20181022-1,KMAX20181022_133422_V06,0,-0.220,1.200,227,0,53413.442,9,0,45398.718
KMAX20181022-1,KMAX20181022_133422_V06,2,0.483,1.200,230,0,96859.452,8,0,78717.138
KMAX20181022-1,KMAX20181022_133422_V06,4,0.879,1.200,230,0,37714.803,14,0,29481.783
KMAX20181022-1,KMAX20181022_133422_V06,6,1.318,1.200,227,0,1962.117,16,0,1860.404
KMAX20181022-1,KMAX20181022_133422_V06,10,1.802,1.200,112,0,73.756,2,0,64.001
KMAX20181022-1,KMAX20181022_133422_V06,11,2.417,1.200,114,0,21.208,0,0,21.208
KMAX20181022-1,KMAX20181022_133831_V06,0,-0.220,1.200,903,0,279059.625,31,0,256805.365
KMAX20181022-1,KMAX20181022_133831_V06,2,0.483,1.200,905,0,147369.836,46,0,128692.433
KMAX20181022-1,KMAX20181022_133831_V06,4,0.879,1.200,903,0,39669.517,36,0,38546.238
KMAX20181022-1,KMAX20181022_133831_V06,6,1.318,1.200,902,0,3058.640,40,0,2604.585
KMAX20181022-1,KMAX20181022_133831_V06,10,1.802,1.200,448,0,42.262,0,0,42.262
KMAX20181022-1,KMAX20181022_133831_V06,11,2.417,1.200,451,0,43.469,0,0,43.469
KMAX20181022-1,KMAX20181022_134240_V06,0,-0.220,1.200,2100,0,360993.466,75,0,336596.937
KMAX20181022-1,KMAX20181022_134240_V06,2,0.483,1.200,2101,0,107862.731,119,0,105323.798
KMAX20181022-1,KMAX20181022_134240_V06,4,0.879,1.200,2103,0,33906.502,67,0,32095.506
KMAX20181022-1,KMAX20181022_134240_V06,6,1.318,1.200,2102,0,5266.593,71,0,3733.470
KMAX20181022-1,KMAX20181022_134240_V06,10,1.802,1.200,1054,0,106.978,0,0,106.978
KMAX20181022-1,KMAX20181022_134240_V06,11,2.417,1.200,1051,0,60.498,0,0,60.498
KMAX20181022-1,KMAX20181022_134650_V06,0,-0.220,1.200,499,0,273351.698,26,0,239545.444
KMAX20181022-1,KMAX20181022_134650_V06,2,0.483,1.200,498,1,260401.680,32,0,221457.356
KMAX20181022-1,KMAX20181022_134650_V06,4,0.879,1.200,502,0,40352.799,26,0,38472.447
KMAX20181022-1,KMAX20181022_134650_V06,6,1.318,1.200,501,0,4936.351,25,0,4530.174
KMAX20181022-1,KMAX20181022_134650_V06,10,1.802,1.200,250,0,66.741,2,0,57.079
KMAX20181022-1,KMAX20181022_134650_V06,11,2.417,1.200,250,0,7.484,0,0,7.484
KMAX20181022-3,KMAX20181022_143330_V06,0,0.483,1.200,334,0,190888.060,8,0,188518.589
KMAX20181022-3,KMAX20181022_143330_V06,2,0.879,1.200,335,0,52482.278,22,0,50695.958
KMAX20181022-3,KMAX20181022_143330_V06,4,1.318,1.200,334,0,3103.566,20,0,2969.799
KMAX20181022-3,KMAX20181022_143330_V06,6,1.802,1.200,166,0,15.268,0,0,15.268
KMAX20181022-3,KMAX20181022_143330_V06,7,2.417,1.200,165,0,10.711,0,0,10.711
KMAX20181022-3,KMAX20181022_143634_V06,0,-0.220,1.200,888,0,388857.417,51,0,350970.662
KMAX20181022-3,KMAX20181022_143634_V06,2,0.483,1.200,889,0,124417.387,56,0,115688.691
KMAX20181022-3,KMAX20181022_143634_V06,4,0.879,1.200,889,0,49939.955,36,0,48726.189
KMAX20181022-3,KMAX20181022_143634_V06,6,1.318,1.200,885,0,2322.298,29,0,2130.461
KMAX20181022-3,KMAX20181022_143634_V06,8,1.802,1.200,447,0,47.019,1,0,44.098
KMAX20181022-3,KMAX20181022_143634_V06,9,2.417,1.200,448,0,12.908,0,0,12.908
KMAX20181022-9,KMAX20181022_152701_V06,0,-0.220,1.200,130,0,50124.906,5,0,49648.650
KMAX20181022-9,KMAX20181022_152701_V06,2,0.483,1.200,130,0,77168.102,8,0,72690.488
KMAX20181022-9,KMAX20181022_152701_V06,4,0.879,1.200,127,0,17932.437,14,0,12895.905
KMAX20181022-9,KMAX20181022_152701_V06,6,1.318,1.200,128,0,1809.522,9,0,1731.631
KMAX20181022-9,KMAX20181022_152701_V06,8,1.802,1.200,62,0,29.899,1,0,19.162
KMAX20181022-9,KMAX20181022_152701_V06,9,2.417,1.200,62,0,9.392,1,0,4.011
KMAX20181022-9,KMAX20181022_153037_V06,0,-0.220,1.200,649,0,209810.044,25,0,199553.943
KMAX20181022-9,KMAX20181022_153037_V06,2,0.483,1.200,644,0,102740.666,28,0,100797.800
KMAX20181022-9,KMAX20181022_153037_V06,4,0.879,1.200,646,0,29899.532,48,0,24951.769
KMAX20181022-9,KMAX20181022_153037_V06,6,1.318,1.200,645,0,4313.623,31,0,4050.682
KMAX20181022-9,KMAX20181022_153037_V06,8,1.802,1.200,321,0,34.117,0,0,34.117
KMAX20181022-9,KMAX20181022_153037_V06,9,2.417,1.200,320,0,0.955,0,0,0.955
KMAX20181022-9,KMAX20181022_153413_V06,0,-0.220,1.200,437,0,164394.879,26,0,150710.916
KMAX20181022-9,KMAX20181022_153413_V06,2,0.483,1.200,436,0,114871.910,22,0,111484.542
KMAX20181022-9,KMAX20181022_153413_V06,4,0.879,1.200,438,0,28481.157,33,0,22934.781
KMAX20181022-9,KMAX20181022_153413_V06,6,1.318,1.200,436,0,3482.388,27,0,1925.863
KMAX20181022-9,KMAX20181022_153413_V06,8,1.802,1.200,219,0,15.058,0,0,15.058
KMAX20181022-9,KMAX20181022_153413_V06,9,2.417,1.200,221,0,8.592,0,0,8.592
KMAX20181022-4,KMAX20181022_144721_V06,0,-0.220,1.200,215,0,99533.047,5,0,99434.424
KMAX20181022-4,KMAX20181022_144721_V06,2,0.483,1.200,213,0,102084.583,17,0,88317.751
KMAX20181022-4,KMAX20181022_144721_V06,4,0.879,1.200,212,0,31233.724,20,0,30875.053
KMAX20181022-4,KMAX20181022_144721_V06,6,1.318,1.200,212,0,1309.363,14,0,1222.849
KMAX20181022-4,KMAX20181022_144721_V06,8,1.802,1.200,107,0,151.766,0,0,151.766
KMAX20181022-4,KMAX20181022_144721_V06,9,2.417,1.200,107,0,10.639,1,0,5.787
KMAX20181022-5,KMAX20181022_150901_V06,0,-0.220,1.200,501,0,222207.279,20,0,212927.315
KMAX20181022-5,KMAX20181022_150901_V06,2,0.483,1.200,503,0,142929.284,30,0,134174.706
KMAX20181022-5,KMAX20181022_150901_V06,4,0.879,1.200,503,0,32815.544,26,0,32640.018
KMAX20181022-5,KMAX20181022_150901_V06,6,1.318,1.200,501,0,8012.120,29,0,7485.200
KMAX20181022-5,KMAX20181022_150901_V06,8,1.802,1.200,254,0,47.535,2,0,36.987
KMAX20181022-5,KMAX20181022_150901_V06,9,2.417,1.200,253,0,27.788,0,0,27.788
KMAX20181022-5,KMAX20181022_151237_V06,0,-0.220,1.200,1469,0,269598.718,54,0,259189.965
KMAX20181022-5,KMAX20181022_151237_V06,2,0.483,1.200,1470,0,75297.991,81,0,73329.320
KMAX20181022-5,KMAX20181022_151237_V06,4,0.879,1.200,1470,0,50410.672,70,0,45726.279
KMAX20181022-5,KMAX20181022_151237_V06,6,1.318,1.200,1470,0,4345.489,56,0,3220.463
KMAX20181022-5,KMAX20181022_151237_V06,8,1.802,1.200,736,0,80.349,2,0,68.722
KMAX20181022-5,KMAX20181022_151237_V06,9,2.417,1.200,739,0,30.851,0,0,30.851
KMAX20181022-5,KMAX20181022_151612_V06,0,-0.220,1.200,307,0,107961.138,14,0,99550.244
KMAX20181022-5,KMAX20181022_151612_V06,2,0.483,1.200,307,0,75171.976,8,0,74566.217
KMAX20181022-5,KMAX20181022_151612_V06,4,0.879,1.200,307,0,55610.742,34,0,30004.231
KMAX20181022-5,KMAX20181022_151612_V06,6,1.318,1.200,306,0,7071.407,30,0,2912.921
KMAX20181022-5,KMAX20181022_151612_V06,8,1.802,1.200,156,0,25.546,0,0,25.546
KMAX20181022-5,KMAX20181022_151612_V06,9,2.417,1.200,155,0,0.462,0,0,0.462
KMAX20181022-11,KMAX20181022_154501_V06,0,-0.220,1.200,547,0,167964.131,16,0,164663.230
KMAX20181022-11,KMAX20181022_154501_V06,2,0.483,1.200,544,0,91290.238,28,0,86597.696
KMAX20181022-11,KMAX20181022_154501_V06,4,0.879,1.200,547,0,46930.050,29,0,45203.572
KMAX20181022-11,KMAX20181022_154501_V06,6,1.318,1.200,547,0,3291.979,32,0,2283.697
KMAX20181022-11,KMAX20181022_154501_V06,8,1.802,1.200,275,0,109.825,3,0,93.266
KMAX20181022-11,KMAX20181022_154501_V06,9,2.417,1.200,272,0,12.538,0,0,12.538
KMAX20181023-2,KMAX20181023_133308_V06,0,-0.220,1.200,183,0,159342.555,14,0,139123.681
KMAX20181023-2,KMAX20181023_133308_V06,2,0.483,1.200,182,0,217244.531,10,0,208658.456
KMAX20181023-2,KMAX20181023_133308_V06,4,0.879,1.200,182,0,51641.163,10,0,41113.423
KMAX20181023-2,KMAX20181023_133308_V06,6,1.318,1.200,183,0,2654.726,20,0,2112.854
KMAX20181023-2,KMAX20181023_133308_V06,8,1.802,1.200,91,0,0.268,0,0,0.268
KMAX20181023-2,KMAX20181023_133308_V06,9,2.417,1.200,91,0,0.269,0,0,0.269
KMAX20181023-2,KMAX20181023_133644_V06,0,-0.220,1.200,700,0,484982.800,37,0,431039.766
KMAX20181023-2,KMAX20181023_133644_V06,2,0.483,1.200,699,1,300272.954,43,1,264641.217
KMAX20181023-2,KMAX20181023_133644_V06,4,0.879,1.200,703,0,74422.951,43,0,49280.207
KMAX20181023-2,KMAX20181023_133644_V06,6,1.318,1.200,702,0,2505.299,46,0,1947.787
KMAX20181023-2,KMAX20181023_133644_V06,8,1.802,1.200,352,0,476.928,6,0,52.420
KMAX20181023-2,KMAX20181023_133644_V06,9,2.417,1.200,352,0,12.162,0,0,12.162
KMAX20181023-2,KMAX20181023_134021_V06,0,-0.220,1.200,946,0,481413.765,52,0,455000.891
KMAX20181023-2,KMAX20181023_134021_V06,2,0.483,1.200,946,0,284465.554,66,0,264768.606
KMAX20181023-2,KMAX20181023_134021_V06,4,0.879,1.200,950,0,56424.087,36,0,55391.983
KMAX20181023-2,KMAX20181023_134021_V06,6,1.318,1.200,946,0,3210.695,33,0,3041.363
KMAX20181023-2,KMAX20181023_134021_V06,8,1.802,1.200,472,0,78.060,2,0,69.130
KMAX20181023-2,KMAX20181023_134021_V06,9,2.417,1.200,474,0,22.371,0,0,22.371
KMAX20181023-2,KMAX20181023_134357_V06,0,-0.220,1.200,1020,0,417761.405,37,0,404199.919
KMAX20181023-2,KMAX20181023_134357_V06,2,0.483,1.200,1019,0,197716.779,58,0,196311.945
KMAX20181023-2,KMAX20181023_134357_V06,4,0.879,1.200,1023,0,76519.612,41,0,69015.746
KMAX20181023-2,KMAX20181023_134357_V06,6,1.318,1.200,1024,0,1844.193,29,0,1672.081
KMAX20181023-2,KMAX20181023_134357_V06,8,1.802,1.200,508,0,554.614,8,0,41.846
KMAX20181023-2,KMAX20181023_134357_V06,9,2.417,1.200,511,0,14.569,0,0,14.569
KMAX20181023-2,KMAX20181023_134732_V06,0,-0.220,1.200,988,1,643152.322,76,0,588892.157
KMAX20181023-2,KMAX20181023_134732_V06,2,0.483,1.200,990,0,223588.843,57,0,197475.409
KMAX20181023-2,KMAX20181023_134732_V06,4,0.879,1.200,991,0,96176.722,54,0,81215.336
KMAX20181023-2,KMAX20181023_134732_V06,6,1.318,1.200,992,0,2047.846,27,0,1903.068
KMAX20181023-2,KMAX20181023_134732_V06,8,1.802,1.200,497,0,132.682,2,0,118.712
KMAX20181023-2,KMAX20181023_134732_V06,9,2.417,1.200,496,0,19.189,0,0,19.189
KMAX20181023-2,KMAX20181023_135109_V06,0,-0.220,1.200,580,0,408090.916,51,0,285651.181
KMAX20181023-2,KMAX20181023_135109_V06,2,0.483,1.200,581,0,196961.180,32,0,186455.240
KMAX20181023-2,KMAX20181023_135109_V06,4,0.879,1.200,580,0,27011.940,21,0,26876.612
KMAX20181023-2,KMAX20181023_135109_V06,6,1.318,1.200,580,0,3183.884,34,0,2836.492
KMAX20181023-2,KMAX20181023_135109_V06,8,1.802,1.200,288,0,12.962,0,0,12.962
KMAX20181023-2,KMAX20181023_135109_V06,9,2.417,1.200,290,0,32.509,0,0,32.509
KMAX20181023-2,KMAX20181023_135446_V06,0,-0.220,1.200,1346,0,373038.922,72,0,344745.275
KMAX20181023-2,KMAX20181023_135446_V06,2,0.483,1.200,1347,0,183588.719,62,0,182218.802
KMAX20181023-2,KMAX20181023_135446_V06,4,0.879,1.200,1343,0,44453.989,45,0,43114.598
KMAX20181023-2,KMAX20181023_135446_V06,6,1.318,1.200,1346,0,2675.801,49,0,2407.329
KMAX20181023-2,KMAX20181023_135446_V06,8,1.802,1.200,680,0,2283.442,9,0,1308.071
KMAX20181023-2,KMAX20181023_135446_V06,9,2.417,1.200,674,0,40.077,0,0,40.077
KMAX20181023-2,KMAX20181023_140159_V06,0,-0.220,1.200,4117,0,464511.481,260,0,426733.243
KMAX20181023-2,KMAX20181023_140159_V06,2,0.483,1.200,4117,0,148248.205,164,0,134705.580
KMAX20181023-2,KMAX20181023_140159_V06,4,0.879,1.200,4115,0,43998.439,94,0,43606.486
KMAX20181023-2,KMAX20181023_140159_V06,6,1.318,1.200,4121,0,2689.193,115,0,2033.980
KMAX20181023-2,KMAX20181023_140159_V06,8,1.802,1.200,2061,0,167.029,5,0,143.788
KMAX20181023-2,KMAX20181023_140159_V06,9,2.417,1.200,2064,0,170.808,1,0,164.091
KMAX20181023-2,KMAX20181023_140535_V06,0,-0.220,1.200,567,0,347717.931,40,0,312385.235
KMAX20181023-2,KMAX20181023_140535_V06,2,0.483,1.200,567,2,187755.266,31,2,145928.766
KMAX20181023-2,KMAX20181023_140535_V06,4,0.879,1.200,565,0,58217.057,29,0,55195.764
KMAX20181023-2,KMAX20181023_140535_V06,6,1.318,1.200,566,0,3876.729,30,0,3433.825
KMAX20181023-2,KMAX20181023_140535_V06,8,1.802,1.200,285,0,84.615,2,0,75.036
KMAX20181023-2,KMAX20181023_140535_V06,9,2.417,1.200,285,0,40.239,0,0,40.239
KMAX20181023-12,KMAX20181023_143620_V06,0,-0.220,1.200,159,0,98907.002,7,0,80837.567
KMAX20181023-12,KMAX20181023_143620_V06,2,0.483,1.200,156,0,131494.328,7,0,124597.488
KMAX20181023-12,KMAX20181023_143620_V06,4,0.879,1.200,157,0,42844.497,7,0,42689.183
KMAX20181023-12,KMAX20181023_143620_V06,6,1.318,1.200,156,0,1881.249,13,0,1644.065
KMAX20181023-12,KMAX20181023_143620_V06,8,1.802,1.200,80,0,4.650,0,0,4.650
KMAX20181023-12,KMAX20181023_143620_V06,9,2.417,1.200,79,0,0.237,0,0,0.237
KMAX20181023-12,KMAX20181023_143956_V06,0,-0.220,1.200,688,0,440828.976,25,0,419061.403
KMAX20181023-12,KMAX20181023_143956_V06,2,0.483,1.200,686,0,214998.473,31,0,204938.397
KMAX20181023-12,KMAX20181023_143956_V06,4,0.879,1.200,684,0,61891.866,35,0,60341.573
KMAX20181023-12,KMAX20181023_143956_V06,6,1.318,1.200,687,0,2961.868,28,0,2728.577
KMAX20181023-12,KMAX20181023_143956_V06,8,1.802,1.200,342,0,48.076,0,0,48.076
KMAX20181023-12,KMAX20181023_143956_V06,9,2.417,1.200,339,0,8.233,0,0,8.233
KMAX20181023-12,KMAX20181023_144332_V06,0,-0.220,1.200,1268,0,592846.700,61,0,563083.561
KMAX20181023-12,KMAX20181023_144332_V06,2,0.483,1.200,1265,0,211190.911,70,0,202286.734
KMAX20181023-12,KMAX20181023_144332_V06,4,0.879,1.200,1266,0,43798.124,40,0,42553.148
KMAX20181023-12,KMAX20181023_144332_V06,6,1.318,1.200,1266,0,3446.722,35,0,3242.841
KMAX20181023-12,KMAX20181023_144332_V06,8,1.802,1.200,640,0,82.500,3,0,69.062
KMAX20181023-12,KMAX20181023_144332_V06,9,2.417,1.200,637,0,58.116,1,0,54.262
KMAX20181023-12,KMAX20181023_144708_V06,0,-0.220,1.200,2149,0,501814.038,102,0,455815.703
KMAX20181023-12,KMAX20181023_144708_V06,2,0.483,1.200,2151,0,159186.470,117,0,149327.998
KMAX20181023-12,KMAX20181023_144708_V06,4,0.879,1.200,2148,0,45656.509,87,0,43772.634
KMAX20181023-12,KMAX20181023_144708_V06,6,1.318,1.200,2149,0,2049.196,86,0,1690.679
KMAX20181023-12,KMAX20181023_144708_V06,8,1.802,1.200,1073,0,103.187,6,0,78.830
KMAX20181023-12,KMAX20181023_144708_V06,9,2.417,1.200,1076,0,80.179,0,0,80.179
KMAX20181023-12,KMAX20181023_145043_V06,0,-0.220,1.200,500,0,249237.034,27,0,226123.525
KMAX20181023-12,KMAX20181023_145043_V06,2,0.483,1.200,499,0,230146.169,20,0,211378.893
KMAX20181023-12,KMAX20181023_145043_V06,4,0.879,1.200,498,0,41703.615,22,0,41493.131
KMAX20181023-12,KMAX20181023_145043_V06,6,1.318,1.200,499,0,1995.271,43,0,1688.444
KMAX20181023-12,KMAX20181023_145043_V06,8,1.802,1.200,249,0,49.516,0,0,49.516
KMAX20181023-12,KMAX20181023_145043_V06,9,2.417,1.200,252,0,21.487,0,0,21.487
KMAX20181023-12,KMAX20181023_145419_V06,0,-0.220,1.200,1231,0,484991.308,53,0,459710.050
KMAX20181023-12,KMAX20181023_145419_V06,2,0.483,1.200,1235,0,247070.753,65,0,230686.635
KMAX20181023-12,KMAX20181023_145419_V06,4,0.879,1.200,1231,0,48096.586,47,0,43494.793
KMAX20181023-12,KMAX20181023_145419_V06,6,1.318,1.200,1233,0,3395.359,46,0,2971.252
KMAX20181023-12,KMAX20181023_145419_V06,8,1.802,1.200,619,0,199.792,9,0,20.372
KMAX20181023-12,KMAX20181023_145419_V06,9,2.417,1.200,619,0,52.115,1,0,46.949
KMAX20181023-12,KMAX20181023_150131_V06,0,-0.220,1.200,548,0,303666.665,24,0,287589.925
KMAX20181023-12,KMAX20181023_150131_V06,2,0.483,1.200,551,0,281103.239,32,0,275664.532
KMAX20181023-12,KMAX20181023_150131_V06,4,0.879,1.200,546,0,43265.554,30,0,40539.032
KMAX20181023-12,KMAX20181023_150131_V06,6,1.318,1.200,547,0,2140.361,31,0,1751.495
KMAX20181023-12,KMAX20181023_150131_V06,8,1.802,1.200,276,0,235.981,1,0,63.819
KMAX20181023-12,KMAX20181023_150131_V06,9,2.417,1.200,276,0,59.949,1,0,56.162
KMAX20181023-12,KMAX20181023_150508_V06,0,-0.220,1.200,1320,0,454323.133,72,0,439952.797
KMAX20181023-12,KMAX20181023_150508_V06,2,0.483,1.200,1321,0,235682.044,70,0,225155.986
KMAX20181023-12,KMAX20181023_150508_V06,4,0.879,1.200,1320,0,66389.699,55,0,63130.716
KMAX20181023-12,KMAX20181023_150508_V06,6,1.318,1.200,1320,0,2601.031,72,0,2084.479
KMAX20181023-12,KMAX20181023_150508_V06,8,1.802,1.200,660,0,86.765,1,0,75.776
KMAX20181023-12,KMAX20181023_150508_V06,9,2.417,1.200,664,0,41.478,0,0,41.478
KMAX20181023-17,KMAX20181023_150845_V06,0,-0.220,1.200,567,0,302451.806,24,0,289500.758
KMAX20181023-17,KMAX20181023_150845_V06,2,0.483,1.200,569,0,244325.483,35,0,227362.556
KMAX20181023-17,KMAX20181023_150845_V06,4,0.879,1.200,569,0,35498.033,39,0,33654.509
KMAX20181023-17,KMAX20181023_150845_V06,6,1.318,1.200,572,0,2929.638,29,0,2713.258
KMAX20181023-17,KMAX20181023_150845_V06,8,1.802,1.200,287,0,29.770,0,0,29.770
KMAX20181023-17,KMAX20181023_150845_V06,9,2.417,1.200,285,0,32.865,2,0,22.245
KMAX20181023-17,KMAX20181023_151221_V06,0,-0.220,1.200,1328,0,442348.618,67,0,420266.930
KMAX20181023-17,KMAX20181023_151221_V06,2,0.483,1.200,1329,0,216539.138,64,0,207343.680
KMAX20181023-17,KMAX20181023_151221_V06,4,0.879,1.200,1331,0,73163.732,60,0,61747.789
KMAX20181023-17,KMAX20181023_151221_V06,6,1.318,1.200,1330,0,1598.841,47,0,1343.765
KMAX20181023-17,KMAX20181023_151221_V06,8,1.802,1.200,667,0,67.838,1,0,63.584
KMAX20181023-17,KMAX20181023_151221_V06,9,2.417,1.200,670,0,54.386,2,0,43.656
KMAX20181023-17,KMAX20181023_151556_V06,0,-0.220,1.200,1744,0,445117.152,80,0,433697.212
KMAX20181023-17,KMAX20181023_151556_V06,2,0.483,1.200,1746,0,282261.312,94,0,235792.674
KMAX20181023-17,KMAX20181023_151556_V06,4,0.879,1.200,1754,0,69448.035,62,0,60808.468
KMAX20181023-17,KMAX20181023_151556_V06,6,1.318,1.200,1754,0,3312.060,45,0,2979.246
KMAX20181023-17,KMAX20181023_151556_V06,8,1.802,1.200,875,0,66.406,0,0,66.406
KMAX20181023-17,KMAX20181023_151556_V06,9,2.417,1.200,875,0,106.206,5,0,28.842
KMAX20181023-7,KMAX20181023_141246_V06,0,-0.220,1.200,348,0,135966.250,16,0,130465.448
KMAX20181023-7,KMAX20181023_141246_V06,2,0.483,1.200,351,0,133561.075,15,0,131709.315
KMAX20181023-7,KMAX20181023_141246_V06,4,0.879,1.200,352,0,46533.120,9,0,40679.405
KMAX20181023-7,KMAX20181023_141246_V06,6,1.318,1.200,353,0,2318.795,23,0,2170.468
KMAX20181023-7,KMAX20181023_141246_V06,8,1.802,1.200,175,0,0.529,0,0,0.529
KMAX20181023-7,KMAX20181023_141246_V06,9,2.417,1.200,174,0,0.526,0,0,0.526
KMAX20181023-7,KMAX20181023_141623_V06,0,-0.220,1.200,1051,0,343933.540,31,0,326034.588
KMAX20181023-7,KMAX20181023_141623_V06,2,0.483,1.200,1052,0,123857.705,61,0,116070.907
KMAX20181023-7,KMAX20181023_141623_V06,4,0.879,1.200,1060,0,32559.054,44,0,32006.361
KMAX20181023-7,KMAX20181023_141623_V06,6,1.318,1.200,1058,0,3419.159,40,0,3130.204
KMAX20181023-7,KMAX20181023_141623_V06,8,1.802,1.200,529,0,77.060,3,0,47.917
KMAX20181023-7,KMAX20181023_141623_V06,9,2.417,1.200,526,0,36.141,0,0,36.141
KMAX20181023-7,KMAX20181023_141958_V06,0,-0.220,1.200,349,0,122723.492,5,0,121951.308
KMAX20181023-7,KMAX20181023_141958_V06,2,0.483,1.200,348,0,149840.647,23,0,135952.252
KMAX20181023-7,KMAX20181023_141958_V06,4,0.879,1.200,351,0,29049.539,13,0,28871.006
KMAX20181023-7,KMAX20181023_141958_V06,6,1.318,1.200,349,0,2692.151,24,0,2480.777
KMAX20181023-7,KMAX20181023_141958_V06,8,1.802,1.200,176,0,8.402,1,0,3.799
KMAX20181023-7,KMAX20181023_141958_V06,9,2.417,1.200,177,0,50.405,0,0,50.405
KMAX20181023-7,KMAX20181023_142335_V06,0,-0.220,1.200,1010,0,321384.398,25,0,320016.083
KMAX20181023-7,KMAX20181023_142335_V06,2,0.483,1.200,1009,0,191861.223,54,0,180574.619
KMAX20181023-7,KMAX20181023_142335_V06,4,0.879,1.200,1012,0,14516.277,38,0,13420.498
KMAX20181023-7,KMAX20181023_142335_V06,6,1.318,1.200,1007,0,1620.526,34,0,1360.639
KMAX20181023-7,KMAX20181023_142335_V06,8,1.802,1.200,507,0,41.542,0,0,41.542
KMAX20181023-7,KMAX20181023_142335_V06,9,2.417,1.200,506,0,19.165,0,0,19.165
KMAX20181023-7,KMAX20181023_142711_V06,0,-0.220,1.200,542,0,219934.065,23,0,215689.746
KMAX20181023-7,KMAX20181023_142711_V06,2,0.483,1.200,540,0,152106.563,27,0,139927.391
KMAX20181023-7,KMAX20181023_142711_V06,4,0.879,1.200,542,0,60055.422,51,0,59823.077
KMAX20181023-7,KMAX20181023_142711_V06,6,1.318,1.200,540,0,2184.989,29,0,1988.496
KMAX20181023-7,KMAX20181023_142711_V06,8,1.802,1.200,270,0,27.553,1,0,23.940
KMAX20181023-7,KMAX20181023_142711_V06,9,2.417,1.200,271,0,11.629,0,0,11.629
KMAX20181023-7,KMAX20181023_143048_V06,0,-0.220,1.200,1310,0,431228.907,61,0,394343.073
KMAX20181023-7,KMAX20181023_143048_V06,2,0.483,1.200,1304,0,153384.789,87,0,150253.906
KMAX20181023-7,KMAX20181023_143048_V06,4,0.879,1.200,1306,0,37425.136,70,0,32466.882
KMAX20181023-7,KMAX20181023_143048_V06,6,1.318,1.200,1308,0,2921.081,43,0,2667.031
KMAX20181023-7,KMAX20181023_143048_V06,8,1.802,1.200,658,0,93.552,4,0,78.592
KMAX20181023-7,KMAX20181023_143048_V06,9,2.417,1.200,657,0,70.673,3,0,53.216
KMAX20181023-21,KMAX20181023_154106_V06,0,-0.220,1.200,568,0,336111.752,30,0,301159.668
KMAX20181023-21,KMAX20181023_154106_V06,2,0.483,1.200,567,0,216748.042,32,0,205236.706
KMAX20181023-21,KMAX20181023_154106_V06,4,0.879,1.200,569,0,73660.240,26,0,73461.943
KMAX20181023-21,KMAX20181023_154106_V06,6,1.318,1.200,571,0,3616.169,29,0,2789.214
KMAX20181023-21,KMAX20181023_154106_V06,8,1.802,1.200,284,0,52.147,1,0,44.590
KMAX20181023-21,KMAX20181023_154106_V06,9,2.417,1.200,283,0,26.598,2,0,13.338
KMAX20181023-21,KMAX20181023_154443_V06,0,-0.220,1.200,1346,0,469419.894,65,0,448423.141
KMAX20181023-21,KMAX20181023_154443_V06,2,0.483,1.200,1344,0,136511.930,66,0,132220.194
KMAX20181023-21,KMAX20181023_154443_V06,4,0.879,1.200,1344,0,53186.403,60,0,49924.060
KMAX20181023-21,KMAX20181023_154443_V06,6,1.318,1.200,1338,0,3007.375,59,0,2739.666
KMAX20181023-21,KMAX20181023_154443_V06,8,1.802,1.200,673,0,95.002,4,0,77.484
KMAX20181023-21,KMAX20181023_154443_V06,9,2.417,1.200,673,0,99.627,2,0,90.939
KMAX20181023-21,KMAX20181023_154819_V06,0,-0.220,1.200,546,0,263620.303,24,0,242009.071
KMAX20181023-21,KMAX20181023_154819_V06,2,0.483,1.200,549,0,194021.413,45,0,189007.261
KMAX20181023-21,KMAX20181023_154819_V06,4,0.879,1.200,549,0,45596.486,26,0,45325.269
KMAX20181023-21,KMAX20181023_154819_V06,6,1.318,1.200,547,0,1689.140,45,0,1234.873
KMAX20181023-21,KMAX20181023_154819_V06,8,1.802,1.200,274,0,72.833,1,0,69.700
KMAX20181023-21,KMAX20181023_154819_V06,9,2.417,1.200,275,0,38.841,0,0,38.841
KMAX20181023-21,KMAX20181023_155155_V06,0,-0.220,1.200,1443,0,565772.773,79,0,538017.014
KMAX20181023-21,KMAX20181023_155155_V06,2,0.483,1.200,1446,0,159808.835,96,0,149718.342
KMAX20181023-21,KMAX20181023_155155_V06,4,0.879,1.200,1447,0,61438.265,72,0,47704.321
KMAX20181023-21,KMAX20181023_155155_V06,6,1.318,1.200,1448,0,5427.378,49,0,4988.985
KMAX20181023-21,KMAX20181023_155155_V06,8,1.802,1.200,721,0,135.542,3,0,77.903
KMAX20181023-21,KMAX20181023_155155_V06,9,2.417,1.200,723,0,69.596,1,0,56.547
KMAX20181023-16,KMAX20181023_150508_V06,0,-0.220,1.200,35577,0,28856.330,338,0,5534.637
KMAX20181023-16,KMAX20181023_150508_V06,2,0.483,1.200,35593,0,258681.785,5262,0,9490.235
KMAX20181023-16,KMAX20181023_150508_V06,4,0.879,1.200,35614,0,629052.278,7707,0,12420.329
KMAX20181023-16,KMAX20181023_150508_V06,6,1.318,1.200,35648,0,739404.461,9534,0,14792.299
KMAX20181023-16,KMAX20181023_150508_V06,8,1.802,1.200,17902,0,399306.490,3859,0,13643.851
KMAX20181023-20,KMAX20181023_153018_V06,0,-0.220,1.200,548,0,278980.616,30,0,265430.314
KMAX20181023-20,KMAX20181023_153018_V06,2,0.483,1.200,548,0,211480.271,21,0,211083.817
KMAX20181023-20,KMAX20181023_153018_V06,4,0.879,1.200,545,0,43117.339,29,0,42657.453
KMAX20181023-20,KMAX20181023_153018_V06,6,1.318,1.200,544,0,3950.153,27,0,3777.615
KMAX20181023-20,KMAX20181023_153018_V06,8,1.802,1.200,274,0,30.578,2,0,22.488
KMAX20181023-20,KMAX20181023_153018_V06,9,2.417,1.200,273,0,198.726,11,0,111.441
KMAX20181024-3,KMAX20181024_133802_V06,0,-0.220,1.200,3674,0,830.374,8,0,344.904
KMAX20181024-3,KMAX20181024_133802_V06,2,0.483,1.200,3685,0,11909.861,216,0,3049.243
KMAX20181024-3,KMAX20181024_133802_V06,4,0.879,1.200,3683,0,17444.556,370,0,2715.705
KMAX20181024-3,KMAX20181024_134139_V06,0,-0.220,1.200,5230,0,1285.986,17,0,473.757
KMAX20181024-3,KMAX20181024_134139_V06,2,0.483,1.200,5233,0,15288.232,286,0,3647.256
KMAX20181024-3,KMAX20181024_134139_V06,4,0.879,1.200,5231,0,23533.601,465,0,4033.759
KMAX20181024-3,KMAX20181024_134515_V06,0,-0.220,1.200,7030,0,2014.611,21,0,449.791
KMAX20181024-3,KMAX20181024_134515_V06,2,0.483,1.200,7032,0,25178.399,430,0,5203.040
KMAX20181024-3,KMAX20181024_134515_V06,4,0.879,1.200,7036,0,29618.956,595,0,4712.356
KMAX20181024-3,KMAX20181024_134850_V06,0,-0.220,1.200,9998,0,4633.655,38,0,2544.282
KMAX20181024-3,KMAX20181024_134850_V06,2,0.483,1.200,9998,0,26387.670,527,0,5835.281
KMAX20181024-3,KMAX20181024_134850_V06,4,0.879,1.200,10008,0,35411.490,820,0,5568.401
KMAX20181024-3,KMAX20181024_135226_V06,0,-0.220,1.200,10130,0,4567.073,47,0,2222.878
KMAX20181024-3,KMAX20181024_135226_V06,2,0.483,1.200,10133,0,25628.786,593,0,4687.890
KMAX20181024-3,KMAX20181024_135226_V06,4,0.879,1.200,10138,0,37602.858,998,0,5218.052
KMAX20181024-3,KMAX20181024_135602_V06,0,-0.220,1.200,10597,0,6818.790,81,0,3052.813
KMAX20181024-3,KMAX20181024_135602_V06,2,0.483,1.200,10599,0,33703.836,690,0,6786.800
KMAX20181024-3,KMAX20181024_135602_V06,4,0.879,1.200,10611,0,44524.147,1121,0,6387.300
KMAX20181024-13,KMAX20181024_144458_V06,0,-0.220,1.200,6338,0,169400.600,1415,0,19029.922
KMAX20181024-13,KMAX20181024_144458_V06,2,0.483,1.200,6342,0,582534.492,3479,0,29688.093
KMAX20181024-13,KMAX20181024_144458_V06,4,0.879,1.200,6337,0,141806.894,1692,0,11678.913
KMAX20181024-13,KMAX20181024_144835_V06,0,-0.220,1.200,7860,0,180453.111,1623,0,21604.254
KMAX20181024-13,KMAX20181024_144835_V06,2,0.483,1.200,7867,0,665540.175,4040,0,26421.210
KMAX20181024-13,KMAX20181024_144835_V06,4,0.879,1.200,7860,0,201834.045,2184,0,14365.818
KMAX20181024-13,KMAX20181024_145212_V06,0,-0.220,1.200,9678,0,175824.282,1761,0,20300.345
KMAX20181024-13,KMAX20181024_145212_V06,2,0.483,1.200,9682,0,783974.299,4546,0,27585.924
KMAX20181024-13,KMAX20181024_145212_V06,4,0.879,1.200,9676,0,260005.840,2611,0,18637.238
KMAX20181024-13,KMAX20181024_145549_V06,0,-0.220,1.200,11235,0,181598.712,1915,0,20312.602
KMAX20181024-13,KMAX20181024_145549_V06,2,0.483,1.200,11236,0,864600.623,5472,0,34197.572
KMAX20181024-13,KMAX20181024_145549_V06,4,0.879,1.200,11234,0,345070.320,3328,0,16930.072
KMAX20181024-1,KMAX20181024_133424_V06,0,-0.220,1.200,393,5,595258.857,29,5,545136.864
KMAX20181024-1,KMAX20181024_133424_V06,2,0.483,1.200,389,1,230912.535,25,1,218667.730
KMAX20181024-1,KMAX20181024_133424_V06,4,0.879,1.200,393,0,71952.640,23,0,66842.886
KMAX20181024-1,KMAX20181024_133424_V06,6,1.318,1.200,393,0,5266.469,36,0,4698.301
KMAX20181024-1,KMAX20181024_133424_V06,8,1.802,1.200,195,0,113.190,8,0,35.877
KMAX20181024-1,KMAX20181024_133424_V06,9,2.417,1.200,194,0,67.971,0,0,67.971
KMAX20181024-1,KMAX20181024_133802_V06,0,-0.220,1.200,1110,4,883600.141,77,4,791265.470
KMAX20181024-1,KMAX20181024_133802_V06,2,0.483,1.200,1112,1,358581.331,124,1,331639.473
KMAX20181024-1,KMAX20181024_133802_V06,4,0.879,1.200,1113,0,43722.886,55,0,42518.699
KMAX20181024-1,KMAX20181024_133802_V06,6,1.318,1.200,1115,0,4805.609,49,0,4532.321
KMAX20181024-1,KMAX20181024_133802_V06,8,1.802,1.200,559,0,31.345,0,0,31.345
KMAX20181024-1,KMAX20181024_133802_V06,9,2.417,1.200,556,0,94.963,1,0,90.072
KMAX20181024-1,KMAX20181024_134139_V06,0,-0.220,1.200,2275,0,674747.315,205,0,633310.561
KMAX20181024-1,KMAX20181024_134139_V06,2,0.483,1.200,2275,1,311543.517,208,1,270777.574
KMAX20181024-1,KMAX20181024_134139_V06,4,0.879,1.200,2276,0,56227.785,100,0,51853.471
KMAX20181024-1,KMAX20181024_134139_V06,6,1.318,1.200,2277,0,2491.555,101,0,2025.552
KMAX20181024-1,KMAX20181024_134139_V06,8,1.802,1.200,1136,0,96.721,1,0,93.065
KMAX20181024-1,KMAX20181024_134139_V06,9,2.417,1.200,1140,0,200.355,5,0,179.688
KMAX20181024-1,KMAX20181024_134515_V06,0,-0.220,1.200,677,1,484318.391,52,1,443005.231
KMAX20181024-1,KMAX20181024_134515_V06,2,0.483,1.200,677,1,351903.817,62,1,332152.334
KMAX20181024-1,KMAX20181024_134515_V06,4,0.879,1.200,677,0,59659.324,36,0,53708.606
KMAX20181024-1,KMAX20181024_134515_V06,6,1.318,1.200,675,0,3556.926,46,0,3287.573
KMAX20181024-1,KMAX20181024_134515_V06,8,1.802,1.200,340,0,65.368,0,0,65.368
KMAX20181024-1,KMAX20181024_134515_V06,9,2.417,1.200,342,0,73.066,1,0,69.603
KMAX20181024-6,KMAX20181024_140313_V06,0,-0.220,1.200,3669,0,3209.736,24,0,2408.936
KMAX20181024-6,KMAX20181024_140313_V06,2,0.483,1.200,3680,0,8036.261,230,0,838.460
KMAX20181024-6,KMAX20181024_140313_V06,4,0.879,1.200,3679,0,15569.171,363,0,1196.208
KMAX20181024-6,KMAX20181024_140313_V06,6,1.318,1.200,3689,0,2423.402,84,0,396.804
KMAX20181024-6,KMAX20181024_140649_V06,0,-0.220,1.200,5073,0,6259.561,49,0,3863.240
KMAX20181024-6,KMAX20181024_140649_V06,2,0.483,1.200,5089,0,8994.837,260,0,1544.583
KMAX20181024-6,KMAX20181024_140649_V06,4,0.879,1.200,5082,0,15234.086,386,0,1175.901
KMAX20181024-6,KMAX20181024_140649_V06,6,1.318,1.200,5091,0,6055.100,194,0,507.200
KMAX20181024-7,KMAX20181024_140313_V06,0,-0.220,1.200,470,1,447527.148,37,1,425127.612
KMAX20181024-7,KMAX20181024_140313_V06,2,0.483,1.200,471,0,218890.339,35,0,210859.351
KMAX20181024-7,KMAX20181024_140313_V06,4,0.879,1.200,469,0,82403.332,24,0,73323.916
KMAX20181024-7,KMAX20181024_140313_V06,6,1.318,1.200,473,0,3262.961,29,0,2856.432
KMAX20181024-7,KMAX20181024_140313_V06,8,1.802,1.200,234,0,58.536,3,0,46.407
KMAX20181024-7,KMAX20181024_140313_V06,9,2.417,1.200,236,0,39.958,1,0,37.522
KMAX20181024-7,KMAX20181024_140649_V06,0,-0.220,1.200,1258,2,1038291.491,98,2,954501.283
KMAX20181024-7,KMAX20181024_140649_V06,2,0.483,1.200,1261,0,252610.206,113,0,226492.487
KMAX20181024-7,KMAX20181024_140649_V06,4,0.879,1.200,1258,0,55130.688,55,0,49568.460
KMAX20181024-7,KMAX20181024_140649_V06,6,1.318,1.200,1264,0,5960.795,60,0,4971.515
KMAX20181024-7,KMAX20181024_140649_V06,8,1.802,1.200,631,0,222.024,9,0,135.915
KMAX20181024-7,KMAX20181024_140649_V06,9,2.417,1.200,631,0,133.148,5,0,99.942
KMAX20181024-7,KMAX20181024_141025_V06,0,-0.220,1.200,685,2,811631.364,48,2,737758.317
KMAX20181024-7,KMAX20181024_141025_V06,2,0.483,1.200,685,2,296366.819,38,2,270697.345
KMAX20181024-7,KMAX20181024_141025_V06,4,0.879,1.200,682,0,48240.059,33,0,47463.548
KMAX20181024-7,KMAX20181024_141025_V06,6,1.318,1.200,683,0,3743.867,30,0,2799.499
KMAX20181024-7,KMAX20181024_141025_V06,8,1.802,1.200,342,0,41.130,1,0,38.446
KMAX20181024-7,KMAX20181024_141025_V06,9,2.417,1.200,343,0,21.853,0,0,21.853
KMAX20181024-7,KMAX20181024_141402_V06,0,-0.220,1.200,1530,5,877484.142,82,4,764255.477
KMAX20181024-7,KMAX20181024_141402_V06,2,0.483,1.200,1527,0,328363.013,145,0,280318.103
KMAX20181024-7,KMAX20181024_141402_V06,4,0.879,1.200,1530,0,44211.027,66,0,41407.529
KMAX20181024-7,KMAX20181024_141402_V06,6,1.318,1.200,1531,0,2980.855,41,0,2495.626
KMAX20181024-7,KMAX20181024_141402_V06,8,1.802,1.200,762,0,100.445,4,0,68.431
KMAX20181024-7,KMAX20181024_141402_V06,9,2.417,1.200,766,0,102.207,2,0,93.126
KMAX20181024-7,KMAX20181024_141738_V06,0,-0.220,1.200,403,0,170513.775,27,0,157083.486
KMAX20181024-7,KMAX20181024_141738_V06,2,0.483,1.200,404,0,152162.499,28,0,142948.914
KMAX20181024-7,KMAX20181024_141738_V06,4,0.879,1.200,403,0,26494.667,16,0,26187.818
KMAX20181024-7,KMAX20181024_141738_V06,6,1.318,1.200,400,0,3286.816,43,0,2916.867
KMAX20181024-7,KMAX20181024_141738_V06,8,1.802,1.200,202,0,8.867,0,0,8.867
KMAX20181024-7,KMAX20181024_141738_V06,9,2.417,1.200,203,0,19.512,0,0,19.512
KMAX20181024-7,KMAX20181024_142113_V06,0,-0.220,1.200,1094,0,553030.798,68,0,515689.245
KMAX20181024-7,KMAX20181024_142113_V06,2,0.483,1.200,1094,0,175240.401,76,0,157780.872
KMAX20181024-7,KMAX20181024_142113_V06,4,0.879,1.200,1095,0,38153.788,54,0,32428.296
KMAX20181024-7,KMAX20181024_142113_V06,6,1.318,1.200,1095,0,1807.733,54,0,1354.815
KMAX20181024-7,KMAX20181024_142113_V06,8,1.802,1.200,547,0,83.894,5,0,47.068
KMAX20181024-7,KMAX20181024_142113_V06,9,2.417,1.200,549,0,86.122,1,0,83.036
KMAX20181024-7,KMAX20181024_142450_V06,0,-0.220,1.200,600,0,437622.272,33,0,406267.445
KMAX20181024-7,KMAX20181024_142450_V06,2,0.483,1.200,599,0,267462.485,36,0,211845.126
KMAX20181024-7,KMAX20181024_142450_V06,4,0.879,1.200,599,0,35900.250,35,0,34758.135
KMAX20181024-7,KMAX20181024_142450_V06,6,1.318,1.200,600,0,3470.648,51,0,2556.697
KMAX20181024-7,KMAX20181024_142450_V06,8,1.802,1.200,300,0,55.264,0,0,55.264
KMAX20181024-7,KMAX20181024_142450_V06,9,2.417,1.200,302,0,74.503,1,0,71.389
KMAX20181024-7,KMAX20181024_142827_V06,0,-0.220,1.200,1433,2,1024477.761,69,1,913448.067
KMAX20181024-7,KMAX20181024_142827_V06,2,0.483,1.200,1434,0,227128.847,121,0,209388.588
KMAX20181024-7,KMAX20181024_142827_V06,4,0.879,1.200,1437,0,52668.602,59,0,47427.991
KMAX20181024-7,KMAX20181024_142827_V06,6,1.318,1.200,1440,0,2593.548,62,0,2262.991
KMAX20181024-7,KMAX20181024_142827_V06,8,1.802,1.200,719,0,239.774,6,0,195.298
KMAX20181024-7,KMAX20181024_142827_V06,9,2.417,1.200,716,0,70.059,0,0,70.059
KMAX20181024-7,KMAX20181024_143204_V06,0,-0.220,1.200,2720,1,949806.792,162,1,878261.857
KMAX20181024-7,KMAX20181024_143204_V06,2,0.483,1.200,2724,0,275192.398,160,0,266016.353
KMAX20181024-7,KMAX20181024_143204_V06,4,0.879,1.200,2721,0,38969.492,93,0,38159.285
KMAX20181024-7,KMAX20181024_143204_V06,6,1.318,1.200,2724,0,1880.257,128,0,1176.021
KMAX20181024-7,KMAX20181024_143204_V06,8,1.802,1.200,1360,0,130.805,3,0,119.287
KMAX20181024-7,KMAX20181024_143204_V06,9,2.417,1.200,1364,0,99.646,1,0,95.947
KMAX20181024-7,KMAX20181024_143540_V06,0,-0.220,1.200,526,0,291068.326,32,0,255664.501
KMAX20181024-7,KMAX20181024_143540_V06,2,0.483,1.200,525,0,210238.783,22,0,201875.031
KMAX20181024-7,KMAX20181024_143540_V06,4,0.879,1.200,526,0,30344.968,39,0,26863.825
KMAX20181024-7,KMAX20181024_143540_V06,6,1.318,1.200,525,0,4991.953,32,0,3236.625
KMAX20181024-7,KMAX20181024_143540_V06,8,1.802,1.200,261,0,60.551,1,0,56.226
KMAX20181024-7,KMAX20181024_143540_V06,9,2.417,1.200,264,0,62.196,1,0,59.310
KMAX20181024-8,KMAX20181024_140649_V06,0,-0.220,1.200,3428,0,209.344,3,0,138.674
KMAX20181024-8,KMAX20181024_140649_V06,2,0.483,1.200,3421,0,12273.867,305,0,3353.127
KMAX20181024-8,KMAX20181024_140649_V06,4,0.879,1.200,3428,0,7974.445,255,0,1552.558
KMAX20181024-8,KMAX20181024_140649_V06,6,1.318,1.200,3432,0,61.778,2,0,25.201
KMAX20181024-8,KMAX20181024_141025_V06,0,-0.220,1.200,4803,0,1087.783,21,0,527.280
KMAX20181024-8,KMAX20181024_141025_V06,2,0.483,1.200,4805,0,11865.394,323,0,3332.415
KMAX20181024-8,KMAX20181024_141025_V06,4,0.879,1.200,4806,0,12264.561,356,0,3474.576
KMAX20181024-8,KMAX20181024_141025_V06,6,1.318,1.200,4808,0,130.741,3,0,62.674
KMAX20181024-14,KMAX20181024_144458_V06,0,-0.220,1.200,545,1,243544.102,29,1,221448.131
KMAX20181024-14,KMAX20181024_144458_V06,2,0.483,1.200,550,0,224538.372,28,0,189161.545
KMAX20181024-14,KMAX20181024_144458_V06,4,0.879,1.200,550,0,53124.162,30,0,42943.731
KMAX20181024-14,KMAX20181024_144458_V06,6,1.318,1.200,550,0,4991.273,30,0,4802.096
KMAX20181024-14,KMAX20181024_144458_V06,8,1.802,1.200,274,0,58.147,3,0,24.694
KMAX20181024-14,KMAX20181024_144458_V06,9,2.417,1.200,273,0,33.597,0,0,33.597
KMAX20181024-14,KMAX20181024_144835_V06,0,-0.220,1.200,1353,0,507011.436,76,0,478858.076
KMAX20181024-14,KMAX20181024_144835_V06,2,0.483,1.200,1356,0,239653.437,89,0,200825.874
KMAX20181024-14,KMAX20181024_144835_V06,4,0.879,1.200,1350,0,57348.301,77,0,49586.532
KMAX20181024-14,KMAX20181024_144835_V06,6,1.318,1.200,1355,0,3231.054,61,0,2567.875
KMAX20181024-14,KMAX20181024_144835_V06,8,1.802,1.200,675,0,300.774,25,0,147.900
KMAX20181024-14,KMAX20181024_144835_V06,9,2.417,1.200,678,0,913.630,79,0,463.205
KMAX20181024-18,KMAX20181024_152440_V06,0,-0.220,1.200,21878,0,139359.808,1872,0,31856.678
KMAX20181024-18,KMAX20181024_152440_V06,2,0.483,1.200,21889,0,1195335.997,10307,0,64872.151
KMAX20181024-18,KMAX20181024_152440_V06,4,0.879,1.200,21894,0,549724.684,7659,0,34769.215
KMAX20181024-18,KMAX20181024_152440_V06,6,1.318,1.200,21890,0,79240.829,2430,0,10688.403
KMAX20181024-18,KMAX20181024_152817_V06,0,-0.220,1.200,25093,1,183439.377,2661,0,37169.641
KMAX20181024-18,KMAX20181024_152817_V06,2,0.483,1.200,25118,0,1365111.623,11798,0,62959.833
KMAX20181024-18,KMAX20181024_152817_V06,4,0.879,1.200,25122,0,756573.661,9020,0,41869.103
KMAX20181024-18,KMAX20181024_152817_V06,6,1.318,1.200,25131,0,104251.679,3107,0,13630.678
KMAX20181024-23,KMAX20181024_154240_V06,0,-0.220,1.200,532,0,211831.728,14,0,195511.334
KMAX20181024-23,KMAX20181024_154240_V06,2,0.483,1.200,531,0,180840.967,24,0,158566.903
KMAX20181024-23,KMAX20181024_154240_V06,4,0.879,1.200,531,0,24606.060,38,0,23817.868
KMAX20181024-23,KMAX20181024_154240_V06,6,1.318,1.200,531,0,1332.054,32,0,1006.999
KMAX20181024-23,KMAX20181024_154240_V06,8,1.802,1.200,268,0,0.802,0,0,0.802
KMAX20181024-23,KMAX20181024_154240_V06,9,2.417,1.200,268,0,86.792,0,0,86.792
KMAX20181024-23,KMAX20181024_154615_V06,0,-0.220,1.200,1307,0,697818.933,66,0,642570.550
KMAX20181024-23,KMAX20181024_154615_V06,2,0.483,1.200,1303,0,178143.845,73,0,171255.724
KMAX20181024-23,KMAX20181024_154615_V06,4,0.879,1.200,1304,0,33917.076,55,0,28235.583
KMAX20181024-23,KMAX20181024_154615_V06,6,1.318,1.200,1306,0,3143.254,54,0,2889.024
KMAX20181024-23,KMAX20181024_154615_V06,8,1.802,1.200,655,0,143.434,8,0,88.100
KMAX20181024-23,KMAX20181024_154615_V06,9,2.417,1.200,653,0,44.098,0,0,44.098
KMAX20181024-23,KMAX20181024_154951_V06,0,-0.220,1.200,571,0,222864.173,17,0,215384.654
KMAX20181024-23,KMAX20181024_154951_V06,2,0.483,1.200,574,0,120386.549,26,0,108132.355
KMAX20181024-23,KMAX20181024_154951_V06,4,0.879,1.200,571,0,51185.949,28,0,50841.095
KMAX20181024-23,KMAX20181024_154951_V06,6,1.318,1.200,573,0,1916.644,36,0,1692.685
KMAX20181024-23,KMAX20181024_154951_V06,8,1.802,1.200,287,0,35.410,0,0,35.410
KMAX20181024-23,KMAX20181024_154951_V06,9,2.417,1.200,287,0,5.631,0,0,5.631
KMAX20181024-28,KMAX20181024_155329_V06,0,-0.220,1.200,10011,0,50689.991,453,0,3182.712
KMAX20181024-28,KMAX20181024_155329_V06,2,0.483,1.200,10008,0,401673.867,2572,0,12641.249
KMAX20181024-28,KMAX20181024_155329_V06,4,0.879,1.200,10011,0,320474.292,3018,0,11564.792
KMAX20181024-28,KMAX20181024_155329_V06,6,1.318,1.200,9999,0,74886.368,1644,0,3875.708
KMAX20181024-28,KMAX20181024_160055_V06,0,-0.220,1.200,17373,0,191743.049,1928,0,14400.403
KMAX20181024-28,KMAX20181024_160055_V06,2,0.483,1.200,17380,0,1363236.388,5847,0,29800.775
KMAX20181024-28,KMAX20181024_160055_V06,4,0.879,1.200,17400,0,919942.564,6226,0,21973.348
KMAX20181024-28,KMAX20181024_160055_V06,6,1.318,1.200,17387,0,312992.163,3875,0,10525.180
KMAX20181024-2,KMAX20181024_133424_V06,0,-0.220,1.200,91,0,83243.130,3,0,74595.921
KMAX20181024-2,KMAX20181024_133424_V06,2,0.483,1.200,92,0,4419.897,7,0,3651.859
KMAX20181024-2,KMAX20181024_133424_V06,4,0.879,1.200,90,0,51.317,1,0,48.113
KMAX20181024-2,KMAX20181024_133424_V06,6,1.318,1.200,91,0,4.985,2,0,2.527
KMAX20181024-2,KMAX20181024_133424_V06,8,1.802,1.200,46,0,0.062,0,0,0.062
KMAX20181024-2,KMAX20181024_133424_V06,9,2.417,1.200,47,0,2.402,0,0,2.402
KMAX20181024-2,KMAX20181024_133424_V06,10,3.120,1.200,47,0,7.848,0,0,7.848
KMAX20181024-2,KMAX20181024_133424_V06,11,3.999,1.200,45,0,169.665,34,0,59.026
KMAX20181024-4,KMAX20181024_134515_V06,0,-0.220,1.200,9362,0,3540.037,47,0,1013.393
KMAX20181024-4,KMAX20181024_134515_V06,2,0.483,1.200,9382,0,26011.951,461,0,5429.094
KMAX20181024-4,KMAX20181024_134515_V06,4,0.879,1.200,9370,0,32310.495,701,0,5261.825
KMAX20181024-17,KMAX20181024_151727_V06,0,-0.220,1.200,580,0,553884.775,30,0,530517.604
KMAX20181024-17,KMAX20181024_151727_V06,2,0.483,1.200,582,0,171620.869,36,0,156920.821
KMAX20181024-17,KMAX20181024_151727_V06,4,0.879,1.200,580,0,27815.732,35,0,27419.251
KMAX20181024-17,KMAX20181024_151727_V06,6,1.318,1.200,581,0,1937.358,32,0,1690.144
KMAX20181024-17,KMAX20181024_151727_V06,8,1.802,1.200,292,0,72.771,0,0,72.771
KMAX20181024-17,KMAX20181024_151727_V06,9,2.417,1.200,291,0,13.880,0,0,13.880
KMAX20181024-20,KMAX20181024_152817_V06,0,-0.220,1.200,499,0,279751.520,26,0,253432.392
KMAX20181024-20,KMAX20181024_152817_V06,2,0.483,1.200,497,0,185477.674,16,0,177471.171
KMAX20181024-20,KMAX20181024_152817_V06,4,0.879,1.200,500,0,31917.874,38,0,30493.675
KMAX20181024-20,KMAX20181024_152817_V06,6,1.318,1.200,494,0,3962.589,38,0,3187.545
KMAX20181024-20,KMAX20181024_152817_V06,8,1.802,1.200,250,0,116.117,1,0,110.357
KMAX20181024-20,KMAX20181024_152817_V06,9,2.417,1.200,250,0,0.747,0,0,0.747
KMAX20181024-20,KMAX20181024_153152_V06,0,-0.220,1.200,1458,3,575977.293,72,1,521817.372
KMAX20181024-20,KMAX20181024_153152_V06,2,0.483,1.200,1454,0,161739.666,86,0,150218.101
KMAX20181024-20,KMAX20181024_153152_V06,4,0.879,1.200,1454,0,28686.027,73,0,28021.643
KMAX20181024-20,KMAX20181024_153152_V06,6,1.318,1.200,1455,0,3166.368,64,0,2899.092
KMAX20181024-20,KMAX20181024_153152_V06,8,1.802,1.200,728,0,166.059,8,0,133.176
KMAX20181024-20,KMAX20181024_153152_V06,9,2.417,1.200,726,0,100.000,6,0,72.632
KMAX20181024-20,KMAX20181024_153528_V06,0,-0.220,1.200,339,0,121639.846,17,0,86809.121
KMAX20181024-20,KMAX20181024_153528_V06,2,0.483,1.200,341,0,140916.057,13,0,139133.512
KMAX20181024-20,KMAX20181024_153528_V06,4,0.879,1.200,341,0,49488.779,15,0,48985.711
KMAX20181024-20,KMAX20181024_153528_V06,6,1.318,1.200,340,0,2447.120,28,0,2181.972
KMAX20181024-20,KMAX20181024_153528_V06,8,1.802,1.200,173,0,135.762,6,0,93.088
KMAX20181024-20,KMAX20181024_153528_V06,9,2.417,1.200,174,0,0.520,0,0,0.520
KMAX20181025-1,KMAX20181025_133528_V06,0,-0.220,1.200,549,0,226696.297,39,0,214315.535
KMAX20181025-1,KMAX20181025_133528_V06,2,0.483,1.200,552,0,113827.263,37,0,97210.754
KMAX20181025-1,KMAX20181025_133528_V06,4,0.879,1.200,549,0,24454.101,30,0,24149.133
KMAX20181025-1,KMAX20181025_133528_V06,6,1.318,1.200,551,0,2282.461,17,0,2055.560
KMAX20181025-1,KMAX20181025_133528_V06,8,1.802,1.200,277,0,48.819,0,0,48.819
KMAX20181025-1,KMAX20181025_133528_V06,9,2.417,1.200,277,0,19.364,0,0,19.364
KMAX20181025-3,KMAX20181025_140041_V06,0,-0.220,1.200,320,0,128391.898,9,0,126927.709
KMAX20181025-3,KMAX20181025_140041_V06,2,0.483,1.200,320,0,128377.990,24,0,101896.801
KMAX20181025-3,KMAX20181025_140041_V06,4,0.879,1.200,317,0,48648.786,26,0,38680.688
KMAX20181025-3,KMAX20181025_140041_V06,6,1.318,1.200,319,0,1333.634,16,0,1156.974
KMAX20181025-3,KMAX20181025_140041_V06,8,1.802,1.200,157,0,57.320,0,0,57.320
KMAX20181025-3,KMAX20181025_140041_V06,9,2.417,1.200,159,0,26.996,0,0,26.996
KMAX20181025-4,KMAX20181025_142555_V06,0,-0.220,1.200,4301,0,1148.488,11,0,124.940
KMAX20181025-4,KMAX20181025_142555_V06,2,0.483,1.200,4292,0,14855.333,225,0,3876.221
KMAX20181025-4,KMAX20181025_142555_V06,4,0.879,1.200,4292,0,3720.967,69,0,950.562
KMAX20181025-5,KMAX20181025_142931_V06,0,-0.220,1.200,388,0,169656.730,11,0,163431.626
KMAX20181025-5,KMAX20181025_142931_V06,2,0.483,1.200,392,0,121672.090,12,0,119907.975
KMAX20181025-5,KMAX20181025_142931_V06,4,0.879,1.200,390,0,11401.110,18,0,9088.903
KMAX20181025-5,KMAX20181025_142931_V06,6,1.318,1.200,391,0,2345.966,18,0,2217.381
KMAX20181025-5,KMAX20181025_142931_V06,8,1.802,1.200,197,0,18.395,0,0,18.395
KMAX20181025-5,KMAX20181025_142931_V06,9,2.417,1.200,195,0,8.471,0,0,8.471
KMAX20181025-6,KMAX20181025_142931_V06,0,-0.220,1.200,10395,0,6264.451,72,0,2315.371
KMAX20181025-6,KMAX20181025_142931_V06,2,0.483,1.200,10396,0,336292.143,3037,0,27966.592
KMAX20181025-6,KMAX20181025_142931_V06,4,0.879,1.200,10403,0,428342.777,4032,0,39631.612
KMAX20181025-7,KMAX20181025_144019_V06,0,-0.220,1.200,510,0,200840.534,18,0,193148.167
KMAX20181025-7,KMAX20181025_144019_V06,2,0.483,1.200,513,0,120845.911,22,0,114054.813
KMAX20181025-7,KMAX20181025_144019_V06,4,0.879,1.200,510,0,23586.505,22,0,22140.748
KMAX20181025-7,KMAX20181025_144019_V06,6,1.318,1.200,511,0,1702.658,28,0,1460.484
KMAX20181025-7,KMAX20181025_144019_V06,8,1.802,1.200,254,0,34.349,2,0,11.518
KMAX20181025-7,KMAX20181025_144019_V06,9,2.417,1.200,255,0,40.324,1,0,28.555
KMAX20181025-9,KMAX20181025_150731_V06,0,-0.220,1.200,255,0,177074.173,11,0,137330.475
KMAX20181025-9,KMAX20181025_150731_V06,2,0.483,1.200,253,0,130821.283,7,0,128768.313
KMAX20181025-9,KMAX20181025_150731_V06,4,0.879,1.200,255,0,42321.382,26,0,34893.981
KMAX20181025-9,KMAX20181025_150731_V06,6,1.318,1.200,253,0,6247.198,24,0,5012.652
KMAX20181025-9,KMAX20181025_150731_V06,8,1.802,1.200,125,0,8.804,0,0,8.804
KMAX20181025-9,KMAX20181025_150731_V06,9,2.417,1.200,125,0,42.576,0,0,42.576
KMAX20181026-1,KMAX20181026_133844_V06,0,-0.220,1.200,513,0,80542.335,256,0,32102.629
KMAX20181026-1,KMAX20181026_133844_V06,2,0.483,1.200,514,0,186225.099,233,0,93881.313
KMAX20181026-1,KMAX20181026_133844_V06,4,0.879,1.200,512,0,112925.964,169,0,59153.154
KMAX20181026-1,KMAX20181026_133844_V06,6,1.318,1.200,512,0,41453.939,141,0,18203.335
KMAX20181026-1,KMAX20181026_133844_V06,8,1.802,1.200,254,0,20651.882,43,0,5516.096
KMAX20181026-1,KMAX20181026_133844_V06,9,2.417,1.200,255,0,1079.177,10,0,570.200
KMAX20181026-1,KMAX20181026_134234_V06,0,-0.220,1.200,1649,0,122728.382,447,0,91085.881
KMAX20181026-1,KMAX20181026_134234_V06,2,0.483,1.200,1648,0,124508.795,413,0,20224.833
KMAX20181026-1,KMAX20181026_134234_V06,4,0.879,1.200,1652,0,84285.529,278,0,46687.075
KMAX20181026-1,KMAX20181026_134234_V06,6,1.318,1.200,1649,0,17507.113,199,0,7757.866
KMAX20181026-1,KMAX20181026_134234_V06,8,1.802,1.200,821,0,5550.562,30,0,775.870
KMAX20181026-1,KMAX20181026_134234_V06,9,2.417,1.200,824,0,201.649,8,0,125.097
KMAX20181026-1,KMAX20181026_134610_V06,0,-0.220,1.200,3271,0,178027.814,493,0,148882.330
KMAX20181026-1,KMAX20181026_134610_V06,2,0.483,1.200,3272,0,83283.008,444,0,18130.058
KMAX20181026-1,KMAX20181026_134610_V06,4,0.879,1.200,3276,0,50150.011,237,0,28257.415
KMAX20181026-1,KMAX20181026_134610_V06,6,1.318,1.200,3275,0,8663.224,247,0,2920.706
KMAX20181026-1,KMAX20181026_134610_V06,8,1.802,1.200,1641,0,1051.961,10,0,427.967
KMAX20181026-1,KMAX20181026_134610_V06,9,2.417,1.200,1640,0,189.881,1,0,185.731
KMAX20181026-1,KMAX20181026_134958_V06,0,-0.220,1.200,4343,0,275006.464,550,0,233535.857
KMAX20181026-1,KMAX20181026_134958_V06,2,0.483,1.200,4342,0,94620.134,687,0,28393.976
KMAX20181026-1,KMAX20181026_134958_V06,4,0.879,1.200,4335,0,63051.288,468,0,26737.546
KMAX20181026-1,KMAX20181026_134958_V06,6,1.318,1.200,4341,0,29612.962,445,0,3552.532
KMAX20181026-1,KMAX20181026_134958_V06,8,1.802,1.200,2171,0,5305.748,50,0,1328.495
KMAX20181026-1,KMAX20181026_134958_V06,9,2.417,1.200,2172,0,250.911,4,0,230.711
KMAX20181026-3,KMAX20181026_133844_V06,0,-0.220,1.200,505,0,158716.267,15,0,155434.759
KMAX20181026-3,KMAX20181026_133844_V06,2,0.483,1.200,505,0,97505.997,27,0,96500.780
KMAX20181026-3,KMAX20181026_133844_V06,4,0.879,1.200,504,0,39850.660,42,0,36686.138
KMAX20181026-3,KMAX20181026_133844_V06,6,1.318,1.200,506,0,1999.947,22,0,1775.328
KMAX20181026-3,KMAX20181026_133844_V06,8,1.802,1.200,253,0,5.605,0,0,5.605
KMAX20181026-3,KMAX20181026_133844_V06,9,2.417,1.200,254,0,18.392,0,0,18.392
KMAX20181026-3,KMAX20181026_134234_V06,0,-0.220,1.200,1309,0,308613.557,62,0,281619.908
KMAX20181026-3,KMAX20181026_134234_V06,2,0.483,1.200,1313,0,107085.243,101,0,98293.303
KMAX20181026-3,KMAX20181026_134234_V06,4,0.879,1.200,1314,0,20829.992,68,0,20428.228
KMAX20181026-3,KMAX20181026_134234_V06,6,1.318,1.200,1312,0,1930.674,55,0,1678.702
KMAX20181026-3,KMAX20181026_134234_V06,8,1.802,1.200,657,0,59.701,2,0,51.960
KMAX20181026-3,KMAX20181026_134234_V06,9,2.417,1.200,662,0,25.559,0,0,25.559
KMAX20181026-14,KMAX20181026_140152_V06,0,-0.220,1.200,13843,0,11677.675,5792,0,2316.856
KMAX20181026-14,KMAX20181026_140152_V06,2,0.483,1.200,13842,0,15138.027,5494,0,2068.690
KMAX20181026-14,KMAX20181026_140152_V06,4,0.879,1.200,13844,0,13468.011,5704,0,1345.323
KMAX20181026-14,KMAX20181026_140152_V06,6,1.318,1.200,13848,0,11947.299,5513,0,1203.426
KMAX20181026-14,KMAX20181026_140152_V06,8,1.802,1.200,6921,0,9950.727,3080,0,860.002
KMAX20181026-14,KMAX20181026_140152_V06,9,2.417,1.200,6925,0,12246.674,2954,0,791.868
KMAX20181026-14,KMAX20181026_140152_V06,10,3.120,1.200,6931,0,12406.391,2931,0,1123.464
KMAX20181026-14,KMAX20181026_140152_V06,11,3.999,1.200,6936,0,16503.566,2975,0,1612.339
KMAX20181026-14,KMAX20181026_140152_V06,12,5.098,1.200,6949,0,25591.024,3043,0,2829.291
KMAX20181026-14,KMAX20181026_140152_V06,13,6.416,1.200,6962,0,23792.010,3189,0,2491.375
KMAX20181026-14,KMAX20181026_140152_V06,14,7.998,1.200,6994,1,16099.324,3212,0,2141.407
KMAX20181026-14,KMAX20181026_140152_V06,15,10.020,1.200,7031,0,19636.030,3259,0,2184.697
KMAX20181026-14,KMAX20181026_140152_V06,16,12.480,1.200,7094,0,15487.829,3601,0,1927.988
KMAX20181026-23,KMAX20181026_150231_V06,0,0.000,1.200,237,1,175712.483,4,1,174529.362
KMAX20181026-23,KMAX20181026_150231_V06,2,0.483,1.200,239,0,138473.148,10,0,132018.392
KMAX20181026-23,KMAX20181026_150231_V06,4,0.879,1.200,234,0,28087.918,7,0,26861.807
KMAX20181026-23,KMAX20181026_150231_V06,6,1.318,1.200,237,0,1952.671,18,0,1571.334
KMAX20181026-23,KMAX20181026_150231_V06,8,1.802,1.200,120,0,29.116,3,0,9.969
KMAX20181026-23,KMAX20181026_150231_V06,9,2.417,1.200,120,0,19.481,0,0,19.481
KMAX20181026-23,KMAX20181026_150607_V06,0,0.000,1.200,985,0,178885.169,48,0,171158.097
KMAX20181026-23,KMAX20181026_150607_V06,2,0.483,1.200,987,0,84934.473,65,0,51039.919
KMAX20181026-23,KMAX20181026_150607_V06,4,0.879,1.200,986,0,57001.435,52,0,56302.580
KMAX20181026-23,KMAX20181026_150607_V06,6,1.318,1.200,989,0,1657.479,47,0,1243.134
KMAX20181026-23,KMAX20181026_150607_V06,8,1.802,1.200,493,0,93.859,3,0,62.400
KMAX20181026-23,KMAX20181026_150607_V06,9,2.417,1.200,494,0,21.648,0,0,21.648
KMAX20181026-23,KMAX20181026_150957_V06,0,0.000,1.200,243,0,102699.174,12,0,96681.657
KMAX20181026-23,KMAX20181026_150957_V06,2,0.483,1.200,243,0,111790.029,13,0,102685.076
KMAX20181026-23,KMAX20181026_150957_V06,4,0.879,1.200,245,0,47979.233,16,0,44765.949
KMAX20181026-23,KMAX20181026_150957_V06,6,1.318,1.200,244,0,1101.970,19,0,921.977
KMAX20181026-23,KMAX20181026_150957_V06,8,1.802,1.200,121,0,1143.612,4,0,1116.385
KMAX20181026-23,KMAX20181026_150957_V06,9,2.417,1.200,119,0,0.353,0,0,0.353
KMAX20181026-27,KMAX20181026_151814_V06,0,0.000,1.200,26107,0,58946.841,2911,0,9055.550
KMAX20181026-27,KMAX20181026_151814_V06,2,0.483,1.200,26116,0,76707.359,2359,0,13823.952
KMAX20181026-27,KMAX20181026_151814_V06,4,0.879,1.200,26114,0,79366.378,2352,0,15074.974
KMAX20181026-27,KMAX20181026_151814_V06,6,1.318,1.200,26120,0,106530.449,2734,0,21413.731
KMAX20181026-27,KMAX20181026_151814_V06,8,1.802,1.200,13060,0,154557.153,1487,0,11706.600
KMAX20181026-27,KMAX20181026_151814_V06,9,2.417,1.200,13068,0,87559.760,1929,0,3102.649
KMAX20181026-27,KMAX20181026_151814_V06,10,3.120,1.200,13081,0,68528.905,1961,0,1932.380
KMAX20181026-27,KMAX20181026_151814_V06,11,3.999,1.200,13106,0,55018.127,1619,0,900.805
KMAX20181026-27,KMAX20181026_151814_V06,12,5.098,1.200,13120,0,43869.575,1424,0,737.446
KMAX20181026-28,KMAX20181026_153021_V06,0,0.000,1.200,3514,0,26978.994,830,0,12961.204
KMAX20181026-28,KMAX20181026_153021_V06,2,0.483,1.200,3511,0,13215.122,731,0,8337.749
KMAX20181026-28,KMAX20181026_153021_V06,4,0.879,1.200,3515,0,14837.035,698,0,7756.589
KMAX20181026-28,KMAX20181026_153021_V06,6,1.318,1.200,3513,0,9691.538,542,0,3972.638
KMAX20181026-28,KMAX20181026_153021_V06,8,1.802,1.200,1761,0,23104.491,130,0,1889.182
KMAX20181026-28,KMAX20181026_153021_V06,9,2.417,1.200,1760,0,4520.176,125,0,762.477
KMAX20181026-28,KMAX20181026_153021_V06,10,3.120,1.200,1761,0,642.431,92,0,63.617
KMAX20181026-28,KMAX20181026_153021_V06,11,3.999,1.200,1765,0,65.723,30,0,20.954
KMAX20181026-28,KMAX20181026_153021_V06,12,5.098,1.200,1767,0,95.975,21,0,11.550
KMAX20181026-28,KMAX20181026_153021_V06,13,6.416,1.200,1771,0,9.194,2,0,8.909
KMAX20181026-30,KMAX20181026_154110_V06,0,0.000,1.200,7075,0,22635.819,1329,0,755.500
KMAX20181026-30,KMAX20181026_154110_V06,2,0.483,1.200,7077,0,22261.575,1256,0,2983.433
KMAX20181026-30,KMAX20181026_154110_V06,4,0.879,1.200,7074,0,39763.290,1028,0,11225.499
KMAX20181026-30,KMAX20181026_154110_V06,6,1.318,1.200,7078,0,68317.407,1038,0,14847.947
KMAX20181026-30,KMAX20181026_154110_V06,8,1.802,1.200,3537,0,53427.152,329,0,946.344
KMAX20181026-30,KMAX20181026_154110_V06,9,2.417,1.200,3541,0,8841.223,376,0,594.453
KMAX20181026-30,KMAX20181026_154110_V06,10,3.120,1.200,3545,0,2412.196,640,0,269.682
KMAX20181026-30,KMAX20181026_154110_V06,11,3.999,1.200,3551,0,8840.478,567,0,1244.830
KMAX20181026-30,KMAX20181026_154110_V06,12,5.098,1.200,3545,0,16291.970,433,0,980.579
KMAX20181026-30,KMAX20181026_154110_V06,13,6.416,1.200,3554,0,9613.063,232,0,508.426
KMAX20181027-1,KMAX20181027_133908_V06,0,0.000,1.200,473,0,281056.560,23,0,260784.309
KMAX20181027-1,KMAX20181027_133908_V06,2,0.483,1.200,474,0,117538.153,15,0,112023.134
KMAX20181027-1,KMAX20181027_133908_V06,4,0.879,1.200,472,0,29263.931,27,0,26670.024
KMAX20181027-1,KMAX20181027_133908_V06,6,1.318,1.200,473,0,2397.417,17,0,2157.743
KMAX20181027-1,KMAX20181027_133908_V06,8,1.802,1.200,236,0,42.782,0,0,42.782
KMAX20181027-1,KMAX20181027_133908_V06,9,2.417,1.200,239,0,10.946,0,0,10.946
KMAX20181027-1,KMAX20181027_134244_V06,0,0.000,1.200,1330,0,255701.689,71,0,246940.067
KMAX20181027-1,KMAX20181027_134244_V06,2,0.483,1.200,1332,0,147083.495,88,0,136621.600
KMAX20181027-1,KMAX20181027_134244_V06,4,0.879,1.200,1329,0,39080.758,62,0,38524.256
KMAX20181027-1,KMAX20181027_134244_V06,6,1.318,1.200,1332,0,2279.690,71,0,1749.716
KMAX20181027-1,KMAX20181027_134244_V06,8,1.802,1.200,664,0,45.895,2,0,38.794
KMAX20181027-1,KMAX20181027_134244_V06,9,2.417,1.200,663,0,45.212,0,0,45.212
KMAX20181027-1,KMAX20181027_134620_V06,0,0.000,1.200,2663,0,241898.745,181,0,215758.103
KMAX20181027-1,KMAX20181027_134620_V06,2,0.483,1.200,2664,0,125167.008,142,0,124450.689
KMAX20181027-1,KMAX20181027_134620_V06,4,0.879,1.200,2667,0,34798.098,105,0,33207.787
KMAX20181027-1,KMAX20181027_134620_V06,6,1.318,1.200,2668,0,2262.840,99,0,1875.611
KMAX20181027-1,KMAX20181027_134620_V06,8,1.802,1.200,1332,0,265.537,6,0,205.760
KMAX20181027-1,KMAX20181027_134620_V06,9,2.417,1.200,1335,0,129.033,0,0,129.033
KMAX20181027-1,KMAX20181027_134955_V06,0,0.000,1.200,221,0,144702.798,13,0,140487.436
KMAX20181027-1,KMAX20181027_134955_V06,2,0.483,1.200,220,0,146339.212,16,0,131040.586
KMAX20181027-1,KMAX20181027_134955_V06,4,0.879,1.200,222,0,45781.030,10,0,42703.972
KMAX20181027-1,KMAX20181027_134955_V06,6,1.318,1.200,223,0,1898.595,26,0,1649.126
KMAX20181027-1,KMAX20181027_134955_V06,8,1.802,1.200,110,0,22.296,4,0,0.314
KMAX20181027-1,KMAX20181027_134955_V06,9,2.417,1.200,111,0,8.339,0,0,8.339
KMAX20181027-1,KMAX20181027_135330_V06,0,0.000,1.200,859,0,330433.744,42,0,320540.010
KMAX20181027-1,KMAX20181027_135330_V06,2,0.483,1.200,856,0,164720.308,61,0,116473.904
KMAX20181027-1,KMAX20181027_135330_V06,4,0.879,1.200,859,0,44264.932,63,0,41417.856
KMAX20181027-1,KMAX20181027_135330_V06,6,1.318,1.200,861,0,4037.911,37,0,3463.771
KMAX20181027-1,KMAX20181027_135330_V06,8,1.802,1.200,428,0,72.582,5,0,44.845
KMAX20181027-1,KMAX20181027_135330_V06,9,2.417,1.200,433,0,30.405,0,0,30.405
KMAX20181027-6,KMAX20181027_142556_V06,0,0.000,1.200,574,0,336626.890,25,0,305069.069
KMAX20181027-6,KMAX20181027_142556_V06,2,0.483,1.200,578,0,194952.801,46,0,151709.437
KMAX20181027-6,KMAX20181027_142556_V06,4,0.879,1.200,573,0,45633.620,32,0,44285.406
KMAX20181027-6,KMAX20181027_142556_V06,6,1.318,1.200,575,0,8020.990,34,0,7592.052
KMAX20181027-6,KMAX20181027_142556_V06,8,1.802,1.200,289,0,19.538,0,0,19.538
KMAX20181027-6,KMAX20181027_142556_V06,9,2.417,1.200,290,0,26.345,0,0,26.345
KMAX20181027-6,KMAX20181027_142933_V06,0,-0.220,1.200,1435,0,481588.682,82,0,460181.864
KMAX20181027-6,KMAX20181027_142933_V06,2,0.483,1.200,1436,0,210194.915,94,0,183967.017
KMAX20181027-6,KMAX20181027_142933_V06,4,0.879,1.200,1434,0,43145.446,50,0,38152.955
KMAX20181027-6,KMAX20181027_142933_V06,6,1.318,1.200,1439,0,2104.334,58,0,1714.196
KMAX20181027-6,KMAX20181027_142933_V06,8,1.802,1.200,719,0,73.965,0,0,73.965
KMAX20181027-6,KMAX20181027_142933_V06,9,2.417,1.200,721,0,53.300,0,0,53.300
KMAX20181027-8,KMAX20181027_144735_V06,0,-0.220,1.200,538,0,230690.713,11,0,229277.401
KMAX20181027-8,KMAX20181027_144735_V06,2,0.483,1.200,541,0,123915.286,20,0,121657.802
KMAX20181027-8,KMAX20181027_144735_V06,4,0.879,1.200,540,0,81532.059,42,0,73429.873
KMAX20181027-8,KMAX20181027_144735_V06,6,1.318,1.200,538,0,2015.495,34,0,1832.949
KMAX20181027-8,KMAX20181027_144735_V06,8,1.802,1.200,268,0,90.001,0,0,90.001
KMAX20181027-8,KMAX20181027_144735_V06,9,2.417,1.200,270,0,21.131,0,0,21.131
KMAX20181027-8,KMAX20181027_145110_V06,0,-0.220,1.200,1319,0,484590.530,62,0,422305.367
KMAX20181027-8,KMAX20181027_145110_V06,2,0.483,1.200,1320,1,247802.054,63,1,230345.790
KMAX20181027-8,KMAX20181027_145110_V06,4,0.879,1.200,1323,0,41695.698,71,0,36147.952
KMAX20181027-8,KMAX20181027_145110_V06,6,1.318,1.200,1321,0,2287.645,61,0,1976.351
KMAX20181027-8,KMAX20181027_145110_V06,8,1.802,1.200,661,0,91.460,7,0,54.766
KMAX20181027-8,KMAX20181027_145110_V06,9,2.417,1.200,663,0,87.903,0,0,87.903
KMAX20181027-11,KMAX20181027_154330_V06,0,-0.220,1.200,171,0,92104.245,7,0,75418.744
KMAX20181027-11,KMAX20181027_154330_V06,2,0.483,1.200,168,0,191639.991,10,0,170018.973
KMAX20181027-11,KMAX20181027_154330_V06,4,0.879,1.200,170,0,53386.182,9,0,51934.619
KMAX20181027-11,KMAX20181027_154330_V06,6,1.318,1.200,168,0,2212.604,21,0,1934.402
KMAX20181027-11,KMAX20181027_154330_V06,8,1.802,1.200,85,0,26.246,0,0,26.246
KMAX20181027-11,KMAX20181027_154330_V06,9,2.417,1.200,86,0,0.255,0,0,0.255
KMAX20181027-11,KMAX20181027_154705_V06,0,-0.220,1.200,725,0,323111.390,33,0,309154.736
KMAX20181027-11,KMAX20181027_154705_V06,2,0.483,1.200,726,1,180717.268,44,0,155176.875
KMAX20181027-11,KMAX20181027_154705_V06,4,0.879,1.200,729,0,71754.624,58,0,71216.659
KMAX20181027-11,KMAX20181027_154705_V06,6,1.318,1.200,723,0,6989.927,25,0,6007.687
KMAX20181027-11,KMAX20181027_154705_V06,8,1.802,1.200,366,0,36.278,0,0,36.278
KMAX20181027-11,KMAX20181027_154705_V06,9,2.417,1.200,365,0,31.183,0,0,31.183
KMAX20181027-11,KMAX20181027_155041_V06,0,-0.220,1.200,557,0,330712.368,23,0,321366.747
KMAX20181027-11,KMAX20181027_155041_V06,2,0.483,1.200,559,0,220054.989,33,0,188938.627
KMAX20181027-11,KMAX20181027_155041_V06,4,0.879,1.200,557,0,41491.266,43,0,39395.159
KMAX20181027-11,KMAX20181027_155041_V06,6,1.318,1.200,558,0,3153.749,36,0,2427.531
KMAX20181027-11,KMAX20181027_155041_V06,8,1.802,1.200,279,0,55.397,1,0,52.544
KMAX20181027-11,KMAX20181027_155041_V06,9,2.417,1.200,279,0,38.094,0,0,38.094
KMAX20181027-2,KMAX20181027_133908_V06,0,0.000,1.200,38,0,15467.831,2,0,14592.582
KMAX20181027-2,KMAX20181027_133908_V06,2,0.483,1.200,39,0,2055.081,4,0,1961.796
KMAX20181027-2,KMAX20181027_133908_V06,4,0.879,1.200,39,0,13.296,1,0,7.667
KMAX20181027-2,KMAX20181027_133908_V06,6,1.318,1.200,36,0,0.045,0,0,0.045
KMAX20181027-2,KMAX20181027_133908_V06,8,1.802,1.200,18,0,0.045,0,0,0.045
KMAX20181027-2,KMAX20181027_133908_V06,9,2.417,1.200,18,0,0.045,0,0,0.045
KMAX20181027-2,KMAX20181027_133908_V06,10,3.120,1.200,17,0,0.043,0,0,0.043
KMAX20181027-9,KMAX20181027_152529_V06,0,-0.220,1.200,565,0,385539.157,20,0,363969.707
KMAX20181027-9,KMAX20181027_152529_V06,2,0.483,1.200,568,0,154689.652,18,0,150341.223
KMAX20181027-9,KMAX20181027_152529_V06,4,0.879,1.200,568,0,71425.058,37,0,55608.473
KMAX20181027-9,KMAX20181027_152529_V06,6,1.318,1.200,565,0,5295.474,33,0,4866.639
KMAX20181027-9,KMAX20181027_152529_V06,8,1.802,1.200,282,0,138.375,5,0,108.367
KMAX20181027-9,KMAX20181027_152529_V06,9,2.417,1.200,282,0,22.164,0,0,22.164
KMAX20181028-1,KMAX20181028_134200_V06,0,-0.220,1.200,599,0,323300.520,35,0,306821.148
KMAX20181028-1,KMAX20181028_134200_V06,2,0.483,1.200,596,0,154096.724,56,0,131154.879
KMAX20181028-1,KMAX20181028_134200_V06,4,0.879,1.200,597,0,30339.875,55,0,26259.203
KMAX20181028-1,KMAX20181028_134200_V06,6,1.318,1.200,597,0,3352.197,39,0,2530.408
KMAX20181028-1,KMAX20181028_134200_V06,8,1.802,1.200,299,0,68.345,2,0,57.604
KMAX20181028-1,KMAX20181028_134200_V06,9,2.417,1.200,298,0,13.955,0,0,13.955
KMAX20181028-1,KMAX20181028_134537_V06,0,-0.220,1.200,1400,0,403790.694,101,0,357136.072
KMAX20181028-1,KMAX20181028_134537_V06,2,0.483,1.200,1400,0,106179.271,145,0,94357.079
KMAX20181028-1,KMAX20181028_134537_V06,4,0.879,1.200,1400,0,71903.551,101,0,62404.115
KMAX20181028-1,KMAX20181028_134537_V06,6,1.318,1.200,1402,0,12653.273,53,0,12136.253
KMAX20181028-1,KMAX20181028_134537_V06,8,1.802,1.200,699,0,53.648,1,0,49.545
KMAX20181028-1,KMAX20181028_134537_V06,9,2.417,1.200,699,0,84.967,3,0,61.077
KMAX20181028-3,KMAX20181028_134537_V06,0,-0.220,1.200,1378,0,44506.478,763,0,2143.891
KMAX20181028-3,KMAX20181028_134537_V06,2,0.483,1.200,1381,0,11125.987,427,0,1101.413
KMAX20181028-3,KMAX20181028_134537_V06,4,0.879,1.200,1376,0,3712.047,223,0,612.860
KMAX20181028-3,KMAX20181028_134537_V06,6,1.318,1.200,1378,0,612.217,74,0,260.135
KMAX20181028-3,KMAX20181028_134537_V06,8,1.802,1.200,688,0,46.498,0,0,46.498
KMAX20181028-3,KMAX20181028_134537_V06,9,2.417,1.200,690,0,279.302,22,0,146.329
KMAX20181028-3,KMAX20181028_134537_V06,10,3.120,1.200,691,0,1.908,0,0,1.908
KMAX20181028-5,KMAX20181028_135249_V06,0,-0.220,1.200,31361,0,252718.367,17467,0,45347.889
KMAX20181028-5,KMAX20181028_135249_V06,2,0.483,1.200,31359,0,159751.484,15823,0,30592.267
KMAX20181028-5,KMAX20181028_135249_V06,4,0.879,1.200,31364,0,126795.551,14018,0,23744.418
KMAX20181028-5,KMAX20181028_135249_V06,6,1.318,1.200,31366,0,82927.982,11978,0,21703.177
KMAX20181028-5,KMAX20181028_135249_V06,8,1.802,1.200,15680,3,73517.709,4932,0,15945.378
KMAX20181028-5,KMAX20181028_135249_V06,9,2.417,1.200,15691,0,50393.810,4120,0,10026.136
KMAX20181028-5,KMAX20181028_135249_V06,10,3.120,1.200,15702,0,15957.379,3667,0,4552.636
KMAX20181028-5,KMAX20181028_135249_V06,11,3.999,1.200,15722,0,5173.454,3439,0,1648.661
KMAX20181028-5,KMAX20181028_135249_V06,12,5.098,1.200,15745,0,3091.982,3228,0,805.947
KMAX20181028-5,KMAX20181028_135249_V06,13,6.416,1.200,15793,0,2807.794,3068,0,534.776
KMAX20181028-5,KMAX20181028_135625_V06,0,-0.220,1.200,23220,0,168991.598,12381,0,32521.091
KMAX20181028-5,KMAX20181028_135625_V06,2,0.483,1.200,23220,0,119307.019,11905,0,21827.309
KMAX20181028-5,KMAX20181028_135625_V06,4,0.879,1.200,23226,0,93881.360,10744,0,16730.905
KMAX20181028-5,KMAX20181028_135625_V06,6,1.318,1.200,23231,0,58672.403,9644,0,12333.403
KMAX20181028-5,KMAX20181028_135625_V06,8,1.802,1.200,11613,0,38667.539,4007,0,8632.278
KMAX20181028-5,KMAX20181028_135625_V06,9,2.417,1.200,11619,0,28887.785,3349,0,6973.542
KMAX20181028-5,KMAX20181028_135625_V06,10,3.120,1.200,11629,0,17966.112,2831,0,3358.999
KMAX20181028-5,KMAX20181028_135625_V06,11,3.999,1.200,11641,0,4564.887,2542,0,704.365
KMAX20181028-5,KMAX20181028_135625_V06,12,5.098,1.200,11661,0,2195.969,2003,0,328.201
KMAX20181028-5,KMAX20181028_135625_V06,13,6.416,1.200,11675,0,1399.039,1721,0,246.315
KMAX20181028-8,KMAX20181028_140338_V06,0,-0.220,1.200,16390,1,178224.979,8817,0,38379.485
KMAX20181028-8,KMAX20181028_140338_V06,2,0.483,1.200,16395,12,388988.350,6928,1,134937.646
KMAX20181028-8,KMAX20181028_140338_V06,4,0.879,1.200,16400,12,404267.540,6048,0,66167.995
KMAX20181028-8,KMAX20181028_140338_V06,6,1.318,1.200,16399,0,139585.395,5855,0,11483.090
KMAX20181028-8,KMAX20181028_140338_V06,8,1.802,1.200,8199,0,38623.306,2206,0,1776.194
KMAX20181028-8,KMAX20181028_140338_V06,9,2.417,1.200,8203,0,14631.835,1952,0,815.955
KMAX20181028-8,KMAX20181028_140338_V06,10,3.120,1.200,8206,0,5359.748,1618,0,642.144
KMAX20181028-8,KMAX20181028_140338_V06,11,3.999,1.200,8223,0,2835.623,1276,0,982.861
KMAX20181028-8,KMAX20181028_140338_V06,12,5.098,1.200,8236,0,3873.021,1193,0,1612.502
KMAX20181028-8,KMAX20181028_140338_V06,13,6.416,1.200,8248,0,1254.545,883,0,603.246
KMAX20181028-9,KMAX20181028_140714_V06,0,-0.220,1.200,440,0,252988.955,34,0,221030.104
KMAX20181028-9,KMAX20181028_140714_V06,2,0.483,1.200,438,0,194315.216,27,0,174165.923
KMAX20181028-9,KMAX20181028_140714_V06,4,0.879,1.200,441,0,64902.423,46,0,60157.116
KMAX20181028-9,KMAX20181028_140714_V06,6,1.318,1.200,443,0,25779.384,35,0,23130.926
KMAX20181028-9,KMAX20181028_140714_V06,8,1.802,1.200,220,0,23.198,2,0,8.303
KMAX20181028-9,KMAX20181028_140714_V06,9,2.417,1.200,223,0,30.101,0,0,30.101
KMAX20181028-16,KMAX20181028_143600_V06,0,-0.220,1.200,21205,0,417630.559,10397,0,70846.309
KMAX20181028-16,KMAX20181028_143600_V06,2,0.483,1.200,21209,2,420798.081,7930,0,161136.346
KMAX20181028-16,KMAX20181028_143600_V06,4,0.879,1.200,21207,1,298748.621,7155,0,100011.496
KMAX20181028-16,KMAX20181028_143600_V06,8,1.318,1.200,21211,5,192007.743,7232,0,37800.040
KMAX20181028-16,KMAX20181028_143600_V06,10,1.802,1.200,10604,0,74104.792,4352,0,9464.335
KMAX20181028-16,KMAX20181028_143600_V06,11,2.417,1.200,10614,0,36771.343,3557,0,4504.758
KMAX20181028-16,KMAX20181028_143600_V06,12,3.120,1.200,10624,0,20229.805,2638,0,2944.408
KMAX20181028-16,KMAX20181028_143600_V06,13,3.999,1.200,10630,0,8055.306,1849,0,1900.231
KMAX20181028-16,KMAX20181028_143600_V06,16,5.098,1.200,10660,0,1508.128,2087,0,604.587
KMAX20181028-16,KMAX20181028_143600_V06,17,6.416,1.200,10685,0,1062.050,1561,0,465.635
KMAX20181028-17,KMAX20181028_150639_V06,0,-0.220,1.200,17542,2,3876681.943,4932,0,400020.524
KMAX20181028-17,KMAX20181028_150639_V06,2,0.483,1.200,17558,0,65402.296,1626,0,9378.147
KMAX20181028-17,KMAX20181028_150639_V06,4,0.879,1.200,17559,0,75371.744,3325,0,15784.863
KMAX20181028-17,KMAX20181028_150639_V06,8,1.318,1.200,17566,0,127996.683,5150,0,17563.902
KMAX20181028-18,KMAX20181028_151822_V06,0,-0.220,1.200,4539,0,26826.267,1449,0,4100.760
KMAX20181028-18,KMAX20181028_151822_V06,2,0.483,1.200,4544,0,18277.357,1242,0,2717.923
KMAX20181028-18,KMAX20181028_151822_V06,4,0.879,1.200,4543,0,10462.493,1141,0,1385.007
KMAX20181028-18,KMAX20181028_151822_V06,8,1.318,1.200,4549,0,5250.021,1040,0,851.219
KMAX20181028-18,KMAX20181028_151822_V06,12,1.802,1.200,2272,0,7295.841,297,0,256.121
KMAX20181028-18,KMAX20181028_151822_V06,13,2.417,1.200,2274,0,6574.697,175,0,165.769
KMAX20181028-18,KMAX20181028_151822_V06,14,3.120,1.200,2276,0,2150.099,89,0,63.730
KMAX20181028-18,KMAX20181028_151822_V06,15,3.999,1.200,2280,0,142.954,38,0,98.593
KMAX20181028-18,KMAX20181028_151822_V06,16,5.098,1.200,2288,0,901.106,359,0,489.412
KMAX20181028-18,KMAX20181028_151822_V06,17,6.416,1.200,2287,0,1934.809,633,0,1111.318
KMAX20181028-20,KMAX20181028_153556_V06,0,-0.220,1.200,4113,1,461470.483,1589,0,83843.406
KMAX20181028-20,KMAX20181028_153556_V06,2,0.483,1.200,4116,2,158178.654,1496,0,36423.985
KMAX20181028-20,KMAX20181028_153556_V06,4,0.879,1.200,4112,0,60403.581,1298,0,6505.299
KMAX20181028-20,KMAX20181028_153556_V06,8,1.318,1.200,4114,0,6756.281,639,0,1559.093
KMAX20181028-20,KMAX20181028_153556_V06,12,1.802,1.200,2059,0,653.684,49,0,157.048
KMAX20181028-20,KMAX20181028_153556_V06,13,2.417,1.200,2058,0,1113.546,179,0,279.157
KMAX20181028-20,KMAX20181028_153556_V06,14,3.120,1.200,2064,0,5768.799,677,0,963.843
KMAX20181028-20,KMAX20181028_153556_V06,15,3.999,1.200,2062,0,6763.364,977,0,1800.942
KMAX20181028-20,KMAX20181028_153556_V06,16,5.098,1.200,2064,0,4744.329,880,0,1897.230
KMAX20181028-21,KMAX20181028_154145_V06,0,-0.220,1.200,545,0,104098.589,207,0,53972.439
KMAX20181028-21,KMAX20181028_154145_V06,2,0.483,1.200,544,0,40702.123,270,0,9558.029
KMAX20181028-21,KMAX20181028_154145_V06,4,0.879,1.200,543,0,6149.662,193,0,3055.601
KMAX20181028-21,KMAX20181028_154145_V06,8,1.318,1.200,543,0,546.001,55,0,371.110
KMAX20181028-21,KMAX20181028_154145_V06,12,1.802,1.200,275,0,7.181,0,0,7.181
KMAX20181028-21,KMAX20181028_154145_V06,13,2.417,1.200,275,0,12.971,0,0,12.971
KMAX20181028-21,KMAX20181028_154145_V06,14,3.120,1.200,273,0,31.332,9,0,17.210
KMAX20181028-21,KMAX20181028_154145_V06,15,3.999,1.200,272,0,193.602,19,0,143.376
KMAX20181029-24,KMAX20181029_150740_V06,0,-0.220,1.200,172,0,183996.460,5,0,183449.126
KMAX20181029-24,KMAX20181029_150740_V06,2,0.483,1.200,173,0,151545.841,2,0,149962.865
KMAX20181029-24,KMAX20181029_150740_V06,4,0.879,1.200,173,0,43264.058,3,0,43238.886
KMAX20181029-24,KMAX20181029_150740_V06,6,1.318,1.200,174,0,4607.576,5,0,4463.419
KMAX20181029-24,KMAX20181029_150740_V06,10,1.802,1.200,88,0,6.529,0,0,6.529
KMAX20181029-24,KMAX20181029_150740_V06,11,2.417,1.200,88,0,10.417,1,0,2.904
KMAX20181029-24,KMAX20181029_151418_V06,0,-0.220,1.200,1050,0,405622.467,62,0,390059.300
KMAX20181029-24,KMAX20181029_151418_V06,2,0.483,1.200,1045,0,211300.114,18,0,200696.966
KMAX20181029-24,KMAX20181029_151418_V06,4,0.879,1.200,1047,0,70669.959,25,0,67151.988
KMAX20181029-24,KMAX20181029_151418_V06,6,1.318,1.200,1044,0,2398.388,15,0,2294.018
KMAX20181029-24,KMAX20181029_151418_V06,10,1.802,1.200,523,0,43.316,3,0,33.754
KMAX20181029-24,KMAX20181029_151418_V06,11,2.417,1.200,519,0,40.515,1,0,36.165
KMAX20181029-24,KMAX20181029_152054_V06,0,-0.220,1.200,1192,0,520670.974,64,0,506274.714
KMAX20181029-24,KMAX20181029_152054_V06,2,0.483,1.200,1193,0,196079.685,45,0,193481.188
KMAX20181029-24,KMAX20181029_152054_V06,4,0.879,1.200,1192,0,60321.283,36,0,49757.573
KMAX20181029-24,KMAX20181029_152054_V06,6,1.318,1.200,1190,0,4115.656,30,0,3740.074
KMAX20181029-24,KMAX20181029_152054_V06,10,1.802,1.200,599,0,8.971,2,0,1.760
KMAX20181029-24,KMAX20181029_152054_V06,11,2.417,1.200,600,0,115.135,11,0,22.217
KMAX20181029-24,KMAX20181029_152729_V06,0,-0.220,1.200,1067,0,579136.377,56,0,565056.122
KMAX20181029-24,KMAX20181029_152729_V06,2,0.483,1.200,1070,0,220368.450,30,0,214594.391
KMAX20181029-24,KMAX20181029_152729_V06,4,0.879,1.200,1069,0,72769.613,34,0,65697.770
KMAX20181029-24,KMAX20181029_152729_V06,6,1.318,1.200,1069,0,3057.246,15,0,2263.895
KMAX20181029-24,KMAX20181029_152729_V06,10,1.802,1.200,534,0,27.292,4,0,12.428
KMAX20181029-24,KMAX20181029_152729_V06,11,2.417,1.200,538,0,58.979,2,0,48.875
KMAX20181029-24,KMAX20181029_153405_V06,0,-0.220,1.200,1317,0,486832.005,58,0,476715.682
KMAX20181029-24,KMAX20181029_153405_V06,2,0.483,1.200,1318,0,177340.043,59,0,174317.787
KMAX20181029-24,KMAX20181029_153405_V06,4,0.879,1.200,1319,0,55687.396,31,0,51422.393
KMAX20181029-24,KMAX20181029_153405_V06,6,1.318,1.200,1322,0,5667.179,27,0,4353.319
KMAX20181029-24,KMAX20181029_153405_V06,10,1.802,1.200,663,0,34.163,6,0,8.167
KMAX20181029-24,KMAX20181029_153405_V06,11,2.417,1.200,664,0,48.661,0,0,48.661
KMAX20181029-24,KMAX20181029_153405_V06,12,3.120,1.200,660,0,71.665,3,0,55.305
KMAX20181029-24,KMAX20181029_154041_V06,0,-0.220,1.200,260,0,300661.331,15,0,227399.009
KMAX20181029-24,KMAX20181029_154041_V06,2,0.483,1.200,260,0,231870.893,16,0,211217.995
KMAX20181029-24,KMAX20181029_154041_V06,4,0.879,1.200,260,0,65300.380,19,0,63115.793
KMAX20181029-24,KMAX20181029_154041_V06,6,1.318,1.200,260,0,4563.984,11,0,3524.845
KMAX20181029-24,KMAX20181029_154041_V06,10,1.802,1.200,129,0,14.459,0,0,14.459
KMAX20181029-24,KMAX20181029_154041_V06,11,2.417,1.200,130,0,8.580,0,0,8.580
KMAX20181029-24,KMAX20181029_154718_V06,0,-0.220,1.200,1334,0,531875.647,73,0,500968.636
KMAX20181029-24,KMAX20181029_154718_V06,2,0.483,1.200,1336,0,173515.842,54,0,147435.789
KMAX20181029-24,KMAX20181029_154718_V06,4,0.879,1.200,1337,0,47879.731,24,0,47074.769
KMAX20181029-24,KMAX20181029_154718_V06,6,1.318,1.200,1339,0,2427.350,27,0,2269.358
KMAX20181029-24,KMAX20181029_154718_V06,10,1.802,1.200,673,0,21.286,2,0,10.290
KMAX20181029-24,KMAX20181029_154718_V06,11,2.417,1.200,671,0,32.994,2,0,21.616
KMAX20181029-24,KMAX20181029_160030_V06,0,-0.220,1.200,1289,0,530650.787,76,0,480325.401
KMAX20181029-24,KMAX20181029_160030_V06,2,0.483,1.200,1289,0,204954.926,35,0,204172.932
KMAX20181029-24,KMAX20181029_160030_V06,4,0.879,1.200,1289,0,58786.157,28,0,43922.799
KMAX20181029-24,KMAX20181029_160030_V06,6,1.318,1.200,1292,0,3539.400,26,0,2902.583
KMAX20181029-24,KMAX20181029_160030_V06,10,1.802,1.200,643,0,114.885,18,0,20.993
KMAX20181029-24,KMAX20181029_160030_V06,11,2.417,1.200,645,0,24.249,4,0,9.770
KMAX20181029-24,KMAX20181029_160705_V06,0,-0.220,1.200,1091,0,492774.195,51,0,455786.395
KMAX20181029-24,KMAX20181029_160705_V06,2,0.483,1.200,1093,0,226483.842,26,0,211563.310
KMAX20181029-24,KMAX20181029_160705_V06,4,0.879,1.200,1095,0,62861.469,37,0,52239.266
KMAX20181029-24,KMAX20181029_160705_V06,6,1.318,1.200,1097,0,4947.856,17,0,4857.736
KMAX20181029-24,KMAX20181029_160705_V06,10,1.802,1.200,548,0,80.104,6,0,48.476
KMAX20181029-24,KMAX20181029_160705_V06,11,2.417,1.200,550,0,1.625,0,0,1.625
KMAX20181029-11,KMAX20181029_140852_V06,0,-0.220,1.200,4791,0,121583.591,1605,0,40567.993
KMAX20181029-11,KMAX20181029_140852_V06,2,0.483,1.200,4791,0,34388.372,1150,0,10780.635
KMAX20181029-11,KMAX20181029_140852_V06,4,0.879,1.200,4792,0,11152.169,701,0,4365.967
KMAX20181029-11,KMAX20181029_140852_V06,8,1.318,1.200,4787,0,1970.853,504,0,1113.472
KMAX20181029-11,KMAX20181029_140852_V06,12,1.802,1.200,2399,0,135.609,55,0,53.523
KMAX20181029-11,KMAX20181029_140852_V06,13,2.417,1.200,2401,0,19.607,3,0,18.167
KMAX20181029-11,KMAX20181029_140852_V06,14,3.120,1.200,2401,0,19.698,11,0,17.457
KMAX20181029-11,KMAX20181029_140852_V06,15,3.999,1.200,2403,0,25.651,6,0,23.609
KMAX20181029-11,KMAX20181029_140852_V06,16,5.098,1.200,2408,0,22.971,7,0,20.757
KMAX20181029-11,KMAX20181029_140852_V06,17,6.416,1.200,2411,0,22.163,4,0,21.071
KMAX20181029-11,KMAX20181029_141442_V06,0,-0.220,1.200,7567,0,254342.901,2658,0,133699.072
KMAX20181029-11,KMAX20181029_141442_V06,2,0.483,1.200,7568,0,54762.245,2038,0,22668.712
KMAX20181029-11,KMAX20181029_141442_V06,4,0.879,1.200,7567,0,13368.044,1254,0,6364.029
KMAX20181029-11,KMAX20181029_141442_V06,8,1.318,1.200,7570,0,2114.004,671,0,1249.050
KMAX20181029-11,KMAX20181029_141442_V06,12,1.802,1.200,3789,0,121.662,41,0,73.614
KMAX20181029-11,KMAX20181029_141442_V06,13,2.417,1.200,3789,0,33.975,6,0,32.422
KMAX20181029-11,KMAX20181029_141442_V06,14,3.120,1.200,3792,0,37.111,12,0,32.186
KMAX20181029-11,KMAX20181029_141442_V06,15,3.999,1.200,3794,0,29.653,9,0,25.771
KMAX20181029-11,KMAX20181029_141442_V06,16,5.098,1.200,3802,0,33.085,7,0,28.917
KMAX20181029-11,KMAX20181029_141442_V06,17,6.416,1.200,3811,0,31.708,7,0,30.276
KMAX20181029-11,KMAX20181029_142031_V06,0,-0.220,1.200,11532,0,323402.764,4228,0,158662.425
KMAX20181029-11,KMAX20181029_142031_V06,2,0.483,1.200,11536,0,77298.815,3028,0,37607.814
KMAX20181029-11,KMAX20181029_142031_V06,4,0.879,1.200,11540,0,16801.442,2059,0,8543.656
KMAX20181029-11,KMAX20181029_142031_V06,8,1.318,1.200,11540,0,1651.352,1116,0,1045.748
KMAX20181029-11,KMAX20181029_142031_V06,12,1.802,1.200,5777,0,76.416,36,0,67.449
KMAX20181029-11,KMAX20181029_142031_V06,13,2.417,1.200,5778,0,80.806,14,0,73.727
KMAX20181029-11,KMAX20181029_142031_V06,14,3.120,1.200,5783,0,55.941,16,0,48.177
KMAX20181029-11,KMAX20181029_142031_V06,15,3.999,1.200,5781,0,77.727,26,0,64.215
KMAX20181029-11,KMAX20181029_142031_V06,16,5.098,1.200,5800,0,76.654,17,0,67.073
KMAX20181029-11,KMAX20181029_142624_V06,0,-0.220,1.200,9473,0,339915.199,3508,0,159710.636
KMAX20181029-11,KMAX20181029_142624_V06,2,0.483,1.200,9476,0,60590.384,2218,0,36239.244
KMAX20181029-11,KMAX20181029_142624_V06,4,0.879,1.200,9475,0,8875.376,1208,0,6575.566
KMAX20181029-11,KMAX20181029_142624_V06,6,1.318,1.200,9475,0,976.389,534,0,723.404
KMAX20181029-11,KMAX20181029_142624_V06,8,1.802,1.200,4740,0,63.331,60,0,34.080
KMAX20181029-11,KMAX20181029_142624_V06,11,2.417,1.200,4741,0,99.415,64,0,57.433
KMAX20181029-11,KMAX20181029_142624_V06,12,3.120,1.200,4748,0,94.167,89,0,52.443
KMAX20181029-11,KMAX20181029_142624_V06,13,3.999,1.200,4750,0,61.229,74,0,37.076
KMAX20181029-11,KMAX20181029_142624_V06,14,5.098,1.200,4757,0,80.299,80,0,44.226
KMAX20181029-11,KMAX20181029_143241_V06,0,-0.220,1.200,10106,0,520728.813,3993,0,248918.580
KMAX20181029-11,KMAX20181029_143241_V06,2,0.483,1.200,10105,0,71162.690,2236,0,39283.680
KMAX20181029-11,KMAX20181029_143241_V06,4,0.879,1.200,10107,0,9654.976,1176,0,5977.835
KMAX20181029-11,KMAX20181029_143241_V06,6,1.318,1.200,10111,0,1191.254,545,0,786.623
KMAX20181029-11,KMAX20181029_143241_V06,10,1.802,1.200,5059,0,143.371,89,0,46.810
KMAX20181029-11,KMAX20181029_143241_V06,11,2.417,1.200,5060,0,81.670,54,0,54.627
KMAX20181029-11,KMAX20181029_143241_V06,12,3.120,1.200,5068,0,83.294,57,0,52.076
KMAX20181029-11,KMAX20181029_143241_V06,13,3.999,1.200,5066,0,89.903,66,0,49.625
KMAX20181029-11,KMAX20181029_143241_V06,14,5.098,1.200,5077,0,100.202,98,0,45.622
KMAX20181029-11,KMAX20181029_143918_V06,0,-0.220,1.200,12433,0,623532.402,4084,0,382893.912
KMAX20181029-11,KMAX20181029_143918_V06,2,0.483,1.200,12434,0,55558.566,2442,0,26411.433
KMAX20181029-11,KMAX20181029_143918_V06,4,0.879,1.200,12436,0,4915.129,1272,0,2150.778
KMAX20181029-11,KMAX20181029_143918_V06,6,1.318,1.200,12441,0,1407.764,626,0,1041.317
KMAX20181029-11,KMAX20181029_143918_V06,10,1.802,1.200,6217,0,112.718,95,0,49.111
KMAX20181029-11,KMAX20181029_143918_V06,11,2.417,1.200,6221,0,82.324,47,0,56.666
KMAX20181029-11,KMAX20181029_143918_V06,12,3.120,1.200,6229,0,111.998,91,0,51.302
KMAX20181029-11,KMAX20181029_143918_V06,13,3.999,1.200,6237,0,129.512,107,0,70.055
KMAX20181029-11,KMAX20181029_143918_V06,14,5.098,1.200,6244,0,153.322,95,0,83.861
KMAX20181029-18,KMAX20181029_143241_V06,0,-0.220,1.200,228,0,141539.124,6,0,139619.653
KMAX20181029-18,KMAX20181029_143241_V06,2,0.483,1.200,228,0,179562.950,4,0,158448.573
KMAX20181029-18,KMAX20181029_143241_V06,4,0.879,1.200,227,0,36407.308,16,0,35745.546
KMAX20181029-18,KMAX20181029_143241_V06,6,1.318,1.200,230,0,1379.771,5,0,1362.166
KMAX20181029-18,KMAX20181029_143241_V06,10,1.802,1.200,116,0,72.277,3,0,34.638
KMAX20181029-18,KMAX20181029_143241_V06,11,2.417,1.200,116,0,7.114,0,0,7.114
KMAX20181029-18,KMAX20181029_143918_V06,0,-0.220,1.200,1308,0,503672.683,58,0,495499.726
KMAX20181029-18,KMAX20181029_143918_V06,2,0.483,1.200,1307,0,139760.681,43,0,136666.964
KMAX20181029-18,KMAX20181029_143918_V06,4,0.879,1.200,1310,0,37674.288,22,0,37592.376
KMAX20181029-18,KMAX20181029_143918_V06,6,1.318,1.200,1309,0,2530.912,13,0,2408.039
KMAX20181029-18,KMAX20181029_143918_V06,10,1.802,1.200,656,0,68.162,5,0,40.622
KMAX20181029-18,KMAX20181029_143918_V06,11,2.417,1.200,660,0,38.158,1,0,26.658
KMAX20181029-18,KMAX20181029_144554_V06,0,-0.220,1.200,1663,0,487036.418,92,0,463927.914
KMAX20181029-18,KMAX20181029_144554_V06,2,0.483,1.200,1661,0,186502.695,43,0,178708.337
KMAX20181029-18,KMAX20181029_144554_V06,4,0.879,1.200,1664,0,65858.380,37,0,51802.522
KMAX20181029-18,KMAX20181029_144554_V06,6,1.318,1.200,1665,0,4112.316,35,0,3084.701
KMAX20181029-18,KMAX20181029_144554_V06,10,1.802,1.200,833,0,121.012,8,0,84.678
KMAX20181029-18,KMAX20181029_144554_V06,11,2.417,1.200,831,0,45.167,3,0,25.759
KMAX20181029-2,KMAX20181029_134529_V06,0,-0.220,1.200,190,0,200935.671,13,0,192997.616
KMAX20181029-2,KMAX20181029_134529_V06,2,0.483,1.200,191,0,203587.063,11,0,184688.360
KMAX20181029-2,KMAX20181029_134529_V06,4,0.879,1.200,193,0,53368.976,11,0,52876.839
KMAX20181029-2,KMAX20181029_134529_V06,8,1.318,1.200,189,0,1629.267,12,0,1530.856
KMAX20181029-2,KMAX20181029_134529_V06,12,1.802,1.200,96,0,12.639,1,0,8.807
KMAX20181029-2,KMAX20181029_134529_V06,13,2.417,1.200,94,0,18.116,0,0,18.116
KMAX20181029-2,KMAX20181029_135119_V06,0,-0.220,1.200,1140,0,528995.059,89,0,453360.031
KMAX20181029-2,KMAX20181029_135119_V06,2,0.483,1.200,1140,0,167157.630,84,0,160626.984
KMAX20181029-2,KMAX20181029_135119_V06,4,0.879,1.200,1141,0,60504.844,71,0,59761.549
KMAX20181029-2,KMAX20181029_135119_V06,8,1.318,1.200,1140,0,4103.498,46,0,2885.301
KMAX20181029-2,KMAX20181029_135119_V06,12,1.802,1.200,569,0,126.564,3,0,107.762
KMAX20181029-2,KMAX20181029_135119_V06,13,2.417,1.200,570,0,65.085,1,0,61.341
KMAX20181029-3,KMAX20181029_134529_V06,0,-0.220,1.200,2916,0,1217599.916,1609,0,392641.946
KMAX20181029-3,KMAX20181029_134529_V06,2,0.483,1.200,2919,0,287722.454,787,0,215176.355
KMAX20181029-3,KMAX20181029_134529_V06,4,0.879,1.200,2924,0,102989.918,587,0,42634.808
KMAX20181029-3,KMAX20181029_134529_V06,8,1.318,1.200,2925,0,37924.695,356,0,17561.724
KMAX20181029-3,KMAX20181029_134529_V06,12,1.802,1.200,1463,0,676.736,26,0,329.506
KMAX20181029-3,KMAX20181029_134529_V06,13,2.417,1.200,1460,0,239.831,6,0,173.508
KMAX20181029-5,KMAX20181029_135119_V06,0,-0.220,1.200,534,0,42873.485,257,0,5984.921
KMAX20181029-5,KMAX20181029_135119_V06,2,0.483,1.200,533,0,9987.711,205,0,4713.383
KMAX20181029-5,KMAX20181029_135119_V06,4,0.879,1.200,529,0,1183.395,111,0,439.153
KMAX20181029-5,KMAX20181029_135119_V06,8,1.318,1.200,534,0,204.232,40,0,108.670
KMAX20181029-5,KMAX20181029_135119_V06,12,1.802,1.200,264,0,25.530,0,0,25.530
KMAX20181029-5,KMAX20181029_135119_V06,13,2.417,1.200,264,0,7.685,0,0,7.685
KMAX20181029-5,KMAX20181029_135119_V06,14,3.120,1.200,265,0,31.333,2,0,22.540
KMAX20181029-5,KMAX20181029_135119_V06,15,3.999,1.200,266,0,8.696,3,0,3.313
KMAX20181029-6,KMAX20181029_135119_V06,0,-0.220,1.200,2474,0,197345.480,1593,0,34536.703
KMAX20181029-6,KMAX20181029_135119_V06,2,0.483,1.200,2477,0,25760.349,1080,0,8462.617
KMAX20181029-6,KMAX20181029_135119_V06,4,0.879,1.200,2475,0,11448.658,812,0,1799.213
KMAX20181029-6,KMAX20181029_135119_V06,8,1.318,1.200,2478,0,3556.084,380,0,980.520
KMAX20181029-6,KMAX20181029_135119_V06,12,1.802,1.200,1237,0,41.146,5,0,30.480
KMAX20181029-6,KMAX20181029_135119_V06,13,2.417,1.200,1235,0,8.870,0,0,8.870
KMAX20181029-6,KMAX20181029_135119_V06,14,3.120,1.200,1235,0,19.908,3,0,11.310
KMAX20181029-6,KMAX20181029_135119_V06,15,3.999,1.200,1236,0,26.861,5,0,23.033
KMAX20181029-9,KMAX20181029_140852_V06,0,-0.220,1.200,453,0,68224.041,221,0,28420.228
KMAX20181029-9,KMAX20181029_140852_V06,2,0.483,1.200,456,0,8325.412,172,0,2819.592
KMAX20181029-9,KMAX20181029_140852_V06,4,0.879,1.200,452,0,768.654,83,0,455.091
KMAX20181029-9,KMAX20181029_140852_V06,8,1.318,1.200,452,0,68.363,22,0,54.182
KMAX20181029-9,KMAX20181029_140852_V06,12,1.802,1.200,226,0,2.118,0,0,2.118
KMAX20181029-9,KMAX20181029_140852_V06,13,2.417,1.200,222,0,7.941,0,0,7.941
KMAX20181029-9,KMAX20181029_140852_V06,14,3.120,1.200,224,0,0.357,0,0,0.357
KMAX20181029-9,KMAX20181029_140852_V06,15,3.999,1.200,223,0,7.783,0,0,7.783
KMAX20181029-10,KMAX20181029_140852_V06,0,-0.220,1.200,7914,0,1145486.552,2406,0,378502.807
KMAX20181029-10,KMAX20181029_140852_V06,2,0.483,1.200,7920,0,342853.537,1493,0,35899.732
KMAX20181029-10,KMAX20181029_140852_V06,4,0.879,1.200,7921,0,72081.279,922,0,12251.358
KMAX20181029-10,KMAX20181029_140852_V06,8,1.318,1.200,7921,0,5844.372,474,0,3146.397
KMAX20181029-10,KMAX20181029_140852_V06,12,1.802,1.200,3959,0,431.379,11,0,354.709
KMAX20181029-10,KMAX20181029_140852_V06,13,2.417,1.200,3961,0,479.204,8,0,439.414
KMAX20181029-13,KMAX20181029_141442_V06,0,-0.220,1.200,344,0,197133.379,29,0,191641.432
KMAX20181029-13,KMAX20181029_141442_V06,2,0.483,1.200,345,0,156006.843,29,0,134246.565
KMAX20181029-13,KMAX20181029_141442_V06,4,0.879,1.200,348,0,48017.616,25,0,42676.807
KMAX20181029-13,KMAX20181029_141442_V06,8,1.318,1.200,346,0,3026.725,29,0,2817.204
KMAX20181029-13,KMAX20181029_141442_V06,12,1.802,1.200,176,0,0.528,0,0,0.528
KMAX20181029-13,KMAX20181029_141442_V06,13,2.417,1.200,178,0,10.604,0,0,10.604
KMAX20181029-17,KMAX20181029_143241_V06,0,-0.220,1.200,5398,0,377736.502,2102,0,183979.909
KMAX20181029-17,KMAX20181029_143241_V06,2,0.483,1.200,5401,0,61424.007,1418,0,34916.554
KMAX20181029-17,KMAX20181029_143241_V06,4,0.879,1.200,5400,0,8643.022,830,0,5319.034
KMAX20181029-17,KMAX20181029_143241_V06,6,1.318,1.200,5399,0,783.938,285,0,490.690
KMAX20181029-17,KMAX20181029_143241_V06,10,1.802,1.200,2706,0,76.834,28,0,20.863
KMAX20181029-17,KMAX20181029_143241_V06,11,2.417,1.200,2706,0,52.734,17,0,37.066
KMAX20181029-17,KMAX20181029_143241_V06,12,3.120,1.200,2707,0,32.130,16,0,23.896
KMAX20181029-17,KMAX20181029_143241_V06,13,3.999,1.200,2706,0,48.568,20,0,32.189
KMAX20181029-17,KMAX20181029_143241_V06,14,5.098,1.200,2712,0,53.921,43,0,25.716
KMAX20181029-19,KMAX20181029_143241_V06,0,-0.220,1.200,8564,0,1549916.773,5132,0,49518.166
KMAX20181029-19,KMAX20181029_143241_V06,2,0.483,1.200,8567,0,73098.203,3146,0,7444.922
KMAX20181029-19,KMAX20181029_143241_V06,4,0.879,1.200,8566,0,5234.829,1053,0,2039.646
KMAX20181029-19,KMAX20181029_143241_V06,6,1.318,1.200,8572,0,327.339,54,0,237.254
KMAX20181029-19,KMAX20181029_143241_V06,10,1.802,1.200,4284,0,57.114,7,0,34.416
KMAX20181029-19,KMAX20181029_143241_V06,11,2.417,1.200,4282,0,59.191,8,0,42.397
KMAX20181029-19,KMAX20181029_143241_V06,12,3.120,1.200,4288,0,26.814,3,0,16.743
KMAX20181029-21,KMAX20181029_143918_V06,0,-0.220,1.200,1185,0,298591.903,574,0,101626.711
KMAX20181029-21,KMAX20181029_143918_V06,2,0.483,1.200,1186,0,18503.328,272,0,10079.039
KMAX20181029-21,KMAX20181029_143918_V06,4,0.879,1.200,1189,0,853.756,87,0,442.455
KMAX20181029-21,KMAX20181029_143918_V06,6,1.318,1.200,1189,0,1101.661,52,0,675.539
KMAX20181029-21,KMAX20181029_143918_V06,10,1.802,1.200,592,0,107.691,6,0,74.133
KMAX20181029-21,KMAX20181029_143918_V06,11,2.417,1.200,593,0,178.883,11,0,89.255
KMAX20181029-26,KMAX20181029_151418_V06,0,-0.220,1.200,5330,0,505208.043,1651,0,246214.839
KMAX20181029-26,KMAX20181029_151418_V06,2,0.483,1.200,5325,0,23737.896,524,0,9364.696
KMAX20181029-26,KMAX20181029_151418_V06,4,0.879,1.200,5329,0,4832.208,173,0,3186.727
KMAX20181029-26,KMAX20181029_151418_V06,6,1.318,1.200,5324,0,4433.744,244,0,2540.977
KMAX20181029-26,KMAX20181029_151418_V06,10,1.802,1.200,2668,0,347.754,25,0,157.500
KMAX20181029-26,KMAX20181029_151418_V06,11,2.417,1.200,2673,0,319.107,13,0,242.795
KMAX20181029-27,KMAX20181029_151418_V06,0,-0.220,1.200,3150,0,521905.269,1272,0,63059.885
KMAX20181029-27,KMAX20181029_151418_V06,2,0.483,1.200,3155,0,16829.001,246,0,8074.767
KMAX20181029-27,KMAX20181029_151418_V06,4,0.879,1.200,3160,0,1992.681,58,0,700.007
KMAX20181029-27,KMAX20181029_151418_V06,6,1.318,1.200,3150,0,1225.788,32,0,731.825
KMAX20181029-27,KMAX20181029_151418_V06,10,1.802,1.200,1581,0,147.406,4,0,90.149
KMAX20181029-27,KMAX20181029_152054_V06,0,-0.220,1.200,1898,0,601487.343,896,0,67378.405
KMAX20181029-27,KMAX20181029_152054_V06,2,0.483,1.200,1898,0,12547.536,221,0,6670.767
KMAX20181029-27,KMAX20181029_152054_V06,4,0.879,1.200,1899,0,1870.388,58,0,973.416
KMAX20181029-27,KMAX20181029_152054_V06,6,1.318,1.200,1903,0,1879.654,54,0,1102.315
KMAX20181029-27,KMAX20181029_152054_V06,10,1.802,1.200,950,0,105.085,1,0,81.211
KMAX20181029-29,KMAX20181029_152054_V06,0,-0.220,1.200,1598,0,231225.373,684,0,29533.388
KMAX20181029-29,KMAX20181029_152054_V06,2,0.483,1.200,1605,0,4540.255,120,0,2281.228
KMAX20181029-29,KMAX20181029_152054_V06,4,0.879,1.200,1602,0,874.972,29,0,452.818
KMAX20181029-29,KMAX20181029_152054_V06,6,1.318,1.200,1599,0,976.827,31,0,470.063
KMAX20181029-29,KMAX20181029_152054_V06,10,1.802,1.200,836,0,78.720,1,0,45.005
KMAX20181030-2,KMAX20181030_134658_V06,0,-0.220,1.200,278,0,152487.513,26,0,130978.381
KMAX20181030-2,KMAX20181030_134658_V06,2,0.483,1.200,280,0,315105.159,16,0,286796.095
KMAX20181030-2,KMAX20181030_134658_V06,4,0.879,1.200,277,0,86960.550,21,0,79934.778
KMAX20181030-2,KMAX20181030_134658_V06,8,1.318,1.200,285,0,5932.424,31,0,5646.023
KMAX20181030-2,KMAX20181030_134658_V06,10,1.802,1.200,139,0,0.417,0,0,0.417
KMAX20181030-2,KMAX20181030_134658_V06,11,2.417,1.200,138,0,18.663,0,0,18.663
KMAX20181030-2,KMAX20181030_135138_V06,0,-0.220,1.200,1144,1,543168.511,67,0,489884.484
KMAX20181030-2,KMAX20181030_135138_V06,2,0.483,1.200,1146,0,177864.398,70,0,175682.992
KMAX20181030-2,KMAX20181030_135138_V06,4,0.879,1.200,1147,0,67114.209,60,0,61414.789
KMAX20181030-2,KMAX20181030_135138_V06,8,1.318,1.200,1149,0,5141.905,43,0,4834.357
KMAX20181030-2,KMAX20181030_135138_V06,10,1.802,1.200,575,0,66.881,0,0,66.881
KMAX20181030-2,KMAX20181030_135138_V06,11,2.417,1.200,575,0,30.045,1,0,27.411
KMAX20181030-2,KMAX20181030_140059_V06,0,-0.220,1.200,4894,0,857450.176,311,0,762121.146
KMAX20181030-2,KMAX20181030_140059_V06,2,0.483,1.200,4891,0,226544.804,357,0,192280.548
KMAX20181030-2,KMAX20181030_140059_V06,4,0.879,1.200,4895,0,67484.357,185,0,61976.390
KMAX20181030-2,KMAX20181030_140059_V06,8,1.318,1.200,4897,0,5438.430,150,0,4613.898
KMAX20181030-2,KMAX20181030_140059_V06,10,1.802,1.200,2451,0,174.801,7,0,129.046
KMAX20181030-2,KMAX20181030_140059_V06,11,2.417,1.200,2453,0,120.019,2,0,112.733
KMAX20181030-2,KMAX20181030_140540_V06,0,-0.220,1.200,317,0,168907.266,15,0,151816.237
KMAX20181030-2,KMAX20181030_140540_V06,2,0.483,1.200,317,0,258447.712,13,0,249958.583
KMAX20181030-2,KMAX20181030_140540_V06,4,0.879,1.200,319,0,34790.893,11,0,34115.433
KMAX20181030-2,KMAX20181030_140540_V06,8,1.318,1.200,315,0,3213.754,21,0,2811.638
KMAX20181030-2,KMAX20181030_140540_V06,10,1.802,1.200,160,0,58.016,4,0,39.577
KMAX20181030-2,KMAX20181030_140540_V06,11,2.417,1.200,160,0,9.711,0,0,9.711
KMAX20181030-2,KMAX20181030_141019_V06,0,-0.220,1.200,1217,0,588809.386,82,0,542306.003
KMAX20181030-2,KMAX20181030_141019_V06,2,0.483,1.200,1215,1,223620.220,73,0,211777.246
KMAX20181030-2,KMAX20181030_141019_V06,4,0.879,1.200,1218,0,35655.495,59,0,32371.701
KMAX20181030-2,KMAX20181030_141019_V06,8,1.318,1.200,1220,0,3429.128,47,0,3186.576
KMAX20181030-2,KMAX20181030_141019_V06,10,1.802,1.200,608,0,73.777,0,0,73.777
KMAX20181030-2,KMAX20181030_141019_V06,11,2.417,1.200,610,0,42.162,0,0,42.162
KMAX20181030-1,KMAX20181030_134218_V06,0,-0.220,1.200,550,0,359066.670,31,0,348375.641
KMAX20181030-1,KMAX20181030_134218_V06,2,0.483,1.200,549,0,247073.292,29,0,231933.655
KMAX20181030-1,KMAX20181030_134218_V06,4,0.879,1.200,546,0,72124.279,49,0,58975.949
KMAX20181030-1,KMAX20181030_134218_V06,8,1.318,1.200,550,0,9746.005,25,0,9072.086
KMAX20181030-1,KMAX20181030_134218_V06,10,1.802,1.200,274,0,41.256,1,0,38.300
KMAX20181030-1,KMAX20181030_134218_V06,11,2.417,1.200,275,0,46.937,0,0,46.937
KMAX20181030-5,KMAX20181030_143340_V06,0,-0.220,1.200,426,0,218046.211,25,0,187312.622
KMAX20181030-5,KMAX20181030_143340_V06,2,0.483,1.200,427,0,185249.408,34,0,169281.300
KMAX20181030-5,KMAX20181030_143340_V06,4,0.879,1.200,425,0,59679.807,29,0,54615.618
KMAX20181030-5,KMAX20181030_143340_V06,8,1.318,1.200,424,0,2607.010,36,0,2308.381
KMAX20181030-5,KMAX20181030_143340_V06,10,1.802,1.200,213,0,33.498,0,0,33.498
KMAX20181030-5,KMAX20181030_143340_V06,11,2.417,1.200,214,0,54.120,0,0,54.120
KMAX20181031-5,KMAX20181031_144850_V06,0,-0.220,1.200,155,0,74074.417,54,0,31555.215
KMAX20181031-5,KMAX20181031_144850_V06,2,0.483,1.200,154,0,7835.778,38,0,3180.154
KMAX20181031-5,KMAX20181031_144850_V06,4,0.879,1.200,155,0,397.147,11,0,179.870
KMAX20181031-5,KMAX20181031_144850_V06,8,1.318,1.200,152,0,0.449,0,0,0.449
KMAX20181031-5,KMAX20181031_144850_V06,12,1.802,1.200,78,0,0.461,0,0,0.461
KMAX20181031-5,KMAX20181031_150031_V06,0,-0.220,1.200,1178,0,186928.344,326,0,81810.436
KMAX20181031-5,KMAX20181031_150031_V06,2,0.483,1.200,1177,0,29786.807,162,0,8637.761
KMAX20181031-5,KMAX20181031_150031_V06,4,0.879,1.200,1174,0,3609.066,52,0,2571.352
KMAX20181031-5,KMAX20181031_150031_V06,8,1.318,1.200,1177,0,1601.180,57,0,972.433
KMAX20181031-5,KMAX20181031_150031_V06,12,1.802,1.200,591,0,292.249,7,0,103.933
KMAX20181031-5,KMAX20181031_150622_V06,0,-0.220,1.200,1438,0,173422.564,545,0,53399.809
KMAX20181031-5,KMAX20181031_150622_V06,2,0.483,1.200,1438,0,27260.095,174,0,8956.322
KMAX20181031-5,KMAX20181031_150622_V06,4,0.879,1.200,1442,0,3303.443,72,0,1982.114
KMAX20181031-5,KMAX20181031_150622_V06,8,1.318,1.200,1442,0,2398.720,61,0,1305.545
KMAX20181031-5,KMAX20181031_150622_V06,12,1.802,1.200,720,0,345.330,4,0,234.075
KMAX20181031-5,KMAX20181031_151214_V06,0,-0.220,1.200,4367,0,181211.893,1505,0,104438.162
KMAX20181031-5,KMAX20181031_151214_V06,2,0.483,1.200,4363,0,35938.579,173,0,21710.820
KMAX20181031-5,KMAX20181031_151214_V06,4,0.879,1.200,4368,0,7107.053,128,0,5095.061
KMAX20181031-5,KMAX20181031_151214_V06,8,1.318,1.200,4367,0,8103.216,190,0,5646.429
KMAX20181031-5,KMAX20181031_151214_V06,10,1.802,1.200,2187,0,600.484,14,0,343.662
KMAX20181031-1,KMAX20181031_134459_V06,0,-0.220,1.200,270,0,41348.360,18,0,36502.500
KMAX20181031-1,KMAX20181031_134459_V06,2,0.483,1.200,271,0,74430.677,9,0,74270.139
KMAX20181031-1,KMAX20181031_134459_V06,4,0.879,1.200,268,0,30228.385,13,0,28351.767
KMAX20181031-1,KMAX20181031_134459_V06,8,1.318,1.200,270,0,2128.724,19,0,1987.108
KMAX20181031-1,KMAX20181031_134459_V06,12,1.802,1.200,138,0,97.920,2,0,68.887
KMAX20181031-1,KMAX20181031_134459_V06,13,2.417,1.200,137,0,7.530,0,0,7.530
KMAX20181031-1,KMAX20181031_135049_V06,0,-0.220,1.200,1165,0,150690.888,50,0,146160.634
KMAX20181031-1,KMAX20181031_135049_V06,2,0.483,1.200,1170,0,88695.029,85,0,85734.184
KMAX20181031-1,KMAX20181031_135049_V06,4,0.879,1.200,1173,0,19890.668,50,0,19360.348
KMAX20181031-1,KMAX20181031_135049_V06,8,1.318,1.200,1171,0,1770.170,28,0,1546.373
KMAX20181031-1,KMAX20181031_135049_V06,12,1.802,1.200,583,0,143.136,3,0,103.582
KMAX20181031-1,KMAX20181031_135049_V06,13,2.417,1.200,589,0,32.556,0,0,32.556
KMAX20181031-10,KMAX20181031_153247_V06,0,-0.220,1.200,545,0,118452.003,9,0,116641.499
KMAX20181031-10,KMAX20181031_153247_V06,2,0.483,1.200,546,0,43643.178,7,0,43095.443
KMAX20181031-10,KMAX20181031_153247_V06,4,0.879,1.200,547,0,7810.270,16,0,7426.434
KMAX20181031-10,KMAX20181031_153247_V06,8,1.318,1.200,548,0,998.498,2,0,994.031
KMAX20181031-10,KMAX20181031_153247_V06,10,1.802,1.200,271,0,38.087,4,0,18.935
KMAX20181031-10,KMAX20181031_153247_V06,11,2.417,1.200,271,0,0.807,0,0,0.807
KMAX20181031-10,KMAX20181031_154308_V06,0,-0.220,1.200,1884,0,183945.407,54,0,183456.067
KMAX20181031-10,KMAX20181031_154308_V06,2,0.483,1.200,1886,0,69262.893,30,0,67298.378
KMAX20181031-10,KMAX20181031_154308_V06,4,0.879,1.200,1886,0,16551.580,16,0,16482.526
KMAX20181031-10,KMAX20181031_154308_V06,8,1.318,1.200,1887,0,1785.351,20,0,1670.825
KMAX20181031-10,KMAX20181031_154308_V06,10,1.802,1.200,942,0,42.311,0,0,42.311
KMAX20181031-10,KMAX20181031_154308_V06,11,2.417,1.200,944,0,25.944,3,0,6.160
KMAX20181031-3,KMAX20181031_140823_V06,0,-0.220,1.200,4613,0,14110.702,1170,0,8559.351
KMAX20181031-3,KMAX20181031_140823_V06,2,0.483,1.200,4610,0,8609.702,1331,0,2837.839
KMAX20181031-3,KMAX20181031_140823_V06,4,0.879,1.200,4614,0,3991.204,1058,0,1577.604
KMAX20181031-3,KMAX20181031_140823_V06,8,1.318,1.200,4613,0,1748.847,735,0,862.973
KMAX20181031-3,KMAX20181031_140823_V06,10,1.802,1.200,2307,0,499.016,148,0,323.282
KMAX20181031-3,KMAX20181031_140823_V06,13,2.417,1.200,2312,0,39.967,29,0,29.730
KMAX20181031-3,KMAX20181031_140823_V06,14,3.120,1.200,2312,0,25.825,3,0,24.965
KMAX20181031-3,KMAX20181031_140823_V06,15,3.999,1.200,2317,0,24.668,3,0,24.028
KMAX20181031-3,KMAX20181031_140823_V06,16,5.098,1.200,2316,0,21.248,6,0,20.498
KMAX20181031-3,KMAX20181031_140823_V06,17,6.416,1.200,2323,0,33.193,5,0,30.592
KMAX20181031-4,KMAX20181031_144300_V06,0,-0.220,1.200,13081,0,172574.518,2446,0,136183.841
KMAX20181031-4,KMAX20181031_144300_V06,2,0.483,1.200,13091,0,18022.532,1010,0,13711.525
KMAX20181031-4,KMAX20181031_144300_V06,4,0.879,1.200,13089,0,5226.919,482,0,3587.984
KMAX20181031-4,KMAX20181031_144300_V06,8,1.318,1.200,13096,0,6300.119,482,0,3887.026
KMAX20181031-4,KMAX20181031_144300_V06,12,1.802,1.200,6548,0,787.927,12,0,635.875
KMAX20181031-4,KMAX20181031_144300_V06,13,2.417,1.200,6557,0,824.299,9,0,635.847
KMAX20181031-7,KMAX20181031_150031_V06,0,-0.220,1.200,2680,0,78589.604,1390,0,40004.101
KMAX20181031-7,KMAX20181031_150031_V06,2,0.483,1.200,2684,0,16518.883,610,0,11957.675
KMAX20181031-7,KMAX20181031_150031_V06,4,0.879,1.200,2684,0,4592.230,386,0,3555.696
KMAX20181031-7,KMAX20181031_150031_V06,8,1.318,1.200,2678,0,990.151,130,0,699.722
KMAX20181031-7,KMAX20181031_150031_V06,12,1.802,1.200,1340,0,138.662,3,0,130.292
KMAX20181031-7,KMAX20181031_150031_V06,13,2.417,1.200,1340,0,134.150,4,0,113.476
KMAX20181031-7,KMAX20181031_150031_V06,14,3.120,1.200,1346,0,141.355,5,0,128.770
KMAX20181031-8,KMAX20181031_150622_V06,0,-0.220,1.200,6132,0,140622.196,2443,0,5132.532
KMAX20181031-8,KMAX20181031_150622_V06,2,0.483,1.200,6131,0,11828.268,826,0,1440.583
KMAX20181031-8,KMAX20181031_150622_V06,4,0.879,1.200,6127,0,512.366,49,0,310.664
KMAX20181031-8,KMAX20181031_150622_V06,8,1.318,1.200,6139,0,135.682,9,0,80.692
KMAX20181031-8,KMAX20181031_150622_V06,12,1.802,1.200,3069,0,44.533,1,0,29.717
KMAX20181101-1,KMAX20181101_134459_V06,0,-0.220,1.200,570,0,422367.247,28,0,383107.113
KMAX20181101-1,KMAX20181101_134459_V06,2,0.483,1.200,571,0,107601.222,18,0,100744.583
KMAX20181101-1,KMAX20181101_134459_V06,4,0.879,1.200,571,0,26475.889,16,0,26250.397
KMAX20181101-1,KMAX20181101_134459_V06,8,1.318,1.200,570,0,2452.365,7,0,2065.465
KMAX20181101-1,KMAX20181101_134459_V06,10,1.802,1.200,285,0,18.523,0,0,18.523
KMAX20181101-1,KMAX20181101_134459_V06,11,2.417,1.200,286,0,35.722,4,0,14.260
KMAX20181101-2,KMAX20181101_142756_V06,0,-0.220,1.200,496,0,235804.429,29,0,233695.104
KMAX20181101-2,KMAX20181101_142756_V06,2,0.483,1.200,494,1,133099.562,43,1,98158.784
KMAX20181101-2,KMAX20181101_142756_V06,4,0.879,1.200,495,0,58978.612,29,0,53761.275
KMAX20181101-2,KMAX20181101_142756_V06,8,1.318,1.200,496,0,2617.114,34,0,2385.818
KMAX20181101-2,KMAX20181101_142756_V06,12,1.802,1.200,248,0,34.434,3,0,17.819
KMAX20181101-2,KMAX20181101_142756_V06,13,2.417,1.200,250,0,50.618,2,0,41.522
KMAX20181102-4,KMAX20181102_160142_V06,0,-0.220,1.200,8468,0,242299.177,1955,0,70446.596
KMAX20181102-4,KMAX20181102_160142_V06,2,0.483,1.200,8473,0,33413.951,954,0,18526.365
KMAX20181102-4,KMAX20181102_160142_V06,4,0.879,1.200,8471,0,10647.515,640,0,7948.341
KMAX20181102-4,KMAX20181102_160142_V06,6,1.318,1.200,8480,0,5080.038,443,0,3533.781
KMAX20181102-4,KMAX20181102_160142_V06,10,1.802,1.200,4241,0,373.363,5,0,352.488
KMAX20181102-4,KMAX20181102_160142_V06,11,2.417,1.200,4249,0,460.353,10,0,420.777
KMAX20181102-4,KMAX20181102_160142_V06,12,3.120,1.200,4248,0,458.860,6,0,432.062
KMAX20181102-4,KMAX20181102_160649_V06,0,-0.220,1.200,13307,0,307073.337,3374,0,96603.600
KMAX20181102-4,KMAX20181102_160649_V06,2,0.483,1.200,13312,0,51961.841,1505,0,28068.432
KMAX20181102-4,KMAX20181102_160649_V06,4,0.879,1.200,13313,0,19262.275,1121,0,12904.180
KMAX20181102-4,KMAX20181102_160649_V06,6,1.318,1.200,13310,0,6461.243,660,0,4806.204
KMAX20181102-4,KMAX20181102_160649_V06,10,1.802,1.200,6664,0,498.305,20,0,384.740
KMAX20181102-4,KMAX20181102_160649_V06,11,2.417,1.200,6670,0,477.608,12,0,407.655
KMAX20181102-4,KMAX20181102_160649_V06,12,3.120,1.200,6673,0,935.061,33,0,707.383
KMAX20181102-4,KMAX20181102_161157_V06,0,-0.220,1.200,14436,0,268310.395,3218,0,125910.472
KMAX20181102-4,KMAX20181102_161157_V06,2,0.483,1.200,14439,0,62964.333,2074,0,30668.081
KMAX20181102-4,KMAX20181102_161157_V06,4,0.879,1.200,14452,0,21540.898,1348,0,12903.788
KMAX20181102-4,KMAX20181102_161157_V06,6,1.318,1.200,14445,0,7627.124,796,0,5524.420
KMAX20181102-4,KMAX20181102_161157_V06,10,1.802,1.200,7228,0,692.646,19,0,563.515
KMAX20181102-4,KMAX20181102_161157_V06,11,2.417,1.200,7237,0,459.547,12,0,427.176
KMAX20181102-4,KMAX20181102_161157_V06,12,3.120,1.200,7236,0,853.430,24,0,738.627
KMAX20181102-1,KMAX20181102_140328_V06,0,-0.220,1.200,578,0,94780.765,4,0,93600.076
KMAX20181102-1,KMAX20181102_140328_V06,2,0.483,1.200,580,0,56820.737,5,0,56631.421
KMAX20181102-1,KMAX20181102_140328_V06,4,0.879,1.200,578,0,67347.568,8,0,67320.246
KMAX20181102-1,KMAX20181102_140328_V06,8,1.318,1.200,579,0,5518.679,1,0,5508.795
KMAX20181102-1,KMAX20181102_140328_V06,10,1.802,1.200,289,0,19.046,0,0,19.046
KMAX20181102-1,KMAX20181102_140328_V06,11,2.417,1.200,289,0,4.758,0,0,4.758
KMAX20181102-1,KMAX20181102_141349_V06,0,-0.220,1.200,1633,0,188521.653,23,0,186784.507
KMAX20181102-1,KMAX20181102_141349_V06,2,0.483,1.200,1634,0,70161.971,33,0,70024.158
KMAX20181102-1,KMAX20181102_141349_V06,4,0.879,1.200,1635,0,21888.967,18,0,21588.087
KMAX20181102-1,KMAX20181102_141349_V06,8,1.318,1.200,1635,0,3976.652,16,0,3898.551
KMAX20181102-1,KMAX20181102_141349_V06,10,1.802,1.200,817,0,68.018,6,0,37.366
KMAX20181102-1,KMAX20181102_141349_V06,11,2.417,1.200,818,0,29.602,2,0,17.535
KMAX20181102-5,KMAX20181102_160649_V06,0,-0.220,1.200,661,0,24067.374,316,0,5595.832
KMAX20181102-5,KMAX20181102_160649_V06,2,0.483,1.200,660,0,6090.035,79,0,3428.405
KMAX20181102-5,KMAX20181102_160649_V06,4,0.879,1.200,659,0,2529.636,83,0,1641.998
KMAX20181102-5,KMAX20181102_160649_V06,6,1.318,1.200,662,0,264.796,47,0,219.321
KMAX20181102-5,KMAX20181102_160649_V06,10,1.802,1.200,346,0,0.556,0,0,0.556
KMAX20181102-5,KMAX20181102_160649_V06,11,2.417,1.200,344,0,10.856,0,0,10.856
KMAX20181102-5,KMAX20181102_160649_V06,12,3.120,1.200,356,0,44.637,2,0,41.371
KMAX20181102-5,KMAX20181102_160649_V06,13,3.999,1.200,349,0,23.142,5,0,16.511
KMAX20181103-1,KMAX20181103_140251_V06,0,-0.220,1.200,488,0,84747.738,10,0,84479.583
KMAX20181103-1,KMAX20181103_140251_V06,2,0.483,1.200,488,0,84610.805,8,0,84567.238
KMAX20181103-1,KMAX20181103_140251_V06,4,0.879,1.200,490,0,34560.211,8,0,34527.735
KMAX20181103-1,KMAX20181103_140251_V06,8,1.318,1.200,492,0,3141.187,4,0,3133.367
KMAX20181103-1,KMAX20181103_140251_V06,10,1.802,1.200,245,0,11.552,2,0,0.726
KMAX20181103-1,KMAX20181103_140251_V06,11,2.417,1.200,245,0,11.640,1,0,4.384
KMAX20181103-1,KMAX20181103_141310_V06,0,-0.220,1.200,1700,0,238835.304,48,0,224616.173
KMAX20181103-1,KMAX20181103_141310_V06,2,0.483,1.200,1702,0,52226.858,50,0,51988.084
KMAX20181103-1,KMAX20181103_141310_V06,4,0.879,1.200,1701,0,47092.078,27,0,46995.607
KMAX20181103-1,KMAX20181103_141310_V06,8,1.318,1.200,1701,0,3206.956,19,0,3073.210
KMAX20181103-1,KMAX20181103_141310_V06,10,1.802,1.200,851,0,30.826,3,0,19.159
KMAX20181103-1,KMAX20181103_141310_V06,11,2.417,1.200,852,0,14.098,2,0,2.531
KMAX20181103-1,KMAX20181103_142328_V06,0,-0.220,1.200,3820,0,190323.879,140,0,185200.068
KMAX20181103-1,KMAX20181103_142328_V06,2,0.483,1.200,3821,0,75624.722,76,0,75342.204
KMAX20181103-1,KMAX20181103_142328_V06,4,0.879,1.200,3825,0,42261.404,50,0,42057.750
KMAX20181103-1,KMAX20181103_142328_V06,8,1.318,1.200,3825,0,3676.021,56,0,3436.835
KMAX20181103-1,KMAX20181103_142328_V06,10,1.802,1.200,1911,0,100.572,9,0,60.823
KMAX20181103-1,KMAX20181103_142328_V06,11,2.417,1.200,1916,0,157.583,6,0,71.523
KMAX20181103-1,KMAX20181103_143347_V06,0,-0.220,1.200,355,0,48029.006,3,0,48010.819
KMAX20181103-1,KMAX20181103_143347_V06,2,0.483,1.200,357,0,68638.052,6,0,68535.980
KMAX20181103-1,KMAX20181103_143347_V06,4,0.879,1.200,357,0,28383.753,1,0,28377.265
KMAX20181103-1,KMAX20181103_143347_V06,8,1.318,1.200,356,0,4327.766,5,0,4307.174
KMAX20181103-1,KMAX20181103_143347_V06,10,1.802,1.200,178,0,39.891,5,0,11.951
KMAX20181103-1,KMAX20181103_143347_V06,11,2.417,1.200,179,0,12.397,0,0,12.397
KMAX20181103-4,KMAX20181103_151501_V06,0,-0.220,1.200,542,0,114861.529,5,0,114795.374
KMAX20181103-4,KMAX20181103_151501_V06,2,0.483,1.200,544,0,68408.359,5,0,68395.968
KMAX20181103-4,KMAX20181103_151501_V06,4,0.879,1.200,544,0,36446.611,7,0,36427.484
KMAX20181103-4,KMAX20181103_151501_V06,8,1.318,1.200,542,0,1714.418,2,0,1712.083
KMAX20181103-4,KMAX20181103_151501_V06,10,1.802,1.200,272,0,40.393,4,0,17.076
KMAX20181103-4,KMAX20181103_151501_V06,11,2.417,1.200,274,0,0.813,0,0,0.813
KMAX20181103-4,KMAX20181103_152520_V06,0,-0.220,1.200,1655,0,174371.303,35,0,172532.922
KMAX20181103-4,KMAX20181103_152520_V06,2,0.483,1.200,1655,0,46500.782,26,0,46374.372
KMAX20181103-4,KMAX20181103_152520_V06,4,0.879,1.200,1657,0,32801.452,29,0,32617.260
KMAX20181103-4,KMAX20181103_152520_V06,8,1.318,1.200,1660,0,3761.449,8,0,3721.788
KMAX20181103-4,KMAX20181103_152520_V06,10,1.802,1.200,828,0,77.266,1,0,64.435
KMAX20181103-4,KMAX20181103_152520_V06,11,2.417,1.200,832,0,18.975,0,0,18.975
KMAX20181103-4,KMAX20181103_153537_V06,0,-0.220,1.200,3554,1,204767.228,95,1,203451.569
KMAX20181103-4,KMAX20181103_153537_V06,2,0.483,1.200,3554,0,61694.566,80,0,61346.003
KMAX20181103-4,KMAX20181103_153537_V06,4,0.879,1.200,3557,0,34991.745,37,0,34838.254
KMAX20181103-4,KMAX20181103_153537_V06,8,1.318,1.200,3558,0,4616.989,57,0,4278.842
KMAX20181103-4,KMAX20181103_153537_V06,10,1.802,1.200,1777,0,96.731,11,0,35.468
KMAX20181103-4,KMAX20181103_153537_V06,11,2.417,1.200,1780,0,60.462,4,0,44.181
KMAX20181103-4,KMAX20181103_154556_V06,0,-0.220,1.200,557,0,87892.311,10,0,87792.498
KMAX20181103-4,KMAX20181103_154556_V06,2,0.483,1.200,556,0,65548.608,8,0,65510.536
KMAX20181103-4,KMAX20181103_154556_V06,4,0.879,1.200,557,0,34918.906,6,0,34893.008
KMAX20181103-4,KMAX20181103_154556_V06,8,1.318,1.200,556,0,1690.435,5,0,1681.441
KMAX20181103-4,KMAX20181103_154556_V06,10,1.802,1.200,278,0,23.981,2,0,6.380
KMAX20181103-4,KMAX20181103_154556_V06,11,2.417,1.200,277,0,11.310,2,0,0.830
KMAX20181103-4,KMAX20181103_155616_V06,0,-0.220,1.200,1891,0,173834.700,48,0,173583.372
KMAX20181103-4,KMAX20181103_155616_V06,2,0.483,1.200,1891,0,70450.941,39,0,69889.681
KMAX20181103-4,KMAX20181103_155616_V06,4,0.879,1.200,1892,0,47327.221,26,0,47238.783
KMAX20181103-4,KMAX20181103_155616_V06,8,1.318,1.200,1891,0,2568.698,14,0,2484.818
KMAX20181103-4,KMAX20181103_155616_V06,10,1.802,1.200,945,0,145.328,13,0,74.271
KMAX20181103-4,KMAX20181103_155616_V06,11,2.417,1.200,948,0,26.600,2,0,20.199
KMAX20181104-7,KMAX20181104_153746_V06,0,-0.220,1.200,16880,0,727774.549,6918,0,44965.905
KMAX20181104-7,KMAX20181104_153746_V06,2,0.483,1.200,16898,0,61892.650,1422,0,5636.713
KMAX20181104-7,KMAX20181104_153746_V06,4,0.879,1.200,16905,0,11148.323,441,0,1918.353
KMAX20181104-7,KMAX20181104_153746_V06,6,1.318,1.200,16911,0,2792.877,96,0,1083.210
KMAX20181104-7,KMAX20181104_154250_V06,0,-0.220,1.200,22008,0,589335.251,7183,0,47342.955
KMAX20181104-7,KMAX20181104_154250_V06,2,0.483,1.200,22037,0,92051.062,1784,0,15110.648
KMAX20181104-7,KMAX20181104_154250_V06,4,0.879,1.200,22033,0,17700.330,657,0,5448.519
KMAX20181104-7,KMAX20181104_154250_V06,6,1.318,1.200,22046,0,5665.476,277,0,1758.313
KMAX20181104-1,KMAX20181104_143701_V06,0,-0.220,1.200,287,0,61102.940,6,0,59071.193
KMAX20181104-1,KMAX20181104_143701_V06,2,0.483,1.200,289,0,54249.435,13,0,51953.828
KMAX20181104-1,KMAX20181104_143701_V06,4,0.879,1.200,288,0,31623.266,21,0,31534.706
KMAX20181104-1,KMAX20181104_143701_V06,6,1.318,1.200,289,0,2777.181,23,0,2563.422
KMAX20181104-1,KMAX20181104_143701_V06,10,1.802,1.200,144,0,17.084,2,0,8.405
KMAX20181104-1,KMAX20181104_143701_V06,11,2.417,1.200,146,0,8.767,0,0,8.767
KMAX20181104-4,KMAX20181104_150722_V06,0,-0.220,1.200,338,0,53021.503,6,0,52977.697
KMAX20181104-4,KMAX20181104_150722_V06,2,0.483,1.200,337,0,110243.708,16,0,103639.003
KMAX20181104-4,KMAX20181104_150722_V06,4,0.879,1.200,336,0,36433.931,12,0,36312.835
KMAX20181104-4,KMAX20181104_150722_V06,6,1.318,1.200,341,0,2130.344,23,0,1978.976
KMAX20181104-4,KMAX20181104_150722_V06,10,1.802,1.200,172,0,65.247,2,0,56.140
KMAX20181104-4,KMAX20181104_150722_V06,11,2.417,1.200,171,0,8.932,0,0,8.932
KMAX20181104-5,KMAX20181104_153242_V06,0,-0.220,1.200,19541,0,1353324.450,8003,0,266723.115
KMAX20181104-5,KMAX20181104_153242_V06,2,0.483,1.200,19541,0,698133.251,7672,0,227558.309
KMAX20181104-5,KMAX20181104_153242_V06,4,0.879,1.200,19553,0,408807.005,5899,0,119451.635
KMAX20181104-5,KMAX20181104_153242_V06,6,1.318,1.200,19560,0,379356.025,4185,0,158837.330
KMAX20181104-5,KMAX20181104_153242_V06,10,1.802,1.200,9773,3,395433.289,1715,0,57800.997
KMAX20181104-5,KMAX20181104_153242_V06,11,2.417,1.200,9782,0,61839.326,968,0,7194.095
KMAX20181104-5,KMAX20181104_153242_V06,12,3.120,1.200,9790,0,16486.347,719,0,3331.177
KMAX20181104-5,KMAX20181104_153242_V06,13,3.999,1.200,9805,0,4725.255,436,0,2954.513
KMAX20181104-5,KMAX20181104_153746_V06,0,-0.220,1.200,27908,0,3061331.147,12736,0,534014.083
KMAX20181104-5,KMAX20181104_153746_V06,2,0.483,1.200,27911,0,1757172.204,12508,0,499564.025
KMAX20181104-5,KMAX20181104_153746_V06,4,0.879,1.200,27918,0,765012.918,10431,0,197111.918
KMAX20181104-5,KMAX20181104_153746_V06,6,1.318,1.200,27926,0,573609.636,7626,0,192427.739
KMAX20181104-5,KMAX20181104_153746_V06,10,1.802,1.200,13978,6,389448.512,2713,0,83748.221
KMAX20181104-5,KMAX20181104_153746_V06,11,2.417,1.200,13979,0,111668.579,1828,0,14753.499
KMAX20181104-5,KMAX20181104_153746_V06,12,3.120,1.200,13990,0,35994.703,1527,0,4736.165
KMAX20181104-5,KMAX20181104_153746_V06,13,3.999,1.200,14002,0,6811.410,802,0,2934.011
KMAX20181104-5,KMAX20181104_154250_V06,0,-0.220,1.200,4977,0,222673.189,2513,0,108125.762
KMAX20181104-5,KMAX20181104_154250_V06,2,0.483,1.200,4997,0,92083.290,1969,0,49373.967
KMAX20181104-5,KMAX20181104_154250_V06,4,0.879,1.200,4988,0,59061.446,1508,0,23889.680
KMAX20181104-5,KMAX20181104_154250_V06,6,1.318,1.200,5026,0,20442.288,896,0,11352.981
KMAX20181104-5,KMAX20181104_154250_V06,10,1.802,1.200,2526,0,11816.511,390,0,3824.048
KMAX20181104-5,KMAX20181104_154250_V06,11,2.417,1.200,2533,0,7060.666,280,0,2538.910
KMAX20181104-5,KMAX20181104_154250_V06,12,3.120,1.200,2530,0,1629.229,153,0,696.254
KMAX20181104-5,KMAX20181104_154250_V06,13,3.999,1.200,2530,0,191.533,9,0,172.797
KMAX20181104-6,KMAX20181104_153242_V06,0,-0.220,1.200,19620,0,908414.546,7490,0,67231.003
KMAX20181104-6,KMAX20181104_153242_V06,2,0.483,1.200,19629,0,77301.333,1293,0,9372.513
KMAX20181104-6,KMAX20181104_153242_V06,4,0.879,1.200,19643,0,11254.966,403,0,2588.879
KMAX20181104-6,KMAX20181104_153242_V06,6,1.318,1.200,19641,0,2811.807,91,0,1096.206
KMAX20181104-13,KMAX20181104_160927_V06,0,-0.220,1.200,3838,0,90576.600,1253,0,51894.322
KMAX20181104-13,KMAX20181104_160927_V06,2,0.483,1.200,3834,0,78809.447,1263,0,41964.816
KMAX20181104-13,KMAX20181104_160927_V06,4,0.879,1.200,3832,0,43481.479,915,0,17049.667
KMAX20181104-13,KMAX20181104_160927_V06,6,1.318,1.200,3834,0,19000.475,597,0,6306.028
KMAX20181104-13,KMAX20181104_160927_V06,10,1.802,1.200,1922,0,5150.436,175,0,1544.379
KMAX20181104-13,KMAX20181104_160927_V06,11,2.417,1.200,1922,0,897.638,87,0,535.186
KMAX20181104-13,KMAX20181104_160927_V06,12,3.120,1.200,1924,0,88.593,10,0,70.912
KMAX20181104-13,KMAX20181104_160927_V06,13,3.999,1.200,1923,0,117.292,15,0,91.469
KMAX20181105-1,KMAX20181105_134951_V06,0,-0.220,1.200,257,0,48504.289,7,0,46577.629
KMAX20181105-1,KMAX20181105_134951_V06,2,0.483,1.200,257,0,60341.074,12,0,58598.139
KMAX20181105-1,KMAX20181105_134951_V06,4,0.879,1.200,258,0,21304.390,18,0,21220.501
KMAX20181105-1,KMAX20181105_134951_V06,6,1.318,1.200,258,0,1764.115,20,0,1638.503
KMAX20181105-1,KMAX20181105_134951_V06,10,1.802,1.200,131,0,110.702,3,0,92.379
KMAX20181105-1,KMAX20181105_134951_V06,11,2.417,1.200,131,0,0.383,0,0,0.383
KMAX20181105-1,KMAX20181105_135455_V06,0,-0.220,1.200,1015,0,124892.718,38,0,121740.786
KMAX20181105-1,KMAX20181105_135455_V06,2,0.483,1.200,1016,0,55583.036,45,0,55155.082
KMAX20181105-1,KMAX20181105_135455_V06,4,0.879,1.200,1014,0,30606.092,34,0,30489.719
KMAX20181105-1,KMAX20181105_135455_V06,6,1.318,1.200,1016,0,1724.986,30,0,1618.120
KMAX20181105-1,KMAX20181105_135455_V06,10,1.802,1.200,510,0,141.840,2,0,134.657
KMAX20181105-1,KMAX20181105_135455_V06,11,2.417,1.200,509,0,21.882,0,0,21.882
KMAX20181105-3,KMAX20181105_142519_V06,0,-0.220,1.200,329,0,40189.081,5,0,40169.327
KMAX20181105-3,KMAX20181105_142519_V06,2,0.483,1.200,328,0,50566.530,8,0,50530.801
KMAX20181105-3,KMAX20181105_142519_V06,4,0.879,1.200,327,0,37417.412,3,0,37407.840
KMAX20181105-3,KMAX20181105_142519_V06,8,1.318,1.200,328,0,1142.985,3,0,1131.557
KMAX20181105-3,KMAX20181105_142519_V06,10,1.802,1.200,160,0,0.480,0,0,0.480
KMAX20181105-3,KMAX20181105_142519_V06,11,2.417,1.200,162,0,13.914,0,0,13.914
KMAX20181105-3,KMAX20181105_143528_V06,0,-0.220,1.200,1666,0,154261.444,56,0,153205.300
KMAX20181105-3,KMAX20181105_143528_V06,2,0.483,1.200,1666,0,59247.897,25,0,59130.013
KMAX20181105-3,KMAX20181105_143528_V06,4,0.879,1.200,1664,0,16192.453,25,0,16091.477
KMAX20181105-3,KMAX20181105_143528_V06,8,1.318,1.200,1665,0,2130.592,14,0,2092.740
KMAX20181105-3,KMAX20181105_143528_V06,10,1.802,1.200,834,0,58.035,6,0,33.343
KMAX20181105-3,KMAX20181105_143528_V06,11,2.417,1.200,833,0,38.163,5,0,2.481
KMAX20181105-5,KMAX20181105_153224_V06,0,-0.220,1.200,234,0,72860.150,12,0,59053.280
KMAX20181105-5,KMAX20181105_153224_V06,2,0.483,1.200,234,0,133864.873,6,0,131241.686
KMAX20181105-5,KMAX20181105_153224_V06,4,0.879,1.200,235,0,23781.990,11,0,22671.248
KMAX20181105-5,KMAX20181105_153224_V06,6,1.318,1.200,235,0,7087.958,20,0,6827.700
KMAX20181105-5,KMAX20181105_153224_V06,10,1.802,1.200,117,0,12.755,0,0,12.755
KMAX20181105-5,KMAX20181105_153224_V06,11,2.417,1.200,117,0,52.011,0,0,52.011
KMAX20181105-5,KMAX20181105_153632_V06,0,-0.220,1.200,1002,0,349677.231,46,0,326528.200
KMAX20181105-5,KMAX20181105_153632_V06,2,0.483,1.200,1002,0,83045.574,36,0,78765.893
KMAX20181105-5,KMAX20181105_153632_V06,4,0.879,1.200,1004,0,91451.370,58,0,86156.999
KMAX20181105-5,KMAX20181105_153632_V06,6,1.318,1.200,1002,0,5122.660,36,0,4945.248
KMAX20181105-5,KMAX20181105_153632_V06,10,1.802,1.200,501,0,59.642,0,0,59.642
KMAX20181105-5,KMAX20181105_153632_V06,11,2.417,1.200,501,0,62.141,0,0,62.141
KMAX20181105-6,KMAX20181105_160529_V06,0,-0.220,1.200,338,0,182181.202,15,0,169419.417
KMAX20181105-6,KMAX20181105_160529_V06,2,0.483,1.200,334,0,180123.154,13,0,178327.557
KMAX20181105-6,KMAX20181105_160529_V06,4,0.879,1.200,335,0,55507.397,15,0,53157.284
KMAX20181105-6,KMAX20181105_160529_V06,6,1.318,1.200,337,0,4649.211,23,0,4007.902
KMAX20181105-6,KMAX20181105_160529_V06,10,1.802,1.200,167,0,63.296,1,0,59.121
KMAX20181105-6,KMAX20181105_160529_V06,11,2.417,1.200,164,0,0.497,0,0,0.497
KMAX20181105-6,KMAX20181105_160936_V06,0,-0.220,1.200,1145,0,432099.030,60,0,408437.126
KMAX20181105-6,KMAX20181105_160936_V06,2,0.483,1.200,1148,0,157186.887,58,0,152878.176
KMAX20181105-6,KMAX20181105_160936_V06,4,0.879,1.200,1146,0,43090.104,55,0,42475.125
KMAX20181105-6,KMAX20181105_160936_V06,6,1.318,1.200,1149,0,3351.011,36,0,3027.732
KMAX20181105-6,KMAX20181105_160936_V06,10,1.802,1.200,573,0,129.182,3,0,112.675
KMAX20181105-6,KMAX20181105_160936_V06,11,2.417,1.200,573,0,25.365,0,0,25.365
KMAX20181106-2,KMAX20181106_135037_V06,0,-0.220,1.200,176,0,127050.833,9,0,117359.246
KMAX20181106-2,KMAX20181106_135037_V06,2,0.483,1.200,177,1,207133.778,10,1,170618.692
KMAX20181106-2,KMAX20181106_135037_V06,4,0.879,1.200,176,0,53573.550,9,0,51057.013
KMAX20181106-2,KMAX20181106_135037_V06,6,1.318,1.200,176,0,6452.544,18,0,5928.298
KMAX20181106-2,KMAX20181106_135037_V06,10,1.802,1.200,87,0,7.893,0,0,7.893
KMAX20181106-2,KMAX20181106_135037_V06,11,2.417,1.200,89,0,0.263,0,0,0.263
KMAX20181106-2,KMAX20181106_140044_V06,0,-0.220,1.200,1366,0,449445.882,87,0,424031.106
KMAX20181106-2,KMAX20181106_140044_V06,2,0.483,1.200,1375,0,170425.846,80,0,169322.796
KMAX20181106-2,KMAX20181106_140044_V06,4,0.879,1.200,1369,0,81263.318,67,0,79765.056
KMAX20181106-2,KMAX20181106_140044_V06,6,1.318,1.200,1371,0,3517.134,37,0,3288.672
KMAX20181106-2,KMAX20181106_140044_V06,10,1.802,1.200,687,0,115.416,3,0,90.650
KMAX20181106-2,KMAX20181106_140044_V06,11,2.417,1.200,687,0,42.566,3,0,30.245
KMAX20181106-4,KMAX20181106_144614_V06,0,-0.220,1.200,311,0,216984.451,16,0,201145.116
KMAX20181106-4,KMAX20181106_144614_V06,2,0.483,1.200,308,0,186813.639,12,0,183296.457
KMAX20181106-4,KMAX20181106_144614_V06,4,0.879,1.200,310,0,52509.313,22,0,49040.633
KMAX20181106-4,KMAX20181106_144614_V06,6,1.318,1.200,311,0,2296.687,27,0,2053.275
KMAX20181106-4,KMAX20181106_144614_V06,10,1.802,1.200,155,0,34.627,2,0,24.890
KMAX20181106-4,KMAX20181106_144614_V06,11,2.417,1.200,157,0,22.513,0,0,22.513
KMAX20181106-4,KMAX20181106_145117_V06,0,-0.220,1.200,1259,0,687250.672,109,0,578209.206
KMAX20181106-4,KMAX20181106_145117_V06,2,0.483,1.200,1265,0,132907.389,86,0,123906.447
KMAX20181106-4,KMAX20181106_145117_V06,4,0.879,1.200,1263,0,44752.428,65,0,44034.655
KMAX20181106-4,KMAX20181106_145117_V06,6,1.318,1.200,1262,0,3106.652,55,0,2756.961
KMAX20181106-4,KMAX20181106_145117_V06,10,1.802,1.200,637,0,64.716,2,0,50.282
KMAX20181106-4,KMAX20181106_145117_V06,11,2.417,1.200,635,0,29.215,0,0,29.215
KMAX20181106-3,KMAX20181106_142058_V06,0,-0.220,1.200,338,0,182359.174,17,0,175590.207
KMAX20181106-3,KMAX20181106_142058_V06,2,0.483,1.200,338,0,188611.043,21,0,183096.494
KMAX20181106-3,KMAX20181106_142058_V06,4,0.879,1.200,339,0,90361.916,30,0,79352.381
KMAX20181106-3,KMAX20181106_142058_V06,6,1.318,1.200,338,0,4372.094,28,0,4201.727
KMAX20181106-3,KMAX20181106_142058_V06,10,1.802,1.200,171,0,58.326,4,0,37.084
KMAX20181106-3,KMAX20181106_142058_V06,11,2.417,1.200,171,0,0.510,0,0,0.510
KMAX20181106-5,KMAX20181106_151128_V06,0,-0.220,1.200,565,0,230366.675,53,0,217094.375
KMAX20181106-5,KMAX20181106_151128_V06,2,0.483,1.200,561,0,126903.591,54,0,120696.522
KMAX20181106-5,KMAX20181106_151128_V06,4,0.879,1.200,564,0,28021.336,33,0,27881.651
KMAX20181106-5,KMAX20181106_151128_V06,6,1.318,1.200,564,0,3551.623,33,0,3154.759
KMAX20181106-5,KMAX20181106_151128_V06,10,1.802,1.200,281,0,57.601,2,0,45.413
KMAX20181106-5,KMAX20181106_151128_V06,11,2.417,1.200,280,0,33.717,0,0,33.717
KMAX20181106-6,KMAX20181106_154342_V06,0,-0.220,1.200,521,0,346727.329,41,0,312176.020
KMAX20181106-6,KMAX20181106_154342_V06,2,0.483,1.200,519,0,162331.876,35,0,156223.456
KMAX20181106-6,KMAX20181106_154342_V06,4,0.879,1.200,518,0,73127.090,53,0,37517.292
KMAX20181106-6,KMAX20181106_154342_V06,6,1.318,1.200,522,0,3734.138,36,0,3224.399
KMAX20181106-6,KMAX20181106_154342_V06,10,1.802,1.200,260,0,58.179,0,0,58.179
KMAX20181106-6,KMAX20181106_154342_V06,11,2.417,1.200,260,0,36.513,0,0,36.513
KMAX20181106-6,KMAX20181106_154845_V06,0,-0.220,1.200,354,0,247336.422,23,0,233092.958
KMAX20181106-6,KMAX20181106_154845_V06,2,0.483,1.200,352,0,163188.396,22,0,138348.163
KMAX20181106-6,KMAX20181106_154845_V06,4,0.879,1.200,352,0,55695.371,29,0,41267.500
KMAX20181106-6,KMAX20181106_154845_V06,6,1.318,1.200,351,0,4033.397,29,0,3727.882
KMAX20181106-6,KMAX20181106_154845_V06,10,1.802,1.200,178,0,47.926,1,0,35.031
KMAX20181106-6,KMAX20181106_154845_V06,11,2.417,1.200,179,0,22.777,1,0,19.768
KMAX20181107-9,KMAX20181107_152220_V06,0,-0.220,1.200,179,0,189881.780,13,0,160710.904
KMAX20181107-9,KMAX20181107_152220_V06,2,0.483,1.200,180,0,126902.249,6,0,124704.585
KMAX20181107-9,KMAX20181107_152220_V06,4,0.879,1.200,181,0,36399.191,12,0,31923.322
KMAX20181107-9,KMAX20181107_152220_V06,6,1.318,1.200,182,0,5706.940,12,0,5561.767
KMAX20181107-9,KMAX20181107_152220_V06,8,1.802,1.200,90,0,11.212,0,0,11.212
KMAX20181107-9,KMAX20181107_152220_V06,9,2.417,1.200,91,0,0.269,0,0,0.269
KMAX20181107-9,KMAX20181107_152643_V06,0,-0.220,1.200,941,0,608480.912,59,0,556988.765
KMAX20181107-9,KMAX20181107_152643_V06,2,0.483,1.200,941,0,144555.851,71,0,141692.557
KMAX20181107-9,KMAX20181107_152643_V06,4,0.879,1.200,940,0,63596.345,65,0,62413.704
KMAX20181107-9,KMAX20181107_152643_V06,6,1.318,1.200,941,0,5947.520,35,0,4253.535
KMAX20181107-9,KMAX20181107_152643_V06,8,1.802,1.200,472,0,96.285,4,0,76.133
KMAX20181107-9,KMAX20181107_152643_V06,9,2.417,1.200,472,0,24.166,0,0,24.166
KMAX20181107-9,KMAX20181107_153105_V06,0,-0.220,1.200,1226,0,640459.548,78,0,596741.806
KMAX20181107-9,KMAX20181107_153105_V06,2,0.483,1.200,1225,0,251005.896,84,0,240014.093
KMAX20181107-9,KMAX20181107_153105_V06,4,0.879,1.200,1226,0,48416.361,67,0,45363.815
KMAX20181107-9,KMAX20181107_153105_V06,6,1.318,1.200,1219,0,6666.349,40,0,5724.546
KMAX20181107-9,KMAX20181107_153105_V06,10,1.802,1.200,615,0,114.353,7,0,73.895
KMAX20181107-9,KMAX20181107_153105_V06,11,2.417,1.200,615,0,40.480,0,0,40.480
KMAX20181107-9,KMAX20181107_153611_V06,0,-0.220,1.200,1915,0,599650.499,157,0,567618.243
KMAX20181107-9,KMAX20181107_153611_V06,2,0.483,1.200,1914,0,255382.034,108,0,235672.701
KMAX20181107-9,KMAX20181107_153611_V06,4,0.879,1.200,1914,0,69200.885,83,0,57313.819
KMAX20181107-9,KMAX20181107_153611_V06,6,1.318,1.200,1913,0,3740.090,74,0,3290.081
KMAX20181107-9,KMAX20181107_153611_V06,10,1.802,1.200,956,0,17.678,0,0,17.678
KMAX20181107-9,KMAX20181107_153611_V06,11,2.417,1.200,961,0,45.526,1,0,41.804
KMAX20181107-9,KMAX20181107_154118_V06,0,-0.220,1.200,527,0,341543.041,37,0,302611.671
KMAX20181107-9,KMAX20181107_154118_V06,2,0.483,1.200,528,0,207400.727,22,0,194855.475
KMAX20181107-9,KMAX20181107_154118_V06,4,0.879,1.200,528,0,51878.050,27,0,51203.815
KMAX20181107-9,KMAX20181107_154118_V06,6,1.318,1.200,529,0,5018.343,24,0,4792.544
KMAX20181107-9,KMAX20181107_154118_V06,10,1.802,1.200,263,0,107.410,1,0,98.682
KMAX20181107-9,KMAX20181107_154118_V06,11,2.417,1.200,263,0,25.091,0,0,25.091
KMAX20181107-2,KMAX20181107_135439_V06,0,-0.220,1.200,235,0,243250.897,16,0,220000.363
KMAX20181107-2,KMAX20181107_135439_V06,2,0.483,1.200,234,0,220785.630,12,0,198176.590
KMAX20181107-2,KMAX20181107_135439_V06,4,0.879,1.200,236,0,87821.138,16,0,85226.795
KMAX20181107-2,KMAX20181107_135439_V06,6,1.318,1.200,236,0,4485.296,22,0,4017.281
KMAX20181107-2,KMAX20181107_135439_V06,8,1.802,1.200,120,0,44.003,4,0,8.912
KMAX20181107-2,KMAX20181107_135439_V06,9,2.417,1.200,120,0,60.167,2,0,28.996
KMAX20181107-2,KMAX20181107_140325_V06,0,-0.220,1.200,1446,0,530811.992,101,0,481416.624
KMAX20181107-2,KMAX20181107_140325_V06,2,0.483,1.200,1448,0,191344.478,123,0,169950.513
KMAX20181107-2,KMAX20181107_140325_V06,4,0.879,1.200,1446,0,77936.082,72,0,70206.966
KMAX20181107-2,KMAX20181107_140325_V06,6,1.318,1.200,1447,0,6782.755,59,0,6115.080
KMAX20181107-2,KMAX20181107_140325_V06,8,1.802,1.200,722,0,60.429,2,0,39.978
KMAX20181107-2,KMAX20181107_140325_V06,9,2.417,1.200,722,0,23.359,0,0,23.359
KMAX20181107-2,KMAX20181107_140748_V06,0,-0.220,1.200,556,0,291176.557,38,0,282997.696
KMAX20181107-2,KMAX20181107_140748_V06,2,0.483,1.200,554,0,243644.083,40,0,212730.664
KMAX20181107-2,KMAX20181107_140748_V06,4,0.879,1.200,553,0,107610.025,36,0,100966.925
KMAX20181107-2,KMAX20181107_140748_V06,6,1.318,1.200,552,0,7301.168,45,0,6682.383
KMAX20181107-2,KMAX20181107_140748_V06,8,1.802,1.200,276,0,25.305,0,0,25.305
KMAX20181107-2,KMAX20181107_140748_V06,9,2.417,1.200,278,0,10.374,0,0,10.374
KMAX20181107-4,KMAX20181107_141634_V06,0,-0.220,1.200,292,0,223402.486,17,0,193623.508
KMAX20181107-4,KMAX20181107_141634_V06,2,0.483,1.200,292,0,210153.144,7,0,209961.535
KMAX20181107-4,KMAX20181107_141634_V06,4,0.879,1.200,292,0,71464.634,25,0,60188.709
KMAX20181107-4,KMAX20181107_141634_V06,6,1.318,1.200,295,0,8907.579,33,0,5889.157
KMAX20181107-4,KMAX20181107_141634_V06,8,1.802,1.200,149,0,9.141,0,0,9.141
KMAX20181107-4,KMAX20181107_141634_V06,9,2.417,1.200,148,0,29.856,0,0,29.856
KMAX20181107-4,KMAX20181107_142057_V06,0,-0.220,1.200,1072,0,604561.933,89,0,572846.506
KMAX20181107-4,KMAX20181107_142057_V06,2,0.483,1.200,1072,0,227741.434,76,0,209429.007
KMAX20181107-4,KMAX20181107_142057_V06,4,0.879,1.200,1075,0,74618.836,65,0,74207.438
KMAX20181107-4,KMAX20181107_142057_V06,6,1.318,1.200,1070,0,9059.391,52,0,8795.667
KMAX20181107-4,KMAX20181107_142057_V06,8,1.802,1.200,535,0,94.168,6,0,55.116
KMAX20181107-4,KMAX20181107_142057_V06,9,2.417,1.200,540,0,51.643,0,0,51.643
KMAX20181107-7,KMAX20181107_151333_V06,0,-0.220,1.200,252,0,165889.194,16,0,155309.375
KMAX20181107-7,KMAX20181107_151333_V06,2,0.483,1.200,255,0,231366.113,17,0,209468.026
KMAX20181107-7,KMAX20181107_151333_V06,4,0.879,1.200,251,0,94574.754,19,0,83740.096
KMAX20181107-7,KMAX20181107_151333_V06,6,1.318,1.200,255,0,6165.920,24,0,6043.090
KMAX20181107-7,KMAX20181107_151333_V06,8,1.802,1.200,128,0,43.276,3,0,18.671
KMAX20181107-7,KMAX20181107_151333_V06,9,2.417,1.200,129,0,0.389,0,0,0.389
KMAX20181107-7,KMAX20181107_151755_V06,0,-0.220,1.200,980,0,356568.479,53,0,332780.085
KMAX20181107-7,KMAX20181107_151755_V06,2,0.483,1.200,980,0,219460.539,77,0,200234.299
KMAX20181107-7,KMAX20181107_151755_V06,4,0.879,1.200,981,0,81023.135,54,0,75706.881
KMAX20181107-7,KMAX20181107_151755_V06,6,1.318,1.200,985,0,8375.859,40,0,8062.700
KMAX20181107-7,KMAX20181107_151755_V06,8,1.802,1.200,490,0,69.323,4,0,55.302
KMAX20181107-7,KMAX20181107_151755_V06,9,2.417,1.200,493,0,19.059,0,0,19.059
KMAX20181107-13,KMAX20181107_155132_V06,0,-0.220,1.200,557,0,363736.529,28,0,349025.942
KMAX20181107-13,KMAX20181107_155132_V06,2,0.483,1.200,556,0,190142.479,39,0,170238.306
KMAX20181107-13,KMAX20181107_155132_V06,4,0.879,1.200,555,0,53228.533,48,0,49366.762
KMAX20181107-13,KMAX20181107_155132_V06,6,1.318,1.200,556,0,7025.443,26,0,4670.553
KMAX20181107-13,KMAX20181107_155132_V06,10,1.802,1.200,279,0,43.024,0,0,43.024
KMAX20181107-13,KMAX20181107_155132_V06,11,2.417,1.200,278,0,15.482,0,0,15.482
KMAX20181107-13,KMAX20181107_160144_V06,0,-0.220,1.200,1959,0,630869.183,150,0,549341.773
KMAX20181107-13,KMAX20181107_160144_V06,2,0.483,1.200,1960,0,208817.657,119,0,198168.558
KMAX20181107-13,KMAX20181107_160144_V06,4,0.879,1.200,1959,0,87705.449,63,0,83517.103
KMAX20181107-13,KMAX20181107_160144_V06,6,1.318,1.200,1961,0,7945.536,70,0,7648.216
KMAX20181107-13,KMAX20181107_160144_V06,10,1.802,1.200,985,0,69.191,1,0,66.423
KMAX20181107-13,KMAX20181107_160144_V06,11,2.417,1.200,981,0,77.315,1,0,74.480
KMAX20181107-13,KMAX20181107_160651_V06,0,-0.220,1.200,3060,1,649051.279,210,0,584970.250
KMAX20181107-13,KMAX20181107_160651_V06,2,0.483,1.200,3053,0,273686.934,185,0,254781.182
KMAX20181107-13,KMAX20181107_160651_V06,4,0.879,1.200,3059,0,101337.288,113,0,91568.065
KMAX20181107-13,KMAX20181107_160651_V06,6,1.318,1.200,3060,0,6885.038,111,0,5520.785
KMAX20181107-13,KMAX20181107_160651_V06,10,1.802,1.200,1534,0,176.793,3,0,154.702
KMAX20181107-13,KMAX20181107_160651_V06,11,2.417,1.200,1530,0,99.310,0,0,99.310
KMAX20181107-13,KMAX20181107_161156_V06,0,-0.220,1.200,340,0,215948.369,23,0,205622.672
KMAX20181107-13,KMAX20181107_161156_V06,2,0.483,1.200,343,0,186250.777,23,0,183346.645
KMAX20181107-13,KMAX20181107_161156_V06,4,0.879,1.200,344,0,44260.931,17,0,43837.495
KMAX20181107-13,KMAX20181107_161156_V06,6,1.318,1.200,341,0,7292.456,17,0,6750.929
KMAX20181107-13,KMAX20181107_161156_V06,10,1.802,1.200,166,0,12.322,0,0,12.322
KMAX20181107-13,KMAX20181107_161156_V06,11,2.417,1.200,170,0,10.070,0,0,10.070
KMAX20181107-5,KMAX20181107_144714_V06,0,-0.220,1.200,554,0,405924.856,41,0,385952.377
KMAX20181107-5,KMAX20181107_144714_V06,2,0.483,1.200,559,0,196933.456,30,0,193156.756
KMAX20181107-5,KMAX20181107_144714_V06,4,0.879,1.200,553,0,67521.672,45,0,65916.109
KMAX20181107-5,KMAX20181107_144714_V06,6,1.318,1.200,554,0,8919.732,22,0,7220.701
KMAX20181107-5,KMAX20181107_144714_V06,8,1.802,1.200,276,0,57.735,3,0,39.591
KMAX20181107-5,KMAX20181107_144714_V06,9,2.417,1.200,279,0,44.155,2,0,34.361
KMAX20181107-5,KMAX20181107_145137_V06,0,-0.220,1.200,1847,0,579068.150,127,0,524329.735
KMAX20181107-5,KMAX20181107_145137_V06,2,0.483,1.200,1846,0,134019.009,103,0,132362.693
KMAX20181107-5,KMAX20181107_145137_V06,4,0.879,1.200,1854,0,64348.501,96,0,62565.148
KMAX20181107-5,KMAX20181107_145137_V06,6,1.318,1.200,1848,0,8593.107,55,0,6337.319
KMAX20181107-5,KMAX20181107_145137_V06,8,1.802,1.200,922,0,109.846,3,0,90.774
KMAX20181107-5,KMAX20181107_145137_V06,9,2.417,1.200,920,0,107.055,2,0,100.149
KMAX20181107-5,KMAX20181107_150023_V06,0,-0.220,1.200,562,0,410988.528,34,0,382846.810
KMAX20181107-5,KMAX20181107_150023_V06,2,0.483,1.200,565,0,196880.053,54,0,162947.971
KMAX20181107-5,KMAX20181107_150023_V06,4,0.879,1.200,564,0,78693.624,38,0,72580.870
KMAX20181107-5,KMAX20181107_150023_V06,6,1.318,1.200,561,0,8299.315,23,0,7888.426
KMAX20181107-5,KMAX20181107_150023_V06,8,1.802,1.200,281,0,45.427,0,0,45.427
KMAX20181107-5,KMAX20181107_150023_V06,9,2.417,1.200,281,0,6.520,0,0,6.520
KMAX20181108-2,KMAX20181108_140141_V06,0,0.000,1.200,276,0,222281.721,6,0,221289.777
KMAX20181108-2,KMAX20181108_140141_V06,2,0.483,1.200,276,0,168543.000,3,0,168487.969
KMAX20181108-2,KMAX20181108_140141_V06,4,0.879,1.200,276,0,79452.598,3,0,79399.630
KMAX20181108-2,KMAX20181108_140141_V06,8,1.318,1.200,277,0,5200.773,2,0,5122.212
KMAX20181108-2,KMAX20181108_140141_V06,10,1.802,1.200,137,0,11.794,0,0,11.794
KMAX20181108-2,KMAX20181108_140141_V06,11,2.417,1.200,136,0,6.687,0,0,6.687
KMAX20181108-2,KMAX20181108_141203_V06,0,0.000,1.200,1155,0,305305.411,38,0,302844.103
KMAX20181108-2,KMAX20181108_141203_V06,2,0.483,1.200,1156,0,172167.398,17,0,171818.123
KMAX20181108-2,KMAX20181108_141203_V06,4,0.879,1.200,1156,0,99762.442,13,0,99592.237
KMAX20181108-2,KMAX20181108_141203_V06,8,1.318,1.200,1159,0,6019.393,16,0,5882.326
KMAX20181108-2,KMAX20181108_141203_V06,10,1.802,1.200,576,0,28.503,0,0,28.503
KMAX20181108-2,KMAX20181108_141203_V06,11,2.417,1.200,579,0,30.561,2,0,22.634
KMAX20181108-2,KMAX20181108_142224_V06,0,0.000,1.200,1198,0,375430.008,45,0,371912.904
KMAX20181108-2,KMAX20181108_142224_V06,2,0.483,1.200,1198,0,205950.768,28,0,205772.921
KMAX20181108-2,KMAX20181108_142224_V06,4,0.879,1.200,1198,0,94181.973,17,0,93682.369
KMAX20181108-2,KMAX20181108_142224_V06,8,1.318,1.200,1198,0,8572.241,7,0,8541.364
KMAX20181108-2,KMAX20181108_142224_V06,10,1.802,1.200,598,0,114.915,12,0,38.907
KMAX20181108-2,KMAX20181108_142224_V06,11,2.417,1.200,600,0,62.495,6,0,30.350
KMAX20181108-2,KMAX20181108_143246_V06,0,0.000,1.200,1172,0,373323.148,45,0,367026.898
KMAX20181108-2,KMAX20181108_143246_V06,2,0.483,1.200,1172,0,253180.093,26,0,252599.312
KMAX20181108-2,KMAX20181108_143246_V06,4,0.879,1.200,1171,0,102622.126,26,0,102092.211
KMAX20181108-2,KMAX20181108_143246_V06,8,1.318,1.200,1173,0,5948.255,14,0,5873.651
KMAX20181108-2,KMAX20181108_143246_V06,10,1.802,1.200,582,0,24.747,3,0,14.255
KMAX20181108-2,KMAX20181108_143246_V06,11,2.417,1.200,583,0,24.612,2,0,13.540
KMAX20181108-2,KMAX20181108_144307_V06,0,0.000,1.200,1102,0,375185.215,38,0,371045.455
KMAX20181108-2,KMAX20181108_144307_V06,2,0.483,1.200,1104,0,236603.465,13,0,236502.041
KMAX20181108-2,KMAX20181108_144307_V06,4,0.879,1.200,1104,0,102563.721,23,0,101690.939
KMAX20181108-2,KMAX20181108_144307_V06,8,1.318,1.200,1105,0,6819.941,9,0,6750.190
KMAX20181108-2,KMAX20181108_144307_V06,10,1.802,1.200,553,0,50.968,6,0,18.030
KMAX20181108-2,KMAX20181108_144307_V06,11,2.417,1.200,557,0,20.896,0,0,20.896
KMAX20181108-2,KMAX20181108_150351_V06,0,0.000,1.200,992,0,310421.225,28,0,307500.781
KMAX20181108-2,KMAX20181108_150351_V06,2,0.483,1.200,991,0,202327.643,19,0,202018.793
KMAX20181108-2,KMAX20181108_150351_V06,4,0.879,1.200,991,0,96392.148,19,0,90557.524
KMAX20181108-2,KMAX20181108_150351_V06,8,1.318,1.200,994,0,7061.975,4,0,7051.868
KMAX20181108-2,KMAX20181108_150351_V06,10,1.802,1.200,498,0,34.368,4,0,9.596
KMAX20181108-2,KMAX20181108_150351_V06,11,2.417,1.200,497,0,29.426,2,0,20.720
KMAX20181108-2,KMAX20181108_151414_V06,0,0.000,1.200,938,1,344191.541,32,1,343505.543
KMAX20181108-2,KMAX20181108_151414_V06,2,0.483,1.200,939,0,182189.987,18,0,182053.529
KMAX20181108-2,KMAX20181108_151414_V06,4,0.879,1.200,938,0,51050.495,10,0,51022.703
KMAX20181108-2,KMAX20181108_151414_V06,8,1.318,1.200,937,0,5955.173,18,0,5401.108
KMAX20181108-2,KMAX20181108_151414_V06,10,1.802,1.200,470,0,12.572,0,0,12.572
KMAX20181108-2,KMAX20181108_151414_V06,11,2.417,1.200,471,0,26.813,2,0,20.488
KMAX20181108-2,KMAX20181108_151414_V06,12,3.120,1.200,470,0,24.261,2,0,19.727
KMAX20181108-2,KMAX20181108_152436_V06,0,0.000,1.200,882,0,330907.419,15,0,325730.345
KMAX20181108-2,KMAX20181108_152436_V06,2,0.483,1.200,881,0,197475.109,17,0,195642.637
KMAX20181108-2,KMAX20181108_152436_V06,4,0.879,1.200,881,0,82989.630,19,0,82774.315
KMAX20181108-2,KMAX20181108_152436_V06,8,1.318,1.200,881,0,5413.735,7,0,5207.208
KMAX20181108-2,KMAX20181108_152436_V06,10,1.802,1.200,444,0,24.536,5,0,7.055
KMAX20181108-2,KMAX20181108_152436_V06,11,2.417,1.200,442,0,29.849,2,0,18.222
KMAX20181108-2,KMAX20181108_152436_V06,12,3.120,1.200,442,0,31.997,1,0,29.804
KMAX20181108-2,KMAX20181108_153458_V06,0,0.000,1.200,1114,0,438606.578,25,0,437580.784
KMAX20181108-2,KMAX20181108_153458_V06,2,0.483,1.200,1116,0,225977.532,18,0,224187.040
KMAX20181108-2,KMAX20181108_153458_V06,4,0.879,1.200,1116,0,92082.456,21,0,91036.811
KMAX20181108-2,KMAX20181108_153458_V06,8,1.318,1.200,1121,0,6134.602,12,0,6010.123
KMAX20181108-2,KMAX20181108_153458_V06,10,1.802,1.200,556,0,1.658,0,0,1.658
KMAX20181108-2,KMAX20181108_153458_V06,11,2.417,1.200,559,0,20.602,2,0,8.934
KMAX20181108-2,KMAX20181108_154520_V06,0,0.000,1.200,1200,0,386166.350,39,0,383819.251
KMAX20181108-2,KMAX20181108_154520_V06,2,0.483,1.200,1198,0,219341.368,20,0,206629.162
KMAX20181108-2,KMAX20181108_154520_V06,4,0.879,1.200,1199,0,89491.456,33,0,88625.678
KMAX20181108-2,KMAX20181108_154520_V06,8,1.318,1.200,1201,0,7617.747,22,0,7357.747
KMAX20181108-2,KMAX20181108_154520_V06,10,1.802,1.200,598,0,28.883,3,0,5.842
KMAX20181108-2,KMAX20181108_154520_V06,11,2.417,1.200,604,0,5.218,0,0,5.218
KMAX20181108-2,KMAX20181108_160604_V06,0,0.000,1.200,1211,0,380942.083,22,0,380527.515
KMAX20181108-2,KMAX20181108_160604_V06,2,0.483,1.200,1211,3,293046.541,17,3,261055.923
KMAX20181108-2,KMAX20181108_160604_V06,4,0.879,1.200,1211,0,68493.597,15,0,67588.816
KMAX20181108-2,KMAX20181108_160604_V06,8,1.318,1.200,1208,0,5707.377,15,0,5610.691
KMAX20181108-2,KMAX20181108_160604_V06,10,1.802,1.200,606,0,8.194,0,0,8.194
KMAX20181108-2,KMAX20181108_160604_V06,11,2.417,1.200,600,0,1.774,0,0,1.774
KMAX20181108-2,KMAX20181108_161626_V06,0,0.000,1.200,1201,0,319863.963,34,0,314318.721
KMAX20181108-2,KMAX20181108_161626_V06,2,0.483,1.200,1202,0,207046.270,18,0,195924.862
KMAX20181108-2,KMAX20181108_161626_V06,4,0.879,1.200,1205,0,81213.648,19,0,81134.420
KMAX20181108-2,KMAX20181108_161626_V06,8,1.318,1.200,1205,0,5991.524,7,0,5957.732
KMAX20181108-2,KMAX20181108_161626_V06,10,1.802,1.200,604,0,68.409,6,0,33.426
KMAX20181108-2,KMAX20181108_161626_V06,11,2.417,1.200,605,0,21.607,1,0,12.148
KMAX20181108-5,KMAX20181108_151414_V06,0,0.000,1.200,559,0,283369.871,26,0,282711.346
KMAX20181108-5,KMAX20181108_151414_V06,2,0.483,1.200,557,0,178182.628,18,0,178059.199
KMAX20181108-5,KMAX20181108_151414_V06,4,0.879,1.200,556,0,50850.057,12,0,50815.500
KMAX20181108-5,KMAX20181108_151414_V06,8,1.318,1.200,557,0,5367.786,13,0,5199.123
KMAX20181108-5,KMAX20181108_151414_V06,10,1.802,1.200,280,0,8.678,0,0,8.678
KMAX20181108-5,KMAX20181108_151414_V06,11,2.417,1.200,280,0,3.853,1,0,0.845
KMAX20181108-5,KMAX20181108_152436_V06,0,0.000,1.200,1789,0,335972.646,54,0,330559.158
KMAX20181108-5,KMAX20181108_152436_V06,2,0.483,1.200,1790,0,197971.402,38,0,196048.036
KMAX20181108-5,KMAX20181108_152436_V06,4,0.879,1.200,1789,0,83205.946,34,0,82909.132
KMAX20181108-5,KMAX20181108_152436_V06,8,1.318,1.200,1789,0,5591.514,19,0,5337.373
KMAX20181108-5,KMAX20181108_152436_V06,10,1.802,1.200,896,0,68.342,5,0,50.861
KMAX20181108-5,KMAX20181108_152436_V06,11,2.417,1.200,897,0,146.612,10,0,96.890
KMAX20181109-4,KMAX20181109_142756_V06,0,0.000,1.200,262,0,248004.146,7,0,244493.891
KMAX20181109-4,KMAX20181109_142756_V06,2,0.483,1.200,263,0,156245.630,4,0,156116.079
KMAX20181109-4,KMAX20181109_142756_V06,4,0.879,1.200,263,0,56368.497,4,0,55907.696
KMAX20181109-4,KMAX20181109_142756_V06,8,1.318,1.200,263,0,4303.624,1,0,4226.013
KMAX20181109-4,KMAX20181109_142756_V06,10,1.802,1.200,131,0,18.806,4,0,0.377
KMAX20181109-4,KMAX20181109_142756_V06,11,2.417,1.200,132,0,24.981,2,0,17.553
KMAX20181109-4,KMAX20181109_143820_V06,0,0.000,1.200,1205,0,452673.892,43,0,443963.905
KMAX20181109-4,KMAX20181109_143820_V06,2,0.483,1.200,1204,0,187427.918,27,0,187092.901
KMAX20181109-4,KMAX20181109_143820_V06,4,0.879,1.200,1203,0,66568.251,31,0,66426.163
KMAX20181109-4,KMAX20181109_143820_V06,8,1.318,1.200,1202,0,5045.820,14,0,4908.338
KMAX20181109-4,KMAX20181109_143820_V06,10,1.802,1.200,605,0,12.457,0,0,12.457
KMAX20181109-4,KMAX20181109_143820_V06,11,2.417,1.200,604,0,1.792,0,0,1.792
KMAX20181109-4,KMAX20181109_144841_V06,0,0.000,1.200,1129,0,340202.697,45,0,335776.163
KMAX20181109-4,KMAX20181109_144841_V06,2,0.483,1.200,1130,0,202976.868,21,0,202789.092
KMAX20181109-4,KMAX20181109_144841_V06,4,0.879,1.200,1129,0,64584.446,27,0,63474.445
KMAX20181109-4,KMAX20181109_144841_V06,8,1.318,1.200,1129,0,2737.169,10,0,2619.686
KMAX20181109-4,KMAX20181109_144841_V06,10,1.802,1.200,563,0,10.102,2,0,1.666
KMAX20181109-4,KMAX20181109_144841_V06,11,2.417,1.200,562,0,15.768,2,0,1.663
KMAX20181109-4,KMAX20181109_150922_V06,0,0.000,1.200,1150,0,337440.880,68,0,333771.518
KMAX20181109-4,KMAX20181109_150922_V06,2,0.483,1.200,1149,0,198633.325,33,0,189886.593
KMAX20181109-4,KMAX20181109_150922_V06,4,0.879,1.200,1150,0,75260.807,23,0,72511.300
KMAX20181109-4,KMAX20181109_150922_V06,8,1.318,1.200,1152,0,2614.410,14,0,2502.536
KMAX20181109-4,KMAX20181109_150922_V06,10,1.802,1.200,579,0,60.091,9,0,22.096
KMAX20181109-4,KMAX20181109_150922_V06,11,2.417,1.200,579,0,8.715,2,0,1.697
KMAX20181109-4,KMAX20181109_151944_V06,0,0.000,1.200,1115,0,402479.370,48,0,392299.405
KMAX20181109-4,KMAX20181109_151944_V06,2,0.483,1.200,1115,0,212545.264,29,0,188593.771
KMAX20181109-4,KMAX20181109_151944_V06,4,0.879,1.200,1114,0,66624.241,28,0,65871.553
KMAX20181109-4,KMAX20181109_151944_V06,8,1.318,1.200,1111,0,5366.511,6,0,5328.609
KMAX20181109-4,KMAX20181109_151944_V06,10,1.802,1.200,556,0,32.425,4,0,15.149
KMAX20181109-4,KMAX20181109_151944_V06,11,2.417,1.200,555,0,29.373,2,0,13.841
KMAX20181109-4,KMAX20181109_153006_V06,0,0.000,1.200,1084,0,338784.854,45,0,323112.737
KMAX20181109-4,KMAX20181109_153006_V06,2,0.483,1.200,1083,0,233182.317,27,0,207240.610
KMAX20181109-4,KMAX20181109_153006_V06,4,0.879,1.200,1088,0,61483.024,23,0,59922.267
KMAX20181109-4,KMAX20181109_153006_V06,8,1.318,1.200,1088,0,4125.991,11,0,3981.530
KMAX20181109-4,KMAX20181109_153006_V06,10,1.802,1.200,542,0,40.827,3,0,21.884
KMAX20181109-4,KMAX20181109_153006_V06,11,2.417,1.200,544,0,7.963,0,0,7.963
KMAX20181109-4,KMAX20181109_154028_V06,0,0.000,1.200,1048,0,374879.926,29,0,361975.317
KMAX20181109-4,KMAX20181109_154028_V06,2,0.483,1.200,1047,0,212164.955,28,0,210352.041
KMAX20181109-4,KMAX20181109_154028_V06,4,0.879,1.200,1047,0,62856.903,24,0,61833.706
KMAX20181109-4,KMAX20181109_154028_V06,8,1.318,1.200,1048,0,3254.664,5,0,3153.552
KMAX20181109-4,KMAX20181109_154028_V06,10,1.802,1.200,522,0,25.838,2,0,11.520
KMAX20181109-4,KMAX20181109_154028_V06,11,2.417,1.200,524,0,1.547,0,0,1.547
KMAX20181109-4,KMAX20181109_160110_V06,0,0.000,1.200,1215,0,346806.059,40,0,329987.642
KMAX20181109-4,KMAX20181109_160110_V06,2,0.483,1.200,1217,0,195181.673,22,0,194929.318
KMAX20181109-4,KMAX20181109_160110_V06,4,0.879,1.200,1218,0,60783.412,27,0,60633.485
KMAX20181109-4,KMAX20181109_160110_V06,8,1.318,1.200,1217,0,4576.023,11,0,4446.855
KMAX20181109-4,KMAX20181109_160110_V06,10,1.802,1.200,609,0,1.797,0,0,1.797
KMAX20181109-4,KMAX20181109_160110_V06,11,2.417,1.200,609,0,65.363,6,0,29.187
KMAX20181109-1,KMAX20181109_140712_V06,0,0.000,1.200,882,0,392871.223,27,0,374210.410
KMAX20181109-1,KMAX20181109_140712_V06,2,0.483,1.200,883,0,200618.544,25,0,200398.588
KMAX20181109-1,KMAX20181109_140712_V06,4,0.879,1.200,884,0,56646.175,19,0,56587.830
KMAX20181109-1,KMAX20181109_140712_V06,8,1.318,1.200,885,0,5663.836,8,0,5645.006
KMAX20181109-1,KMAX20181109_140712_V06,10,1.802,1.200,440,0,13.912,1,0,6.177
KMAX20181109-1,KMAX20181109_140712_V06,11,2.417,1.200,443,0,22.287,0,0,22.287
KMAX20181109-1,KMAX20181109_141734_V06,0,0.000,1.200,1677,0,460823.497,86,0,443443.053
KMAX20181109-1,KMAX20181109_141734_V06,2,0.483,1.200,1676,0,181210.155,49,0,180848.848
KMAX20181109-1,KMAX20181109_141734_V06,4,0.879,1.200,1676,0,85472.357,32,0,85367.095
KMAX20181109-1,KMAX20181109_141734_V06,8,1.318,1.200,1678,0,4284.615,25,0,3984.719
KMAX20181109-1,KMAX20181109_141734_V06,10,1.802,1.200,842,0,38.196,1,0,31.500
KMAX20181109-1,KMAX20181109_141734_V06,11,2.417,1.200,842,0,87.358,7,0,57.478
KMAX20181110-2,KMAX20181110_140730_V06,0,0.000,1.200,240,0,224200.873,4,0,221688.450
KMAX20181110-2,KMAX20181110_140730_V06,2,0.483,1.200,240,0,153881.311,4,0,153785.278
KMAX20181110-2,KMAX20181110_140730_V06,4,0.879,1.200,238,0,46927.040,3,0,46708.395
KMAX20181110-2,KMAX20181110_140730_V06,8,1.318,1.200,238,0,2656.755,4,0,2581.475
KMAX20181110-2,KMAX20181110_140730_V06,10,1.802,1.200,120,0,5.451,0,0,5.451
KMAX20181110-2,KMAX20181110_140730_V06,11,2.417,1.200,119,0,9.150,1,0,5.513
KMAX20181110-2,KMAX20181110_141750_V06,0,0.000,1.200,1095,0,254924.891,27,0,254643.092
KMAX20181110-2,KMAX20181110_141750_V06,2,0.483,1.200,1097,0,165984.980,23,0,165780.133
KMAX20181110-2,KMAX20181110_141750_V06,4,0.879,1.200,1097,0,58736.371,10,0,58533.945
KMAX20181110-2,KMAX20181110_141750_V06,8,1.318,1.200,1096,0,3607.132,17,0,3315.417
KMAX20181110-2,KMAX20181110_141750_V06,10,1.802,1.200,550,0,24.346,0,0,24.346
KMAX20181110-2,KMAX20181110_141750_V06,11,2.417,1.200,550,0,55.185,3,0,39.591
KMAX20181110-2,KMAX20181110_142811_V06,0,0.000,1.200,1071,0,268541.019,26,0,267280.638
KMAX20181110-2,KMAX20181110_142811_V06,2,0.483,1.200,1072,0,168367.310,30,0,168009.751
KMAX20181110-2,KMAX20181110_142811_V06,4,0.879,1.200,1073,0,98716.236,29,0,98229.576
KMAX20181110-2,KMAX20181110_142811_V06,8,1.318,1.200,1076,0,4526.915,8,0,4474.478
KMAX20181110-2,KMAX20181110_142811_V06,10,1.802,1.200,537,0,20.016,4,0,7.734
KMAX20181110-2,KMAX20181110_142811_V06,11,2.417,1.200,537,0,19.924,4,0,5.047
KMAX20181110-2,KMAX20181110_143833_V06,0,0.000,1.200,1110,0,293957.055,33,0,291964.790
KMAX20181110-2,KMAX20181110_143833_V06,2,0.483,1.200,1110,0,184765.797,14,0,184519.447
KMAX20181110-2,KMAX20181110_143833_V06,4,0.879,1.200,1111,0,80025.490,17,0,77943.734
KMAX20181110-2,KMAX20181110_143833_V06,8,1.318,1.200,1109,0,2050.998,10,0,2001.554
KMAX20181110-2,KMAX20181110_143833_V06,10,1.802,1.200,556,0,14.132,0,0,14.132
KMAX20181110-2,KMAX20181110_143833_V06,11,2.417,1.200,553,0,23.359,5,0,1.612
KMAX20181110-2,KMAX20181110_144854_V06,0,0.000,1.200,960,0,287906.724,31,0,281834.979
KMAX20181110-2,KMAX20181110_144854_V06,2,0.483,1.200,960,0,159685.589,12,0,156954.864
KMAX20181110-2,KMAX20181110_144854_V06,4,0.879,1.200,962,0,53261.783,16,0,53132.947
KMAX20181110-2,KMAX20181110_144854_V06,8,1.318,1.200,960,0,10648.137,18,0,10375.061
KMAX20181110-2,KMAX20181110_144854_V06,10,1.802,1.200,479,0,15.033,0,0,15.033
KMAX20181110-2,KMAX20181110_144854_V06,11,2.417,1.200,483,0,20.847,3,0,12.263
KMAX20181110-2,KMAX20181110_145917_V06,0,0.000,1.200,938,0,296317.754,26,0,295394.955
KMAX20181110-2,KMAX20181110_145917_V06,2,0.483,1.200,936,0,174636.247,20,0,174427.789
KMAX20181110-2,KMAX20181110_145917_V06,4,0.879,1.200,937,0,57650.903,24,0,55518.692
KMAX20181110-2,KMAX20181110_145917_V06,8,1.318,1.200,938,0,4229.517,7,0,4208.682
KMAX20181110-2,KMAX20181110_145917_V06,10,1.802,1.200,470,0,18.967,0,0,18.967
KMAX20181110-2,KMAX20181110_145917_V06,11,2.417,1.200,469,0,40.746,2,0,28.536
KMAX20181110-2,KMAX20181110_150938_V06,0,0.000,1.200,933,0,254555.566,28,0,254250.318
KMAX20181110-2,KMAX20181110_150938_V06,2,0.483,1.200,932,0,173168.991,15,0,167784.446
KMAX20181110-2,KMAX20181110_150938_V06,4,0.879,1.200,934,0,59109.541,26,0,54768.038
KMAX20181110-2,KMAX20181110_150938_V06,8,1.318,1.200,935,0,4123.010,10,0,4010.055
KMAX20181110-2,KMAX20181110_150938_V06,10,1.802,1.200,467,0,57.521,4,0,37.783
KMAX20181110-2,KMAX20181110_150938_V06,11,2.417,1.200,468,0,1.381,0,0,1.381
KMAX20181110-2,KMAX20181110_152000_V06,0,0.000,1.200,911,0,324366.453,19,0,322425.306
KMAX20181110-2,KMAX20181110_152000_V06,2,0.483,1.200,912,0,152218.408,16,0,152097.871
KMAX20181110-2,KMAX20181110_152000_V06,4,0.879,1.200,914,0,55811.820,16,0,55334.727
KMAX20181110-2,KMAX20181110_152000_V06,8,1.318,1.200,914,0,2260.551,3,0,2157.024
KMAX20181110-2,KMAX20181110_152000_V06,10,1.802,1.200,460,0,13.632,0,0,13.632
KMAX20181110-2,KMAX20181110_152000_V06,11,2.417,1.200,458,0,25.862,5,0,8.614
KMAX20181110-2,KMAX20181110_153020_V06,0,0.000,1.200,925,0,253699.016,36,0,252649.353
KMAX20181110-2,KMAX20181110_153020_V06,2,0.483,1.200,925,0,139926.263,19,0,139745.866
KMAX20181110-2,KMAX20181110_153020_V06,4,0.879,1.200,928,0,52875.227,17,0,52231.043
KMAX20181110-2,KMAX20181110_153020_V06,8,1.318,1.200,930,0,3141.853,10,0,2716.372
KMAX20181110-2,KMAX20181110_153020_V06,10,1.802,1.200,466,0,53.587,4,0,19.250
KMAX20181110-2,KMAX20181110_153020_V06,11,2.417,1.200,464,0,57.529,6,0,23.891
KMAX20181110-2,KMAX20181110_154040_V06,0,0.000,1.200,941,0,260003.716,26,0,259856.377
KMAX20181110-2,KMAX20181110_154040_V06,2,0.483,1.200,941,0,160567.343,38,0,155743.697
KMAX20181110-2,KMAX20181110_154040_V06,4,0.879,1.200,943,0,57243.341,27,0,56906.886
KMAX20181110-2,KMAX20181110_154040_V06,8,1.318,1.200,939,0,4256.305,8,0,4129.601
KMAX20181110-2,KMAX20181110_154040_V06,10,1.802,1.200,470,0,62.730,8,0,21.364
KMAX20181110-2,KMAX20181110_154040_V06,11,2.417,1.200,471,0,1.452,0,0,1.452
KMAX20181110-2,KMAX20181110_155101_V06,0,0.000,1.200,952,0,195026.885,38,0,193618.205
KMAX20181110-2,KMAX20181110_155101_V06,2,0.483,1.200,951,0,162800.736,35,0,162062.643
KMAX20181110-2,KMAX20181110_155101_V06,4,0.879,1.200,953,0,58859.061,22,0,58786.027
KMAX20181110-2,KMAX20181110_155101_V06,8,1.318,1.200,954,0,2085.792,13,0,1843.757
KMAX20181110-2,KMAX20181110_155101_V06,10,1.802,1.200,471,0,22.920,1,0,9.165
KMAX20181110-2,KMAX20181110_155101_V06,11,2.417,1.200,476,0,18.362,1,0,14.235
KMAX20181110-2,KMAX20181110_160122_V06,0,0.000,1.200,931,0,341233.999,37,0,333619.863
KMAX20181110-2,KMAX20181110_160122_V06,2,0.483,1.200,930,0,189992.326,22,0,177758.162
KMAX20181110-2,KMAX20181110_160122_V06,4,0.879,1.200,931,0,56510.453,21,0,56313.793
KMAX20181110-2,KMAX20181110_160122_V06,8,1.318,1.200,932,0,2602.971,6,0,2554.969
KMAX20181110-2,KMAX20181110_160122_V06,10,1.802,1.200,467,0,40.981,4,0,25.542
KMAX20181110-2,KMAX20181110_160122_V06,11,2.417,1.200,468,0,4.184,1,0,1.410
KMAX20181110-2,KMAX20181110_161143_V06,0,0.000,1.200,926,0,344595.659,34,0,339093.512
KMAX20181110-2,KMAX20181110_161143_V06,2,0.483,1.200,928,0,149591.589,18,0,145694.911
KMAX20181110-2,KMAX20181110_161143_V06,4,0.879,1.200,927,0,57653.691,13,0,57608.072
KMAX20181110-2,KMAX20181110_161143_V06,8,1.318,1.200,927,0,1924.080,14,0,1794.198
KMAX20181110-2,KMAX20181110_161143_V06,10,1.802,1.200,464,0,31.927,4,0,13.865
KMAX20181110-2,KMAX20181110_161143_V06,11,2.417,1.200,463,0,1.400,0,0,1.400
KMAX20181111-7,KMAX20181111_150412_V06,0,0.000,1.200,179,0,219384.623,0,0,219384.623
KMAX20181111-7,KMAX20181111_150412_V06,2,0.483,1.200,181,0,141856.536,0,0,141856.536
KMAX20181111-7,KMAX20181111_150412_V06,4,0.879,1.200,179,0,49035.213,1,0,49031.630
KMAX20181111-7,KMAX20181111_150412_V06,8,1.318,1.200,177,0,1349.496,2,0,1343.431
KMAX20181111-7,KMAX20181111_150412_V06,10,1.802,1.200,90,0,0.266,0,0,0.266
KMAX20181111-7,KMAX20181111_150412_V06,11,2.417,1.200,88,0,11.343,0,0,11.343
KMAX20181111-7,KMAX20181111_151434_V06,0,0.000,1.200,1190,0,411167.910,41,0,409661.253
KMAX20181111-7,KMAX20181111_151434_V06,2,0.483,1.200,1193,0,199442.883,18,0,199276.328
KMAX20181111-7,KMAX20181111_151434_V06,4,0.879,1.200,1192,0,53704.107,18,0,53390.152
KMAX20181111-7,KMAX20181111_151434_V06,8,1.318,1.200,1192,0,1162.953,7,0,1128.424
KMAX20181111-7,KMAX20181111_151434_V06,10,1.802,1.200,595,0,17.702,2,0,8.522
KMAX20181111-7,KMAX20181111_151434_V06,11,2.417,1.200,596,0,16.860,2,0,11.481
KMAX20181111-7,KMAX20181111_152455_V06,0,0.000,1.200,1049,0,369090.997,40,0,358166.944
KMAX20181111-7,KMAX20181111_152455_V06,2,0.483,1.200,1048,0,172971.160,21,0,172804.669
KMAX20181111-7,KMAX20181111_152455_V06,4,0.879,1.200,1050,0,48707.411,20,0,48434.322
KMAX20181111-7,KMAX20181111_152455_V06,8,1.318,1.200,1050,0,1167.018,5,0,1148.391
KMAX20181111-7,KMAX20181111_152455_V06,10,1.802,1.200,523,0,37.104,4,0,20.935
KMAX20181111-7,KMAX20181111_152455_V06,11,2.417,1.200,527,0,4.856,0,0,4.856
KMAX20181111-7,KMAX20181111_153515_V06,0,0.000,1.200,1140,0,425716.210,45,0,424991.165
KMAX20181111-7,KMAX20181111_153515_V06,2,0.483,1.200,1139,0,177263.139,36,0,175041.182
KMAX20181111-7,KMAX20181111_153515_V06,4,0.879,1.200,1141,0,53726.015,21,0,53268.543
KMAX20181111-7,KMAX20181111_153515_V06,8,1.318,1.200,1142,0,1097.329,8,0,1067.960
KMAX20181111-7,KMAX20181111_153515_V06,10,1.802,1.200,573,0,34.555,8,0,4.260
KMAX20181111-7,KMAX20181111_153515_V06,11,2.417,1.200,571,0,33.727,3,0,18.649
KMAX20181111-7,KMAX20181111_154538_V06,0,0.000,1.200,1170,0,402724.133,29,0,401210.272
KMAX20181111-7,KMAX20181111_154538_V06,2,0.483,1.200,1171,0,205314.857,18,0,200240.368
KMAX20181111-7,KMAX20181111_154538_V06,4,0.879,1.200,1173,0,60900.385,18,0,60817.621
KMAX20181111-7,KMAX20181111_154538_V06,8,1.318,1.200,1173,0,1496.854,7,0,1481.477
KMAX20181111-7,KMAX20181111_154538_V06,10,1.802,1.200,590,0,75.043,2,0,64.624
KMAX20181111-7,KMAX20181111_154538_V06,11,2.417,1.200,588,0,46.135,5,0,16.911
KMAX20181111-7,KMAX20181111_160621_V06,0,0.000,1.200,976,0,388830.382,25,0,377448.633
KMAX20181111-7,KMAX20181111_160621_V06,2,0.483,1.200,978,0,192414.609,16,0,185410.451
KMAX20181111-7,KMAX20181111_160621_V06,4,0.879,1.200,977,0,69281.695,27,0,68814.039
KMAX20181111-7,KMAX20181111_160621_V06,8,1.318,1.200,979,0,2223.500,13,0,2141.617
KMAX20181111-7,KMAX20181111_160621_V06,10,1.802,1.200,487,0,37.499,2,0,25.690
KMAX20181111-7,KMAX20181111_160621_V06,11,2.417,1.200,489,0,35.661,5,0,8.515
KMAX20181111-7,KMAX20181111_161643_V06,0,0.000,1.200,816,0,341328.830,18,0,339492.172
KMAX20181111-7,KMAX20181111_161643_V06,2,0.483,1.200,814,0,192923.248,10,0,192700.910
KMAX20181111-7,KMAX20181111_161643_V06,4,0.879,1.200,813,0,49396.726,8,0,49067.476
KMAX20181111-7,KMAX20181111_161643_V06,8,1.318,1.200,814,0,1867.320,7,0,1813.028
KMAX20181111-7,KMAX20181111_161643_V06,10,1.802,1.200,406,0,40.537,4,0,14.937
KMAX20181111-7,KMAX20181111_161643_V06,11,2.417,1.200,407,0,42.616,4,0,18.352
KMAX20181111-1,KMAX20181111_140200_V06,0,0.000,1.200,779,0,260436.873,19,0,259903.642
KMAX20181111-1,KMAX20181111_140200_V06,2,0.483,1.200,781,0,215366.427,11,0,215268.221
KMAX20181111-1,KMAX20181111_140200_V06,4,0.879,1.200,780,0,86055.622,18,0,86006.719
KMAX20181111-1,KMAX20181111_140200_V06,8,1.318,1.200,780,0,1310.167,4,0,1262.921
KMAX20181111-1,KMAX20181111_140200_V06,10,1.802,1.200,390,0,20.764,2,0,5.748
KMAX20181111-1,KMAX20181111_140200_V06,11,2.417,1.200,390,0,1.156,0,0,1.156
KMAX20181111-1,KMAX20181111_141222_V06,0,0.000,1.200,1992,0,275745.927,53,0,273440.843
KMAX20181111-1,KMAX20181111_141222_V06,2,0.483,1.200,1992,0,190783.818,37,0,190524.189
KMAX20181111-1,KMAX20181111_141222_V06,4,0.879,1.200,1993,0,54619.089,50,0,54414.290
KMAX20181111-1,KMAX20181111_141222_V06,8,1.318,1.200,1992,0,1309.869,23,0,1235.452
KMAX20181111-1,KMAX20181111_141222_V06,10,1.802,1.200,995,0,51.814,6,0,24.261
KMAX20181111-1,KMAX20181111_141222_V06,11,2.417,1.200,998,0,51.867,3,0,35.697
KMAX20181111-1,KMAX20181111_142244_V06,0,0.000,1.200,445,0,195511.227,11,0,191642.644
KMAX20181111-1,KMAX20181111_142244_V06,2,0.483,1.200,446,0,151087.618,4,0,151015.338
KMAX20181111-1,KMAX20181111_142244_V06,4,0.879,1.200,445,0,75641.213,6,0,75625.875
KMAX20181111-1,KMAX20181111_142244_V06,8,1.318,1.200,444,0,1019.842,5,0,945.248
KMAX20181111-1,KMAX20181111_142244_V06,10,1.802,1.200,224,0,51.916,0,0,51.916
KMAX20181111-1,KMAX20181111_142244_V06,11,2.417,1.200,224,0,8.266,0,0,8.266
KMAX20181111-1,KMAX20181111_143306_V06,0,0.000,1.200,1669,0,301652.085,47,0,299759.687
KMAX20181111-1,KMAX20181111_143306_V06,2,0.483,1.200,1671,0,166295.151,57,0,165600.595
KMAX20181111-1,KMAX20181111_143306_V06,4,0.879,1.200,1670,0,52961.728,25,0,52520.867
KMAX20181111-1,KMAX20181111_143306_V06,8,1.318,1.200,1674,0,2035.648,15,0,1393.375
KMAX20181111-1,KMAX20181111_143306_V06,10,1.802,1.200,839,0,99.930,6,0,65.326
KMAX20181111-1,KMAX20181111_143306_V06,11,2.417,1.200,837,0,40.626,6,0,18.420
KMAX20181112-8,KMAX20181112_152938_V06,0,0.000,1.200,283,0,226285.659,8,0,208758.911
KMAX20181112-8,KMAX20181112_152938_V06,2,0.483,1.200,283,0,174041.051,6,0,173935.360
KMAX20181112-8,KMAX20181112_152938_V06,4,0.879,1.200,283,0,72924.164,3,0,72910.305
KMAX20181112-8,KMAX20181112_152938_V06,8,1.318,1.200,285,0,3090.259,3,0,3074.829
KMAX20181112-8,KMAX20181112_152938_V06,10,1.802,1.200,140,0,15.394,2,0,8.076
KMAX20181112-8,KMAX20181112_152938_V06,11,2.417,1.200,140,0,0.419,0,0,0.419
KMAX20181112-8,KMAX20181112_153959_V06,0,0.000,1.200,1234,0,355379.791,23,0,352797.247
KMAX20181112-8,KMAX20181112_153959_V06,2,0.483,1.200,1234,0,174098.906,19,0,173890.163
KMAX20181112-8,KMAX20181112_153959_V06,4,0.879,1.200,1234,0,85689.643,19,0,81520.373
KMAX20181112-8,KMAX20181112_153959_V06,8,1.318,1.200,1234,0,7450.407,7,0,7411.458
KMAX20181112-8,KMAX20181112_153959_V06,10,1.802,1.200,622,0,21.946,1,0,17.316
KMAX20181112-8,KMAX20181112_153959_V06,11,2.417,1.200,618,0,28.242,3,0,15.202
KMAX20181112-8,KMAX20181112_160042_V06,0,0.000,1.200,1098,0,368961.980,26,0,366430.533
KMAX20181112-8,KMAX20181112_160042_V06,2,0.483,1.200,1098,0,197387.528,22,0,197193.527
KMAX20181112-8,KMAX20181112_160042_V06,4,0.879,1.200,1098,0,68442.032,19,0,68146.578
KMAX20181112-8,KMAX20181112_160042_V06,8,1.318,1.200,1099,0,7652.124,6,0,7579.428
KMAX20181112-8,KMAX20181112_160042_V06,10,1.802,1.200,549,0,78.646,9,0,30.020
KMAX20181112-8,KMAX20181112_160042_V06,11,2.417,1.200,550,0,25.634,2,0,12.544
KMAX20181112-8,KMAX20181112_161103_V06,0,0.000,1.200,968,0,344264.538,46,0,340095.428
KMAX20181112-8,KMAX20181112_161103_V06,2,0.483,1.200,968,0,244279.470,29,0,243445.963
KMAX20181112-8,KMAX20181112_161103_V06,4,0.879,1.200,968,0,60683.345,23,0,58147.939
KMAX20181112-8,KMAX20181112_161103_V06,8,1.318,1.200,970,0,3529.311,11,0,3472.343
KMAX20181112-8,KMAX20181112_161103_V06,10,1.802,1.200,483,0,19.237,0,0,19.237
KMAX20181112-8,KMAX20181112_161103_V06,11,2.417,1.200,484,0,11.270,1,0,7.460
KMAX20181112-8,KMAX20181112_162124_V06,0,0.000,1.200,895,1,374295.940,29,1,371854.244
KMAX20181112-8,KMAX20181112_162124_V06,2,0.483,1.200,896,0,259207.178,20,0,248585.658
KMAX20181112-8,KMAX20181112_162124_V06,4,0.879,1.200,896,0,89065.475,13,0,88818.181
KMAX20181112-8,KMAX20181112_162124_V06,8,1.318,1.200,898,0,2824.781,13,0,2703.274
KMAX20181112-8,KMAX20181112_162124_V06,10,1.802,1.200,447,0,10.526,0,0,10.526
KMAX20181112-8,KMAX20181112_162124_V06,11,2.417,1.200,448,0,30.353,2,0,20.135
KMAX20181112-1,KMAX20181112_140657_V06,0,0.000,1.200,893,0,262033.810,30,0,251250.942
KMAX20181112-1,KMAX20181112_140657_V06,2,0.483,1.200,893,0,147003.564,25,0,146855.994
KMAX20181112-1,KMAX20181112_140657_V06,4,0.879,1.200,892,0,61578.840,23,0,61490.692
KMAX20181112-1,KMAX20181112_140657_V06,8,1.318,1.200,893,0,2507.423,12,0,2437.264
KMAX20181112-1,KMAX20181112_140657_V06,10,1.802,1.200,446,0,21.376,3,0,6.953
KMAX20181112-1,KMAX20181112_140657_V06,11,2.417,1.200,447,0,18.668,1,0,11.330
KMAX20181112-1,KMAX20181112_141708_V06,0,0.000,1.200,1982,0,243078.102,75,0,238448.709
KMAX20181112-1,KMAX20181112_141708_V06,2,0.483,1.200,1983,0,219876.398,63,0,212944.807
KMAX20181112-1,KMAX20181112_141708_V06,4,0.879,1.200,1982,0,65460.300,28,0,65250.025
KMAX20181112-1,KMAX20181112_141708_V06,8,1.318,1.200,1988,0,1509.751,38,0,1344.395
KMAX20181112-1,KMAX20181112_141708_V06,10,1.802,1.200,993,0,111.036,5,0,52.616
KMAX20181112-1,KMAX20181112_141708_V06,11,2.417,1.200,996,0,57.669,4,0,12.494
KMAX20181112-6,KMAX20181112_150856_V06,0,0.000,1.200,367,0,193239.590,8,0,190384.887
KMAX20181112-6,KMAX20181112_150856_V06,2,0.483,1.200,368,0,123709.148,4,0,123693.793
KMAX20181112-6,KMAX20181112_150856_V06,4,0.879,1.200,366,0,52194.742,7,0,47930.029
KMAX20181112-6,KMAX20181112_150856_V06,8,1.318,1.200,363,0,4225.886,4,0,4206.457
KMAX20181112-6,KMAX20181112_150856_V06,10,1.802,1.200,181,0,0.548,0,0,0.548
KMAX20181112-6,KMAX20181112_150856_V06,11,2.417,1.200,182,0,0.551,0,0,0.551
KMAX20181112-6,KMAX20181112_151916_V06,0,0.000,1.200,1815,0,290405.893,52,0,288803.111
KMAX20181112-6,KMAX20181112_151916_V06,2,0.483,1.200,1815,0,174337.860,43,0,174071.181
KMAX20181112-6,KMAX20181112_151916_V06,4,0.879,1.200,1815,0,68452.848,19,0,68365.031
KMAX20181112-6,KMAX20181112_151916_V06,8,1.318,1.200,1817,0,2164.554,20,0,2038.847
KMAX20181112-6,KMAX20181112_151916_V06,10,1.802,1.200,910,0,36.702,2,0,27.954
KMAX20181112-6,KMAX20181112_151916_V06,11,2.417,1.200,906,0,66.378,6,0,41.088
KMAX20181112-5,KMAX20181112_144811_V06,0,0.000,1.200,536,0,296718.876,7,0,296632.685
KMAX20181112-5,KMAX20181112_144811_V06,2,0.483,1.200,537,0,199888.497,19,0,198807.616
KMAX20181112-5,KMAX20181112_144811_V06,4,0.879,1.200,532,0,83315.589,17,0,83262.379
KMAX20181112-5,KMAX20181112_144811_V06,8,1.318,1.200,535,0,991.171,9,0,936.391
KMAX20181112-5,KMAX20181112_144811_V06,10,1.802,1.200,269,0,10.282,1,0,6.604
KMAX20181112-5,KMAX20181112_144811_V06,11,2.417,1.200,267,0,6.804,0,0,6.804
KMAX20181113-9,KMAX20181113_151330_V06,0,0.000,1.200,249,0,166102.489,1,0,165726.831
KMAX20181113-9,KMAX20181113_151330_V06,2,0.483,1.200,248,0,180603.511,0,0,180603.511
KMAX20181113-9,KMAX20181113_151330_V06,4,0.879,1.200,252,0,63149.287,0,0,63149.287
KMAX20181113-9,KMAX20181113_151330_V06,8,1.318,1.200,253,0,2896.544,5,0,2864.238
KMAX20181113-9,KMAX20181113_151330_V06,10,1.802,1.200,126,0,8.594,0,0,8.594
KMAX20181113-9,KMAX20181113_151330_V06,11,2.417,1.200,125,0,15.597,3,0,3.711
KMAX20181113-9,KMAX20181113_152351_V06,0,0.000,1.200,1198,0,210106.038,42,0,209557.966
KMAX20181113-9,KMAX20181113_152351_V06,2,0.483,1.200,1198,0,174352.317,30,0,173784.398
KMAX20181113-9,KMAX20181113_152351_V06,4,0.879,1.200,1198,0,86788.819,32,0,86674.852
KMAX20181113-9,KMAX20181113_152351_V06,8,1.318,1.200,1195,0,6074.671,13,0,5999.557
KMAX20181113-9,KMAX20181113_152351_V06,10,1.802,1.200,602,0,13.678,2,0,6.700
KMAX20181113-9,KMAX20181113_152351_V06,11,2.417,1.200,602,0,47.923,3,0,29.612
KMAX20181113-9,KMAX20181113_153414_V06,0,0.000,1.200,1218,0,289901.600,42,0,288899.878
KMAX20181113-9,KMAX20181113_153414_V06,2,0.483,1.200,1219,0,177185.808,31,0,176832.832
KMAX20181113-9,KMAX20181113_153414_V06,4,0.879,1.200,1219,0,78735.833,26,0,78657.185
KMAX20181113-9,KMAX20181113_153414_V06,8,1.318,1.200,1222,0,4635.561,12,0,4495.847
KMAX20181113-9,KMAX20181113_153414_V06,10,1.802,1.200,613,0,8.143,0,0,8.143
KMAX20181113-9,KMAX20181113_153414_V06,11,2.417,1.200,613,0,31.135,3,0,18.049
KMAX20181113-9,KMAX20181113_154435_V06,0,0.000,1.200,1110,0,328233.068,47,0,325930.232
KMAX20181113-9,KMAX20181113_154435_V06,2,0.483,1.200,1112,0,250834.430,17,0,250588.217
KMAX20181113-9,KMAX20181113_154435_V06,4,0.879,1.200,1112,0,72101.346,20,0,72011.603
KMAX20181113-9,KMAX20181113_154435_V06,8,1.318,1.200,1108,0,4305.363,5,0,4166.231
KMAX20181113-9,KMAX20181113_154435_V06,10,1.802,1.200,554,0,41.105,0,0,41.105
KMAX20181113-9,KMAX20181113_154435_V06,11,2.417,1.200,555,0,11.378,2,0,1.645
KMAX20181113-9,KMAX20181113_160854_V06,0,0.000,1.200,462,0,123991.242,10,0,122579.988
KMAX20181113-9,KMAX20181113_160854_V06,2,0.483,1.200,462,0,61100.202,7,0,59351.118
KMAX20181113-9,KMAX20181113_160854_V06,4,0.879,1.200,462,0,13449.186,2,0,13298.427
KMAX20181113-9,KMAX20181113_160854_V06,8,1.318,1.200,465,0,1668.427,8,0,1631.827
KMAX20181113-9,KMAX20181113_160854_V06,10,1.802,1.200,233,0,0.688,0,0,0.688
KMAX20181113-9,KMAX20181113_160854_V06,11,2.417,1.200,231,0,0.683,0,0,0.683
KMAX20181113-2,KMAX20181113_140059_V06,0,0.000,1.200,162,0,219976.521,2,0,219967.917
KMAX20181113-2,KMAX20181113_140059_V06,2,0.483,1.200,162,0,289024.159,2,0,287388.064
KMAX20181113-2,KMAX20181113_140059_V06,4,0.879,1.200,163,0,111136.706,2,0,107589.489
KMAX20181113-2,KMAX20181113_140059_V06,8,1.318,1.200,161,0,4958.835,1,0,4957.322
KMAX20181113-2,KMAX20181113_140059_V06,10,1.802,1.200,82,0,29.121,3,0,16.836
KMAX20181113-2,KMAX20181113_140059_V06,11,2.417,1.200,82,0,0.243,0,0,0.243
KMAX20181113-2,KMAX20181113_141120_V06,0,0.000,1.200,997,0,371064.737,30,0,368965.319
KMAX20181113-2,KMAX20181113_141120_V06,2,0.483,1.200,998,0,309247.645,32,0,307941.572
KMAX20181113-2,KMAX20181113_141120_V06,4,0.879,1.200,998,0,87654.562,20,0,87592.705
KMAX20181113-2,KMAX20181113_141120_V06,8,1.318,1.200,999,0,5621.091,7,0,5425.020
KMAX20181113-2,KMAX20181113_141120_V06,10,1.802,1.200,498,0,21.346,2,0,12.548
KMAX20181113-2,KMAX20181113_141120_V06,11,2.417,1.200,499,0,31.416,4,0,13.809
KMAX20181113-2,KMAX20181113_142142_V06,0,0.000,1.200,1118,0,358266.084,38,0,356532.334
KMAX20181113-2,KMAX20181113_142142_V06,2,0.483,1.200,1116,0,256904.329,18,0,256662.103
KMAX20181113-2,KMAX20181113_142142_V06,4,0.879,1.200,1120,0,74542.299,24,0,74419.607
KMAX20181113-2,KMAX20181113_142142_V06,8,1.318,1.200,1116,0,6067.939,14,0,6017.365
KMAX20181113-2,KMAX20181113_142142_V06,10,1.802,1.200,561,0,38.239,5,0,9.390
KMAX20181113-2,KMAX20181113_142142_V06,11,2.417,1.200,558,0,30.393,5,0,16.323
KMAX20181113-2,KMAX20181113_143203_V06,0,0.000,1.200,156,0,166315.779,2,0,165773.419
KMAX20181113-2,KMAX20181113_143203_V06,2,0.483,1.200,157,0,174675.284,1,0,174674.047
KMAX20181113-2,KMAX20181113_143203_V06,4,0.879,1.200,157,0,91561.688,1,0,91555.699
KMAX20181113-2,KMAX20181113_143203_V06,8,1.318,1.200,157,0,4882.729,1,0,4874.698
KMAX20181113-2,KMAX20181113_143203_V06,10,1.802,1.200,80,0,0.237,0,0,0.237
KMAX20181113-2,KMAX20181113_143203_V06,11,2.417,1.200,79,0,0.234,0,0,0.234
KMAX20181113-2,KMAX20181113_144225_V06,0,0.000,1.200,1008,0,209123.914,27,0,208953.469
KMAX20181113-2,KMAX20181113_144225_V06,2,0.483,1.200,1010,0,168107.206,19,0,167887.680
KMAX20181113-2,KMAX20181113_144225_V06,4,0.879,1.200,1010,0,63360.191,18,0,63305.660
KMAX20181113-2,KMAX20181113_144225_V06,8,1.318,1.200,1011,0,3743.794,4,0,3718.055
KMAX20181113-2,KMAX20181113_144225_V06,10,1.802,1.200,507,0,49.455,2,0,32.352
KMAX20181113-2,KMAX20181113_144225_V06,11,2.417,1.200,506,0,37.363,2,0,24.898
KMAX20181113-2,KMAX20181113_150308_V06,0,0.000,1.200,1170,0,292696.792,36,0,290689.675
KMAX20181113-2,KMAX20181113_150308_V06,2,0.483,1.200,1170,0,233152.780,27,0,232891.445
KMAX20181113-2,KMAX20181113_150308_V06,4,0.879,1.200,1172,0,58966.990,16,0,58895.633
KMAX20181113-2,KMAX20181113_150308_V06,8,1.318,1.200,1172,0,5959.783,16,0,5733.428
KMAX20181113-2,KMAX20181113_150308_V06,10,1.802,1.200,584,0,17.397,4,0,1.711
KMAX20181113-2,KMAX20181113_150308_V06,11,2.417,1.200,583,0,40.121,1,0,30.384
KMAX20181113-12,KMAX20181113_154435_V06,0,0.000,1.200,6140,0,29.862,0,0,29.862
KMAX20181113-12,KMAX20181113_154435_V06,2,0.483,1.200,6144,0,5946.684,180,0,2084.819
KMAX20181113-12,KMAX20181113_154435_V06,4,0.879,1.200,6144,0,11017.823,570,0,2974.708
KMAX20181113-12,KMAX20181113_154435_V06,8,1.318,1.200,6140,0,7449.276,540,0,1916.196
KMAX20181113-12,KMAX20181113_160854_V06,0,0.000,1.200,14727,0,124.592,0,0,124.592
KMAX20181113-12,KMAX20181113_160854_V06,2,0.483,1.200,14727,0,14663.695,384,0,4981.710
KMAX20181113-12,KMAX20181113_160854_V06,4,0.879,1.200,14729,0,41860.851,1702,0,7951.327
KMAX20181113-12,KMAX20181113_160854_V06,8,1.318,1.200,14734,0,43161.027,2512,0,9119.361
KMAX20181113-3,KMAX20181113_141120_V06,0,0.000,1.200,4097,0,307.121,9,0,74.006
KMAX20181113-3,KMAX20181113_141120_V06,2,0.483,1.200,4104,0,6079.938,182,0,2092.433
KMAX20181113-3,KMAX20181113_141120_V06,4,0.879,1.200,4105,0,4923.009,224,0,1326.654
KMAX20181113-3,KMAX20181113_142142_V06,0,0.000,1.200,9562,0,446.362,10,0,240.051
KMAX20181113-3,KMAX20181113_142142_V06,2,0.483,1.200,9564,0,12913.772,394,0,4239.225
KMAX20181113-3,KMAX20181113_142142_V06,4,0.879,1.200,9569,0,14904.835,791,0,4160.368
KMAX20181113-3,KMAX20181113_143203_V06,0,0.000,1.200,4397,0,80.542,2,0,23.678
KMAX20181113-3,KMAX20181113_143203_V06,2,0.483,1.200,4398,0,7721.818,228,0,2130.950
KMAX20181113-3,KMAX20181113_143203_V06,4,0.879,1.200,4401,0,6953.074,294,0,2132.511
KMAX20181114-1,KMAX20181114_140012_V06,0,0.000,1.200,385,0,74167.586,5,0,73475.398
KMAX20181114-1,KMAX20181114_140012_V06,2,0.483,1.200,386,0,48886.930,4,0,48860.944
KMAX20181114-1,KMAX20181114_140012_V06,4,0.879,1.200,385,0,23608.490,8,0,23559.755
KMAX20181114-1,KMAX20181114_140012_V06,8,1.318,1.200,385,0,339.179,2,0,329.413
KMAX20181114-1,KMAX20181114_140012_V06,10,1.802,1.200,195,0,0.570,0,0,0.570
KMAX20181114-1,KMAX20181114_140012_V06,11,2.417,1.200,195,0,0.571,0,0,0.571
KMAX20181114-1,KMAX20181114_141032_V06,0,0.000,1.200,1609,0,125303.162,41,0,125114.284
KMAX20181114-1,KMAX20181114_141032_V06,2,0.483,1.200,1612,0,84327.347,24,0,83310.573
KMAX20181114-1,KMAX20181114_141032_V06,4,0.879,1.200,1612,0,30117.949,23,0,30031.326
KMAX20181114-1,KMAX20181114_141032_V06,8,1.318,1.200,1615,0,1314.934,9,0,1253.210
KMAX20181114-1,KMAX20181114_141032_V06,10,1.802,1.200,803,0,54.884,6,0,28.192
KMAX20181114-1,KMAX20181114_141032_V06,11,2.417,1.200,806,0,36.593,3,0,16.131
KMAX20181114-4,KMAX20181114_151228_V06,0,0.000,1.200,465,0,75102.533,4,0,75086.298
KMAX20181114-4,KMAX20181114_151228_V06,2,0.483,1.200,465,0,53904.502,5,0,53867.194
KMAX20181114-4,KMAX20181114_151228_V06,4,0.879,1.200,464,0,6131.955,2,0,6124.399
KMAX20181114-4,KMAX20181114_151228_V06,8,1.318,1.200,463,0,1141.552,1,0,1136.456
KMAX20181114-4,KMAX20181114_151228_V06,10,1.802,1.200,233,0,0.693,0,0,0.693
KMAX20181114-4,KMAX20181114_151228_V06,11,2.417,1.200,234,0,7.756,0,0,7.756
KMAX20181115-2,KMAX20181115_141037_V06,0,0.000,1.200,198,0,39568.121,0,0,39568.121
KMAX20181115-2,KMAX20181115_141037_V06,2,0.483,1.200,199,0,45420.845,1,0,43357.563
KMAX20181115-2,KMAX20181115_141037_V06,4,0.879,1.200,200,0,26509.752,1,0,26507.780
KMAX20181115-2,KMAX20181115_141037_V06,8,1.318,1.200,201,0,470.298,5,0,442.447
KMAX20181115-2,KMAX20181115_141037_V06,10,1.802,1.200,101,0,12.624,3,0,0.294
KMAX20181115-2,KMAX20181115_141037_V06,11,2.417,1.200,102,0,0.306,0,0,0.306
KMAX20181115-2,KMAX20181115_142056_V06,0,0.000,1.200,1298,0,122877.275,40,0,120823.540
KMAX20181115-2,KMAX20181115_142056_V06,2,0.483,1.200,1298,0,34590.391,36,0,34345.026
KMAX20181115-2,KMAX20181115_142056_V06,4,0.879,1.200,1296,0,19355.769,28,0,19272.874
KMAX20181115-2,KMAX20181115_142056_V06,8,1.318,1.200,1299,0,3002.554,8,0,2941.879
KMAX20181115-2,KMAX20181115_142056_V06,10,1.802,1.200,647,0,31.314,3,0,17.934
KMAX20181115-2,KMAX20181115_142056_V06,11,2.417,1.200,648,0,65.250,4,0,39.820
KMAX20181115-3,KMAX20181115_153306_V06,0,0.000,1.200,512,0,117611.326,8,0,117578.023
KMAX20181115-3,KMAX20181115_153306_V06,2,0.483,1.200,512,0,94011.104,8,0,84517.665
KMAX20181115-3,KMAX20181115_153306_V06,4,0.879,1.200,513,0,17963.000,14,0,17913.912
KMAX20181115-3,KMAX20181115_153306_V06,8,1.318,1.200,512,0,1390.361,2,0,1380.665
KMAX20181115-3,KMAX20181115_153306_V06,10,1.802,1.200,257,0,0.779,0,0,0.779
KMAX20181115-3,KMAX20181115_153306_V06,11,2.417,1.200,257,0,20.278,2,0,12.241
KMAX20181115-3,KMAX20181115_154325_V06,0,0.000,1.200,4657,0,141492.142,98,0,139241.483
KMAX20181115-3,KMAX20181115_154325_V06,2,0.483,1.200,4659,0,108743.418,72,0,108363.353
KMAX20181115-3,KMAX20181115_154325_V06,4,0.879,1.200,4662,0,24805.467,92,0,24391.040
KMAX20181115-3,KMAX20181115_154325_V06,8,1.318,1.200,4663,0,2289.644,65,0,2075.982
KMAX20181115-3,KMAX20181115_154325_V06,10,1.802,1.200,2335,0,110.710,4,0,80.702
KMAX20181115-3,KMAX20181115_154325_V06,11,2.417,1.200,2338,0,73.175,6,0,56.214
KMAX20181115-3,KMAX20181115_160403_V06,0,0.000,1.200,411,0,129865.092,5,0,129681.255
KMAX20181115-3,KMAX20181115_160403_V06,2,0.483,1.200,412,0,78624.902,8,0,76024.133
KMAX20181115-3,KMAX20181115_160403_V06,4,0.879,1.200,411,0,20969.358,4,0,20948.562
KMAX20181115-3,KMAX20181115_160403_V06,8,1.318,1.200,412,0,518.811,1,0,517.383
KMAX20181115-3,KMAX20181115_160403_V06,10,1.802,1.200,205,0,38.452,0,0,38.452
KMAX20181115-3,KMAX20181115_160403_V06,11,2.417,1.200,206,0,0.615,0,0,0.615
KMAX20181116-1,KMAX20181116_141235_V06,0,0.000,1.200,273,0,66558.439,6,0,66524.777
KMAX20181116-1,KMAX20181116_141235_V06,2,0.483,1.200,273,0,50726.235,5,0,48824.110
KMAX20181116-1,KMAX20181116_141235_V06,4,0.879,1.200,275,0,20859.563,6,0,19479.510
KMAX20181116-1,KMAX20181116_141235_V06,8,1.318,1.200,274,0,974.198,3,0,967.825
KMAX20181116-1,KMAX20181116_141235_V06,10,1.802,1.200,138,0,0.412,0,0,0.412
KMAX20181116-1,KMAX20181116_141235_V06,11,2.417,1.200,139,0,0.416,0,0,0.416
KMAX20181116-1,KMAX20181116_142254_V06,0,0.000,1.200,1378,0,156386.712,51,0,151834.282
KMAX20181116-1,KMAX20181116_142254_V06,2,0.483,1.200,1377,0,102469.867,40,0,100989.619
KMAX20181116-1,KMAX20181116_142254_V06,4,0.879,1.200,1379,0,28500.614,26,0,25686.512
KMAX20181116-1,KMAX20181116_142254_V06,8,1.318,1.200,1379,0,1595.377,9,0,1399.751
KMAX20181116-1,KMAX20181116_142254_V06,10,1.802,1.200,688,0,34.258,3,0,20.811
KMAX20181116-1,KMAX20181116_142254_V06,11,2.417,1.200,692,0,66.436,6,0,33.798
KMAX20181116-4,KMAX20181116_153507_V06,0,0.000,1.200,511,0,101056.660,10,0,97796.790
KMAX20181116-4,KMAX20181116_153507_V06,2,0.483,1.200,511,0,46554.695,4,0,46423.489
KMAX20181116-4,KMAX20181116_153507_V06,4,0.879,1.200,510,0,11019.932,9,0,10939.169
KMAX20181116-4,KMAX20181116_153507_V06,8,1.318,1.200,511,0,311.952,1,0,307.487
KMAX20181116-4,KMAX20181116_153507_V06,10,1.802,1.200,256,0,14.820,0,0,14.820
KMAX20181116-4,KMAX20181116_153507_V06,11,2.417,1.200,258,0,29.256,4,0,8.835
KMAX20181116-5,KMAX20181116_161623_V06,0,0.000,1.200,231,0,64910.759,1,0,64902.998
KMAX20181116-5,KMAX20181116_161623_V06,2,0.483,1.200,231,0,67544.850,2,0,67524.611
KMAX20181116-5,KMAX20181116_161623_V06,4,0.879,1.200,231,0,10223.187,4,0,10147.015
KMAX20181116-5,KMAX20181116_161623_V06,8,1.318,1.200,231,0,388.715,2,0,310.438
KMAX20181116-5,KMAX20181116_161623_V06,10,1.802,1.200,116,0,0.349,0,0,0.349
KMAX20181116-5,KMAX20181116_161623_V06,11,2.417,1.200,114,0,90.853,2,0,49.259
KMAX20181117-2,KMAX20181117_140844_V06,0,0.000,1.200,145,0,48726.566,0,0,48726.566
KMAX20181117-2,KMAX20181117_140844_V06,2,0.483,1.200,145,0,59642.528,0,0,59642.528
KMAX20181117-2,KMAX20181117_140844_V06,4,0.879,1.200,145,0,18133.242,1,0,15114.228
KMAX20181117-2,KMAX20181117_140844_V06,8,1.318,1.200,144,0,2446.836,3,0,1661.271
KMAX20181117-2,KMAX20181117_140844_V06,10,1.802,1.200,73,0,7.747,1,0,3.117
KMAX20181117-2,KMAX20181117_140844_V06,11,2.417,1.200,74,0,0.222,0,0,0.222
KMAX20181117-2,KMAX20181117_141902_V06,0,0.000,1.200,1299,0,124851.850,50,0,120751.302
KMAX20181117-2,KMAX20181117_141902_V06,2,0.483,1.200,1300,0,59654.899,21,0,58602.476
KMAX20181117-2,KMAX20181117_141902_V06,4,0.879,1.200,1300,0,23733.649,28,0,20629.485
KMAX20181117-2,KMAX20181117_141902_V06,8,1.318,1.200,1305,0,1430.857,15,0,1382.096
KMAX20181117-2,KMAX20181117_141902_V06,10,1.802,1.200,651,0,68.332,4,0,38.052
KMAX20181117-2,KMAX20181117_141902_V06,11,2.417,1.200,651,0,24.505,0,0,24.505
KMAX20181117-2,KMAX20181117_142921_V06,0,0.000,1.200,3760,0,149906.881,127,0,142118.019
KMAX20181117-2,KMAX20181117_142921_V06,2,0.483,1.200,3763,0,62994.450,86,0,62264.357
KMAX20181117-2,KMAX20181117_142921_V06,4,0.879,1.200,3766,0,16131.746,74,0,15442.201
KMAX20181117-2,KMAX20181117_142921_V06,8,1.318,1.200,3765,0,2486.780,37,0,2357.507
KMAX20181117-2,KMAX20181117_142921_V06,10,1.802,1.200,1883,0,97.356,7,0,69.334
KMAX20181117-2,KMAX20181117_142921_V06,11,2.417,1.200,1883,0,53.010,3,0,35.357
KMAX20181117-2,KMAX20181117_143939_V06,0,0.000,1.200,397,0,111703.730,7,0,111651.671
KMAX20181117-2,KMAX20181117_143939_V06,2,0.483,1.200,396,0,46100.331,3,0,46084.126
KMAX20181117-2,KMAX20181117_143939_V06,4,0.879,1.200,396,0,10739.288,3,0,10728.119
KMAX20181117-2,KMAX20181117_143939_V06,8,1.318,1.200,397,0,357.138,2,0,333.101
KMAX20181117-2,KMAX20181117_143939_V06,10,1.802,1.200,199,0,10.559,1,0,5.272
KMAX20181117-2,KMAX20181117_143939_V06,11,2.417,1.200,197,0,0.587,1,0,0.584
KMAX20181117-2,KMAX20181117_150019_V06,0,0.000,1.200,1697,0,121701.345,40,0,118638.240
KMAX20181117-2,KMAX20181117_150019_V06,2,0.483,1.200,1698,0,57499.309,29,0,56796.398
KMAX20181117-2,KMAX20181117_150019_V06,4,0.879,1.200,1698,0,18863.224,15,0,18752.609
KMAX20181117-2,KMAX20181117_150019_V06,8,1.318,1.200,1698,0,2236.311,19,0,2015.122
KMAX20181117-2,KMAX20181117_150019_V06,10,1.802,1.200,848,0,58.970,2,0,51.652
KMAX20181117-2,KMAX20181117_150019_V06,11,2.417,1.200,849,0,38.338,5,0,15.210
KMAX20181117-2,KMAX20181117_150019_V06,12,3.120,1.200,853,0,107.965,14,0,33.223
KMAX20181117-7,KMAX20181117_161223_V06,0,0.000,1.200,514,0,126277.627,6,0,125802.100
KMAX20181117-7,KMAX20181117_161223_V06,2,0.483,1.200,513,0,51624.887,12,0,51536.704
KMAX20181117-7,KMAX20181117_161223_V06,4,0.879,1.200,513,0,26896.643,11,0,26826.778
KMAX20181117-7,KMAX20181117_161223_V06,8,1.318,1.200,514,0,1195.635,4,0,1111.178
KMAX20181117-7,KMAX20181117_161223_V06,10,1.802,1.200,258,0,9.858,1,0,0.774
KMAX20181117-7,KMAX20181117_161223_V06,11,2.417,1.200,257,0,0.774,0,0,0.774
KMAX20181117-7,KMAX20181117_162242_V06,0,0.000,1.200,1764,0,166169.689,51,0,161486.332
KMAX20181117-7,KMAX20181117_162242_V06,2,0.483,1.200,1764,0,85273.570,37,0,83484.768
KMAX20181117-7,KMAX20181117_162242_V06,4,0.879,1.200,1767,0,15597.232,23,0,15527.102
KMAX20181117-7,KMAX20181117_162242_V06,8,1.318,1.200,1767,0,1910.340,18,0,1828.203
KMAX20181117-7,KMAX20181117_162242_V06,10,1.802,1.200,883,0,95.416,5,0,66.317
KMAX20181117-7,KMAX20181117_162242_V06,11,2.417,1.200,883,0,93.505,8,0,40.401
KMAX20181117-5,KMAX20181117_153117_V06,0,0.000,1.200,338,0,65735.893,7,0,65707.012
KMAX20181117-5,KMAX20181117_153117_V06,2,0.483,1.200,340,0,58091.968,5,0,56602.895
KMAX20181117-5,KMAX20181117_153117_V06,4,0.879,1.200,340,0,22181.750,2,0,22100.058
KMAX20181117-5,KMAX20181117_153117_V06,8,1.318,1.200,341,0,703.001,0,0,703.001
KMAX20181117-5,KMAX20181117_153117_V06,10,1.802,1.200,167,0,9.633,1,0,0.498
KMAX20181117-5,KMAX20181117_153117_V06,11,2.417,1.200,168,0,6.290,0,0,6.290
KMAX20181117-5,KMAX20181117_154137_V06,0,0.000,1.200,233,0,46614.498,7,0,46139.866
KMAX20181117-5,KMAX20181117_154137_V06,2,0.483,1.200,234,0,45596.569,0,0,45596.569
KMAX20181117-5,KMAX20181117_154137_V06,4,0.879,1.200,234,0,11800.240,2,0,11753.037
KMAX20181117-5,KMAX20181117_154137_V06,8,1.318,1.200,234,0,899.764,0,0,899.764
KMAX20181117-5,KMAX20181117_154137_V06,10,1.802,1.200,118,0,23.307,3,0,7.042
KMAX20181117-5,KMAX20181117_154137_V06,11,2.417,1.200,117,0,0.355,0,0,0.355
KMAX20181118-1,KMAX20181118_140910_V06,0,0.000,1.200,335,0,64561.624,8,0,64527.306
KMAX20181118-1,KMAX20181118_140910_V06,2,0.483,1.200,334,0,73928.678,1,0,73927.274
KMAX20181118-1,KMAX20181118_140910_V06,4,0.879,1.200,334,0,18235.898,7,0,18191.719
KMAX20181118-1,KMAX20181118_140910_V06,8,1.318,1.200,336,0,965.890,5,0,951.834
KMAX20181118-1,KMAX20181118_140910_V06,10,1.802,1.200,168,0,0.505,0,0,0.505
KMAX20181118-1,KMAX20181118_140910_V06,11,2.417,1.200,169,0,7.056,0,0,7.056
KMAX20181118-1,KMAX20181118_141930_V06,0,0.000,1.200,1549,0,129740.050,46,0,129511.063
KMAX20181118-1,KMAX20181118_141930_V06,2,0.483,1.200,1551,0,69129.396,30,0,68969.057
KMAX20181118-1,KMAX20181118_141930_V06,4,0.879,1.200,1552,0,16443.649,25,0,16328.364
KMAX20181118-1,KMAX20181118_141930_V06,8,1.318,1.200,1554,0,1637.090,18,0,1045.432
KMAX20181118-1,KMAX20181118_141930_V06,10,1.802,1.200,780,0,64.573,5,0,46.638
KMAX20181118-1,KMAX20181118_141930_V06,11,2.417,1.200,781,0,105.610,8,0,54.058
KMAX20181118-3,KMAX20181118_154205_V06,0,0.000,1.200,541,0,75147.550,6,0,75105.466
KMAX20181118-3,KMAX20181118_154205_V06,2,0.483,1.200,543,0,62582.476,3,0,62573.236
KMAX20181118-3,KMAX20181118_154205_V06,4,0.879,1.200,543,0,17901.695,6,0,17880.253
KMAX20181118-3,KMAX20181118_154205_V06,8,1.318,1.200,543,0,1130.978,2,0,1106.464
KMAX20181118-3,KMAX20181118_154205_V06,10,1.802,1.200,271,0,0.813,0,0,0.813
KMAX20181118-3,KMAX20181118_154205_V06,11,2.417,1.200,270,0,8.301,0,0,8.301
KMAX20181118-3,KMAX20181118_160243_V06,0,0.000,1.200,1524,0,107065.068,33,0,106832.877
KMAX20181118-3,KMAX20181118_160243_V06,2,0.483,1.200,1523,0,76906.541,37,0,75228.134
KMAX20181118-3,KMAX20181118_160243_V06,4,0.879,1.200,1526,0,22749.194,25,0,22661.142
KMAX20181118-3,KMAX20181118_160243_V06,8,1.318,1.200,1527,0,1803.450,13,0,1649.274
KMAX20181118-3,KMAX20181118_160243_V06,10,1.802,1.200,763,0,64.615,3,0,46.789
KMAX20181118-3,KMAX20181118_160243_V06,11,2.417,1.200,764,0,13.193,0,0,13.193
KMAX20181118-3,KMAX20181118_161301_V06,0,0.000,1.200,144,0,32974.158,1,0,32735.743
KMAX20181118-3,KMAX20181118_161301_V06,2,0.483,1.200,144,0,40965.136,0,0,40965.136
KMAX20181118-3,KMAX20181118_161301_V06,4,0.879,1.200,145,0,10744.722,0,0,10744.722
KMAX20181118-3,KMAX20181118_161301_V06,8,1.318,1.200,146,0,834.613,0,0,834.613
KMAX20181118-3,KMAX20181118_161301_V06,10,1.802,1.200,72,0,0.213,0,0,0.213
KMAX20181118-3,KMAX20181118_161301_V06,11,2.417,1.200,70,0,20.705,0,0,20.705
KMAX20181118-3,KMAX20181118_162320_V06,0,0.000,1.200,1369,0,109107.504,33,0,108792.020
KMAX20181118-3,KMAX20181118_162320_V06,2,0.483,1.200,1371,0,56174.029,33,0,56006.558
KMAX20181118-3,KMAX20181118_162320_V06,4,0.879,1.200,1370,0,28260.431,17,0,28190.457
KMAX20181118-3,KMAX20181118_162320_V06,8,1.318,1.200,1372,0,1499.841,13,0,1284.820
KMAX20181118-3,KMAX20181118_162320_V06,10,1.802,1.200,683,0,43.432,3,0,28.688
KMAX20181118-3,KMAX20181118_162320_V06,11,2.417,1.200,684,0,12.755,1,0,9.535
KMAX20181119-1,KMAX20181119_140657_V06,0,0.000,1.200,470,0,89476.731,3,0,89175.678
KMAX20181119-1,KMAX20181119_140657_V06,2,0.483,1.200,471,0,54628.270,3,0,52825.079
KMAX20181119-1,KMAX20181119_140657_V06,4,0.879,1.200,470,0,14929.250,4,0,14916.199
KMAX20181119-1,KMAX20181119_140657_V06,8,1.318,1.200,470,0,1395.917,4,0,1376.442
KMAX20181119-1,KMAX20181119_140657_V06,10,1.802,1.200,236,0,0.691,0,0,0.691
KMAX20181119-1,KMAX20181119_140657_V06,11,2.417,1.200,237,0,0.695,0,0,0.695
KMAX20181119-1,KMAX20181119_141716_V06,0,0.000,1.200,1609,0,89232.923,35,0,88711.393
KMAX20181119-1,KMAX20181119_141716_V06,2,0.483,1.200,1611,0,48316.182,31,0,47359.143
KMAX20181119-1,KMAX20181119_141716_V06,4,0.879,1.200,1614,0,17549.620,22,0,17356.551
KMAX20181119-1,KMAX20181119_141716_V06,8,1.318,1.200,1613,0,1151.458,10,0,1064.287
KMAX20181119-1,KMAX20181119_141716_V06,10,1.802,1.200,809,0,25.583,3,0,15.975
KMAX20181119-1,KMAX20181119_141716_V06,11,2.417,1.200,812,0,20.965,2,0,11.109
KMAX20181119-1,KMAX20181119_142933_V06,0,0.000,1.200,552,0,102779.243,13,0,99470.527
KMAX20181119-1,KMAX20181119_142933_V06,2,0.483,1.200,551,0,86415.635,14,0,84976.248
KMAX20181119-1,KMAX20181119_142933_V06,4,0.879,1.200,550,0,23579.310,13,0,23551.900
KMAX20181119-1,KMAX20181119_142933_V06,8,1.318,1.200,549,0,1017.711,0,0,1017.711
KMAX20181119-1,KMAX20181119_142933_V06,10,1.802,1.200,276,0,17.240,3,0,4.281
KMAX20181119-1,KMAX20181119_142933_V06,11,2.417,1.200,273,0,30.941,3,0,20.223
KMAX20181119-1,KMAX20181119_143951_V06,0,0.000,1.200,1927,0,124079.923,46,0,116158.020
KMAX20181119-1,KMAX20181119_143951_V06,2,0.483,1.200,1928,0,63295.348,40,0,63146.382
KMAX20181119-1,KMAX20181119_143951_V06,4,0.879,1.200,1932,0,18056.119,29,0,17973.117
KMAX20181119-1,KMAX20181119_143951_V06,8,1.318,1.200,1930,0,2209.914,21,0,2036.330
KMAX20181119-1,KMAX20181119_143951_V06,10,1.802,1.200,963,0,109.809,12,0,50.834
KMAX20181119-1,KMAX20181119_143951_V06,11,2.417,1.200,965,0,27.522,3,0,13.093
KMAX20181119-1,KMAX20181119_150029_V06,0,0.000,1.200,752,0,110249.378,17,0,110185.742
KMAX20181119-1,KMAX20181119_150029_V06,2,0.483,1.200,752,0,92581.061,10,0,92526.064
KMAX20181119-1,KMAX20181119_150029_V06,4,0.879,1.200,755,0,18355.488,5,0,18332.074
KMAX20181119-1,KMAX20181119_150029_V06,8,1.318,1.200,758,0,2053.555,1,0,2052.111
KMAX20181119-1,KMAX20181119_150029_V06,10,1.802,1.200,377,0,9.439,1,0,5.997
KMAX20181119-1,KMAX20181119_150029_V06,11,2.417,1.200,376,0,23.043,0,0,23.043
KMAX20181119-1,KMAX20181119_151048_V06,0,0.000,1.200,2195,0,111664.440,42,0,111448.858
KMAX20181119-1,KMAX20181119_151048_V06,2,0.483,1.200,2193,0,85335.536,41,0,85115.181
KMAX20181119-1,KMAX20181119_151048_V06,4,0.879,1.200,2194,0,21605.623,20,0,21516.132
KMAX20181119-1,KMAX20181119_151048_V06,8,1.318,1.200,2193,0,2090.831,16,0,2015.892
KMAX20181119-1,KMAX20181119_151048_V06,10,1.802,1.200,1098,0,55.338,5,0,34.830
KMAX20181119-1,KMAX20181119_151048_V06,11,2.417,1.200,1098,0,54.643,5,0,20.513
KMAX20181119-1,KMAX20181119_152107_V06,0,0.000,1.200,558,0,85998.343,10,0,85922.874
KMAX20181119-1,KMAX20181119_152107_V06,2,0.483,1.200,560,0,75975.675,11,0,75882.130
KMAX20181119-1,KMAX20181119_152107_V06,4,0.879,1.200,559,0,17703.640,11,0,17666.700
KMAX20181119-1,KMAX20181119_152107_V06,8,1.318,1.200,561,0,1613.831,4,0,1597.781
KMAX20181119-1,KMAX20181119_152107_V06,10,1.802,1.200,280,0,33.316,8,0,0.820
KMAX20181119-1,KMAX20181119_152107_V06,11,2.417,1.200,281,0,47.168,0,0,47.168
KMAX20181119-1,KMAX20181119_153125_V06,0,0.000,1.200,1949,0,124068.965,62,0,119982.672
KMAX20181119-1,KMAX20181119_153125_V06,2,0.483,1.200,1948,0,50301.675,22,0,50176.500
KMAX20181119-1,KMAX20181119_153125_V06,4,0.879,1.200,1948,0,22877.096,27,0,21705.477
KMAX20181119-1,KMAX20181119_153125_V06,8,1.318,1.200,1948,0,2497.675,22,0,2286.102
KMAX20181119-1,KMAX20181119_153125_V06,10,1.802,1.200,973,0,47.094,4,0,26.361
KMAX20181119-1,KMAX20181119_153125_V06,11,2.417,1.200,976,0,12.960,0,0,12.960
KMAX20181119-1,KMAX20181119_154144_V06,0,0.000,1.200,4371,0,134306.609,80,0,133549.208
KMAX20181119-1,KMAX20181119_154144_V06,2,0.483,1.200,4371,0,68929.446,60,0,68581.696
KMAX20181119-1,KMAX20181119_154144_V06,4,0.879,1.200,4373,0,26358.743,67,0,26108.929
KMAX20181119-1,KMAX20181119_154144_V06,8,1.318,1.200,4379,0,2771.731,49,0,2442.989
KMAX20181119-1,KMAX20181119_154144_V06,10,1.802,1.200,2189,0,98.669,9,0,43.885
KMAX20181119-1,KMAX20181119_154144_V06,11,2.417,1.200,2191,0,76.091,11,0,44.810
KMAX20181119-1,KMAX20181119_160222_V06,0,0.000,1.200,328,0,92940.573,7,0,88211.347
KMAX20181119-1,KMAX20181119_160222_V06,2,0.483,1.200,327,0,63900.879,3,0,63375.454
KMAX20181119-1,KMAX20181119_160222_V06,4,0.879,1.200,327,0,20534.182,10,0,20496.171
KMAX20181119-1,KMAX20181119_160222_V06,8,1.318,1.200,327,0,846.583,1,0,844.600
KMAX20181119-1,KMAX20181119_160222_V06,10,1.802,1.200,161,0,0.484,0,0,0.484
KMAX20181119-1,KMAX20181119_160222_V06,11,2.417,1.200,161,0,0.484,0,0,0.484
KMAX20181119-1,KMAX20181119_161241_V06,0,0.000,1.200,1705,0,117831.558,56,0,116874.888
KMAX20181119-1,KMAX20181119_161241_V06,2,0.483,1.200,1705,0,55778.192,16,0,55706.451
KMAX20181119-1,KMAX20181119_161241_V06,4,0.879,1.200,1706,0,19727.755,18,0,19654.620
KMAX20181119-1,KMAX20181119_161241_V06,8,1.318,1.200,1706,0,2722.804,11,0,2382.790
KMAX20181119-1,KMAX20181119_161241_V06,10,1.802,1.200,854,0,38.601,4,0,12.120
KMAX20181119-1,KMAX20181119_161241_V06,11,2.417,1.200,857,0,44.377,6,0,14.870
KMAX20181120-2,KMAX20181120_141637_V06,0,0.000,1.200,156,0,61532.558,1,0,61528.487
KMAX20181120-2,KMAX20181120_141637_V06,2,0.483,1.200,156,0,106743.391,1,0,105386.982
KMAX20181120-2,KMAX20181120_141637_V06,4,0.879,1.200,154,0,22123.042,0,0,22123.042
KMAX20181120-2,KMAX20181120_141637_V06,8,1.318,1.200,156,0,1559.429,3,0,1542.522
KMAX20181120-2,KMAX20181120_141637_V06,10,1.802,1.200,79,0,0.237,0,0,0.237
KMAX20181120-2,KMAX20181120_141637_V06,11,2.417,1.200,76,0,0.228,0,0,0.228
KMAX20181120-2,KMAX20181120_142656_V06,0,0.000,1.200,1080,0,164806.629,34,0,162285.212
KMAX20181120-2,KMAX20181120_142656_V06,2,0.483,1.200,1078,0,160602.764,20,0,152732.745
KMAX20181120-2,KMAX20181120_142656_V06,4,0.879,1.200,1077,0,20429.261,18,0,20341.048
KMAX20181120-2,KMAX20181120_142656_V06,8,1.318,1.200,1076,0,1447.262,7,0,1168.592
KMAX20181120-2,KMAX20181120_142656_V06,10,1.802,1.200,539,0,26.023,4,0,8.028
KMAX20181120-2,KMAX20181120_142656_V06,11,2.417,1.200,535,0,31.925,4,0,9.910
KMAX20181120-2,KMAX20181120_143714_V06,0,0.000,1.200,1031,0,186212.199,29,0,183100.828
KMAX20181120-2,KMAX20181120_143714_V06,2,0.483,1.200,1031,0,146872.478,20,0,139012.806
KMAX20181120-2,KMAX20181120_143714_V06,4,0.879,1.200,1028,0,33156.396,16,0,32010.147
KMAX20181120-2,KMAX20181120_143714_V06,8,1.318,1.200,1027,0,998.570,2,0,992.079
KMAX20181120-2,KMAX20181120_143714_V06,10,1.802,1.200,516,0,41.138,4,0,13.324
KMAX20181120-2,KMAX20181120_143714_V06,11,2.417,1.200,515,0,15.743,2,0,4.916
KMAX20181120-2,KMAX20181120_144931_V06,0,0.000,1.200,1194,0,173090.411,23,0,171546.491
KMAX20181120-2,KMAX20181120_144931_V06,2,0.483,1.200,1194,0,63038.350,10,0,63006.526
KMAX20181120-2,KMAX20181120_144931_V06,4,0.879,1.200,1194,0,21516.187,19,0,20351.141
KMAX20181120-2,KMAX20181120_144931_V06,8,1.318,1.200,1195,0,1603.552,13,0,1401.102
KMAX20181120-2,KMAX20181120_144931_V06,10,1.802,1.200,596,0,42.393,5,0,20.922
KMAX20181120-2,KMAX20181120_144931_V06,11,2.417,1.200,597,0,20.271,0,0,20.271
KMAX20181120-2,KMAX20181120_151009_V06,0,0.000,1.200,534,0,116626.061,10,0,114846.737
KMAX20181120-2,KMAX20181120_151009_V06,2,0.483,1.200,534,0,102145.981,14,0,102049.649
KMAX20181120-2,KMAX20181120_151009_V06,4,0.879,1.200,535,0,26878.641,8,0,26835.219
KMAX20181120-2,KMAX20181120_151009_V06,8,1.318,1.200,537,0,563.123,4,0,533.796
KMAX20181120-2,KMAX20181120_151009_V06,10,1.802,1.200,268,0,22.843,0,0,22.843
KMAX20181120-2,KMAX20181120_151009_V06,11,2.417,1.200,270,0,117.826,1,0,110.852
KMAX20181120-2,KMAX20181120_152028_V06,0,0.000,1.200,4735,0,139951.098,114,0,137519.990
KMAX20181120-2,KMAX20181120_152028_V06,2,0.483,1.200,4736,0,108078.540,97,0,107527.027
KMAX20181120-2,KMAX20181120_152028_V06,4,0.879,1.200,4737,0,21005.278,108,0,18835.882
KMAX20181120-2,KMAX20181120_152028_V06,8,1.318,1.200,4739,0,2194.648,52,0,1824.274
KMAX20181120-2,KMAX20181120_152028_V06,10,1.802,1.200,2372,0,175.459,18,0,90.907
KMAX20181120-2,KMAX20181120_152028_V06,11,2.417,1.200,2372,0,116.686,14,0,62.440
KMAX20181120-2,KMAX20181120_153046_V06,0,0.000,1.200,459,0,108857.212,6,0,107850.185
KMAX20181120-2,KMAX20181120_153046_V06,2,0.483,1.200,459,0,65099.427,9,0,64807.936
KMAX20181120-2,KMAX20181120_153046_V06,4,0.879,1.200,460,0,18913.483,7,0,18520.272
KMAX20181120-2,KMAX20181120_153046_V06,8,1.318,1.200,461,0,527.267,1,0,525.273
KMAX20181120-2,KMAX20181120_153046_V06,10,1.802,1.200,230,0,29.612,4,0,11.484
KMAX20181120-2,KMAX20181120_153046_V06,11,2.417,1.200,232,0,0.691,0,0,0.691
KMAX20181120-8,KMAX20181120_160143_V06,0,0.000,1.200,340,0,97362.035,3,0,97348.769
KMAX20181120-8,KMAX20181120_160143_V06,2,0.483,1.200,340,0,54454.006,4,0,54425.543
KMAX20181120-8,KMAX20181120_160143_V06,4,0.879,1.200,340,0,22368.988,2,0,22362.957
KMAX20181120-8,KMAX20181120_160143_V06,8,1.318,1.200,338,0,1312.489,0,0,1312.489
KMAX20181120-8,KMAX20181120_160143_V06,10,1.802,1.200,169,0,0.505,0,0,0.505
KMAX20181120-8,KMAX20181120_160143_V06,11,2.417,1.200,170,0,4.227,0,0,4.227
KMAX20181120-8,KMAX20181120_161202_V06,0,0.000,1.200,1632,0,115924.973,41,0,115102.124
KMAX20181120-8,KMAX20181120_161202_V06,2,0.483,1.200,1633,0,148333.371,30,0,148086.478
KMAX20181120-8,KMAX20181120_161202_V06,4,0.879,1.200,1632,0,29497.583,26,0,29384.088
KMAX20181120-8,KMAX20181120_161202_V06,8,1.318,1.200,1634,0,1295.592,17,0,1250.822
KMAX20181120-8,KMAX20181120_161202_V06,10,1.802,1.200,819,0,50.298,2,0,40.750
KMAX20181120-8,KMAX20181120_161202_V06,11,2.417,1.200,819,0,44.780,7,0,16.690
KMAX20181121-9,KMAX20181121_162429_V06,0,0.000,1.200,7986,0,13554.332,1297,0,3329.987
KMAX20181121-9,KMAX20181121_162429_V06,2,0.483,1.200,7985,0,13358.349,1049,0,6903.432
KMAX20181121-9,KMAX20181121_162429_V06,4,0.879,1.200,7986,0,14352.381,1163,0,8487.092
KMAX20181121-9,KMAX20181121_162429_V06,6,1.318,1.200,7993,0,16125.400,1287,0,5300.596
KMAX20181121-9,KMAX20181121_162429_V06,10,1.802,1.200,3999,0,4434.779,848,0,2169.973
KMAX20181121-9,KMAX20181121_162429_V06,11,2.417,1.200,4001,0,1387.646,659,0,618.199
KMAX20181121-9,KMAX20181121_162429_V06,12,3.120,1.200,4001,0,780.187,677,0,381.799
KMAX20181121-9,KMAX20181121_162429_V06,13,3.999,1.200,3998,0,404.226,572,0,209.059
KMAX20181121-9,KMAX20181121_162429_V06,14,5.098,1.200,4009,0,112.482,386,0,26.705
KMAX20181121-9,KMAX20181121_162429_V06,15,6.416,1.200,4017,0,91.968,253,0,63.270
KMAX20181121-9,KMAX20181121_163035_V06,0,0.000,1.200,19016,0,35139.142,4325,0,6239.401
KMAX20181121-9,KMAX20181121_163035_V06,2,0.483,1.200,19017,0,33131.521,4129,0,5418.939
KMAX20181121-9,KMAX20181121_163035_V06,4,0.879,1.200,19019,0,19681.247,3526,0,7101.380
KMAX20181121-9,KMAX20181121_163035_V06,6,1.318,1.200,19023,0,7091.488,2611,0,4703.094
KMAX20181121-9,KMAX20181121_163035_V06,10,1.802,1.200,9516,0,1297.689,1614,0,304.316
KMAX20181121-9,KMAX20181121_163035_V06,11,2.417,1.200,9521,0,1108.410,1399,0,350.273
KMAX20181121-9,KMAX20181121_163035_V06,12,3.120,1.200,9532,0,1045.295,1283,0,564.944
KMAX20181121-9,KMAX20181121_163035_V06,13,3.999,1.200,9539,0,438.899,1025,0,202.498
KMAX20181121-9,KMAX20181121_163035_V06,14,5.098,1.200,9552,0,87.635,705,0,32.544
KMAX20181121-9,KMAX20181121_163035_V06,15,6.416,1.200,9571,0,1782.898,603,0,991.136
KMAX20181121-9,KMAX20181121_163641_V06,0,0.000,1.200,29825,0,77134.679,6965,0,33188.122
KMAX20181121-9,KMAX20181121_163641_V06,2,0.483,1.200,29825,0,46742.055,6660,0,23939.203
KMAX20181121-9,KMAX20181121_163641_V06,4,0.879,1.200,29829,0,15108.590,5851,0,7893.506
KMAX20181121-9,KMAX20181121_163641_V06,6,1.318,1.200,29835,0,6176.267,4705,0,2570.889
KMAX20181121-9,KMAX20181121_163641_V06,10,1.802,1.200,14926,0,2183.919,1582,0,590.291
KMAX20181121-9,KMAX20181121_163641_V06,11,2.417,1.200,14936,0,1217.357,1199,0,442.853
KMAX20181121-9,KMAX20181121_163641_V06,12,3.120,1.200,14946,0,421.596,1281,0,178.091
KMAX20181121-9,KMAX20181121_163641_V06,13,3.999,1.200,14955,0,278.901,1101,0,125.527
KMAX20181121-9,KMAX20181121_163641_V06,14,5.098,1.200,14977,0,681.865,1060,0,419.207
KMAX20181121-9,KMAX20181121_163641_V06,15,6.416,1.200,15015,0,4587.779,1314,0,2899.593
KMAX20181121-1,KMAX20181121_144240_V06,0,0.000,1.200,9443,0,900974.937,2389,0,184580.614
KMAX20181121-1,KMAX20181121_144240_V06,2,0.483,1.200,9450,0,175099.304,2448,0,22067.119
KMAX20181121-1,KMAX20181121_144240_V06,4,0.879,1.200,9452,0,70638.203,1812,0,11705.696
KMAX20181121-1,KMAX20181121_144240_V06,6,1.318,1.200,9457,0,22439.300,1145,0,5780.612
KMAX20181121-1,KMAX20181121_144240_V06,10,1.802,1.200,4729,0,1440.203,121,0,403.723
KMAX20181121-1,KMAX20181121_144240_V06,11,2.417,1.200,4733,0,264.733,51,0,142.802
KMAX20181121-1,KMAX20181121_144240_V06,12,3.120,1.200,4738,0,362.800,64,0,152.921
KMAX20181121-1,KMAX20181121_144901_V06,0,0.000,1.200,13998,0,1521629.020,3714,0,431787.454
KMAX20181121-1,KMAX20181121_144901_V06,2,0.483,1.200,14001,0,417400.068,3295,0,79085.667
KMAX20181121-1,KMAX20181121_144901_V06,4,0.879,1.200,13995,0,210345.810,2399,0,38557.557
KMAX20181121-1,KMAX20181121_144901_V06,6,1.318,1.200,13995,0,108096.258,1619,0,12635.387
KMAX20181121-1,KMAX20181121_144901_V06,10,1.802,1.200,7012,0,8788.567,244,0,1484.321
KMAX20181121-1,KMAX20181121_144901_V06,11,2.417,1.200,7009,0,435.552,66,0,214.198
KMAX20181121-1,KMAX20181121_144901_V06,12,3.120,1.200,7022,0,446.118,80,0,223.896
KMAX20181121-2,KMAX20181121_144901_V06,0,0.000,1.200,3679,0,4226.827,53,0,2418.221
KMAX20181121-2,KMAX20181121_144901_V06,2,0.483,1.200,3677,0,56508.238,829,0,9477.638
KMAX20181121-2,KMAX20181121_144901_V06,4,0.879,1.200,3677,0,50198.711,899,0,8108.595
KMAX20181121-3,KMAX20181121_150402_V06,0,0.000,1.200,3064,0,299117.398,1861,0,61670.003
KMAX20181121-3,KMAX20181121_150402_V06,2,0.483,1.200,3065,0,71874.413,1169,0,18028.129
KMAX20181121-3,KMAX20181121_150402_V06,4,0.879,1.200,3069,0,4904.604,180,0,2752.796
KMAX20181121-3,KMAX20181121_150402_V06,6,1.318,1.200,3071,0,1253.682,87,0,873.379
KMAX20181121-3,KMAX20181121_150402_V06,10,1.802,1.200,1534,0,68.295,7,0,28.923
KMAX20181121-3,KMAX20181121_150402_V06,11,2.417,1.200,1530,0,62.286,5,0,31.246
KMAX20181121-6,KMAX20181121_151709_V06,0,0.000,1.200,3534,0,569218.263,1127,0,24441.756
KMAX20181121-6,KMAX20181121_151709_V06,2,0.483,1.200,3535,0,161012.683,780,0,1709.445
KMAX20181121-6,KMAX20181121_151709_V06,4,0.879,1.200,3533,0,67987.114,536,0,1932.661
KMAX20181121-6,KMAX20181121_151709_V06,6,1.318,1.200,3536,0,12525.961,198,0,977.945
KMAX20181122-7,KMAX20181122_161444_V06,0,-0.220,1.200,278,0,109871.827,18,0,98504.673
KMAX20181122-7,KMAX20181122_161444_V06,2,0.483,1.200,280,0,105327.684,27,0,91855.020
KMAX20181122-7,KMAX20181122_161444_V06,4,0.879,1.200,278,0,28516.237,10,0,25553.288
KMAX20181122-7,KMAX20181122_161444_V06,6,1.318,1.200,279,0,1205.924,23,0,736.851
KMAX20181122-7,KMAX20181122_161444_V06,10,1.802,1.200,137,0,22.609,0,0,22.609
KMAX20181122-7,KMAX20181122_161444_V06,11,2.417,1.200,139,0,0.415,0,0,0.415
KMAX20181122-7,KMAX20181122_161918_V06,0,-0.220,1.200,1114,0,196286.393,69,0,185973.418
KMAX20181122-7,KMAX20181122_161918_V06,2,0.483,1.200,1114,0,104718.862,51,0,97570.943
KMAX20181122-7,KMAX20181122_161918_V06,4,0.879,1.200,1114,0,20499.318,41,0,19069.210
KMAX20181122-7,KMAX20181122_161918_V06,6,1.318,1.200,1114,0,1287.264,51,0,952.847
KMAX20181122-7,KMAX20181122_161918_V06,10,1.802,1.200,557,0,63.328,0,0,63.328
KMAX20181122-7,KMAX20181122_161918_V06,11,2.417,1.200,560,0,1.676,0,0,1.676
KMAX20181122-2,KMAX20181122_141250_V06,0,-0.220,1.200,429,0,138569.839,29,0,115915.990
KMAX20181122-2,KMAX20181122_141250_V06,2,0.483,1.200,428,0,125963.087,19,0,123803.074
KMAX20181122-2,KMAX20181122_141250_V06,4,0.879,1.200,427,0,49934.987,37,0,46556.851
KMAX20181122-2,KMAX20181122_141250_V06,6,1.318,1.200,429,0,5134.630,17,0,3769.931
KMAX20181122-2,KMAX20181122_141250_V06,10,1.802,1.200,213,0,44.367,0,0,44.367
KMAX20181122-2,KMAX20181122_141250_V06,11,2.417,1.200,213,0,30.336,0,0,30.336
KMAX20181122-2,KMAX20181122_141754_V06,0,-0.220,1.200,273,0,80472.150,16,0,74736.214
KMAX20181122-2,KMAX20181122_141754_V06,2,0.483,1.200,274,0,76394.928,16,0,73660.298
KMAX20181122-2,KMAX20181122_141754_V06,4,0.879,1.200,273,0,17448.953,17,0,17106.035
KMAX20181122-2,KMAX20181122_141754_V06,6,1.318,1.200,273,0,3111.055,16,0,3000.605
KMAX20181122-2,KMAX20181122_141754_V06,10,1.802,1.200,135,0,42.458,3,0,23.425
KMAX20181122-2,KMAX20181122_141754_V06,11,2.417,1.200,136,0,0.408,0,0,0.408
KMAX20181122-4,KMAX20181122_150235_V06,0,-0.220,1.200,285,0,147458.086,21,0,117264.971
KMAX20181122-4,KMAX20181122_150235_V06,2,0.483,1.200,281,0,105738.891,23,0,99491.415
KMAX20181122-4,KMAX20181122_150235_V06,4,0.879,1.200,282,0,27823.082,22,0,24285.472
KMAX20181122-4,KMAX20181122_150235_V06,6,1.318,1.200,286,0,4256.131,23,0,2844.907
KMAX20181122-4,KMAX20181122_150235_V06,10,1.802,1.200,143,0,22.167,0,0,22.167
KMAX20181122-4,KMAX20181122_150235_V06,11,2.417,1.200,143,0,19.165,0,0,19.165
KMAX20181122-4,KMAX20181122_150718_V06,0,-0.220,1.200,1431,0,261849.514,85,0,220092.300
KMAX20181122-4,KMAX20181122_150718_V06,2,0.483,1.200,1429,0,60195.100,59,0,58330.944
KMAX20181122-4,KMAX20181122_150718_V06,4,0.879,1.200,1428,0,26878.364,33,0,26725.173
KMAX20181122-4,KMAX20181122_150718_V06,6,1.318,1.200,1426,0,3321.662,51,0,2968.743
KMAX20181122-4,KMAX20181122_150718_V06,10,1.802,1.200,715,0,70.954,0,0,70.954
KMAX20181122-4,KMAX20181122_150718_V06,11,2.417,1.200,713,0,59.262,0,0,59.262
KMAX20181122-4,KMAX20181122_151347_V06,0,-0.220,1.200,524,0,253044.068,42,0,190930.894
KMAX20181122-4,KMAX20181122_151347_V06,2,0.483,1.200,525,0,99215.413,34,0,97137.685
KMAX20181122-4,KMAX20181122_151347_V06,4,0.879,1.200,523,0,24345.144,27,0,24189.089
KMAX20181122-4,KMAX20181122_151347_V06,6,1.318,1.200,528,0,2757.024,32,0,1939.447
KMAX20181122-4,KMAX20181122_151347_V06,10,1.802,1.200,261,0,161.183,6,0,120.668
KMAX20181122-4,KMAX20181122_151347_V06,11,2.417,1.200,263,0,11.274,0,0,11.274
KMAX20181122-4,KMAX20181122_151830_V06,0,-0.220,1.200,310,0,129054.622,18,0,112390.875
KMAX20181122-4,KMAX20181122_151830_V06,2,0.483,1.200,309,0,81249.177,18,0,73310.390
KMAX20181122-4,KMAX20181122_151830_V06,4,0.879,1.200,307,0,31136.062,17,0,25783.900
KMAX20181122-4,KMAX20181122_151830_V06,6,1.318,1.200,308,0,2312.364,22,0,1931.011
KMAX20181122-4,KMAX20181122_151830_V06,10,1.802,1.200,158,0,4.060,0,0,4.060
KMAX20181122-4,KMAX20181122_151830_V06,11,2.417,1.200,157,0,12.799,0,0,12.799
KMAX20181123-4,KMAX20181123_152730_V06,0,-0.220,1.200,1324,0,1117608.756,769,0,170868.073
KMAX20181123-4,KMAX20181123_152730_V06,2,0.483,1.200,1323,0,413613.104,713,0,21988.189
KMAX20181123-4,KMAX20181123_152730_V06,4,0.879,1.200,1325,0,192195.732,478,0,10250.651
KMAX20181123-4,KMAX20181123_152730_V06,6,1.318,1.200,1322,0,45852.681,278,0,2511.528
KMAX20181123-4,KMAX20181123_153339_V06,0,-0.220,1.200,2996,0,5054522.908,1652,0,613965.382
KMAX20181123-4,KMAX20181123_153339_V06,2,0.483,1.200,3002,0,731868.579,1282,0,43381.155
KMAX20181123-4,KMAX20181123_153339_V06,4,0.879,1.200,3002,0,372955.225,780,0,14080.968
KMAX20181123-4,KMAX20181123_153339_V06,6,1.318,1.200,3006,0,127892.390,420,0,3857.612
KMAX20181123-4,KMAX20181123_153949_V06,0,-0.220,1.200,5059,59,14475126.698,2813,22,3975942.111
KMAX20181123-4,KMAX20181123_153949_V06,2,0.483,1.200,5073,0,1620940.115,2486,0,110576.228
KMAX20181123-4,KMAX20181123_153949_V06,4,0.879,1.200,5068,0,559483.927,1427,0,16199.195
KMAX20181123-4,KMAX20181123_153949_V06,6,1.318,1.200,5069,0,185450.818,726,0,7810.829
KMAX20181123-4,KMAX20181123_154558_V06,0,-0.220,1.200,7877,86,19744995.646,4523,19,5707446.007
KMAX20181123-4,KMAX20181123_154558_V06,2,0.483,1.200,7889,0,1910558.959,4197,0,131158.442
KMAX20181123-4,KMAX20181123_154558_V06,4,0.879,1.200,7897,0,880418.239,2919,0,22358.369
KMAX20181123-4,KMAX20181123_154558_V06,6,1.318,1.200,7884,0,283053.145,1286,0,7247.354
KMAX20181123-4,KMAX20181123_155208_V06,0,-0.220,1.200,12858,51,24629922.136,7858,1,5069126.914
KMAX20181123-4,KMAX20181123_155208_V06,2,0.483,1.200,12868,0,2705056.397,8280,0,165089.917
KMAX20181123-4,KMAX20181123_155208_V06,4,0.879,1.200,12879,0,1363531.271,6848,0,30562.560
KMAX20181123-4,KMAX20181123_155208_V06,6,1.318,1.200,12884,0,607446.106,3792,0,15123.045
KMAX20181123-5,KMAX20181123_152730_V06,0,-0.220,1.200,4640,5,10888424.559,2621,0,2876882.339
KMAX20181123-5,KMAX20181123_152730_V06,2,0.483,1.200,4631,0,793185.948,1731,0,116133.696
KMAX20181123-5,KMAX20181123_152730_V06,4,0.879,1.200,4647,0,389184.170,1355,0,5830.160
KMAX20181123-5,KMAX20181123_152730_V06,6,1.318,1.200,4631,0,83095.122,605,0,3929.306
KMAX20181123-5,KMAX20181123_153339_V06,0,-0.220,1.200,7407,14,14098431.549,4420,1,4082721.562
KMAX20181123-5,KMAX20181123_153339_V06,2,0.483,1.200,7421,0,1141298.652,2844,0,144745.381
KMAX20181123-5,KMAX20181123_153339_V06,4,0.879,1.200,7426,0,583443.941,1885,0,8756.957
KMAX20181123-5,KMAX20181123_153339_V06,6,1.318,1.200,7424,0,213041.446,985,0,3011.921
KMAX20181123-3,KMAX20181123_150831_V06,0,-0.220,1.200,9063,485,3267160.370,2928,255,2257995.108
KMAX20181123-3,KMAX20181123_150831_V06,2,0.483,1.200,9073,462,3195861.241,3534,35,1089338.726
KMAX20181123-3,KMAX20181123_150831_V06,4,0.879,1.200,9074,138,1246127.722,4424,0,205931.740
KMAX20181123-3,KMAX20181123_150831_V06,6,1.318,1.200,9077,4,479826.380,5084,0,53785.012
KMAX20181123-3,KMAX20181123_150831_V06,8,1.802,1.200,4545,0,290918.594,2727,0,28221.730
KMAX20181123-3,KMAX20181123_150831_V06,9,2.417,1.200,4545,0,239621.929,2640,0,16965.152
KMAX20181123-3,KMAX20181123_150831_V06,12,3.120,1.200,4545,0,139174.663,2315,0,8831.685
KMAX20181123-3,KMAX20181123_150831_V06,13,3.999,1.200,4553,0,58208.882,1284,0,3126.273
KMAX20181123-3,KMAX20181123_150831_V06,14,5.098,1.200,4561,0,7349.788,488,0,342.640
KMAX20181123-3,KMAX20181123_150831_V06,15,6.416,1.200,4569,0,197.782,57,0,39.215
KMAX20181124-1,KMAX20181124_141229_V06,0,-0.220,1.200,328,0,68113.385,6,0,67198.781
KMAX20181124-1,KMAX20181124_141229_V06,2,0.483,1.200,329,0,57861.826,0,0,57861.826
KMAX20181124-1,KMAX20181124_141229_V06,4,0.879,1.200,328,0,39711.476,0,0,39711.476
KMAX20181124-1,KMAX20181124_141229_V06,8,1.318,1.200,328,0,1280.861,2,0,1267.887
KMAX20181124-1,KMAX20181124_141229_V06,10,1.802,1.200,165,0,14.523,3,0,0.474
KMAX20181124-1,KMAX20181124_141229_V06,11,2.417,1.200,166,0,0.487,0,0,0.487
KMAX20181124-1,KMAX20181124_142248_V06,0,-0.220,1.200,1330,0,140054.414,30,0,134210.811
KMAX20181124-1,KMAX20181124_142248_V06,2,0.483,1.200,1332,0,81406.160,18,0,80812.678
KMAX20181124-1,KMAX20181124_142248_V06,4,0.879,1.200,1330,0,22848.541,9,0,22800.095
KMAX20181124-1,KMAX20181124_142248_V06,8,1.318,1.200,1330,0,3165.039,23,0,3085.200
KMAX20181124-1,KMAX20181124_142248_V06,10,1.802,1.200,664,0,65.408,5,0,40.232
KMAX20181124-1,KMAX20181124_142248_V06,11,2.417,1.200,667,0,56.308,8,0,17.776
KMAX20181124-4,KMAX20181124_150406_V06,0,-0.220,1.200,340,0,58446.313,7,0,58258.670
KMAX20181124-4,KMAX20181124_150406_V06,2,0.483,1.200,341,0,49193.482,7,0,49124.000
KMAX20181124-4,KMAX20181124_150406_V06,4,0.879,1.200,343,0,24270.651,11,0,24188.122
KMAX20181124-4,KMAX20181124_150406_V06,8,1.318,1.200,343,0,1192.172,0,0,1192.172
KMAX20181124-4,KMAX20181124_150406_V06,10,1.802,1.200,172,0,8.204,0,0,8.204
KMAX20181124-4,KMAX20181124_150406_V06,11,2.417,1.200,172,0,10.325,0,0,10.325
KMAX20181124-5,KMAX20181124_161817_V06,0,-0.220,1.200,563,0,166828.069,13,0,160293.323
KMAX20181124-5,KMAX20181124_161817_V06,2,0.483,1.200,564,0,56740.692,10,0,56582.262
KMAX20181124-5,KMAX20181124_161817_V06,4,0.879,1.200,563,0,17335.336,10,0,17273.371
KMAX20181124-5,KMAX20181124_161817_V06,8,1.318,1.200,563,0,2060.333,1,0,2058.044
KMAX20181124-5,KMAX20181124_161817_V06,10,1.802,1.200,282,0,17.030,0,0,17.030
KMAX20181124-5,KMAX20181124_161817_V06,11,2.417,1.200,283,0,5.784,0,0,5.784
KMAX20181125-1,KMAX20181125_141814_V06,0,-0.220,1.200,279,0,31033.205,5,0,30988.272
KMAX20181125-1,KMAX20181125_141814_V06,2,0.483,1.200,280,0,27367.189,4,0,27347.162
KMAX20181125-1,KMAX20181125_141814_V06,4,0.879,1.200,280,0,10357.577,2,0,10327.366
KMAX20181125-1,KMAX20181125_141814_V06,8,1.318,1.200,281,0,1192.754,3,0,1182.237
KMAX20181125-1,KMAX20181125_141814_V06,10,1.802,1.200,141,0,16.638,2,0,9.430
KMAX20181125-1,KMAX20181125_141814_V06,11,2.417,1.200,143,0,0.427,0,0,0.427
KMAX20181125-1,KMAX20181125_142834_V06,0,-0.220,1.200,1344,0,142234.100,39,0,141442.255
KMAX20181125-1,KMAX20181125_142834_V06,2,0.483,1.200,1346,0,41059.090,30,0,40882.503
KMAX20181125-1,KMAX20181125_142834_V06,4,0.879,1.200,1345,0,24928.377,20,0,24873.409
KMAX20181125-1,KMAX20181125_142834_V06,8,1.318,1.200,1344,0,1333.973,6,0,1290.575
KMAX20181125-1,KMAX20181125_142834_V06,10,1.802,1.200,674,0,32.375,6,0,6.574
KMAX20181125-1,KMAX20181125_142834_V06,11,2.417,1.200,677,0,25.903,2,0,9.365
KMAX20181125-2,KMAX20181125_153031_V06,0,-0.220,1.200,533,0,74811.054,11,0,74757.170
KMAX20181125-2,KMAX20181125_153031_V06,2,0.483,1.200,533,0,40243.031,6,0,40206.667
KMAX20181125-2,KMAX20181125_153031_V06,4,0.879,1.200,534,0,15512.283,7,0,15494.643
KMAX20181125-2,KMAX20181125_153031_V06,8,1.318,1.200,532,0,1332.853,7,0,1315.264
KMAX20181125-2,KMAX20181125_153031_V06,10,1.802,1.200,268,0,0.804,0,0,0.804
KMAX20181125-2,KMAX20181125_153031_V06,11,2.417,1.200,268,0,9.522,0,0,9.522
KMAX20181126-1,KMAX20181126_142237_V06,0,-0.220,1.200,544,0,141623.476,14,0,139068.832
KMAX20181126-1,KMAX20181126_142237_V06,2,0.483,1.200,543,0,37175.276,12,0,36829.714
KMAX20181126-1,KMAX20181126_142237_V06,4,0.879,1.200,543,0,27258.069,7,0,27225.156
KMAX20181126-1,KMAX20181126_142237_V06,8,1.318,1.200,545,0,935.179,1,0,934.133
KMAX20181126-1,KMAX20181126_142237_V06,10,1.802,1.200,273,0,760.343,29,0,448.069
KMAX20181126-1,KMAX20181126_142237_V06,11,2.417,1.200,271,0,2402.307,114,0,733.720
KMAX20181126-1,KMAX20181126_143255_V06,0,-0.220,1.200,1852,0,180953.021,64,0,177344.335
KMAX20181126-1,KMAX20181126_143255_V06,2,0.483,1.200,1853,0,49833.674,32,0,49672.902
KMAX20181126-1,KMAX20181126_143255_V06,4,0.879,1.200,1855,0,19135.930,180,0,18676.431
KMAX20181126-1,KMAX20181126_143255_V06,8,1.318,1.200,1860,0,10969.772,687,0,7429.094
KMAX20181126-1,KMAX20181126_143255_V06,10,1.802,1.200,930,0,10171.360,571,0,1845.815
KMAX20181126-1,KMAX20181126_143255_V06,11,2.417,1.200,933,0,13231.331,490,0,3830.336
KMAX20181126-1,KMAX20181126_144313_V06,0,-0.220,1.200,4127,1,168685.773,116,1,166847.265
KMAX20181126-1,KMAX20181126_144313_V06,2,0.483,1.200,4130,0,42649.779,95,0,42209.284
KMAX20181126-1,KMAX20181126_144313_V06,4,0.879,1.200,4129,0,26920.643,621,0,24852.643
KMAX20181126-1,KMAX20181126_144313_V06,8,1.318,1.200,4131,0,37026.128,2012,0,24239.985
KMAX20181126-1,KMAX20181126_144313_V06,10,1.802,1.200,2068,0,48325.465,1157,0,15589.047
KMAX20181126-1,KMAX20181126_144313_V06,11,2.417,1.200,2069,0,23521.278,806,0,9204.893
KMAX20181126-1,KMAX20181126_151447_V06,0,-0.220,1.200,328,0,345249.762,6,0,345103.227
KMAX20181126-1,KMAX20181126_151447_V06,2,0.483,1.200,328,0,160001.099,4,0,159917.819
KMAX20181126-1,KMAX20181126_151447_V06,4,0.879,1.200,326,0,23613.668,42,0,23475.117
KMAX20181126-1,KMAX20181126_151447_V06,8,1.318,1.200,325,0,3097.745,176,0,1910.180
KMAX20181126-1,KMAX20181126_151447_V06,10,1.802,1.200,167,0,277.332,34,0,82.489
KMAX20181126-1,KMAX20181126_151447_V06,11,2.417,1.200,165,0,0.495,0,0,0.495
KMAX20181126-1,KMAX20181126_152457_V06,0,-0.220,1.200,3985,0,642374.002,178,0,587507.923
KMAX20181126-1,KMAX20181126_152457_V06,2,0.483,1.200,3987,0,183999.088,132,0,156208.021
KMAX20181126-1,KMAX20181126_152457_V06,4,0.879,1.200,3986,0,52161.714,491,0,48464.789
KMAX20181126-1,KMAX20181126_152457_V06,6,1.318,1.200,3989,0,10625.779,809,0,6570.339
KMAX20181126-1,KMAX20181126_152457_V06,8,1.802,1.200,1999,0,3170.310,180,0,1093.027
KMAX20181126-1,KMAX20181126_152457_V06,11,2.417,1.200,2001,0,135.732,15,0,63.736
KMAX20181126-1,KMAX20181126_153115_V06,0,-0.220,1.200,575,0,304336.098,23,0,302566.601
KMAX20181126-1,KMAX20181126_153115_V06,2,0.483,1.200,575,0,159027.480,18,0,158815.166
KMAX20181126-1,KMAX20181126_153115_V06,4,0.879,1.200,575,0,47418.787,50,0,47283.944
KMAX20181126-1,KMAX20181126_153115_V06,6,1.318,1.200,574,0,2131.592,65,0,1721.656
KMAX20181126-1,KMAX20181126_153115_V06,10,1.802,1.200,289,0,255.815,23,0,51.305
KMAX20181126-1,KMAX20181126_153115_V06,11,2.417,1.200,289,0,0.876,0,0,0.876
KMAX20181126-4,KMAX20181126_152457_V06,0,-0.220,1.200,19064,0,9645.746,77,0,3730.138
KMAX20181126-4,KMAX20181126_152457_V06,2,0.483,1.200,19068,0,164521.039,3764,0,24383.160
KMAX20181126-4,KMAX20181126_152457_V06,4,0.879,1.200,19078,0,189545.966,4213,0,22264.618
KMAX20181126-4,KMAX20181126_153115_V06,0,-0.220,1.200,23515,0,21947.075,124,0,11954.948
KMAX20181126-4,KMAX20181126_153115_V06,2,0.483,1.200,23526,0,218001.605,4426,0,34596.823
KMAX20181126-4,KMAX20181126_153115_V06,4,0.879,1.200,23538,0,338339.887,5380,0,29751.858
KMAX20181126-6,KMAX20181126_153750_V06,0,-0.220,1.200,12637,0,7475.428,180,0,3863.984
KMAX20181126-6,KMAX20181126_153750_V06,2,0.483,1.200,12637,0,65288.523,2174,0,17049.186
KMAX20181126-6,KMAX20181126_153750_V06,4,0.879,1.200,12641,0,45961.508,2045,0,13594.303
KMAX20181126-6,KMAX20181126_153750_V06,6,1.318,1.200,12643,0,28669.537,1590,0,10325.021
KMAX20181126-6,KMAX20181126_154425_V06,0,-0.220,1.200,16537,0,8878.772,125,0,6575.787
KMAX20181126-6,KMAX20181126_154425_V06,2,0.483,1.200,16539,0,66979.341,2411,0,20355.773
KMAX20181126-6,KMAX20181126_154425_V06,4,0.879,1.200,16546,0,69934.551,2967,0,17466.524
KMAX20181126-6,KMAX20181126_154425_V06,6,1.318,1.200,16566,0,49525.933,2959,0,15295.138
KMAX20181126-8,KMAX20181126_153750_V06,0,-0.220,1.200,55260,0,54044.867,538,0,44401.519
KMAX20181126-8,KMAX20181126_153750_V06,2,0.483,1.200,55283,0,388486.339,13263,0,51765.937
KMAX20181126-8,KMAX20181126_153750_V06,4,0.879,1.200,55304,0,801985.799,20187,0,82076.282
KMAX20181126-8,KMAX20181126_153750_V06,6,1.318,1.200,55321,0,727052.194,22104,0,64395.877
KMAX20181126-8,KMAX20181126_154425_V06,0,-0.220,1.200,68186,0,41595.146,801,0,21329.780
KMAX20181126-8,KMAX20181126_154425_V06,2,0.483,1.200,68205,0,440372.472,14217,0,76856.962
KMAX20181126-8,KMAX20181126_154425_V06,4,0.879,1.200,68235,0,868728.179,22834,0,105661.360
KMAX20181126-8,KMAX20181126_154425_V06,6,1.318,1.200,68252,0,828475.906,25301,0,71647.563
KMAX20181126-9,KMAX20181126_155059_V06,0,-0.220,1.200,603,0,691294.524,23,0,682439.639
KMAX20181126-9,KMAX20181126_155059_V06,2,0.483,1.200,602,0,199650.646,26,0,195494.888
KMAX20181126-9,KMAX20181126_155059_V06,4,0.879,1.200,602,0,60177.491,22,0,58440.279
KMAX20181126-9,KMAX20181126_155059_V06,6,1.318,1.200,604,0,5085.219,15,0,4340.141
KMAX20181126-9,KMAX20181126_155059_V06,10,1.802,1.200,301,0,0.904,0,0,0.904
KMAX20181126-9,KMAX20181126_155059_V06,11,2.417,1.200,299,0,196.817,17,0,99.787
KMAX20181126-9,KMAX20181126_160351_V06,0,-0.220,1.200,2252,0,814135.194,102,0,795137.187
KMAX20181126-9,KMAX20181126_160351_V06,2,0.483,1.200,2250,0,327881.864,68,0,319930.399
KMAX20181126-9,KMAX20181126_160351_V06,4,0.879,1.200,2250,0,91238.028,42,0,89173.541
KMAX20181126-9,KMAX20181126_160351_V06,6,1.318,1.200,2251,0,3420.238,150,0,2893.954
KMAX20181126-9,KMAX20181126_160351_V06,10,1.802,1.200,1124,0,1816.897,155,0,527.959
KMAX20181126-9,KMAX20181126_160351_V06,11,2.417,1.200,1126,0,2381.016,159,0,1010.944
KMAX20181126-9,KMAX20181126_161007_V06,0,-0.220,1.200,3502,2,1004004.907,141,1,958945.299
KMAX20181126-9,KMAX20181126_161007_V06,2,0.483,1.200,3502,0,240156.566,83,0,224756.180
KMAX20181126-9,KMAX20181126_161007_V06,4,0.879,1.200,3504,0,56615.314,92,0,55518.277
KMAX20181126-9,KMAX20181126_161007_V06,6,1.318,1.200,3503,0,9650.504,530,0,7630.444
KMAX20181126-9,KMAX20181126_161007_V06,10,1.802,1.200,1753,0,13414.229,797,0,4548.699
KMAX20181126-9,KMAX20181126_161007_V06,11,2.417,1.200,1752,0,6440.634,397,0,2946.716
KMAX20181126-9,KMAX20181126_161615_V06,0,-0.220,1.200,288,1,299322.556,9,1,299035.948
KMAX20181126-9,KMAX20181126_161615_V06,2,0.483,1.200,289,1,281714.976,8,1,271475.141
KMAX20181126-9,KMAX20181126_161615_V06,4,0.879,1.200,287,0,81262.523,11,0,81150.927
KMAX20181126-9,KMAX20181126_161615_V06,6,1.318,1.200,289,0,5078.627,127,0,4529.058
KMAX20181126-9,KMAX20181126_161615_V06,10,1.802,1.200,148,0,2255.616,118,0,353.015
KMAX20181126-9,KMAX20181126_161615_V06,11,2.417,1.200,146,0,71.087,11,0,6.700
KMAX20181126-9,KMAX20181126_162231_V06,0,-0.220,1.200,1497,0,677158.894,72,0,659682.880
KMAX20181126-9,KMAX20181126_162231_V06,2,0.483,1.200,1502,0,267646.012,45,0,259175.777
KMAX20181126-9,KMAX20181126_162231_V06,4,0.879,1.200,1500,0,101497.821,75,0,89804.537
KMAX20181126-9,KMAX20181126_162231_V06,6,1.318,1.200,1503,0,6794.260,752,0,3679.347
KMAX20181126-9,KMAX20181126_162231_V06,10,1.802,1.200,751,0,3878.963,375,0,669.515
KMAX20181126-9,KMAX20181126_162231_V06,11,2.417,1.200,751,0,427.073,41,0,160.372
KMAX20181126-11,KMAX20181126_155059_V06,0,-0.220,1.200,14456,0,110825.396,1535,0,27598.838
KMAX20181126-11,KMAX20181126_155059_V06,2,0.483,1.200,14475,0,408131.656,8335,0,46576.605
KMAX20181126-11,KMAX20181126_155059_V06,4,0.879,1.200,14474,0,226457.015,6882,0,32219.967
KMAX20181126-11,KMAX20181126_155059_V06,6,1.318,1.200,14480,0,92342.080,3986,0,17777.932
KMAX20181126-12,KMAX20181126_161007_V06,0,-0.220,1.200,539,1,631793.526,22,1,588218.338
KMAX20181126-12,KMAX20181126_161007_V06,2,0.483,1.200,538,0,238978.917,21,0,223910.557
KMAX20181126-12,KMAX20181126_161007_V06,4,0.879,1.200,538,0,55656.309,22,0,54868.757
KMAX20181126-12,KMAX20181126_161007_V06,6,1.318,1.200,538,0,2908.492,48,0,2724.081
KMAX20181126-12,KMAX20181126_161007_V06,10,1.802,1.200,269,0,2002.681,127,0,695.876
KMAX20181126-12,KMAX20181126_161007_V06,11,2.417,1.200,269,0,357.169,36,0,109.740
KMAX20181128-1,KMAX20181128_141909_V06,0,-0.220,1.200,345,0,298256.774,25,0,253221.754
KMAX20181128-1,KMAX20181128_141909_V06,2,0.483,1.200,347,0,101740.494,25,0,83113.489
KMAX20181128-1,KMAX20181128_141909_V06,6,0.879,1.200,345,0,20310.487,29,0,17424.453
KMAX20181128-1,KMAX20181128_141909_V06,8,1.318,1.200,349,0,1295.221,30,0,1064.943
KMAX20181128-1,KMAX20181128_141909_V06,12,1.802,1.200,173,0,421.001,31,0,133.889
KMAX20181128-1,KMAX20181128_141909_V06,13,2.417,1.200,174,0,236.066,22,0,82.187
KMAX20181128-1,KMAX20181128_142505_V06,0,-0.220,1.200,1518,0,508882.208,146,0,449024.395
KMAX20181128-1,KMAX20181128_142505_V06,2,0.483,1.200,1524,0,175089.380,108,0,156319.097
KMAX20181128-1,KMAX20181128_142505_V06,6,0.879,1.200,1525,0,42223.875,83,0,31636.755
KMAX20181128-1,KMAX20181128_142505_V06,8,1.318,1.200,1521,0,4796.810,89,0,2738.370
KMAX20181128-1,KMAX20181128_142505_V06,12,1.802,1.200,763,0,953.878,44,0,564.140
KMAX20181128-1,KMAX20181128_142505_V06,13,2.417,1.200,763,0,347.501,20,0,240.280
KMAX20181129-4,KMAX20181129_152659_V06,0,-0.220,1.200,2691,0,231690.155,849,0,92126.835
KMAX20181129-4,KMAX20181129_152659_V06,2,0.483,1.200,2693,0,11678.443,342,0,3961.991
KMAX20181129-4,KMAX20181129_152659_V06,4,0.879,1.200,2688,0,2388.854,113,0,1356.040
KMAX20181129-4,KMAX20181129_152659_V06,6,1.318,1.200,2692,0,1177.227,51,0,803.163
KMAX20181129-4,KMAX20181129_152659_V06,10,1.802,1.200,1351,0,75.326,3,0,60.615
KMAX20181129-4,KMAX20181129_152659_V06,11,2.417,1.200,1354,0,52.597,3,0,32.769
KMAX20181130-10,KMAX20181130_144457_V06,0,-0.220,1.200,7504,1,281634.507,2089,1,138109.931
KMAX20181130-10,KMAX20181130_144457_V06,2,0.483,1.200,7508,0,70536.358,1271,0,35605.251
KMAX20181130-10,KMAX20181130_144457_V06,4,0.879,1.200,7509,0,12181.053,660,0,7159.245
KMAX20181130-10,KMAX20181130_144457_V06,6,1.318,1.200,7519,0,4817.117,394,0,2721.436
KMAX20181130-10,KMAX20181130_144457_V06,10,1.802,1.200,3771,0,575.594,38,0,326.140
KMAX20181130-10,KMAX20181130_144457_V06,11,2.417,1.200,3775,0,560.753,55,0,299.719
KMAX20181130-10,KMAX20181130_145133_V06,0,-0.220,1.200,11755,0,660685.008,3544,0,232408.414
KMAX20181130-10,KMAX20181130_145133_V06,2,0.483,1.200,11759,0,127965.639,2056,0,67407.749
KMAX20181130-10,KMAX20181130_145133_V06,4,0.879,1.200,11764,0,19801.756,1120,0,11458.593
KMAX20181130-10,KMAX20181130_145133_V06,6,1.318,1.200,11769,0,7582.702,602,0,4429.985
KMAX20181130-10,KMAX20181130_145133_V06,10,1.802,1.200,5895,0,577.165,49,0,340.883
KMAX20181130-10,KMAX20181130_145133_V06,11,2.417,1.200,5899,0,868.454,75,0,531.240
KMAX20181130-10,KMAX20181130_150445_V06,0,-0.220,1.200,16671,0,2132329.466,5949,0,485763.851
KMAX20181130-10,KMAX20181130_150445_V06,2,0.483,1.200,16673,0,479493.131,3311,0,111906.076
KMAX20181130-10,KMAX20181130_150445_V06,4,0.879,1.200,16673,0,55173.753,1679,0,20325.673
KMAX20181130-10,KMAX20181130_150445_V06,6,1.318,1.200,16677,0,11977.595,845,0,6912.232
KMAX20181130-10,KMAX20181130_150445_V06,10,1.802,1.200,8344,0,995.365,83,0,514.613
KMAX20181130-10,KMAX20181130_150445_V06,11,2.417,1.200,8346,0,708.047,67,0,464.015
KMAX20181130-10,KMAX20181130_151121_V06,0,-0.220,1.200,9567,0,575439.335,3074,0,215046.395
KMAX20181130-10,KMAX20181130_151121_V06,2,0.483,1.200,9571,0,78572.094,1530,0,30439.370
KMAX20181130-10,KMAX20181130_151121_V06,4,0.879,1.200,9572,0,11447.572,782,0,5357.520
KMAX20181130-10,KMAX20181130_151121_V06,6,1.318,1.200,9582,0,6449.990,410,0,3545.175
KMAX20181130-10,KMAX20181130_151121_V06,10,1.802,1.200,4786,0,349.341,49,0,147.608
KMAX20181130-10,KMAX20181130_151121_V06,11,2.417,1.200,4787,0,408.236,33,0,223.691
KMAX20181130-10,KMAX20181130_151755_V06,0,-0.220,1.200,13453,0,564411.400,4139,0,187785.876
KMAX20181130-10,KMAX20181130_151755_V06,2,0.483,1.200,13460,0,73907.768,1646,0,25567.679
KMAX20181130-10,KMAX20181130_151755_V06,4,0.879,1.200,13463,0,13634.933,823,0,6400.297
KMAX20181130-10,KMAX20181130_151755_V06,6,1.318,1.200,13472,0,6808.641,464,0,3921.269
KMAX20181130-10,KMAX20181130_151755_V06,10,1.802,1.200,6736,0,708.382,66,0,336.933
KMAX20181130-10,KMAX20181130_151755_V06,11,2.417,1.200,6743,0,560.705,43,0,336.459
KMAX20181130-1,KMAX20181130_142504_V06,0,-0.220,1.200,351,0,96277.851,6,0,95192.439
KMAX20181130-1,KMAX20181130_142504_V06,2,0.483,1.200,351,0,73246.088,13,0,72948.738
KMAX20181130-1,KMAX20181130_142504_V06,4,0.879,1.200,351,0,60457.909,7,0,59986.561
KMAX20181130-1,KMAX20181130_142504_V06,6,1.318,1.200,349,0,1222.036,7,0,1200.583
KMAX20181130-1,KMAX20181130_142504_V06,10,1.802,1.200,177,0,9.601,2,0,0.513
KMAX20181130-1,KMAX20181130_142504_V06,11,2.417,1.200,176,0,10.476,0,0,10.476
KMAX20181130-1,KMAX20181130_143141_V06,0,-0.220,1.200,1465,0,237173.834,57,0,231028.378
KMAX20181130-1,KMAX20181130_143141_V06,2,0.483,1.200,1461,0,59261.183,44,0,56648.492
KMAX20181130-1,KMAX20181130_143141_V06,4,0.879,1.200,1463,0,29239.995,25,0,28337.116
KMAX20181130-1,KMAX20181130_143141_V06,6,1.318,1.200,1464,0,1190.449,21,0,1042.691
KMAX20181130-1,KMAX20181130_143141_V06,10,1.802,1.200,732,0,54.490,7,0,19.271
KMAX20181130-1,KMAX20181130_143141_V06,11,2.417,1.200,733,0,65.556,5,0,30.494
KMAX20181130-1,KMAX20181130_143819_V06,0,-0.220,1.200,3498,0,239674.919,148,0,215363.040
KMAX20181130-1,KMAX20181130_143819_V06,2,0.483,1.200,3495,0,101522.293,71,0,101247.213
KMAX20181130-1,KMAX20181130_143819_V06,4,0.879,1.200,3498,0,35246.446,74,0,34848.801
KMAX20181130-1,KMAX20181130_143819_V06,6,1.318,1.200,3496,0,3640.572,46,0,3408.296
KMAX20181130-1,KMAX20181130_143819_V06,10,1.802,1.200,1752,0,63.758,4,0,42.164
KMAX20181130-1,KMAX20181130_143819_V06,11,2.417,1.200,1751,0,50.448,3,0,35.620
KMAX20181130-1,KMAX20181130_144457_V06,0,-0.220,1.200,550,0,209661.627,17,0,193105.267
KMAX20181130-1,KMAX20181130_144457_V06,2,0.483,1.200,547,3,85136.960,14,3,84685.538
KMAX20181130-1,KMAX20181130_144457_V06,4,0.879,1.200,551,0,27638.069,15,0,26562.892
KMAX20181130-1,KMAX20181130_144457_V06,6,1.318,1.200,548,0,732.960,17,0,550.176
KMAX20181130-1,KMAX20181130_144457_V06,10,1.802,1.200,275,0,16.173,0,0,16.173
KMAX20181130-1,KMAX20181130_144457_V06,11,2.417,1.200,275,0,8.132,0,0,8.132
KMAX20181130-1,KMAX20181130_145133_V06,0,-0.220,1.200,1753,0,244777.755,69,0,238356.465
KMAX20181130-1,KMAX20181130_145133_V06,2,0.483,1.200,1752,0,50143.934,54,0,49888.828
KMAX20181130-1,KMAX20181130_145133_V06,4,0.879,1.200,1751,0,31454.596,34,0,30877.069
KMAX20181130-1,KMAX20181130_145133_V06,6,1.318,1.200,1751,0,2965.569,32,0,2342.895
KMAX20181130-1,KMAX20181130_145133_V06,10,1.802,1.200,876,0,94.553,9,0,33.507
KMAX20181130-1,KMAX20181130_145133_V06,11,2.417,1.200,880,0,31.730,4,0,2.642
KMAX20181130-24,KMAX20181130_161251_V06,0,-0.220,1.200,5516,0,1210583.834,1885,0,3979.121
KMAX20181130-24,KMAX20181130_161251_V06,2,0.483,1.200,5520,0,23149.206,426,0,2356.239
KMAX20181130-24,KMAX20181130_161251_V06,4,0.879,1.200,5524,0,245.895,10,0,127.136
KMAX20181130-24,KMAX20181130_161251_V06,6,1.318,1.200,5526,0,23.516,0,0,23.516
KMAX20181130-24,KMAX20181130_161927_V06,0,-0.220,1.200,7590,0,899127.691,2354,0,7041.318
KMAX20181130-24,KMAX20181130_161927_V06,2,0.483,1.200,7596,0,15393.263,340,0,1759.907
KMAX20181130-24,KMAX20181130_161927_V06,4,0.879,1.200,7602,0,231.089,11,0,117.236
KMAX20181130-24,KMAX20181130_161927_V06,6,1.318,1.200,7598,0,31.478,0,0,31.478
KMAX20181130-27,KMAX20181130_161251_V06,0,-0.220,1.200,1740,0,370462.187,1244,0,30911.214
KMAX20181130-27,KMAX20181130_161251_V06,2,0.483,1.200,1739,0,18283.746,585,0,4965.990
KMAX20181130-27,KMAX20181130_161251_V06,4,0.879,1.200,1741,0,2543.627,76,0,1253.779
KMAX20181130-27,KMAX20181130_161251_V06,6,1.318,1.200,1741,0,861.291,38,0,379.689
KMAX20181130-27,KMAX20181130_161251_V06,10,1.802,1.200,872,0,147.410,5,0,58.684
KMAX20181130-27,KMAX20181130_161927_V06,0,-0.220,1.200,3604,0,492543.971,2290,0,34435.320
KMAX20181130-27,KMAX20181130_161927_V06,2,0.483,1.200,3607,0,21922.412,805,0,4041.889
KMAX20181130-27,KMAX20181130_161927_V06,4,0.879,1.200,3603,0,3182.333,111,0,1588.915
KMAX20181130-27,KMAX20181130_161927_V06,6,1.318,1.200,3607,0,1224.109,57,0,652.118
KMAX20181130-27,KMAX20181130_161927_V06,10,1.802,1.200,1826,0,219.045,5,0,138.230
KMAX20181130-28,KMAX20181130_161927_V06,0,-0.220,1.200,135,0,35141.905,4,0,34998.312
KMAX20181130-28,KMAX20181130_161927_V06,2,0.483,1.200,135,0,57541.962,4,0,57523.756
KMAX20181130-28,KMAX20181130_161927_V06,4,0.879,1.200,133,0,38222.782,3,0,38029.059
KMAX20181130-28,KMAX20181130_161927_V06,6,1.318,1.200,135,0,1307.662,4,0,1131.943
KMAX20181130-28,KMAX20181130_161927_V06,10,1.802,1.200,68,0,0.203,0,0,0.203
KMAX20181130-28,KMAX20181130_161927_V06,11,2.417,1.200,68,0,0.203,0,0,0.203
KMAX20181130-28,KMAX20181130_162602_V06,0,-0.220,1.200,1058,0,223267.833,32,0,211901.682
KMAX20181130-28,KMAX20181130_162602_V06,2,0.483,1.200,1059,0,62565.117,30,0,62207.230
KMAX20181130-28,KMAX20181130_162602_V06,4,0.879,1.200,1057,0,36769.979,37,0,28642.308
KMAX20181130-28,KMAX20181130_162602_V06,6,1.318,1.200,1056,0,1921.024,15,0,1660.005
KMAX20181130-28,KMAX20181130_162602_V06,10,1.802,1.200,529,0,21.674,1,0,16.988
KMAX20181130-28,KMAX20181130_162602_V06,11,2.417,1.200,528,0,15.741,2,0,8.759
KMAX20181130-28,KMAX20181130_163238_V06,0,-0.220,1.200,385,0,103212.693,16,0,90484.619
KMAX20181130-28,KMAX20181130_163238_V06,2,0.483,1.200,386,0,65430.178,9,0,65383.479
KMAX20181130-28,KMAX20181130_163238_V06,4,0.879,1.200,387,0,38722.055,9,0,38306.753
KMAX20181130-28,KMAX20181130_163238_V06,6,1.318,1.200,387,0,1250.593,14,0,1198.868
KMAX20181130-28,KMAX20181130_163238_V06,10,1.802,1.200,193,0,8.982,1,0,4.045
KMAX20181130-28,KMAX20181130_163238_V06,11,2.417,1.200,195,0,25.543,2,0,11.468
KMAX20181130-28,KMAX20181130_163914_V06,0,-0.220,1.200,1426,0,237082.102,61,0,213496.002
KMAX20181130-28,KMAX20181130_163914_V06,2,0.483,1.200,1426,0,57419.402,28,0,56116.217
KMAX20181130-28,KMAX20181130_163914_V06,4,0.879,1.200,1426,0,23421.800,19,0,23331.474
KMAX20181130-28,KMAX20181130_163914_V06,6,1.318,1.200,1429,0,1737.542,15,0,1691.149
KMAX20181130-28,KMAX20181130_163914_V06,10,1.802,1.200,715,0,16.621,0,0,16.621
KMAX20181130-28,KMAX20181130_163914_V06,11,2.417,1.200,715,0,34.995,2,0,14.773
KMAX20181130-3,KMAX20181130_142504_V06,0,-0.220,1.200,1383,0,831450.847,786,0,1570.647
KMAX20181130-3,KMAX20181130_142504_V06,2,0.483,1.200,1380,0,84358.594,458,0,2075.764
KMAX20181130-3,KMAX20181130_142504_V06,4,0.879,1.200,1380,0,1739.640,66,0,489.404
KMAX20181130-3,KMAX20181130_142504_V06,6,1.318,1.200,1381,0,5.536,0,0,5.536
KMAX20181130-4,KMAX20181130_142504_V06,0,-0.220,1.200,1068,0,228335.218,485,0,107342.929
KMAX20181130-4,KMAX20181130_142504_V06,2,0.483,1.200,1068,0,64261.403,335,0,21290.442
KMAX20181130-4,KMAX20181130_142504_V06,4,0.879,1.200,1069,0,15295.789,224,0,7849.209
KMAX20181130-4,KMAX20181130_142504_V06,6,1.318,1.200,1069,0,717.588,68,0,528.675
KMAX20181130-4,KMAX20181130_142504_V06,10,1.802,1.200,529,0,53.586,8,0,24.360
KMAX20181130-4,KMAX20181130_142504_V06,11,2.417,1.200,528,0,71.128,8,0,45.056
KMAX20181130-4,KMAX20181130_142504_V06,12,3.120,1.200,531,0,71.090,14,0,26.514
KMAX20181130-7,KMAX20181130_143141_V06,0,-0.220,1.200,2712,0,2175252.405,1660,0,5401.233
KMAX20181130-7,KMAX20181130_143141_V06,2,0.483,1.200,2714,0,119824.369,877,0,3127.612
KMAX20181130-7,KMAX20181130_143141_V06,4,0.879,1.200,2717,0,1856.064,65,0,774.123
KMAX20181130-7,KMAX20181130_143141_V06,6,1.318,1.200,2723,0,191.525,6,0,80.011
KMAX20181130-14,KMAX20181130_151121_V06,0,-0.220,1.200,6074,0,1074848.012,2280,0,7085.940
KMAX20181130-14,KMAX20181130_151121_V06,2,0.483,1.200,6076,0,12857.312,313,0,1809.615
KMAX20181130-14,KMAX20181130_151121_V06,4,0.879,1.200,6077,0,68.610,3,0,31.108
KMAX20181130-16,KMAX20181130_151755_V06,0,-0.220,1.200,497,0,138559.145,25,0,123847.806
KMAX20181130-16,KMAX20181130_151755_V06,2,0.483,1.200,494,0,97768.822,24,0,89879.664
KMAX20181130-16,KMAX20181130_151755_V06,4,0.879,1.200,494,0,34253.939,14,0,34215.429
KMAX20181130-16,KMAX20181130_151755_V06,6,1.318,1.200,495,0,3469.890,9,0,2631.955
KMAX20181130-16,KMAX20181130_151755_V06,10,1.802,1.200,248,0,9.799,3,0,0.736
KMAX20181130-16,KMAX20181130_151755_V06,11,2.417,1.200,249,0,36.919,4,0,10.959
KMAX20181130-20,KMAX20181130_153756_V06,0,-0.220,1.200,10223,0,381433.885,2103,0,125111.838
KMAX20181130-20,KMAX20181130_153756_V06,2,0.483,1.200,10232,0,148775.668,1215,0,15886.830
KMAX20181130-20,KMAX20181130_153756_V06,4,0.879,1.200,10227,0,33050.375,966,0,8882.954
KMAX20181130-20,KMAX20181130_153756_V06,6,1.318,1.200,10226,0,6700.856,608,0,3819.648
KMAX20181130-20,KMAX20181130_153756_V06,10,1.802,1.200,5113,0,414.745,55,0,229.385
KMAX20181130-20,KMAX20181130_153756_V06,11,2.417,1.200,5121,0,551.721,70,0,281.557
KMAX20181130-20,KMAX20181130_153756_V06,12,3.120,1.200,5121,0,1040.939,101,0,509.364
KMAX20181130-29,KMAX20181130_161927_V06,0,-0.220,1.200,25158,0,756433.681,9908,0,261345.536
KMAX20181130-29,KMAX20181130_161927_V06,2,0.483,1.200,25164,0,328361.249,6870,0,70927.405
KMAX20181130-29,KMAX20181130_161927_V06,4,0.879,1.200,25162,0,166297.336,4940,0,33082.397
KMAX20181130-29,KMAX20181130_161927_V06,6,1.318,1.200,25169,0,45301.055,3293,0,13532.996
KMAX20181130-29,KMAX20181130_161927_V06,10,1.802,1.200,12579,0,2412.641,912,0,746.496
KMAX20181130-29,KMAX20181130_161927_V06,11,2.417,1.200,12588,0,208.770,357,0,75.372
KMAX20181130-29,KMAX20181130_161927_V06,12,3.120,1.200,12606,0,170.220,289,0,85.173
KMAX20181130-29,KMAX20181130_161927_V06,13,3.999,1.200,12623,0,137.606,243,0,65.830
KMAX20181130-29,KMAX20181130_161927_V06,14,5.098,1.200,12632,0,188.643,253,0,102.556
KMAX20181130-29,KMAX20181130_161927_V06,15,6.416,1.200,12663,0,222.521,284,0,124.581
KMAX20181130-29,KMAX20181130_162602_V06,0,-0.220,1.200,4341,0,113816.054,1499,0,52218.196
KMAX20181130-29,KMAX20181130_162602_V06,2,0.483,1.200,4343,0,20458.011,921,0,9603.890
KMAX20181130-29,KMAX20181130_162602_V06,4,0.879,1.200,4342,0,3256.833,419,0,2076.283
KMAX20181130-29,KMAX20181130_162602_V06,6,1.318,1.200,4346,0,672.741,130,0,484.509
KMAX20181130-29,KMAX20181130_162602_V06,10,1.802,1.200,2179,0,19.898,16,0,12.288
KMAX20181130-29,KMAX20181130_162602_V06,11,2.417,1.200,2179,0,18.536,23,0,8.404
KMAX20181130-29,KMAX20181130_162602_V06,12,3.120,1.200,2177,0,26.460,28,0,16.062
KMAX20181130-29,KMAX20181130_162602_V06,13,3.999,1.200,2179,0,43.877,33,0,23.060
KMAX20181130-29,KMAX20181130_162602_V06,14,5.098,1.200,2184,0,40.354,59,0,14.407
KMAX20181201-20,KMAX20181201_163316_V06,0,-0.220,1.200,19277,0,175431.365,7949,0,44200.955
KMAX20181201-20,KMAX20181201_163316_V06,2,0.483,1.200,19280,0,127691.001,6706,0,18716.815
KMAX20181201-20,KMAX20181201_163316_V06,6,0.879,1.200,19286,0,38323.993,5370,0,9010.280
KMAX20181201-20,KMAX20181201_163316_V06,8,1.318,1.200,19289,0,9563.623,3748,0,3765.657
KMAX20181201-20,KMAX20181201_163316_V06,12,1.802,1.200,9652,0,2394.394,1396,0,498.982
KMAX20181201-20,KMAX20181201_163316_V06,13,2.417,1.200,9656,0,1157.684,780,0,306.472
KMAX20181201-20,KMAX20181201_163316_V06,16,3.120,1.200,9659,0,269.983,619,0,86.320
KMAX20181201-20,KMAX20181201_163316_V06,17,3.999,1.200,9666,0,132.181,582,0,69.515
KMAX20181201-20,KMAX20181201_163316_V06,18,5.098,1.200,9683,0,62.844,448,0,34.433
KMAX20181201-20,KMAX20181201_163316_V06,19,6.416,1.200,9714,0,34.839,291,0,23.654
KMAX20181201-20,KMAX20181201_163950_V06,0,-0.220,1.200,30216,0,157493.315,10233,0,39532.929
KMAX20181201-20,KMAX20181201_163950_V06,2,0.483,1.200,30222,0,65736.268,8242,0,17554.187
KMAX20181201-20,KMAX20181201_163950_V06,6,0.879,1.200,30229,0,27040.475,6608,0,9342.924
KMAX20181201-20,KMAX20181201_163950_V06,8,1.318,1.200,30222,0,8963.419,5462,0,3946.974
KMAX20181201-20,KMAX20181201_163950_V06,12,1.802,1.200,15119,0,3332.524,2052,0,915.582
KMAX20181201-20,KMAX20181201_163950_V06,13,2.417,1.200,15120,0,1552.676,1773,0,449.705
KMAX20181201-20,KMAX20181201_163950_V06,16,3.120,1.200,15138,0,655.830,1334,0,230.486
KMAX20181201-20,KMAX20181201_163950_V06,17,3.999,1.200,15154,0,268.981,863,0,140.944
KMAX20181201-20,KMAX20181201_163950_V06,18,5.098,1.200,15166,0,247.171,702,0,133.771
KMAX20181201-20,KMAX20181201_163950_V06,19,6.416,1.200,15214,0,178.544,781,0,96.934
KMAX20181201-20,KMAX20181201_164623_V06,0,-0.220,1.200,25776,0,109860.496,8052,0,42027.731
KMAX20181201-20,KMAX20181201_164623_V06,2,0.483,1.200,25782,0,44424.865,5638,0,21358.326
KMAX20181201-20,KMAX20181201_164623_V06,6,0.879,1.200,25780,0,24601.984,4743,0,11919.758
KMAX20181201-20,KMAX20181201_164623_V06,8,1.318,1.200,25787,0,12165.837,4109,0,3919.094
KMAX20181201-20,KMAX20181201_164623_V06,12,1.802,1.200,12894,0,6390.754,1236,0,1232.024
KMAX20181201-20,KMAX20181201_164623_V06,13,2.417,1.200,12907,0,2892.704,947,0,594.096
KMAX20181201-20,KMAX20181201_164623_V06,16,3.120,1.200,12912,0,754.418,761,0,284.161
KMAX20181201-20,KMAX20181201_164623_V06,17,3.999,1.200,12921,0,507.496,521,0,247.373
KMAX20181201-20,KMAX20181201_164623_V06,18,5.098,1.200,12945,0,220.541,441,0,129.516
KMAX20181201-20,KMAX20181201_164623_V06,19,6.416,1.200,12976,0,153.353,263,0,101.450
KMAX20181201-2,KMAX20181201_142553_V06,0,-0.220,1.200,235,0,132665.617,21,0,127258.695
KMAX20181201-2,KMAX20181201_142553_V06,2,0.483,1.200,236,1,179885.752,20,1,166885.840
KMAX20181201-2,KMAX20181201_142553_V06,6,0.879,1.200,233,0,48940.045,16,0,44980.082
KMAX20181201-2,KMAX20181201_142553_V06,8,1.318,1.200,234,0,3964.130,25,0,3457.132
KMAX20181201-2,KMAX20181201_142553_V06,12,1.802,1.200,119,0,16.070,1,0,12.148
KMAX20181201-2,KMAX20181201_142553_V06,13,2.417,1.200,119,0,25.286,0,0,25.286
KMAX20181201-2,KMAX20181201_143228_V06,0,-0.220,1.200,1358,0,848841.236,139,0,703977.966
KMAX20181201-2,KMAX20181201_143228_V06,2,0.483,1.200,1361,2,210040.347,108,2,194409.644
KMAX20181201-2,KMAX20181201_143228_V06,6,0.879,1.200,1363,0,76665.740,51,0,75500.395
KMAX20181201-2,KMAX20181201_143228_V06,8,1.318,1.200,1360,0,6124.834,47,0,5930.094
KMAX20181201-2,KMAX20181201_143228_V06,12,1.802,1.200,683,0,55.386,3,0,34.571
KMAX20181201-2,KMAX20181201_143228_V06,13,2.417,1.200,682,0,46.247,1,0,37.280
KMAX20181201-6,KMAX20181201_144615_V06,0,-0.220,1.200,23444,0,418533.510,11714,0,160222.032
KMAX20181201-6,KMAX20181201_144615_V06,2,0.483,1.200,23450,0,305215.141,10699,0,78964.296
KMAX20181201-6,KMAX20181201_144615_V06,6,0.879,1.200,23440,0,210862.440,9817,0,55672.862
KMAX20181201-6,KMAX20181201_144615_V06,8,1.318,1.200,23453,0,113380.255,7868,0,32796.067
KMAX20181201-6,KMAX20181201_144615_V06,12,1.802,1.200,11730,0,60807.509,4152,0,10041.508
KMAX20181201-6,KMAX20181201_144615_V06,13,2.417,1.200,11734,0,40362.605,3037,0,8532.950
KMAX20181201-6,KMAX20181201_144615_V06,14,3.120,1.200,11741,0,22896.051,2333,0,6124.394
KMAX20181201-6,KMAX20181201_144615_V06,15,3.999,1.200,11762,0,11875.861,1864,0,4476.749
KMAX20181201-6,KMAX20181201_144615_V06,18,5.098,1.200,11782,0,3797.240,1700,0,1944.059
KMAX20181201-6,KMAX20181201_144615_V06,19,6.416,1.200,11813,0,656.420,1157,0,333.753
KMAX20181201-6,KMAX20181201_144615_V06,20,7.998,1.200,11860,0,410.311,915,0,278.437
KMAX20181201-6,KMAX20181201_145342_V06,0,-0.220,1.200,30005,0,693504.351,14750,0,333201.914
KMAX20181201-6,KMAX20181201_145342_V06,2,0.483,1.200,30015,0,421490.608,12964,0,138687.870
KMAX20181201-6,KMAX20181201_145342_V06,4,0.879,1.200,30010,0,236427.067,11175,0,76304.182
KMAX20181201-6,KMAX20181201_145342_V06,8,1.318,1.200,30011,0,113224.387,9112,0,37859.144
KMAX20181201-6,KMAX20181201_145342_V06,12,1.802,1.200,15008,0,59997.788,4339,0,15448.155
KMAX20181201-6,KMAX20181201_145342_V06,13,2.417,1.200,15018,0,35507.146,3570,0,11346.418
KMAX20181201-6,KMAX20181201_145342_V06,14,3.120,1.200,15024,0,21279.722,3123,0,6823.871
KMAX20181201-6,KMAX20181201_145342_V06,15,3.999,1.200,15037,0,11592.331,2443,0,4546.717
KMAX20181201-6,KMAX20181201_145342_V06,16,5.098,1.200,15065,0,4897.262,2003,0,1997.525
KMAX20181201-6,KMAX20181201_145342_V06,19,6.416,1.200,15100,0,3626.065,1671,0,1513.228
KMAX20181201-6,KMAX20181201_150124_V06,0,-0.220,1.200,15880,0,625670.092,6834,0,288074.356
KMAX20181201-6,KMAX20181201_150124_V06,2,0.483,1.200,15887,0,276782.000,5612,0,114463.820
KMAX20181201-6,KMAX20181201_150124_V06,4,0.879,1.200,15886,0,150128.259,4437,0,75097.341
KMAX20181201-6,KMAX20181201_150124_V06,8,1.318,1.200,15893,0,64825.950,3504,0,32545.423
KMAX20181201-6,KMAX20181201_150124_V06,12,1.802,1.200,7952,0,31222.025,1394,0,9533.876
KMAX20181201-6,KMAX20181201_150124_V06,13,2.417,1.200,7953,0,17563.906,925,0,6583.806
KMAX20181201-6,KMAX20181201_150124_V06,14,3.120,1.200,7957,0,8332.656,839,0,3709.443
KMAX20181201-6,KMAX20181201_150124_V06,15,3.999,1.200,7967,0,2610.325,605,0,1422.763
KMAX20181201-6,KMAX20181201_150124_V06,16,5.098,1.200,7980,0,332.922,180,0,211.151
KMAX20181201-12,KMAX20181201_153116_V06,0,-0.220,1.200,3744,0,375821.246,873,0,992.535
KMAX20181201-12,KMAX20181201_153116_V06,2,0.483,1.200,3741,0,76963.494,556,0,711.241
KMAX20181201-12,KMAX20181201_153116_V06,6,0.879,1.200,3732,0,16137.941,309,0,578.780
KMAX20181201-12,KMAX20181201_153116_V06,8,1.318,1.200,3751,0,1641.698,63,0,233.616
KMAX20181201-12,KMAX20181201_153805_V06,0,-0.220,1.200,6238,0,469165.529,1343,0,5444.885
KMAX20181201-12,KMAX20181201_153805_V06,2,0.483,1.200,6200,0,89996.670,703,0,2966.716
KMAX20181201-12,KMAX20181201_153805_V06,6,0.879,1.200,6230,0,19804.252,383,0,844.641
KMAX20181201-12,KMAX20181201_153805_V06,8,1.318,1.200,6253,0,5313.643,136,0,240.003
KMAX20181201-7,KMAX20181201_145342_V06,0,-0.220,1.200,532,0,500337.908,60,0,396255.262
KMAX20181201-7,KMAX20181201_145342_V06,2,0.483,1.200,531,0,285826.615,37,0,256510.286
KMAX20181201-7,KMAX20181201_145342_V06,4,0.879,1.200,533,0,46925.021,130,0,45115.682
KMAX20181201-7,KMAX20181201_145342_V06,8,1.318,1.200,530,0,4066.183,228,0,2496.181
KMAX20181201-7,KMAX20181201_145342_V06,12,1.802,1.200,267,0,702.060,75,0,102.786
KMAX20181201-7,KMAX20181201_145342_V06,13,2.417,1.200,267,0,66.587,0,0,66.587
KMAX20181201-17,KMAX20181201_160658_V06,0,-0.220,1.200,19977,0,13609670.508,13642,0,660161.134
KMAX20181201-17,KMAX20181201_160658_V06,2,0.483,1.200,19984,0,3667664.033,8798,0,196952.043
KMAX20181201-17,KMAX20181201_160658_V06,6,0.879,1.200,19988,0,873011.076,5733,0,61082.738
KMAX20181201-17,KMAX20181201_160658_V06,8,1.318,1.200,19988,0,121262.658,2677,0,16640.633
KMAX20181201-17,KMAX20181201_160658_V06,12,1.802,1.200,10011,0,3349.594,82,0,753.067
KMAX20181201-21,KMAX20181201_163316_V06,0,-0.220,1.200,4128,0,119232.232,1278,0,40017.672
KMAX20181201-21,KMAX20181201_163316_V06,2,0.483,1.200,4126,0,59659.676,924,0,16845.121
KMAX20181201-21,KMAX20181201_163316_V06,6,0.879,1.200,4128,0,24951.541,630,0,13096.662
KMAX20181201-21,KMAX20181201_163316_V06,8,1.318,1.200,4127,0,3386.228,418,0,2502.506
KMAX20181201-21,KMAX20181201_163316_V06,12,1.802,1.200,2071,0,42.875,21,0,32.335
KMAX20181201-21,KMAX20181201_163316_V06,13,2.417,1.200,2072,0,25.797,4,0,24.671
KMAX20181201-21,KMAX20181201_163316_V06,16,3.120,1.200,2072,0,19.948,3,0,17.547
KMAX20181201-21,KMAX20181201_163316_V06,17,3.999,1.200,2070,0,17.694,4,0,14.272
KMAX20181201-21,KMAX20181201_163316_V06,18,5.098,1.200,2075,0,34.501,6,0,23.935
KMAX20181202-7,KMAX20181202_150458_V06,0,-0.220,1.200,107,0,8636.248,4,0,8471.087
KMAX20181202-7,KMAX20181202_150458_V06,2,0.483,1.200,107,0,50565.746,6,0,50516.833
KMAX20181202-7,KMAX20181202_150458_V06,6,0.879,1.200,110,0,29759.147,8,0,28881.853
KMAX20181202-7,KMAX20181202_150458_V06,8,1.318,1.200,109,0,652.045,11,0,583.084
KMAX20181202-7,KMAX20181202_150458_V06,12,1.802,1.200,52,0,0.155,0,0,0.155
KMAX20181202-7,KMAX20181202_150458_V06,13,2.417,1.200,53,0,9.395,0,0,9.395
KMAX20181202-7,KMAX20181202_151133_V06,0,-0.220,1.200,1024,0,247785.065,62,0,216987.727
KMAX20181202-7,KMAX20181202_151133_V06,2,0.483,1.200,1024,0,94568.487,69,0,91952.786
KMAX20181202-7,KMAX20181202_151133_V06,6,0.879,1.200,1022,0,41401.418,49,0,34261.650
KMAX20181202-7,KMAX20181202_151133_V06,8,1.318,1.200,1025,0,3937.466,32,0,3498.023
KMAX20181202-7,KMAX20181202_151133_V06,12,1.802,1.200,513,0,55.198,1,0,44.398
KMAX20181202-7,KMAX20181202_151133_V06,13,2.417,1.200,512,0,26.157,0,0,26.157
KMAX20181202-7,KMAX20181202_151806_V06,0,-0.220,1.200,219,0,65582.977,17,0,53459.800
KMAX20181202-7,KMAX20181202_151806_V06,2,0.483,1.200,218,0,69737.367,10,0,64082.423
KMAX20181202-7,KMAX20181202_151806_V06,6,0.879,1.200,218,0,28156.165,17,0,23899.694
KMAX20181202-7,KMAX20181202_151806_V06,8,1.318,1.200,217,0,2794.434,20,0,2198.583
KMAX20181202-7,KMAX20181202_151806_V06,12,1.802,1.200,110,0,0.326,0,0,0.326
KMAX20181202-7,KMAX20181202_151806_V06,13,2.417,1.200,108,0,8.110,0,0,8.110
KMAX20181202-24,KMAX20181202_161906_V06,0,-0.220,1.200,229,0,111463.226,27,0,76123.409
KMAX20181202-24,KMAX20181202_161906_V06,2,0.483,1.200,229,0,118079.405,23,0,104684.386
KMAX20181202-24,KMAX20181202_161906_V06,6,0.879,1.200,229,0,27642.163,19,0,22928.164
KMAX20181202-24,KMAX20181202_161906_V06,8,1.318,1.200,227,0,2862.339,14,0,2494.077
KMAX20181202-24,KMAX20181202_161906_V06,12,1.802,1.200,113,0,10.570,0,0,10.570
KMAX20181202-24,KMAX20181202_161906_V06,13,2.417,1.200,115,0,17.643,0,0,17.643
KMAX20181202-24,KMAX20181202_162539_V06,0,-0.220,1.200,1202,0,261512.098,59,0,234725.433
KMAX20181202-24,KMAX20181202_162539_V06,2,0.483,1.200,1210,0,116601.928,77,0,114687.008
KMAX20181202-24,KMAX20181202_162539_V06,6,0.879,1.200,1204,0,27562.238,64,0,23758.833
KMAX20181202-24,KMAX20181202_162539_V06,8,1.318,1.200,1203,0,1499.240,57,0,1162.445
KMAX20181202-24,KMAX20181202_162539_V06,12,1.802,1.200,608,0,146.303,3,0,85.581
KMAX20181202-24,KMAX20181202_162539_V06,13,2.417,1.200,604,0,15.799,0,0,15.799
KMAX20181202-24,KMAX20181202_163213_V06,0,-0.220,1.200,220,0,90733.527,19,0,66046.238
KMAX20181202-24,KMAX20181202_163213_V06,2,0.483,1.200,221,0,102612.961,14,0,97456.104
KMAX20181202-24,KMAX20181202_163213_V06,6,0.879,1.200,220,0,48530.790,18,0,43406.266
KMAX20181202-24,KMAX20181202_163213_V06,8,1.318,1.200,221,0,1421.752,27,0,1191.463
KMAX20181202-24,KMAX20181202_163213_V06,12,1.802,1.200,111,0,8.107,0,0,8.107
KMAX20181202-24,KMAX20181202_163213_V06,13,2.417,1.200,112,0,8.245,0,0,8.245
KMAX20181202-1,KMAX20181202_142535_V06,0,-0.220,1.200,452,0,138857.224,23,0,124719.901
KMAX20181202-1,KMAX20181202_142535_V06,2,0.483,1.200,450,0,67819.424,29,0,62796.520
KMAX20181202-1,KMAX20181202_142535_V06,6,0.879,1.200,451,0,15367.982,34,0,14154.718
KMAX20181202-1,KMAX20181202_142535_V06,8,1.318,1.200,451,0,669.389,24,0,531.576
KMAX20181202-1,KMAX20181202_142535_V06,12,1.802,1.200,225,0,37.620,0,0,37.620
KMAX20181202-1,KMAX20181202_142535_V06,13,2.417,1.200,226,0,29.741,0,0,29.741
KMAX20181202-17,KMAX20181202_153747_V06,0,-0.220,1.200,113,0,9755.471,80,0,4193.180
KMAX20181202-17,KMAX20181202_153747_V06,2,0.483,1.200,113,0,4359.564,67,0,1095.144
KMAX20181202-17,KMAX20181202_153747_V06,6,0.879,1.200,114,0,237.230,30,0,169.623
KMAX20181202-17,KMAX20181202_153747_V06,8,1.318,1.200,113,0,10.312,6,0,6.927
KMAX20181202-17,KMAX20181202_153747_V06,12,1.802,1.200,57,0,0.075,0,0,0.075
KMAX20181202-17,KMAX20181202_153747_V06,13,2.417,1.200,58,0,0.973,0,0,0.973
KMAX20181202-17,KMAX20181202_153747_V06,16,3.120,1.200,58,0,0.077,0,0,0.077
KMAX20181202-17,KMAX20181202_153747_V06,17,3.999,1.200,59,0,5.248,0,0,5.248
KMAX20181202-18,KMAX20181202_154421_V06,0,-0.220,1.200,505,0,122800.676,34,0,111653.726
KMAX20181202-18,KMAX20181202_154421_V06,2,0.483,1.200,503,0,66212.097,37,0,48199.219
KMAX20181202-18,KMAX20181202_154421_V06,6,0.879,1.200,507,0,35766.194,36,0,31546.421
KMAX20181202-18,KMAX20181202_154421_V06,8,1.318,1.200,504,0,3704.719,27,0,3572.983
KMAX20181202-18,KMAX20181202_154421_V06,12,1.802,1.200,253,0,55.170,0,0,55.170
KMAX20181202-18,KMAX20181202_154421_V06,13,2.417,1.200,253,0,91.490,1,0,39.539
KMAX20181202-23,KMAX20181202_161233_V06,0,-0.220,1.200,527,0,158161.932,47,0,130400.934
KMAX20181202-23,KMAX20181202_161233_V06,2,0.483,1.200,531,0,93113.137,39,0,86718.995
KMAX20181202-23,KMAX20181202_161233_V06,6,0.879,1.200,528,0,34105.052,35,0,32486.244
KMAX20181202-23,KMAX20181202_161233_V06,8,1.318,1.200,527,0,2115.289,32,0,1519.110
KMAX20181202-23,KMAX20181202_161233_V06,12,1.802,1.200,266,0,81.216,0,0,81.216
KMAX20181202-23,KMAX20181202_161233_V06,13,2.417,1.200,265,0,7.443,0,0,7.443
KMAX20181203-1,KMAX20181203_142858_V06,0,-0.220,1.200,776,0,273689.312,23,0,259426.578
KMAX20181203-1,KMAX20181203_142858_V06,2,0.483,1.200,777,0,105066.661,16,0,93402.088
KMAX20181203-1,KMAX20181203_142858_V06,4,0.879,1.200,776,0,46015.929,18,0,40707.694
KMAX20181203-1,KMAX20181203_142858_V06,8,1.318,1.200,774,0,3413.241,12,0,3006.280
KMAX20181203-1,KMAX20181203_142858_V06,10,1.802,1.200,386,0,16.914,3,0,5.828
KMAX20181203-1,KMAX20181203_142858_V06,11,2.417,1.200,386,0,1.135,0,0,1.135
KMAX20181203-1,KMAX20181203_143920_V06,0,-0.220,1.200,1701,0,306645.847,46,0,302664.298
KMAX20181203-1,KMAX20181203_143920_V06,2,0.483,1.200,1705,0,131196.990,37,0,130032.002
KMAX20181203-1,KMAX20181203_143920_V06,4,0.879,1.200,1702,0,41087.843,36,0,39886.334
KMAX20181203-1,KMAX20181203_143920_V06,8,1.318,1.200,1698,0,3460.037,35,0,2756.022
KMAX20181203-1,KMAX20181203_143920_V06,10,1.802,1.200,850,0,53.475,7,0,17.755
KMAX20181203-1,KMAX20181203_143920_V06,11,2.417,1.200,850,0,14.746,2,0,2.496
KMAX20181203-1,KMAX20181203_144942_V06,0,-0.220,1.200,742,0,261175.859,28,0,241496.711
KMAX20181203-1,KMAX20181203_144942_V06,2,0.483,1.200,741,0,141914.536,28,0,139594.290
KMAX20181203-1,KMAX20181203_144942_V06,4,0.879,1.200,740,0,45225.598,11,0,43437.900
KMAX20181203-1,KMAX20181203_144942_V06,8,1.318,1.200,740,0,1104.549,10,0,934.303
KMAX20181203-1,KMAX20181203_144942_V06,10,1.802,1.200,369,0,32.560,3,0,14.742
KMAX20181203-1,KMAX20181203_144942_V06,11,2.417,1.200,369,0,17.672,1,0,10.374
KMAX20181203-6,KMAX20181203_154215_V06,0,-0.220,1.200,301,0,37369.261,5,0,37031.499
KMAX20181203-6,KMAX20181203_154215_V06,2,0.483,1.200,302,0,34367.147,2,0,34206.982
KMAX20181203-6,KMAX20181203_154215_V06,4,0.879,1.200,302,0,9482.329,2,0,9474.398
KMAX20181203-6,KMAX20181203_154215_V06,8,1.318,1.200,301,0,437.401,1,0,436.143
KMAX20181203-6,KMAX20181203_154215_V06,10,1.802,1.200,152,0,10.181,0,0,10.181
KMAX20181203-6,KMAX20181203_154215_V06,11,2.417,1.200,152,0,0.455,0,0,0.455
KMAX20181204-1,KMAX20181204_154108_V06,0,-0.220,1.200,4160,0,1011362.628,3213,0,16279.573
KMAX20181204-1,KMAX20181204_154108_V06,2,0.483,1.200,4162,0,335503.460,2452,0,9508.570
KMAX20181204-1,KMAX20181204_154108_V06,4,0.879,1.200,4163,0,42621.475,1146,0,8195.345
KMAX20181204-1,KMAX20181204_154108_V06,6,1.318,1.200,4174,0,1173.470,46,0,519.297
KMAX20181204-1,KMAX20181204_154745_V06,0,-0.220,1.200,6317,0,2051223.869,4530,0,26443.795
KMAX20181204-1,KMAX20181204_154745_V06,2,0.483,1.200,6318,0,392445.015,3416,0,17211.403
KMAX20181204-1,KMAX20181204_154745_V06,4,0.879,1.200,6328,0,58992.791,1582,0,10469.925
KMAX20181204-1,KMAX20181204_154745_V06,6,1.318,1.200,6323,0,2176.445,118,0,916.627
KMAX20181204-1,KMAX20181204_160058_V06,0,-0.220,1.200,9319,0,3167414.695,6047,0,53714.792
KMAX20181204-1,KMAX20181204_160058_V06,2,0.483,1.200,9320,0,385298.246,4119,0,26459.231
KMAX20181204-1,KMAX20181204_160058_V06,4,0.879,1.200,9327,0,70491.952,1959,0,9872.271
KMAX20181204-1,KMAX20181204_160058_V06,6,1.318,1.200,9327,0,5052.750,297,0,1780.950
KMAX20181206-1,KMAX20181206_142638_V06,0,-0.220,1.200,347,0,83673.300,18,0,75281.784
KMAX20181206-1,KMAX20181206_142638_V06,2,0.483,1.200,347,0,74500.931,16,0,56949.849
KMAX20181206-1,KMAX20181206_142638_V06,4,0.879,1.200,345,0,20041.188,9,0,19756.670
KMAX20181206-1,KMAX20181206_142638_V06,8,1.318,1.200,346,0,207.299,1,0,205.863
KMAX20181206-1,KMAX20181206_142638_V06,10,1.802,1.200,173,0,9.984,0,0,9.984
KMAX20181206-1,KMAX20181206_142638_V06,11,2.417,1.200,173,0,0.518,0,0,0.518
KMAX20181206-1,KMAX20181206_143700_V06,0,-0.220,1.200,1657,0,144498.869,32,0,140409.015
KMAX20181206-1,KMAX20181206_143700_V06,2,0.483,1.200,1658,0,33762.528,35,0,33598.723
KMAX20181206-1,KMAX20181206_143700_V06,4,0.879,1.200,1658,0,12583.141,10,0,12005.497
KMAX20181206-1,KMAX20181206_143700_V06,8,1.318,1.200,1659,0,3338.020,18,0,3267.953
KMAX20181206-1,KMAX20181206_143700_V06,10,1.802,1.200,830,0,55.359,5,0,33.954
KMAX20181206-1,KMAX20181206_143700_V06,11,2.417,1.200,834,0,12.487,1,0,9.286
KMAX20181207-1,KMAX20181207_142830_V06,0,-0.220,1.200,612,0,272747.491,35,0,244590.578
KMAX20181207-1,KMAX20181207_142830_V06,2,0.483,1.200,611,0,128742.703,34,0,125981.042
KMAX20181207-1,KMAX20181207_142830_V06,4,0.879,1.200,612,0,35706.496,14,0,34729.793
KMAX20181207-1,KMAX20181207_142830_V06,6,1.318,1.200,613,0,3317.870,12,0,3188.663
KMAX20181207-1,KMAX20181207_142830_V06,10,1.802,1.200,306,0,6.662,0,0,6.662
KMAX20181207-1,KMAX20181207_142830_V06,11,2.417,1.200,307,0,0.924,0,0,0.924
KMAX20181207-1,KMAX20181207_143503_V06,0,-0.220,1.200,1808,0,479152.969,100,0,429424.859
KMAX20181207-1,KMAX20181207_143503_V06,2,0.483,1.200,1809,0,94353.598,33,0,92318.877
KMAX20181207-1,KMAX20181207_143503_V06,4,0.879,1.200,1807,0,37360.255,32,0,37165.193
KMAX20181207-1,KMAX20181207_143503_V06,6,1.318,1.200,1806,0,4087.001,24,0,3668.012
KMAX20181207-1,KMAX20181207_143503_V06,10,1.802,1.200,903,0,81.279,3,0,65.038
KMAX20181207-1,KMAX20181207_143503_V06,11,2.417,1.200,904,0,52.760,3,0,35.990
KMAX20181207-3,KMAX20181207_150116_V06,0,-0.220,1.200,155,0,38132.889,8,0,37483.448
KMAX20181207-3,KMAX20181207_150116_V06,2,0.483,1.200,155,0,96472.980,4,0,91804.857
KMAX20181207-3,KMAX20181207_150116_V06,4,0.879,1.200,157,0,38691.911,5,0,38490.589
KMAX20181207-3,KMAX20181207_150116_V06,6,1.318,1.200,156,0,1459.774,5,0,1388.330
KMAX20181207-3,KMAX20181207_150116_V06,10,1.802,1.200,78,0,7.544,1,0,3.270
KMAX20181207-3,KMAX20181207_150116_V06,11,2.417,1.200,77,0,0.229,0,0,0.229
KMAX20181207-3,KMAX20181207_150748_V06,0,-0.220,1.200,1162,0,420526.911,38,0,385862.986
KMAX20181207-3,KMAX20181207_150748_V06,2,0.483,1.200,1162,0,83409.368,32,0,81388.985
KMAX20181207-3,KMAX20181207_150748_V06,4,0.879,1.200,1161,0,35794.102,9,0,35239.332
KMAX20181207-3,KMAX20181207_150748_V06,6,1.318,1.200,1162,0,3939.019,14,0,3463.641
KMAX20181207-3,KMAX20181207_150748_V06,10,1.802,1.200,581,0,82.754,1,0,56.862
KMAX20181207-3,KMAX20181207_150748_V06,11,2.417,1.200,582,0,17.906,0,0,17.906
KMAX20181207-3,KMAX20181207_151421_V06,0,-0.220,1.200,499,1,355743.104,33,1,309532.410
KMAX20181207-3,KMAX20181207_151421_V06,2,0.483,1.200,498,0,97909.414,25,0,86098.822
KMAX20181207-3,KMAX20181207_151421_V06,4,0.879,1.200,501,0,35784.466,15,0,31954.820
KMAX20181207-3,KMAX20181207_151421_V06,6,1.318,1.200,501,0,3300.482,10,0,3002.838
KMAX20181207-3,KMAX20181207_151421_V06,10,1.802,1.200,249,0,12.917,1,0,10.583
KMAX20181207-3,KMAX20181207_151421_V06,11,2.417,1.200,252,0,0.755,0,0,0.755
KMAX20181207-3,KMAX20181207_152055_V06,0,-0.220,1.200,2648,0,359227.441,93,0,336651.198
KMAX20181207-3,KMAX20181207_152055_V06,2,0.483,1.200,2646,0,133876.810,44,0,128739.182
KMAX20181207-3,KMAX20181207_152055_V06,4,0.879,1.200,2651,0,51525.055,34,0,46882.003
KMAX20181207-3,KMAX20181207_152055_V06,6,1.318,1.200,2651,0,3799.081,62,0,3455.046
KMAX20181207-3,KMAX20181207_152055_V06,10,1.802,1.200,1327,0,73.608,2,0,57.865
KMAX20181207-3,KMAX20181207_152055_V06,11,2.417,1.200,1328,0,80.366,8,0,37.066
KMAX20181207-3,KMAX20181207_152729_V06,0,-0.220,1.200,572,0,225687.216,25,0,205633.930
KMAX20181207-3,KMAX20181207_152729_V06,2,0.483,1.200,569,0,106617.349,12,0,103490.672
KMAX20181207-3,KMAX20181207_152729_V06,4,0.879,1.200,571,0,33730.403,12,0,33387.975
KMAX20181207-3,KMAX20181207_152729_V06,6,1.318,1.200,569,0,1419.235,13,0,1011.403
KMAX20181207-3,KMAX20181207_152729_V06,10,1.802,1.200,284,0,15.997,0,0,15.997
KMAX20181207-3,KMAX20181207_152729_V06,11,2.417,1.200,285,0,9.531,0,0,9.531
KMAX20181207-8,KMAX20181207_164140_V06,0,-0.220,1.200,592,0,160790.035,30,0,101898.893
KMAX20181207-8,KMAX20181207_164140_V06,2,0.483,1.200,591,0,106990.893,29,0,98299.575
KMAX20181207-8,KMAX20181207_164140_V06,4,0.879,1.200,590,0,23300.211,13,0,22542.822
KMAX20181207-8,KMAX20181207_164140_V06,6,1.318,1.200,590,0,3737.789,11,0,2756.274
KMAX20181207-8,KMAX20181207_164140_V06,10,1.802,1.200,295,0,44.263,2,0,15.490
KMAX20181207-8,KMAX20181207_164140_V06,11,2.417,1.200,296,0,6.761,0,0,6.761
KMAX20181207-8,KMAX20181207_164813_V06,0,-0.220,1.200,1721,6,528030.022,100,4,414548.287
KMAX20181207-8,KMAX20181207_164813_V06,2,0.483,1.200,1721,0,109077.935,57,0,98713.093
KMAX20181207-8,KMAX20181207_164813_V06,4,0.879,1.200,1724,0,28541.561,32,0,22490.180
KMAX20181207-8,KMAX20181207_164813_V06,6,1.318,1.200,1724,0,2255.530,33,0,1981.901
KMAX20181207-8,KMAX20181207_164813_V06,10,1.802,1.200,866,0,50.371,4,0,31.992
KMAX20181207-8,KMAX20181207_164813_V06,11,2.417,1.200,864,0,69.695,5,0,39.268
KMAX20181207-6,KMAX20181207_154710_V06,0,-0.220,1.200,575,0,182436.342,27,0,157921.121
KMAX20181207-6,KMAX20181207_154710_V06,2,0.483,1.200,575,0,92139.534,18,0,91059.677
KMAX20181207-6,KMAX20181207_154710_V06,4,0.879,1.200,576,0,19975.004,17,0,19448.892
KMAX20181207-6,KMAX20181207_154710_V06,6,1.318,1.200,576,0,1214.456,8,0,1113.019
KMAX20181207-6,KMAX20181207_154710_V06,10,1.802,1.200,287,0,11.438,0,0,11.438
KMAX20181207-6,KMAX20181207_154710_V06,11,2.417,1.200,289,0,11.414,1,0,7.604
KMAX20181208-1,KMAX20181208_142847_V06,0,-0.220,1.200,382,0,90052.884,13,0,88833.014
KMAX20181208-1,KMAX20181208_142847_V06,2,0.483,1.200,383,0,55603.495,18,0,52659.564
KMAX20181208-1,KMAX20181208_142847_V06,4,0.879,1.200,381,0,53704.122,11,0,53248.006
KMAX20181208-1,KMAX20181208_142847_V06,6,1.318,1.200,383,0,3271.095,12,0,2985.654
KMAX20181208-1,KMAX20181208_142847_V06,10,1.802,1.200,190,0,61.106,6,0,34.574
KMAX20181208-1,KMAX20181208_142847_V06,11,2.417,1.200,189,0,18.874,4,0,0.553
KMAX20181208-1,KMAX20181208_143522_V06,0,-0.220,1.200,1481,0,225512.610,50,0,221898.989
KMAX20181208-1,KMAX20181208_143522_V06,2,0.483,1.200,1481,0,116479.535,44,0,104925.890
KMAX20181208-1,KMAX20181208_143522_V06,4,0.879,1.200,1482,0,74111.944,53,0,62938.810
KMAX20181208-1,KMAX20181208_143522_V06,8,1.318,1.200,1482,0,10510.710,27,0,9707.903
KMAX20181208-1,KMAX20181208_143522_V06,10,1.802,1.200,742,0,23.953,2,0,7.105
KMAX20181208-1,KMAX20181208_143522_V06,11,2.417,1.200,741,0,61.411,9,0,11.521
KMAX20181208-1,KMAX20181208_144531_V06,0,-0.220,1.200,566,0,160605.532,27,0,152340.016
KMAX20181208-1,KMAX20181208_144531_V06,2,0.483,1.200,566,0,109598.717,21,0,104738.738
KMAX20181208-1,KMAX20181208_144531_V06,4,0.879,1.200,565,0,72080.064,18,0,66546.880
KMAX20181208-1,KMAX20181208_144531_V06,8,1.318,1.200,564,0,8702.117,11,0,6543.187
KMAX20181208-1,KMAX20181208_144531_V06,10,1.802,1.200,283,0,18.437,2,0,9.390
KMAX20181208-1,KMAX20181208_144531_V06,11,2.417,1.200,283,0,16.550,2,0,0.848
KMAX20181208-7,KMAX20181208_153548_V06,0,-0.220,1.200,258,0,43565.418,8,0,42908.340
KMAX20181208-7,KMAX20181208_153548_V06,2,0.483,1.200,257,0,89951.126,11,0,77951.577
KMAX20181208-7,KMAX20181208_153548_V06,4,0.879,1.200,259,0,53448.492,7,0,50412.946
KMAX20181208-7,KMAX20181208_153548_V06,6,1.318,1.200,258,0,5088.411,14,0,4374.954
KMAX20181208-7,KMAX20181208_153548_V06,10,1.802,1.200,129,0,39.147,1,0,28.158
KMAX20181208-7,KMAX20181208_153548_V06,11,2.417,1.200,128,0,0.386,0,0,0.386
KMAX20181208-7,KMAX20181208_154222_V06,0,-0.220,1.200,1283,0,272162.910,50,0,247923.881
KMAX20181208-7,KMAX20181208_154222_V06,2,0.483,1.200,1284,0,140301.006,45,0,117708.024
KMAX20181208-7,KMAX20181208_154222_V06,4,0.879,1.200,1286,0,56750.112,26,0,51597.808
KMAX20181208-7,KMAX20181208_154222_V06,6,1.318,1.200,1286,0,4914.551,19,0,3577.880
KMAX20181208-7,KMAX20181208_154222_V06,10,1.802,1.200,642,0,15.867,1,0,12.589
KMAX20181208-7,KMAX20181208_154222_V06,11,2.417,1.200,647,0,1.930,0,0,1.930
KMAX20181208-7,KMAX20181208_154856_V06,0,-0.220,1.200,578,0,137624.602,24,0,119914.943
KMAX20181208-7,KMAX20181208_154856_V06,2,0.483,1.200,581,1,136419.325,34,1,131568.983
KMAX20181208-7,KMAX20181208_154856_V06,4,0.879,1.200,581,0,50635.486,19,0,49914.762
KMAX20181208-7,KMAX20181208_154856_V06,6,1.318,1.200,580,0,2235.564,10,0,1911.372
KMAX20181208-7,KMAX20181208_154856_V06,10,1.802,1.200,291,0,29.293,1,0,25.897
KMAX20181208-7,KMAX20181208_154856_V06,11,2.417,1.200,288,0,11.372,0,0,11.372
KMAX20181208-7,KMAX20181208_160203_V06,0,-0.220,1.200,2583,0,312260.498,85,0,295504.363
KMAX20181208-7,KMAX20181208_160203_V06,2,0.483,1.200,2582,0,203195.961,62,0,169540.788
KMAX20181208-7,KMAX20181208_160203_V06,4,0.879,1.200,2582,0,92147.743,36,0,90892.652
KMAX20181208-7,KMAX20181208_160203_V06,8,1.318,1.200,2588,0,4112.472,18,0,3388.708
KMAX20181208-7,KMAX20181208_160203_V06,10,1.802,1.200,1294,0,125.082,9,0,63.132
KMAX20181208-7,KMAX20181208_160203_V06,11,2.417,1.200,1292,0,37.410,5,0,11.660
KMAX20181208-7,KMAX20181208_161210_V06,0,-0.220,1.200,334,0,113083.354,12,0,109531.270
KMAX20181208-7,KMAX20181208_161210_V06,2,0.483,1.200,335,0,158837.386,8,0,157913.123
KMAX20181208-7,KMAX20181208_161210_V06,4,0.879,1.200,336,0,45335.543,17,0,41378.079
KMAX20181208-7,KMAX20181208_161210_V06,8,1.318,1.200,335,0,3972.284,7,0,3456.721
KMAX20181208-7,KMAX20181208_161210_V06,10,1.802,1.200,165,0,8.325,2,0,0.491
KMAX20181208-7,KMAX20181208_161210_V06,11,2.417,1.200,166,0,0.501,0,0,0.501
KMAX20181208-7,KMAX20181208_162230_V06,0,-0.220,1.200,1650,0,232353.321,78,0,221251.160
KMAX20181208-7,KMAX20181208_162230_V06,2,0.483,1.200,1648,0,154824.871,42,0,131677.377
KMAX20181208-7,KMAX20181208_162230_V06,4,0.879,1.200,1647,0,63641.954,32,0,55282.368
KMAX20181208-7,KMAX20181208_162230_V06,8,1.318,1.200,1647,0,4473.524,17,0,3307.588
KMAX20181208-7,KMAX20181208_162230_V06,10,1.802,1.200,825,0,81.988,4,0,59.491
KMAX20181208-7,KMAX20181208_162230_V06,11,2.417,1.200,825,0,26.569,3,0,13.337
KMAX20181208-5,KMAX20181208_152241_V06,0,-0.220,1.200,518,0,218327.444,23,0,200067.923
KMAX20181208-5,KMAX20181208_152241_V06,2,0.483,1.200,517,0,227134.297,18,0,217237.857
KMAX20181208-5,KMAX20181208_152241_V06,4,0.879,1.200,519,0,61961.273,12,0,61656.202
KMAX20181208-5,KMAX20181208_152241_V06,6,1.318,1.200,517,0,11839.686,12,0,5931.793
KMAX20181208-5,KMAX20181208_152241_V06,10,1.802,1.200,259,0,129.494,7,0,34.804
KMAX20181208-5,KMAX20181208_152241_V06,11,2.417,1.200,259,0,20.873,1,0,17.478
KMAX20181209-1,KMAX20181209_143321_V06,0,-0.220,1.200,280,0,84032.207,3,0,82683.037
KMAX20181209-1,KMAX20181209_143321_V06,2,0.483,1.200,280,0,57087.600,0,0,57087.600
KMAX20181209-1,KMAX20181209_143321_V06,4,0.879,1.200,281,0,26777.512,2,0,26236.194
KMAX20181209-1,KMAX20181209_143321_V06,8,1.318,1.200,280,0,437.391,1,0,426.679
KMAX20181209-1,KMAX20181209_143321_V06,10,1.802,1.200,142,0,0.408,0,0,0.408
KMAX20181209-1,KMAX20181209_143321_V06,11,2.417,1.200,141,0,12.410,2,0,5.470
KMAX20181209-1,KMAX20181209_143321_V06,12,3.120,1.200,144,0,15.100,2,0,8.052
KMAX20181209-1,KMAX20181209_144321_V06,0,-0.220,1.200,1319,0,180602.187,17,0,177197.532
KMAX20181209-1,KMAX20181209_144321_V06,2,0.483,1.200,1321,0,39158.363,23,0,39025.136
KMAX20181209-1,KMAX20181209_144321_V06,4,0.879,1.200,1324,0,17308.386,23,0,15370.064
KMAX20181209-1,KMAX20181209_144321_V06,8,1.318,1.200,1321,0,1511.959,10,0,1446.450
KMAX20181209-1,KMAX20181209_144321_V06,10,1.802,1.200,661,0,53.138,9,0,17.742
KMAX20181209-1,KMAX20181209_144321_V06,11,2.417,1.200,658,0,34.581,6,0,9.324
KMAX20181209-1,KMAX20181209_144321_V06,12,3.120,1.200,658,0,73.672,2,0,65.932
KMAX20181209-1,KMAX20181209_150325_V06,0,-0.220,1.200,6104,0,219993.347,111,0,216675.441
KMAX20181209-1,KMAX20181209_150325_V06,2,0.483,1.200,6107,0,78409.062,65,0,75843.125
KMAX20181209-1,KMAX20181209_150325_V06,4,0.879,1.200,6106,0,27180.444,91,0,26853.800
KMAX20181209-1,KMAX20181209_150325_V06,8,1.318,1.200,6108,0,4378.085,78,0,3909.402
KMAX20181209-1,KMAX20181209_150325_V06,10,1.802,1.200,3054,0,128.123,10,0,77.754
KMAX20181209-1,KMAX20181209_150325_V06,11,2.417,1.200,3056,0,107.831,24,0,25.085
KMAX20181209-1,KMAX20181209_151334_V06,0,-0.220,1.200,551,0,92133.187,9,0,91874.284
KMAX20181209-1,KMAX20181209_151334_V06,2,0.483,1.200,550,0,51079.322,6,0,51039.816
KMAX20181209-1,KMAX20181209_151334_V06,4,0.879,1.200,550,0,25938.511,11,0,25904.730
KMAX20181209-1,KMAX20181209_151334_V06,8,1.318,1.200,549,0,1126.839,1,0,1066.250
KMAX20181209-1,KMAX20181209_151334_V06,10,1.802,1.200,277,0,0.827,0,0,0.827
KMAX20181209-1,KMAX20181209_151334_V06,11,2.417,1.200,275,0,25.892,0,0,25.892
KMAX20181209-6,KMAX20181209_154347_V06,0,-0.220,1.200,149,0,23686.515,0,0,23686.515
KMAX20181209-6,KMAX20181209_154347_V06,2,0.483,1.200,151,0,41425.771,1,0,41395.931
KMAX20181209-6,KMAX20181209_154347_V06,4,0.879,1.200,151,0,25262.936,0,0,25262.936
KMAX20181209-6,KMAX20181209_154347_V06,8,1.318,1.200,150,0,653.045,0,0,653.045
KMAX20181209-6,KMAX20181209_154347_V06,10,1.802,1.200,75,0,12.776,2,0,0.212
KMAX20181209-6,KMAX20181209_154347_V06,11,2.417,1.200,75,0,0.218,0,0,0.218
KMAX20181209-6,KMAX20181209_154347_V06,12,3.120,1.200,74,0,0.215,0,0,0.215
KMAX20181209-6,KMAX20181209_160350_V06,0,-0.220,1.200,1266,0,187860.334,25,0,186606.136
KMAX20181209-6,KMAX20181209_160350_V06,2,0.483,1.200,1266,0,57832.142,17,0,57774.394
KMAX20181209-6,KMAX20181209_160350_V06,4,0.879,1.200,1266,0,20085.752,8,0,20057.670
KMAX20181209-6,KMAX20181209_160350_V06,8,1.318,1.200,1265,0,1039.170,12,0,1004.158
KMAX20181209-6,KMAX20181209_160350_V06,10,1.802,1.200,628,0,89.173,3,0,65.489
KMAX20181209-6,KMAX20181209_160350_V06,11,2.417,1.200,630,0,24.176,2,0,16.380
KMAX20181209-8,KMAX20181209_163340_V06,0,-0.220,1.200,130,0,16302.720,0,0,16302.720
KMAX20181209-8,KMAX20181209_163340_V06,2,0.483,1.200,130,0,45485.263,1,0,45358.907
KMAX20181209-8,KMAX20181209_163340_V06,4,0.879,1.200,131,0,19086.738,0,0,19086.738
KMAX20181209-8,KMAX20181209_163340_V06,8,1.318,1.200,131,0,466.035,1,0,432.358
KMAX20181209-8,KMAX20181209_163340_V06,10,1.802,1.200,64,0,0.188,0,0,0.188
KMAX20181209-8,KMAX20181209_163340_V06,11,2.417,1.200,66,0,0.194,0,0,0.194
KMAX20181209-8,KMAX20181209_164334_V06,0,-0.220,1.200,1118,0,123185.743,22,0,122675.518
KMAX20181209-8,KMAX20181209_164334_V06,2,0.483,1.200,1118,0,63714.081,23,0,63572.508
KMAX20181209-8,KMAX20181209_164334_V06,4,0.879,1.200,1121,0,56321.092,18,0,54375.200
KMAX20181209-8,KMAX20181209_164334_V06,8,1.318,1.200,1120,0,1470.288,5,0,1434.854
KMAX20181209-8,KMAX20181209_164334_V06,10,1.802,1.200,558,0,78.828,10,0,20.316
KMAX20181209-8,KMAX20181209_164334_V06,11,2.417,1.200,562,0,29.732,2,0,16.112
KMAX20181210-5,KMAX20181210_144318_V06,0,-0.220,1.200,4038,0,278486.464,1416,0,114246.543
KMAX20181210-5,KMAX20181210_144318_V06,2,0.483,1.200,4041,0,46764.421,923,0,21304.239
KMAX20181210-5,KMAX20181210_144318_V06,4,0.879,1.200,4039,0,18707.635,557,0,10522.228
KMAX20181210-5,KMAX20181210_144318_V06,6,1.318,1.200,4042,0,4803.222,407,0,1846.537
KMAX20181210-5,KMAX20181210_144318_V06,10,1.802,1.200,2022,0,176.551,37,0,72.037
KMAX20181210-5,KMAX20181210_144318_V06,11,2.417,1.200,2019,0,62.212,18,0,43.459
KMAX20181210-5,KMAX20181210_144318_V06,12,3.120,1.200,2030,0,63.074,30,0,35.991
KMAX20181210-5,KMAX20181210_144318_V06,13,3.999,1.200,2030,0,127.723,45,0,49.524
KMAX20181210-5,KMAX20181210_144952_V06,0,-0.220,1.200,10097,0,508774.997,3428,0,189982.037
KMAX20181210-5,KMAX20181210_144952_V06,2,0.483,1.200,10097,0,106597.065,2168,0,54630.290
KMAX20181210-5,KMAX20181210_144952_V06,4,0.879,1.200,10102,0,46505.401,1518,0,23817.258
KMAX20181210-5,KMAX20181210_144952_V06,6,1.318,1.200,10105,0,16090.361,828,0,8845.424
KMAX20181210-5,KMAX20181210_144952_V06,10,1.802,1.200,5054,0,1498.409,163,0,754.216
KMAX20181210-5,KMAX20181210_144952_V06,11,2.417,1.200,5055,0,157.042,68,0,87.126
KMAX20181210-5,KMAX20181210_144952_V06,12,3.120,1.200,5052,0,197.135,72,0,91.228
KMAX20181210-5,KMAX20181210_144952_V06,13,3.999,1.200,5058,0,226.996,102,0,95.365
KMAX20181210-5,KMAX20181210_150300_V06,0,-0.220,1.200,11181,0,561045.173,4269,0,199183.359
KMAX20181210-5,KMAX20181210_150300_V06,2,0.483,1.200,11185,0,130006.479,2833,0,56014.340
KMAX20181210-5,KMAX20181210_150300_V06,4,0.879,1.200,11185,0,62320.588,2096,0,21066.677
KMAX20181210-5,KMAX20181210_150300_V06,6,1.318,1.200,11188,0,17220.140,1267,0,6287.968
KMAX20181210-5,KMAX20181210_150300_V06,10,1.802,1.200,5601,0,485.953,140,0,141.977
KMAX20181210-5,KMAX20181210_150300_V06,11,2.417,1.200,5599,0,103.310,67,0,55.175
KMAX20181210-5,KMAX20181210_150300_V06,12,3.120,1.200,5603,0,129.756,77,0,70.067
KMAX20181210-5,KMAX20181210_150300_V06,13,3.999,1.200,5613,0,168.015,90,0,72.869
KMAX20181210-5,KMAX20181210_150300_V06,14,5.098,1.200,5619,0,234.360,97,0,121.704
KMAX20181210-5,KMAX20181210_150933_V06,0,-0.220,1.200,12382,0,539172.057,4582,0,187298.685
KMAX20181210-5,KMAX20181210_150933_V06,2,0.483,1.200,12380,0,124738.813,2948,0,42398.840
KMAX20181210-5,KMAX20181210_150933_V06,4,0.879,1.200,12382,0,48552.783,2024,0,17926.598
KMAX20181210-5,KMAX20181210_150933_V06,6,1.318,1.200,12388,0,12341.030,1032,0,5497.911
KMAX20181210-5,KMAX20181210_150933_V06,10,1.802,1.200,6203,0,230.712,130,0,90.416
KMAX20181210-5,KMAX20181210_150933_V06,11,2.417,1.200,6201,0,103.587,61,0,68.023
KMAX20181210-5,KMAX20181210_150933_V06,12,3.120,1.200,6202,0,110.275,80,0,63.028
KMAX20181210-5,KMAX20181210_150933_V06,13,3.999,1.200,6212,0,153.593,110,0,61.764
KMAX20181210-5,KMAX20181210_150933_V06,14,5.098,1.200,6220,0,174.351,111,0,96.373
KMAX20181210-5,KMAX20181210_151606_V06,0,-0.220,1.200,13616,0,545329.590,4814,0,227340.232
KMAX20181210-5,KMAX20181210_151606_V06,2,0.483,1.200,13623,0,92005.093,2937,0,32600.239
KMAX20181210-5,KMAX20181210_151606_V06,4,0.879,1.200,13626,0,34589.661,1778,0,12825.944
KMAX20181210-5,KMAX20181210_151606_V06,6,1.318,1.200,13627,0,6493.780,937,0,3550.845
KMAX20181210-5,KMAX20181210_151606_V06,10,1.802,1.200,6813,0,103.278,112,0,46.414
KMAX20181210-5,KMAX20181210_151606_V06,11,2.417,1.200,6815,0,86.796,70,0,48.646
KMAX20181210-5,KMAX20181210_151606_V06,12,3.120,1.200,6819,0,116.638,103,0,60.214
KMAX20181210-5,KMAX20181210_151606_V06,13,3.999,1.200,6828,0,110.364,86,0,70.211
KMAX20181210-5,KMAX20181210_151606_V06,14,5.098,1.200,6841,0,139.276,101,0,75.848
KMAX20181210-5,KMAX20181210_152240_V06,0,-0.220,1.200,16364,0,541018.115,4771,0,267237.142
KMAX20181210-5,KMAX20181210_152240_V06,2,0.483,1.200,16365,0,96824.534,2869,0,33237.897
KMAX20181210-5,KMAX20181210_152240_V06,4,0.879,1.200,16364,0,28595.563,1837,0,9907.457
KMAX20181210-5,KMAX20181210_152240_V06,6,1.318,1.200,16369,0,6662.199,959,0,3742.608
KMAX20181210-5,KMAX20181210_152240_V06,10,1.802,1.200,8194,0,253.607,103,0,138.679
KMAX20181210-5,KMAX20181210_152240_V06,11,2.417,1.200,8194,0,155.778,82,0,89.751
KMAX20181210-5,KMAX20181210_152240_V06,12,3.120,1.200,8196,0,173.915,117,0,88.004
KMAX20181210-5,KMAX20181210_152240_V06,13,3.999,1.200,8211,0,197.515,115,0,118.731
KMAX20181210-5,KMAX20181210_152240_V06,14,5.098,1.200,8225,0,320.348,135,0,170.890
KMAX20181210-7,KMAX20181210_150300_V06,0,-0.220,1.200,5472,0,1052072.058,1482,0,474509.019
KMAX20181210-7,KMAX20181210_150300_V06,2,0.483,1.200,5470,0,560677.312,959,0,219389.293
KMAX20181210-7,KMAX20181210_150300_V06,4,0.879,1.200,5475,0,145647.119,589,0,53575.330
KMAX20181210-7,KMAX20181210_150300_V06,6,1.318,1.200,5481,0,13804.958,302,0,9816.913
KMAX20181210-7,KMAX20181210_150300_V06,10,1.802,1.200,2742,0,180.983,11,0,104.883
KMAX20181210-7,KMAX20181210_150300_V06,11,2.417,1.200,2746,0,244.108,23,0,131.899
KMAX20181210-7,KMAX20181210_150933_V06,0,-0.220,1.200,9707,0,1097001.476,1659,0,490770.299
KMAX20181210-7,KMAX20181210_150933_V06,2,0.483,1.200,9702,0,445913.340,858,0,274830.066
KMAX20181210-7,KMAX20181210_150933_V06,4,0.879,1.200,9708,0,86748.982,533,0,45035.283
KMAX20181210-7,KMAX20181210_150933_V06,6,1.318,1.200,9712,0,8210.870,315,0,5853.472
KMAX20181210-7,KMAX20181210_150933_V06,10,1.802,1.200,4854,0,581.189,57,0,316.715
KMAX20181210-7,KMAX20181210_150933_V06,11,2.417,1.200,4862,0,504.362,44,0,277.258
KMAX20181210-7,KMAX20181210_151606_V06,0,-0.220,1.200,11651,0,960413.171,1652,0,380741.023
KMAX20181210-7,KMAX20181210_151606_V06,2,0.483,1.200,11659,0,254199.156,785,0,170414.889
KMAX20181210-7,KMAX20181210_151606_V06,4,0.879,1.200,11661,0,33487.484,460,0,25422.096
KMAX20181210-7,KMAX20181210_151606_V06,6,1.318,1.200,11664,0,8707.960,336,0,6276.216
KMAX20181210-7,KMAX20181210_151606_V06,10,1.802,1.200,5831,0,477.569,49,0,236.563
KMAX20181210-7,KMAX20181210_151606_V06,11,2.417,1.200,5830,0,657.812,39,0,309.541
KMAX20181210-7,KMAX20181210_152240_V06,0,-0.220,1.200,2420,0,441778.143,1005,0,139200.855
KMAX20181210-7,KMAX20181210_152240_V06,2,0.483,1.200,2419,0,99333.758,435,0,75912.134
KMAX20181210-7,KMAX20181210_152240_V06,4,0.879,1.200,2417,0,7987.395,233,0,6034.499
KMAX20181210-7,KMAX20181210_152240_V06,6,1.318,1.200,2422,0,2774.358,110,0,2062.575
KMAX20181210-7,KMAX20181210_152240_V06,10,1.802,1.200,1204,0,180.068,16,0,104.449
KMAX20181210-7,KMAX20181210_152240_V06,11,2.417,1.200,1204,0,158.161,13,0,85.708
KMAX20181210-7,KMAX20181210_152240_V06,12,3.120,1.200,1206,0,487.281,43,0,244.641
KMAX20181210-2,KMAX20181210_143012_V06,0,-0.220,1.200,106,0,16686.338,1,0,16319.428
KMAX20181210-2,KMAX20181210_143012_V06,2,0.483,1.200,105,0,40188.759,1,0,40127.111
KMAX20181210-2,KMAX20181210_143012_V06,4,0.879,1.200,107,0,17994.910,0,0,17994.910
KMAX20181210-2,KMAX20181210_143012_V06,6,1.318,1.200,105,0,924.977,3,0,910.714
KMAX20181210-2,KMAX20181210_143012_V06,10,1.802,1.200,54,0,0.160,0,0,0.160
KMAX20181210-2,KMAX20181210_143012_V06,11,2.417,1.200,53,0,0.158,0,0,0.158
KMAX20181210-2,KMAX20181210_143646_V06,0,-0.220,1.200,957,0,116883.325,18,0,107740.895
KMAX20181210-2,KMAX20181210_143646_V06,2,0.483,1.200,957,0,38607.492,25,0,36906.714
KMAX20181210-2,KMAX20181210_143646_V06,4,0.879,1.200,953,0,12606.025,24,0,12527.473
KMAX20181210-2,KMAX20181210_143646_V06,6,1.318,1.200,957,0,4043.372,17,0,3882.185
KMAX20181210-2,KMAX20181210_143646_V06,10,1.802,1.200,477,0,86.819,9,0,30.948
KMAX20181210-2,KMAX20181210_143646_V06,11,2.417,1.200,477,0,8.494,0,0,8.494
KMAX20181210-9,KMAX20181210_150933_V06,0,-0.220,1.200,9492,0,458095.093,3691,0,155113.366
KMAX20181210-9,KMAX20181210_150933_V06,2,0.483,1.200,9492,0,95633.537,2456,0,30119.641
KMAX20181210-9,KMAX20181210_150933_V06,4,0.879,1.200,9493,0,33944.055,1705,0,10662.389
KMAX20181210-9,KMAX20181210_150933_V06,6,1.318,1.200,9496,0,9388.614,857,0,3890.917
KMAX20181210-9,KMAX20181210_150933_V06,10,1.802,1.200,4754,0,161.475,102,0,60.724
KMAX20181210-9,KMAX20181210_150933_V06,11,2.417,1.200,4755,0,78.619,48,0,52.079
KMAX20181210-9,KMAX20181210_150933_V06,12,3.120,1.200,4756,0,79.067,58,0,47.259
KMAX20181210-9,KMAX20181210_150933_V06,13,3.999,1.200,4761,0,103.323,84,0,41.856
KMAX20181210-9,KMAX20181210_150933_V06,14,5.098,1.200,4771,0,79.715,80,0,47.052
KMAX20181210-9,KMAX20181210_151606_V06,0,-0.220,1.200,14417,0,563448.357,4935,0,237063.217
KMAX20181210-9,KMAX20181210_151606_V06,2,0.483,1.200,14417,0,103402.763,3038,0,39052.854
KMAX20181210-9,KMAX20181210_151606_V06,4,0.879,1.200,14415,0,40682.551,1954,0,14677.214
KMAX20181210-9,KMAX20181210_151606_V06,6,1.318,1.200,14411,0,7719.012,1013,0,4162.498
KMAX20181210-9,KMAX20181210_151606_V06,10,1.802,1.200,7211,0,135.750,118,0,69.855
KMAX20181210-9,KMAX20181210_151606_V06,11,2.417,1.200,7219,0,107.886,75,0,57.707
KMAX20181210-9,KMAX20181210_151606_V06,12,3.120,1.200,7216,0,136.069,112,0,74.098
KMAX20181210-9,KMAX20181210_151606_V06,13,3.999,1.200,7224,0,143.390,98,0,86.255
KMAX20181210-9,KMAX20181210_151606_V06,14,5.098,1.200,7240,0,156.465,108,0,85.354
KMAX20181210-11,KMAX20181210_160247_V06,0,-0.220,1.200,225,0,34213.657,1,0,34206.418
KMAX20181210-11,KMAX20181210_160247_V06,2,0.483,1.200,226,0,59144.227,5,0,59065.216
KMAX20181210-11,KMAX20181210_160247_V06,4,0.879,1.200,226,0,30789.620,1,0,30785.103
KMAX20181210-11,KMAX20181210_160247_V06,8,1.318,1.200,225,0,1789.849,1,0,1788.041
KMAX20181210-11,KMAX20181210_160247_V06,10,1.802,1.200,112,0,0.337,0,0,0.337
KMAX20181210-11,KMAX20181210_160247_V06,11,2.417,1.200,112,0,0.338,0,0,0.338
KMAX20181211-5,KMAX20181211_144845_V06,0,-0.220,1.200,19354,0,169076.431,3087,0,40438.916
KMAX20181211-5,KMAX20181211_144845_V06,2,0.483,1.200,19357,0,485246.875,6411,0,53517.699
KMAX20181211-5,KMAX20181211_144845_V06,4,0.879,1.200,19365,0,136934.486,3628,0,30710.718
KMAX20181211-5,KMAX20181211_144845_V06,6,1.318,1.200,19372,0,1818.473,28,0,1344.982
KMAX20181211-5,KMAX20181211_150152_V06,0,-0.220,1.200,26187,0,275109.717,4608,0,64414.437
KMAX20181211-5,KMAX20181211_150152_V06,2,0.483,1.200,26188,0,570438.883,7834,0,57503.412
KMAX20181211-5,KMAX20181211_150152_V06,4,0.879,1.200,26196,0,209232.101,5095,0,40563.008
KMAX20181211-5,KMAX20181211_150152_V06,6,1.318,1.200,26212,0,7837.777,215,0,4797.592
KMAX20181211-5,KMAX20181211_150826_V06,0,-0.220,1.200,29669,0,420681.911,4903,0,82097.258
KMAX20181211-5,KMAX20181211_150826_V06,2,0.483,1.200,29684,0,586558.617,7792,0,59749.079
KMAX20181211-5,KMAX20181211_150826_V06,4,0.879,1.200,29701,0,213767.818,5831,0,44017.230
KMAX20181211-5,KMAX20181211_150826_V06,6,1.318,1.200,29701,0,12228.404,407,0,7105.094
KMAX20181211-5,KMAX20181211_151459_V06,0,-0.220,1.200,34339,0,990322.695,6149,0,175032.988
KMAX20181211-5,KMAX20181211_151459_V06,2,0.483,1.200,34351,0,605684.439,8213,0,99977.984
KMAX20181211-5,KMAX20181211_151459_V06,4,0.879,1.200,34353,0,224724.876,6746,0,54785.874
KMAX20181211-5,KMAX20181211_151459_V06,6,1.318,1.200,34365,0,17547.173,672,0,10076.011
KMAX20181211-5,KMAX20181211_152133_V06,0,-0.220,1.200,32895,0,1288658.322,5711,0,369712.884
KMAX20181211-5,KMAX20181211_152133_V06,2,0.483,1.200,32904,0,415710.935,7186,0,88813.835
KMAX20181211-5,KMAX20181211_152133_V06,4,0.879,1.200,32921,0,180047.052,6314,0,49480.459
KMAX20181211-5,KMAX20181211_152133_V06,6,1.318,1.200,32931,0,13094.078,590,0,8068.190
KMAX20181211-5,KMAX20181211_152807_V06,0,-0.220,1.200,31135,0,970758.924,5043,0,264458.334
KMAX20181211-5,KMAX20181211_152807_V06,2,0.483,1.200,31153,0,249585.933,5872,0,69427.414
KMAX20181211-5,KMAX20181211_152807_V06,4,0.879,1.200,31165,0,142603.559,5200,0,44171.304
KMAX20181211-5,KMAX20181211_152807_V06,6,1.318,1.200,31165,0,14779.125,790,0,8193.509
KMAX20181211-21,KMAX20181211_160917_V06,0,-0.220,1.200,12775,0,48797.749,853,0,15122.106
KMAX20181211-21,KMAX20181211_160917_V06,2,0.483,1.200,12781,0,181861.369,3233,0,57433.760
KMAX20181211-21,KMAX20181211_160917_V06,4,0.879,1.200,12783,0,97607.331,2730,0,28908.325
KMAX20181211-21,KMAX20181211_160917_V06,6,1.318,1.200,12787,0,11716.696,425,0,5903.131
KMAX20181211-21,KMAX20181211_161554_V06,0,-0.220,1.200,19697,0,135378.358,2048,0,31390.608
KMAX20181211-21,KMAX20181211_161554_V06,2,0.483,1.200,19709,0,225205.641,4044,0,72180.347
KMAX20181211-21,KMAX20181211_161554_V06,4,0.879,1.200,19712,0,118450.561,3777,0,34108.680
KMAX20181211-21,KMAX20181211_161554_V06,6,1.318,1.200,19718,0,17593.389,741,0,9008.875
KMAX20181211-21,KMAX20181211_162204_V06,0,-0.220,1.200,27516,0,179645.694,2815,0,51175.578
KMAX20181211-21,KMAX20181211_162204_V06,2,0.483,1.200,27526,0,231769.788,4147,0,65079.976
KMAX20181211-21,KMAX20181211_162204_V06,4,0.879,1.200,27540,0,124341.630,4256,0,39295.941
KMAX20181211-21,KMAX20181211_162204_V06,6,1.318,1.200,27555,0,26094.181,1203,0,12193.951
KMAX20181211-21,KMAX20181211_162812_V06,0,-0.220,1.200,33860,0,258526.071,2966,0,42561.214
KMAX20181211-21,KMAX20181211_162812_V06,2,0.483,1.200,33878,0,224536.688,3757,0,61779.616
KMAX20181211-21,KMAX20181211_162812_V06,4,0.879,1.200,33899,0,106067.873,4112,0,34002.829
KMAX20181211-21,KMAX20181211_162812_V06,6,1.318,1.200,33903,0,31638.109,1698,0,14290.022
KMAX20181211-21,KMAX20181211_163437_V06,0,-0.220,1.200,36673,0,151377.896,2584,0,40143.105
KMAX20181211-21,KMAX20181211_163437_V06,2,0.483,1.200,36690,0,209944.899,3389,0,53274.933
KMAX20181211-21,KMAX20181211_163437_V06,4,0.879,1.200,36702,0,83031.108,3430,0,32962.436
KMAX20181211-21,KMAX20181211_163437_V06,6,1.318,1.200,36729,0,28687.444,1744,0,14096.303
KMAX20181211-21,KMAX20181211_164046_V06,0,-0.220,1.200,34660,1,70639.629,1354,0,30046.872
KMAX20181211-21,KMAX20181211_164046_V06,2,0.483,1.200,34687,0,124264.827,2439,0,42137.006
KMAX20181211-21,KMAX20181211_164046_V06,4,0.879,1.200,34695,0,49818.347,2586,0,22030.884
KMAX20181211-21,KMAX20181211_164046_V06,6,1.318,1.200,34688,0,27580.946,1726,0,13061.181
KMAX20181211-2,KMAX20181211_143537_V06,0,-0.220,1.200,152,0,77754.832,1,0,76498.862
KMAX20181211-2,KMAX20181211_143537_V06,2,0.483,1.200,152,0,60534.415,2,0,58391.050
KMAX20181211-2,KMAX20181211_143537_V06,4,0.879,1.200,153,0,38844.160,1,0,38152.454
KMAX20181211-2,KMAX20181211_143537_V06,6,1.318,1.200,152,0,1738.803,0,0,1738.803
KMAX20181211-2,KMAX20181211_143537_V06,10,1.802,1.200,77,0,0.222,0,0,0.222
KMAX20181211-2,KMAX20181211_143537_V06,11,2.417,1.200,78,0,8.430,0,0,8.430
KMAX20181211-2,KMAX20181211_143537_V06,12,3.120,1.200,77,0,6.146,0,0,6.146
KMAX20181211-2,KMAX20181211_144211_V06,0,-0.220,1.200,958,0,192264.479,32,0,183562.539
KMAX20181211-2,KMAX20181211_144211_V06,2,0.483,1.200,958,0,58970.682,21,0,56935.987
KMAX20181211-2,KMAX20181211_144211_V06,4,0.879,1.200,959,0,24825.758,13,0,24121.732
KMAX20181211-2,KMAX20181211_144211_V06,6,1.318,1.200,959,0,2651.088,7,0,2604.579
KMAX20181211-2,KMAX20181211_144211_V06,10,1.802,1.200,480,0,23.581,3,0,13.747
KMAX20181211-2,KMAX20181211_144211_V06,11,2.417,1.200,479,0,22.087,2,0,10.936
KMAX20181211-2,KMAX20181211_144211_V06,12,3.120,1.200,482,0,14.826,0,0,14.826
KMAX20181211-2,KMAX20181211_144845_V06,0,-0.220,1.200,1143,0,178975.819,39,0,167492.656
KMAX20181211-2,KMAX20181211_144845_V06,2,0.483,1.200,1143,0,53151.761,23,0,50760.974
KMAX20181211-2,KMAX20181211_144845_V06,4,0.879,1.200,1143,0,17768.649,20,0,17544.282
KMAX20181211-2,KMAX20181211_144845_V06,6,1.318,1.200,1144,0,653.747,9,0,619.846
KMAX20181211-2,KMAX20181211_144845_V06,10,1.802,1.200,570,0,30.566,0,0,30.566
KMAX20181211-2,KMAX20181211_144845_V06,11,2.417,1.200,572,0,16.634,0,0,16.634
KMAX20181211-4,KMAX20181211_144211_V06,0,-0.220,1.200,2909,0,77507.782,300,0,14252.094
KMAX20181211-4,KMAX20181211_144211_V06,2,0.483,1.200,2908,0,3986.516,148,0,606.384
KMAX20181211-4,KMAX20181211_144211_V06,4,0.879,1.200,2911,0,32.173,2,0,21.843
KMAX20181211-4,KMAX20181211_144211_V06,6,1.318,1.200,2913,0,8.700,0,0,8.700
KMAX20181211-4,KMAX20181211_144211_V06,10,1.802,1.200,1454,0,8.686,0,0,8.686
KMAX20181211-4,KMAX20181211_144845_V06,0,-0.220,1.200,5799,0,132870.781,475,0,26401.983
KMAX20181211-4,KMAX20181211_144845_V06,2,0.483,1.200,5799,0,4926.149,227,0,797.400
KMAX20181211-4,KMAX20181211_144845_V06,4,0.879,1.200,5800,0,70.470,5,0,48.367
KMAX20181211-4,KMAX20181211_144845_V06,6,1.318,1.200,5808,0,17.334,0,0,17.334
KMAX20181211-4,KMAX20181211_144845_V06,10,1.802,1.200,2902,0,17.331,0,0,17.331
KMAX20181211-4,KMAX20181211_150152_V06,0,-0.220,1.200,6673,0,125832.713,575,0,25513.877
KMAX20181211-4,KMAX20181211_150152_V06,2,0.483,1.200,6676,0,7106.981,283,0,1081.174
KMAX20181211-4,KMAX20181211_150152_V06,4,0.879,1.200,6677,0,163.302,13,0,101.054
KMAX20181211-4,KMAX20181211_150152_V06,6,1.318,1.200,6678,0,21.510,0,0,21.510
KMAX20181211-4,KMAX20181211_150152_V06,10,1.802,1.200,3348,0,19.227,0,0,19.227
KMAX20181211-7,KMAX20181211_144845_V06,0,-0.220,1.200,2120,0,186135.347,417,0,33213.751
KMAX20181211-7,KMAX20181211_144845_V06,2,0.483,1.200,2122,0,21148.774,389,0,1766.281
KMAX20181211-7,KMAX20181211_144845_V06,4,0.879,1.200,2119,0,1856.893,151,0,342.449
KMAX20181211-7,KMAX20181211_144845_V06,6,1.318,1.200,2121,0,106.006,12,0,63.239
KMAX20181211-7,KMAX20181211_144845_V06,10,1.802,1.200,1071,0,9.652,0,0,9.652
KMAX20181211-7,KMAX20181211_144845_V06,11,2.417,1.200,1071,0,14.885,0,0,14.885
KMAX20181211-7,KMAX20181211_144845_V06,12,3.120,1.200,1073,0,3.138,0,0,3.138
KMAX20181211-7,KMAX20181211_150152_V06,0,-0.220,1.200,5599,0,75394.173,734,0,16630.207
KMAX20181211-7,KMAX20181211_150152_V06,2,0.483,1.200,5600,0,15243.314,425,0,2000.604
KMAX20181211-7,KMAX20181211_150152_V06,4,0.879,1.200,5594,0,1650.324,180,0,385.518
KMAX20181211-7,KMAX20181211_150152_V06,6,1.318,1.200,5599,0,185.584,37,0,114.907
KMAX20181211-7,KMAX20181211_150152_V06,10,1.802,1.200,2800,0,23.706,0,0,23.706
KMAX20181211-7,KMAX20181211_150152_V06,11,2.417,1.200,2804,0,7.452,0,0,7.452
KMAX20181211-7,KMAX20181211_150152_V06,12,3.120,1.200,2803,0,7.458,0,0,7.458
KMAX20181211-7,KMAX20181211_150826_V06,0,-0.220,1.200,8159,0,65157.666,916,0,22733.638
KMAX20181211-7,KMAX20181211_150826_V06,2,0.483,1.200,8158,0,9577.246,389,0,1949.619
KMAX20181211-7,KMAX20181211_150826_V06,4,0.879,1.200,8162,0,1857.487,216,0,283.373
KMAX20181211-7,KMAX20181211_150826_V06,6,1.318,1.200,8171,0,443.197,86,0,243.684
KMAX20181211-7,KMAX20181211_150826_V06,10,1.802,1.200,4085,0,25.724,1,0,22.820
KMAX20181211-7,KMAX20181211_150826_V06,11,2.417,1.200,4088,0,18.155,2,0,16.218
KMAX20181211-7,KMAX20181211_150826_V06,12,3.120,1.200,4093,0,44.621,1,0,43.597
KMAX20181211-7,KMAX20181211_151459_V06,0,-0.220,1.200,11282,0,56979.177,1394,0,20074.660
KMAX20181211-7,KMAX20181211_151459_V06,2,0.483,1.200,11283,0,10403.042,459,0,2461.901
KMAX20181211-7,KMAX20181211_151459_V06,4,0.879,1.200,11287,0,2233.466,300,0,541.239
KMAX20181211-7,KMAX20181211_151459_V06,6,1.318,1.200,11292,0,658.485,142,0,395.585
KMAX20181211-7,KMAX20181211_151459_V06,10,1.802,1.200,5648,0,75.304,17,0,55.926
KMAX20181211-7,KMAX20181211_151459_V06,11,2.417,1.200,5652,0,42.293,6,0,33.742
KMAX20181211-7,KMAX20181211_151459_V06,12,3.120,1.200,5654,0,41.759,13,0,25.691
KMAX20181211-7,KMAX20181211_152133_V06,0,-0.220,1.200,10137,0,30385.909,1137,0,13658.007
KMAX20181211-7,KMAX20181211_152133_V06,2,0.483,1.200,10142,0,7557.340,369,0,2581.599
KMAX20181211-7,KMAX20181211_152133_V06,4,0.879,1.200,10147,0,1636.251,254,0,716.934
KMAX20181211-7,KMAX20181211_152133_V06,6,1.318,1.200,10148,0,554.891,157,0,384.174
KMAX20181211-7,KMAX20181211_152133_V06,10,1.802,1.200,5075,0,72.181,20,0,46.020
KMAX20181211-7,KMAX20181211_152133_V06,11,2.417,1.200,5083,0,46.123,14,0,32.941
KMAX20181211-7,KMAX20181211_152133_V06,12,3.120,1.200,5087,0,39.884,6,0,29.847
KMAX20181211-26,KMAX20181211_163437_V06,0,-0.220,1.200,173,0,62182.060,14,0,56792.815
KMAX20181211-26,KMAX20181211_163437_V06,2,0.483,1.200,173,0,131896.577,1,0,129375.450
KMAX20181211-26,KMAX20181211_163437_V06,4,0.879,1.200,173,0,21919.549,6,0,20150.219
KMAX20181211-26,KMAX20181211_163437_V06,6,1.318,1.200,174,0,876.900,4,0,851.629
KMAX20181211-26,KMAX20181211_163437_V06,10,1.802,1.200,86,0,0.254,0,0,0.254
KMAX20181211-26,KMAX20181211_163437_V06,11,2.417,1.200,87,0,0.257,0,0,0.257
KMAX20181211-26,KMAX20181211_164046_V06,0,-0.220,1.200,1079,0,431776.054,30,0,426421.518
KMAX20181211-26,KMAX20181211_164046_V06,2,0.483,1.200,1077,0,100693.501,35,0,91403.956
KMAX20181211-26,KMAX20181211_164046_V06,4,0.879,1.200,1081,0,20823.012,19,0,20064.096
KMAX20181211-26,KMAX20181211_164046_V06,6,1.318,1.200,1080,0,1164.841,19,0,997.513
KMAX20181211-26,KMAX20181211_164046_V06,10,1.802,1.200,538,0,41.754,2,0,32.969
KMAX20181211-26,KMAX20181211_164046_V06,11,2.417,1.200,539,0,31.004,3,0,8.436
KMAX20181211-26,KMAX20181211_164654_V06,0,-0.220,1.200,1223,0,392566.675,48,0,376833.230
KMAX20181211-26,KMAX20181211_164654_V06,2,0.483,1.200,1226,0,107243.242,22,0,106990.113
KMAX20181211-26,KMAX20181211_164654_V06,4,0.879,1.200,1224,0,30226.382,26,0,29058.557
KMAX20181211-26,KMAX20181211_164654_V06,6,1.318,1.200,1224,0,1016.185,21,0,837.639
KMAX20181211-26,KMAX20181211_164654_V06,10,1.802,1.200,617,0,24.937,3,0,14.980
KMAX20181211-26,KMAX20181211_164654_V06,11,2.417,1.200,616,0,35.339,2,0,25.945
KMAX20181211-3,KMAX20181211_144211_V06,0,-0.220,1.200,1009,0,25878.863,191,0,4780.340
KMAX20181211-3,KMAX20181211_144211_V06,2,0.483,1.200,1009,0,5929.795,235,0,340.816
KMAX20181211-3,KMAX20181211_144211_V06,4,0.879,1.200,1009,0,1665.951,178,0,256.579
KMAX20181211-3,KMAX20181211_144211_V06,6,1.318,1.200,1006,0,370.521,63,0,158.950
KMAX20181211-3,KMAX20181211_144211_V06,10,1.802,1.200,509,0,17.432,3,0,11.654
KMAX20181211-3,KMAX20181211_144211_V06,11,2.417,1.200,506,0,10.301,3,0,5.141
KMAX20181211-3,KMAX20181211_144211_V06,12,3.120,1.200,507,0,4.778,2,0,0.989
KMAX20181211-3,KMAX20181211_144845_V06,0,-0.220,1.200,3534,0,40613.347,361,0,9498.074
KMAX20181211-3,KMAX20181211_144845_V06,2,0.483,1.200,3539,0,5392.244,303,0,1188.162
KMAX20181211-3,KMAX20181211_144845_V06,4,0.879,1.200,3544,0,1434.314,173,0,646.829
KMAX20181211-3,KMAX20181211_144845_V06,6,1.318,1.200,3544,0,435.318,91,0,310.300
KMAX20181211-3,KMAX20181211_144845_V06,10,1.802,1.200,1766,0,22.428,7,0,10.986
KMAX20181211-3,KMAX20181211_144845_V06,11,2.417,1.200,1769,0,24.697,4,0,18.889
KMAX20181211-3,KMAX20181211_144845_V06,12,3.120,1.200,1773,0,17.264,4,0,9.118
KMAX20181211-12,KMAX20181211_151459_V06,0,-0.220,1.200,331,0,63909.940,6,0,62979.025
KMAX20181211-12,KMAX20181211_151459_V06,2,0.483,1.200,332,0,55925.751,15,0,52639.274
KMAX20181211-12,KMAX20181211_151459_V06,4,0.879,1.200,333,0,37706.140,6,0,36869.368
KMAX20181211-12,KMAX20181211_151459_V06,6,1.318,1.200,334,0,2896.749,11,0,1686.436
KMAX20181211-12,KMAX20181211_151459_V06,10,1.802,1.200,170,0,30.749,2,0,19.817
KMAX20181211-12,KMAX20181211_151459_V06,11,2.417,1.200,170,0,0.509,0,0,0.509
KMAX20181211-12,KMAX20181211_152133_V06,0,-0.220,1.200,1457,0,163297.408,38,0,161765.978
KMAX20181211-12,KMAX20181211_152133_V06,2,0.483,1.200,1457,0,88667.032,29,0,87502.921
KMAX20181211-12,KMAX20181211_152133_V06,4,0.879,1.200,1459,0,34745.676,18,0,34387.011
KMAX20181211-12,KMAX20181211_152133_V06,6,1.318,1.200,1457,0,2375.331,11,0,2184.547
KMAX20181211-12,KMAX20181211_152133_V06,10,1.802,1.200,732,0,33.070,3,0,13.855
KMAX20181211-12,KMAX20181211_152133_V06,11,2.417,1.200,730,0,58.452,0,0,58.452
KMAX20181211-12,KMAX20181211_152807_V06,0,-0.220,1.200,3514,0,374544.736,101,0,337841.416
KMAX20181211-12,KMAX20181211_152807_V06,2,0.483,1.200,3512,0,53236.228,77,0,50476.815
KMAX20181211-12,KMAX20181211_152807_V06,4,0.879,1.200,3514,0,31577.091,56,0,29607.572
KMAX20181211-12,KMAX20181211_152807_V06,6,1.318,1.200,3515,0,2352.388,63,0,1891.370
KMAX20181211-12,KMAX20181211_152807_V06,10,1.802,1.200,1758,0,104.707,16,0,35.687
KMAX20181211-12,KMAX20181211_152807_V06,11,2.417,1.200,1760,0,93.580,7,0,56.418
KMAX20181211-12,KMAX20181211_154311_V06,0,-0.220,1.200,586,0,646224.509,15,0,644108.048
KMAX20181211-12,KMAX20181211_154311_V06,2,0.483,1.200,586,0,117035.553,24,0,113032.966
KMAX20181211-12,KMAX20181211_154311_V06,4,0.879,1.200,584,0,39708.254,16,0,38537.336
KMAX20181211-12,KMAX20181211_154311_V06,6,1.318,1.200,585,0,2650.198,12,0,2481.131
KMAX20181211-12,KMAX20181211_154311_V06,10,1.802,1.200,294,0,36.965,4,0,16.262
KMAX20181211-12,KMAX20181211_154311_V06,11,2.417,1.200,292,0,19.762,3,0,4.254
KMAX20181211-12,KMAX20181211_154927_V06,0,-0.220,1.200,1833,1,780079.338,81,1,734681.572
KMAX20181211-12,KMAX20181211_154927_V06,2,0.483,1.200,1836,0,165880.608,29,0,162276.261
KMAX20181211-12,KMAX20181211_154927_V06,4,0.879,1.200,1838,0,42964.490,28,0,42830.161
KMAX20181211-12,KMAX20181211_154927_V06,6,1.318,1.200,1837,0,2526.523,27,0,2425.471
KMAX20181211-12,KMAX20181211_154927_V06,10,1.802,1.200,917,0,19.486,0,0,19.486
KMAX20181211-12,KMAX20181211_154927_V06,11,2.417,1.200,915,0,73.568,4,0,36.324
KMAX20181211-12,KMAX20181211_160241_V06,0,-0.220,1.200,7240,0,633406.447,344,0,599476.438
KMAX20181211-12,KMAX20181211_160241_V06,2,0.483,1.200,7245,0,105585.242,242,0,99502.993
KMAX20181211-12,KMAX20181211_160241_V06,4,0.879,1.200,7249,0,39899.403,212,0,38448.563
KMAX20181211-12,KMAX20181211_160241_V06,6,1.318,1.200,7255,0,3062.058,197,0,2275.193
KMAX20181211-12,KMAX20181211_160241_V06,10,1.802,1.200,3631,0,298.707,23,0,180.052
KMAX20181211-12,KMAX20181211_160241_V06,11,2.417,1.200,3632,0,231.274,31,0,104.085
KMAX20181211-12,KMAX20181211_160917_V06,0,-0.220,1.200,462,0,357088.999,17,0,336138.268
KMAX20181211-12,KMAX20181211_160917_V06,2,0.483,1.200,463,0,113113.250,14,0,110414.010
KMAX20181211-12,KMAX20181211_160917_V06,4,0.879,1.200,463,0,20664.691,17,0,19697.838
KMAX20181211-12,KMAX20181211_160917_V06,6,1.318,1.200,462,0,2215.193,16,0,2105.687
KMAX20181211-12,KMAX20181211_160917_V06,10,1.802,1.200,231,0,20.102,3,0,8.694
KMAX20181211-12,KMAX20181211_160917_V06,11,2.417,1.200,232,0,16.897,1,0,13.773
KMAX20181211-12,KMAX20181211_161554_V06,0,-0.220,1.200,1572,0,611743.158,74,0,604843.445
KMAX20181211-12,KMAX20181211_161554_V06,2,0.483,1.200,1571,0,145286.911,36,0,145029.664
KMAX20181211-12,KMAX20181211_161554_V06,4,0.879,1.200,1573,0,32952.614,25,0,31675.238
KMAX20181211-12,KMAX20181211_161554_V06,6,1.318,1.200,1573,0,2716.639,27,0,2592.597
KMAX20181211-12,KMAX20181211_161554_V06,10,1.802,1.200,789,0,54.158,2,0,45.203
KMAX20181211-12,KMAX20181211_161554_V06,11,2.417,1.200,788,0,54.894,4,0,36.753
KMAX20181211-13,KMAX20181211_152133_V06,0,-0.220,1.200,24877,0,169714.932,8053,0,72229.433
KMAX20181211-13,KMAX20181211_152133_V06,2,0.483,1.200,24879,0,127174.421,7629,0,27437.144
KMAX20181211-13,KMAX20181211_152133_V06,4,0.879,1.200,24883,0,33046.438,7930,0,7757.592
KMAX20181211-13,KMAX20181211_152133_V06,6,1.318,1.200,24887,0,13493.997,7214,0,3524.559
KMAX20181211-13,KMAX20181211_152133_V06,10,1.802,1.200,12458,0,6075.868,4678,0,1288.552
KMAX20181211-13,KMAX20181211_152133_V06,11,2.417,1.200,12467,0,2814.797,3532,0,880.219
KMAX20181211-13,KMAX20181211_152133_V06,12,3.120,1.200,12471,0,1771.599,3660,0,716.430
KMAX20181211-13,KMAX20181211_152133_V06,13,3.999,1.200,12482,0,1015.226,3500,0,360.021
KMAX20181211-13,KMAX20181211_152133_V06,14,5.098,1.200,12504,0,369.549,3212,0,155.752
KMAX20181211-13,KMAX20181211_152133_V06,15,6.416,1.200,12547,0,107.394,2757,0,24.929
KMAX20181211-13,KMAX20181211_152807_V06,0,-0.220,1.200,42506,2,146708.858,11887,0,76906.175
KMAX20181211-13,KMAX20181211_152807_V06,2,0.483,1.200,42512,0,79875.427,11740,0,20887.282
KMAX20181211-13,KMAX20181211_152807_V06,4,0.879,1.200,42514,0,22443.483,11316,0,7302.602
KMAX20181211-13,KMAX20181211_152807_V06,6,1.318,1.200,42514,0,10640.311,10105,0,4141.321
KMAX20181211-13,KMAX20181211_152807_V06,10,1.802,1.200,21265,0,5078.093,6271,0,1235.385
KMAX20181211-13,KMAX20181211_152807_V06,11,2.417,1.200,21275,0,3356.478,5003,0,957.481
KMAX20181211-13,KMAX20181211_152807_V06,12,3.120,1.200,21291,0,1593.772,5101,0,517.586
KMAX20181211-13,KMAX20181211_152807_V06,13,3.999,1.200,21314,0,483.943,4075,0,185.916
KMAX20181211-13,KMAX20181211_152807_V06,14,5.098,1.200,21342,0,163.355,3739,0,60.690
KMAX20181211-13,KMAX20181211_152807_V06,15,6.416,1.200,21404,0,105.335,3267,0,35.728
KMAX20181211-8,KMAX20181211_144845_V06,0,-0.220,1.200,43210,20,110311.142,11055,0,59569.162
KMAX20181211-8,KMAX20181211_144845_V06,2,0.483,1.200,43211,26,146494.710,11357,0,35854.164
KMAX20181211-8,KMAX20181211_144845_V06,4,0.879,1.200,43217,14,100805.204,12331,0,18098.480
KMAX20181211-8,KMAX20181211_144845_V06,6,1.318,1.200,43231,10,49571.654,13373,0,10363.486
KMAX20181211-8,KMAX20181211_144845_V06,10,1.802,1.200,21627,0,25926.221,9846,0,4290.923
KMAX20181211-8,KMAX20181211_144845_V06,11,2.417,1.200,21645,0,16373.999,9122,0,3272.803
KMAX20181211-8,KMAX20181211_144845_V06,12,3.120,1.200,21656,0,11830.059,9747,0,2338.289
KMAX20181211-8,KMAX20181211_144845_V06,13,3.999,1.200,21673,0,7406.490,9070,0,1882.104
KMAX20181211-8,KMAX20181211_144845_V06,14,5.098,1.200,21709,0,4175.554,8846,0,1235.827
KMAX20181211-8,KMAX20181211_144845_V06,15,6.416,1.200,21767,0,2206.271,8939,0,716.157
KMAX20181211-8,KMAX20181211_150152_V06,0,-0.220,1.200,84969,8,208381.635,23068,0,113572.768
KMAX20181211-8,KMAX20181211_150152_V06,2,0.483,1.200,84973,1,180643.403,20707,0,53392.361
KMAX20181211-8,KMAX20181211_150152_V06,4,0.879,1.200,84982,5,75096.833,21339,0,22709.134
KMAX20181211-8,KMAX20181211_150152_V06,6,1.318,1.200,84995,0,41788.324,20169,0,13913.534
KMAX20181211-8,KMAX20181211_150152_V06,10,1.802,1.200,42513,0,23903.730,14598,0,5775.949
KMAX20181211-8,KMAX20181211_150152_V06,11,2.417,1.200,42529,0,16029.899,12905,0,4043.411
KMAX20181211-8,KMAX20181211_150152_V06,12,3.120,1.200,42555,0,9665.375,13380,0,2862.182
KMAX20181211-8,KMAX20181211_150152_V06,13,3.999,1.200,42605,0,4709.822,12465,0,1683.687
KMAX20181211-8,KMAX20181211_150152_V06,14,5.098,1.200,42679,0,2465.021,12007,0,830.548
KMAX20181211-8,KMAX20181211_150152_V06,15,6.416,1.200,42780,0,1394.884,10851,0,524.883
KMAX20181211-8,KMAX20181211_150826_V06,0,-0.220,1.200,46669,5,183968.646,15918,0,75775.845
KMAX20181211-8,KMAX20181211_150826_V06,2,0.483,1.200,46671,4,153876.844,15533,0,33048.524
KMAX20181211-8,KMAX20181211_150826_V06,4,0.879,1.200,46678,0,63760.471,15660,0,12697.194
KMAX20181211-8,KMAX20181211_150826_V06,6,1.318,1.200,46689,0,34918.109,15155,0,7077.300
KMAX20181211-8,KMAX20181211_150826_V06,10,1.802,1.200,23356,0,18117.888,10855,0,3335.816
KMAX20181211-8,KMAX20181211_150826_V06,11,2.417,1.200,23368,0,10651.665,9007,0,2463.912
KMAX20181211-8,KMAX20181211_150826_V06,12,3.120,1.200,23378,0,4117.151,9238,0,1150.045
KMAX20181211-8,KMAX20181211_150826_V06,13,3.999,1.200,23414,0,2432.826,8246,0,863.447
KMAX20181211-8,KMAX20181211_150826_V06,14,5.098,1.200,23444,0,1451.957,8127,0,508.488
KMAX20181211-8,KMAX20181211_150826_V06,15,6.416,1.200,23507,0,855.178,7422,0,301.219
KMAX20181211-18,KMAX20181211_152807_V06,0,-0.220,1.200,4399,0,913488.479,1431,0,386728.374
KMAX20181211-18,KMAX20181211_152807_V06,2,0.483,1.200,4402,0,6196.350,132,0,3444.764
KMAX20181211-18,KMAX20181211_152807_V06,4,0.879,1.200,4400,0,3749.981,96,0,2626.768
KMAX20181211-18,KMAX20181211_152807_V06,6,1.318,1.200,4404,0,3406.590,131,0,2138.753
KMAX20181211-18,KMAX20181211_152807_V06,10,1.802,1.200,2144,0,124.791,2,0,98.605
KMAX20181211-24,KMAX20181211_162204_V06,0,-0.220,1.200,3168,0,14512.300,827,0,3177.989
KMAX20181211-24,KMAX20181211_162204_V06,2,0.483,1.200,3167,0,24776.776,859,0,2317.780
KMAX20181211-24,KMAX20181211_162204_V06,4,0.879,1.200,3170,0,7174.547,754,0,329.917
KMAX20181211-24,KMAX20181211_162204_V06,6,1.318,1.200,3170,0,2384.844,514,0,344.321
KMAX20181211-24,KMAX20181211_162204_V06,10,1.802,1.200,1583,0,1387.814,231,0,30.036
KMAX20181211-24,KMAX20181211_162204_V06,11,2.417,1.200,1587,0,542.591,227,0,43.845
KMAX20181211-24,KMAX20181211_162204_V06,12,3.120,1.200,1591,0,62.031,215,0,13.084
KMAX20181211-24,KMAX20181211_162204_V06,13,3.999,1.200,1589,0,13.375,85,0,6.421
KMAX20181211-24,KMAX20181211_162204_V06,14,5.098,1.200,1591,0,5.511,35,0,3.096
KMAX20181211-24,KMAX20181211_162204_V06,15,6.416,1.200,1595,0,6.017,28,0,3.970
KMAX20181211-28,KMAX20181211_164046_V06,0,-0.220,1.200,4636,0,60198.718,2197,0,18703.404
KMAX20181211-28,KMAX20181211_164046_V06,2,0.483,1.200,4635,0,47489.577,1941,0,3197.387
KMAX20181211-28,KMAX20181211_164046_V06,4,0.879,1.200,4635,0,12387.111,1995,0,824.222
KMAX20181211-28,KMAX20181211_164046_V06,6,1.318,1.200,4637,0,6045.725,1685,0,585.055
KMAX20181211-28,KMAX20181211_164046_V06,10,1.802,1.200,2319,0,3252.340,870,0,423.703
KMAX20181211-28,KMAX20181211_164046_V06,11,2.417,1.200,2317,0,1261.933,613,0,229.606
KMAX20181211-28,KMAX20181211_164046_V06,12,3.120,1.200,2321,0,738.393,604,0,139.312
KMAX20181211-28,KMAX20181211_164046_V06,13,3.999,1.200,2326,0,232.545,491,0,71.599
KMAX20181211-28,KMAX20181211_164046_V06,14,5.098,1.200,2333,0,26.005,329,0,7.738
KMAX20181211-28,KMAX20181211_164046_V06,15,6.416,1.200,2336,0,10.120,94,0,6.720
KMAX20181212-2,KMAX20181212_143553_V06,0,-0.220,1.200,180,0,94764.542,5,0,92198.899
KMAX20181212-2,KMAX20181212_143553_V06,2,0.483,1.200,181,0,99273.115,5,0,96896.820
KMAX20181212-2,KMAX20181212_143553_V06,4,0.879,1.200,180,0,44082.567,6,0,43081.833
KMAX20181212-2,KMAX20181212_143553_V06,6,1.318,1.200,179,0,3761.216,2,0,3414.151
KMAX20181212-2,KMAX20181212_143553_V06,10,1.802,1.200,90,0,33.803,2,0,25.328
KMAX20181212-2,KMAX20181212_143553_V06,11,2.417,1.200,87,0,0.256,0,0,0.256
KMAX20181212-2,KMAX20181212_144229_V06,0,-0.220,1.200,916,0,342271.928,33,0,333708.487
KMAX20181212-2,KMAX20181212_144229_V06,2,0.483,1.200,914,0,87611.344,40,0,86675.897
KMAX20181212-2,KMAX20181212_144229_V06,4,0.879,1.200,917,0,27585.549,22,0,27489.225
KMAX20181212-2,KMAX20181212_144229_V06,6,1.318,1.200,918,0,4003.326,9,0,3948.012
KMAX20181212-2,KMAX20181212_144229_V06,10,1.802,1.200,461,0,70.227,4,0,39.426
KMAX20181212-2,KMAX20181212_144229_V06,11,2.417,1.200,457,0,37.038,4,0,9.787
KMAX20181212-6,KMAX20181212_151517_V06,0,-0.220,1.200,301,0,147579.873,2,0,147572.271
KMAX20181212-6,KMAX20181212_151517_V06,2,0.483,1.200,302,0,117532.828,7,0,117426.157
KMAX20181212-6,KMAX20181212_151517_V06,4,0.879,1.200,300,0,46645.367,5,0,46559.477
KMAX20181212-6,KMAX20181212_151517_V06,8,1.318,1.200,302,0,1815.432,4,0,1797.601
KMAX20181212-6,KMAX20181212_151517_V06,10,1.802,1.200,148,0,16.746,0,0,16.746
KMAX20181212-6,KMAX20181212_151517_V06,11,2.417,1.200,149,0,0.440,0,0,0.440
KMAX20181212-6,KMAX20181212_152527_V06,0,-0.220,1.200,1475,0,445990.112,74,0,407077.704
KMAX20181212-6,KMAX20181212_152527_V06,2,0.483,1.200,1473,0,127888.036,35,0,124651.044
KMAX20181212-6,KMAX20181212_152527_V06,4,0.879,1.200,1473,0,42510.693,26,0,41768.696
KMAX20181212-6,KMAX20181212_152527_V06,6,1.318,1.200,1473,0,3275.481,41,0,3018.678
KMAX20181212-6,KMAX20181212_152527_V06,10,1.802,1.200,735,0,35.966,0,0,35.966
KMAX20181212-6,KMAX20181212_152527_V06,11,2.417,1.200,736,0,60.304,6,0,30.008
KMAX20181212-12,KMAX20181212_160622_V06,0,-0.220,1.200,165,0,55954.524,2,0,55671.454
KMAX20181212-12,KMAX20181212_160622_V06,2,0.483,1.200,166,0,111479.322,8,0,106324.012
KMAX20181212-12,KMAX20181212_160622_V06,4,0.879,1.200,166,0,36868.592,5,0,36832.721
KMAX20181212-12,KMAX20181212_160622_V06,6,1.318,1.200,165,0,2330.917,5,0,2254.423
KMAX20181212-12,KMAX20181212_160622_V06,10,1.802,1.200,83,0,14.837,0,0,14.837
KMAX20181212-12,KMAX20181212_160622_V06,11,2.417,1.200,83,0,0.245,0,0,0.245
KMAX20181212-12,KMAX20181212_161258_V06,0,-0.220,1.200,1122,0,335199.452,45,0,318168.012
KMAX20181212-12,KMAX20181212_161258_V06,2,0.483,1.200,1121,0,106206.871,27,0,105014.970
KMAX20181212-12,KMAX20181212_161258_V06,4,0.879,1.200,1123,0,46503.668,26,0,46008.854
KMAX20181212-12,KMAX20181212_161258_V06,6,1.318,1.200,1119,0,3397.191,25,0,3190.138
KMAX20181212-12,KMAX20181212_161258_V06,10,1.802,1.200,558,0,46.264,3,0,28.658
KMAX20181212-12,KMAX20181212_161258_V06,11,2.417,1.200,560,0,23.394,1,0,19.119
KMAX20181212-12,KMAX20181212_161935_V06,0,-0.220,1.200,494,0,189086.143,22,0,177137.307
KMAX20181212-12,KMAX20181212_161935_V06,2,0.483,1.200,495,0,73973.275,16,0,73229.528
KMAX20181212-12,KMAX20181212_161935_V06,4,0.879,1.200,495,0,40372.905,20,0,39299.685
KMAX20181212-12,KMAX20181212_161935_V06,6,1.318,1.200,497,0,5519.205,16,0,5470.207
KMAX20181212-12,KMAX20181212_161935_V06,10,1.802,1.200,248,0,14.758,1,0,3.832
KMAX20181212-12,KMAX20181212_161935_V06,11,2.417,1.200,248,0,0.742,0,0,0.742
KMAX20181212-12,KMAX20181212_162612_V06,0,-0.220,1.200,1555,0,506494.551,54,0,476627.461
KMAX20181212-12,KMAX20181212_162612_V06,2,0.483,1.200,1554,0,109950.551,40,0,102099.863
KMAX20181212-12,KMAX20181212_162612_V06,4,0.879,1.200,1556,0,59153.230,20,0,58505.556
KMAX20181212-12,KMAX20181212_162612_V06,6,1.318,1.200,1557,0,4619.810,35,0,3068.523
KMAX20181212-12,KMAX20181212_162612_V06,10,1.802,1.200,778,0,59.685,6,0,31.245
KMAX20181212-12,KMAX20181212_162612_V06,11,2.417,1.200,780,0,58.487,7,0,18.753
KMAX20181212-12,KMAX20181212_163247_V06,0,-0.220,1.200,344,0,219312.567,13,0,210529.520
KMAX20181212-12,KMAX20181212_163247_V06,2,0.483,1.200,344,0,161925.009,15,0,151819.763
KMAX20181212-12,KMAX20181212_163247_V06,4,0.879,1.200,343,0,83394.788,18,0,79023.315
KMAX20181212-12,KMAX20181212_163247_V06,6,1.318,1.200,343,0,3123.745,11,0,2862.816
KMAX20181212-12,KMAX20181212_163247_V06,10,1.802,1.200,172,0,13.808,1,0,9.727
KMAX20181212-12,KMAX20181212_163247_V06,11,2.417,1.200,172,0,20.684,2,0,6.011
KMAX20181212-12,KMAX20181212_163923_V06,0,-0.220,1.200,1464,0,321042.067,63,0,298649.257
KMAX20181212-12,KMAX20181212_163923_V06,2,0.483,1.200,1467,1,145715.243,45,0,130308.685
KMAX20181212-12,KMAX20181212_163923_V06,4,0.879,1.200,1467,0,51828.996,36,0,49650.438
KMAX20181212-12,KMAX20181212_163923_V06,6,1.318,1.200,1468,0,4059.214,22,0,3645.735
KMAX20181212-12,KMAX20181212_163923_V06,10,1.802,1.200,733,0,15.303,0,0,15.303
KMAX20181212-12,KMAX20181212_163923_V06,11,2.417,1.200,736,0,49.772,6,0,12.992
KMAX20181213-2,KMAX20181213_143426_V06,0,-0.220,1.200,151,0,46765.735,3,0,45947.815
KMAX20181213-2,KMAX20181213_143426_V06,2,0.483,1.200,151,0,138060.912,1,0,135059.450
KMAX20181213-2,KMAX20181213_143426_V06,4,0.879,1.200,151,0,33277.109,3,0,30837.367
KMAX20181213-2,KMAX20181213_143426_V06,6,1.318,1.200,151,0,4601.336,5,0,4340.580
KMAX20181213-2,KMAX20181213_143426_V06,8,1.802,1.200,76,0,5.977,0,0,5.977
KMAX20181213-2,KMAX20181213_143426_V06,11,2.417,1.200,75,0,0.221,0,0,0.221
KMAX20181213-2,KMAX20181213_144045_V06,0,-0.220,1.200,895,0,312405.283,45,0,292044.140
KMAX20181213-2,KMAX20181213_144045_V06,2,0.483,1.200,893,0,92810.485,12,0,92265.029
KMAX20181213-2,KMAX20181213_144045_V06,4,0.879,1.200,893,0,37015.093,25,0,36117.240
KMAX20181213-2,KMAX20181213_144045_V06,6,1.318,1.200,893,0,2627.433,14,0,2473.085
KMAX20181213-2,KMAX20181213_144045_V06,10,1.802,1.200,447,0,13.107,2,0,1.307
KMAX20181213-2,KMAX20181213_144045_V06,11,2.417,1.200,447,0,27.747,1,0,23.893
KMAX20181213-2,KMAX20181213_144722_V06,0,-0.220,1.200,1367,0,350747.913,69,0,330898.353
KMAX20181213-2,KMAX20181213_144722_V06,2,0.483,1.200,1372,0,88371.939,34,0,88182.958
KMAX20181213-2,KMAX20181213_144722_V06,4,0.879,1.200,1371,0,28409.046,17,0,28302.876
KMAX20181213-2,KMAX20181213_144722_V06,6,1.318,1.200,1372,0,2048.223,29,0,1845.354
KMAX20181213-2,KMAX20181213_144722_V06,10,1.802,1.200,685,0,79.893,6,0,42.625
KMAX20181213-2,KMAX20181213_144722_V06,11,2.417,1.200,687,0,33.070,2,0,25.778
KMAX20181213-2,KMAX20181213_144722_V06,12,3.120,1.200,689,0,62.521,9,0,18.663
KMAX20181213-11,KMAX20181213_162011_V06,0,-0.220,1.200,213,0,65523.623,3,0,65415.983
KMAX20181213-11,KMAX20181213_162011_V06,2,0.483,1.200,212,0,73420.863,17,0,66248.978
KMAX20181213-11,KMAX20181213_162011_V06,4,0.879,1.200,212,0,22861.729,2,0,22695.823
KMAX20181213-11,KMAX20181213_162011_V06,6,1.318,1.200,214,0,1929.608,10,0,840.553
KMAX20181213-11,KMAX20181213_162011_V06,10,1.802,1.200,105,0,29.191,3,0,15.636
KMAX20181213-11,KMAX20181213_162011_V06,11,2.417,1.200,106,0,9.510,2,0,0.305
KMAX20181213-11,KMAX20181213_162649_V06,0,-0.220,1.200,1319,0,275153.390,24,0,275029.496
KMAX20181213-11,KMAX20181213_162649_V06,2,0.483,1.200,1318,0,73093.925,23,0,72993.421
KMAX20181213-11,KMAX20181213_162649_V06,4,0.879,1.200,1319,0,23763.069,16,0,23650.175
KMAX20181213-11,KMAX20181213_162649_V06,8,1.318,1.200,1317,0,3300.564,20,0,3195.263
KMAX20181213-11,KMAX20181213_162649_V06,10,1.802,1.200,662,0,8.147,0,0,8.147
KMAX20181213-11,KMAX20181213_162649_V06,11,2.417,1.200,660,0,44.232,6,0,7.689
KMAX20181213-11,KMAX20181213_163700_V06,0,-0.220,1.200,1580,0,266822.194,17,0,266719.793
KMAX20181213-11,KMAX20181213_163700_V06,2,0.483,1.200,1580,0,73182.870,26,0,71215.582
KMAX20181213-11,KMAX20181213_163700_V06,4,0.879,1.200,1579,0,38923.991,23,0,38787.085
KMAX20181213-11,KMAX20181213_163700_V06,8,1.318,1.200,1582,0,1837.326,17,0,1774.736
KMAX20181213-11,KMAX20181213_163700_V06,10,1.802,1.200,795,0,70.201,4,0,54.362
KMAX20181213-11,KMAX20181213_163700_V06,11,2.417,1.200,793,0,50.062,5,0,29.191
KMAX20181213-11,KMAX20181213_163700_V06,12,3.120,1.200,792,0,18.882,2,0,13.307
KMAX20181213-4,KMAX20181213_152452_V06,0,-0.220,1.200,579,0,202427.703,12,0,201867.986
KMAX20181213-4,KMAX20181213_152452_V06,2,0.483,1.200,578,0,64802.029,10,0,64726.145
KMAX20181213-4,KMAX20181213_152452_V06,4,0.879,1.200,579,0,35009.931,7,0,33529.591
KMAX20181213-4,KMAX20181213_152452_V06,8,1.318,1.200,578,0,2906.838,9,0,2850.480
KMAX20181213-4,KMAX20181213_152452_V06,10,1.802,1.200,286,0,11.138,2,0,4.218
KMAX20181213-4,KMAX20181213_152452_V06,11,2.417,1.200,287,0,9.418,0,0,9.418
KMAX20181213-4,KMAX20181213_153514_V06,0,-0.220,1.200,1692,0,404235.997,46,0,402447.845
KMAX20181213-4,KMAX20181213_153514_V06,2,0.483,1.200,1694,0,128097.635,27,0,127802.603
KMAX20181213-4,KMAX20181213_153514_V06,4,0.879,1.200,1696,0,39594.060,18,0,39311.254
KMAX20181213-4,KMAX20181213_153514_V06,8,1.318,1.200,1698,0,1600.644,22,0,1530.853
KMAX20181213-4,KMAX20181213_153514_V06,10,1.802,1.200,846,0,25.636,1,0,22.521
KMAX20181213-4,KMAX20181213_153514_V06,11,2.417,1.200,852,0,44.016,2,0,32.847
KMAX20181213-4,KMAX20181213_154533_V06,0,-0.220,1.200,583,0,285965.502,25,0,275839.348
KMAX20181213-4,KMAX20181213_154533_V06,2,0.483,1.200,583,0,91708.651,23,0,90939.805
KMAX20181213-4,KMAX20181213_154533_V06,4,0.879,1.200,582,0,29859.169,25,0,29745.019
KMAX20181213-4,KMAX20181213_154533_V06,6,1.318,1.200,581,0,1772.986,29,0,1682.339
KMAX20181213-4,KMAX20181213_154533_V06,8,1.802,1.200,290,0,28.626,2,0,9.788
KMAX20181213-4,KMAX20181213_154533_V06,11,2.417,1.200,290,0,35.511,1,0,30.715
KMAX20181213-4,KMAX20181213_160024_V06,0,-0.220,1.200,1744,0,400650.965,65,0,391759.819
KMAX20181213-4,KMAX20181213_160024_V06,2,0.483,1.200,1747,0,92721.115,37,0,80570.999
KMAX20181213-4,KMAX20181213_160024_V06,4,0.879,1.200,1749,0,34893.070,23,0,34709.221
KMAX20181213-4,KMAX20181213_160024_V06,6,1.318,1.200,1749,0,2240.767,19,0,2197.074
KMAX20181213-4,KMAX20181213_160024_V06,10,1.802,1.200,873,0,51.892,4,0,31.442
KMAX20181213-4,KMAX20181213_160024_V06,11,2.417,1.200,876,0,38.346,1,0,31.806
KMAX20181213-4,KMAX20181213_160700_V06,0,-0.220,1.200,508,0,206174.937,27,0,190374.655
KMAX20181213-4,KMAX20181213_160700_V06,2,0.483,1.200,509,0,85575.643,16,0,85459.549
KMAX20181213-4,KMAX20181213_160700_V06,4,0.879,1.200,508,0,25765.172,11,0,21802.830
KMAX20181213-4,KMAX20181213_160700_V06,6,1.318,1.200,508,0,1174.356,18,0,970.207
KMAX20181213-4,KMAX20181213_160700_V06,10,1.802,1.200,253,0,15.128,0,0,15.128
KMAX20181213-4,KMAX20181213_160700_V06,11,2.417,1.200,252,0,0.750,0,0,0.750
KMAX20181213-4,KMAX20181213_161336_V06,0,-0.220,1.200,1917,0,267835.865,57,0,260511.561
KMAX20181213-4,KMAX20181213_161336_V06,2,0.483,1.200,1917,0,94519.525,30,0,94285.151
KMAX20181213-4,KMAX20181213_161336_V06,4,0.879,1.200,1913,0,22030.588,29,0,21797.561
KMAX20181213-4,KMAX20181213_161336_V06,6,1.318,1.200,1915,0,3493.262,35,0,3364.528
KMAX20181213-4,KMAX20181213_161336_V06,10,1.802,1.200,955,0,36.038,0,0,36.038
KMAX20181213-4,KMAX20181213_161336_V06,11,2.417,1.200,959,0,21.170,2,0,5.639
KMAX20181214-1,KMAX20181214_143259_V06,0,-0.220,1.200,620,7,504549.024,12,6,504401.186
KMAX20181214-1,KMAX20181214_143259_V06,2,0.483,1.200,620,0,135189.345,19,0,132759.785
KMAX20181214-1,KMAX20181214_143259_V06,4,0.879,1.200,621,0,79645.196,28,0,79534.534
KMAX20181214-1,KMAX20181214_143259_V06,6,1.318,1.200,620,0,14038.165,18,0,13951.823
KMAX20181214-1,KMAX20181214_143259_V06,10,1.802,1.200,309,0,7.776,0,0,7.776
KMAX20181214-1,KMAX20181214_143259_V06,11,2.417,1.200,312,0,17.389,1,0,11.560
KMAX20181214-1,KMAX20181214_143901_V06,0,-0.220,1.200,1959,32,2303566.373,13,32,2303497.491
KMAX20181214-1,KMAX20181214_143901_V06,2,0.483,1.200,1960,6,305705.247,24,6,305547.679
KMAX20181214-1,KMAX20181214_143901_V06,4,0.879,1.200,1959,0,106642.823,46,0,106255.621
KMAX20181214-1,KMAX20181214_143901_V06,8,1.318,1.200,1958,0,14438.560,39,0,13698.568
KMAX20181214-1,KMAX20181214_143901_V06,10,1.802,1.200,980,0,89.134,4,0,71.168
KMAX20181214-1,KMAX20181214_143901_V06,11,2.417,1.200,976,0,32.388,5,0,11.460
KMAX20181214-1,KMAX20181214_143901_V06,12,3.120,1.200,980,0,48.422,5,0,21.152
KMAX20181214-4,KMAX20181214_154223_V06,0,-0.220,1.200,529,23,1249014.599,6,23,1244822.494
KMAX20181214-4,KMAX20181214_154223_V06,2,0.483,1.200,529,0,160455.482,17,0,150285.298
KMAX20181214-4,KMAX20181214_154223_V06,4,0.879,1.200,529,0,77909.477,21,0,77868.137
KMAX20181214-4,KMAX20181214_154223_V06,6,1.318,1.200,531,0,18181.560,18,0,17818.427
KMAX20181214-4,KMAX20181214_154223_V06,10,1.802,1.200,265,0,18.133,3,0,0.737
KMAX20181214-4,KMAX20181214_154223_V06,11,2.417,1.200,262,0,18.997,2,0,12.103
KMAX20181214-4,KMAX20181214_154223_V06,12,3.120,1.200,263,0,11.649,3,0,0.734
KMAX20181214-4,KMAX20181214_154824_V06,0,-0.220,1.200,1739,20,1591942.119,36,20,1588896.741
KMAX20181214-4,KMAX20181214_154824_V06,2,0.483,1.200,1742,0,185898.334,56,0,185516.837
KMAX20181214-4,KMAX20181214_154824_V06,4,0.879,1.200,1742,0,92356.838,39,0,89281.727
KMAX20181214-4,KMAX20181214_154824_V06,6,1.318,1.200,1741,0,10464.882,19,0,10242.824
KMAX20181214-4,KMAX20181214_154824_V06,10,1.802,1.200,870,0,60.083,4,0,42.546
KMAX20181214-4,KMAX20181214_154824_V06,11,2.417,1.200,870,0,56.958,2,0,47.308
KMAX20181214-4,KMAX20181214_154824_V06,12,3.120,1.200,870,0,26.415,2,0,18.937
KMAX20181214-3,KMAX20181214_151346_V06,0,-0.220,1.200,601,18,1007583.441,17,18,1007466.123
KMAX20181214-3,KMAX20181214_151346_V06,2,0.483,1.200,601,2,170329.638,23,2,170063.962
KMAX20181214-3,KMAX20181214_151346_V06,4,0.879,1.200,601,0,74613.651,16,0,74567.511
KMAX20181214-3,KMAX20181214_151346_V06,6,1.318,1.200,601,0,8316.959,15,0,8283.331
KMAX20181214-3,KMAX20181214_151346_V06,10,1.802,1.200,300,0,32.843,0,0,32.843
KMAX20181214-3,KMAX20181214_151346_V06,11,2.417,1.200,297,0,5.999,1,0,3.578
KMAX20181215-4,KMAX20181215_160754_V06,0,-0.220,1.200,4387,0,25.336,0,0,25.336
KMAX20181215-4,KMAX20181215_160754_V06,2,0.483,1.200,4387,0,58501.998,1359,0,13488.505
KMAX20181215-4,KMAX20181215_160754_V06,4,0.879,1.200,4387,0,72257.538,2008,0,11760.716
KMAX20181215-4,KMAX20181215_162010_V06,0,-0.220,1.200,6152,0,30.035,0,0,30.035
KMAX20181215-4,KMAX20181215_162010_V06,2,0.483,1.200,6159,0,32755.440,748,0,5225.213
KMAX20181215-4,KMAX20181215_162010_V06,4,0.879,1.200,6157,0,41124.868,1086,0,4117.361
KMAX20181215-4,KMAX20181215_162010_V06,8,1.318,1.200,6157,0,11445.465,428,0,1975.920
KMAX20181215-4,KMAX20181215_163031_V06,0,-0.220,1.200,6123,0,28.798,0,0,28.798
KMAX20181215-4,KMAX20181215_163031_V06,2,0.483,1.200,6124,0,12301.869,301,0,1757.455
KMAX20181215-4,KMAX20181215_163031_V06,4,0.879,1.200,6120,0,13862.721,437,0,1785.330
KMAX20181215-4,KMAX20181215_163031_V06,8,1.318,1.200,6125,0,3008.995,145,0,583.624
KMAX20181215-4,KMAX20181215_164051_V06,0,-0.220,1.200,6205,0,28.995,0,0,28.995
KMAX20181215-4,KMAX20181215_164051_V06,2,0.483,1.200,6203,0,4419.447,164,0,622.840
KMAX20181215-4,KMAX20181215_164051_V06,4,0.879,1.200,6207,0,6998.267,226,0,718.959
KMAX20181215-4,KMAX20181215_164051_V06,8,1.318,1.200,6212,0,751.472,41,0,242.325
KMAX20181215-1,KMAX20181215_143607_V06,0,-0.220,1.200,533,0,217992.822,12,0,213394.406
KMAX20181215-1,KMAX20181215_143607_V06,2,0.483,1.200,534,0,101048.556,72,0,99119.549
KMAX20181215-1,KMAX20181215_143607_V06,4,0.879,1.200,533,0,68692.260,336,0,60868.378
KMAX20181215-1,KMAX20181215_143607_V06,8,1.318,1.200,531,0,28171.074,362,0,14895.238
KMAX20181215-1,KMAX20181215_143607_V06,10,1.802,1.200,269,0,5130.425,210,0,1097.039
KMAX20181215-1,KMAX20181215_143607_V06,11,2.417,1.200,267,0,450.640,43,0,150.708
KMAX20181216-5,KMAX20181216_152917_V06,0,-0.220,1.200,14791,0,21767.410,1954,0,15288.032
KMAX20181216-5,KMAX20181216_152917_V06,2,0.483,1.200,14796,0,40923.740,3024,0,29969.094
KMAX20181216-5,KMAX20181216_152917_V06,4,0.879,1.200,14800,0,77302.205,3877,0,52222.680
KMAX20181216-5,KMAX20181216_152917_V06,6,1.318,1.200,14799,0,118735.183,4630,0,55190.075
KMAX20181216-5,KMAX20181216_152917_V06,10,1.802,1.200,7392,0,78845.227,2244,0,36329.724
KMAX20181216-5,KMAX20181216_152917_V06,11,2.417,1.200,7389,0,39935.180,1583,0,20979.231
KMAX20181216-5,KMAX20181216_152917_V06,12,3.120,1.200,7404,0,28358.212,1293,0,12605.561
KMAX20181216-6,KMAX20181216_154219_V06,0,-0.220,1.200,14656,0,143197.873,2699,0,69805.926
KMAX20181216-6,KMAX20181216_154219_V06,2,0.483,1.200,14658,0,13437.528,1387,0,3305.375
KMAX20181216-6,KMAX20181216_154219_V06,4,0.879,1.200,14659,0,3898.708,1063,0,1967.168
KMAX20181216-6,KMAX20181216_154219_V06,6,1.318,1.200,14662,0,1985.302,618,0,1331.511
KMAX20181216-6,KMAX20181216_154219_V06,10,1.802,1.200,7327,0,148.475,58,0,104.847
KMAX20181216-6,KMAX20181216_154219_V06,11,2.417,1.200,7333,0,179.767,76,0,94.381
KMAX20181216-6,KMAX20181216_154219_V06,12,3.120,1.200,7348,0,151.455,95,0,64.835
KMAX20181216-6,KMAX20181216_154219_V06,13,3.999,1.200,7353,0,158.358,75,0,81.472
KMAX20181216-6,KMAX20181216_154842_V06,0,-0.220,1.200,5212,0,58551.865,987,0,20085.389
KMAX20181216-6,KMAX20181216_154842_V06,2,0.483,1.200,5212,0,3618.633,525,0,1908.496
KMAX20181216-6,KMAX20181216_154842_V06,4,0.879,1.200,5214,0,1349.458,239,0,1113.408
KMAX20181216-6,KMAX20181216_154842_V06,6,1.318,1.200,5216,0,624.955,190,0,510.408
KMAX20181216-6,KMAX20181216_154842_V06,10,1.802,1.200,2611,0,70.414,36,0,43.104
KMAX20181216-6,KMAX20181216_154842_V06,11,2.417,1.200,2612,0,62.944,41,0,34.838
KMAX20181216-6,KMAX20181216_154842_V06,12,3.120,1.200,2612,0,58.386,27,0,24.551
KMAX20181216-6,KMAX20181216_154842_V06,13,3.999,1.200,2614,0,28.865,25,0,15.444
KMAX20181216-9,KMAX20181216_160156_V06,0,-0.220,1.200,15927,0,7494540.464,12393,0,37671.507
KMAX20181216-9,KMAX20181216_160156_V06,2,0.483,1.200,15936,0,2025246.326,12542,0,46018.874
KMAX20181216-9,KMAX20181216_160156_V06,4,0.879,1.200,15935,0,527844.157,8328,0,47898.940
KMAX20181216-9,KMAX20181216_160156_V06,6,1.318,1.200,15944,0,16730.808,671,0,8081.738
KMAX20181217-2,KMAX20181217_143546_V06,0,-0.220,1.200,141,0,65108.371,1,0,65101.652
KMAX20181217-2,KMAX20181217_143546_V06,2,0.483,1.200,142,0,70214.917,0,0,70214.917
KMAX20181217-2,KMAX20181217_143546_V06,4,0.879,1.200,140,0,61357.975,1,0,61340.700
KMAX20181217-2,KMAX20181217_143546_V06,6,1.318,1.200,141,0,1125.406,4,0,1111.489
KMAX20181217-2,KMAX20181217_143546_V06,8,1.802,1.200,71,0,19.607,3,0,10.002
KMAX20181217-2,KMAX20181217_143546_V06,11,2.417,1.200,71,0,0.210,0,0,0.210
KMAX20181217-2,KMAX20181217_144203_V06,0,-0.220,1.200,827,0,369370.148,39,0,341139.219
KMAX20181217-2,KMAX20181217_144203_V06,2,0.483,1.200,824,0,130147.802,25,0,119376.153
KMAX20181217-2,KMAX20181217_144203_V06,4,0.879,1.200,826,0,35475.833,17,0,35307.522
KMAX20181217-2,KMAX20181217_144203_V06,6,1.318,1.200,826,0,1727.809,14,0,1661.159
KMAX20181217-2,KMAX20181217_144203_V06,10,1.802,1.200,415,0,61.689,4,0,30.373
KMAX20181217-2,KMAX20181217_144203_V06,11,2.417,1.200,413,0,34.381,2,0,22.562
KMAX20181217-2,KMAX20181217_144839_V06,0,-0.220,1.200,1076,0,176784.288,22,0,176316.022
KMAX20181217-2,KMAX20181217_144839_V06,2,0.483,1.200,1074,0,53201.736,30,0,52812.181
KMAX20181217-2,KMAX20181217_144839_V06,4,0.879,1.200,1076,0,50388.852,21,0,50221.976
KMAX20181217-2,KMAX20181217_144839_V06,6,1.318,1.200,1077,0,3395.626,13,0,3352.398
KMAX20181217-2,KMAX20181217_144839_V06,10,1.802,1.200,540,0,49.070,2,0,41.862
KMAX20181217-2,KMAX20181217_144839_V06,11,2.417,1.200,543,0,76.087,4,0,56.480
KMAX20181217-5,KMAX20181217_153404_V06,0,-0.220,1.200,312,0,96577.986,15,0,92629.793
KMAX20181217-5,KMAX20181217_153404_V06,2,0.483,1.200,311,0,84945.246,6,0,84784.030
KMAX20181217-5,KMAX20181217_153404_V06,4,0.879,1.200,310,0,48528.942,6,0,46559.030
KMAX20181217-5,KMAX20181217_153404_V06,8,1.318,1.200,310,0,2561.145,7,0,2130.750
KMAX20181217-5,KMAX20181217_153404_V06,10,1.802,1.200,157,0,41.062,4,0,14.405
KMAX20181217-5,KMAX20181217_153404_V06,11,2.417,1.200,156,0,0.468,0,0,0.468
KMAX20181217-6,KMAX20181217_162541_V06,0,-0.220,1.200,35878,0,522.329,2508,0,328.653
KMAX20181217-6,KMAX20181217_162541_V06,2,0.483,1.200,35883,0,326.262,7226,0,280.210
KMAX20181217-6,KMAX20181217_162541_V06,4,0.879,1.200,35891,0,558.967,8627,0,491.154
KMAX20181217-6,KMAX20181217_162541_V06,8,1.318,1.200,35903,0,416.165,8303,0,348.217
KMAX20181217-6,KMAX20181217_162541_V06,10,1.802,1.200,17944,0,28.307,2788,0,14.392
KMAX20181217-6,KMAX20181217_162541_V06,11,2.417,1.200,17953,0,89.851,2304,0,39.655
KMAX20181217-6,KMAX20181217_162541_V06,12,3.120,1.200,17964,0,36.636,2028,0,25.422
KMAX20181217-6,KMAX20181217_162541_V06,13,3.999,1.200,17993,0,78.684,1644,0,27.070
KMAX20181217-6,KMAX20181217_162541_V06,14,5.098,1.200,18015,0,46.982,1479,0,34.429
KMAX20181217-6,KMAX20181217_162541_V06,15,6.416,1.200,18064,0,40.259,1392,0,30.903
KMAX20181218-1,KMAX20181218_143838_V06,0,-0.220,1.200,100,0,9174.886,3,0,8928.420
KMAX20181218-1,KMAX20181218_143838_V06,2,0.483,1.200,102,0,28189.531,1,0,28076.916
KMAX20181218-1,KMAX20181218_143838_V06,4,0.879,1.200,101,0,9159.083,2,0,9151.252
KMAX20181218-1,KMAX20181218_143838_V06,6,1.318,1.200,103,0,337.165,4,0,330.000
KMAX20181218-1,KMAX20181218_143838_V06,10,1.802,1.200,51,0,16.529,2,0,0.145
KMAX20181218-1,KMAX20181218_143838_V06,11,2.417,1.200,52,0,4.836,1,0,0.151
KMAX20181218-4,KMAX20181218_162104_V06,0,-0.220,1.200,4467,0,57706.424,1205,0,32230.391
KMAX20181218-4,KMAX20181218_162104_V06,2,0.483,1.200,4468,0,57619.061,1794,0,17953.876
KMAX20181218-4,KMAX20181218_162104_V06,4,0.879,1.200,4469,0,49390.855,1738,0,15863.229
KMAX20181218-4,KMAX20181218_162104_V06,6,1.318,1.200,4471,0,23040.907,1624,0,14063.855
KMAX20181218-4,KMAX20181218_162104_V06,10,1.802,1.200,2230,0,12130.063,1031,0,5542.482
KMAX20181218-4,KMAX20181218_162104_V06,11,2.417,1.200,2233,0,5511.555,707,0,2828.791
KMAX20181218-4,KMAX20181218_162104_V06,12,3.120,1.200,2238,0,945.124,384,0,443.471
KMAX20181218-4,KMAX20181218_162104_V06,13,3.999,1.200,2239,0,136.846,113,0,58.890
KMAX20181218-4,KMAX20181218_162104_V06,14,5.098,1.200,2241,0,39.632,33,0,25.265
KMAX20181219-1,KMAX20181219_144035_V06,0,-0.220,1.200,389,0,52158.049,4,0,51002.937
KMAX20181219-1,KMAX20181219_144035_V06,2,0.483,1.200,389,0,80829.431,19,0,75183.148
KMAX20181219-1,KMAX20181219_144035_V06,4,0.879,1.200,392,0,31702.889,21,0,25697.672
KMAX20181219-1,KMAX20181219_144035_V06,6,1.318,1.200,390,0,352.882,5,0,325.748
KMAX20181219-1,KMAX20181219_144035_V06,10,1.802,1.200,196,0,11.871,1,0,8.171
KMAX20181219-1,KMAX20181219_144035_V06,11,2.417,1.200,195,0,0.571,0,0,0.571
KMAX20181219-1,KMAX20181219_144708_V06,0,-0.220,1.200,1516,0,303185.188,68,0,274463.096
KMAX20181219-1,KMAX20181219_144708_V06,2,0.483,1.200,1516,0,115115.548,44,0,98550.197
KMAX20181219-1,KMAX20181219_144708_V06,4,0.879,1.200,1515,0,24330.993,23,0,23206.275
KMAX20181219-1,KMAX20181219_144708_V06,6,1.318,1.200,1518,0,1108.172,24,0,929.405
KMAX20181219-1,KMAX20181219_144708_V06,10,1.802,1.200,758,0,90.345,5,0,66.066
KMAX20181219-1,KMAX20181219_144708_V06,11,2.417,1.200,758,0,37.587,2,0,27.489
KMAX20181219-6,KMAX20181219_154751_V06,0,-0.220,1.200,332,0,108916.165,14,0,105071.015
KMAX20181219-6,KMAX20181219_154751_V06,2,0.483,1.200,331,0,107125.954,16,0,98991.128
KMAX20181219-6,KMAX20181219_154751_V06,4,0.879,1.200,333,0,34291.542,7,0,34033.130
KMAX20181219-6,KMAX20181219_154751_V06,6,1.318,1.200,331,0,1008.359,9,0,981.799
KMAX20181219-6,KMAX20181219_154751_V06,10,1.802,1.200,169,0,33.077,5,0,8.673
KMAX20181219-6,KMAX20181219_154751_V06,11,2.417,1.200,168,0,0.491,0,0,0.491
KMAX20181219-6,KMAX20181219_160059_V06,0,-0.220,1.200,1616,0,261899.613,50,0,252892.792
KMAX20181219-6,KMAX20181219_160059_V06,2,0.483,1.200,1611,0,88313.832,28,0,81269.565
KMAX20181219-6,KMAX20181219_160059_V06,4,0.879,1.200,1616,0,28743.085,17,0,26968.361
KMAX20181219-6,KMAX20181219_160059_V06,6,1.318,1.200,1614,0,1715.396,17,0,1665.526
KMAX20181219-6,KMAX20181219_160059_V06,10,1.802,1.200,807,0,50.052,3,0,29.739
KMAX20181219-6,KMAX20181219_160059_V06,11,2.417,1.200,810,0,16.354,0,0,16.354
KMAX20181219-6,KMAX20181219_160733_V06,0,-0.220,1.200,303,0,67708.549,15,0,63214.257
KMAX20181219-6,KMAX20181219_160733_V06,2,0.483,1.200,303,0,94163.497,8,0,88018.446
KMAX20181219-6,KMAX20181219_160733_V06,4,0.879,1.200,303,0,17240.611,6,0,17189.269
KMAX20181219-6,KMAX20181219_160733_V06,8,1.318,1.200,303,0,533.269,3,0,525.732
KMAX20181219-6,KMAX20181219_160733_V06,10,1.802,1.200,153,0,7.906,0,0,7.906
KMAX20181219-6,KMAX20181219_160733_V06,11,2.417,1.200,152,0,0.456,0,0,0.456
KMAX20181219-6,KMAX20181219_161742_V06,0,-0.220,1.200,1581,0,248965.541,60,0,238803.125
KMAX20181219-6,KMAX20181219_161742_V06,2,0.483,1.200,1580,0,75860.989,33,0,75413.984
KMAX20181219-6,KMAX20181219_161742_V06,4,0.879,1.200,1580,0,33503.018,14,0,33219.826
KMAX20181219-6,KMAX20181219_161742_V06,8,1.318,1.200,1579,0,1655.035,11,0,1525.077
KMAX20181219-6,KMAX20181219_161742_V06,10,1.802,1.200,789,0,88.103,12,0,9.885
KMAX20181219-6,KMAX20181219_161742_V06,11,2.417,1.200,790,0,51.293,5,0,22.770
KMAX20181219-4,KMAX20181219_151312_V06,0,-0.220,1.200,508,0,160826.983,14,0,158989.155
KMAX20181219-4,KMAX20181219_151312_V06,2,0.483,1.200,508,0,85158.199,15,0,79834.369
KMAX20181219-4,KMAX20181219_151312_V06,4,0.879,1.200,507,0,38543.275,8,0,37228.696
KMAX20181219-4,KMAX20181219_151312_V06,6,1.318,1.200,508,0,1861.926,11,0,1811.801
KMAX20181219-4,KMAX20181219_151312_V06,10,1.802,1.200,255,0,9.066,2,0,0.731
KMAX20181219-4,KMAX20181219_151312_V06,11,2.417,1.200,255,0,12.594,0,0,12.594
KMAX20181219-4,KMAX20181219_151312_V06,12,3.120,1.200,253,0,0.732,0,0,0.732
KMAX20181219-4,KMAX20181219_152138_V06,0,-0.220,1.200,3625,2,478220.601,112,0,409928.220
KMAX20181219-4,KMAX20181219_152138_V06,2,0.483,1.200,3626,0,70826.091,69,0,67062.463
KMAX20181219-4,KMAX20181219_152138_V06,4,0.879,1.200,3625,0,61936.629,73,0,58756.720
KMAX20181219-4,KMAX20181219_152138_V06,6,1.318,1.200,3627,0,2160.180,35,0,2046.571
KMAX20181219-4,KMAX20181219_152138_V06,10,1.802,1.200,1814,0,171.807,13,0,54.959
KMAX20181219-4,KMAX20181219_152138_V06,11,2.417,1.200,1816,0,22.643,2,0,14.707
KMAX20181219-4,KMAX20181219_152138_V06,12,3.120,1.200,1822,0,244.067,20,0,125.515
KMAX20181219-4,KMAX20181219_152811_V06,0,-0.220,1.200,401,0,76393.384,12,0,76254.199
KMAX20181219-4,KMAX20181219_152811_V06,2,0.483,1.200,402,0,81157.933,14,0,79958.252
KMAX20181219-4,KMAX20181219_152811_V06,4,0.879,1.200,403,0,26421.756,19,0,26015.975
KMAX20181219-4,KMAX20181219_152811_V06,6,1.318,1.200,401,0,458.254,3,0,448.795
KMAX20181219-4,KMAX20181219_152811_V06,10,1.802,1.200,203,0,12.167,1,0,4.476
KMAX20181219-4,KMAX20181219_152811_V06,11,2.417,1.200,204,0,0.609,0,0,0.609
KMAX20181220-1,KMAX20181220_143833_V06,0,-0.220,1.200,551,0,322863.023,19,0,308125.798
KMAX20181220-1,KMAX20181220_143833_V06,2,0.483,1.200,552,0,148725.053,12,0,148580.871
KMAX20181220-1,KMAX20181220_143833_V06,4,0.879,1.200,549,0,55349.627,6,0,55273.254
KMAX20181220-1,KMAX20181220_143833_V06,6,1.318,1.200,550,0,3993.184,5,0,3975.987
KMAX20181220-1,KMAX20181220_143833_V06,10,1.802,1.200,274,0,27.608,0,0,27.608
KMAX20181220-1,KMAX20181220_143833_V06,11,2.417,1.200,276,0,0.813,0,0,0.813
KMAX20181220-1,KMAX20181220_144443_V06,0,-0.220,1.200,1706,0,445338.665,77,0,397309.099
KMAX20181220-1,KMAX20181220_144443_V06,2,0.483,1.200,1708,0,102888.333,29,0,98502.537
KMAX20181220-1,KMAX20181220_144443_V06,4,0.879,1.200,1707,0,32022.324,25,0,31583.584
KMAX20181220-1,KMAX20181220_144443_V06,6,1.318,1.200,1707,0,7573.839,20,0,7509.874
KMAX20181220-1,KMAX20181220_144443_V06,10,1.802,1.200,854,0,80.857,5,0,59.158
KMAX20181220-1,KMAX20181220_144443_V06,11,2.417,1.200,857,0,57.713,4,0,37.465
KMAX20181220-1,KMAX20181220_145053_V06,0,-0.220,1.200,542,0,212007.692,25,0,187325.558
KMAX20181220-1,KMAX20181220_145053_V06,2,0.483,1.200,545,0,112055.513,30,0,106722.779
KMAX20181220-1,KMAX20181220_145053_V06,4,0.879,1.200,545,0,46909.116,14,0,46773.490
KMAX20181220-1,KMAX20181220_145053_V06,6,1.318,1.200,545,0,4035.770,15,0,3826.802
KMAX20181220-1,KMAX20181220_145053_V06,10,1.802,1.200,270,0,14.970,0,0,14.970
KMAX20181220-1,KMAX20181220_145053_V06,11,2.417,1.200,271,0,13.905,0,0,13.905
KMAX20181220-1,KMAX20181220_150312_V06,0,-0.220,1.200,1765,0,376272.810,88,0,351331.781
KMAX20181220-1,KMAX20181220_150312_V06,2,0.483,1.200,1767,0,175463.003,37,0,175192.765
KMAX20181220-1,KMAX20181220_150312_V06,4,0.879,1.200,1765,0,60754.418,26,0,54186.828
KMAX20181220-1,KMAX20181220_150312_V06,6,1.318,1.200,1764,0,5921.676,33,0,5800.131
KMAX20181220-1,KMAX20181220_150312_V06,10,1.802,1.200,882,0,83.492,9,0,21.608
KMAX20181220-1,KMAX20181220_150312_V06,11,2.417,1.200,885,0,154.173,7,0,50.213
KMAX20181220-8,KMAX20181220_154043_V06,0,-0.220,1.200,214,0,44463.458,6,0,44229.747
KMAX20181220-8,KMAX20181220_154043_V06,2,0.483,1.200,215,0,154146.057,6,0,153917.611
KMAX20181220-8,KMAX20181220_154043_V06,4,0.879,1.200,215,0,51149.725,7,0,51099.580
KMAX20181220-8,KMAX20181220_154043_V06,6,1.318,1.200,215,0,6058.726,13,0,5951.596
KMAX20181220-8,KMAX20181220_154043_V06,10,1.802,1.200,109,0,12.635,0,0,12.635
KMAX20181220-8,KMAX20181220_154043_V06,11,2.417,1.200,108,0,22.554,2,0,0.316
KMAX20181220-8,KMAX20181220_154719_V06,0,-0.220,1.200,1259,0,398059.755,45,0,385726.518
KMAX20181220-8,KMAX20181220_154719_V06,2,0.483,1.200,1258,0,126968.576,36,0,125282.226
KMAX20181220-8,KMAX20181220_154719_V06,4,0.879,1.200,1260,0,49974.739,19,0,48332.376
KMAX20181220-8,KMAX20181220_154719_V06,6,1.318,1.200,1263,0,6587.373,21,0,6397.000
KMAX20181220-8,KMAX20181220_154719_V06,10,1.802,1.200,636,0,33.357,2,0,24.475
KMAX20181220-8,KMAX20181220_154719_V06,11,2.417,1.200,635,0,39.490,5,0,6.783
KMAX20181220-8,KMAX20181220_155329_V06,0,-0.220,1.200,293,0,89792.439,11,0,86727.546
KMAX20181220-8,KMAX20181220_155329_V06,2,0.483,1.200,291,0,148500.268,6,0,148411.679
KMAX20181220-8,KMAX20181220_155329_V06,4,0.879,1.200,289,1,83581.296,10,1,82512.786
KMAX20181220-8,KMAX20181220_155329_V06,6,1.318,1.200,290,0,8034.256,7,0,8009.090
KMAX20181220-8,KMAX20181220_155329_V06,10,1.802,1.200,148,0,41.051,2,0,30.626
KMAX20181220-8,KMAX20181220_155329_V06,11,2.417,1.200,147,0,31.008,1,0,22.280
KMAX20181220-8,KMAX20181220_160556_V06,0,-0.220,1.200,1651,0,344867.163,82,0,322716.522
KMAX20181220-8,KMAX20181220_160556_V06,2,0.483,1.200,1652,0,94872.095,47,0,90569.243
KMAX20181220-8,KMAX20181220_160556_V06,4,0.879,1.200,1652,0,60654.684,31,0,60220.964
KMAX20181220-8,KMAX20181220_160556_V06,6,1.318,1.200,1653,0,3045.978,20,0,2966.701
KMAX20181220-8,KMAX20181220_160556_V06,10,1.802,1.200,828,0,79.608,8,0,34.614
KMAX20181220-8,KMAX20181220_160556_V06,11,2.417,1.200,829,0,20.264,0,0,20.264
KMAX20181220-8,KMAX20181220_161206_V06,0,-0.220,1.200,2801,0,363920.834,118,0,326161.964
KMAX20181220-8,KMAX20181220_161206_V06,2,0.483,1.200,2798,0,114122.960,46,0,112016.257
KMAX20181220-8,KMAX20181220_161206_V06,4,0.879,1.200,2800,0,77961.032,31,0,77812.706
KMAX20181220-8,KMAX20181220_161206_V06,6,1.318,1.200,2799,0,4571.276,48,0,4207.738
KMAX20181220-8,KMAX20181220_161206_V06,10,1.802,1.200,1400,0,41.480,4,0,14.955
KMAX20181220-8,KMAX20181220_161206_V06,11,2.417,1.200,1400,0,109.454,8,0,75.703
KMAX20181220-8,KMAX20181220_161822_V06,0,-0.220,1.200,350,0,153513.816,16,0,136431.945
KMAX20181220-8,KMAX20181220_161822_V06,2,0.483,1.200,350,0,132288.912,2,0,132262.723
KMAX20181220-8,KMAX20181220_161822_V06,4,0.879,1.200,350,0,60823.699,11,0,60758.085
KMAX20181220-8,KMAX20181220_161822_V06,6,1.318,1.200,350,0,5108.518,4,0,5088.434
KMAX20181220-8,KMAX20181220_161822_V06,10,1.802,1.200,174,0,0.516,0,0,0.516
KMAX20181220-8,KMAX20181220_161822_V06,11,2.417,1.200,176,0,19.622,0,0,19.622
KMAX20181220-8,KMAX20181220_162432_V06,0,-0.220,1.200,1454,0,323166.343,45,0,310065.479
KMAX20181220-8,KMAX20181220_162432_V06,2,0.483,1.200,1456,0,165661.137,35,0,158256.042
KMAX20181220-8,KMAX20181220_162432_V06,4,0.879,1.200,1458,0,115714.660,35,0,94836.487
KMAX20181220-8,KMAX20181220_162432_V06,6,1.318,1.200,1457,0,17941.992,17,0,8743.425
KMAX20181220-8,KMAX20181220_162432_V06,10,1.802,1.200,730,0,26.905,3,0,10.523
KMAX20181220-8,KMAX20181220_162432_V06,11,2.417,1.200,728,0,2.170,0,0,2.170
KMAX20181220-14,KMAX20181220_164919_V06,0,-0.220,1.200,547,0,287315.141,33,0,252518.242
KMAX20181220-14,KMAX20181220_164919_V06,2,0.483,1.200,545,0,157294.467,16,0,155898.686
KMAX20181220-14,KMAX20181220_164919_V06,4,0.879,1.200,545,0,93913.304,16,0,93710.958
KMAX20181220-14,KMAX20181220_164919_V06,6,1.318,1.200,545,0,7685.353,11,0,6656.473
KMAX20181220-14,KMAX20181220_164919_V06,10,1.802,1.200,275,0,10.044,0,0,10.044
KMAX20181220-14,KMAX20181220_164919_V06,11,2.417,1.200,274,0,0.816,0,0,0.816
KMAX20181220-14,KMAX20181220_170154_V06,0,-0.220,1.200,1891,0,393526.263,78,0,358068.174
KMAX20181220-14,KMAX20181220_170154_V06,2,0.483,1.200,1891,0,154714.114,35,0,153093.026
KMAX20181220-14,KMAX20181220_170154_V06,4,0.879,1.200,1892,0,62516.562,32,0,62349.063
KMAX20181220-14,KMAX20181220_170154_V06,6,1.318,1.200,1893,0,4789.764,32,0,4603.146
KMAX20181220-14,KMAX20181220_170154_V06,10,1.802,1.200,944,0,49.946,3,0,31.977
KMAX20181220-14,KMAX20181220_170154_V06,11,2.417,1.200,944,0,27.881,3,0,16.090
KMAX20181220-5,KMAX20181220_152148_V06,0,-0.220,1.200,280,0,46583.075,4,0,46570.144
KMAX20181220-5,KMAX20181220_152148_V06,2,0.483,1.200,278,0,83041.555,4,0,82767.036
KMAX20181220-5,KMAX20181220_152148_V06,4,0.879,1.200,278,0,30700.615,2,0,30694.628
KMAX20181220-5,KMAX20181220_152148_V06,6,1.318,1.200,277,0,5418.775,0,0,5418.775
KMAX20181220-5,KMAX20181220_152148_V06,10,1.802,1.200,141,0,22.322,2,0,7.499
KMAX20181220-5,KMAX20181220_152148_V06,11,2.417,1.200,140,0,9.858,0,0,9.858
KMAX20181220-5,KMAX20181220_152148_V06,12,3.120,1.200,142,0,9.031,0,0,9.031
KMAX20181220-5,KMAX20181220_152757_V06,0,-0.220,1.200,1947,0,175449.105,46,0,174507.070
KMAX20181220-5,KMAX20181220_152757_V06,2,0.483,1.200,1947,0,94250.861,28,0,93988.039
KMAX20181220-5,KMAX20181220_152757_V06,4,0.879,1.200,1948,0,36699.078,26,0,36591.024
KMAX20181220-5,KMAX20181220_152757_V06,6,1.318,1.200,1949,0,3522.107,17,0,3477.738
KMAX20181220-5,KMAX20181220_152757_V06,10,1.802,1.200,973,0,18.134,3,0,9.062
KMAX20181220-5,KMAX20181220_152757_V06,11,2.417,1.200,977,0,52.864,4,0,27.943
KMAX20181220-5,KMAX20181220_152757_V06,12,3.120,1.200,979,0,110.741,8,0,63.587
KMAX20181220-5,KMAX20181220_153434_V06,0,-0.220,1.200,518,0,201687.191,15,0,195982.391
KMAX20181220-5,KMAX20181220_153434_V06,2,0.483,1.200,519,0,63835.402,16,0,62471.620
KMAX20181220-5,KMAX20181220_153434_V06,4,0.879,1.200,517,0,53515.018,17,0,52606.618
KMAX20181220-5,KMAX20181220_153434_V06,6,1.318,1.200,517,0,7389.963,5,0,7371.744
KMAX20181220-5,KMAX20181220_153434_V06,10,1.802,1.200,258,0,26.258,0,0,26.258
KMAX20181220-5,KMAX20181220_153434_V06,11,2.417,1.200,260,0,0.774,0,0,0.774
KMAX20181221-2,KMAX20181221_143736_V06,0,-0.220,1.200,241,0,128718.402,9,0,116517.878
KMAX20181221-2,KMAX20181221_143736_V06,2,0.483,1.200,242,0,104249.047,4,0,96169.681
KMAX20181221-2,KMAX20181221_143736_V06,4,0.879,1.200,240,0,59219.793,7,0,59157.470
KMAX20181221-2,KMAX20181221_143736_V06,6,1.318,1.200,241,0,3330.291,12,0,3214.772
KMAX20181221-2,KMAX20181221_143736_V06,10,1.802,1.200,121,0,0.357,0,0,0.357
KMAX20181221-2,KMAX20181221_143736_V06,11,2.417,1.200,122,0,14.250,0,0,14.250
KMAX20181221-2,KMAX20181221_144413_V06,0,-0.220,1.200,1331,0,309319.147,87,0,274656.870
KMAX20181221-2,KMAX20181221_144413_V06,2,0.483,1.200,1331,0,124674.055,43,0,115030.588
KMAX20181221-2,KMAX20181221_144413_V06,4,0.879,1.200,1333,0,71932.581,26,0,69569.011
KMAX20181221-2,KMAX20181221_144413_V06,6,1.318,1.200,1335,0,2826.717,19,0,2472.818
KMAX20181221-2,KMAX20181221_144413_V06,10,1.802,1.200,669,0,38.240,2,0,28.070
KMAX20181221-2,KMAX20181221_144413_V06,11,2.417,1.200,670,0,57.324,5,0,27.136
KMAX20181221-2,KMAX20181221_145050_V06,0,-0.220,1.200,3415,0,333791.986,156,0,291839.739
KMAX20181221-2,KMAX20181221_145050_V06,2,0.483,1.200,3420,0,102804.684,59,0,95558.839
KMAX20181221-2,KMAX20181221_145050_V06,4,0.879,1.200,3419,0,83578.093,64,0,77302.715
KMAX20181221-2,KMAX20181221_145050_V06,6,1.318,1.200,3419,0,4911.415,54,0,4415.540
KMAX20181221-2,KMAX20181221_145050_V06,10,1.802,1.200,1711,0,520.169,28,0,256.363
KMAX20181221-2,KMAX20181221_145050_V06,11,2.417,1.200,1709,0,557.392,38,0,249.298
KMAX20181221-2,KMAX20181221_150403_V06,0,-0.220,1.200,534,0,230296.618,26,0,212101.845
KMAX20181221-2,KMAX20181221_150403_V06,2,0.483,1.200,530,0,114652.008,28,0,105015.421
KMAX20181221-2,KMAX20181221_150403_V06,4,0.879,1.200,533,0,79096.032,23,0,78661.626
KMAX20181221-2,KMAX20181221_150403_V06,6,1.318,1.200,531,0,3125.845,6,0,2769.783
KMAX20181221-2,KMAX20181221_150403_V06,10,1.802,1.200,265,0,0.775,0,0,0.775
KMAX20181221-2,KMAX20181221_150403_V06,11,2.417,1.200,267,0,110.603,2,0,97.299
KMAX20181221-2,KMAX20181221_151039_V06,0,-0.220,1.200,1753,0,266367.107,97,0,241564.531
KMAX20181221-2,KMAX20181221_151039_V06,2,0.483,1.200,1754,1,126075.614,41,1,122524.964
KMAX20181221-2,KMAX20181221_151039_V06,4,0.879,1.200,1758,1,72644.516,25,1,67425.106
KMAX20181221-2,KMAX20181221_151039_V06,6,1.318,1.200,1755,0,2950.858,12,0,2796.045
KMAX20181221-2,KMAX20181221_151039_V06,10,1.802,1.200,876,0,810.375,55,0,198.348
KMAX20181221-2,KMAX20181221_151039_V06,11,2.417,1.200,879,0,2083.081,133,0,524.060
KMAX20181221-8,KMAX20181221_154342_V06,0,-0.220,1.200,569,0,153679.077,29,0,143755.335
KMAX20181221-8,KMAX20181221_154342_V06,2,0.483,1.200,565,0,197148.463,33,0,171802.387
KMAX20181221-8,KMAX20181221_154342_V06,4,0.879,1.200,565,0,61391.123,33,0,45917.011
KMAX20181221-8,KMAX20181221_154342_V06,6,1.318,1.200,566,0,7226.900,22,0,3038.415
KMAX20181221-8,KMAX20181221_154342_V06,10,1.802,1.200,282,0,71.240,5,0,33.137
KMAX20181221-8,KMAX20181221_154342_V06,11,2.417,1.200,283,0,29.389,4,0,12.687
KMAX20181221-8,KMAX20181221_155019_V06,0,-0.220,1.200,1752,0,223875.982,75,0,191112.820
KMAX20181221-8,KMAX20181221_155019_V06,2,0.483,1.200,1753,0,141882.713,40,0,138656.563
KMAX20181221-8,KMAX20181221_155019_V06,4,0.879,1.200,1752,0,58752.780,25,0,57673.443
KMAX20181221-8,KMAX20181221_155019_V06,6,1.318,1.200,1754,0,4310.695,23,0,4201.592
KMAX20181221-8,KMAX20181221_155019_V06,10,1.802,1.200,879,0,59.038,5,0,32.620
KMAX20181221-8,KMAX20181221_155019_V06,11,2.417,1.200,878,0,22.374,1,0,18.453
KMAX20181221-8,KMAX20181221_160332_V06,0,-0.220,1.200,6532,0,536898.971,229,0,450056.415
KMAX20181221-8,KMAX20181221_160332_V06,2,0.483,1.200,6539,0,101304.699,100,0,96594.374
KMAX20181221-8,KMAX20181221_160332_V06,4,0.879,1.200,6538,0,65883.145,116,0,63630.980
KMAX20181221-8,KMAX20181221_160332_V06,6,1.318,1.200,6540,0,8265.208,110,0,7686.938
KMAX20181221-8,KMAX20181221_160332_V06,10,1.802,1.200,3265,0,229.631,27,0,100.487
KMAX20181221-8,KMAX20181221_160332_V06,11,2.417,1.200,3274,0,268.546,28,0,119.690
KMAX20181221-8,KMAX20181221_161008_V06,0,-0.220,1.200,528,0,249954.970,44,0,209180.728
KMAX20181221-8,KMAX20181221_161008_V06,2,0.483,1.200,529,0,189597.063,23,0,172549.961
KMAX20181221-8,KMAX20181221_161008_V06,4,0.879,1.200,529,0,40948.728,15,0,36678.277
KMAX20181221-8,KMAX20181221_161008_V06,6,1.318,1.200,527,0,13117.410,9,0,12618.845
KMAX20181221-8,KMAX20181221_161008_V06,10,1.802,1.200,261,0,57.775,0,0,57.775
KMAX20181221-8,KMAX20181221_161008_V06,11,2.417,1.200,262,0,20.640,2,0,6.811
KMAX20181221-11,KMAX20181221_162322_V06,0,-0.220,1.200,521,0,192412.405,26,0,166584.362
KMAX20181221-11,KMAX20181221_162322_V06,2,0.483,1.200,521,0,148539.608,13,0,136426.352
KMAX20181221-11,KMAX20181221_162322_V06,4,0.879,1.200,520,0,46241.783,12,0,42511.403
KMAX20181221-11,KMAX20181221_162322_V06,6,1.318,1.200,520,0,6274.355,10,0,5114.258
KMAX20181221-11,KMAX20181221_162322_V06,10,1.802,1.200,261,0,34.256,3,0,17.343
KMAX20181221-11,KMAX20181221_162322_V06,11,2.417,1.200,262,0,63.649,0,0,63.649
KMAX20181221-11,KMAX20181221_162959_V06,0,-0.220,1.200,1763,0,313052.100,85,0,292477.704
KMAX20181221-11,KMAX20181221_162959_V06,2,0.483,1.200,1769,0,109460.906,33,0,108303.420
KMAX20181221-11,KMAX20181221_162959_V06,4,0.879,1.200,1768,0,77070.613,34,0,74465.721
KMAX20181221-11,KMAX20181221_162959_V06,8,1.318,1.200,1768,0,5458.825,23,0,5377.620
KMAX20181221-11,KMAX20181221_162959_V06,10,1.802,1.200,886,0,64.215,5,0,41.895
KMAX20181221-11,KMAX20181221_162959_V06,11,2.417,1.200,881,0,59.578,2,0,49.113
KMAX20181222-8,KMAX20181222_153430_V06,0,-0.220,1.200,276,0,54355.810,14,0,53299.487
KMAX20181222-8,KMAX20181222_153430_V06,2,0.483,1.200,275,0,92859.477,8,0,89845.230
KMAX20181222-8,KMAX20181222_153430_V06,4,0.879,1.200,274,0,61359.306,8,0,60107.674
KMAX20181222-8,KMAX20181222_153430_V06,6,1.318,1.200,275,0,9998.253,9,0,5838.940
KMAX20181222-8,KMAX20181222_153430_V06,10,1.802,1.200,139,0,0.414,0,0,0.414
KMAX20181222-8,KMAX20181222_153430_V06,11,2.417,1.200,139,0,0.414,0,0,0.414
KMAX20181222-8,KMAX20181222_154106_V06,0,-0.220,1.200,1378,0,324092.813,71,0,274847.814
KMAX20181222-8,KMAX20181222_154106_V06,2,0.483,1.200,1375,0,130772.127,35,0,112036.210
KMAX20181222-8,KMAX20181222_154106_V06,4,0.879,1.200,1377,0,72597.325,25,0,72169.161
KMAX20181222-8,KMAX20181222_154106_V06,6,1.318,1.200,1376,0,11073.913,24,0,5222.352
KMAX20181222-8,KMAX20181222_154106_V06,10,1.802,1.200,691,0,34.676,1,0,28.496
KMAX20181222-8,KMAX20181222_154106_V06,11,2.417,1.200,689,0,35.165,1,0,28.661
KMAX20181222-8,KMAX20181222_154743_V06,0,-0.220,1.200,1691,0,285205.002,81,0,263703.730
KMAX20181222-8,KMAX20181222_154743_V06,2,0.483,1.200,1692,0,143457.612,27,0,136436.941
KMAX20181222-8,KMAX20181222_154743_V06,4,0.879,1.200,1692,0,86418.166,30,0,81389.486
KMAX20181222-8,KMAX20181222_154743_V06,6,1.318,1.200,1692,0,6616.255,15,0,3483.965
KMAX20181222-8,KMAX20181222_154743_V06,10,1.802,1.200,845,0,16.322,2,0,2.443
KMAX20181222-8,KMAX20181222_154743_V06,11,2.417,1.200,844,0,52.392,3,0,38.466
KMAX20181222-8,KMAX20181222_154743_V06,12,3.120,1.200,848,0,82.707,5,0,63.615
KMAX20181222-8,KMAX20181222_160432_V06,0,-0.220,1.200,150,0,56521.032,9,0,48735.465
KMAX20181222-8,KMAX20181222_160432_V06,2,0.483,1.200,150,0,168875.715,10,0,146226.936
KMAX20181222-8,KMAX20181222_160432_V06,4,0.879,1.200,150,0,68062.918,6,0,64582.156
KMAX20181222-8,KMAX20181222_160432_V06,6,1.318,1.200,149,0,3927.946,3,0,3430.831
KMAX20181222-8,KMAX20181222_160432_V06,10,1.802,1.200,75,0,0.221,0,0,0.221
KMAX20181222-8,KMAX20181222_160432_V06,11,2.417,1.200,74,0,0.219,0,0,0.219
KMAX20181222-8,KMAX20181222_161049_V06,0,-0.220,1.200,937,0,259875.110,55,0,222237.226
KMAX20181222-8,KMAX20181222_161049_V06,2,0.483,1.200,936,1,151801.420,37,1,116803.350
KMAX20181222-8,KMAX20181222_161049_V06,4,0.879,1.200,933,0,65722.335,11,0,63726.584
KMAX20181222-8,KMAX20181222_161049_V06,6,1.318,1.200,933,0,6340.830,12,0,6057.729
KMAX20181222-8,KMAX20181222_161049_V06,10,1.802,1.200,469,0,21.509,0,0,21.509
KMAX20181222-8,KMAX20181222_161049_V06,11,2.417,1.200,470,0,93.076,1,0,6.290
KMAX20181222-8,KMAX20181222_161650_V06,0,-0.220,1.200,381,0,96959.997,16,0,84568.930
KMAX20181222-8,KMAX20181222_161650_V06,2,0.483,1.200,380,0,98676.929,15,0,97081.707
KMAX20181222-8,KMAX20181222_161650_V06,4,0.879,1.200,381,0,26452.683,13,0,25424.655
KMAX20181222-8,KMAX20181222_161650_V06,6,1.318,1.200,381,0,2188.374,8,0,1926.328
KMAX20181222-8,KMAX20181222_161650_V06,10,1.802,1.200,191,0,0.574,0,0,0.574
KMAX20181222-8,KMAX20181222_161650_V06,11,2.417,1.200,188,0,7.860,1,0,0.563
KMAX20181222-8,KMAX20181222_162301_V06,0,-0.220,1.200,1384,0,242925.390,68,0,229803.580
KMAX20181222-8,KMAX20181222_162301_V06,2,0.483,1.200,1381,0,113610.609,26,0,111076.642
KMAX20181222-8,KMAX20181222_162301_V06,4,0.879,1.200,1384,0,61908.317,20,0,59785.761
KMAX20181222-8,KMAX20181222_162301_V06,8,1.318,1.200,1383,0,5637.035,14,0,4936.184
KMAX20181222-8,KMAX20181222_162301_V06,10,1.802,1.200,694,0,50.077,4,0,22.856
KMAX20181222-8,KMAX20181222_162301_V06,11,2.417,1.200,691,0,49.107,7,0,17.269
KMAX20181222-1,KMAX20181222_143826_V06,0,-0.220,1.200,492,0,113579.622,10,0,108123.328
KMAX20181222-1,KMAX20181222_143826_V06,2,0.483,1.200,492,0,128705.496,26,0,81450.536
KMAX20181222-1,KMAX20181222_143826_V06,4,0.879,1.200,491,0,67198.286,22,0,33455.085
KMAX20181222-1,KMAX20181222_143826_V06,6,1.318,1.200,491,0,3111.180,9,0,3039.613
KMAX20181222-1,KMAX20181222_143826_V06,10,1.802,1.200,244,0,5.883,0,0,5.883
KMAX20181222-1,KMAX20181222_143826_V06,11,2.417,1.200,244,0,0.702,0,0,0.702
KMAX20181222-1,KMAX20181222_143826_V06,12,3.120,1.200,245,0,11.201,1,0,6.348
KMAX20181222-1,KMAX20181222_144502_V06,0,-0.220,1.200,1788,0,376361.669,89,0,330748.328
KMAX20181222-1,KMAX20181222_144502_V06,2,0.483,1.200,1792,0,106628.586,36,0,97317.496
KMAX20181222-1,KMAX20181222_144502_V06,4,0.879,1.200,1796,0,40374.441,32,0,39106.085
KMAX20181222-1,KMAX20181222_144502_V06,6,1.318,1.200,1800,0,16691.670,23,0,9301.634
KMAX20181222-1,KMAX20181222_144502_V06,10,1.802,1.200,900,0,331.960,9,0,285.225
KMAX20181222-1,KMAX20181222_144502_V06,11,2.417,1.200,899,0,41.815,5,0,16.105
KMAX20181222-1,KMAX20181222_144502_V06,12,3.120,1.200,899,0,20.543,3,0,5.503
KMAX20181222-1,KMAX20181222_145137_V06,0,-0.220,1.200,563,0,169432.117,31,0,159292.083
KMAX20181222-1,KMAX20181222_145137_V06,2,0.483,1.200,565,0,115591.337,32,0,81728.040
KMAX20181222-1,KMAX20181222_145137_V06,4,0.879,1.200,563,0,63181.529,16,0,30399.184
KMAX20181222-1,KMAX20181222_145137_V06,6,1.318,1.200,561,0,13052.727,16,0,5397.883
KMAX20181222-1,KMAX20181222_145137_V06,10,1.802,1.200,281,0,771.420,0,0,771.420
KMAX20181222-1,KMAX20181222_145137_V06,11,2.417,1.200,282,0,15.508,0,0,15.508
KMAX20181222-1,KMAX20181222_150449_V06,0,-0.220,1.200,1731,0,202755.329,65,0,196008.389
KMAX20181222-1,KMAX20181222_150449_V06,2,0.483,1.200,1730,0,101947.493,49,0,79530.458
KMAX20181222-1,KMAX20181222_150449_V06,4,0.879,1.200,1730,0,66515.141,33,0,24521.318
KMAX20181222-1,KMAX20181222_150449_V06,6,1.318,1.200,1735,0,9736.833,25,0,2443.854
KMAX20181222-1,KMAX20181222_150449_V06,10,1.802,1.200,867,0,164.592,7,0,42.200
KMAX20181222-1,KMAX20181222_150449_V06,11,2.417,1.200,869,0,29.614,2,0,11.731
KMAX20181222-1,KMAX20181222_151126_V06,0,-0.220,1.200,541,0,147933.024,30,0,135560.237
KMAX20181222-1,KMAX20181222_151126_V06,2,0.483,1.200,541,0,81304.212,29,0,75371.333
KMAX20181222-1,KMAX20181222_151126_V06,4,0.879,1.200,541,0,56322.060,13,0,55787.063
KMAX20181222-1,KMAX20181222_151126_V06,8,1.318,1.200,542,0,1939.758,3,0,1933.327
KMAX20181222-1,KMAX20181222_151126_V06,10,1.802,1.200,270,0,9.355,0,0,9.355
KMAX20181222-1,KMAX20181222_151126_V06,11,2.417,1.200,270,0,23.968,2,0,16.237
KMAX20181222-1,KMAX20181222_152137_V06,0,-0.220,1.200,1780,0,296971.253,102,0,251957.802
KMAX20181222-1,KMAX20181222_152137_V06,2,0.483,1.200,1778,1,94705.195,34,1,88038.889
KMAX20181222-1,KMAX20181222_152137_V06,4,0.879,1.200,1778,1,28066.566,34,1,27157.578
KMAX20181222-1,KMAX20181222_152137_V06,6,1.318,1.200,1779,0,2512.045,23,0,2429.216
KMAX20181222-1,KMAX20181222_152137_V06,10,1.802,1.200,890,0,52.327,1,0,43.192
KMAX20181222-1,KMAX20181222_152137_V06,11,2.417,1.200,892,0,66.286,5,0,31.260
KMAX20181222-1,KMAX20181222_152754_V06,0,-0.220,1.200,453,0,134033.749,15,0,117359.498
KMAX20181222-1,KMAX20181222_152754_V06,2,0.483,1.200,452,0,68629.080,6,0,68576.237
KMAX20181222-1,KMAX20181222_152754_V06,4,0.879,1.200,454,0,34605.185,7,0,34539.758
KMAX20181222-1,KMAX20181222_152754_V06,6,1.318,1.200,458,0,2351.177,11,0,2305.413
KMAX20181222-1,KMAX20181222_152754_V06,10,1.802,1.200,229,0,33.940,1,0,25.362
KMAX20181222-1,KMAX20181222_152754_V06,11,2.417,1.200,228,0,0.668,0,0,0.668
KMAX20181222-14,KMAX20181222_161650_V06,0,-0.220,1.200,8961,0,26417.165,248,0,14328.856
KMAX20181222-14,KMAX20181222_161650_V06,2,0.483,1.200,8961,0,138703.249,3135,0,47385.839
KMAX20181222-14,KMAX20181222_161650_V06,4,0.879,1.200,8966,0,35216.393,1350,0,14086.220
KMAX20181222-14,KMAX20181222_161650_V06,6,1.318,1.200,8964,0,3517.880,152,0,1870.415
KMAX20181222-14,KMAX20181222_162301_V06,0,-0.220,1.200,12297,0,28852.223,475,0,10742.472
KMAX20181222-14,KMAX20181222_162301_V06,2,0.483,1.200,12304,0,204185.498,6913,0,42868.805
KMAX20181222-14,KMAX20181222_162301_V06,4,0.879,1.200,12311,0,52774.082,3338,0,14397.416
KMAX20181222-14,KMAX20181222_162301_V06,8,1.318,1.200,12306,0,2112.422,224,0,736.448
KMAX20181222-12,KMAX20181222_160432_V06,0,-0.220,1.200,13101,0,16813.484,116,0,11012.712
KMAX20181222-12,KMAX20181222_160432_V06,2,0.483,1.200,13110,0,100910.755,1814,0,45528.810
KMAX20181222-12,KMAX20181222_160432_V06,4,0.879,1.200,13107,0,29339.385,888,0,14735.679
KMAX20181222-12,KMAX20181222_160432_V06,6,1.318,1.200,13114,0,4721.279,141,0,3082.990
KMAX20181223-1,KMAX20181223_151158_V06,0,-0.220,1.200,4074,0,102693.461,1036,0,49154.485
KMAX20181223-1,KMAX20181223_151158_V06,2,0.483,1.200,4069,0,44625.308,949,0,26035.644
KMAX20181223-1,KMAX20181223_151158_V06,4,0.879,1.200,4067,0,27731.091,950,0,17464.889
KMAX20181223-1,KMAX20181223_151158_V06,6,1.318,1.200,4069,0,20746.577,905,0,12176.136
KMAX20181223-1,KMAX20181223_151158_V06,10,1.802,1.200,2037,0,9838.068,872,0,5355.161
KMAX20181223-1,KMAX20181223_151158_V06,11,2.417,1.200,2038,0,5512.866,822,0,2812.453
KMAX20181223-1,KMAX20181223_151158_V06,12,3.120,1.200,2041,0,7461.663,765,0,3778.441
KMAX20181223-1,KMAX20181223_151158_V06,13,3.999,1.200,2042,0,8717.361,771,0,4850.490
KMAX20181223-1,KMAX20181223_151158_V06,14,5.098,1.200,2046,0,6293.073,666,0,4009.995
KMAX20181223-1,KMAX20181223_151158_V06,15,6.416,1.200,2052,0,3279.958,515,0,2344.433
KMAX20181223-1,KMAX20181223_151849_V06,0,-0.220,1.200,9728,0,226617.766,3820,0,90272.072
KMAX20181223-1,KMAX20181223_151849_V06,2,0.483,1.200,9726,0,183401.971,3330,0,57195.554
KMAX20181223-1,KMAX20181223_151849_V06,4,0.879,1.200,9728,0,101207.466,3181,0,45191.125
KMAX20181223-1,KMAX20181223_151849_V06,6,1.318,1.200,9731,0,42248.833,2448,0,26443.891
KMAX20181223-1,KMAX20181223_151849_V06,10,1.802,1.200,4863,0,23577.075,1757,0,13012.195
KMAX20181223-1,KMAX20181223_151849_V06,11,2.417,1.200,4866,0,23900.871,1895,0,11335.568
KMAX20181223-1,KMAX20181223_151849_V06,12,3.120,1.200,4869,0,22712.344,1835,0,12057.051
KMAX20181223-1,KMAX20181223_151849_V06,13,3.999,1.200,4880,0,18490.092,1775,0,11261.100
KMAX20181223-1,KMAX20181223_151849_V06,14,5.098,1.200,4888,0,12531.764,1568,0,6391.621
KMAX20181223-1,KMAX20181223_151849_V06,15,6.416,1.200,4895,0,5000.693,1292,0,3072.458
KMAX20181225-1,KMAX20181225_144417_V06,0,-0.220,1.200,559,0,201591.438,41,0,176493.105
KMAX20181225-1,KMAX20181225_144417_V06,2,0.483,1.200,558,0,100540.326,32,0,96618.698
KMAX20181225-1,KMAX20181225_144417_V06,4,0.879,1.200,558,0,71463.353,13,0,65170.383
KMAX20181225-1,KMAX20181225_144417_V06,6,1.318,1.200,557,0,1798.672,13,0,1693.061
KMAX20181225-1,KMAX20181225_144417_V06,8,1.802,1.200,281,0,16.238,0,0,16.238
KMAX20181225-1,KMAX20181225_144417_V06,11,2.417,1.200,278,0,0.827,0,0,0.827
KMAX20181225-1,KMAX20181225_145036_V06,0,-0.220,1.200,1664,0,410142.469,105,0,334921.854
KMAX20181225-1,KMAX20181225_145036_V06,2,0.483,1.200,1667,0,136828.556,35,0,135391.111
KMAX20181225-1,KMAX20181225_145036_V06,4,0.879,1.200,1666,0,39992.608,31,0,39625.296
KMAX20181225-1,KMAX20181225_145036_V06,6,1.318,1.200,1665,0,1584.143,29,0,1456.723
KMAX20181225-1,KMAX20181225_145036_V06,10,1.802,1.200,831,0,96.859,8,0,54.156
KMAX20181225-1,KMAX20181225_145036_V06,11,2.417,1.200,833,0,19.889,1,0,14.163
KMAX20181225-1,KMAX20181225_150353_V06,0,-0.220,1.200,546,0,223380.433,22,0,202313.758
KMAX20181225-1,KMAX20181225_150353_V06,2,0.483,1.200,546,0,89075.840,27,0,81744.156
KMAX20181225-1,KMAX20181225_150353_V06,4,0.879,1.200,547,0,29700.863,12,0,29358.025
KMAX20181225-1,KMAX20181225_150353_V06,6,1.318,1.200,546,0,2510.850,13,0,1634.552
KMAX20181225-1,KMAX20181225_150353_V06,10,1.802,1.200,276,0,24.792,2,0,16.857
KMAX20181225-1,KMAX20181225_150353_V06,11,2.417,1.200,275,0,0.817,0,0,0.817
KMAX20181225-1,KMAX20181225_151030_V06,0,-0.220,1.200,247,0,39376.459,6,0,37522.470
KMAX20181225-1,KMAX20181225_151030_V06,2,0.483,1.200,247,0,76830.159,16,0,56952.972
KMAX20181225-1,KMAX20181225_151030_V06,4,0.879,1.200,248,0,58388.112,8,0,47868.647
KMAX20181225-1,KMAX20181225_151030_V06,6,1.318,1.200,248,0,4552.443,6,0,4112.725
KMAX20181225-1,KMAX20181225_151030_V06,10,1.802,1.200,122,0,98.350,9,0,31.381
KMAX20181225-1,KMAX20181225_151030_V06,11,2.417,1.200,122,0,0.360,0,0,0.360
KMAX20181225-7,KMAX20181225_160635_V06,0,-0.220,1.200,323,0,83812.867,16,0,76193.697
KMAX20181225-7,KMAX20181225_160635_V06,2,0.483,1.200,323,0,120730.856,17,0,84402.803
KMAX20181225-7,KMAX20181225_160635_V06,4,0.879,1.200,322,1,96314.099,12,1,82806.688
KMAX20181225-7,KMAX20181225_160635_V06,6,1.318,1.200,325,0,4144.758,9,0,4099.431
KMAX20181225-7,KMAX20181225_160635_V06,10,1.802,1.200,163,0,7.832,0,0,7.832
KMAX20181225-7,KMAX20181225_160635_V06,11,2.417,1.200,164,0,0.487,0,0,0.487
KMAX20181225-7,KMAX20181225_161311_V06,0,-0.220,1.200,1500,0,252825.279,71,0,220701.715
KMAX20181225-7,KMAX20181225_161311_V06,2,0.483,1.200,1499,0,86726.269,60,0,81587.864
KMAX20181225-7,KMAX20181225_161311_V06,4,0.879,1.200,1497,0,21739.269,20,0,21678.066
KMAX20181225-7,KMAX20181225_161311_V06,6,1.318,1.200,1501,0,4706.804,19,0,4605.461
KMAX20181225-7,KMAX20181225_161311_V06,10,1.802,1.200,751,0,19.583,0,0,19.583
KMAX20181225-7,KMAX20181225_161311_V06,11,2.417,1.200,748,0,12.751,0,0,12.751
KMAX20181225-9,KMAX20181225_163301_V06,0,-0.220,1.200,245,0,101214.727,15,0,90011.913
KMAX20181225-9,KMAX20181225_163301_V06,2,0.483,1.200,245,0,163042.394,8,0,135541.695
KMAX20181225-9,KMAX20181225_163301_V06,4,0.879,1.200,243,0,51764.737,4,0,46839.111
KMAX20181225-9,KMAX20181225_163301_V06,6,1.318,1.200,241,0,5281.901,5,0,4767.619
KMAX20181225-9,KMAX20181225_163301_V06,10,1.802,1.200,121,0,7.778,0,0,7.778
KMAX20181225-9,KMAX20181225_163301_V06,11,2.417,1.200,122,0,3.007,0,0,3.007
KMAX20181225-9,KMAX20181225_163937_V06,0,-0.220,1.200,1306,0,369181.365,61,0,294745.085
KMAX20181225-9,KMAX20181225_163937_V06,2,0.483,1.200,1309,0,63612.546,23,0,61484.143
KMAX20181225-9,KMAX20181225_163937_V06,4,0.879,1.200,1309,0,90631.234,18,0,79783.371
KMAX20181225-9,KMAX20181225_163937_V06,6,1.318,1.200,1313,0,2787.233,22,0,2695.687
KMAX20181225-9,KMAX20181225_163937_V06,10,1.802,1.200,655,0,51.524,4,0,25.593
KMAX20181225-9,KMAX20181225_163937_V06,11,2.417,1.200,658,0,14.205,0,0,14.205
KMAX20181225-9,KMAX20181225_164613_V06,0,-0.220,1.200,322,0,150951.960,14,0,143301.860
KMAX20181225-9,KMAX20181225_164613_V06,2,0.483,1.200,321,0,88198.597,9,0,85947.631
KMAX20181225-9,KMAX20181225_164613_V06,4,0.879,1.200,321,0,75163.546,7,0,75108.070
KMAX20181225-9,KMAX20181225_164613_V06,6,1.318,1.200,322,0,3756.070,8,0,3480.978
KMAX20181225-9,KMAX20181225_164613_V06,10,1.802,1.200,164,0,9.536,0,0,9.536
KMAX20181225-9,KMAX20181225_164613_V06,11,2.417,1.200,164,0,0.480,0,0,0.480
KMAX20181225-9,KMAX20181225_165250_V06,0,-0.220,1.200,1373,0,259976.542,52,0,241202.083
KMAX20181225-9,KMAX20181225_165250_V06,2,0.483,1.200,1377,0,101091.793,35,0,86232.098
KMAX20181225-9,KMAX20181225_165250_V06,4,0.879,1.200,1374,0,57452.088,20,0,57353.352
KMAX20181225-9,KMAX20181225_165250_V06,6,1.318,1.200,1376,0,7262.039,21,0,5424.142
KMAX20181225-9,KMAX20181225_165250_V06,10,1.802,1.200,691,0,71.005,5,0,31.367
KMAX20181225-9,KMAX20181225_165250_V06,11,2.417,1.200,690,0,44.037,3,0,20.647
KMAX20181225-5,KMAX20181225_153354_V06,0,-0.220,1.200,357,0,116939.716,19,0,108101.352
KMAX20181225-5,KMAX20181225_153354_V06,2,0.483,1.200,359,0,92179.020,12,0,85208.685
KMAX20181225-5,KMAX20181225_153354_V06,4,0.879,1.200,358,0,58247.291,13,0,55089.901
KMAX20181225-5,KMAX20181225_153354_V06,6,1.318,1.200,359,0,4744.153,8,0,3999.352
KMAX20181225-5,KMAX20181225_153354_V06,10,1.802,1.200,180,0,27.536,2,0,10.600
KMAX20181225-5,KMAX20181225_153354_V06,11,2.417,1.200,181,0,0.540,0,0,0.540
KMAX20181225-5,KMAX20181225_154010_V06,0,-0.220,1.200,2185,0,397933.314,113,0,326682.599
KMAX20181225-5,KMAX20181225_154010_V06,2,0.483,1.200,2188,0,175922.471,47,0,167658.720
KMAX20181225-5,KMAX20181225_154010_V06,4,0.879,1.200,2188,1,92931.735,33,1,87790.769
KMAX20181225-5,KMAX20181225_154010_V06,6,1.318,1.200,2191,0,15676.228,30,0,14496.588
KMAX20181225-5,KMAX20181225_154010_V06,10,1.802,1.200,1095,0,26.972,3,0,14.218
KMAX20181225-5,KMAX20181225_154010_V06,11,2.417,1.200,1096,0,104.203,7,0,68.470
KMAX20181225-5,KMAX20181225_154646_V06,0,-0.220,1.200,535,0,137366.573,21,0,126141.184
KMAX20181225-5,KMAX20181225_154646_V06,2,0.483,1.200,534,0,83884.657,20,0,79303.630
KMAX20181225-5,KMAX20181225_154646_V06,4,0.879,1.200,536,0,50733.290,15,0,50155.574
KMAX20181225-5,KMAX20181225_154646_V06,6,1.318,1.200,535,0,10108.233,16,0,9539.502
KMAX20181225-5,KMAX20181225_154646_V06,10,1.802,1.200,268,0,22.309,3,0,10.657
KMAX20181225-5,KMAX20181225_154646_V06,11,2.417,1.200,267,0,0.811,0,0,0.811
KMAX20181226-2,KMAX20181226_144120_V06,0,-0.220,1.200,370,0,123290.721,15,0,115514.884
KMAX20181226-2,KMAX20181226_144120_V06,2,0.483,1.200,370,0,106349.722,17,0,105873.931
KMAX20181226-2,KMAX20181226_144120_V06,4,0.879,1.200,370,0,72352.759,10,0,70347.771
KMAX20181226-2,KMAX20181226_144120_V06,6,1.318,1.200,373,0,1944.950,6,0,1801.382
KMAX20181226-2,KMAX20181226_144120_V06,10,1.802,1.200,187,0,10.985,0,0,10.985
KMAX20181226-2,KMAX20181226_144120_V06,11,2.417,1.200,187,0,0.561,0,0,0.561
KMAX20181226-2,KMAX20181226_144757_V06,0,-0.220,1.200,1384,0,337393.588,85,0,287181.328
KMAX20181226-2,KMAX20181226_144757_V06,2,0.483,1.200,1385,0,95116.812,42,0,87994.575
KMAX20181226-2,KMAX20181226_144757_V06,4,0.879,1.200,1385,0,20294.002,12,0,19145.256
KMAX20181226-2,KMAX20181226_144757_V06,6,1.318,1.200,1382,0,2526.044,30,0,2348.993
KMAX20181226-2,KMAX20181226_144757_V06,10,1.802,1.200,694,0,121.276,5,0,92.237
KMAX20181226-2,KMAX20181226_144757_V06,11,2.417,1.200,692,0,82.280,4,0,25.927
KMAX20181226-5,KMAX20181226_150950_V06,0,-0.220,1.200,18923,0,171969.761,2884,0,75866.734
KMAX20181226-5,KMAX20181226_150950_V06,2,0.483,1.200,18930,0,41073.155,1257,0,22299.983
KMAX20181226-5,KMAX20181226_150950_V06,4,0.879,1.200,18939,0,13154.919,759,0,10517.532
KMAX20181226-5,KMAX20181226_150950_V06,6,1.318,1.200,18933,0,6060.325,570,0,4307.481
KMAX20181226-5,KMAX20181226_150950_V06,10,1.802,1.200,9473,0,436.715,76,0,241.689
KMAX20181226-5,KMAX20181226_150950_V06,11,2.417,1.200,9472,0,505.893,83,0,276.158
KMAX20181226-5,KMAX20181226_150950_V06,12,3.120,1.200,9487,0,903.811,124,0,504.014
KMAX20181226-5,KMAX20181226_151627_V06,0,-0.220,1.200,28118,0,142778.772,3054,0,57810.386
KMAX20181226-5,KMAX20181226_151627_V06,2,0.483,1.200,28118,0,38716.894,1294,0,21157.198
KMAX20181226-5,KMAX20181226_151627_V06,4,0.879,1.200,28128,0,16689.387,1027,0,12121.130
KMAX20181226-5,KMAX20181226_151627_V06,6,1.318,1.200,28136,0,8671.019,796,0,5940.756
KMAX20181226-5,KMAX20181226_151627_V06,10,1.802,1.200,14078,0,1058.939,111,0,546.399
KMAX20181226-5,KMAX20181226_151627_V06,11,2.417,1.200,14086,0,1493.639,156,0,790.145
KMAX20181226-5,KMAX20181226_151627_V06,12,3.120,1.200,14099,0,1238.903,156,0,699.355
KMAX20181226-5,KMAX20181226_152304_V06,0,-0.220,1.200,19088,0,115603.005,2339,0,42301.188
KMAX20181226-5,KMAX20181226_152304_V06,2,0.483,1.200,19096,0,28703.764,1050,0,17100.890
KMAX20181226-5,KMAX20181226_152304_V06,4,0.879,1.200,19095,0,11668.669,845,0,7447.761
KMAX20181226-5,KMAX20181226_152304_V06,6,1.318,1.200,19095,0,6032.692,654,0,4274.570
KMAX20181226-5,KMAX20181226_152304_V06,10,1.802,1.200,9551,0,525.319,74,0,340.330
KMAX20181226-5,KMAX20181226_152304_V06,11,2.417,1.200,9556,0,723.866,110,0,423.076
KMAX20181226-5,KMAX20181226_152304_V06,12,3.120,1.200,9565,0,1066.589,154,0,527.041
KMAX20181226-10,KMAX20181226_162735_V06,0,-0.220,1.200,314,0,150833.695,14,0,145887.098
KMAX20181226-10,KMAX20181226_162735_V06,2,0.483,1.200,313,0,204295.714,14,0,200034.226
KMAX20181226-10,KMAX20181226_162735_V06,4,0.879,1.200,314,0,46350.543,4,0,46188.035
KMAX20181226-10,KMAX20181226_162735_V06,6,1.318,1.200,310,0,4331.705,15,0,2839.798
KMAX20181226-10,KMAX20181226_162735_V06,10,1.802,1.200,154,0,0.457,0,0,0.457
KMAX20181226-10,KMAX20181226_162735_V06,11,2.417,1.200,155,0,0.460,0,0,0.460
KMAX20181226-10,KMAX20181226_163413_V06,0,-0.220,1.200,1486,1,318372.670,67,1,293982.328
KMAX20181226-10,KMAX20181226_163413_V06,2,0.483,1.200,1486,0,84993.839,25,0,83361.498
KMAX20181226-10,KMAX20181226_163413_V06,4,0.879,1.200,1483,0,24955.712,26,0,24594.793
KMAX20181226-10,KMAX20181226_163413_V06,6,1.318,1.200,1490,0,4913.120,29,0,4797.722
KMAX20181226-10,KMAX20181226_163413_V06,10,1.802,1.200,742,0,88.007,4,0,63.840
KMAX20181226-10,KMAX20181226_163413_V06,11,2.417,1.200,745,0,78.673,3,0,59.631
KMAX20181226-10,KMAX20181226_164051_V06,0,-0.220,1.200,3645,1,283405.018,99,1,260155.037
KMAX20181226-10,KMAX20181226_164051_V06,2,0.483,1.200,3644,0,113376.237,73,0,108850.834
KMAX20181226-10,KMAX20181226_164051_V06,4,0.879,1.200,3644,0,38205.530,55,0,35135.721
KMAX20181226-10,KMAX20181226_164051_V06,6,1.318,1.200,3646,0,8179.730,52,0,7916.406
KMAX20181226-10,KMAX20181226_164051_V06,10,1.802,1.200,1824,0,109.124,12,0,65.263
KMAX20181226-10,KMAX20181226_164051_V06,11,2.417,1.200,1827,0,116.354,12,0,54.518
KMAX20181226-10,KMAX20181226_164728_V06,0,-0.220,1.200,158,0,45860.936,8,0,44785.412
KMAX20181226-10,KMAX20181226_164728_V06,2,0.483,1.200,158,0,127940.946,2,0,124448.162
KMAX20181226-10,KMAX20181226_164728_V06,4,0.879,1.200,158,0,33853.173,6,0,33816.549
KMAX20181226-10,KMAX20181226_164728_V06,6,1.318,1.200,157,0,777.349,0,0,777.349
KMAX20181226-10,KMAX20181226_164728_V06,10,1.802,1.200,79,0,0.236,0,0,0.236
KMAX20181226-10,KMAX20181226_164728_V06,11,2.417,1.200,78,0,0.234,0,0,0.234
KMAX20181226-10,KMAX20181226_170041_V06,0,-0.220,1.200,1026,0,364547.398,60,0,291761.714
KMAX20181226-10,KMAX20181226_170041_V06,2,0.483,1.200,1024,0,69451.570,28,0,64091.871
KMAX20181226-10,KMAX20181226_170041_V06,4,0.879,1.200,1024,0,24066.531,27,0,23769.248
KMAX20181226-10,KMAX20181226_170041_V06,6,1.318,1.200,1025,0,1614.940,10,0,1423.089
KMAX20181226-10,KMAX20181226_170041_V06,10,1.802,1.200,512,0,162.335,1,0,75.549
KMAX20181226-10,KMAX20181226_170041_V06,11,2.417,1.200,514,0,37.163,5,0,18.760
KMAX20181226-1,KMAX20181226_144120_V06,0,-0.220,1.200,743,0,32807.567,164,0,3848.289
KMAX20181226-1,KMAX20181226_144120_V06,2,0.483,1.200,744,0,4217.656,125,0,1729.600
KMAX20181226-1,KMAX20181226_144120_V06,4,0.879,1.200,741,0,1048.699,54,0,825.012
KMAX20181226-1,KMAX20181226_144120_V06,6,1.318,1.200,742,0,360.728,26,0,288.505
KMAX20181226-1,KMAX20181226_144120_V06,10,1.802,1.200,369,0,37.669,5,0,19.223
KMAX20181226-1,KMAX20181226_144120_V06,11,2.417,1.200,370,0,18.255,2,0,8.313
KMAX20181226-1,KMAX20181226_144120_V06,12,3.120,1.200,369,0,22.282,2,0,6.049
KMAX20181226-7,KMAX20181226_160035_V06,0,-0.220,1.200,583,0,175085.941,20,0,168365.755
KMAX20181226-7,KMAX20181226_160035_V06,2,0.483,1.200,582,0,178581.054,19,0,173062.993
KMAX20181226-7,KMAX20181226_160035_V06,4,0.879,1.200,584,0,42045.537,6,0,42020.848
KMAX20181226-7,KMAX20181226_160035_V06,8,1.318,1.200,581,0,2478.382,7,0,2434.946
KMAX20181226-7,KMAX20181226_160035_V06,10,1.802,1.200,293,0,22.651,1,0,15.354
KMAX20181226-7,KMAX20181226_160035_V06,11,2.417,1.200,292,0,19.370,2,0,9.412
KMAX20181227-1,KMAX20181227_143951_V06,0,-0.220,1.200,531,0,171024.187,14,0,159468.844
KMAX20181227-1,KMAX20181227_143951_V06,2,0.483,1.200,530,0,109081.279,10,0,108792.711
KMAX20181227-1,KMAX20181227_143951_V06,4,0.879,1.200,530,0,33560.893,6,0,26743.769
KMAX20181227-1,KMAX20181227_143951_V06,8,1.318,1.200,533,0,1648.720,0,0,1648.720
KMAX20181227-1,KMAX20181227_143951_V06,10,1.802,1.200,266,0,40.011,3,0,23.935
KMAX20181227-1,KMAX20181227_143951_V06,11,2.417,1.200,265,0,24.245,2,0,0.782
KMAX20181227-1,KMAX20181227_150036_V06,0,-0.220,1.200,1645,0,233646.065,85,0,211773.562
KMAX20181227-1,KMAX20181227_150036_V06,2,0.483,1.200,1645,0,83712.029,36,0,78497.083
KMAX20181227-1,KMAX20181227_150036_V06,4,0.879,1.200,1646,0,33054.163,14,0,31007.051
KMAX20181227-1,KMAX20181227_150036_V06,8,1.318,1.200,1650,0,3285.026,22,0,3023.486
KMAX20181227-1,KMAX20181227_150036_V06,10,1.802,1.200,820,0,52.225,2,0,42.405
KMAX20181227-1,KMAX20181227_150036_V06,11,2.417,1.200,823,0,14.754,0,0,14.754
KMAX20181227-4,KMAX20181227_154402_V06,0,-0.220,1.200,152,0,38595.060,4,0,35880.960
KMAX20181227-4,KMAX20181227_154402_V06,2,0.483,1.200,152,0,53827.417,11,0,44527.813
KMAX20181227-4,KMAX20181227_154402_V06,4,0.879,1.200,150,0,23554.882,1,0,23290.491
KMAX20181227-4,KMAX20181227_154402_V06,8,1.318,1.200,150,0,1642.302,5,0,1461.945
KMAX20181227-4,KMAX20181227_154402_V06,10,1.802,1.200,74,0,0.218,0,0,0.218
KMAX20181227-4,KMAX20181227_154402_V06,11,2.417,1.200,76,0,14.578,1,0,3.653
KMAX20181227-4,KMAX20181227_160446_V06,0,-0.220,1.200,1102,0,240204.718,44,0,214522.007
KMAX20181227-4,KMAX20181227_160446_V06,2,0.483,1.200,1102,0,95946.734,23,0,93730.596
KMAX20181227-4,KMAX20181227_160446_V06,4,0.879,1.200,1103,0,24152.414,17,0,21797.531
KMAX20181227-4,KMAX20181227_160446_V06,8,1.318,1.200,1104,0,1872.014,11,0,1769.773
KMAX20181227-4,KMAX20181227_160446_V06,10,1.802,1.200,550,0,66.259,2,0,52.011
KMAX20181227-4,KMAX20181227_160446_V06,11,2.417,1.200,549,0,25.726,1,0,19.897
KMAX20181227-5,KMAX20181227_163542_V06,0,-0.220,1.200,278,0,50033.747,8,0,47805.671
KMAX20181227-5,KMAX20181227_163542_V06,2,0.483,1.200,278,0,99952.228,3,0,99804.618
KMAX20181227-5,KMAX20181227_163542_V06,4,0.879,1.200,278,0,42868.145,12,0,40272.953
KMAX20181227-5,KMAX20181227_163542_V06,8,1.318,1.200,276,0,699.782,11,0,660.665
KMAX20181227-5,KMAX20181227_163542_V06,10,1.802,1.200,141,0,27.456,0,0,27.456
KMAX20181227-5,KMAX20181227_163542_V06,11,2.417,1.200,141,0,0.424,0,0,0.424
KMAX20181228-2,KMAX20181228_144758_V06,0,-0.220,1.200,138,0,27338.283,4,0,26922.741
KMAX20181228-2,KMAX20181228_144758_V06,2,0.483,1.200,138,0,73690.432,4,0,72405.750
KMAX20181228-2,KMAX20181228_144758_V06,4,0.879,1.200,138,0,33975.462,5,0,31917.942
KMAX20181228-2,KMAX20181228_144758_V06,8,1.318,1.200,137,0,872.735,2,0,821.019
KMAX20181228-2,KMAX20181228_144758_V06,10,1.802,1.200,68,0,11.283,0,0,11.283
KMAX20181228-2,KMAX20181228_144758_V06,11,2.417,1.200,69,0,0.204,0,0,0.204
KMAX20181228-2,KMAX20181228_150842_V06,0,-0.220,1.200,1058,0,188857.364,41,0,183909.696
KMAX20181228-2,KMAX20181228_150842_V06,2,0.483,1.200,1058,0,72193.417,22,0,72027.827
KMAX20181228-2,KMAX20181228_150842_V06,4,0.879,1.200,1058,0,30676.710,18,0,30311.545
KMAX20181228-2,KMAX20181228_150842_V06,8,1.318,1.200,1058,0,2617.904,8,0,2587.991
KMAX20181228-2,KMAX20181228_150842_V06,10,1.802,1.200,527,0,14.267,1,0,10.969
KMAX20181228-2,KMAX20181228_150842_V06,11,2.417,1.200,526,0,38.454,7,0,1.561
KMAX20181228-2,KMAX20181228_151905_V06,0,-0.220,1.200,547,0,180582.626,28,0,174617.415
KMAX20181228-2,KMAX20181228_151905_V06,2,0.483,1.200,547,0,82589.097,16,0,77417.271
KMAX20181228-2,KMAX20181228_151905_V06,4,0.879,1.200,548,0,39991.220,15,0,39520.943
KMAX20181228-2,KMAX20181228_151905_V06,8,1.318,1.200,548,0,1346.903,8,0,1132.032
KMAX20181228-2,KMAX20181228_151905_V06,10,1.802,1.200,275,0,29.830,4,0,7.253
KMAX20181228-2,KMAX20181228_151905_V06,11,2.417,1.200,277,0,0.829,0,0,0.829
KMAX20181228-2,KMAX20181228_153129_V06,0,-0.220,1.200,1569,0,185504.648,46,0,178311.980
KMAX20181228-2,KMAX20181228_153129_V06,2,0.483,1.200,1568,0,66122.518,27,0,64393.708
KMAX20181228-2,KMAX20181228_153129_V06,4,0.879,1.200,1569,0,23701.741,26,0,23222.952
KMAX20181228-2,KMAX20181228_153129_V06,8,1.318,1.200,1565,0,1273.968,19,0,1212.804
KMAX20181228-2,KMAX20181228_153129_V06,10,1.802,1.200,785,0,38.913,3,0,16.909
KMAX20181228-2,KMAX20181228_153129_V06,11,2.417,1.200,784,0,8.275,0,0,8.275
KMAX20181228-2,KMAX20181228_154151_V06,0,-0.220,1.200,543,0,202659.500,35,0,188465.820
KMAX20181228-2,KMAX20181228_154151_V06,2,0.483,1.200,543,0,82902.221,26,0,69063.962
KMAX20181228-2,KMAX20181228_154151_V06,4,0.879,1.200,543,0,35855.778,12,0,35560.878
KMAX20181228-2,KMAX20181228_154151_V06,8,1.318,1.200,542,0,1253.528,4,0,1234.348
KMAX20181228-2,KMAX20181228_154151_V06,10,1.802,1.200,272,0,0.817,0,0,0.817
KMAX20181228-2,KMAX20181228_154151_V06,11,2.417,1.200,272,0,0.819,0,0,0.819
KMAX20181228-2,KMAX20181228_160234_V06,0,-0.220,1.200,1393,0,190366.199,44,0,174335.583
KMAX20181228-2,KMAX20181228_160234_V06,2,0.483,1.200,1393,0,88530.470,34,0,78152.427
KMAX20181228-2,KMAX20181228_160234_V06,4,0.879,1.200,1392,0,26599.680,17,0,26163.600
KMAX20181228-2,KMAX20181228_160234_V06,8,1.318,1.200,1392,0,2306.415,8,0,2244.662
KMAX20181228-2,KMAX20181228_160234_V06,10,1.802,1.200,696,0,40.665,7,0,7.576
KMAX20181228-2,KMAX20181228_160234_V06,11,2.417,1.200,694,0,27.419,1,0,21.897
KMAX20181228-2,KMAX20181228_161256_V06,0,-0.220,1.200,2016,0,243187.346,67,0,225977.487
KMAX20181228-2,KMAX20181228_161256_V06,2,0.483,1.200,2020,0,54222.267,40,0,53217.599
KMAX20181228-2,KMAX20181228_161256_V06,4,0.879,1.200,2021,0,23235.273,20,0,23004.184
KMAX20181228-2,KMAX20181228_161256_V06,8,1.318,1.200,2016,0,2734.577,30,0,2091.091
KMAX20181228-2,KMAX20181228_161256_V06,10,1.802,1.200,1009,0,2035.065,11,0,1975.457
KMAX20181228-2,KMAX20181228_161256_V06,11,2.417,1.200,1010,0,35.867,2,0,28.718
KMAX20181228-2,KMAX20181228_162318_V06,0,-0.220,1.200,556,0,198568.990,27,0,182024.723
KMAX20181228-2,KMAX20181228_162318_V06,2,0.483,1.200,556,0,106350.686,27,0,73763.289
KMAX20181228-2,KMAX20181228_162318_V06,4,0.879,1.200,556,0,43963.959,12,0,37585.402
KMAX20181228-2,KMAX20181228_162318_V06,8,1.318,1.200,555,0,1496.669,6,0,1467.414
KMAX20181228-2,KMAX20181228_162318_V06,10,1.802,1.200,280,0,63.512,1,0,39.334
KMAX20181228-2,KMAX20181228_162318_V06,11,2.417,1.200,279,0,14.437,2,0,0.828
KMAX20181228-2,KMAX20181228_163340_V06,0,-0.220,1.200,1836,0,247406.147,38,0,225688.742
KMAX20181228-2,KMAX20181228_163340_V06,2,0.483,1.200,1836,0,102296.660,33,0,100396.656
KMAX20181228-2,KMAX20181228_163340_V06,4,0.879,1.200,1836,0,23869.765,25,0,22699.564
KMAX20181228-2,KMAX20181228_163340_V06,8,1.318,1.200,1835,0,1643.142,15,0,1411.799
KMAX20181228-2,KMAX20181228_163340_V06,10,1.802,1.200,920,0,49.138,8,0,7.870
KMAX20181228-2,KMAX20181228_163340_V06,11,2.417,1.200,922,0,50.962,5,0,31.168
KMAX20181228-2,KMAX20181228_164403_V06,0,-0.220,1.200,541,0,150355.462,22,0,141776.683
KMAX20181228-2,KMAX20181228_164403_V06,2,0.483,1.200,538,0,83672.557,19,0,81074.586
KMAX20181228-2,KMAX20181228_164403_V06,4,0.879,1.200,537,0,35884.528,10,0,35339.903
KMAX20181228-2,KMAX20181228_164403_V06,8,1.318,1.200,539,0,2047.573,8,0,1872.756
KMAX20181228-2,KMAX20181228_164403_V06,10,1.802,1.200,272,0,0.824,0,0,0.824
KMAX20181228-2,KMAX20181228_164403_V06,11,2.417,1.200,270,0,0.818,0,0,0.818
KMAX20181228-2,KMAX20181228_170446_V06,0,-0.220,1.200,1645,0,252073.734,58,0,230472.331
KMAX20181228-2,KMAX20181228_170446_V06,2,0.483,1.200,1646,0,70225.150,40,0,66164.693
KMAX20181228-2,KMAX20181228_170446_V06,4,0.879,1.200,1646,0,23653.761,18,0,21428.383
KMAX20181228-2,KMAX20181228_170446_V06,8,1.318,1.200,1646,0,7583.736,20,0,7427.943
KMAX20181228-2,KMAX20181228_170446_V06,10,1.802,1.200,826,0,60.166,7,0,23.952
KMAX20181228-2,KMAX20181228_170446_V06,11,2.417,1.200,826,0,28.781,1,0,23.369
KMAX20181229-2,KMAX20181229_144359_V06,0,-0.220,1.200,201,0,81552.831,11,0,75568.591
KMAX20181229-2,KMAX20181229_144359_V06,2,0.483,1.200,200,0,104708.829,2,0,103790.179
KMAX20181229-2,KMAX20181229_144359_V06,4,0.879,1.200,202,0,36347.214,11,0,36119.447
KMAX20181229-2,KMAX20181229_144359_V06,6,1.318,1.200,202,0,979.704,4,0,944.298
KMAX20181229-2,KMAX20181229_144359_V06,10,1.802,1.200,101,0,0.299,0,0,0.299
KMAX20181229-2,KMAX20181229_144359_V06,11,2.417,1.200,101,0,17.483,0,0,17.483
KMAX20181229-2,KMAX20181229_145036_V06,0,-0.220,1.200,1274,0,288589.815,42,0,277450.288
KMAX20181229-2,KMAX20181229_145036_V06,2,0.483,1.200,1273,0,68782.342,44,0,52968.389
KMAX20181229-2,KMAX20181229_145036_V06,4,0.879,1.200,1274,0,28501.442,20,0,28389.919
KMAX20181229-2,KMAX20181229_145036_V06,6,1.318,1.200,1273,0,3150.215,20,0,3000.867
KMAX20181229-2,KMAX20181229_145036_V06,10,1.802,1.200,639,0,91.096,3,0,69.462
KMAX20181229-2,KMAX20181229_145036_V06,11,2.417,1.200,640,0,57.886,1,0,46.117
KMAX20181229-2,KMAX20181229_150349_V06,0,-0.220,1.200,6477,0,478845.270,240,0,428728.327
KMAX20181229-2,KMAX20181229_150349_V06,2,0.483,1.200,6481,0,82939.444,108,0,79585.848
KMAX20181229-2,KMAX20181229_150349_V06,4,0.879,1.200,6483,0,34818.931,129,0,25779.306
KMAX20181229-2,KMAX20181229_150349_V06,6,1.318,1.200,6484,0,6223.294,120,0,4331.186
KMAX20181229-2,KMAX20181229_150349_V06,10,1.802,1.200,3242,0,265.077,36,0,103.612
KMAX20181229-2,KMAX20181229_150349_V06,11,2.417,1.200,3242,0,211.474,26,0,116.963
KMAX20181229-2,KMAX20181229_151026_V06,0,-0.220,1.200,337,0,122204.924,13,0,109071.837
KMAX20181229-2,KMAX20181229_151026_V06,2,0.483,1.200,337,0,61725.311,18,0,50718.699
KMAX20181229-2,KMAX20181229_151026_V06,4,0.879,1.200,338,0,14040.972,8,0,13771.453
KMAX20181229-2,KMAX20181229_151026_V06,6,1.318,1.200,336,0,1327.832,12,0,1025.366
KMAX20181229-2,KMAX20181229_151026_V06,10,1.802,1.200,168,0,0.506,0,0,0.506
KMAX20181229-2,KMAX20181229_151026_V06,11,2.417,1.200,168,0,0.506,0,0,0.506
KMAX20181229-6,KMAX20181229_160250_V06,0,-0.220,1.200,197,0,62972.728,6,0,57265.672
KMAX20181229-6,KMAX20181229_160250_V06,2,0.483,1.200,196,0,112958.951,8,0,82595.707
KMAX20181229-6,KMAX20181229_160250_V06,4,0.879,1.200,198,0,21936.732,7,0,16263.947
KMAX20181229-6,KMAX20181229_160250_V06,6,1.318,1.200,199,0,2266.521,2,0,2258.386
KMAX20181229-6,KMAX20181229_160250_V06,10,1.802,1.200,98,0,16.548,1,0,9.615
KMAX20181229-6,KMAX20181229_160250_V06,11,2.417,1.200,98,0,11.298,0,0,11.298
KMAX20181229-6,KMAX20181229_160927_V06,0,-0.220,1.200,1312,0,370824.782,54,0,347231.527
KMAX20181229-6,KMAX20181229_160927_V06,2,0.483,1.200,1312,0,83838.285,45,0,80291.871
KMAX20181229-6,KMAX20181229_160927_V06,4,0.879,1.200,1312,0,40751.956,38,0,36164.253
KMAX20181229-6,KMAX20181229_160927_V06,6,1.318,1.200,1310,0,2365.399,22,0,1552.883
KMAX20181229-6,KMAX20181229_160927_V06,10,1.802,1.200,658,0,5.630,1,0,1.974
KMAX20181229-6,KMAX20181229_160927_V06,11,2.417,1.200,658,0,16.004,0,0,16.004
KMAX20181229-10,KMAX20181229_162905_V06,0,-0.220,1.200,418,0,206494.346,20,0,194972.312
KMAX20181229-10,KMAX20181229_162905_V06,2,0.483,1.200,418,0,103391.355,27,0,94481.699
KMAX20181229-10,KMAX20181229_162905_V06,4,0.879,1.200,418,0,31239.174,9,0,29644.191
KMAX20181229-10,KMAX20181229_162905_V06,6,1.318,1.200,418,0,4046.422,8,0,3048.110
KMAX20181229-10,KMAX20181229_162905_V06,10,1.802,1.200,206,0,26.734,3,0,13.236
KMAX20181229-10,KMAX20181229_162905_V06,11,2.417,1.200,207,0,6.406,1,0,0.610
KMAX20181229-10,KMAX20181229_163542_V06,0,-0.220,1.200,2483,0,302405.530,70,0,285579.921
KMAX20181229-10,KMAX20181229_163542_V06,2,0.483,1.200,2485,0,100304.717,26,0,96093.321
KMAX20181229-10,KMAX20181229_163542_V06,4,0.879,1.200,2481,0,22145.988,45,0,19047.413
KMAX20181229-10,KMAX20181229_163542_V06,6,1.318,1.200,2483,0,1699.610,22,0,1595.413
KMAX20181229-10,KMAX20181229_163542_V06,10,1.802,1.200,1240,0,120.005,14,0,59.687
KMAX20181229-10,KMAX20181229_163542_V06,11,2.417,1.200,1244,0,71.533,4,0,49.691
KMAX20181229-10,KMAX20181229_164219_V06,0,-0.220,1.200,532,0,155899.266,36,0,132491.240
KMAX20181229-10,KMAX20181229_164219_V06,2,0.483,1.200,530,0,96617.978,32,0,77774.951
KMAX20181229-10,KMAX20181229_164219_V06,4,0.879,1.200,530,0,22296.246,23,0,20027.800
KMAX20181229-10,KMAX20181229_164219_V06,6,1.318,1.200,530,0,2719.973,14,0,2273.749
KMAX20181229-10,KMAX20181229_164219_V06,10,1.802,1.200,265,0,23.799,1,0,20.186
KMAX20181229-10,KMAX20181229_164219_V06,11,2.417,1.200,264,0,23.878,1,0,17.682
KMAX20181230-2,KMAX20181230_144348_V06,0,-0.220,1.200,128,0,29708.932,2,0,27708.020
KMAX20181230-2,KMAX20181230_144348_V06,2,0.483,1.200,128,0,51268.588,3,0,48627.966
KMAX20181230-2,KMAX20181230_144348_V06,4,0.879,1.200,129,0,33207.359,3,0,32723.921
KMAX20181230-2,KMAX20181230_144348_V06,6,1.318,1.200,129,0,915.346,5,0,897.564
KMAX20181230-2,KMAX20181230_144348_V06,10,1.802,1.200,65,0,0.189,0,0,0.189
KMAX20181230-2,KMAX20181230_144348_V06,11,2.417,1.200,66,0,0.192,0,0,0.192
KMAX20181230-2,KMAX20181230_144348_V06,12,3.120,1.200,66,0,0.192,0,0,0.192
KMAX20181230-2,KMAX20181230_145025_V06,0,-0.220,1.200,1116,0,353151.996,42,0,269229.629
KMAX20181230-2,KMAX20181230_145025_V06,2,0.483,1.200,1116,0,145673.084,42,0,127358.722
KMAX20181230-2,KMAX20181230_145025_V06,4,0.879,1.200,1116,0,46886.690,18,0,46775.779
KMAX20181230-2,KMAX20181230_145025_V06,6,1.318,1.200,1120,0,3468.285,8,0,3449.365
KMAX20181230-2,KMAX20181230_145025_V06,10,1.802,1.200,562,0,6.993,0,0,6.993
KMAX20181230-2,KMAX20181230_145025_V06,11,2.417,1.200,559,0,9.431,2,0,1.634
KMAX20181230-2,KMAX20181230_150339_V06,0,-0.220,1.200,6276,0,469574.990,173,0,438693.507
KMAX20181230-2,KMAX20181230_150339_V06,2,0.483,1.200,6281,0,102198.721,91,0,92416.478
KMAX20181230-2,KMAX20181230_150339_V06,4,0.879,1.200,6283,0,76345.735,114,0,72259.365
KMAX20181230-2,KMAX20181230_150339_V06,6,1.318,1.200,6286,0,5242.524,82,0,4917.402
KMAX20181230-2,KMAX20181230_150339_V06,10,1.802,1.200,3137,0,169.614,14,0,110.767
KMAX20181230-2,KMAX20181230_150339_V06,11,2.417,1.200,3144,0,202.984,17,0,128.216
KMAX20181230-2,KMAX20181230_151016_V06,0,-0.220,1.200,580,2,242572.916,35,0,157407.686
KMAX20181230-2,KMAX20181230_151016_V06,2,0.483,1.200,580,0,106253.147,17,0,105993.769
KMAX20181230-2,KMAX20181230_151016_V06,4,0.879,1.200,581,0,81615.545,17,0,78165.694
KMAX20181230-2,KMAX20181230_151016_V06,6,1.318,1.200,579,0,4591.661,14,0,4456.729
KMAX20181230-2,KMAX20181230_151016_V06,10,1.802,1.200,288,0,25.155,3,0,12.442
KMAX20181230-2,KMAX20181230_151016_V06,11,2.417,1.200,287,0,27.961,0,0,27.961
KMAX20181230-2,KMAX20181230_151652_V06,0,-0.220,1.200,2848,0,426065.988,72,0,373279.572
KMAX20181230-2,KMAX20181230_151652_V06,2,0.483,1.200,2847,0,93807.429,64,0,88658.709
KMAX20181230-2,KMAX20181230_151652_V06,4,0.879,1.200,2843,0,58239.748,46,0,55603.104
KMAX20181230-2,KMAX20181230_151652_V06,6,1.318,1.200,2847,0,3274.004,31,0,3098.992
KMAX20181230-2,KMAX20181230_151652_V06,10,1.802,1.200,1419,0,172.614,13,0,87.342
KMAX20181230-2,KMAX20181230_151652_V06,11,2.417,1.200,1420,0,72.929,7,0,34.766
KMAX20181230-2,KMAX20181230_152330_V06,0,-0.220,1.200,396,0,83390.781,23,0,78455.580
KMAX20181230-2,KMAX20181230_152330_V06,2,0.483,1.200,398,0,61428.670,10,0,60204.776
KMAX20181230-2,KMAX20181230_152330_V06,4,0.879,1.200,400,0,92807.815,16,0,83635.446
KMAX20181230-2,KMAX20181230_152330_V06,6,1.318,1.200,398,0,5774.759,8,0,5740.938
KMAX20181230-2,KMAX20181230_152330_V06,10,1.802,1.200,199,0,14.667,0,0,14.667
KMAX20181230-2,KMAX20181230_152330_V06,11,2.417,1.200,199,0,0.595,0,0,0.595
KMAX20181230-5,KMAX20181230_153616_V06,0,-0.220,1.200,538,0,180984.437,18,0,178660.263
KMAX20181230-5,KMAX20181230_153616_V06,2,0.483,1.200,538,0,134012.257,21,0,124990.961
KMAX20181230-5,KMAX20181230_153616_V06,4,0.879,1.200,534,0,79466.288,16,0,79389.565
KMAX20181230-5,KMAX20181230_153616_V06,6,1.318,1.200,540,0,1477.438,1,0,1476.385
KMAX20181230-5,KMAX20181230_153616_V06,10,1.802,1.200,269,0,0.806,0,0,0.806
KMAX20181230-5,KMAX20181230_153616_V06,11,2.417,1.200,269,0,30.694,4,0,4.226
KMAX20181230-5,KMAX20181230_154253_V06,0,-0.220,1.200,1750,0,343118.626,75,0,306920.770
KMAX20181230-5,KMAX20181230_154253_V06,2,0.483,1.200,1751,0,145691.780,51,0,130695.619
KMAX20181230-5,KMAX20181230_154253_V06,4,0.879,1.200,1752,0,64646.628,18,0,58299.776
KMAX20181230-5,KMAX20181230_154253_V06,6,1.318,1.200,1754,0,2802.416,21,0,2695.641
KMAX20181230-5,KMAX20181230_154253_V06,10,1.802,1.200,876,0,63.754,7,0,34.556
KMAX20181230-5,KMAX20181230_154253_V06,11,2.417,1.200,879,0,40.363,3,0,24.061
KMAX20181230-8,KMAX20181230_161750_V06,0,-0.220,1.200,456,0,209685.437,26,0,175803.298
KMAX20181230-8,KMAX20181230_161750_V06,2,0.483,1.200,456,0,153979.222,16,0,138345.774
KMAX20181230-8,KMAX20181230_161750_V06,4,0.879,1.200,456,0,56697.382,24,0,55793.424
KMAX20181230-8,KMAX20181230_161750_V06,6,1.318,1.200,456,0,5713.287,3,0,5692.543
KMAX20181230-8,KMAX20181230_161750_V06,10,1.802,1.200,228,0,24.328,3,0,11.814
KMAX20181230-8,KMAX20181230_161750_V06,11,2.417,1.200,231,0,0.688,0,0,0.688
KMAX20181230-8,KMAX20181230_162427_V06,0,-0.220,1.200,1981,0,313537.237,71,0,299082.642
KMAX20181230-8,KMAX20181230_162427_V06,2,0.483,1.200,1979,0,115234.693,53,0,114370.636
KMAX20181230-8,KMAX20181230_162427_V06,4,0.879,1.200,1983,0,62332.238,21,0,62233.776
KMAX20181230-8,KMAX20181230_162427_V06,6,1.318,1.200,1985,0,5819.153,22,0,5675.078
KMAX20181230-8,KMAX20181230_162427_V06,10,1.802,1.200,992,0,69.118,4,0,42.957
KMAX20181230-8,KMAX20181230_162427_V06,11,2.417,1.200,993,0,58.012,2,0,47.844
KMAX20181230-11,KMAX20181230_164417_V06,0,-0.220,1.200,566,0,92496.436,19,0,91169.565
KMAX20181230-11,KMAX20181230_164417_V06,2,0.483,1.200,566,0,137091.258,17,0,107663.499
KMAX20181230-11,KMAX20181230_164417_V06,4,0.879,1.200,567,0,51482.180,13,0,50815.953
KMAX20181230-11,KMAX20181230_164417_V06,6,1.318,1.200,567,0,3203.467,4,0,3195.436
KMAX20181230-11,KMAX20181230_164417_V06,10,1.802,1.200,284,0,23.882,2,0,7.419
KMAX20181230-11,KMAX20181230_164417_V06,11,2.417,1.200,284,0,0.858,0,0,0.858
KMAX20181230-11,KMAX20181230_165053_V06,0,-0.220,1.200,1784,0,359753.463,94,0,308552.409
KMAX20181230-11,KMAX20181230_165053_V06,2,0.483,1.200,1784,0,116229.443,51,0,99846.680
KMAX20181230-11,KMAX20181230_165053_V06,4,0.879,1.200,1785,0,30382.697,14,0,27982.848
KMAX20181230-11,KMAX20181230_165053_V06,6,1.318,1.200,1785,0,3453.849,20,0,3392.302
KMAX20181230-11,KMAX20181230_165053_V06,10,1.802,1.200,891,0,49.768,4,0,32.770
KMAX20181230-11,KMAX20181230_165053_V06,11,2.417,1.200,891,0,70.317,6,0,46.338
KMAX20181231-1,KMAX20181231_144610_V06,0,-0.220,1.200,481,0,242618.551,23,0,229100.268
KMAX20181231-1,KMAX20181231_144610_V06,2,0.483,1.200,481,0,74966.465,18,0,71514.045
KMAX20181231-1,KMAX20181231_144610_V06,4,0.879,1.200,480,0,76273.805,12,0,36405.940
KMAX20181231-1,KMAX20181231_144610_V06,6,1.318,1.200,481,0,17175.300,17,0,6767.577
KMAX20181231-1,KMAX20181231_144610_V06,8,1.802,1.200,241,0,10.554,2,0,0.697
KMAX20181231-1,KMAX20181231_144610_V06,11,2.417,1.200,243,0,0.710,0,0,0.710
KMAX20181231-1,KMAX20181231_145228_V06,0,-0.220,1.200,1533,0,332160.631,83,0,306272.450
KMAX20181231-1,KMAX20181231_145228_V06,2,0.483,1.200,1534,0,91164.166,34,0,82335.995
KMAX20181231-1,KMAX20181231_145228_V06,4,0.879,1.200,1533,0,62482.027,27,0,47451.751
KMAX20181231-1,KMAX20181231_145228_V06,6,1.318,1.200,1534,0,12601.489,29,0,6048.717
KMAX20181231-1,KMAX20181231_145228_V06,10,1.802,1.200,770,0,51.660,2,0,44.496
KMAX20181231-1,KMAX20181231_145228_V06,11,2.417,1.200,766,0,34.263,4,0,8.803
KMAX20181231-1,KMAX20181231_150541_V06,0,-0.220,1.200,387,0,132968.008,19,0,126426.301
KMAX20181231-1,KMAX20181231_150541_V06,2,0.483,1.200,389,0,103887.127,7,0,102445.964
KMAX20181231-1,KMAX20181231_150541_V06,4,0.879,1.200,389,0,60269.420,6,0,58944.513
KMAX20181231-1,KMAX20181231_150541_V06,8,1.318,1.200,389,0,3091.780,7,0,2992.658
KMAX20181231-1,KMAX20181231_150541_V06,10,1.802,1.200,195,0,14.363,2,0,6.229
KMAX20181231-1,KMAX20181231_150541_V06,11,2.417,1.200,195,0,0.580,0,0,0.580
KMAX20181231-1,KMAX20181231_151552_V06,0,-0.220,1.200,1685,0,321319.805,79,0,291871.734
KMAX20181231-1,KMAX20181231_151552_V06,2,0.483,1.200,1685,0,116285.766,37,0,114374.035
KMAX20181231-1,KMAX20181231_151552_V06,4,0.879,1.200,1687,0,68247.355,24,0,66207.022
KMAX20181231-1,KMAX20181231_151552_V06,8,1.318,1.200,1684,0,3287.716,16,0,3053.378
KMAX20181231-1,KMAX20181231_151552_V06,10,1.802,1.200,846,0,57.346,5,0,29.066
KMAX20181231-1,KMAX20181231_151552_V06,11,2.417,1.200,846,0,39.722,4,0,18.465
KMAX20181231-1,KMAX20181231_152614_V06,0,-0.220,1.200,544,0,169920.864,24,0,165766.278
KMAX20181231-1,KMAX20181231_152614_V06,2,0.483,1.200,545,0,104855.897,10,0,99992.028
KMAX20181231-1,KMAX20181231_152614_V06,4,0.879,1.200,545,0,70489.210,12,0,65810.776
KMAX20181231-1,KMAX20181231_152614_V06,8,1.318,1.200,545,0,4112.775,5,0,4035.309
KMAX20181231-1,KMAX20181231_152614_V06,10,1.802,1.200,274,0,0.818,0,0,0.818
KMAX20181231-1,KMAX20181231_152614_V06,11,2.417,1.200,273,0,0.816,0,0,0.816
KMAX20181231-1,KMAX20181231_153635_V06,0,-0.220,1.200,4807,0,257285.101,121,0,242490.111
KMAX20181231-1,KMAX20181231_153635_V06,2,0.483,1.200,4810,0,67189.256,78,0,66134.532
KMAX20181231-1,KMAX20181231_153635_V06,4,0.879,1.200,4807,0,48819.592,86,0,41777.521
KMAX20181231-1,KMAX20181231_153635_V06,8,1.318,1.200,4809,0,6198.704,74,0,5718.849
KMAX20181231-1,KMAX20181231_153635_V06,10,1.802,1.200,2406,0,146.682,10,0,108.020
KMAX20181231-1,KMAX20181231_153635_V06,11,2.417,1.200,2407,0,94.315,9,0,49.792
KMAX20181231-1,KMAX20181231_154657_V06,0,-0.220,1.200,565,0,114973.653,14,0,106277.292
KMAX20181231-1,KMAX20181231_154657_V06,2,0.483,1.200,565,0,133026.750,17,0,121917.036
KMAX20181231-1,KMAX20181231_154657_V06,4,0.879,1.200,564,0,75235.265,8,0,75077.268
KMAX20181231-1,KMAX20181231_154657_V06,8,1.318,1.200,565,0,2276.509,3,0,2269.068
KMAX20181231-1,KMAX20181231_154657_V06,10,1.802,1.200,282,0,75.064,9,0,13.874
KMAX20181231-1,KMAX20181231_154657_V06,11,2.417,1.200,281,0,20.744,1,0,16.519
KMAX20181231-8,KMAX20181231_161213_V06,0,-0.220,1.200,554,0,234689.092,45,0,194715.441
KMAX20181231-8,KMAX20181231_161213_V06,2,0.483,1.200,555,0,105699.440,27,0,83600.695
KMAX20181231-8,KMAX20181231_161213_V06,4,0.879,1.200,553,0,42152.783,9,0,35531.986
KMAX20181231-8,KMAX20181231_161213_V06,6,1.318,1.200,554,0,3301.581,9,0,3271.698
KMAX20181231-8,KMAX20181231_161213_V06,10,1.802,1.200,277,0,20.728,3,0,3.853
KMAX20181231-8,KMAX20181231_161213_V06,11,2.417,1.200,277,0,9.551,1,0,5.697
KMAX20181231-8,KMAX20181231_161851_V06,0,-0.220,1.200,1788,0,286941.269,75,0,263976.118
KMAX20181231-8,KMAX20181231_161851_V06,2,0.483,1.200,1787,0,168260.684,20,0,167348.006
KMAX20181231-8,KMAX20181231_161851_V06,4,0.879,1.200,1790,0,54964.453,26,0,53605.776
KMAX20181231-8,KMAX20181231_161851_V06,8,1.318,1.200,1792,0,4089.346,19,0,4001.915
KMAX20181231-8,KMAX20181231_161851_V06,10,1.802,1.200,897,0,33.844,3,0,16.260
KMAX20181231-8,KMAX20181231_161851_V06,11,2.417,1.200,898,0,21.175,2,0,14.787
KMAX20181231-8,KMAX20181231_162902_V06,0,-0.220,1.200,160,0,53547.736,6,0,50324.696
KMAX20181231-8,KMAX20181231_162902_V06,2,0.483,1.200,161,0,136714.200,6,0,134125.512
KMAX20181231-8,KMAX20181231_162902_V06,4,0.879,1.200,162,0,82548.384,6,0,68414.826
KMAX20181231-8,KMAX20181231_162902_V06,8,1.318,1.200,161,0,4664.187,0,0,4664.187
KMAX20181231-8,KMAX20181231_162902_V06,10,1.802,1.200,80,0,21.997,4,0,6.225
KMAX20181231-8,KMAX20181231_162902_V06,11,2.417,1.200,80,0,12.563,0,0,12.563
KMAX20181231-8,KMAX20181231_163925_V06,0,-0.220,1.200,1352,0,213199.335,48,0,207199.937
KMAX20181231-8,KMAX20181231_163925_V06,2,0.483,1.200,1355,0,126950.094,29,0,126269.331
KMAX20181231-8,KMAX20181231_163925_V06,4,0.879,1.200,1360,0,63911.125,25,0,63417.629
KMAX20181231-8,KMAX20181231_163925_V06,8,1.318,1.200,1361,0,5043.594,21,0,4717.206
KMAX20181231-8,KMAX20181231_163925_V06,10,1.802,1.200,680,0,45.394,6,0,20.739
KMAX20181231-8,KMAX20181231_163925_V06,11,2.417,1.200,682,0,31.582,3,0,16.931
