track_id,filename,sweep_idx,sweep_angle,count_scaling,n_roost_pixels,n_refAbove40_pixels,n_refBelow40_animals,n_xcorrAbove0.95_pixels,n_xcorrBelow0.95_refAbove40_pixels,n_xcorrBelow0.95_refBelow40_animals
KLWX20140601-1,KLWX20140601_093723_V06,0,0.483,1.200,731,0,11599.577,15,0,11421.282
KLWX20140601-1,KLWX20140601_093723_V06,2,1.494,1.200,732,0,128.930,59,0,109.858
KLWX20140601-1,KLWX20140601_093723_V06,4,2.505,1.200,371,0,0.603,2,0,0.269
KLWX20140601-1,KLWX20140601_093723_V06,5,3.516,1.200,366,0,0.624,2,0,0.265
KLWX20140601-1,KLWX20140601_093723_V06,6,4.482,1.200,364,0,0.266,0,0,0.266
KLWX20140601-2,KLWX20140601_094710_V06,0,0.483,1.200,31,0,128.910,2,0,114.435
KLWX20140601-2,KLWX20140601_094710_V06,2,1.494,1.200,30,0,0.047,0,0,0.047
KLWX20140601-2,KLWX20140601_094710_V06,4,2.505,1.200,19,0,0.060,0,0,0.060
KLWX20140601-4,KLWX20140601_095657_V06,0,0.483,1.200,50,0,829.196,3,0,777.332
KLWX20140601-4,KLWX20140601_095657_V06,2,1.494,1.200,49,0,0.161,0,0,0.161
KLWX20140604-1,KLWX20140604_085556_V06,0,0.483,1.200,111,0,19.866,37,0,10.947
KLWX20140604-1,KLWX20140604_085556_V06,2,1.494,1.200,111,0,0.461,1,0,0.317
KLWX20140604-1,KLWX20140604_085556_V06,4,2.505,1.200,56,0,0.049,0,0,0.049
KLWX20140604-1,KLWX20140604_085556_V06,5,3.516,1.200,56,0,0.049,0,0,0.049
KLWX20140604-1,KLWX20140604_085556_V06,6,4.482,1.200,54,0,0.048,0,0,0.048
KLWX20140605-16,KLWX20140605_094519_V06,0,0.483,1.200,1152,0,4810.518,371,0,1349.199
KLWX20140605-16,KLWX20140605_094519_V06,2,0.879,1.200,1162,0,4488.957,287,0,732.075
KLWX20140605-16,KLWX20140605_094519_V06,4,1.318,1.200,1165,0,4675.180,187,0,434.902
KLWX20140605-16,KLWX20140605_094519_V06,6,1.802,1.200,553,0,234.390,19,0,100.534
KLWX20140605-16,KLWX20140605_094519_V06,7,2.417,1.200,555,0,149.115,23,0,25.454
KLWX20140605-16,KLWX20140605_094519_V06,8,3.120,1.200,556,0,101.420,18,0,16.778
KLWX20140605-16,KLWX20140605_094519_V06,9,3.999,1.200,557,0,0.970,0,0,0.970
KLWX20140605-16,KLWX20140605_094925_V06,0,0.483,1.200,2944,0,8010.378,637,0,1821.338
KLWX20140605-16,KLWX20140605_094925_V06,2,0.879,1.200,2938,0,6061.121,576,0,839.171
KLWX20140605-16,KLWX20140605_094925_V06,4,1.318,1.200,2952,0,7086.815,462,0,301.680
KLWX20140605-16,KLWX20140605_094925_V06,6,1.802,1.200,1473,0,7382.366,179,0,124.844
KLWX20140605-16,KLWX20140605_094925_V06,7,2.417,1.200,1479,0,7937.359,231,0,135.617
KLWX20140605-16,KLWX20140605_094925_V06,8,3.120,1.200,1480,0,655.778,87,0,93.017
KLWX20140605-16,KLWX20140605_094925_V06,9,3.999,1.200,1468,0,11.489,0,0,11.489
KLWX20140605-16,KLWX20140605_095331_V06,0,0.483,1.200,5643,0,20959.063,1513,0,3510.788
KLWX20140605-16,KLWX20140605_095331_V06,2,0.879,1.200,5645,0,17117.408,1443,0,1420.818
KLWX20140605-16,KLWX20140605_095331_V06,4,1.318,1.200,5639,0,15967.117,1146,0,1241.428
KLWX20140605-16,KLWX20140605_095331_V06,6,1.802,1.200,2815,0,19988.322,450,0,1709.370
KLWX20140605-16,KLWX20140605_095331_V06,7,2.417,1.200,2816,0,20934.008,591,0,236.611
KLWX20140605-16,KLWX20140605_095331_V06,8,3.120,1.200,2826,0,5879.782,268,0,209.780
KLWX20140605-16,KLWX20140605_095331_V06,9,3.999,1.200,2824,0,105.274,21,0,14.620
KLWX20140605-16,KLWX20140605_095753_V06,0,0.483,1.200,7236,0,30222.884,1833,0,3933.511
KLWX20140605-16,KLWX20140605_095753_V06,2,0.879,1.200,7240,0,23483.752,1830,0,1649.658
KLWX20140605-16,KLWX20140605_095753_V06,4,1.318,1.200,7239,0,29362.896,1613,0,1767.465
KLWX20140605-16,KLWX20140605_095753_V06,6,1.802,1.200,3617,0,33411.486,654,0,1088.768
KLWX20140605-16,KLWX20140605_095753_V06,7,2.417,1.200,3618,0,27396.044,704,0,921.293
KLWX20140605-16,KLWX20140605_095753_V06,8,3.120,1.200,3626,0,7486.933,367,0,655.336
KLWX20140605-11,KLWX20140605_091304_V06,0,0.483,1.200,995,0,19121.216,216,0,622.876
KLWX20140605-11,KLWX20140605_091304_V06,2,0.879,1.200,997,0,15485.222,173,0,510.739
KLWX20140605-11,KLWX20140605_091304_V06,4,1.318,1.200,1001,0,2232.091,62,0,155.093
KLWX20140605-11,KLWX20140605_091304_V06,6,1.802,1.200,496,0,2.415,0,0,2.415
KLWX20140605-17,KLWX20140605_094925_V06,0,0.483,1.200,6989,20,1256899.990,2724,0,17625.848
KLWX20140605-17,KLWX20140605_094925_V06,2,0.879,1.200,7002,15,717628.855,2170,0,1068.833
KLWX20140605-17,KLWX20140605_094925_V06,4,1.318,1.200,7007,5,406183.330,1415,0,293.324
KLWX20140605-17,KLWX20140605_094925_V06,6,1.802,1.200,3502,3,195971.798,290,0,541.273
KLWX20140605-17,KLWX20140605_094925_V06,7,2.417,1.200,3503,0,115779.543,130,0,1056.933
KLWX20140605-17,KLWX20140605_094925_V06,8,3.120,1.200,3500,0,72935.821,90,0,38.113
KLWX20140605-17,KLWX20140605_094925_V06,9,3.999,1.200,3506,0,5218.370,61,0,744.492
KLWX20140605-17,KLWX20140605_094925_V06,10,5.098,1.200,3515,0,165.678,27,0,9.242
KLWX20140605-23,KLWX20140605_101950_V06,0,0.483,1.200,6351,0,23426.609,261,0,1595.656
KLWX20140605-23,KLWX20140605_101950_V06,2,1.450,1.200,6356,0,813.993,39,0,123.607
KLWX20140605-23,KLWX20140605_102541_V06,0,0.483,1.200,4716,0,12070.924,229,0,770.632
KLWX20140605-23,KLWX20140605_102541_V06,2,1.450,1.200,4718,0,117.264,8,0,21.448
KLWX20140606-1,KLWX20140606_095812_V06,0,0.483,1.200,29,0,314.570,2,0,312.544
KLWX20140606-1,KLWX20140606_095812_V06,2,1.494,1.200,30,0,0.037,0,0,0.037
KLWX20140606-1,KLWX20140606_095812_V06,4,2.505,1.200,15,0,0.036,0,0,0.036
KLWX20140607-1,KLWX20140607_093051_V06,0,0.483,1.200,213,0,12187.387,2,0,12137.199
KLWX20140607-1,KLWX20140607_093051_V06,2,1.494,1.200,212,0,5.987,0,0,5.987
KLWX20140607-1,KLWX20140607_093051_V06,4,2.505,1.200,107,0,30.577,5,0,11.854
KLWX20140607-1,KLWX20140607_093051_V06,5,3.516,1.200,106,0,96.335,4,0,31.042
KLWX20140608-1,KLWX20140608_092206_V06,0,0.483,1.200,7132,0,35405.696,890,0,32113.222
KLWX20140608-1,KLWX20140608_092206_V06,2,1.494,1.200,7132,0,719.817,1455,0,467.857
KLWX20140608-1,KLWX20140608_092206_V06,4,2.505,1.200,3568,0,39.588,81,0,29.086
KLWX20140608-1,KLWX20140608_092206_V06,5,3.516,1.200,3572,0,29.189,52,0,15.382
KLWX20140608-1,KLWX20140608_092206_V06,6,4.482,1.200,3575,0,6.184,8,0,5.156
KLWX20140611-4,KLWX20140611_091737_V06,0,0.483,1.200,379,0,5371.824,172,0,318.657
KLWX20140611-4,KLWX20140611_091737_V06,2,0.879,1.200,380,0,27075.989,207,0,284.885
KLWX20140611-4,KLWX20140611_091737_V06,4,1.318,1.200,380,0,26317.082,196,0,9.818
KLWX20140611-4,KLWX20140611_091737_V06,6,1.802,1.200,190,0,54773.237,67,0,216.767
KLWX20140611-4,KLWX20140611_091737_V06,7,2.417,1.200,189,2,121614.454,81,0,9676.880
KLWX20140611-4,KLWX20140611_091737_V06,8,3.120,1.200,191,5,40488.914,82,0,23.043
KLWX20140611-4,KLWX20140611_091737_V06,9,3.999,1.200,191,5,69521.892,77,0,54.536
KLWX20140611-15,KLWX20140611_104713_V06,0,0.483,1.200,1984,0,5266.646,375,0,1889.438
KLWX20140611-15,KLWX20140611_104713_V06,2,0.879,1.200,1982,0,6665.214,529,0,2097.775
KLWX20140611-15,KLWX20140611_104713_V06,4,1.318,1.200,1982,0,7172.657,502,0,918.533
KLWX20140611-15,KLWX20140611_104713_V06,6,1.802,1.200,990,0,5427.493,81,0,108.708
KLWX20140611-15,KLWX20140611_104713_V06,7,2.417,1.200,997,0,8119.596,103,0,315.398
KLWX20140611-15,KLWX20140611_104713_V06,8,3.120,1.200,998,0,9544.956,114,0,1779.509
KLWX20140611-15,KLWX20140611_104713_V06,9,3.999,1.200,995,0,991.324,30,0,7.815
KLWX20140612-2,KLWX20140612_084600_V06,0,0.483,1.200,375,3,372267.943,143,0,18172.133
KLWX20140612-2,KLWX20140612_084600_V06,2,0.879,1.200,373,14,1135822.809,150,0,49375.624
KLWX20140612-2,KLWX20140612_084600_V06,4,1.318,1.200,374,18,985700.612,136,0,297.259
KLWX20140612-2,KLWX20140612_084600_V06,6,1.802,1.200,191,0,902164.168,46,0,11493.279
KLWX20140612-3,KLWX20140612_085119_V06,0,0.483,1.200,1931,0,13422.054,758,0,1647.860
KLWX20140612-3,KLWX20140612_085119_V06,2,0.879,1.200,1931,0,6099.865,922,0,1124.782
KLWX20140612-3,KLWX20140612_085119_V06,4,1.318,1.200,1934,0,8245.490,1120,0,727.502
KLWX20140612-3,KLWX20140612_085119_V06,6,1.802,1.200,966,0,10674.540,500,0,757.290
KLWX20140612-3,KLWX20140612_085119_V06,7,2.417,1.200,964,0,14296.956,531,0,1513.511
KLWX20140612-3,KLWX20140612_085119_V06,8,3.120,1.200,966,0,16130.722,598,0,587.598
KLWX20140612-3,KLWX20140612_085119_V06,9,3.999,1.200,968,0,21939.769,621,0,1584.557
KLWX20140612-5,KLWX20140612_085119_V06,0,0.483,1.200,5337,0,2054798.452,2039,0,2726.627
KLWX20140612-5,KLWX20140612_085119_V06,2,0.879,1.200,5335,0,2184923.416,1813,0,63831.186
KLWX20140612-5,KLWX20140612_085119_V06,4,1.318,1.200,5345,1,3676681.457,1863,0,387367.996
KLWX20140612-5,KLWX20140612_085119_V06,6,1.802,1.200,2673,0,1128885.895,990,0,75987.308
KLWX20140612-7,KLWX20140612_085432_V06,0,0.483,1.200,10161,0,78609.097,3411,0,5778.145
KLWX20140612-7,KLWX20140612_085432_V06,2,0.879,1.200,10159,0,101101.982,3650,0,2379.705
KLWX20140612-7,KLWX20140612_085432_V06,4,1.318,1.200,10163,0,99197.117,3219,0,852.142
KLWX20140612-7,KLWX20140612_085432_V06,6,1.802,1.200,5084,0,101965.360,1371,0,1105.069
KLWX20140612-7,KLWX20140612_085432_V06,7,2.417,1.200,5078,0,197914.259,1430,0,13685.047
KLWX20140612-7,KLWX20140612_085432_V06,8,3.120,1.200,5089,0,143550.491,2192,0,3751.306
KLWX20140612-7,KLWX20140612_085432_V06,9,3.999,1.200,5102,0,93937.762,3095,0,2233.672
KLWX20140614-4,KLWX20140614_095731_V06,0,0.483,1.200,24,0,243.591,0,0,243.591
KLWX20140614-4,KLWX20140614_095731_V06,2,1.494,1.200,25,0,0.029,0,0,0.029
KLWX20140614-4,KLWX20140614_095731_V06,4,2.505,1.200,9,0,0.021,0,0,0.021
KLWX20140614-4,KLWX20140614_095731_V06,5,3.516,1.200,10,0,0.023,0,0,0.023
KLWX20140614-4,KLWX20140614_100716_V06,0,0.483,1.200,770,0,1020.794,7,0,1000.259
KLWX20140614-4,KLWX20140614_100716_V06,2,1.494,1.200,773,0,0.893,0,0,0.893
KLWX20140614-4,KLWX20140614_100716_V06,4,2.505,1.200,383,0,0.886,0,0,0.886
KLWX20140614-4,KLWX20140614_100716_V06,5,3.516,1.200,385,0,0.892,0,0,0.892
KLWX20140614-1,KLWX20140614_094745_V06,0,0.483,1.200,52,0,1620.989,1,0,1617.404
KLWX20140614-1,KLWX20140614_094745_V06,2,1.494,1.200,51,0,0.104,0,0,0.104
KLWX20140614-1,KLWX20140614_094745_V06,4,2.505,1.200,24,0,0.098,0,0,0.098
KLWX20140614-5,KLWX20140614_095731_V06,0,0.483,1.200,541,0,14054.206,36,0,13741.614
KLWX20140614-5,KLWX20140614_095731_V06,2,1.494,1.200,542,0,95.006,0,0,95.006
KLWX20140614-5,KLWX20140614_095731_V06,4,2.505,1.200,273,0,1568.539,0,0,1568.539
KLWX20140614-5,KLWX20140614_100716_V06,0,0.483,1.200,342,0,12655.473,15,0,11856.726
KLWX20140614-5,KLWX20140614_100716_V06,2,1.494,1.200,343,0,0.456,0,0,0.456
KLWX20140614-5,KLWX20140614_100716_V06,4,2.505,1.200,171,0,0.456,0,0,0.456
KLWX20140618-4,KLWX20140618_091424_V06,0,0.483,1.200,4513,0,57808.079,417,0,10266.849
KLWX20140618-4,KLWX20140618_092409_V06,0,0.483,1.200,7645,0,23638.731,174,0,3714.916
KLWX20140618-1,KLWX20140618_084512_V06,0,0.483,1.200,453,0,27470.520,8,0,27453.980
KLWX20140618-1,KLWX20140618_084512_V06,2,1.494,1.200,451,0,50.226,13,0,28.427
KLWX20140618-1,KLWX20140618_084512_V06,4,2.505,1.200,224,0,70.018,3,0,55.333
KLWX20140618-1,KLWX20140618_084512_V06,5,3.516,1.200,226,0,82.577,1,0,78.902
KLWX20140618-3,KLWX20140618_084512_V06,0,0.483,1.200,43,0,14156.124,0,0,14156.124
KLWX20140618-3,KLWX20140618_084512_V06,2,1.494,1.200,44,0,3.408,1,0,2.115
KLWX20140618-3,KLWX20140618_084512_V06,4,2.505,1.200,22,0,0.056,0,0,0.056
KLWX20140619-1,KLWX20140619_084739_V06,0,0.483,1.200,2991,0,19915.428,276,0,2400.289
KLWX20140619-1,KLWX20140619_084739_V06,2,0.879,1.200,2978,0,44453.230,519,0,2843.140
KLWX20140619-1,KLWX20140619_084739_V06,4,1.318,1.200,2981,0,49959.700,639,0,3375.263
KLWX20140619-3,KLWX20140619_091806_V06,0,0.483,1.200,388,0,14826.290,73,0,13475.975
KLWX20140619-3,KLWX20140619_091806_V06,2,0.879,1.200,387,0,913.514,26,0,747.884
KLWX20140619-3,KLWX20140619_091806_V06,4,1.318,1.200,384,0,228.477,14,0,182.047
KLWX20140619-3,KLWX20140619_091806_V06,6,1.802,1.200,193,0,86.218,0,0,86.218
KLWX20140619-3,KLWX20140619_091806_V06,7,2.417,1.200,195,0,50.171,1,0,40.998
KLWX20140619-3,KLWX20140619_091806_V06,8,3.120,1.200,190,0,12.794,0,0,12.794
KLWX20140619-4,KLWX20140619_092211_V06,0,0.483,1.200,7321,0,85807.283,1046,0,15995.804
KLWX20140619-4,KLWX20140619_092211_V06,2,0.879,1.200,7317,0,203183.734,1242,0,17280.396
KLWX20140619-4,KLWX20140619_092211_V06,4,1.318,1.200,7330,0,242796.224,989,0,17215.088
KLWX20140619-13,KLWX20140619_100059_V06,0,0.483,1.200,18977,0,344095.815,1429,0,25749.688
KLWX20140619-13,KLWX20140619_100059_V06,2,0.879,1.200,18977,0,871288.188,3099,0,61732.644
KLWX20140619-13,KLWX20140619_100059_V06,4,1.318,1.200,18984,0,843742.335,2152,0,58018.494
KLWX20140620-2,KLWX20140620_093625_V06,0,0.483,1.200,102,0,60337.211,2,0,60304.943
KLWX20140620-2,KLWX20140620_093625_V06,2,1.494,1.200,103,0,0.338,0,0,0.338
KLWX20140620-2,KLWX20140620_094610_V06,0,0.483,1.200,835,0,214477.226,43,0,211361.755
KLWX20140620-2,KLWX20140620_094610_V06,2,1.494,1.200,836,0,2.744,0,0,2.744
KLWX20140620-1,KLWX20140620_093625_V06,0,0.483,1.200,54,0,70618.866,1,0,70613.827
KLWX20140620-1,KLWX20140620_093625_V06,2,1.494,1.200,53,0,0.110,0,0,0.110
KLWX20140620-1,KLWX20140620_093625_V06,4,2.505,1.200,25,0,0.105,0,0,0.105
KLWX20140620-4,KLWX20140620_094610_V06,0,0.483,1.200,29,0,860.347,1,0,848.188
KLWX20140620-4,KLWX20140620_094610_V06,2,1.494,1.200,28,0,0.043,0,0,0.043
KLWX20140620-4,KLWX20140620_094610_V06,4,2.505,1.200,18,0,0.056,0,0,0.056
KLWX20140620-8,KLWX20140620_105422_V06,0,0.483,1.200,30,0,809.907,11,0,475.578
KLWX20140620-8,KLWX20140620_105422_V06,2,1.494,1.200,30,0,0.041,0,0,0.041
KLWX20140620-8,KLWX20140620_105422_V06,4,2.505,1.200,20,0,0.055,0,0,0.055
KLWX20140622-2,KLWX20140622_095743_V06,0,0.483,1.200,70,0,2302.165,1,0,2295.123
KLWX20140622-2,KLWX20140622_095743_V06,2,1.450,1.200,71,0,20.425,0,0,20.425
KLWX20140622-2,KLWX20140622_095743_V06,4,2.417,1.200,40,0,0.097,0,0,0.097
KLWX20140622-2,KLWX20140622_095743_V06,5,3.384,1.200,38,0,0.092,0,0,0.092
KLWX20140622-2,KLWX20140622_100240_V06,0,0.483,1.200,671,0,3712.118,16,0,3659.162
KLWX20140622-2,KLWX20140622_100240_V06,2,1.450,1.200,671,0,16.398,0,0,16.398
KLWX20140622-2,KLWX20140622_100240_V06,4,2.417,1.200,336,0,0.812,0,0,0.812
KLWX20140622-2,KLWX20140622_100240_V06,5,3.384,1.200,335,0,0.810,0,0,0.810
KLWX20140622-4,KLWX20140622_103718_V06,0,0.483,1.200,54,0,5824.475,4,0,5558.172
KLWX20140622-4,KLWX20140622_103718_V06,2,1.450,1.200,53,0,0.174,0,0,0.174
KLWX20140622-4,KLWX20140622_104216_V06,0,0.483,1.200,486,0,12940.176,27,0,11126.325
KLWX20140622-4,KLWX20140622_104216_V06,2,1.450,1.200,486,0,1.596,0,0,1.596
KLWX20140622-4,KLWX20140622_104713_V06,0,0.483,1.200,227,0,14089.768,26,0,12908.855
KLWX20140622-4,KLWX20140622_104713_V06,2,1.450,1.200,227,0,0.742,0,0,0.742
KLWX20140623-1,KLWX20140623_095029_V06,0,0.483,1.200,33,0,1028.526,0,0,1028.526
KLWX20140623-1,KLWX20140623_095029_V06,2,1.494,1.200,33,0,0.041,0,0,0.041
KLWX20140623-1,KLWX20140623_095029_V06,4,2.505,1.200,20,0,0.049,0,0,0.049
KLWX20140623-1,KLWX20140623_100015_V06,0,0.483,1.200,2627,0,3611.418,52,0,3331.039
KLWX20140623-1,KLWX20140623_100015_V06,2,1.494,1.200,2627,0,8.144,3,0,5.451
KLWX20140623-1,KLWX20140623_100015_V06,4,2.505,1.200,1313,0,17.722,0,0,17.722
KLWX20140623-1,KLWX20140623_101000_V06,0,0.483,1.200,73,0,2515.267,1,0,2506.069
KLWX20140623-1,KLWX20140623_101000_V06,2,1.494,1.200,73,0,42.269,1,0,41.095
KLWX20140623-1,KLWX20140623_101000_V06,4,2.505,1.200,38,0,0.092,0,0,0.092
KLWX20140624-1,KLWX20140624_100339_V06,0,0.483,1.200,59,0,602.005,3,0,594.106
KLWX20140624-1,KLWX20140624_100339_V06,2,1.494,1.200,60,0,38.697,0,0,38.697
KLWX20140624-1,KLWX20140624_100339_V06,4,2.505,1.200,26,0,0.063,0,0,0.063
KLWX20140630-1,KLWX20140630_090816_V06,0,0.483,1.200,10163,0,2291.668,1107,0,1975.001
KLWX20140630-1,KLWX20140630_090816_V06,2,1.494,1.200,10169,0,13.517,9,0,12.916
KLWX20140630-1,KLWX20140630_090816_V06,4,2.505,1.200,5087,0,6.629,0,0,6.629
KLWX20140630-1,KLWX20140630_090816_V06,5,3.516,1.200,5094,0,5.616,0,0,5.616
KLWX20140630-1,KLWX20140630_090816_V06,6,4.482,1.200,5102,0,6.264,0,0,6.264
KLWX20140630-2,KLWX20140630_090816_V06,0,0.483,1.200,239,0,991.084,7,0,975.927
KLWX20140630-2,KLWX20140630_090816_V06,2,1.494,1.200,240,0,0.211,0,0,0.211
KLWX20140630-2,KLWX20140630_090816_V06,4,2.505,1.200,120,0,0.211,0,0,0.211
KLWX20140630-2,KLWX20140630_090816_V06,5,3.516,1.200,120,0,0.212,0,0,0.212
KLWX20140703-1,KLWX20140703_091856_V06,0,0.483,1.200,341,0,11798.061,56,0,10326.112
KLWX20140703-1,KLWX20140703_091856_V06,2,0.879,1.200,340,0,523.226,34,0,422.667
KLWX20140703-1,KLWX20140703_091856_V06,4,1.318,1.200,339,0,2.178,0,0,2.178
KLWX20140703-1,KLWX20140703_091856_V06,6,1.802,1.200,167,0,0.319,0,0,0.319
KLWX20140703-1,KLWX20140703_091856_V06,7,2.417,1.200,168,0,0.321,0,0,0.321
KLWX20140703-1,KLWX20140703_091856_V06,8,3.120,1.200,167,0,0.320,0,0,0.320
KLWX20140703-1,KLWX20140703_092208_V06,0,0.483,1.200,1173,0,7390.526,168,0,5005.064
KLWX20140703-1,KLWX20140703_092208_V06,2,0.879,1.200,1172,0,544.362,83,0,352.856
KLWX20140703-1,KLWX20140703_092208_V06,4,1.318,1.200,1169,0,4.681,4,0,1.112
KLWX20140703-1,KLWX20140703_092208_V06,6,1.802,1.200,586,0,1.119,0,0,1.119
KLWX20140703-1,KLWX20140703_092208_V06,7,2.417,1.200,580,0,1.109,0,0,1.109
KLWX20140703-1,KLWX20140703_092208_V06,8,3.120,1.200,588,0,1.126,0,0,1.126
KLWX20140703-1,KLWX20140703_092520_V06,0,0.483,1.200,2509,0,5127.940,256,0,3729.448
KLWX20140703-1,KLWX20140703_092520_V06,2,0.879,1.200,2509,0,658.003,109,0,408.660
KLWX20140703-1,KLWX20140703_092520_V06,4,1.318,1.200,2512,0,9.628,6,0,2.393
KLWX20140703-1,KLWX20140703_092520_V06,6,1.802,1.200,1257,0,2.400,0,0,2.400
KLWX20140703-1,KLWX20140703_092520_V06,7,2.417,1.200,1255,0,2.400,0,0,2.400
KLWX20140703-1,KLWX20140703_092520_V06,8,3.120,1.200,1258,0,2.408,0,0,2.408
KLWX20140703-1,KLWX20140703_092832_V06,0,0.483,1.200,3270,0,6328.860,378,0,4078.223
KLWX20140703-1,KLWX20140703_092832_V06,2,0.879,1.200,3276,0,647.355,173,0,343.277
KLWX20140703-1,KLWX20140703_092832_V06,4,1.318,1.200,3274,0,24.986,14,0,13.818
KLWX20140703-1,KLWX20140703_092832_V06,6,1.802,1.200,1633,0,2.896,0,0,2.896
KLWX20140703-1,KLWX20140703_092832_V06,7,2.417,1.200,1640,0,2.911,0,0,2.911
KLWX20140703-1,KLWX20140703_092832_V06,8,3.120,1.200,1642,0,2.920,0,0,2.920
KLWX20140703-1,KLWX20140703_092832_V06,9,3.999,1.200,1642,0,2.925,0,0,2.925
KLWX20140703-3,KLWX20140703_095409_V06,0,0.483,1.200,182,0,8564.922,24,0,7983.351
KLWX20140703-3,KLWX20140703_095409_V06,2,0.879,1.200,185,0,347.845,16,0,280.819
KLWX20140703-3,KLWX20140703_095409_V06,4,1.318,1.200,182,0,26.763,2,0,11.132
KLWX20140703-3,KLWX20140703_095409_V06,6,1.802,1.200,90,0,22.083,0,0,22.083
KLWX20140703-3,KLWX20140703_095409_V06,7,2.417,1.200,90,0,0.217,0,0,0.217
KLWX20140703-3,KLWX20140703_095409_V06,8,3.120,1.200,92,0,0.222,0,0,0.222
KLWX20140703-3,KLWX20140703_095721_V06,0,0.483,1.200,670,0,19286.912,114,0,17249.563
KLWX20140703-3,KLWX20140703_095721_V06,2,0.879,1.200,674,0,892.781,56,0,720.631
KLWX20140703-3,KLWX20140703_095721_V06,4,1.318,1.200,675,0,159.593,15,0,121.713
KLWX20140703-3,KLWX20140703_095721_V06,6,1.802,1.200,338,0,11.567,0,0,11.567
KLWX20140703-3,KLWX20140703_095721_V06,7,2.417,1.200,339,0,56.920,3,0,38.904
KLWX20140703-3,KLWX20140703_095721_V06,8,3.120,1.200,338,0,10.847,0,0,10.847
KLWX20140704-10,KLWX20140704_102101_V06,0,0.483,1.200,123,0,2354.145,7,0,2306.586
KLWX20140704-10,KLWX20140704_102101_V06,2,0.879,1.200,120,0,1022.985,14,0,955.045
KLWX20140704-10,KLWX20140704_102101_V06,4,1.318,1.200,121,0,16.301,5,0,9.212
KLWX20140704-10,KLWX20140704_102101_V06,6,1.802,1.200,61,0,0.134,0,0,0.134
KLWX20140704-10,KLWX20140704_102101_V06,7,2.417,1.200,60,0,0.133,0,0,0.133
KLWX20140704-10,KLWX20140704_102101_V06,8,3.120,1.200,60,0,0.133,0,0,0.133
KLWX20140705-1,KLWX20140705_095802_V06,0,0.483,1.200,398,0,2888.767,29,0,2753.127
KLWX20140705-1,KLWX20140705_095802_V06,2,1.494,1.200,398,0,3.022,1,0,1.343
KLWX20140705-1,KLWX20140705_095802_V06,4,2.505,1.200,196,0,0.502,0,0,0.502
KLWX20140705-1,KLWX20140705_100747_V06,0,0.483,1.200,1821,0,7460.980,98,0,6996.427
KLWX20140705-1,KLWX20140705_100747_V06,2,1.494,1.200,1816,0,2.320,0,0,2.320
KLWX20140705-1,KLWX20140705_100747_V06,4,2.505,1.200,912,0,51.466,0,0,51.466
KLWX20140705-1,KLWX20140705_101733_V06,0,0.483,1.200,604,0,6098.168,55,0,5718.687
KLWX20140705-1,KLWX20140705_101733_V06,2,1.494,1.200,606,0,33.934,2,0,30.292
KLWX20140705-1,KLWX20140705_101733_V06,4,2.505,1.200,305,0,0.767,0,0,0.767
KLWX20140706-2,KLWX20140706_091927_V06,0,0.483,1.200,1015,0,3066.849,56,0,2808.312
KLWX20140706-2,KLWX20140706_091927_V06,2,1.494,1.200,1014,0,2.698,1,0,2.242
KLWX20140706-2,KLWX20140706_091927_V06,4,2.505,1.200,508,0,0.950,0,0,0.950
KLWX20140706-2,KLWX20140706_091927_V06,5,3.516,1.200,511,0,0.958,0,0,0.958
KLWX20140709-6,KLWX20140709_094845_V06,0,0.483,1.200,89,0,2248.538,14,0,1978.933
KLWX20140709-6,KLWX20140709_094845_V06,2,0.879,1.200,88,0,35.532,6,0,25.346
KLWX20140709-6,KLWX20140709_094845_V06,4,1.318,1.200,87,0,12.634,0,0,12.634
KLWX20140709-6,KLWX20140709_094845_V06,6,1.802,1.200,45,0,0.093,0,0,0.093
KLWX20140709-6,KLWX20140709_094845_V06,7,2.417,1.200,45,0,0.093,0,0,0.093
KLWX20140709-6,KLWX20140709_094845_V06,8,3.120,1.200,45,0,0.093,0,0,0.093
KLWX20140709-6,KLWX20140709_095223_V06,0,0.483,1.200,671,0,5810.710,66,0,4867.748
KLWX20140709-6,KLWX20140709_095223_V06,2,0.879,1.200,664,0,294.230,34,0,197.071
KLWX20140709-6,KLWX20140709_095223_V06,4,1.318,1.200,668,0,347.124,34,0,139.080
KLWX20140709-6,KLWX20140709_095223_V06,6,1.802,1.200,333,0,6.230,0,0,6.230
KLWX20140709-6,KLWX20140709_095223_V06,7,2.417,1.200,339,0,70.946,3,0,31.749
KLWX20140709-6,KLWX20140709_095223_V06,8,3.120,1.200,338,0,5.414,1,0,0.700
KLWX20140709-4,KLWX20140709_093747_V06,0,0.483,1.200,241,1,68540.515,31,1,54516.410
KLWX20140709-4,KLWX20140709_093747_V06,2,0.879,1.200,243,0,3541.490,26,0,3372.879
KLWX20140709-4,KLWX20140709_093747_V06,4,1.318,1.200,244,0,17.017,5,0,9.271
KLWX20140709-4,KLWX20140709_093747_V06,6,1.802,1.200,122,0,1.860,0,0,1.860
KLWX20140709-4,KLWX20140709_093747_V06,7,2.417,1.200,123,0,4.945,0,0,4.945
KLWX20140709-4,KLWX20140709_093747_V06,8,3.120,1.200,122,0,0.201,0,0,0.201
KLWX20140709-4,KLWX20140709_093747_V06,9,3.999,1.200,121,0,0.199,0,0,0.199
KLWX20140709-10,KLWX20140709_100439_V06,0,0.483,1.200,360,0,14870.801,14,0,13531.070
KLWX20140709-10,KLWX20140709_100439_V06,2,1.450,1.200,359,0,26.141,5,0,15.388
KLWX20140709-10,KLWX20140709_100439_V06,4,2.417,1.200,178,0,0.233,0,0,0.233
KLWX20140709-10,KLWX20140709_100439_V06,5,3.384,1.200,179,0,0.235,0,0,0.235
KLWX20140709-10,KLWX20140709_100439_V06,6,4.307,1.200,179,0,5.096,1,0,1.401
KLWX20140709-11,KLWX20140709_102920_V06,0,0.483,1.200,4829,0,9433.854,208,0,1247.526
KLWX20140709-11,KLWX20140709_102920_V06,2,1.450,1.200,4831,0,12653.893,179,0,1689.788
KLWX20140709-15,KLWX20140709_110356_V06,0,0.483,1.200,4280,0,95496.892,573,0,8087.708
KLWX20140710-2,KLWX20140710_094519_V06,0,0.483,1.200,2838,0,26416.838,134,0,22011.740
KLWX20140710-2,KLWX20140710_094519_V06,2,1.450,1.200,2841,0,7.885,0,0,7.885
KLWX20140710-2,KLWX20140710_095016_V06,0,0.483,1.200,4958,0,29058.276,205,0,22724.334
KLWX20140710-2,KLWX20140710_095016_V06,2,1.450,1.200,4956,0,22.887,1,0,18.844
KLWX20140710-2,KLWX20140710_095514_V06,0,0.483,1.200,7035,0,21430.453,222,0,15516.105
KLWX20140710-2,KLWX20140710_095514_V06,2,1.450,1.200,7046,0,19.986,0,0,19.986
KLWX20140711-1,KLWX20140711_094039_V06,0,0.483,1.200,2424,0,14433.744,41,0,13649.042
KLWX20140711-1,KLWX20140711_094039_V06,2,1.494,1.200,2426,0,6.335,0,0,6.335
KLWX20140711-1,KLWX20140711_095024_V06,0,0.483,1.200,5990,0,99584.530,194,0,91422.535
KLWX20140711-1,KLWX20140711_095024_V06,2,1.494,1.200,5998,0,51.797,2,0,41.870
KLWX20140711-1,KLWX20140711_100010_V06,0,0.483,1.200,10853,0,206951.126,656,0,190718.784
KLWX20140711-1,KLWX20140711_100010_V06,2,1.494,1.200,10860,0,676.070,24,0,533.518
KLWX20140712-1,KLWX20140712_094026_V06,0,0.483,1.200,1986,0,11031.359,24,0,10607.800
KLWX20140712-1,KLWX20140712_094026_V06,2,1.494,1.200,1982,0,5.904,0,0,5.904
KLWX20140712-1,KLWX20140712_095010_V06,0,0.483,1.200,5093,0,92010.496,138,0,87691.104
KLWX20140712-1,KLWX20140712_095010_V06,2,1.494,1.200,5102,0,34.629,0,0,34.629
KLWX20140712-1,KLWX20140712_095955_V06,0,0.483,1.200,12242,0,105357.225,603,0,91249.615
KLWX20140712-1,KLWX20140712_095955_V06,2,1.494,1.200,12255,0,193.196,7,0,97.856
KLWX20140713-4,KLWX20140713_085926_V06,0,0.483,1.200,1014,17,436711.718,273,0,3159.821
KLWX20140713-4,KLWX20140713_085926_V06,2,1.494,1.200,1016,46,554706.267,439,0,12076.611
KLWX20140713-4,KLWX20140713_085926_V06,4,2.505,1.200,513,25,960392.874,298,0,34.446
KLWX20140713-4,KLWX20140713_085926_V06,5,3.516,1.200,513,0,185343.625,132,0,51.436
KLWX20140713-4,KLWX20140713_090910_V06,0,0.483,1.200,3380,67,647141.242,397,1,637.810
KLWX20140713-4,KLWX20140713_090910_V06,2,1.450,1.200,3377,69,1124490.995,543,0,2629.181
KLWX20140713-4,KLWX20140713_090910_V06,4,2.417,1.200,1688,20,1572286.257,317,0,145.819
KLWX20140713-4,KLWX20140713_090910_V06,5,3.340,1.200,1690,0,153889.063,169,0,911.473
KLWX20140713-6,KLWX20140713_094353_V06,0,0.483,1.200,598,0,443.985,161,0,409.832
KLWX20140713-6,KLWX20140713_094353_V06,2,1.450,1.200,597,0,0.347,0,0,0.347
KLWX20140713-6,KLWX20140713_094353_V06,4,2.417,1.200,300,0,0.162,0,0,0.162
KLWX20140713-6,KLWX20140713_094353_V06,5,3.340,1.200,301,0,0.162,0,0,0.162
KLWX20140713-6,KLWX20140713_094353_V06,6,4.307,1.200,302,0,0.164,0,0,0.164
KLWX20140713-6,KLWX20140713_094353_V06,7,6.021,1.200,304,0,0.165,0,0,0.165
KLWX20140714-2,KLWX20140714_091503_V06,0,0.483,1.200,3340,0,1764345.820,1244,0,34537.340
KLWX20140714-2,KLWX20140714_091503_V06,2,0.879,1.200,3340,0,3208788.599,1539,0,103812.824
KLWX20140714-2,KLWX20140714_091503_V06,4,1.318,1.200,3346,0,1682908.884,1518,0,132439.736
KLWX20140714-3,KLWX20140714_091503_V06,0,0.483,1.200,2347,0,49439.669,387,0,2553.674
KLWX20140714-3,KLWX20140714_091503_V06,2,0.879,1.200,2348,0,130616.155,588,0,2505.650
KLWX20140714-3,KLWX20140714_091503_V06,4,1.318,1.200,2346,0,128049.423,665,0,4146.766
KLWX20140714-7,KLWX20140714_093616_V06,0,0.483,1.200,3512,0,6658.030,108,0,906.399
KLWX20140714-7,KLWX20140714_093616_V06,2,1.450,1.200,3511,0,57009.040,430,0,4567.913
KLWX20140714-7,KLWX20140714_094112_V06,0,0.483,1.200,2596,0,2273.257,62,0,388.942
KLWX20140714-7,KLWX20140714_094112_V06,2,1.450,1.200,2600,0,11498.158,213,0,1389.434
KLWX20140714-8,KLWX20140714_093616_V06,0,0.483,1.200,7959,0,25087.416,1718,0,6508.543
KLWX20140714-8,KLWX20140714_093616_V06,2,1.450,1.200,7960,0,87128.094,3290,0,8308.573
KLWX20140714-8,KLWX20140714_093616_V06,4,2.417,1.200,3985,0,255707.255,1951,0,22950.092
KLWX20140714-8,KLWX20140714_093616_V06,5,3.384,1.200,3984,0,221083.574,1772,0,27869.138
KLWX20140714-12,KLWX20140714_100058_V06,0,0.483,1.200,9738,0,89399.991,2217,0,11129.088
KLWX20140714-12,KLWX20140714_100058_V06,2,1.450,1.200,9752,0,130528.094,2966,0,10767.164
KLWX20140714-12,KLWX20140714_100058_V06,4,2.417,1.200,4879,0,249658.156,1432,0,27161.482
KLWX20140714-12,KLWX20140714_100058_V06,5,3.384,1.200,4881,0,39866.923,1052,0,2996.398
KLWX20140714-14,KLWX20140714_100555_V06,0,0.483,1.200,1355,0,44143.176,66,0,42579.184
KLWX20140714-14,KLWX20140714_100555_V06,2,1.450,1.200,1355,0,63.020,304,0,26.224
KLWX20140714-14,KLWX20140714_100555_V06,4,2.417,1.200,685,0,6.358,6,0,5.199
KLWX20140714-14,KLWX20140714_100555_V06,5,3.384,1.200,686,0,2.894,6,0,2.391
KLWX20140714-14,KLWX20140714_100555_V06,6,4.307,1.200,683,0,2.022,5,0,1.457
KLWX20140714-14,KLWX20140714_100555_V06,7,6.021,1.200,682,0,2.550,1,0,2.305
KLWX20140714-15,KLWX20140714_105237_V06,0,0.483,1.200,886,0,62908.317,429,0,11102.724
KLWX20140715-9,KLWX20140715_094548_V06,0,0.483,1.200,2217,0,16037.010,86,0,11999.863
KLWX20140715-9,KLWX20140715_094548_V06,2,1.450,1.200,2215,0,7.065,0,0,7.065
KLWX20140715-9,KLWX20140715_095044_V06,0,0.483,1.200,3628,0,32322.433,164,0,23408.378
KLWX20140715-9,KLWX20140715_095044_V06,2,1.450,1.200,3631,0,11.717,0,0,11.717
KLWX20140715-9,KLWX20140715_095540_V06,0,0.483,1.200,5606,0,29983.485,186,0,20074.606
KLWX20140715-9,KLWX20140715_095540_V06,2,1.450,1.200,5607,0,26.167,0,0,26.167
KLWX20140715-9,KLWX20140715_100037_V06,0,0.483,1.200,8644,0,19133.434,165,0,12284.761
KLWX20140715-9,KLWX20140715_100037_V06,2,1.450,1.200,8653,0,29.619,0,0,29.619
KLWX20140715-6,KLWX20140715_090834_V06,0,0.483,1.200,6986,0,90555.662,974,0,8733.570
KLWX20140715-6,KLWX20140715_090834_V06,2,0.879,1.200,6977,0,263083.835,1767,0,23808.585
KLWX20140715-6,KLWX20140715_090834_V06,4,1.318,1.200,6988,0,732742.288,3105,0,55139.363
KLWX20140715-6,KLWX20140715_091219_V06,0,0.483,1.200,9394,0,298017.989,1443,0,22124.345
KLWX20140715-6,KLWX20140715_091219_V06,2,0.879,1.200,9393,0,848765.717,2902,0,62233.893
KLWX20140715-6,KLWX20140715_091219_V06,4,1.318,1.200,9387,0,1367266.095,4426,0,104669.741
KLWX20140715-6,KLWX20140715_091606_V06,0,0.483,1.200,11435,0,741734.488,2475,0,47775.483
KLWX20140715-6,KLWX20140715_091606_V06,2,0.879,1.200,11433,0,1717058.965,3913,0,105347.922
KLWX20140715-6,KLWX20140715_091606_V06,4,1.318,1.200,11434,0,2154824.583,5552,0,126316.076
KLWX20140715-8,KLWX20140715_092723_V06,0,0.483,1.200,4669,0,1471395.796,2088,0,57192.323
KLWX20140715-8,KLWX20140715_092723_V06,2,0.879,1.200,4670,1,5290400.607,2512,0,233317.587
KLWX20140715-8,KLWX20140715_092723_V06,4,1.318,1.200,4678,0,4790221.560,2996,0,207218.497
KLWX20140715-8,KLWX20140715_093108_V06,0,0.483,1.200,6273,0,1264734.256,2901,0,52357.682
KLWX20140715-8,KLWX20140715_093108_V06,2,0.879,1.200,6279,0,4863887.832,3253,0,188443.262
KLWX20140715-8,KLWX20140715_093108_V06,4,1.318,1.200,6287,0,5662360.019,3603,0,268297.731
KLWX20140715-2,KLWX20140715_085715_V06,0,0.483,1.200,1327,0,10074.353,99,0,1381.722
KLWX20140715-2,KLWX20140715_085715_V06,2,0.879,1.200,1323,0,6785.362,85,0,1440.287
KLWX20140715-3,KLWX20140715_085715_V06,0,0.483,1.200,384,0,10816.997,87,0,71.880
KLWX20140715-3,KLWX20140715_085715_V06,2,0.879,1.200,389,0,17824.221,88,0,193.418
KLWX20140715-3,KLWX20140715_085715_V06,4,1.318,1.200,388,0,13416.032,80,0,102.306
KLWX20140715-3,KLWX20140715_085715_V06,6,1.802,1.200,193,0,5965.720,10,0,133.664
KLWX20140715-4,KLWX20140715_090101_V06,0,0.483,1.200,3028,0,90341.129,825,0,3210.128
KLWX20140715-4,KLWX20140715_090101_V06,2,0.879,1.200,3028,0,132550.588,1058,0,3571.974
KLWX20140715-4,KLWX20140715_090101_V06,4,1.318,1.200,3031,0,196989.624,1301,0,7825.147
KLWX20140715-4,KLWX20140715_090101_V06,6,1.802,1.200,1523,0,243618.830,513,0,11159.640
KLWX20140715-5,KLWX20140715_090447_V06,0,0.483,1.200,9534,0,85692.150,669,0,9074.728
KLWX20140715-5,KLWX20140715_090447_V06,2,0.879,1.200,9538,0,491576.525,1642,0,39412.093
KLWX20140715-5,KLWX20140715_090447_V06,4,1.318,1.200,9543,0,837840.609,2439,0,45381.591
KLWX20140715-7,KLWX20140715_092337_V06,0,0.483,1.200,8229,0,1010811.203,1876,0,43177.347
KLWX20140715-7,KLWX20140715_092337_V06,2,0.879,1.200,8227,0,3877038.843,2699,0,173265.449
KLWX20140715-7,KLWX20140715_092337_V06,4,1.318,1.200,8236,0,3849982.893,3675,0,183867.303
KLWX20140715-10,KLWX20140715_095540_V06,0,0.483,1.200,2337,0,495084.157,1534,0,14900.116
KLWX20140715-10,KLWX20140715_095540_V06,2,1.450,1.200,2336,0,694032.821,1450,0,139560.419
KLWX20140716-1,KLWX20140716_094027_V06,0,0.483,1.200,1152,0,3989.989,41,0,3374.018
KLWX20140716-1,KLWX20140716_094027_V06,2,1.450,1.200,1150,0,3.118,0,0,3.118
KLWX20140716-1,KLWX20140716_094524_V06,0,0.483,1.200,2555,0,15699.133,100,0,13967.521
KLWX20140716-1,KLWX20140716_094524_V06,2,1.450,1.200,2560,0,6.969,0,0,6.969
KLWX20140716-1,KLWX20140716_095021_V06,0,0.483,1.200,3849,0,23500.744,174,0,20498.527
KLWX20140716-1,KLWX20140716_095021_V06,2,1.450,1.200,3852,0,10.644,0,0,10.644
KLWX20140716-1,KLWX20140716_095518_V06,0,0.483,1.200,4866,0,31901.759,245,0,27704.776
KLWX20140716-1,KLWX20140716_095518_V06,2,1.450,1.200,4868,0,13.478,0,0,13.478
KLWX20140716-1,KLWX20140716_100015_V06,0,0.483,1.200,8341,0,22403.924,259,0,18528.001
KLWX20140716-1,KLWX20140716_100015_V06,2,1.450,1.200,8353,0,1256.245,17,0,376.441
KLWX20140716-5,KLWX20140716_110437_V06,0,0.483,1.200,39,0,1298.081,3,0,1172.619
KLWX20140716-5,KLWX20140716_110437_V06,2,1.450,1.200,37,0,0.123,0,0,0.123
KLWX20140717-2,KLWX20140717_093714_V06,0,0.483,1.200,1399,0,9821.051,24,0,9454.340
KLWX20140717-2,KLWX20140717_093714_V06,2,1.494,1.200,1397,0,3.852,0,0,3.852
KLWX20140717-2,KLWX20140717_094659_V06,0,0.483,1.200,4900,0,98281.615,101,0,95691.564
KLWX20140717-2,KLWX20140717_094659_V06,2,1.494,1.200,4906,0,13.731,0,0,13.731
KLWX20140717-2,KLWX20140717_095645_V06,0,0.483,1.200,10814,0,113152.295,303,0,107220.653
KLWX20140717-2,KLWX20140717_095645_V06,2,1.494,1.200,10827,0,57.833,3,0,36.393
KLWX20140717-2,KLWX20140717_100630_V06,0,0.483,1.200,19636,0,78970.406,607,0,68373.382
KLWX20140717-2,KLWX20140717_100630_V06,2,1.494,1.200,19653,0,286.363,5,0,273.931
KLWX20140717-2,KLWX20140717_101615_V06,0,0.483,1.200,24948,0,50741.953,693,0,40580.915
KLWX20140717-2,KLWX20140717_101615_V06,2,1.494,1.200,24960,0,425.385,12,0,350.858
KLWX20140717-2,KLWX20140717_102600_V06,0,0.483,1.200,36743,0,46562.739,1461,0,34286.095
KLWX20140717-2,KLWX20140717_102600_V06,2,1.494,1.200,36778,0,798.170,26,0,650.797
KLWX20140717-1,KLWX20140717_092514_V06,0,0.483,1.200,3481,0,6905.567,98,0,1323.075
KLWX20140717-3,KLWX20140717_095645_V06,0,0.483,1.200,3452,0,7040.310,169,0,6828.241
KLWX20140717-3,KLWX20140717_095645_V06,2,1.494,1.200,3456,0,10692.976,1133,0,9736.676
KLWX20140717-3,KLWX20140717_095645_V06,4,2.505,1.200,1733,0,4.382,1,0,3.839
KLWX20140717-3,KLWX20140717_095645_V06,5,3.516,1.200,1734,0,8.414,1,0,8.016
KLWX20140717-3,KLWX20140717_095645_V06,6,4.482,1.200,1735,0,2.367,0,0,2.367
KLWX20140717-5,KLWX20140717_095645_V06,0,0.483,1.200,637,0,1014.036,23,0,981.830
KLWX20140717-5,KLWX20140717_095645_V06,2,1.494,1.200,640,0,0.558,0,0,0.558
KLWX20140717-5,KLWX20140717_095645_V06,4,2.505,1.200,321,0,0.560,0,0,0.560
KLWX20140717-5,KLWX20140717_095645_V06,5,3.516,1.200,321,0,0.562,0,0,0.562
KLWX20140717-7,KLWX20140717_102600_V06,0,0.483,1.200,77,0,1599.178,1,0,1594.445
KLWX20140717-7,KLWX20140717_102600_V06,2,1.494,1.200,76,0,0.093,0,0,0.093
KLWX20140717-7,KLWX20140717_102600_V06,4,2.505,1.200,35,0,0.086,0,0,0.086
KLWX20140718-1,KLWX20140718_093445_V06,0,0.483,1.200,571,0,19973.063,15,0,19264.867
KLWX20140718-1,KLWX20140718_093445_V06,2,1.494,1.200,573,0,1.529,0,0,1.529
KLWX20140718-1,KLWX20140718_094431_V06,0,0.483,1.200,3105,0,108059.205,95,0,103709.935
KLWX20140718-1,KLWX20140718_094431_V06,2,1.494,1.200,3103,0,24.460,1,0,11.830
KLWX20140718-1,KLWX20140718_095628_V06,0,0.483,1.200,7255,0,132654.537,379,0,123983.301
KLWX20140718-1,KLWX20140718_095628_V06,2,1.494,1.200,7264,0,618.689,8,0,544.967
KLWX20140718-1,KLWX20140718_100612_V06,0,0.483,1.200,14993,0,156437.860,1047,0,131707.362
KLWX20140718-1,KLWX20140718_100612_V06,2,1.494,1.200,15000,0,2835.709,40,0,2338.145
KLWX20140718-1,KLWX20140718_101557_V06,0,0.483,1.200,19423,0,152549.142,1632,0,112790.632
KLWX20140718-1,KLWX20140718_101557_V06,2,1.494,1.200,19436,0,5361.863,68,0,4992.571
KLWX20140718-4,KLWX20140718_103527_V06,0,0.483,1.200,7494,0,30425.205,396,0,25077.679
KLWX20140718-4,KLWX20140718_103527_V06,2,1.494,1.200,7502,0,2274.747,88,0,928.030
KLWX20140718-4,KLWX20140718_104514_V06,0,0.483,1.200,11941,0,33344.691,747,0,25499.138
KLWX20140718-4,KLWX20140718_104514_V06,2,1.494,1.200,11938,0,1612.068,92,0,477.151
KLWX20140718-4,KLWX20140718_105459_V06,0,0.483,1.200,9179,0,37068.898,734,0,29520.136
KLWX20140718-4,KLWX20140718_105459_V06,2,1.494,1.200,9178,0,2467.518,113,0,721.952
KLWX20140718-6,KLWX20140718_111430_V06,0,0.483,1.200,1349,0,17607.971,160,0,15835.055
KLWX20140718-6,KLWX20140718_111430_V06,2,1.494,1.200,1351,0,301.669,25,0,148.428
KLWX20140718-6,KLWX20140718_111430_V06,4,2.505,1.200,673,0,2.537,0,0,2.537
KLWX20140718-6,KLWX20140718_112415_V06,0,0.483,1.200,4784,0,57637.280,594,0,41435.544
KLWX20140718-6,KLWX20140718_112415_V06,2,1.494,1.200,4790,0,1174.802,62,0,434.523
KLWX20140718-6,KLWX20140718_112415_V06,4,2.505,1.200,2405,0,34.806,0,0,34.806
KLWX20140718-2,KLWX20140718_094431_V06,0,0.483,1.200,2420,0,6912.622,111,0,6556.823
KLWX20140718-2,KLWX20140718_094431_V06,2,1.494,1.200,2425,0,2203.615,226,0,2069.669
KLWX20140718-2,KLWX20140718_094431_V06,4,2.505,1.200,1212,0,2.050,0,0,2.050
KLWX20140718-2,KLWX20140718_094431_V06,5,3.516,1.200,1212,0,2.057,0,0,2.057
KLWX20140718-3,KLWX20140718_094431_V06,0,0.483,1.200,441,1,35152.857,5,1,34166.061
KLWX20140718-3,KLWX20140718_094431_V06,2,1.494,1.200,443,0,89.551,154,0,28.056
KLWX20140718-3,KLWX20140718_094431_V06,4,2.505,1.200,224,0,27.917,1,0,27.379
KLWX20140718-3,KLWX20140718_094431_V06,5,3.516,1.200,224,0,18.611,1,0,17.449
KLWX20140718-3,KLWX20140718_094431_V06,6,4.482,1.200,224,0,59.173,9,0,47.318
KLWX20140719-2,KLWX20140719_094820_V06,0,0.483,1.200,1679,0,23394.165,120,0,19443.190
KLWX20140719-2,KLWX20140719_094820_V06,2,1.450,1.200,1680,0,158903.774,1575,0,3180.521
KLWX20140719-2,KLWX20140719_095342_V06,0,0.483,1.200,3537,0,87309.110,236,0,75086.752
KLWX20140719-2,KLWX20140719_095342_V06,2,1.450,1.200,3534,0,337281.491,3233,0,6336.820
KLWX20140719-2,KLWX20140719_100111_V06,0,0.483,1.200,5944,0,126769.201,487,0,105679.161
KLWX20140719-2,KLWX20140719_100111_V06,2,1.450,1.200,5943,0,405860.327,4329,0,10881.952
KLWX20140719-2,KLWX20140719_100634_V06,0,0.483,1.200,9846,0,140099.507,755,0,117178.695
KLWX20140719-2,KLWX20140719_100634_V06,2,1.450,1.200,9855,0,798995.699,6511,0,27088.965
KLWX20140719-2,KLWX20140719_101225_V06,0,0.483,1.200,14740,0,161733.557,1178,0,133031.781
KLWX20140719-2,KLWX20140719_101225_V06,2,1.450,1.200,14755,0,919790.218,7876,0,46675.332
KLWX20140719-2,KLWX20140719_101817_V06,0,0.483,1.200,20665,0,174995.903,1962,0,126983.938
KLWX20140719-2,KLWX20140719_101817_V06,2,1.450,1.200,20673,0,956180.944,9586,0,56572.779
KLWX20140719-2,KLWX20140719_102340_V06,0,0.483,1.200,25748,0,177390.814,2068,0,121511.759
KLWX20140719-2,KLWX20140719_102340_V06,2,1.450,1.200,25755,0,1002941.788,10793,0,68619.369
KLWX20140719-2,KLWX20140719_102904_V06,0,0.483,1.200,31879,0,198306.927,2480,0,123077.246
KLWX20140719-2,KLWX20140719_102904_V06,2,1.450,1.200,31902,0,997358.088,11259,0,104722.959
KLWX20140719-2,KLWX20140719_103427_V06,0,0.483,1.200,41619,0,224452.347,3231,0,131680.124
KLWX20140719-2,KLWX20140719_103427_V06,2,1.450,1.200,41646,0,1166601.284,12739,0,144150.517
KLWX20140719-2,KLWX20140719_103950_V06,0,0.483,1.200,50208,0,211765.452,3759,0,120526.579
KLWX20140719-2,KLWX20140719_103950_V06,2,1.450,1.200,50237,0,1126035.081,13638,0,138127.238
KLWX20140719-5,KLWX20140719_100634_V06,0,0.483,1.200,3564,0,9053.083,71,0,7093.949
KLWX20140719-5,KLWX20140719_100634_V06,2,1.450,1.200,3569,0,5423.139,117,0,436.723
KLWX20140719-5,KLWX20140719_101225_V06,0,0.483,1.200,5913,0,16819.569,140,0,12474.797
KLWX20140719-5,KLWX20140719_101225_V06,2,1.450,1.200,5922,0,2343.516,83,0,360.573
KLWX20140719-6,KLWX20140719_101817_V06,0,0.483,1.200,6018,0,32074.774,273,0,19665.553
KLWX20140719-6,KLWX20140719_101817_V06,2,1.450,1.200,6020,0,70.247,1,0,42.434
KLWX20140719-8,KLWX20140719_104542_V06,0,0.483,1.200,1445,0,5554.903,168,0,5136.488
KLWX20140719-8,KLWX20140719_104542_V06,2,1.450,1.200,1446,0,1.403,1,0,0.942
KLWX20140719-8,KLWX20140719_104542_V06,4,2.417,1.200,728,0,0.950,0,0,0.950
KLWX20140719-8,KLWX20140719_104542_V06,5,3.384,1.200,722,0,2.722,0,0,2.722
KLWX20140719-8,KLWX20140719_104542_V06,6,4.307,1.200,726,0,2.709,1,0,1.954
KLWX20140719-10,KLWX20140719_110649_V06,0,0.483,1.200,3894,0,15161.173,247,0,1975.510
KLWX20140719-10,KLWX20140719_110649_V06,2,1.450,1.200,3897,0,135454.687,360,0,23338.518
KLWX20140720-1,KLWX20140720_095205_V06,0,0.483,1.200,3364,0,45642.264,99,0,43822.176
KLWX20140720-1,KLWX20140720_095205_V06,2,1.494,1.200,3372,0,100.212,4,0,67.307
KLWX20140720-1,KLWX20140720_100149_V06,0,0.483,1.200,9572,0,149925.787,338,0,144376.398
KLWX20140720-1,KLWX20140720_100149_V06,2,1.494,1.200,9582,0,10227.582,768,0,1430.835
KLWX20140720-1,KLWX20140720_101350_V06,0,0.483,1.200,18981,0,275298.880,1149,0,174769.484
KLWX20140720-1,KLWX20140720_101350_V06,2,1.494,1.200,18997,0,94987.130,2688,0,5522.040
KLWX20140720-1,KLWX20140720_102335_V06,0,0.483,1.200,32923,0,369178.949,2336,0,174407.974
KLWX20140720-1,KLWX20140720_102335_V06,2,1.494,1.200,32942,0,235342.067,5150,0,12028.454
KLWX20140720-2,KLWX20140720_100149_V06,0,0.483,1.200,2867,0,12654.787,64,0,10552.956
KLWX20140720-2,KLWX20140720_100149_V06,2,1.494,1.200,2866,0,11.041,0,0,11.041
KLWX20140721-8,KLWX20140721_094823_V06,0,0.483,1.200,1515,0,1778.324,12,0,1550.746
KLWX20140721-8,KLWX20140721_094823_V06,2,1.450,1.200,1519,0,4.115,0,0,4.115
KLWX20140721-8,KLWX20140721_095319_V06,0,0.483,1.200,2868,0,34883.502,122,0,31336.144
KLWX20140721-8,KLWX20140721_095319_V06,2,1.450,1.200,2868,0,31.295,2,0,7.782
KLWX20140721-8,KLWX20140721_095815_V06,0,0.483,1.200,5049,0,142524.369,330,0,124630.032
KLWX20140721-8,KLWX20140721_095815_V06,2,1.450,1.200,5058,0,35.981,2,0,13.618
KLWX20140721-8,KLWX20140721_100312_V06,0,0.483,1.200,7100,0,164002.046,535,0,138869.521
KLWX20140721-8,KLWX20140721_100312_V06,2,1.450,1.200,7106,0,73.896,3,0,45.502
KLWX20140721-8,KLWX20140721_100808_V06,0,0.483,1.200,12082,0,216204.296,887,0,175944.654
KLWX20140721-8,KLWX20140721_100808_V06,2,1.450,1.200,12101,0,33.462,0,0,33.462
KLWX20140721-8,KLWX20140721_101305_V06,0,0.483,1.200,18191,0,200009.039,1201,0,158559.856
KLWX20140721-8,KLWX20140721_101305_V06,2,1.450,1.200,18205,0,104.758,3,0,90.111
KLWX20140721-8,KLWX20140721_102509_V06,0,0.483,1.200,28835,0,92102.851,1138,0,62424.602
KLWX20140721-8,KLWX20140721_102509_V06,2,1.450,1.200,28854,0,282.720,3,0,180.247
KLWX20140721-8,KLWX20140721_103006_V06,0,0.483,1.200,37512,0,58524.746,1026,0,39617.627
KLWX20140721-8,KLWX20140721_103006_V06,2,1.450,1.200,37539,0,499.964,23,0,186.342
KLWX20140721-8,KLWX20140721_103502_V06,0,0.483,1.200,46433,0,39114.738,858,0,25971.299
KLWX20140721-8,KLWX20140721_103502_V06,2,1.450,1.200,46461,0,394.345,21,0,246.709
KLWX20140721-9,KLWX20140721_095815_V06,0,0.483,1.200,4013,0,4455.422,200,0,3673.067
KLWX20140721-9,KLWX20140721_095815_V06,2,1.450,1.200,4014,0,818.808,59,0,698.525
KLWX20140721-9,KLWX20140721_095815_V06,4,2.417,1.200,2008,0,11.696,0,0,11.696
KLWX20140721-9,KLWX20140721_095815_V06,5,3.384,1.200,2012,0,3.398,0,0,3.398
KLWX20140722-3,KLWX20140722_100144_V06,0,0.483,1.200,8248,0,39422.094,90,0,36717.256
KLWX20140722-3,KLWX20140722_100144_V06,2,1.494,1.200,8256,0,80.103,3,0,67.832
KLWX20140722-3,KLWX20140722_101129_V06,0,0.483,1.200,12532,0,99517.358,264,0,93441.041
KLWX20140722-3,KLWX20140722_101129_V06,2,1.494,1.200,12540,0,412.116,4,0,115.351
KLWX20140722-3,KLWX20140722_102114_V06,0,0.483,1.200,17096,0,104298.909,411,0,94882.791
KLWX20140722-3,KLWX20140722_102114_V06,2,1.494,1.200,17105,0,382.136,4,0,323.816
KLWX20140722-3,KLWX20140722_103304_V06,0,0.483,1.200,25184,0,71949.103,418,0,63702.067
KLWX20140722-3,KLWX20140722_103304_V06,2,1.494,1.200,25195,0,2076.885,57,0,1637.389
KLWX20140722-3,KLWX20140722_104249_V06,0,0.483,1.200,35452,0,31108.479,331,0,25724.314
KLWX20140722-3,KLWX20140722_104249_V06,2,1.494,1.200,35492,0,6079.758,201,0,4680.310
KLWX20140722-4,KLWX20140722_100144_V06,0,0.483,1.200,7155,0,4551.556,385,0,3926.395
KLWX20140722-4,KLWX20140722_100144_V06,2,1.494,1.200,7156,0,2404.883,106,0,2297.165
KLWX20140722-4,KLWX20140722_100144_V06,4,2.505,1.200,3579,0,18.530,1,0,18.028
KLWX20140722-4,KLWX20140722_100144_V06,5,3.516,1.200,3583,0,68.706,24,0,54.636
KLWX20140722-5,KLWX20140722_103304_V06,0,0.483,1.200,5746,0,12216.134,70,0,9936.169
KLWX20140723-1,KLWX20140723_094811_V06,0,0.483,1.200,2648,0,6785.339,28,0,6046.079
KLWX20140723-1,KLWX20140723_094811_V06,2,1.494,1.200,2654,0,15.505,0,0,15.505
KLWX20140723-1,KLWX20140723_100014_V06,0,0.483,1.200,7712,0,53114.707,117,0,49507.994
KLWX20140723-1,KLWX20140723_100014_V06,2,1.494,1.200,7721,0,66.953,2,0,26.556
KLWX20140723-1,KLWX20140723_100959_V06,0,0.483,1.200,13934,0,72318.449,281,0,65381.633
KLWX20140723-1,KLWX20140723_100959_V06,2,1.494,1.200,13946,0,204.519,5,0,98.030
KLWX20140723-1,KLWX20140723_101943_V06,0,0.483,1.200,18828,0,52392.791,317,0,44215.474
KLWX20140723-1,KLWX20140723_101943_V06,2,1.494,1.200,18860,0,851.123,18,0,607.658
KLWX20140723-1,KLWX20140723_102928_V06,0,0.483,1.200,26842,0,28386.619,438,0,20939.423
KLWX20140723-1,KLWX20140723_102928_V06,2,1.494,1.200,26864,0,2095.109,45,0,1534.485
KLWX20140723-6,KLWX20140723_102928_V06,0,0.483,1.200,1285,0,6554.239,31,0,5626.149
KLWX20140723-6,KLWX20140723_102928_V06,2,1.494,1.200,1288,0,5.192,0,0,5.192
KLWX20140723-6,KLWX20140723_103912_V06,0,0.483,1.200,4680,0,11161.315,66,0,9698.812
KLWX20140723-6,KLWX20140723_103912_V06,2,1.494,1.200,4691,0,18.501,0,0,18.501
KLWX20140723-6,KLWX20140723_104855_V06,0,0.483,1.200,10215,0,17955.679,180,0,14851.419
KLWX20140723-6,KLWX20140723_104855_V06,2,1.494,1.200,10221,0,39.645,0,0,39.645
KLWX20140723-6,KLWX20140723_105841_V06,0,0.483,1.200,19968,0,23866.130,339,0,19508.404
KLWX20140723-6,KLWX20140723_105841_V06,2,1.494,1.200,19979,0,109.047,0,0,109.047
KLWX20140723-3,KLWX20140723_100014_V06,0,0.483,1.200,462,0,7603.052,35,0,7577.989
KLWX20140723-3,KLWX20140723_100014_V06,2,1.494,1.200,461,0,0.322,0,0,0.322
KLWX20140723-3,KLWX20140723_100014_V06,4,2.505,1.200,231,0,0.323,0,0,0.323
KLWX20140723-3,KLWX20140723_100014_V06,5,3.516,1.200,231,0,0.324,0,0,0.324
KLWX20140723-3,KLWX20140723_100014_V06,6,4.482,1.200,229,0,0.322,0,0,0.322
KLWX20140724-2,KLWX20140724_094449_V06,0,0.483,1.200,7875,0,748639.875,1337,0,16461.481
KLWX20140724-2,KLWX20140724_094449_V06,2,1.450,1.200,7882,0,3545915.948,4421,0,46355.538
KLWX20140724-2,KLWX20140724_095040_V06,0,0.483,1.200,11146,0,1011887.245,2130,0,23099.486
KLWX20140724-2,KLWX20140724_095040_V06,2,1.450,1.200,11148,0,3850936.320,5713,0,90150.928
KLWX20140724-2,KLWX20140724_095630_V06,0,0.483,1.200,10686,0,535528.213,1978,0,17048.211
KLWX20140724-2,KLWX20140724_095630_V06,2,1.450,1.200,10707,0,2715343.026,5381,0,47678.526
KLWX20140724-2,KLWX20140724_100152_V06,0,0.483,1.200,9628,0,357871.657,1971,0,16675.149
KLWX20140724-2,KLWX20140724_100152_V06,2,1.450,1.200,9648,0,2823317.941,5070,0,65097.857
KLWX20140724-2,KLWX20140724_100947_V06,0,0.483,1.200,12767,0,242810.344,1890,0,13744.371
KLWX20140724-2,KLWX20140724_100947_V06,2,1.450,1.200,12770,0,2670588.345,5852,0,122417.265
KLWX20140724-8,KLWX20140724_105606_V06,0,0.483,1.200,6470,0,1030863.684,2097,0,118708.130
KLWX20140724-8,KLWX20140724_105606_V06,2,1.450,1.200,6469,0,1362907.022,4467,0,62164.906
KLWX20140724-8,KLWX20140724_110157_V06,0,0.483,1.200,9635,0,2457760.271,2716,0,215465.153
KLWX20140724-8,KLWX20140724_110157_V06,2,1.450,1.200,9641,0,1522840.126,5582,0,85059.315
KLWX20140724-8,KLWX20140724_110749_V06,0,0.483,1.200,9749,0,1846053.673,2123,0,201159.372
KLWX20140724-8,KLWX20140724_110749_V06,2,1.450,1.200,9761,0,1154138.739,4380,0,65902.363
KLWX20140724-8,KLWX20140724_111312_V06,0,0.483,1.200,10161,0,1590262.093,2007,0,104884.927
KLWX20140724-8,KLWX20140724_111312_V06,2,1.450,1.200,10170,0,959327.097,3900,0,52679.130
KLWX20140724-1,KLWX20140724_090711_V06,0,0.483,1.200,3401,0,102100.159,1300,0,15365.245
KLWX20140724-1,KLWX20140724_090711_V06,2,0.879,1.200,3399,0,108166.186,1452,0,13007.350
KLWX20140724-1,KLWX20140724_090711_V06,4,1.318,1.200,3398,0,100440.883,1842,0,5894.861
KLWX20140724-1,KLWX20140724_090711_V06,6,1.802,1.200,1693,0,81520.250,836,0,1404.115
KLWX20140724-1,KLWX20140724_090711_V06,7,2.417,1.200,1700,0,80389.854,791,0,571.653
KLWX20140724-1,KLWX20140724_090711_V06,8,3.120,1.200,1703,0,137743.518,820,0,821.804
KLWX20140724-1,KLWX20140724_090711_V06,9,3.999,1.200,1705,0,167988.031,846,0,5842.660
KLWX20140724-1,KLWX20140724_090711_V06,10,5.098,1.200,1712,1,372940.291,839,0,16340.756
KLWX20140724-1,KLWX20140724_090711_V06,11,6.416,1.200,1710,0,34726.508,822,0,525.291
KLWX20140724-1,KLWX20140724_091148_V06,0,0.483,1.200,7099,0,101591.570,2228,0,22633.251
KLWX20140724-1,KLWX20140724_091148_V06,2,0.879,1.200,7101,0,103163.547,2383,0,15900.113
KLWX20140724-1,KLWX20140724_091148_V06,4,1.318,1.200,7100,0,112906.409,2797,0,9285.520
KLWX20140724-1,KLWX20140724_091148_V06,6,1.802,1.200,3552,0,82764.921,1111,0,1208.944
KLWX20140724-1,KLWX20140724_091148_V06,7,2.417,1.200,3552,0,109476.888,918,0,1119.316
KLWX20140724-1,KLWX20140724_091148_V06,8,3.120,1.200,3557,0,125425.954,974,0,618.680
KLWX20140724-1,KLWX20140724_091148_V06,9,3.999,1.200,3561,0,151488.889,1058,0,2847.767
KLWX20140724-1,KLWX20140724_091148_V06,10,5.098,1.200,3561,0,392397.320,1010,0,16720.679
KLWX20140724-1,KLWX20140724_091148_V06,11,6.416,1.200,3578,0,38539.828,877,0,1456.050
KLWX20140724-6,KLWX20140724_103310_V06,0,0.483,1.200,429,0,2317.364,15,0,2181.065
KLWX20140724-6,KLWX20140724_103310_V06,2,1.450,1.200,430,0,0.810,0,0,0.810
KLWX20140724-6,KLWX20140724_103310_V06,4,2.417,1.200,214,0,0.806,0,0,0.806
KLWX20140725-1,KLWX20140725_094211_V06,0,0.483,1.200,1581,0,4422.867,13,0,4284.168
KLWX20140725-1,KLWX20140725_094211_V06,2,1.494,1.200,1579,0,4.482,0,0,4.482
KLWX20140725-1,KLWX20140725_095156_V06,0,0.483,1.200,3617,0,279816.101,39,0,278479.827
KLWX20140725-1,KLWX20140725_095156_V06,2,1.494,1.200,3618,0,10.199,0,0,10.199
KLWX20140725-1,KLWX20140725_100142_V06,0,0.483,1.200,6254,0,412674.130,133,0,410369.912
KLWX20140725-1,KLWX20140725_100142_V06,2,1.494,1.200,6260,0,126.402,1,0,118.737
KLWX20140725-1,KLWX20140725_101129_V06,0,0.483,1.200,12583,0,467672.091,660,0,456398.850
KLWX20140725-1,KLWX20140725_101129_V06,2,1.494,1.200,12589,0,13400.587,75,0,12871.226
KLWX20140725-1,KLWX20140725_102327_V06,0,0.483,1.200,19095,0,488608.814,1339,0,465191.318
KLWX20140725-1,KLWX20140725_102327_V06,2,1.494,1.200,19112,0,39575.232,316,0,36011.057
KLWX20140725-7,KLWX20140725_100142_V06,0,0.483,1.200,1747,0,32855.733,92,0,32209.059
KLWX20140725-7,KLWX20140725_100142_V06,2,1.494,1.200,1751,0,3.785,0,0,3.785
KLWX20140725-7,KLWX20140725_101129_V06,0,0.483,1.200,5742,0,66468.386,425,0,64169.244
KLWX20140725-7,KLWX20140725_101129_V06,2,1.494,1.200,5747,0,36.590,2,0,27.936
KLWX20140725-7,KLWX20140725_102327_V06,0,0.483,1.200,6497,0,78144.140,549,0,74021.243
KLWX20140725-7,KLWX20140725_102327_V06,2,1.494,1.200,6505,0,26.958,0,0,26.958
KLWX20140725-7,KLWX20140725_103312_V06,0,0.483,1.200,7153,0,51993.449,539,0,47352.187
KLWX20140725-7,KLWX20140725_103312_V06,2,1.494,1.200,7156,0,22.439,0,0,22.439
KLWX20140725-2,KLWX20140725_095156_V06,0,0.483,1.200,460,0,13285.822,18,0,13253.690
KLWX20140725-2,KLWX20140725_095156_V06,2,1.494,1.200,462,0,0.418,0,0,0.418
KLWX20140725-2,KLWX20140725_095156_V06,4,2.505,1.200,230,0,0.416,0,0,0.416
KLWX20140725-2,KLWX20140725_095156_V06,5,3.516,1.200,233,0,0.423,0,0,0.423
KLWX20140725-2,KLWX20140725_100142_V06,0,0.483,1.200,1899,0,49311.477,100,0,49013.890
KLWX20140725-2,KLWX20140725_100142_V06,2,1.494,1.200,1898,0,1.811,0,0,1.811
KLWX20140725-2,KLWX20140725_100142_V06,4,2.505,1.200,949,0,1.815,0,0,1.815
KLWX20140725-2,KLWX20140725_100142_V06,5,3.516,1.200,953,0,1.826,0,0,1.826
KLWX20140725-2,KLWX20140725_101129_V06,0,0.483,1.200,2889,0,44821.904,145,0,44056.820
KLWX20140725-2,KLWX20140725_101129_V06,2,1.494,1.200,2894,0,128.360,49,0,84.314
KLWX20140725-2,KLWX20140725_101129_V06,4,2.505,1.200,1451,0,2.958,0,0,2.958
KLWX20140725-2,KLWX20140725_101129_V06,5,3.516,1.200,1450,0,2.962,0,0,2.962
KLWX20140725-8,KLWX20140725_100142_V06,0,0.483,1.200,1330,0,48527.033,80,0,48123.567
KLWX20140725-8,KLWX20140725_100142_V06,2,1.494,1.200,1333,0,457.192,93,0,407.017
KLWX20140725-8,KLWX20140725_100142_V06,4,2.505,1.200,664,0,8.749,0,0,8.749
KLWX20140725-8,KLWX20140725_100142_V06,5,3.516,1.200,664,0,5.636,0,0,5.636
KLWX20140725-8,KLWX20140725_100142_V06,6,4.482,1.200,666,0,0.692,0,0,0.692
KLWX20140725-8,KLWX20140725_101129_V06,0,0.483,1.200,4411,0,67294.102,253,0,66791.791
KLWX20140725-8,KLWX20140725_101129_V06,2,1.494,1.200,4410,0,2951.753,188,0,2778.059
KLWX20140725-8,KLWX20140725_101129_V06,4,2.505,1.200,2209,0,2565.945,96,0,2308.690
KLWX20140725-8,KLWX20140725_101129_V06,5,3.516,1.200,2210,0,228.569,131,0,150.882
KLWX20140725-8,KLWX20140725_101129_V06,6,4.482,1.200,2211,0,37.091,5,0,36.406
KLWX20140725-8,KLWX20140725_102327_V06,0,0.483,1.200,4285,0,41318.314,332,0,40710.017
KLWX20140725-8,KLWX20140725_102327_V06,2,1.494,1.200,4286,0,2047.912,230,0,1815.893
KLWX20140725-8,KLWX20140725_102327_V06,4,2.505,1.200,2145,0,3252.533,79,0,2877.602
KLWX20140725-8,KLWX20140725_102327_V06,5,3.516,1.200,2147,0,787.162,187,0,590.498
KLWX20140725-8,KLWX20140725_102327_V06,6,4.482,1.200,2155,0,44.068,36,0,35.819
KLWX20140725-14,KLWX20140725_111216_V06,0,0.483,1.200,1090,0,28923.021,108,0,28343.948
KLWX20140725-14,KLWX20140725_111216_V06,2,1.494,1.200,1089,0,2.084,0,0,2.084
KLWX20140725-14,KLWX20140725_111216_V06,4,2.505,1.200,552,0,2.114,0,0,2.114
KLWX20140725-14,KLWX20140725_112200_V06,0,0.483,1.200,2255,0,32137.916,238,0,30789.681
KLWX20140725-14,KLWX20140725_112200_V06,2,1.494,1.200,2257,0,4.237,0,0,4.237
KLWX20140725-14,KLWX20140725_112200_V06,4,2.505,1.200,1136,0,4.276,0,0,4.276
KLWX20140725-14,KLWX20140725_113147_V06,0,0.483,1.200,2071,0,30118.602,150,0,29187.927
KLWX20140725-14,KLWX20140725_113147_V06,2,1.494,1.200,2073,0,3.965,0,0,3.965
KLWX20140725-14,KLWX20140725_113147_V06,4,2.505,1.200,1034,0,3.961,0,0,3.961
KLWX20140725-11,KLWX20140725_101129_V06,0,0.483,1.200,937,0,5554.278,43,0,5471.436
KLWX20140725-11,KLWX20140725_101129_V06,2,1.494,1.200,935,0,166.662,75,0,84.086
KLWX20140725-11,KLWX20140725_101129_V06,4,2.505,1.200,469,0,14.224,0,0,14.224
KLWX20140725-11,KLWX20140725_101129_V06,5,3.516,1.200,468,0,1.031,0,0,1.031
KLWX20140725-11,KLWX20140725_102327_V06,0,0.483,1.200,2909,0,13906.884,116,0,13602.783
KLWX20140725-11,KLWX20140725_102327_V06,2,1.494,1.200,2910,0,130.383,14,0,112.443
KLWX20140725-11,KLWX20140725_102327_V06,4,2.505,1.200,1453,0,724.564,114,0,539.367
KLWX20140725-11,KLWX20140725_102327_V06,5,3.516,1.200,1454,0,3.191,0,0,3.191
KLWX20140725-3,KLWX20140725_095156_V06,0,0.483,1.200,946,0,4205.485,102,0,3912.206
KLWX20140725-3,KLWX20140725_095156_V06,2,1.494,1.200,948,0,2.274,0,0,2.274
KLWX20140725-3,KLWX20140725_095156_V06,4,2.505,1.200,478,0,0.952,0,0,0.952
KLWX20140725-3,KLWX20140725_095156_V06,5,3.516,1.200,478,0,0.956,0,0,0.956
KLWX20140725-4,KLWX20140725_095156_V06,0,0.483,1.200,235,0,11676.874,3,0,11599.340
KLWX20140725-4,KLWX20140725_095156_V06,2,1.494,1.200,236,0,0.992,0,0,0.992
KLWX20140725-9,KLWX20140725_100142_V06,0,0.483,1.200,1530,0,7904.621,88,0,7706.157
KLWX20140725-9,KLWX20140725_100142_V06,2,1.494,1.200,1526,0,9407.999,225,0,9243.910
KLWX20140725-9,KLWX20140725_100142_V06,4,2.505,1.200,764,0,1030.161,341,0,444.330
KLWX20140725-9,KLWX20140725_100142_V06,5,3.516,1.200,767,0,1.251,0,0,1.251
KLWX20140725-12,KLWX20140725_102327_V06,0,0.483,1.200,602,0,28379.750,12,0,27813.883
KLWX20140725-12,KLWX20140725_102327_V06,2,1.494,1.200,603,0,2.474,0,0,2.474
KLWX20140726-7,KLWX20140726_095601_V06,0,0.483,1.200,3009,0,10145.419,67,0,7818.080
KLWX20140726-7,KLWX20140726_095601_V06,2,1.450,1.200,3011,0,56.209,1,0,34.367
KLWX20140726-7,KLWX20140726_100152_V06,0,0.483,1.200,5720,0,76236.156,203,0,62958.639
KLWX20140726-7,KLWX20140726_100152_V06,2,1.450,1.200,5727,0,191.905,5,0,49.163
KLWX20140726-7,KLWX20140726_100743_V06,0,0.483,1.200,8845,0,134005.781,379,0,112250.517
KLWX20140726-7,KLWX20140726_100743_V06,2,1.450,1.200,8847,0,1415.125,23,0,358.384
KLWX20140726-7,KLWX20140726_101334_V06,0,0.483,1.200,13532,0,164724.336,559,0,137370.395
KLWX20140726-7,KLWX20140726_101334_V06,2,1.450,1.200,13542,0,5437.562,143,0,1177.358
KLWX20140726-7,KLWX20140726_101857_V06,0,0.483,1.200,17499,0,132202.840,584,0,106597.187
KLWX20140726-7,KLWX20140726_101857_V06,2,1.450,1.200,17510,0,13890.315,259,0,3055.924
KLWX20140726-7,KLWX20140726_102420_V06,0,0.483,1.200,21307,0,114615.881,573,0,55791.325
KLWX20140726-7,KLWX20140726_102420_V06,2,1.450,1.200,21329,0,125918.838,483,0,4789.997
KLWX20140726-6,KLWX20140726_095601_V06,0,0.483,1.200,253,0,3238.729,8,0,3222.012
KLWX20140726-6,KLWX20140726_095601_V06,2,1.450,1.200,254,0,0.185,0,0,0.185
KLWX20140726-6,KLWX20140726_095601_V06,4,2.417,1.200,126,0,0.184,0,0,0.184
KLWX20140726-6,KLWX20140726_095601_V06,5,3.384,1.200,127,0,0.185,0,0,0.185
KLWX20140726-6,KLWX20140726_095601_V06,6,4.307,1.200,130,0,0.190,0,0,0.190
KLWX20140726-6,KLWX20140726_100152_V06,0,0.483,1.200,1357,0,12940.514,93,0,12476.025
KLWX20140726-6,KLWX20140726_100152_V06,2,1.450,1.200,1360,0,13.403,15,0,3.085
KLWX20140726-6,KLWX20140726_100152_V06,4,2.417,1.200,678,0,71.572,23,0,3.685
KLWX20140726-6,KLWX20140726_100152_V06,5,3.384,1.200,679,0,0.935,0,0,0.935
KLWX20140726-6,KLWX20140726_100152_V06,6,4.307,1.200,679,0,3.767,2,0,0.934
KLWX20140726-6,KLWX20140726_100743_V06,0,0.483,1.200,2307,0,7112.125,262,0,6578.449
KLWX20140726-6,KLWX20140726_100743_V06,2,1.450,1.200,2309,0,14.490,16,0,6.637
KLWX20140726-6,KLWX20140726_100743_V06,4,2.417,1.200,1152,0,26.793,12,0,2.887
KLWX20140726-6,KLWX20140726_100743_V06,5,3.384,1.200,1152,0,1.538,0,0,1.538
KLWX20140726-6,KLWX20140726_100743_V06,6,4.307,1.200,1155,0,22.191,0,0,22.191
KLWX20140726-16,KLWX20140726_101334_V06,0,0.483,1.200,3534,0,3421.427,36,0,1730.093
KLWX20140726-16,KLWX20140726_101334_V06,2,1.450,1.200,3528,0,554.028,22,0,161.368
KLWX20140726-16,KLWX20140726_101857_V06,0,0.483,1.200,6275,0,2981.335,49,0,1613.641
KLWX20140726-16,KLWX20140726_101857_V06,2,1.450,1.200,6273,0,9869.944,188,0,1738.293
KLWX20140726-16,KLWX20140726_102420_V06,0,0.483,1.200,6601,0,1380.810,17,0,973.261
KLWX20140726-16,KLWX20140726_102420_V06,2,1.450,1.200,6599,0,25293.017,364,0,3200.913
KLWX20140726-10,KLWX20140726_100152_V06,0,0.483,1.200,8886,0,111191.969,1569,0,12852.501
KLWX20140726-10,KLWX20140726_100152_V06,2,1.450,1.200,8890,0,161149.908,2291,0,9892.217
KLWX20140726-10,KLWX20140726_100152_V06,4,2.417,1.200,4442,0,438710.560,1556,0,103310.911
KLWX20140726-10,KLWX20140726_100152_V06,5,3.384,1.200,4451,0,596634.079,2992,0,10692.175
KLWX20140726-10,KLWX20140726_100743_V06,0,0.483,1.200,13232,0,123821.678,2020,0,17346.791
KLWX20140726-10,KLWX20140726_100743_V06,2,1.450,1.200,13236,0,99824.683,2317,0,4669.205
KLWX20140726-10,KLWX20140726_100743_V06,4,2.417,1.200,6630,0,405463.464,1869,0,72126.627
KLWX20140726-10,KLWX20140726_100743_V06,5,3.384,1.200,6633,0,575563.011,3474,0,8543.789
KLWX20140726-13,KLWX20140726_100743_V06,0,0.483,1.200,3767,0,4787.769,245,0,3757.831
KLWX20140726-13,KLWX20140726_100743_V06,2,1.450,1.200,3771,0,655.215,131,0,470.649
KLWX20140726-13,KLWX20140726_100743_V06,4,2.417,1.200,1894,0,29.220,12,0,16.084
KLWX20140726-13,KLWX20140726_100743_V06,5,3.384,1.200,1894,0,18.110,6,0,3.643
KLWX20140726-13,KLWX20140726_100743_V06,6,4.307,1.200,1892,0,1171.692,232,0,225.289
KLWX20140726-13,KLWX20140726_101334_V06,0,0.483,1.200,8001,0,10668.610,711,0,9177.557
KLWX20140726-13,KLWX20140726_101334_V06,2,1.450,1.200,8004,0,3051.236,408,0,2407.545
KLWX20140726-13,KLWX20140726_101334_V06,4,2.417,1.200,3990,0,158.672,42,0,92.905
KLWX20140726-13,KLWX20140726_101334_V06,5,3.384,1.200,3999,0,61.657,12,0,26.586
KLWX20140726-13,KLWX20140726_101334_V06,6,4.307,1.200,4007,0,579.708,157,0,156.189
KLWX20140726-17,KLWX20140726_103751_V06,0,0.483,1.200,3260,0,9953.762,405,0,1278.487
KLWX20140726-17,KLWX20140726_103751_V06,2,1.450,1.200,3257,0,3396.798,163,0,33.241
KLWX20140726-17,KLWX20140726_103751_V06,4,2.417,1.200,1630,0,784.099,75,0,57.625
KLWX20140726-17,KLWX20140726_103751_V06,5,3.384,1.200,1633,0,409.024,116,0,22.870
KLWX20140726-17,KLWX20140726_103751_V06,6,4.307,1.200,1638,0,74.631,59,0,7.830
KLWX20140726-17,KLWX20140726_104342_V06,0,0.483,1.200,7557,0,9622.047,696,0,1119.649
KLWX20140726-17,KLWX20140726_104342_V06,2,1.450,1.200,7563,0,14772.993,317,0,83.509
KLWX20140726-17,KLWX20140726_104342_V06,4,2.417,1.200,3787,0,8139.851,133,0,89.058
KLWX20140726-17,KLWX20140726_104342_V06,5,3.384,1.200,3790,0,2460.387,263,0,28.625
KLWX20140726-17,KLWX20140726_104342_V06,6,4.307,1.200,3798,0,803.331,194,0,12.643
KLWX20140726-17,KLWX20140726_104905_V06,0,0.483,1.200,13391,0,11257.720,1100,0,1354.560
KLWX20140726-17,KLWX20140726_104905_V06,2,1.450,1.200,13399,0,3485.060,855,0,151.136
KLWX20140726-17,KLWX20140726_104905_V06,4,2.417,1.200,6706,0,3073.876,165,0,160.117
KLWX20140726-17,KLWX20140726_104905_V06,5,3.384,1.200,6712,0,5250.623,338,0,68.352
KLWX20140726-17,KLWX20140726_104905_V06,6,4.307,1.200,6721,0,2199.616,297,0,42.164
KLWX20140726-17,KLWX20140726_105428_V06,0,0.483,1.200,3536,0,3423.894,450,0,274.369
KLWX20140726-17,KLWX20140726_105428_V06,2,1.450,1.200,3538,0,7065.172,252,0,154.069
KLWX20140726-17,KLWX20140726_105428_V06,4,2.417,1.200,1766,0,8923.329,99,0,79.882
KLWX20140726-17,KLWX20140726_105428_V06,5,3.384,1.200,1771,0,14026.693,206,0,48.663
KLWX20140726-17,KLWX20140726_105428_V06,6,4.307,1.200,1772,0,3587.957,195,0,21.839
KLWX20140727-3,KLWX20140727_092917_V06,0,0.483,1.200,30733,33,8276631.514,7493,0,182954.437
KLWX20140727-3,KLWX20140727_092917_V06,2,1.450,1.200,30750,20,17521532.807,8809,0,350327.622
KLWX20140727-18,KLWX20140727_105532_V06,0,0.483,1.200,23809,0,61561.447,7780,0,10513.275
KLWX20140727-18,KLWX20140727_105532_V06,2,0.879,1.200,23809,0,73062.366,7754,0,2862.579
KLWX20140727-18,KLWX20140727_105532_V06,4,1.318,1.200,23811,0,95686.374,6440,0,733.558
KLWX20140727-18,KLWX20140727_105532_V06,6,1.802,1.200,11915,0,105225.681,1732,0,676.104
KLWX20140727-18,KLWX20140727_105532_V06,7,2.417,1.200,11916,0,147639.362,1809,0,553.924
KLWX20140727-18,KLWX20140727_105532_V06,8,3.120,1.200,11931,0,319631.521,1735,0,18917.759
KLWX20140727-18,KLWX20140727_105532_V06,9,3.999,1.200,11942,0,712911.015,2247,0,36525.448
KLWX20140727-18,KLWX20140727_105532_V06,10,5.098,1.200,11964,0,562050.616,3254,0,5674.328
KLWX20140727-18,KLWX20140727_105532_V06,11,6.416,1.200,11986,0,121571.635,3864,0,1748.999
KLWX20140728-2,KLWX20140728_095251_V06,0,0.483,1.200,2332,0,16557.775,80,0,13221.710
KLWX20140728-2,KLWX20140728_095251_V06,2,1.450,1.200,2328,0,7.878,0,0,7.878
KLWX20140728-2,KLWX20140728_095748_V06,0,0.483,1.200,4189,0,58994.680,213,0,48749.954
KLWX20140728-2,KLWX20140728_095748_V06,2,1.450,1.200,4188,0,14.499,0,0,14.499
KLWX20140728-2,KLWX20140728_100245_V06,0,0.483,1.200,6275,0,56970.511,331,0,43977.335
KLWX20140728-2,KLWX20140728_100245_V06,2,1.450,1.200,6289,0,22.164,0,0,22.164
KLWX20140728-2,KLWX20140728_100741_V06,0,0.483,1.200,9377,0,48752.201,288,0,36809.328
KLWX20140728-2,KLWX20140728_100741_V06,2,1.450,1.200,9381,0,116.768,2,0,33.390
KLWX20140728-2,KLWX20140728_101238_V06,0,0.483,1.200,13097,0,67561.121,427,0,49815.284
KLWX20140728-2,KLWX20140728_101238_V06,2,1.450,1.200,13114,0,45.890,0,0,45.890
KLWX20140728-2,KLWX20140728_101734_V06,0,0.483,1.200,16973,0,45737.282,386,0,32021.399
KLWX20140728-2,KLWX20140728_101734_V06,2,1.450,1.200,16976,0,199.063,1,0,185.918
KLWX20140728-3,KLWX20140728_095251_V06,0,0.483,1.200,300,0,4749.039,33,0,4554.021
KLWX20140728-3,KLWX20140728_095251_V06,2,1.450,1.200,299,0,7.756,3,0,5.961
KLWX20140728-3,KLWX20140728_095251_V06,4,2.417,1.200,148,0,4.608,0,0,4.608
KLWX20140728-3,KLWX20140728_095251_V06,5,3.384,1.200,150,0,0.226,0,0,0.226
KLWX20140728-3,KLWX20140728_095251_V06,6,4.307,1.200,151,0,0.228,0,0,0.228
KLWX20140728-3,KLWX20140728_095748_V06,0,0.483,1.200,1481,0,19307.405,243,0,17908.239
KLWX20140728-3,KLWX20140728_095748_V06,2,1.450,1.200,1479,0,75.174,8,0,37.702
KLWX20140728-3,KLWX20140728_095748_V06,4,2.417,1.200,736,0,8.560,1,0,5.247
KLWX20140728-3,KLWX20140728_095748_V06,5,3.384,1.200,741,0,1.121,0,0,1.121
KLWX20140728-3,KLWX20140728_095748_V06,6,4.307,1.200,742,0,1.125,0,0,1.125
KLWX20140728-3,KLWX20140728_100245_V06,0,0.483,1.200,1884,0,24078.221,237,0,22959.236
KLWX20140728-3,KLWX20140728_100245_V06,2,1.450,1.200,1888,0,245.632,82,0,160.516
KLWX20140728-3,KLWX20140728_100245_V06,4,2.417,1.200,941,0,10.453,0,0,10.453
KLWX20140728-3,KLWX20140728_100245_V06,5,3.384,1.200,943,0,1.364,0,0,1.364
KLWX20140728-3,KLWX20140728_100245_V06,6,4.307,1.200,948,0,1.375,0,0,1.375
KLWX20140728-3,KLWX20140728_100741_V06,0,0.483,1.200,2528,0,19378.959,306,0,18364.810
KLWX20140728-3,KLWX20140728_100741_V06,2,1.450,1.200,2528,0,316.608,138,0,223.765
KLWX20140728-3,KLWX20140728_100741_V06,4,2.417,1.200,1262,0,1.731,0,0,1.731
KLWX20140728-3,KLWX20140728_100741_V06,5,3.384,1.200,1266,0,1.738,0,0,1.738
KLWX20140728-3,KLWX20140728_100741_V06,6,4.307,1.200,1270,0,1.750,0,0,1.750
KLWX20140729-1,KLWX20140729_094812_V06,0,0.483,1.200,1656,0,36075.603,22,0,35835.202
KLWX20140729-1,KLWX20140729_094812_V06,2,1.494,1.200,1656,0,4.533,0,0,4.533
KLWX20140729-1,KLWX20140729_095758_V06,0,0.483,1.200,5713,0,215850.628,66,0,214504.770
KLWX20140729-1,KLWX20140729_095758_V06,2,1.494,1.200,5717,0,15.261,0,0,15.261
KLWX20140729-1,KLWX20140729_100742_V06,0,0.483,1.200,14215,0,310601.608,248,0,303054.961
KLWX20140729-1,KLWX20140729_100742_V06,2,1.494,1.200,14222,0,357.506,9,0,328.372
KLWX20140729-1,KLWX20140729_101726_V06,0,0.483,1.200,28067,0,350973.871,970,0,336341.365
KLWX20140729-1,KLWX20140729_101726_V06,2,1.494,1.200,28087,0,2654.432,76,0,2354.573
KLWX20140729-1,KLWX20140729_102711_V06,0,0.483,1.200,35663,0,353866.924,1770,0,328072.227
KLWX20140729-1,KLWX20140729_102711_V06,2,1.494,1.200,35690,0,6504.977,202,0,5740.105
KLWX20140729-1,KLWX20140729_103655_V06,0,0.483,1.200,43125,0,308938.820,2248,0,278634.825
KLWX20140729-1,KLWX20140729_103655_V06,2,1.494,1.200,43156,0,7978.211,218,0,7293.084
KLWX20140729-1,KLWX20140729_104640_V06,0,0.483,1.200,59045,0,290899.698,3383,0,259365.788
KLWX20140729-1,KLWX20140729_104640_V06,2,1.494,1.200,59080,0,11065.284,360,0,9940.247
KLWX20140729-1,KLWX20140729_105627_V06,0,0.483,1.200,85053,0,285816.404,6135,0,245755.274
KLWX20140729-1,KLWX20140729_105627_V06,2,1.494,1.200,85109,0,11687.837,1150,0,10219.179
KLWX20140729-14,KLWX20140729_101726_V06,0,0.483,1.200,2518,0,47231.347,146,0,47091.732
KLWX20140729-14,KLWX20140729_101726_V06,2,1.494,1.200,2517,0,651.574,159,0,600.726
KLWX20140729-14,KLWX20140729_101726_V06,4,2.505,1.200,1257,0,148.609,195,0,73.527
KLWX20140729-14,KLWX20140729_101726_V06,5,3.516,1.200,1262,0,5.152,3,0,4.087
KLWX20140729-14,KLWX20140729_101726_V06,6,4.482,1.200,1259,0,4.970,2,0,4.313
KLWX20140729-14,KLWX20140729_102711_V06,0,0.483,1.200,5118,0,64289.584,383,0,63738.236
KLWX20140729-14,KLWX20140729_102711_V06,2,1.494,1.200,5119,0,1062.806,236,0,969.352
KLWX20140729-14,KLWX20140729_102711_V06,4,2.505,1.200,2560,0,372.696,343,0,227.296
KLWX20140729-14,KLWX20140729_102711_V06,5,3.516,1.200,2567,0,57.314,38,0,43.515
KLWX20140729-14,KLWX20140729_102711_V06,6,4.482,1.200,2569,0,14.564,12,0,12.877
KLWX20140729-14,KLWX20140729_103655_V06,0,0.483,1.200,5771,0,55245.795,413,0,54830.039
KLWX20140729-14,KLWX20140729_103655_V06,2,1.494,1.200,5777,0,342.137,186,0,260.301
KLWX20140729-14,KLWX20140729_103655_V06,4,2.505,1.200,2886,0,284.748,299,0,189.686
KLWX20140729-14,KLWX20140729_103655_V06,5,3.516,1.200,2893,0,34.497,45,0,28.512
KLWX20140729-14,KLWX20140729_103655_V06,6,4.482,1.200,2896,0,52.070,18,0,46.260
KLWX20140729-14,KLWX20140729_104640_V06,0,0.483,1.200,8015,0,44281.321,736,0,43471.113
KLWX20140729-14,KLWX20140729_104640_V06,2,1.494,1.200,8019,0,287.209,229,0,220.946
KLWX20140729-14,KLWX20140729_104640_V06,4,2.505,1.200,4013,0,236.116,205,0,172.379
KLWX20140729-14,KLWX20140729_104640_V06,5,3.516,1.200,4017,0,49.595,103,0,40.122
KLWX20140729-14,KLWX20140729_104640_V06,6,4.482,1.200,4023,0,27.759,37,0,23.418
KLWX20140729-3,KLWX20140729_095758_V06,0,0.483,1.200,389,0,8187.202,5,0,8181.308
KLWX20140729-3,KLWX20140729_095758_V06,2,1.494,1.200,391,0,2.328,1,0,0.319
KLWX20140729-3,KLWX20140729_095758_V06,4,2.505,1.200,193,0,0.316,0,0,0.316
KLWX20140729-3,KLWX20140729_095758_V06,5,3.516,1.200,197,0,0.324,0,0,0.324
KLWX20140729-3,KLWX20140729_100742_V06,0,0.483,1.200,1357,0,8889.638,17,0,8865.457
KLWX20140729-3,KLWX20140729_100742_V06,2,1.494,1.200,1360,0,1.125,0,0,1.125
KLWX20140729-3,KLWX20140729_100742_V06,4,2.505,1.200,679,0,1.124,0,0,1.124
KLWX20140729-3,KLWX20140729_100742_V06,5,3.516,1.200,679,0,1.127,0,0,1.127
KLWX20140729-3,KLWX20140729_101726_V06,0,0.483,1.200,1455,0,8825.150,21,0,8781.716
KLWX20140729-3,KLWX20140729_101726_V06,2,1.494,1.200,1454,0,1.250,0,0,1.250
KLWX20140729-3,KLWX20140729_101726_V06,4,2.505,1.200,728,0,1.252,0,0,1.252
KLWX20140729-3,KLWX20140729_101726_V06,5,3.516,1.200,730,0,1.259,0,0,1.259
KLWX20140729-2,KLWX20140729_095758_V06,0,0.483,1.200,1321,0,10681.255,36,0,10660.261
KLWX20140729-2,KLWX20140729_095758_V06,2,1.494,1.200,1321,0,4117.597,420,0,3938.077
KLWX20140729-2,KLWX20140729_095758_V06,4,2.505,1.200,661,0,0.913,0,0,0.913
KLWX20140729-2,KLWX20140729_095758_V06,5,3.516,1.200,660,0,0.913,0,0,0.913
KLWX20140729-2,KLWX20140729_095758_V06,6,4.482,1.200,664,0,0.920,0,0,0.920
KLWX20140729-2,KLWX20140729_100742_V06,0,0.483,1.200,3331,0,8610.236,193,0,8375.866
KLWX20140729-2,KLWX20140729_100742_V06,2,1.494,1.200,3332,0,25796.914,409,0,25535.309
KLWX20140729-2,KLWX20140729_100742_V06,4,2.505,1.200,1663,0,558.968,2,0,553.888
KLWX20140729-2,KLWX20140729_100742_V06,5,3.516,1.200,1664,0,2.260,0,0,2.260
KLWX20140729-2,KLWX20140729_100742_V06,6,4.482,1.200,1673,0,2.278,0,0,2.278
KLWX20140729-5,KLWX20140729_095758_V06,0,0.483,1.200,40,0,1310.220,0,0,1310.220
KLWX20140729-5,KLWX20140729_095758_V06,2,1.494,1.200,40,0,0.060,0,0,0.060
KLWX20140729-5,KLWX20140729_095758_V06,4,2.505,1.200,20,0,0.060,0,0,0.060
KLWX20140729-5,KLWX20140729_100742_V06,0,0.483,1.200,974,0,5718.807,26,0,5591.940
KLWX20140729-5,KLWX20140729_100742_V06,2,1.494,1.200,975,0,329.243,2,0,326.759
KLWX20140729-5,KLWX20140729_100742_V06,4,2.505,1.200,488,0,1.425,0,0,1.425
KLWX20140729-7,KLWX20140729_100742_V06,0,0.483,1.200,229,0,5836.512,8,0,5830.260
KLWX20140729-7,KLWX20140729_100742_V06,2,1.494,1.200,231,0,22.801,3,0,16.032
KLWX20140729-7,KLWX20140729_100742_V06,4,2.505,1.200,115,0,0.163,0,0,0.163
KLWX20140729-7,KLWX20140729_100742_V06,5,3.516,1.200,115,0,0.164,0,0,0.164
KLWX20140729-7,KLWX20140729_100742_V06,6,4.482,1.200,112,0,0.160,0,0,0.160
KLWX20140729-10,KLWX20140729_100742_V06,0,0.483,1.200,37,0,478.122,0,0,478.122
KLWX20140729-10,KLWX20140729_100742_V06,2,1.494,1.200,38,0,11.253,0,0,11.253
KLWX20140729-10,KLWX20140729_100742_V06,4,2.505,1.200,21,0,0.041,0,0,0.041
KLWX20140729-10,KLWX20140729_100742_V06,5,3.516,1.200,20,0,0.039,0,0,0.039
KLWX20140729-15,KLWX20140729_102711_V06,0,0.483,1.200,1680,0,9097.393,22,0,8970.711
KLWX20140729-15,KLWX20140729_102711_V06,2,1.494,1.200,1678,0,294.350,13,0,255.663
KLWX20140729-15,KLWX20140729_102711_V06,4,2.505,1.200,844,0,2.986,0,0,2.986
KLWX20140730-1,KLWX20140730_094918_V06,0,0.483,1.200,1768,0,36824.998,29,0,36196.491
KLWX20140730-1,KLWX20140730_094918_V06,2,1.494,1.200,1769,0,5.009,0,0,5.009
KLWX20140730-1,KLWX20140730_095904_V06,0,0.483,1.200,5935,0,176946.360,102,0,174218.862
KLWX20140730-1,KLWX20140730_095904_V06,2,1.494,1.200,5937,0,718.692,4,0,17.039
KLWX20140730-1,KLWX20140730_100850_V06,0,0.483,1.200,13686,0,223127.373,258,0,214465.818
KLWX20140730-1,KLWX20140730_100850_V06,2,1.494,1.200,13695,0,45.337,0,0,45.337
KLWX20140730-1,KLWX20140730_101836_V06,0,0.483,1.200,23935,0,223051.828,674,0,206904.013
KLWX20140730-1,KLWX20140730_101836_V06,2,1.494,1.200,23954,0,322.166,10,0,297.633
KLWX20140730-1,KLWX20140730_103037_V06,0,0.483,1.200,34543,0,195319.950,1284,0,170506.370
KLWX20140730-1,KLWX20140730_103037_V06,2,1.494,1.200,34562,0,3996.404,36,0,3874.596
KLWX20140730-1,KLWX20140730_104023_V06,0,0.483,1.200,45865,0,158998.754,1678,0,137186.409
KLWX20140730-1,KLWX20140730_104023_V06,2,1.494,1.200,45914,0,10601.362,86,0,10137.679
KLWX20140730-1,KLWX20140730_105010_V06,0,0.483,1.200,61967,0,122110.161,2279,0,100317.427
KLWX20140730-1,KLWX20140730_105010_V06,2,1.494,1.200,62012,0,14143.185,255,0,13071.518
KLWX20140730-1,KLWX20140730_105956_V06,0,0.483,1.200,75097,0,91829.062,2997,0,72604.948
KLWX20140730-1,KLWX20140730_105956_V06,2,1.494,1.200,75154,0,14256.945,462,0,12651.737
KLWX20140730-1,KLWX20140730_110942_V06,0,0.483,1.200,91037,0,71334.664,3738,0,55024.630
KLWX20140730-1,KLWX20140730_110942_V06,2,1.494,1.200,91089,0,14312.819,746,0,11608.559
KLWX20140730-1,KLWX20140730_111928_V06,0,0.483,1.200,47032,0,29147.791,886,0,23254.062
KLWX20140730-1,KLWX20140730_111928_V06,2,1.494,1.200,47062,0,5531.215,328,0,4314.802
KLWX20140730-3,KLWX20140730_095904_V06,0,0.483,1.200,1194,0,7208.538,34,0,7169.727
KLWX20140730-3,KLWX20140730_095904_V06,2,1.494,1.200,1194,0,2120.559,364,0,1922.838
KLWX20140730-3,KLWX20140730_095904_V06,4,2.505,1.200,599,0,0.892,0,0,0.892
KLWX20140730-3,KLWX20140730_095904_V06,5,3.516,1.200,601,0,0.896,0,0,0.896
KLWX20140730-3,KLWX20140730_095904_V06,6,4.482,1.200,600,0,0.897,0,0,0.897
KLWX20140730-3,KLWX20140730_100850_V06,0,0.483,1.200,3153,0,12361.223,75,0,12276.800
KLWX20140730-3,KLWX20140730_100850_V06,2,1.494,1.200,3156,0,20267.996,620,0,19620.486
KLWX20140730-3,KLWX20140730_100850_V06,4,2.505,1.200,1575,0,7.401,0,0,7.401
KLWX20140730-3,KLWX20140730_100850_V06,5,3.516,1.200,1578,0,2.277,0,0,2.277
KLWX20140730-3,KLWX20140730_100850_V06,6,4.482,1.200,1584,0,2.294,0,0,2.294
KLWX20140730-3,KLWX20140730_101836_V06,0,0.483,1.200,4894,0,3263.626,153,0,3110.909
KLWX20140730-3,KLWX20140730_101836_V06,2,1.494,1.200,4893,0,23554.785,800,0,22797.258
KLWX20140730-3,KLWX20140730_101836_V06,4,2.505,1.200,2447,0,184.117,1,0,182.987
KLWX20140730-3,KLWX20140730_101836_V06,5,3.516,1.200,2452,0,4.768,0,0,4.768
KLWX20140730-3,KLWX20140730_101836_V06,6,4.482,1.200,2459,0,3.381,0,0,3.381
KLWX20140730-3,KLWX20140730_103037_V06,0,0.483,1.200,11902,0,6011.573,567,0,4507.169
KLWX20140730-3,KLWX20140730_103037_V06,2,1.494,1.200,11915,0,14781.279,1427,0,13598.374
KLWX20140730-3,KLWX20140730_103037_V06,4,2.505,1.200,5917,0,1731.810,142,0,1600.208
KLWX20140730-3,KLWX20140730_103037_V06,5,3.516,1.200,5914,0,86.051,31,0,78.802
KLWX20140730-3,KLWX20140730_103037_V06,6,4.482,1.200,5923,0,29.843,16,0,25.772
KLWX20140730-2,KLWX20140730_095904_V06,0,0.483,1.200,1791,0,5573.128,30,0,5500.673
KLWX20140730-2,KLWX20140730_095904_V06,2,1.494,1.200,1796,0,22.385,0,0,22.385
KLWX20140730-2,KLWX20140730_095904_V06,4,2.505,1.200,898,0,1.822,0,0,1.822
KLWX20140730-2,KLWX20140730_095904_V06,5,3.516,1.200,898,0,1.823,0,0,1.823
KLWX20140730-2,KLWX20140730_100850_V06,0,0.483,1.200,5484,0,9244.346,332,0,8259.057
KLWX20140730-2,KLWX20140730_100850_V06,2,1.494,1.200,5490,0,2260.261,35,0,2191.975
KLWX20140730-2,KLWX20140730_100850_V06,4,2.505,1.200,2748,0,5.790,0,0,5.790
KLWX20140730-2,KLWX20140730_100850_V06,5,3.516,1.200,2748,0,5.805,0,0,5.805
KLWX20140730-2,KLWX20140730_101836_V06,0,0.483,1.200,11384,0,11011.064,1078,0,8077.960
KLWX20140730-2,KLWX20140730_101836_V06,2,1.494,1.200,11383,0,3392.095,98,0,3118.953
KLWX20140730-2,KLWX20140730_101836_V06,4,2.505,1.200,5697,0,62.786,0,0,62.786
KLWX20140730-2,KLWX20140730_101836_V06,5,3.516,1.200,5701,0,12.070,0,0,12.070
KLWX20140730-4,KLWX20140730_095904_V06,0,0.483,1.200,533,0,2848.791,19,0,2821.083
KLWX20140730-4,KLWX20140730_095904_V06,2,1.494,1.200,536,0,0.404,0,0,0.404
KLWX20140730-4,KLWX20140730_095904_V06,4,2.505,1.200,266,0,0.401,0,0,0.401
KLWX20140730-4,KLWX20140730_095904_V06,5,3.516,1.200,269,0,0.406,0,0,0.406
KLWX20140730-4,KLWX20140730_095904_V06,6,4.482,1.200,268,0,0.407,0,0,0.407
KLWX20140730-4,KLWX20140730_100850_V06,0,0.483,1.200,3536,0,2850.257,122,0,2640.758
KLWX20140730-4,KLWX20140730_100850_V06,2,1.494,1.200,3537,0,7.123,5,0,5.316
KLWX20140730-4,KLWX20140730_100850_V06,4,2.505,1.200,1767,0,2.711,0,0,2.711
KLWX20140730-4,KLWX20140730_100850_V06,5,3.516,1.200,1774,0,2.727,0,0,2.727
KLWX20140730-4,KLWX20140730_100850_V06,6,4.482,1.200,1772,0,2.730,0,0,2.730
KLWX20140730-5,KLWX20140730_095904_V06,0,0.483,1.200,2336,0,3033.023,51,0,2848.715
KLWX20140730-5,KLWX20140730_095904_V06,2,1.494,1.200,2339,0,3.091,0,0,3.091
KLWX20140730-5,KLWX20140730_095904_V06,4,2.505,1.200,1170,0,3.097,0,0,3.097
KLWX20140730-5,KLWX20140730_100850_V06,0,0.483,1.200,6346,0,7309.855,241,0,6483.197
KLWX20140730-5,KLWX20140730_100850_V06,2,1.494,1.200,6355,0,315.375,14,0,296.504
KLWX20140730-5,KLWX20140730_100850_V06,4,2.505,1.200,3181,0,8.522,0,0,8.522
KLWX20140731-1,KLWX20140731_095255_V06,0,0.483,1.200,2434,0,30846.364,78,0,29026.956
KLWX20140731-1,KLWX20140731_095255_V06,2,1.494,1.200,2433,0,7.818,0,0,7.818
KLWX20140731-1,KLWX20140731_100240_V06,0,0.483,1.200,5943,0,188875.721,162,0,180950.898
KLWX20140731-1,KLWX20140731_100240_V06,2,1.494,1.200,5951,0,19.573,0,0,19.573
KLWX20140731-1,KLWX20140731_101226_V06,0,0.483,1.200,13980,0,179839.563,463,0,165478.986
KLWX20140731-1,KLWX20140731_101226_V06,2,1.494,1.200,13992,0,47.673,0,0,47.673
KLWX20140731-1,KLWX20140731_102210_V06,0,0.483,1.200,17614,0,127131.581,735,0,104560.245
KLWX20140731-1,KLWX20140731_102210_V06,2,1.494,1.200,17629,0,164.290,3,0,126.875
KLWX20140731-1,KLWX20140731_103154_V06,0,0.483,1.200,26778,0,34463.448,358,0,22920.307
KLWX20140731-1,KLWX20140731_103154_V06,2,1.494,1.200,26803,0,145.195,2,0,111.542
KLWX20140731-2,KLWX20140731_100240_V06,0,0.483,1.200,2619,0,14998.726,82,0,14856.153
KLWX20140731-2,KLWX20140731_100240_V06,2,1.494,1.200,2618,0,4823.846,46,0,4761.865
KLWX20140731-2,KLWX20140731_100240_V06,4,2.505,1.200,1311,0,5.242,0,0,5.242
KLWX20140731-2,KLWX20140731_100240_V06,5,3.516,1.200,1310,0,1.931,0,0,1.931
KLWX20140731-2,KLWX20140731_100240_V06,6,4.482,1.200,1315,0,1.944,0,0,1.944
KLWX20140731-2,KLWX20140731_101226_V06,0,0.483,1.200,6713,0,3605.460,255,0,3343.425
KLWX20140731-2,KLWX20140731_101226_V06,2,1.494,1.200,6712,0,21585.854,196,0,21284.774
KLWX20140731-2,KLWX20140731_101226_V06,4,2.505,1.200,3359,0,636.395,10,0,557.960
KLWX20140731-2,KLWX20140731_101226_V06,5,3.516,1.200,3362,0,13.364,1,0,13.161
KLWX20140731-2,KLWX20140731_101226_V06,6,4.482,1.200,3370,0,4.851,0,0,4.851
KLWX20140731-4,KLWX20140731_100240_V06,0,0.483,1.200,1003,0,5698.500,34,0,5605.678
KLWX20140731-4,KLWX20140731_100240_V06,2,1.494,1.200,1008,0,0.674,0,0,0.674
KLWX20140731-4,KLWX20140731_100240_V06,4,2.505,1.200,501,0,0.671,0,0,0.671
KLWX20140731-4,KLWX20140731_100240_V06,5,3.516,1.200,503,0,0.675,0,0,0.675
KLWX20140731-4,KLWX20140731_100240_V06,6,4.482,1.200,504,0,0.678,0,0,0.678
KLWX20140731-4,KLWX20140731_101226_V06,0,0.483,1.200,6658,0,2828.289,248,0,2442.288
KLWX20140731-4,KLWX20140731_101226_V06,2,1.494,1.200,6657,0,6.434,1,0,6.083
KLWX20140731-4,KLWX20140731_101226_V06,4,2.505,1.200,3336,0,7.927,0,0,7.927
KLWX20140731-4,KLWX20140731_101226_V06,5,3.516,1.200,3332,0,4.359,0,0,4.359
KLWX20140731-4,KLWX20140731_101226_V06,6,4.482,1.200,3341,0,4.383,0,0,4.383
KLWX20140731-3,KLWX20140731_100240_V06,0,0.483,1.200,3012,0,3096.597,20,0,2992.778
KLWX20140731-3,KLWX20140731_100240_V06,2,1.494,1.200,3008,0,16.850,4,0,7.341
KLWX20140731-3,KLWX20140731_100240_V06,4,2.505,1.200,1509,0,4.230,0,0,4.230
KLWX20140731-5,KLWX20140731_101226_V06,0,0.483,1.200,4583,0,2525.859,51,0,2409.524
KLWX20140731-5,KLWX20140731_101226_V06,2,1.494,1.200,4586,0,566.144,19,0,531.851
KLWX20140731-5,KLWX20140731_101226_V06,4,2.505,1.200,2293,0,8.175,0,0,8.175
KLWX20140731-5,KLWX20140731_101226_V06,5,3.516,1.200,2298,0,4.768,0,0,4.768
KLWX20140802-6,KLWX20140802_095721_V06,0,0.483,1.200,1955,0,11103.245,64,0,10304.556
KLWX20140802-6,KLWX20140802_095721_V06,2,1.450,1.200,1958,0,2062.890,406,0,1179.122
KLWX20140802-6,KLWX20140802_095721_V06,4,2.417,1.200,977,0,1.682,0,0,1.682
KLWX20140802-6,KLWX20140802_095721_V06,5,3.384,1.200,982,0,1.692,0,0,1.692
KLWX20140802-6,KLWX20140802_100217_V06,0,0.483,1.200,2870,0,21395.275,112,0,20709.738
KLWX20140802-6,KLWX20140802_100217_V06,2,1.450,1.200,2868,0,6851.935,552,0,5557.892
KLWX20140802-6,KLWX20140802_100217_V06,4,2.417,1.200,1442,0,18.195,0,0,18.195
KLWX20140802-6,KLWX20140802_100217_V06,5,3.384,1.200,1442,0,2.474,0,0,2.474
KLWX20140802-6,KLWX20140802_100715_V06,0,0.483,1.200,4033,0,10543.823,194,0,9854.775
KLWX20140802-6,KLWX20140802_100715_V06,2,1.450,1.200,4032,0,19191.767,663,0,17411.100
KLWX20140802-6,KLWX20140802_100715_V06,4,2.417,1.200,2014,0,219.067,21,0,194.561
KLWX20140802-6,KLWX20140802_100715_V06,5,3.384,1.200,2018,0,3.489,0,0,3.489
KLWX20140802-6,KLWX20140802_101213_V06,0,0.483,1.200,5640,0,6105.548,363,0,4947.516
KLWX20140802-6,KLWX20140802_101213_V06,2,1.450,1.200,5639,0,23427.076,811,0,20862.753
KLWX20140802-6,KLWX20140802_101213_V06,4,2.417,1.200,2820,0,4141.850,42,0,3923.927
KLWX20140802-6,KLWX20140802_101213_V06,5,3.384,1.200,2820,0,4.972,0,0,4.972
KLWX20140802-6,KLWX20140802_101710_V06,0,0.483,1.200,8361,0,5094.466,416,0,3797.075
KLWX20140802-6,KLWX20140802_101710_V06,2,1.450,1.200,8373,0,24075.864,1304,0,20209.240
KLWX20140802-6,KLWX20140802_101710_V06,4,2.417,1.200,4189,0,12979.646,74,0,12490.665
KLWX20140802-6,KLWX20140802_101710_V06,5,3.384,1.200,4189,0,7.597,0,0,7.597
KLWX20140802-13,KLWX20140802_102207_V06,0,0.483,1.200,1346,0,13824.157,146,0,13458.287
KLWX20140802-13,KLWX20140802_102207_V06,2,1.450,1.200,1347,0,52.074,15,0,34.118
KLWX20140802-13,KLWX20140802_102207_V06,4,2.417,1.200,671,0,520.583,222,0,196.287
KLWX20140802-13,KLWX20140802_102207_V06,5,3.384,1.200,677,0,58.565,37,0,19.819
KLWX20140802-13,KLWX20140802_102207_V06,6,4.307,1.200,676,0,0.820,0,0,0.820
KLWX20140802-13,KLWX20140802_102704_V06,0,0.483,1.200,3504,0,17211.824,457,0,16127.262
KLWX20140802-13,KLWX20140802_102704_V06,2,1.450,1.200,3506,0,471.925,105,0,305.349
KLWX20140802-13,KLWX20140802_102704_V06,4,2.417,1.200,1753,0,1964.582,419,0,1293.975
KLWX20140802-13,KLWX20140802_102704_V06,5,3.384,1.200,1756,0,442.375,287,0,75.108
KLWX20140802-13,KLWX20140802_102704_V06,6,4.307,1.200,1759,0,2.900,0,0,2.900
KLWX20140802-13,KLWX20140802_103202_V06,0,0.483,1.200,2632,0,13270.604,375,0,12006.880
KLWX20140802-13,KLWX20140802_103202_V06,2,1.450,1.200,2636,0,281.155,68,0,210.236
KLWX20140802-13,KLWX20140802_103202_V06,4,2.417,1.200,1318,0,1026.957,352,0,471.354
KLWX20140802-13,KLWX20140802_103202_V06,5,3.384,1.200,1322,0,239.774,135,0,49.248
KLWX20140802-13,KLWX20140802_103202_V06,6,4.307,1.200,1319,0,1.599,0,0,1.599
KLWX20140802-13,KLWX20140802_103700_V06,0,0.483,1.200,5309,0,12111.983,797,0,10455.642
KLWX20140802-13,KLWX20140802_103700_V06,2,1.450,1.200,5310,0,1209.111,248,0,871.770
KLWX20140802-13,KLWX20140802_103700_V06,4,2.417,1.200,2659,0,2003.378,643,0,757.762
KLWX20140802-13,KLWX20140802_103700_V06,5,3.384,1.200,2659,0,842.021,498,0,136.761
KLWX20140802-13,KLWX20140802_103700_V06,6,4.307,1.200,2659,0,13.511,7,0,10.994
KLWX20140802-16,KLWX20140802_105151_V06,0,0.483,1.200,1095,0,6443.747,10,0,6421.971
KLWX20140802-16,KLWX20140802_105151_V06,2,1.450,1.200,1096,0,0.919,0,0,0.919
KLWX20140802-16,KLWX20140802_105151_V06,4,2.417,1.200,546,0,0.917,0,0,0.917
KLWX20140802-16,KLWX20140802_105151_V06,5,3.384,1.200,547,0,0.921,0,0,0.921
KLWX20140802-16,KLWX20140802_105648_V06,0,0.483,1.200,2967,0,7649.718,69,0,7330.906
KLWX20140802-16,KLWX20140802_105648_V06,2,1.450,1.200,2969,0,2.549,0,0,2.549
KLWX20140802-16,KLWX20140802_105648_V06,4,2.417,1.200,1491,0,2.564,0,0,2.564
KLWX20140802-16,KLWX20140802_105648_V06,5,3.384,1.200,1488,0,2.562,0,0,2.562
KLWX20140802-18,KLWX20140802_113130_V06,0,0.483,1.200,1962,0,7788.997,106,0,7529.294
KLWX20140802-18,KLWX20140802_113130_V06,2,1.450,1.200,1966,0,6.086,1,0,4.905
KLWX20140802-18,KLWX20140802_113130_V06,4,2.417,1.200,983,0,1.538,0,0,1.538
KLWX20140802-18,KLWX20140802_113130_V06,5,3.384,1.200,983,0,1.541,0,0,1.541
KLWX20140802-18,KLWX20140802_113130_V06,6,4.307,1.200,983,0,1.545,0,0,1.545
KLWX20140802-18,KLWX20140802_113627_V06,0,0.483,1.200,4085,0,7392.066,203,0,7010.775
KLWX20140802-18,KLWX20140802_113627_V06,2,1.450,1.200,4087,0,4.272,1,0,3.816
KLWX20140802-18,KLWX20140802_113627_V06,4,2.417,1.200,2042,0,9.944,0,0,9.944
KLWX20140802-18,KLWX20140802_113627_V06,5,3.384,1.200,2045,0,3.193,0,0,3.193
KLWX20140802-18,KLWX20140802_113627_V06,6,4.307,1.200,2048,0,3.207,0,0,3.207
KLWX20140802-15,KLWX20140802_103700_V06,0,0.483,1.200,9093,0,14781.022,221,0,13229.290
KLWX20140802-15,KLWX20140802_103700_V06,2,1.450,1.200,9090,0,219.943,6,0,204.707
KLWX20140802-15,KLWX20140802_103700_V06,4,2.417,1.200,4537,0,15.759,0,0,15.759
KLWX20140802-17,KLWX20140802_112632_V06,0,0.483,1.200,2583,0,8590.209,115,0,8266.358
KLWX20140802-17,KLWX20140802_112632_V06,2,1.450,1.200,2588,0,3.559,1,0,3.122
KLWX20140802-17,KLWX20140802_112632_V06,4,2.417,1.200,1297,0,2.158,0,0,2.158
KLWX20140802-17,KLWX20140802_112632_V06,5,3.384,1.200,1296,0,2.160,0,0,2.160
KLWX20140803-1,KLWX20140803_095618_V06,0,0.483,1.200,120,0,2674.372,4,0,2584.472
KLWX20140803-1,KLWX20140803_095618_V06,2,1.450,1.200,121,0,0.095,0,0,0.095
KLWX20140803-1,KLWX20140803_095618_V06,4,2.417,1.200,59,0,0.093,0,0,0.093
KLWX20140803-1,KLWX20140803_095618_V06,5,3.384,1.200,59,0,0.093,0,0,0.093
KLWX20140803-1,KLWX20140803_095618_V06,6,4.307,1.200,62,0,0.098,0,0,0.098
KLWX20140803-1,KLWX20140803_100115_V06,0,0.483,1.200,870,0,22823.015,43,0,21957.020
KLWX20140803-1,KLWX20140803_100115_V06,2,1.450,1.200,871,0,0.673,0,0,0.673
KLWX20140803-1,KLWX20140803_100115_V06,4,2.417,1.200,435,0,0.674,0,0,0.674
KLWX20140803-1,KLWX20140803_100115_V06,5,3.384,1.200,435,0,0.675,0,0,0.675
KLWX20140803-1,KLWX20140803_100115_V06,6,4.307,1.200,437,0,0.679,0,0,0.679
KLWX20140803-1,KLWX20140803_100613_V06,0,0.483,1.200,1470,0,15333.214,68,0,14154.398
KLWX20140803-1,KLWX20140803_100613_V06,2,1.450,1.200,1470,0,1.103,0,0,1.103
KLWX20140803-1,KLWX20140803_100613_V06,4,2.417,1.200,737,0,1.108,0,0,1.108
KLWX20140803-1,KLWX20140803_100613_V06,5,3.384,1.200,736,0,3.538,0,0,3.538
KLWX20140803-1,KLWX20140803_100613_V06,6,4.307,1.200,740,0,1.117,0,0,1.117
KLWX20140803-1,KLWX20140803_101110_V06,0,0.483,1.200,2564,0,31466.761,151,0,29910.988
KLWX20140803-1,KLWX20140803_101110_V06,2,1.450,1.200,2569,0,1.927,0,0,1.927
KLWX20140803-1,KLWX20140803_101110_V06,4,2.417,1.200,1282,0,1.927,0,0,1.927
KLWX20140803-1,KLWX20140803_101110_V06,5,3.384,1.200,1283,0,1.931,0,0,1.931
KLWX20140803-1,KLWX20140803_101110_V06,6,4.307,1.200,1289,0,1.945,0,0,1.945
KLWX20140803-1,KLWX20140803_101608_V06,0,0.483,1.200,4919,0,24839.290,380,0,23499.864
KLWX20140803-1,KLWX20140803_101608_V06,2,1.450,1.200,4920,0,5.656,4,0,4.326
KLWX20140803-1,KLWX20140803_101608_V06,4,2.417,1.200,2462,0,6.981,0,0,6.981
KLWX20140803-1,KLWX20140803_101608_V06,5,3.384,1.200,2463,0,3.626,0,0,3.626
KLWX20140803-1,KLWX20140803_101608_V06,6,4.307,1.200,2467,0,3.641,0,0,3.641
KLWX20140803-1,KLWX20140803_102105_V06,0,0.483,1.200,7452,0,21596.722,642,0,19927.469
KLWX20140803-1,KLWX20140803_102105_V06,2,1.450,1.200,7452,0,48.087,40,0,30.880
KLWX20140803-1,KLWX20140803_102105_V06,4,2.417,1.200,3731,0,5.300,0,0,5.300
KLWX20140803-1,KLWX20140803_102105_V06,5,3.384,1.200,3730,0,5.307,0,0,5.307
KLWX20140803-1,KLWX20140803_102105_V06,6,4.307,1.200,3734,0,5.323,0,0,5.323
KLWX20140803-3,KLWX20140803_100115_V06,0,0.483,1.200,2140,0,16935.879,104,0,15107.999
KLWX20140803-3,KLWX20140803_100115_V06,2,1.450,1.200,2138,0,1937.929,220,0,1648.192
KLWX20140803-3,KLWX20140803_100115_V06,4,2.417,1.200,1065,0,39.578,6,0,34.815
KLWX20140803-3,KLWX20140803_100115_V06,5,3.384,1.200,1067,0,1.585,0,0,1.585
KLWX20140803-3,KLWX20140803_100115_V06,6,4.307,1.200,1069,0,1.591,0,0,1.591
KLWX20140803-3,KLWX20140803_100613_V06,0,0.483,1.200,4021,0,12129.271,278,0,10897.470
KLWX20140803-3,KLWX20140803_100613_V06,2,1.450,1.200,4031,0,13736.337,266,0,12438.788
KLWX20140803-3,KLWX20140803_100613_V06,4,2.417,1.200,2013,0,127.672,14,0,116.037
KLWX20140803-3,KLWX20140803_100613_V06,5,3.384,1.200,2014,0,2.943,0,0,2.943
KLWX20140803-3,KLWX20140803_100613_V06,6,4.307,1.200,2014,0,2.949,0,0,2.949
KLWX20140803-3,KLWX20140803_101110_V06,0,0.483,1.200,4135,0,9021.404,339,0,7893.642
KLWX20140803-3,KLWX20140803_101110_V06,2,1.450,1.200,4140,0,8333.257,311,0,7229.525
KLWX20140803-3,KLWX20140803_101110_V06,4,2.417,1.200,2067,0,462.704,10,0,415.953
KLWX20140803-3,KLWX20140803_101110_V06,5,3.384,1.200,2068,0,3.082,0,0,3.082
KLWX20140803-3,KLWX20140803_101110_V06,6,4.307,1.200,2075,0,3.097,0,0,3.097
KLWX20140803-3,KLWX20140803_101608_V06,0,0.483,1.200,5303,0,6557.857,470,0,5359.971
KLWX20140803-3,KLWX20140803_101608_V06,2,1.450,1.200,5302,0,8447.591,334,0,7257.678
KLWX20140803-3,KLWX20140803_101608_V06,4,2.417,1.200,2657,0,1247.486,41,0,1024.809
KLWX20140803-3,KLWX20140803_101608_V06,5,3.384,1.200,2654,0,27.850,2,0,21.866
KLWX20140803-3,KLWX20140803_101608_V06,6,4.307,1.200,2654,0,3.809,0,0,3.809
KLWX20140803-4,KLWX20140803_100613_V06,0,0.483,1.200,2143,0,2226.481,74,0,1890.644
KLWX20140803-4,KLWX20140803_100613_V06,2,1.450,1.200,2143,0,2.064,0,0,2.064
KLWX20140803-4,KLWX20140803_100613_V06,4,2.417,1.200,1078,0,2.079,0,0,2.079
KLWX20140803-4,KLWX20140803_100613_V06,5,3.384,1.200,1074,0,2.077,0,0,2.077
KLWX20140803-4,KLWX20140803_101110_V06,0,0.483,1.200,4514,0,6184.517,181,0,4830.802
KLWX20140803-4,KLWX20140803_101110_V06,2,1.450,1.200,4518,0,11.597,1,0,8.246
KLWX20140803-4,KLWX20140803_101110_V06,4,2.417,1.200,2259,0,4.469,0,0,4.469
KLWX20140803-4,KLWX20140803_101110_V06,5,3.384,1.200,2260,0,4.480,0,0,4.480
KLWX20140803-4,KLWX20140803_101608_V06,0,0.483,1.200,6304,0,12106.662,392,0,9715.537
KLWX20140803-4,KLWX20140803_101608_V06,2,1.450,1.200,6312,0,29.397,9,0,15.391
KLWX20140803-4,KLWX20140803_101608_V06,4,2.417,1.200,3162,0,10.167,0,0,10.167
KLWX20140803-4,KLWX20140803_101608_V06,5,3.384,1.200,3158,0,6.517,0,0,6.517
KLWX20140803-4,KLWX20140803_102105_V06,0,0.483,1.200,6951,0,14127.339,590,0,11630.534
KLWX20140803-4,KLWX20140803_102105_V06,2,1.450,1.200,6957,0,36.377,12,0,25.375
KLWX20140803-4,KLWX20140803_102105_V06,4,2.417,1.200,3477,0,7.386,0,0,7.386
KLWX20140803-4,KLWX20140803_102105_V06,5,3.384,1.200,3487,0,7.424,0,0,7.424
KLWX20140803-5,KLWX20140803_100613_V06,0,0.483,1.200,1376,0,10423.474,48,0,9551.702
KLWX20140803-5,KLWX20140803_100613_V06,2,1.450,1.200,1375,0,3.648,0,0,3.648
KLWX20140803-5,KLWX20140803_101110_V06,0,0.483,1.200,3052,0,22950.201,132,0,20463.283
KLWX20140803-5,KLWX20140803_101110_V06,2,1.450,1.200,3054,0,8.085,0,0,8.085
KLWX20140804-2,KLWX20140804_095851_V06,0,0.483,1.200,4611,0,176523.285,94,0,172021.611
KLWX20140804-2,KLWX20140804_095851_V06,2,1.494,1.200,4612,0,114.663,1,0,82.662
KLWX20140804-2,KLWX20140804_100836_V06,0,0.483,1.200,9947,0,449789.396,214,0,438728.478
KLWX20140804-2,KLWX20140804_100836_V06,2,1.494,1.200,9949,0,59.002,2,0,48.220
KLWX20140804-2,KLWX20140804_101821_V06,0,0.483,1.200,17502,0,455922.281,540,0,437355.472
KLWX20140804-2,KLWX20140804_101821_V06,2,1.494,1.200,17512,0,335.185,9,0,187.337
KLWX20140804-2,KLWX20140804_102806_V06,0,0.483,1.200,22561,0,330309.111,1160,0,297949.536
KLWX20140804-2,KLWX20140804_102806_V06,2,1.494,1.200,22581,0,2083.770,35,0,1819.917
KLWX20140804-2,KLWX20140804_103750_V06,0,0.483,1.200,29262,0,171402.855,1533,0,141705.812
KLWX20140804-2,KLWX20140804_103750_V06,2,1.494,1.200,29288,0,4402.114,71,0,3926.854
KLWX20140804-2,KLWX20140804_104735_V06,0,0.483,1.200,47002,0,153724.293,2872,0,118413.602
KLWX20140804-2,KLWX20140804_104735_V06,2,1.494,1.200,47035,0,6379.159,253,0,5287.026
KLWX20140804-1,KLWX20140804_095851_V06,0,0.483,1.200,314,0,14151.858,5,0,14132.573
KLWX20140804-1,KLWX20140804_095851_V06,2,1.494,1.200,314,0,2.993,2,0,2.141
KLWX20140804-1,KLWX20140804_095851_V06,4,2.505,1.200,158,0,0.256,0,0,0.256
KLWX20140804-1,KLWX20140804_095851_V06,5,3.516,1.200,159,0,0.258,0,0,0.258
KLWX20140804-1,KLWX20140804_100836_V06,0,0.483,1.200,1603,0,14787.971,98,0,14237.401
KLWX20140804-1,KLWX20140804_100836_V06,2,1.494,1.200,1601,0,9.776,3,0,6.394
KLWX20140804-1,KLWX20140804_100836_V06,4,2.505,1.200,803,0,1.304,0,0,1.304
KLWX20140804-1,KLWX20140804_100836_V06,5,3.516,1.200,805,0,1.310,0,0,1.310
KLWX20140804-1,KLWX20140804_101821_V06,0,0.483,1.200,4022,0,34647.377,296,0,34111.178
KLWX20140804-1,KLWX20140804_101821_V06,2,1.494,1.200,4023,0,14.883,2,0,13.658
KLWX20140804-1,KLWX20140804_101821_V06,4,2.505,1.200,2014,0,11.183,0,0,11.183
KLWX20140804-1,KLWX20140804_101821_V06,5,3.516,1.200,2016,0,3.683,0,0,3.683
KLWX20140804-1,KLWX20140804_102806_V06,0,0.483,1.200,5997,0,36141.132,481,0,35126.724
KLWX20140804-1,KLWX20140804_102806_V06,2,1.494,1.200,5998,0,168.223,45,0,85.094
KLWX20140804-1,KLWX20140804_102806_V06,4,2.505,1.200,3006,0,11.447,0,0,11.447
KLWX20140804-1,KLWX20140804_102806_V06,5,3.516,1.200,3004,0,27.309,0,0,27.309
KLWX20140804-10,KLWX20140804_102806_V06,0,0.483,1.200,1115,0,18700.894,70,0,18349.290
KLWX20140804-10,KLWX20140804_102806_V06,2,1.494,1.200,1118,0,2.104,0,0,2.104
KLWX20140804-10,KLWX20140804_102806_V06,4,2.505,1.200,561,0,2.115,0,0,2.115
KLWX20140804-10,KLWX20140804_103750_V06,0,0.483,1.200,3227,0,32866.057,251,0,30744.169
KLWX20140804-10,KLWX20140804_103750_V06,2,1.494,1.200,3235,0,11.645,2,0,6.151
KLWX20140804-10,KLWX20140804_103750_V06,4,2.505,1.200,1613,0,6.150,0,0,6.150
KLWX20140804-10,KLWX20140804_104735_V06,0,0.483,1.200,2948,0,22084.894,181,0,20535.793
KLWX20140804-10,KLWX20140804_104735_V06,2,1.494,1.200,2958,0,5.864,0,0,5.864
KLWX20140804-10,KLWX20140804_104735_V06,4,2.505,1.200,1472,0,5.842,0,0,5.842
KLWX20140804-4,KLWX20140804_095851_V06,0,0.483,1.200,2271,0,6927.130,67,0,6841.743
KLWX20140804-4,KLWX20140804_095851_V06,2,1.494,1.200,2270,0,3496.762,1016,0,2784.751
KLWX20140804-4,KLWX20140804_095851_V06,4,2.505,1.200,1133,0,578.610,275,0,303.508
KLWX20140804-4,KLWX20140804_095851_V06,5,3.516,1.200,1133,0,1.620,0,0,1.620
KLWX20140804-4,KLWX20140804_095851_V06,6,4.482,1.200,1137,0,1.630,0,0,1.630
KLWX20140804-4,KLWX20140804_100836_V06,0,0.483,1.200,5690,0,39882.092,724,0,36505.859
KLWX20140804-4,KLWX20140804_100836_V06,2,1.494,1.200,5695,0,37447.762,966,0,36357.957
KLWX20140804-4,KLWX20140804_100836_V06,4,2.505,1.200,2857,0,3354.316,944,0,2022.377
KLWX20140804-4,KLWX20140804_100836_V06,5,3.516,1.200,2861,0,91.742,44,0,74.761
KLWX20140804-4,KLWX20140804_100836_V06,6,4.482,1.200,2863,0,4.069,0,0,4.069
KLWX20140804-8,KLWX20140804_101821_V06,0,0.483,1.200,2165,0,12867.500,250,0,12605.972
KLWX20140804-8,KLWX20140804_101821_V06,2,1.494,1.200,2170,0,339.397,116,0,284.007
KLWX20140804-8,KLWX20140804_101821_V06,4,2.505,1.200,1082,0,530.190,127,0,389.545
KLWX20140804-8,KLWX20140804_101821_V06,5,3.516,1.200,1084,0,212.630,262,0,107.560
KLWX20140804-8,KLWX20140804_101821_V06,6,4.482,1.200,1090,0,27.552,49,0,20.373
KLWX20140804-8,KLWX20140804_102806_V06,0,0.483,1.200,5629,0,21488.304,712,0,20795.869
KLWX20140804-8,KLWX20140804_102806_V06,2,1.494,1.200,5635,0,2293.832,452,0,2011.106
KLWX20140804-8,KLWX20140804_102806_V06,4,2.505,1.200,2817,0,1904.046,303,0,1445.360
KLWX20140804-8,KLWX20140804_102806_V06,5,3.516,1.200,2816,0,847.852,613,0,430.858
KLWX20140804-8,KLWX20140804_102806_V06,6,4.482,1.200,2826,0,220.484,309,0,143.431
KLWX20140804-5,KLWX20140804_100836_V06,0,0.483,1.200,4293,0,22711.448,462,0,21134.568
KLWX20140804-5,KLWX20140804_100836_V06,2,1.494,1.200,4296,0,53.076,8,0,44.136
KLWX20140804-5,KLWX20140804_100836_V06,4,2.505,1.200,2154,0,4.555,0,0,4.555
KLWX20140804-5,KLWX20140804_100836_V06,5,3.516,1.200,2150,0,4.556,0,0,4.556
KLWX20140804-7,KLWX20140804_101821_V06,0,0.483,1.200,703,0,1292.461,4,0,1274.869
KLWX20140804-7,KLWX20140804_101821_V06,2,1.494,1.200,706,0,1.187,0,0,1.187
KLWX20140804-7,KLWX20140804_101821_V06,4,2.505,1.200,352,0,1.186,0,0,1.186
KLWX20140805-2,KLWX20140805_095745_V06,0,0.483,1.200,2754,0,44739.161,45,0,42985.174
KLWX20140805-2,KLWX20140805_095745_V06,2,1.494,1.200,2756,0,8.063,0,0,8.063
KLWX20140805-2,KLWX20140805_100731_V06,0,0.483,1.200,6208,0,352910.716,128,0,345172.016
KLWX20140805-2,KLWX20140805_100731_V06,2,1.494,1.200,6221,0,297.289,9,0,246.107
KLWX20140805-2,KLWX20140805_101717_V06,0,0.483,1.200,12592,0,449896.102,436,0,434373.223
KLWX20140805-2,KLWX20140805_101717_V06,2,1.494,1.200,12592,0,604.422,27,0,440.176
KLWX20140805-2,KLWX20140805_102701_V06,0,0.483,1.200,17121,0,555300.560,933,0,532283.353
KLWX20140805-2,KLWX20140805_102701_V06,2,1.494,1.200,17138,0,6023.353,152,0,5058.920
KLWX20140805-2,KLWX20140805_103647_V06,0,0.483,1.200,23260,0,567033.662,1718,0,523833.165
KLWX20140805-2,KLWX20140805_103647_V06,2,1.494,1.200,23282,0,11544.379,430,0,9609.597
KLWX20140805-2,KLWX20140805_104632_V06,0,0.483,1.200,30765,0,517461.847,2564,0,448552.509
KLWX20140805-2,KLWX20140805_104632_V06,2,1.494,1.200,30797,0,9393.711,543,0,6981.355
KLWX20140805-6,KLWX20140805_095745_V06,0,0.483,1.200,1902,0,14944.696,77,0,14562.659
KLWX20140805-6,KLWX20140805_095745_V06,2,1.494,1.200,1899,0,3357.910,1082,0,1404.437
KLWX20140805-6,KLWX20140805_095745_V06,4,2.505,1.200,950,0,3417.590,727,0,360.587
KLWX20140805-6,KLWX20140805_095745_V06,5,3.516,1.200,946,0,2.410,0,0,2.410
KLWX20140805-6,KLWX20140805_095745_V06,6,4.482,1.200,947,0,1.444,0,0,1.444
KLWX20140805-6,KLWX20140805_100731_V06,0,0.483,1.200,4577,0,34578.331,372,0,32771.085
KLWX20140805-6,KLWX20140805_100731_V06,2,1.494,1.200,4573,0,19640.159,1549,0,16245.473
KLWX20140805-6,KLWX20140805_100731_V06,4,2.505,1.200,2296,0,7384.765,1482,0,1221.305
KLWX20140805-6,KLWX20140805_100731_V06,5,3.516,1.200,2293,0,291.648,159,0,59.773
KLWX20140805-6,KLWX20140805_101717_V06,0,0.483,1.200,4600,0,26683.922,636,0,24048.371
KLWX20140805-6,KLWX20140805_101717_V06,2,1.494,1.200,4603,0,34458.954,956,0,32186.076
KLWX20140805-6,KLWX20140805_101717_V06,4,2.505,1.200,2303,0,10506.143,1538,0,3901.102
KLWX20140805-6,KLWX20140805_101717_V06,5,3.516,1.200,2310,0,948.507,417,0,193.218
KLWX20140805-6,KLWX20140805_101717_V06,6,4.482,1.200,2315,0,3.414,0,0,3.414
KLWX20140805-3,KLWX20140805_095745_V06,0,0.483,1.200,267,0,4378.955,12,0,4357.816
KLWX20140805-3,KLWX20140805_095745_V06,2,1.494,1.200,268,0,0.210,0,0,0.210
KLWX20140805-3,KLWX20140805_095745_V06,4,2.505,1.200,135,0,2.367,0,0,2.367
KLWX20140805-3,KLWX20140805_095745_V06,5,3.516,1.200,135,0,0.212,0,0,0.212
KLWX20140805-3,KLWX20140805_100731_V06,0,0.483,1.200,2772,0,12825.731,290,0,12211.698
KLWX20140805-3,KLWX20140805_100731_V06,2,1.494,1.200,2773,0,7.548,4,0,5.249
KLWX20140805-3,KLWX20140805_100731_V06,4,2.505,1.200,1388,0,21.760,0,0,21.760
KLWX20140805-3,KLWX20140805_100731_V06,5,3.516,1.200,1384,0,2.266,0,0,2.266
KLWX20140805-3,KLWX20140805_101717_V06,0,0.483,1.200,1576,0,14708.629,114,0,14519.024
KLWX20140805-3,KLWX20140805_101717_V06,2,1.494,1.200,1578,0,31.367,26,0,20.931
KLWX20140805-3,KLWX20140805_101717_V06,4,2.505,1.200,785,0,5.637,0,0,5.637
KLWX20140805-3,KLWX20140805_101717_V06,5,3.516,1.200,790,0,1.234,0,0,1.234
KLWX20140805-11,KLWX20140805_104632_V06,0,0.483,1.200,4113,0,68928.766,112,0,63164.503
KLWX20140805-11,KLWX20140805_105618_V06,0,0.483,1.200,8293,0,92422.588,393,0,74262.175
KLWX20140805-1,KLWX20140805_092831_V06,0,0.483,1.200,4833,0,8428.478,285,0,4878.654
KLWX20140805-1,KLWX20140805_092831_V06,2,1.494,1.200,4834,0,18.317,0,0,18.317
KLWX20140805-7,KLWX20140805_100731_V06,0,0.483,1.200,924,0,7370.836,211,0,744.149
KLWX20140805-7,KLWX20140805_100731_V06,2,1.494,1.200,921,0,2.821,0,0,2.821
KLWX20140805-9,KLWX20140805_102701_V06,0,0.483,1.200,8307,0,8394.679,270,0,3608.156
KLWX20140805-9,KLWX20140805_102701_V06,2,1.494,1.200,8320,0,31.762,0,0,31.762
KLWX20140805-10,KLWX20140805_102701_V06,0,0.483,1.200,4791,0,77029.202,340,0,65258.119
KLWX20140805-10,KLWX20140805_102701_V06,2,1.494,1.200,4795,0,17.072,0,0,17.072
KLWX20140806-1,KLWX20140806_095756_V06,0,0.483,1.200,2924,0,19330.132,85,0,16948.594
KLWX20140806-1,KLWX20140806_095756_V06,2,1.450,1.200,2928,0,8.419,0,0,8.419
KLWX20140806-1,KLWX20140806_100254_V06,0,0.483,1.200,4411,0,141636.937,200,0,131992.421
KLWX20140806-1,KLWX20140806_100254_V06,2,1.450,1.200,4413,0,12.735,0,0,12.735
KLWX20140806-1,KLWX20140806_100751_V06,0,0.483,1.200,6209,0,425316.753,335,0,394644.253
KLWX20140806-1,KLWX20140806_100751_V06,2,1.450,1.200,6212,0,153.646,4,0,71.616
KLWX20140806-1,KLWX20140806_101248_V06,0,0.483,1.200,7765,0,521439.144,410,0,482388.469
KLWX20140806-1,KLWX20140806_101248_V06,2,1.450,1.200,7780,0,2871.976,56,0,2293.361
KLWX20140806-1,KLWX20140806_101745_V06,0,0.483,1.200,11768,0,638485.529,659,0,572655.287
KLWX20140806-1,KLWX20140806_101745_V06,2,1.450,1.200,11767,0,7127.488,99,0,5998.494
KLWX20140806-1,KLWX20140806_102242_V06,0,0.483,1.200,15217,0,628644.956,971,0,555723.215
KLWX20140806-1,KLWX20140806_102242_V06,2,1.450,1.200,15230,0,15209.104,170,0,12990.128
KLWX20140806-1,KLWX20140806_102739_V06,0,0.483,1.200,18849,0,577782.994,1345,0,502063.100
KLWX20140806-1,KLWX20140806_102739_V06,2,1.450,1.200,18864,0,34208.879,319,0,27395.047
KLWX20140806-1,KLWX20140806_103236_V06,0,0.483,1.200,21966,0,518835.460,1588,0,426725.813
KLWX20140806-1,KLWX20140806_103236_V06,2,1.450,1.200,21979,0,54172.156,470,0,45781.856
KLWX20140806-1,KLWX20140806_103733_V06,0,0.483,1.200,27380,0,450033.178,2384,0,338139.433
KLWX20140806-1,KLWX20140806_103733_V06,2,1.450,1.200,27392,0,67330.168,702,0,54014.786
KLWX20140806-1,KLWX20140806_104230_V06,0,0.483,1.200,34861,0,324390.699,3129,0,245824.286
KLWX20140806-1,KLWX20140806_104230_V06,2,1.450,1.200,34897,0,65192.333,1398,0,50354.055
KLWX20140806-3,KLWX20140806_095756_V06,0,0.483,1.200,880,0,2805.675,42,0,2525.752
KLWX20140806-3,KLWX20140806_095756_V06,2,1.450,1.200,883,0,0.880,0,0,0.880
KLWX20140806-3,KLWX20140806_095756_V06,4,2.417,1.200,439,0,0.876,0,0,0.876
KLWX20140806-3,KLWX20140806_095756_V06,5,3.384,1.200,441,0,0.882,0,0,0.882
KLWX20140806-3,KLWX20140806_100254_V06,0,0.483,1.200,2141,0,12756.587,90,0,11648.526
KLWX20140806-3,KLWX20140806_100254_V06,2,1.450,1.200,2144,0,4.874,1,0,4.229
KLWX20140806-3,KLWX20140806_100254_V06,4,2.417,1.200,1076,0,2.165,0,0,2.165
KLWX20140806-3,KLWX20140806_100254_V06,5,3.384,1.200,1075,0,2.168,0,0,2.168
KLWX20140806-3,KLWX20140806_100751_V06,0,0.483,1.200,3806,0,14233.066,179,0,12817.498
KLWX20140806-3,KLWX20140806_100751_V06,2,1.450,1.200,3802,0,568.513,27,0,523.532
KLWX20140806-3,KLWX20140806_100751_V06,4,2.417,1.200,1903,0,4.008,0,0,4.008
KLWX20140806-3,KLWX20140806_100751_V06,5,3.384,1.200,1909,0,4.027,0,0,4.027
KLWX20140806-3,KLWX20140806_101248_V06,0,0.483,1.200,6261,0,16371.793,663,0,13696.704
KLWX20140806-3,KLWX20140806_101248_V06,2,1.450,1.200,6272,0,2637.241,59,0,2515.407
KLWX20140806-3,KLWX20140806_101248_V06,4,2.417,1.200,3138,0,6.724,0,0,6.724
KLWX20140806-3,KLWX20140806_101248_V06,5,3.384,1.200,3144,0,6.757,0,0,6.757
KLWX20140806-3,KLWX20140806_101745_V06,0,0.483,1.200,8054,0,35384.436,1320,0,27816.510
KLWX20140806-3,KLWX20140806_101745_V06,2,1.450,1.200,8056,0,4764.944,166,0,4376.769
KLWX20140806-3,KLWX20140806_101745_V06,4,2.417,1.200,4029,0,96.732,2,0,93.857
KLWX20140806-3,KLWX20140806_101745_V06,5,3.384,1.200,4036,0,8.574,0,0,8.574
KLWX20140806-10,KLWX20140806_100751_V06,0,0.483,1.200,731,0,14108.743,19,0,13779.629
KLWX20140806-10,KLWX20140806_100751_V06,2,1.450,1.200,728,0,0.613,0,0,0.613
KLWX20140806-10,KLWX20140806_100751_V06,4,2.417,1.200,365,0,0.616,0,0,0.616
KLWX20140806-10,KLWX20140806_100751_V06,5,3.384,1.200,366,0,0.619,0,0,0.619
KLWX20140806-10,KLWX20140806_101248_V06,0,0.483,1.200,2374,0,28320.157,183,0,27822.643
KLWX20140806-10,KLWX20140806_101248_V06,2,1.450,1.200,2370,0,6.355,4,0,2.029
KLWX20140806-10,KLWX20140806_101248_V06,4,2.417,1.200,1186,0,2.038,0,0,2.038
KLWX20140806-10,KLWX20140806_101248_V06,5,3.384,1.200,1186,0,2.040,0,0,2.040
KLWX20140806-10,KLWX20140806_101745_V06,0,0.483,1.200,2760,0,31803.890,252,0,30098.347
KLWX20140806-10,KLWX20140806_101745_V06,2,1.450,1.200,2763,0,3.172,0,0,3.172
KLWX20140806-10,KLWX20140806_101745_V06,4,2.417,1.200,1382,0,5.586,0,0,5.586
KLWX20140806-10,KLWX20140806_101745_V06,5,3.384,1.200,1381,0,2.362,0,0,2.362
KLWX20140806-10,KLWX20140806_102242_V06,0,0.483,1.200,4358,0,40466.770,564,0,38177.524
KLWX20140806-10,KLWX20140806_102242_V06,2,1.450,1.200,4362,0,29.378,4,0,25.379
KLWX20140806-10,KLWX20140806_102242_V06,4,2.417,1.200,2181,0,3.898,0,0,3.898
KLWX20140806-10,KLWX20140806_102242_V06,5,3.384,1.200,2183,0,3.913,0,0,3.913
KLWX20140806-10,KLWX20140806_102739_V06,0,0.483,1.200,8134,0,50422.595,1280,0,46533.609
KLWX20140806-10,KLWX20140806_102739_V06,2,1.450,1.200,8140,0,59.320,16,0,32.045
KLWX20140806-10,KLWX20140806_102739_V06,4,2.417,1.200,4072,0,11.208,0,0,11.208
KLWX20140806-10,KLWX20140806_102739_V06,5,3.384,1.200,4080,0,7.645,0,0,7.645
KLWX20140806-14,KLWX20140806_101745_V06,0,0.483,1.200,4134,0,27888.553,85,0,18810.720
KLWX20140806-14,KLWX20140806_101745_V06,2,1.450,1.200,4144,0,17.161,0,0,17.161
KLWX20140806-14,KLWX20140806_102242_V06,0,0.483,1.200,7156,0,57125.056,171,0,35367.979
KLWX20140806-14,KLWX20140806_102242_V06,2,1.450,1.200,7157,0,29.764,0,0,29.764
KLWX20140806-14,KLWX20140806_102739_V06,0,0.483,1.200,7888,0,73006.008,203,0,50362.440
KLWX20140806-14,KLWX20140806_102739_V06,2,1.450,1.200,7905,0,31.992,0,0,31.992
KLWX20140806-14,KLWX20140806_103236_V06,0,0.483,1.200,8790,0,57128.955,217,0,38075.012
KLWX20140806-14,KLWX20140806_103236_V06,2,1.450,1.200,8802,0,171.866,0,0,171.866
KLWX20140806-8,KLWX20140806_100254_V06,0,0.483,1.200,341,0,9023.080,28,0,8270.041
KLWX20140806-8,KLWX20140806_100254_V06,2,1.450,1.200,343,0,109.642,16,0,60.767
KLWX20140806-8,KLWX20140806_100254_V06,4,2.417,1.200,169,0,0.220,0,0,0.220
KLWX20140806-8,KLWX20140806_100254_V06,5,3.384,1.200,171,0,0.224,0,0,0.224
KLWX20140806-8,KLWX20140806_100254_V06,6,4.307,1.200,172,0,0.225,0,0,0.225
KLWX20140806-8,KLWX20140806_100751_V06,0,0.483,1.200,1851,0,15316.786,228,0,13724.017
KLWX20140806-8,KLWX20140806_100751_V06,2,1.450,1.200,1848,0,195.039,33,0,132.854
KLWX20140806-8,KLWX20140806_100751_V06,4,2.417,1.200,922,0,1.201,0,0,1.201
KLWX20140806-8,KLWX20140806_100751_V06,5,3.384,1.200,923,0,8.023,0,0,8.023
KLWX20140806-8,KLWX20140806_100751_V06,6,4.307,1.200,926,0,1.212,0,0,1.212
KLWX20140806-8,KLWX20140806_101248_V06,0,0.483,1.200,2190,0,19858.763,304,0,18317.941
KLWX20140806-8,KLWX20140806_101248_V06,2,1.450,1.200,2194,0,141.166,29,0,114.191
KLWX20140806-8,KLWX20140806_101248_V06,4,2.417,1.200,1100,0,6.269,0,0,6.269
KLWX20140806-8,KLWX20140806_101248_V06,5,3.384,1.200,1101,0,1.434,0,0,1.434
KLWX20140806-8,KLWX20140806_101248_V06,6,4.307,1.200,1104,0,1.441,0,0,1.441
KLWX20140806-13,KLWX20140806_101745_V06,0,0.483,1.200,2444,0,20476.630,247,0,19666.196
KLWX20140806-13,KLWX20140806_101745_V06,2,1.450,1.200,2449,0,18292.210,219,0,17634.068
KLWX20140806-13,KLWX20140806_101745_V06,4,2.417,1.200,1222,0,1204.502,215,0,699.084
KLWX20140806-13,KLWX20140806_101745_V06,5,3.384,1.200,1224,0,4.963,0,0,4.963
KLWX20140806-13,KLWX20140806_101745_V06,6,4.307,1.200,1221,0,1.822,0,0,1.822
KLWX20140806-13,KLWX20140806_102242_V06,0,0.483,1.200,4747,0,14265.517,568,0,12585.121
KLWX20140806-13,KLWX20140806_102242_V06,2,1.450,1.200,4757,0,39892.612,445,0,38627.627
KLWX20140806-13,KLWX20140806_102242_V06,4,2.417,1.200,2382,0,6978.274,363,0,5872.263
KLWX20140806-13,KLWX20140806_102242_V06,5,3.384,1.200,2380,0,236.972,96,0,91.036
KLWX20140806-13,KLWX20140806_102242_V06,6,4.307,1.200,2384,0,3.578,0,0,3.578
KLWX20140806-13,KLWX20140806_102739_V06,0,0.483,1.200,5067,0,6309.314,499,0,5080.399
KLWX20140806-13,KLWX20140806_102739_V06,2,1.450,1.200,5069,0,32334.067,547,0,30848.626
KLWX20140806-13,KLWX20140806_102739_V06,4,2.417,1.200,2536,0,11286.796,329,0,10234.235
KLWX20140806-13,KLWX20140806_102739_V06,5,3.384,1.200,2540,0,322.970,123,0,118.868
KLWX20140806-13,KLWX20140806_102739_V06,6,4.307,1.200,2544,0,3.794,0,0,3.794
KLWX20140806-2,KLWX20140806_095756_V06,0,0.483,1.200,337,0,6959.567,30,0,6793.695
KLWX20140806-2,KLWX20140806_095756_V06,2,1.450,1.200,336,0,2.454,1,0,1.113
KLWX20140806-2,KLWX20140806_095756_V06,4,2.417,1.200,168,0,0.276,0,0,0.276
KLWX20140806-2,KLWX20140806_095756_V06,5,3.384,1.200,167,0,0.275,0,0,0.275
KLWX20140806-2,KLWX20140806_095756_V06,6,4.307,1.200,168,0,0.277,0,0,0.277
KLWX20140806-2,KLWX20140806_100254_V06,0,0.483,1.200,1656,0,17283.730,138,0,16607.204
KLWX20140806-2,KLWX20140806_100254_V06,2,1.450,1.200,1661,0,3.173,2,0,1.369
KLWX20140806-2,KLWX20140806_100254_V06,4,2.417,1.200,834,0,1.379,0,0,1.379
KLWX20140806-2,KLWX20140806_100254_V06,5,3.384,1.200,829,0,1.373,0,0,1.373
KLWX20140806-2,KLWX20140806_100254_V06,6,4.307,1.200,830,0,1.379,0,0,1.379
KLWX20140806-7,KLWX20140806_095756_V06,0,0.483,1.200,1390,0,7345.799,93,0,6289.472
KLWX20140806-7,KLWX20140806_095756_V06,2,1.450,1.200,1392,0,702.339,421,0,360.514
KLWX20140806-7,KLWX20140806_095756_V06,4,2.417,1.200,697,0,382.039,96,0,143.697
KLWX20140806-7,KLWX20140806_095756_V06,5,3.384,1.200,697,0,1.080,0,0,1.080
KLWX20140806-7,KLWX20140806_095756_V06,6,4.307,1.200,701,0,1.089,0,0,1.089
KLWX20140806-7,KLWX20140806_100254_V06,0,0.483,1.200,3134,0,13523.663,148,0,12820.378
KLWX20140806-7,KLWX20140806_100254_V06,2,1.450,1.200,3142,0,3448.263,392,0,2931.200
KLWX20140806-7,KLWX20140806_100254_V06,4,2.417,1.200,1564,0,1793.639,432,0,342.101
KLWX20140806-7,KLWX20140806_100254_V06,5,3.384,1.200,1568,0,2.399,0,0,2.399
KLWX20140806-7,KLWX20140806_100254_V06,6,4.307,1.200,1571,0,2.406,0,0,2.406
KLWX20140806-7,KLWX20140806_100751_V06,0,0.483,1.200,1986,0,19053.597,136,0,17995.822
KLWX20140806-7,KLWX20140806_100751_V06,2,1.450,1.200,1988,0,3712.165,105,0,3407.586
KLWX20140806-7,KLWX20140806_100751_V06,4,2.417,1.200,990,0,987.827,249,0,294.582
KLWX20140806-7,KLWX20140806_100751_V06,5,3.384,1.200,991,0,1.470,0,0,1.470
KLWX20140806-7,KLWX20140806_100751_V06,6,4.307,1.200,999,0,1.488,0,0,1.488
KLWX20140806-7,KLWX20140806_101248_V06,0,0.483,1.200,3733,0,29896.127,465,0,28245.101
KLWX20140806-7,KLWX20140806_101248_V06,2,1.450,1.200,3737,0,20501.587,266,0,19627.088
KLWX20140806-7,KLWX20140806_101248_V06,4,2.417,1.200,1865,0,2720.284,482,0,1278.053
KLWX20140806-7,KLWX20140806_101248_V06,5,3.384,1.200,1869,0,47.993,24,0,22.292
KLWX20140806-7,KLWX20140806_101248_V06,6,4.307,1.200,1867,0,2.783,0,0,2.783
KLWX20140806-12,KLWX20140806_101248_V06,0,0.483,1.200,1088,0,14889.767,74,0,13259.833
KLWX20140806-12,KLWX20140806_101248_V06,2,1.450,1.200,1084,0,2.744,0,0,2.744
KLWX20140806-12,KLWX20140806_101745_V06,0,0.483,1.200,2510,0,29405.646,152,0,26602.730
KLWX20140806-12,KLWX20140806_101745_V06,2,1.450,1.200,2514,0,6.335,0,0,6.335
KLWX20140806-16,KLWX20140806_104230_V06,0,0.483,1.200,620,0,9548.713,33,0,9347.801
KLWX20140806-16,KLWX20140806_104230_V06,2,1.450,1.200,623,0,16.549,5,0,13.254
KLWX20140806-16,KLWX20140806_104230_V06,4,2.417,1.200,312,0,0.464,0,0,0.464
KLWX20140806-16,KLWX20140806_104230_V06,5,3.384,1.200,309,0,0.460,0,0,0.460
KLWX20140806-16,KLWX20140806_104230_V06,6,4.307,1.200,311,0,0.465,0,0,0.465
KLWX20140806-16,KLWX20140806_104727_V06,0,0.483,1.200,2174,0,10263.578,286,0,9803.887
KLWX20140806-16,KLWX20140806_104727_V06,2,1.450,1.200,2174,0,17.201,9,0,11.881
KLWX20140806-16,KLWX20140806_104727_V06,4,2.417,1.200,1090,0,6.173,0,0,6.173
KLWX20140806-16,KLWX20140806_104727_V06,5,3.384,1.200,1088,0,3.422,0,0,3.422
KLWX20140806-16,KLWX20140806_104727_V06,6,4.307,1.200,1088,0,1.647,0,0,1.647
KLWX20140806-17,KLWX20140806_111709_V06,0,0.483,1.200,1343,0,768718.271,509,0,10873.529
KLWX20140806-17,KLWX20140806_111709_V06,2,1.450,1.200,1342,0,105261.267,308,0,5624.089
KLWX20140806-17,KLWX20140806_112206_V06,0,0.483,1.200,2521,0,850284.319,677,0,18177.461
KLWX20140806-17,KLWX20140806_112206_V06,2,1.450,1.200,2528,0,98581.660,335,0,3826.755
KLWX20140807-1,KLWX20140807_095439_V06,0,0.483,1.200,2397,0,124343.862,30,0,122123.635
KLWX20140807-1,KLWX20140807_095439_V06,2,1.494,1.200,2406,0,6.564,0,0,6.564
KLWX20140807-1,KLWX20140807_100425_V06,0,0.483,1.200,5424,0,542649.620,64,0,539611.583
KLWX20140807-1,KLWX20140807_100425_V06,2,1.494,1.200,5429,0,104.167,0,0,104.167
KLWX20140807-1,KLWX20140807_101409_V06,0,0.483,1.200,11078,0,646448.483,139,0,643613.007
KLWX20140807-1,KLWX20140807_101409_V06,2,1.494,1.200,11091,0,3956.863,34,0,3729.851
KLWX20140807-1,KLWX20140807_102354_V06,0,0.483,1.200,19036,0,752482.004,489,0,739035.104
KLWX20140807-1,KLWX20140807_102354_V06,2,1.494,1.200,19050,0,33581.471,238,0,30322.236
KLWX20140807-1,KLWX20140807_103340_V06,0,0.483,1.200,26217,0,655864.971,1159,0,617388.939
KLWX20140807-1,KLWX20140807_103340_V06,2,1.494,1.200,26239,0,31957.968,202,0,30215.749
KLWX20140807-1,KLWX20140807_104325_V06,0,0.483,1.200,28711,0,399237.150,1359,0,355993.238
KLWX20140807-1,KLWX20140807_104325_V06,2,1.494,1.200,28724,0,35818.599,284,0,33491.469
KLWX20140807-2,KLWX20140807_100425_V06,0,0.483,1.200,1096,0,9314.717,26,0,9158.447
KLWX20140807-2,KLWX20140807_100425_V06,2,1.494,1.200,1096,0,10.114,3,0,8.697
KLWX20140807-2,KLWX20140807_100425_V06,4,2.505,1.200,550,0,1.056,0,0,1.056
KLWX20140807-2,KLWX20140807_100425_V06,5,3.516,1.200,549,0,1.056,0,0,1.056
KLWX20140807-2,KLWX20140807_101409_V06,0,0.483,1.200,4012,0,20979.868,277,0,20228.254
KLWX20140807-2,KLWX20140807_101409_V06,2,1.494,1.200,4013,0,4090.999,26,0,4038.050
KLWX20140807-2,KLWX20140807_101409_V06,4,2.505,1.200,2007,0,20.982,0,0,20.982
KLWX20140807-2,KLWX20140807_101409_V06,5,3.516,1.200,2010,0,4.029,0,0,4.029
KLWX20140807-2,KLWX20140807_102354_V06,0,0.483,1.200,7659,0,60308.748,940,0,55947.279
KLWX20140807-2,KLWX20140807_102354_V06,2,1.494,1.200,7662,0,7096.721,58,0,6984.963
KLWX20140807-2,KLWX20140807_102354_V06,4,2.505,1.200,3833,0,2440.923,14,0,2345.539
KLWX20140807-2,KLWX20140807_102354_V06,5,3.516,1.200,3835,0,8.075,0,0,8.075
KLWX20140807-3,KLWX20140807_100425_V06,0,0.483,1.200,943,0,12635.594,33,0,12433.869
KLWX20140807-3,KLWX20140807_100425_V06,2,1.494,1.200,944,0,5755.860,57,0,5725.561
KLWX20140807-3,KLWX20140807_100425_V06,4,2.505,1.200,469,0,1.520,0,0,1.520
KLWX20140807-3,KLWX20140807_100425_V06,5,3.516,1.200,469,0,0.707,0,0,0.707
KLWX20140807-3,KLWX20140807_100425_V06,6,4.482,1.200,468,0,0.708,0,0,0.708
KLWX20140807-3,KLWX20140807_101409_V06,0,0.483,1.200,3490,0,21931.876,290,0,21186.874
KLWX20140807-3,KLWX20140807_101409_V06,2,1.494,1.200,3502,0,33467.502,71,0,33280.525
KLWX20140807-3,KLWX20140807_101409_V06,4,2.505,1.200,1739,0,644.046,7,0,638.325
KLWX20140807-3,KLWX20140807_101409_V06,5,3.516,1.200,1741,0,3.894,0,0,3.894
KLWX20140807-3,KLWX20140807_101409_V06,6,4.482,1.200,1754,0,2.657,0,0,2.657
KLWX20140807-3,KLWX20140807_102354_V06,0,0.483,1.200,6998,0,24134.382,841,0,22276.787
KLWX20140807-3,KLWX20140807_102354_V06,2,1.494,1.200,7003,0,44651.319,344,0,44193.136
KLWX20140807-3,KLWX20140807_102354_V06,4,2.505,1.200,3513,0,11110.122,20,0,11022.453
KLWX20140807-3,KLWX20140807_102354_V06,5,3.516,1.200,3520,0,85.173,7,0,83.518
KLWX20140807-3,KLWX20140807_102354_V06,6,4.482,1.200,3522,0,5.093,0,0,5.093
KLWX20140807-4,KLWX20140807_100425_V06,0,0.483,1.200,196,0,1009.197,1,0,1008.490
KLWX20140807-4,KLWX20140807_100425_V06,2,1.494,1.200,199,0,0.177,0,0,0.177
KLWX20140807-4,KLWX20140807_100425_V06,4,2.505,1.200,98,0,0.174,0,0,0.174
KLWX20140807-4,KLWX20140807_100425_V06,5,3.516,1.200,99,0,0.176,0,0,0.176
KLWX20140807-4,KLWX20140807_101409_V06,0,0.483,1.200,3252,0,3567.234,87,0,3442.713
KLWX20140807-4,KLWX20140807_101409_V06,2,1.494,1.200,3253,0,7.496,0,0,7.496
KLWX20140807-4,KLWX20140807_101409_V06,4,2.505,1.200,1632,0,3.027,0,0,3.027
KLWX20140807-4,KLWX20140807_101409_V06,5,3.516,1.200,1632,0,3.034,0,0,3.034
KLWX20140807-5,KLWX20140807_101409_V06,0,0.483,1.200,2603,0,19766.735,48,0,19020.368
KLWX20140807-5,KLWX20140807_101409_V06,2,1.494,1.200,2605,0,7.868,0,0,7.868
KLWX20140807-5,KLWX20140807_102354_V06,0,0.483,1.200,5051,0,32712.882,110,0,30991.167
KLWX20140807-5,KLWX20140807_102354_V06,2,1.494,1.200,5059,0,15.060,0,0,15.060
KLWX20140807-6,KLWX20140807_101409_V06,0,0.483,1.200,818,0,19632.560,15,0,19227.932
KLWX20140807-6,KLWX20140807_101409_V06,2,1.494,1.200,820,0,3.481,0,0,3.481
KLWX20140807-6,KLWX20140807_102354_V06,0,0.483,1.200,1345,0,159498.981,34,0,158173.022
KLWX20140807-20,KLWX20140807_113712_V06,0,0.483,1.200,5679,21,150737.147,842,0,36527.307
KLWX20140807-20,KLWX20140807_113712_V06,2,1.450,1.200,5682,16,128822.518,1937,0,2391.546
KLWX20140807-20,KLWX20140807_113712_V06,4,2.417,1.200,2845,5,140337.013,501,0,163.343
KLWX20140807-20,KLWX20140807_113712_V06,5,3.384,1.200,2846,3,89764.173,561,0,93.400
KLWX20140807-20,KLWX20140807_113712_V06,6,4.307,1.200,2854,3,61338.896,608,0,87.701
KLWX20140807-20,KLWX20140807_113712_V06,7,6.021,1.200,2857,0,6764.015,149,0,27.015
KLWX20140807-20,KLWX20140807_114209_V06,0,0.483,1.200,9993,16,166096.758,1352,1,53027.531
KLWX20140807-20,KLWX20140807_114209_V06,2,1.450,1.200,9987,12,123049.589,2525,0,4912.430
KLWX20140807-20,KLWX20140807_114209_V06,4,2.417,1.200,4992,3,180380.642,501,0,281.516
KLWX20140807-20,KLWX20140807_114209_V06,5,3.384,1.200,4996,15,149554.715,605,0,104.039
KLWX20140807-20,KLWX20140807_114209_V06,6,4.307,1.200,5009,3,128487.201,615,0,89.148
KLWX20140807-20,KLWX20140807_114209_V06,7,6.021,1.200,5018,0,219.986,394,0,27.697
KLWX20140807-7,KLWX20140807_101409_V06,0,0.483,1.200,2665,0,12996.334,10,0,12745.218
KLWX20140807-14,KLWX20140807_102354_V06,0,0.483,1.200,1182,0,25462.897,15,0,25065.321
KLWX20140807-14,KLWX20140807_102354_V06,2,1.494,1.200,1179,0,4.893,0,0,4.893
KLWX20140807-16,KLWX20140807_102354_V06,0,0.483,1.200,2120,0,19527.724,27,0,19317.921
KLWX20140807-16,KLWX20140807_102354_V06,2,1.494,1.200,2121,0,3.807,0,0,3.807
KLWX20140807-16,KLWX20140807_102354_V06,4,2.505,1.200,1055,0,3.798,0,0,3.798
KLWX20140807-17,KLWX20140807_110255_V06,0,0.483,1.200,3173,0,24770.892,561,0,8086.420
KLWX20140807-17,KLWX20140807_110255_V06,2,1.494,1.200,3180,0,12050.400,476,0,160.921
KLWX20140807-17,KLWX20140807_110255_V06,4,2.505,1.200,1593,0,7347.561,212,0,140.085
KLWX20140807-17,KLWX20140807_110255_V06,5,3.516,1.200,1593,0,2027.130,157,0,33.636
KLWX20140807-17,KLWX20140807_110255_V06,6,4.482,1.200,1600,0,70.092,36,0,8.874
KLWX20140807-17,KLWX20140807_111241_V06,0,0.483,1.200,2252,0,12015.687,515,0,2897.749
KLWX20140807-17,KLWX20140807_111241_V06,2,1.494,1.200,2253,0,2130.531,318,0,142.547
KLWX20140807-17,KLWX20140807_111241_V06,4,2.505,1.200,1128,0,274.729,66,0,75.989
KLWX20140807-17,KLWX20140807_111241_V06,5,3.516,1.200,1134,0,166.743,68,0,25.242
KLWX20140807-17,KLWX20140807_111241_V06,6,4.482,1.200,1126,0,1.578,0,0,1.578
KLWX20140807-18,KLWX20140807_110255_V06,0,0.483,1.200,238,0,86728.399,6,0,86430.346
KLWX20140807-18,KLWX20140807_110255_V06,2,1.494,1.200,239,0,1.010,0,0,1.010
KLWX20140808-2,KLWX20140808_095621_V06,0,0.483,1.200,1733,0,212368.338,22,0,212037.648
KLWX20140808-2,KLWX20140808_095621_V06,2,1.494,1.200,1736,0,10.915,0,0,10.915
KLWX20140808-2,KLWX20140808_100607_V06,0,0.483,1.200,5414,0,513991.977,90,0,509797.619
KLWX20140808-2,KLWX20140808_100607_V06,2,1.494,1.200,5414,0,117.196,7,0,65.563
KLWX20140808-2,KLWX20140808_101552_V06,0,0.483,1.200,12634,0,505814.363,344,0,493896.905
KLWX20140808-2,KLWX20140808_101552_V06,2,1.494,1.200,12648,0,18777.777,132,0,17730.095
KLWX20140808-2,KLWX20140808_102538_V06,0,0.483,1.200,20917,0,515802.037,841,0,481816.754
KLWX20140808-2,KLWX20140808_102538_V06,2,1.494,1.200,20926,0,67153.505,293,0,63864.822
KLWX20140808-2,KLWX20140808_103523_V06,0,0.483,1.200,29271,0,463479.465,1602,0,432834.687
KLWX20140808-2,KLWX20140808_103523_V06,2,1.494,1.200,29303,0,114317.977,389,0,109154.909
KLWX20140808-2,KLWX20140808_104508_V06,0,0.483,1.200,30680,1,433112.036,1707,0,397881.376
KLWX20140808-2,KLWX20140808_104508_V06,2,1.494,1.200,30697,0,112768.897,442,0,106767.828
KLWX20140808-1,KLWX20140808_095621_V06,0,0.483,1.200,639,0,21584.681,14,0,21533.976
KLWX20140808-1,KLWX20140808_095621_V06,2,1.494,1.200,637,0,0.573,0,0,0.573
KLWX20140808-1,KLWX20140808_095621_V06,4,2.505,1.200,320,0,0.577,0,0,0.577
KLWX20140808-1,KLWX20140808_095621_V06,5,3.516,1.200,320,0,0.578,0,0,0.578
KLWX20140808-1,KLWX20140808_100607_V06,0,0.483,1.200,3116,0,32079.838,114,0,31528.601
KLWX20140808-1,KLWX20140808_100607_V06,2,1.494,1.200,3118,0,1224.252,28,0,1199.108
KLWX20140808-1,KLWX20140808_100607_V06,4,2.505,1.200,1565,0,13.918,0,0,13.918
KLWX20140808-1,KLWX20140808_100607_V06,5,3.516,1.200,1564,0,2.867,0,0,2.867
KLWX20140808-1,KLWX20140808_101552_V06,0,0.483,1.200,7158,0,44120.954,988,0,40655.716
KLWX20140808-1,KLWX20140808_101552_V06,2,1.494,1.200,7156,0,9920.341,61,0,9797.741
KLWX20140808-1,KLWX20140808_101552_V06,4,2.505,1.200,3585,0,1092.096,10,0,1084.311
KLWX20140808-1,KLWX20140808_101552_V06,5,3.516,1.200,3588,0,8.738,1,0,8.497
KLWX20140808-1,KLWX20140808_102538_V06,0,0.483,1.200,9563,0,65988.696,1424,0,60225.167
KLWX20140808-1,KLWX20140808_102538_V06,2,1.494,1.200,9572,0,4983.463,119,0,4854.490
KLWX20140808-1,KLWX20140808_102538_V06,4,2.505,1.200,4794,0,7345.869,24,0,7236.112
KLWX20140808-1,KLWX20140808_102538_V06,5,3.516,1.200,4802,0,66.683,9,0,63.729
KLWX20140808-4,KLWX20140808_095621_V06,0,0.483,1.200,64,0,4761.609,3,0,4737.961
KLWX20140808-4,KLWX20140808_095621_V06,2,1.494,1.200,64,0,5.005,0,0,5.005
KLWX20140808-4,KLWX20140808_095621_V06,4,2.505,1.200,31,0,3.166,0,0,3.166
KLWX20140808-4,KLWX20140808_095621_V06,5,3.516,1.200,31,0,0.044,0,0,0.044
KLWX20140808-4,KLWX20140808_095621_V06,6,4.482,1.200,32,0,3.561,0,0,3.561
KLWX20140808-4,KLWX20140808_100607_V06,0,0.483,1.200,977,1,126506.350,30,1,126167.555
KLWX20140808-4,KLWX20140808_100607_V06,2,1.494,1.200,978,0,73.271,21,0,63.870
KLWX20140808-4,KLWX20140808_100607_V06,4,2.505,1.200,488,0,55.368,4,0,41.640
KLWX20140808-4,KLWX20140808_100607_V06,5,3.516,1.200,488,0,37.885,3,0,32.500
KLWX20140808-4,KLWX20140808_100607_V06,6,4.482,1.200,493,0,26.321,0,0,26.321
KLWX20140808-4,KLWX20140808_101552_V06,0,0.483,1.200,1755,0,116725.235,45,0,116462.086
KLWX20140808-4,KLWX20140808_101552_V06,2,1.494,1.200,1754,0,233.543,60,0,81.147
KLWX20140808-4,KLWX20140808_101552_V06,4,2.505,1.200,875,0,134.382,13,0,124.395
KLWX20140808-4,KLWX20140808_101552_V06,5,3.516,1.200,880,0,57.789,5,0,52.770
KLWX20140808-4,KLWX20140808_101552_V06,6,4.482,1.200,881,0,38.236,4,0,34.062
KLWX20140808-4,KLWX20140808_102538_V06,0,0.483,1.200,5583,12,117555.447,332,8,114336.968
KLWX20140808-4,KLWX20140808_102538_V06,2,1.494,1.200,5588,0,612.044,165,0,291.442
KLWX20140808-4,KLWX20140808_102538_V06,4,2.505,1.200,2793,0,317.764,58,0,246.307
KLWX20140808-4,KLWX20140808_102538_V06,5,3.516,1.200,2786,0,214.492,83,0,175.690
KLWX20140808-4,KLWX20140808_102538_V06,6,4.482,1.200,2791,0,139.810,13,0,118.569
KLWX20140808-5,KLWX20140808_100607_V06,0,0.483,1.200,242,0,32782.856,4,0,32779.490
KLWX20140808-5,KLWX20140808_100607_V06,2,1.494,1.200,242,0,0.199,0,0,0.199
KLWX20140808-5,KLWX20140808_100607_V06,4,2.505,1.200,124,0,0.204,0,0,0.204
KLWX20140808-5,KLWX20140808_100607_V06,5,3.516,1.200,121,0,0.199,0,0,0.199
KLWX20140808-5,KLWX20140808_101552_V06,0,0.483,1.200,1628,0,35965.377,92,0,34880.348
KLWX20140808-5,KLWX20140808_101552_V06,2,1.494,1.200,1623,0,9.703,0,0,9.703
KLWX20140808-5,KLWX20140808_101552_V06,4,2.505,1.200,816,0,1.360,0,0,1.360
KLWX20140808-5,KLWX20140808_101552_V06,5,3.516,1.200,816,0,1.364,0,0,1.364
KLWX20140808-5,KLWX20140808_102538_V06,0,0.483,1.200,2999,0,47593.529,121,0,46547.510
KLWX20140808-5,KLWX20140808_102538_V06,2,1.494,1.200,2998,0,42.475,13,0,24.754
KLWX20140808-5,KLWX20140808_102538_V06,4,2.505,1.200,1503,0,5.329,0,0,5.329
KLWX20140808-5,KLWX20140808_102538_V06,5,3.516,1.200,1502,0,2.703,0,0,2.703
KLWX20140808-5,KLWX20140808_103523_V06,0,0.483,1.200,5749,0,43177.612,284,0,42166.337
KLWX20140808-5,KLWX20140808_103523_V06,2,1.494,1.200,5756,0,48.597,7,0,37.487
KLWX20140808-5,KLWX20140808_103523_V06,4,2.505,1.200,2877,0,5.461,0,0,5.461
KLWX20140808-5,KLWX20140808_103523_V06,5,3.516,1.200,2883,0,5.482,0,0,5.482
KLWX20140808-16,KLWX20140808_102538_V06,0,0.483,1.200,1706,0,45329.760,103,0,44635.137
KLWX20140808-16,KLWX20140808_102538_V06,2,1.494,1.200,1708,0,30.408,2,0,24.428
KLWX20140808-16,KLWX20140808_102538_V06,4,2.505,1.200,853,0,3.350,0,0,3.350
KLWX20140808-16,KLWX20140808_103523_V06,0,0.483,1.200,4062,0,57064.688,256,0,55043.675
KLWX20140808-16,KLWX20140808_103523_V06,2,1.494,1.200,4066,0,32.848,4,0,22.968
KLWX20140808-16,KLWX20140808_103523_V06,4,2.505,1.200,2032,0,7.890,0,0,7.890
KLWX20140808-16,KLWX20140808_104508_V06,0,0.483,1.200,4835,0,64469.897,305,0,62069.595
KLWX20140808-16,KLWX20140808_104508_V06,2,1.494,1.200,4844,0,9.472,0,0,9.472
KLWX20140808-16,KLWX20140808_104508_V06,4,2.505,1.200,2425,0,9.497,0,0,9.497
KLWX20140808-16,KLWX20140808_105453_V06,0,0.483,1.200,5184,0,73773.348,177,0,71434.636
KLWX20140808-16,KLWX20140808_105453_V06,2,1.494,1.200,5183,0,47.501,4,0,34.398
KLWX20140808-16,KLWX20140808_105453_V06,4,2.505,1.200,2588,0,10.225,0,0,10.225
KLWX20140808-12,KLWX20140808_101552_V06,0,0.483,1.200,1000,0,17459.606,15,0,17145.149
KLWX20140808-12,KLWX20140808_101552_V06,2,1.494,1.200,998,0,2.187,0,0,2.187
KLWX20140808-12,KLWX20140808_102538_V06,0,0.483,1.200,4078,0,32231.999,91,0,31333.903
KLWX20140808-12,KLWX20140808_102538_V06,2,1.494,1.200,4088,0,26.002,0,0,26.002
KLWX20140808-12,KLWX20140808_103523_V06,0,0.483,1.200,6323,0,25290.896,82,0,24641.889
KLWX20140808-12,KLWX20140808_103523_V06,2,1.494,1.200,6318,0,50.738,1,0,45.649
KLWX20140808-15,KLWX20140808_101552_V06,0,0.483,1.200,877,0,27382.789,12,0,26644.896
KLWX20140808-15,KLWX20140808_101552_V06,2,1.494,1.200,879,0,1.650,0,0,1.650
KLWX20140808-15,KLWX20140808_101552_V06,4,2.505,1.200,444,0,1.671,0,0,1.671
KLWX20140808-15,KLWX20140808_102538_V06,0,0.483,1.200,3200,0,31053.701,99,0,29495.418
KLWX20140808-15,KLWX20140808_102538_V06,2,1.494,1.200,3196,0,46.915,6,0,24.492
KLWX20140808-15,KLWX20140808_102538_V06,4,2.505,1.200,1596,0,5.915,0,0,5.915
KLWX20140808-15,KLWX20140808_103523_V06,0,0.483,1.200,3386,0,26690.569,116,0,24664.097
KLWX20140808-15,KLWX20140808_103523_V06,2,1.494,1.200,3390,0,76.572,2,0,67.717
KLWX20140808-15,KLWX20140808_103523_V06,4,2.505,1.200,1694,0,6.342,0,0,6.342
KLWX20140808-13,KLWX20140808_101552_V06,0,0.483,1.200,3505,0,20985.712,271,0,20418.212
KLWX20140808-13,KLWX20140808_101552_V06,2,1.494,1.200,3505,0,19335.040,103,0,19104.412
KLWX20140808-13,KLWX20140808_101552_V06,4,2.505,1.200,1755,0,567.585,94,0,461.536
KLWX20140808-13,KLWX20140808_101552_V06,5,3.516,1.200,1756,0,8.912,1,0,8.586
KLWX20140808-13,KLWX20140808_102538_V06,0,0.483,1.200,10491,0,35099.857,788,0,33124.442
KLWX20140808-13,KLWX20140808_102538_V06,2,1.494,1.200,10493,0,42209.592,553,0,41351.813
KLWX20140808-13,KLWX20140808_102538_V06,4,2.505,1.200,5236,0,17476.299,205,0,17125.278
KLWX20140808-13,KLWX20140808_102538_V06,5,3.516,1.200,5240,0,1493.786,466,0,1219.596
KLWX20140808-13,KLWX20140808_102538_V06,6,4.482,1.200,5245,0,120.037,120,0,83.380
KLWX20140808-19,KLWX20140808_102538_V06,0,0.483,1.200,1717,0,30555.549,54,0,30448.107
KLWX20140808-19,KLWX20140808_102538_V06,2,1.494,1.200,1718,0,503.541,49,0,480.842
KLWX20140808-19,KLWX20140808_102538_V06,4,2.505,1.200,858,0,6902.172,15,0,6807.714
KLWX20140808-19,KLWX20140808_102538_V06,5,3.516,1.200,860,0,4258.795,73,0,4150.065
KLWX20140808-19,KLWX20140808_102538_V06,6,4.482,1.200,865,0,14.368,6,0,12.287
KLWX20140808-19,KLWX20140808_103523_V06,0,0.483,1.200,4696,0,75071.713,262,0,73968.859
KLWX20140808-19,KLWX20140808_103523_V06,2,1.494,1.200,4695,0,1685.362,171,0,1543.075
KLWX20140808-19,KLWX20140808_103523_V06,4,2.505,1.200,2348,0,7454.614,50,0,7244.487
KLWX20140808-19,KLWX20140808_103523_V06,5,3.516,1.200,2355,0,6067.634,148,0,5833.212
KLWX20140808-19,KLWX20140808_103523_V06,6,4.482,1.200,2355,0,945.479,49,0,902.269
KLWX20140808-7,KLWX20140808_100607_V06,0,0.483,1.200,2347,0,19484.379,27,0,18470.329
KLWX20140808-10,KLWX20140808_100607_V06,0,0.483,1.200,377,0,2132.044,21,0,1966.625
KLWX20140808-10,KLWX20140808_100607_V06,2,1.494,1.200,379,0,98.333,10,0,35.405
KLWX20140808-10,KLWX20140808_100607_V06,4,2.505,1.200,189,0,0.587,0,0,0.587
KLWX20140808-14,KLWX20140808_101552_V06,0,0.483,1.200,621,0,5621.068,11,0,5548.866
KLWX20140808-14,KLWX20140808_101552_V06,2,1.494,1.200,621,0,1.238,0,0,1.238
KLWX20140808-14,KLWX20140808_101552_V06,4,2.505,1.200,312,0,1.246,0,0,1.246
KLWX20140808-18,KLWX20140808_102538_V06,0,0.483,1.200,4018,0,13046.748,221,0,10900.280
KLWX20140808-18,KLWX20140808_102538_V06,2,1.494,1.200,4018,0,90.217,35,0,34.605
KLWX20140808-18,KLWX20140808_102538_V06,4,2.505,1.200,2009,0,6.595,0,0,6.595
KLWX20140808-20,KLWX20140808_103523_V06,0,0.483,1.200,1858,0,38153.012,64,0,37321.417
KLWX20140808-20,KLWX20140808_103523_V06,2,1.494,1.200,1859,0,1551.437,241,0,1453.270
KLWX20140808-20,KLWX20140808_103523_V06,4,2.505,1.200,929,0,10.985,2,0,10.671
KLWX20140808-20,KLWX20140808_103523_V06,5,3.516,1.200,930,0,8.529,5,0,7.532
KLWX20140808-20,KLWX20140808_103523_V06,6,4.482,1.200,933,0,105.480,165,0,62.452
KLWX20140809-1,KLWX20140809_095926_V06,0,0.483,1.200,1732,0,32027.688,68,0,29324.648
KLWX20140809-1,KLWX20140809_095926_V06,2,1.450,1.200,1730,0,4.960,0,0,4.960
KLWX20140809-1,KLWX20140809_100424_V06,0,0.483,1.200,3516,0,317131.379,116,0,302098.188
KLWX20140809-1,KLWX20140809_100424_V06,2,1.450,1.200,3516,0,10.209,0,0,10.209
KLWX20140809-1,KLWX20140809_100922_V06,0,0.483,1.200,5879,0,606802.218,163,0,590341.849
KLWX20140809-1,KLWX20140809_100922_V06,2,1.450,1.200,5881,0,17.214,0,0,17.214
KLWX20140809-1,KLWX20140809_101420_V06,0,0.483,1.200,7080,0,524249.578,209,0,509059.083
KLWX20140809-1,KLWX20140809_101420_V06,2,1.450,1.200,7086,0,1534.632,20,0,1410.269
KLWX20140809-1,KLWX20140809_101917_V06,0,0.483,1.200,11289,0,482397.128,401,0,461963.420
KLWX20140809-1,KLWX20140809_101917_V06,2,1.450,1.200,11301,0,13923.006,136,0,12383.777
KLWX20140809-1,KLWX20140809_102414_V06,0,0.483,1.200,14636,0,508175.442,676,0,463566.410
KLWX20140809-1,KLWX20140809_102414_V06,2,1.450,1.200,14646,0,33104.005,265,0,29210.172
KLWX20140809-1,KLWX20140809_102912_V06,0,0.483,1.200,18544,0,481793.187,825,0,448477.431
KLWX20140809-1,KLWX20140809_102912_V06,2,1.450,1.200,18563,0,53472.941,401,0,46744.903
KLWX20140809-1,KLWX20140809_103409_V06,0,0.483,1.200,22431,0,438200.329,967,0,397638.353
KLWX20140809-1,KLWX20140809_103409_V06,2,1.450,1.200,22451,0,71099.960,522,0,61781.988
KLWX20140809-1,KLWX20140809_103906_V06,0,0.483,1.200,26253,0,396191.617,1071,0,341739.503
KLWX20140809-1,KLWX20140809_103906_V06,2,1.450,1.200,26268,0,81472.351,608,0,70585.209
KLWX20140809-1,KLWX20140809_104402_V06,0,0.483,1.200,30857,0,339062.519,1067,0,297028.480
KLWX20140809-1,KLWX20140809_104402_V06,2,1.450,1.200,30878,0,92818.827,754,0,78303.873
KLWX20140809-1,KLWX20140809_104900_V06,0,0.483,1.200,31861,0,259461.089,988,0,217150.936
KLWX20140809-1,KLWX20140809_104900_V06,2,1.450,1.200,31889,0,96007.858,790,0,81497.328
KLWX20140809-1,KLWX20140809_105357_V06,0,0.483,1.200,37119,0,218374.044,1017,0,183100.414
KLWX20140809-1,KLWX20140809_105357_V06,2,1.450,1.200,37134,0,81069.939,1032,0,65996.211
KLWX20140809-1,KLWX20140809_105855_V06,0,0.483,1.200,40414,0,191057.668,1086,0,153300.520
KLWX20140809-1,KLWX20140809_105855_V06,2,1.450,1.200,40424,0,67079.145,1068,0,52447.782
KLWX20140809-3,KLWX20140809_100424_V06,0,0.483,1.200,1740,0,5720.532,33,0,5389.034
KLWX20140809-3,KLWX20140809_100424_V06,2,1.450,1.200,1746,0,1.632,0,0,1.632
KLWX20140809-3,KLWX20140809_100424_V06,4,2.417,1.200,870,0,1.626,0,0,1.626
KLWX20140809-3,KLWX20140809_100424_V06,5,3.384,1.200,878,0,1.647,0,0,1.647
KLWX20140809-3,KLWX20140809_100922_V06,0,0.483,1.200,3208,0,10296.309,87,0,9769.423
KLWX20140809-3,KLWX20140809_100922_V06,2,1.450,1.200,3206,0,123.180,12,0,110.242
KLWX20140809-3,KLWX20140809_100922_V06,4,2.417,1.200,1602,0,2.977,0,0,2.977
KLWX20140809-3,KLWX20140809_100922_V06,5,3.384,1.200,1604,0,2.986,0,0,2.986
KLWX20140809-3,KLWX20140809_101420_V06,0,0.483,1.200,4484,0,17192.517,211,0,14647.646
KLWX20140809-3,KLWX20140809_101420_V06,2,1.450,1.200,4492,0,1482.805,51,0,1266.909
KLWX20140809-3,KLWX20140809_101420_V06,4,2.417,1.200,2250,0,4.250,0,0,4.250
KLWX20140809-3,KLWX20140809_101420_V06,5,3.384,1.200,2253,0,4.267,0,0,4.267
KLWX20140809-3,KLWX20140809_101917_V06,0,0.483,1.200,7028,0,20187.537,332,0,18745.584
KLWX20140809-3,KLWX20140809_101917_V06,2,1.450,1.200,7046,0,4129.203,122,0,3558.227
KLWX20140809-3,KLWX20140809_101917_V06,4,2.417,1.200,3524,0,239.267,1,0,232.755
KLWX20140809-3,KLWX20140809_101917_V06,5,3.384,1.200,3521,0,6.906,0,0,6.906
KLWX20140809-3,KLWX20140809_102414_V06,0,0.483,1.200,7447,0,17417.221,441,0,15896.060
KLWX20140809-3,KLWX20140809_102414_V06,2,1.450,1.200,7447,0,6202.324,183,0,5485.821
KLWX20140809-3,KLWX20140809_102414_V06,4,2.417,1.200,3731,0,1528.569,9,0,1320.717
KLWX20140809-3,KLWX20140809_102414_V06,5,3.384,1.200,3733,0,7.440,0,0,7.440
KLWX20140809-3,KLWX20140809_102912_V06,0,0.483,1.200,7835,0,13957.215,477,0,12229.004
KLWX20140809-3,KLWX20140809_102912_V06,2,1.450,1.200,7838,0,8324.487,215,0,7446.837
KLWX20140809-3,KLWX20140809_102912_V06,4,2.417,1.200,3919,0,1610.687,20,0,1485.153
KLWX20140809-3,KLWX20140809_102912_V06,5,3.384,1.200,3924,0,27.997,0,0,27.997
KLWX20140809-3,KLWX20140809_103409_V06,0,0.483,1.200,7690,0,8873.789,438,0,7448.228
KLWX20140809-3,KLWX20140809_103409_V06,2,1.450,1.200,7696,0,8106.686,241,0,7181.153
KLWX20140809-3,KLWX20140809_103409_V06,4,2.417,1.200,3847,0,1706.855,25,0,1530.545
KLWX20140809-3,KLWX20140809_103409_V06,5,3.384,1.200,3854,0,42.193,0,0,42.193
KLWX20140809-3,KLWX20140809_103906_V06,0,0.483,1.200,8960,0,7114.765,373,0,5759.037
KLWX20140809-3,KLWX20140809_103906_V06,2,1.450,1.200,8962,0,8205.838,352,0,6770.176
KLWX20140809-3,KLWX20140809_103906_V06,4,2.417,1.200,4488,0,1739.310,36,0,1503.837
KLWX20140809-3,KLWX20140809_103906_V06,5,3.384,1.200,4489,0,107.499,2,0,105.697
KLWX20140809-5,KLWX20140809_100922_V06,0,0.483,1.200,1884,0,25404.213,70,0,24345.888
KLWX20140809-5,KLWX20140809_100922_V06,2,1.450,1.200,1885,0,1133.824,381,0,693.776
KLWX20140809-5,KLWX20140809_100922_V06,4,2.417,1.200,945,0,1032.328,301,0,334.212
KLWX20140809-5,KLWX20140809_100922_V06,5,3.384,1.200,946,0,1.513,0,0,1.513
KLWX20140809-5,KLWX20140809_100922_V06,6,4.307,1.200,949,0,1.523,0,0,1.523
KLWX20140809-5,KLWX20140809_101420_V06,0,0.483,1.200,4513,0,29864.338,276,0,27621.204
KLWX20140809-5,KLWX20140809_101420_V06,2,1.450,1.200,4512,0,13158.574,585,0,11669.896
KLWX20140809-5,KLWX20140809_101420_V06,4,2.417,1.200,2260,0,2243.894,505,0,1098.487
KLWX20140809-5,KLWX20140809_101420_V06,5,3.384,1.200,2261,0,17.626,0,0,17.626
KLWX20140809-5,KLWX20140809_101420_V06,6,4.307,1.200,2269,0,3.618,0,0,3.618
KLWX20140809-5,KLWX20140809_101917_V06,0,0.483,1.200,6648,0,18102.499,450,0,16024.697
KLWX20140809-5,KLWX20140809_101917_V06,2,1.450,1.200,6655,0,26188.086,640,0,23702.430
KLWX20140809-5,KLWX20140809_101917_V06,4,2.417,1.200,3329,0,5539.059,508,0,4358.229
KLWX20140809-5,KLWX20140809_101917_V06,5,3.384,1.200,3332,0,70.602,7,0,64.576
KLWX20140809-5,KLWX20140809_101917_V06,6,4.307,1.200,3342,0,5.302,0,0,5.302
KLWX20140809-5,KLWX20140809_102414_V06,0,0.483,1.200,7753,0,7933.911,449,0,6790.486
KLWX20140809-5,KLWX20140809_102414_V06,2,1.450,1.200,7759,0,24257.860,624,0,22259.780
KLWX20140809-5,KLWX20140809_102414_V06,4,2.417,1.200,3877,0,10097.740,439,0,8745.131
KLWX20140809-5,KLWX20140809_102414_V06,5,3.384,1.200,3880,0,465.209,45,0,415.401
KLWX20140809-5,KLWX20140809_102414_V06,6,4.307,1.200,3889,0,7.822,0,0,7.822
KLWX20140809-5,KLWX20140809_102912_V06,0,0.483,1.200,8548,0,4147.133,381,0,3252.191
KLWX20140809-5,KLWX20140809_102912_V06,2,1.450,1.200,8554,0,17201.476,617,0,15046.225
KLWX20140809-5,KLWX20140809_102912_V06,4,2.417,1.200,4269,0,10268.726,471,0,8718.849
KLWX20140809-5,KLWX20140809_102912_V06,5,3.384,1.200,4277,0,1603.506,152,0,1353.376
KLWX20140809-5,KLWX20140809_102912_V06,6,4.307,1.200,4279,0,17.976,5,0,14.132
KLWX20140809-5,KLWX20140809_103409_V06,0,0.483,1.200,6181,0,1391.961,177,0,992.967
KLWX20140809-5,KLWX20140809_103409_V06,2,1.450,1.200,6187,0,9487.288,330,0,8420.300
KLWX20140809-5,KLWX20140809_103409_V06,4,2.417,1.200,3095,0,2804.989,255,0,1980.889
KLWX20140809-5,KLWX20140809_103409_V06,5,3.384,1.200,3100,0,340.970,82,0,217.606
KLWX20140809-2,KLWX20140809_100424_V06,0,0.483,1.200,224,0,2550.290,11,0,2530.402
KLWX20140809-2,KLWX20140809_100424_V06,2,1.450,1.200,223,0,0.175,0,0,0.175
KLWX20140809-2,KLWX20140809_100424_V06,4,2.417,1.200,112,0,0.176,0,0,0.176
KLWX20140809-2,KLWX20140809_100424_V06,5,3.384,1.200,113,0,0.178,0,0,0.178
KLWX20140809-2,KLWX20140809_100424_V06,6,4.307,1.200,113,0,0.178,0,0,0.178
KLWX20140809-2,KLWX20140809_100922_V06,0,0.483,1.200,1384,0,5490.374,42,0,5312.473
KLWX20140809-2,KLWX20140809_100922_V06,2,1.450,1.200,1385,0,1.070,0,0,1.070
KLWX20140809-2,KLWX20140809_100922_V06,4,2.417,1.200,693,0,1.072,0,0,1.072
KLWX20140809-2,KLWX20140809_100922_V06,5,3.384,1.200,693,0,1.074,0,0,1.074
KLWX20140809-2,KLWX20140809_100922_V06,6,4.307,1.200,693,0,1.076,0,0,1.076
KLWX20140809-2,KLWX20140809_101420_V06,0,0.483,1.200,1661,0,8531.452,78,0,7911.991
KLWX20140809-2,KLWX20140809_101420_V06,2,1.450,1.200,1662,0,1.244,0,0,1.244
KLWX20140809-2,KLWX20140809_101420_V06,4,2.417,1.200,833,0,1.249,0,0,1.249
KLWX20140809-2,KLWX20140809_101420_V06,5,3.384,1.200,831,0,1.248,0,0,1.248
KLWX20140809-2,KLWX20140809_101420_V06,6,4.307,1.200,835,0,1.257,0,0,1.257
KLWX20140809-2,KLWX20140809_101917_V06,0,0.483,1.200,1971,0,9830.069,151,0,9023.166
KLWX20140809-2,KLWX20140809_101917_V06,2,1.450,1.200,1976,0,1.438,0,0,1.438
KLWX20140809-2,KLWX20140809_101917_V06,4,2.417,1.200,988,0,1.440,0,0,1.440
KLWX20140809-2,KLWX20140809_101917_V06,5,3.384,1.200,991,0,1.447,0,0,1.447
KLWX20140809-2,KLWX20140809_101917_V06,6,4.307,1.200,994,0,1.455,0,0,1.455
KLWX20140809-6,KLWX20140809_101917_V06,0,0.483,1.200,2300,4,2217804.066,407,0,100468.040
KLWX20140809-6,KLWX20140809_102414_V06,0,0.483,1.200,3877,0,2507252.633,616,0,151729.343
KLWX20140809-6,KLWX20140809_102912_V06,0,0.483,1.200,5728,0,3543355.147,851,0,248127.956
KLWX20140809-6,KLWX20140809_103409_V06,0,0.483,1.200,7095,0,2648153.948,966,0,219485.456
KLWX20140809-7,KLWX20140809_101917_V06,0,0.483,1.200,1327,0,3782.789,58,0,3626.282
KLWX20140809-7,KLWX20140809_101917_V06,2,1.450,1.200,1325,0,0.943,0,0,0.943
KLWX20140809-7,KLWX20140809_101917_V06,4,2.417,1.200,662,0,4.252,0,0,4.252
KLWX20140809-7,KLWX20140809_101917_V06,5,3.384,1.200,663,0,0.947,0,0,0.947
KLWX20140809-7,KLWX20140809_101917_V06,6,4.307,1.200,662,0,0.948,0,0,0.948
KLWX20140809-7,KLWX20140809_102414_V06,0,0.483,1.200,4174,0,5850.995,218,0,5426.992
KLWX20140809-7,KLWX20140809_102414_V06,2,1.450,1.200,4181,0,71.534,27,0,28.267
KLWX20140809-7,KLWX20140809_102414_V06,4,2.417,1.200,2048,0,99.604,6,0,91.205
KLWX20140809-7,KLWX20140809_102414_V06,5,3.384,1.200,2048,0,81.898,25,0,56.740
KLWX20140809-7,KLWX20140809_102414_V06,6,4.307,1.200,2054,0,7.182,1,0,4.503
KLWX20140810-1,KLWX20140810_095023_V06,0,0.483,1.200,1236,0,14673.156,34,0,13714.683
KLWX20140810-1,KLWX20140810_095023_V06,2,1.450,1.200,1235,0,29.068,1,0,10.149
KLWX20140810-1,KLWX20140810_095520_V06,0,0.483,1.200,2199,0,1077861.054,98,0,1008167.389
KLWX20140810-1,KLWX20140810_095520_V06,2,1.450,1.200,2196,0,660.827,8,0,47.018
KLWX20140810-1,KLWX20140810_100226_V06,0,0.483,1.200,3810,0,982409.690,40,0,976925.743
KLWX20140810-1,KLWX20140810_100226_V06,2,1.494,1.200,3818,0,53.240,1,0,43.642
KLWX20140810-1,KLWX20140810_101212_V06,0,0.483,1.200,9477,0,602051.484,128,0,597151.270
KLWX20140810-1,KLWX20140810_101212_V06,2,1.494,1.200,9484,0,43731.797,168,0,41938.348
KLWX20140810-1,KLWX20140810_102155_V06,0,0.483,1.200,15519,0,673363.466,314,0,659224.256
KLWX20140810-1,KLWX20140810_102155_V06,2,1.494,1.200,15532,0,112170.978,266,0,107168.658
KLWX20140810-1,KLWX20140810_103140_V06,0,0.483,1.200,23204,0,731391.630,818,0,708941.486
KLWX20140810-1,KLWX20140810_103140_V06,2,1.494,1.200,23223,0,214008.797,630,0,186873.853
KLWX20140810-1,KLWX20140810_104125_V06,0,0.483,1.200,28825,0,599685.312,1231,0,570646.989
KLWX20140810-1,KLWX20140810_104125_V06,2,1.494,1.200,28844,0,139958.669,876,0,123844.143
KLWX20140810-1,KLWX20140810_105109_V06,0,0.483,1.200,32695,0,473570.120,1522,0,444674.585
KLWX20140810-1,KLWX20140810_105109_V06,2,1.494,1.200,32724,0,116179.142,1195,0,99098.624
KLWX20140810-2,KLWX20140810_100226_V06,0,0.483,1.200,532,0,15129.741,17,0,14962.590
KLWX20140810-2,KLWX20140810_100226_V06,2,1.494,1.200,530,0,61.680,35,0,38.341
KLWX20140810-2,KLWX20140810_100226_V06,4,2.505,1.200,268,0,84.078,31,0,50.268
KLWX20140810-2,KLWX20140810_100226_V06,5,3.516,1.200,268,0,0.487,0,0,0.487
KLWX20140810-2,KLWX20140810_101212_V06,0,0.483,1.200,2742,0,54356.891,181,0,52057.499
KLWX20140810-2,KLWX20140810_101212_V06,2,1.494,1.200,2745,0,883.364,104,0,773.896
KLWX20140810-2,KLWX20140810_101212_V06,4,2.505,1.200,1379,0,951.482,277,0,571.134
KLWX20140810-2,KLWX20140810_101212_V06,5,3.516,1.200,1375,0,5.542,0,0,5.542
KLWX20140810-2,KLWX20140810_102155_V06,0,0.483,1.200,6177,0,63911.633,726,0,50222.422
KLWX20140810-2,KLWX20140810_102155_V06,2,1.494,1.200,6179,0,7950.457,188,0,7602.801
KLWX20140810-2,KLWX20140810_102155_V06,4,2.505,1.200,3092,0,3182.164,449,0,2507.417
KLWX20140810-2,KLWX20140810_102155_V06,5,3.516,1.200,3096,0,178.380,78,0,135.931
KLWX20140810-2,KLWX20140810_103140_V06,0,0.483,1.200,10119,0,88795.273,1700,0,68897.702
KLWX20140810-2,KLWX20140810_103140_V06,2,1.494,1.200,10120,0,8757.360,285,0,8168.258
KLWX20140810-2,KLWX20140810_103140_V06,4,2.505,1.200,5067,0,5737.316,552,0,4610.294
KLWX20140810-2,KLWX20140810_103140_V06,5,3.516,1.200,5060,0,1598.874,291,0,1338.936
KLWX20140810-3,KLWX20140810_100226_V06,0,0.483,1.200,1420,0,8371.457,60,0,7918.466
KLWX20140810-3,KLWX20140810_100226_V06,2,1.494,1.200,1421,0,847.614,275,0,553.621
KLWX20140810-3,KLWX20140810_100226_V06,4,2.505,1.200,713,0,3391.012,575,0,299.006
KLWX20140810-3,KLWX20140810_100226_V06,5,3.516,1.200,714,0,107.599,60,0,51.041
KLWX20140810-3,KLWX20140810_101212_V06,0,0.483,1.200,4865,0,6967.038,202,0,6627.876
KLWX20140810-3,KLWX20140810_101212_V06,2,1.494,1.200,4869,0,16954.281,364,0,15985.064
KLWX20140810-3,KLWX20140810_101212_V06,4,2.505,1.200,2434,0,8759.629,1425,0,1813.984
KLWX20140810-3,KLWX20140810_101212_V06,5,3.516,1.200,2438,0,833.931,372,0,289.665
KLWX20140810-3,KLWX20140810_102155_V06,0,0.483,1.200,3877,0,4885.534,198,0,4492.730
KLWX20140810-3,KLWX20140810_102155_V06,2,1.494,1.200,3884,0,12725.988,138,0,12292.468
KLWX20140810-3,KLWX20140810_102155_V06,4,2.505,1.200,1949,0,6810.890,975,0,2882.715
KLWX20140810-3,KLWX20140810_102155_V06,5,3.516,1.200,1945,0,937.001,402,0,369.834
KLWX20140810-6,KLWX20140810_101212_V06,0,0.483,1.200,4944,0,298930.810,105,0,292664.761
KLWX20140810-6,KLWX20140810_102155_V06,0,0.483,1.200,9305,0,567422.243,233,0,553761.747
KLWX20140810-6,KLWX20140810_103140_V06,0,0.483,1.200,7145,0,320184.343,298,0,300070.350
KLWX20140810-4,KLWX20140810_100226_V06,0,0.483,1.200,87,0,5594.882,0,0,5594.882
KLWX20140810-4,KLWX20140810_100226_V06,2,1.494,1.200,88,0,9.816,1,0,0.423
KLWX20140810-4,KLWX20140810_100226_V06,4,2.505,1.200,43,0,8.180,0,0,8.180
KLWX20140810-4,KLWX20140810_100226_V06,5,3.516,1.200,44,0,2.298,0,0,2.298
KLWX20140810-7,KLWX20140810_101212_V06,0,0.483,1.200,493,0,14271.028,34,0,13973.393
KLWX20140810-7,KLWX20140810_101212_V06,2,1.494,1.200,498,0,8.007,2,0,0.765
KLWX20140810-7,KLWX20140810_101212_V06,4,2.505,1.200,245,0,0.757,0,0,0.757
KLWX20140810-8,KLWX20140810_101212_V06,0,0.483,1.200,90,0,7618.761,1,0,7615.928
KLWX20140810-8,KLWX20140810_101212_V06,2,1.494,1.200,90,0,0.148,0,0,0.148
KLWX20140810-8,KLWX20140810_101212_V06,4,2.505,1.200,45,0,0.148,0,0,0.148
KLWX20140811-1,KLWX20140811_094928_V06,0,0.483,1.200,904,0,192587.714,18,0,190634.389
KLWX20140811-1,KLWX20140811_094928_V06,2,1.494,1.200,904,0,26.681,0,0,26.681
KLWX20140811-1,KLWX20140811_095912_V06,0,0.483,1.200,3520,0,704063.964,59,0,699185.750
KLWX20140811-1,KLWX20140811_095912_V06,2,1.494,1.200,3515,0,28.192,2,0,9.806
KLWX20140811-1,KLWX20140811_100857_V06,0,0.483,1.200,6055,0,907587.535,76,0,899588.183
KLWX20140811-1,KLWX20140811_100857_V06,2,1.494,1.200,6053,0,6569.534,34,0,6321.132
KLWX20140811-1,KLWX20140811_101844_V06,0,0.483,1.200,12081,0,708134.925,234,0,700756.086
KLWX20140811-1,KLWX20140811_101844_V06,2,1.494,1.200,12085,0,85301.908,156,0,82876.888
KLWX20140811-1,KLWX20140811_103043_V06,0,0.483,1.200,21316,0,558853.461,672,0,543977.133
KLWX20140811-1,KLWX20140811_103043_V06,2,1.494,1.200,21327,0,180088.517,322,0,173466.981
KLWX20140811-1,KLWX20140811_104028_V06,0,0.483,1.200,29939,0,338192.380,1372,0,315100.095
KLWX20140811-1,KLWX20140811_104028_V06,2,1.494,1.200,29957,0,188230.436,641,0,176338.728
KLWX20140811-1,KLWX20140811_105014_V06,0,0.483,1.200,43578,0,254579.892,2083,0,221251.925
KLWX20140811-1,KLWX20140811_105014_V06,2,1.494,1.200,43611,4,239683.195,1326,4,199390.274
KLWX20140811-1,KLWX20140811_105958_V06,0,0.483,1.200,58853,0,181850.808,3269,0,146398.160
KLWX20140811-1,KLWX20140811_105958_V06,2,1.494,1.200,58890,0,101986.224,1981,0,87536.970
KLWX20140811-2,KLWX20140811_095912_V06,0,0.483,1.200,3802,0,205798.943,43,0,204005.882
KLWX20140811-2,KLWX20140811_100857_V06,0,0.483,1.200,7345,0,458130.819,117,0,453279.207
KLWX20140811-2,KLWX20140811_101844_V06,0,0.483,1.200,10547,0,477611.954,211,0,468954.623
KLWX20140811-2,KLWX20140811_101844_V06,2,1.494,1.200,10555,0,1758.821,96,0,671.648
KLWX20140811-2,KLWX20140811_103043_V06,0,0.483,1.200,13458,0,193165.733,292,0,183719.524
KLWX20140811-2,KLWX20140811_103043_V06,2,1.494,1.200,13471,0,6155.907,415,0,3440.531
KLWX20140811-2,KLWX20140811_104028_V06,0,0.483,1.200,110035,0,551407.463,12123,0,452856.998
KLWX20140811-2,KLWX20140811_104028_V06,2,1.494,1.200,110106,0,251834.172,6275,0,216523.424
KLWX20140811-3,KLWX20140811_095912_V06,0,0.483,1.200,957,0,18054.064,36,0,17769.065
KLWX20140811-3,KLWX20140811_095912_V06,2,1.494,1.200,957,0,11.946,7,0,8.981
KLWX20140811-3,KLWX20140811_095912_V06,4,2.505,1.200,481,0,0.817,0,0,0.817
KLWX20140811-3,KLWX20140811_095912_V06,5,3.516,1.200,479,0,0.817,0,0,0.817
KLWX20140811-3,KLWX20140811_100857_V06,0,0.483,1.200,2880,0,24503.747,87,0,24272.241
KLWX20140811-3,KLWX20140811_100857_V06,2,1.494,1.200,2879,0,7425.822,22,0,7274.298
KLWX20140811-3,KLWX20140811_100857_V06,4,2.505,1.200,1441,0,32.942,5,0,30.429
KLWX20140811-3,KLWX20140811_100857_V06,5,3.516,1.200,1440,0,2.421,0,0,2.421
KLWX20140811-3,KLWX20140811_101844_V06,0,0.483,1.200,5993,0,31963.620,651,0,29048.554
KLWX20140811-3,KLWX20140811_101844_V06,2,1.494,1.200,5991,0,15893.404,152,0,15642.575
KLWX20140811-3,KLWX20140811_101844_V06,4,2.505,1.200,2996,0,3661.330,11,0,3635.302
KLWX20140811-3,KLWX20140811_101844_V06,5,3.516,1.200,3005,0,22.447,1,0,22.052
KLWX20140811-3,KLWX20140811_103043_V06,0,0.483,1.200,14055,0,77558.997,2679,0,59453.254
KLWX20140811-3,KLWX20140811_103043_V06,2,1.494,1.200,14067,0,55572.603,2261,0,46685.923
KLWX20140811-3,KLWX20140811_103043_V06,4,2.505,1.200,7039,0,16504.199,166,0,16133.596
KLWX20140811-3,KLWX20140811_103043_V06,5,3.516,1.200,7048,0,3886.815,68,0,3664.213
KLWX20140811-5,KLWX20140811_100857_V06,0,0.483,1.200,483,0,5758.637,16,0,5730.425
KLWX20140811-5,KLWX20140811_100857_V06,2,1.494,1.200,483,0,5.639,2,0,2.248
KLWX20140811-5,KLWX20140811_100857_V06,4,2.505,1.200,239,0,0.362,0,0,0.362
KLWX20140811-5,KLWX20140811_100857_V06,5,3.516,1.200,240,0,0.365,0,0,0.365
KLWX20140811-5,KLWX20140811_100857_V06,6,4.482,1.200,240,0,0.365,0,0,0.365
KLWX20140811-5,KLWX20140811_101844_V06,0,0.483,1.200,4518,0,29396.910,322,0,28518.690
KLWX20140811-5,KLWX20140811_101844_V06,2,1.494,1.200,4529,0,13.248,17,0,7.162
KLWX20140811-5,KLWX20140811_101844_V06,4,2.505,1.200,2262,0,15.483,0,0,15.483
KLWX20140811-5,KLWX20140811_101844_V06,5,3.516,1.200,2264,0,7.732,1,0,7.576
KLWX20140811-5,KLWX20140811_101844_V06,6,4.482,1.200,2266,0,3.682,0,0,3.682
KLWX20140811-5,KLWX20140811_103043_V06,0,0.483,1.200,6024,0,8825.353,549,0,7565.422
KLWX20140811-5,KLWX20140811_103043_V06,2,1.494,1.200,6031,0,60.535,75,0,32.605
KLWX20140811-5,KLWX20140811_103043_V06,4,2.505,1.200,3018,0,5.334,0,0,5.334
KLWX20140811-5,KLWX20140811_103043_V06,5,3.516,1.200,3016,0,18.575,2,0,18.013
KLWX20140811-5,KLWX20140811_103043_V06,6,4.482,1.200,3020,0,11.583,8,0,10.136
KLWX20140811-6,KLWX20140811_101844_V06,0,0.483,1.200,2884,0,13394.780,92,0,12763.678
KLWX20140811-6,KLWX20140811_101844_V06,2,1.494,1.200,2887,0,10642.878,78,0,10379.207
KLWX20140811-6,KLWX20140811_101844_V06,4,2.505,1.200,1448,0,760.354,224,0,450.395
KLWX20140811-6,KLWX20140811_101844_V06,5,3.516,1.200,1450,0,361.840,186,0,144.789
KLWX20140811-6,KLWX20140811_103043_V06,0,0.483,1.200,7920,0,1571.659,271,0,1223.479
KLWX20140811-6,KLWX20140811_103043_V06,2,1.494,1.200,7933,0,9523.792,217,0,9017.894
KLWX20140811-6,KLWX20140811_103043_V06,4,2.505,1.200,3967,0,5426.341,222,0,4965.919
KLWX20140811-6,KLWX20140811_103043_V06,5,3.516,1.200,3963,0,1852.593,928,0,700.911
KLWX20140811-8,KLWX20140811_103043_V06,0,0.483,1.200,1738,0,96078.443,23,0,93866.402
KLWX20140811-8,KLWX20140811_104028_V06,0,0.483,1.200,4451,0,122566.756,102,0,115825.971
KLWX20140811-7,KLWX20140811_103043_V06,0,0.483,1.200,1174,0,2857.768,22,0,2350.961
KLWX20140811-7,KLWX20140811_103043_V06,2,1.494,1.200,1176,0,410.059,45,0,130.306
KLWX20140812-3,KLWX20140812_100833_V06,0,0.483,1.200,1448,0,143434.168,99,0,136704.898
KLWX20140812-3,KLWX20140812_100833_V06,2,1.450,1.200,1452,0,38279.679,171,0,4463.358
KLWX20140812-3,KLWX20140812_101425_V06,0,0.483,1.200,3307,0,383949.836,223,0,358443.951
KLWX20140812-3,KLWX20140812_101425_V06,2,1.450,1.200,3314,0,42900.279,213,0,2595.289
KLWX20140812-3,KLWX20140812_102018_V06,0,0.483,1.200,5083,0,370010.037,496,0,301040.227
KLWX20140812-3,KLWX20140812_102018_V06,2,1.450,1.200,5083,0,32603.029,311,0,1570.225
KLWX20140812-2,KLWX20140812_100240_V06,0,0.483,1.200,1947,0,165723.262,43,0,141260.147
KLWX20140812-2,KLWX20140812_100240_V06,2,1.450,1.200,1948,0,8.675,0,0,8.675
KLWX20140812-2,KLWX20140812_100833_V06,0,0.483,1.200,3654,0,511534.782,95,0,483722.659
KLWX20140812-2,KLWX20140812_100833_V06,2,1.450,1.200,3657,0,5408.021,59,0,355.261
KLWX20140812-2,KLWX20140812_101425_V06,0,0.483,1.200,5981,0,904555.646,262,0,832512.935
KLWX20140812-2,KLWX20140812_101425_V06,2,1.450,1.200,5981,0,13437.933,134,0,1225.101
KLWX20140812-2,KLWX20140812_102018_V06,0,0.483,1.200,4699,0,585099.425,136,0,547674.138
KLWX20140812-2,KLWX20140812_102018_V06,2,1.450,1.200,4695,0,17156.767,114,0,1534.643
KLWX20140812-5,KLWX20140812_103201_V06,0,0.483,1.200,1387,0,138240.426,69,0,127016.576
KLWX20140813-1,KLWX20140813_100047_V06,0,0.483,1.200,1658,0,43492.137,214,0,34425.809
KLWX20140813-1,KLWX20140813_100047_V06,2,0.879,1.200,1659,0,2848.386,58,0,1881.431
KLWX20140813-1,KLWX20140813_100047_V06,4,1.318,1.200,1661,0,4.685,0,0,4.685
KLWX20140813-1,KLWX20140813_100047_V06,6,1.802,1.200,827,0,4.667,0,0,4.667
KLWX20140813-1,KLWX20140813_100400_V06,0,0.483,1.200,2727,0,117847.592,353,0,94130.486
KLWX20140813-1,KLWX20140813_100400_V06,2,0.879,1.200,2733,0,20719.360,288,0,13022.339
KLWX20140813-1,KLWX20140813_100400_V06,4,1.318,1.200,2732,0,7.786,0,0,7.786
KLWX20140813-1,KLWX20140813_100400_V06,6,1.802,1.200,1366,0,7.788,0,0,7.788
KLWX20140813-1,KLWX20140813_100713_V06,0,0.483,1.200,4201,0,158128.276,514,0,123538.927
KLWX20140813-1,KLWX20140813_100713_V06,2,0.879,1.200,4208,0,41766.435,424,0,28408.421
KLWX20140813-1,KLWX20140813_100713_V06,4,1.318,1.200,4211,0,12.106,0,0,12.106
KLWX20140813-1,KLWX20140813_100713_V06,6,1.802,1.200,2096,0,12.053,0,0,12.053
KLWX20140813-1,KLWX20140813_101025_V06,0,0.483,1.200,5511,0,186434.072,548,0,159761.592
KLWX20140813-1,KLWX20140813_101025_V06,2,0.879,1.200,5507,0,66833.913,569,0,49072.885
KLWX20140813-1,KLWX20140813_101025_V06,4,1.318,1.200,5517,0,452.301,19,0,208.897
KLWX20140813-1,KLWX20140813_101025_V06,6,1.802,1.200,2758,0,16.097,0,0,16.097
KLWX20140813-1,KLWX20140813_101337_V06,0,0.483,1.200,7275,0,210706.222,807,0,174506.854
KLWX20140813-1,KLWX20140813_101337_V06,2,0.879,1.200,7272,0,92043.920,752,0,67382.023
KLWX20140813-1,KLWX20140813_101337_V06,4,1.318,1.200,7268,0,1235.338,62,0,434.586
KLWX20140813-1,KLWX20140813_101337_V06,6,1.802,1.200,3637,0,21.520,0,0,21.520
KLWX20140813-1,KLWX20140813_101649_V06,0,0.483,1.200,9191,0,230839.994,1089,0,181332.277
KLWX20140813-1,KLWX20140813_101649_V06,2,0.879,1.200,9204,0,141921.694,1036,0,99651.230
KLWX20140813-1,KLWX20140813_101649_V06,4,1.318,1.200,9196,0,1238.704,57,0,559.226
KLWX20140813-1,KLWX20140813_101649_V06,6,1.802,1.200,4599,0,27.565,0,0,27.565
KLWX20140813-1,KLWX20140813_102002_V06,0,0.483,1.200,13619,0,260445.463,1378,0,198424.911
KLWX20140813-1,KLWX20140813_102002_V06,2,0.879,1.200,13612,0,145541.058,1202,0,103326.061
KLWX20140813-1,KLWX20140813_102002_V06,4,1.318,1.200,13625,0,5452.620,140,0,3183.603
KLWX20140813-1,KLWX20140813_102002_V06,6,1.802,1.200,6715,0,41.055,0,0,41.055
KLWX20140813-1,KLWX20140813_102315_V06,0,0.483,1.200,17704,0,247339.238,1464,0,178439.463
KLWX20140813-1,KLWX20140813_102315_V06,2,0.879,1.200,17714,0,157421.165,1305,0,107876.494
KLWX20140813-1,KLWX20140813_102315_V06,4,1.318,1.200,17672,0,7231.214,174,0,4455.109
KLWX20140813-1,KLWX20140813_102315_V06,6,1.802,1.200,8894,0,211.132,0,0,211.132
KLWX20140813-1,KLWX20140813_102628_V06,0,0.483,1.200,20240,0,240054.601,1594,0,165922.543
KLWX20140813-1,KLWX20140813_102628_V06,2,0.879,1.200,20259,0,180295.960,1601,0,121549.104
KLWX20140813-1,KLWX20140813_102628_V06,4,1.318,1.200,20256,0,5764.594,159,0,3103.230
KLWX20140813-1,KLWX20140813_102628_V06,6,1.802,1.200,10247,0,400.969,13,0,181.938
KLWX20140813-1,KLWX20140813_102942_V06,0,0.483,1.200,21971,0,226616.561,1684,0,152705.508
KLWX20140813-1,KLWX20140813_102942_V06,2,0.879,1.200,21937,0,136312.536,1370,0,91511.950
KLWX20140813-1,KLWX20140813_102942_V06,4,1.318,1.200,21965,0,8664.887,302,0,4300.393
KLWX20140813-1,KLWX20140813_102942_V06,6,1.802,1.200,11015,0,2285.100,33,0,618.968
KLWX20140813-6,KLWX20140813_101337_V06,0,0.483,1.200,760,0,5580.535,67,0,5256.970
KLWX20140813-6,KLWX20140813_101337_V06,2,0.879,1.200,763,0,341.276,29,0,246.863
KLWX20140813-6,KLWX20140813_101337_V06,4,1.318,1.200,762,0,2.054,0,0,2.054
KLWX20140813-6,KLWX20140813_101337_V06,6,1.802,1.200,379,0,0.617,0,0,0.617
KLWX20140813-6,KLWX20140813_101337_V06,7,2.417,1.200,382,0,0.622,0,0,0.622
KLWX20140813-6,KLWX20140813_101337_V06,8,3.120,1.200,384,0,0.626,0,0,0.626
KLWX20140813-6,KLWX20140813_101337_V06,9,3.999,1.200,379,0,0.619,0,0,0.619
KLWX20140813-6,KLWX20140813_101649_V06,0,0.483,1.200,2152,0,11103.200,233,0,10442.249
KLWX20140813-6,KLWX20140813_101649_V06,2,0.879,1.200,2152,0,905.056,112,0,702.816
KLWX20140813-6,KLWX20140813_101649_V06,4,1.318,1.200,2149,0,11.722,4,0,8.329
KLWX20140813-6,KLWX20140813_101649_V06,6,1.802,1.200,1078,0,1.779,0,0,1.779
KLWX20140813-6,KLWX20140813_101649_V06,7,2.417,1.200,1073,0,1.773,0,0,1.773
KLWX20140813-6,KLWX20140813_101649_V06,8,3.120,1.200,1078,0,1.783,0,0,1.783
KLWX20140813-6,KLWX20140813_101649_V06,9,3.999,1.200,1076,0,1.784,0,0,1.784
KLWX20140813-6,KLWX20140813_102002_V06,0,0.483,1.200,3507,0,15389.359,426,0,14145.877
KLWX20140813-6,KLWX20140813_102002_V06,2,0.879,1.200,3510,0,1672.098,217,0,1307.828
KLWX20140813-6,KLWX20140813_102002_V06,4,1.318,1.200,3514,0,10.811,0,0,10.811
KLWX20140813-6,KLWX20140813_102002_V06,6,1.802,1.200,1766,0,3.064,0,0,3.064
KLWX20140813-6,KLWX20140813_102002_V06,7,2.417,1.200,1762,0,3.062,0,0,3.062
KLWX20140813-6,KLWX20140813_102002_V06,8,3.120,1.200,1761,0,3.065,0,0,3.065
KLWX20140813-6,KLWX20140813_102002_V06,9,3.999,1.200,1765,0,3.080,0,0,3.080
KLWX20140813-6,KLWX20140813_102315_V06,0,0.483,1.200,5271,0,22340.945,863,0,20162.301
KLWX20140813-6,KLWX20140813_102315_V06,2,0.879,1.200,5270,0,2629.813,466,0,2080.043
KLWX20140813-6,KLWX20140813_102315_V06,4,1.318,1.200,5272,0,42.519,13,0,27.303
KLWX20140813-6,KLWX20140813_102315_V06,6,1.802,1.200,2639,0,7.558,0,0,7.558
KLWX20140813-6,KLWX20140813_102315_V06,7,2.417,1.200,2640,0,4.607,0,0,4.607
KLWX20140813-6,KLWX20140813_102315_V06,8,3.120,1.200,2640,0,4.616,0,0,4.616
KLWX20140813-6,KLWX20140813_102315_V06,9,3.999,1.200,2644,0,4.631,0,0,4.631
KLWX20140813-6,KLWX20140813_102628_V06,0,0.483,1.200,6839,0,26685.483,1155,0,23765.746
KLWX20140813-6,KLWX20140813_102628_V06,2,0.879,1.200,6847,0,3828.271,754,0,2838.560
KLWX20140813-6,KLWX20140813_102628_V06,4,1.318,1.200,6845,0,62.425,25,0,42.734
KLWX20140813-6,KLWX20140813_102628_V06,6,1.802,1.200,3432,0,6.050,0,0,6.050
KLWX20140813-6,KLWX20140813_102628_V06,7,2.417,1.200,3429,0,6.050,0,0,6.050
KLWX20140813-6,KLWX20140813_102628_V06,8,3.120,1.200,3435,0,6.068,0,0,6.068
KLWX20140813-6,KLWX20140813_102628_V06,9,3.999,1.200,3440,0,6.091,0,0,6.091
KLWX20140813-6,KLWX20140813_102942_V06,0,0.483,1.200,7449,0,26351.254,1319,0,23193.694
KLWX20140813-6,KLWX20140813_102942_V06,2,0.879,1.200,7451,0,6453.367,1007,0,5111.178
KLWX20140813-6,KLWX20140813_102942_V06,4,1.318,1.200,7450,0,132.103,75,0,72.319
KLWX20140813-6,KLWX20140813_102942_V06,6,1.802,1.200,3725,0,6.542,0,0,6.542
KLWX20140813-6,KLWX20140813_102942_V06,7,2.417,1.200,3724,0,6.546,0,0,6.546
KLWX20140813-6,KLWX20140813_102942_V06,8,3.120,1.200,3721,0,6.546,0,0,6.546
KLWX20140813-6,KLWX20140813_102942_V06,9,3.999,1.200,3736,0,6.590,0,0,6.590
KLWX20140813-6,KLWX20140813_103255_V06,0,0.483,1.200,7714,0,25276.163,1448,0,21818.437
KLWX20140813-6,KLWX20140813_103255_V06,2,0.879,1.200,7716,0,5036.638,938,0,3864.716
KLWX20140813-6,KLWX20140813_103255_V06,4,1.318,1.200,7717,0,144.010,84,0,91.105
KLWX20140813-6,KLWX20140813_103255_V06,6,1.802,1.200,3862,0,6.684,0,0,6.684
KLWX20140813-6,KLWX20140813_103255_V06,7,2.417,1.200,3865,0,6.701,0,0,6.701
KLWX20140813-6,KLWX20140813_103255_V06,8,3.120,1.200,3862,0,6.701,0,0,6.701
KLWX20140813-6,KLWX20140813_103255_V06,9,3.999,1.200,3870,0,7.757,0,0,7.757
KLWX20140813-6,KLWX20140813_103608_V06,0,0.483,1.200,10013,0,31634.640,1824,0,27553.553
KLWX20140813-6,KLWX20140813_103608_V06,2,0.879,1.200,10017,0,6791.511,1168,0,5367.993
KLWX20140813-6,KLWX20140813_103608_V06,4,1.318,1.200,10025,0,218.949,126,0,155.454
KLWX20140813-6,KLWX20140813_103608_V06,6,1.802,1.200,5009,0,10.625,0,0,10.625
KLWX20140813-6,KLWX20140813_103608_V06,7,2.417,1.200,5004,0,9.182,0,0,9.182
KLWX20140813-6,KLWX20140813_103608_V06,8,3.120,1.200,5015,0,9.208,0,0,9.208
KLWX20140813-6,KLWX20140813_103608_V06,9,3.999,1.200,5020,0,9.245,0,0,9.245
KLWX20140813-2,KLWX20140813_100713_V06,0,0.483,1.200,638,0,5186.113,51,0,4724.555
KLWX20140813-2,KLWX20140813_100713_V06,2,0.879,1.200,639,0,645.734,32,0,521.075
KLWX20140813-2,KLWX20140813_100713_V06,4,1.318,1.200,637,0,0.660,0,0,0.660
KLWX20140813-2,KLWX20140813_100713_V06,6,1.802,1.200,320,0,0.663,0,0,0.663
KLWX20140813-2,KLWX20140813_100713_V06,7,2.417,1.200,322,0,71.622,0,0,71.622
KLWX20140813-2,KLWX20140813_100713_V06,8,3.120,1.200,323,0,98.952,4,0,48.719
KLWX20140813-2,KLWX20140813_101025_V06,0,0.483,1.200,1411,0,17061.571,95,0,15621.381
KLWX20140813-2,KLWX20140813_101025_V06,2,0.879,1.200,1404,0,1910.383,69,0,1664.603
KLWX20140813-2,KLWX20140813_101025_V06,4,1.318,1.200,1409,0,3.450,0,0,3.450
KLWX20140813-2,KLWX20140813_101025_V06,6,1.802,1.200,705,0,1.498,0,0,1.498
KLWX20140813-2,KLWX20140813_101025_V06,7,2.417,1.200,704,0,26.707,2,0,1.493
KLWX20140813-2,KLWX20140813_101025_V06,8,3.120,1.200,703,0,121.436,8,0,18.620
KLWX20140813-2,KLWX20140813_101337_V06,0,0.483,1.200,1892,0,22336.945,183,0,20012.858
KLWX20140813-2,KLWX20140813_101337_V06,2,0.879,1.200,1893,0,5052.782,109,0,4396.780
KLWX20140813-2,KLWX20140813_101337_V06,4,1.318,1.200,1893,0,126.196,31,0,68.814
KLWX20140813-2,KLWX20140813_101337_V06,6,1.802,1.200,948,0,2.153,0,0,2.153
KLWX20140813-2,KLWX20140813_101337_V06,7,2.417,1.200,946,0,20.358,1,0,13.831
KLWX20140813-2,KLWX20140813_101337_V06,8,3.120,1.200,950,0,9.869,0,0,9.869
KLWX20140813-2,KLWX20140813_101649_V06,0,0.483,1.200,2511,0,25887.343,320,0,23074.486
KLWX20140813-2,KLWX20140813_101649_V06,2,0.879,1.200,2510,0,10879.164,160,0,9452.955
KLWX20140813-2,KLWX20140813_101649_V06,4,1.318,1.200,2511,0,1032.302,79,0,764.658
KLWX20140813-2,KLWX20140813_101649_V06,6,1.802,1.200,1262,0,3.046,0,0,3.046
KLWX20140813-2,KLWX20140813_101649_V06,7,2.417,1.200,1258,0,3.037,0,0,3.037
KLWX20140813-2,KLWX20140813_101649_V06,8,3.120,1.200,1262,0,29.148,0,0,29.148
KLWX20140813-2,KLWX20140813_102002_V06,0,0.483,1.200,3649,0,29603.802,537,0,25552.494
KLWX20140813-2,KLWX20140813_102002_V06,2,0.879,1.200,3644,0,15665.265,265,0,13900.499
KLWX20140813-2,KLWX20140813_102002_V06,4,1.318,1.200,3646,0,3790.886,102,0,3321.926
KLWX20140813-2,KLWX20140813_102002_V06,6,1.802,1.200,1830,0,23.818,0,0,23.818
KLWX20140813-2,KLWX20140813_102002_V06,7,2.417,1.200,1831,0,15.205,0,0,15.205
KLWX20140813-2,KLWX20140813_102002_V06,8,3.120,1.200,1831,0,74.758,4,0,47.353
KLWX20140813-2,KLWX20140813_102315_V06,0,0.483,1.200,5140,0,37655.810,1107,0,29851.016
KLWX20140813-2,KLWX20140813_102315_V06,2,0.879,1.200,5140,0,18958.656,479,0,15589.414
KLWX20140813-2,KLWX20140813_102315_V06,4,1.318,1.200,5134,0,7035.735,251,0,5458.474
KLWX20140813-2,KLWX20140813_102315_V06,6,1.802,1.200,2568,0,338.893,15,0,290.621
KLWX20140813-2,KLWX20140813_102315_V06,7,2.417,1.200,2575,0,28.945,0,0,28.945
KLWX20140813-2,KLWX20140813_102315_V06,8,3.120,1.200,2578,0,35.652,0,0,35.652
KLWX20140813-4,KLWX20140813_101025_V06,0,0.483,1.200,486,0,5701.173,61,0,5273.136
KLWX20140813-4,KLWX20140813_101025_V06,2,0.879,1.200,483,0,683.709,69,0,558.703
KLWX20140813-4,KLWX20140813_101025_V06,4,1.318,1.200,487,0,2.133,3,0,0.718
KLWX20140813-4,KLWX20140813_101025_V06,6,1.802,1.200,243,0,0.328,0,0,0.328
KLWX20140813-4,KLWX20140813_101025_V06,7,2.417,1.200,241,0,0.326,0,0,0.326
KLWX20140813-4,KLWX20140813_101025_V06,8,3.120,1.200,242,0,41.263,11,0,23.608
KLWX20140813-4,KLWX20140813_101025_V06,9,3.999,1.200,244,0,0.330,0,0,0.330
KLWX20140813-4,KLWX20140813_101337_V06,0,0.483,1.200,1262,0,10674.260,108,0,9894.661
KLWX20140813-4,KLWX20140813_101337_V06,2,0.879,1.200,1265,0,1462.354,101,0,1109.597
KLWX20140813-4,KLWX20140813_101337_V06,4,1.318,1.200,1267,0,2.918,2,0,2.178
KLWX20140813-4,KLWX20140813_101337_V06,6,1.802,1.200,630,0,0.836,0,0,0.836
KLWX20140813-4,KLWX20140813_101337_V06,7,2.417,1.200,629,0,7.388,0,0,7.388
KLWX20140813-4,KLWX20140813_101337_V06,8,3.120,1.200,633,0,100.809,28,0,48.700
KLWX20140813-4,KLWX20140813_101337_V06,9,3.999,1.200,638,0,0.850,0,0,0.850
KLWX20140813-4,KLWX20140813_101649_V06,0,0.483,1.200,1965,0,8590.729,207,0,7709.888
KLWX20140813-4,KLWX20140813_101649_V06,2,0.879,1.200,1963,0,1999.476,144,0,1716.356
KLWX20140813-4,KLWX20140813_101649_V06,4,1.318,1.200,1965,0,12.591,10,0,9.250
KLWX20140813-4,KLWX20140813_101649_V06,6,1.802,1.200,975,0,1.249,0,0,1.249
KLWX20140813-4,KLWX20140813_101649_V06,7,2.417,1.200,977,0,1.254,0,0,1.254
KLWX20140813-4,KLWX20140813_101649_V06,8,3.120,1.200,978,0,132.184,41,0,74.383
KLWX20140813-4,KLWX20140813_101649_V06,9,3.999,1.200,983,0,2.773,0,0,2.773
KLWX20140813-4,KLWX20140813_102002_V06,0,0.483,1.200,2533,0,13259.600,386,0,11991.832
KLWX20140813-4,KLWX20140813_102002_V06,2,0.879,1.200,2532,0,2941.676,192,0,2657.208
KLWX20140813-4,KLWX20140813_102002_V06,4,1.318,1.200,2535,0,41.185,38,0,25.284
KLWX20140813-4,KLWX20140813_102002_V06,6,1.802,1.200,1265,0,1.532,0,0,1.532
KLWX20140813-4,KLWX20140813_102002_V06,7,2.417,1.200,1266,0,4.499,0,0,4.499
KLWX20140813-4,KLWX20140813_102002_V06,8,3.120,1.200,1269,0,126.206,24,0,93.089
KLWX20140813-4,KLWX20140813_102002_V06,9,3.999,1.200,1269,0,5.860,4,0,1.941
KLWX20140813-4,KLWX20140813_102002_V06,10,5.098,1.200,1272,0,1.553,0,0,1.553
KLWX20140813-4,KLWX20140813_102315_V06,0,0.483,1.200,2367,0,12693.522,330,0,11538.554
KLWX20140813-4,KLWX20140813_102315_V06,2,0.879,1.200,2371,0,3056.569,183,0,2751.476
KLWX20140813-4,KLWX20140813_102315_V06,4,1.318,1.200,2375,0,19.209,10,0,15.186
KLWX20140813-4,KLWX20140813_102315_V06,6,1.802,1.200,1185,0,1.460,0,0,1.460
KLWX20140813-4,KLWX20140813_102315_V06,7,2.417,1.200,1194,0,1.472,0,0,1.472
KLWX20140813-4,KLWX20140813_102315_V06,8,3.120,1.200,1188,0,50.266,10,0,36.082
KLWX20140813-4,KLWX20140813_102315_V06,9,3.999,1.200,1188,0,14.159,9,0,3.295
KLWX20140813-5,KLWX20140813_101025_V06,0,0.483,1.200,1434,0,24943.680,123,0,23676.960
KLWX20140813-5,KLWX20140813_101025_V06,2,0.879,1.200,1436,0,39101.176,100,0,36214.328
KLWX20140813-5,KLWX20140813_101025_V06,4,1.318,1.200,1436,0,11605.099,137,0,10580.855
KLWX20140813-5,KLWX20140813_101025_V06,6,1.802,1.200,714,0,664.368,22,0,552.367
KLWX20140813-5,KLWX20140813_101025_V06,7,2.417,1.200,716,0,4.689,0,0,4.689
KLWX20140813-5,KLWX20140813_101025_V06,8,3.120,1.200,716,0,0.937,0,0,0.937
KLWX20140813-5,KLWX20140813_101025_V06,9,3.999,1.200,719,0,0.940,0,0,0.940
KLWX20140813-5,KLWX20140813_101337_V06,0,0.483,1.200,2880,0,25255.482,271,0,23615.765
KLWX20140813-5,KLWX20140813_101337_V06,2,0.879,1.200,2886,0,50528.376,204,0,46745.376
KLWX20140813-5,KLWX20140813_101337_V06,4,1.318,1.200,2885,0,37162.748,207,0,34382.313
KLWX20140813-5,KLWX20140813_101337_V06,6,1.802,1.200,1442,0,7939.950,133,0,6670.063
KLWX20140813-5,KLWX20140813_101337_V06,7,2.417,1.200,1442,0,62.055,5,0,40.944
KLWX20140813-5,KLWX20140813_101337_V06,8,3.120,1.200,1446,0,1.864,0,0,1.864
KLWX20140813-5,KLWX20140813_101337_V06,9,3.999,1.200,1444,0,1.867,0,0,1.867
KLWX20140813-5,KLWX20140813_101649_V06,0,0.483,1.200,4982,0,21373.558,991,0,17721.455
KLWX20140813-5,KLWX20140813_101649_V06,2,0.879,1.200,4981,0,40951.549,662,0,37345.810
KLWX20140813-5,KLWX20140813_101649_V06,4,1.318,1.200,4975,0,47918.468,465,0,44108.465
KLWX20140813-5,KLWX20140813_101649_V06,6,1.802,1.200,2493,0,21999.678,314,0,17491.147
KLWX20140813-5,KLWX20140813_101649_V06,7,2.417,1.200,2493,0,2486.748,163,0,1458.655
KLWX20140813-5,KLWX20140813_101649_V06,8,3.120,1.200,2496,0,14.027,1,0,13.578
KLWX20140813-5,KLWX20140813_101649_V06,9,3.999,1.200,2502,0,3.009,0,0,3.009
KLWX20140813-5,KLWX20140813_101649_V06,10,5.098,1.200,2503,0,4.242,0,0,4.242
KLWX20140813-12,KLWX20140813_102628_V06,0,0.483,1.200,499,0,3433.989,14,0,3204.726
KLWX20140813-12,KLWX20140813_102628_V06,2,0.879,1.200,499,0,398.402,7,0,350.530
KLWX20140813-12,KLWX20140813_102628_V06,4,1.318,1.200,502,0,0.865,0,0,0.865
KLWX20140813-12,KLWX20140813_102628_V06,6,1.802,1.200,254,0,0.878,0,0,0.878
KLWX20140813-12,KLWX20140813_102628_V06,7,2.417,1.200,253,0,0.875,0,0,0.875
KLWX20140813-12,KLWX20140813_102942_V06,0,0.483,1.200,1329,0,7028.425,33,0,6738.305
KLWX20140813-12,KLWX20140813_102942_V06,2,0.879,1.200,1329,0,1863.741,21,0,1740.780
KLWX20140813-12,KLWX20140813_102942_V06,4,1.318,1.200,1329,0,68.751,4,0,55.749
KLWX20140813-12,KLWX20140813_102942_V06,6,1.802,1.200,658,0,2.244,0,0,2.244
KLWX20140813-12,KLWX20140813_102942_V06,7,2.417,1.200,668,0,2.281,0,0,2.281
KLWX20140813-8,KLWX20140813_101649_V06,0,0.483,1.200,11883,0,236787.780,1139,0,185064.242
KLWX20140813-8,KLWX20140813_101649_V06,2,0.879,1.200,11886,0,150243.848,1095,0,104574.777
KLWX20140813-8,KLWX20140813_101649_V06,4,1.318,1.200,11894,0,1274.063,59,0,568.577
KLWX20140813-8,KLWX20140813_101649_V06,6,1.802,1.200,5945,0,36.915,0,0,36.915
KLWX20140813-9,KLWX20140813_102002_V06,0,0.483,1.200,154,0,3322.958,13,0,2914.622
KLWX20140813-9,KLWX20140813_102002_V06,2,0.879,1.200,154,0,625.169,11,0,466.035
KLWX20140813-9,KLWX20140813_102002_V06,4,1.318,1.200,153,0,0.423,0,0,0.423
KLWX20140813-9,KLWX20140813_102002_V06,6,1.802,1.200,76,0,0.421,0,0,0.421
KLWX20140813-9,KLWX20140813_102315_V06,0,0.483,1.200,613,0,5093.365,39,0,4432.595
KLWX20140813-9,KLWX20140813_102315_V06,2,0.879,1.200,613,0,1299.011,16,0,1014.032
KLWX20140813-9,KLWX20140813_102315_V06,4,1.318,1.200,612,0,1.693,0,0,1.693
KLWX20140813-9,KLWX20140813_102315_V06,6,1.802,1.200,332,0,1.834,0,0,1.834
KLWX20140813-9,KLWX20140813_102628_V06,0,0.483,1.200,259,0,3788.872,34,0,3039.996
KLWX20140813-9,KLWX20140813_102628_V06,2,0.879,1.200,261,0,1832.164,20,0,1502.697
KLWX20140813-9,KLWX20140813_102628_V06,4,1.318,1.200,260,0,12.115,1,0,6.417
KLWX20140813-9,KLWX20140813_102628_V06,6,1.802,1.200,129,0,0.695,0,0,0.695
KLWX20140814-2,KLWX20140814_095252_V06,0,0.483,1.200,2590,0,44044.803,22,0,43711.212
KLWX20140814-2,KLWX20140814_095252_V06,2,1.494,1.200,2590,0,7.713,0,0,7.713
KLWX20140814-2,KLWX20140814_100237_V06,0,0.483,1.200,6362,0,262875.184,68,0,261145.513
KLWX20140814-2,KLWX20140814_100237_V06,2,1.494,1.200,6363,0,47.618,0,0,47.618
KLWX20140814-2,KLWX20140814_101223_V06,0,0.483,1.200,12937,0,286505.420,189,0,283366.030
KLWX20140814-2,KLWX20140814_101223_V06,2,1.494,1.200,12950,0,3308.046,55,0,2736.567
KLWX20140814-2,KLWX20140814_102209_V06,0,0.483,1.200,18117,0,274162.688,436,0,266513.840
KLWX20140814-2,KLWX20140814_102209_V06,2,1.494,1.200,18134,0,11117.923,111,0,10185.074
KLWX20140814-2,KLWX20140814_103156_V06,0,0.483,1.200,20266,0,248319.624,602,0,237354.705
KLWX20140814-2,KLWX20140814_103156_V06,2,1.494,1.200,20282,0,16056.191,135,0,14798.518
KLWX20140814-2,KLWX20140814_104142_V06,0,0.483,1.200,28968,0,196482.272,1275,0,177529.373
KLWX20140814-2,KLWX20140814_104142_V06,2,1.494,1.200,28992,0,17444.282,86,0,16804.619
KLWX20140814-4,KLWX20140814_100237_V06,0,0.483,1.200,652,0,17786.792,7,0,17750.302
KLWX20140814-4,KLWX20140814_100237_V06,2,1.494,1.200,656,0,13.538,7,0,9.864
KLWX20140814-4,KLWX20140814_100237_V06,4,2.505,1.200,331,0,0.649,0,0,0.649
KLWX20140814-4,KLWX20140814_100237_V06,5,3.516,1.200,331,0,0.651,0,0,0.651
KLWX20140814-4,KLWX20140814_101223_V06,0,0.483,1.200,3685,0,28775.229,159,0,28280.076
KLWX20140814-4,KLWX20140814_101223_V06,2,1.494,1.200,3686,0,6047.873,28,0,6013.924
KLWX20140814-4,KLWX20140814_101223_V06,4,2.505,1.200,1847,0,4.187,0,0,4.187
KLWX20140814-4,KLWX20140814_101223_V06,5,3.516,1.200,1847,0,4.198,0,0,4.198
KLWX20140814-4,KLWX20140814_102209_V06,0,0.483,1.200,8918,0,47988.516,1162,0,42287.503
KLWX20140814-4,KLWX20140814_102209_V06,2,1.494,1.200,8918,0,21596.404,95,0,21400.622
KLWX20140814-4,KLWX20140814_102209_V06,4,2.505,1.200,4468,0,273.734,2,0,267.725
KLWX20140814-4,KLWX20140814_103156_V06,0,0.483,1.200,10548,0,45731.244,1937,0,35633.400
KLWX20140814-4,KLWX20140814_103156_V06,2,1.494,1.200,10554,0,25225.109,135,0,24779.971
KLWX20140814-4,KLWX20140814_103156_V06,4,2.505,1.200,5282,0,415.316,21,0,396.907
KLWX20140814-10,KLWX20140814_101223_V06,0,0.483,1.200,671,0,5796.113,6,0,5783.091
KLWX20140814-10,KLWX20140814_101223_V06,2,1.494,1.200,675,0,1.944,0,0,1.944
KLWX20140814-10,KLWX20140814_101223_V06,4,2.505,1.200,336,0,0.574,0,0,0.574
KLWX20140814-10,KLWX20140814_101223_V06,5,3.516,1.200,332,0,0.569,0,0,0.569
KLWX20140814-10,KLWX20140814_102209_V06,0,0.483,1.200,3590,0,18570.240,140,0,18302.840
KLWX20140814-10,KLWX20140814_102209_V06,2,1.494,1.200,3592,0,18.690,6,0,14.244
KLWX20140814-10,KLWX20140814_102209_V06,4,2.505,1.200,1799,0,4.665,0,0,4.665
KLWX20140814-10,KLWX20140814_102209_V06,5,3.516,1.200,1798,0,3.207,0,0,3.207
KLWX20140814-10,KLWX20140814_103156_V06,0,0.483,1.200,5849,0,12141.886,373,0,11562.974
KLWX20140814-10,KLWX20140814_103156_V06,2,1.494,1.200,5853,0,126.724,40,0,83.432
KLWX20140814-10,KLWX20140814_103156_V06,4,2.505,1.200,2929,0,4.932,0,0,4.932
KLWX20140814-10,KLWX20140814_103156_V06,5,3.516,1.200,2928,0,4.939,0,0,4.939
KLWX20140814-8,KLWX20140814_100237_V06,0,0.483,1.200,407,0,3316.614,17,0,3192.227
KLWX20140814-8,KLWX20140814_100237_V06,2,1.494,1.200,407,0,0.873,0,0,0.873
KLWX20140814-8,KLWX20140814_100237_V06,4,2.505,1.200,202,0,4.937,0,0,4.937
KLWX20140814-8,KLWX20140814_100237_V06,5,3.516,1.200,202,0,0.280,0,0,0.280
KLWX20140814-8,KLWX20140814_100237_V06,6,4.482,1.200,201,0,0.279,0,0,0.279
KLWX20140814-8,KLWX20140814_101223_V06,0,0.483,1.200,1490,0,8043.890,64,0,7830.846
KLWX20140814-8,KLWX20140814_101223_V06,2,1.494,1.200,1488,0,3.265,1,0,3.001
KLWX20140814-8,KLWX20140814_101223_V06,4,2.505,1.200,745,0,2.108,0,0,2.108
KLWX20140814-8,KLWX20140814_101223_V06,5,3.516,1.200,747,0,1.039,0,0,1.039
KLWX20140814-8,KLWX20140814_101223_V06,6,4.482,1.200,746,0,1.040,0,0,1.040
KLWX20140814-9,KLWX20140814_101223_V06,0,0.483,1.200,2135,0,34748.751,50,0,34545.034
KLWX20140814-9,KLWX20140814_101223_V06,2,1.494,1.200,2134,0,17526.059,80,0,17470.692
KLWX20140814-9,KLWX20140814_101223_V06,4,2.505,1.200,1071,0,209.618,2,0,208.015
KLWX20140814-9,KLWX20140814_101223_V06,5,3.516,1.200,1074,0,1.524,0,0,1.524
KLWX20140814-9,KLWX20140814_101223_V06,6,4.482,1.200,1076,0,1.532,0,0,1.532
KLWX20140814-9,KLWX20140814_102209_V06,0,0.483,1.200,6838,0,11311.397,493,0,10596.879
KLWX20140814-9,KLWX20140814_102209_V06,2,1.494,1.200,6841,0,44437.702,244,0,44161.807
KLWX20140814-9,KLWX20140814_102209_V06,4,2.505,1.200,3428,0,18388.360,86,0,18270.552
KLWX20140814-9,KLWX20140814_102209_V06,5,3.516,1.200,3434,0,160.427,6,0,157.731
KLWX20140814-9,KLWX20140814_102209_V06,6,4.482,1.200,3429,0,7.120,0,0,7.120
KLWX20140814-11,KLWX20140814_101223_V06,0,0.483,1.200,336,0,3981.800,13,0,3800.246
KLWX20140814-11,KLWX20140814_101223_V06,2,1.494,1.200,339,0,0.588,0,0,0.588
KLWX20140814-11,KLWX20140814_101223_V06,4,2.505,1.200,199,0,0.691,0,0,0.691
KLWX20140814-11,KLWX20140814_102209_V06,0,0.483,1.200,2048,0,6789.681,113,0,6102.406
KLWX20140814-11,KLWX20140814_102209_V06,2,1.494,1.200,2050,0,41.681,1,0,40.177
KLWX20140814-11,KLWX20140814_102209_V06,4,2.505,1.200,1031,0,3.597,0,0,3.597
KLWX20140814-17,KLWX20140814_103156_V06,0,0.483,1.200,1062,0,15844.922,45,0,13197.588
KLWX20140814-17,KLWX20140814_103156_V06,2,1.494,1.200,1067,0,4.530,0,0,4.530
KLWX20140814-17,KLWX20140814_104142_V06,0,0.483,1.200,4426,0,38079.200,113,0,34280.950
KLWX20140814-5,KLWX20140814_100237_V06,0,0.483,1.200,601,0,11558.886,13,0,11516.210
KLWX20140814-5,KLWX20140814_100237_V06,2,1.494,1.200,602,0,11.009,9,0,1.814
KLWX20140814-5,KLWX20140814_100237_V06,4,2.505,1.200,301,0,2.209,0,0,2.209
KLWX20140814-5,KLWX20140814_100237_V06,5,3.516,1.200,302,0,3.440,4,0,2.401
KLWX20140814-5,KLWX20140814_100237_V06,6,4.482,1.200,302,0,0.227,0,0,0.227
KLWX20140814-12,KLWX20140814_101223_V06,0,0.483,1.200,57,0,1395.021,1,0,1392.078
KLWX20140814-12,KLWX20140814_101223_V06,2,1.494,1.200,56,0,0.107,0,0,0.107
KLWX20140814-12,KLWX20140814_101223_V06,4,2.505,1.200,30,0,0.115,0,0,0.115
KLWX20140814-14,KLWX20140814_102209_V06,0,0.483,1.200,1865,0,12117.739,38,0,11693.065
KLWX20140814-14,KLWX20140814_102209_V06,2,1.494,1.200,1866,0,15.020,0,0,15.020
KLWX20140814-15,KLWX20140814_102209_V06,0,0.483,1.200,724,0,5156.348,20,0,4682.223
KLWX20140814-15,KLWX20140814_102209_V06,2,1.494,1.200,725,0,3.102,0,0,3.102
KLWX20140815-1,KLWX20140815_095547_V06,0,0.483,1.200,1509,0,17002.485,10,0,16833.790
KLWX20140815-1,KLWX20140815_095547_V06,2,1.494,1.200,1511,0,4.579,0,0,4.579
KLWX20140815-1,KLWX20140815_100533_V06,0,0.483,1.200,4331,0,311159.058,74,0,305887.555
KLWX20140815-1,KLWX20140815_100533_V06,2,1.494,1.200,4336,0,41.970,2,0,13.957
KLWX20140815-1,KLWX20140815_101518_V06,0,0.483,1.200,10460,0,417535.217,229,0,405938.992
KLWX20140815-1,KLWX20140815_101518_V06,2,1.494,1.200,10470,0,647.962,12,0,402.857
KLWX20140815-1,KLWX20140815_102503_V06,0,0.483,1.200,17164,0,319975.710,546,0,294593.394
KLWX20140815-1,KLWX20140815_102503_V06,2,1.494,1.200,17182,0,474.336,16,0,337.030
KLWX20140815-1,KLWX20140815_103450_V06,0,0.483,1.200,21908,0,207123.514,800,0,178831.348
KLWX20140815-1,KLWX20140815_103450_V06,2,1.494,1.200,21919,0,1402.300,15,0,1240.571
KLWX20140815-1,KLWX20140815_104437_V06,0,0.483,1.200,26891,0,115878.864,727,0,95102.403
KLWX20140815-1,KLWX20140815_104437_V06,2,1.494,1.200,26919,0,1725.506,28,0,1402.233
KLWX20140815-4,KLWX20140815_100533_V06,0,0.483,1.200,49,0,7102.252,0,0,7102.252
KLWX20140815-4,KLWX20140815_100533_V06,2,1.494,1.200,50,0,0.044,0,0,0.044
KLWX20140815-4,KLWX20140815_100533_V06,4,2.505,1.200,25,0,0.044,0,0,0.044
KLWX20140815-4,KLWX20140815_100533_V06,5,3.516,1.200,26,0,0.046,0,0,0.046
KLWX20140815-4,KLWX20140815_101518_V06,0,0.483,1.200,1185,0,12486.870,20,0,12463.069
KLWX20140815-4,KLWX20140815_101518_V06,2,1.494,1.200,1185,0,1.061,0,0,1.061
KLWX20140815-4,KLWX20140815_101518_V06,4,2.505,1.200,593,0,1.063,0,0,1.063
KLWX20140815-4,KLWX20140815_101518_V06,5,3.516,1.200,591,0,1.062,0,0,1.062
KLWX20140815-4,KLWX20140815_102503_V06,0,0.483,1.200,2646,0,32720.360,68,0,32604.222
KLWX20140815-4,KLWX20140815_102503_V06,2,1.494,1.200,2644,0,5.676,0,0,5.676
KLWX20140815-4,KLWX20140815_102503_V06,4,2.505,1.200,1318,0,2.591,0,0,2.591
KLWX20140815-4,KLWX20140815_102503_V06,5,3.516,1.200,1324,0,2.609,0,0,2.609
KLWX20140815-4,KLWX20140815_103450_V06,0,0.483,1.200,4071,0,26790.343,139,0,26377.539
KLWX20140815-4,KLWX20140815_103450_V06,2,1.494,1.200,4078,0,18.893,1,0,16.885
KLWX20140815-4,KLWX20140815_103450_V06,4,2.505,1.200,2040,0,4.013,0,0,4.013
KLWX20140815-4,KLWX20140815_103450_V06,5,3.516,1.200,2042,0,4.026,0,0,4.026
KLWX20140815-4,KLWX20140815_104437_V06,0,0.483,1.200,9700,0,32752.064,338,0,31773.990
KLWX20140815-4,KLWX20140815_104437_V06,2,1.494,1.200,9705,0,28.530,3,0,21.727
KLWX20140815-4,KLWX20140815_104437_V06,4,2.505,1.200,4854,0,10.364,0,0,10.364
KLWX20140815-4,KLWX20140815_104437_V06,5,3.516,1.200,4862,0,21.005,0,0,21.005
KLWX20140815-2,KLWX20140815_095547_V06,0,0.483,1.200,375,0,9871.833,9,0,9823.925
KLWX20140815-2,KLWX20140815_095547_V06,2,1.494,1.200,376,0,0.377,0,0,0.377
KLWX20140815-2,KLWX20140815_095547_V06,4,2.505,1.200,186,0,0.373,0,0,0.373
KLWX20140815-2,KLWX20140815_095547_V06,5,3.516,1.200,189,0,0.380,0,0,0.380
KLWX20140815-2,KLWX20140815_100533_V06,0,0.483,1.200,2053,0,26402.777,43,0,26121.409
KLWX20140815-2,KLWX20140815_100533_V06,2,1.494,1.200,2052,0,49.790,4,0,44.422
KLWX20140815-2,KLWX20140815_100533_V06,4,2.505,1.200,1028,0,2.056,0,0,2.056
KLWX20140815-2,KLWX20140815_100533_V06,5,3.516,1.200,1030,0,2.064,0,0,2.064
KLWX20140815-2,KLWX20140815_101518_V06,0,0.483,1.200,2180,0,22575.923,58,0,22230.755
KLWX20140815-2,KLWX20140815_101518_V06,2,1.494,1.200,2178,0,899.514,20,0,859.145
KLWX20140815-2,KLWX20140815_101518_V06,4,2.505,1.200,1095,0,2.320,0,0,2.320
KLWX20140815-2,KLWX20140815_101518_V06,5,3.516,1.200,1090,0,2.316,0,0,2.316
KLWX20140815-9,KLWX20140815_101518_V06,0,0.483,1.200,2701,0,13014.145,116,0,12868.191
KLWX20140815-9,KLWX20140815_101518_V06,2,1.494,1.200,2705,0,40097.904,35,0,39961.118
KLWX20140815-9,KLWX20140815_101518_V06,4,2.505,1.200,1352,0,2410.723,8,0,2401.890
KLWX20140815-9,KLWX20140815_101518_V06,5,3.516,1.200,1354,0,3.174,0,0,3.174
KLWX20140815-9,KLWX20140815_101518_V06,6,4.482,1.200,1361,0,1.785,0,0,1.785
KLWX20140815-9,KLWX20140815_102503_V06,0,0.483,1.200,6172,0,5303.313,389,0,4541.457
KLWX20140815-9,KLWX20140815_102503_V06,2,1.494,1.200,6176,0,20918.677,185,0,20770.682
KLWX20140815-9,KLWX20140815_102503_V06,4,2.505,1.200,3079,0,25305.727,19,0,25273.443
KLWX20140815-9,KLWX20140815_102503_V06,5,3.516,1.200,3081,0,158.390,6,0,153.516
KLWX20140815-9,KLWX20140815_102503_V06,6,4.482,1.200,3088,0,14.165,7,0,11.170
KLWX20140815-12,KLWX20140815_102503_V06,0,0.483,1.200,652,0,3528.381,3,0,3518.508
KLWX20140815-12,KLWX20140815_102503_V06,2,1.494,1.200,653,0,1.125,0,0,1.125
KLWX20140815-12,KLWX20140815_102503_V06,4,2.505,1.200,328,0,1.130,0,0,1.130
KLWX20140815-12,KLWX20140815_103450_V06,0,0.483,1.200,2560,0,7124.029,38,0,6962.487
KLWX20140815-12,KLWX20140815_103450_V06,2,1.494,1.200,2557,0,205.151,9,0,170.120
KLWX20140815-12,KLWX20140815_103450_V06,4,2.505,1.200,1277,0,4.367,0,0,4.367
KLWX20140815-6,KLWX20140815_100533_V06,0,0.483,1.200,406,0,6714.223,20,0,6659.626
KLWX20140815-6,KLWX20140815_100533_V06,2,1.494,1.200,408,0,15.333,9,0,6.219
KLWX20140815-6,KLWX20140815_100533_V06,4,2.505,1.200,204,0,4.553,4,0,2.581
KLWX20140815-6,KLWX20140815_100533_V06,5,3.516,1.200,203,0,2.870,0,0,2.870
KLWX20140815-6,KLWX20140815_100533_V06,6,4.482,1.200,203,0,1.180,0,0,1.180
KLWX20140815-8,KLWX20140815_101518_V06,0,0.483,1.200,206,0,2931.682,8,0,2844.853
KLWX20140815-8,KLWX20140815_101518_V06,2,1.494,1.200,206,0,0.517,0,0,0.517
KLWX20140816-1,KLWX20140816_095606_V06,0,0.483,1.200,1481,0,9703.176,46,0,8677.745
KLWX20140816-1,KLWX20140816_095606_V06,2,1.450,1.200,1481,0,4.306,0,0,4.306
KLWX20140816-1,KLWX20140816_100103_V06,0,0.483,1.200,2804,0,97845.698,52,0,96169.686
KLWX20140816-1,KLWX20140816_100103_V06,2,1.494,1.200,2807,0,8.180,0,0,8.180
KLWX20140816-1,KLWX20140816_101048_V06,0,0.483,1.200,7231,0,208725.080,148,0,204641.035
KLWX20140816-1,KLWX20140816_101048_V06,2,1.494,1.200,7235,0,184.218,5,0,70.351
KLWX20140816-1,KLWX20140816_102032_V06,0,0.483,1.200,15482,0,204199.161,415,0,193821.679
KLWX20140816-1,KLWX20140816_102032_V06,2,1.494,1.200,15492,0,2082.071,46,0,1676.060
KLWX20140816-1,KLWX20140816_103016_V06,0,0.483,1.200,23705,0,156393.694,645,0,132564.551
KLWX20140816-1,KLWX20140816_103016_V06,2,1.494,1.200,23725,0,8777.284,120,0,7670.129
KLWX20140816-1,KLWX20140816_104001_V06,0,0.483,1.200,32010,0,123446.558,1208,0,106494.484
KLWX20140816-1,KLWX20140816_104001_V06,2,1.494,1.200,32017,0,8025.469,109,0,6966.337
KLWX20140816-1,KLWX20140816_104946_V06,0,0.483,1.200,36715,0,130294.403,1630,0,110414.982
KLWX20140816-1,KLWX20140816_104946_V06,2,1.494,1.200,36738,0,8684.574,165,0,7455.647
KLWX20140816-1,KLWX20140816_105931_V06,0,0.483,1.200,43599,0,136520.696,1726,0,118602.889
KLWX20140816-1,KLWX20140816_105931_V06,2,1.494,1.200,43638,0,82158.563,214,0,5754.599
KLWX20140816-1,KLWX20140816_111121_V06,0,0.483,1.200,49696,0,124928.225,2188,0,109364.766
KLWX20140816-1,KLWX20140816_111121_V06,2,1.494,1.200,49726,0,6672.948,171,0,4399.184
KLWX20140816-2,KLWX20140816_095606_V06,0,0.483,1.200,277,0,7477.662,29,0,7345.835
KLWX20140816-2,KLWX20140816_095606_V06,2,1.450,1.200,273,0,7.589,4,0,1.043
KLWX20140816-2,KLWX20140816_095606_V06,4,2.417,1.200,136,0,0.258,0,0,0.258
KLWX20140816-2,KLWX20140816_095606_V06,5,3.384,1.200,138,0,0.262,0,0,0.262
KLWX20140816-2,KLWX20140816_100103_V06,0,0.483,1.200,1140,0,22357.633,67,0,21429.576
KLWX20140816-2,KLWX20140816_100103_V06,2,1.494,1.200,1143,0,62.147,9,0,31.711
KLWX20140816-2,KLWX20140816_100103_V06,4,2.505,1.200,571,0,6.164,0,0,6.164
KLWX20140816-2,KLWX20140816_100103_V06,5,3.516,1.200,566,0,1.096,0,0,1.096
KLWX20140816-2,KLWX20140816_101048_V06,0,0.483,1.200,1836,0,38144.187,53,0,37767.597
KLWX20140816-2,KLWX20140816_101048_V06,2,1.494,1.200,1832,0,263.421,48,0,181.006
KLWX20140816-2,KLWX20140816_101048_V06,4,2.505,1.200,925,0,37.654,0,0,37.654
KLWX20140816-2,KLWX20140816_101048_V06,5,3.516,1.200,922,0,1.826,0,0,1.826
KLWX20140816-2,KLWX20140816_102032_V06,0,0.483,1.200,5390,0,35227.035,375,0,34023.085
KLWX20140816-2,KLWX20140816_102032_V06,2,1.494,1.200,5391,0,5356.774,165,0,5003.803
KLWX20140816-2,KLWX20140816_102032_V06,4,2.505,1.200,2697,0,86.118,5,0,72.252
KLWX20140816-2,KLWX20140816_102032_V06,5,3.516,1.200,2705,0,13.405,1,0,12.672
KLWX20140816-2,KLWX20140816_103016_V06,0,0.483,1.200,10724,0,56443.064,1052,0,52497.251
KLWX20140816-2,KLWX20140816_103016_V06,2,1.494,1.200,10733,0,6637.734,391,0,5688.249
KLWX20140816-2,KLWX20140816_103016_V06,4,2.505,1.200,5371,0,336.231,5,0,323.334
KLWX20140816-2,KLWX20140816_103016_V06,5,3.516,1.200,5386,0,13.785,0,0,13.785
KLWX20140816-5,KLWX20140816_101048_V06,0,0.483,1.200,327,0,2795.285,9,0,2774.971
KLWX20140816-5,KLWX20140816_101048_V06,2,1.494,1.200,329,0,2.187,2,0,1.246
KLWX20140816-5,KLWX20140816_101048_V06,4,2.505,1.200,164,0,0.301,0,0,0.301
KLWX20140816-5,KLWX20140816_101048_V06,5,3.516,1.200,166,0,0.306,0,0,0.306
KLWX20140816-5,KLWX20140816_102032_V06,0,0.483,1.200,1739,0,14964.312,72,0,14644.383
KLWX20140816-5,KLWX20140816_102032_V06,2,1.494,1.200,1736,0,9.323,3,0,6.353
KLWX20140816-5,KLWX20140816_102032_V06,4,2.505,1.200,871,0,1.592,0,0,1.592
KLWX20140816-5,KLWX20140816_102032_V06,5,3.516,1.200,871,0,1.594,0,0,1.594
KLWX20140816-5,KLWX20140816_103016_V06,0,0.483,1.200,1697,0,13349.330,84,0,13103.192
KLWX20140816-5,KLWX20140816_103016_V06,2,1.494,1.200,1695,0,8.036,5,0,4.635
KLWX20140816-5,KLWX20140816_103016_V06,4,2.505,1.200,850,0,1.578,0,0,1.578
KLWX20140816-5,KLWX20140816_103016_V06,5,3.516,1.200,853,0,1.586,0,0,1.586
KLWX20140816-5,KLWX20140816_104001_V06,0,0.483,1.200,9640,0,40328.256,714,0,35135.251
KLWX20140816-5,KLWX20140816_104001_V06,2,1.494,1.200,9641,0,46.482,17,0,31.450
KLWX20140816-5,KLWX20140816_104001_V06,4,2.505,1.200,4828,0,16.353,0,0,16.353
KLWX20140816-5,KLWX20140816_104001_V06,5,3.516,1.200,4828,0,10.831,0,0,10.831
KLWX20140816-5,KLWX20140816_104946_V06,0,0.483,1.200,15740,0,41154.352,956,0,38114.864
KLWX20140816-5,KLWX20140816_104946_V06,2,1.494,1.200,15747,0,489.549,135,0,289.451
KLWX20140816-5,KLWX20140816_104946_V06,4,2.505,1.200,7876,0,89.609,0,0,89.609
KLWX20140816-4,KLWX20140816_101048_V06,0,0.483,1.200,2154,0,13346.287,61,0,13185.863
KLWX20140816-4,KLWX20140816_101048_V06,2,1.494,1.200,2155,0,6158.860,46,0,6085.179
KLWX20140816-4,KLWX20140816_101048_V06,4,2.505,1.200,1085,0,1.617,0,0,1.617
KLWX20140816-4,KLWX20140816_101048_V06,5,3.516,1.200,1083,0,1.617,0,0,1.617
KLWX20140816-4,KLWX20140816_101048_V06,6,4.482,1.200,1079,0,1.614,0,0,1.614
KLWX20140816-4,KLWX20140816_102032_V06,0,0.483,1.200,5018,0,13226.049,199,0,12955.086
KLWX20140816-4,KLWX20140816_102032_V06,2,1.494,1.200,5018,0,46177.172,165,0,45718.160
KLWX20140816-4,KLWX20140816_102032_V06,4,2.505,1.200,2508,0,997.458,2,0,994.927
KLWX20140816-4,KLWX20140816_102032_V06,5,3.516,1.200,2516,0,4.512,0,0,4.512
KLWX20140816-4,KLWX20140816_102032_V06,6,4.482,1.200,2516,0,3.616,0,0,3.616
KLWX20140816-4,KLWX20140816_103016_V06,0,0.483,1.200,10139,0,5896.284,520,0,4283.907
KLWX20140816-4,KLWX20140816_103016_V06,2,1.494,1.200,10148,0,42479.598,610,0,41966.176
KLWX20140816-4,KLWX20140816_103016_V06,4,2.505,1.200,5065,0,6801.711,46,0,6676.999
KLWX20140816-4,KLWX20140816_103016_V06,5,3.516,1.200,5068,0,702.570,23,0,628.729
KLWX20140816-4,KLWX20140816_103016_V06,6,4.482,1.200,5075,0,51.171,19,0,38.131
KLWX20140816-9,KLWX20140816_102032_V06,0,0.483,1.200,1240,0,11436.528,161,0,10720.499
KLWX20140816-9,KLWX20140816_102032_V06,2,1.494,1.200,1240,0,3.834,1,0,3.165
KLWX20140816-9,KLWX20140816_102032_V06,4,2.505,1.200,619,0,1.366,0,0,1.366
KLWX20140816-9,KLWX20140816_102032_V06,5,3.516,1.200,621,0,1.373,0,0,1.373
KLWX20140816-9,KLWX20140816_103016_V06,0,0.483,1.200,5104,0,32748.964,1000,0,26762.588
KLWX20140816-9,KLWX20140816_103016_V06,2,1.494,1.200,5104,0,361.624,56,0,252.638
KLWX20140816-9,KLWX20140816_103016_V06,4,2.505,1.200,2556,0,10.883,0,0,10.883
KLWX20140816-9,KLWX20140816_103016_V06,5,3.516,1.200,2560,0,5.663,0,0,5.663
KLWX20140816-3,KLWX20140816_101048_V06,0,0.483,1.200,508,0,74814.923,29,0,74785.610
KLWX20140816-3,KLWX20140816_101048_V06,2,1.494,1.200,508,0,55.918,22,0,44.395
KLWX20140816-3,KLWX20140816_101048_V06,4,2.505,1.200,251,0,40.271,2,0,38.211
KLWX20140816-3,KLWX20140816_101048_V06,5,3.516,1.200,248,0,27.514,5,0,12.314
KLWX20140816-3,KLWX20140816_101048_V06,6,4.482,1.200,251,0,4.097,3,0,1.499
KLWX20140816-10,KLWX20140816_102032_V06,0,0.483,1.200,218,0,3002.764,2,0,2985.665
KLWX20140816-10,KLWX20140816_102032_V06,2,1.494,1.200,220,0,0.580,0,0,0.580
KLWX20140817-3,KLWX20140817_100117_V06,0,0.483,1.200,231,0,7460.649,15,0,6821.771
KLWX20140817-3,KLWX20140817_100117_V06,2,1.450,1.200,230,0,14.915,8,0,4.099
KLWX20140817-3,KLWX20140817_100117_V06,4,2.417,1.200,116,0,0.219,0,0,0.219
KLWX20140817-3,KLWX20140817_100117_V06,5,3.384,1.200,116,0,0.219,0,0,0.219
KLWX20140817-3,KLWX20140817_100614_V06,0,0.483,1.200,1324,0,15525.573,136,0,13939.861
KLWX20140817-3,KLWX20140817_100614_V06,2,1.450,1.200,1326,0,323.034,74,0,162.808
KLWX20140817-3,KLWX20140817_100614_V06,4,2.417,1.200,665,0,69.537,3,0,15.220
KLWX20140817-3,KLWX20140817_100614_V06,5,3.384,1.200,664,0,34.515,5,0,18.899
KLWX20140817-3,KLWX20140817_101111_V06,0,0.483,1.200,2359,0,30111.991,251,0,28034.498
KLWX20140817-3,KLWX20140817_101111_V06,2,1.450,1.200,2357,0,2545.290,173,0,549.394
KLWX20140817-3,KLWX20140817_101111_V06,4,2.417,1.200,1182,0,1524.276,56,0,162.295
KLWX20140817-3,KLWX20140817_101111_V06,5,3.384,1.200,1182,0,317.992,26,0,103.828
KLWX20140817-4,KLWX20140817_101111_V06,0,0.483,1.200,1487,0,22562.667,64,0,22019.508
KLWX20140817-4,KLWX20140817_101111_V06,2,1.450,1.200,1492,0,9377.079,43,0,9116.948
KLWX20140817-4,KLWX20140817_101111_V06,4,2.417,1.200,749,0,10.676,0,0,10.676
KLWX20140817-4,KLWX20140817_101111_V06,5,3.384,1.200,747,0,0.898,0,0,0.898
KLWX20140817-4,KLWX20140817_101111_V06,6,4.307,1.200,748,0,0.902,0,0,0.902
KLWX20140817-4,KLWX20140817_101608_V06,0,0.483,1.200,3680,0,10040.668,211,0,9705.220
KLWX20140817-4,KLWX20140817_101608_V06,2,1.450,1.200,3690,0,29516.868,133,0,28943.634
KLWX20140817-4,KLWX20140817_101608_V06,4,2.417,1.200,1846,0,553.685,6,0,501.345
KLWX20140817-4,KLWX20140817_101608_V06,5,3.384,1.200,1847,0,2.186,0,0,2.186
KLWX20140817-4,KLWX20140817_101608_V06,6,4.307,1.200,1846,0,2.189,0,0,2.189
KLWX20140817-4,KLWX20140817_102105_V06,0,0.483,1.200,6762,0,8197.010,409,0,7464.747
KLWX20140817-4,KLWX20140817_102105_V06,2,1.450,1.200,6766,0,24543.769,311,0,23808.505
KLWX20140817-4,KLWX20140817_102105_V06,4,2.417,1.200,3386,0,6686.145,66,0,6377.311
KLWX20140817-4,KLWX20140817_102105_V06,5,3.384,1.200,3390,0,103.765,11,0,67.362
KLWX20140817-4,KLWX20140817_102105_V06,6,4.307,1.200,3390,0,17.366,0,0,17.366
KLWX20140817-6,KLWX20140817_102105_V06,0,0.483,1.200,2599,0,51137.216,247,0,1039.762
KLWX20140817-6,KLWX20140817_102105_V06,2,1.450,1.200,2607,0,13416.908,190,0,1339.233
KLWX20140817-6,KLWX20140817_102602_V06,0,0.483,1.200,4662,0,10595.363,144,0,582.179
KLWX20140817-6,KLWX20140817_102602_V06,2,1.450,1.200,4664,0,8934.165,205,0,857.816
KLWX20140817-7,KLWX20140817_103557_V06,0,0.483,1.200,476,0,3766.683,30,0,2922.122
KLWX20140817-7,KLWX20140817_103557_V06,2,1.450,1.200,476,0,1.369,0,0,1.369
KLWX20140817-7,KLWX20140817_104053_V06,0,0.483,1.200,1290,0,8356.024,71,0,5987.804
KLWX20140817-7,KLWX20140817_104053_V06,2,1.450,1.200,1288,0,3.708,0,0,3.708
KLWX20140817-10,KLWX20140817_105545_V06,0,0.483,1.200,4063,0,2151.965,158,0,1668.238
KLWX20140817-10,KLWX20140817_105545_V06,2,1.450,1.200,4066,0,37.828,14,0,15.975
KLWX20140817-10,KLWX20140817_105545_V06,4,2.417,1.200,2033,0,3.544,0,0,3.544
KLWX20140817-10,KLWX20140817_105545_V06,5,3.384,1.200,2038,0,3.559,0,0,3.559
KLWX20140818-1,KLWX20140818_095359_V06,0,0.483,1.200,585,0,9165.054,60,0,7830.576
KLWX20140818-1,KLWX20140818_095359_V06,2,1.450,1.200,585,0,1.566,0,0,1.566
KLWX20140818-1,KLWX20140818_095857_V06,0,0.483,1.200,1681,0,39328.035,124,0,36045.816
KLWX20140818-1,KLWX20140818_095857_V06,2,1.450,1.200,1679,0,4.488,0,0,4.488
KLWX20140818-1,KLWX20140818_100354_V06,0,0.483,1.200,2864,0,197996.063,192,0,178712.342
KLWX20140818-1,KLWX20140818_100354_V06,2,1.450,1.200,2862,0,61.552,3,0,42.793
KLWX20140818-1,KLWX20140818_100851_V06,0,0.483,1.200,4489,0,405835.826,305,0,319109.522
KLWX20140818-1,KLWX20140818_100851_V06,2,1.450,1.200,4492,0,169.429,7,0,87.165
KLWX20140818-1,KLWX20140818_101347_V06,0,0.483,1.200,6743,0,351187.301,504,0,316832.238
KLWX20140818-1,KLWX20140818_101347_V06,2,1.450,1.200,6751,0,365.951,14,0,146.816
KLWX20140818-1,KLWX20140818_101845_V06,0,0.483,1.200,11865,0,420229.828,865,0,380714.021
KLWX20140818-1,KLWX20140818_101845_V06,2,1.450,1.200,11876,0,153.980,8,0,108.035
KLWX20140818-1,KLWX20140818_102342_V06,0,0.483,1.200,16677,0,508146.167,1325,0,452681.009
KLWX20140818-1,KLWX20140818_102342_V06,2,1.450,1.200,16684,0,1125.790,48,0,794.233
KLWX20140818-1,KLWX20140818_102839_V06,0,0.483,1.200,22091,0,594921.845,1749,0,529334.587
KLWX20140818-1,KLWX20140818_102839_V06,2,1.450,1.200,22114,0,4403.572,98,0,3658.481
KLWX20140818-1,KLWX20140818_103336_V06,0,0.483,1.200,26880,0,658662.217,2666,0,576494.988
KLWX20140818-1,KLWX20140818_103336_V06,2,1.450,1.200,26903,0,12277.062,229,0,10365.929
KLWX20140818-1,KLWX20140818_103833_V06,0,0.483,1.200,32488,0,684547.321,3545,0,602678.417
KLWX20140818-1,KLWX20140818_103833_V06,2,1.450,1.200,32506,0,20595.401,336,0,17381.547
KLWX20140818-1,KLWX20140818_104329_V06,0,0.483,1.200,40432,0,692597.867,4511,0,598555.446
KLWX20140818-1,KLWX20140818_104329_V06,2,1.450,1.200,40459,0,28511.596,611,0,22298.999
KLWX20140818-1,KLWX20140818_104826_V06,0,0.483,1.200,48442,0,642537.832,5535,0,542397.398
KLWX20140818-1,KLWX20140818_104826_V06,2,1.450,1.200,48472,0,41818.726,992,0,32726.716
KLWX20140818-2,KLWX20140818_100851_V06,0,0.483,1.200,660,0,27726.999,13,0,27118.729
KLWX20140818-2,KLWX20140818_100851_V06,2,1.450,1.200,659,0,0.596,0,0,0.596
KLWX20140818-2,KLWX20140818_100851_V06,4,2.417,1.200,327,0,0.592,0,0,0.592
KLWX20140818-2,KLWX20140818_100851_V06,5,3.384,1.200,329,0,0.596,0,0,0.596
KLWX20140818-2,KLWX20140818_101347_V06,0,0.483,1.200,1941,0,48954.367,97,0,47297.114
KLWX20140818-2,KLWX20140818_101347_V06,2,1.450,1.200,1943,0,3.318,1,0,2.753
KLWX20140818-2,KLWX20140818_101347_V06,4,2.417,1.200,970,0,1.750,0,0,1.750
KLWX20140818-2,KLWX20140818_101347_V06,5,3.384,1.200,974,0,1.762,0,0,1.762
KLWX20140818-2,KLWX20140818_101845_V06,0,0.483,1.200,3012,0,43544.821,154,0,42100.044
KLWX20140818-2,KLWX20140818_101845_V06,2,1.450,1.200,3010,0,172.732,17,0,156.806
KLWX20140818-2,KLWX20140818_101845_V06,4,2.417,1.200,1509,0,2.658,0,0,2.658
KLWX20140818-2,KLWX20140818_101845_V06,5,3.384,1.200,1512,0,2.670,0,0,2.670
KLWX20140818-2,KLWX20140818_102342_V06,0,0.483,1.200,5798,0,43057.255,474,0,40414.873
KLWX20140818-2,KLWX20140818_102342_V06,2,1.450,1.200,5799,0,1544.422,63,0,1416.073
KLWX20140818-2,KLWX20140818_102342_V06,4,2.417,1.200,2899,0,5.245,0,0,5.245
KLWX20140818-2,KLWX20140818_102342_V06,5,3.384,1.200,2903,0,5.258,0,0,5.258
KLWX20140818-2,KLWX20140818_102839_V06,0,0.483,1.200,8115,0,54153.775,922,0,49623.815
KLWX20140818-2,KLWX20140818_102839_V06,2,1.450,1.200,8120,0,4166.810,132,0,3754.630
KLWX20140818-2,KLWX20140818_102839_V06,4,2.417,1.200,4060,0,28.067,0,0,28.067
KLWX20140818-2,KLWX20140818_102839_V06,5,3.384,1.200,4067,0,7.477,0,0,7.477
KLWX20140818-2,KLWX20140818_103336_V06,0,0.483,1.200,11090,0,62833.161,1582,0,54090.512
KLWX20140818-2,KLWX20140818_103336_V06,2,1.450,1.200,11097,0,5352.902,316,0,4453.754
KLWX20140818-2,KLWX20140818_103336_V06,4,2.417,1.200,5557,0,313.682,5,0,301.084
KLWX20140818-2,KLWX20140818_103336_V06,5,3.384,1.200,5562,0,10.159,0,0,10.159
KLWX20140818-2,KLWX20140818_103833_V06,0,0.483,1.200,14024,0,69650.750,2118,0,58909.139
KLWX20140818-2,KLWX20140818_103833_V06,2,1.450,1.200,14026,0,5919.724,507,0,4691.341
KLWX20140818-2,KLWX20140818_103833_V06,4,2.417,1.200,7034,0,596.020,13,0,520.177
KLWX20140818-2,KLWX20140818_103833_V06,5,3.384,1.200,7037,0,13.050,0,0,13.050
KLWX20140818-2,KLWX20140818_104329_V06,0,0.483,1.200,14664,0,78385.279,2387,0,65848.789
KLWX20140818-2,KLWX20140818_104329_V06,2,1.450,1.200,14663,0,7017.029,679,0,5105.583
KLWX20140818-2,KLWX20140818_104329_V06,4,2.417,1.200,7412,0,454.801,19,0,336.544
KLWX20140818-2,KLWX20140818_104329_V06,5,3.384,1.200,7414,0,13.664,0,0,13.664
KLWX20140818-7,KLWX20140818_103336_V06,0,0.483,1.200,1385,0,7729.025,57,0,7528.638
KLWX20140818-7,KLWX20140818_103336_V06,2,1.450,1.200,1385,0,3.030,1,0,1.970
KLWX20140818-7,KLWX20140818_103336_V06,4,2.417,1.200,694,0,1.229,0,0,1.229
KLWX20140818-7,KLWX20140818_103336_V06,5,3.384,1.200,692,0,1.231,0,0,1.231
KLWX20140818-7,KLWX20140818_103833_V06,0,0.483,1.200,3167,0,10250.314,173,0,9831.409
KLWX20140818-7,KLWX20140818_103833_V06,2,1.450,1.200,3166,0,6.511,1,0,4.541
KLWX20140818-7,KLWX20140818_103833_V06,4,2.417,1.200,1588,0,2.804,0,0,2.804
KLWX20140818-7,KLWX20140818_103833_V06,5,3.384,1.200,1585,0,2.803,0,0,2.803
KLWX20140818-7,KLWX20140818_104329_V06,0,0.483,1.200,3851,0,10025.759,244,0,9479.526
KLWX20140818-7,KLWX20140818_104329_V06,2,1.450,1.200,3850,0,6.190,2,0,4.316
KLWX20140818-7,KLWX20140818_104329_V06,4,2.417,1.200,1927,0,3.412,0,0,3.412
KLWX20140818-7,KLWX20140818_104329_V06,5,3.384,1.200,1930,0,3.424,0,0,3.424
KLWX20140818-7,KLWX20140818_104826_V06,0,0.483,1.200,6404,0,18634.506,559,0,17244.031
KLWX20140818-7,KLWX20140818_104826_V06,2,1.450,1.200,6400,0,16.116,3,0,14.228
KLWX20140818-7,KLWX20140818_104826_V06,4,2.417,1.200,3204,0,17.157,0,0,17.157
KLWX20140818-7,KLWX20140818_104826_V06,5,3.384,1.200,3206,0,5.814,0,0,5.814
KLWX20140818-5,KLWX20140818_102839_V06,0,0.483,1.200,4222,0,44569.443,921,0,34994.957
KLWX20140818-5,KLWX20140818_102839_V06,2,1.450,1.200,4225,0,5.349,1,0,4.813
KLWX20140818-5,KLWX20140818_102839_V06,4,2.417,1.200,2118,0,4.488,0,0,4.488
KLWX20140818-5,KLWX20140818_102839_V06,5,3.384,1.200,2122,0,4.509,0,0,4.509
KLWX20140818-5,KLWX20140818_103336_V06,0,0.483,1.200,6587,0,58914.502,1619,0,42112.950
KLWX20140818-5,KLWX20140818_103336_V06,2,1.450,1.200,6591,0,134.050,40,0,82.864
KLWX20140818-5,KLWX20140818_103336_V06,4,2.417,1.200,3298,0,7.081,0,0,7.081
KLWX20140818-5,KLWX20140818_103336_V06,5,3.384,1.200,3306,0,7.115,0,0,7.115
KLWX20140818-3,KLWX20140818_101845_V06,0,0.483,1.200,2325,0,32121.086,56,0,27470.986
KLWX20140818-4,KLWX20140818_102342_V06,0,0.483,1.200,509,0,11378.793,81,0,7145.196
KLWX20140818-4,KLWX20140818_102342_V06,2,1.450,1.200,513,0,1.497,0,0,1.497
KLWX20140818-6,KLWX20140818_102839_V06,0,0.483,1.200,2978,0,7704.429,187,0,6711.804
KLWX20140818-6,KLWX20140818_102839_V06,2,1.450,1.200,2979,0,298.645,127,0,154.430
KLWX20140818-6,KLWX20140818_102839_V06,4,2.417,1.200,1485,0,496.864,91,0,188.880
KLWX20140818-6,KLWX20140818_102839_V06,5,3.384,1.200,1491,0,2.347,0,0,2.347
KLWX20140818-6,KLWX20140818_102839_V06,6,4.307,1.200,1492,0,2.354,0,0,2.354
KLWX20140819-1,KLWX20140819_100040_V06,0,0.483,1.200,1202,0,13035.192,62,0,11573.856
KLWX20140819-1,KLWX20140819_100040_V06,2,1.450,1.200,1203,0,3.104,0,0,3.104
KLWX20140819-1,KLWX20140819_100536_V06,0,0.483,1.200,2806,0,84144.358,109,0,79160.893
KLWX20140819-1,KLWX20140819_100536_V06,2,1.450,1.200,2815,0,82.102,1,0,65.899
KLWX20140819-1,KLWX20140819_101032_V06,0,0.483,1.200,4830,0,251360.772,199,0,240195.743
KLWX20140819-1,KLWX20140819_101032_V06,2,1.450,1.200,4834,0,38.676,0,0,38.676
KLWX20140819-1,KLWX20140819_101529_V06,0,0.483,1.200,6953,0,330740.868,304,0,317302.311
KLWX20140819-1,KLWX20140819_101529_V06,2,1.450,1.200,6959,0,79.719,5,0,53.081
KLWX20140819-1,KLWX20140819_102026_V06,0,0.483,1.200,11211,0,433332.028,611,0,405836.051
KLWX20140819-1,KLWX20140819_102026_V06,2,1.450,1.200,11216,0,2661.784,77,0,2074.264
KLWX20140819-1,KLWX20140819_102523_V06,0,0.483,1.200,16333,0,489078.225,1111,0,443447.588
KLWX20140819-1,KLWX20140819_102523_V06,2,1.450,1.200,16342,0,13470.763,248,0,11021.799
KLWX20140819-1,KLWX20140819_103020_V06,0,0.483,1.200,20160,0,542297.472,1619,0,434985.347
KLWX20140819-1,KLWX20140819_103020_V06,2,1.450,1.200,20179,0,32619.239,485,0,27226.494
KLWX20140819-1,KLWX20140819_103516_V06,0,0.483,1.200,24277,0,523737.721,2268,0,410424.948
KLWX20140819-1,KLWX20140819_103516_V06,2,1.450,1.200,24275,0,69366.351,1083,0,52945.468
KLWX20140819-1,KLWX20140819_104013_V06,0,0.483,1.200,28354,0,583274.673,2819,0,405999.092
KLWX20140819-1,KLWX20140819_104013_V06,2,1.450,1.200,28381,0,79311.911,1578,0,62611.752
KLWX20140819-1,KLWX20140819_104509_V06,0,0.483,1.200,30664,0,543857.019,3189,0,399772.704
KLWX20140819-1,KLWX20140819_104509_V06,2,1.450,1.200,30683,0,88541.327,2210,0,69156.602
KLWX20140819-1,KLWX20140819_104509_V06,4,2.417,1.200,15358,0,5650.416,142,0,4916.065
KLWX20140819-1,KLWX20140819_105007_V06,0,0.483,1.200,41292,0,500839.826,4295,0,380453.970
KLWX20140819-1,KLWX20140819_105007_V06,2,1.450,1.200,41309,0,94910.264,3625,0,70114.987
KLWX20140819-1,KLWX20140819_105007_V06,4,2.417,1.200,20674,0,15986.299,578,0,12713.144
KLWX20140819-2,KLWX20140819_100536_V06,0,0.483,1.200,658,0,3022.803,42,0,2896.769
KLWX20140819-2,KLWX20140819_100536_V06,2,1.450,1.200,656,0,0.629,0,0,0.629
KLWX20140819-2,KLWX20140819_100536_V06,4,2.417,1.200,329,0,0.631,0,0,0.631
KLWX20140819-2,KLWX20140819_100536_V06,5,3.384,1.200,329,0,0.633,0,0,0.633
KLWX20140819-2,KLWX20140819_101032_V06,0,0.483,1.200,2223,0,8604.123,107,0,8024.925
KLWX20140819-2,KLWX20140819_101032_V06,2,1.450,1.200,2229,0,2.149,0,0,2.149
KLWX20140819-2,KLWX20140819_101032_V06,4,2.417,1.200,1116,0,2.157,0,0,2.157
KLWX20140819-2,KLWX20140819_101032_V06,5,3.384,1.200,1117,0,2.164,0,0,2.164
KLWX20140819-2,KLWX20140819_101529_V06,0,0.483,1.200,4150,0,29806.672,114,0,27872.614
KLWX20140819-2,KLWX20140819_101529_V06,2,1.450,1.200,4154,0,7.626,2,0,5.880
KLWX20140819-2,KLWX20140819_101529_V06,4,2.417,1.200,2073,0,4.151,0,0,4.151
KLWX20140819-2,KLWX20140819_101529_V06,5,3.384,1.200,2083,0,4.181,0,0,4.181
KLWX20140819-2,KLWX20140819_102026_V06,0,0.483,1.200,4869,0,42672.924,137,0,41022.683
KLWX20140819-2,KLWX20140819_102026_V06,2,1.450,1.200,4868,0,459.531,43,0,334.187
KLWX20140819-2,KLWX20140819_102026_V06,4,2.417,1.200,2438,0,4.789,0,0,4.789
KLWX20140819-2,KLWX20140819_102026_V06,5,3.384,1.200,2444,0,4.810,0,0,4.810
KLWX20140819-2,KLWX20140819_102523_V06,0,0.483,1.200,5504,0,56951.878,303,0,54312.589
KLWX20140819-2,KLWX20140819_102523_V06,2,1.450,1.200,5510,0,4037.614,112,0,3329.040
KLWX20140819-2,KLWX20140819_102523_V06,4,2.417,1.200,2753,0,5.557,0,0,5.557
KLWX20140819-2,KLWX20140819_102523_V06,5,3.384,1.200,2754,0,5.573,0,0,5.573
KLWX20140819-2,KLWX20140819_103020_V06,0,0.483,1.200,8742,0,52577.438,807,0,49306.002
KLWX20140819-2,KLWX20140819_103020_V06,2,1.450,1.200,8744,0,13102.159,174,0,11804.236
KLWX20140819-2,KLWX20140819_103020_V06,4,2.417,1.200,4373,0,61.098,0,0,61.098
KLWX20140819-2,KLWX20140819_103020_V06,5,3.384,1.200,4382,0,8.615,0,0,8.615
KLWX20140819-2,KLWX20140819_103516_V06,0,0.483,1.200,9350,0,47448.768,1010,0,43571.210
KLWX20140819-2,KLWX20140819_103516_V06,2,1.450,1.200,9370,0,19311.740,242,0,17703.444
KLWX20140819-2,KLWX20140819_103516_V06,4,2.417,1.200,4686,0,379.267,15,0,335.032
KLWX20140819-2,KLWX20140819_103516_V06,5,3.384,1.200,4688,0,9.454,0,0,9.454
KLWX20140819-2,KLWX20140819_104013_V06,0,0.483,1.200,9463,0,43750.671,1250,0,38365.902
KLWX20140819-2,KLWX20140819_104013_V06,2,1.450,1.200,9470,0,21583.452,267,0,20161.147
KLWX20140819-2,KLWX20140819_104013_V06,4,2.417,1.200,4740,0,851.988,26,0,642.990
KLWX20140819-2,KLWX20140819_104013_V06,5,3.384,1.200,4741,0,9.524,0,0,9.524
KLWX20140819-4,KLWX20140819_101529_V06,0,0.483,1.200,2977,0,8792.820,116,0,8300.971
KLWX20140819-4,KLWX20140819_101529_V06,2,1.450,1.200,2984,0,2593.993,398,0,1867.557
KLWX20140819-4,KLWX20140819_101529_V06,4,2.417,1.200,1487,0,4899.568,738,0,1019.395
KLWX20140819-4,KLWX20140819_101529_V06,5,3.384,1.200,1495,0,150.595,36,0,108.047
KLWX20140819-4,KLWX20140819_101529_V06,6,4.307,1.200,1499,0,2.491,0,0,2.491
KLWX20140819-4,KLWX20140819_102026_V06,0,0.483,1.200,5287,0,20531.816,226,0,19383.809
KLWX20140819-4,KLWX20140819_102026_V06,2,1.450,1.200,5289,0,9620.501,721,0,8017.412
KLWX20140819-4,KLWX20140819_102026_V06,4,2.417,1.200,2638,0,8805.427,1233,0,1723.164
KLWX20140819-4,KLWX20140819_102026_V06,5,3.384,1.200,2646,0,611.499,268,0,265.393
KLWX20140819-4,KLWX20140819_102026_V06,6,4.307,1.200,2651,0,4.934,0,0,4.934
KLWX20140819-4,KLWX20140819_102523_V06,0,0.483,1.200,5586,0,19965.412,632,0,17617.239
KLWX20140819-4,KLWX20140819_102523_V06,2,1.450,1.200,5594,0,15975.608,436,0,14519.239
KLWX20140819-4,KLWX20140819_102523_V06,4,2.417,1.200,2800,0,9402.979,1220,0,2391.635
KLWX20140819-4,KLWX20140819_102523_V06,5,3.384,1.200,2809,0,1100.180,512,0,380.341
KLWX20140819-4,KLWX20140819_102523_V06,6,4.307,1.200,2802,0,4.518,0,0,4.518
KLWX20140819-4,KLWX20140819_103020_V06,0,0.483,1.200,6540,0,19290.760,930,0,15921.007
KLWX20140819-4,KLWX20140819_103020_V06,2,1.450,1.200,6537,0,17415.355,491,0,15557.628
KLWX20140819-4,KLWX20140819_103020_V06,4,2.417,1.200,3270,0,11704.470,1353,0,3597.504
KLWX20140819-4,KLWX20140819_103020_V06,5,3.384,1.200,3276,0,1812.185,685,0,601.048
KLWX20140820-4,KLWX20140820_100455_V06,0,0.483,1.200,1176,0,3657.050,41,0,3035.077
KLWX20140820-4,KLWX20140820_100455_V06,2,1.450,1.200,1175,0,3.318,0,0,3.318
KLWX20140820-4,KLWX20140820_100953_V06,0,0.483,1.200,2765,0,73667.326,130,0,59655.065
KLWX20140820-4,KLWX20140820_100953_V06,2,1.450,1.200,2766,0,7.793,0,0,7.793
KLWX20140820-4,KLWX20140820_101450_V06,0,0.483,1.200,5014,0,354384.091,208,0,313759.534
KLWX20140820-4,KLWX20140820_101450_V06,2,1.450,1.200,5012,0,14.026,0,0,14.026
KLWX20140820-4,KLWX20140820_101947_V06,0,0.483,1.200,6307,0,646155.748,257,0,580359.067
KLWX20140820-4,KLWX20140820_101947_V06,2,1.450,1.200,6305,0,18.039,0,0,18.039
KLWX20140820-4,KLWX20140820_102444_V06,0,0.483,1.200,8398,0,555213.582,355,0,511469.467
KLWX20140820-4,KLWX20140820_102444_V06,2,1.450,1.200,8400,0,187.100,2,0,168.827
KLWX20140820-4,KLWX20140820_102941_V06,0,0.483,1.200,10999,0,420844.339,522,0,379831.187
KLWX20140820-4,KLWX20140820_102941_V06,2,1.450,1.200,11013,0,1121.469,36,0,692.482
KLWX20140820-4,KLWX20140820_103438_V06,0,0.483,1.200,15923,0,375088.127,644,0,340125.442
KLWX20140820-4,KLWX20140820_103438_V06,2,1.450,1.200,15939,0,6036.478,119,0,3886.371
KLWX20140820-4,KLWX20140820_103936_V06,0,0.483,1.200,18658,0,373186.568,992,0,325182.666
KLWX20140820-4,KLWX20140820_103936_V06,2,1.450,1.200,18665,0,10991.134,189,0,7247.494
KLWX20140820-4,KLWX20140820_104433_V06,0,0.483,1.200,21610,0,391452.709,1443,0,328584.208
KLWX20140820-4,KLWX20140820_104433_V06,2,1.450,1.200,21617,0,7870.312,197,0,5207.443
KLWX20140820-4,KLWX20140820_104929_V06,0,0.483,1.200,24178,0,281837.035,1364,0,223561.397
KLWX20140820-4,KLWX20140820_104929_V06,2,1.450,1.200,24206,0,14392.579,246,0,11091.568
KLWX20140820-4,KLWX20140820_105426_V06,0,0.483,1.200,32253,0,251895.204,1760,0,195746.282
KLWX20140820-4,KLWX20140820_105426_V06,2,1.450,1.200,32276,0,13960.923,344,0,9674.051
KLWX20140820-2,KLWX20140820_095501_V06,0,0.483,1.200,350,0,6916.003,22,0,6877.049
KLWX20140820-2,KLWX20140820_095501_V06,2,1.450,1.200,348,0,1.028,0,0,1.028
KLWX20140820-2,KLWX20140820_095501_V06,4,2.417,1.200,174,0,4.906,0,0,4.906
KLWX20140820-2,KLWX20140820_095501_V06,5,3.340,1.200,172,0,0.308,0,0,0.308
KLWX20140820-2,KLWX20140820_095958_V06,0,0.483,1.200,2054,0,40855.695,180,0,35637.117
KLWX20140820-2,KLWX20140820_095958_V06,2,1.450,1.200,2059,0,19.403,9,0,10.644
KLWX20140820-2,KLWX20140820_095958_V06,4,2.417,1.200,1029,0,1.838,0,0,1.838
KLWX20140820-2,KLWX20140820_095958_V06,5,3.340,1.200,1031,0,1.845,0,0,1.845
KLWX20140820-2,KLWX20140820_100455_V06,0,0.483,1.200,3322,0,79841.816,269,0,77434.079
KLWX20140820-2,KLWX20140820_100455_V06,2,1.450,1.200,3324,0,4.834,0,0,4.834
KLWX20140820-2,KLWX20140820_100455_V06,4,2.417,1.200,1664,0,2.971,0,0,2.971
KLWX20140820-2,KLWX20140820_100455_V06,5,3.340,1.200,1664,0,2.977,0,0,2.977
KLWX20140820-2,KLWX20140820_100953_V06,0,0.483,1.200,5355,0,131654.729,421,0,127305.960
KLWX20140820-2,KLWX20140820_100953_V06,2,1.450,1.200,5360,0,21.766,13,0,12.144
KLWX20140820-2,KLWX20140820_100953_V06,4,2.417,1.200,2684,0,4.792,0,0,4.792
KLWX20140820-2,KLWX20140820_100953_V06,5,3.340,1.200,2690,0,4.813,0,0,4.813
KLWX20140820-2,KLWX20140820_101450_V06,0,0.483,1.200,5339,0,99404.097,407,0,94250.286
KLWX20140820-2,KLWX20140820_101450_V06,2,1.450,1.200,5346,0,379.385,61,0,229.694
KLWX20140820-2,KLWX20140820_101450_V06,4,2.417,1.200,2668,0,40.507,0,0,40.507
KLWX20140820-2,KLWX20140820_101450_V06,5,3.340,1.200,2672,0,4.664,0,0,4.664
KLWX20140820-2,KLWX20140820_101947_V06,0,0.483,1.200,8003,0,97266.872,1128,0,91732.486
KLWX20140820-2,KLWX20140820_101947_V06,2,1.450,1.200,8002,0,5225.697,207,0,3757.449
KLWX20140820-2,KLWX20140820_101947_V06,4,2.417,1.200,4004,0,9.234,0,0,9.234
KLWX20140820-2,KLWX20140820_101947_V06,5,3.340,1.200,4005,0,6.941,0,0,6.941
KLWX20140820-2,KLWX20140820_102444_V06,0,0.483,1.200,11029,0,101095.819,1928,0,88903.169
KLWX20140820-2,KLWX20140820_102444_V06,2,1.450,1.200,11040,0,23631.370,370,0,19409.556
KLWX20140820-2,KLWX20140820_102444_V06,4,2.417,1.200,5522,0,14.685,0,0,14.685
KLWX20140820-2,KLWX20140820_102444_V06,5,3.340,1.200,5525,0,9.704,0,0,9.704
KLWX20140820-7,KLWX20140820_102444_V06,0,0.483,1.200,3120,0,16620.073,333,0,14776.147
KLWX20140820-7,KLWX20140820_102444_V06,2,1.450,1.200,3115,0,187.699,50,0,138.736
KLWX20140820-7,KLWX20140820_102444_V06,4,2.417,1.200,1562,0,3610.671,714,0,819.824
KLWX20140820-7,KLWX20140820_102444_V06,5,3.340,1.200,1567,0,496.203,196,0,193.159
KLWX20140820-7,KLWX20140820_102444_V06,6,4.307,1.200,1566,0,2.403,0,0,2.403
KLWX20140820-7,KLWX20140820_102941_V06,0,0.483,1.200,6137,0,31402.038,891,0,27050.801
KLWX20140820-7,KLWX20140820_102941_V06,2,1.450,1.200,6138,0,2322.423,599,0,1275.631
KLWX20140820-7,KLWX20140820_102941_V06,4,2.417,1.200,3072,0,5606.403,1051,0,1234.032
KLWX20140820-7,KLWX20140820_102941_V06,5,3.340,1.200,3076,0,1259.760,558,0,502.074
KLWX20140820-7,KLWX20140820_102941_V06,6,4.307,1.200,3076,0,20.931,1,0,20.375
KLWX20140820-7,KLWX20140820_103438_V06,0,0.483,1.200,9454,0,23843.087,1040,0,19958.085
KLWX20140820-7,KLWX20140820_103438_V06,2,1.450,1.200,9458,0,7252.436,1131,0,4653.234
KLWX20140820-7,KLWX20140820_103438_V06,4,2.417,1.200,4740,0,9113.749,1397,0,1834.614
KLWX20140820-7,KLWX20140820_103438_V06,5,3.340,1.200,4741,0,2115.305,864,0,768.742
KLWX20140820-7,KLWX20140820_103438_V06,6,4.307,1.200,4744,0,166.172,110,0,106.502
KLWX20140820-7,KLWX20140820_103936_V06,0,0.483,1.200,10128,0,12717.049,923,0,10533.752
KLWX20140820-7,KLWX20140820_103936_V06,2,1.450,1.200,10134,0,12783.984,1037,0,9743.084
KLWX20140820-7,KLWX20140820_103936_V06,4,2.417,1.200,5069,0,10129.574,1352,0,2512.434
KLWX20140820-7,KLWX20140820_103936_V06,5,3.340,1.200,5083,0,3082.914,1080,0,1060.140
KLWX20140820-7,KLWX20140820_103936_V06,6,4.307,1.200,5078,0,306.016,228,0,173.082
KLWX20140820-7,KLWX20140820_104433_V06,0,0.483,1.200,11352,0,6546.476,804,0,4999.022
KLWX20140820-7,KLWX20140820_104433_V06,2,1.450,1.200,11356,0,16340.280,872,0,13831.714
KLWX20140820-7,KLWX20140820_104433_V06,4,2.417,1.200,5687,0,10400.645,1160,0,3277.897
KLWX20140820-7,KLWX20140820_104433_V06,5,3.340,1.200,5689,0,4470.867,1365,0,1373.592
KLWX20140820-7,KLWX20140820_104433_V06,6,4.307,1.200,5701,0,561.921,388,0,263.503
KLWX20140820-9,KLWX20140820_104433_V06,0,0.483,1.200,1829,0,52988.278,86,0,41085.387
KLWX20140820-9,KLWX20140820_104929_V06,0,0.483,1.200,3079,0,58772.710,171,0,42816.086
KLWX20140820-9,KLWX20140820_105426_V06,0,0.483,1.200,4751,0,83397.538,196,0,66067.804
KLWX20140820-9,KLWX20140820_105924_V06,0,0.483,1.200,6803,0,89273.871,251,0,65441.445
KLWX20140820-9,KLWX20140820_110422_V06,0,0.483,1.200,6802,0,45784.042,211,0,32148.168
KLWX20140820-6,KLWX20140820_101947_V06,0,0.483,1.200,7222,0,565849.310,289,0,517000.635
KLWX20140820-6,KLWX20140820_102444_V06,0,0.483,1.200,10334,0,764331.557,445,0,685761.327
KLWX20140820-10,KLWX20140820_105426_V06,0,0.483,1.200,2227,0,56086.888,134,0,44073.664
KLWX20140820-10,KLWX20140820_105924_V06,0,0.483,1.200,3989,0,67041.707,197,0,48987.223
KLWX20140821-8,KLWX20140821_101224_V06,0,0.483,1.200,3215,0,68451.389,118,0,56321.447
KLWX20140821-8,KLWX20140821_101224_V06,2,1.450,1.200,3224,0,9.766,0,0,9.766
KLWX20140821-8,KLWX20140821_101721_V06,0,0.483,1.200,4965,0,271012.456,226,0,243673.346
KLWX20140821-8,KLWX20140821_101721_V06,2,1.450,1.200,4969,0,34.386,1,0,28.377
KLWX20140821-8,KLWX20140821_102219_V06,0,0.483,1.200,7020,0,391079.220,366,0,349458.159
KLWX20140821-8,KLWX20140821_102219_V06,2,1.450,1.200,7023,0,30.752,0,0,30.752
KLWX20140821-8,KLWX20140821_102716_V06,0,0.483,1.200,9971,0,350986.165,498,0,313764.727
KLWX20140821-8,KLWX20140821_102716_V06,2,1.450,1.200,9981,0,246.082,12,0,163.178
KLWX20140821-8,KLWX20140821_103214_V06,0,0.483,1.200,14322,0,312572.378,617,0,279176.925
KLWX20140821-8,KLWX20140821_103214_V06,2,1.450,1.200,14329,0,3765.182,73,0,3046.767
KLWX20140821-8,KLWX20140821_103711_V06,0,0.483,1.200,16643,0,320739.930,926,0,277857.169
KLWX20140821-8,KLWX20140821_103711_V06,2,1.450,1.200,16654,0,10704.477,175,0,8595.937
KLWX20140821-8,KLWX20140821_104208_V06,0,0.483,1.200,18914,0,246409.199,974,0,202128.591
KLWX20140821-8,KLWX20140821_104208_V06,2,1.450,1.200,18927,0,23753.078,329,0,18917.709
KLWX20140821-8,KLWX20140821_104706_V06,0,0.483,1.200,23751,0,215080.514,1070,0,167964.942
KLWX20140821-8,KLWX20140821_104706_V06,2,1.450,1.200,23769,0,29517.112,465,0,22328.194
KLWX20140821-8,KLWX20140821_105229_V06,0,0.483,1.200,28136,0,139062.385,1042,0,107553.296
KLWX20140821-8,KLWX20140821_105229_V06,2,1.450,1.200,28167,0,32858.303,506,0,25869.906
KLWX20140821-8,KLWX20140821_105753_V06,0,0.483,1.200,26878,0,69407.074,825,0,51346.817
KLWX20140821-8,KLWX20140821_105753_V06,2,1.450,1.200,26895,0,24566.007,487,0,18948.141
KLWX20140821-5,KLWX20140821_100727_V06,0,0.483,1.200,2947,0,6181.297,153,0,5527.650
KLWX20140821-5,KLWX20140821_100727_V06,2,1.450,1.200,2950,0,18.774,7,0,8.357
KLWX20140821-5,KLWX20140821_100727_V06,4,2.417,1.200,1475,0,2.792,0,0,2.792
KLWX20140821-5,KLWX20140821_100727_V06,5,3.384,1.200,1472,0,2.790,0,0,2.790
KLWX20140821-5,KLWX20140821_101224_V06,0,0.483,1.200,5809,0,10810.686,325,0,8834.501
KLWX20140821-5,KLWX20140821_101224_V06,2,1.450,1.200,5814,0,8.948,2,0,5.563
KLWX20140821-5,KLWX20140821_101224_V06,4,2.417,1.200,2910,0,5.580,0,0,5.580
KLWX20140821-5,KLWX20140821_101224_V06,5,3.384,1.200,2914,0,5.597,0,0,5.597
KLWX20140821-5,KLWX20140821_101721_V06,0,0.483,1.200,7895,0,16500.527,224,0,14497.312
KLWX20140821-5,KLWX20140821_101721_V06,2,1.450,1.200,7902,0,32.076,5,0,22.936
KLWX20140821-5,KLWX20140821_101721_V06,4,2.417,1.200,3952,0,8.575,0,0,8.575
KLWX20140821-5,KLWX20140821_101721_V06,5,3.384,1.200,3956,0,8.602,0,0,8.602
KLWX20140821-5,KLWX20140821_102219_V06,0,0.483,1.200,10514,0,28547.215,319,0,26405.118
KLWX20140821-5,KLWX20140821_102219_V06,2,1.450,1.200,10523,0,57.273,11,0,41.926
KLWX20140821-5,KLWX20140821_102219_V06,4,2.417,1.200,5263,0,11.536,0,0,11.536
KLWX20140821-5,KLWX20140821_102219_V06,5,3.384,1.200,5268,0,24.088,0,0,24.088
KLWX20140821-5,KLWX20140821_102716_V06,0,0.483,1.200,11711,0,41038.847,759,0,36357.000
KLWX20140821-5,KLWX20140821_102716_V06,2,1.450,1.200,11716,0,320.438,25,0,220.872
KLWX20140821-5,KLWX20140821_102716_V06,4,2.417,1.200,5861,0,14.247,0,0,14.247
KLWX20140821-5,KLWX20140821_102716_V06,5,3.384,1.200,5860,0,14.271,0,0,14.271
KLWX20140821-5,KLWX20140821_103214_V06,0,0.483,1.200,15681,0,49656.012,1519,0,43544.933
KLWX20140821-5,KLWX20140821_103214_V06,2,1.450,1.200,15678,0,848.123,86,0,648.197
KLWX20140821-5,KLWX20140821_103214_V06,4,2.417,1.200,7855,0,20.038,0,0,20.038
KLWX20140821-5,KLWX20140821_103711_V06,0,0.483,1.200,20973,0,47177.540,2293,0,38765.000
KLWX20140821-5,KLWX20140821_103711_V06,2,1.450,1.200,20980,0,3439.592,391,0,2596.126
KLWX20140821-5,KLWX20140821_103711_V06,4,2.417,1.200,10492,0,36.481,0,0,36.481
KLWX20140822-2,KLWX20140822_101742_V06,0,0.483,1.200,7829,0,6528.213,108,0,5031.814
KLWX20140822-2,KLWX20140822_101742_V06,2,1.450,1.200,7838,0,37.252,2,0,21.878
KLWX20140822-2,KLWX20140822_102239_V06,0,0.483,1.200,11421,0,39498.871,160,0,35414.179
KLWX20140822-2,KLWX20140822_102239_V06,2,1.450,1.200,11429,0,31.456,0,0,31.456
KLWX20140822-2,KLWX20140822_102737_V06,0,0.483,1.200,13115,0,77732.556,247,0,70540.661
KLWX20140822-2,KLWX20140822_102737_V06,2,1.450,1.200,13114,0,76.388,0,0,76.388
KLWX20140822-2,KLWX20140822_103234_V06,0,0.483,1.200,16025,0,93236.121,397,0,83731.471
KLWX20140822-2,KLWX20140822_103234_V06,2,1.450,1.200,16030,0,2202.499,68,0,1821.579
KLWX20140822-2,KLWX20140822_103731_V06,0,0.483,1.200,18243,0,114324.279,589,0,102518.154
KLWX20140822-2,KLWX20140822_103731_V06,2,1.450,1.200,18253,0,15857.667,238,0,13958.894
KLWX20140822-2,KLWX20140822_104228_V06,0,0.483,1.200,23399,0,137046.732,999,0,121169.918
KLWX20140822-2,KLWX20140822_104228_V06,2,1.450,1.200,23420,0,48526.466,480,0,39968.203
KLWX20140822-2,KLWX20140822_104724_V06,0,0.483,1.200,27086,0,168592.592,1569,0,146350.896
KLWX20140822-2,KLWX20140822_104724_V06,2,1.450,1.200,27102,0,54601.594,615,0,43947.004
KLWX20140822-2,KLWX20140822_105220_V06,0,0.483,1.200,27325,0,184445.511,1768,0,159741.692
KLWX20140822-2,KLWX20140822_105220_V06,2,1.450,1.200,27346,0,62222.532,695,0,51289.554
KLWX20140822-2,KLWX20140822_105717_V06,0,0.483,1.200,34690,0,210173.712,2633,0,179771.821
KLWX20140822-2,KLWX20140822_105717_V06,2,1.450,1.200,34707,0,71658.305,1025,0,54374.066
KLWX20140822-2,KLWX20140822_110214_V06,0,0.483,1.200,43943,0,245898.508,3488,0,209008.782
KLWX20140822-2,KLWX20140822_110214_V06,2,1.450,1.200,43968,0,77849.327,1442,0,53413.237
KLWX20140822-1,KLWX20140822_095752_V06,0,0.483,1.200,520,0,7947.971,38,0,6525.178
KLWX20140822-1,KLWX20140822_095752_V06,2,1.450,1.200,519,0,0.571,0,0,0.571
KLWX20140822-1,KLWX20140822_095752_V06,4,2.417,1.200,260,0,0.573,0,0,0.573
KLWX20140822-1,KLWX20140822_095752_V06,5,3.340,1.200,259,0,0.572,0,0,0.572
KLWX20140822-1,KLWX20140822_100250_V06,0,0.483,1.200,1717,0,25913.567,146,0,24661.582
KLWX20140822-1,KLWX20140822_100250_V06,2,1.450,1.200,1723,0,4.526,1,0,3.881
KLWX20140822-1,KLWX20140822_100250_V06,4,2.417,1.200,866,0,1.961,0,0,1.961
KLWX20140822-1,KLWX20140822_100250_V06,5,3.340,1.200,862,0,1.952,0,0,1.952
KLWX20140822-1,KLWX20140822_100747_V06,0,0.483,1.200,3730,0,33440.763,306,0,30817.429
KLWX20140822-1,KLWX20140822_100747_V06,2,1.450,1.200,3731,0,4.498,0,0,4.498
KLWX20140822-1,KLWX20140822_100747_V06,4,2.417,1.200,1869,0,4.516,0,0,4.516
KLWX20140822-1,KLWX20140822_100747_V06,5,3.340,1.200,1869,0,4.523,0,0,4.523
KLWX20140822-1,KLWX20140822_101244_V06,0,0.483,1.200,5358,0,39738.271,286,0,37449.080
KLWX20140822-1,KLWX20140822_101244_V06,2,1.450,1.200,5364,0,23.115,5,0,6.967
KLWX20140822-1,KLWX20140822_101244_V06,4,2.417,1.200,2687,0,6.993,0,0,6.993
KLWX20140822-1,KLWX20140822_101742_V06,0,0.483,1.200,8643,0,33858.481,338,0,30907.053
KLWX20140822-1,KLWX20140822_101742_V06,2,1.450,1.200,8651,0,12.111,0,0,12.111
KLWX20140822-1,KLWX20140822_101742_V06,4,2.417,1.200,4330,0,38.858,0,0,38.858
KLWX20140822-1,KLWX20140822_102239_V06,0,0.483,1.200,12235,0,33354.686,531,0,29317.724
KLWX20140822-1,KLWX20140822_102239_V06,2,1.450,1.200,12240,0,18.375,0,0,18.375
KLWX20140822-1,KLWX20140822_102239_V06,4,2.417,1.200,6133,0,18.446,0,0,18.446
KLWX20140822-1,KLWX20140822_102737_V06,0,0.483,1.200,9323,0,31884.029,521,0,27195.845
KLWX20140822-1,KLWX20140822_102737_V06,2,1.450,1.200,9335,0,75.048,5,0,55.528
KLWX20140822-1,KLWX20140822_102737_V06,4,2.417,1.200,4669,0,24.213,1,0,20.311
KLWX20140823-7,KLWX20140823_101445_V06,0,0.483,1.200,4024,0,117583.820,129,0,103659.279
KLWX20140823-7,KLWX20140823_101445_V06,2,1.450,1.200,4018,0,9.954,0,0,9.954
KLWX20140823-7,KLWX20140823_102008_V06,0,0.483,1.200,6933,0,343050.536,262,0,309165.011
KLWX20140823-7,KLWX20140823_102008_V06,2,1.450,1.200,6947,0,37.975,1,0,33.684
KLWX20140823-7,KLWX20140823_102532_V06,0,0.483,1.200,10317,0,552969.684,506,0,501075.091
KLWX20140823-7,KLWX20140823_102532_V06,2,1.450,1.200,10314,0,195.591,5,0,169.241
KLWX20140823-7,KLWX20140823_103055_V06,0,0.483,1.200,12969,0,594624.575,1065,0,528393.067
KLWX20140823-7,KLWX20140823_103055_V06,2,1.450,1.200,12980,0,1338.347,45,0,905.312
KLWX20140823-7,KLWX20140823_103618_V06,0,0.483,1.200,17158,0,577907.849,1500,0,517844.736
KLWX20140823-7,KLWX20140823_103618_V06,2,1.450,1.200,17169,0,3372.056,67,0,2692.022
KLWX20140823-7,KLWX20140823_104141_V06,0,0.483,1.200,19588,0,549966.467,2056,0,481011.867
KLWX20140823-7,KLWX20140823_104141_V06,2,1.450,1.200,19597,0,9142.257,251,0,7219.821
KLWX20140823-7,KLWX20140823_104705_V06,0,0.483,1.200,23072,0,489054.792,2281,0,425801.020
KLWX20140823-7,KLWX20140823_104705_V06,2,1.450,1.200,23076,0,18231.290,547,0,14720.671
KLWX20140823-7,KLWX20140823_105228_V06,0,0.483,1.200,27412,0,475717.225,2537,0,413084.789
KLWX20140823-7,KLWX20140823_105228_V06,2,1.450,1.200,27438,0,25383.483,729,0,20179.296
KLWX20140823-7,KLWX20140823_105752_V06,0,0.483,1.200,35780,0,442936.258,2866,0,378033.015
KLWX20140823-7,KLWX20140823_105752_V06,2,1.450,1.200,35812,0,35378.244,850,0,28423.245
KLWX20140823-7,KLWX20140823_110315_V06,0,0.483,1.200,42115,0,380649.140,2906,0,318149.953
KLWX20140823-7,KLWX20140823_110315_V06,2,1.450,1.200,42151,0,39990.353,1003,0,30757.265
KLWX20140823-7,KLWX20140823_110838_V06,0,0.483,1.200,48574,0,338103.404,3145,0,274561.463
KLWX20140823-7,KLWX20140823_110838_V06,2,1.450,1.200,48592,0,35201.216,1054,0,25424.737
KLWX20140823-4,KLWX20140823_100424_V06,0,0.483,1.200,572,0,12436.638,49,0,12214.571
KLWX20140823-4,KLWX20140823_100424_V06,2,1.450,1.200,573,0,0.538,0,0,0.538
KLWX20140823-4,KLWX20140823_100424_V06,4,2.417,1.200,286,0,0.537,0,0,0.537
KLWX20140823-4,KLWX20140823_100424_V06,5,3.340,1.200,288,0,0.542,0,0,0.542
KLWX20140823-4,KLWX20140823_100921_V06,0,0.483,1.200,1806,0,15929.755,152,0,15234.923
KLWX20140823-4,KLWX20140823_100921_V06,2,1.450,1.200,1806,0,3.428,0,0,3.428
KLWX20140823-4,KLWX20140823_100921_V06,4,2.417,1.200,902,0,1.701,0,0,1.701
KLWX20140823-4,KLWX20140823_100921_V06,5,3.340,1.200,905,0,1.711,0,0,1.711
KLWX20140823-4,KLWX20140823_101445_V06,0,0.483,1.200,2461,0,12922.405,190,0,11897.157
KLWX20140823-4,KLWX20140823_101445_V06,2,1.450,1.200,2463,0,4.734,0,0,4.734
KLWX20140823-4,KLWX20140823_101445_V06,4,2.417,1.200,1234,0,2.326,0,0,2.326
KLWX20140823-4,KLWX20140823_101445_V06,5,3.340,1.200,1240,0,2.342,0,0,2.342
KLWX20140823-4,KLWX20140823_102008_V06,0,0.483,1.200,3250,0,11075.921,197,0,9998.722
KLWX20140823-4,KLWX20140823_102008_V06,2,1.450,1.200,3255,0,6.203,3,0,3.523
KLWX20140823-4,KLWX20140823_102008_V06,4,2.417,1.200,1629,0,3.016,0,0,3.016
KLWX20140823-4,KLWX20140823_102008_V06,5,3.340,1.200,1631,0,3.027,0,0,3.027
KLWX20140823-4,KLWX20140823_102532_V06,0,0.483,1.200,4700,0,13668.026,284,0,12697.074
KLWX20140823-4,KLWX20140823_102532_V06,2,1.450,1.200,4702,0,12.625,3,0,8.439
KLWX20140823-4,KLWX20140823_102532_V06,4,2.417,1.200,2355,0,4.375,0,0,4.375
KLWX20140823-4,KLWX20140823_102532_V06,5,3.340,1.200,2357,0,4.386,0,0,4.386
KLWX20140823-4,KLWX20140823_103055_V06,0,0.483,1.200,7144,0,17910.169,516,0,16090.909
KLWX20140823-4,KLWX20140823_103055_V06,2,1.450,1.200,7156,0,140.001,30,0,30.634
KLWX20140823-4,KLWX20140823_103055_V06,4,2.417,1.200,3580,0,571.473,15,0,51.167
KLWX20140823-4,KLWX20140823_103055_V06,5,3.340,1.200,3582,0,77.281,3,0,64.794
KLWX20140823-8,KLWX20140823_102008_V06,0,0.483,1.200,1566,0,12764.667,188,0,765.609
KLWX20140823-8,KLWX20140823_102008_V06,2,1.450,1.200,1567,0,70849.061,276,0,9010.379
KLWX20140824-1,KLWX20140824_101003_V06,0,0.483,1.200,3025,0,484748.184,141,0,484168.140
KLWX20140824-1,KLWX20140824_101003_V06,2,1.494,1.200,3026,0,490.513,455,0,274.305
KLWX20140824-1,KLWX20140824_101950_V06,0,0.483,1.200,7211,0,593637.883,315,0,592445.446
KLWX20140824-1,KLWX20140824_101950_V06,2,1.494,1.200,7213,0,8517.785,1109,0,7766.614
KLWX20140824-1,KLWX20140824_102937_V06,0,0.483,1.200,13033,0,528717.765,296,0,527781.424
KLWX20140824-1,KLWX20140824_102937_V06,2,1.494,1.200,13047,0,57278.578,1094,0,56073.270
KLWX20140824-1,KLWX20140824_103925_V06,0,0.483,1.200,18080,0,611723.029,313,0,609872.304
KLWX20140824-1,KLWX20140824_103925_V06,2,1.494,1.200,18085,0,129899.190,782,0,128165.804
KLWX20140824-1,KLWX20140824_104912_V06,0,0.483,1.200,21549,0,615619.177,555,0,610902.499
KLWX20140824-1,KLWX20140824_104912_V06,2,1.494,1.200,21555,0,167748.961,809,0,165942.344
KLWX20140824-1,KLWX20140824_105859_V06,0,0.483,1.200,31218,0,576533.510,822,0,565949.523
KLWX20140824-1,KLWX20140824_105859_V06,2,1.494,1.200,31232,0,199076.592,1790,0,192736.922
KLWX20140824-1,KLWX20140824_110844_V06,0,0.483,1.200,42346,0,534821.987,1279,0,525151.249
KLWX20140824-1,KLWX20140824_110844_V06,2,1.494,1.200,42379,0,199106.298,3996,0,186862.921
KLWX20140824-1,KLWX20140824_111832_V06,0,0.483,1.200,37861,0,409120.786,1453,0,399786.246
KLWX20140824-1,KLWX20140824_111832_V06,2,1.494,1.200,37888,0,158083.562,4781,0,143235.506
KLWX20140824-7,KLWX20140824_103925_V06,0,0.483,1.200,2791,0,108984.020,32,0,105574.049
KLWX20140824-7,KLWX20140824_103925_V06,2,1.494,1.200,2789,0,1700.246,132,0,1502.729
KLWX20140824-7,KLWX20140824_103925_V06,4,2.505,1.200,2794,0,786.770,246,0,695.752
KLWX20140824-7,KLWX20140824_103925_V06,6,3.516,1.200,1397,0,342.345,266,0,251.385
KLWX20140824-7,KLWX20140824_103925_V06,7,4.482,1.200,1398,0,94.524,328,0,68.440
KLWX20140824-7,KLWX20140824_104912_V06,0,0.483,1.200,4570,0,177300.688,22,0,176908.099
KLWX20140824-7,KLWX20140824_104912_V06,2,1.494,1.200,4568,0,2314.515,322,0,1978.980
KLWX20140824-7,KLWX20140824_104912_V06,4,2.505,1.200,4574,0,797.078,820,0,594.584
KLWX20140824-7,KLWX20140824_104912_V06,6,3.516,1.200,2289,0,487.175,427,0,364.501
KLWX20140824-7,KLWX20140824_104912_V06,7,4.482,1.200,2288,0,196.402,551,0,145.495
KLWX20140824-7,KLWX20140824_105859_V06,0,0.483,1.200,6767,0,147511.871,75,0,146231.832
KLWX20140824-7,KLWX20140824_105859_V06,2,1.494,1.200,6768,0,3764.736,633,0,3241.650
KLWX20140824-7,KLWX20140824_105859_V06,4,2.505,1.200,6774,0,1479.672,1402,0,1144.750
KLWX20140824-7,KLWX20140824_105859_V06,6,3.516,1.200,3386,0,651.019,650,0,472.450
KLWX20140824-7,KLWX20140824_105859_V06,7,4.482,1.200,3403,0,233.267,855,0,155.537
KLWX20140824-7,KLWX20140824_110844_V06,0,0.483,1.200,13303,0,206699.827,232,0,203353.677
KLWX20140824-7,KLWX20140824_110844_V06,2,1.494,1.200,13307,0,7550.556,1344,0,6426.680
KLWX20140824-7,KLWX20140824_110844_V06,4,2.505,1.200,13318,0,3774.792,2628,0,2990.504
KLWX20140824-7,KLWX20140824_110844_V06,6,3.516,1.200,6673,0,1105.558,1505,0,776.330
KLWX20140824-7,KLWX20140824_110844_V06,7,4.482,1.200,6679,0,960.367,2084,0,390.830
KLWX20140824-3,KLWX20140824_101950_V06,0,0.483,1.200,2423,0,38051.247,98,0,37978.257
KLWX20140824-3,KLWX20140824_101950_V06,2,1.494,1.200,2426,0,1193.204,571,0,1137.933
KLWX20140824-3,KLWX20140824_101950_V06,4,2.505,1.200,2421,0,60.309,485,0,30.419
KLWX20140824-3,KLWX20140824_101950_V06,6,3.516,1.200,1214,0,2.294,0,0,2.294
KLWX20140824-3,KLWX20140824_102937_V06,0,0.483,1.200,6000,0,29803.053,393,0,29540.241
KLWX20140824-3,KLWX20140824_102937_V06,2,1.494,1.200,6000,0,14724.521,541,0,14655.473
KLWX20140824-3,KLWX20140824_102937_V06,4,2.505,1.200,6002,0,403.276,1359,0,297.849
KLWX20140824-3,KLWX20140824_102937_V06,6,3.516,1.200,3009,0,8.969,36,0,7.196
KLWX20140824-3,KLWX20140824_103925_V06,0,0.483,1.200,7089,0,24082.243,281,0,23635.167
KLWX20140824-3,KLWX20140824_103925_V06,2,1.494,1.200,7092,0,17432.750,418,0,17240.993
KLWX20140824-3,KLWX20140824_103925_V06,4,2.505,1.200,7092,0,2795.659,1239,0,2671.456
KLWX20140824-3,KLWX20140824_103925_V06,6,3.516,1.200,3547,0,29.456,168,0,15.879
KLWX20140824-2,KLWX20140824_101003_V06,0,0.483,1.200,4504,0,45752.338,249,0,43660.601
KLWX20140824-2,KLWX20140824_101950_V06,0,0.483,1.200,11570,0,233394.534,491,0,227978.780
KLWX20140824-9,KLWX20140824_103925_V06,0,0.483,1.200,3086,0,9715.595,317,0,9619.128
KLWX20140824-9,KLWX20140824_103925_V06,2,1.494,1.200,3091,0,132.228,448,0,46.067
KLWX20140824-9,KLWX20140824_103925_V06,4,2.505,1.200,3093,0,94.479,808,0,36.181
KLWX20140824-9,KLWX20140824_103925_V06,6,3.516,1.200,1547,0,10.881,52,0,6.889
KLWX20140824-9,KLWX20140824_104912_V06,0,0.483,1.200,8532,0,25300.106,505,0,24898.205
KLWX20140824-9,KLWX20140824_104912_V06,2,1.494,1.200,8540,0,652.434,1753,0,192.011
KLWX20140824-9,KLWX20140824_104912_V06,4,2.505,1.200,8536,0,288.459,2011,0,78.802
KLWX20140824-9,KLWX20140824_104912_V06,6,3.516,1.200,4275,0,67.571,396,0,29.461
KLWX20140824-5,KLWX20140824_102937_V06,0,0.483,1.200,1173,0,16630.765,116,0,16587.437
KLWX20140824-5,KLWX20140824_102937_V06,2,1.494,1.200,1173,0,727.032,249,0,703.091
KLWX20140824-5,KLWX20140824_102937_V06,4,2.505,1.200,1175,0,301.185,906,0,54.888
KLWX20140824-5,KLWX20140824_102937_V06,6,3.516,1.200,588,0,199.087,490,0,34.868
KLWX20140824-11,KLWX20140824_114753_V06,0,0.483,1.200,11008,0,65663.457,114,0,64709.327
KLWX20140824-11,KLWX20140824_114753_V06,2,1.494,1.200,11018,0,36791.361,1257,0,30765.134
KLWX20140824-11,KLWX20140824_114753_V06,4,2.505,1.200,11021,0,10762.798,3113,0,7239.030
KLWX20140824-12,KLWX20140824_114753_V06,0,0.483,1.200,15231,0,11863.280,1034,0,9338.710
KLWX20140824-12,KLWX20140824_114753_V06,2,1.494,1.200,15243,0,2643.027,567,0,1869.066
KLWX20140825-1,KLWX20140825_095605_V06,0,0.483,1.200,405,0,18669.723,20,0,18591.762
KLWX20140825-1,KLWX20140825_095605_V06,2,1.450,1.200,407,0,0.393,0,0,0.393
KLWX20140825-1,KLWX20140825_095605_V06,4,2.417,1.200,206,0,0.399,0,0,0.399
KLWX20140825-1,KLWX20140825_095605_V06,5,3.384,1.200,206,0,0.399,0,0,0.399
KLWX20140825-1,KLWX20140825_100101_V06,0,0.483,1.200,1250,0,17191.930,101,0,16679.943
KLWX20140825-1,KLWX20140825_100101_V06,2,1.450,1.200,1247,0,9.227,4,0,2.594
KLWX20140825-1,KLWX20140825_100101_V06,4,2.417,1.200,626,0,1.231,0,0,1.231
KLWX20140825-1,KLWX20140825_100101_V06,5,3.384,1.200,630,0,1.242,0,0,1.242
KLWX20140825-1,KLWX20140825_100559_V06,0,0.483,1.200,1907,0,14547.461,192,0,13671.064
KLWX20140825-1,KLWX20140825_100559_V06,2,1.450,1.200,1905,0,7.640,2,0,5.847
KLWX20140825-1,KLWX20140825_100559_V06,4,2.417,1.200,951,0,1.896,0,0,1.896
KLWX20140825-1,KLWX20140825_100559_V06,5,3.384,1.200,953,0,1.904,0,0,1.904
KLWX20140825-1,KLWX20140825_101056_V06,0,0.483,1.200,2453,0,26684.571,203,0,25860.612
KLWX20140825-1,KLWX20140825_101056_V06,2,1.450,1.200,2458,0,85.028,9,0,41.776
KLWX20140825-1,KLWX20140825_101056_V06,4,2.417,1.200,1233,0,2.446,0,0,2.446
KLWX20140825-1,KLWX20140825_101056_V06,5,3.384,1.200,1235,0,2.459,0,0,2.459
KLWX20140825-1,KLWX20140825_101554_V06,0,0.483,1.200,2094,0,28062.790,114,0,27426.796
KLWX20140825-1,KLWX20140825_101554_V06,2,1.450,1.200,2093,0,195.597,27,0,67.018
KLWX20140825-1,KLWX20140825_101554_V06,4,2.417,1.200,1050,0,9.013,0,0,9.013
KLWX20140825-1,KLWX20140825_101554_V06,5,3.384,1.200,1047,0,2.000,0,0,2.000
KLWX20140825-1,KLWX20140825_102051_V06,0,0.483,1.200,2899,0,25313.466,137,0,24557.136
KLWX20140825-1,KLWX20140825_102051_V06,2,1.450,1.200,2899,0,1221.804,43,0,1081.924
KLWX20140825-1,KLWX20140825_102051_V06,4,2.417,1.200,1448,0,7.515,0,0,7.515
KLWX20140825-1,KLWX20140825_102051_V06,5,3.384,1.200,1449,0,2.785,0,0,2.785
KLWX20140825-1,KLWX20140825_102548_V06,0,0.483,1.200,4973,0,17760.649,368,0,16673.680
KLWX20140825-1,KLWX20140825_102548_V06,2,1.450,1.200,4974,0,5892.496,124,0,5356.305
KLWX20140825-1,KLWX20140825_102548_V06,4,2.417,1.200,2489,0,4.702,0,0,4.702
KLWX20140825-1,KLWX20140825_102548_V06,5,3.384,1.200,2494,0,9.173,0,0,9.173
KLWX20140825-1,KLWX20140825_103045_V06,0,0.483,1.200,5132,0,14389.812,560,0,12828.157
KLWX20140825-1,KLWX20140825_103045_V06,2,1.450,1.200,5134,0,10489.993,184,0,9223.577
KLWX20140825-1,KLWX20140825_103045_V06,4,2.417,1.200,2570,0,116.153,7,0,99.205
KLWX20140825-1,KLWX20140825_103045_V06,5,3.384,1.200,2571,0,4.848,0,0,4.848
KLWX20140825-4,KLWX20140825_100559_V06,0,0.483,1.200,1979,0,244192.717,126,0,234486.738
KLWX20140825-4,KLWX20140825_100559_V06,2,1.450,1.200,1978,0,29.565,1,0,4.905
KLWX20140825-4,KLWX20140825_101056_V06,0,0.483,1.200,3879,0,359531.454,178,0,337785.582
KLWX20140825-4,KLWX20140825_101056_V06,2,1.450,1.200,3879,0,9.526,0,0,9.526
KLWX20140825-4,KLWX20140825_101554_V06,0,0.483,1.200,7060,0,632591.664,345,0,584004.860
KLWX20140825-4,KLWX20140825_101554_V06,2,1.450,1.200,7066,0,3028.383,103,0,2145.385
KLWX20140825-4,KLWX20140825_102051_V06,0,0.483,1.200,10266,0,605603.953,552,0,586804.451
KLWX20140825-4,KLWX20140825_102051_V06,2,1.450,1.200,10266,0,61052.379,252,0,53477.158
KLWX20140825-4,KLWX20140825_102548_V06,0,0.483,1.200,12843,0,597742.811,943,0,576438.603
KLWX20140825-4,KLWX20140825_102548_V06,2,1.450,1.200,12849,0,84110.240,431,0,74995.968
KLWX20140825-4,KLWX20140825_102548_V06,4,2.417,1.200,6428,0,28.146,0,0,28.146
KLWX20140825-4,KLWX20140825_103045_V06,0,0.483,1.200,16389,0,559479.355,1346,0,535012.692
KLWX20140825-4,KLWX20140825_103045_V06,2,1.450,1.200,16404,0,162928.036,561,0,150588.662
KLWX20140825-4,KLWX20140825_103045_V06,4,2.417,1.200,8216,0,495.373,0,0,495.373
KLWX20140825-4,KLWX20140825_103543_V06,0,0.483,1.200,22508,0,590252.096,2251,0,550889.513
KLWX20140825-4,KLWX20140825_103543_V06,2,1.450,1.200,22530,0,207838.153,1282,0,190767.410
KLWX20140825-4,KLWX20140825_103543_V06,4,2.417,1.200,11263,0,785.980,7,0,746.459
KLWX20140825-4,KLWX20140825_104040_V06,0,0.483,1.200,32149,0,703190.333,4139,0,637678.332
KLWX20140825-4,KLWX20140825_104040_V06,2,1.450,1.200,32163,0,281835.046,2610,0,256147.551
KLWX20140825-4,KLWX20140825_104040_V06,4,2.417,1.200,16176,0,6773.097,126,0,5903.173
KLWX20140825-5,KLWX20140825_101056_V06,0,0.483,1.200,5592,0,106608.804,106,0,97653.505
KLWX20140825-5,KLWX20140825_101056_V06,2,1.450,1.200,5588,0,645.073,8,0,208.186
KLWX20140825-5,KLWX20140825_101554_V06,0,0.483,1.200,9015,0,195057.057,195,0,179717.966
KLWX20140825-5,KLWX20140825_101554_V06,2,1.450,1.200,9021,0,289.875,4,0,103.414
KLWX20140825-5,KLWX20140825_102051_V06,0,0.483,1.200,13099,0,199348.672,288,0,179026.812
KLWX20140825-5,KLWX20140825_102051_V06,2,1.450,1.200,13104,0,835.496,9,0,404.122
KLWX20140825-5,KLWX20140825_102548_V06,0,0.483,1.200,14677,0,182613.829,321,0,160587.606
KLWX20140825-5,KLWX20140825_102548_V06,2,1.450,1.200,14687,0,426.444,7,0,72.782
KLWX20140825-9,KLWX20140825_102051_V06,0,0.483,1.200,2757,0,35650.497,144,0,34048.466
KLWX20140825-9,KLWX20140825_102051_V06,2,1.450,1.200,2753,0,3197.765,48,0,3053.207
KLWX20140825-9,KLWX20140825_102051_V06,4,2.417,1.200,1378,0,894.408,120,0,622.155
KLWX20140825-9,KLWX20140825_102051_V06,5,3.384,1.200,1379,0,942.886,249,0,254.842
KLWX20140825-9,KLWX20140825_102548_V06,0,0.483,1.200,5136,0,28791.397,468,0,26724.252
KLWX20140825-9,KLWX20140825_102548_V06,2,1.450,1.200,5138,0,26760.250,234,0,25486.577
KLWX20140825-9,KLWX20140825_102548_V06,4,2.417,1.200,2572,0,1089.772,72,0,863.579
KLWX20140825-9,KLWX20140825_102548_V06,5,3.384,1.200,2572,0,2598.564,657,0,513.035
KLWX20140825-9,KLWX20140825_103045_V06,0,0.483,1.200,6591,0,41851.363,1402,0,32089.389
KLWX20140825-9,KLWX20140825_103045_V06,2,1.450,1.200,6594,0,40405.434,452,0,37597.341
KLWX20140825-9,KLWX20140825_103045_V06,4,2.417,1.200,3297,0,1908.288,70,0,1665.097
KLWX20140825-9,KLWX20140825_103045_V06,5,3.384,1.200,3301,0,3369.233,915,0,688.654
KLWX20140825-11,KLWX20140825_103543_V06,0,0.483,1.200,1153,0,14758.184,137,0,14257.747
KLWX20140825-11,KLWX20140825_103543_V06,2,1.450,1.200,1155,0,38.842,16,0,11.766
KLWX20140825-11,KLWX20140825_103543_V06,4,2.417,1.200,581,0,1.043,0,0,1.043
KLWX20140825-11,KLWX20140825_103543_V06,5,3.384,1.200,575,0,1.035,0,0,1.035
KLWX20140825-11,KLWX20140825_104040_V06,0,0.483,1.200,3246,0,23195.724,396,0,21962.870
KLWX20140825-11,KLWX20140825_104040_V06,2,1.450,1.200,3247,0,526.171,187,0,246.486
KLWX20140825-11,KLWX20140825_104040_V06,4,2.417,1.200,1621,0,5.136,0,0,5.136
KLWX20140825-11,KLWX20140825_104040_V06,5,3.384,1.200,1625,0,9.970,0,0,9.970
KLWX20140825-3,KLWX20140825_100101_V06,0,0.483,1.200,2505,0,59343.808,222,0,49461.923
KLWX20140825-3,KLWX20140825_100101_V06,2,1.450,1.200,2509,0,394.807,6,0,39.490
KLWX20140825-12,KLWX20140825_104040_V06,0,0.483,1.200,608,0,27326.910,60,0,26877.200
KLWX20140825-12,KLWX20140825_104040_V06,2,1.450,1.200,612,0,918.358,80,0,775.855
KLWX20140825-12,KLWX20140825_104040_V06,4,2.417,1.200,304,0,0.325,0,0,0.325
KLWX20140825-12,KLWX20140825_104040_V06,5,3.384,1.200,301,0,12.625,1,0,11.930
KLWX20140825-12,KLWX20140825_104040_V06,6,4.307,1.200,307,0,188.344,89,0,82.251
KLWX20140825-14,KLWX20140825_111014_V06,0,0.483,1.200,4437,0,33119.565,835,0,29604.696
KLWX20140825-14,KLWX20140825_111014_V06,2,1.494,1.200,4434,0,4021.637,834,0,2579.760
KLWX20140825-14,KLWX20140825_111014_V06,4,2.505,1.200,2215,0,127.178,29,0,99.505
KLWX20140825-14,KLWX20140825_111014_V06,5,3.516,1.200,2219,0,213.477,9,0,181.773
KLWX20140825-14,KLWX20140825_111014_V06,6,4.482,1.200,2227,0,712.863,263,0,502.897
KLWX20140826-3,KLWX20140826_101203_V06,0,0.483,1.200,7331,0,119955.042,243,0,97586.037
KLWX20140826-3,KLWX20140826_101203_V06,2,1.494,1.200,7336,0,108.881,10,0,58.798
KLWX20140826-3,KLWX20140826_102148_V06,0,0.483,1.200,11276,0,248906.634,323,0,244218.594
KLWX20140826-3,KLWX20140826_102148_V06,2,1.494,1.200,11277,0,815.032,38,0,600.525
KLWX20140826-3,KLWX20140826_103133_V06,0,0.483,1.200,15072,0,272671.311,623,0,230155.018
KLWX20140826-3,KLWX20140826_103133_V06,2,1.494,1.200,15087,0,26101.154,152,0,24306.502
KLWX20140826-3,KLWX20140826_104119_V06,0,0.483,1.200,19942,0,173217.313,1142,0,154828.328
KLWX20140826-3,KLWX20140826_104119_V06,2,1.494,1.200,19956,0,81399.123,307,0,76888.889
KLWX20140826-3,KLWX20140826_105104_V06,0,0.483,1.200,26190,0,195165.014,1848,0,106270.203
KLWX20140826-3,KLWX20140826_105104_V06,2,1.494,1.200,26214,0,93209.224,636,0,86000.045
KLWX20140826-3,KLWX20140826_110051_V06,0,0.483,1.200,28793,0,94139.531,1767,0,57619.489
KLWX20140826-3,KLWX20140826_110051_V06,2,1.494,1.200,28818,0,59282.114,566,0,53260.397
KLWX20140826-2,KLWX20140826_101203_V06,0,0.483,1.200,1497,0,7914.562,91,0,7717.651
KLWX20140826-2,KLWX20140826_101203_V06,2,1.494,1.200,1500,0,5.214,1,0,4.144
KLWX20140826-2,KLWX20140826_101203_V06,4,2.505,1.200,749,0,1.503,0,0,1.503
KLWX20140826-2,KLWX20140826_101203_V06,5,3.516,1.200,754,0,1.517,0,0,1.517
KLWX20140826-2,KLWX20140826_102148_V06,0,0.483,1.200,5410,0,6712.512,181,0,6089.649
KLWX20140826-2,KLWX20140826_102148_V06,2,1.494,1.200,5412,0,68.487,11,0,47.082
KLWX20140826-2,KLWX20140826_102148_V06,4,2.505,1.200,2713,0,5.452,0,0,5.452
KLWX20140826-2,KLWX20140826_102148_V06,5,3.516,1.200,2715,0,5.467,0,0,5.467
KLWX20140826-6,KLWX20140826_102148_V06,0,0.483,1.200,2614,0,13611.769,121,0,13112.105
KLWX20140826-6,KLWX20140826_102148_V06,2,1.494,1.200,2613,0,7132.199,39,0,6875.350
KLWX20140826-6,KLWX20140826_102148_V06,4,2.505,1.200,1311,0,327.903,51,0,211.189
KLWX20140826-6,KLWX20140826_102148_V06,5,3.516,1.200,1311,0,59.880,12,0,52.391
KLWX20140826-6,KLWX20140826_103133_V06,0,0.483,1.200,6753,0,11408.079,653,0,10026.074
KLWX20140826-6,KLWX20140826_103133_V06,2,1.494,1.200,6756,0,15839.512,216,0,15373.265
KLWX20140826-6,KLWX20140826_103133_V06,4,2.505,1.200,3373,0,4368.667,186,0,3875.962
KLWX20140826-6,KLWX20140826_103133_V06,5,3.516,1.200,3375,0,248.071,17,0,238.341
KLWX20140826-8,KLWX20140826_104119_V06,0,0.483,1.200,2190,0,74270.019,117,0,73834.813
KLWX20140826-8,KLWX20140826_104119_V06,2,1.494,1.200,2193,0,1571.677,224,0,1425.478
KLWX20140826-8,KLWX20140826_104119_V06,4,2.505,1.200,1096,0,102.267,16,0,88.038
KLWX20140826-8,KLWX20140826_104119_V06,5,3.516,1.200,1096,0,22.833,5,0,20.687
KLWX20140826-8,KLWX20140826_104119_V06,6,4.482,1.200,1100,0,49.679,7,0,45.535
KLWX20140826-8,KLWX20140826_105104_V06,0,0.483,1.200,6390,0,83537.593,533,0,81640.414
KLWX20140826-8,KLWX20140826_105104_V06,2,1.494,1.200,6393,0,1144.424,499,0,717.334
KLWX20140826-8,KLWX20140826_105104_V06,4,2.505,1.200,3199,0,95.559,16,0,85.276
KLWX20140826-8,KLWX20140826_105104_V06,5,3.516,1.200,3204,0,476.223,21,0,262.532
KLWX20140826-8,KLWX20140826_105104_V06,6,4.482,1.200,3207,0,109.936,21,0,85.945
KLWX20140826-9,KLWX20140826_104119_V06,0,0.483,1.200,566,0,26355.381,16,0,26130.814
KLWX20140826-9,KLWX20140826_104119_V06,2,1.494,1.200,567,0,117.050,24,0,90.986
KLWX20140826-9,KLWX20140826_104119_V06,4,2.505,1.200,286,0,123.516,1,0,122.187
KLWX20140826-9,KLWX20140826_104119_V06,5,3.516,1.200,282,0,136.132,1,0,135.523
KLWX20140826-9,KLWX20140826_104119_V06,6,4.482,1.200,282,0,24.652,4,0,23.493
KLWX20140826-9,KLWX20140826_105104_V06,0,0.483,1.200,4901,0,57181.298,479,0,55062.635
KLWX20140826-9,KLWX20140826_105104_V06,2,1.494,1.200,4901,0,1846.069,507,0,1255.874
KLWX20140826-9,KLWX20140826_105104_V06,4,2.505,1.200,2455,0,368.940,13,0,353.866
KLWX20140826-9,KLWX20140826_105104_V06,5,3.516,1.200,2460,0,1031.796,38,0,743.040
KLWX20140826-9,KLWX20140826_105104_V06,6,4.482,1.200,2460,0,576.607,32,0,500.914
KLWX20140826-5,KLWX20140826_102148_V06,0,0.483,1.200,423,0,7909.389,40,0,2815.454
KLWX20140826-5,KLWX20140826_102148_V06,2,1.494,1.200,423,0,0.421,0,0,0.421
KLWX20140826-5,KLWX20140826_102148_V06,4,2.505,1.200,208,0,0.414,0,0,0.414
KLWX20140826-5,KLWX20140826_102148_V06,5,3.516,1.200,211,0,0.421,0,0,0.421
KLWX20140826-7,KLWX20140826_102148_V06,0,0.483,1.200,1329,0,42944.000,74,0,42803.023
KLWX20140826-7,KLWX20140826_102148_V06,2,1.494,1.200,1325,0,44.885,56,0,34.424
KLWX20140826-7,KLWX20140826_102148_V06,4,2.505,1.200,665,0,14.475,2,0,14.308
KLWX20140826-7,KLWX20140826_102148_V06,5,3.516,1.200,662,0,12.949,1,0,12.670
KLWX20140826-7,KLWX20140826_102148_V06,6,4.482,1.200,665,0,7.627,4,0,6.907
KLWX20140827-2,KLWX20140827_102115_V06,0,0.483,1.200,9397,0,130153.109,159,0,125630.045
KLWX20140827-2,KLWX20140827_102115_V06,2,1.494,1.200,9393,0,487.506,8,0,424.365
KLWX20140827-2,KLWX20140827_103100_V06,0,0.483,1.200,11710,0,162899.129,256,0,156938.202
KLWX20140827-2,KLWX20140827_103100_V06,2,1.494,1.200,11721,0,766.004,13,0,683.866
KLWX20140827-2,KLWX20140827_104046_V06,0,0.483,1.200,13493,0,108989.174,397,0,102541.662
KLWX20140827-2,KLWX20140827_104046_V06,2,1.494,1.200,13503,0,2722.160,58,0,2209.184
KLWX20140827-2,KLWX20140827_105031_V06,0,0.483,1.200,21483,0,85510.400,750,0,76209.707
KLWX20140827-2,KLWX20140827_105031_V06,2,1.494,1.200,21504,0,9367.152,118,0,8323.868
KLWX20140827-2,KLWX20140827_110017_V06,0,0.483,1.200,30698,0,101452.971,1944,0,83196.373
KLWX20140827-2,KLWX20140827_110017_V06,2,1.494,1.200,30714,0,7891.164,310,0,6296.976
KLWX20140827-1,KLWX20140827_102115_V06,0,0.483,1.200,589,0,37312.110,28,0,36576.610
KLWX20140827-1,KLWX20140827_102115_V06,2,1.494,1.200,593,0,86.031,11,0,25.271
KLWX20140827-1,KLWX20140827_102115_V06,4,2.505,1.200,298,0,1.089,0,0,1.089
KLWX20140828-1,KLWX20140828_101436_V06,0,0.483,1.200,3568,0,125302.056,102,0,119680.341
KLWX20140828-1,KLWX20140828_101436_V06,2,1.494,1.200,3569,0,25.353,0,0,25.353
KLWX20140828-1,KLWX20140828_102419_V06,0,0.483,1.200,7654,0,302053.308,208,0,293111.144
KLWX20140828-1,KLWX20140828_102419_V06,2,1.494,1.200,7670,0,42.030,0,0,42.030
KLWX20140828-1,KLWX20140828_103402_V06,0,0.483,1.200,15925,0,327402.439,599,0,313692.067
KLWX20140828-1,KLWX20140828_103402_V06,2,1.494,1.200,15934,0,7658.692,133,0,6323.556
KLWX20140828-1,KLWX20140828_104347_V06,0,0.483,1.200,23888,0,275813.407,1328,0,250357.414
KLWX20140828-1,KLWX20140828_104347_V06,2,1.494,1.200,23905,0,32304.159,290,0,26077.212
KLWX20140828-1,KLWX20140828_105332_V06,0,0.483,1.200,34418,0,227868.961,3063,0,180803.207
KLWX20140828-1,KLWX20140828_105332_V06,2,1.494,1.200,34436,0,33309.108,405,0,27175.832
KLWX20140828-2,KLWX20140828_103402_V06,0,0.483,1.200,9786,0,25170.394,513,0,22124.006
KLWX20140828-2,KLWX20140828_103402_V06,2,1.494,1.200,9797,0,91.124,5,0,81.781
KLWX20140828-2,KLWX20140828_103402_V06,4,2.505,1.200,4897,0,15.026,0,0,15.026
KLWX20140828-3,KLWX20140828_104347_V06,0,0.483,1.200,748,0,4114.541,3,0,4024.316
KLWX20140828-4,KLWX20140828_111300_V06,0,0.483,1.200,3643,0,73258.743,52,0,72620.348
KLWX20140828-4,KLWX20140828_111300_V06,2,1.494,1.200,3645,0,5089.084,285,0,4779.801
KLWX20140828-4,KLWX20140828_111300_V06,4,2.505,1.200,1830,0,758.739,446,0,345.041
KLWX20140828-4,KLWX20140828_111300_V06,5,3.516,1.200,1828,0,49.792,59,0,24.071
KLWX20140828-4,KLWX20140828_111300_V06,6,4.482,1.200,1838,0,15.594,47,0,10.029
KLWX20140828-5,KLWX20140828_114213_V06,0,0.483,1.200,235,0,13260.262,8,0,13071.551
KLWX20140828-5,KLWX20140828_114213_V06,2,1.494,1.200,235,0,0.675,0,0,0.675
KLWX20140829-1,KLWX20140829_095909_V06,0,0.483,1.200,1473,0,5594.420,50,0,4842.007
KLWX20140829-1,KLWX20140829_095909_V06,2,1.450,1.200,1469,0,3.668,0,0,3.668
KLWX20140829-1,KLWX20140829_100406_V06,0,0.483,1.200,3093,0,45759.529,152,0,40310.204
KLWX20140829-1,KLWX20140829_100406_V06,2,1.450,1.200,3093,0,7.696,0,0,7.696
KLWX20140829-1,KLWX20140829_100903_V06,0,0.483,1.200,4750,0,118822.585,299,0,106905.613
KLWX20140829-1,KLWX20140829_100903_V06,2,1.450,1.200,4751,0,11.962,0,0,11.962
KLWX20140829-1,KLWX20140829_101400_V06,0,0.483,1.200,6413,0,147900.999,265,0,144462.143
KLWX20140829-1,KLWX20140829_101400_V06,2,1.494,1.200,6416,0,16.345,0,0,16.345
KLWX20140829-1,KLWX20140829_102346_V06,0,0.483,1.200,11349,0,263399.259,388,0,257102.614
KLWX20140829-1,KLWX20140829_102346_V06,2,1.494,1.200,11360,0,458.454,17,0,330.684
KLWX20140829-1,KLWX20140829_103330_V06,0,0.483,1.200,20492,0,352670.533,1244,0,338699.355
KLWX20140829-1,KLWX20140829_103330_V06,2,1.494,1.200,20502,0,9958.188,133,0,8372.095
KLWX20140829-1,KLWX20140829_104314_V06,0,0.483,1.200,26491,0,280887.277,1831,0,258949.865
KLWX20140829-1,KLWX20140829_104314_V06,2,1.494,1.200,26512,0,20859.894,322,0,17742.071
KLWX20140829-1,KLWX20140829_105300_V06,0,0.483,1.200,37305,0,347617.231,3106,0,312981.666
KLWX20140829-1,KLWX20140829_105300_V06,2,1.494,1.200,37326,0,34912.638,1893,0,25964.805
KLWX20140829-4,KLWX20140829_103330_V06,0,0.483,1.200,714,0,60298.102,35,0,59676.818
KLWX20140829-4,KLWX20140829_103330_V06,2,1.494,1.200,715,0,204.877,15,0,195.779
KLWX20140829-4,KLWX20140829_103330_V06,4,2.505,1.200,356,0,0.393,0,0,0.393
KLWX20140829-4,KLWX20140829_103330_V06,5,3.516,1.200,359,0,304.539,163,0,90.084
KLWX20140829-4,KLWX20140829_103330_V06,6,4.482,1.200,358,0,86.770,66,0,47.116
KLWX20140829-4,KLWX20140829_104314_V06,0,0.483,1.200,3258,0,79547.752,174,0,78566.472
KLWX20140829-4,KLWX20140829_104314_V06,2,1.494,1.200,3263,0,2881.539,120,0,2801.028
KLWX20140829-4,KLWX20140829_104314_V06,4,2.505,1.200,1631,0,206.346,3,0,204.140
KLWX20140829-4,KLWX20140829_104314_V06,5,3.516,1.200,1633,0,1453.792,528,0,543.020
KLWX20140829-4,KLWX20140829_104314_V06,6,4.482,1.200,1634,0,715.776,519,0,202.929
KLWX20140829-4,KLWX20140829_105300_V06,0,0.483,1.200,7378,0,89877.043,499,0,86875.249
KLWX20140829-4,KLWX20140829_105300_V06,2,1.494,1.200,7381,0,6325.283,585,0,5542.274
KLWX20140829-4,KLWX20140829_105300_V06,4,2.505,1.200,3696,0,1126.671,45,0,1061.245
KLWX20140829-4,KLWX20140829_105300_V06,5,3.516,1.200,3703,0,3801.321,956,0,1296.939
KLWX20140829-4,KLWX20140829_105300_V06,6,4.482,1.200,3704,0,3244.909,1478,0,773.693
KLWX20140829-2,KLWX20140829_102346_V06,0,0.483,1.200,1899,0,20132.315,85,0,19573.794
KLWX20140829-2,KLWX20140829_102346_V06,2,1.494,1.200,1900,0,12.046,1,0,10.157
KLWX20140829-2,KLWX20140829_102346_V06,4,2.505,1.200,951,0,1.806,0,0,1.806
KLWX20140829-2,KLWX20140829_102346_V06,5,3.516,1.200,950,0,1.809,0,0,1.809
KLWX20140829-3,KLWX20140829_103330_V06,0,0.483,1.200,359,0,2253.002,0,0,2253.002
KLWX20140829-7,KLWX20140829_103330_V06,0,0.483,1.200,203,2,38023.429,10,0,8132.607
KLWX20140829-7,KLWX20140829_103330_V06,2,1.494,1.200,203,0,2.387,1,0,1.006
KLWX20140829-7,KLWX20140829_103330_V06,4,2.505,1.200,115,0,101.179,2,0,88.840
KLWX20140829-7,KLWX20140829_103330_V06,5,3.516,1.200,117,0,24.693,0,0,24.693
KLWX20140829-8,KLWX20140829_104314_V06,0,0.483,1.200,372,0,1381.764,1,0,1373.500
KLWX20140829-8,KLWX20140829_104314_V06,2,1.494,1.200,368,0,1.310,0,0,1.310
KLWX20140829-9,KLWX20140829_104314_V06,0,0.483,1.200,120,0,4611.712,6,0,4295.180
KLWX20140829-9,KLWX20140829_104314_V06,2,1.494,1.200,119,0,0.388,0,0,0.388
KLWX20140829-10,KLWX20140829_105300_V06,0,0.483,1.200,3368,0,33040.511,295,0,31553.251
KLWX20140829-10,KLWX20140829_105300_V06,2,1.494,1.200,3370,0,88.857,10,0,80.482
KLWX20140829-10,KLWX20140829_105300_V06,4,2.505,1.200,1684,0,1502.946,310,0,439.089
KLWX20140829-10,KLWX20140829_105300_V06,5,3.516,1.200,1691,0,1748.071,565,0,582.468
KLWX20140830-1,KLWX20140830_102420_V06,0,0.483,1.200,4763,0,191857.916,197,0,187878.099
KLWX20140830-1,KLWX20140830_102420_V06,2,1.494,1.200,4767,0,43.374,2,0,14.686
KLWX20140830-1,KLWX20140830_103406_V06,0,0.483,1.200,11885,0,317439.339,175,0,312875.658
KLWX20140830-1,KLWX20140830_103406_V06,2,1.494,1.200,11896,0,28134.882,14,0,78.040
KLWX20140830-1,KLWX20140830_104350_V06,0,0.483,1.200,17322,0,192628.189,133,0,187728.551
KLWX20140830-1,KLWX20140830_104350_V06,2,1.494,1.200,17328,0,57.401,0,0,57.401
KLWX20140831-1,KLWX20140831_103154_V06,0,0.483,1.200,4709,0,11733.110,67,0,8996.380
KLWX20140831-1,KLWX20140831_103154_V06,2,1.450,1.200,4708,0,16.753,0,0,16.753
KLWX20140831-1,KLWX20140831_103652_V06,0,0.483,1.200,7427,0,27211.905,108,0,22213.604
KLWX20140831-1,KLWX20140831_103652_V06,2,1.450,1.200,7436,0,74.877,1,0,57.494
KLWX20140901-14,KLWX20140901_103253_V06,0,0.483,1.200,2735,0,19810.523,162,0,13421.128
KLWX20140901-14,KLWX20140901_103253_V06,2,0.879,1.200,2735,0,88.572,4,0,37.883
KLWX20140901-14,KLWX20140901_103253_V06,4,1.318,1.200,2742,0,68.355,2,0,50.838
KLWX20140901-14,KLWX20140901_103253_V06,6,1.802,1.200,1366,0,160.019,0,0,160.019
KLWX20140901-14,KLWX20140901_103646_V06,0,0.483,1.200,4321,0,36590.518,250,0,27089.429
KLWX20140901-14,KLWX20140901_103646_V06,2,0.879,1.200,4322,0,524.360,15,0,331.439
KLWX20140901-14,KLWX20140901_103646_V06,4,1.318,1.200,4324,0,711.243,44,0,162.651
KLWX20140901-14,KLWX20140901_103646_V06,6,1.802,1.200,2166,0,1682.200,13,0,920.597
KLWX20140901-14,KLWX20140901_104039_V06,0,0.483,1.200,5498,0,32495.471,342,0,20564.885
KLWX20140901-14,KLWX20140901_104039_V06,2,0.879,1.200,5503,0,8334.530,115,0,740.126
KLWX20140901-14,KLWX20140901_104039_V06,4,1.318,1.200,5503,0,16719.914,192,0,673.181
KLWX20140901-14,KLWX20140901_104039_V06,6,1.802,1.200,2749,0,17759.158,98,0,2811.716
KLWX20140901-14,KLWX20140901_104431_V06,0,0.483,1.200,7318,0,35774.813,444,0,19732.538
KLWX20140901-14,KLWX20140901_104431_V06,2,0.879,1.200,7319,0,15463.201,256,0,2037.427
KLWX20140901-14,KLWX20140901_104431_V06,4,1.318,1.200,7330,0,24872.042,371,0,1036.103
KLWX20140901-14,KLWX20140901_104431_V06,6,1.802,1.200,3665,0,26729.141,152,0,3936.206
KLWX20140901-14,KLWX20140901_104823_V06,0,0.483,1.200,9750,0,56260.191,630,0,21295.506
KLWX20140901-14,KLWX20140901_104823_V06,2,0.879,1.200,9752,0,34815.094,487,0,5624.984
KLWX20140901-14,KLWX20140901_104823_V06,4,1.318,1.200,9756,0,35036.052,531,0,2220.160
KLWX20140901-14,KLWX20140901_104823_V06,6,1.802,1.200,4864,0,53022.879,262,0,4684.014
KLWX20140901-3,KLWX20140901_094232_V06,0,0.483,1.200,7880,0,174009.428,1007,0,14340.335
KLWX20140901-3,KLWX20140901_094232_V06,2,0.879,1.200,7881,0,725459.533,1945,0,47087.341
KLWX20140901-3,KLWX20140901_094624_V06,0,0.483,1.200,9956,0,221985.918,1041,0,18812.572
KLWX20140901-3,KLWX20140901_094624_V06,2,0.879,1.200,9959,0,735007.093,2226,0,42304.986
KLWX20140901-3,KLWX20140901_095017_V06,0,0.483,1.200,10656,0,246359.764,1077,0,18516.302
KLWX20140901-3,KLWX20140901_095017_V06,2,0.879,1.200,10671,0,668435.435,2489,0,37327.088
KLWX20140901-3,KLWX20140901_095410_V06,0,0.483,1.200,11380,0,260417.074,1232,0,17078.010
KLWX20140901-3,KLWX20140901_095410_V06,2,0.879,1.200,11383,0,694597.949,2818,0,47167.935
KLWX20140901-4,KLWX20140901_094232_V06,0,0.483,1.200,1243,0,40993.847,465,0,7716.562
KLWX20140901-4,KLWX20140901_094232_V06,2,0.879,1.200,1244,0,30373.427,557,0,2288.840
KLWX20140901-4,KLWX20140901_094232_V06,4,1.318,1.200,1243,0,33544.963,433,0,520.919
KLWX20140901-4,KLWX20140901_094232_V06,6,1.802,1.200,621,0,27687.792,134,0,164.350
KLWX20140901-4,KLWX20140901_094232_V06,7,2.417,1.200,624,0,19256.827,131,0,568.068
KLWX20140901-4,KLWX20140901_094232_V06,8,3.120,1.200,624,0,27965.070,159,0,110.456
KLWX20140901-4,KLWX20140901_094232_V06,9,3.999,1.200,622,0,43794.826,185,0,2028.449
KLWX20140901-4,KLWX20140901_094232_V06,10,5.098,1.200,624,0,5098.750,171,0,87.502
KLWX20140901-8,KLWX20140901_100155_V06,0,0.483,1.200,4876,0,41054.325,554,0,906.599
KLWX20140901-8,KLWX20140901_100155_V06,2,0.879,1.200,4878,0,115631.775,663,0,2627.145
KLWX20140901-8,KLWX20140901_100155_V06,4,1.318,1.200,4883,0,109079.355,618,0,2873.662
KLWX20140901-8,KLWX20140901_100155_V06,6,1.802,1.200,2442,0,85670.279,165,0,3541.955
KLWX20140902-1,KLWX20140902_102229_V06,0,0.483,1.200,821,0,15946.134,30,0,15391.244
KLWX20140902-1,KLWX20140902_102229_V06,2,1.494,1.200,821,0,102.416,9,0,28.588
KLWX20140902-1,KLWX20140902_102229_V06,4,2.505,1.200,405,0,1.684,0,0,1.684
KLWX20140902-2,KLWX20140902_103212_V06,0,0.483,1.200,823,0,399.889,8,0,252.830
KLWX20140902-2,KLWX20140902_103212_V06,2,1.494,1.200,825,0,299.169,17,0,54.886
KLWX20140903-3,KLWX20140903_103746_V06,0,0.483,1.200,972,0,64450.370,133,0,63208.963
KLWX20140903-3,KLWX20140903_103746_V06,2,1.450,1.200,972,0,259.340,49,0,245.347
KLWX20140903-3,KLWX20140903_103746_V06,4,2.417,1.200,483,0,4.192,0,0,4.192
KLWX20140903-3,KLWX20140903_103746_V06,5,3.384,1.200,488,0,6.256,0,0,6.256
KLWX20140903-3,KLWX20140903_103746_V06,6,4.307,1.200,489,0,2.569,2,0,1.872
KLWX20140903-3,KLWX20140903_103746_V06,7,6.021,1.200,485,0,0.427,0,0,0.427
KLWX20140903-3,KLWX20140903_104242_V06,0,0.483,1.200,2839,0,83786.681,397,0,82579.983
KLWX20140903-3,KLWX20140903_104242_V06,2,1.450,1.200,2840,0,2688.962,207,0,2502.773
KLWX20140903-3,KLWX20140903_104242_V06,4,2.417,1.200,1419,0,24.426,1,0,24.015
KLWX20140903-3,KLWX20140903_104242_V06,5,3.384,1.200,1423,0,25.961,9,0,18.051
KLWX20140903-3,KLWX20140903_104242_V06,6,4.307,1.200,1427,0,31.121,11,0,24.018
KLWX20140903-3,KLWX20140903_104242_V06,7,6.021,1.200,1430,0,3.901,0,0,3.901
KLWX20140903-3,KLWX20140903_104740_V06,0,0.483,1.200,7270,0,150575.937,900,0,143916.952
KLWX20140903-3,KLWX20140903_104740_V06,2,1.450,1.200,7268,0,24644.710,796,0,23476.231
KLWX20140903-3,KLWX20140903_104740_V06,4,2.417,1.200,3636,0,426.420,94,0,300.787
KLWX20140903-3,KLWX20140903_104740_V06,5,3.384,1.200,3636,0,23.794,7,0,19.321
KLWX20140903-3,KLWX20140903_104740_V06,6,4.307,1.200,3645,0,18.873,5,0,14.830
KLWX20140903-3,KLWX20140903_104740_V06,7,6.021,1.200,3656,0,6.170,2,0,5.456
KLWX20140903-3,KLWX20140903_105236_V06,0,0.483,1.200,9435,0,135225.683,1177,0,128535.411
KLWX20140903-3,KLWX20140903_105236_V06,2,1.450,1.200,9436,0,49491.224,976,0,46795.011
KLWX20140903-3,KLWX20140903_105236_V06,4,2.417,1.200,4722,0,1027.722,173,0,789.054
KLWX20140903-3,KLWX20140903_105236_V06,5,3.384,1.200,4729,0,232.829,29,0,172.769
KLWX20140903-3,KLWX20140903_105236_V06,6,4.307,1.200,4736,0,30.011,12,0,13.108
KLWX20140903-3,KLWX20140903_105236_V06,7,6.021,1.200,4743,0,11.045,1,0,10.931
KLWX20140903-3,KLWX20140903_105734_V06,0,0.483,1.200,13746,1,144814.881,1746,1,135713.244
KLWX20140903-3,KLWX20140903_105734_V06,2,1.450,1.200,13744,0,85848.546,1280,0,80312.101
KLWX20140903-3,KLWX20140903_105734_V06,4,2.417,1.200,6878,0,2686.784,379,0,2117.348
KLWX20140903-3,KLWX20140903_105734_V06,5,3.384,1.200,6884,0,196.248,203,0,108.622
KLWX20140903-3,KLWX20140903_105734_V06,6,4.307,1.200,6889,0,36.031,69,0,26.065
KLWX20140903-3,KLWX20140903_105734_V06,7,6.021,1.200,6912,0,30.377,12,0,29.173
KLWX20140903-5,KLWX20140903_104242_V06,0,0.483,1.200,9583,0,105097.588,484,0,80782.277
KLWX20140903-5,KLWX20140903_104242_V06,2,1.450,1.200,9583,0,35.525,0,0,35.525
KLWX20140903-5,KLWX20140903_104740_V06,0,0.483,1.200,12288,0,122460.620,683,0,92866.127
KLWX20140903-5,KLWX20140903_104740_V06,2,1.450,1.200,12286,0,60.252,2,0,35.570
KLWX20140903-5,KLWX20140903_105236_V06,0,0.483,1.200,17182,0,128936.212,1202,0,83225.773
KLWX20140903-5,KLWX20140903_105236_V06,2,1.450,1.200,17204,0,621.453,34,0,232.792
KLWX20140903-5,KLWX20140903_105734_V06,0,0.483,1.200,22720,0,123969.039,1530,0,69689.332
KLWX20140903-5,KLWX20140903_105734_V06,2,1.450,1.200,22742,0,1072.371,45,0,620.533
KLWX20140903-5,KLWX20140903_110231_V06,0,0.483,1.200,32890,0,128225.489,2494,0,62433.019
KLWX20140903-5,KLWX20140903_110231_V06,2,1.450,1.200,32910,0,1214.471,38,0,786.203
KLWX20140903-1,KLWX20140903_103249_V06,0,0.483,1.200,2758,0,10584.140,249,0,8126.303
KLWX20140903-1,KLWX20140903_103249_V06,2,1.450,1.200,2759,0,423.534,100,0,327.737
KLWX20140903-1,KLWX20140903_103249_V06,4,2.417,1.200,1385,0,1.993,0,0,1.993
KLWX20140903-1,KLWX20140903_103249_V06,5,3.384,1.200,1382,0,1.992,0,0,1.992
KLWX20140903-1,KLWX20140903_103249_V06,6,4.307,1.200,1387,0,2.006,0,0,2.006
KLWX20140903-1,KLWX20140903_103746_V06,0,0.483,1.200,5562,0,13376.582,460,0,11649.301
KLWX20140903-1,KLWX20140903_103746_V06,2,1.450,1.200,5551,0,2867.153,197,0,2338.295
KLWX20140903-1,KLWX20140903_103746_V06,4,2.417,1.200,2745,0,7.718,0,0,7.718
KLWX20140903-1,KLWX20140903_103746_V06,5,3.384,1.200,2748,0,4.742,0,0,4.742
KLWX20140903-1,KLWX20140903_103746_V06,6,4.307,1.200,2753,0,5.278,0,0,5.278
KLWX20140903-1,KLWX20140903_104242_V06,0,0.483,1.200,8975,0,62442.800,1086,0,57402.237
KLWX20140903-1,KLWX20140903_104242_V06,2,1.450,1.200,8982,0,8957.444,544,0,7744.958
KLWX20140903-1,KLWX20140903_104242_V06,4,2.417,1.200,4505,0,240.947,20,0,191.326
KLWX20140903-1,KLWX20140903_104242_V06,5,3.384,1.200,4507,0,9.092,0,0,9.092
KLWX20140903-1,KLWX20140903_104242_V06,6,4.307,1.200,4511,0,31.390,7,0,25.425
KLWX20140903-6,KLWX20140903_104242_V06,0,0.483,1.200,1241,0,14638.596,183,0,13956.166
KLWX20140903-6,KLWX20140903_104242_V06,2,1.450,1.200,1241,0,21.137,0,0,21.137
KLWX20140903-6,KLWX20140903_104242_V06,4,2.417,1.200,620,0,1.232,0,0,1.232
KLWX20140903-6,KLWX20140903_104242_V06,5,3.384,1.200,624,0,1.242,0,0,1.242
KLWX20140903-6,KLWX20140903_104740_V06,0,0.483,1.200,3355,0,24456.330,433,0,23047.007
KLWX20140903-6,KLWX20140903_104740_V06,2,1.450,1.200,3356,0,60.713,12,0,43.550
KLWX20140903-6,KLWX20140903_104740_V06,4,2.417,1.200,1680,0,3.335,0,0,3.335
KLWX20140903-6,KLWX20140903_104740_V06,5,3.384,1.200,1684,0,3.347,0,0,3.347
KLWX20140903-6,KLWX20140903_105236_V06,0,0.483,1.200,4941,0,41544.640,565,0,39517.109
KLWX20140903-6,KLWX20140903_105236_V06,2,1.450,1.200,4943,0,83.612,19,0,67.039
KLWX20140903-6,KLWX20140903_105236_V06,4,2.417,1.200,2473,0,5.036,0,0,5.036
KLWX20140903-6,KLWX20140903_105236_V06,5,3.384,1.200,2478,0,5.061,0,0,5.061
KLWX20140903-8,KLWX20140903_104740_V06,0,0.483,1.200,1848,0,10681.880,137,0,9321.712
KLWX20140903-8,KLWX20140903_104740_V06,2,1.450,1.200,1847,0,3.766,0,0,3.766
KLWX20140903-8,KLWX20140903_104740_V06,4,2.417,1.200,928,0,96.262,3,0,57.894
KLWX20140903-8,KLWX20140903_105236_V06,0,0.483,1.200,3463,0,17508.304,280,0,14580.527
KLWX20140903-8,KLWX20140903_105236_V06,2,1.450,1.200,3465,0,7.102,0,0,7.102
KLWX20140903-8,KLWX20140903_105236_V06,4,2.417,1.200,1728,0,466.553,24,0,109.759
KLWX20140903-2,KLWX20140903_103249_V06,0,0.483,1.200,7684,0,62745.075,921,0,10816.165
KLWX20140903-2,KLWX20140903_103249_V06,2,1.450,1.200,7694,0,114720.938,756,0,3030.956
KLWX20140903-2,KLWX20140903_103249_V06,4,2.417,1.200,3842,0,75520.149,323,0,24882.891
KLWX20140905-2,KLWX20140905_104813_V06,0,0.483,1.200,1113,0,41051.191,83,0,40851.530
KLWX20140905-2,KLWX20140905_104813_V06,2,1.494,1.200,1115,0,1200.792,117,0,1040.682
KLWX20140905-2,KLWX20140905_104813_V06,4,2.505,1.200,561,0,14.810,1,0,13.408
KLWX20140905-2,KLWX20140905_104813_V06,5,3.516,1.200,558,0,5.773,0,0,5.773
KLWX20140905-2,KLWX20140905_104813_V06,6,4.482,1.200,558,0,2.945,0,0,2.945
KLWX20140905-3,KLWX20140905_110743_V06,0,0.483,1.200,434,0,4900.846,21,0,4865.389
KLWX20140905-3,KLWX20140905_110743_V06,2,1.494,1.200,434,0,81.741,50,0,53.727
KLWX20140905-3,KLWX20140905_110743_V06,4,2.505,1.200,218,0,0.343,0,0,0.343
KLWX20140905-3,KLWX20140905_110743_V06,5,3.516,1.200,216,0,0.341,0,0,0.341
KLWX20140906-1,KLWX20140906_104727_V06,0,0.483,1.200,4025,0,33592.381,127,0,2314.713
KLWX20140906-1,KLWX20140906_105713_V06,0,0.483,1.200,6357,0,8929.616,86,0,1350.890
KLWX20140906-2,KLWX20140906_105713_V06,0,0.483,1.200,1286,0,37091.236,150,0,36909.252
KLWX20140906-2,KLWX20140906_105713_V06,2,1.494,1.200,1285,0,626.840,133,0,593.469
KLWX20140906-2,KLWX20140906_105713_V06,4,2.505,1.200,646,0,28.103,18,0,22.714
KLWX20140906-2,KLWX20140906_105713_V06,5,3.516,1.200,645,0,17.087,10,0,12.412
KLWX20140906-2,KLWX20140906_105713_V06,6,4.482,1.200,645,0,6.049,2,0,5.595
KLWX20140907-3,KLWX20140907_103217_V06,0,0.483,1.200,4994,0,98579.935,252,0,92683.627
KLWX20140907-3,KLWX20140907_103217_V06,2,1.450,1.200,4999,0,11.968,0,0,11.968
KLWX20140907-3,KLWX20140907_103716_V06,0,0.483,1.200,7536,0,166564.076,449,0,156716.406
KLWX20140907-3,KLWX20140907_103716_V06,2,1.450,1.200,7536,0,18.252,0,0,18.252
KLWX20140907-3,KLWX20140907_104213_V06,0,0.483,1.200,9595,0,172693.886,621,0,158771.944
KLWX20140907-3,KLWX20140907_104213_V06,2,1.450,1.200,9600,0,24.095,0,0,24.095
KLWX20140907-3,KLWX20140907_104709_V06,0,0.483,1.200,11858,0,159325.302,789,0,139067.393
KLWX20140907-3,KLWX20140907_104709_V06,2,1.450,1.200,11854,0,52.802,0,0,52.802
KLWX20140907-3,KLWX20140907_105206_V06,0,0.483,1.200,15592,0,137456.358,1014,0,115389.247
KLWX20140907-3,KLWX20140907_105206_V06,2,1.450,1.200,15594,0,603.322,7,0,56.324
KLWX20140907-3,KLWX20140907_105703_V06,0,0.483,1.200,20633,0,119038.211,1325,0,96531.703
KLWX20140907-3,KLWX20140907_105703_V06,2,1.450,1.200,20631,0,495.860,14,0,260.552
KLWX20140907-3,KLWX20140907_110200_V06,0,0.483,1.200,25854,0,93592.688,1649,0,72321.004
KLWX20140907-3,KLWX20140907_110200_V06,2,1.450,1.200,25868,0,492.900,7,0,247.216
KLWX20140907-3,KLWX20140907_110656_V06,0,0.483,1.200,29366,0,89652.853,2103,0,66315.019
KLWX20140907-3,KLWX20140907_110656_V06,2,1.450,1.200,29406,0,3482.592,25,0,442.609
KLWX20140907-1,KLWX20140907_103217_V06,0,0.483,1.200,484,0,79044.356,8,0,77946.853
KLWX20140907-1,KLWX20140907_103217_V06,2,1.450,1.200,483,0,6681.891,34,0,6050.401
KLWX20140907-1,KLWX20140907_103217_V06,4,2.417,1.200,241,0,28.226,11,0,21.857
KLWX20140907-1,KLWX20140907_103217_V06,5,3.384,1.200,242,0,0.223,0,0,0.223
KLWX20140907-1,KLWX20140907_103217_V06,6,4.307,1.200,244,0,0.225,0,0,0.225
KLWX20140907-1,KLWX20140907_103716_V06,0,0.483,1.200,1979,0,229781.060,70,0,226751.367
KLWX20140907-1,KLWX20140907_103716_V06,2,1.450,1.200,1976,0,19958.073,245,0,16449.771
KLWX20140907-1,KLWX20140907_103716_V06,4,2.417,1.200,990,0,36.581,5,0,33.138
KLWX20140907-1,KLWX20140907_103716_V06,5,3.384,1.200,989,0,18.800,4,0,17.790
KLWX20140907-1,KLWX20140907_103716_V06,6,4.307,1.200,997,0,2.192,0,0,2.192
KLWX20140907-1,KLWX20140907_104213_V06,0,0.483,1.200,3421,0,230595.533,74,0,227396.431
KLWX20140907-1,KLWX20140907_104213_V06,2,1.450,1.200,3428,0,53435.228,315,0,48912.880
KLWX20140907-1,KLWX20140907_104213_V06,4,2.417,1.200,1714,0,66.339,5,0,61.374
KLWX20140907-1,KLWX20140907_104213_V06,5,3.384,1.200,1712,0,25.257,8,0,22.893
KLWX20140907-1,KLWX20140907_104213_V06,6,4.307,1.200,1717,0,13.594,2,0,8.999
KLWX20140907-1,KLWX20140907_104213_V06,7,6.021,1.200,1727,0,3.005,0,0,3.005
KLWX20140907-1,KLWX20140907_104709_V06,0,0.483,1.200,5097,0,199999.864,95,0,196545.968
KLWX20140907-1,KLWX20140907_104709_V06,2,1.450,1.200,5105,0,78701.468,366,0,73459.680
KLWX20140907-1,KLWX20140907_104709_V06,4,2.417,1.200,2556,0,241.790,28,0,204.101
KLWX20140907-1,KLWX20140907_104709_V06,5,3.384,1.200,2555,0,50.616,17,0,47.470
KLWX20140907-1,KLWX20140907_104709_V06,6,4.307,1.200,2557,0,19.403,32,0,13.914
KLWX20140907-1,KLWX20140907_104709_V06,7,6.021,1.200,2571,0,9.411,3,0,8.486
KLWX20140907-1,KLWX20140907_105206_V06,0,0.483,1.200,7348,0,186041.266,148,0,182130.899
KLWX20140907-1,KLWX20140907_105206_V06,2,1.450,1.200,7356,0,88925.775,505,0,82479.016
KLWX20140907-1,KLWX20140907_105206_V06,4,2.417,1.200,3683,0,1247.544,114,0,854.336
KLWX20140907-1,KLWX20140907_105206_V06,5,3.384,1.200,3688,0,62.293,24,0,54.164
KLWX20140907-1,KLWX20140907_105206_V06,6,4.307,1.200,3688,0,37.241,40,0,31.397
KLWX20140907-1,KLWX20140907_105206_V06,7,6.021,1.200,3696,0,11.741,8,0,9.035
KLWX20140907-1,KLWX20140907_105703_V06,0,0.483,1.200,13740,0,230030.441,430,0,220795.146
KLWX20140907-1,KLWX20140907_105703_V06,2,1.450,1.200,13743,0,98874.981,1096,0,88788.556
KLWX20140907-1,KLWX20140907_105703_V06,4,2.417,1.200,6878,0,2929.014,303,0,2365.040
KLWX20140907-1,KLWX20140907_105703_V06,5,3.384,1.200,6878,0,118.985,69,0,93.333
KLWX20140907-1,KLWX20140907_105703_V06,6,4.307,1.200,6897,0,62.365,37,0,56.049
KLWX20140907-1,KLWX20140907_105703_V06,7,6.021,1.200,6914,0,43.087,134,0,33.152
KLWX20140907-4,KLWX20140907_104709_V06,0,0.483,1.200,1049,0,8330.931,82,0,5402.734
KLWX20140907-4,KLWX20140907_104709_V06,2,1.450,1.200,1054,0,3.612,0,0,3.612
KLWX20140907-4,KLWX20140907_105206_V06,0,0.483,1.200,2393,0,12881.204,140,0,9317.126
KLWX20140907-4,KLWX20140907_105206_V06,2,1.450,1.200,2398,0,8.241,0,0,8.241
KLWX20140907-4,KLWX20140907_105703_V06,0,0.483,1.200,4145,0,19595.913,242,0,13698.498
KLWX20140907-4,KLWX20140907_105703_V06,2,1.450,1.200,4143,0,14.292,0,0,14.292
KLWX20140907-4,KLWX20140907_110200_V06,0,0.483,1.200,7822,0,51991.811,455,0,40036.594
KLWX20140907-4,KLWX20140907_110200_V06,2,1.450,1.200,7830,0,26.625,0,0,26.625
KLWX20140907-4,KLWX20140907_110656_V06,0,0.483,1.200,8557,0,123811.651,563,0,103907.501
KLWX20140907-4,KLWX20140907_110656_V06,2,1.450,1.200,8562,0,121.314,2,0,53.864
KLWX20140908-1,KLWX20140908_103629_V06,0,0.483,1.200,559,0,36252.021,58,0,34306.430
KLWX20140908-1,KLWX20140908_103629_V06,2,1.450,1.200,560,0,24.657,16,0,16.301
KLWX20140908-1,KLWX20140908_103629_V06,4,2.417,1.200,279,0,0.303,0,0,0.303
KLWX20140908-1,KLWX20140908_103629_V06,5,3.384,1.200,283,0,0.308,0,0,0.308
KLWX20140908-1,KLWX20140908_103629_V06,6,4.307,1.200,282,0,0.308,0,0,0.308
KLWX20140908-1,KLWX20140908_104126_V06,0,0.483,1.200,1792,0,51397.496,215,0,47402.151
KLWX20140908-1,KLWX20140908_104126_V06,2,1.450,1.200,1790,0,225.763,50,0,192.379
KLWX20140908-1,KLWX20140908_104126_V06,4,2.417,1.200,894,0,2.958,0,0,2.958
KLWX20140908-1,KLWX20140908_104126_V06,5,3.384,1.200,897,0,0.993,0,0,0.993
KLWX20140908-1,KLWX20140908_104126_V06,6,4.307,1.200,899,0,0.998,0,0,0.998
KLWX20140908-1,KLWX20140908_104623_V06,0,0.483,1.200,2072,0,45139.222,264,0,42139.033
KLWX20140908-1,KLWX20140908_104623_V06,2,1.450,1.200,2069,0,3469.635,59,0,3215.677
KLWX20140908-1,KLWX20140908_104623_V06,4,2.417,1.200,1034,0,1.222,0,0,1.222
KLWX20140908-1,KLWX20140908_104623_V06,5,3.384,1.200,1040,0,1.232,0,0,1.232
KLWX20140908-1,KLWX20140908_104623_V06,6,4.307,1.200,1039,0,1.233,0,0,1.233
KLWX20140908-1,KLWX20140908_105119_V06,0,0.483,1.200,2778,0,33075.177,371,0,31436.828
KLWX20140908-1,KLWX20140908_105119_V06,2,1.450,1.200,2782,0,7564.170,93,0,7394.954
KLWX20140908-1,KLWX20140908_105119_V06,4,2.417,1.200,1390,0,11.231,0,0,11.231
KLWX20140908-1,KLWX20140908_105119_V06,5,3.384,1.200,1389,0,1.712,0,0,1.712
KLWX20140908-1,KLWX20140908_105119_V06,6,4.307,1.200,1392,0,1.718,0,0,1.718
KLWX20140908-1,KLWX20140908_105615_V06,0,0.483,1.200,6962,0,64386.174,808,0,60944.540
KLWX20140908-1,KLWX20140908_105615_V06,2,1.450,1.200,6970,0,3322.884,243,0,3065.430
KLWX20140908-1,KLWX20140908_105615_V06,4,2.417,1.200,3488,0,36.329,0,0,36.329
KLWX20140908-1,KLWX20140908_105615_V06,5,3.384,1.200,3494,0,16.105,2,0,13.288
KLWX20140908-1,KLWX20140908_105615_V06,6,4.307,1.200,3491,0,18.730,4,0,17.259
KLWX20140908-3,KLWX20140908_103629_V06,0,0.483,1.200,12534,0,150043.240,528,0,10355.082
KLWX20140908-3,KLWX20140908_103629_V06,2,1.450,1.200,12565,0,416941.822,2420,0,22344.868
KLWX20140908-4,KLWX20140908_104623_V06,0,0.483,1.200,9941,0,127344.511,465,0,118903.805
KLWX20140908-4,KLWX20140908_104623_V06,2,1.450,1.200,9941,0,801.291,25,0,576.459
KLWX20140908-4,KLWX20140908_105119_V06,0,0.483,1.200,3943,0,102601.230,207,0,97616.803
KLWX20140908-4,KLWX20140908_105119_V06,2,1.450,1.200,3947,0,257.412,12,0,142.076
KLWX20140908-6,KLWX20140908_110610_V06,0,0.483,1.200,4648,0,70238.359,240,0,65060.459
KLWX20140908-6,KLWX20140908_110610_V06,2,1.450,1.200,4650,0,2848.974,40,0,2227.079
KLWX20140909-7,KLWX20140909_110524_V06,0,0.483,1.200,759,0,78416.747,27,0,78372.859
KLWX20140909-7,KLWX20140909_110524_V06,2,1.450,1.200,759,0,33.097,38,0,21.171
KLWX20140909-7,KLWX20140909_110524_V06,4,2.417,1.200,377,0,12.628,3,0,7.032
KLWX20140909-7,KLWX20140909_110524_V06,5,3.384,1.200,378,0,0.280,0,0,0.280
KLWX20140909-7,KLWX20140909_110524_V06,6,4.307,1.200,381,0,0.282,0,0,0.282
KLWX20140909-7,KLWX20140909_110524_V06,7,6.021,1.200,379,0,0.283,0,0,0.283
KLWX20140909-7,KLWX20140909_111021_V06,0,0.483,1.200,3176,0,126299.645,292,0,125442.550
KLWX20140909-7,KLWX20140909_111021_V06,2,1.450,1.200,3180,0,118.221,167,0,68.724
KLWX20140909-7,KLWX20140909_111021_V06,4,2.417,1.200,1594,0,15.792,4,0,12.797
KLWX20140909-7,KLWX20140909_111021_V06,5,3.384,1.200,1593,0,5.836,1,0,5.440
KLWX20140909-7,KLWX20140909_111021_V06,6,4.307,1.200,1594,0,10.283,4,0,8.173
KLWX20140909-7,KLWX20140909_111021_V06,7,6.021,1.200,1603,0,1.186,0,0,1.186
KLWX20140909-7,KLWX20140909_111519_V06,0,0.483,1.200,4187,0,130602.646,338,0,129650.619
KLWX20140909-7,KLWX20140909_111519_V06,2,1.450,1.200,4187,0,143.094,191,0,79.546
KLWX20140909-7,KLWX20140909_111519_V06,4,2.417,1.200,2097,0,52.781,9,0,18.380
KLWX20140909-7,KLWX20140909_111519_V06,5,3.384,1.200,2101,0,6.972,2,0,5.071
KLWX20140909-7,KLWX20140909_111519_V06,6,4.307,1.200,2101,0,4.456,0,0,4.456
KLWX20140909-7,KLWX20140909_111519_V06,7,6.021,1.200,2109,0,2.697,0,0,2.697
KLWX20140909-7,KLWX20140909_112016_V06,0,0.483,1.200,4761,0,135523.720,271,0,134247.292
KLWX20140909-7,KLWX20140909_112016_V06,2,1.450,1.200,4763,0,178.299,218,0,75.256
KLWX20140909-7,KLWX20140909_112016_V06,4,2.417,1.200,2388,0,18.776,6,0,12.210
KLWX20140909-7,KLWX20140909_112016_V06,5,3.384,1.200,2388,0,9.991,3,0,7.667
KLWX20140909-7,KLWX20140909_112016_V06,6,4.307,1.200,2383,0,10.589,3,0,9.430
KLWX20140909-7,KLWX20140909_112016_V06,7,6.021,1.200,2396,0,5.882,4,0,1.783
KLWX20140909-7,KLWX20140909_112513_V06,0,0.483,1.200,5143,0,158346.189,296,0,155832.613
KLWX20140909-7,KLWX20140909_112513_V06,2,1.450,1.200,5146,0,155.324,180,0,76.431
KLWX20140909-7,KLWX20140909_112513_V06,4,2.417,1.200,2575,0,16.947,2,0,15.616
KLWX20140909-7,KLWX20140909_112513_V06,5,3.384,1.200,2575,0,4.972,1,0,2.992
KLWX20140909-7,KLWX20140909_112513_V06,6,4.307,1.200,2580,0,3.731,0,0,3.731
KLWX20140909-7,KLWX20140909_112513_V06,7,6.021,1.200,2595,0,3.935,1,0,3.600
KLWX20140909-3,KLWX20140909_105032_V06,0,0.483,1.200,584,0,3267.039,15,0,3255.163
KLWX20140909-3,KLWX20140909_105032_V06,2,1.450,1.200,586,0,0.306,0,0,0.306
KLWX20140909-3,KLWX20140909_105032_V06,4,2.417,1.200,292,0,0.306,0,0,0.306
KLWX20140909-3,KLWX20140909_105032_V06,5,3.384,1.200,293,0,0.307,0,0,0.307
KLWX20140909-3,KLWX20140909_105032_V06,6,4.307,1.200,293,0,0.307,0,0,0.307
KLWX20140909-3,KLWX20140909_105529_V06,0,0.483,1.200,2089,0,5060.803,66,0,4994.301
KLWX20140909-3,KLWX20140909_105529_V06,2,1.450,1.200,2092,0,6.476,16,0,2.562
KLWX20140909-3,KLWX20140909_105529_V06,4,2.417,1.200,1047,0,1.096,0,0,1.096
KLWX20140909-3,KLWX20140909_105529_V06,5,3.384,1.200,1049,0,1.100,0,0,1.100
KLWX20140909-3,KLWX20140909_105529_V06,6,4.307,1.200,1044,0,1.097,0,0,1.097
KLWX20140909-3,KLWX20140909_110027_V06,0,0.483,1.200,668,0,5044.986,11,0,5039.834
KLWX20140909-3,KLWX20140909_110027_V06,2,1.450,1.200,667,0,4.500,7,0,1.684
KLWX20140909-3,KLWX20140909_110027_V06,4,2.417,1.200,331,0,0.332,0,0,0.332
KLWX20140909-3,KLWX20140909_110027_V06,5,3.384,1.200,332,0,0.333,0,0,0.333
KLWX20140909-3,KLWX20140909_110027_V06,6,4.307,1.200,335,0,0.337,0,0,0.337
KLWX20140909-1,KLWX20140909_104536_V06,0,0.483,1.200,592,0,5450.316,4,0,5445.900
KLWX20140909-1,KLWX20140909_104536_V06,2,1.450,1.200,589,0,12.588,0,0,12.588
KLWX20140909-1,KLWX20140909_104536_V06,4,2.417,1.200,297,0,0.545,0,0,0.545
KLWX20140909-1,KLWX20140909_104536_V06,5,3.384,1.200,295,0,0.542,0,0,0.542
KLWX20140909-10,KLWX20140909_114004_V06,0,0.483,1.200,789,0,6844.088,32,0,6779.171
KLWX20140909-10,KLWX20140909_114004_V06,2,1.450,1.200,789,0,2.268,0,0,2.268
KLWX20140909-10,KLWX20140909_114004_V06,4,2.417,1.200,397,0,0.619,0,0,0.619
KLWX20140909-10,KLWX20140909_114004_V06,5,3.384,1.200,395,0,0.616,0,0,0.616
KLWX20140909-10,KLWX20140909_114004_V06,6,4.307,1.200,397,0,0.621,0,0,0.621
KLWX20140909-13,KLWX20140909_114501_V06,0,0.483,1.200,4243,0,78498.085,369,0,77579.570
KLWX20140909-13,KLWX20140909_114501_V06,2,1.450,1.200,4241,0,21.204,56,0,11.129
KLWX20140909-13,KLWX20140909_114501_V06,4,2.417,1.200,2125,0,7.685,1,0,7.202
KLWX20140909-13,KLWX20140909_114501_V06,5,3.384,1.200,2130,0,4.003,0,0,4.003
KLWX20140909-13,KLWX20140909_114501_V06,6,4.307,1.200,2135,0,1.468,0,0,1.468
KLWX20140909-13,KLWX20140909_114501_V06,7,6.021,1.200,2138,0,1.477,0,0,1.477
KLWX20140909-14,KLWX20140909_115954_V06,0,0.483,1.200,3954,0,91919.320,472,0,90159.167
KLWX20140909-14,KLWX20140909_115954_V06,2,1.450,1.200,3956,0,84.444,83,0,69.132
KLWX20140909-14,KLWX20140909_115954_V06,4,2.417,1.200,1982,0,4.642,4,0,4.056
KLWX20140909-14,KLWX20140909_115954_V06,5,3.384,1.200,1987,0,1.754,0,0,1.754
KLWX20140909-14,KLWX20140909_115954_V06,6,4.307,1.200,1988,0,1.039,0,0,1.039
KLWX20140909-14,KLWX20140909_115954_V06,7,6.021,1.200,1990,0,1.045,0,0,1.045
KLWX20140909-14,KLWX20140909_120451_V06,0,0.483,1.200,9520,0,99848.556,1188,0,98035.162
KLWX20140909-14,KLWX20140909_120451_V06,2,1.450,1.200,9529,0,972.118,524,0,840.629
KLWX20140909-14,KLWX20140909_120451_V06,4,2.417,1.200,4766,0,51.483,3,0,51.323
KLWX20140909-14,KLWX20140909_120451_V06,5,3.384,1.200,4776,0,11.178,37,0,7.312
KLWX20140909-14,KLWX20140909_120451_V06,6,4.307,1.200,4779,0,5.458,28,0,4.091
KLWX20140909-14,KLWX20140909_120451_V06,7,6.021,1.200,4797,0,2.707,0,0,2.707
KLWX20140909-14,KLWX20140909_120948_V06,0,0.483,1.200,3542,0,95900.622,326,0,95358.068
KLWX20140909-14,KLWX20140909_120948_V06,2,1.450,1.200,3545,0,101.453,145,0,83.707
KLWX20140909-14,KLWX20140909_120948_V06,4,2.417,1.200,1776,0,2.357,0,0,2.357
KLWX20140909-14,KLWX20140909_120948_V06,5,3.384,1.200,1776,0,0.963,0,0,0.963
KLWX20140909-14,KLWX20140909_120948_V06,6,4.307,1.200,1782,0,0.968,0,0,0.968
KLWX20140909-14,KLWX20140909_120948_V06,7,6.021,1.200,1788,0,0.978,0,0,0.978
KLWX20140910-1,KLWX20140910_104352_V06,0,0.483,1.200,3576,0,15097.489,43,0,14209.813
KLWX20140910-1,KLWX20140910_104352_V06,2,1.494,1.200,3581,0,9.321,0,0,9.321
KLWX20140910-1,KLWX20140910_105337_V06,0,0.483,1.200,9086,0,59813.969,218,0,56983.696
KLWX20140910-1,KLWX20140910_105337_V06,2,1.494,1.200,9098,0,74.777,3,0,54.337
KLWX20140910-1,KLWX20140910_110322_V06,0,0.483,1.200,15844,0,85191.447,661,0,78002.271
KLWX20140910-1,KLWX20140910_110322_V06,2,1.494,1.200,15872,0,941.498,23,0,848.573
KLWX20140910-1,KLWX20140910_111309_V06,0,0.483,1.200,24966,0,45581.863,951,0,37494.902
KLWX20140910-1,KLWX20140910_111309_V06,2,1.494,1.200,24990,0,959.738,51,0,632.876
KLWX20140910-2,KLWX20140910_105337_V06,0,0.483,1.200,2673,0,61423.882,146,0,61057.582
KLWX20140910-2,KLWX20140910_105337_V06,2,1.494,1.200,2675,0,15.336,11,0,11.103
KLWX20140910-2,KLWX20140910_105337_V06,4,2.505,1.200,1340,0,2.127,0,0,2.127
KLWX20140910-2,KLWX20140910_105337_V06,5,3.516,1.200,1342,0,8.539,0,0,8.539
KLWX20140910-2,KLWX20140910_105337_V06,6,4.482,1.200,1339,0,1.730,0,0,1.730
KLWX20140910-2,KLWX20140910_110322_V06,0,0.483,1.200,4301,0,50171.115,259,0,49359.592
KLWX20140910-2,KLWX20140910_110322_V06,2,1.494,1.200,4299,0,202.740,95,0,57.354
KLWX20140910-2,KLWX20140910_110322_V06,4,2.505,1.200,2148,0,11.967,2,0,10.581
KLWX20140910-2,KLWX20140910_110322_V06,5,3.516,1.200,2151,0,15.614,2,0,13.216
KLWX20140910-2,KLWX20140910_110322_V06,6,4.482,1.200,2157,0,5.453,0,0,5.453
KLWX20140910-2,KLWX20140910_111309_V06,0,0.483,1.200,9140,0,17862.178,634,0,15665.687
KLWX20140910-2,KLWX20140910_111309_V06,2,1.494,1.200,9145,0,1133.226,344,0,373.251
KLWX20140910-2,KLWX20140910_111309_V06,4,2.505,1.200,4581,0,312.036,2,0,311.633
KLWX20140910-2,KLWX20140910_111309_V06,5,3.516,1.200,4583,0,33.443,0,0,33.443
KLWX20140910-2,KLWX20140910_111309_V06,6,4.482,1.200,4586,0,13.589,0,0,13.589
KLWX20140910-4,KLWX20140910_110322_V06,0,0.483,1.200,1181,0,45123.121,140,0,44773.539
KLWX20140910-4,KLWX20140910_110322_V06,2,1.494,1.200,1187,0,87.222,111,0,48.766
KLWX20140910-4,KLWX20140910_110322_V06,4,2.505,1.200,592,0,6.082,4,0,0.348
KLWX20140910-4,KLWX20140910_110322_V06,5,3.516,1.200,589,0,1.170,0,0,1.170
KLWX20140910-4,KLWX20140910_110322_V06,6,4.482,1.200,588,0,8.108,0,0,8.108
KLWX20140910-4,KLWX20140910_111309_V06,0,0.483,1.200,6097,0,64555.863,1064,0,62147.314
KLWX20140910-4,KLWX20140910_111309_V06,2,1.494,1.200,6098,0,277.556,375,0,146.421
KLWX20140910-4,KLWX20140910_111309_V06,4,2.505,1.200,3052,0,4.973,0,0,4.973
KLWX20140910-4,KLWX20140910_111309_V06,5,3.516,1.200,3052,0,3.733,0,0,3.733
KLWX20140910-4,KLWX20140910_111309_V06,6,4.482,1.200,3052,0,1.643,0,0,1.643
KLWX20140910-4,KLWX20140910_112254_V06,0,0.483,1.200,2998,0,49981.393,332,0,49079.140
KLWX20140910-4,KLWX20140910_112254_V06,2,1.494,1.200,2997,0,152.699,167,0,82.654
KLWX20140910-4,KLWX20140910_112254_V06,4,2.505,1.200,1500,0,3.809,0,0,3.809
KLWX20140910-4,KLWX20140910_112254_V06,5,3.516,1.200,1504,0,1.156,0,0,1.156
KLWX20140910-4,KLWX20140910_112254_V06,6,4.482,1.200,1508,0,1.162,0,0,1.162
KLWX20140910-9,KLWX20140910_111309_V06,0,0.483,1.200,659,0,2463.478,6,0,2458.001
KLWX20140910-9,KLWX20140910_111309_V06,2,1.494,1.200,660,0,0.442,0,0,0.442
KLWX20140910-9,KLWX20140910_111309_V06,4,2.505,1.200,329,0,0.441,0,0,0.441
KLWX20140910-9,KLWX20140910_111309_V06,5,3.516,1.200,329,0,0.442,0,0,0.442
KLWX20140910-9,KLWX20140910_111309_V06,6,4.482,1.200,331,0,0.446,0,0,0.446
KLWX20140910-9,KLWX20140910_112254_V06,0,0.483,1.200,3174,0,4751.348,61,0,4675.949
KLWX20140910-9,KLWX20140910_112254_V06,2,1.494,1.200,3175,0,10.472,8,0,6.039
KLWX20140910-9,KLWX20140910_112254_V06,4,2.505,1.200,1589,0,2.149,0,0,2.149
KLWX20140910-9,KLWX20140910_112254_V06,5,3.516,1.200,1589,0,2.153,0,0,2.153
KLWX20140910-9,KLWX20140910_112254_V06,6,4.482,1.200,1591,0,2.162,0,0,2.162
KLWX20140910-9,KLWX20140910_113238_V06,0,0.483,1.200,2148,0,4412.441,39,0,4369.902
KLWX20140910-9,KLWX20140910_113238_V06,2,1.494,1.200,2151,0,3.230,3,0,1.706
KLWX20140910-9,KLWX20140910_113238_V06,4,2.505,1.200,1074,0,1.449,0,0,1.449
KLWX20140910-9,KLWX20140910_113238_V06,5,3.516,1.200,1076,0,1.455,0,0,1.455
KLWX20140910-9,KLWX20140910_113238_V06,6,4.482,1.200,1078,0,1.462,0,0,1.462
KLWX20140910-9,KLWX20140910_114224_V06,0,0.483,1.200,5830,0,5468.865,106,0,5345.950
KLWX20140910-9,KLWX20140910_114224_V06,2,1.494,1.200,5834,0,26.973,30,0,9.981
KLWX20140910-9,KLWX20140910_114224_V06,4,2.505,1.200,2918,0,3.879,0,0,3.879
KLWX20140910-9,KLWX20140910_114224_V06,5,3.516,1.200,2919,0,3.887,0,0,3.887
KLWX20140910-9,KLWX20140910_114224_V06,6,4.482,1.200,2927,0,3.907,0,0,3.907
KLWX20140910-10,KLWX20140910_111309_V06,0,0.483,1.200,603,0,4893.330,49,0,4783.804
KLWX20140910-10,KLWX20140910_111309_V06,2,1.494,1.200,605,0,0.709,0,0,0.709
KLWX20140910-10,KLWX20140910_111309_V06,4,2.505,1.200,299,0,0.702,0,0,0.702
KLWX20140910-10,KLWX20140910_111309_V06,5,3.516,1.200,301,0,0.708,0,0,0.708
KLWX20140910-15,KLWX20140910_114224_V06,0,0.483,1.200,4591,0,135923.177,503,0,133888.272
KLWX20140910-15,KLWX20140910_114224_V06,2,1.494,1.200,4594,0,1996.617,619,0,1679.299
KLWX20140910-15,KLWX20140910_114224_V06,4,2.505,1.200,2297,0,34.695,11,0,28.620
KLWX20140910-15,KLWX20140910_114224_V06,5,3.516,1.200,2303,0,4.763,0,0,4.763
KLWX20140910-15,KLWX20140910_114224_V06,6,4.482,1.200,2310,0,1.308,0,0,1.308
KLWX20140910-16,KLWX20140910_114224_V06,0,0.483,1.200,10610,0,27614.427,380,0,19820.384
KLWX20140910-16,KLWX20140910_114224_V06,2,1.494,1.200,10621,0,1142.925,41,0,878.252
KLWX20140912-1,KLWX20140912_103453_V06,0,0.483,1.200,526,0,131356.232,47,0,129122.858
KLWX20140912-1,KLWX20140912_103453_V06,2,0.879,1.200,526,0,57665.460,45,0,54959.098
KLWX20140912-1,KLWX20140912_103453_V06,4,1.318,1.200,528,0,1083.462,41,0,1007.312
KLWX20140912-1,KLWX20140912_103453_V06,6,1.802,1.200,264,0,0.233,0,0,0.233
KLWX20140912-1,KLWX20140912_103453_V06,7,2.417,1.200,266,0,0.235,0,0,0.235
KLWX20140912-1,KLWX20140912_103453_V06,8,3.120,1.200,266,0,0.235,0,0,0.235
KLWX20140912-1,KLWX20140912_103453_V06,9,3.999,1.200,263,0,0.233,0,0,0.233
KLWX20140912-1,KLWX20140912_103453_V06,10,5.098,1.200,265,0,0.236,0,0,0.236
KLWX20140912-1,KLWX20140912_103806_V06,0,0.483,1.200,1292,0,242814.343,106,0,235318.118
KLWX20140912-1,KLWX20140912_103806_V06,2,0.879,1.200,1291,0,197162.503,74,0,190797.985
KLWX20140912-1,KLWX20140912_103806_V06,4,1.318,1.200,1289,0,17612.893,56,0,17014.536
KLWX20140912-1,KLWX20140912_103806_V06,6,1.802,1.200,653,0,19.527,3,0,18.076
KLWX20140912-1,KLWX20140912_103806_V06,7,2.417,1.200,649,0,1.760,0,0,1.760
KLWX20140912-1,KLWX20140912_103806_V06,8,3.120,1.200,650,0,0.566,0,0,0.566
KLWX20140912-1,KLWX20140912_103806_V06,9,3.999,1.200,644,0,1.088,0,0,1.088
KLWX20140912-1,KLWX20140912_103806_V06,10,5.098,1.200,644,0,0.565,0,0,0.565
KLWX20140912-1,KLWX20140912_104117_V06,0,0.483,1.200,2258,0,258193.407,112,0,247819.559
KLWX20140912-1,KLWX20140912_104117_V06,2,0.879,1.200,2257,0,268235.741,91,0,264327.981
KLWX20140912-1,KLWX20140912_104117_V06,4,1.318,1.200,2262,0,40168.008,125,0,38422.827
KLWX20140912-1,KLWX20140912_104117_V06,6,1.802,1.200,1131,0,152.352,38,0,116.697
KLWX20140912-1,KLWX20140912_104117_V06,7,2.417,1.200,1135,0,3.708,0,0,3.708
KLWX20140912-1,KLWX20140912_104117_V06,8,3.120,1.200,1135,0,4.487,0,0,4.487
KLWX20140912-1,KLWX20140912_104117_V06,9,3.999,1.200,1134,0,6.077,0,0,6.077
KLWX20140912-1,KLWX20140912_104117_V06,10,5.098,1.200,1134,0,1.151,0,0,1.151
KLWX20140912-1,KLWX20140912_104430_V06,0,0.483,1.200,3736,0,267605.703,139,0,262415.144
KLWX20140912-1,KLWX20140912_104430_V06,2,0.879,1.200,3739,0,282761.524,137,0,276546.376
KLWX20140912-1,KLWX20140912_104430_V06,4,1.318,1.200,3739,0,41150.591,241,0,39501.896
KLWX20140912-1,KLWX20140912_104430_V06,6,1.802,1.200,1868,0,870.656,202,0,535.097
KLWX20140912-1,KLWX20140912_104430_V06,7,2.417,1.200,1868,0,15.054,4,0,13.255
KLWX20140912-1,KLWX20140912_104430_V06,8,3.120,1.200,1868,0,5.470,0,0,5.470
KLWX20140912-1,KLWX20140912_104430_V06,9,3.999,1.200,1875,0,8.440,6,0,6.704
KLWX20140912-1,KLWX20140912_104430_V06,10,5.098,1.200,1879,0,4.012,2,0,3.280
KLWX20140912-1,KLWX20140912_104741_V06,0,0.483,1.200,6526,0,316267.107,218,0,310858.483
KLWX20140912-1,KLWX20140912_104741_V06,2,0.879,1.200,6527,0,284805.692,227,0,280029.531
KLWX20140912-1,KLWX20140912_104741_V06,4,1.318,1.200,6528,0,62132.231,545,0,59136.766
KLWX20140912-1,KLWX20140912_104741_V06,6,1.802,1.200,3268,0,4161.965,569,0,2631.374
KLWX20140912-1,KLWX20140912_104741_V06,7,2.417,1.200,3267,0,313.803,141,0,181.444
KLWX20140912-1,KLWX20140912_104741_V06,8,3.120,1.200,3273,0,23.501,7,0,21.980
KLWX20140912-1,KLWX20140912_104741_V06,9,3.999,1.200,3276,0,16.191,6,0,14.631
KLWX20140912-1,KLWX20140912_104741_V06,10,5.098,1.200,3283,0,12.566,1,0,12.461
KLWX20140912-1,KLWX20140912_104741_V06,11,6.416,1.200,3293,0,7.992,3,0,7.661
KLWX20140912-1,KLWX20140912_105052_V06,0,0.483,1.200,9474,0,309618.147,388,0,304291.027
KLWX20140912-1,KLWX20140912_105052_V06,2,0.879,1.200,9470,0,276050.556,369,0,268908.639
KLWX20140912-1,KLWX20140912_105052_V06,4,1.318,1.200,9471,0,76854.278,819,0,72205.179
KLWX20140912-1,KLWX20140912_105052_V06,6,1.802,1.200,4734,0,10190.948,775,0,7139.539
KLWX20140912-1,KLWX20140912_105052_V06,7,2.417,1.200,4743,0,1215.093,478,0,703.439
KLWX20140912-1,KLWX20140912_105052_V06,8,3.120,1.200,4746,0,52.633,42,0,43.055
KLWX20140912-1,KLWX20140912_105052_V06,9,3.999,1.200,4754,0,25.953,7,0,23.925
KLWX20140912-1,KLWX20140912_105052_V06,10,5.098,1.200,4759,0,16.244,7,0,14.358
KLWX20140912-1,KLWX20140912_105052_V06,11,6.416,1.200,4769,0,14.423,9,0,13.106
KLWX20140912-1,KLWX20140912_105404_V06,0,0.483,1.200,12807,0,286806.086,692,0,279682.433
KLWX20140912-1,KLWX20140912_105404_V06,2,0.879,1.200,12816,0,253078.970,648,0,246646.020
KLWX20140912-1,KLWX20140912_105404_V06,4,1.318,1.200,12811,0,88343.877,1250,0,82320.990
KLWX20140912-1,KLWX20140912_105404_V06,6,1.802,1.200,6404,0,15801.041,985,0,11648.461
KLWX20140912-1,KLWX20140912_105404_V06,7,2.417,1.200,6410,0,3207.718,763,0,1908.184
KLWX20140912-1,KLWX20140912_105404_V06,8,3.120,1.200,6414,0,185.966,190,0,134.398
KLWX20140912-1,KLWX20140912_105404_V06,9,3.999,1.200,6421,0,53.317,27,0,48.075
KLWX20140912-1,KLWX20140912_105404_V06,10,5.098,1.200,6436,0,23.287,3,0,22.631
KLWX20140912-1,KLWX20140912_105404_V06,11,6.416,1.200,6456,0,26.654,13,0,21.355
KLWX20140912-1,KLWX20140912_105718_V06,0,0.483,1.200,16327,0,277527.564,1020,0,268067.666
KLWX20140912-1,KLWX20140912_105718_V06,2,0.879,1.200,16324,0,252169.854,943,0,244051.567
KLWX20140912-1,KLWX20140912_105718_V06,4,1.318,1.200,16328,0,82154.144,1725,0,74755.938
KLWX20140912-1,KLWX20140912_105718_V06,6,1.802,1.200,8169,0,21272.284,1033,0,15051.995
KLWX20140912-1,KLWX20140912_105718_V06,7,2.417,1.200,8167,0,3600.430,830,0,2284.639
KLWX20140912-1,KLWX20140912_105718_V06,8,3.120,1.200,8178,0,755.424,349,0,590.663
KLWX20140912-1,KLWX20140912_105718_V06,9,3.999,1.200,8185,0,95.914,137,0,62.644
KLWX20140912-1,KLWX20140912_105718_V06,10,5.098,1.200,8200,0,22.314,29,0,21.170
KLWX20140912-1,KLWX20140912_105718_V06,11,6.416,1.200,8219,0,20.817,9,0,19.750
KLWX20140912-1,KLWX20140912_110030_V06,0,0.483,1.200,19465,9,253930.708,1609,3,240979.579
KLWX20140912-1,KLWX20140912_110030_V06,2,0.879,1.200,19469,0,211151.797,1363,0,200525.203
KLWX20140912-1,KLWX20140912_110030_V06,4,1.318,1.200,19479,0,75650.031,2362,0,67107.249
KLWX20140912-1,KLWX20140912_110030_V06,6,1.802,1.200,9742,0,22852.734,998,0,16168.150
KLWX20140912-1,KLWX20140912_110030_V06,7,2.417,1.200,9741,0,5446.293,921,0,3408.961
KLWX20140912-1,KLWX20140912_110030_V06,8,3.120,1.200,9753,0,700.031,476,0,421.651
KLWX20140912-1,KLWX20140912_110030_V06,9,3.999,1.200,9761,0,176.397,212,0,121.686
KLWX20140912-1,KLWX20140912_110030_V06,10,5.098,1.200,9783,0,49.888,87,0,44.012
KLWX20140912-1,KLWX20140912_110030_V06,11,6.416,1.200,9794,0,28.945,22,0,26.658
KLWX20140912-1,KLWX20140912_110341_V06,0,0.483,1.200,20764,8,264880.035,1885,7,246845.722
KLWX20140912-1,KLWX20140912_110341_V06,2,0.879,1.200,20767,0,188198.107,1595,0,177866.200
KLWX20140912-1,KLWX20140912_110341_V06,4,1.318,1.200,20768,0,69270.590,2800,0,59313.965
KLWX20140912-1,KLWX20140912_110341_V06,6,1.802,1.200,10377,0,19697.224,1023,0,14216.951
KLWX20140912-1,KLWX20140912_110341_V06,7,2.417,1.200,10397,0,5994.894,981,0,3308.906
KLWX20140912-1,KLWX20140912_110341_V06,8,3.120,1.200,10395,0,887.427,531,0,522.955
KLWX20140912-1,KLWX20140912_110341_V06,9,3.999,1.200,10420,0,241.274,263,0,171.209
KLWX20140912-1,KLWX20140912_110341_V06,10,5.098,1.200,10429,0,64.178,119,0,55.378
KLWX20140912-1,KLWX20140912_110341_V06,11,6.416,1.200,10453,0,27.646,22,0,25.036
KLWX20140912-2,KLWX20140912_103453_V06,0,0.483,1.200,2987,0,3364.785,65,0,1845.545
KLWX20140912-2,KLWX20140912_103453_V06,2,0.879,1.200,2993,0,169.444,10,0,22.510
KLWX20140912-2,KLWX20140912_103453_V06,4,1.318,1.200,2993,0,7.757,0,0,7.757
KLWX20140912-2,KLWX20140912_103453_V06,6,1.802,1.200,1500,0,7.772,0,0,7.772
KLWX20140912-2,KLWX20140912_103806_V06,0,0.483,1.200,4388,0,20228.944,217,0,12092.525
KLWX20140912-2,KLWX20140912_103806_V06,2,0.879,1.200,4386,0,374.093,14,0,234.326
KLWX20140912-2,KLWX20140912_103806_V06,4,1.318,1.200,4396,0,20.336,0,0,20.336
KLWX20140912-2,KLWX20140912_103806_V06,6,1.802,1.200,2197,0,11.494,0,0,11.494
KLWX20140912-2,KLWX20140912_104117_V06,0,0.483,1.200,5473,0,32564.440,362,0,22761.309
KLWX20140912-2,KLWX20140912_104117_V06,2,0.879,1.200,5469,0,1564.585,54,0,809.377
KLWX20140912-2,KLWX20140912_104117_V06,4,1.318,1.200,5474,0,21.474,0,0,21.474
KLWX20140912-2,KLWX20140912_104117_V06,6,1.802,1.200,2729,0,14.625,0,0,14.625
KLWX20140912-2,KLWX20140912_104430_V06,0,0.483,1.200,7689,0,39680.335,527,0,26533.055
KLWX20140912-2,KLWX20140912_104430_V06,2,0.879,1.200,7695,0,2377.188,68,0,1272.509
KLWX20140912-2,KLWX20140912_104430_V06,4,1.318,1.200,7695,0,21.010,0,0,21.010
KLWX20140912-2,KLWX20140912_104430_V06,6,1.802,1.200,3841,0,20.966,0,0,20.966
KLWX20140912-2,KLWX20140912_104741_V06,0,0.483,1.200,10106,0,42452.837,610,0,28039.941
KLWX20140912-2,KLWX20140912_104741_V06,2,0.879,1.200,10112,0,4609.326,143,0,2684.275
KLWX20140912-2,KLWX20140912_104741_V06,4,1.318,1.200,10133,0,52.037,1,0,44.306
KLWX20140912-2,KLWX20140912_104741_V06,6,1.802,1.200,5068,0,28.226,0,0,28.226
KLWX20140912-2,KLWX20140912_105052_V06,0,0.483,1.200,12085,0,43674.840,586,0,27713.028
KLWX20140912-2,KLWX20140912_105052_V06,2,0.879,1.200,12082,0,13497.310,274,0,8424.765
KLWX20140912-2,KLWX20140912_105052_V06,4,1.318,1.200,12074,0,72.310,2,0,65.455
KLWX20140912-2,KLWX20140912_105052_V06,6,1.802,1.200,6050,0,34.260,0,0,34.260
KLWX20140912-2,KLWX20140912_105404_V06,0,0.483,1.200,15210,0,42606.173,657,0,26091.707
KLWX20140912-2,KLWX20140912_105404_V06,2,0.879,1.200,15210,0,9907.306,200,0,5634.313
KLWX20140912-2,KLWX20140912_105404_V06,4,1.318,1.200,15220,0,78.599,2,0,66.539
KLWX20140912-2,KLWX20140912_105404_V06,6,1.802,1.200,7623,0,43.312,0,0,43.312
KLWX20140912-2,KLWX20140912_105718_V06,0,0.483,1.200,18249,0,43378.217,791,0,24692.052
KLWX20140912-2,KLWX20140912_105718_V06,2,0.879,1.200,18250,0,13976.825,284,0,7944.507
KLWX20140912-2,KLWX20140912_105718_V06,4,1.318,1.200,18261,0,109.015,2,0,93.796
KLWX20140912-2,KLWX20140912_105718_V06,6,1.802,1.200,9134,0,52.408,0,0,52.408
KLWX20140912-2,KLWX20140912_110030_V06,0,0.483,1.200,22570,0,53780.297,1317,0,30340.472
KLWX20140912-2,KLWX20140912_110030_V06,2,0.879,1.200,22581,0,18469.036,486,0,9028.202
KLWX20140912-2,KLWX20140912_110030_V06,4,1.318,1.200,22594,0,332.566,14,0,240.269
KLWX20140912-2,KLWX20140912_110030_V06,6,1.802,1.200,11335,0,551.782,0,0,551.782
KLWX20140912-4,KLWX20140912_103806_V06,0,0.483,1.200,282,0,11082.146,19,0,10665.585
KLWX20140912-4,KLWX20140912_103806_V06,2,0.879,1.200,284,0,947.063,24,0,875.781
KLWX20140912-4,KLWX20140912_103806_V06,4,1.318,1.200,284,0,0.259,0,0,0.259
KLWX20140912-4,KLWX20140912_103806_V06,6,1.802,1.200,144,0,0.263,0,0,0.263
KLWX20140912-4,KLWX20140912_103806_V06,7,2.417,1.200,143,0,0.262,0,0,0.262
KLWX20140912-4,KLWX20140912_103806_V06,8,3.120,1.200,141,0,0.258,0,0,0.258
KLWX20140912-4,KLWX20140912_103806_V06,9,3.999,1.200,138,0,0.253,0,0,0.253
KLWX20140912-4,KLWX20140912_104117_V06,0,0.483,1.200,942,0,14772.745,126,0,13827.347
KLWX20140912-4,KLWX20140912_104117_V06,2,0.879,1.200,940,0,2917.695,89,0,2592.785
KLWX20140912-4,KLWX20140912_104117_V06,4,1.318,1.200,945,0,0.869,0,0,0.869
KLWX20140912-4,KLWX20140912_104117_V06,6,1.802,1.200,475,0,0.874,0,0,0.874
KLWX20140912-4,KLWX20140912_104117_V06,7,2.417,1.200,473,0,0.871,0,0,0.871
KLWX20140912-4,KLWX20140912_104117_V06,8,3.120,1.200,472,0,0.869,0,0,0.869
KLWX20140912-4,KLWX20140912_104117_V06,9,3.999,1.200,469,0,0.866,0,0,0.866
KLWX20140912-4,KLWX20140912_104430_V06,0,0.483,1.200,1205,0,15787.407,176,0,14775.941
KLWX20140912-4,KLWX20140912_104430_V06,2,0.879,1.200,1201,0,1360.583,74,0,1203.922
KLWX20140912-4,KLWX20140912_104430_V06,4,1.318,1.200,1203,0,4.719,2,0,1.169
KLWX20140912-4,KLWX20140912_104430_V06,6,1.802,1.200,601,0,1.172,0,0,1.172
KLWX20140912-4,KLWX20140912_104430_V06,7,2.417,1.200,601,0,1.171,0,0,1.171
KLWX20140912-4,KLWX20140912_104430_V06,8,3.120,1.200,604,0,1.180,0,0,1.180
KLWX20140912-4,KLWX20140912_104741_V06,0,0.483,1.200,1366,0,13194.269,174,0,12287.977
KLWX20140912-4,KLWX20140912_104741_V06,2,0.879,1.200,1370,0,1233.932,91,0,1039.325
KLWX20140912-4,KLWX20140912_104741_V06,4,1.318,1.200,1368,0,4.937,2,0,1.384
KLWX20140912-4,KLWX20140912_104741_V06,6,1.802,1.200,691,0,1.402,0,0,1.402
KLWX20140912-4,KLWX20140912_104741_V06,7,2.417,1.200,681,0,1.383,0,0,1.383
KLWX20140912-4,KLWX20140912_104741_V06,8,3.120,1.200,684,0,1.391,0,0,1.391
KLWX20140912-4,KLWX20140912_105052_V06,0,0.483,1.200,1718,0,12596.606,282,0,11115.376
KLWX20140912-4,KLWX20140912_105052_V06,2,0.879,1.200,1717,0,843.887,95,0,638.913
KLWX20140912-4,KLWX20140912_105052_V06,4,1.318,1.200,1719,0,18.880,7,0,1.804
KLWX20140912-4,KLWX20140912_105052_V06,6,1.802,1.200,858,0,1.808,0,0,1.808
KLWX20140912-4,KLWX20140912_105052_V06,7,2.417,1.200,859,0,1.815,0,0,1.815
KLWX20140912-4,KLWX20140912_105052_V06,8,3.120,1.200,861,0,1.820,0,0,1.820
KLWX20140912-4,KLWX20140912_105404_V06,0,0.483,1.200,2133,0,10632.613,365,0,9058.756
KLWX20140912-4,KLWX20140912_105404_V06,2,0.879,1.200,2128,0,918.385,101,0,715.764
KLWX20140912-4,KLWX20140912_105404_V06,4,1.318,1.200,2135,0,5.422,0,0,5.422
KLWX20140912-4,KLWX20140912_105404_V06,6,1.802,1.200,1070,0,2.389,0,0,2.389
KLWX20140912-4,KLWX20140912_105404_V06,7,2.417,1.200,1072,0,2.395,0,0,2.395
KLWX20140912-4,KLWX20140912_105404_V06,8,3.120,1.200,1071,0,2.398,0,0,2.398
KLWX20140912-7,KLWX20140912_111947_V06,0,0.483,1.200,5031,0,30214.137,384,0,19877.103
KLWX20140912-7,KLWX20140912_111947_V06,2,1.494,1.200,5038,0,34.150,0,0,34.150
KLWX20140912-8,KLWX20140912_113914_V06,0,0.483,1.200,5827,0,44993.163,380,0,35348.153
KLWX20140912-8,KLWX20140912_113914_V06,2,1.494,1.200,5829,0,46.334,0,0,46.334
KLWX20140913-2,KLWX20140913_104541_V06,0,0.483,1.200,937,0,5132730.132,841,0,175778.626
KLWX20140913-2,KLWX20140913_105038_V06,0,0.483,1.200,1948,0,6862038.578,1406,0,103107.811
KLWX20140913-2,KLWX20140913_105536_V06,0,0.483,1.200,2224,0,6754604.924,1614,0,27116.449
KLWX20140913-2,KLWX20140913_105536_V06,2,1.450,1.200,2231,0,1983877.043,1175,0,85421.518
KLWX20140913-2,KLWX20140913_110032_V06,0,0.483,1.200,2489,0,5111544.026,1732,0,12863.324
KLWX20140913-2,KLWX20140913_110032_V06,2,1.450,1.200,2492,0,2025304.045,1197,0,135528.441
KLWX20140913-9,KLWX20140913_115031_V06,0,0.483,1.200,4143,0,36555.605,459,0,36128.987
KLWX20140913-9,KLWX20140913_115031_V06,2,1.450,1.200,4146,0,24.118,104,0,13.862
KLWX20140913-9,KLWX20140913_115031_V06,4,2.417,1.200,2075,0,7.046,1,0,6.397
KLWX20140913-9,KLWX20140913_115031_V06,5,3.384,1.200,2076,0,4.952,2,0,4.170
KLWX20140913-9,KLWX20140913_115031_V06,6,4.307,1.200,2080,0,5.683,3,0,4.392
KLWX20140913-9,KLWX20140913_115031_V06,7,6.021,1.200,2081,0,7.168,3,0,6.577
KLWX20140913-9,KLWX20140913_115529_V06,0,0.483,1.200,8767,0,36293.057,1102,0,35438.825
KLWX20140913-9,KLWX20140913_115529_V06,2,1.450,1.200,8770,0,197.809,356,0,34.769
KLWX20140913-9,KLWX20140913_115529_V06,4,2.417,1.200,4388,0,17.043,2,0,16.977
KLWX20140913-9,KLWX20140913_115529_V06,5,3.384,1.200,4394,0,6.688,5,0,5.514
KLWX20140913-9,KLWX20140913_115529_V06,6,4.307,1.200,4401,0,23.473,11,0,17.105
KLWX20140913-9,KLWX20140913_115529_V06,7,6.021,1.200,4412,0,6.449,1,0,6.135
KLWX20140913-8,KLWX20140913_114009_V06,0,0.483,1.200,4307,0,46023.232,547,0,44594.618
KLWX20140913-8,KLWX20140913_114009_V06,2,1.450,1.200,4306,0,61.570,443,0,23.154
KLWX20140913-8,KLWX20140913_114009_V06,4,2.417,1.200,2160,0,12.522,2,0,12.214
KLWX20140913-8,KLWX20140913_114009_V06,5,3.384,1.200,2157,0,8.064,0,0,8.064
KLWX20140913-8,KLWX20140913_114009_V06,6,4.307,1.200,2161,0,14.482,10,0,11.605
KLWX20140913-8,KLWX20140913_114009_V06,7,6.021,1.200,2172,0,7.866,3,0,6.655
KLWX20140914-2,KLWX20140914_103902_V06,0,0.483,1.200,229,0,18524.172,2,0,18346.467
KLWX20140914-2,KLWX20140914_103902_V06,2,1.494,1.200,229,0,7.901,1,0,7.652
KLWX20140914-2,KLWX20140914_103902_V06,4,2.505,1.200,114,0,0.112,0,0,0.112
KLWX20140914-2,KLWX20140914_103902_V06,5,3.516,1.200,112,0,0.110,0,0,0.110
KLWX20140914-2,KLWX20140914_103902_V06,6,4.482,1.200,116,0,0.114,0,0,0.114
KLWX20140914-2,KLWX20140914_104848_V06,0,0.483,1.200,3509,0,167490.418,237,0,166438.035
KLWX20140914-2,KLWX20140914_104848_V06,2,1.494,1.200,3510,0,12979.510,107,0,12917.463
KLWX20140914-2,KLWX20140914_104848_V06,4,2.505,1.200,1750,0,9.311,4,0,6.856
KLWX20140914-2,KLWX20140914_104848_V06,5,3.516,1.200,1753,0,12.153,11,0,6.061
KLWX20140914-2,KLWX20140914_104848_V06,6,4.482,1.200,1761,0,31.364,6,0,28.576
KLWX20140914-2,KLWX20140914_105833_V06,0,0.483,1.200,8834,0,120621.320,853,0,117815.491
KLWX20140914-2,KLWX20140914_105833_V06,2,1.494,1.200,8844,0,81853.539,612,0,80750.392
KLWX20140914-2,KLWX20140914_105833_V06,4,2.505,1.200,4423,0,598.944,33,0,519.779
KLWX20140914-2,KLWX20140914_105833_V06,5,3.516,1.200,4429,0,33.613,12,0,31.195
KLWX20140914-2,KLWX20140914_105833_V06,6,4.482,1.200,4434,0,24.561,7,0,22.687
KLWX20140914-2,KLWX20140914_110820_V06,0,0.483,1.200,14843,0,72221.269,1672,0,69183.586
KLWX20140914-2,KLWX20140914_110820_V06,2,1.494,1.200,14849,0,89303.316,1392,0,87099.756
KLWX20140914-2,KLWX20140914_110820_V06,4,2.505,1.200,7434,0,1529.799,137,0,1382.053
KLWX20140914-2,KLWX20140914_110820_V06,5,3.516,1.200,7440,0,46.012,33,0,33.761
KLWX20140914-2,KLWX20140914_110820_V06,6,4.482,1.200,7447,0,26.230,24,0,19.938
KLWX20140914-2,KLWX20140914_111806_V06,0,0.483,1.200,25522,2,101735.226,3168,2,95271.736
KLWX20140914-2,KLWX20140914_111806_V06,2,1.494,1.200,25541,0,65318.571,2983,0,61896.695
KLWX20140914-2,KLWX20140914_111806_V06,4,2.505,1.200,12781,0,4132.688,386,0,3577.239
KLWX20140914-2,KLWX20140914_111806_V06,5,3.516,1.200,12792,0,309.048,246,0,244.585
KLWX20140914-2,KLWX20140914_111806_V06,6,4.482,1.200,12815,0,119.659,111,0,104.867
KLWX20140914-2,KLWX20140914_112754_V06,0,0.483,1.200,28798,6,101972.983,3892,1,86987.347
KLWX20140914-2,KLWX20140914_112754_V06,2,1.494,1.200,28810,0,44876.680,3376,0,41414.616
KLWX20140914-2,KLWX20140914_112754_V06,4,2.505,1.200,14420,0,2778.386,440,0,2101.304
KLWX20140914-2,KLWX20140914_112754_V06,5,3.516,1.200,14435,0,761.093,214,0,614.812
KLWX20140914-2,KLWX20140914_112754_V06,6,4.482,1.200,14456,0,70.997,151,0,51.440
KLWX20140914-2,KLWX20140914_113740_V06,0,0.483,1.200,24989,8,90150.746,3832,1,77636.657
KLWX20140914-2,KLWX20140914_113740_V06,2,1.494,1.200,25004,0,17666.735,2730,0,14313.946
KLWX20140914-2,KLWX20140914_113740_V06,4,2.505,1.200,12525,0,1028.917,159,0,862.493
KLWX20140914-2,KLWX20140914_113740_V06,5,3.516,1.200,12523,0,111.637,50,0,98.837
KLWX20140914-2,KLWX20140914_113740_V06,6,4.482,1.200,12541,0,39.392,24,0,32.178
KLWX20140914-2,KLWX20140914_114726_V06,0,0.483,1.200,30440,4,90871.804,5569,4,77428.840
KLWX20140914-2,KLWX20140914_114726_V06,2,1.494,1.200,30462,0,18366.253,4058,0,14012.360
KLWX20140914-2,KLWX20140914_114726_V06,4,2.505,1.200,15239,0,1253.440,278,0,936.901
KLWX20140914-2,KLWX20140914_114726_V06,5,3.516,1.200,15265,0,285.479,96,0,240.433
KLWX20140914-2,KLWX20140914_114726_V06,6,4.482,1.200,15283,0,160.761,86,0,109.150
KLWX20140914-11,KLWX20140914_110820_V06,0,0.483,1.200,3400,0,113828.147,170,0,113128.074
KLWX20140914-11,KLWX20140914_110820_V06,2,1.494,1.200,3404,0,150.991,9,0,134.142
KLWX20140914-11,KLWX20140914_110820_V06,4,2.505,1.200,1698,0,3.894,0,0,3.894
KLWX20140914-11,KLWX20140914_110820_V06,5,3.516,1.200,1704,0,3.917,0,0,3.917
KLWX20140914-11,KLWX20140914_111806_V06,0,0.483,1.200,9718,0,180580.127,637,0,178424.726
KLWX20140914-11,KLWX20140914_111806_V06,2,1.494,1.200,9722,0,2210.470,85,0,2074.454
KLWX20140914-11,KLWX20140914_111806_V06,4,2.505,1.200,4854,0,15.852,0,0,15.852
KLWX20140914-11,KLWX20140914_111806_V06,5,3.516,1.200,4862,0,13.825,0,0,13.825
KLWX20140914-11,KLWX20140914_112754_V06,0,0.483,1.200,16812,0,154997.751,1481,0,150968.194
KLWX20140914-11,KLWX20140914_112754_V06,2,1.494,1.200,16819,0,14212.307,273,0,13646.510
KLWX20140914-11,KLWX20140914_112754_V06,4,2.505,1.200,8408,0,378.681,13,0,340.537
KLWX20140914-11,KLWX20140914_112754_V06,5,3.516,1.200,8414,0,26.582,0,0,26.582
KLWX20140914-11,KLWX20140914_113740_V06,0,0.483,1.200,15896,0,135261.155,1211,0,131217.991
KLWX20140914-11,KLWX20140914_113740_V06,2,1.494,1.200,15903,0,10180.928,271,0,9624.807
KLWX20140914-11,KLWX20140914_113740_V06,4,2.505,1.200,7956,0,135.061,1,0,132.156
KLWX20140914-11,KLWX20140914_114726_V06,0,0.483,1.200,16761,0,122496.214,1159,0,118234.121
KLWX20140914-11,KLWX20140914_114726_V06,2,1.494,1.200,16778,0,7916.497,273,0,7209.342
KLWX20140914-11,KLWX20140914_114726_V06,4,2.505,1.200,8406,0,81.848,3,0,63.568
KLWX20140914-1,KLWX20140914_103902_V06,0,0.483,1.200,331,0,10665.759,4,0,10663.730
KLWX20140914-1,KLWX20140914_103902_V06,2,1.494,1.200,330,0,0.296,0,0,0.296
KLWX20140914-1,KLWX20140914_103902_V06,4,2.505,1.200,165,0,0.296,0,0,0.296
KLWX20140914-1,KLWX20140914_103902_V06,5,3.516,1.200,166,0,0.298,0,0,0.298
KLWX20140914-1,KLWX20140914_104848_V06,0,0.483,1.200,2104,0,4337.263,193,0,4048.974
KLWX20140914-1,KLWX20140914_104848_V06,2,1.494,1.200,2103,0,4.636,3,0,2.906
KLWX20140914-1,KLWX20140914_104848_V06,4,2.505,1.200,1053,0,1.899,0,0,1.899
KLWX20140914-1,KLWX20140914_104848_V06,5,3.516,1.200,1049,0,1.895,0,0,1.895
KLWX20140914-1,KLWX20140914_105833_V06,0,0.483,1.200,5392,0,15764.179,552,0,14818.668
KLWX20140914-1,KLWX20140914_105833_V06,2,1.494,1.200,5391,0,84.258,23,0,65.104
KLWX20140914-1,KLWX20140914_105833_V06,4,2.505,1.200,2697,0,5.199,0,0,5.199
KLWX20140914-1,KLWX20140914_105833_V06,5,3.516,1.200,2697,0,5.209,0,0,5.209
KLWX20140914-3,KLWX20140914_103902_V06,0,0.483,1.200,2817,0,9172.704,27,0,8826.092
KLWX20140914-3,KLWX20140914_103902_V06,2,1.494,1.200,2824,0,7.568,0,0,7.568
KLWX20140914-3,KLWX20140914_104848_V06,0,0.483,1.200,6314,0,15359.721,140,0,13581.474
KLWX20140914-3,KLWX20140914_104848_V06,2,1.494,1.200,6322,0,16.532,0,0,16.532
KLWX20140914-3,KLWX20140914_105833_V06,0,0.483,1.200,13872,0,10548.229,183,0,8974.714
KLWX20140914-3,KLWX20140914_105833_V06,2,1.494,1.200,13892,0,207.200,4,0,108.979
KLWX20140914-7,KLWX20140914_105833_V06,0,0.483,1.200,1321,0,23673.326,33,0,23473.554
KLWX20140914-7,KLWX20140914_105833_V06,2,1.494,1.200,1321,0,16.038,0,0,16.038
KLWX20140914-7,KLWX20140914_110820_V06,0,0.483,1.200,3477,0,22556.370,59,0,22016.730
KLWX20140914-7,KLWX20140914_110820_V06,2,1.494,1.200,3480,0,58.626,2,0,46.426
KLWX20140914-7,KLWX20140914_111806_V06,0,0.483,1.200,6105,0,21088.724,114,0,20329.699
KLWX20140914-7,KLWX20140914_111806_V06,2,1.494,1.200,6105,0,39.176,2,0,25.949
KLWX20140914-15,KLWX20140914_111806_V06,0,0.483,1.200,2993,0,31110.760,105,0,29956.837
KLWX20140914-15,KLWX20140914_111806_V06,2,1.494,1.200,2991,0,8.674,0,0,8.674
KLWX20140914-15,KLWX20140914_112754_V06,0,0.483,1.200,5220,0,37263.604,160,0,35688.540
KLWX20140914-15,KLWX20140914_112754_V06,2,1.494,1.200,5223,0,74.016,2,0,45.320
KLWX20140914-15,KLWX20140914_113740_V06,0,0.483,1.200,5473,0,32337.929,172,0,30632.331
KLWX20140914-15,KLWX20140914_113740_V06,2,1.494,1.200,5480,0,46.201,3,0,18.533
KLWX20140914-9,KLWX20140914_105833_V06,0,0.483,1.200,706,0,22190.477,49,0,21978.397
KLWX20140914-9,KLWX20140914_105833_V06,2,1.494,1.200,706,0,167.269,0,0,167.269
KLWX20140914-9,KLWX20140914_105833_V06,4,2.505,1.200,355,0,0.615,0,0,0.615
KLWX20140914-9,KLWX20140914_105833_V06,5,3.516,1.200,353,0,0.612,0,0,0.612
KLWX20140914-9,KLWX20140914_110820_V06,0,0.483,1.200,2598,0,32709.549,122,0,32051.296
KLWX20140914-9,KLWX20140914_110820_V06,2,1.494,1.200,2603,0,2734.504,18,0,2716.499
KLWX20140914-9,KLWX20140914_110820_V06,4,2.505,1.200,1301,0,2.247,0,0,2.247
KLWX20140914-9,KLWX20140914_110820_V06,5,3.516,1.200,1299,0,2.250,0,0,2.250
KLWX20140914-8,KLWX20140914_105833_V06,0,0.483,1.200,1642,0,53903.819,129,0,53674.145
KLWX20140914-8,KLWX20140914_105833_V06,2,1.494,1.200,1642,0,1529.285,87,0,1462.526
KLWX20140914-8,KLWX20140914_105833_V06,4,2.505,1.200,822,0,1.635,0,0,1.635
KLWX20140914-8,KLWX20140914_105833_V06,5,3.516,1.200,821,0,1.170,0,0,1.170
KLWX20140914-8,KLWX20140914_105833_V06,6,4.482,1.200,823,0,0.503,0,0,0.503
KLWX20140914-8,KLWX20140914_110820_V06,0,0.483,1.200,11333,0,124405.760,1277,0,122302.812
KLWX20140914-8,KLWX20140914_110820_V06,2,1.494,1.200,11340,0,27045.097,920,0,26044.421
KLWX20140914-8,KLWX20140914_110820_V06,4,2.505,1.200,5673,0,1426.751,73,0,1378.959
KLWX20140914-8,KLWX20140914_110820_V06,5,3.516,1.200,5674,0,93.406,13,0,88.949
KLWX20140914-8,KLWX20140914_110820_V06,6,4.482,1.200,5689,0,13.917,5,0,12.038
KLWX20140914-8,KLWX20140914_111806_V06,0,0.483,1.200,10322,0,151015.007,570,0,148461.098
KLWX20140914-8,KLWX20140914_111806_V06,2,1.494,1.200,10330,0,48865.881,500,0,48101.412
KLWX20140914-8,KLWX20140914_111806_V06,4,2.505,1.200,5171,0,3679.418,75,0,3478.331
KLWX20140914-8,KLWX20140914_111806_V06,5,3.516,1.200,5177,0,102.821,24,0,93.019
KLWX20140914-8,KLWX20140914_111806_V06,6,4.482,1.200,5186,0,6.629,2,0,6.355
KLWX20140914-13,KLWX20140914_111806_V06,0,0.483,1.200,660,0,2858.381,28,0,2799.188
KLWX20140914-13,KLWX20140914_111806_V06,2,1.494,1.200,659,0,166.804,17,0,133.335
KLWX20140914-13,KLWX20140914_111806_V06,4,2.505,1.200,329,0,0.791,0,0,0.791
KLWX20140914-13,KLWX20140914_112754_V06,0,0.483,1.200,1326,0,3566.156,44,0,3439.096
KLWX20140914-13,KLWX20140914_112754_V06,2,1.494,1.200,1328,0,921.354,32,0,869.698
KLWX20140914-13,KLWX20140914_112754_V06,4,2.505,1.200,659,0,1.520,0,0,1.520
KLWX20140914-13,KLWX20140914_112754_V06,5,3.516,1.200,664,0,1.536,0,0,1.536
KLWX20140914-12,KLWX20140914_110820_V06,0,0.483,1.200,85,0,2059.576,0,0,2059.576
KLWX20140914-12,KLWX20140914_110820_V06,2,1.494,1.200,84,0,119.180,0,0,119.180
KLWX20140914-12,KLWX20140914_110820_V06,4,2.505,1.200,41,0,0.060,0,0,0.060
KLWX20140914-12,KLWX20140914_110820_V06,5,3.516,1.200,41,0,0.060,0,0,0.060
KLWX20140914-12,KLWX20140914_110820_V06,6,4.482,1.200,43,0,0.063,0,0,0.063
KLWX20140914-16,KLWX20140914_120659_V06,0,0.483,1.200,5987,0,4884.466,66,0,4574.802
KLWX20140914-16,KLWX20140914_120659_V06,2,1.494,1.200,5986,0,12.947,0,0,12.947
KLWX20140915-5,KLWX20140915_105812_V06,0,0.483,1.200,1208,0,13645.722,4,0,13619.159
KLWX20140915-5,KLWX20140915_105812_V06,2,1.494,1.200,1210,0,29.937,1,0,18.246
KLWX20140915-5,KLWX20140915_110759_V06,0,0.483,1.200,3224,0,38262.611,28,0,37791.921
KLWX20140915-5,KLWX20140915_110759_V06,2,1.494,1.200,3226,0,7.666,0,0,7.666
KLWX20140915-5,KLWX20140915_111746_V06,0,0.483,1.200,5555,0,25427.252,115,0,23464.340
KLWX20140915-5,KLWX20140915_111746_V06,2,1.494,1.200,5562,0,45.073,1,0,40.330
KLWX20140915-5,KLWX20140915_112732_V06,0,0.483,1.200,10391,0,12365.684,234,0,10872.292
KLWX20140915-5,KLWX20140915_112732_V06,2,1.494,1.200,10396,0,36.113,1,0,34.740
KLWX20140915-5,KLWX20140915_113719_V06,0,0.483,1.200,12795,0,10217.800,272,0,8466.436
KLWX20140915-5,KLWX20140915_113719_V06,2,1.494,1.200,12795,0,27.276,0,0,27.276
KLWX20140915-1,KLWX20140915_103840_V06,0,0.483,1.200,234,0,12059.360,3,0,11747.873
KLWX20140915-1,KLWX20140915_103840_V06,2,1.494,1.200,233,0,0.202,0,0,0.202
KLWX20140915-1,KLWX20140915_103840_V06,4,2.505,1.200,120,0,0.208,0,0,0.208
KLWX20140915-1,KLWX20140915_103840_V06,5,3.516,1.200,118,0,0.205,0,0,0.205
KLWX20140915-1,KLWX20140915_104825_V06,0,0.483,1.200,2478,0,1642.664,191,0,1308.855
KLWX20140915-1,KLWX20140915_104825_V06,2,1.494,1.200,2480,0,4.459,2,0,2.966
KLWX20140915-1,KLWX20140915_104825_V06,4,2.505,1.200,1242,0,2.152,0,0,2.152
KLWX20140915-1,KLWX20140915_104825_V06,5,3.516,1.200,1241,0,2.155,0,0,2.155
KLWX20140915-1,KLWX20140915_105812_V06,0,0.483,1.200,5206,0,9691.167,473,0,9004.853
KLWX20140915-1,KLWX20140915_105812_V06,2,1.494,1.200,5205,0,14.208,2,0,12.940
KLWX20140915-1,KLWX20140915_105812_V06,4,2.505,1.200,2605,0,4.492,0,0,4.492
KLWX20140915-1,KLWX20140915_105812_V06,5,3.516,1.200,2611,0,4.511,0,0,4.511
KLWX20140915-3,KLWX20140915_104825_V06,0,0.483,1.200,1816,0,16431.491,98,0,15964.105
KLWX20140915-3,KLWX20140915_104825_V06,2,1.494,1.200,1818,0,52.101,23,0,47.072
KLWX20140915-3,KLWX20140915_104825_V06,4,2.505,1.200,910,0,0.833,0,0,0.833
KLWX20140915-3,KLWX20140915_104825_V06,5,3.516,1.200,911,0,8.020,1,0,5.027
KLWX20140915-3,KLWX20140915_104825_V06,6,4.482,1.200,911,0,0.836,0,0,0.836
KLWX20140915-3,KLWX20140915_105812_V06,0,0.483,1.200,5804,0,24927.623,400,0,23705.907
KLWX20140915-3,KLWX20140915_105812_V06,2,1.494,1.200,5806,0,3112.481,147,0,2867.792
KLWX20140915-3,KLWX20140915_105812_V06,4,2.505,1.200,2910,0,143.844,11,0,135.209
KLWX20140915-3,KLWX20140915_105812_V06,5,3.516,1.200,2917,0,26.505,12,0,22.313
KLWX20140915-3,KLWX20140915_105812_V06,6,4.482,1.200,2911,0,39.769,11,0,33.896
KLWX20140915-3,KLWX20140915_110759_V06,0,0.483,1.200,15329,0,49030.124,1479,0,45477.121
KLWX20140915-3,KLWX20140915_110759_V06,2,1.494,1.200,15347,0,6155.975,661,0,5352.481
KLWX20140915-3,KLWX20140915_110759_V06,4,2.505,1.200,7675,0,259.271,56,0,212.885
KLWX20140915-3,KLWX20140915_110759_V06,5,3.516,1.200,7681,0,62.224,20,0,49.784
KLWX20140915-3,KLWX20140915_110759_V06,6,4.482,1.200,7703,0,35.321,16,0,29.630
KLWX20140915-6,KLWX20140915_105812_V06,0,0.483,1.200,648,0,5661.017,6,0,5634.470
KLWX20140915-6,KLWX20140915_105812_V06,2,1.494,1.200,648,0,1.249,0,0,1.249
KLWX20140915-6,KLWX20140915_105812_V06,4,2.505,1.200,324,0,1.250,0,0,1.250
KLWX20140915-6,KLWX20140915_110759_V06,0,0.483,1.200,3317,0,24598.894,55,0,24028.522
KLWX20140915-6,KLWX20140915_110759_V06,2,1.494,1.200,3319,0,6.758,0,0,6.758
KLWX20140915-6,KLWX20140915_110759_V06,4,2.505,1.200,1657,0,6.760,0,0,6.760
KLWX20140915-6,KLWX20140915_111746_V06,0,0.483,1.200,4861,0,12011.036,62,0,11567.336
KLWX20140915-6,KLWX20140915_111746_V06,2,1.494,1.200,4867,0,10.344,0,0,10.344
KLWX20140915-7,KLWX20140915_105812_V06,0,0.483,1.200,1273,0,26057.475,97,0,25863.308
KLWX20140915-7,KLWX20140915_105812_V06,2,1.494,1.200,1274,0,47.565,66,0,27.759
KLWX20140915-7,KLWX20140915_105812_V06,4,2.505,1.200,639,0,0.799,0,0,0.799
KLWX20140915-7,KLWX20140915_105812_V06,5,3.516,1.200,638,0,0.940,0,0,0.940
KLWX20140915-7,KLWX20140915_105812_V06,6,4.482,1.200,639,0,0.864,0,0,0.864
KLWX20140915-7,KLWX20140915_110759_V06,0,0.483,1.200,3897,0,51986.489,341,0,51038.306
KLWX20140915-7,KLWX20140915_110759_V06,2,1.494,1.200,3900,0,718.663,292,0,637.311
KLWX20140915-7,KLWX20140915_110759_V06,4,2.505,1.200,1951,0,7.730,2,0,7.324
KLWX20140915-7,KLWX20140915_110759_V06,5,3.516,1.200,1950,0,10.723,0,0,10.723
KLWX20140915-7,KLWX20140915_110759_V06,6,4.482,1.200,1953,0,2.810,0,0,2.810
KLWX20140915-7,KLWX20140915_111746_V06,0,0.483,1.200,6133,0,46246.448,841,0,44029.318
KLWX20140915-7,KLWX20140915_111746_V06,2,1.494,1.200,6138,0,3122.289,435,0,2944.349
KLWX20140915-7,KLWX20140915_111746_V06,4,2.505,1.200,3072,0,39.903,13,0,34.581
KLWX20140915-7,KLWX20140915_111746_V06,5,3.516,1.200,3074,0,3.137,1,0,2.880
KLWX20140915-7,KLWX20140915_111746_V06,6,4.482,1.200,3077,0,2.689,0,0,2.689
KLWX20140915-8,KLWX20140915_105812_V06,0,0.483,1.200,325,0,4728.016,13,0,4713.611
KLWX20140915-8,KLWX20140915_105812_V06,2,1.494,1.200,325,0,0.226,0,0,0.226
KLWX20140915-8,KLWX20140915_105812_V06,4,2.505,1.200,164,0,0.229,0,0,0.229
KLWX20140915-8,KLWX20140915_105812_V06,5,3.516,1.200,164,0,0.229,0,0,0.229
KLWX20140915-8,KLWX20140915_105812_V06,6,4.482,1.200,166,0,0.233,0,0,0.233
KLWX20140915-8,KLWX20140915_110759_V06,0,0.483,1.200,1836,0,5115.129,159,0,4890.113
KLWX20140915-8,KLWX20140915_110759_V06,2,1.494,1.200,1837,0,1219.987,23,0,1185.403
KLWX20140915-8,KLWX20140915_110759_V06,4,2.505,1.200,919,0,1.263,0,0,1.263
KLWX20140915-8,KLWX20140915_110759_V06,5,3.516,1.200,920,0,1.267,0,0,1.267
KLWX20140915-8,KLWX20140915_110759_V06,6,4.482,1.200,920,0,1.272,0,0,1.272
KLWX20140915-8,KLWX20140915_111746_V06,0,0.483,1.200,3350,0,3453.514,266,0,3020.423
KLWX20140915-8,KLWX20140915_111746_V06,2,1.494,1.200,3356,0,582.584,33,0,535.313
KLWX20140915-8,KLWX20140915_111746_V06,4,2.505,1.200,1674,0,2.431,0,0,2.431
KLWX20140915-8,KLWX20140915_111746_V06,5,3.516,1.200,1673,0,2.434,0,0,2.434
KLWX20140915-8,KLWX20140915_111746_V06,6,4.482,1.200,1682,0,2.454,0,0,2.454
KLWX20140915-12,KLWX20140915_110759_V06,0,0.483,1.200,1770,0,27771.464,152,0,27162.469
KLWX20140915-12,KLWX20140915_110759_V06,2,1.494,1.200,1775,0,5.048,1,0,4.399
KLWX20140915-12,KLWX20140915_110759_V06,4,2.505,1.200,887,0,1.759,0,0,1.759
KLWX20140915-12,KLWX20140915_110759_V06,5,3.516,1.200,884,0,1.758,0,0,1.758
KLWX20140915-12,KLWX20140915_111746_V06,0,0.483,1.200,3096,0,30318.813,184,0,29259.753
KLWX20140915-12,KLWX20140915_111746_V06,2,1.494,1.200,3094,0,235.549,15,0,216.759
KLWX20140915-12,KLWX20140915_111746_V06,4,2.505,1.200,1553,0,3.030,0,0,3.030
KLWX20140915-12,KLWX20140915_111746_V06,5,3.516,1.200,1554,0,3.039,0,0,3.039
KLWX20140915-12,KLWX20140915_112732_V06,0,0.483,1.200,5350,0,12602.631,289,0,11330.063
KLWX20140915-12,KLWX20140915_112732_V06,2,1.494,1.200,5353,0,115.518,42,0,78.974
KLWX20140915-12,KLWX20140915_112732_V06,4,2.505,1.200,2675,0,5.264,0,0,5.264
KLWX20140915-12,KLWX20140915_112732_V06,5,3.516,1.200,2679,0,5.279,0,0,5.279
KLWX20140915-4,KLWX20140915_104825_V06,0,0.483,1.200,4092,0,38109.390,283,0,36875.918
KLWX20140915-4,KLWX20140915_104825_V06,2,1.494,1.200,4092,0,56.355,96,0,26.399
KLWX20140915-4,KLWX20140915_104825_V06,4,2.505,1.200,2048,0,19.987,3,0,19.525
KLWX20140915-4,KLWX20140915_104825_V06,5,3.516,1.200,2051,0,24.301,6,0,23.378
KLWX20140915-4,KLWX20140915_104825_V06,6,4.482,1.200,2055,0,16.565,8,0,14.328
KLWX20140916-6,KLWX20140916_103212_V06,0,0.483,1.200,2701,0,3028.046,240,0,359.804
KLWX20140916-6,KLWX20140916_103212_V06,2,1.450,1.200,2703,0,3653.398,181,0,294.725
KLWX20140916-6,KLWX20140916_103212_V06,4,2.417,1.200,1338,0,33.239,0,0,33.239
KLWX20140916-6,KLWX20140916_103710_V06,0,0.483,1.200,5760,0,1322.466,171,0,347.970
KLWX20140916-6,KLWX20140916_103710_V06,2,1.450,1.200,5761,0,1008.218,81,0,168.429
KLWX20140916-6,KLWX20140916_103710_V06,4,2.417,1.200,2880,0,50.039,0,0,50.039
KLWX20140916-16,KLWX20140916_104705_V06,0,0.483,1.200,57,0,1360.292,0,0,1360.292
KLWX20140916-16,KLWX20140916_104705_V06,2,1.450,1.200,57,0,0.046,0,0,0.046
KLWX20140916-16,KLWX20140916_104705_V06,4,2.417,1.200,28,0,0.045,0,0,0.045
KLWX20140916-16,KLWX20140916_104705_V06,5,3.384,1.200,27,0,0.044,0,0,0.044
KLWX20140916-16,KLWX20140916_104705_V06,6,4.307,1.200,28,0,0.046,0,0,0.046
KLWX20140916-16,KLWX20140916_105202_V06,0,0.483,1.200,1030,0,24149.245,41,0,23937.586
KLWX20140916-16,KLWX20140916_105202_V06,2,1.450,1.200,1030,0,0.827,0,0,0.827
KLWX20140916-16,KLWX20140916_105202_V06,4,2.417,1.200,518,0,0.833,0,0,0.833
KLWX20140916-16,KLWX20140916_105202_V06,5,3.384,1.200,520,0,0.837,0,0,0.837
KLWX20140916-16,KLWX20140916_105202_V06,6,4.307,1.200,519,0,0.838,0,0,0.838
KLWX20140916-16,KLWX20140916_105659_V06,0,0.483,1.200,728,0,15018.419,41,0,14768.764
KLWX20140916-16,KLWX20140916_105659_V06,2,1.450,1.200,729,0,0.585,0,0,0.585
KLWX20140916-16,KLWX20140916_105659_V06,4,2.417,1.200,367,0,0.590,0,0,0.590
KLWX20140916-16,KLWX20140916_105659_V06,5,3.384,1.200,367,0,0.591,0,0,0.591
KLWX20140916-16,KLWX20140916_105659_V06,6,4.307,1.200,368,0,0.594,0,0,0.594
KLWX20140916-26,KLWX20140916_112147_V06,0,0.483,1.200,1758,0,8362.907,136,0,8099.110
KLWX20140916-26,KLWX20140916_112147_V06,2,1.450,1.200,1759,0,3.575,2,0,3.243
KLWX20140916-26,KLWX20140916_112147_V06,4,2.417,1.200,880,0,0.933,0,0,0.933
KLWX20140916-26,KLWX20140916_112147_V06,5,3.384,1.200,882,0,0.938,0,0,0.938
KLWX20140916-26,KLWX20140916_112147_V06,6,4.307,1.200,882,0,0.940,0,0,0.940
KLWX20140916-26,KLWX20140916_112644_V06,0,0.483,1.200,4182,0,19806.589,413,0,18520.819
KLWX20140916-26,KLWX20140916_112644_V06,2,1.450,1.200,4186,0,24.795,11,0,18.852
KLWX20140916-26,KLWX20140916_112644_V06,4,2.417,1.200,2088,0,2.190,0,0,2.190
KLWX20140916-26,KLWX20140916_112644_V06,5,3.384,1.200,2093,0,3.338,0,0,3.338
KLWX20140916-26,KLWX20140916_112644_V06,6,4.307,1.200,2101,0,2.216,0,0,2.216
KLWX20140916-26,KLWX20140916_113141_V06,0,0.483,1.200,1302,0,20718.479,71,0,20341.225
KLWX20140916-26,KLWX20140916_113141_V06,2,1.450,1.200,1296,0,6.807,1,0,6.271
KLWX20140916-26,KLWX20140916_113141_V06,4,2.417,1.200,651,0,0.749,0,0,0.749
KLWX20140916-26,KLWX20140916_113141_V06,5,3.384,1.200,650,0,0.749,0,0,0.749
KLWX20140916-26,KLWX20140916_113141_V06,6,4.307,1.200,653,0,0.754,0,0,0.754
KLWX20140916-11,KLWX20140916_104207_V06,0,0.483,1.200,1135,0,17201.812,50,0,15879.023
KLWX20140916-11,KLWX20140916_104207_V06,2,1.450,1.200,1135,0,55.582,1,0,47.996
KLWX20140916-14,KLWX20140916_104705_V06,0,0.483,1.200,3335,0,50106.223,214,0,648.255
KLWX20140916-14,KLWX20140916_104705_V06,2,1.450,1.200,3333,0,3200.443,82,0,484.979
KLWX20140917-4,KLWX20140917_105231_V06,0,0.483,1.200,89,0,4808.029,1,0,4804.722
KLWX20140917-4,KLWX20140917_105231_V06,2,1.494,1.200,88,0,0.108,0,0,0.108
KLWX20140917-4,KLWX20140917_105231_V06,4,2.505,1.200,47,0,0.116,0,0,0.116
KLWX20140917-4,KLWX20140917_110217_V06,0,0.483,1.200,3015,0,133107.032,138,0,132394.266
KLWX20140917-4,KLWX20140917_110217_V06,2,1.494,1.200,3022,0,121.326,16,0,73.000
KLWX20140917-4,KLWX20140917_110217_V06,4,2.505,1.200,1511,0,3.941,0,0,3.941
KLWX20140917-4,KLWX20140917_111202_V06,0,0.483,1.200,5780,7,229328.572,265,0,153461.753
KLWX20140917-4,KLWX20140917_111202_V06,2,1.494,1.200,5779,0,635.342,51,0,290.897
KLWX20140917-4,KLWX20140917_111202_V06,4,2.505,1.200,2896,0,7.977,0,0,7.977
KLWX20140917-4,KLWX20140917_112149_V06,0,0.483,1.200,7260,0,140599.637,323,0,137592.784
KLWX20140917-4,KLWX20140917_112149_V06,2,1.494,1.200,7260,0,1326.563,55,0,1224.956
KLWX20140917-4,KLWX20140917_112149_V06,4,2.505,1.200,3637,0,12.345,0,0,12.345
KLWX20140917-4,KLWX20140917_113135_V06,0,0.483,1.200,9950,0,115555.643,593,0,112699.392
KLWX20140917-4,KLWX20140917_113135_V06,2,1.494,1.200,9965,0,1865.883,105,0,1484.510
KLWX20140917-4,KLWX20140917_113135_V06,4,2.505,1.200,4987,0,14.683,0,0,14.683
KLWX20140917-4,KLWX20140917_114122_V06,0,0.483,1.200,12304,0,89523.667,703,0,86028.588
KLWX20140917-4,KLWX20140917_114122_V06,2,1.494,1.200,12317,0,2200.714,137,0,1984.163
KLWX20140917-4,KLWX20140917_114122_V06,4,2.505,1.200,6154,0,41.776,0,0,41.776
KLWX20140917-4,KLWX20140917_115109_V06,0,0.483,1.200,13753,0,66148.944,870,0,61417.065
KLWX20140917-4,KLWX20140917_115109_V06,2,1.494,1.200,13769,0,2395.290,131,0,2134.535
KLWX20140917-4,KLWX20140917_115109_V06,4,2.505,1.200,6895,0,21.927,0,0,21.927
KLWX20140917-4,KLWX20140917_120055_V06,0,0.483,1.200,13858,0,52029.672,694,0,47936.192
KLWX20140917-4,KLWX20140917_120055_V06,2,1.494,1.200,13875,0,673.496,58,0,571.546
KLWX20140917-4,KLWX20140917_120055_V06,4,2.505,1.200,6938,0,24.613,0,0,24.613
KLWX20140917-1,KLWX20140917_104246_V06,0,0.483,1.200,514,0,29588.578,21,0,29246.034
KLWX20140917-1,KLWX20140917_104246_V06,2,1.494,1.200,513,0,69.038,17,0,62.510
KLWX20140917-1,KLWX20140917_104246_V06,4,2.505,1.200,258,0,0.255,0,0,0.255
KLWX20140917-1,KLWX20140917_104246_V06,5,3.516,1.200,257,0,0.255,0,0,0.255
KLWX20140917-1,KLWX20140917_104246_V06,6,4.482,1.200,258,0,0.257,0,0,0.257
KLWX20140917-1,KLWX20140917_105231_V06,0,0.483,1.200,4322,0,105837.399,182,0,105188.759
KLWX20140917-1,KLWX20140917_105231_V06,2,1.494,1.200,4326,0,28756.084,103,0,27169.409
KLWX20140917-1,KLWX20140917_105231_V06,4,2.505,1.200,2162,0,253.379,14,0,246.881
KLWX20140917-1,KLWX20140917_105231_V06,5,3.516,1.200,2164,0,15.884,5,0,14.603
KLWX20140917-1,KLWX20140917_105231_V06,6,4.482,1.200,2167,0,11.720,11,0,8.515
KLWX20140917-1,KLWX20140917_110217_V06,0,0.483,1.200,12764,0,130520.444,898,0,128161.977
KLWX20140917-1,KLWX20140917_110217_V06,2,1.494,1.200,12766,0,71328.777,447,0,70655.956
KLWX20140917-1,KLWX20140917_110217_V06,4,2.505,1.200,6387,0,7608.533,32,0,7546.650
KLWX20140917-1,KLWX20140917_110217_V06,5,3.516,1.200,6391,0,62.132,21,0,55.175
KLWX20140917-1,KLWX20140917_110217_V06,6,4.482,1.200,6396,0,78.035,14,0,48.137
KLWX20140917-1,KLWX20140917_111202_V06,0,0.483,1.200,17662,4,87352.214,1473,3,84081.545
KLWX20140917-1,KLWX20140917_111202_V06,2,1.494,1.200,17660,0,83027.875,826,0,81792.291
KLWX20140917-1,KLWX20140917_111202_V06,4,2.505,1.200,8841,0,16709.103,84,0,16165.532
KLWX20140917-1,KLWX20140917_111202_V06,5,3.516,1.200,8852,0,303.171,60,0,271.662
KLWX20140917-1,KLWX20140917_111202_V06,6,4.482,1.200,8862,0,41.544,24,0,36.177
KLWX20140917-1,KLWX20140917_112149_V06,0,0.483,1.200,27192,8,89997.690,2711,6,85122.181
KLWX20140917-1,KLWX20140917_112149_V06,2,1.494,1.200,27206,0,82098.443,1688,0,80908.594
KLWX20140917-1,KLWX20140917_112149_V06,4,2.505,1.200,13605,0,8692.141,284,0,7946.148
KLWX20140917-1,KLWX20140917_112149_V06,5,3.516,1.200,13630,0,1887.475,178,0,1727.378
KLWX20140917-1,KLWX20140917_112149_V06,6,4.482,1.200,13648,0,454.073,93,0,408.099
KLWX20140917-1,KLWX20140917_113135_V06,0,0.483,1.200,27517,10,80426.722,2718,3,75027.542
KLWX20140917-1,KLWX20140917_113135_V06,2,1.494,1.200,27530,0,63607.934,1649,0,62201.818
KLWX20140917-1,KLWX20140917_113135_V06,4,2.505,1.200,13773,0,1187.194,153,0,1028.804
KLWX20140917-1,KLWX20140917_113135_V06,5,3.516,1.200,13797,0,450.129,78,0,404.429
KLWX20140917-1,KLWX20140917_113135_V06,6,4.482,1.200,13808,0,173.279,79,0,139.794
KLWX20140917-1,KLWX20140917_114122_V06,0,0.483,1.200,29379,9,85317.402,3220,9,79145.382
KLWX20140917-1,KLWX20140917_114122_V06,2,1.494,1.200,29397,0,34328.812,1825,0,33011.552
KLWX20140917-1,KLWX20140917_114122_V06,4,2.505,1.200,14705,0,517.812,106,0,369.354
KLWX20140917-1,KLWX20140917_114122_V06,5,3.516,1.200,14726,0,132.418,67,0,96.557
KLWX20140917-1,KLWX20140917_114122_V06,6,4.482,1.200,14744,0,99.375,60,0,88.471
KLWX20140917-3,KLWX20140917_105231_V06,0,0.483,1.200,617,0,6265.043,13,0,6202.016
KLWX20140917-3,KLWX20140917_105231_V06,2,1.494,1.200,619,0,5.111,0,0,5.111
KLWX20140917-3,KLWX20140917_105231_V06,4,2.505,1.200,312,0,0.886,0,0,0.886
KLWX20140917-3,KLWX20140917_110217_V06,0,0.483,1.200,2530,0,18393.089,89,0,17872.271
KLWX20140917-3,KLWX20140917_110217_V06,2,1.494,1.200,2532,0,3.563,0,0,3.563
KLWX20140917-3,KLWX20140917_110217_V06,4,2.505,1.200,1271,0,3.583,0,0,3.583
KLWX20140917-3,KLWX20140917_111202_V06,0,0.483,1.200,4065,0,24127.765,200,0,23306.780
KLWX20140917-3,KLWX20140917_111202_V06,2,1.494,1.200,4064,0,471.727,6,0,465.230
KLWX20140917-3,KLWX20140917_111202_V06,4,2.505,1.200,2037,0,5.524,0,0,5.524
KLWX20140917-3,KLWX20140917_112149_V06,0,0.483,1.200,6556,0,36929.056,270,0,35711.651
KLWX20140917-3,KLWX20140917_112149_V06,2,1.494,1.200,6557,0,10489.910,18,0,10471.602
KLWX20140917-3,KLWX20140917_112149_V06,4,2.505,1.200,3287,0,8.454,0,0,8.454
KLWX20140917-3,KLWX20140917_113135_V06,0,0.483,1.200,7600,0,40984.739,448,0,39344.994
KLWX20140917-3,KLWX20140917_113135_V06,2,1.494,1.200,7608,0,26984.691,125,0,26737.582
KLWX20140917-3,KLWX20140917_113135_V06,4,2.505,1.200,3793,0,53.906,5,0,37.538
KLWX20140917-3,KLWX20140917_113135_V06,5,3.516,1.200,3801,0,25.031,1,0,23.347
KLWX20140917-3,KLWX20140917_114122_V06,0,0.483,1.200,8519,0,45301.529,517,0,43147.619
KLWX20140917-3,KLWX20140917_114122_V06,2,1.494,1.200,8522,0,27528.367,162,0,27170.958
KLWX20140917-3,KLWX20140917_114122_V06,4,2.505,1.200,4259,0,164.668,11,0,135.592
KLWX20140917-3,KLWX20140917_114122_V06,5,3.516,1.200,4270,0,70.961,6,0,50.529
KLWX20140917-8,KLWX20140917_110217_V06,0,0.483,1.200,399,0,8926.804,8,0,8912.792
KLWX20140917-8,KLWX20140917_110217_V06,2,1.494,1.200,400,0,2.274,0,0,2.274
KLWX20140917-8,KLWX20140917_110217_V06,4,2.505,1.200,202,0,0.479,0,0,0.479
KLWX20140917-8,KLWX20140917_110217_V06,5,3.516,1.200,202,0,0.480,0,0,0.480
KLWX20140917-8,KLWX20140917_111202_V06,0,0.483,1.200,2456,0,21286.255,105,0,20889.356
KLWX20140917-8,KLWX20140917_111202_V06,2,1.494,1.200,2458,0,563.306,15,0,549.901
KLWX20140917-8,KLWX20140917_111202_V06,4,2.505,1.200,1229,0,10.339,0,0,10.339
KLWX20140917-8,KLWX20140917_111202_V06,5,3.516,1.200,1227,0,2.818,0,0,2.818
KLWX20140917-8,KLWX20140917_112149_V06,0,0.483,1.200,2366,0,17586.235,119,0,17202.257
KLWX20140917-8,KLWX20140917_112149_V06,2,1.494,1.200,2367,0,815.209,31,0,762.038
KLWX20140917-8,KLWX20140917_112149_V06,4,2.505,1.200,1183,0,10.784,0,0,10.784
KLWX20140917-8,KLWX20140917_112149_V06,5,3.516,1.200,1182,0,7.120,0,0,7.120
KLWX20140917-8,KLWX20140917_113135_V06,0,0.483,1.200,2662,0,15726.475,140,0,15291.909
KLWX20140917-8,KLWX20140917_113135_V06,2,1.494,1.200,2663,0,1456.821,51,0,1381.715
KLWX20140917-8,KLWX20140917_113135_V06,4,2.505,1.200,1336,0,15.833,0,0,15.833
KLWX20140917-8,KLWX20140917_113135_V06,5,3.516,1.200,1340,0,6.967,0,0,6.967
KLWX20140917-8,KLWX20140917_114122_V06,0,0.483,1.200,7430,0,38960.919,469,0,36741.765
KLWX20140917-8,KLWX20140917_114122_V06,2,1.494,1.200,7434,0,6208.321,136,0,5889.398
KLWX20140917-8,KLWX20140917_114122_V06,4,2.505,1.200,3729,0,174.861,11,0,134.837
KLWX20140917-6,KLWX20140917_110217_V06,0,0.483,1.200,2805,0,25012.996,24,0,24325.388
KLWX20140917-6,KLWX20140917_110217_V06,2,1.494,1.200,2811,0,8.423,0,0,8.423
KLWX20140917-6,KLWX20140917_111202_V06,0,0.483,1.200,5281,0,20899.097,69,0,19349.012
KLWX20140917-6,KLWX20140917_111202_V06,2,1.494,1.200,5285,0,15.874,0,0,15.874
KLWX20140917-6,KLWX20140917_112149_V06,0,0.483,1.200,7577,0,12668.082,81,0,11467.317
KLWX20140917-6,KLWX20140917_112149_V06,2,1.494,1.200,7577,0,225.648,8,0,91.615
KLWX20140917-9,KLWX20140917_110217_V06,0,0.483,1.200,604,0,3824.803,4,0,3791.377
KLWX20140917-9,KLWX20140917_110217_V06,2,1.494,1.200,604,0,1.927,0,0,1.927
KLWX20140917-9,KLWX20140917_111202_V06,0,0.483,1.200,1875,0,8712.492,18,0,8464.934
KLWX20140917-9,KLWX20140917_111202_V06,2,1.494,1.200,1875,0,6.052,0,0,6.052
KLWX20140917-9,KLWX20140917_112149_V06,0,0.483,1.200,2449,0,5507.763,21,0,5141.686
KLWX20140917-9,KLWX20140917_112149_V06,2,1.494,1.200,2448,0,7.941,0,0,7.941
KLWX20140917-10,KLWX20140917_112149_V06,0,0.483,1.200,1601,0,7510.242,26,0,7332.960
KLWX20140917-10,KLWX20140917_112149_V06,2,1.494,1.200,1602,0,3.575,0,0,3.575
KLWX20140917-10,KLWX20140917_113135_V06,0,0.483,1.200,3836,0,13425.977,82,0,12738.900
KLWX20140917-10,KLWX20140917_113135_V06,2,1.494,1.200,3846,0,8.689,0,0,8.689
KLWX20140917-5,KLWX20140917_105231_V06,0,0.483,1.200,1620,0,1706.178,13,0,1645.790
KLWX20140917-5,KLWX20140917_105231_V06,2,1.494,1.200,1624,0,10.276,0,0,10.276
KLWX20140917-5,KLWX20140917_105231_V06,4,2.505,1.200,811,0,3.047,0,0,3.047
KLWX20140917-7,KLWX20140917_110217_V06,0,0.483,1.200,2675,0,117741.377,124,0,117544.807
KLWX20140917-7,KLWX20140917_110217_V06,2,1.494,1.200,2675,0,24487.360,104,0,24396.304
KLWX20140917-7,KLWX20140917_110217_V06,4,2.505,1.200,1334,0,150.705,11,0,149.527
KLWX20140917-7,KLWX20140917_110217_V06,5,3.516,1.200,1343,0,7.834,2,0,7.370
KLWX20140917-7,KLWX20140917_110217_V06,6,4.482,1.200,1346,0,1.283,1,0,1.028
KLWX20140917-11,KLWX20140917_112149_V06,0,0.483,1.200,2181,0,23353.017,122,0,22728.244
KLWX20140917-11,KLWX20140917_112149_V06,2,1.494,1.200,2182,0,994.220,43,0,846.805
KLWX20140917-11,KLWX20140917_112149_V06,4,2.505,1.200,1093,0,47.545,3,0,35.124
KLWX20140917-12,KLWX20140917_114122_V06,0,0.483,1.200,27727,0,243285.772,3402,0,237075.888
KLWX20140917-12,KLWX20140917_114122_V06,2,1.494,1.200,27745,0,27092.662,2596,0,25033.797
KLWX20140917-12,KLWX20140917_114122_V06,4,2.505,1.200,13888,0,4468.777,337,0,4083.353
KLWX20140917-12,KLWX20140917_114122_V06,5,3.516,1.200,13893,0,661.961,155,0,494.555
KLWX20140917-12,KLWX20140917_114122_V06,6,4.482,1.200,13908,0,84.297,69,0,60.290
KLWX20140918-2,KLWX20140918_113323_V06,0,0.483,1.200,4505,0,9760.394,76,0,9423.181
KLWX20140918-2,KLWX20140918_113323_V06,2,1.494,1.200,4506,0,6.524,0,0,6.524
KLWX20140918-2,KLWX20140918_113323_V06,4,2.505,1.200,2254,0,6.540,0,0,6.540
KLWX20140918-2,KLWX20140918_114309_V06,0,0.483,1.200,9052,0,7080.591,134,0,6268.281
KLWX20140918-2,KLWX20140918_114309_V06,2,1.494,1.200,9052,0,48.620,3,0,45.764
KLWX20140918-2,KLWX20140918_114309_V06,4,2.505,1.200,4530,0,13.099,0,0,13.099
KLWX20140918-1,KLWX20140918_111346_V06,0,0.483,1.200,2014,0,1867.376,476,0,1741.432
KLWX20140918-1,KLWX20140918_111346_V06,2,1.494,1.200,2013,0,3.733,60,0,1.767
KLWX20140918-1,KLWX20140918_111346_V06,4,2.505,1.200,1010,0,1.400,5,0,1.247
KLWX20140918-1,KLWX20140918_111346_V06,5,3.516,1.200,1009,0,0.889,2,0,0.829
KLWX20140918-1,KLWX20140918_111346_V06,6,4.482,1.200,1011,0,1.625,3,0,1.461
KLWX20140919-1,KLWX20140919_104518_V06,0,0.483,1.200,869,0,106782.456,136,0,100405.168
KLWX20140919-1,KLWX20140919_104518_V06,2,1.450,1.200,870,0,697.041,90,0,512.503
KLWX20140919-1,KLWX20140919_104518_V06,4,2.417,1.200,433,0,0.487,0,0,0.487
KLWX20140919-1,KLWX20140919_104518_V06,5,3.384,1.200,435,0,0.491,0,0,0.491
KLWX20140919-1,KLWX20140919_104518_V06,6,4.307,1.200,435,0,0.492,0,0,0.492
KLWX20140919-1,KLWX20140919_105016_V06,0,0.483,1.200,2874,0,64366.903,470,0,54211.736
KLWX20140919-1,KLWX20140919_105016_V06,2,1.450,1.200,2878,0,997.323,101,0,777.644
KLWX20140919-1,KLWX20140919_105016_V06,4,2.417,1.200,1435,0,4.449,0,0,4.449
KLWX20140919-1,KLWX20140919_105016_V06,5,3.384,1.200,1441,0,10.660,3,0,9.344
KLWX20140919-1,KLWX20140919_105016_V06,6,4.307,1.200,1445,0,1.640,0,0,1.640
KLWX20140919-1,KLWX20140919_105513_V06,0,0.483,1.200,6946,0,50156.690,1001,0,39928.156
KLWX20140919-1,KLWX20140919_105513_V06,2,1.450,1.200,6953,0,3137.893,186,0,2690.318
KLWX20140919-1,KLWX20140919_105513_V06,4,2.417,1.200,3484,0,6.045,0,0,6.045
KLWX20140919-1,KLWX20140919_105513_V06,5,3.384,1.200,3485,0,21.581,8,0,17.409
KLWX20140919-1,KLWX20140919_105513_V06,6,4.307,1.200,3492,0,9.623,3,0,9.025
KLWX20140919-1,KLWX20140919_110010_V06,0,0.483,1.200,11901,0,63280.928,1323,0,52992.972
KLWX20140919-1,KLWX20140919_110010_V06,2,1.450,1.200,11911,0,3431.936,293,0,2758.791
KLWX20140919-1,KLWX20140919_110010_V06,4,2.417,1.200,5961,0,1323.335,7,0,30.936
KLWX20140919-1,KLWX20140919_110010_V06,5,3.384,1.200,5964,0,17.009,2,0,16.577
KLWX20140919-1,KLWX20140919_110010_V06,6,4.307,1.200,5971,0,25.401,15,0,22.073
KLWX20140919-1,KLWX20140919_110508_V06,0,0.483,1.200,16451,0,89868.620,1631,0,79242.021
KLWX20140919-1,KLWX20140919_110508_V06,2,1.450,1.200,16470,0,3196.126,303,0,2899.912
KLWX20140919-1,KLWX20140919_110508_V06,4,2.417,1.200,8237,0,59.893,14,0,52.663
KLWX20140919-1,KLWX20140919_110508_V06,5,3.384,1.200,8245,0,40.049,14,0,32.520
KLWX20140919-1,KLWX20140919_110508_V06,6,4.307,1.200,8263,0,38.844,24,0,31.326
KLWX20140919-1,KLWX20140919_111005_V06,0,0.483,1.200,12586,0,79802.734,994,0,72173.445
KLWX20140919-1,KLWX20140919_111005_V06,2,1.450,1.200,12590,0,2558.770,132,0,2421.977
KLWX20140919-1,KLWX20140919_111005_V06,4,2.417,1.200,6301,0,26.179,0,0,26.179
KLWX20140919-1,KLWX20140919_111005_V06,5,3.384,1.200,6309,0,24.856,2,0,24.077
KLWX20140919-1,KLWX20140919_111005_V06,6,4.307,1.200,6315,0,22.539,6,0,20.643
KLWX20140919-2,KLWX20140919_110508_V06,0,0.483,1.200,1968,0,62353.913,180,0,61390.100
KLWX20140919-2,KLWX20140919_110508_V06,2,1.450,1.200,1968,0,370.225,245,0,167.577
KLWX20140919-2,KLWX20140919_110508_V06,4,2.417,1.200,980,0,1.307,0,0,1.307
KLWX20140919-2,KLWX20140919_110508_V06,5,3.384,1.200,986,0,0.568,0,0,0.568
KLWX20140919-2,KLWX20140919_110508_V06,6,4.307,1.200,986,0,8.319,6,0,6.660
KLWX20140919-2,KLWX20140919_110508_V06,7,6.021,1.200,991,0,0.576,0,0,0.576
KLWX20140919-3,KLWX20140919_111005_V06,0,0.483,1.200,135,0,2131.504,10,0,1999.951
KLWX20140919-3,KLWX20140919_111005_V06,2,1.450,1.200,134,0,0.322,0,0,0.322
KLWX20140919-5,KLWX20140919_121427_V06,0,0.483,1.200,4711,0,95429.729,393,0,93833.312
KLWX20140919-5,KLWX20140919_121427_V06,2,1.450,1.200,4716,0,2057.817,1333,0,1047.667
KLWX20140919-5,KLWX20140919_121427_V06,4,2.417,1.200,2366,0,267.938,114,0,138.544
KLWX20140919-5,KLWX20140919_121427_V06,5,3.384,1.200,2371,0,20.994,11,0,18.565
KLWX20140919-5,KLWX20140919_121427_V06,6,4.307,1.200,2366,0,56.313,28,0,42.237
KLWX20140919-5,KLWX20140919_121427_V06,7,6.021,1.200,2380,0,5.628,0,0,5.628
KLWX20140921-1,KLWX20140921_111428_V06,0,0.483,1.200,10389,0,178769.509,858,0,87788.293
KLWX20140921-1,KLWX20140921_111428_V06,2,1.494,1.200,10385,0,86.375,3,0,62.082
KLWX20140921-2,KLWX20140921_112413_V06,0,0.483,1.200,1670,0,58355.426,32,0,57968.155
KLWX20140921-2,KLWX20140921_112413_V06,2,1.494,1.200,1671,0,5488.530,354,0,4004.175
KLWX20140921-2,KLWX20140921_112413_V06,4,2.505,1.200,838,0,621.631,203,0,340.486
KLWX20140921-2,KLWX20140921_112413_V06,5,3.516,1.200,836,0,2.717,4,0,1.881
KLWX20140921-2,KLWX20140921_112413_V06,6,4.482,1.200,838,0,2.314,17,0,1.670
KLWX20140922-2,KLWX20140922_104252_V06,0,0.483,1.200,66,0,57787.278,0,0,57787.278
KLWX20140922-2,KLWX20140922_104252_V06,2,1.494,1.200,66,0,2.967,2,0,2.555
KLWX20140922-2,KLWX20140922_104252_V06,4,2.505,1.200,34,0,0.030,0,0,0.030
KLWX20140922-2,KLWX20140922_104252_V06,5,3.516,1.200,32,0,0.029,0,0,0.029
KLWX20140922-2,KLWX20140922_104252_V06,6,4.482,1.200,33,0,0.030,0,0,0.030
KLWX20140922-2,KLWX20140922_105237_V06,0,0.483,1.200,2280,0,68696.616,96,0,67866.613
KLWX20140922-2,KLWX20140922_105237_V06,2,1.494,1.200,2283,0,156.238,102,0,125.806
KLWX20140922-2,KLWX20140922_105237_V06,4,2.505,1.200,1140,0,11.569,10,0,8.199
KLWX20140922-2,KLWX20140922_105237_V06,5,3.516,1.200,1143,0,6.014,3,0,4.932
KLWX20140922-2,KLWX20140922_105237_V06,6,4.482,1.200,1147,0,2.016,0,0,2.016
KLWX20140922-2,KLWX20140922_110223_V06,0,0.483,1.200,3788,0,68080.214,56,0,67847.842
KLWX20140922-2,KLWX20140922_110223_V06,2,1.494,1.200,3791,0,1792.398,217,0,1708.644
KLWX20140922-2,KLWX20140922_110223_V06,4,2.505,1.200,1899,0,33.338,10,0,30.541
KLWX20140922-2,KLWX20140922_110223_V06,5,3.516,1.200,1898,0,10.941,6,0,9.945
KLWX20140922-2,KLWX20140922_110223_V06,6,4.482,1.200,1903,0,5.374,8,0,3.601
KLWX20140922-2,KLWX20140922_111209_V06,0,0.483,1.200,6996,0,55083.317,262,0,53715.083
KLWX20140922-2,KLWX20140922_111209_V06,2,1.494,1.200,6995,0,5050.656,517,0,4738.648
KLWX20140922-2,KLWX20140922_111209_V06,4,2.505,1.200,3500,0,24.563,6,0,21.466
KLWX20140922-2,KLWX20140922_111209_V06,5,3.516,1.200,3506,0,20.795,11,0,19.352
KLWX20140922-2,KLWX20140922_111209_V06,6,4.482,1.200,3509,0,12.144,6,0,10.984
KLWX20140922-4,KLWX20140922_105237_V06,0,0.483,1.200,752,0,22149.008,23,0,22078.613
KLWX20140922-4,KLWX20140922_105237_V06,2,1.494,1.200,748,0,0.660,0,0,0.660
KLWX20140922-4,KLWX20140922_105237_V06,4,2.505,1.200,377,0,0.666,0,0,0.666
KLWX20140922-4,KLWX20140922_105237_V06,5,3.516,1.200,375,0,0.663,0,0,0.663
KLWX20140923-3,KLWX20140923_110232_V06,0,0.483,1.200,3980,0,49060.837,149,0,48601.276
KLWX20140923-3,KLWX20140923_110232_V06,2,1.494,1.200,3985,0,1658.464,30,0,1645.409
KLWX20140923-3,KLWX20140923_110232_V06,4,2.505,1.200,1991,0,14.477,0,0,14.477
KLWX20140923-3,KLWX20140923_110232_V06,5,3.516,1.200,1994,0,11.136,0,0,11.136
KLWX20140923-3,KLWX20140923_110232_V06,6,4.482,1.200,1998,0,3.990,0,0,3.990
KLWX20140923-3,KLWX20140923_111220_V06,0,0.483,1.200,10852,0,56018.937,520,0,54593.775
KLWX20140923-3,KLWX20140923_111220_V06,2,1.494,1.200,10855,0,11736.071,256,0,11411.544
KLWX20140923-3,KLWX20140923_111220_V06,4,2.505,1.200,5437,0,21.196,1,0,20.061
KLWX20140923-3,KLWX20140923_111220_V06,5,3.516,1.200,5440,0,63.982,14,0,56.633
KLWX20140923-3,KLWX20140923_111220_V06,6,4.482,1.200,5447,0,56.486,28,0,49.413
KLWX20140923-3,KLWX20140923_112207_V06,0,0.483,1.200,11703,0,51239.106,717,0,49589.342
KLWX20140923-3,KLWX20140923_112207_V06,2,1.494,1.200,11707,0,14725.761,341,0,14235.246
KLWX20140923-3,KLWX20140923_112207_V06,4,2.505,1.200,5859,0,186.871,10,0,167.296
KLWX20140923-3,KLWX20140923_112207_V06,5,3.516,1.200,5870,0,82.799,19,0,75.896
KLWX20140923-3,KLWX20140923_112207_V06,6,4.482,1.200,5875,0,76.392,49,0,64.980
KLWX20140923-3,KLWX20140923_113154_V06,0,0.483,1.200,18338,0,57402.538,1444,0,53246.275
KLWX20140923-3,KLWX20140923_113154_V06,2,1.494,1.200,18349,0,27711.890,809,0,26725.250
KLWX20140923-3,KLWX20140923_113154_V06,4,2.505,1.200,9183,0,584.038,61,0,557.126
KLWX20140923-3,KLWX20140923_113154_V06,5,3.516,1.200,9199,0,151.048,27,0,137.787
KLWX20140923-3,KLWX20140923_113154_V06,6,4.482,1.200,9202,0,160.234,116,0,132.809
KLWX20140923-4,KLWX20140923_110232_V06,0,0.483,1.200,48,0,1048.646,1,0,1039.539
KLWX20140923-4,KLWX20140923_110232_V06,2,1.494,1.200,48,0,0.071,0,0,0.071
KLWX20140923-4,KLWX20140923_110232_V06,4,2.505,1.200,23,0,0.068,0,0,0.068
KLWX20140923-4,KLWX20140923_111220_V06,0,0.483,1.200,1168,0,7115.515,58,0,6697.751
KLWX20140923-4,KLWX20140923_111220_V06,2,1.494,1.200,1168,0,1.674,0,0,1.674
KLWX20140923-4,KLWX20140923_111220_V06,4,2.505,1.200,609,0,1.746,0,0,1.746
KLWX20140923-4,KLWX20140923_112207_V06,0,0.483,1.200,551,0,5046.842,49,0,4639.000
KLWX20140923-4,KLWX20140923_112207_V06,2,1.494,1.200,554,0,79.254,3,0,70.815
KLWX20140923-4,KLWX20140923_112207_V06,4,2.505,1.200,276,0,0.792,0,0,0.792
KLWX20140923-4,KLWX20140923_113154_V06,0,0.483,1.200,2501,0,20316.908,155,0,19414.623
KLWX20140923-4,KLWX20140923_113154_V06,2,1.494,1.200,2502,0,5418.306,42,0,5288.485
KLWX20140923-4,KLWX20140923_113154_V06,4,2.505,1.200,1240,0,3.104,0,0,3.104
KLWX20140923-7,KLWX20140923_111220_V06,0,0.483,1.200,5166,0,140172.400,382,0,137464.303
KLWX20140923-7,KLWX20140923_111220_V06,2,1.494,1.200,5174,0,789.457,47,0,736.664
KLWX20140923-7,KLWX20140923_111220_V06,4,2.505,1.200,2587,0,6.565,0,0,6.565
KLWX20140923-7,KLWX20140923_112207_V06,0,0.483,1.200,9592,0,152327.938,632,0,148704.784
KLWX20140923-7,KLWX20140923_112207_V06,2,1.494,1.200,9597,0,15722.302,204,0,15299.234
KLWX20140923-7,KLWX20140923_112207_V06,4,2.505,1.200,4804,0,25.792,0,0,25.792
KLWX20140923-13,KLWX20140923_111220_V06,0,0.483,1.200,1066,0,12266.035,21,0,12200.651
KLWX20140923-13,KLWX20140923_111220_V06,2,1.494,1.200,1069,0,9.147,3,0,4.853
KLWX20140923-13,KLWX20140923_111220_V06,4,2.505,1.200,537,0,1.294,0,0,1.294
KLWX20140923-13,KLWX20140923_112207_V06,0,0.483,1.200,3630,0,28065.923,118,0,27600.253
KLWX20140923-13,KLWX20140923_112207_V06,2,1.494,1.200,3631,0,858.793,21,0,828.135
KLWX20140923-13,KLWX20140923_112207_V06,4,2.505,1.200,1818,0,12.505,0,0,12.505
KLWX20140923-15,KLWX20140923_112207_V06,0,0.483,1.200,962,0,18965.452,25,0,18831.208
KLWX20140923-15,KLWX20140923_112207_V06,2,1.494,1.200,959,0,1152.378,12,0,1126.283
KLWX20140923-15,KLWX20140923_112207_V06,4,2.505,1.200,481,0,1.108,0,0,1.108
KLWX20140923-15,KLWX20140923_112207_V06,5,3.516,1.200,480,0,1.108,0,0,1.108
KLWX20140923-15,KLWX20140923_113154_V06,0,0.483,1.200,3757,0,28886.903,154,0,28128.709
KLWX20140923-15,KLWX20140923_113154_V06,2,1.494,1.200,3762,0,5175.810,54,0,5019.751
KLWX20140923-15,KLWX20140923_113154_V06,4,2.505,1.200,1876,0,4.551,0,0,4.551
KLWX20140923-1,KLWX20140923_105245_V06,0,0.483,1.200,1978,0,15455.484,54,0,15144.420
KLWX20140923-1,KLWX20140923_105245_V06,2,1.494,1.200,1981,0,10.352,3,0,7.270
KLWX20140923-1,KLWX20140923_105245_V06,4,2.505,1.200,992,0,1.766,0,0,1.766
KLWX20140923-1,KLWX20140923_105245_V06,5,3.516,1.200,990,0,1.765,0,0,1.765
KLWX20140923-2,KLWX20140923_105245_V06,0,0.483,1.200,845,0,4025.616,66,0,3890.095
KLWX20140923-2,KLWX20140923_105245_V06,2,1.494,1.200,844,0,141.570,30,0,87.737
KLWX20140923-2,KLWX20140923_105245_V06,4,2.505,1.200,427,0,4.330,0,0,4.330
KLWX20140923-2,KLWX20140923_105245_V06,5,3.516,1.200,429,0,2.837,0,0,2.837
KLWX20140923-2,KLWX20140923_105245_V06,6,4.482,1.200,428,0,6.875,1,0,6.816
KLWX20140923-9,KLWX20140923_111220_V06,0,0.483,1.200,81,0,698.841,0,0,698.841
KLWX20140923-9,KLWX20140923_111220_V06,2,1.494,1.200,81,0,0.093,0,0,0.093
KLWX20140923-9,KLWX20140923_111220_V06,4,2.505,1.200,40,0,0.092,0,0,0.092
KLWX20140923-9,KLWX20140923_111220_V06,5,3.516,1.200,41,0,0.094,0,0,0.094
KLWX20140923-16,KLWX20140923_112207_V06,0,0.483,1.200,508,0,4487.544,13,0,4470.374
KLWX20140923-16,KLWX20140923_112207_V06,2,1.494,1.200,507,0,459.972,6,0,438.998
KLWX20140923-16,KLWX20140923_112207_V06,4,2.505,1.200,251,0,4.399,0,0,4.399
KLWX20140923-16,KLWX20140923_112207_V06,5,3.516,1.200,253,0,0.386,0,0,0.386
KLWX20140923-16,KLWX20140923_112207_V06,6,4.482,1.200,257,0,0.394,0,0,0.394
KLWX20140924-1,KLWX20140924_110410_V06,0,0.483,1.200,1441,0,55525.775,105,0,55201.037
KLWX20140924-1,KLWX20140924_110410_V06,2,1.450,1.200,1439,0,116.814,141,0,76.349
KLWX20140924-1,KLWX20140924_110410_V06,4,2.417,1.200,720,0,25.561,4,0,23.559
KLWX20140924-1,KLWX20140924_110410_V06,5,3.384,1.200,718,0,5.082,0,0,5.082
KLWX20140924-1,KLWX20140924_110410_V06,6,4.307,1.200,727,0,0.351,0,0,0.351
KLWX20140924-1,KLWX20140924_110410_V06,7,6.021,1.200,726,0,0.352,0,0,0.352
KLWX20140924-3,KLWX20140924_111905_V06,0,0.483,1.200,6180,0,146442.383,411,0,144192.604
KLWX20140924-3,KLWX20140924_111905_V06,2,1.450,1.200,6184,0,14006.042,268,0,13594.617
KLWX20140924-3,KLWX20140924_111905_V06,4,2.417,1.200,3097,0,2800.114,10,0,2781.775
KLWX20140924-3,KLWX20140924_111905_V06,5,3.384,1.200,3096,0,114.955,2,0,114.486
KLWX20140924-3,KLWX20140924_111905_V06,6,4.307,1.200,3101,0,1.514,0,0,1.514
KLWX20140924-3,KLWX20140924_111905_V06,7,6.021,1.200,3106,0,1.524,0,0,1.524
KLWX20140924-4,KLWX20140924_112901_V06,0,0.483,1.200,39,0,1456.742,3,0,1239.610
KLWX20140924-4,KLWX20140924_112901_V06,2,1.450,1.200,41,0,26.294,0,0,26.294
KLWX20140924-4,KLWX20140924_112901_V06,4,2.417,1.200,21,0,0.049,0,0,0.049
KLWX20140924-4,KLWX20140924_112901_V06,5,3.384,1.200,20,0,0.047,0,0,0.047
KLWX20140924-5,KLWX20140924_113858_V06,0,0.483,1.200,89,0,4365.502,2,0,4355.549
KLWX20140924-5,KLWX20140924_113858_V06,2,1.450,1.200,89,0,0.073,0,0,0.073
KLWX20140924-5,KLWX20140924_113858_V06,4,2.417,1.200,44,0,0.073,0,0,0.073
KLWX20140924-5,KLWX20140924_113858_V06,5,3.384,1.200,44,0,0.073,0,0,0.073
KLWX20140924-5,KLWX20140924_113858_V06,6,4.307,1.200,41,0,0.068,0,0,0.068
KLWX20140926-1,KLWX20140926_110015_V06,0,0.483,1.200,1060,0,15350.052,7,0,15203.188
KLWX20140926-1,KLWX20140926_110015_V06,2,1.494,1.200,1063,0,4.143,0,0,4.143
KLWX20140926-1,KLWX20140926_111000_V06,0,0.483,1.200,3005,0,107706.272,53,0,106985.437
KLWX20140926-1,KLWX20140926_111000_V06,2,1.494,1.200,3011,0,11.093,0,0,11.093
KLWX20140926-1,KLWX20140926_111946_V06,0,0.483,1.200,4158,0,161324.577,106,0,157667.088
KLWX20140926-1,KLWX20140926_111946_V06,2,1.494,1.200,4160,0,15.119,0,0,15.119
KLWX20140926-1,KLWX20140926_112931_V06,0,0.483,1.200,6975,0,160476.542,259,0,156107.392
KLWX20140926-1,KLWX20140926_112931_V06,2,1.494,1.200,6994,0,100.333,0,0,100.333
KLWX20140926-1,KLWX20140926_113918_V06,0,0.483,1.200,7776,0,153248.082,345,0,146566.788
KLWX20140926-1,KLWX20140926_113918_V06,2,1.494,1.200,7782,0,422.655,8,0,315.519
KLWX20140926-2,KLWX20140926_110015_V06,0,0.483,1.200,597,0,27214.129,18,0,27124.277
KLWX20140926-2,KLWX20140926_110015_V06,2,1.494,1.200,599,0,325.458,94,0,229.849
KLWX20140926-2,KLWX20140926_110015_V06,4,2.505,1.200,298,0,4.153,7,0,2.771
KLWX20140926-2,KLWX20140926_110015_V06,5,3.516,1.200,299,0,0.167,0,0,0.167
KLWX20140926-2,KLWX20140926_110015_V06,6,4.482,1.200,299,0,0.361,0,0,0.361
KLWX20140926-2,KLWX20140926_111000_V06,0,0.483,1.200,5027,0,281455.827,242,0,280590.713
KLWX20140926-2,KLWX20140926_111000_V06,2,1.494,1.200,5028,0,6308.926,1105,0,5104.474
KLWX20140926-2,KLWX20140926_111000_V06,4,2.505,1.200,2515,0,460.501,283,0,248.174
KLWX20140926-2,KLWX20140926_111000_V06,5,3.516,1.200,2515,0,39.338,16,0,33.020
KLWX20140926-2,KLWX20140926_111000_V06,6,4.482,1.200,2519,0,7.180,3,0,6.208
KLWX20140926-2,KLWX20140926_111946_V06,0,0.483,1.200,7996,0,298778.187,380,0,297530.906
KLWX20140926-2,KLWX20140926_111946_V06,2,1.494,1.200,7999,0,18568.318,1670,0,17522.593
KLWX20140926-2,KLWX20140926_111946_V06,4,2.505,1.200,4000,0,523.094,510,0,293.380
KLWX20140926-2,KLWX20140926_111946_V06,5,3.516,1.200,4004,0,60.798,66,0,44.613
KLWX20140926-2,KLWX20140926_111946_V06,6,4.482,1.200,4012,0,26.262,14,0,23.186
KLWX20140926-2,KLWX20140926_112931_V06,0,0.483,1.200,18642,0,345028.960,1872,0,339418.579
KLWX20140926-2,KLWX20140926_112931_V06,2,1.494,1.200,18648,0,32779.292,3880,0,30135.114
KLWX20140926-2,KLWX20140926_112931_V06,4,2.505,1.200,9335,0,1980.323,913,0,1227.793
KLWX20140926-2,KLWX20140926_112931_V06,5,3.516,1.200,9349,0,312.175,498,0,134.659
KLWX20140926-2,KLWX20140926_112931_V06,6,4.482,1.200,9355,0,76.134,166,0,39.110
KLWX20140926-2,KLWX20140926_113918_V06,0,0.483,1.200,45547,2,399521.842,5995,1,384713.885
KLWX20140926-2,KLWX20140926_113918_V06,2,1.494,1.200,45574,1,43279.607,10177,1,38107.454
KLWX20140926-2,KLWX20140926_113918_V06,4,2.505,1.200,22796,0,3386.195,3726,0,1859.563
KLWX20140926-2,KLWX20140926_113918_V06,5,3.516,1.200,22819,0,979.981,3189,0,349.826
KLWX20140926-2,KLWX20140926_113918_V06,6,4.482,1.200,22857,0,428.708,2490,0,127.653
KLWX20140926-3,KLWX20140926_111000_V06,0,0.483,1.200,3619,0,60995.272,221,0,59904.866
KLWX20140926-3,KLWX20140926_111000_V06,2,1.494,1.200,3616,0,5428.875,173,0,5189.220
KLWX20140926-3,KLWX20140926_111000_V06,4,2.505,1.200,1811,0,30.773,3,0,27.553
KLWX20140926-3,KLWX20140926_111000_V06,5,3.516,1.200,1815,0,6.885,0,0,6.885
KLWX20140926-3,KLWX20140926_111000_V06,6,4.482,1.200,1812,0,2.405,0,0,2.405
KLWX20140926-3,KLWX20140926_111946_V06,0,0.483,1.200,8430,0,56551.574,618,0,53905.298
KLWX20140926-3,KLWX20140926_111946_V06,2,1.494,1.200,8438,0,19837.138,378,0,19154.749
KLWX20140926-3,KLWX20140926_111946_V06,4,2.505,1.200,4225,0,216.072,29,0,190.517
KLWX20140926-3,KLWX20140926_111946_V06,5,3.516,1.200,4228,0,33.027,1,0,32.917
KLWX20140926-3,KLWX20140926_111946_V06,6,4.482,1.200,4232,0,19.850,2,0,19.357
KLWX20140926-3,KLWX20140926_112931_V06,0,0.483,1.200,12128,0,54344.452,1003,0,50388.986
KLWX20140926-3,KLWX20140926_112931_V06,2,1.494,1.200,12131,0,23170.044,798,0,21992.672
KLWX20140926-3,KLWX20140926_112931_V06,4,2.505,1.200,6071,0,2071.976,42,0,2048.225
KLWX20140926-3,KLWX20140926_112931_V06,5,3.516,1.200,6078,0,150.222,12,0,147.963
KLWX20140926-3,KLWX20140926_112931_V06,6,4.482,1.200,6082,0,54.300,16,0,48.406
KLWX20140926-4,KLWX20140926_111000_V06,0,0.483,1.200,927,0,9571.393,26,0,9255.849
KLWX20140926-4,KLWX20140926_111000_V06,2,1.494,1.200,927,0,2.626,0,0,2.626
KLWX20140926-4,KLWX20140926_111946_V06,0,0.483,1.200,2327,0,47742.474,85,0,45844.874
KLWX20140926-4,KLWX20140926_111946_V06,2,1.494,1.200,2332,0,44.444,2,0,14.874
KLWX20140926-7,KLWX20140926_111946_V06,0,0.483,1.200,154,0,5963.974,0,0,5963.974
KLWX20140926-7,KLWX20140926_111946_V06,2,1.494,1.200,151,0,1.209,1,0,0.843
KLWX20140926-7,KLWX20140926_111946_V06,4,2.505,1.200,74,0,0.104,0,0,0.104
KLWX20140926-7,KLWX20140926_111946_V06,5,3.516,1.200,74,0,2.133,0,0,2.133
KLWX20140926-7,KLWX20140926_111946_V06,6,4.482,1.200,76,0,0.107,0,0,0.107
KLWX20140926-7,KLWX20140926_112931_V06,0,0.483,1.200,1464,0,8927.043,42,0,8888.114
KLWX20140926-7,KLWX20140926_112931_V06,2,1.494,1.200,1461,0,2.610,2,0,2.047
KLWX20140926-7,KLWX20140926_112931_V06,4,2.505,1.200,732,0,3.649,0,0,3.649
KLWX20140926-7,KLWX20140926_112931_V06,5,3.516,1.200,736,0,1.057,0,0,1.057
KLWX20140926-7,KLWX20140926_112931_V06,6,4.482,1.200,740,0,1.065,0,0,1.065
KLWX20140926-9,KLWX20140926_111946_V06,0,0.483,1.200,3950,0,97260.841,135,0,96510.210
KLWX20140926-9,KLWX20140926_111946_V06,2,1.494,1.200,3953,0,1076.594,653,0,777.677
KLWX20140926-9,KLWX20140926_111946_V06,4,2.505,1.200,1980,0,26.127,10,0,19.574
KLWX20140926-9,KLWX20140926_111946_V06,5,3.516,1.200,1982,0,2.242,0,0,2.242
KLWX20140926-9,KLWX20140926_111946_V06,6,4.482,1.200,1984,0,3.557,2,0,3.173
KLWX20140926-11,KLWX20140926_112931_V06,0,0.483,1.200,767,0,12208.543,12,0,12017.857
KLWX20140926-11,KLWX20140926_112931_V06,2,1.494,1.200,763,0,2.724,0,0,2.724
KLWX20140927-1,KLWX20140927_110610_V06,0,0.483,1.200,1344,0,30605.434,57,0,30520.594
KLWX20140927-1,KLWX20140927_110610_V06,2,1.494,1.200,1344,0,531.661,47,0,506.372
KLWX20140927-1,KLWX20140927_110610_V06,4,2.505,1.200,671,0,5.729,0,0,5.729
KLWX20140927-1,KLWX20140927_110610_V06,5,3.516,1.200,671,0,1.015,0,0,1.015
KLWX20140927-1,KLWX20140927_110610_V06,6,4.482,1.200,675,0,1.024,0,0,1.024
KLWX20140927-1,KLWX20140927_111556_V06,0,0.483,1.200,6525,0,30678.548,520,0,29288.529
KLWX20140927-1,KLWX20140927_111556_V06,2,1.494,1.200,6529,0,7478.824,297,0,7202.154
KLWX20140927-1,KLWX20140927_111556_V06,4,2.505,1.200,3267,0,78.326,2,0,76.858
KLWX20140927-1,KLWX20140927_111556_V06,5,3.516,1.200,3269,0,4.932,0,0,4.932
KLWX20140927-1,KLWX20140927_111556_V06,6,4.482,1.200,3272,0,4.950,0,0,4.950
KLWX20140927-1,KLWX20140927_112544_V06,0,0.483,1.200,6237,0,17854.350,446,0,17055.655
KLWX20140927-1,KLWX20140927_112544_V06,2,1.494,1.200,6237,0,3796.828,203,0,3579.989
KLWX20140927-1,KLWX20140927_112544_V06,4,2.505,1.200,3115,0,17.211,0,0,17.211
KLWX20140927-1,KLWX20140927_112544_V06,5,3.516,1.200,3121,0,18.827,0,0,18.827
KLWX20140927-6,KLWX20140927_120448_V06,0,0.483,1.200,3924,0,11619.173,142,0,9978.545
KLWX20140927-6,KLWX20140927_120448_V06,2,1.494,1.200,3929,0,498.143,2,0,47.783
KLWX20140927-6,KLWX20140927_121434_V06,0,0.483,1.200,7191,0,10279.716,194,0,8450.619
KLWX20140927-6,KLWX20140927_121434_V06,2,1.494,1.200,7199,0,71.355,3,0,27.312
KLWX20140927-3,KLWX20140927_111556_V06,0,0.483,1.200,5409,0,217124.679,82,0,214788.445
KLWX20140927-3,KLWX20140927_111556_V06,2,1.494,1.200,5411,0,39207.930,928,0,32248.227
KLWX20140927-3,KLWX20140927_111556_V06,4,2.505,1.200,2701,0,3686.745,834,0,1860.835
KLWX20140927-3,KLWX20140927_111556_V06,5,3.516,1.200,2703,0,3473.100,962,0,1583.020
KLWX20140927-3,KLWX20140927_111556_V06,6,4.482,1.200,2702,0,2227.049,712,0,1228.928
KLWX20140927-4,KLWX20140927_111556_V06,0,0.483,1.200,1699,0,16213.331,78,0,14282.067
KLWX20140927-4,KLWX20140927_111556_V06,2,1.494,1.200,1697,0,75.703,2,0,18.928
KLWX20140928-1,KLWX20140928_111241_V06,0,0.483,1.200,22935,0,246965.205,2768,0,76919.961
KLWX20140928-1,KLWX20140928_111241_V06,2,1.494,1.200,22951,0,4002.447,262,0,1984.761
KLWX20140929-4,KLWX20140929_112713_V06,0,0.483,1.200,696,0,5504.751,4,0,5474.930
KLWX20140929-4,KLWX20140929_112713_V06,2,1.450,1.200,694,0,500.269,38,0,72.173
KLWX20140929-4,KLWX20140929_113211_V06,0,0.483,1.200,1908,0,3025.532,14,0,2864.052
KLWX20140929-4,KLWX20140929_113211_V06,2,1.450,1.200,1911,0,6678.776,231,0,563.080
KLWX20140929-5,KLWX20140929_112713_V06,0,0.483,1.200,64,0,9968.856,0,0,9968.856
KLWX20140929-5,KLWX20140929_112713_V06,2,1.450,1.200,64,0,0.052,0,0,0.052
KLWX20140929-5,KLWX20140929_112713_V06,4,2.417,1.200,30,0,0.049,0,0,0.049
KLWX20140929-5,KLWX20140929_112713_V06,5,3.384,1.200,31,0,704.229,31,0,0.000
KLWX20140929-5,KLWX20140929_112713_V06,6,4.307,1.200,31,0,1000.467,30,0,4.107
KLWX20140929-5,KLWX20140929_113211_V06,0,0.483,1.200,754,0,18148.678,12,0,18127.664
KLWX20140929-5,KLWX20140929_113211_V06,2,1.450,1.200,755,0,100.157,45,0,7.923
KLWX20140929-5,KLWX20140929_113211_V06,4,2.417,1.200,379,0,2343.434,93,0,477.515
KLWX20140929-5,KLWX20140929_113211_V06,5,3.384,1.200,379,0,9804.437,356,0,52.443
KLWX20140929-5,KLWX20140929_113211_V06,6,4.307,1.200,376,0,4555.384,334,0,54.522
KLWX20140929-7,KLWX20140929_113211_V06,0,0.483,1.200,2217,0,95202.131,969,0,42080.260
KLWX20140929-7,KLWX20140929_113211_V06,2,1.450,1.200,2215,0,8.082,2,0,5.528
KLWX20140929-7,KLWX20140929_113211_V06,4,2.417,1.200,1113,0,2.087,0,0,2.087
KLWX20140929-7,KLWX20140929_113211_V06,5,3.384,1.200,1112,0,2.091,0,0,2.091
KLWX20140929-7,KLWX20140929_113708_V06,0,0.483,1.200,4399,0,129805.867,1704,0,72117.226
KLWX20140929-7,KLWX20140929_113708_V06,2,1.450,1.200,4402,0,30.093,10,0,19.267
KLWX20140929-7,KLWX20140929_113708_V06,4,2.417,1.200,2201,0,4.167,0,0,4.167
KLWX20140929-7,KLWX20140929_113708_V06,5,3.384,1.200,2201,0,4.173,0,0,4.173
KLWX20140929-8,KLWX20140929_115200_V06,0,0.483,1.200,3550,0,112155.366,1413,0,52850.359
KLWX20140929-8,KLWX20140929_115200_V06,2,1.450,1.200,3552,0,273.077,128,0,111.560
KLWX20140929-8,KLWX20140929_115200_V06,4,2.417,1.200,1779,0,2.598,0,0,2.598
KLWX20140929-8,KLWX20140929_115200_V06,5,3.384,1.200,1779,0,10.744,0,0,10.744
KLWX20140929-8,KLWX20140929_115200_V06,6,4.307,1.200,1784,0,2.614,0,0,2.614
KLWX20140930-3,KLWX20140930_111910_V06,0,0.483,1.200,38946,0,262400.455,5776,0,172499.068
KLWX20140930-3,KLWX20140930_111910_V06,2,1.450,1.200,38968,0,97264.976,4817,0,54571.077
KLWX20140930-3,KLWX20140930_111910_V06,4,2.417,1.200,19502,0,2952.536,342,0,1769.736
KLWX20140930-3,KLWX20140930_112408_V06,0,0.483,1.200,46323,0,276345.742,6034,0,190921.966
KLWX20140930-3,KLWX20140930_112408_V06,2,1.450,1.200,46357,0,126346.968,6153,0,74372.964
KLWX20140930-3,KLWX20140930_112408_V06,4,2.417,1.200,23205,0,9155.323,797,0,5181.231
KLWX20140930-3,KLWX20140930_112903_V06,0,0.483,1.200,44279,0,262178.095,5366,0,185074.652
KLWX20140930-3,KLWX20140930_112903_V06,2,1.450,1.200,44312,0,124067.820,5811,0,73085.123
KLWX20140930-3,KLWX20140930_112903_V06,4,2.417,1.200,22174,0,10764.400,933,0,5955.694
KLWX20140930-7,KLWX20140930_120344_V06,0,0.483,1.200,3969,0,8106.400,132,0,6005.589
KLWX20140930-7,KLWX20140930_120344_V06,2,1.450,1.200,3972,0,11.887,0,0,11.887
KLWX20141001-5,KLWX20141001_113045_V06,0,0.483,1.200,2444,0,18516.294,37,0,17694.787
KLWX20141001-5,KLWX20141001_113045_V06,2,1.450,1.200,2443,0,7.631,0,0,7.631
KLWX20141001-5,KLWX20141001_113609_V06,0,0.483,1.200,5083,0,13476.443,81,0,12215.826
KLWX20141001-5,KLWX20141001_113609_V06,2,1.450,1.200,5091,0,15.843,0,0,15.843
KLWX20141001-5,KLWX20141001_114133_V06,0,0.483,1.200,6660,0,9098.560,78,0,7878.986
KLWX20141001-5,KLWX20141001_114133_V06,2,1.450,1.200,6670,0,20.267,0,0,20.267
KLWX20141001-7,KLWX20141001_113045_V06,0,0.483,1.200,17074,1,586270.603,7717,0,43622.192
KLWX20141001-7,KLWX20141001_113045_V06,2,1.450,1.200,17081,0,558227.580,8417,0,596.753
KLWX20141001-7,KLWX20141001_113045_V06,4,2.417,1.200,8543,0,617782.075,3604,0,39156.707
KLWX20141001-7,KLWX20141001_113045_V06,5,3.384,1.200,8555,0,374214.838,3327,0,36885.895
KLWX20141001-7,KLWX20141001_113045_V06,6,4.307,1.200,8574,1,368915.517,2234,0,17465.345
KLWX20141001-7,KLWX20141001_113045_V06,7,6.021,1.200,8597,0,11570.914,1267,0,558.749
KLWX20141002-1,KLWX20141002_111456_V06,0,0.483,1.200,3614,0,192643.288,297,0,191162.921
KLWX20141002-1,KLWX20141002_111456_V06,2,1.450,1.200,3618,0,1755.802,498,0,1314.993
KLWX20141002-1,KLWX20141002_111456_V06,4,2.417,1.200,1811,0,491.723,97,0,312.548
KLWX20141002-1,KLWX20141002_111456_V06,5,3.384,1.200,1811,0,87.028,154,0,30.099
KLWX20141002-1,KLWX20141002_111456_V06,6,4.307,1.200,1811,0,68.662,205,0,9.138
KLWX20141002-1,KLWX20141002_111456_V06,7,6.021,1.200,1817,0,0.955,0,0,0.955
KLWX20141002-1,KLWX20141002_111953_V06,0,0.483,1.200,6680,0,274675.317,570,0,271931.258
KLWX20141002-1,KLWX20141002_111953_V06,2,1.450,1.200,6687,0,1681.428,896,0,993.684
KLWX20141002-1,KLWX20141002_111953_V06,4,2.417,1.200,3349,0,508.725,151,0,245.276
KLWX20141002-1,KLWX20141002_111953_V06,5,3.384,1.200,3350,0,103.177,156,0,43.220
KLWX20141002-1,KLWX20141002_111953_V06,6,4.307,1.200,3357,0,65.173,241,0,14.293
KLWX20141002-1,KLWX20141002_111953_V06,7,6.021,1.200,3363,0,1.784,0,0,1.784
KLWX20141002-1,KLWX20141002_112450_V06,0,0.483,1.200,7885,0,290948.133,678,0,287685.412
KLWX20141002-1,KLWX20141002_112450_V06,2,1.450,1.200,7887,0,1511.922,1098,0,720.546
KLWX20141002-1,KLWX20141002_112450_V06,4,2.417,1.200,3944,0,471.227,135,0,197.047
KLWX20141002-1,KLWX20141002_112450_V06,5,3.384,1.200,3951,0,148.391,184,0,69.913
KLWX20141002-1,KLWX20141002_112450_V06,6,4.307,1.200,3955,0,78.439,255,0,21.800
KLWX20141002-1,KLWX20141002_112450_V06,7,6.021,1.200,3968,0,2.396,1,0,2.358
KLWX20141002-1,KLWX20141002_112948_V06,0,0.483,1.200,9845,0,261408.509,1060,0,257809.399
KLWX20141002-1,KLWX20141002_112948_V06,2,1.450,1.200,9857,0,1431.246,1167,0,769.687
KLWX20141002-1,KLWX20141002_112948_V06,4,2.417,1.200,4928,0,574.885,114,0,192.324
KLWX20141002-1,KLWX20141002_112948_V06,5,3.384,1.200,4928,0,124.357,204,0,43.287
KLWX20141002-1,KLWX20141002_112948_V06,6,4.307,1.200,4938,0,131.833,359,0,39.453
KLWX20141002-1,KLWX20141002_112948_V06,7,6.021,1.200,4956,0,4.517,30,0,3.292
KLWX20141002-1,KLWX20141002_113445_V06,0,0.483,1.200,9507,0,206692.215,896,0,203026.677
KLWX20141002-1,KLWX20141002_113445_V06,2,1.450,1.200,9507,0,1184.063,1059,0,592.324
KLWX20141002-1,KLWX20141002_113445_V06,4,2.417,1.200,4756,0,214.924,70,0,109.738
KLWX20141002-1,KLWX20141002_113445_V06,5,3.384,1.200,4763,0,133.202,180,0,61.209
KLWX20141002-1,KLWX20141002_113445_V06,6,4.307,1.200,4773,0,117.116,330,0,24.034
KLWX20141002-1,KLWX20141002_113445_V06,7,6.021,1.200,4783,0,16.985,2,0,16.910
KLWX20141002-1,KLWX20141002_113943_V06,0,0.483,1.200,9505,0,172762.055,868,0,168916.389
KLWX20141002-1,KLWX20141002_113943_V06,2,1.450,1.200,9511,0,983.138,910,0,488.368
KLWX20141002-1,KLWX20141002_113943_V06,4,2.417,1.200,4757,0,169.163,51,0,96.540
KLWX20141002-1,KLWX20141002_113943_V06,5,3.384,1.200,4763,0,173.635,269,0,59.477
KLWX20141002-1,KLWX20141002_113943_V06,6,4.307,1.200,4779,0,108.442,371,0,18.605
KLWX20141002-1,KLWX20141002_113943_V06,7,6.021,1.200,4788,0,9.163,0,0,9.163
KLWX20141002-2,KLWX20141002_111953_V06,0,0.483,1.200,3625,0,11161.554,26,0,9837.398
KLWX20141002-2,KLWX20141002_111953_V06,2,1.450,1.200,3628,0,15.053,0,0,15.053
KLWX20141002-2,KLWX20141002_112450_V06,0,0.483,1.200,5481,0,13885.087,17,0,13065.747
KLWX20141002-2,KLWX20141002_112450_V06,2,1.450,1.200,5492,0,22.746,0,0,22.746
KLWX20141002-2,KLWX20141002_112948_V06,0,0.483,1.200,5457,0,10243.941,13,0,9761.351
KLWX20141002-2,KLWX20141002_112948_V06,2,1.450,1.200,5454,0,22.329,0,0,22.329
KLWX20141002-2,KLWX20141002_113445_V06,0,0.483,1.200,6479,0,7380.332,20,0,6663.814
KLWX20141002-2,KLWX20141002_113445_V06,2,1.450,1.200,6489,0,25.889,0,0,25.889
KLWX20141002-4,KLWX20141002_121422_V06,0,0.483,1.200,1699,0,1372.110,41,0,1240.223
KLWX20141002-4,KLWX20141002_121422_V06,2,1.450,1.200,1698,0,47.603,14,0,16.996
KLWX20141002-4,KLWX20141002_121422_V06,4,2.417,1.200,849,0,17.383,0,0,17.383
KLWX20141002-4,KLWX20141002_121422_V06,5,3.384,1.200,849,0,1.979,0,0,1.979
KLWX20141002-5,KLWX20141002_121920_V06,0,0.483,1.200,1544,0,6318.087,53,0,6224.866
KLWX20141002-5,KLWX20141002_121920_V06,2,1.450,1.200,1546,0,10.731,10,0,5.488
KLWX20141002-5,KLWX20141002_121920_V06,4,2.417,1.200,778,0,112.840,62,0,41.859
KLWX20141002-5,KLWX20141002_121920_V06,5,3.384,1.200,775,0,0.807,0,0,0.807
KLWX20141002-5,KLWX20141002_121920_V06,6,4.307,1.200,777,0,0.811,0,0,0.811
KLWX20141003-2,KLWX20141003_111726_V06,0,0.483,1.200,1053,0,18864.775,29,0,18048.029
KLWX20141003-2,KLWX20141003_111726_V06,2,1.450,1.200,1052,0,1.548,0,0,1.548
KLWX20141003-2,KLWX20141003_111726_V06,4,2.417,1.200,526,0,1.550,0,0,1.550
KLWX20141003-2,KLWX20141003_112224_V06,0,0.483,1.200,2381,0,64648.360,48,0,63267.723
KLWX20141003-2,KLWX20141003_112224_V06,2,1.450,1.200,2385,0,6.700,1,0,5.203
KLWX20141003-2,KLWX20141003_112224_V06,4,2.417,1.200,1192,0,3.518,0,0,3.518
KLWX20141003-3,KLWX20141003_112224_V06,0,0.483,1.200,16846,0,158959.557,1567,0,151627.810
KLWX20141003-3,KLWX20141003_112224_V06,2,1.450,1.200,16859,0,103.389,253,0,81.218
KLWX20141003-3,KLWX20141003_112224_V06,4,2.417,1.200,8431,0,17.893,3,0,17.783
KLWX20141003-3,KLWX20141003_112224_V06,5,3.384,1.200,8440,0,34.128,32,0,24.469
KLWX20141003-3,KLWX20141003_112224_V06,6,4.307,1.200,8452,0,15.903,22,0,13.300
KLWX20141003-3,KLWX20141003_112224_V06,7,6.021,1.200,8480,0,14.660,83,0,8.758
KLWX20141003-3,KLWX20141003_112723_V06,0,0.483,1.200,25616,0,207891.934,2691,0,194303.406
KLWX20141003-3,KLWX20141003_112723_V06,2,1.450,1.200,25634,0,203.723,453,0,149.383
KLWX20141003-3,KLWX20141003_112723_V06,4,2.417,1.200,12822,0,18.597,4,0,16.640
KLWX20141003-3,KLWX20141003_112723_V06,5,3.384,1.200,12844,0,64.826,16,0,61.811
KLWX20141003-3,KLWX20141003_112723_V06,6,4.307,1.200,12858,0,38.195,29,0,34.530
KLWX20141003-3,KLWX20141003_112723_V06,7,6.021,1.200,12899,0,16.322,66,0,12.366
KLWX20141004-5,KLWX20141004_111818_V06,0,0.483,1.200,1355,0,4804.023,9,0,4678.143
KLWX20141004-5,KLWX20141004_111818_V06,2,1.450,1.200,1352,0,3.034,0,0,3.034
KLWX20141004-7,KLWX20141004_121902_V06,0,0.483,1.200,6427,0,449388.599,1018,0,111728.695
KLWX20141004-7,KLWX20141004_121902_V06,2,1.450,1.200,6430,0,188403.192,2497,0,4954.846
KLWX20141004-7,KLWX20141004_121902_V06,4,2.417,1.200,3225,0,20761.535,1154,0,361.048
KLWX20141004-7,KLWX20141004_121902_V06,5,3.384,1.200,3222,0,2057.216,636,0,113.959
KLWX20141004-7,KLWX20141004_121902_V06,6,4.307,1.200,3225,0,275.188,224,0,18.513
KLWX20141005-1,KLWX20141005_112355_V06,0,0.483,1.200,15021,0,77556.542,1925,0,53674.103
KLWX20141005-1,KLWX20141005_112355_V06,2,1.494,1.200,15026,0,529.983,274,0,241.395
KLWX20141005-1,KLWX20141005_112355_V06,4,2.505,1.200,7522,0,20.168,5,0,17.842
KLWX20141005-1,KLWX20141005_112355_V06,5,3.516,1.200,7529,0,38.179,6,0,36.930
KLWX20141005-1,KLWX20141005_112355_V06,6,4.482,1.200,7539,0,14.669,4,0,14.332
KLWX20141007-1,KLWX20141007_114720_V06,0,0.483,1.200,527,0,1123.915,5,0,1065.286
KLWX20141007-1,KLWX20141007_114720_V06,2,1.450,1.200,528,0,0.817,0,0,0.817
KLWX20141007-1,KLWX20141007_114720_V06,4,2.417,1.200,263,0,0.815,0,0,0.815
KLWX20141008-9,KLWX20141008_111533_V06,0,0.483,1.200,941,0,10226.046,53,0,7464.140
KLWX20141008-9,KLWX20141008_111533_V06,2,1.450,1.200,941,0,4.250,3,0,3.070
KLWX20141008-9,KLWX20141008_111533_V06,4,2.417,1.200,471,0,0.570,0,0,0.570
KLWX20141008-9,KLWX20141008_111533_V06,5,3.384,1.200,473,0,0.573,0,0,0.573
KLWX20141008-9,KLWX20141008_111533_V06,6,4.307,1.200,469,0,0.569,0,0,0.569
KLWX20141008-9,KLWX20141008_112031_V06,0,0.483,1.200,2914,0,19755.897,230,0,16750.771
KLWX20141008-9,KLWX20141008_112031_V06,2,1.450,1.200,2914,0,8.748,7,0,5.708
KLWX20141008-9,KLWX20141008_112031_V06,4,2.417,1.200,1458,0,1.801,0,0,1.801
KLWX20141008-9,KLWX20141008_112031_V06,5,3.384,1.200,1453,0,1.800,0,0,1.800
KLWX20141008-9,KLWX20141008_112031_V06,6,4.307,1.200,1459,0,1.812,0,0,1.812
KLWX20141008-9,KLWX20141008_112530_V06,0,0.483,1.200,7644,0,29442.763,570,0,25489.141
KLWX20141008-9,KLWX20141008_112530_V06,2,1.450,1.200,7640,0,72.463,47,0,32.860
KLWX20141008-9,KLWX20141008_112530_V06,4,2.417,1.200,3825,0,17.468,0,0,17.468
KLWX20141008-9,KLWX20141008_112530_V06,5,3.384,1.200,3828,0,4.547,0,0,4.547
KLWX20141008-9,KLWX20141008_112530_V06,6,4.307,1.200,3829,0,4.560,0,0,4.560
KLWX20141008-9,KLWX20141008_113027_V06,0,0.483,1.200,9816,0,46304.159,694,0,38576.552
KLWX20141008-9,KLWX20141008_113027_V06,2,1.450,1.200,9821,0,79.219,49,0,54.587
KLWX20141008-9,KLWX20141008_113027_V06,4,2.417,1.200,4913,0,6.217,0,0,6.217
KLWX20141008-9,KLWX20141008_113027_V06,5,3.384,1.200,4920,0,65.236,0,0,65.236
KLWX20141008-9,KLWX20141008_113027_V06,6,4.307,1.200,4931,0,6.263,0,0,6.263
KLWX20141008-9,KLWX20141008_113524_V06,0,0.483,1.200,13494,0,53395.141,998,0,42506.169
KLWX20141008-9,KLWX20141008_113524_V06,2,1.450,1.200,13487,0,79.704,76,0,52.000
KLWX20141008-9,KLWX20141008_113524_V06,4,2.417,1.200,6760,0,25.255,0,0,25.255
KLWX20141008-9,KLWX20141008_113524_V06,5,3.384,1.200,6761,0,8.916,0,0,8.916
KLWX20141008-9,KLWX20141008_113524_V06,6,4.307,1.200,6771,0,106.075,0,0,106.075
KLWX20141008-9,KLWX20141008_114021_V06,0,0.483,1.200,16487,0,37130.001,1147,0,28176.363
KLWX20141008-9,KLWX20141008_114021_V06,2,1.450,1.200,16501,0,146.070,139,0,100.248
KLWX20141008-9,KLWX20141008_114021_V06,4,2.417,1.200,8252,0,11.823,0,0,11.823
KLWX20141008-9,KLWX20141008_114021_V06,5,3.384,1.200,8264,0,9.594,0,0,9.594
KLWX20141008-9,KLWX20141008_114021_V06,6,4.307,1.200,8278,0,9.512,0,0,9.512
KLWX20141008-1,KLWX20141008_110041_V06,0,0.483,1.200,582,0,55641.099,30,0,55039.257
KLWX20141008-1,KLWX20141008_110041_V06,2,1.450,1.200,580,0,13.777,19,0,9.902
KLWX20141008-1,KLWX20141008_110041_V06,4,2.417,1.200,301,0,2.112,0,0,2.112
KLWX20141008-1,KLWX20141008_110041_V06,5,3.384,1.200,302,0,7.444,4,0,0.707
KLWX20141008-1,KLWX20141008_110041_V06,6,4.307,1.200,296,0,3.452,1,0,3.249
KLWX20141008-1,KLWX20141008_110041_V06,7,6.021,1.200,301,0,4.161,1,0,3.646
KLWX20141008-1,KLWX20141008_110538_V06,0,0.483,1.200,2593,0,30434.722,141,0,29408.530
KLWX20141008-1,KLWX20141008_110538_V06,2,1.450,1.200,2598,0,25.576,45,0,13.729
KLWX20141008-1,KLWX20141008_110538_V06,4,2.417,1.200,1302,0,13.473,1,0,13.062
KLWX20141008-1,KLWX20141008_110538_V06,5,3.384,1.200,1308,0,3.643,2,0,3.017
KLWX20141008-1,KLWX20141008_110538_V06,6,4.307,1.200,1306,0,4.577,5,0,2.954
KLWX20141008-1,KLWX20141008_110538_V06,7,6.021,1.200,1309,0,2.194,0,0,2.194
KLWX20141008-8,KLWX20141008_111035_V06,0,0.483,1.200,57,0,7798.484,0,0,7798.484
KLWX20141008-8,KLWX20141008_111035_V06,2,1.450,1.200,57,0,0.048,0,0,0.048
KLWX20141008-8,KLWX20141008_111035_V06,4,2.417,1.200,29,0,0.048,0,0,0.048
KLWX20141008-8,KLWX20141008_111035_V06,5,3.384,1.200,28,0,0.047,0,0,0.047
KLWX20141008-8,KLWX20141008_111533_V06,0,0.483,1.200,1339,0,7512.151,49,0,7253.910
KLWX20141008-8,KLWX20141008_111533_V06,2,1.450,1.200,1339,0,1.101,0,0,1.101
KLWX20141008-8,KLWX20141008_111533_V06,4,2.417,1.200,667,0,1.100,0,0,1.100
KLWX20141008-8,KLWX20141008_111533_V06,5,3.384,1.200,668,0,1.103,0,0,1.103
KLWX20141008-8,KLWX20141008_111533_V06,6,4.307,1.200,672,0,1.112,0,0,1.112
KLWX20141008-4,KLWX20141008_110538_V06,0,0.483,1.200,571,0,23920.385,42,0,18687.738
KLWX20141008-4,KLWX20141008_110538_V06,2,1.450,1.200,571,0,43.626,5,0,7.416
KLWX20141008-4,KLWX20141008_110538_V06,4,2.417,1.200,287,0,0.872,0,0,0.872
KLWX20141008-5,KLWX20141008_110538_V06,0,0.483,1.200,52,0,12998.885,3,0,12762.473
KLWX20141008-5,KLWX20141008_110538_V06,2,1.450,1.200,52,0,0.025,0,0,0.025
KLWX20141008-5,KLWX20141008_110538_V06,4,2.417,1.200,26,0,0.026,0,0,0.026
KLWX20141008-5,KLWX20141008_110538_V06,5,3.384,1.200,25,0,0.025,0,0,0.025
KLWX20141008-5,KLWX20141008_110538_V06,6,4.307,1.200,26,0,0.026,0,0,0.026
KLWX20141008-10,KLWX20141008_111533_V06,0,0.483,1.200,36,0,1648.673,0,0,1648.673
KLWX20141008-10,KLWX20141008_111533_V06,2,1.450,1.200,36,0,0.040,0,0,0.040
KLWX20141008-10,KLWX20141008_111533_V06,4,2.417,1.200,18,0,0.040,0,0,0.040
KLWX20141008-10,KLWX20141008_111533_V06,5,3.384,1.200,17,0,0.038,0,0,0.038
KLWX20141009-5,KLWX20141009_110601_V06,0,0.483,1.200,4351,0,217009.418,60,0,216186.853
KLWX20141009-5,KLWX20141009_110601_V06,2,1.450,1.200,4357,0,6310.685,353,0,5789.174
KLWX20141009-5,KLWX20141009_110601_V06,4,2.417,1.200,2176,0,7.287,2,0,6.828
KLWX20141009-5,KLWX20141009_110601_V06,5,3.384,1.200,2177,0,1.134,0,0,1.134
KLWX20141009-5,KLWX20141009_110601_V06,6,4.307,1.200,2179,0,1.138,0,0,1.138
KLWX20141009-5,KLWX20141009_110601_V06,7,6.021,1.200,2188,0,1.149,0,0,1.149
KLWX20141009-5,KLWX20141009_111059_V06,0,0.483,1.200,8680,0,367706.384,304,0,365864.946
KLWX20141009-5,KLWX20141009_111059_V06,2,1.450,1.200,8685,0,41852.629,553,0,41063.125
KLWX20141009-5,KLWX20141009_111059_V06,4,2.417,1.200,4352,0,178.244,88,0,117.667
KLWX20141009-5,KLWX20141009_111059_V06,5,3.384,1.200,4355,0,3.042,1,0,2.973
KLWX20141009-5,KLWX20141009_111059_V06,6,4.307,1.200,4362,0,3.319,0,0,3.319
KLWX20141009-5,KLWX20141009_111059_V06,7,6.021,1.200,4370,0,2.921,2,0,2.754
KLWX20141009-5,KLWX20141009_111556_V06,0,0.483,1.200,12433,0,404297.421,587,0,401884.826
KLWX20141009-5,KLWX20141009_111556_V06,2,1.450,1.200,12441,0,82969.629,1017,0,80816.969
KLWX20141009-5,KLWX20141009_111556_V06,4,2.417,1.200,6230,0,563.888,213,0,399.377
KLWX20141009-5,KLWX20141009_111556_V06,5,3.384,1.200,6232,0,14.034,4,0,13.873
KLWX20141009-5,KLWX20141009_111556_V06,6,4.307,1.200,6233,0,5.521,2,0,5.400
KLWX20141009-5,KLWX20141009_111556_V06,7,6.021,1.200,6258,0,4.296,3,0,4.118
KLWX20141009-5,KLWX20141009_112054_V06,0,0.483,1.200,19355,0,508329.274,1251,0,503237.175
KLWX20141009-5,KLWX20141009_112054_V06,2,1.450,1.200,19362,0,116551.151,1489,0,112769.904
KLWX20141009-5,KLWX20141009_112054_V06,4,2.417,1.200,9690,0,1234.682,241,0,999.062
KLWX20141009-5,KLWX20141009_112054_V06,5,3.384,1.200,9693,0,119.728,20,0,26.725
KLWX20141009-5,KLWX20141009_112054_V06,6,4.307,1.200,9711,0,7.605,0,0,7.605
KLWX20141009-5,KLWX20141009_112054_V06,7,6.021,1.200,9742,0,7.929,1,0,7.895
KLWX20141009-5,KLWX20141009_112551_V06,0,0.483,1.200,21375,0,521115.825,1223,0,514133.959
KLWX20141009-5,KLWX20141009_112551_V06,2,1.450,1.200,21383,0,107834.781,1327,0,103884.478
KLWX20141009-5,KLWX20141009_112551_V06,4,2.417,1.200,10701,0,917.570,150,0,735.772
KLWX20141009-5,KLWX20141009_112551_V06,5,3.384,1.200,10711,0,11.112,1,0,11.061
KLWX20141009-5,KLWX20141009_112551_V06,6,4.307,1.200,10726,0,10.562,0,0,10.562
KLWX20141009-5,KLWX20141009_113049_V06,0,0.483,1.200,23094,0,573341.373,1084,0,564241.698
KLWX20141009-5,KLWX20141009_113049_V06,2,1.450,1.200,23101,0,100715.517,1340,0,97053.243
KLWX20141009-5,KLWX20141009_113049_V06,4,2.417,1.200,11556,0,3645.345,110,0,3285.476
KLWX20141009-5,KLWX20141009_113049_V06,5,3.384,1.200,11573,0,16.162,0,0,16.162
KLWX20141009-5,KLWX20141009_113049_V06,6,4.307,1.200,11589,0,13.261,0,0,13.261
KLWX20141009-5,KLWX20141009_113550_V06,0,0.483,1.200,27154,0,629963.916,1386,0,614783.765
KLWX20141009-5,KLWX20141009_113550_V06,2,1.450,1.200,27165,0,79863.412,1307,0,75145.309
KLWX20141009-5,KLWX20141009_113550_V06,4,2.417,1.200,13600,0,599.436,80,0,435.866
KLWX20141009-5,KLWX20141009_113550_V06,5,3.384,1.200,13618,0,19.212,0,0,19.212
KLWX20141009-5,KLWX20141009_113550_V06,6,4.307,1.200,13636,0,19.107,0,0,19.107
KLWX20141009-7,KLWX20141009_111059_V06,0,0.483,1.200,631,0,26146.821,26,0,25592.291
KLWX20141009-7,KLWX20141009_111059_V06,2,1.450,1.200,633,0,0.941,0,0,0.941
KLWX20141009-7,KLWX20141009_111059_V06,4,2.417,1.200,314,0,0.935,0,0,0.935
KLWX20141009-7,KLWX20141009_111556_V06,0,0.483,1.200,2221,0,84173.763,80,0,82815.982
KLWX20141009-7,KLWX20141009_111556_V06,2,1.450,1.200,2222,0,17.249,2,0,3.301
KLWX20141009-7,KLWX20141009_111556_V06,4,2.417,1.200,1112,0,3.310,0,0,3.310
KLWX20141009-7,KLWX20141009_112054_V06,0,0.483,1.200,6363,0,179858.328,270,0,176915.655
KLWX20141009-7,KLWX20141009_112054_V06,2,1.450,1.200,6372,0,39.280,1,0,20.208
KLWX20141009-7,KLWX20141009_112054_V06,4,2.417,1.200,3185,0,9.320,0,0,9.320
KLWX20141009-7,KLWX20141009_112551_V06,0,0.483,1.200,10428,0,218014.442,658,0,210088.243
KLWX20141009-7,KLWX20141009_112551_V06,2,1.450,1.200,10435,0,37.224,5,0,26.572
KLWX20141009-7,KLWX20141009_112551_V06,4,2.417,1.200,5213,0,15.647,0,0,15.647
KLWX20141009-7,KLWX20141009_113049_V06,0,0.483,1.200,12803,0,208826.108,889,0,198577.557
KLWX20141009-7,KLWX20141009_113049_V06,2,1.450,1.200,12797,0,54.838,10,0,45.177
KLWX20141009-7,KLWX20141009_113049_V06,4,2.417,1.200,6415,0,19.838,0,0,19.838
KLWX20141009-7,KLWX20141009_113550_V06,0,0.483,1.200,14635,0,202120.588,1048,0,190687.235
KLWX20141009-7,KLWX20141009_113550_V06,2,1.450,1.200,14640,0,311.633,34,0,270.172
KLWX20141009-7,KLWX20141009_113550_V06,4,2.417,1.200,7405,0,23.652,0,0,23.652
KLWX20141009-7,KLWX20141009_114048_V06,0,0.483,1.200,15514,0,186427.160,1151,0,172861.730
KLWX20141009-7,KLWX20141009_114048_V06,2,1.450,1.200,15512,0,130.948,27,0,95.897
KLWX20141009-7,KLWX20141009_114048_V06,4,2.417,1.200,7759,0,25.121,0,0,25.121
KLWX20141009-1,KLWX20141009_110104_V06,0,0.483,1.200,328,0,8115.366,18,0,8075.998
KLWX20141009-1,KLWX20141009_110104_V06,2,1.450,1.200,328,0,0.244,0,0,0.244
KLWX20141009-1,KLWX20141009_110104_V06,4,2.417,1.200,164,0,0.245,0,0,0.245
KLWX20141009-1,KLWX20141009_110104_V06,5,3.384,1.200,164,0,0.245,0,0,0.245
KLWX20141009-1,KLWX20141009_110104_V06,6,4.307,1.200,167,0,0.250,0,0,0.250
KLWX20141009-1,KLWX20141009_110601_V06,0,0.483,1.200,1227,0,9169.599,85,0,8523.769
KLWX20141009-1,KLWX20141009_110601_V06,2,1.450,1.200,1230,0,3.843,1,0,3.064
KLWX20141009-1,KLWX20141009_110601_V06,4,2.417,1.200,615,0,0.916,0,0,0.916
KLWX20141009-1,KLWX20141009_110601_V06,5,3.384,1.200,614,0,0.915,0,0,0.915
KLWX20141009-1,KLWX20141009_110601_V06,6,4.307,1.200,614,0,0.918,0,0,0.918
KLWX20141009-1,KLWX20141009_111059_V06,0,0.483,1.200,3215,0,7947.937,261,0,7491.463
KLWX20141009-1,KLWX20141009_111059_V06,2,1.450,1.200,3222,0,18.170,7,0,10.916
KLWX20141009-1,KLWX20141009_111059_V06,4,2.417,1.200,1612,0,12.186,0,0,12.186
KLWX20141009-1,KLWX20141009_111059_V06,5,3.384,1.200,1609,0,2.232,0,0,2.232
KLWX20141009-1,KLWX20141009_111059_V06,6,4.307,1.200,1613,0,2.245,0,0,2.245
KLWX20141009-1,KLWX20141009_111556_V06,0,0.483,1.200,5129,0,11705.593,313,0,10955.408
KLWX20141009-1,KLWX20141009_111556_V06,2,1.450,1.200,5124,0,43.839,12,0,38.891
KLWX20141009-1,KLWX20141009_111556_V06,4,2.417,1.200,2569,0,3.683,0,0,3.683
KLWX20141009-1,KLWX20141009_111556_V06,5,3.384,1.200,2568,0,3.691,0,0,3.691
KLWX20141009-1,KLWX20141009_111556_V06,6,4.307,1.200,2572,0,3.704,0,0,3.704
KLWX20141009-1,KLWX20141009_112054_V06,0,0.483,1.200,7154,0,14033.985,524,0,12549.846
KLWX20141009-1,KLWX20141009_112054_V06,2,1.450,1.200,7156,0,239.769,48,0,193.899
KLWX20141009-1,KLWX20141009_112054_V06,4,2.417,1.200,3578,0,5.295,0,0,5.295
KLWX20141009-1,KLWX20141009_112054_V06,5,3.384,1.200,3585,0,5.320,0,0,5.320
KLWX20141009-1,KLWX20141009_112054_V06,6,4.307,1.200,3597,0,5.349,0,0,5.349
KLWX20141009-6,KLWX20141009_110601_V06,0,0.483,1.200,844,0,78784.003,68,0,77847.060
KLWX20141009-6,KLWX20141009_110601_V06,2,1.450,1.200,842,0,19576.517,69,0,19343.997
KLWX20141009-6,KLWX20141009_110601_V06,4,2.417,1.200,419,0,2.989,0,0,2.989
KLWX20141009-6,KLWX20141009_110601_V06,5,3.384,1.200,420,0,0.690,0,0,0.690
KLWX20141009-6,KLWX20141009_110601_V06,6,4.307,1.200,426,0,0.926,0,0,0.926
KLWX20141009-6,KLWX20141009_110601_V06,7,6.021,1.200,426,0,0.254,0,0,0.254
KLWX20141009-6,KLWX20141009_111059_V06,0,0.483,1.200,3170,0,43338.786,316,0,41809.196
KLWX20141009-6,KLWX20141009_111059_V06,2,1.450,1.200,3167,0,28289.288,137,0,27146.441
KLWX20141009-6,KLWX20141009_111059_V06,4,2.417,1.200,1582,0,59.915,8,0,57.839
KLWX20141009-6,KLWX20141009_111059_V06,5,3.384,1.200,1581,0,4.787,0,0,4.787
KLWX20141009-6,KLWX20141009_111059_V06,6,4.307,1.200,1582,0,1.698,0,0,1.698
KLWX20141009-6,KLWX20141009_111059_V06,7,6.021,1.200,1591,0,2.289,0,0,2.289
KLWX20141009-9,KLWX20141009_111556_V06,0,0.483,1.200,1855,0,6724.844,93,0,5969.735
KLWX20141009-9,KLWX20141009_111556_V06,2,1.450,1.200,1853,0,21.264,15,0,16.813
KLWX20141009-9,KLWX20141009_111556_V06,4,2.417,1.200,924,0,0.983,0,0,0.983
KLWX20141009-9,KLWX20141009_111556_V06,5,3.384,1.200,927,0,0.988,0,0,0.988
KLWX20141009-9,KLWX20141009_111556_V06,6,4.307,1.200,930,0,0.993,0,0,0.993
KLWX20141010-2,KLWX20141010_112231_V06,0,0.483,1.200,9443,0,322648.322,567,0,298721.318
KLWX20141010-2,KLWX20141010_112231_V06,2,1.450,1.200,9447,0,46731.404,1084,0,35935.351
KLWX20141010-2,KLWX20141010_112231_V06,4,2.417,1.200,4725,0,6435.168,268,0,98.639
KLWX20141010-2,KLWX20141010_112231_V06,5,3.384,1.200,4733,0,2086.882,185,0,56.452
KLWX20141010-2,KLWX20141010_112231_V06,6,4.307,1.200,4735,0,2686.451,155,0,77.553
KLWX20141010-2,KLWX20141010_112231_V06,7,6.021,1.200,4739,0,316.211,117,0,29.399
KLWX20141010-2,KLWX20141010_112729_V06,0,0.483,1.200,15405,0,591928.662,1272,0,392523.001
KLWX20141010-2,KLWX20141010_112729_V06,2,1.450,1.200,15405,0,215841.167,3057,0,36421.111
KLWX20141010-2,KLWX20141010_112729_V06,4,2.417,1.200,7707,0,219550.487,1067,0,4840.006
KLWX20141010-2,KLWX20141010_112729_V06,5,3.384,1.200,7719,0,105377.427,971,0,2503.966
KLWX20141010-2,KLWX20141010_112729_V06,6,4.307,1.200,7734,0,64016.828,917,0,6042.080
KLWX20141010-2,KLWX20141010_112729_V06,7,6.021,1.200,7750,0,5354.781,566,0,93.688
KLWX20141010-2,KLWX20141010_113226_V06,0,0.483,1.200,18754,0,684267.805,1776,0,454422.152
KLWX20141010-2,KLWX20141010_113226_V06,2,1.450,1.200,18769,0,243472.246,3947,0,43617.358
KLWX20141010-2,KLWX20141010_113226_V06,4,2.417,1.200,9380,0,239855.049,1703,0,12141.074
KLWX20141010-2,KLWX20141010_113226_V06,5,3.384,1.200,9400,0,122648.101,1608,0,6443.266
KLWX20141010-2,KLWX20141010_113226_V06,6,4.307,1.200,9406,0,86202.690,1238,0,3687.363
KLWX20141010-2,KLWX20141010_113226_V06,7,6.021,1.200,9428,0,2333.294,642,0,109.683
KLWX20141010-2,KLWX20141010_113724_V06,0,0.483,1.200,19802,0,542122.512,1514,0,471215.857
KLWX20141010-2,KLWX20141010_113724_V06,2,1.450,1.200,19807,0,171159.512,4026,0,45801.355
KLWX20141010-2,KLWX20141010_113724_V06,4,2.417,1.200,9908,0,186252.849,1618,0,11299.817
KLWX20141010-2,KLWX20141010_113724_V06,5,3.384,1.200,9923,0,84958.488,1562,0,4796.801
KLWX20141010-2,KLWX20141010_113724_V06,6,4.307,1.200,9934,0,43231.342,1120,0,2540.869
KLWX20141010-2,KLWX20141010_113724_V06,7,6.021,1.200,9967,0,1245.966,514,0,62.912
KLWX20141010-1,KLWX20141010_103044_V06,0,0.483,1.200,5076,0,193772.437,324,0,131666.963
KLWX20141010-1,KLWX20141010_103044_V06,2,1.450,1.200,5073,0,210533.694,3244,0,873.834
KLWX20141010-1,KLWX20141010_103044_V06,4,2.417,1.200,2537,0,342651.891,1753,0,3465.866
KLWX20141010-1,KLWX20141010_103044_V06,5,3.384,1.200,2543,0,493948.022,1453,0,40472.765
KLWX20141010-1,KLWX20141010_103044_V06,6,4.307,1.200,2551,0,154425.743,1169,0,4614.678
KLWX20141010-1,KLWX20141010_103609_V06,0,0.483,1.200,8288,0,351425.293,605,0,228333.026
KLWX20141010-1,KLWX20141010_103609_V06,2,1.450,1.200,8292,0,346173.113,5077,0,1809.590
KLWX20141010-1,KLWX20141010_103609_V06,4,2.417,1.200,4152,0,408722.654,2725,0,2351.208
KLWX20141010-1,KLWX20141010_103609_V06,5,3.384,1.200,4156,0,571048.479,2296,0,50126.269
KLWX20141010-1,KLWX20141010_103609_V06,6,4.307,1.200,4159,0,347024.797,1816,0,20544.786
KLWX20141010-3,KLWX20141010_112729_V06,0,0.483,1.200,737,0,5386.780,51,0,5159.803
KLWX20141010-3,KLWX20141010_112729_V06,2,1.450,1.200,739,0,0.827,0,0,0.827
KLWX20141010-3,KLWX20141010_112729_V06,4,2.417,1.200,368,0,30.108,10,0,5.947
KLWX20141010-3,KLWX20141010_112729_V06,5,3.384,1.200,368,0,134.233,36,0,7.738
KLWX20141010-3,KLWX20141010_112729_V06,6,4.307,1.200,369,0,159.547,51,0,8.099
KLWX20141010-3,KLWX20141010_113226_V06,0,0.483,1.200,3987,0,6475.156,182,0,6120.092
KLWX20141010-3,KLWX20141010_113226_V06,2,1.450,1.200,3984,0,176.296,135,0,33.285
KLWX20141010-3,KLWX20141010_113226_V06,4,2.417,1.200,1994,0,187.045,57,0,22.760
KLWX20141010-3,KLWX20141010_113226_V06,5,3.384,1.200,1994,0,88.220,52,0,9.498
KLWX20141010-3,KLWX20141010_113226_V06,6,4.307,1.200,1997,0,145.249,51,0,11.432
KLWX20141010-5,KLWX20141010_114746_V06,0,0.483,1.200,5281,0,287820.326,1427,0,30559.295
KLWX20141010-5,KLWX20141010_114746_V06,2,1.450,1.200,5285,0,42368.385,903,0,5898.378
KLWX20141010-5,KLWX20141010_115310_V06,0,0.483,1.200,7493,0,581302.760,2329,0,80878.264
KLWX20141010-5,KLWX20141010_115310_V06,2,1.450,1.200,7500,0,139988.665,1558,0,13933.825
KLWX20141010-4,KLWX20141010_112729_V06,0,0.483,1.200,985,0,184301.767,350,0,9576.429
KLWX20141010-4,KLWX20141010_112729_V06,2,1.450,1.200,986,0,6698.050,139,0,1501.685
KLWX20141012-1,KLWX20141012_110645_V06,0,0.483,1.200,1543,0,25490.439,260,0,25151.046
KLWX20141012-1,KLWX20141012_110645_V06,2,1.494,1.200,1542,0,328.070,53,0,297.732
KLWX20141012-1,KLWX20141012_110645_V06,4,2.505,1.200,771,0,0.896,1,0,0.667
KLWX20141012-1,KLWX20141012_110645_V06,5,3.516,1.200,777,0,0.391,0,0,0.391
KLWX20141012-1,KLWX20141012_110645_V06,6,4.482,1.200,776,0,0.391,0,0,0.391
KLWX20141012-1,KLWX20141012_111632_V06,0,0.483,1.200,7051,0,441111.182,367,0,438653.407
KLWX20141012-1,KLWX20141012_111632_V06,2,1.494,1.200,7055,0,28006.856,136,0,27771.273
KLWX20141012-1,KLWX20141012_111632_V06,4,2.505,1.200,3530,0,5.158,1,0,4.321
KLWX20141012-1,KLWX20141012_111632_V06,5,3.516,1.200,3536,0,3.410,0,0,3.410
KLWX20141012-1,KLWX20141012_111632_V06,6,4.482,1.200,3530,0,2.376,0,0,2.376
KLWX20141012-1,KLWX20141012_112619_V06,0,0.483,1.200,11771,0,453252.996,507,0,451596.705
KLWX20141012-1,KLWX20141012_112619_V06,2,1.494,1.200,11787,0,145637.460,273,0,145228.097
KLWX20141012-1,KLWX20141012_112619_V06,4,2.505,1.200,5895,0,4045.939,75,0,3754.858
KLWX20141012-1,KLWX20141012_112619_V06,5,3.516,1.200,5897,0,6.451,3,0,5.855
KLWX20141012-1,KLWX20141012_112619_V06,6,4.482,1.200,5916,0,5.146,0,0,5.146
KLWX20141012-1,KLWX20141012_113607_V06,0,0.483,1.200,14061,0,365700.677,541,0,361875.348
KLWX20141012-1,KLWX20141012_113607_V06,2,1.494,1.200,14070,0,147863.526,273,0,147031.401
KLWX20141012-1,KLWX20141012_113607_V06,4,2.505,1.200,7036,0,28835.103,221,0,26076.234
KLWX20141012-1,KLWX20141012_113607_V06,5,3.516,1.200,7038,0,44.412,31,0,27.167
KLWX20141012-1,KLWX20141012_113607_V06,6,4.482,1.200,7051,0,7.490,0,0,7.490
KLWX20141012-1,KLWX20141012_114555_V06,0,0.483,1.200,25492,0,333336.557,1931,0,325244.506
KLWX20141012-1,KLWX20141012_114555_V06,2,1.494,1.200,25503,0,170168.715,1065,0,168519.345
KLWX20141012-1,KLWX20141012_114555_V06,4,2.505,1.200,12760,0,19705.009,384,0,18159.101
KLWX20141012-1,KLWX20141012_114555_V06,5,3.516,1.200,12773,0,551.929,119,0,477.688
KLWX20141012-1,KLWX20141012_114555_V06,6,4.482,1.200,12794,0,25.190,9,0,15.037
KLWX20141012-1,KLWX20141012_115542_V06,0,0.483,1.200,33536,1,359505.391,2745,1,343981.270
KLWX20141012-1,KLWX20141012_115542_V06,2,1.494,1.200,33553,0,135946.156,2221,0,133681.491
KLWX20141012-1,KLWX20141012_115542_V06,4,2.505,1.200,16799,0,16601.900,322,0,15762.248
KLWX20141012-1,KLWX20141012_115542_V06,5,3.516,1.200,16807,0,1466.233,190,0,1157.861
KLWX20141012-1,KLWX20141012_115542_V06,6,4.482,1.200,16829,0,69.232,46,0,53.723
KLWX20141012-1,KLWX20141012_120529_V06,0,0.483,1.200,60058,4,456553.047,5144,2,434350.976
KLWX20141012-1,KLWX20141012_120529_V06,2,1.494,1.200,60077,0,119636.465,6368,0,115940.352
KLWX20141012-1,KLWX20141012_120529_V06,4,2.505,1.200,30068,0,5862.328,1209,0,5161.726
KLWX20141012-1,KLWX20141012_120529_V06,5,3.516,1.200,30098,0,1000.546,700,0,793.366
KLWX20141012-1,KLWX20141012_120529_V06,6,4.482,1.200,30133,0,134.321,417,0,104.729
KLWX20141012-1,KLWX20141012_121516_V06,0,0.483,1.200,100542,19,574202.069,10494,17,544704.839
KLWX20141012-1,KLWX20141012_121516_V06,2,1.494,1.200,100595,0,93859.107,15772,0,88618.498
KLWX20141012-1,KLWX20141012_121516_V06,4,2.505,1.200,50340,0,3436.846,4612,0,2767.019
KLWX20141012-1,KLWX20141012_121516_V06,5,3.516,1.200,50396,0,550.284,4585,0,400.109
KLWX20141012-1,KLWX20141012_121516_V06,6,4.482,1.200,50459,0,236.556,3961,0,123.299
KLWX20141012-1,KLWX20141012_122504_V06,0,0.483,1.200,112275,22,676327.712,11284,12,635399.219
KLWX20141012-1,KLWX20141012_122504_V06,2,1.494,1.200,112312,0,62176.755,17211,0,56327.507
KLWX20141012-1,KLWX20141012_122504_V06,4,2.505,1.200,56202,0,3264.515,5487,0,2720.695
KLWX20141012-1,KLWX20141012_122504_V06,5,3.516,1.200,56265,0,626.685,4986,0,404.978
KLWX20141012-1,KLWX20141012_122504_V06,6,4.482,1.200,56343,0,331.114,4761,0,217.757
KLWX20141012-1,KLWX20141012_123451_V06,0,0.483,1.200,112236,14,626836.396,10186,12,596456.299
KLWX20141012-1,KLWX20141012_123451_V06,2,1.494,1.200,112295,1,42865.044,17220,1,37119.592
KLWX20141012-1,KLWX20141012_123451_V06,4,2.505,1.200,56178,0,1883.420,5246,0,1406.623
KLWX20141012-1,KLWX20141012_123451_V06,5,3.516,1.200,56247,0,533.615,5247,0,399.270
KLWX20141012-1,KLWX20141012_123451_V06,6,4.482,1.200,56331,0,324.876,5401,0,252.555
KLWX20141012-1,KLWX20141012_124438_V06,0,0.483,1.200,129316,16,623480.338,16243,11,556813.432
KLWX20141012-1,KLWX20141012_124438_V06,2,1.450,1.200,129360,0,41428.066,21835,0,31394.493
KLWX20141012-1,KLWX20141012_124438_V06,4,2.417,1.200,64730,0,2142.619,5953,0,1392.454
KLWX20141012-1,KLWX20141012_124438_V06,5,3.340,1.200,64805,0,588.546,4977,0,412.022
KLWX20141012-1,KLWX20141012_124438_V06,6,4.307,1.200,64886,0,413.807,4842,0,267.648
KLWX20141012-1,KLWX20141012_124438_V06,7,6.021,1.200,65080,0,165.605,4020,0,100.574
KLWX20141012-7,KLWX20141012_113607_V06,0,0.483,1.200,5212,0,131299.059,185,0,130209.608
KLWX20141012-7,KLWX20141012_113607_V06,2,1.494,1.200,5213,0,304.413,55,0,230.545
KLWX20141012-7,KLWX20141012_113607_V06,4,2.505,1.200,2607,0,6.645,0,0,6.645
KLWX20141012-7,KLWX20141012_114555_V06,0,0.483,1.200,12307,0,130141.339,626,0,127242.402
KLWX20141012-7,KLWX20141012_114555_V06,2,1.494,1.200,12319,0,3929.028,211,0,3498.590
KLWX20141012-7,KLWX20141012_114555_V06,4,2.505,1.200,6156,0,15.801,0,0,15.801
KLWX20141012-7,KLWX20141012_115542_V06,0,0.483,1.200,16703,0,134019.572,942,0,129302.641
KLWX20141012-7,KLWX20141012_115542_V06,2,1.494,1.200,16723,0,9273.558,240,0,8799.352
KLWX20141012-7,KLWX20141012_115542_V06,4,2.505,1.200,8374,0,49.623,0,0,49.623
KLWX20141012-7,KLWX20141012_120529_V06,0,0.483,1.200,23266,0,146254.943,1578,0,138828.085
KLWX20141012-7,KLWX20141012_120529_V06,2,1.494,1.200,23281,0,23541.167,407,0,22821.914
KLWX20141012-7,KLWX20141012_120529_V06,4,2.505,1.200,11714,0,61.392,2,0,57.017
KLWX20141012-7,KLWX20141012_121516_V06,0,0.483,1.200,33579,0,195701.894,2676,0,182002.921
KLWX20141012-7,KLWX20141012_121516_V06,2,1.494,1.200,33601,0,26248.417,870,0,24258.895
KLWX20141012-7,KLWX20141012_121516_V06,4,2.505,1.200,16822,0,77.533,3,0,69.842
KLWX20141012-7,KLWX20141012_121516_V06,5,3.516,1.200,16832,0,71.472,0,0,71.472
KLWX20141012-7,KLWX20141012_122504_V06,0,0.483,1.200,46455,0,263261.675,3818,0,239846.929
KLWX20141012-7,KLWX20141012_122504_V06,2,1.494,1.200,46495,0,21389.610,1444,0,18754.897
KLWX20141012-7,KLWX20141012_122504_V06,4,2.505,1.200,23264,0,957.976,83,0,822.970
KLWX20141012-7,KLWX20141012_122504_V06,5,3.516,1.200,23296,0,164.555,4,0,152.057
KLWX20141012-7,KLWX20141012_123451_V06,0,0.483,1.200,57571,0,312929.951,4438,0,286608.763
KLWX20141012-7,KLWX20141012_123451_V06,2,1.494,1.200,57594,0,14971.084,1984,0,12227.368
KLWX20141012-7,KLWX20141012_123451_V06,4,2.505,1.200,28836,0,556.493,119,0,476.403
KLWX20141012-7,KLWX20141012_123451_V06,5,3.516,1.200,28870,0,159.668,25,0,151.133
KLWX20141012-7,KLWX20141012_124438_V06,0,0.483,1.200,46625,0,209565.601,4846,0,180735.486
KLWX20141012-7,KLWX20141012_124438_V06,2,1.450,1.200,46649,0,9311.023,1490,0,6740.269
KLWX20141012-7,KLWX20141012_124438_V06,4,2.417,1.200,23353,0,159.915,20,0,143.027
KLWX20141012-7,KLWX20141012_124438_V06,5,3.340,1.200,23382,0,94.690,0,0,94.690
KLWX20141012-5,KLWX20141012_112619_V06,0,0.483,1.200,4164,0,11659.235,176,0,10843.266
KLWX20141012-5,KLWX20141012_112619_V06,2,1.494,1.200,4160,0,40.893,12,0,28.084
KLWX20141012-5,KLWX20141012_112619_V06,4,2.505,1.200,2082,0,7.146,0,0,7.146
KLWX20141012-5,KLWX20141012_112619_V06,5,3.516,1.200,2081,0,4.675,0,0,4.675
KLWX20141012-5,KLWX20141012_113607_V06,0,0.483,1.200,10774,0,47965.860,330,0,46748.627
KLWX20141012-5,KLWX20141012_113607_V06,2,1.494,1.200,10779,0,110.853,30,0,76.140
KLWX20141012-5,KLWX20141012_113607_V06,4,2.505,1.200,5396,0,26.738,0,0,26.738
KLWX20141012-5,KLWX20141012_113607_V06,5,3.516,1.200,5399,0,16.617,0,0,16.617
KLWX20141012-5,KLWX20141012_114555_V06,0,0.483,1.200,13063,0,48775.769,386,0,47150.571
KLWX20141012-5,KLWX20141012_114555_V06,2,1.494,1.200,13074,0,104.728,49,0,76.391
KLWX20141012-5,KLWX20141012_114555_V06,4,2.505,1.200,6538,0,25.412,1,0,24.756
KLWX20141012-5,KLWX20141012_114555_V06,5,3.516,1.200,6551,0,21.813,4,0,17.365
KLWX20141012-5,KLWX20141012_115542_V06,0,0.483,1.200,17076,0,46641.257,633,0,44688.309
KLWX20141012-5,KLWX20141012_115542_V06,2,1.494,1.200,17085,0,218.673,125,0,145.330
KLWX20141012-5,KLWX20141012_115542_V06,4,2.505,1.200,8544,0,78.764,2,0,68.950
KLWX20141012-5,KLWX20141012_115542_V06,5,3.516,1.200,8560,0,38.996,3,0,37.855
KLWX20141012-5,KLWX20141012_120529_V06,0,0.483,1.200,19126,0,45763.930,694,0,43434.215
KLWX20141012-5,KLWX20141012_120529_V06,2,1.494,1.200,19131,0,270.814,192,0,196.236
KLWX20141012-5,KLWX20141012_120529_V06,4,2.505,1.200,9576,0,77.148,3,0,73.950
KLWX20141012-5,KLWX20141012_120529_V06,5,3.516,1.200,9584,0,38.217,3,0,37.056
KLWX20141012-2,KLWX20141012_111632_V06,0,0.483,1.200,1026,0,27738.807,53,0,27522.022
KLWX20141012-2,KLWX20141012_111632_V06,2,1.494,1.200,1026,0,153.170,43,0,134.705
KLWX20141012-2,KLWX20141012_111632_V06,4,2.505,1.200,508,0,4.444,4,0,2.184
KLWX20141012-2,KLWX20141012_111632_V06,5,3.516,1.200,509,0,5.192,0,0,5.192
KLWX20141012-2,KLWX20141012_111632_V06,6,4.482,1.200,509,0,1.782,1,0,1.701
KLWX20141012-3,KLWX20141012_111632_V06,0,0.483,1.200,519,0,3781.891,28,0,3754.563
KLWX20141012-3,KLWX20141012_111632_V06,2,1.494,1.200,519,0,9.897,9,0,6.077
KLWX20141012-3,KLWX20141012_111632_V06,4,2.505,1.200,257,0,0.322,0,0,0.322
KLWX20141012-3,KLWX20141012_111632_V06,5,3.516,1.200,262,0,0.329,0,0,0.329
KLWX20141012-3,KLWX20141012_111632_V06,6,4.482,1.200,262,0,0.329,0,0,0.329
KLWX20141012-6,KLWX20141012_112619_V06,0,0.483,1.200,304,0,4669.141,11,0,4548.960
KLWX20141012-6,KLWX20141012_112619_V06,2,1.494,1.200,304,0,0.856,0,0,0.856
KLWX20141015-5,KLWX20141015_105814_V06,0,0.483,1.200,17187,0,20537.131,3026,0,1760.089
KLWX20141015-5,KLWX20141015_105814_V06,2,0.879,1.200,17187,0,13800.814,2488,0,457.109
KLWX20141015-5,KLWX20141015_105814_V06,4,1.318,1.200,17198,0,7449.244,1726,0,111.978
KLWX20141015-5,KLWX20141015_105814_V06,6,1.802,1.200,8601,0,1508.328,395,0,109.996
KLWX20141015-5,KLWX20141015_105814_V06,7,2.417,1.200,8595,0,77.374,66,0,41.812
KLWX20141015-5,KLWX20141015_105814_V06,10,3.120,1.200,8607,0,26.051,41,0,19.039
KLWX20141015-5,KLWX20141015_105814_V06,11,3.999,1.200,8620,0,8.308,5,0,7.747
KLWX20141015-5,KLWX20141015_105814_V06,12,5.098,1.200,8643,0,7.713,0,0,7.713
KLWX20141015-10,KLWX20141015_111424_V06,0,0.483,1.200,23328,1,16741.759,5638,1,5648.983
KLWX20141015-10,KLWX20141015_111424_V06,2,0.879,1.200,23329,0,12684.465,4938,0,2527.601
KLWX20141015-10,KLWX20141015_111424_V06,4,1.318,1.200,23328,0,7584.765,4251,0,333.214
KLWX20141015-10,KLWX20141015_111424_V06,6,1.802,1.200,11674,0,3857.378,1213,0,174.898
KLWX20141015-10,KLWX20141015_111424_V06,7,2.417,1.200,11678,0,1857.077,1002,0,54.204
KLWX20141015-10,KLWX20141015_111424_V06,10,3.120,1.200,11689,0,185.071,504,0,30.640
KLWX20141015-10,KLWX20141015_111424_V06,11,3.999,1.200,11702,0,50.283,351,0,17.313
KLWX20141015-10,KLWX20141015_111424_V06,12,5.098,1.200,11722,0,16.609,214,0,11.801
KLWX20141015-10,KLWX20141015_111424_V06,13,6.416,1.200,11746,0,11.504,219,0,9.178
KLWX20141016-4,KLWX20141016_112323_V06,0,0.483,1.200,368,0,8513.941,25,0,8403.018
KLWX20141016-4,KLWX20141016_112323_V06,2,1.450,1.200,367,0,8.369,2,0,5.347
KLWX20141016-4,KLWX20141016_112323_V06,4,2.417,1.200,185,0,0.359,0,0,0.359
KLWX20141016-4,KLWX20141016_112323_V06,5,3.384,1.200,183,0,0.356,0,0,0.356
KLWX20141016-4,KLWX20141016_112821_V06,0,0.483,1.200,1539,0,11835.846,89,0,11317.210
KLWX20141016-4,KLWX20141016_112821_V06,2,1.450,1.200,1538,0,38.271,4,0,24.253
KLWX20141016-4,KLWX20141016_112821_V06,4,2.417,1.200,770,0,1.476,0,0,1.476
KLWX20141016-4,KLWX20141016_112821_V06,5,3.384,1.200,771,0,1.480,0,0,1.480
KLWX20141016-4,KLWX20141016_113318_V06,0,0.483,1.200,2083,0,18333.395,79,0,17684.919
KLWX20141016-4,KLWX20141016_113318_V06,2,1.450,1.200,2082,0,69.527,12,0,42.648
KLWX20141016-4,KLWX20141016_113318_V06,4,2.417,1.200,1043,0,1.871,0,0,1.871
KLWX20141016-4,KLWX20141016_113318_V06,5,3.384,1.200,1043,0,1.875,0,0,1.875
KLWX20141016-4,KLWX20141016_113816_V06,0,0.483,1.200,6272,0,31162.967,190,0,30301.828
KLWX20141016-4,KLWX20141016_113816_V06,2,1.450,1.200,6279,0,253.001,22,0,229.813
KLWX20141016-4,KLWX20141016_113816_V06,4,2.417,1.200,3143,0,13.028,0,0,13.028
KLWX20141016-4,KLWX20141016_113816_V06,5,3.384,1.200,3150,0,5.726,0,0,5.726
KLWX20141016-4,KLWX20141016_114313_V06,0,0.483,1.200,10559,0,36877.857,366,0,35013.381
KLWX20141016-4,KLWX20141016_114313_V06,2,1.450,1.200,10560,0,418.305,84,0,342.858
KLWX20141016-4,KLWX20141016_114313_V06,4,2.417,1.200,5282,0,32.931,3,0,25.185
KLWX20141016-4,KLWX20141016_114313_V06,5,3.384,1.200,5292,0,16.684,2,0,12.380
KLWX20141016-4,KLWX20141016_114811_V06,0,0.483,1.200,13660,0,43395.092,582,0,41139.410
KLWX20141016-4,KLWX20141016_114811_V06,2,1.450,1.200,13666,0,1266.362,184,0,1052.728
KLWX20141016-4,KLWX20141016_114811_V06,4,2.417,1.200,6888,0,25.234,0,0,25.234
KLWX20141016-4,KLWX20141016_114811_V06,5,3.384,1.200,6903,0,41.715,4,0,32.750
KLWX20141016-4,KLWX20141016_115309_V06,0,0.483,1.200,19028,0,51893.760,790,0,48714.857
KLWX20141016-4,KLWX20141016_115309_V06,2,1.450,1.200,19044,0,1728.859,373,0,1234.228
KLWX20141016-4,KLWX20141016_115309_V06,4,2.417,1.200,9528,0,93.780,6,0,62.985
KLWX20141016-4,KLWX20141016_115309_V06,5,3.384,1.200,9536,0,68.343,5,0,63.166
KLWX20141016-4,KLWX20141016_115807_V06,0,0.483,1.200,21262,0,61026.935,994,0,51951.338
KLWX20141016-4,KLWX20141016_115807_V06,2,1.450,1.200,21271,0,2075.109,409,0,1573.380
KLWX20141016-4,KLWX20141016_115807_V06,4,2.417,1.200,10639,0,137.121,13,0,127.326
KLWX20141016-4,KLWX20141016_115807_V06,5,3.384,1.200,10654,0,53.527,0,0,53.527
KLWX20141016-4,KLWX20141016_115807_V06,6,4.307,1.200,10674,0,20.873,3,0,19.444
KLWX20141016-4,KLWX20141016_120304_V06,0,0.483,1.200,24509,0,58245.067,1044,0,54453.603
KLWX20141016-4,KLWX20141016_120304_V06,2,1.450,1.200,24523,0,3230.623,541,0,2560.048
KLWX20141016-4,KLWX20141016_120304_V06,4,2.417,1.200,12269,0,256.665,25,0,214.513
KLWX20141016-4,KLWX20141016_120304_V06,5,3.384,1.200,12280,0,52.011,0,0,52.011
KLWX20141016-4,KLWX20141016_120304_V06,6,4.307,1.200,12302,0,32.447,6,0,28.245
KLWX20141016-8,KLWX20141016_113318_V06,0,0.483,1.200,1002,0,19262.333,20,0,18988.849
KLWX20141016-8,KLWX20141016_113318_V06,2,1.450,1.200,1003,0,11434.407,44,0,11387.418
KLWX20141016-8,KLWX20141016_113318_V06,4,2.417,1.200,493,0,45.199,0,0,45.199
KLWX20141016-8,KLWX20141016_113318_V06,5,3.384,1.200,491,0,3.425,2,0,2.048
KLWX20141016-8,KLWX20141016_113318_V06,6,4.307,1.200,488,0,1.559,0,0,1.559
KLWX20141016-8,KLWX20141016_113318_V06,7,6.021,1.200,494,0,0.675,0,0,0.675
KLWX20141016-8,KLWX20141016_113816_V06,0,0.483,1.200,3531,0,17150.727,166,0,16883.054
KLWX20141016-8,KLWX20141016_113816_V06,2,1.450,1.200,3532,0,12399.273,159,0,12051.715
KLWX20141016-8,KLWX20141016_113816_V06,4,2.417,1.200,1770,0,4116.240,26,0,3839.562
KLWX20141016-8,KLWX20141016_113816_V06,5,3.384,1.200,1768,0,4.357,2,0,3.754
KLWX20141016-8,KLWX20141016_113816_V06,6,4.307,1.200,1770,0,1.715,0,0,1.715
KLWX20141016-8,KLWX20141016_113816_V06,7,6.021,1.200,1780,0,2.094,0,0,2.094
KLWX20141016-8,KLWX20141016_114313_V06,0,0.483,1.200,6179,0,19221.115,389,0,18331.734
KLWX20141016-8,KLWX20141016_114313_V06,2,1.450,1.200,6183,0,10228.196,289,0,9681.987
KLWX20141016-8,KLWX20141016_114313_V06,4,2.417,1.200,3095,0,3410.593,65,0,3042.942
KLWX20141016-8,KLWX20141016_114313_V06,5,3.384,1.200,3098,0,35.886,16,0,30.031
KLWX20141016-8,KLWX20141016_114313_V06,6,4.307,1.200,3099,0,5.428,4,0,3.778
KLWX20141016-8,KLWX20141016_114313_V06,7,6.021,1.200,3112,0,2.632,0,0,2.632
KLWX20141016-8,KLWX20141016_114811_V06,0,0.483,1.200,8257,0,20987.361,638,0,20030.297
KLWX20141016-8,KLWX20141016_114811_V06,2,1.450,1.200,8259,0,10404.591,498,0,9332.015
KLWX20141016-8,KLWX20141016_114811_V06,4,2.417,1.200,4135,0,1527.496,90,0,1257.500
KLWX20141016-8,KLWX20141016_114811_V06,5,3.384,1.200,4140,0,211.851,31,0,167.101
KLWX20141016-8,KLWX20141016_114811_V06,6,4.307,1.200,4139,0,8.812,7,0,7.419
KLWX20141016-8,KLWX20141016_114811_V06,7,6.021,1.200,4152,0,3.821,5,0,3.495
KLWX20141016-8,KLWX20141016_115309_V06,0,0.483,1.200,15736,0,34603.534,1267,0,32246.356
KLWX20141016-8,KLWX20141016_115309_V06,2,1.450,1.200,15746,0,11215.856,897,0,10031.467
KLWX20141016-8,KLWX20141016_115309_V06,4,2.417,1.200,7870,0,1355.038,120,0,1188.146
KLWX20141016-8,KLWX20141016_115309_V06,5,3.384,1.200,7881,0,253.029,95,0,175.417
KLWX20141016-8,KLWX20141016_115309_V06,6,4.307,1.200,7892,0,26.343,14,0,22.121
KLWX20141016-8,KLWX20141016_115309_V06,7,6.021,1.200,7913,0,12.388,9,0,11.825
KLWX20141016-3,KLWX20141016_112323_V06,0,0.483,1.200,174,0,31792.236,1,0,31792.036
KLWX20141016-3,KLWX20141016_112323_V06,2,1.450,1.200,175,0,334.525,18,0,328.127
KLWX20141016-3,KLWX20141016_112323_V06,4,2.417,1.200,90,0,0.055,0,0,0.055
KLWX20141016-3,KLWX20141016_112323_V06,5,3.384,1.200,92,0,0.599,0,0,0.599
KLWX20141016-3,KLWX20141016_112323_V06,6,4.307,1.200,90,0,0.055,0,0,0.055
KLWX20141016-3,KLWX20141016_112323_V06,7,6.021,1.200,91,0,0.400,0,0,0.400
KLWX20141016-3,KLWX20141016_112821_V06,0,0.483,1.200,1398,0,30117.530,60,0,30074.693
KLWX20141016-3,KLWX20141016_112821_V06,2,1.450,1.200,1397,0,8268.791,51,0,8179.913
KLWX20141016-3,KLWX20141016_112821_V06,4,2.417,1.200,698,0,11.932,5,0,8.311
KLWX20141016-3,KLWX20141016_112821_V06,5,3.384,1.200,698,0,2.065,0,0,2.065
KLWX20141016-3,KLWX20141016_112821_V06,6,4.307,1.200,701,0,2.165,0,0,2.165
KLWX20141016-3,KLWX20141016_112821_V06,7,6.021,1.200,702,0,2.971,0,0,2.971
KLWX20141016-6,KLWX20141016_112821_V06,0,0.483,1.200,51,0,1021.929,1,0,1013.943
KLWX20141016-6,KLWX20141016_112821_V06,2,1.450,1.200,53,0,0.085,0,0,0.085
KLWX20141016-6,KLWX20141016_112821_V06,4,2.417,1.200,28,0,0.090,0,0,0.090
KLWX20141016-6,KLWX20141016_113318_V06,0,0.483,1.200,729,0,5620.822,18,0,5175.331
KLWX20141016-6,KLWX20141016_113318_V06,2,1.450,1.200,731,0,3.884,0,0,3.884
KLWX20141016-6,KLWX20141016_113318_V06,4,2.417,1.200,365,0,1.175,0,0,1.175
KLWX20141016-6,KLWX20141016_113816_V06,0,0.483,1.200,493,0,5289.981,15,0,5116.340
KLWX20141016-6,KLWX20141016_113816_V06,2,1.450,1.200,494,0,20.923,3,0,2.359
KLWX20141016-6,KLWX20141016_113816_V06,4,2.417,1.200,246,0,0.772,0,0,0.772
KLWX20141016-6,KLWX20141016_114313_V06,0,0.483,1.200,1667,0,4508.586,49,0,4142.146
KLWX20141016-6,KLWX20141016_114313_V06,2,1.450,1.200,1668,0,2.599,0,0,2.599
KLWX20141016-6,KLWX20141016_114313_V06,4,2.417,1.200,834,0,2.604,0,0,2.604
KLWX20141016-10,KLWX20141016_120304_V06,0,0.483,1.200,14982,0,29782.511,976,0,28155.225
KLWX20141016-10,KLWX20141016_120304_V06,2,1.450,1.200,14995,0,6778.798,519,0,5647.851
KLWX20141016-10,KLWX20141016_120304_V06,4,2.417,1.200,7506,0,12.047,2,0,11.756
KLWX20141016-10,KLWX20141016_120304_V06,5,3.384,1.200,7509,0,8.030,0,0,8.030
KLWX20141016-10,KLWX20141016_120304_V06,6,4.307,1.200,7519,0,8.197,2,0,7.293
KLWX20141016-11,KLWX20141016_121758_V06,0,0.483,1.200,22213,0,41971.521,2459,0,37454.942
KLWX20141016-11,KLWX20141016_121758_V06,2,1.450,1.200,22220,0,9661.009,1331,0,8284.256
KLWX20141016-11,KLWX20141016_121758_V06,4,2.417,1.200,11115,0,66.825,23,0,48.838
KLWX20141016-11,KLWX20141016_121758_V06,5,3.384,1.200,11129,0,12.231,0,0,12.231
KLWX20141016-11,KLWX20141016_121758_V06,6,4.307,1.200,11141,0,9.706,5,0,9.249
KLWX20141016-11,KLWX20141016_121758_V06,7,6.021,1.200,11169,0,9.364,0,0,9.364
KLWX20141017-3,KLWX20141017_111457_V06,0,0.483,1.200,463,0,23759.705,11,0,23641.917
KLWX20141017-3,KLWX20141017_111457_V06,2,1.450,1.200,468,0,0.713,0,0,0.713
KLWX20141017-3,KLWX20141017_111457_V06,4,2.417,1.200,232,0,0.708,0,0,0.708
KLWX20141017-3,KLWX20141017_111955_V06,0,0.483,1.200,1729,0,51289.505,50,0,50221.270
KLWX20141017-3,KLWX20141017_111955_V06,2,1.450,1.200,1725,0,2.643,0,0,2.643
KLWX20141017-3,KLWX20141017_111955_V06,4,2.417,1.200,866,0,2.657,0,0,2.657
KLWX20141017-3,KLWX20141017_112453_V06,0,0.483,1.200,3788,0,88873.502,115,0,87337.212
KLWX20141017-3,KLWX20141017_112453_V06,2,1.450,1.200,3792,0,138.518,17,0,99.757
KLWX20141017-3,KLWX20141017_112453_V06,4,2.417,1.200,1897,0,5.674,0,0,5.674
KLWX20141017-3,KLWX20141017_112951_V06,0,0.483,1.200,6694,0,97956.369,192,0,95059.664
KLWX20141017-3,KLWX20141017_112951_V06,2,1.450,1.200,6700,0,597.659,51,0,437.442
KLWX20141017-3,KLWX20141017_112951_V06,4,2.417,1.200,3350,0,10.038,0,0,10.038
KLWX20141017-3,KLWX20141017_113449_V06,0,0.483,1.200,9462,0,80072.431,322,0,77519.097
KLWX20141017-3,KLWX20141017_113449_V06,2,1.450,1.200,9479,0,435.989,53,0,298.063
KLWX20141017-3,KLWX20141017_113449_V06,4,2.417,1.200,4747,0,14.476,0,0,14.476
KLWX20141017-3,KLWX20141017_113947_V06,0,0.483,1.200,11866,0,58510.916,469,0,55144.085
KLWX20141017-3,KLWX20141017_113947_V06,2,1.450,1.200,11875,0,302.377,46,0,145.613
KLWX20141017-3,KLWX20141017_113947_V06,4,2.417,1.200,5939,0,18.435,0,0,18.435
KLWX20141017-3,KLWX20141017_114445_V06,0,0.483,1.200,16536,0,50657.737,656,0,46556.681
KLWX20141017-3,KLWX20141017_114445_V06,2,1.450,1.200,16544,0,458.945,53,0,213.486
KLWX20141017-3,KLWX20141017_114445_V06,4,2.417,1.200,8277,0,25.103,0,0,25.103
KLWX20141017-3,KLWX20141017_114943_V06,0,0.483,1.200,22226,0,45935.736,932,0,40519.042
KLWX20141017-3,KLWX20141017_114943_V06,2,1.450,1.200,22236,0,362.291,56,0,201.171
KLWX20141017-3,KLWX20141017_114943_V06,4,2.417,1.200,11136,0,39.226,3,0,33.892
KLWX20141017-3,KLWX20141017_115440_V06,0,0.483,1.200,22853,0,39426.851,999,0,33336.264
KLWX20141017-3,KLWX20141017_115440_V06,2,1.450,1.200,22870,0,290.663,50,0,132.562
KLWX20141017-3,KLWX20141017_115440_V06,4,2.417,1.200,11442,0,66.817,3,0,60.675
KLWX20141017-3,KLWX20141017_115939_V06,0,0.483,1.200,24654,0,34853.267,938,0,27830.397
KLWX20141017-3,KLWX20141017_115939_V06,2,1.450,1.200,24679,0,419.107,58,0,180.013
KLWX20141017-3,KLWX20141017_115939_V06,4,2.417,1.200,12353,0,90.961,0,0,90.961
KLWX20141017-7,KLWX20141017_112453_V06,0,0.483,1.200,1576,0,13023.001,29,0,12115.612
KLWX20141017-7,KLWX20141017_112453_V06,2,1.450,1.200,1573,0,1.732,0,0,1.732
KLWX20141017-7,KLWX20141017_112453_V06,4,2.417,1.200,789,0,1.740,0,0,1.740
KLWX20141017-7,KLWX20141017_112453_V06,5,3.384,1.200,792,0,1.751,0,0,1.751
KLWX20141017-7,KLWX20141017_112951_V06,0,0.483,1.200,3274,0,16372.206,62,0,16004.247
KLWX20141017-7,KLWX20141017_112951_V06,2,1.450,1.200,3273,0,3.518,0,0,3.518
KLWX20141017-7,KLWX20141017_112951_V06,4,2.417,1.200,1636,0,3.522,0,0,3.522
KLWX20141017-7,KLWX20141017_112951_V06,5,3.384,1.200,1646,0,3.551,0,0,3.551
KLWX20141017-7,KLWX20141017_113449_V06,0,0.483,1.200,4735,0,18110.495,93,0,17302.105
KLWX20141017-7,KLWX20141017_113449_V06,2,1.450,1.200,4737,0,12.266,2,0,10.851
KLWX20141017-7,KLWX20141017_113449_V06,4,2.417,1.200,2369,0,4.954,0,0,4.954
KLWX20141017-7,KLWX20141017_113449_V06,5,3.384,1.200,2371,0,4.972,0,0,4.972
KLWX20141017-7,KLWX20141017_113947_V06,0,0.483,1.200,8139,0,14707.034,399,0,13307.126
KLWX20141017-7,KLWX20141017_113947_V06,2,1.450,1.200,8140,0,194.583,48,0,109.765
KLWX20141017-7,KLWX20141017_113947_V06,4,2.417,1.200,4086,0,28.961,1,0,27.309
KLWX20141017-7,KLWX20141017_113947_V06,5,3.384,1.200,4094,0,10.413,0,0,10.413
KLWX20141017-2,KLWX20141017_110958_V06,0,0.483,1.200,444,0,45694.071,18,0,45473.571
KLWX20141017-2,KLWX20141017_110958_V06,2,1.450,1.200,445,0,85.594,14,0,81.684
KLWX20141017-2,KLWX20141017_110958_V06,4,2.417,1.200,237,0,2.041,0,0,2.041
KLWX20141017-2,KLWX20141017_110958_V06,5,3.384,1.200,229,0,4.040,2,0,1.010
KLWX20141017-2,KLWX20141017_110958_V06,6,4.307,1.200,235,0,1.212,0,0,1.212
KLWX20141017-2,KLWX20141017_110958_V06,7,6.021,1.200,234,0,0.145,0,0,0.145
KLWX20141017-2,KLWX20141017_111457_V06,0,0.483,1.200,2646,0,31858.123,194,0,31275.362
KLWX20141017-2,KLWX20141017_111457_V06,2,1.450,1.200,2651,0,5646.473,61,0,5026.552
KLWX20141017-2,KLWX20141017_111457_V06,4,2.417,1.200,1324,0,2.289,0,0,2.289
KLWX20141017-2,KLWX20141017_111457_V06,5,3.384,1.200,1324,0,1.252,0,0,1.252
KLWX20141017-2,KLWX20141017_111457_V06,6,4.307,1.200,1319,0,3.037,1,0,2.777
KLWX20141017-2,KLWX20141017_111457_V06,7,6.021,1.200,1327,0,2.240,0,0,2.240
KLWX20141017-1,KLWX20141017_110958_V06,0,0.483,1.200,364,0,17629.252,42,0,15673.945
KLWX20141017-1,KLWX20141017_110958_V06,2,1.450,1.200,363,0,446.565,14,0,129.382
KLWX20141017-1,KLWX20141017_111457_V06,0,0.483,1.200,1365,0,40497.924,83,0,30163.769
KLWX20141017-1,KLWX20141017_111457_V06,2,1.450,1.200,1371,0,341.924,10,0,136.739
KLWX20141017-1,KLWX20141017_111955_V06,0,0.483,1.200,2168,0,34407.381,116,0,27825.796
KLWX20141017-1,KLWX20141017_111955_V06,2,1.450,1.200,2158,0,1263.453,27,0,111.669
KLWX20141017-5,KLWX20141017_111955_V06,0,0.483,1.200,2136,0,5115.761,77,0,4542.818
KLWX20141017-5,KLWX20141017_111955_V06,2,1.450,1.200,2138,0,9.943,3,0,3.056
KLWX20141017-5,KLWX20141017_111955_V06,4,2.417,1.200,1068,0,2.097,0,0,2.097
KLWX20141017-5,KLWX20141017_111955_V06,5,3.384,1.200,1070,0,2.105,0,0,2.105
KLWX20141017-8,KLWX20141017_113947_V06,0,0.483,1.200,1657,0,6991.329,60,0,6628.261
KLWX20141017-8,KLWX20141017_113947_V06,2,1.450,1.200,1655,0,7.764,1,0,4.628
KLWX20141017-8,KLWX20141017_113947_V06,4,2.417,1.200,829,0,2.405,0,0,2.405
KLWX20141018-7,KLWX20141018_111954_V06,0,0.483,1.200,756,0,14000.286,28,0,13765.858
KLWX20141018-7,KLWX20141018_111954_V06,2,1.450,1.200,757,0,1.064,0,0,1.064
KLWX20141018-7,KLWX20141018_111954_V06,4,2.417,1.200,382,0,1.076,0,0,1.076
KLWX20141018-7,KLWX20141018_112452_V06,0,0.483,1.200,2160,0,14874.982,49,0,14601.376
KLWX20141018-7,KLWX20141018_112452_V06,2,1.450,1.200,2161,0,2.950,0,0,2.950
KLWX20141018-7,KLWX20141018_112452_V06,4,2.417,1.200,1082,0,2.959,0,0,2.959
KLWX20141018-7,KLWX20141018_112951_V06,0,0.483,1.200,4647,0,13374.097,81,0,12989.002
KLWX20141018-7,KLWX20141018_112951_V06,2,1.450,1.200,4648,0,11.298,1,0,9.010
KLWX20141018-7,KLWX20141018_112951_V06,4,2.417,1.200,2326,0,5.780,0,0,5.780
KLWX20141018-7,KLWX20141018_112951_V06,5,3.384,1.200,2330,0,5.800,0,0,5.800
KLWX20141018-7,KLWX20141018_113449_V06,0,0.483,1.200,6581,0,15661.255,111,0,15187.055
KLWX20141018-7,KLWX20141018_113449_V06,2,1.450,1.200,6587,0,7.741,0,0,7.741
KLWX20141018-7,KLWX20141018_113449_V06,4,2.417,1.200,3295,0,7.758,0,0,7.758
KLWX20141018-7,KLWX20141018_113449_V06,5,3.384,1.200,3300,0,7.782,0,0,7.782
KLWX20141018-7,KLWX20141018_113946_V06,0,0.483,1.200,8580,0,21232.031,135,0,20740.208
KLWX20141018-7,KLWX20141018_113946_V06,2,1.450,1.200,8582,0,43.874,7,0,17.193
KLWX20141018-7,KLWX20141018_113946_V06,4,2.417,1.200,4297,0,9.946,0,0,9.946
KLWX20141018-7,KLWX20141018_113946_V06,5,3.384,1.200,4299,0,9.974,0,0,9.974
KLWX20141018-7,KLWX20141018_114445_V06,0,0.483,1.200,18841,0,21229.507,396,0,20356.717
KLWX20141018-7,KLWX20141018_114445_V06,2,1.450,1.200,18848,0,40.367,6,0,28.926
KLWX20141018-7,KLWX20141018_114445_V06,4,2.417,1.200,9430,0,18.557,0,0,18.557
KLWX20141018-7,KLWX20141018_114445_V06,5,3.384,1.200,9445,0,18.628,0,0,18.628
KLWX20141018-7,KLWX20141018_114943_V06,0,0.483,1.200,31029,0,23930.434,1374,0,22083.321
KLWX20141018-7,KLWX20141018_114943_V06,2,1.450,1.200,31032,0,115.149,312,0,80.680
KLWX20141018-7,KLWX20141018_114943_V06,4,2.417,1.200,15509,0,31.888,1,0,31.830
KLWX20141018-7,KLWX20141018_114943_V06,5,3.384,1.200,15523,0,27.640,0,0,27.640
KLWX20141018-7,KLWX20141018_115441_V06,0,0.483,1.200,4816,0,18033.973,98,0,17476.442
KLWX20141018-7,KLWX20141018_115441_V06,2,1.450,1.200,4821,0,6.530,0,0,6.530
KLWX20141018-7,KLWX20141018_115441_V06,4,2.417,1.200,2411,0,6.543,0,0,6.543
KLWX20141018-7,KLWX20141018_115939_V06,0,0.483,1.200,7679,0,19560.427,117,0,18897.420
KLWX20141018-7,KLWX20141018_115939_V06,2,1.450,1.200,7683,0,13.496,0,0,13.496
KLWX20141018-7,KLWX20141018_115939_V06,4,2.417,1.200,3846,0,10.453,0,0,10.453
KLWX20141018-5,KLWX20141018_111456_V06,0,0.483,1.200,226,0,4147.100,11,0,3897.369
KLWX20141018-5,KLWX20141018_111456_V06,2,1.450,1.200,227,0,0.190,0,0,0.190
KLWX20141018-5,KLWX20141018_111456_V06,4,2.417,1.200,114,0,0.191,0,0,0.191
KLWX20141018-5,KLWX20141018_111456_V06,5,3.384,1.200,115,0,0.193,0,0,0.193
KLWX20141018-5,KLWX20141018_111954_V06,0,0.483,1.200,1625,0,12171.141,80,0,11652.595
KLWX20141018-5,KLWX20141018_111954_V06,2,1.450,1.200,1624,0,1.286,0,0,1.286
KLWX20141018-5,KLWX20141018_111954_V06,4,2.417,1.200,812,0,1.286,0,0,1.286
KLWX20141018-5,KLWX20141018_111954_V06,5,3.384,1.200,809,0,1.286,0,0,1.286
KLWX20141018-5,KLWX20141018_111954_V06,6,4.307,1.200,815,0,1.298,0,0,1.298
KLWX20141018-5,KLWX20141018_112452_V06,0,0.483,1.200,2637,0,9679.403,75,0,8493.938
KLWX20141018-5,KLWX20141018_112452_V06,2,1.450,1.200,2635,0,2.138,0,0,2.138
KLWX20141018-5,KLWX20141018_112452_V06,4,2.417,1.200,1321,0,2.149,0,0,2.149
KLWX20141018-5,KLWX20141018_112452_V06,5,3.384,1.200,1323,0,2.157,0,0,2.157
KLWX20141018-5,KLWX20141018_112452_V06,6,4.307,1.200,1322,0,2.158,0,0,2.158
KLWX20141018-5,KLWX20141018_112951_V06,0,0.483,1.200,4211,0,1472.529,127,0,1242.871
KLWX20141018-5,KLWX20141018_112951_V06,2,1.450,1.200,4213,0,5.231,2,0,3.466
KLWX20141018-5,KLWX20141018_112951_V06,4,2.417,1.200,2106,0,3.468,0,0,3.468
KLWX20141018-5,KLWX20141018_112951_V06,5,3.384,1.200,2111,0,3.485,0,0,3.485
KLWX20141018-5,KLWX20141018_112951_V06,6,4.307,1.200,2116,0,3.501,0,0,3.501
KLWX20141018-5,KLWX20141018_113449_V06,0,0.483,1.200,6146,0,759.886,109,0,564.968
KLWX20141018-5,KLWX20141018_113449_V06,2,1.450,1.200,6147,0,5.120,0,0,5.120
KLWX20141018-5,KLWX20141018_113449_V06,4,2.417,1.200,3080,0,5.141,0,0,5.141
KLWX20141018-5,KLWX20141018_113449_V06,5,3.384,1.200,3078,0,5.145,0,0,5.145
KLWX20141018-5,KLWX20141018_113946_V06,0,0.483,1.200,8418,0,994.756,147,0,733.889
KLWX20141018-5,KLWX20141018_113946_V06,2,1.450,1.200,8429,0,15.323,1,0,14.694
KLWX20141018-5,KLWX20141018_113946_V06,4,2.417,1.200,4212,0,7.118,0,0,7.118
KLWX20141018-5,KLWX20141018_113946_V06,5,3.384,1.200,4222,0,7.148,0,0,7.148
KLWX20141018-5,KLWX20141018_114445_V06,0,0.483,1.200,11078,0,3160.496,198,0,2786.351
KLWX20141018-5,KLWX20141018_114445_V06,2,1.450,1.200,11090,0,25.137,4,0,18.298
KLWX20141018-5,KLWX20141018_114445_V06,4,2.417,1.200,5544,0,9.494,0,0,9.494
KLWX20141018-5,KLWX20141018_114445_V06,5,3.384,1.200,5549,0,9.514,0,0,9.514
KLWX20141018-5,KLWX20141018_114943_V06,0,0.483,1.200,11626,0,21313.711,164,0,20337.229
KLWX20141018-5,KLWX20141018_114943_V06,2,1.450,1.200,11629,0,18.494,0,0,18.494
KLWX20141018-5,KLWX20141018_114943_V06,4,2.417,1.200,5822,0,13.540,0,0,13.540
KLWX20141018-5,KLWX20141018_114943_V06,5,3.384,1.200,5831,0,13.593,0,0,13.593
KLWX20141018-2,KLWX20141018_110957_V06,0,0.483,1.200,696,0,4835.341,53,0,4406.074
KLWX20141018-2,KLWX20141018_110957_V06,2,1.450,1.200,697,0,1.240,2,0,0.792
KLWX20141018-2,KLWX20141018_110957_V06,4,2.417,1.200,350,0,0.323,0,0,0.323
KLWX20141018-2,KLWX20141018_110957_V06,5,3.384,1.200,345,0,0.319,0,0,0.319
KLWX20141018-2,KLWX20141018_110957_V06,6,4.307,1.200,347,0,0.321,0,0,0.321
KLWX20141018-9,KLWX20141018_111954_V06,0,0.483,1.200,746,0,22979.752,112,0,22591.227
KLWX20141018-9,KLWX20141018_111954_V06,2,1.450,1.200,747,0,226.550,9,0,225.587
KLWX20141018-9,KLWX20141018_111954_V06,4,2.417,1.200,371,0,0.204,0,0,0.204
KLWX20141018-9,KLWX20141018_111954_V06,5,3.384,1.200,372,0,5.402,2,0,4.847
KLWX20141018-9,KLWX20141018_111954_V06,6,4.307,1.200,370,0,3.788,4,0,1.007
KLWX20141018-9,KLWX20141018_111954_V06,7,6.021,1.200,371,0,0.938,0,0,0.938
KLWX20141019-1,KLWX20141019_112246_V06,0,0.483,1.200,2813,0,25668.420,279,0,21391.804
KLWX20141019-1,KLWX20141019_112246_V06,2,1.494,1.200,2816,0,8.816,18,0,4.458
KLWX20141019-1,KLWX20141019_112246_V06,4,2.505,1.200,1412,0,1.282,0,0,1.282
KLWX20141019-1,KLWX20141019_112246_V06,5,3.516,1.200,1408,0,1.280,0,0,1.280
KLWX20141019-1,KLWX20141019_112246_V06,6,4.482,1.200,1410,0,1.285,0,0,1.285
KLWX20141020-1,KLWX20141020_110157_V06,0,0.483,1.200,7585,0,72694.138,1108,0,66002.016
KLWX20141020-1,KLWX20141020_110157_V06,2,1.494,1.200,7588,0,27.554,16,0,19.316
KLWX20141020-1,KLWX20141020_110157_V06,4,2.505,1.200,3798,0,12.501,0,0,12.501
KLWX20141020-1,KLWX20141020_110157_V06,5,3.516,1.200,3801,0,9.085,0,0,9.085
KLWX20141020-2,KLWX20141020_112132_V06,0,0.483,1.200,55,0,12496.890,2,0,12483.279
KLWX20141020-2,KLWX20141020_112132_V06,2,1.494,1.200,55,0,0.083,0,0,0.083
KLWX20141020-2,KLWX20141020_112132_V06,4,2.505,1.200,30,0,0.091,0,0,0.091
KLWX20141020-4,KLWX20141020_112132_V06,0,0.483,1.200,472,0,7585.271,35,0,7532.183
KLWX20141020-4,KLWX20141020_112132_V06,2,1.494,1.200,471,0,2.622,4,0,1.270
KLWX20141020-4,KLWX20141020_112132_V06,4,2.505,1.200,235,0,0.156,0,0,0.156
KLWX20141020-4,KLWX20141020_112132_V06,5,3.516,1.200,238,0,0.158,0,0,0.158
KLWX20141020-4,KLWX20141020_112132_V06,6,4.482,1.200,238,0,0.159,0,0,0.159
KLWX20141020-5,KLWX20141020_112132_V06,0,0.483,1.200,758,0,17902.173,37,0,16014.480
KLWX20141020-5,KLWX20141020_112132_V06,2,1.494,1.200,756,0,0.261,3,0,0.192
KLWX20141020-5,KLWX20141020_112132_V06,4,2.505,1.200,389,0,0.317,0,0,0.317
KLWX20141020-5,KLWX20141020_112132_V06,5,3.516,1.200,389,0,0.131,0,0,0.131
KLWX20141020-5,KLWX20141020_112132_V06,6,4.482,1.200,389,0,0.221,0,0,0.221
KLWX20141021-1,KLWX20141021_111643_V06,0,0.483,1.200,120,0,694.635,3,0,635.373
KLWX20141021-1,KLWX20141021_111643_V06,2,1.450,1.200,120,0,0.183,0,0,0.183
KLWX20141021-1,KLWX20141021_111643_V06,4,2.417,1.200,63,0,34.540,1,0,0.189
KLWX20141021-3,KLWX20141021_112141_V06,0,0.483,1.200,708,0,1448.561,20,0,1211.769
KLWX20141021-3,KLWX20141021_112141_V06,2,1.450,1.200,706,0,0.680,0,0,0.680
KLWX20141021-3,KLWX20141021_112141_V06,4,2.417,1.200,355,0,0.685,0,0,0.685
KLWX20141021-3,KLWX20141021_112141_V06,5,3.340,1.200,356,0,0.688,0,0,0.688
KLWX20141023-1,KLWX20141023_112516_V06,0,0.483,1.200,521,0,4066.659,22,0,3961.644
KLWX20141023-1,KLWX20141023_112516_V06,2,1.494,1.200,521,0,6.294,1,0,5.347
KLWX20141023-1,KLWX20141023_112516_V06,4,2.505,1.200,260,0,0.419,0,0,0.419
KLWX20141023-1,KLWX20141023_112516_V06,5,3.516,1.200,260,0,0.419,0,0,0.419
KLWX20141023-1,KLWX20141023_113505_V06,0,0.483,1.200,3897,0,6124.829,147,0,5667.113
KLWX20141023-1,KLWX20141023_113505_V06,2,1.494,1.200,3900,0,60.881,38,0,29.060
KLWX20141023-1,KLWX20141023_113505_V06,4,2.505,1.200,1952,0,9.019,0,0,9.019
KLWX20141023-1,KLWX20141023_113505_V06,5,3.516,1.200,1950,0,8.271,1,0,7.817
KLWX20141023-1,KLWX20141023_113505_V06,6,4.482,1.200,1960,0,3.759,0,0,3.759
KLWX20141023-2,KLWX20141023_112516_V06,0,0.483,1.200,20673,0,161236.104,1861,0,20252.418
KLWX20141023-2,KLWX20141023_112516_V06,2,1.494,1.200,20684,0,5304.831,278,0,751.417
KLWX20141023-2,KLWX20141023_113505_V06,0,0.483,1.200,30669,0,144532.674,1675,0,19242.015
KLWX20141023-2,KLWX20141023_113505_V06,2,1.494,1.200,30688,0,31130.576,852,0,4053.523
KLWX20141025-1,KLWX20141025_112020_V06,0,0.483,1.200,662,0,3361.617,10,0,3134.837
KLWX20141025-1,KLWX20141025_112020_V06,2,1.494,1.200,662,0,2.314,0,0,2.314
KLWX20141025-1,KLWX20141025_113008_V06,0,0.483,1.200,3467,0,7759.841,36,0,7225.701
KLWX20141025-1,KLWX20141025_113008_V06,2,1.494,1.200,3469,0,12.723,0,0,12.723
KLWX20141025-1,KLWX20141025_113954_V06,0,0.483,1.200,4580,0,5203.124,64,0,4226.627
KLWX20141025-1,KLWX20141025_113954_V06,2,1.494,1.200,4582,0,17.364,0,0,17.364
KLWX20141025-3,KLWX20141025_113008_V06,0,0.483,1.200,2114,0,6444.733,41,0,6211.771
KLWX20141025-3,KLWX20141025_113008_V06,2,1.494,1.200,2116,0,3.394,0,0,3.394
KLWX20141025-3,KLWX20141025_113008_V06,4,2.505,1.200,1060,0,3.404,0,0,3.404
KLWX20141025-3,KLWX20141025_113954_V06,0,0.483,1.200,5616,0,15531.513,94,0,14970.008
KLWX20141025-3,KLWX20141025_113954_V06,2,1.494,1.200,5615,0,8.828,0,0,8.828
KLWX20141025-3,KLWX20141025_113954_V06,4,2.505,1.200,2810,0,8.851,0,0,8.851
KLWX20141025-3,KLWX20141025_114941_V06,0,0.483,1.200,8816,0,11818.795,140,0,11152.539
KLWX20141025-3,KLWX20141025_114941_V06,2,1.494,1.200,8821,0,25.319,4,0,18.529
KLWX20141025-3,KLWX20141025_114941_V06,4,2.505,1.200,4421,0,13.719,0,0,13.719
KLWX20141025-3,KLWX20141025_115927_V06,0,0.483,1.200,5410,0,3441.942,78,0,3188.591
KLWX20141025-3,KLWX20141025_115927_V06,2,1.494,1.200,5420,0,10.528,0,0,10.528
KLWX20141025-3,KLWX20141025_115927_V06,4,2.505,1.200,2711,0,8.212,0,0,8.212
KLWX20141026-1,KLWX20141026_112406_V06,0,0.483,1.200,68,0,1501.039,4,0,1322.947
KLWX20141026-1,KLWX20141026_112406_V06,2,1.494,1.200,69,0,0.071,0,0,0.071
KLWX20141026-1,KLWX20141026_112406_V06,4,2.505,1.200,26,0,0.053,0,0,0.053
KLWX20141026-1,KLWX20141026_112406_V06,5,3.516,1.200,27,0,0.056,0,0,0.056
KLWX20141026-3,KLWX20141026_113353_V06,0,0.483,1.200,3266,0,5436.166,10,0,5375.843
KLWX20141026-3,KLWX20141026_113353_V06,2,1.494,1.200,3272,0,15.829,4,0,5.819
KLWX20141026-3,KLWX20141026_113353_V06,4,2.505,1.200,1635,0,5.830,0,0,5.830
KLWX20141027-1,KLWX20141027_112256_V06,0,0.483,1.200,1224,0,115538.194,49,0,114786.173
KLWX20141027-1,KLWX20141027_112256_V06,2,1.494,1.200,1222,0,124.963,75,0,79.789
KLWX20141027-1,KLWX20141027_112256_V06,4,2.505,1.200,615,0,10.752,0,0,10.752
KLWX20141027-1,KLWX20141027_112256_V06,5,3.516,1.200,612,0,0.689,2,0,0.419
KLWX20141027-1,KLWX20141027_112256_V06,6,4.482,1.200,612,0,0.421,0,0,0.421
KLWX20141027-1,KLWX20141027_113244_V06,0,0.483,1.200,6569,0,89389.661,461,0,84308.070
KLWX20141027-1,KLWX20141027_113244_V06,2,1.494,1.200,6565,0,161.705,173,0,84.362
KLWX20141027-1,KLWX20141027_113244_V06,4,2.505,1.200,3326,0,21.794,10,0,19.680
KLWX20141027-1,KLWX20141027_113244_V06,5,3.516,1.200,3324,0,8.318,4,0,7.868
KLWX20141027-1,KLWX20141027_113244_V06,6,4.482,1.200,3331,0,5.269,0,0,5.269
KLWX20141027-3,KLWX20141027_114231_V06,0,0.483,1.200,1138,0,2728.465,17,0,2328.531
KLWX20141027-3,KLWX20141027_114231_V06,2,1.494,1.200,1132,0,3.847,0,0,3.847
KLWX20141029-2,KLWX20141029_113104_V06,0,0.483,1.200,802,0,29527.802,67,0,29435.929
KLWX20141029-2,KLWX20141029_113104_V06,2,1.450,1.200,802,0,8.583,11,0,5.214
KLWX20141029-2,KLWX20141029_113104_V06,4,2.417,1.200,404,0,0.305,0,0,0.305
KLWX20141029-2,KLWX20141029_113104_V06,5,3.384,1.200,402,0,0.304,0,0,0.304
KLWX20141029-2,KLWX20141029_113104_V06,6,4.307,1.200,401,0,0.304,0,0,0.304
KLWX20141029-2,KLWX20141029_113104_V06,7,6.021,1.200,407,0,0.311,0,0,0.311
KLWX20141030-1,KLWX20141030_114714_V06,0,0.483,1.200,433,0,6459.233,16,0,6106.832
KLWX20141030-1,KLWX20141030_114714_V06,2,1.494,1.200,432,0,4.167,1,0,3.362
KLWX20141030-1,KLWX20141030_114714_V06,4,2.505,1.200,219,0,0.379,0,0,0.379
KLWX20141030-1,KLWX20141030_114714_V06,5,3.516,1.200,218,0,0.379,0,0,0.379
KLWX20141031-1,KLWX20141031_112255_V06,0,0.483,1.200,1129,0,128409.083,124,0,127767.318
KLWX20141031-1,KLWX20141031_112255_V06,2,1.450,1.200,1127,0,981.821,282,0,619.446
KLWX20141031-1,KLWX20141031_112255_V06,4,2.417,1.200,571,0,2.323,1,0,1.970
KLWX20141031-1,KLWX20141031_112255_V06,5,3.384,1.200,570,0,1.315,0,0,1.315
KLWX20141031-1,KLWX20141031_112255_V06,6,4.307,1.200,563,0,0.374,0,0,0.374
KLWX20141031-1,KLWX20141031_112255_V06,7,6.021,1.200,569,0,0.380,0,0,0.380
KLWX20141031-1,KLWX20141031_112753_V06,0,0.483,1.200,2589,0,406194.476,251,0,404136.730
KLWX20141031-1,KLWX20141031_112753_V06,2,1.450,1.200,2589,0,1094.780,553,0,551.848
KLWX20141031-1,KLWX20141031_112753_V06,4,2.417,1.200,1297,0,5.845,1,0,4.458
KLWX20141031-1,KLWX20141031_112753_V06,5,3.384,1.200,1294,0,1.851,0,0,1.851
KLWX20141031-1,KLWX20141031_112753_V06,6,4.307,1.200,1301,0,0.846,0,0,0.846
KLWX20141031-1,KLWX20141031_112753_V06,7,6.021,1.200,1301,0,1.183,0,0,1.183
KLWX20141031-1,KLWX20141031_113251_V06,0,0.483,1.200,3493,0,303622.373,131,0,298117.586
KLWX20141031-1,KLWX20141031_113251_V06,2,1.450,1.200,3493,0,1133.753,487,0,769.868
KLWX20141031-1,KLWX20141031_113251_V06,4,2.417,1.200,1745,0,23.591,12,0,14.178
KLWX20141031-1,KLWX20141031_113251_V06,5,3.384,1.200,1745,0,3.654,4,0,1.975
KLWX20141031-1,KLWX20141031_113251_V06,6,4.307,1.200,1750,0,1.515,0,0,1.515
KLWX20141031-1,KLWX20141031_113251_V06,7,6.021,1.200,1756,0,1.563,0,0,1.563
KLWX20141031-1,KLWX20141031_113750_V06,0,0.483,1.200,6301,0,209408.447,515,0,196644.868
KLWX20141031-1,KLWX20141031_113750_V06,2,1.450,1.200,6308,0,1696.630,638,0,1072.141
KLWX20141031-1,KLWX20141031_113750_V06,4,2.417,1.200,3150,0,34.941,11,0,19.884
KLWX20141031-1,KLWX20141031_113750_V06,5,3.384,1.200,3159,0,3.634,0,0,3.634
KLWX20141031-1,KLWX20141031_113750_V06,6,4.307,1.200,3164,0,2.862,3,0,2.611
KLWX20141031-1,KLWX20141031_113750_V06,7,6.021,1.200,3171,0,1.985,0,0,1.985
KLWX20141101-3,KLWX20141101_111419_V06,0,0.483,1.200,34656,0,515124.798,9018,0,98151.204
KLWX20141101-3,KLWX20141101_111419_V06,2,1.450,1.200,34672,0,151772.145,6034,0,16062.434
KLWX20141101-3,KLWX20141101_111419_V06,4,2.417,1.200,17345,0,3327.436,573,0,921.076
KLWX20141101-3,KLWX20141101_111419_V06,5,3.384,1.200,17365,0,2663.211,478,0,774.255
KLWX20141101-5,KLWX20141101_113413_V06,0,0.483,1.200,1478,0,8950.626,97,0,8637.548
KLWX20141101-5,KLWX20141101_113413_V06,2,1.450,1.200,1482,0,4.539,7,0,1.633
KLWX20141101-5,KLWX20141101_113413_V06,4,2.417,1.200,735,0,0.563,0,0,0.563
KLWX20141101-5,KLWX20141101_113413_V06,5,3.384,1.200,736,0,24.942,23,0,5.174
KLWX20141101-5,KLWX20141101_113413_V06,6,4.307,1.200,735,0,363.892,209,0,79.918
KLWX20141101-5,KLWX20141101_113413_V06,7,6.021,1.200,739,0,30.031,28,0,16.016
KLWX20141103-5,KLWX20141103_112955_V06,0,0.483,1.200,5277,4,60192.708,197,3,59045.895
KLWX20141103-5,KLWX20141103_112955_V06,2,1.494,1.200,5279,0,351.278,649,0,272.487
KLWX20141103-5,KLWX20141103_112955_V06,4,2.505,1.200,2639,0,10.694,840,0,7.870
KLWX20141103-5,KLWX20141103_112955_V06,5,3.516,1.200,2644,0,1.273,527,0,0.701
KLWX20141103-5,KLWX20141103_112955_V06,6,4.482,1.200,2648,0,2.247,120,0,0.548
KLWX20141103-5,KLWX20141103_113945_V06,0,0.483,1.200,16843,3,141247.697,738,2,135397.334
KLWX20141103-5,KLWX20141103_113945_V06,2,1.494,1.200,16850,0,1931.412,2637,0,1517.556
KLWX20141103-5,KLWX20141103_113945_V06,4,2.505,1.200,8432,0,28.985,1338,0,24.883
KLWX20141103-5,KLWX20141103_113945_V06,5,3.516,1.200,8438,0,5.339,751,0,4.318
KLWX20141103-5,KLWX20141103_113945_V06,6,4.482,1.200,8452,0,3.163,204,0,2.841
KLWX20141103-3,KLWX20141103_111018_V06,0,0.483,1.200,346,0,6128.041,6,0,6102.160
KLWX20141103-3,KLWX20141103_111018_V06,2,1.494,1.200,343,0,0.493,0,0,0.493
KLWX20141103-3,KLWX20141103_111018_V06,4,2.505,1.200,174,0,0.498,0,0,0.498
KLWX20141104-2,KLWX20141104_112745_V06,0,0.483,1.200,1159,8,483061.974,49,8,482899.921
KLWX20141104-2,KLWX20141104_112745_V06,2,1.494,1.200,1161,0,150.443,26,0,139.535
KLWX20141104-2,KLWX20141104_112745_V06,4,2.505,1.200,573,0,1.562,0,0,1.562
KLWX20141104-2,KLWX20141104_112745_V06,5,3.516,1.200,576,0,0.580,0,0,0.580
KLWX20141104-2,KLWX20141104_112745_V06,6,4.482,1.200,582,0,0.418,0,0,0.418
KLWX20141104-2,KLWX20141104_113733_V06,0,0.483,1.200,3594,0,321938.073,94,0,320413.404
KLWX20141104-2,KLWX20141104_113733_V06,2,1.494,1.200,3597,0,60.714,53,0,31.772
KLWX20141104-2,KLWX20141104_113733_V06,4,2.505,1.200,1799,0,6.518,3,0,4.449
KLWX20141104-2,KLWX20141104_113733_V06,5,3.516,1.200,1799,0,6.447,1,0,6.207
KLWX20141104-2,KLWX20141104_113733_V06,6,4.482,1.200,1800,0,1.854,0,0,1.854
KLWX20141104-2,KLWX20141104_114722_V06,0,0.483,1.200,6165,0,35507.263,486,0,34557.562
KLWX20141104-2,KLWX20141104_114722_V06,2,1.494,1.200,6176,0,63.483,61,0,12.736
KLWX20141104-2,KLWX20141104_114722_V06,4,2.505,1.200,3092,0,2.821,0,0,2.821
KLWX20141104-2,KLWX20141104_114722_V06,5,3.516,1.200,3094,0,2.974,0,0,2.974
KLWX20141104-2,KLWX20141104_114722_V06,6,4.482,1.200,3099,0,2.735,0,0,2.735
KLWX20141104-3,KLWX20141104_112745_V06,0,0.483,1.200,1757,4,450029.326,66,4,448041.495
KLWX20141104-3,KLWX20141104_112745_V06,2,1.494,1.200,1762,0,294.505,30,0,168.602
KLWX20141104-3,KLWX20141104_112745_V06,4,2.505,1.200,878,0,392.180,9,0,306.972
KLWX20141104-3,KLWX20141104_113733_V06,0,0.483,1.200,7171,0,675425.867,229,0,665451.207
KLWX20141104-3,KLWX20141104_113733_V06,2,1.494,1.200,7169,0,1183.860,192,0,594.614
KLWX20141104-3,KLWX20141104_113733_V06,4,2.505,1.200,3584,0,1049.689,35,0,809.999
KLWX20141104-1,KLWX20141104_112745_V06,0,0.483,1.200,2142,2,144586.306,112,0,131707.704
KLWX20141104-1,KLWX20141104_112745_V06,2,1.494,1.200,2143,0,128.052,63,0,61.874
KLWX20141104-1,KLWX20141104_112745_V06,4,2.505,1.200,1072,0,42.642,11,0,35.399
KLWX20141104-1,KLWX20141104_112745_V06,5,3.516,1.200,1072,0,57.546,11,0,37.759
KLWX20141104-1,KLWX20141104_112745_V06,6,4.482,1.200,1081,0,24.361,7,0,16.288
KLWX20141104-4,KLWX20141104_113733_V06,0,0.483,1.200,493,0,10730.021,33,0,10623.613
KLWX20141104-4,KLWX20141104_113733_V06,2,1.494,1.200,494,0,0.421,0,0,0.421
KLWX20141104-4,KLWX20141104_113733_V06,4,2.505,1.200,248,0,0.423,0,0,0.423
KLWX20141104-4,KLWX20141104_113733_V06,5,3.516,1.200,247,0,0.422,0,0,0.422
KLWX20141104-6,KLWX20141104_113733_V06,0,0.483,1.200,737,0,28853.596,38,0,28121.244
KLWX20141104-6,KLWX20141104_113733_V06,2,1.494,1.200,742,0,25.315,1,0,17.904
KLWX20141105-1,KLWX20141105_113331_V06,0,0.483,1.200,349,0,2114.147,7,0,2089.567
KLWX20141105-1,KLWX20141105_113331_V06,2,1.494,1.200,348,0,13.497,4,0,3.811
KLWX20141105-1,KLWX20141105_113331_V06,4,2.505,1.200,176,0,2.308,2,0,1.526
KLWX20141105-1,KLWX20141105_113331_V06,5,3.516,1.200,175,0,0.165,0,0,0.165
KLWX20141105-1,KLWX20141105_113331_V06,6,4.482,1.200,177,0,18.557,11,0,3.146
KLWX20141105-1,KLWX20141105_114319_V06,0,0.483,1.200,2870,1,33531.287,156,0,20243.004
KLWX20141105-1,KLWX20141105_114319_V06,2,1.494,1.200,2876,0,65.953,44,0,25.100
KLWX20141105-1,KLWX20141105_114319_V06,4,2.505,1.200,1439,0,44.592,7,0,39.784
KLWX20141105-1,KLWX20141105_114319_V06,5,3.516,1.200,1439,0,22.454,4,0,18.037
KLWX20141105-1,KLWX20141105_114319_V06,6,4.482,1.200,1444,0,1045.993,174,0,169.672
KLWX20141105-3,KLWX20141105_114319_V06,0,0.483,1.200,11882,3,95046.456,832,3,92670.264
KLWX20141105-3,KLWX20141105_114319_V06,2,1.494,1.200,11883,0,230.320,897,0,196.070
KLWX20141105-3,KLWX20141105_114319_V06,4,2.505,1.200,5942,0,7.255,210,0,5.771
KLWX20141105-3,KLWX20141105_114319_V06,5,3.516,1.200,5951,0,15.511,184,0,11.982
KLWX20141105-3,KLWX20141105_114319_V06,6,4.482,1.200,5966,0,46.744,586,0,17.585
KLWX20141105-3,KLWX20141105_115306_V06,0,0.483,1.200,30892,15,274203.352,1390,14,267416.821
KLWX20141105-3,KLWX20141105_115306_V06,2,1.494,1.200,30908,0,3849.966,2641,0,3429.374
KLWX20141105-3,KLWX20141105_115306_V06,4,2.505,1.200,15466,0,190.928,1046,0,168.337
KLWX20141105-3,KLWX20141105_115306_V06,5,3.516,1.200,15475,0,92.526,1173,0,63.298
KLWX20141105-3,KLWX20141105_115306_V06,6,4.482,1.200,15494,0,80.548,1414,0,42.583
KLWX20141105-4,KLWX20141105_114319_V06,0,0.483,1.200,70,0,3294.476,0,0,3294.476
KLWX20141105-4,KLWX20141105_114319_V06,2,1.494,1.200,70,0,1.840,1,0,1.450
KLWX20141105-4,KLWX20141105_114319_V06,4,2.505,1.200,24,0,0.038,0,0,0.038
KLWX20141105-4,KLWX20141105_114319_V06,5,3.516,1.200,24,0,21.826,7,0,8.140
KLWX20141105-5,KLWX20141105_115306_V06,0,0.483,1.200,2478,0,8278.594,108,0,7415.603
KLWX20141105-5,KLWX20141105_115306_V06,2,1.494,1.200,2480,0,1.420,0,0,1.420
KLWX20141105-5,KLWX20141105_115306_V06,4,2.505,1.200,1245,0,1.429,0,0,1.429
KLWX20141105-5,KLWX20141105_115306_V06,5,3.516,1.200,1244,0,1.432,0,0,1.432
KLWX20141105-5,KLWX20141105_115306_V06,6,4.482,1.200,1245,0,1020.780,227,0,57.023
KLWX20141105-8,KLWX20141105_124201_V06,0,0.483,1.200,2525,0,274902.359,1743,0,12700.659
KLWX20141107-11,KLWX20141107_114039_V06,0,0.483,1.200,601,0,17249.747,45,0,16869.631
KLWX20141107-11,KLWX20141107_114039_V06,2,1.450,1.200,595,0,23.210,9,0,13.999
KLWX20141107-11,KLWX20141107_114039_V06,4,2.417,1.200,308,0,25.276,3,0,21.293
KLWX20141107-11,KLWX20141107_114039_V06,5,3.384,1.200,310,0,15.263,0,0,15.263
KLWX20141107-11,KLWX20141107_114039_V06,6,4.307,1.200,313,0,9.508,1,0,8.601
KLWX20141107-11,KLWX20141107_114538_V06,0,0.483,1.200,2105,0,22854.225,154,0,21964.558
KLWX20141107-11,KLWX20141107_114538_V06,2,1.450,1.200,2108,0,38.860,15,0,19.009
KLWX20141107-11,KLWX20141107_114538_V06,4,2.417,1.200,1052,0,27.404,0,0,27.404
KLWX20141107-11,KLWX20141107_114538_V06,5,3.384,1.200,1053,0,25.693,1,0,19.099
KLWX20141107-11,KLWX20141107_114538_V06,6,4.307,1.200,1057,0,19.812,0,0,19.812
KLWX20141107-11,KLWX20141107_115036_V06,0,0.483,1.200,4662,0,32971.610,448,0,29543.236
KLWX20141107-11,KLWX20141107_115036_V06,2,1.450,1.200,4667,0,508.149,117,0,144.926
KLWX20141107-11,KLWX20141107_115036_V06,4,2.417,1.200,2336,0,82.238,4,0,63.721
KLWX20141107-11,KLWX20141107_115036_V06,5,3.384,1.200,2334,0,26.637,0,0,26.637
KLWX20141107-11,KLWX20141107_115036_V06,6,4.307,1.200,2335,0,13.830,3,0,8.005
KLWX20141107-11,KLWX20141107_115535_V06,0,0.483,1.200,8256,0,27792.120,664,0,24370.390
KLWX20141107-11,KLWX20141107_115535_V06,2,1.450,1.200,8267,0,1115.091,136,0,87.898
KLWX20141107-11,KLWX20141107_115535_V06,4,2.417,1.200,4136,0,454.068,38,0,142.982
KLWX20141107-11,KLWX20141107_115535_V06,5,3.384,1.200,4139,0,93.261,3,0,81.795
KLWX20141107-11,KLWX20141107_115535_V06,6,4.307,1.200,4144,0,32.320,4,0,25.126
KLWX20141107-11,KLWX20141107_120033_V06,0,0.483,1.200,8718,0,32495.180,1488,0,15958.008
KLWX20141107-11,KLWX20141107_120033_V06,2,1.450,1.200,8715,0,43255.737,1794,0,733.893
KLWX20141107-11,KLWX20141107_120033_V06,4,2.417,1.200,4361,0,6497.969,345,0,1104.422
KLWX20141107-11,KLWX20141107_120033_V06,5,3.384,1.200,4367,0,19.489,2,0,16.826
KLWX20141107-7,KLWX20141107_111548_V06,0,0.483,1.200,2606,0,21123.555,538,0,1122.331
KLWX20141107-7,KLWX20141107_111548_V06,2,1.450,1.200,2610,0,2924.714,137,0,257.877
KLWX20141107-7,KLWX20141107_111548_V06,4,2.417,1.200,1302,0,5.422,0,0,5.422
KLWX20141107-7,KLWX20141107_112046_V06,0,0.483,1.200,4511,0,161230.458,1084,0,2470.645
KLWX20141107-7,KLWX20141107_112046_V06,2,1.450,1.200,4518,0,29284.309,570,0,1125.112
KLWX20141107-7,KLWX20141107_112046_V06,4,2.417,1.200,2260,0,9.272,0,0,9.272
KLWX20141107-7,KLWX20141107_112544_V06,0,0.483,1.200,3371,0,33749.176,713,0,3991.532
KLWX20141107-7,KLWX20141107_112544_V06,2,1.450,1.200,3375,0,4934.002,351,0,518.724
KLWX20141107-7,KLWX20141107_112544_V06,4,2.417,1.200,1690,0,5.637,0,0,5.637
KLWX20141107-2,KLWX20141107_105057_V06,0,0.483,1.200,3774,0,26855.661,183,0,2189.882
KLWX20141107-5,KLWX20141107_111049_V06,0,0.483,1.200,2920,0,8428.524,559,0,7064.300
KLWX20141107-5,KLWX20141107_111049_V06,2,1.450,1.200,2919,0,87.760,90,0,26.985
KLWX20141107-5,KLWX20141107_111049_V06,4,2.417,1.200,1468,0,4.749,2,0,2.346
KLWX20141107-5,KLWX20141107_111049_V06,5,3.384,1.200,1469,0,1.281,0,0,1.281
KLWX20141107-5,KLWX20141107_111049_V06,6,4.307,1.200,1467,0,1.282,0,0,1.282
KLWX20141107-5,KLWX20141107_111049_V06,7,6.021,1.200,1472,0,1.295,0,0,1.295
KLWX20141107-12,KLWX20141107_114538_V06,0,0.483,1.200,8349,0,60260.175,516,0,55284.042
KLWX20141107-12,KLWX20141107_114538_V06,2,1.450,1.200,8348,0,50.791,162,0,40.142
KLWX20141107-12,KLWX20141107_114538_V06,4,2.417,1.200,4179,0,2.067,1,0,2.028
KLWX20141107-12,KLWX20141107_114538_V06,5,3.384,1.200,4183,0,2.034,4,0,1.842
KLWX20141107-12,KLWX20141107_114538_V06,6,4.307,1.200,4185,0,1.885,0,0,1.885
KLWX20141107-12,KLWX20141107_114538_V06,7,6.021,1.200,4199,0,1.654,0,0,1.654
KLWX20141107-13,KLWX20141107_114538_V06,0,0.483,1.200,1711,0,12304.581,356,0,5352.377
KLWX20141107-13,KLWX20141107_114538_V06,2,1.450,1.200,1711,0,876.599,121,0,142.163
KLWX20141107-13,KLWX20141107_114538_V06,4,2.417,1.200,854,0,131.195,4,0,102.056
KLWX20141107-13,KLWX20141107_114538_V06,5,3.384,1.200,859,0,7.181,0,0,7.181
KLWX20141107-17,KLWX20141107_120033_V06,0,0.483,1.200,1809,0,5136.764,90,0,4661.458
KLWX20141107-17,KLWX20141107_120033_V06,2,1.450,1.200,1809,0,94.016,58,0,18.235
KLWX20141107-17,KLWX20141107_120033_V06,4,2.417,1.200,906,0,125.930,31,0,40.555
KLWX20141107-17,KLWX20141107_120033_V06,5,3.384,1.200,904,0,18.114,1,0,15.776
KLWX20141107-17,KLWX20141107_120033_V06,6,4.307,1.200,904,0,23.398,7,0,8.811
KLWX20141107-22,KLWX20141107_121526_V06,0,0.483,1.200,2754,0,46873.134,737,0,3327.983
KLWX20141107-22,KLWX20141107_121526_V06,2,1.450,1.200,2762,0,94.734,5,0,27.904
KLWX20141107-23,KLWX20141107_121526_V06,0,0.483,1.200,2753,0,3829.713,179,0,540.346
KLWX20141107-23,KLWX20141107_121526_V06,2,1.450,1.200,2757,0,22162.981,670,0,1933.045
KLWX20141107-27,KLWX20141107_123021_V06,0,0.483,1.200,6737,0,45490.145,1267,0,5214.276
KLWX20141107-27,KLWX20141107_123021_V06,2,1.450,1.200,6743,0,35361.318,2585,0,3883.542
KLWX20141107-27,KLWX20141107_123021_V06,4,2.417,1.200,3372,0,142.280,3,0,125.924
KLWX20141107-30,KLWX20141107_125513_V06,0,0.483,1.200,5797,0,7489.834,306,0,831.926
KLWX20141107-30,KLWX20141107_125513_V06,2,1.450,1.200,5803,0,226.229,31,0,27.274
KLWX20141107-30,KLWX20141107_125513_V06,4,2.417,1.200,2902,0,10.433,0,0,10.433
KLWX20141108-2,KLWX20141108_112213_V06,0,0.483,1.200,1107,0,44129.430,192,0,43520.701
KLWX20141108-2,KLWX20141108_112213_V06,2,1.494,1.200,1106,0,428.044,229,0,226.852
KLWX20141108-2,KLWX20141108_112213_V06,4,2.505,1.200,556,0,0.368,0,0,0.368
KLWX20141108-2,KLWX20141108_112213_V06,5,3.516,1.200,556,0,0.874,0,0,0.874
KLWX20141108-2,KLWX20141108_112213_V06,6,4.482,1.200,555,0,1.207,0,0,1.207
KLWX20141108-2,KLWX20141108_113201_V06,0,0.483,1.200,3847,0,626444.740,315,0,625057.786
KLWX20141108-2,KLWX20141108_113201_V06,2,1.494,1.200,3853,0,4408.101,192,0,4162.216
KLWX20141108-2,KLWX20141108_113201_V06,4,2.505,1.200,1925,0,2.129,1,0,2.024
KLWX20141108-2,KLWX20141108_113201_V06,5,3.516,1.200,1927,0,1.536,1,0,1.338
KLWX20141108-2,KLWX20141108_113201_V06,6,4.482,1.200,1932,0,1.283,0,0,1.283
KLWX20141108-2,KLWX20141108_114150_V06,0,0.483,1.200,5308,0,255917.440,231,0,254391.658
KLWX20141108-2,KLWX20141108_114150_V06,2,1.494,1.200,5310,0,40309.652,144,0,38274.978
KLWX20141108-2,KLWX20141108_114150_V06,4,2.505,1.200,2676,0,6.118,1,0,5.861
KLWX20141108-2,KLWX20141108_114150_V06,5,3.516,1.200,2676,0,2.154,2,0,1.794
KLWX20141108-2,KLWX20141108_114150_V06,6,4.482,1.200,2681,0,1.802,0,0,1.802
KLWX20141108-2,KLWX20141108_115139_V06,0,0.483,1.200,11212,0,98050.748,985,0,94111.788
KLWX20141108-2,KLWX20141108_115139_V06,2,1.494,1.200,11210,0,9736.833,395,0,9172.053
KLWX20141108-2,KLWX20141108_115139_V06,4,2.505,1.200,5617,0,114.796,6,0,113.750
KLWX20141108-2,KLWX20141108_115139_V06,5,3.516,1.200,5626,0,7.934,4,0,7.056
KLWX20141108-2,KLWX20141108_115139_V06,6,4.482,1.200,5628,0,5.571,1,0,5.453
KLWX20141108-4,KLWX20141108_113201_V06,0,0.483,1.200,692,0,21768.073,11,0,21642.735
KLWX20141108-4,KLWX20141108_113201_V06,2,1.494,1.200,691,0,28.271,28,0,24.218
KLWX20141108-4,KLWX20141108_113201_V06,4,2.505,1.200,347,0,0.198,0,0,0.198
KLWX20141108-4,KLWX20141108_113201_V06,5,3.516,1.200,348,0,0.199,0,0,0.199
KLWX20141108-4,KLWX20141108_113201_V06,6,4.482,1.200,351,0,0.201,0,0,0.201
KLWX20141108-4,KLWX20141108_114150_V06,0,0.483,1.200,5658,0,138036.087,55,0,136790.812
KLWX20141108-4,KLWX20141108_114150_V06,2,1.494,1.200,5661,0,271.386,216,0,210.803
KLWX20141108-4,KLWX20141108_114150_V06,4,2.505,1.200,2835,0,10.999,14,0,8.838
KLWX20141108-4,KLWX20141108_114150_V06,5,3.516,1.200,2837,0,6.115,13,0,5.453
KLWX20141108-4,KLWX20141108_114150_V06,6,4.482,1.200,2835,0,4.065,4,0,3.858
KLWX20141108-5,KLWX20141108_114150_V06,0,0.483,1.200,2792,0,48346.819,78,0,47076.627
KLWX20141108-5,KLWX20141108_114150_V06,2,1.494,1.200,2793,0,4.025,0,0,4.025
KLWX20141108-5,KLWX20141108_114150_V06,4,2.505,1.200,1398,0,2.407,0,0,2.407
KLWX20141108-5,KLWX20141108_114150_V06,5,3.516,1.200,1400,0,2.415,0,0,2.415
KLWX20141108-5,KLWX20141108_115139_V06,0,0.483,1.200,8104,0,53174.237,416,0,50263.779
KLWX20141108-5,KLWX20141108_115139_V06,2,1.494,1.200,8106,0,16.945,7,0,7.812
KLWX20141108-5,KLWX20141108_115139_V06,4,2.505,1.200,4056,0,22.662,0,0,22.662
KLWX20141108-5,KLWX20141108_115139_V06,5,3.516,1.200,4059,0,7.144,0,0,7.144
KLWX20141108-6,KLWX20141108_114150_V06,0,0.483,1.200,348,0,7881.174,7,0,7821.663
KLWX20141108-6,KLWX20141108_114150_V06,2,1.494,1.200,347,0,0.791,0,0,0.791
KLWX20141108-6,KLWX20141108_115139_V06,0,0.483,1.200,2184,0,8355.239,55,0,7408.060
KLWX20141108-6,KLWX20141108_115139_V06,2,1.494,1.200,2183,0,4.824,0,0,4.824
KLWX20141108-1,KLWX20141108_110234_V06,0,0.483,1.200,3225,0,29958.751,276,0,28556.214
KLWX20141108-1,KLWX20141108_110234_V06,2,1.494,1.200,3227,0,15.751,6,0,10.278
KLWX20141108-1,KLWX20141108_110234_V06,4,2.505,1.200,1612,0,3.131,0,0,3.131
KLWX20141108-1,KLWX20141108_110234_V06,5,3.516,1.200,1615,0,3.145,0,0,3.145
KLWX20141109-8,KLWX20141109_114116_V06,0,0.483,1.200,2250,0,8766.888,99,0,8474.651
KLWX20141109-8,KLWX20141109_114116_V06,2,1.494,1.200,2253,0,2.074,0,0,2.074
KLWX20141109-8,KLWX20141109_114116_V06,4,2.505,1.200,1129,0,2.082,0,0,2.082
KLWX20141109-8,KLWX20141109_114116_V06,5,3.516,1.200,1127,0,2.083,0,0,2.083
KLWX20141109-8,KLWX20141109_115105_V06,0,0.483,1.200,6120,0,53072.649,270,0,50831.977
KLWX20141109-8,KLWX20141109_115105_V06,2,1.494,1.200,6128,0,7.219,1,0,6.511
KLWX20141109-8,KLWX20141109_115105_V06,4,2.505,1.200,3062,0,5.813,0,0,5.813
KLWX20141109-8,KLWX20141109_115105_V06,5,3.516,1.200,3068,0,5.838,0,0,5.838
KLWX20141109-8,KLWX20141109_120054_V06,0,0.483,1.200,7497,0,64379.272,215,0,60606.759
KLWX20141109-8,KLWX20141109_120054_V06,2,1.494,1.200,7504,0,7.224,0,0,7.224
KLWX20141109-8,KLWX20141109_120054_V06,4,2.505,1.200,3756,0,7.239,0,0,7.239
KLWX20141109-8,KLWX20141109_120054_V06,5,3.516,1.200,3757,0,7.261,0,0,7.261
KLWX20141109-8,KLWX20141109_121043_V06,0,0.483,1.200,15052,0,65069.670,379,0,60249.071
KLWX20141109-8,KLWX20141109_121043_V06,2,1.494,1.200,15064,0,15.759,2,0,15.139
KLWX20141109-8,KLWX20141109_121043_V06,4,2.505,1.200,7542,0,15.178,0,0,15.178
KLWX20141109-8,KLWX20141109_121043_V06,5,3.516,1.200,7541,0,15.209,0,0,15.209
KLWX20141109-8,KLWX20141109_122032_V06,0,0.483,1.200,28448,0,75346.479,850,0,70384.556
KLWX20141109-8,KLWX20141109_122032_V06,2,1.494,1.200,28465,0,36.595,3,0,35.843
KLWX20141109-8,KLWX20141109_122032_V06,4,2.505,1.200,14246,0,31.028,0,0,31.028
KLWX20141109-8,KLWX20141109_122032_V06,5,3.516,1.200,14261,0,31.130,0,0,31.130
KLWX20141109-5,KLWX20141109_113128_V06,0,0.483,1.200,1321,0,88101.400,159,0,87423.653
KLWX20141109-5,KLWX20141109_113128_V06,2,1.494,1.200,1321,0,33.550,31,0,25.823
KLWX20141109-5,KLWX20141109_113128_V06,4,2.505,1.200,662,0,0.583,0,0,0.583
KLWX20141109-5,KLWX20141109_113128_V06,5,3.516,1.200,662,0,0.420,0,0,0.420
KLWX20141109-5,KLWX20141109_113128_V06,6,4.482,1.200,659,0,0.420,0,0,0.420
KLWX20141109-5,KLWX20141109_114116_V06,0,0.483,1.200,4472,0,216612.441,187,0,215102.825
KLWX20141109-5,KLWX20141109_114116_V06,2,1.494,1.200,4472,0,31.132,66,0,24.066
KLWX20141109-5,KLWX20141109_114116_V06,4,2.505,1.200,2239,0,2.110,0,0,2.110
KLWX20141109-5,KLWX20141109_114116_V06,5,3.516,1.200,2239,0,2.116,2,0,1.845
KLWX20141109-5,KLWX20141109_114116_V06,6,4.482,1.200,2245,0,1.654,0,0,1.654
KLWX20141109-5,KLWX20141109_115105_V06,0,0.483,1.200,6748,0,52194.931,402,0,48574.763
KLWX20141109-5,KLWX20141109_115105_V06,2,1.494,1.200,6753,0,17.927,52,0,12.522
KLWX20141109-5,KLWX20141109_115105_V06,4,2.505,1.200,3367,0,4.515,0,0,4.515
KLWX20141109-5,KLWX20141109_115105_V06,5,3.516,1.200,3381,0,2.965,0,0,2.965
KLWX20141109-5,KLWX20141109_115105_V06,6,4.482,1.200,3387,0,2.694,0,0,2.694
KLWX20141109-2,KLWX20141109_111149_V06,0,0.483,1.200,1190,0,10443.730,120,0,10116.851
KLWX20141109-2,KLWX20141109_111149_V06,2,1.494,1.200,1188,0,2.460,2,0,1.028
KLWX20141109-2,KLWX20141109_111149_V06,4,2.505,1.200,595,0,1.032,0,0,1.032
KLWX20141109-2,KLWX20141109_111149_V06,5,3.516,1.200,598,0,1.040,0,0,1.040
KLWX20141109-2,KLWX20141109_112139_V06,0,0.483,1.200,6078,0,10375.952,577,0,8534.100
KLWX20141109-2,KLWX20141109_112139_V06,2,1.494,1.200,6077,0,13.166,14,0,7.693
KLWX20141109-2,KLWX20141109_112139_V06,4,2.505,1.200,3041,0,5.498,0,0,5.498
KLWX20141109-2,KLWX20141109_112139_V06,5,3.516,1.200,3039,0,5.500,0,0,5.500
KLWX20141109-1,KLWX20141109_110159_V06,0,0.483,1.200,1067,0,6260.393,95,0,5754.851
KLWX20141109-1,KLWX20141109_110159_V06,2,1.494,1.200,1068,0,0.998,0,0,0.998
KLWX20141109-1,KLWX20141109_110159_V06,4,2.505,1.200,535,0,1.002,0,0,1.002
KLWX20141109-1,KLWX20141109_110159_V06,5,3.516,1.200,534,0,1.002,0,0,1.002
KLWX20141109-7,KLWX20141109_113128_V06,0,0.483,1.200,1068,0,10094.281,130,0,9497.741
KLWX20141109-7,KLWX20141109_113128_V06,2,1.494,1.200,1066,0,8.890,11,0,6.012
KLWX20141109-7,KLWX20141109_113128_V06,4,2.505,1.200,555,0,2.822,5,0,1.275
KLWX20141109-7,KLWX20141109_113128_V06,5,3.516,1.200,556,0,0.933,0,0,0.933
KLWX20141109-7,KLWX20141109_113128_V06,6,4.482,1.200,557,0,0.468,0,0,0.468
KLWX20141109-10,KLWX20141109_124011_V06,0,0.483,1.200,1979,0,22300.532,85,0,19814.186
KLWX20141109-10,KLWX20141109_124011_V06,2,1.494,1.200,1978,0,4.174,0,0,4.174
KLWX20141110-2,KLWX20141110_112921_V06,0,0.483,1.200,517,0,29036.817,6,0,29026.861
KLWX20141110-2,KLWX20141110_112921_V06,2,1.494,1.200,517,0,74.391,33,0,41.616
KLWX20141110-2,KLWX20141110_112921_V06,4,2.505,1.200,261,0,0.194,0,0,0.194
KLWX20141110-2,KLWX20141110_112921_V06,5,3.516,1.200,257,0,0.191,0,0,0.191
KLWX20141110-2,KLWX20141110_112921_V06,6,4.482,1.200,258,0,0.192,0,0,0.192
KLWX20141110-2,KLWX20141110_113908_V06,0,0.483,1.200,3829,0,208210.303,123,0,206675.789
KLWX20141110-2,KLWX20141110_113908_V06,2,1.494,1.200,3826,0,101.463,151,0,48.574
KLWX20141110-2,KLWX20141110_113908_V06,4,2.505,1.200,1918,0,5.430,2,0,4.949
KLWX20141110-2,KLWX20141110_113908_V06,5,3.516,1.200,1917,0,2.470,0,0,2.470
KLWX20141110-2,KLWX20141110_113908_V06,6,4.482,1.200,1925,0,4.080,4,0,2.421
KLWX20141110-2,KLWX20141110_114857_V06,0,0.483,1.200,8371,0,92011.052,516,0,90352.586
KLWX20141110-2,KLWX20141110_114857_V06,2,1.494,1.200,8374,0,89.639,134,0,35.115
KLWX20141110-2,KLWX20141110_114857_V06,4,2.505,1.200,4196,0,17.314,11,0,15.154
KLWX20141110-2,KLWX20141110_114857_V06,5,3.516,1.200,4207,0,9.604,8,0,8.310
KLWX20141110-2,KLWX20141110_114857_V06,6,4.482,1.200,4212,0,5.968,4,0,4.320
KLWX20141110-1,KLWX20141110_105954_V06,0,0.483,1.200,2319,0,16153.519,270,0,15171.232
KLWX20141110-1,KLWX20141110_105954_V06,2,1.494,1.200,2322,0,147.875,44,0,95.268
KLWX20141110-1,KLWX20141110_105954_V06,4,2.505,1.200,1168,0,2.324,0,0,2.324
KLWX20141110-1,KLWX20141110_105954_V06,5,3.516,1.200,1169,0,2.331,0,0,2.331
KLWX20141110-4,KLWX20141110_113908_V06,0,0.483,1.200,1230,0,17548.438,17,0,17377.729
KLWX20141110-4,KLWX20141110_113908_V06,2,1.494,1.200,1230,0,9.633,27,0,6.094
KLWX20141110-4,KLWX20141110_113908_V06,4,2.505,1.200,622,0,1.046,0,0,1.046
KLWX20141110-4,KLWX20141110_113908_V06,5,3.516,1.200,623,0,0.254,0,0,0.254
KLWX20141110-4,KLWX20141110_113908_V06,6,4.482,1.200,624,0,0.165,0,0,0.165
KLWX20141110-6,KLWX20141110_120835_V06,0,0.483,1.200,3405,0,23499.215,99,0,22003.529
KLWX20141110-6,KLWX20141110_120835_V06,2,1.494,1.200,3408,0,5.872,0,0,5.872
KLWX20141110-6,KLWX20141110_120835_V06,4,2.505,1.200,1656,0,5.721,0,0,5.721
KLWX20141111-1,KLWX20141111_113635_V06,0,0.483,1.200,1773,0,69266.758,61,0,68642.645
KLWX20141111-1,KLWX20141111_113635_V06,2,1.494,1.200,1775,0,24.175,113,0,10.730
KLWX20141111-1,KLWX20141111_113635_V06,4,2.505,1.200,890,0,1.446,0,0,1.446
KLWX20141111-1,KLWX20141111_113635_V06,5,3.516,1.200,891,0,1.240,0,0,1.240
KLWX20141111-1,KLWX20141111_113635_V06,6,4.482,1.200,892,0,1.174,0,0,1.174
KLWX20141111-1,KLWX20141111_114623_V06,0,0.483,1.200,6188,0,86620.798,194,0,85357.924
KLWX20141111-1,KLWX20141111_114623_V06,2,1.494,1.200,6186,0,72.054,450,0,35.971
KLWX20141111-1,KLWX20141111_114623_V06,4,2.505,1.200,3097,0,7.068,1,0,6.882
KLWX20141111-1,KLWX20141111_114623_V06,5,3.516,1.200,3096,0,3.408,0,0,3.408
KLWX20141111-1,KLWX20141111_114623_V06,6,4.482,1.200,3099,0,3.300,0,0,3.300
KLWX20141112-1,KLWX20141112_115154_V06,0,0.483,1.200,111,0,9836.535,0,0,9836.535
KLWX20141112-1,KLWX20141112_115154_V06,2,1.494,1.200,110,0,0.098,0,0,0.098
KLWX20141112-1,KLWX20141112_115154_V06,4,2.505,1.200,54,0,0.096,0,0,0.096
KLWX20141112-1,KLWX20141112_115154_V06,5,3.516,1.200,54,0,0.096,0,0,0.096
KLWX20141112-3,KLWX20141112_125037_V06,0,0.483,1.200,912,0,4970.191,57,0,4613.688
KLWX20141112-3,KLWX20141112_125037_V06,2,1.494,1.200,914,0,118.824,18,0,86.631
KLWX20141112-3,KLWX20141112_125037_V06,4,2.505,1.200,458,0,1.167,0,0,1.167
KLWX20141117-2,KLWX20141117_110522_V06,0,0.483,1.200,1050,0,27470.144,317,0,3940.567
KLWX20141119-5,KLWX20141119_114753_V06,0,0.483,1.200,713,0,58946.293,11,0,58909.413
KLWX20141119-5,KLWX20141119_114753_V06,2,1.494,1.200,714,0,6.316,13,0,5.549
KLWX20141119-5,KLWX20141119_114753_V06,4,2.505,1.200,357,0,0.216,0,0,0.216
KLWX20141119-5,KLWX20141119_114753_V06,5,3.516,1.200,355,0,0.215,0,0,0.215
KLWX20141119-5,KLWX20141119_114753_V06,6,4.482,1.200,357,0,0.217,0,0,0.217
KLWX20141119-5,KLWX20141119_115743_V06,0,0.483,1.200,5929,0,1243.028,170,0,1189.705
KLWX20141119-5,KLWX20141119_115743_V06,2,1.494,1.200,5928,0,3.816,7,0,3.294
KLWX20141119-5,KLWX20141119_115743_V06,4,2.505,1.200,2966,0,1.822,0,0,1.822
KLWX20141119-5,KLWX20141119_115743_V06,5,3.516,1.200,2969,0,1.829,0,0,1.829
KLWX20141119-5,KLWX20141119_115743_V06,6,4.482,1.200,2971,0,1.833,0,0,1.833
KLWX20141119-1,KLWX20141119_112814_V06,0,0.483,1.200,78,0,5878.624,3,0,5779.796
KLWX20141119-1,KLWX20141119_112814_V06,2,1.494,1.200,77,0,0.082,0,0,0.082
KLWX20141119-1,KLWX20141119_112814_V06,4,2.505,1.200,37,0,0.079,0,0,0.079
KLWX20141119-1,KLWX20141119_112814_V06,5,3.516,1.200,39,0,0.083,0,0,0.083
KLWX20141119-7,KLWX20141119_114753_V06,0,0.483,1.200,828,0,2871.541,9,0,2856.737
KLWX20141119-7,KLWX20141119_114753_V06,2,1.494,1.200,831,0,0.707,0,0,0.707
KLWX20141119-7,KLWX20141119_114753_V06,4,2.505,1.200,413,0,0.704,0,0,0.704
KLWX20141119-7,KLWX20141119_114753_V06,5,3.516,1.200,417,0,0.713,0,0,0.713
KLWX20141119-8,KLWX20141119_114753_V06,0,0.483,1.200,106,0,13452.688,4,0,13442.612
KLWX20141119-8,KLWX20141119_114753_V06,2,1.494,1.200,107,0,4.332,0,0,4.332
KLWX20141119-8,KLWX20141119_114753_V06,4,2.505,1.200,60,0,8.274,0,0,8.274
KLWX20141119-8,KLWX20141119_114753_V06,5,3.516,1.200,59,0,17.739,0,0,17.739
KLWX20141119-8,KLWX20141119_114753_V06,6,4.482,1.200,56,0,0.076,0,0,0.076
KLWX20141120-1,KLWX20141120_115916_V06,0,0.483,1.200,142,0,14094.097,4,0,13991.752
KLWX20141120-1,KLWX20141120_115916_V06,2,1.494,1.200,144,0,11.535,1,0,1.317
KLWX20141120-1,KLWX20141120_115916_V06,4,2.505,1.200,89,0,11.297,5,0,7.337
KLWX20141120-1,KLWX20141120_115916_V06,5,3.516,1.200,83,0,16.022,5,0,7.647
KLWX20141120-1,KLWX20141120_115916_V06,6,4.482,1.200,82,0,3.771,1,0,1.722
KLWX20141121-1,KLWX20141121_112016_V06,0,0.483,1.200,658,0,7405.813,17,0,7028.827
KLWX20141121-1,KLWX20141121_112016_V06,2,1.494,1.200,658,0,0.610,0,0,0.610
KLWX20141121-1,KLWX20141121_112016_V06,4,2.505,1.200,328,0,0.610,0,0,0.610
KLWX20141121-1,KLWX20141121_112016_V06,5,3.516,1.200,328,0,0.611,0,0,0.611
KLWX20141121-2,KLWX20141121_113956_V06,0,0.483,1.200,390,0,103246.914,18,0,103238.381
KLWX20141121-2,KLWX20141121_113956_V06,2,1.494,1.200,391,0,21.488,15,0,18.030
KLWX20141121-2,KLWX20141121_113956_V06,4,2.505,1.200,195,0,0.135,0,0,0.135
KLWX20141121-2,KLWX20141121_113956_V06,5,3.516,1.200,197,0,0.137,0,0,0.137
KLWX20141121-2,KLWX20141121_113956_V06,6,4.482,1.200,197,0,0.138,0,0,0.138
KLWX20141122-1,KLWX20141122_114108_V06,0,0.483,1.200,369,0,26721.095,4,0,26720.148
KLWX20141122-1,KLWX20141122_114108_V06,2,1.494,1.200,367,0,10.606,5,0,10.070
KLWX20141122-1,KLWX20141122_114108_V06,4,2.505,1.200,186,0,0.136,0,0,0.136
KLWX20141122-1,KLWX20141122_114108_V06,5,3.516,1.200,183,0,0.134,0,0,0.134
KLWX20141122-1,KLWX20141122_114108_V06,6,4.482,1.200,186,0,0.136,0,0,0.136
KLWX20141122-1,KLWX20141122_115057_V06,0,0.483,1.200,5736,0,110625.396,166,0,105487.627
KLWX20141122-1,KLWX20141122_115057_V06,2,1.494,1.200,5744,0,8.597,28,0,5.214
KLWX20141122-1,KLWX20141122_115057_V06,4,2.505,1.200,2880,0,4.434,1,0,4.287
KLWX20141122-1,KLWX20141122_115057_V06,5,3.516,1.200,2880,0,3.046,1,0,2.809
KLWX20141122-1,KLWX20141122_115057_V06,6,4.482,1.200,2877,0,3.454,0,0,3.454
KLWX20141122-1,KLWX20141122_120047_V06,0,0.483,1.200,9927,0,45900.531,285,0,44729.620
KLWX20141122-1,KLWX20141122_120047_V06,2,1.494,1.200,9933,0,17.458,59,0,9.572
KLWX20141122-1,KLWX20141122_120047_V06,4,2.505,1.200,5006,0,12.798,3,0,12.239
KLWX20141122-1,KLWX20141122_120047_V06,5,3.516,1.200,5015,0,7.736,2,0,7.604
KLWX20141122-1,KLWX20141122_120047_V06,6,4.482,1.200,5021,0,4.019,0,0,4.019
KLWX20141122-2,KLWX20141122_115057_V06,0,0.483,1.200,1289,0,2467.576,36,0,2421.086
KLWX20141122-2,KLWX20141122_115057_V06,2,1.494,1.200,1290,0,1.041,0,0,1.041
KLWX20141122-2,KLWX20141122_115057_V06,4,2.505,1.200,646,0,1.045,0,0,1.045
KLWX20141122-2,KLWX20141122_115057_V06,5,3.516,1.200,647,0,1.049,0,0,1.049
KLWX20141123-1,KLWX20141123_115110_V06,0,0.483,1.200,2448,2,209675.835,91,2,209630.205
KLWX20141123-1,KLWX20141123_115110_V06,2,1.494,1.200,2447,0,39.072,160,0,33.931
KLWX20141123-1,KLWX20141123_115110_V06,4,2.505,1.200,1220,0,4.774,11,0,4.511
KLWX20141123-1,KLWX20141123_115110_V06,5,3.516,1.200,1219,0,0.871,1,0,0.798
KLWX20141123-1,KLWX20141123_115110_V06,6,4.482,1.200,1228,0,0.771,0,0,0.771
KLWX20141123-1,KLWX20141123_120100_V06,0,0.483,1.200,16602,0,216548.516,707,0,213227.229
KLWX20141123-1,KLWX20141123_120100_V06,2,1.494,1.200,16601,0,83.567,1173,0,43.438
KLWX20141123-1,KLWX20141123_120100_V06,4,2.505,1.200,8312,0,34.456,481,0,25.127
KLWX20141123-1,KLWX20141123_120100_V06,5,3.516,1.200,8323,0,22.986,513,0,16.979
KLWX20141123-1,KLWX20141123_120100_V06,6,4.482,1.200,8326,0,17.439,509,0,12.911
KLWX20141123-1,KLWX20141123_121048_V06,0,0.483,1.200,31710,2,163376.718,1395,1,157757.185
KLWX20141123-1,KLWX20141123_121048_V06,2,1.494,1.200,31728,0,217.968,2044,0,151.004
KLWX20141123-1,KLWX20141123_121048_V06,4,2.505,1.200,15865,0,84.017,969,0,64.505
KLWX20141123-1,KLWX20141123_121048_V06,5,3.516,1.200,15889,0,48.821,979,0,37.305
KLWX20141123-1,KLWX20141123_121048_V06,6,4.482,1.200,15899,0,31.831,1016,0,23.849
KLWX20141125-3,KLWX20141125_115444_V06,0,0.483,1.200,773,0,14133.334,45,0,13987.388
KLWX20141125-3,KLWX20141125_115444_V06,2,1.450,1.200,774,0,6.614,10,0,4.737
KLWX20141125-3,KLWX20141125_115444_V06,4,2.417,1.200,389,0,0.253,0,0,0.253
KLWX20141125-3,KLWX20141125_115444_V06,5,3.340,1.200,390,0,0.254,0,0,0.254
KLWX20141125-3,KLWX20141125_115444_V06,6,4.307,1.200,389,0,0.254,0,0,0.254
KLWX20141125-3,KLWX20141125_115444_V06,7,6.021,1.200,391,0,0.257,0,0,0.257
KLWX20141125-3,KLWX20141125_115943_V06,0,0.483,1.200,3290,0,22467.706,291,0,20916.629
KLWX20141125-3,KLWX20141125_115943_V06,2,1.450,1.200,3292,0,11.141,44,0,7.412
KLWX20141125-3,KLWX20141125_115943_V06,4,2.417,1.200,1643,0,1.101,0,0,1.101
KLWX20141125-3,KLWX20141125_115943_V06,5,3.340,1.200,1645,0,1.103,0,0,1.103
KLWX20141125-3,KLWX20141125_115943_V06,6,4.307,1.200,1648,0,1.108,0,0,1.108
KLWX20141125-3,KLWX20141125_115943_V06,7,6.021,1.200,1651,0,1.117,0,0,1.117
KLWX20141125-1,KLWX20141125_111502_V06,0,0.483,1.200,1745,0,8461.472,268,0,7613.687
KLWX20141125-1,KLWX20141125_111502_V06,2,1.450,1.200,1745,0,3.042,5,0,2.320
KLWX20141125-1,KLWX20141125_111502_V06,4,2.417,1.200,872,0,0.609,0,0,0.609
KLWX20141125-1,KLWX20141125_111502_V06,5,3.340,1.200,873,0,0.610,0,0,0.610
KLWX20141125-1,KLWX20141125_111502_V06,6,4.307,1.200,873,0,0.611,0,0,0.611
KLWX20141125-1,KLWX20141125_111502_V06,7,6.021,1.200,875,0,0.617,0,0,0.617
KLWX20141125-1,KLWX20141125_112000_V06,0,0.483,1.200,5437,0,11522.165,1056,0,9388.239
KLWX20141125-1,KLWX20141125_112000_V06,2,1.450,1.200,5438,0,38.558,70,0,22.019
KLWX20141125-1,KLWX20141125_112000_V06,4,2.417,1.200,2716,0,1.896,0,0,1.896
KLWX20141125-1,KLWX20141125_112000_V06,5,3.340,1.200,2720,0,1.902,0,0,1.902
KLWX20141125-1,KLWX20141125_112000_V06,6,4.307,1.200,2718,0,2.540,0,0,2.540
KLWX20141125-1,KLWX20141125_112000_V06,7,6.021,1.200,2732,0,1.926,0,0,1.926
KLWX20141125-1,KLWX20141125_112458_V06,0,0.483,1.200,4421,0,10699.366,1099,0,8499.543
KLWX20141125-1,KLWX20141125_112458_V06,2,1.450,1.200,4426,0,28.008,107,0,12.567
KLWX20141125-1,KLWX20141125_112458_V06,4,2.417,1.200,2219,0,2.882,1,0,2.704
KLWX20141125-1,KLWX20141125_112458_V06,5,3.340,1.200,2213,0,1.841,0,0,1.841
KLWX20141125-1,KLWX20141125_112458_V06,6,4.307,1.200,2216,0,1.422,0,0,1.422
KLWX20141125-1,KLWX20141125_112458_V06,7,6.021,1.200,2225,0,1.085,0,0,1.085
KLWX20141126-5,KLWX20141126_124301_V06,0,0.483,1.200,5670,0,9092321.069,5621,0,13732.441
KLWX20141127-9,KLWX20141127_131501_V06,0,0.483,1.200,1529,0,17386.708,273,0,547.217
KLWX20141127-9,KLWX20141127_131501_V06,2,1.450,1.200,1530,0,4.029,0,0,4.029
KLWX20141127-10,KLWX20141127_131501_V06,0,0.483,1.200,1350,0,17578.745,515,0,955.527
KLWX20141127-10,KLWX20141127_131501_V06,2,1.450,1.200,1350,0,8785.797,265,0,93.683
KLWX20141127-10,KLWX20141127_131501_V06,4,2.417,1.200,676,0,513.420,85,0,22.143
KLWX20141127-10,KLWX20141127_131501_V06,5,3.384,1.200,676,0,32.843,7,0,17.051
KLWX20141128-8,KLWX20141128_120032_V06,0,0.483,1.200,9013,0,17121.962,842,0,15131.479
KLWX20141128-8,KLWX20141128_120032_V06,2,1.450,1.200,9018,0,15.332,165,0,9.350
KLWX20141128-8,KLWX20141128_120032_V06,4,2.417,1.200,4510,0,3.424,16,0,2.914
KLWX20141128-8,KLWX20141128_120032_V06,5,3.384,1.200,4515,0,14.474,141,0,7.326
KLWX20141128-8,KLWX20141128_120032_V06,6,4.307,1.200,4521,0,15.073,130,0,5.734
KLWX20141128-8,KLWX20141128_120032_V06,7,6.021,1.200,4528,0,1.745,8,0,1.674
KLWX20141128-8,KLWX20141128_120032_V06,8,9.888,1.200,4576,0,1.486,0,0,1.486
KLWX20141129-3,KLWX20141129_115747_V06,0,0.483,1.200,178,0,13266.924,1,0,13265.092
KLWX20141129-3,KLWX20141129_115747_V06,2,1.450,1.200,177,0,1.531,4,0,1.216
KLWX20141129-3,KLWX20141129_115747_V06,4,2.417,1.200,89,0,0.046,0,0,0.046
KLWX20141129-3,KLWX20141129_115747_V06,5,3.384,1.200,90,0,0.047,0,0,0.047
KLWX20141129-3,KLWX20141129_115747_V06,6,4.307,1.200,89,0,2.559,2,0,1.873
KLWX20141129-3,KLWX20141129_115747_V06,7,6.021,1.200,88,0,54.677,51,0,5.670
KLWX20141129-3,KLWX20141129_120247_V06,0,0.483,1.200,2386,0,11760.263,193,0,10953.715
KLWX20141129-3,KLWX20141129_120247_V06,2,1.450,1.200,2390,0,1.051,3,0,0.834
KLWX20141129-3,KLWX20141129_120247_V06,4,2.417,1.200,1197,0,0.634,0,0,0.634
KLWX20141129-3,KLWX20141129_120247_V06,5,3.384,1.200,1196,0,0.635,0,0,0.635
KLWX20141129-3,KLWX20141129_120247_V06,6,4.307,1.200,1194,0,251.603,218,0,86.297
KLWX20141129-3,KLWX20141129_120247_V06,7,6.021,1.200,1203,0,3210.873,699,0,95.741
KLWX20141129-3,KLWX20141129_120747_V06,0,0.483,1.200,10038,0,26014.039,804,0,22807.446
KLWX20141129-3,KLWX20141129_120747_V06,2,1.450,1.200,10043,0,7.533,49,0,5.694
KLWX20141129-3,KLWX20141129_120747_V06,4,2.417,1.200,5029,0,12.366,2,0,9.649
KLWX20141129-3,KLWX20141129_120747_V06,5,3.384,1.200,5035,0,708.358,400,0,125.367
KLWX20141129-3,KLWX20141129_120747_V06,6,4.307,1.200,5032,0,5691.839,1592,0,337.311
KLWX20141129-3,KLWX20141129_120747_V06,7,6.021,1.200,5050,0,9089.741,2399,0,144.128
KLWX20141129-4,KLWX20141129_120247_V06,0,0.483,1.200,1340,0,19602.415,73,0,18994.920
KLWX20141129-4,KLWX20141129_120247_V06,2,1.450,1.200,1339,0,2.609,24,0,2.152
KLWX20141129-4,KLWX20141129_120247_V06,4,2.417,1.200,670,0,0.202,0,0,0.202
KLWX20141129-4,KLWX20141129_120247_V06,5,3.384,1.200,667,0,0.201,0,0,0.201
KLWX20141129-4,KLWX20141129_120247_V06,6,4.307,1.200,670,0,0.203,0,0,0.203
KLWX20141129-4,KLWX20141129_120247_V06,7,6.021,1.200,669,0,0.204,0,0,0.204
KLWX20141129-4,KLWX20141129_120247_V06,8,9.888,1.200,678,0,45.561,131,0,5.587
KLWX20141129-4,KLWX20141129_120747_V06,0,0.483,1.200,5992,0,20700.581,522,0,18990.151
KLWX20141129-4,KLWX20141129_120747_V06,2,1.450,1.200,5997,0,9.293,79,0,5.658
KLWX20141129-4,KLWX20141129_120747_V06,4,2.417,1.200,2999,0,3.361,6,0,2.991
KLWX20141129-4,KLWX20141129_120747_V06,5,3.384,1.200,3002,0,2.084,2,0,1.755
KLWX20141129-4,KLWX20141129_120747_V06,6,4.307,1.200,3007,0,1.014,0,0,1.014
KLWX20141129-4,KLWX20141129_120747_V06,7,6.021,1.200,3014,0,3.982,14,0,1.869
KLWX20141129-4,KLWX20141129_120747_V06,8,9.888,1.200,3037,0,297.348,541,0,19.157
KLWX20141129-1,KLWX20141129_110749_V06,0,0.483,1.200,90,0,1917.060,0,0,1917.060
KLWX20141129-1,KLWX20141129_110749_V06,2,1.450,1.200,87,0,0.037,0,0,0.037
KLWX20141129-1,KLWX20141129_110749_V06,4,2.417,1.200,48,0,0.041,0,0,0.041
KLWX20141129-1,KLWX20141129_110749_V06,5,3.384,1.200,48,0,0.041,0,0,0.041
KLWX20141129-1,KLWX20141129_110749_V06,6,4.307,1.200,50,0,4.451,0,0,4.451
KLWX20141129-1,KLWX20141129_110749_V06,7,6.021,1.200,48,0,36.915,14,0,25.505
KLWX20141129-2,KLWX20141129_115747_V06,0,0.483,1.200,828,0,1113.637,29,0,1050.436
KLWX20141129-2,KLWX20141129_115747_V06,2,1.450,1.200,831,0,0.615,0,0,0.615
KLWX20141129-2,KLWX20141129_115747_V06,4,2.417,1.200,417,0,1603.038,195,0,116.837
KLWX20141129-2,KLWX20141129_115747_V06,5,3.384,1.200,413,0,442.907,114,0,51.774
KLWX20141129-2,KLWX20141129_115747_V06,6,4.307,1.200,414,0,2.845,0,0,2.845
KLWX20141130-1,KLWX20141130_115224_V06,0,0.483,1.200,869,0,2722.518,62,0,2595.724
KLWX20141130-1,KLWX20141130_115224_V06,2,1.494,1.200,870,0,2.785,14,0,1.861
KLWX20141130-1,KLWX20141130_115224_V06,4,2.505,1.200,440,0,0.120,0,0,0.120
KLWX20141130-1,KLWX20141130_115224_V06,5,3.516,1.200,437,0,0.120,0,0,0.120
KLWX20141130-1,KLWX20141130_115224_V06,6,4.482,1.200,439,0,0.376,2,0,0.319
KLWX20141130-1,KLWX20141130_120214_V06,0,0.483,1.200,12224,0,14981.715,776,0,14036.929
KLWX20141130-1,KLWX20141130_120214_V06,2,1.494,1.200,12232,0,27.424,233,0,20.085
KLWX20141130-1,KLWX20141130_120214_V06,4,2.505,1.200,6121,0,6.761,15,0,6.299
KLWX20141130-1,KLWX20141130_120214_V06,5,3.516,1.200,6130,0,8.127,11,0,7.446
KLWX20141130-1,KLWX20141130_120214_V06,6,4.482,1.200,6138,0,9.657,67,0,7.350
KLWX20141130-1,KLWX20141130_121203_V06,0,0.483,1.200,12157,0,6923.487,796,0,6277.522
KLWX20141130-1,KLWX20141130_121203_V06,2,1.494,1.200,12162,0,12.368,148,0,7.990
KLWX20141130-1,KLWX20141130_121203_V06,4,2.505,1.200,6086,0,5.522,12,0,5.082
KLWX20141130-1,KLWX20141130_121203_V06,5,3.516,1.200,6097,0,6.426,9,0,5.992
KLWX20141130-1,KLWX20141130_121203_V06,6,4.482,1.200,6101,0,10.214,68,0,8.234
KLWX20141130-2,KLWX20141130_121203_V06,0,0.483,1.200,18344,0,126676.807,789,0,122401.211
KLWX20141130-2,KLWX20141130_121203_V06,2,1.494,1.200,18349,0,43.102,360,0,22.402
KLWX20141130-2,KLWX20141130_121203_V06,4,2.505,1.200,9183,0,15.669,36,0,14.380
KLWX20141130-2,KLWX20141130_121203_V06,5,3.516,1.200,9182,0,18.146,25,0,15.884
KLWX20141130-2,KLWX20141130_121203_V06,6,4.482,1.200,9195,0,20.205,32,0,17.738
KLWX20141130-2,KLWX20141130_122152_V06,0,0.483,1.200,39908,3,88445.308,2299,3,77701.051
KLWX20141130-2,KLWX20141130_122152_V06,2,1.494,1.200,39925,0,251.351,1147,0,169.296
KLWX20141130-2,KLWX20141130_122152_V06,4,2.505,1.200,19983,0,81.397,74,0,66.666
KLWX20141130-2,KLWX20141130_122152_V06,5,3.516,1.200,20001,0,33.102,66,0,31.192
KLWX20141130-2,KLWX20141130_122152_V06,6,4.482,1.200,20028,0,37.886,113,0,33.227
KLWX20141201-6,KLWX20141201_120931_V06,0,0.483,1.200,10568,0,79987.346,366,0,78134.114
KLWX20141201-6,KLWX20141201_120931_V06,2,1.494,1.200,10572,0,20.513,127,0,10.720
KLWX20141201-6,KLWX20141201_120931_V06,4,2.505,1.200,5290,0,12.292,13,0,10.701
KLWX20141201-6,KLWX20141201_120931_V06,5,3.516,1.200,5292,0,5.063,5,0,4.465
KLWX20141201-6,KLWX20141201_120931_V06,6,4.482,1.200,5302,0,4.660,1,0,4.623
KLWX20141201-6,KLWX20141201_121918_V06,0,0.483,1.200,26957,0,108345.245,1379,0,105215.573
KLWX20141201-6,KLWX20141201_121918_V06,2,1.494,1.200,26971,0,78.494,415,0,54.994
KLWX20141201-6,KLWX20141201_121918_V06,4,2.505,1.200,13493,0,24.308,29,0,21.385
KLWX20141201-6,KLWX20141201_121918_V06,5,3.516,1.200,13515,0,21.244,28,0,19.954
KLWX20141201-6,KLWX20141201_121918_V06,6,4.482,1.200,13529,0,24.172,34,0,21.051
KLWX20141201-7,KLWX20141201_121918_V06,0,0.483,1.200,1090,0,20200.095,147,0,1652.618
KLWX20141201-7,KLWX20141201_122904_V06,0,0.483,1.200,3094,0,20222.879,175,0,1452.297
KLWX20141201-1,KLWX20141201_112036_V06,0,0.483,1.200,262,0,348.277,15,0,332.474
KLWX20141201-1,KLWX20141201_112036_V06,2,1.494,1.200,263,0,2.655,1,0,2.274
KLWX20141201-1,KLWX20141201_112036_V06,4,2.505,1.200,135,0,0.186,0,0,0.186
KLWX20141201-1,KLWX20141201_112036_V06,5,3.516,1.200,135,0,0.187,0,0,0.187
KLWX20141201-1,KLWX20141201_112036_V06,6,4.482,1.200,136,0,0.189,0,0,0.189
KLWX20141201-2,KLWX20141201_114010_V06,0,0.483,1.200,71,0,947.396,29,0,132.181
KLWX20141201-2,KLWX20141201_114010_V06,2,1.494,1.200,71,0,0.249,0,0,0.249
KLWX20141201-10,KLWX20141201_131801_V06,0,0.483,1.200,5435,0,37581.937,1180,0,2813.962
KLWX20141201-10,KLWX20141201_131801_V06,2,1.494,1.200,5447,0,227.662,36,0,60.037
KLWX20141203-3,KLWX20141203_115120_V06,0,0.483,1.200,11350,0,13956.460,160,0,1355.989
KLWX20141203-3,KLWX20141203_115120_V06,2,1.450,1.200,11361,0,44.004,0,0,44.004
KLWX20141203-3,KLWX20141203_115620_V06,0,0.483,1.200,15205,0,40350.488,333,0,5824.193
KLWX20141203-3,KLWX20141203_115620_V06,2,1.450,1.200,15205,0,58.019,0,0,58.019
KLWX20141203-3,KLWX20141203_120120_V06,0,0.483,1.200,16910,0,68563.675,499,0,5692.348
KLWX20141203-3,KLWX20141203_120120_V06,2,1.450,1.200,16919,0,61.031,0,0,61.031
KLWX20141203-3,KLWX20141203_120620_V06,0,0.483,1.200,15957,0,57908.809,454,0,4713.731
KLWX20141203-3,KLWX20141203_120620_V06,2,1.450,1.200,15963,0,77.998,2,0,56.433
KLWX20141203-8,KLWX20141203_130115_V06,0,0.483,1.200,5458,0,85432.418,785,0,12246.334
KLWX20141203-8,KLWX20141203_130115_V06,2,1.450,1.200,5464,0,585.961,22,0,168.143
KLWX20141203-8,KLWX20141203_130616_V06,0,0.483,1.200,7772,0,144519.946,1042,0,23137.550
KLWX20141203-8,KLWX20141203_130616_V06,2,1.450,1.200,7775,0,952.203,47,0,197.160
KLWX20141203-6,KLWX20141203_120620_V06,0,0.483,1.200,861,0,784.408,72,0,728.588
KLWX20141203-6,KLWX20141203_120620_V06,2,1.450,1.200,862,0,0.808,5,0,0.269
KLWX20141203-6,KLWX20141203_120620_V06,4,2.417,1.200,431,0,0.113,0,0,0.113
KLWX20141203-6,KLWX20141203_120620_V06,5,3.384,1.200,434,0,0.114,0,0,0.114
KLWX20141203-6,KLWX20141203_120620_V06,6,4.307,1.200,438,0,0.115,0,0,0.115
KLWX20141203-6,KLWX20141203_120620_V06,7,6.021,1.200,437,0,0.115,0,0,0.115
KLWX20141203-6,KLWX20141203_120620_V06,8,9.888,1.200,439,0,0.118,0,0,0.118
KLWX20141204-1,KLWX20141204_120503_V06,0,0.483,1.200,418,0,24283.435,33,0,24130.305
KLWX20141204-1,KLWX20141204_120503_V06,2,1.494,1.200,416,0,8.010,1,0,7.933
KLWX20141204-1,KLWX20141204_120503_V06,4,2.505,1.200,209,0,0.138,0,0,0.138
KLWX20141204-1,KLWX20141204_120503_V06,5,3.516,1.200,208,0,0.138,0,0,0.138
KLWX20141204-1,KLWX20141204_120503_V06,6,4.482,1.200,213,0,0.142,0,0,0.142
KLWX20141204-2,KLWX20141204_121452_V06,0,0.483,1.200,5930,2,46258.142,380,2,45327.267
KLWX20141204-2,KLWX20141204_121452_V06,2,1.494,1.200,5933,0,222.217,61,0,77.380
KLWX20141204-2,KLWX20141204_121452_V06,4,2.505,1.200,2961,0,42.392,10,0,36.783
KLWX20141204-2,KLWX20141204_121452_V06,5,3.516,1.200,2970,0,8.074,3,0,7.285
KLWX20141204-2,KLWX20141204_121452_V06,6,4.482,1.200,2971,0,9.836,3,0,9.002
KLWX20141205-9,KLWX20141205_132939_V06,0,0.483,1.200,9411,0,17692.003,1887,0,2919.960
KLWX20141205-9,KLWX20141205_132939_V06,2,1.450,1.200,9418,0,8102.540,1095,0,766.878
KLWX20141205-9,KLWX20141205_132939_V06,4,2.417,1.200,4704,0,376.402,36,0,234.393
KLWX20141205-9,KLWX20141205_132939_V06,5,3.384,1.200,4709,0,30.643,0,0,30.643
KLWX20141205-9,KLWX20141205_133440_V06,0,0.483,1.200,12939,0,26955.295,2328,0,2904.455
KLWX20141205-9,KLWX20141205_133440_V06,2,1.450,1.200,12952,0,19517.493,1653,0,2180.419
KLWX20141205-9,KLWX20141205_133440_V06,4,2.417,1.200,6489,0,1685.358,130,0,403.625
KLWX20141205-9,KLWX20141205_133440_V06,5,3.384,1.200,6484,0,87.636,18,0,50.325
KLWX20141205-10,KLWX20141205_133440_V06,0,0.483,1.200,18369,0,5452546.578,5746,0,914744.045
KLWX20141205-10,KLWX20141205_133440_V06,2,1.450,1.200,18389,0,683249.703,6484,0,33528.392
KLWX20141206-1,KLWX20141206_112126_V06,0,0.483,1.200,21913,0,829764.495,5452,0,38991.921
KLWX20141206-1,KLWX20141206_112126_V06,2,1.450,1.200,21918,0,2778236.264,13654,0,56232.687
KLWX20141206-1,KLWX20141206_112625_V06,0,0.483,1.200,27351,0,1652744.121,6637,0,70667.683
KLWX20141206-1,KLWX20141206_112625_V06,2,1.450,1.200,27370,0,3256072.743,16718,0,59437.338
KLWX20141206-1,KLWX20141206_113151_V06,0,0.483,1.200,30680,0,1633629.517,7465,0,111441.578
KLWX20141206-1,KLWX20141206_113151_V06,2,1.450,1.200,30701,0,3452375.086,18995,0,58593.967
KLWX20141206-1,KLWX20141206_113717_V06,0,0.483,1.200,38710,0,1605368.776,9782,0,76296.227
KLWX20141206-1,KLWX20141206_113717_V06,2,1.450,1.200,38735,0,3907169.542,24013,0,79378.181
KLWX20141206-1,KLWX20141206_114244_V06,0,0.483,1.200,36427,0,870019.459,9046,0,54903.145
KLWX20141206-1,KLWX20141206_114244_V06,2,1.450,1.200,36442,0,3520906.975,23038,0,97599.697
KLWX20141206-5,KLWX20141206_122146_V06,0,0.483,1.200,13514,0,278038.954,1706,0,268253.699
KLWX20141206-5,KLWX20141206_122146_V06,2,1.450,1.200,13514,0,435.048,2161,0,64.557
KLWX20141206-5,KLWX20141206_122146_V06,4,2.417,1.200,6772,0,542.443,689,0,45.107
KLWX20141206-5,KLWX20141206_122146_V06,5,3.384,1.200,6777,0,1771.448,909,0,118.045
KLWX20141206-5,KLWX20141206_122146_V06,6,4.307,1.200,6790,0,9998.184,1554,0,176.384
KLWX20141206-5,KLWX20141206_122146_V06,7,6.021,1.200,6800,0,23702.936,3665,0,243.539
KLWX20141206-5,KLWX20141206_122146_V06,8,9.888,1.200,6870,0,18328.237,3732,0,116.525
KLWX20141206-5,KLWX20141206_122741_V06,0,0.483,1.200,28443,8,181494.342,3650,5,165635.037
KLWX20141206-5,KLWX20141206_122741_V06,2,1.450,1.200,28447,0,1060.806,3411,0,212.104
KLWX20141206-5,KLWX20141206_122741_V06,4,2.417,1.200,14234,0,1739.609,1142,0,176.192
KLWX20141206-5,KLWX20141206_122741_V06,5,3.384,1.200,14247,0,10155.690,1955,0,433.777
KLWX20141206-5,KLWX20141206_122741_V06,6,4.307,1.200,14262,0,32991.602,4066,0,543.673
KLWX20141206-5,KLWX20141206_122741_V06,7,6.021,1.200,14297,0,55885.244,5803,0,755.865
KLWX20141206-5,KLWX20141206_122741_V06,8,9.888,1.200,14434,0,20835.958,7123,0,327.854
KLWX20141206-3,KLWX20141206_120956_V06,0,0.483,1.200,11040,1,173021.396,678,1,170467.540
KLWX20141206-3,KLWX20141206_120956_V06,2,1.450,1.200,11048,0,63.443,255,0,43.143
KLWX20141206-3,KLWX20141206_120956_V06,4,2.417,1.200,5523,0,14.408,6,0,13.079
KLWX20141206-3,KLWX20141206_120956_V06,5,3.384,1.200,5528,0,9.275,2,0,9.164
KLWX20141206-3,KLWX20141206_120956_V06,6,4.307,1.200,5542,0,147.108,143,0,79.794
KLWX20141206-3,KLWX20141206_120956_V06,7,6.021,1.200,5556,0,506.937,1011,0,183.608
KLWX20141207-1,KLWX20141207_115533_V06,0,0.483,1.200,110,0,2711.308,0,0,2711.308
KLWX20141207-1,KLWX20141207_115533_V06,2,1.494,1.200,110,0,0.306,2,0,0.035
KLWX20141207-1,KLWX20141207_115533_V06,4,2.505,1.200,55,0,0.035,0,0,0.035
KLWX20141207-1,KLWX20141207_115533_V06,5,3.516,1.200,55,0,0.036,0,0,0.036
KLWX20141207-1,KLWX20141207_115533_V06,6,4.482,1.200,58,0,0.038,0,0,0.038
KLWX20141208-4,KLWX20141208_120543_V06,0,0.483,1.200,74,0,2492.839,1,0,2492.353
KLWX20141208-4,KLWX20141208_120543_V06,2,1.494,1.200,74,0,0.661,0,0,0.661
KLWX20141208-4,KLWX20141208_120543_V06,4,2.505,1.200,38,0,0.055,0,0,0.055
KLWX20141208-4,KLWX20141208_120543_V06,5,3.516,1.200,39,0,2.911,0,0,2.911
KLWX20141208-4,KLWX20141208_120543_V06,6,4.482,1.200,40,0,12.193,2,0,6.802
KLWX20141208-4,KLWX20141208_121534_V06,0,0.483,1.200,2647,0,44069.013,102,0,42591.888
KLWX20141208-4,KLWX20141208_121534_V06,2,1.494,1.200,2649,0,134.307,40,0,85.746
KLWX20141208-4,KLWX20141208_121534_V06,4,2.505,1.200,1333,0,62.621,5,0,48.377
KLWX20141208-4,KLWX20141208_121534_V06,5,3.516,1.200,1331,0,46.650,7,0,35.020
KLWX20141208-4,KLWX20141208_121534_V06,6,4.482,1.200,1333,0,36.572,4,0,29.362
KLWX20141208-4,KLWX20141208_122522_V06,0,0.483,1.200,2967,1,4532.356,112,0,3684.881
KLWX20141208-4,KLWX20141208_122522_V06,2,1.494,1.200,2960,0,54.836,16,0,17.693
KLWX20141208-4,KLWX20141208_122522_V06,4,2.505,1.200,1485,0,51.765,4,0,49.257
KLWX20141208-4,KLWX20141208_122522_V06,5,3.516,1.200,1483,0,45.348,8,0,34.710
KLWX20141208-4,KLWX20141208_122522_V06,6,4.482,1.200,1485,0,22.613,2,0,20.492
KLWX20141208-1,KLWX20141208_120543_V06,0,0.483,1.200,500,0,21180.195,7,0,21161.412
KLWX20141208-1,KLWX20141208_120543_V06,2,1.494,1.200,498,0,7.039,5,0,6.762
KLWX20141208-1,KLWX20141208_120543_V06,4,2.505,1.200,249,0,0.148,0,0,0.148
KLWX20141208-1,KLWX20141208_120543_V06,5,3.516,1.200,249,0,0.148,0,0,0.148
KLWX20141208-1,KLWX20141208_120543_V06,6,4.482,1.200,252,0,0.150,0,0,0.150
KLWX20141208-1,KLWX20141208_121534_V06,0,0.483,1.200,3604,0,9900.201,102,0,9631.159
KLWX20141208-1,KLWX20141208_121534_V06,2,1.494,1.200,3607,0,2.227,4,0,1.895
KLWX20141208-1,KLWX20141208_121534_V06,4,2.505,1.200,1800,0,1.203,0,0,1.203
KLWX20141208-1,KLWX20141208_121534_V06,5,3.516,1.200,1807,0,1.067,0,0,1.067
KLWX20141208-1,KLWX20141208_121534_V06,6,4.482,1.200,1814,0,1.074,0,0,1.074
KLWX20141208-2,KLWX20141208_120543_V06,0,0.483,1.200,585,0,17647.291,20,0,17623.670
KLWX20141208-2,KLWX20141208_120543_V06,2,1.494,1.200,583,0,2.680,3,0,2.465
KLWX20141208-2,KLWX20141208_120543_V06,4,2.505,1.200,291,0,0.197,0,0,0.197
KLWX20141208-2,KLWX20141208_120543_V06,5,3.516,1.200,293,0,0.198,0,0,0.198
KLWX20141208-2,KLWX20141208_120543_V06,6,4.482,1.200,293,0,0.199,0,0,0.199
KLWX20141208-9,KLWX20141208_122522_V06,0,0.483,1.200,7975,0,91900.126,424,0,90503.144
KLWX20141208-9,KLWX20141208_122522_V06,2,1.494,1.200,7976,0,26.810,252,0,19.996
KLWX20141208-9,KLWX20141208_122522_V06,4,2.505,1.200,3994,0,17.925,106,0,15.518
KLWX20141208-9,KLWX20141208_122522_V06,5,3.516,1.200,3997,0,9.378,177,0,6.911
KLWX20141208-9,KLWX20141208_122522_V06,6,4.482,1.200,4001,0,4.523,34,0,3.891
KLWX20141210-1,KLWX20141210_121914_V06,0,0.483,1.200,745,0,9825.723,47,0,9759.058
KLWX20141210-1,KLWX20141210_121914_V06,2,1.494,1.200,742,0,136.053,158,0,7.115
KLWX20141210-1,KLWX20141210_121914_V06,4,2.505,1.200,742,0,44.602,282,0,18.428
KLWX20141210-1,KLWX20141210_121914_V06,6,3.516,1.200,370,0,3.160,5,0,3.035
KLWX20141210-1,KLWX20141210_121914_V06,7,4.482,1.200,370,0,2.229,3,0,1.966
KLWX20141212-3,KLWX20141212_121410_V06,0,0.483,1.200,3153,0,24884.242,135,0,24402.768
KLWX20141212-3,KLWX20141212_121410_V06,2,1.494,1.200,3158,0,10.674,57,0,4.079
KLWX20141212-3,KLWX20141212_121410_V06,4,2.505,1.200,1572,0,3.305,7,0,2.915
KLWX20141212-3,KLWX20141212_121410_V06,5,3.516,1.200,1579,0,1.989,4,0,1.473
KLWX20141212-3,KLWX20141212_121410_V06,6,4.482,1.200,1583,0,1.205,1,0,1.156
KLWX20141212-3,KLWX20141212_122358_V06,0,0.483,1.200,14259,0,44069.257,571,0,43379.603
KLWX20141212-3,KLWX20141212_122358_V06,2,1.494,1.200,14267,0,21.034,189,0,13.543
KLWX20141212-3,KLWX20141212_122358_V06,4,2.505,1.200,7138,0,11.282,13,0,10.154
KLWX20141212-3,KLWX20141212_122358_V06,5,3.516,1.200,7140,0,9.474,16,0,8.710
KLWX20141212-3,KLWX20141212_122358_V06,6,4.482,1.200,7151,0,8.370,10,0,8.102
KLWX20141212-1,KLWX20141212_114444_V06,0,0.483,1.200,694,0,4597.477,39,0,4565.332
KLWX20141212-1,KLWX20141212_114444_V06,2,1.494,1.200,694,0,2.692,18,0,1.728
KLWX20141212-1,KLWX20141212_114444_V06,4,2.505,1.200,351,0,1.769,1,0,1.736
KLWX20141212-1,KLWX20141212_114444_V06,5,3.516,1.200,350,0,1.993,3,0,1.280
KLWX20141212-1,KLWX20141212_114444_V06,6,4.482,1.200,351,0,0.801,1,0,0.768
KLWX20141212-2,KLWX20141212_120421_V06,0,0.483,1.200,574,0,710.629,26,0,705.669
KLWX20141212-2,KLWX20141212_120421_V06,2,1.494,1.200,575,0,0.196,0,0,0.196
KLWX20141212-2,KLWX20141212_120421_V06,4,2.505,1.200,285,0,0.195,0,0,0.195
KLWX20141212-2,KLWX20141212_120421_V06,5,3.516,1.200,285,0,0.195,0,0,0.195
KLWX20141212-2,KLWX20141212_120421_V06,6,4.482,1.200,288,0,0.198,0,0,0.198
KLWX20141212-4,KLWX20141212_122358_V06,0,0.483,1.200,1125,0,20967.388,30,0,20940.537
KLWX20141212-4,KLWX20141212_122358_V06,2,1.494,1.200,1126,0,28.914,18,0,17.975
KLWX20141212-4,KLWX20141212_122358_V06,4,2.505,1.200,567,0,15.545,1,0,14.998
KLWX20141212-4,KLWX20141212_122358_V06,5,3.516,1.200,566,0,3.993,0,0,3.993
KLWX20141212-4,KLWX20141212_122358_V06,6,4.482,1.200,569,0,4.173,0,0,4.173
KLWX20141213-1,KLWX20141213_120452_V06,0,0.483,1.200,819,0,17085.497,21,0,17071.353
KLWX20141213-1,KLWX20141213_120452_V06,2,1.494,1.200,824,0,0.255,0,0,0.255
KLWX20141213-1,KLWX20141213_120452_V06,4,2.505,1.200,410,0,0.254,0,0,0.254
KLWX20141213-1,KLWX20141213_120452_V06,5,3.516,1.200,410,0,0.255,0,0,0.255
KLWX20141213-1,KLWX20141213_120452_V06,6,4.482,1.200,414,0,0.258,0,0,0.258
KLWX20141213-1,KLWX20141213_121442_V06,0,0.483,1.200,5379,0,5354.364,145,0,5237.579
KLWX20141213-1,KLWX20141213_121442_V06,2,1.494,1.200,5377,0,2.461,7,0,2.153
KLWX20141213-1,KLWX20141213_121442_V06,4,2.505,1.200,2697,0,1.719,0,0,1.719
KLWX20141213-1,KLWX20141213_121442_V06,5,3.516,1.200,2696,0,1.722,0,0,1.722
KLWX20141213-1,KLWX20141213_121442_V06,6,4.482,1.200,2695,0,1.724,0,0,1.724
KLWX20141213-1,KLWX20141213_122431_V06,0,0.483,1.200,16083,0,6290.733,628,0,5347.257
KLWX20141213-1,KLWX20141213_122431_V06,2,1.494,1.200,16087,0,21.193,56,0,8.842
KLWX20141213-1,KLWX20141213_122431_V06,4,2.505,1.200,8045,0,7.054,35,0,6.663
KLWX20141213-1,KLWX20141213_122431_V06,5,3.516,1.200,8061,0,5.839,7,0,5.775
KLWX20141213-1,KLWX20141213_122431_V06,6,4.482,1.200,8069,0,5.693,2,0,5.624
KLWX20141213-5,KLWX20141213_121442_V06,0,0.483,1.200,846,0,198157.810,14,0,198130.681
KLWX20141213-5,KLWX20141213_121442_V06,2,1.494,1.200,845,0,20.121,9,0,19.248
KLWX20141213-5,KLWX20141213_121442_V06,4,2.505,1.200,420,0,0.266,0,0,0.266
KLWX20141213-5,KLWX20141213_121442_V06,5,3.516,1.200,424,0,0.269,0,0,0.269
KLWX20141213-5,KLWX20141213_121442_V06,6,4.482,1.200,427,0,0.271,0,0,0.271
KLWX20141213-5,KLWX20141213_122431_V06,0,0.483,1.200,6941,0,4454.302,260,0,4299.233
KLWX20141213-5,KLWX20141213_122431_V06,2,1.494,1.200,6944,0,10.343,85,0,7.323
KLWX20141213-5,KLWX20141213_122431_V06,4,2.505,1.200,3481,0,5.624,10,0,4.814
KLWX20141213-5,KLWX20141213_122431_V06,5,3.516,1.200,3480,0,3.344,5,0,3.101
KLWX20141213-5,KLWX20141213_122431_V06,6,4.482,1.200,3489,0,3.118,3,0,2.841
KLWX20141213-9,KLWX20141213_122431_V06,0,0.483,1.200,1803,0,182514.717,35,0,182127.127
KLWX20141213-9,KLWX20141213_122431_V06,2,1.494,1.200,1805,0,72.047,46,0,49.565
KLWX20141213-9,KLWX20141213_122431_V06,4,2.505,1.200,878,0,26.745,3,0,22.169
KLWX20141213-9,KLWX20141213_122431_V06,5,3.516,1.200,876,0,22.041,8,0,12.993
KLWX20141213-9,KLWX20141213_122431_V06,6,4.482,1.200,877,0,6.701,2,0,6.034
KLWX20141213-9,KLWX20141213_123421_V06,0,0.483,1.200,8111,0,42456.118,233,0,42060.075
KLWX20141213-9,KLWX20141213_123421_V06,2,1.494,1.200,8122,0,94.418,104,0,53.039
KLWX20141213-9,KLWX20141213_123421_V06,4,2.505,1.200,4077,0,49.364,10,0,46.050
KLWX20141213-9,KLWX20141213_123421_V06,5,3.516,1.200,4074,0,19.527,3,0,18.941
KLWX20141213-9,KLWX20141213_123421_V06,6,4.482,1.200,4075,0,19.029,3,0,17.666
KLWX20141213-6,KLWX20141213_121442_V06,0,0.483,1.200,808,0,47721.562,20,0,47605.234
KLWX20141213-6,KLWX20141213_121442_V06,2,1.494,1.200,807,0,3.029,8,0,2.693
KLWX20141213-6,KLWX20141213_121442_V06,4,2.505,1.200,408,0,2.079,0,0,2.079
KLWX20141213-6,KLWX20141213_121442_V06,5,3.516,1.200,404,0,2.450,1,0,2.255
KLWX20141213-6,KLWX20141213_121442_V06,6,4.482,1.200,406,0,1.902,2,0,1.743
KLWX20141213-11,KLWX20141213_122431_V06,0,0.483,1.200,26117,0,58276.843,1424,0,54421.281
KLWX20141213-11,KLWX20141213_122431_V06,2,1.494,1.200,26128,0,44.722,383,0,29.513
KLWX20141213-11,KLWX20141213_122431_V06,4,2.505,1.200,13077,0,21.571,23,0,19.894
KLWX20141213-11,KLWX20141213_122431_V06,5,3.516,1.200,13086,0,24.281,41,0,22.964
KLWX20141213-11,KLWX20141213_122431_V06,6,4.482,1.200,13103,0,39.114,41,0,37.247
KLWX20141214-1,KLWX20141214_120525_V06,0,0.483,1.200,520,0,22496.413,9,0,22270.069
KLWX20141214-1,KLWX20141214_120525_V06,2,1.494,1.200,520,0,0.450,1,0,0.391
KLWX20141214-1,KLWX20141214_120525_V06,4,2.505,1.200,258,0,0.166,0,0,0.166
KLWX20141214-1,KLWX20141214_120525_V06,5,3.516,1.200,259,0,0.167,0,0,0.167
KLWX20141214-1,KLWX20141214_120525_V06,6,4.482,1.200,259,0,0.168,0,0,0.168
KLWX20141214-1,KLWX20141214_121514_V06,0,0.483,1.200,4109,0,2670.533,91,0,2575.930
KLWX20141214-1,KLWX20141214_121514_V06,2,1.494,1.200,4110,0,1.382,0,0,1.382
KLWX20141214-1,KLWX20141214_121514_V06,4,2.505,1.200,2057,0,1.384,0,0,1.384
KLWX20141214-1,KLWX20141214_121514_V06,5,3.516,1.200,2066,0,1.394,0,0,1.394
KLWX20141214-1,KLWX20141214_121514_V06,6,4.482,1.200,2068,0,1.398,0,0,1.398
KLWX20141214-5,KLWX20141214_121514_V06,0,0.483,1.200,610,0,32839.565,18,0,32632.978
KLWX20141214-5,KLWX20141214_121514_V06,2,1.494,1.200,608,0,24.421,10,0,20.571
KLWX20141214-5,KLWX20141214_121514_V06,4,2.505,1.200,305,0,21.841,0,0,21.841
KLWX20141214-5,KLWX20141214_121514_V06,5,3.516,1.200,306,0,4.777,1,0,4.361
KLWX20141214-5,KLWX20141214_121514_V06,6,4.482,1.200,307,0,12.410,0,0,12.410
KLWX20141214-5,KLWX20141214_122503_V06,0,0.483,1.200,3342,0,80252.813,110,0,79997.454
KLWX20141214-5,KLWX20141214_122503_V06,2,1.494,1.200,3342,0,84.951,40,0,67.279
KLWX20141214-5,KLWX20141214_122503_V06,4,2.505,1.200,1674,0,32.918,0,0,32.918
KLWX20141214-5,KLWX20141214_122503_V06,5,3.516,1.200,1679,0,30.345,4,0,15.586
KLWX20141214-5,KLWX20141214_122503_V06,6,4.482,1.200,1674,0,37.814,1,0,37.611
KLWX20141214-2,KLWX20141214_120525_V06,0,0.483,1.200,411,0,58866.027,9,0,58833.937
KLWX20141214-2,KLWX20141214_120525_V06,2,1.494,1.200,411,0,15.072,4,0,14.807
KLWX20141214-2,KLWX20141214_120525_V06,4,2.505,1.200,203,0,0.124,0,0,0.124
KLWX20141214-2,KLWX20141214_120525_V06,5,3.516,1.200,207,0,0.127,0,0,0.127
KLWX20141214-2,KLWX20141214_120525_V06,6,4.482,1.200,204,0,0.126,0,0,0.126
KLWX20141215-8,KLWX20141215_121413_V06,0,0.483,1.200,6956,0,223930.101,209,0,223168.274
KLWX20141215-8,KLWX20141215_121413_V06,2,1.494,1.200,6962,0,73.014,223,0,59.605
KLWX20141215-8,KLWX20141215_121413_V06,4,2.505,1.200,3487,0,17.991,16,0,16.011
KLWX20141215-8,KLWX20141215_121413_V06,5,3.516,1.200,3485,0,11.863,34,0,9.929
KLWX20141215-8,KLWX20141215_121413_V06,6,4.482,1.200,3488,0,11.234,21,0,9.593
KLWX20141215-8,KLWX20141215_122402_V06,0,0.483,1.200,14274,1,293500.958,534,1,289067.021
KLWX20141215-8,KLWX20141215_122402_V06,2,1.494,1.200,14275,0,57.595,431,0,41.465
KLWX20141215-8,KLWX20141215_122402_V06,4,2.505,1.200,7157,0,23.590,26,0,20.040
KLWX20141215-8,KLWX20141215_122402_V06,5,3.516,1.200,7168,0,16.189,29,0,14.627
KLWX20141215-8,KLWX20141215_122402_V06,6,4.482,1.200,7176,0,11.269,68,0,9.749
KLWX20141215-8,KLWX20141215_123351_V06,0,0.483,1.200,26369,7,213876.745,1071,5,202446.394
KLWX20141215-8,KLWX20141215_123351_V06,2,1.494,1.200,26380,0,69.758,536,0,48.738
KLWX20141215-8,KLWX20141215_123351_V06,4,2.505,1.200,13199,0,29.624,45,0,25.278
KLWX20141215-8,KLWX20141215_123351_V06,5,3.516,1.200,13222,0,26.533,99,0,22.329
KLWX20141215-8,KLWX20141215_123351_V06,6,4.482,1.200,13242,0,20.923,217,0,18.217
KLWX20141215-3,KLWX20141215_121413_V06,0,0.483,1.200,1325,0,27343.619,29,0,25932.409
KLWX20141215-3,KLWX20141215_121413_V06,2,1.494,1.200,1325,0,24.290,217,0,9.174
KLWX20141215-3,KLWX20141215_121413_V06,4,2.505,1.200,665,0,3.418,3,0,1.712
KLWX20141215-3,KLWX20141215_121413_V06,5,3.516,1.200,663,0,2.070,0,0,2.070
KLWX20141215-3,KLWX20141215_121413_V06,6,4.482,1.200,665,0,5.318,0,0,5.318
KLWX20141215-3,KLWX20141215_122402_V06,0,0.483,1.200,8032,0,9186.045,319,0,8528.856
KLWX20141215-3,KLWX20141215_122402_V06,2,1.494,1.200,8035,0,71.291,424,0,45.787
KLWX20141215-3,KLWX20141215_122402_V06,4,2.505,1.200,4017,0,16.112,10,0,14.144
KLWX20141215-3,KLWX20141215_122402_V06,5,3.516,1.200,4022,0,13.154,5,0,12.302
KLWX20141215-3,KLWX20141215_122402_V06,6,4.482,1.200,4030,0,9.964,7,0,8.845
KLWX20141215-1,KLWX20141215_120425_V06,0,0.483,1.200,531,0,2291.165,7,0,2276.593
KLWX20141215-1,KLWX20141215_120425_V06,2,1.494,1.200,533,0,1.314,1,0,1.263
KLWX20141215-1,KLWX20141215_120425_V06,4,2.505,1.200,269,0,0.170,0,0,0.170
KLWX20141215-1,KLWX20141215_120425_V06,5,3.516,1.200,268,0,0.169,0,0,0.169
KLWX20141215-1,KLWX20141215_120425_V06,6,4.482,1.200,268,0,0.169,0,0,0.169
KLWX20141215-2,KLWX20141215_121413_V06,0,0.483,1.200,1280,0,33332.820,25,0,33321.126
KLWX20141215-2,KLWX20141215_121413_V06,2,1.494,1.200,1275,0,1.454,0,0,1.454
KLWX20141215-2,KLWX20141215_121413_V06,4,2.505,1.200,642,0,0.349,0,0,0.349
KLWX20141215-2,KLWX20141215_121413_V06,5,3.516,1.200,639,0,0.349,0,0,0.349
KLWX20141215-2,KLWX20141215_121413_V06,6,4.482,1.200,636,0,0.348,0,0,0.348
KLWX20141215-10,KLWX20141215_121413_V06,0,0.483,1.200,3627,0,153766.476,108,0,153477.305
KLWX20141215-10,KLWX20141215_121413_V06,2,1.494,1.200,3626,0,45.032,61,0,38.731
KLWX20141215-10,KLWX20141215_121413_V06,4,2.505,1.200,1814,0,5.188,4,0,4.473
KLWX20141215-10,KLWX20141215_121413_V06,5,3.516,1.200,1814,0,3.200,4,0,2.756
KLWX20141215-10,KLWX20141215_121413_V06,6,4.482,1.200,1817,0,1.510,1,0,1.369
KLWX20141215-11,KLWX20141215_122402_V06,0,0.483,1.200,5235,0,38859.734,72,0,38754.861
KLWX20141215-11,KLWX20141215_122402_V06,2,1.494,1.200,5237,0,45.527,52,0,32.166
KLWX20141215-11,KLWX20141215_122402_V06,4,2.505,1.200,2618,0,23.159,2,0,21.668
KLWX20141215-11,KLWX20141215_122402_V06,5,3.516,1.200,2618,0,8.905,0,0,8.905
KLWX20141215-11,KLWX20141215_122402_V06,6,4.482,1.200,2630,0,10.875,0,0,10.875
KLWX20141216-4,KLWX20141216_120558_V06,0,0.483,1.200,5498,0,109315.399,425,0,105136.282
KLWX20141216-4,KLWX20141216_120558_V06,2,1.450,1.200,5496,0,30.156,194,0,23.340
KLWX20141216-4,KLWX20141216_120558_V06,4,2.417,1.200,2756,0,5.154,5,0,4.768
KLWX20141216-4,KLWX20141216_120558_V06,5,3.340,1.200,2756,0,4.270,2,0,4.114
KLWX20141216-4,KLWX20141216_120558_V06,6,4.307,1.200,2759,0,1.832,4,0,1.755
KLWX20141216-4,KLWX20141216_120558_V06,7,6.021,1.200,2761,0,2.980,10,0,2.469
KLWX20141216-4,KLWX20141216_120558_V06,8,9.888,1.200,2798,0,4.033,31,0,3.100
KLWX20141216-4,KLWX20141216_121314_V06,0,0.483,1.200,19849,4,270727.379,1393,4,248931.722
KLWX20141216-4,KLWX20141216_121314_V06,2,1.450,1.200,19864,0,197.615,767,0,158.225
KLWX20141216-4,KLWX20141216_121314_V06,4,2.417,1.200,9935,0,67.533,60,0,64.724
KLWX20141216-4,KLWX20141216_121314_V06,5,3.340,1.200,9945,0,10.992,28,0,9.677
KLWX20141216-4,KLWX20141216_121314_V06,6,4.307,1.200,9957,0,14.694,19,0,13.643
KLWX20141216-4,KLWX20141216_121314_V06,7,6.021,1.200,9991,0,15.097,43,0,12.923
KLWX20141216-4,KLWX20141216_121314_V06,8,9.888,1.200,10092,0,11.137,128,0,7.870
KLWX20141216-4,KLWX20141216_121813_V06,0,0.483,1.200,17105,3,326126.026,1256,3,308278.605
KLWX20141216-4,KLWX20141216_121813_V06,2,1.450,1.200,17112,0,167.020,731,0,151.228
KLWX20141216-4,KLWX20141216_121813_V06,4,2.417,1.200,8556,0,10.157,12,0,8.672
KLWX20141216-4,KLWX20141216_121813_V06,5,3.340,1.200,8568,0,4.969,7,0,4.641
KLWX20141216-4,KLWX20141216_121813_V06,6,4.307,1.200,8577,0,6.204,3,0,6.078
KLWX20141216-4,KLWX20141216_121813_V06,7,6.021,1.200,8604,0,5.707,14,0,5.152
KLWX20141216-4,KLWX20141216_121813_V06,8,9.888,1.200,8680,0,9.625,85,0,6.124
KLWX20141216-4,KLWX20141216_122313_V06,0,0.483,1.200,21913,3,215963.759,1679,3,201202.809
KLWX20141216-4,KLWX20141216_122313_V06,2,1.450,1.200,21922,0,74.390,857,0,44.253
KLWX20141216-4,KLWX20141216_122313_V06,4,2.417,1.200,10967,0,12.783,12,0,11.403
KLWX20141216-4,KLWX20141216_122313_V06,5,3.340,1.200,10983,0,14.003,19,0,10.563
KLWX20141216-4,KLWX20141216_122313_V06,6,4.307,1.200,10995,0,12.545,24,0,11.591
KLWX20141216-4,KLWX20141216_122313_V06,7,6.021,1.200,11025,0,15.103,18,0,13.503
KLWX20141216-4,KLWX20141216_122313_V06,8,9.888,1.200,11134,0,36.014,128,0,12.826
KLWX20141216-4,KLWX20141216_122812_V06,0,0.483,1.200,36165,20,123699.879,2920,14,112100.067
KLWX20141216-4,KLWX20141216_122812_V06,2,1.450,1.200,36183,1,322.546,1501,0,204.603
KLWX20141216-4,KLWX20141216_122812_V06,4,2.417,1.200,18108,0,126.228,102,0,122.427
KLWX20141216-4,KLWX20141216_122812_V06,5,3.340,1.200,18124,0,84.791,109,0,47.003
KLWX20141216-4,KLWX20141216_122812_V06,6,4.307,1.200,18144,0,61.950,125,0,59.059
KLWX20141216-4,KLWX20141216_122812_V06,7,6.021,1.200,18200,0,26.661,130,0,21.499
KLWX20141216-4,KLWX20141216_122812_V06,8,9.888,1.200,18397,0,175.648,369,0,16.160
KLWX20141216-1,KLWX20141216_114059_V06,0,0.483,1.200,686,0,8769.095,69,0,8151.876
KLWX20141216-1,KLWX20141216_114059_V06,2,1.450,1.200,685,0,2.627,8,0,0.472
KLWX20141216-1,KLWX20141216_114059_V06,4,2.417,1.200,341,0,0.176,0,0,0.176
KLWX20141216-1,KLWX20141216_114059_V06,5,3.340,1.200,342,0,0.881,3,0,0.247
KLWX20141216-1,KLWX20141216_114059_V06,6,4.307,1.200,340,0,0.177,0,0,0.177
KLWX20141216-1,KLWX20141216_114059_V06,7,6.021,1.200,344,0,0.180,0,0,0.180
KLWX20141216-1,KLWX20141216_114558_V06,0,0.483,1.200,3463,0,7733.391,331,0,6537.078
KLWX20141216-1,KLWX20141216_114558_V06,2,1.450,1.200,3466,0,55.836,69,0,27.376
KLWX20141216-1,KLWX20141216_114558_V06,4,2.417,1.200,1730,0,2.382,2,0,2.025
KLWX20141216-1,KLWX20141216_114558_V06,5,3.340,1.200,1728,0,2.169,0,0,2.169
KLWX20141216-1,KLWX20141216_114558_V06,6,4.307,1.200,1739,0,1.629,0,0,1.629
KLWX20141216-1,KLWX20141216_114558_V06,7,6.021,1.200,1742,0,8.173,4,0,7.508
KLWX20141216-5,KLWX20141216_121813_V06,0,0.483,1.200,1814,0,100512.498,112,0,88338.302
KLWX20141216-5,KLWX20141216_121813_V06,2,1.450,1.200,1814,0,31.593,53,0,10.556
KLWX20141216-5,KLWX20141216_121813_V06,4,2.417,1.200,901,0,0.596,0,0,0.596
KLWX20141216-5,KLWX20141216_121813_V06,5,3.340,1.200,903,0,1.153,3,0,0.776
KLWX20141216-5,KLWX20141216_121813_V06,6,4.307,1.200,906,0,0.587,1,0,0.509
KLWX20141216-5,KLWX20141216_121813_V06,7,6.021,1.200,910,0,1.230,2,0,0.773
KLWX20141217-1,KLWX20141217_121140_V06,0,0.483,1.200,790,0,24418.740,21,0,24229.928
KLWX20141217-1,KLWX20141217_121140_V06,2,1.450,1.200,792,0,3.596,15,0,3.223
KLWX20141217-1,KLWX20141217_121140_V06,4,2.417,1.200,385,0,0.115,0,0,0.115
KLWX20141217-1,KLWX20141217_121140_V06,5,3.340,1.200,384,0,0.115,0,0,0.115
KLWX20141217-1,KLWX20141217_121140_V06,6,4.307,1.200,380,0,0.114,0,0,0.114
KLWX20141217-1,KLWX20141217_121140_V06,7,6.021,1.200,382,0,0.115,0,0,0.115
KLWX20141217-1,KLWX20141217_121140_V06,8,9.888,1.200,387,0,0.119,0,0,0.119
KLWX20141217-1,KLWX20141217_121852_V06,0,0.483,1.200,5824,0,5481.445,482,0,4608.725
KLWX20141217-1,KLWX20141217_121852_V06,2,1.450,1.200,5829,0,8.281,70,0,3.865
KLWX20141217-1,KLWX20141217_121852_V06,4,2.417,1.200,2917,0,2.584,0,0,2.584
KLWX20141217-1,KLWX20141217_121852_V06,5,3.340,1.200,2920,0,1.673,0,0,1.673
KLWX20141217-1,KLWX20141217_121852_V06,6,4.307,1.200,2919,0,1.984,3,0,1.850
KLWX20141217-1,KLWX20141217_121852_V06,7,6.021,1.200,2925,0,1.018,0,0,1.018
KLWX20141217-1,KLWX20141217_121852_V06,8,9.888,1.200,2957,0,1.256,1,0,1.046
KLWX20141217-1,KLWX20141217_122352_V06,0,0.483,1.200,14733,0,11000.921,1264,0,10338.212
KLWX20141217-1,KLWX20141217_122352_V06,2,1.450,1.200,14735,0,19.827,153,0,11.137
KLWX20141217-1,KLWX20141217_122352_V06,4,2.417,1.200,7379,0,7.959,5,0,7.747
KLWX20141217-1,KLWX20141217_122352_V06,5,3.340,1.200,7385,0,5.684,3,0,5.433
KLWX20141217-1,KLWX20141217_122352_V06,6,4.307,1.200,7389,0,5.408,13,0,5.080
KLWX20141217-1,KLWX20141217_122352_V06,7,6.021,1.200,7409,0,3.856,4,0,3.792
KLWX20141217-1,KLWX20141217_122352_V06,8,9.888,1.200,7489,0,3.915,28,0,3.365
KLWX20141217-2,KLWX20141217_121140_V06,0,0.483,1.200,411,0,1148.601,19,0,1133.510
KLWX20141217-2,KLWX20141217_121140_V06,2,1.450,1.200,411,0,0.290,0,0,0.290
KLWX20141217-2,KLWX20141217_121140_V06,4,2.417,1.200,201,0,0.284,0,0,0.284
KLWX20141217-2,KLWX20141217_121140_V06,5,3.340,1.200,201,0,0.284,0,0,0.284
KLWX20141217-2,KLWX20141217_121140_V06,6,4.307,1.200,198,0,0.281,0,0,0.281
KLWX20141217-3,KLWX20141217_121140_V06,0,0.483,1.200,1164,0,8091.695,63,0,8001.290
KLWX20141217-3,KLWX20141217_121140_V06,2,1.450,1.200,1167,0,3.521,4,0,2.284
KLWX20141217-3,KLWX20141217_121140_V06,4,2.417,1.200,583,0,0.335,0,0,0.335
KLWX20141217-3,KLWX20141217_121140_V06,5,3.340,1.200,584,0,0.337,0,0,0.337
KLWX20141217-3,KLWX20141217_121140_V06,6,4.307,1.200,586,0,0.339,0,0,0.339
KLWX20141217-3,KLWX20141217_121140_V06,7,6.021,1.200,589,0,0.342,0,0,0.342
KLWX20141217-7,KLWX20141217_121852_V06,0,0.483,1.200,391,0,12445.501,17,0,12243.427
KLWX20141217-7,KLWX20141217_121852_V06,2,1.450,1.200,391,0,0.136,0,0,0.136
KLWX20141217-7,KLWX20141217_121852_V06,4,2.417,1.200,196,0,0.136,0,0,0.136
KLWX20141217-7,KLWX20141217_121852_V06,5,3.340,1.200,195,0,0.136,0,0,0.136
KLWX20141217-7,KLWX20141217_121852_V06,6,4.307,1.200,195,0,0.136,0,0,0.136
KLWX20141217-7,KLWX20141217_121852_V06,7,6.021,1.200,199,0,0.140,0,0,0.140
KLWX20141220-4,KLWX20141220_121337_V06,0,0.483,1.200,451,0,30496.256,31,0,30128.178
KLWX20141220-4,KLWX20141220_121337_V06,2,1.494,1.200,452,0,7.820,9,0,6.374
KLWX20141220-4,KLWX20141220_121337_V06,4,2.505,1.200,224,0,0.146,0,0,0.146
KLWX20141220-4,KLWX20141220_121337_V06,5,3.516,1.200,225,0,1.143,0,0,1.143
KLWX20141220-4,KLWX20141220_121337_V06,6,4.482,1.200,225,0,0.147,0,0,0.147
KLWX20141220-4,KLWX20141220_122326_V06,0,0.483,1.200,3924,0,17958.508,228,0,17682.628
KLWX20141220-4,KLWX20141220_122326_V06,2,1.494,1.200,3922,0,23.618,70,0,13.408
KLWX20141220-4,KLWX20141220_122326_V06,4,2.505,1.200,1963,0,8.788,8,0,7.339
KLWX20141220-4,KLWX20141220_122326_V06,5,3.516,1.200,1961,0,6.412,0,0,6.412
KLWX20141220-4,KLWX20141220_122326_V06,6,4.482,1.200,1970,0,6.914,0,0,6.914
KLWX20141220-4,KLWX20141220_123316_V06,0,0.483,1.200,7658,0,12323.894,373,0,12079.685
KLWX20141220-4,KLWX20141220_123316_V06,2,1.494,1.200,7659,0,38.624,139,0,17.510
KLWX20141220-4,KLWX20141220_123316_V06,4,2.505,1.200,3833,0,22.580,13,0,19.827
KLWX20141220-4,KLWX20141220_123316_V06,5,3.516,1.200,3841,0,13.792,16,0,11.619
KLWX20141220-4,KLWX20141220_123316_V06,6,4.482,1.200,3842,0,19.198,17,0,15.619
KLWX20141220-5,KLWX20141220_122326_V06,0,0.483,1.200,970,0,75596.763,12,0,75561.353
KLWX20141220-5,KLWX20141220_122326_V06,2,1.494,1.200,973,0,30.999,9,0,23.748
KLWX20141220-5,KLWX20141220_122326_V06,4,2.505,1.200,486,0,9.227,0,0,9.227
KLWX20141220-5,KLWX20141220_122326_V06,5,3.516,1.200,486,0,52.274,4,0,24.242
KLWX20141220-5,KLWX20141220_122326_V06,6,4.482,1.200,490,0,7.114,0,0,7.114
KLWX20141220-5,KLWX20141220_123316_V06,0,0.483,1.200,4090,1,22801.603,121,0,17316.032
KLWX20141220-5,KLWX20141220_123316_V06,2,1.494,1.200,4098,0,591.461,45,0,86.155
KLWX20141220-5,KLWX20141220_123316_V06,4,2.505,1.200,2049,0,77.055,9,0,56.644
KLWX20141220-5,KLWX20141220_123316_V06,5,3.516,1.200,2046,0,58.906,8,0,50.534
KLWX20141220-5,KLWX20141220_123316_V06,6,4.482,1.200,2047,0,21.884,4,0,16.719
KLWX20141220-8,KLWX20141220_122326_V06,0,0.483,1.200,7205,0,175517.296,352,0,170758.438
KLWX20141220-8,KLWX20141220_122326_V06,2,1.494,1.200,7205,0,33.817,292,0,22.175
KLWX20141220-8,KLWX20141220_122326_V06,4,2.505,1.200,3604,0,6.723,4,0,6.588
KLWX20141220-8,KLWX20141220_122326_V06,5,3.516,1.200,3611,0,3.710,7,0,3.522
KLWX20141220-8,KLWX20141220_122326_V06,6,4.482,1.200,3606,0,3.150,9,0,2.759
KLWX20141220-8,KLWX20141220_123316_V06,0,0.483,1.200,25034,2,146186.427,1144,2,137782.948
KLWX20141220-8,KLWX20141220_123316_V06,2,1.494,1.200,25045,0,35.482,624,0,22.249
KLWX20141220-8,KLWX20141220_123316_V06,4,2.505,1.200,12532,0,18.157,32,0,16.672
KLWX20141220-8,KLWX20141220_123316_V06,5,3.516,1.200,12538,0,15.483,43,0,14.438
KLWX20141220-8,KLWX20141220_123316_V06,6,4.482,1.200,12558,0,14.999,40,0,12.879
KLWX20141220-1,KLWX20141220_113418_V06,0,0.483,1.200,96,0,1201.906,0,0,1201.906
KLWX20141220-1,KLWX20141220_113418_V06,2,1.494,1.200,96,0,0.039,0,0,0.039
KLWX20141220-1,KLWX20141220_113418_V06,4,2.505,1.200,36,0,0.030,0,0,0.030
KLWX20141220-1,KLWX20141220_113418_V06,5,3.516,1.200,36,0,0.030,0,0,0.030
KLWX20141220-1,KLWX20141220_113418_V06,6,4.482,1.200,36,0,0.030,0,0,0.030
KLWX20141220-3,KLWX20141220_115357_V06,0,0.483,1.200,1892,0,10315.310,193,0,8129.881
KLWX20141220-3,KLWX20141220_115357_V06,2,1.494,1.200,1892,0,21.704,126,0,7.014
KLWX20141220-3,KLWX20141220_115357_V06,4,2.505,1.200,944,0,3.109,7,0,2.779
KLWX20141220-3,KLWX20141220_115357_V06,5,3.516,1.200,947,0,1.895,2,0,1.820
KLWX20141220-3,KLWX20141220_115357_V06,6,4.482,1.200,951,0,1.298,1,0,1.269
KLWX20141220-6,KLWX20141220_122326_V06,0,0.483,1.200,1405,0,19148.668,49,0,19102.306
KLWX20141220-6,KLWX20141220_122326_V06,2,1.494,1.200,1406,0,4.612,4,0,4.122
KLWX20141220-6,KLWX20141220_122326_V06,4,2.505,1.200,706,0,3.196,0,0,3.196
KLWX20141220-6,KLWX20141220_122326_V06,5,3.516,1.200,707,0,0.889,0,0,0.889
KLWX20141220-6,KLWX20141220_122326_V06,6,4.482,1.200,704,0,0.454,0,0,0.454
KLWX20141221-6,KLWX20141221_122449_V06,0,0.483,1.200,9569,0,263306.013,605,0,260036.406
KLWX20141221-6,KLWX20141221_122449_V06,2,1.494,1.200,9574,0,192.345,1742,0,125.819
KLWX20141221-6,KLWX20141221_122449_V06,4,2.505,1.200,4800,0,294.697,1331,0,128.710
KLWX20141221-6,KLWX20141221_122449_V06,5,3.516,1.200,4803,0,418.913,1558,0,176.151
KLWX20141221-6,KLWX20141221_122449_V06,6,4.482,1.200,4807,0,246.416,1145,0,122.389
KLWX20141221-6,KLWX20141221_123439_V06,0,0.483,1.200,19236,3,305012.259,1071,3,291302.383
KLWX20141221-6,KLWX20141221_123439_V06,2,1.494,1.200,19244,0,348.850,3552,0,155.055
KLWX20141221-6,KLWX20141221_123439_V06,4,2.505,1.200,9631,0,665.816,1993,0,256.283
KLWX20141221-6,KLWX20141221_123439_V06,5,3.516,1.200,9638,0,541.016,1781,0,246.902
KLWX20141221-6,KLWX20141221_123439_V06,6,4.482,1.200,9655,0,245.425,1128,0,136.137
KLWX20141221-6,KLWX20141221_124429_V06,0,0.483,1.200,30037,6,140891.135,1906,6,134434.124
KLWX20141221-6,KLWX20141221_124429_V06,2,1.494,1.200,30047,0,450.853,3762,0,174.076
KLWX20141221-6,KLWX20141221_124429_V06,4,2.505,1.200,15026,0,804.517,2036,0,307.927
KLWX20141221-6,KLWX20141221_124429_V06,5,3.516,1.200,15048,0,482.623,1574,0,239.393
KLWX20141221-6,KLWX20141221_124429_V06,6,4.482,1.200,15059,0,185.238,1031,0,110.904
KLWX20141221-6,KLWX20141221_125418_V06,0,0.483,1.200,43570,5,58355.320,2989,3,51462.296
KLWX20141221-6,KLWX20141221_125418_V06,2,1.494,1.200,43589,0,584.854,4545,0,246.190
KLWX20141221-6,KLWX20141221_125418_V06,4,2.505,1.200,21806,0,737.689,1931,0,326.694
KLWX20141221-6,KLWX20141221_125418_V06,5,3.516,1.200,21823,0,344.827,1612,0,187.615
KLWX20141221-6,KLWX20141221_125418_V06,6,4.482,1.200,21853,0,160.169,1360,0,103.098
KLWX20141221-1,KLWX20141221_122449_V06,0,0.483,1.200,567,0,41557.138,11,0,41472.867
KLWX20141221-1,KLWX20141221_122449_V06,2,1.494,1.200,565,0,10.969,4,0,9.592
KLWX20141221-1,KLWX20141221_122449_V06,4,2.505,1.200,285,0,18.243,3,0,14.021
KLWX20141221-1,KLWX20141221_122449_V06,5,3.516,1.200,286,0,8.720,1,0,7.713
KLWX20141221-1,KLWX20141221_122449_V06,6,4.482,1.200,287,0,14.174,1,0,11.336
KLWX20141221-1,KLWX20141221_123439_V06,0,0.483,1.200,3161,0,33315.249,110,0,32776.750
KLWX20141221-1,KLWX20141221_123439_V06,2,1.494,1.200,3157,0,160.303,60,0,85.633
KLWX20141221-1,KLWX20141221_123439_V06,4,2.505,1.200,1583,0,106.938,3,0,104.464
KLWX20141221-1,KLWX20141221_123439_V06,5,3.516,1.200,1588,0,36.956,2,0,25.515
KLWX20141221-1,KLWX20141221_124429_V06,0,0.483,1.200,4307,0,4131.125,109,0,4008.949
KLWX20141221-1,KLWX20141221_124429_V06,2,1.494,1.200,4307,0,135.986,37,0,43.294
KLWX20141221-1,KLWX20141221_124429_V06,4,2.505,1.200,2163,0,70.373,5,0,63.043
KLWX20141221-1,KLWX20141221_124429_V06,5,3.516,1.200,2166,0,35.103,2,0,30.276
KLWX20141221-1,KLWX20141221_124429_V06,6,4.482,1.200,2174,0,52.662,12,0,28.644
KLWX20141221-2,KLWX20141221_122449_V06,0,0.483,1.200,569,0,16154.377,15,0,16042.689
KLWX20141221-2,KLWX20141221_122449_V06,2,1.494,1.200,567,0,20.696,99,0,7.471
KLWX20141221-2,KLWX20141221_122449_V06,4,2.505,1.200,278,0,43.217,61,0,23.893
KLWX20141221-2,KLWX20141221_122449_V06,5,3.516,1.200,281,0,3.624,3,0,1.547
KLWX20141221-2,KLWX20141221_122449_V06,6,4.482,1.200,280,0,0.962,1,0,0.866
KLWX20141221-2,KLWX20141221_123439_V06,0,0.483,1.200,4421,0,13110.662,143,0,12816.786
KLWX20141221-2,KLWX20141221_123439_V06,2,1.494,1.200,4422,0,94.783,169,0,46.898
KLWX20141221-2,KLWX20141221_123439_V06,4,2.505,1.200,2219,0,118.035,41,0,102.465
KLWX20141221-2,KLWX20141221_123439_V06,5,3.516,1.200,2221,0,36.549,4,0,23.292
KLWX20141221-2,KLWX20141221_123439_V06,6,4.482,1.200,2226,0,32.101,4,0,24.508
KLWX20141221-4,KLWX20141221_122449_V06,0,0.483,1.200,737,0,69090.861,9,0,67550.308
KLWX20141221-4,KLWX20141221_122449_V06,2,1.494,1.200,737,0,21.652,23,0,18.652
KLWX20141221-4,KLWX20141221_122449_V06,4,2.505,1.200,369,0,0.819,0,0,0.819
KLWX20141221-4,KLWX20141221_122449_V06,5,3.516,1.200,371,0,1.066,0,0,1.066
KLWX20141221-4,KLWX20141221_122449_V06,6,4.482,1.200,370,0,0.207,0,0,0.207
KLWX20141221-4,KLWX20141221_123439_V06,0,0.483,1.200,5310,0,35303.304,185,0,33919.167
KLWX20141221-4,KLWX20141221_123439_V06,2,1.494,1.200,5313,0,14.776,44,0,8.694
KLWX20141221-4,KLWX20141221_123439_V06,4,2.505,1.200,2654,0,18.936,9,0,18.468
KLWX20141221-4,KLWX20141221_123439_V06,5,3.516,1.200,2659,0,12.246,20,0,10.712
KLWX20141221-4,KLWX20141221_123439_V06,6,4.482,1.200,2660,0,8.246,23,0,7.325
KLWX20141221-8,KLWX20141221_123439_V06,0,0.483,1.200,722,0,37974.292,22,0,37964.200
KLWX20141221-8,KLWX20141221_123439_V06,2,1.494,1.200,724,0,679.774,4,0,49.100
KLWX20141221-8,KLWX20141221_123439_V06,4,2.505,1.200,369,0,7.857,3,0,6.538
KLWX20141221-8,KLWX20141221_123439_V06,5,3.516,1.200,368,0,4.179,1,0,3.858
KLWX20141221-8,KLWX20141221_123439_V06,6,4.482,1.200,368,0,5.985,2,0,5.207
KLWX20141221-8,KLWX20141221_124429_V06,0,0.483,1.200,4532,0,20183.682,95,0,19908.398
KLWX20141221-8,KLWX20141221_124429_V06,2,1.494,1.200,4536,0,874.230,107,0,39.931
KLWX20141221-8,KLWX20141221_124429_V06,4,2.505,1.200,2262,0,25.781,7,0,22.061
KLWX20141221-8,KLWX20141221_124429_V06,5,3.516,1.200,2270,0,11.871,2,0,11.184
KLWX20141221-8,KLWX20141221_124429_V06,6,4.482,1.200,2271,0,15.857,1,0,15.452
KLWX20141221-5,KLWX20141221_122449_V06,0,0.483,1.200,1502,0,17739.263,102,0,17730.757
KLWX20141221-5,KLWX20141221_122449_V06,2,1.494,1.200,1506,0,31.092,467,0,12.001
KLWX20141221-5,KLWX20141221_122449_V06,4,2.505,1.200,752,0,35.322,158,0,15.678
KLWX20141221-5,KLWX20141221_122449_V06,5,3.516,1.200,753,0,41.037,213,0,15.043
KLWX20141221-5,KLWX20141221_122449_V06,6,4.482,1.200,755,0,9.217,54,0,6.216
KLWX20141222-6,KLWX20141222_121613_V06,0,0.483,1.200,2972,0,133444.020,114,0,130595.039
KLWX20141222-6,KLWX20141222_121613_V06,2,1.494,1.200,2972,0,58.176,224,0,50.912
KLWX20141222-6,KLWX20141222_121613_V06,4,2.505,1.200,1488,0,53.989,364,0,32.627
KLWX20141222-6,KLWX20141222_121613_V06,5,3.516,1.200,1492,0,26.073,356,0,16.079
KLWX20141222-6,KLWX20141222_121613_V06,6,4.482,1.200,1493,0,5.969,90,0,3.995
KLWX20141222-6,KLWX20141222_122603_V06,0,0.483,1.200,12836,3,410786.207,613,3,403858.465
KLWX20141222-6,KLWX20141222_122603_V06,2,1.494,1.200,12847,0,207.245,1561,0,136.780
KLWX20141222-6,KLWX20141222_122603_V06,4,2.505,1.200,6431,0,154.056,1092,0,86.232
KLWX20141222-6,KLWX20141222_122603_V06,5,3.516,1.200,6431,0,52.563,819,0,33.125
KLWX20141222-6,KLWX20141222_122603_V06,6,4.482,1.200,6446,0,21.302,550,0,15.480
KLWX20141222-6,KLWX20141222_123553_V06,0,0.483,1.200,17228,2,285909.380,748,1,273123.379
KLWX20141222-6,KLWX20141222_123553_V06,2,1.494,1.200,17239,0,181.694,1699,0,89.449
KLWX20141222-6,KLWX20141222_123553_V06,4,2.505,1.200,8630,0,68.830,413,0,45.541
KLWX20141222-6,KLWX20141222_123553_V06,5,3.516,1.200,8629,0,25.576,264,0,21.036
KLWX20141222-6,KLWX20141222_123553_V06,6,4.482,1.200,8639,0,21.052,178,0,18.764
KLWX20141222-6,KLWX20141222_124543_V06,0,0.483,1.200,32964,7,112925.005,2714,6,96552.184
KLWX20141222-6,KLWX20141222_124543_V06,2,1.450,1.200,32980,0,313.699,1589,0,130.818
KLWX20141222-6,KLWX20141222_124543_V06,4,2.417,1.200,16492,0,104.785,183,0,67.264
KLWX20141222-6,KLWX20141222_124543_V06,5,3.340,1.200,16509,0,34.232,154,0,26.786
KLWX20141222-6,KLWX20141222_124543_V06,6,4.307,1.200,16526,0,20.342,142,0,17.386
KLWX20141222-6,KLWX20141222_124543_V06,7,6.021,1.200,16579,0,27.569,530,0,21.930
KLWX20141222-7,KLWX20141222_121613_V06,0,0.483,1.200,360,0,12652.157,8,0,12647.510
KLWX20141222-7,KLWX20141222_121613_V06,2,1.494,1.200,358,0,10.145,36,0,6.800
KLWX20141222-7,KLWX20141222_121613_V06,4,2.505,1.200,188,0,0.403,0,0,0.403
KLWX20141222-7,KLWX20141222_121613_V06,5,3.516,1.200,192,0,0.125,0,0,0.125
KLWX20141222-7,KLWX20141222_121613_V06,6,4.482,1.200,193,0,0.126,0,0,0.126
KLWX20141222-7,KLWX20141222_122603_V06,0,0.483,1.200,3398,0,9515.407,125,0,9431.098
KLWX20141222-7,KLWX20141222_122603_V06,2,1.494,1.200,3403,0,54.621,340,0,30.726
KLWX20141222-7,KLWX20141222_122603_V06,4,2.505,1.200,1698,0,28.835,57,0,22.016
KLWX20141222-7,KLWX20141222_122603_V06,5,3.516,1.200,1705,0,8.129,6,0,7.417
KLWX20141222-7,KLWX20141222_122603_V06,6,4.482,1.200,1706,0,7.440,6,0,5.682
KLWX20141222-7,KLWX20141222_123553_V06,0,0.483,1.200,6403,0,8311.814,269,0,8174.334
KLWX20141222-7,KLWX20141222_123553_V06,2,1.494,1.200,6403,0,241.787,1654,0,117.282
KLWX20141222-7,KLWX20141222_123553_V06,4,2.505,1.200,3212,0,131.406,463,0,74.122
KLWX20141222-7,KLWX20141222_123553_V06,5,3.516,1.200,3211,0,19.122,11,0,15.304
KLWX20141222-7,KLWX20141222_123553_V06,6,4.482,1.200,3215,0,8.434,5,0,7.895
KLWX20141222-7,KLWX20141222_124543_V06,0,0.483,1.200,8154,0,8230.614,233,0,6904.867
KLWX20141222-7,KLWX20141222_124543_V06,2,1.450,1.200,8157,0,204.209,457,0,76.382
KLWX20141222-7,KLWX20141222_124543_V06,4,2.417,1.200,4082,0,61.763,1,0,60.653
KLWX20141222-7,KLWX20141222_124543_V06,5,3.340,1.200,4083,0,28.886,2,0,22.931
KLWX20141222-7,KLWX20141222_124543_V06,6,4.307,1.200,4097,0,33.013,1,0,30.105
KLWX20141222-2,KLWX20141222_121613_V06,0,0.483,1.200,489,1,82366.307,6,1,82274.547
KLWX20141222-2,KLWX20141222_121613_V06,2,1.494,1.200,487,0,18.250,8,0,17.689
KLWX20141222-2,KLWX20141222_121613_V06,4,2.505,1.200,244,0,0.275,0,0,0.275
KLWX20141222-2,KLWX20141222_121613_V06,5,3.516,1.200,244,0,0.150,0,0,0.150
KLWX20141222-2,KLWX20141222_121613_V06,6,4.482,1.200,244,0,0.151,0,0,0.151
KLWX20141222-2,KLWX20141222_122603_V06,0,0.483,1.200,4665,0,51903.667,119,0,51185.763
KLWX20141222-2,KLWX20141222_122603_V06,2,1.494,1.200,4662,0,9.028,42,0,7.300
KLWX20141222-2,KLWX20141222_122603_V06,4,2.505,1.200,2335,0,5.439,3,0,4.916
KLWX20141222-2,KLWX20141222_122603_V06,5,3.516,1.200,2337,0,6.174,15,0,3.322
KLWX20141222-2,KLWX20141222_122603_V06,6,4.482,1.200,2338,0,4.551,4,0,4.140
KLWX20141222-2,KLWX20141222_123553_V06,0,0.483,1.200,7237,0,13975.344,205,0,13886.328
KLWX20141222-2,KLWX20141222_123553_V06,2,1.494,1.200,7244,0,555.110,57,0,11.741
KLWX20141222-2,KLWX20141222_123553_V06,4,2.505,1.200,3618,0,773.021,234,0,36.966
KLWX20141222-2,KLWX20141222_123553_V06,5,3.516,1.200,3628,0,4904.087,786,0,46.704
KLWX20141222-2,KLWX20141222_123553_V06,6,4.482,1.200,3637,0,384.492,428,0,36.781
KLWX20141222-3,KLWX20141222_121613_V06,0,0.483,1.200,210,0,8340.107,0,0,8340.107
KLWX20141222-3,KLWX20141222_121613_V06,2,1.494,1.200,210,0,1.087,0,0,1.087
KLWX20141222-3,KLWX20141222_121613_V06,4,2.505,1.200,108,0,0.059,0,0,0.059
KLWX20141222-3,KLWX20141222_121613_V06,5,3.516,1.200,107,0,0.059,0,0,0.059
KLWX20141222-3,KLWX20141222_121613_V06,6,4.482,1.200,107,0,0.059,0,0,0.059
KLWX20141222-3,KLWX20141222_122603_V06,0,0.483,1.200,4882,0,14423.748,148,0,14341.645
KLWX20141222-3,KLWX20141222_122603_V06,2,1.494,1.200,4884,0,2.434,5,0,2.157
KLWX20141222-3,KLWX20141222_122603_V06,4,2.505,1.200,2442,0,21.993,13,0,17.740
KLWX20141222-3,KLWX20141222_122603_V06,5,3.516,1.200,2449,0,3263.133,608,0,30.931
KLWX20141222-3,KLWX20141222_122603_V06,6,4.482,1.200,2451,0,5577.373,1008,0,41.633
KLWX20141222-8,KLWX20141222_122603_V06,0,0.483,1.200,648,0,75870.891,4,0,74981.774
KLWX20141222-8,KLWX20141222_122603_V06,2,1.494,1.200,648,0,19.120,9,0,11.761
KLWX20141222-8,KLWX20141222_122603_V06,4,2.505,1.200,311,0,8.315,0,0,8.315
KLWX20141222-8,KLWX20141222_122603_V06,5,3.516,1.200,315,0,3.287,0,0,3.287
KLWX20141222-8,KLWX20141222_122603_V06,6,4.482,1.200,314,0,5.697,0,0,5.697
KLWX20141222-8,KLWX20141222_123553_V06,0,0.483,1.200,2332,0,60878.775,35,0,60811.666
KLWX20141222-8,KLWX20141222_123553_V06,2,1.494,1.200,2336,0,62.646,20,0,44.584
KLWX20141222-8,KLWX20141222_123553_V06,4,2.505,1.200,1170,0,64.833,0,0,64.833
KLWX20141222-8,KLWX20141222_123553_V06,5,3.516,1.200,1167,0,30.930,0,0,30.930
KLWX20141222-8,KLWX20141222_123553_V06,6,4.482,1.200,1174,0,23.554,3,0,20.896
KLWX20141222-5,KLWX20141222_121613_V06,0,0.483,1.200,4672,0,671435.065,1530,0,76108.648
KLWX20141222-9,KLWX20141222_122603_V06,0,0.483,1.200,2484,0,27045.984,63,0,27036.502
KLWX20141222-9,KLWX20141222_122603_V06,2,1.494,1.200,2485,0,10.622,59,0,8.627
KLWX20141222-9,KLWX20141222_122603_V06,4,2.505,1.200,1241,0,43.635,274,0,18.196
KLWX20141222-9,KLWX20141222_122603_V06,5,3.516,1.200,1244,0,6.193,53,0,3.494
KLWX20141222-9,KLWX20141222_122603_V06,6,4.482,1.200,1244,0,2.666,2,0,2.432
KLWX20141223-3,KLWX20141223_114051_V06,0,0.483,1.200,4764,0,59876.664,330,0,3562.849
KLWX20141223-3,KLWX20141223_114051_V06,2,1.450,1.200,4763,0,3578.508,96,0,344.721
KLWX20141224-1,KLWX20141224_113838_V06,0,0.483,1.200,22850,0,7548473.650,8749,0,793607.363
KLWX20141224-1,KLWX20141224_113838_V06,2,1.450,1.200,22868,0,3220431.272,11788,0,130489.027
KLWX20141224-1,KLWX20141224_114434_V06,0,0.483,1.200,26954,0,9420811.375,10632,0,703060.922
KLWX20141224-1,KLWX20141224_114434_V06,2,1.450,1.200,26974,0,2561895.092,12946,0,109180.766
KLWX20141224-4,KLWX20141224_123812_V06,0,0.483,1.200,10976,0,12026274.544,8637,0,725436.855
KLWX20141224-4,KLWX20141224_123812_V06,2,1.450,1.200,10998,0,3930433.194,9672,0,130582.670
KLWX20141224-10,KLWX20141224_133727_V06,0,0.483,1.200,23319,0,226596.045,4168,0,15201.628
KLWX20141224-10,KLWX20141224_133727_V06,2,1.450,1.200,23347,0,2009038.025,15310,0,122391.893
KLWX20141225-1,KLWX20141225_125821_V06,0,0.483,1.200,1327,0,18008.179,117,0,17503.642
KLWX20141225-1,KLWX20141225_125821_V06,2,1.450,1.200,1329,0,2.336,10,0,1.247
KLWX20141225-1,KLWX20141225_125821_V06,4,2.417,1.200,663,0,0.750,0,0,0.750
KLWX20141225-1,KLWX20141225_125821_V06,5,3.340,1.200,663,0,0.902,0,0,0.902
KLWX20141225-1,KLWX20141225_125821_V06,6,4.307,1.200,667,0,0.377,0,0,0.377
KLWX20141225-1,KLWX20141225_125821_V06,7,6.021,1.200,666,0,0.378,0,0,0.378
KLWX20141225-1,KLWX20141225_130320_V06,0,0.483,1.200,3716,0,18137.522,267,0,16358.138
KLWX20141225-1,KLWX20141225_130320_V06,2,1.450,1.200,3712,0,3.993,13,0,2.965
KLWX20141225-1,KLWX20141225_130320_V06,4,2.417,1.200,1859,0,1.046,0,0,1.046
KLWX20141225-1,KLWX20141225_130320_V06,5,3.340,1.200,1857,0,5.010,0,0,5.010
KLWX20141225-1,KLWX20141225_130320_V06,6,4.307,1.200,1861,0,1.053,0,0,1.053
KLWX20141225-1,KLWX20141225_130320_V06,7,6.021,1.200,1871,0,1.065,0,0,1.065
KLWX20141228-3,KLWX20141228_121715_V06,0,0.483,1.200,14442,0,823437.146,2978,0,19044.534
KLWX20141228-3,KLWX20141228_121715_V06,2,1.494,1.200,14448,0,199715.766,1931,0,15709.233
KLWX20141229-4,KLWX20141229_122303_V06,0,0.483,1.200,6079,0,108881.901,1051,0,9489.835
KLWX20141229-4,KLWX20141229_122801_V06,0,0.483,1.200,8873,0,285966.062,2480,0,33718.717
KLWX20141229-4,KLWX20141229_123259_V06,0,0.483,1.200,9473,0,411285.498,3638,0,46760.716
KLWX20141229-4,KLWX20141229_123757_V06,0,0.483,1.200,10720,0,571780.045,4960,0,52668.098
KLWX20141229-4,KLWX20141229_124256_V06,0,0.483,1.200,4686,0,396143.508,2485,0,28561.264
KLWX20141229-1,KLWX20141229_115247_V06,0,0.483,1.200,5346,0,1676562.713,4191,0,52918.848
KLWX20141229-1,KLWX20141229_115812_V06,0,0.483,1.200,7050,0,1655102.600,4437,0,42009.615
KLWX20141229-3,KLWX20141229_122303_V06,0,0.483,1.200,524,0,3491.001,10,0,3487.774
KLWX20141229-3,KLWX20141229_122303_V06,2,1.450,1.200,523,0,0.722,0,0,0.722
KLWX20141229-3,KLWX20141229_122303_V06,4,2.417,1.200,264,0,0.156,0,0,0.156
KLWX20141229-3,KLWX20141229_122303_V06,5,3.384,1.200,263,0,7.802,10,0,1.481
KLWX20141229-3,KLWX20141229_122303_V06,6,4.307,1.200,264,0,26.078,38,0,6.933
KLWX20141229-3,KLWX20141229_122303_V06,7,6.021,1.200,266,0,2292.101,264,0,2.083
KLWX20141229-3,KLWX20141229_122801_V06,0,0.483,1.200,2863,0,2483.154,86,0,2245.687
KLWX20141229-3,KLWX20141229_122801_V06,2,1.450,1.200,2867,0,1.869,1,0,1.491
KLWX20141229-3,KLWX20141229_122801_V06,4,2.417,1.200,1433,0,1.249,0,0,1.249
KLWX20141229-3,KLWX20141229_122801_V06,5,3.384,1.200,1437,0,24.194,19,0,13.602
KLWX20141229-3,KLWX20141229_122801_V06,6,4.307,1.200,1438,0,1185.814,580,0,13.320
KLWX20141229-3,KLWX20141229_122801_V06,7,6.021,1.200,1442,0,1975.044,1164,0,54.121
KLWX20141229-11,KLWX20141229_133237_V06,0,0.483,1.200,127,0,11014.451,6,0,11013.672
KLWX20141229-11,KLWX20141229_133237_V06,2,1.450,1.200,127,0,2.852,10,0,1.916
KLWX20141229-11,KLWX20141229_133237_V06,4,2.417,1.200,61,0,0.037,0,0,0.037
KLWX20141229-11,KLWX20141229_133237_V06,5,3.384,1.200,61,0,0.037,0,0,0.037
KLWX20141229-11,KLWX20141229_133237_V06,6,4.307,1.200,62,0,0.038,0,0,0.038
KLWX20141229-11,KLWX20141229_133237_V06,7,6.021,1.200,60,0,0.037,0,0,0.037
KLWX20141229-11,KLWX20141229_133802_V06,0,0.483,1.200,1630,0,8761.960,87,0,8516.495
KLWX20141229-11,KLWX20141229_133802_V06,2,1.450,1.200,1633,0,8.403,43,0,5.160
KLWX20141229-11,KLWX20141229_133802_V06,4,2.417,1.200,827,0,0.500,0,0,0.500
KLWX20141229-11,KLWX20141229_133802_V06,5,3.384,1.200,832,0,0.505,0,0,0.505
KLWX20141229-11,KLWX20141229_133802_V06,6,4.307,1.200,830,0,6.065,5,0,1.255
KLWX20141229-11,KLWX20141229_133802_V06,7,6.021,1.200,833,0,356.485,206,0,123.780
KLWX20141229-2,KLWX20141229_121805_V06,0,0.483,1.200,5000,0,187400.055,1558,0,27310.792
KLWX20141229-5,KLWX20141229_122303_V06,0,0.483,1.200,2056,0,15006.172,108,0,11556.945
KLWX20141229-5,KLWX20141229_122303_V06,2,1.450,1.200,2054,0,3.460,10,0,1.227
KLWX20141229-5,KLWX20141229_122303_V06,4,2.417,1.200,1025,0,2.804,0,0,2.804
KLWX20141229-5,KLWX20141229_122303_V06,5,3.384,1.200,1027,0,7.648,10,0,5.066
KLWX20141229-5,KLWX20141229_122303_V06,6,4.307,1.200,1034,0,6.748,4,0,3.102
KLWX20141229-5,KLWX20141229_122303_V06,7,6.021,1.200,1031,0,1319.381,514,0,120.996
KLWX20141229-8,KLWX20141229_123757_V06,0,0.483,1.200,12687,0,47510.734,1099,0,43460.575
KLWX20141229-8,KLWX20141229_123757_V06,2,1.450,1.200,12688,0,95.485,1253,0,34.108
KLWX20141229-8,KLWX20141229_123757_V06,4,2.417,1.200,6352,0,364.203,854,0,41.462
KLWX20141229-8,KLWX20141229_123757_V06,5,3.384,1.200,6354,0,245.716,1024,0,57.381
KLWX20141229-8,KLWX20141229_123757_V06,6,4.307,1.200,6360,0,121.720,876,0,73.322
KLWX20141229-8,KLWX20141229_123757_V06,7,6.021,1.200,6387,0,341.677,913,0,59.193
KLWX20141229-8,KLWX20141229_123757_V06,8,9.888,1.200,6439,0,305.983,1198,0,78.039
KLWX20141229-9,KLWX20141229_124256_V06,0,0.483,1.200,5750,0,95655.947,891,0,7420.079
KLWX20141229-9,KLWX20141229_124256_V06,2,1.450,1.200,5750,0,288355.536,1739,0,6785.167
KLWX20141230-8,KLWX20141230_133839_V06,0,0.483,1.200,1177,0,22015.983,58,0,21812.988
KLWX20141230-8,KLWX20141230_133839_V06,2,1.450,1.200,1182,0,7.803,11,0,6.372
KLWX20141230-8,KLWX20141230_133839_V06,4,2.417,1.200,590,0,0.341,0,0,0.341
KLWX20141230-8,KLWX20141230_133839_V06,5,3.384,1.200,588,0,1.030,0,0,1.030
KLWX20141230-8,KLWX20141230_133839_V06,6,4.307,1.200,590,0,322.545,337,0,41.252
KLWX20141230-8,KLWX20141230_133839_V06,7,6.021,1.200,593,0,172.631,188,0,18.408
KLWX20141230-8,KLWX20141230_134337_V06,0,0.483,1.200,3766,0,28252.329,165,0,27362.009
KLWX20141230-8,KLWX20141230_134337_V06,2,1.450,1.200,3770,0,8.996,12,0,8.030
KLWX20141230-8,KLWX20141230_134337_V06,4,2.417,1.200,1883,0,1.704,2,0,1.391
KLWX20141230-8,KLWX20141230_134337_V06,5,3.384,1.200,1889,0,224.008,106,0,18.527
KLWX20141230-8,KLWX20141230_134337_V06,6,4.307,1.200,1886,0,818.762,800,0,129.057
KLWX20141230-8,KLWX20141230_134337_V06,7,6.021,1.200,1893,0,803.768,671,0,41.783
KLWX20141230-3,KLWX20141230_115821_V06,0,0.483,1.200,3287,0,20848.809,264,0,18838.450
KLWX20141230-3,KLWX20141230_115821_V06,2,1.450,1.200,3289,0,8.399,51,0,4.554
KLWX20141230-3,KLWX20141230_115821_V06,4,2.417,1.200,1639,0,3.466,8,0,2.489
KLWX20141230-3,KLWX20141230_115821_V06,5,3.384,1.200,1641,0,1.213,2,0,1.033
KLWX20141230-3,KLWX20141230_115821_V06,6,4.307,1.200,1645,0,411.948,251,0,7.793
KLWX20141230-3,KLWX20141230_115821_V06,7,6.021,1.200,1650,0,2456.503,1066,0,104.486
KLWX20141230-3,KLWX20141230_115821_V06,8,9.888,1.200,1665,0,202.598,343,0,10.185
KLWX20141230-4,KLWX20141230_121841_V06,0,0.483,1.200,450,0,2051.321,19,0,2042.169
KLWX20141230-4,KLWX20141230_121841_V06,2,1.450,1.200,449,0,0.135,0,0,0.135
KLWX20141230-4,KLWX20141230_121841_V06,4,2.417,1.200,224,0,0.135,0,0,0.135
KLWX20141230-4,KLWX20141230_121841_V06,5,3.384,1.200,225,0,198.880,154,0,5.790
KLWX20141230-4,KLWX20141230_121841_V06,6,4.307,1.200,226,0,1328.219,226,0,0.000
KLWX20141230-4,KLWX20141230_121841_V06,7,6.021,1.200,227,0,81.670,80,0,13.997
KLWX20141230-5,KLWX20141230_122339_V06,0,0.483,1.200,3355,0,9551.868,184,0,6933.979
KLWX20141230-5,KLWX20141230_122339_V06,2,1.450,1.200,3358,0,4.019,12,0,2.901
KLWX20141230-5,KLWX20141230_122339_V06,4,2.417,1.200,1675,0,3.154,0,0,3.154
KLWX20141230-5,KLWX20141230_122339_V06,5,3.384,1.200,1682,0,4.116,5,0,2.528
KLWX20141230-5,KLWX20141230_122339_V06,6,4.307,1.200,1681,0,3.752,1,0,3.642
KLWX20141230-5,KLWX20141230_122339_V06,7,6.021,1.200,1687,0,40.137,36,0,16.045
KLWX20141230-6,KLWX20141230_122903_V06,0,0.483,1.200,3070,0,10314.116,85,0,2812.806
KLWX20141230-6,KLWX20141230_122903_V06,2,1.450,1.200,3072,0,13.348,6,0,7.242
KLWX20141230-6,KLWX20141230_122903_V06,4,2.417,1.200,1496,0,21.672,1,0,11.051
KLWX20141230-6,KLWX20141230_122903_V06,5,3.384,1.200,1499,0,5.573,0,0,5.573
KLWX20141230-6,KLWX20141230_122903_V06,6,4.307,1.200,1502,0,2.027,0,0,2.027
KLWX20141230-7,KLWX20141230_124855_V06,0,0.483,1.200,2672,0,1541.254,119,0,1379.828
KLWX20141230-7,KLWX20141230_124855_V06,2,1.450,1.200,2663,0,2.450,5,0,1.817
KLWX20141230-7,KLWX20141230_124855_V06,4,2.417,1.200,1351,0,112.201,50,0,28.011
KLWX20141230-7,KLWX20141230_124855_V06,5,3.384,1.200,1355,0,16477.412,968,0,119.871
KLWX20141230-7,KLWX20141230_124855_V06,6,4.307,1.200,1354,0,35650.269,1205,0,204.891
KLWX20141230-7,KLWX20141230_124855_V06,7,6.021,1.200,1357,0,5761.989,428,0,62.943
KLWX20141231-1,KLWX20141231_115431_V06,0,0.483,1.200,4093,0,5287.592,155,0,4793.247
KLWX20141231-1,KLWX20141231_115431_V06,2,1.494,1.200,4095,0,15.038,95,0,6.386
KLWX20141231-1,KLWX20141231_115431_V06,4,2.505,1.200,2047,0,4.219,6,0,3.806
KLWX20141231-1,KLWX20141231_115431_V06,5,3.516,1.200,2054,0,4.437,13,0,3.467
KLWX20141231-1,KLWX20141231_115431_V06,6,4.482,1.200,2055,0,2.577,9,0,2.148
KLWX20141231-2,KLWX20141231_121405_V06,0,0.483,1.200,144,0,1356.851,6,0,1341.135
KLWX20141231-2,KLWX20141231_121405_V06,2,1.494,1.200,144,0,0.173,2,0,0.142
KLWX20141231-2,KLWX20141231_121405_V06,4,2.505,1.200,72,0,0.023,0,0,0.023
KLWX20141231-2,KLWX20141231_121405_V06,5,3.516,1.200,72,0,0.023,0,0,0.023
KLWX20141231-2,KLWX20141231_121405_V06,6,4.482,1.200,72,0,0.023,0,0,0.023
