track_id,filename,sweep_idx,sweep_angle,count_scaling,n_roost_pixels,n_refAbove40_pixels,n_refBelow40_animals,n_xcorrAbove0.95_pixels,n_xcorrBelow0.95_refAbove40_pixels,n_xcorrBelow0.95_refBelow40_animals
KSHV20230602-1,KSHV20230602_104637_V06,0,0.308,1.200,1305,0,17360.458,28,0,17227.420
KSHV20230602-1,KSHV20230602_104637_V06,4,0.879,1.200,1305,0,682.787,157,0,617.207
KSHV20230602-1,KSHV20230602_104637_V06,6,1.318,1.200,1307,0,49.079,165,0,23.072
KSHV20230602-1,KSHV20230602_104637_V06,8,1.802,1.200,652,0,17.145,22,0,8.463
KSHV20230602-1,KSHV20230602_104637_V06,9,2.417,1.200,656,0,225.384,245,0,45.065
KSHV20230602-1,KSHV20230602_104637_V06,10,3.120,1.200,655,0,316.510,407,0,65.707
KSHV20230602-1,KSHV20230602_104637_V06,11,3.999,1.200,654,0,52.723,139,0,16.639
KSHV20230602-1,KSHV20230602_104637_V06,12,5.098,1.200,650,0,0.631,0,0,0.631
KSHV20230602-1,KSHV20230602_104637_V06,13,6.416,1.200,659,0,0.743,0,0,0.743
KSHV20230602-1,KSHV20230602_110400_V06,0,0.308,1.200,3210,0,34642.891,23,0,34375.824
KSHV20230602-1,KSHV20230602_110400_V06,4,0.879,1.200,3210,0,5228.007,116,0,5092.511
KSHV20230602-1,KSHV20230602_110400_V06,6,1.318,1.200,3208,0,1053.169,694,0,861.228
KSHV20230602-1,KSHV20230602_110400_V06,8,1.802,1.200,1606,0,89.018,95,0,47.645
KSHV20230602-1,KSHV20230602_110400_V06,9,2.417,1.200,1607,0,218.560,280,0,62.483
KSHV20230602-1,KSHV20230602_110400_V06,10,3.120,1.200,1609,0,729.881,958,0,175.464
KSHV20230602-1,KSHV20230602_110400_V06,11,3.999,1.200,1612,0,365.789,640,0,85.500
KSHV20230602-1,KSHV20230602_110400_V06,12,5.098,1.200,1615,0,39.069,128,0,13.230
KSHV20230602-1,KSHV20230602_110400_V06,13,6.416,1.200,1616,0,1.350,1,0,1.309
KSHV20230605-5,KSHV20230605_103858_V06,0,0.308,1.200,673,0,8972.927,41,0,8688.108
KSHV20230605-5,KSHV20230605_103858_V06,4,0.879,1.200,674,0,318.330,41,0,205.164
KSHV20230605-5,KSHV20230605_103858_V06,6,1.318,1.200,674,0,344.642,39,0,168.868
KSHV20230605-5,KSHV20230605_103858_V06,10,1.802,1.200,339,0,43.926,0,0,43.926
KSHV20230605-5,KSHV20230605_103858_V06,11,2.417,1.200,336,0,68.022,2,0,55.871
KSHV20230605-5,KSHV20230605_103858_V06,12,3.120,1.200,339,0,3837.423,221,0,382.275
KSHV20230605-6,KSHV20230605_103858_V06,0,0.308,1.200,879,0,30573.899,192,0,4460.499
KSHV20230605-6,KSHV20230605_103858_V06,4,0.879,1.200,881,0,58459.644,247,0,2490.059
KSHV20230605-6,KSHV20230605_103858_V06,6,1.318,1.200,880,0,46805.182,198,0,2227.340
KSHV20230605-8,KSHV20230605_111514_V06,0,0.308,1.200,13195,0,158846.974,3337,0,63068.955
KSHV20230605-8,KSHV20230605_111514_V06,4,0.879,1.200,13200,0,142605.530,4506,0,9243.391
KSHV20230605-8,KSHV20230605_111514_V06,6,1.318,1.200,13200,0,142437.225,6160,0,1787.587
KSHV20230605-8,KSHV20230605_111514_V06,8,1.802,1.200,6591,0,138218.409,2251,0,275.271
KSHV20230605-8,KSHV20230605_111514_V06,11,2.417,1.200,6593,0,166380.905,2251,0,123.006
KSHV20230605-8,KSHV20230605_111514_V06,12,3.120,1.200,6602,0,166276.716,2455,0,395.806
KSHV20230605-8,KSHV20230605_111514_V06,13,3.999,1.200,6609,0,431571.885,2923,0,14218.982
KSHV20230605-8,KSHV20230605_111514_V06,14,5.098,1.200,6630,0,359011.362,3321,0,12392.141
KSHV20230605-8,KSHV20230605_111514_V06,15,6.416,1.200,6640,0,141726.857,4063,0,1496.495
KSHV20230605-8,KSHV20230605_111514_V06,16,7.998,1.200,6661,0,64860.649,5281,0,1974.950
KSHV20230605-8,KSHV20230605_112122_V06,0,0.308,1.200,6401,0,115498.684,2407,0,31273.465
KSHV20230605-8,KSHV20230605_112122_V06,4,0.879,1.200,6405,0,113398.662,3286,0,3287.284
KSHV20230605-8,KSHV20230605_112122_V06,6,1.318,1.200,6409,0,136844.175,4093,0,698.274
KSHV20230605-8,KSHV20230605_112122_V06,8,1.802,1.200,3200,0,157235.567,1711,0,181.300
KSHV20230605-8,KSHV20230605_112122_V06,11,2.417,1.200,3202,0,212727.517,1833,0,134.843
KSHV20230605-8,KSHV20230605_112122_V06,12,3.120,1.200,3203,0,275128.583,2050,0,223.293
KSHV20230605-8,KSHV20230605_112122_V06,13,3.999,1.200,3209,0,518399.657,2123,0,14449.478
KSHV20230605-8,KSHV20230605_112122_V06,14,5.098,1.200,3215,0,467241.421,2227,0,10769.098
KSHV20230605-8,KSHV20230605_112122_V06,15,6.416,1.200,3223,0,134499.323,2707,0,1529.214
KSHV20230606-2,KSHV20230606_113508_V06,0,0.308,1.200,1689,0,79381.434,222,0,63968.149
KSHV20230606-2,KSHV20230606_113508_V06,4,0.879,1.200,1691,0,7810.012,507,0,5120.346
KSHV20230606-2,KSHV20230606_113508_V06,6,1.318,1.200,1693,0,1589.596,287,0,968.452
KSHV20230606-2,KSHV20230606_113508_V06,10,1.802,1.200,849,0,141.620,25,0,31.623
KSHV20230606-2,KSHV20230606_113508_V06,11,2.417,1.200,849,0,55.167,6,0,35.848
KSHV20230606-2,KSHV20230606_113508_V06,12,3.120,1.200,847,0,32.767,1,0,28.426
KSHV20230606-3,KSHV20230606_122037_V06,0,0.308,1.200,126,0,6103.867,1,0,5878.665
KSHV20230606-3,KSHV20230606_122037_V06,4,0.879,1.200,126,0,854.831,9,0,822.479
KSHV20230606-3,KSHV20230606_122037_V06,6,1.318,1.200,126,0,57.233,32,0,27.813
KSHV20230606-3,KSHV20230606_122037_V06,10,1.802,1.200,60,0,10.836,11,0,5.619
KSHV20230606-3,KSHV20230606_122037_V06,11,2.417,1.200,61,0,13.713,15,0,7.726
KSHV20230606-3,KSHV20230606_122037_V06,12,3.120,1.200,61,0,6.188,11,0,1.469
KSHV20230606-3,KSHV20230606_122037_V06,13,3.999,1.200,65,0,212.384,63,0,1.781
KSHV20230606-3,KSHV20230606_122037_V06,14,5.098,1.200,62,0,0.042,0,0,0.042
KSHV20230606-3,KSHV20230606_122037_V06,15,6.416,1.200,61,0,0.041,0,0,0.041
KSHV20230608-1,KSHV20230608_101055_V06,0,0.308,1.200,474,0,73052.222,23,0,72689.925
KSHV20230608-1,KSHV20230608_101055_V06,4,0.879,1.200,473,0,2080.034,60,0,1949.182
KSHV20230608-1,KSHV20230608_101055_V06,6,1.318,1.200,475,0,419.537,167,0,229.834
KSHV20230608-1,KSHV20230608_101055_V06,8,1.802,1.200,237,0,26.126,5,0,11.879
KSHV20230608-1,KSHV20230608_101055_V06,9,2.417,1.200,236,0,0.566,0,0,0.566
KSHV20230608-1,KSHV20230608_101055_V06,10,3.120,1.200,237,0,26.849,1,0,22.452
KSHV20230608-1,KSHV20230608_101937_V06,0,0.308,1.200,1947,0,178330.053,129,0,174984.999
KSHV20230608-1,KSHV20230608_101937_V06,4,0.879,1.200,1946,0,5617.115,440,0,4797.464
KSHV20230608-1,KSHV20230608_101937_V06,6,1.318,1.200,1946,0,2014.580,769,0,836.038
KSHV20230608-1,KSHV20230608_101937_V06,8,1.802,1.200,973,0,200.436,29,0,100.012
KSHV20230608-1,KSHV20230608_101937_V06,9,2.417,1.200,973,0,89.038,21,0,30.238
KSHV20230608-1,KSHV20230608_101937_V06,10,3.120,1.200,974,0,117.461,10,0,85.139
KSHV20230609-1,KSHV20230609_104729_V06,0,0.308,1.200,2733,0,24544.596,126,0,23644.949
KSHV20230609-1,KSHV20230609_104729_V06,4,0.879,1.200,2734,0,7208.752,83,0,6911.921
KSHV20230609-1,KSHV20230609_104729_V06,6,1.318,1.200,2736,0,2267.573,125,0,2049.839
KSHV20230609-1,KSHV20230609_104729_V06,8,1.802,1.200,1366,0,1001.537,222,0,613.219
KSHV20230609-1,KSHV20230609_104729_V06,9,2.417,1.200,1368,0,402.412,275,0,278.679
KSHV20230609-1,KSHV20230609_104729_V06,10,3.120,1.200,1367,0,163.442,426,0,78.463
KSHV20230609-1,KSHV20230609_104729_V06,11,3.999,1.200,1374,0,65.388,540,0,27.183
KSHV20230609-1,KSHV20230609_104729_V06,12,5.098,1.200,1372,0,116.762,723,0,37.024
KSHV20230609-1,KSHV20230609_104729_V06,13,6.416,1.200,1378,0,101.541,745,0,31.985
KSHV20230609-1,KSHV20230609_110602_V06,0,0.308,1.200,4014,0,64891.765,13,0,64385.204
KSHV20230609-1,KSHV20230609_110602_V06,4,0.879,1.200,4015,0,24329.747,0,0,24329.747
KSHV20230609-1,KSHV20230609_110602_V06,6,1.318,1.200,4018,0,11511.404,47,0,11369.787
KSHV20230609-1,KSHV20230609_110602_V06,8,1.802,1.200,2007,0,3344.512,441,0,2507.824
KSHV20230609-1,KSHV20230609_110602_V06,9,2.417,1.200,2011,0,703.429,362,0,492.889
KSHV20230609-1,KSHV20230609_110602_V06,10,3.120,1.200,2012,0,600.274,727,0,181.762
KSHV20230609-1,KSHV20230609_110602_V06,11,3.999,1.200,2014,0,1580.020,1431,0,236.820
KSHV20230609-1,KSHV20230609_110602_V06,12,5.098,1.200,2015,0,554.190,859,0,88.181
KSHV20230609-1,KSHV20230609_110602_V06,13,6.416,1.200,2019,0,53.254,193,0,14.459
KSHV20230610-1,KSHV20230610_103827_V06,0,0.308,1.200,1578,0,13436.446,62,0,12706.495
KSHV20230610-1,KSHV20230610_103827_V06,4,0.879,1.200,1578,0,3747.194,45,0,3544.302
KSHV20230610-1,KSHV20230610_103827_V06,6,1.318,1.200,1577,0,1087.352,136,0,805.147
KSHV20230610-1,KSHV20230610_103827_V06,8,1.802,1.200,789,0,309.567,183,0,98.789
KSHV20230610-1,KSHV20230610_103827_V06,9,2.417,1.200,790,0,92.131,231,0,35.003
KSHV20230610-1,KSHV20230610_103827_V06,10,3.120,1.200,792,0,34.349,276,0,14.706
KSHV20230610-1,KSHV20230610_103827_V06,11,3.999,1.200,793,0,23.718,308,0,9.797
KSHV20230610-1,KSHV20230610_103827_V06,12,5.098,1.200,794,0,24.738,320,0,12.687
KSHV20230610-1,KSHV20230610_103827_V06,13,6.416,1.200,795,0,40.008,422,0,16.650
KSHV20230611-1,KSHV20230611_120145_V06,0,0.308,1.200,46701,0,167343.196,7000,0,143127.484
KSHV20230611-1,KSHV20230611_120145_V06,4,0.879,1.200,46720,0,38421.063,5136,0,32727.686
KSHV20230611-1,KSHV20230611_120145_V06,6,1.318,1.200,46734,0,17468.056,5369,0,13157.320
KSHV20230611-1,KSHV20230611_120145_V06,8,1.802,1.200,23370,0,2968.608,782,0,1948.019
KSHV20230611-1,KSHV20230611_120145_V06,9,2.417,1.200,23383,0,1586.423,438,0,776.733
KSHV20230611-1,KSHV20230611_120145_V06,10,3.120,1.200,23405,0,3505.116,1633,0,972.529
KSHV20230612-1,KSHV20230612_104436_V06,0,0.308,1.200,776,0,14878.832,22,0,14747.988
KSHV20230612-1,KSHV20230612_104436_V06,4,0.879,1.200,776,0,1205.397,129,0,1108.915
KSHV20230612-1,KSHV20230612_104436_V06,6,1.318,1.200,778,0,361.797,467,0,147.939
KSHV20230612-1,KSHV20230612_104436_V06,10,1.802,1.200,389,0,262.891,208,0,84.581
KSHV20230612-1,KSHV20230612_104436_V06,11,2.417,1.200,392,0,255.011,220,0,95.246
KSHV20230612-1,KSHV20230612_104436_V06,12,3.120,1.200,391,0,165.214,180,0,59.733
KSHV20230612-1,KSHV20230612_104436_V06,13,3.999,1.200,393,0,355.590,275,0,62.651
KSHV20230612-1,KSHV20230612_104436_V06,14,5.098,1.200,392,0,337.443,212,0,43.675
KSHV20230612-1,KSHV20230612_104436_V06,15,6.416,1.200,393,0,0.303,0,0,0.303
KSHV20230612-1,KSHV20230612_105047_V06,0,0.308,1.200,3333,0,40588.213,231,0,39348.598
KSHV20230612-1,KSHV20230612_105047_V06,4,0.879,1.200,3337,0,4045.880,807,0,3474.357
KSHV20230612-1,KSHV20230612_105047_V06,6,1.318,1.200,3341,0,1216.313,1875,0,529.733
KSHV20230612-1,KSHV20230612_105047_V06,10,1.802,1.200,1667,0,954.068,798,0,403.598
KSHV20230612-1,KSHV20230612_105047_V06,11,2.417,1.200,1671,0,985.897,849,0,383.025
KSHV20230612-1,KSHV20230612_105047_V06,12,3.120,1.200,1672,0,978.418,958,0,314.870
KSHV20230612-1,KSHV20230612_105047_V06,13,3.999,1.200,1669,0,2165.259,1309,0,333.847
KSHV20230612-1,KSHV20230612_105047_V06,14,5.098,1.200,1675,0,1449.592,868,0,135.224
KSHV20230612-1,KSHV20230612_105047_V06,15,6.416,1.200,1684,0,154.099,136,0,13.740
KSHV20230612-1,KSHV20230612_110310_V06,0,0.308,1.200,4709,0,47126.659,252,0,45835.285
KSHV20230612-1,KSHV20230612_110310_V06,4,0.879,1.200,4708,0,11103.281,1015,0,9530.346
KSHV20230612-1,KSHV20230612_110310_V06,6,1.318,1.200,4706,0,2074.893,2202,0,1193.220
KSHV20230612-1,KSHV20230612_110310_V06,10,1.802,1.200,2352,0,653.611,468,0,347.041
KSHV20230612-1,KSHV20230612_110310_V06,11,2.417,1.200,2357,0,377.988,491,0,152.620
KSHV20230612-1,KSHV20230612_110310_V06,12,3.120,1.200,2357,0,811.183,1005,0,264.592
KSHV20230612-1,KSHV20230612_110310_V06,13,3.999,1.200,2365,0,3928.512,1728,0,510.489
KSHV20230612-1,KSHV20230612_110310_V06,14,5.098,1.200,2368,0,2736.455,1278,0,215.944
KSHV20230612-1,KSHV20230612_110310_V06,15,6.416,1.200,2370,0,379.876,276,0,32.735
KSHV20230612-2,KSHV20230612_104436_V06,0,0.308,1.200,588,0,258414.799,380,0,6271.126
KSHV20230612-2,KSHV20230612_104436_V06,4,0.879,1.200,589,0,868644.016,379,0,50278.008
KSHV20230612-2,KSHV20230612_104436_V06,6,1.318,1.200,591,0,393079.124,336,0,4819.478
KSHV20230612-4,KSHV20230612_105047_V06,0,0.308,1.200,214,0,15128.319,7,0,14230.850
KSHV20230612-4,KSHV20230612_105047_V06,4,0.879,1.200,216,0,902.523,68,0,683.608
KSHV20230612-4,KSHV20230612_105047_V06,6,1.318,1.200,216,0,514.975,170,0,108.580
KSHV20230612-4,KSHV20230612_105047_V06,10,1.802,1.200,120,0,198.374,38,0,41.841
KSHV20230612-4,KSHV20230612_105047_V06,11,2.417,1.200,119,0,186.879,44,0,33.473
KSHV20230612-4,KSHV20230612_105047_V06,12,3.120,1.200,115,0,0.252,0,0,0.252
KSHV20230613-2,KSHV20230613_101123_V06,0,0.308,1.200,2080,0,1374.925,100,0,325.393
KSHV20230613-2,KSHV20230613_101123_V06,4,0.879,1.200,2080,0,931.985,69,0,154.850
KSHV20230613-2,KSHV20230613_101123_V06,6,1.318,1.200,2077,0,13.020,2,0,5.812
KSHV20230613-2,KSHV20230613_101123_V06,8,1.802,1.200,1041,0,5.833,0,0,5.833
KSHV20230613-4,KSHV20230613_105144_V06,0,0.308,1.200,1809,0,16982.551,244,0,16139.218
KSHV20230613-4,KSHV20230613_105144_V06,4,0.879,1.200,1809,0,332.001,599,0,203.977
KSHV20230613-4,KSHV20230613_105144_V06,6,1.318,1.200,1808,0,32.283,196,0,11.946
KSHV20230613-4,KSHV20230613_105144_V06,8,1.802,1.200,903,0,6.255,3,0,5.006
KSHV20230613-4,KSHV20230613_105144_V06,9,2.417,1.200,905,0,10.581,5,0,7.893
KSHV20230613-4,KSHV20230613_105144_V06,10,3.120,1.200,907,0,15.499,3,0,14.955
KSHV20230613-4,KSHV20230613_105144_V06,11,3.999,1.200,906,0,413.135,378,0,102.101
KSHV20230613-4,KSHV20230613_105144_V06,12,5.098,1.200,908,0,228.923,237,0,61.577
KSHV20230613-4,KSHV20230613_105144_V06,13,6.416,1.200,911,0,1.200,1,0,1.104
KSHV20230613-4,KSHV20230613_110026_V06,0,0.308,1.200,9854,0,39288.403,1816,0,34782.821
KSHV20230613-4,KSHV20230613_110026_V06,4,0.879,1.200,9854,0,1842.573,2601,0,1187.811
KSHV20230613-4,KSHV20230613_110026_V06,6,1.318,1.200,9863,0,356.711,2065,0,131.002
KSHV20230613-4,KSHV20230613_110026_V06,8,1.802,1.200,4929,0,77.450,78,0,61.171
KSHV20230613-4,KSHV20230613_110026_V06,9,2.417,1.200,4930,0,50.297,81,0,43.366
KSHV20230613-4,KSHV20230613_110026_V06,10,3.120,1.200,4935,0,451.554,285,0,163.895
KSHV20230613-4,KSHV20230613_110026_V06,11,3.999,1.200,4941,0,1869.232,1531,0,460.679
KSHV20230613-4,KSHV20230613_110026_V06,12,5.098,1.200,4957,0,1105.905,1512,0,196.887
KSHV20230613-4,KSHV20230613_110026_V06,13,6.416,1.200,4957,0,481.520,836,0,70.194
KSHV20230613-4,KSHV20230613_110441_V06,0,0.308,1.200,1760,0,14766.955,184,0,14188.350
KSHV20230613-4,KSHV20230613_110441_V06,4,0.879,1.200,1758,0,547.804,643,0,345.007
KSHV20230613-4,KSHV20230613_110441_V06,6,1.318,1.200,1758,0,108.784,353,0,48.717
KSHV20230613-4,KSHV20230613_110441_V06,8,1.802,1.200,876,0,22.476,9,0,18.908
KSHV20230613-4,KSHV20230613_110441_V06,9,2.417,1.200,877,0,1.551,0,0,1.551
KSHV20230613-4,KSHV20230613_110441_V06,10,3.120,1.200,877,0,9.413,0,0,9.413
KSHV20230613-4,KSHV20230613_110441_V06,11,3.999,1.200,882,0,518.323,392,0,131.207
KSHV20230613-4,KSHV20230613_110441_V06,12,5.098,1.200,887,0,240.364,250,0,45.211
KSHV20230613-4,KSHV20230613_110441_V06,13,6.416,1.200,881,0,0.942,0,0,0.942
KSHV20230613-5,KSHV20230613_105144_V06,0,0.308,1.200,4570,0,30252.827,412,0,1550.867
KSHV20230613-5,KSHV20230613_105144_V06,4,0.879,1.200,4573,0,175540.953,1835,0,9232.677
KSHV20230613-5,KSHV20230613_105144_V06,6,1.318,1.200,4575,0,1537308.888,3705,0,9515.323
KSHV20230613-9,KSHV20230613_121600_V06,0,0.308,1.200,7403,0,194384.464,3202,0,85587.394
KSHV20230613-9,KSHV20230613_121600_V06,4,0.879,1.200,7412,0,1777.402,228,0,875.318
KSHV20230613-9,KSHV20230613_121600_V06,6,1.318,1.200,7416,0,125.941,12,0,50.469
KSHV20230613-9,KSHV20230613_121600_V06,8,1.802,1.200,3688,0,217.017,0,0,217.017
KSHV20230614-1,KSHV20230614_104140_V06,0,0.308,1.200,4199,0,24432.972,618,0,21454.414
KSHV20230614-1,KSHV20230614_104140_V06,4,0.879,1.200,4196,0,16209.162,661,0,13875.512
KSHV20230614-1,KSHV20230614_104140_V06,8,1.318,1.200,4196,0,2861.609,724,0,2306.208
KSHV20230614-1,KSHV20230614_104140_V06,10,1.802,1.200,2098,0,291.916,629,0,139.842
KSHV20230614-1,KSHV20230614_104140_V06,11,2.417,1.200,2097,0,46.264,555,0,27.848
KSHV20230614-1,KSHV20230614_104140_V06,12,3.120,1.200,2097,0,38.498,479,0,24.838
KSHV20230614-1,KSHV20230614_104140_V06,13,3.999,1.200,2098,0,42.363,611,0,18.869
KSHV20230614-1,KSHV20230614_104140_V06,14,5.098,1.200,2100,0,75.880,791,0,34.545
KSHV20230614-1,KSHV20230614_104140_V06,15,6.416,1.200,2110,0,98.093,760,0,56.846
KSHV20230614-1,KSHV20230614_104701_V06,0,0.308,1.200,10848,0,48780.190,1493,0,44177.576
KSHV20230614-1,KSHV20230614_104701_V06,4,0.879,1.200,10845,0,20089.146,1846,0,17011.415
KSHV20230614-1,KSHV20230614_104701_V06,8,1.318,1.200,10846,0,4181.350,2513,0,3146.835
KSHV20230614-1,KSHV20230614_104701_V06,10,1.802,1.200,5428,0,840.893,1314,0,418.261
KSHV20230614-1,KSHV20230614_104701_V06,11,2.417,1.200,5432,0,96.945,1089,0,54.130
KSHV20230614-1,KSHV20230614_104701_V06,12,3.120,1.200,5436,0,55.458,1151,0,28.953
KSHV20230614-1,KSHV20230614_104701_V06,13,3.999,1.200,5444,0,97.393,1410,0,43.609
KSHV20230614-1,KSHV20230614_104701_V06,14,5.098,1.200,5452,0,213.360,1837,0,106.662
KSHV20230614-1,KSHV20230614_104701_V06,15,6.416,1.200,5463,0,207.427,2070,0,97.803
KSHV20230614-3,KSHV20230614_104701_V06,0,0.308,1.200,3236,0,16713.710,752,0,14891.149
KSHV20230614-3,KSHV20230614_104701_V06,4,0.879,1.200,3241,0,526.915,1050,0,345.625
KSHV20230614-3,KSHV20230614_104701_V06,8,1.318,1.200,3240,0,29.117,215,0,11.603
KSHV20230614-3,KSHV20230614_104701_V06,10,1.802,1.200,1621,0,9.059,1,0,8.752
KSHV20230614-3,KSHV20230614_104701_V06,11,2.417,1.200,1620,0,95.552,126,0,37.515
KSHV20230614-3,KSHV20230614_104701_V06,12,3.120,1.200,1624,0,169.041,281,0,75.113
KSHV20230614-3,KSHV20230614_104701_V06,13,3.999,1.200,1621,0,66.982,171,0,34.456
KSHV20230614-3,KSHV20230614_104701_V06,14,5.098,1.200,1628,0,10.356,13,0,8.556
KSHV20230614-3,KSHV20230614_104701_V06,15,6.416,1.200,1636,0,3.469,7,0,2.836
KSHV20230614-3,KSHV20230614_105223_V06,0,0.308,1.200,7385,0,33783.918,1483,0,30311.618
KSHV20230614-3,KSHV20230614_105223_V06,4,0.879,1.200,7386,0,1159.894,2211,0,749.601
KSHV20230614-3,KSHV20230614_105223_V06,8,1.318,1.200,7386,0,100.347,1039,0,35.670
KSHV20230614-3,KSHV20230614_105223_V06,10,1.802,1.200,3699,0,29.151,36,0,25.111
KSHV20230614-3,KSHV20230614_105223_V06,11,2.417,1.200,3705,0,111.540,109,0,67.866
KSHV20230614-3,KSHV20230614_105223_V06,12,3.120,1.200,3702,0,285.837,404,0,152.627
KSHV20230614-3,KSHV20230614_105223_V06,13,3.999,1.200,3707,0,207.229,616,0,103.112
KSHV20230614-3,KSHV20230614_105223_V06,14,5.098,1.200,3706,0,87.390,279,0,46.148
KSHV20230614-3,KSHV20230614_105223_V06,15,6.416,1.200,3721,0,37.368,170,0,16.182
KSHV20230614-3,KSHV20230614_110307_V06,0,0.308,1.200,2545,0,18262.758,234,0,17120.572
KSHV20230614-3,KSHV20230614_110307_V06,4,0.879,1.200,2540,0,1705.091,865,0,1208.026
KSHV20230614-3,KSHV20230614_110307_V06,8,1.318,1.200,2544,0,197.629,517,0,102.464
KSHV20230614-3,KSHV20230614_110307_V06,10,1.802,1.200,1270,0,7.304,2,0,6.611
KSHV20230614-3,KSHV20230614_110307_V06,11,2.417,1.200,1270,0,10.703,1,0,10.293
KSHV20230614-3,KSHV20230614_110307_V06,12,3.120,1.200,1273,0,39.216,11,0,35.024
KSHV20230614-3,KSHV20230614_110307_V06,13,3.999,1.200,1279,0,70.324,53,0,48.335
KSHV20230614-3,KSHV20230614_110307_V06,14,5.098,1.200,1279,0,25.351,51,0,14.569
KSHV20230614-3,KSHV20230614_110307_V06,15,6.416,1.200,1280,0,1.350,0,0,1.350
KSHV20230615-1,KSHV20230615_105318_V06,0,0.308,1.200,10981,1,34952.037,1033,1,31973.513
KSHV20230615-1,KSHV20230615_105318_V06,4,0.879,1.200,10984,0,4497.335,1531,0,3821.128
KSHV20230615-1,KSHV20230615_105318_V06,6,1.318,1.200,10983,0,1434.597,1968,0,1045.185
KSHV20230615-1,KSHV20230615_105318_V06,10,1.802,1.200,5498,0,510.137,1510,0,385.000
KSHV20230615-1,KSHV20230615_105318_V06,11,2.417,1.200,5500,0,223.469,1498,0,131.350
KSHV20230615-1,KSHV20230615_105318_V06,12,3.120,1.200,5502,0,108.240,1554,0,63.677
KSHV20230615-1,KSHV20230615_105318_V06,13,3.999,1.200,5504,0,102.321,1616,0,50.775
KSHV20230615-1,KSHV20230615_105318_V06,14,5.098,1.200,5512,0,152.159,1931,0,48.388
KSHV20230615-1,KSHV20230615_105318_V06,15,6.416,1.200,5523,0,354.214,2312,0,95.357
KSHV20230615-1,KSHV20230615_105318_V06,16,7.998,1.200,5547,0,438.812,2240,0,170.586
KSHV20230615-2,KSHV20230615_105318_V06,0,0.308,1.200,1832,0,9937.405,321,0,9322.765
KSHV20230615-2,KSHV20230615_105318_V06,4,0.879,1.200,1829,0,263.062,553,0,152.614
KSHV20230615-2,KSHV20230615_105318_V06,6,1.318,1.200,1835,0,27.333,133,0,13.095
KSHV20230615-2,KSHV20230615_105318_V06,10,1.802,1.200,920,0,7.732,1,0,7.409
KSHV20230615-2,KSHV20230615_105318_V06,11,2.417,1.200,920,0,9.912,5,0,8.686
KSHV20230615-2,KSHV20230615_105318_V06,12,3.120,1.200,921,0,373.689,200,0,129.534
KSHV20230615-2,KSHV20230615_105318_V06,13,3.999,1.200,921,0,859.376,526,0,211.311
KSHV20230615-2,KSHV20230615_105318_V06,14,5.098,1.200,918,0,50.449,79,0,18.044
KSHV20230615-2,KSHV20230615_105318_V06,15,6.416,1.200,925,0,0.682,0,0,0.682
KSHV20230616-4,KSHV20230616_104314_V06,0,0.308,1.200,30,0,25.411,1,0,20.757
KSHV20230616-4,KSHV20230616_104314_V06,4,0.879,1.200,31,0,0.072,0,0,0.072
KSHV20230616-4,KSHV20230616_104314_V06,8,1.318,1.200,34,0,276.773,9,0,104.287
KSHV20230616-4,KSHV20230616_104314_V06,10,1.802,1.200,22,0,37.152,0,0,37.152
KSHV20230616-7,KSHV20230616_111023_V06,0,0.308,1.200,854,16,4522920.296,95,13,3764555.098
KSHV20230616-7,KSHV20230616_111023_V06,4,0.879,1.200,859,0,142531.611,161,0,128343.961
KSHV20230616-7,KSHV20230616_111023_V06,8,1.318,1.200,850,0,5381.288,97,0,2627.394
KSHV20230616-9,KSHV20230616_113542_V06,0,0.308,1.200,2678,16,266460.569,529,0,24598.927
KSHV20230616-9,KSHV20230616_113542_V06,4,0.879,1.200,2680,10,151985.226,1329,0,3040.391
KSHV20230616-9,KSHV20230616_113542_V06,8,1.318,1.200,2681,0,3660.414,1132,0,434.075
KSHV20230616-9,KSHV20230616_113542_V06,10,1.802,1.200,1340,0,1733.558,322,0,218.359
KSHV20230616-9,KSHV20230616_113542_V06,11,2.417,1.200,1343,0,887.893,199,0,170.717
KSHV20230616-9,KSHV20230616_113542_V06,14,3.120,1.200,1344,0,361.565,106,0,125.817
KSHV20230616-9,KSHV20230616_113542_V06,15,3.999,1.200,1341,0,466.303,142,0,152.681
KSHV20230616-9,KSHV20230616_113542_V06,16,5.098,1.200,1349,0,2038.312,281,0,77.975
KSHV20230617-1,KSHV20230617_103428_V06,0,0.308,1.200,464,0,10353.649,3,0,10317.006
KSHV20230617-1,KSHV20230617_103428_V06,4,0.879,1.200,464,0,6504.935,3,0,6422.015
KSHV20230617-1,KSHV20230617_103428_V06,6,1.318,1.200,464,0,862.591,5,0,832.824
KSHV20230617-1,KSHV20230617_103428_V06,8,1.802,1.200,231,0,290.143,35,0,241.180
KSHV20230617-1,KSHV20230617_103428_V06,9,2.417,1.200,230,0,331.722,122,0,119.778
KSHV20230617-1,KSHV20230617_103428_V06,10,3.120,1.200,230,0,87.868,65,0,58.666
KSHV20230617-1,KSHV20230617_103428_V06,11,3.999,1.200,230,0,47.207,90,0,26.003
KSHV20230617-1,KSHV20230617_103428_V06,12,5.098,1.200,229,0,36.395,46,0,28.314
KSHV20230617-1,KSHV20230617_103428_V06,13,6.416,1.200,231,0,25.563,40,0,20.015
KSHV20230617-1,KSHV20230617_104301_V06,0,0.308,1.200,5709,0,52731.788,73,0,51681.222
KSHV20230617-1,KSHV20230617_104301_V06,4,0.879,1.200,5709,0,34675.186,53,0,34080.425
KSHV20230617-1,KSHV20230617_104301_V06,6,1.318,1.200,5711,0,24191.417,97,0,23723.535
KSHV20230617-1,KSHV20230617_104301_V06,8,1.802,1.200,2858,0,14260.272,319,0,11831.613
KSHV20230617-1,KSHV20230617_104301_V06,9,2.417,1.200,2859,0,2703.536,503,0,1991.543
KSHV20230617-1,KSHV20230617_104301_V06,10,3.120,1.200,2864,0,1024.487,761,0,672.505
KSHV20230617-1,KSHV20230617_104301_V06,11,3.999,1.200,2864,0,700.863,852,0,456.794
KSHV20230617-1,KSHV20230617_104301_V06,12,5.098,1.200,2863,0,618.443,875,0,400.935
KSHV20230617-1,KSHV20230617_104301_V06,13,6.416,1.200,2876,0,413.506,938,0,258.372
KSHV20230617-1,KSHV20230617_105135_V06,0,0.308,1.200,7123,0,103070.190,101,0,101794.425
KSHV20230617-1,KSHV20230617_105135_V06,4,0.879,1.200,7125,0,37742.851,86,0,37235.079
KSHV20230617-1,KSHV20230617_105135_V06,6,1.318,1.200,7125,0,25885.117,85,0,25446.860
KSHV20230617-1,KSHV20230617_105135_V06,8,1.802,1.200,3565,0,16042.016,235,0,14606.439
KSHV20230617-1,KSHV20230617_105135_V06,9,2.417,1.200,3569,0,4067.882,449,0,3130.273
KSHV20230617-1,KSHV20230617_105135_V06,10,3.120,1.200,3572,0,1077.706,661,0,807.613
KSHV20230617-1,KSHV20230617_105135_V06,11,3.999,1.200,3573,0,740.884,821,0,505.260
KSHV20230617-1,KSHV20230617_105135_V06,12,5.098,1.200,3578,0,751.247,873,0,515.616
KSHV20230617-1,KSHV20230617_105135_V06,13,6.416,1.200,3588,0,630.561,1116,0,369.367
KSHV20230617-1,KSHV20230617_110843_V06,0,0.308,1.200,33257,1,275512.964,610,0,272228.461
KSHV20230617-1,KSHV20230617_110843_V06,4,0.879,1.200,33263,0,116572.381,831,0,114781.719
KSHV20230617-1,KSHV20230617_110843_V06,6,1.318,1.200,33268,0,104788.566,934,0,102782.342
KSHV20230617-1,KSHV20230617_110843_V06,8,1.802,1.200,16636,0,69851.218,1929,0,59734.445
KSHV20230617-1,KSHV20230617_110843_V06,9,2.417,1.200,16641,0,25599.265,2680,0,20621.772
KSHV20230617-1,KSHV20230617_110843_V06,10,3.120,1.200,16654,0,12906.537,3400,0,9699.931
KSHV20230617-1,KSHV20230617_110843_V06,11,3.999,1.200,16668,0,6476.364,4483,0,4564.862
KSHV20230617-1,KSHV20230617_110843_V06,12,5.098,1.200,16701,0,3346.823,5432,0,2029.203
KSHV20230617-1,KSHV20230617_110843_V06,13,6.416,1.200,16748,0,5073.969,6760,0,1093.591
KSHV20230617-3,KSHV20230617_110843_V06,0,0.308,1.200,2028,0,119791.154,0,0,119791.154
KSHV20230617-3,KSHV20230617_110843_V06,4,0.879,1.200,2029,0,8873.612,143,0,8438.106
KSHV20230617-3,KSHV20230617_110843_V06,6,1.318,1.200,2030,0,3989.586,1206,0,1490.379
KSHV20230617-3,KSHV20230617_110843_V06,8,1.802,1.200,1010,0,4391.797,676,0,559.280
KSHV20230617-3,KSHV20230617_110843_V06,9,2.417,1.200,1012,0,8948.774,922,0,549.495
KSHV20230617-3,KSHV20230617_110843_V06,10,3.120,1.200,1014,0,2166.329,458,0,145.141
KSHV20230617-3,KSHV20230617_111716_V06,0,0.308,1.200,5902,0,332829.745,13,0,332053.861
KSHV20230617-3,KSHV20230617_111716_V06,4,0.879,1.200,5906,0,20826.857,373,0,19746.229
KSHV20230617-3,KSHV20230617_111716_V06,6,1.318,1.200,5906,0,11026.913,2258,0,6792.911
KSHV20230617-3,KSHV20230617_111716_V06,8,1.802,1.200,2964,0,15009.027,1627,0,3031.972
KSHV20230617-3,KSHV20230617_111716_V06,9,2.417,1.200,2961,0,29889.590,2339,0,1646.642
KSHV20230617-3,KSHV20230617_111716_V06,10,3.120,1.200,2960,0,11941.319,1623,0,554.470
KSHV20230617-4,KSHV20230617_121821_V06,0,0.308,1.200,2398,0,260466.851,28,0,256239.997
KSHV20230617-4,KSHV20230617_121821_V06,4,0.879,1.200,2397,0,5539.672,453,0,4696.838
KSHV20230617-4,KSHV20230617_121821_V06,6,1.318,1.200,2397,0,1550.621,799,0,1087.227
KSHV20230617-4,KSHV20230617_121821_V06,8,1.802,1.200,1195,0,791.633,155,0,459.651
KSHV20230617-4,KSHV20230617_121821_V06,9,2.417,1.200,1198,0,8623.633,690,0,986.684
KSHV20230617-4,KSHV20230617_121821_V06,10,3.120,1.200,1200,0,17100.072,1156,0,260.797
KSHV20230617-4,KSHV20230617_121821_V06,11,3.999,1.200,1199,0,1110.504,383,0,69.882
KSHV20230618-22,KSHV20230618_122159_V06,0,0.308,1.200,4661,4,1755774.019,999,0,8762.995
KSHV20230618-22,KSHV20230618_122159_V06,4,0.879,1.200,4662,9,1695406.927,578,0,2232.599
KSHV20230618-22,KSHV20230618_122159_V06,6,1.318,1.200,4661,8,1143064.389,460,0,1756.867
KSHV20230618-22,KSHV20230618_122159_V06,10,1.802,1.200,2331,0,435012.659,104,0,2168.808
KSHV20230618-22,KSHV20230618_122800_V06,0,0.308,1.200,6865,0,766877.261,1542,0,15055.000
KSHV20230618-22,KSHV20230618_122800_V06,4,0.879,1.200,6869,0,515452.942,735,0,3396.342
KSHV20230618-22,KSHV20230618_122800_V06,6,1.318,1.200,6880,0,387278.269,604,0,1757.630
KSHV20230618-22,KSHV20230618_122800_V06,10,1.802,1.200,3428,0,88198.197,88,0,531.186
KSHV20230618-3,KSHV20230618_102200_V06,0,0.308,1.200,1085,0,8943.810,93,0,1921.900
KSHV20230618-3,KSHV20230618_102200_V06,4,0.879,1.200,1084,0,71886.574,253,0,704.551
KSHV20230618-9,KSHV20230618_111340_V06,0,0.308,1.200,57911,3410,31161545.709,26708,34,540094.740
KSHV20230618-9,KSHV20230618_111340_V06,4,0.879,1.200,57924,2753,33751036.464,23790,21,503347.643
KSHV20230618-9,KSHV20230618_111340_V06,6,1.318,1.200,57940,2434,44051972.860,22208,31,4905824.179
KSHV20230618-9,KSHV20230618_111340_V06,10,1.802,1.200,28986,1001,30543759.612,8220,19,2682630.026
KSHV20230618-9,KSHV20230618_111340_V06,11,2.417,1.200,28998,895,18184027.957,10381,32,686229.237
KSHV20230618-9,KSHV20230618_111340_V06,12,3.120,1.200,29033,680,20047039.154,13334,14,254848.483
KSHV20230618-12,KSHV20230618_112636_V06,0,0.308,1.200,1064,0,168968.076,261,0,16100.957
KSHV20230618-12,KSHV20230618_112636_V06,4,0.879,1.200,1069,2,390579.056,709,0,1936.486
KSHV20230618-12,KSHV20230618_112636_V06,6,1.318,1.200,1067,2,401061.852,885,0,479.914
KSHV20230618-12,KSHV20230618_112636_V06,10,1.802,1.200,537,0,101741.917,171,0,38.652
KSHV20230618-12,KSHV20230618_112636_V06,11,2.417,1.200,536,0,104897.407,137,0,835.619
KSHV20230618-12,KSHV20230618_112636_V06,12,3.120,1.200,536,0,43340.320,90,0,20.564
KSHV20230618-12,KSHV20230618_112636_V06,13,3.999,1.200,541,0,3483.527,24,0,20.007
KSHV20230618-16,KSHV20230618_114533_V06,0,0.308,1.200,4106,0,212608.284,473,0,162662.452
KSHV20230618-16,KSHV20230618_114533_V06,4,0.879,1.200,4109,0,53072.329,723,0,40656.812
KSHV20230618-16,KSHV20230618_114533_V06,6,1.318,1.200,4107,0,18743.138,1385,0,12938.443
KSHV20230618-16,KSHV20230618_114533_V06,10,1.802,1.200,2055,0,9653.025,720,0,3859.956
KSHV20230618-16,KSHV20230618_114533_V06,11,2.417,1.200,2053,0,6205.534,423,0,667.701
KSHV20230618-16,KSHV20230618_114533_V06,12,3.120,1.200,2057,0,11575.304,195,0,273.437
KSHV20230618-16,KSHV20230618_114533_V06,13,3.999,1.200,2060,0,12815.538,387,0,167.370
KSHV20230618-16,KSHV20230618_114533_V06,14,5.098,1.200,2064,0,79992.731,990,0,113.187
KSHV20230619-1,KSHV20230619_103305_V06,0,0.308,1.200,2752,0,14510.327,454,0,12670.379
KSHV20230619-1,KSHV20230619_103305_V06,6,0.879,1.200,2749,0,18990.822,418,0,16323.057
KSHV20230619-1,KSHV20230619_103305_V06,8,1.318,1.200,2750,0,8395.734,472,0,6425.111
KSHV20230619-1,KSHV20230619_103305_V06,12,1.802,1.200,1376,0,2990.978,430,0,1841.338
KSHV20230619-1,KSHV20230619_103305_V06,13,2.417,1.200,1374,0,511.282,619,0,263.736
KSHV20230619-1,KSHV20230619_103305_V06,14,3.120,1.200,1375,0,186.097,664,0,83.580
KSHV20230619-1,KSHV20230619_103305_V06,15,3.999,1.200,1374,0,122.743,615,0,57.501
KSHV20230619-1,KSHV20230619_103305_V06,16,5.098,1.200,1376,0,109.314,688,0,41.089
KSHV20230619-1,KSHV20230619_103305_V06,17,6.416,1.200,1388,0,136.952,664,0,27.757
KSHV20230619-1,KSHV20230619_103913_V06,0,0.308,1.200,8880,2,26704.821,1200,2,23438.842
KSHV20230619-1,KSHV20230619_103913_V06,6,0.879,1.200,8876,0,30776.316,1518,0,25736.117
KSHV20230619-1,KSHV20230619_103913_V06,8,1.318,1.200,8878,0,22454.811,1660,0,18011.802
KSHV20230619-1,KSHV20230619_103913_V06,12,1.802,1.200,4438,0,11250.961,1504,0,7342.707
KSHV20230619-1,KSHV20230619_103913_V06,13,2.417,1.200,4436,0,2587.500,1776,0,1403.368
KSHV20230619-1,KSHV20230619_103913_V06,14,3.120,1.200,4437,0,878.377,1993,0,395.142
KSHV20230619-1,KSHV20230619_103913_V06,15,3.999,1.200,4446,0,543.216,1821,0,243.294
KSHV20230619-1,KSHV20230619_103913_V06,16,5.098,1.200,4456,0,463.100,2192,0,132.310
KSHV20230619-1,KSHV20230619_103913_V06,17,6.416,1.200,4476,0,379.076,2054,0,118.168
KSHV20230619-1,KSHV20230619_104521_V06,0,0.308,1.200,12436,1,63635.676,1442,1,58896.462
KSHV20230619-1,KSHV20230619_104521_V06,6,0.879,1.200,12443,0,52747.611,1907,0,47886.195
KSHV20230619-1,KSHV20230619_104521_V06,8,1.318,1.200,12437,0,42702.301,2040,0,36160.428
KSHV20230619-1,KSHV20230619_104521_V06,12,1.802,1.200,6218,0,25849.339,1804,0,16485.807
KSHV20230619-1,KSHV20230619_104521_V06,13,2.417,1.200,6222,0,8417.015,2038,0,5057.591
KSHV20230619-1,KSHV20230619_104521_V06,14,3.120,1.200,6226,0,2156.228,2526,0,1101.957
KSHV20230619-1,KSHV20230619_104521_V06,15,3.999,1.200,6236,0,1094.720,2526,0,578.981
KSHV20230619-1,KSHV20230619_104521_V06,16,5.098,1.200,6254,0,623.087,2899,0,213.243
KSHV20230619-1,KSHV20230619_104521_V06,17,6.416,1.200,6260,0,600.310,2993,0,201.495
KSHV20230619-4,KSHV20230619_105129_V06,0,0.308,1.200,257,0,35039.209,24,0,33670.414
KSHV20230619-4,KSHV20230619_105129_V06,6,0.879,1.200,272,0,3164.133,129,0,1715.517
KSHV20230619-4,KSHV20230619_105129_V06,8,1.318,1.200,262,0,1549.376,167,0,204.599
KSHV20230619-4,KSHV20230619_105129_V06,12,1.802,1.200,127,0,108.528,0,0,108.528
KSHV20230620-2,KSHV20230620_103435_V06,0,0.308,1.200,1396,0,10559.268,97,0,9967.329
KSHV20230620-2,KSHV20230620_103435_V06,4,0.879,1.200,1395,0,12418.731,106,0,11195.057
KSHV20230620-2,KSHV20230620_103435_V06,6,1.318,1.200,1396,0,5540.238,133,0,4260.343
KSHV20230620-2,KSHV20230620_103435_V06,8,1.802,1.200,697,0,612.946,109,0,364.857
KSHV20230620-2,KSHV20230620_103435_V06,9,2.417,1.200,698,0,73.349,213,0,43.212
KSHV20230620-2,KSHV20230620_103435_V06,10,3.120,1.200,697,0,44.587,234,0,27.739
KSHV20230620-2,KSHV20230620_103435_V06,11,3.999,1.200,699,0,46.817,285,0,24.853
KSHV20230620-2,KSHV20230620_103435_V06,12,5.098,1.200,702,0,83.716,334,0,42.867
KSHV20230620-2,KSHV20230620_103435_V06,13,6.416,1.200,708,0,45.923,237,0,30.381
KSHV20230620-2,KSHV20230620_103435_V06,14,7.998,1.200,708,0,62.566,232,0,26.508
KSHV20230620-2,KSHV20230620_104022_V06,0,0.308,1.200,7036,1,44819.824,416,0,42447.321
KSHV20230620-2,KSHV20230620_104022_V06,4,0.879,1.200,7039,0,30047.566,617,0,26891.567
KSHV20230620-2,KSHV20230620_104022_V06,6,1.318,1.200,7041,0,18322.609,1051,0,14818.489
KSHV20230620-2,KSHV20230620_104022_V06,8,1.802,1.200,3527,0,3909.532,743,0,2778.770
KSHV20230620-2,KSHV20230620_104022_V06,9,2.417,1.200,3530,0,855.907,1046,0,530.545
KSHV20230620-2,KSHV20230620_104022_V06,10,3.120,1.200,3531,0,261.077,1332,0,128.309
KSHV20230620-2,KSHV20230620_104022_V06,11,3.999,1.200,3530,0,284.653,1514,0,147.172
KSHV20230620-2,KSHV20230620_104022_V06,12,5.098,1.200,3537,0,288.819,1619,0,160.316
KSHV20230620-2,KSHV20230620_104022_V06,13,6.416,1.200,3547,0,265.217,1628,0,129.454
KSHV20230620-2,KSHV20230620_104022_V06,14,7.998,1.200,3557,0,566.677,1638,0,159.395
KSHV20230620-2,KSHV20230620_104610_V06,0,0.308,1.200,3196,0,65447.920,116,0,63149.239
KSHV20230620-2,KSHV20230620_104610_V06,4,0.879,1.200,3195,0,34536.534,207,0,32186.147
KSHV20230620-2,KSHV20230620_104610_V06,6,1.318,1.200,3195,0,19835.799,337,0,16408.581
KSHV20230620-2,KSHV20230620_104610_V06,8,1.802,1.200,1598,0,6639.539,266,0,4045.074
KSHV20230620-2,KSHV20230620_104610_V06,9,2.417,1.200,1599,0,2240.629,345,0,1146.423
KSHV20230620-2,KSHV20230620_104610_V06,10,3.120,1.200,1601,0,335.415,434,0,201.984
KSHV20230620-2,KSHV20230620_104610_V06,11,3.999,1.200,1605,0,69.378,565,0,26.541
KSHV20230620-2,KSHV20230620_104610_V06,12,5.098,1.200,1611,0,78.238,665,0,46.230
KSHV20230620-2,KSHV20230620_104610_V06,13,6.416,1.200,1615,0,77.071,694,0,46.877
KSHV20230620-2,KSHV20230620_104610_V06,14,7.998,1.200,1621,0,84.816,531,0,52.344
KSHV20230620-6,KSHV20230620_105156_V06,0,0.308,1.200,1987,0,18012.056,124,0,17485.448
KSHV20230620-6,KSHV20230620_105156_V06,4,0.879,1.200,1987,0,601.492,530,0,494.615
KSHV20230620-6,KSHV20230620_105156_V06,6,1.318,1.200,1985,0,142.549,666,0,54.495
KSHV20230620-6,KSHV20230620_105156_V06,8,1.802,1.200,991,0,571.443,356,0,276.173
KSHV20230620-6,KSHV20230620_105156_V06,9,2.417,1.200,990,0,1100.883,427,0,632.932
KSHV20230620-6,KSHV20230620_105156_V06,10,3.120,1.200,994,0,584.126,461,0,249.149
KSHV20230620-6,KSHV20230620_105156_V06,11,3.999,1.200,997,0,1523.687,659,0,340.554
KSHV20230620-6,KSHV20230620_105156_V06,12,5.098,1.200,995,0,757.155,528,0,100.091
KSHV20230620-6,KSHV20230620_105156_V06,13,6.416,1.200,995,0,7.220,23,0,1.843
KSHV20230620-6,KSHV20230620_110259_V06,0,0.308,1.200,3198,0,27610.318,148,0,26866.018
KSHV20230620-6,KSHV20230620_110259_V06,4,0.879,1.200,3198,0,1151.521,958,0,846.657
KSHV20230620-6,KSHV20230620_110259_V06,6,1.318,1.200,3200,0,413.814,1034,0,219.457
KSHV20230620-6,KSHV20230620_110259_V06,8,1.802,1.200,1601,0,500.467,318,0,234.419
KSHV20230620-6,KSHV20230620_110259_V06,9,2.417,1.200,1598,0,1029.721,815,0,413.004
KSHV20230620-6,KSHV20230620_110259_V06,10,3.120,1.200,1604,0,882.596,625,0,352.853
KSHV20230620-6,KSHV20230620_110259_V06,11,3.999,1.200,1605,0,3242.952,1169,0,541.951
KSHV20230620-6,KSHV20230620_110259_V06,12,5.098,1.200,1610,0,1032.539,645,0,139.815
KSHV20230620-6,KSHV20230620_110259_V06,13,6.416,1.200,1609,0,17.051,51,0,3.612
KSHV20230620-9,KSHV20230620_110259_V06,0,0.308,1.200,1621,0,61491.492,67,0,59740.370
KSHV20230620-9,KSHV20230620_110259_V06,4,0.879,1.200,1621,0,5073.466,826,0,3606.652
KSHV20230620-9,KSHV20230620_110259_V06,6,1.318,1.200,1622,0,2106.981,1142,0,563.528
KSHV20230620-9,KSHV20230620_110259_V06,8,1.802,1.200,826,0,2257.654,414,0,405.595
KSHV20230620-9,KSHV20230620_110259_V06,9,2.417,1.200,826,0,1383.151,309,0,232.422
KSHV20230620-9,KSHV20230620_110259_V06,10,3.120,1.200,829,0,190.434,46,0,70.020
KSHV20230621-2,KSHV20230621_103318_V06,0,0.308,1.200,2483,0,28605.432,694,0,7283.970
KSHV20230621-2,KSHV20230621_103318_V06,4,0.879,1.200,2482,0,11943.996,1269,0,1143.084
KSHV20230621-2,KSHV20230621_103318_V06,6,1.318,1.200,2482,0,12495.141,1475,0,360.822
KSHV20230621-2,KSHV20230621_103318_V06,8,1.802,1.200,1240,0,7606.658,235,0,275.178
KSHV20230621-2,KSHV20230621_103318_V06,9,2.417,1.200,1242,0,4548.366,378,0,306.137
KSHV20230621-2,KSHV20230621_103318_V06,10,3.120,1.200,1241,0,3055.511,810,0,742.333
KSHV20230621-2,KSHV20230621_103318_V06,11,3.999,1.200,1237,0,1331.912,580,0,304.502
KSHV20230621-2,KSHV20230621_103318_V06,12,5.098,1.200,1244,0,58.332,64,0,10.873
KSHV20230621-2,KSHV20230621_103850_V06,0,0.308,1.200,5772,0,64929.315,1781,0,10565.513
KSHV20230621-2,KSHV20230621_103850_V06,4,0.879,1.200,5777,0,12032.655,2900,0,1842.162
KSHV20230621-2,KSHV20230621_103850_V06,6,1.318,1.200,5776,0,5464.173,2793,0,516.676
KSHV20230621-2,KSHV20230621_103850_V06,8,1.802,1.200,2893,0,1999.367,342,0,317.483
KSHV20230621-2,KSHV20230621_103850_V06,9,2.417,1.200,2895,0,2478.819,713,0,704.960
KSHV20230621-2,KSHV20230621_103850_V06,10,3.120,1.200,2894,0,5426.670,1564,0,1336.748
KSHV20230621-2,KSHV20230621_103850_V06,11,3.999,1.200,2899,0,2934.740,1333,0,567.412
KSHV20230621-2,KSHV20230621_103850_V06,12,5.098,1.200,2900,0,372.841,414,0,70.131
KSHV20230621-1,KSHV20230621_102746_V06,0,0.308,1.200,4610,0,43006.728,1466,0,15947.393
KSHV20230621-1,KSHV20230621_102746_V06,4,0.879,1.200,4614,0,20613.223,2617,0,2651.497
KSHV20230621-1,KSHV20230621_102746_V06,6,1.318,1.200,4611,0,13782.258,2927,0,1243.858
KSHV20230621-1,KSHV20230621_102746_V06,8,1.802,1.200,2313,0,6399.738,766,0,810.265
KSHV20230621-1,KSHV20230621_102746_V06,9,2.417,1.200,2311,0,4707.595,815,0,694.368
KSHV20230621-1,KSHV20230621_102746_V06,10,3.120,1.200,2309,0,3438.297,1163,0,1071.539
KSHV20230621-1,KSHV20230621_102746_V06,11,3.999,1.200,2319,0,1885.057,1016,0,438.920
KSHV20230621-1,KSHV20230621_102746_V06,12,5.098,1.200,2323,0,204.657,234,0,41.334
KSHV20230621-3,KSHV20230621_103850_V06,0,0.308,1.200,4178,0,30379.961,2075,0,5078.133
KSHV20230621-3,KSHV20230621_103850_V06,4,0.879,1.200,4180,0,11590.653,1962,0,1323.208
KSHV20230621-3,KSHV20230621_103850_V06,6,1.318,1.200,4184,0,7474.284,1819,0,1594.555
KSHV20230621-3,KSHV20230621_103850_V06,8,1.802,1.200,2094,0,6284.348,628,0,1938.695
KSHV20230621-3,KSHV20230621_103850_V06,9,2.417,1.200,2093,0,6309.531,867,0,1564.615
KSHV20230621-3,KSHV20230621_103850_V06,10,3.120,1.200,2096,0,766.492,216,0,285.919
KSHV20230621-4,KSHV20230621_120756_V06,0,0.308,1.200,2475,0,63556.565,380,0,51451.345
KSHV20230621-4,KSHV20230621_120756_V06,4,0.879,1.200,2475,0,15556.881,412,0,13863.388
KSHV20230621-4,KSHV20230621_120756_V06,6,1.318,1.200,2476,0,23609.751,369,0,19658.850
KSHV20230621-4,KSHV20230621_120756_V06,8,1.802,1.200,1240,0,15848.677,411,0,10213.412
KSHV20230621-4,KSHV20230621_120756_V06,9,2.417,1.200,1240,0,1741.767,286,0,971.290
KSHV20230621-4,KSHV20230621_120756_V06,10,3.120,1.200,1243,0,329.792,159,0,157.934
KSHV20230621-4,KSHV20230621_120756_V06,11,3.999,1.200,1243,0,3093.801,831,0,511.284
KSHV20230622-7,KSHV20230622_103044_V06,0,0.308,1.200,456,0,3990.044,29,0,3820.309
KSHV20230622-7,KSHV20230622_103044_V06,4,0.879,1.200,456,0,2327.699,32,0,2079.182
KSHV20230622-7,KSHV20230622_103044_V06,6,1.318,1.200,456,0,703.206,41,0,508.486
KSHV20230622-7,KSHV20230622_103044_V06,8,1.802,1.200,227,0,110.229,31,0,96.573
KSHV20230622-7,KSHV20230622_103044_V06,9,2.417,1.200,227,0,19.184,80,0,11.631
KSHV20230622-7,KSHV20230622_103044_V06,10,3.120,1.200,227,0,14.547,118,0,6.159
KSHV20230622-7,KSHV20230622_103044_V06,11,3.999,1.200,227,0,10.574,104,0,5.463
KSHV20230622-7,KSHV20230622_103044_V06,12,5.098,1.200,227,0,6.922,133,0,2.312
KSHV20230622-7,KSHV20230622_103044_V06,13,6.416,1.200,229,0,5.905,89,0,3.216
KSHV20230622-7,KSHV20230622_103044_V06,14,7.998,1.200,231,0,6.336,75,0,3.936
KSHV20230622-7,KSHV20230622_103044_V06,15,10.020,1.200,230,0,3.181,99,0,1.665
KSHV20230622-7,KSHV20230622_103044_V06,16,11.997,1.200,235,0,0.772,44,0,0.475
KSHV20230622-7,KSHV20230622_103044_V06,17,14.019,1.200,234,0,0.713,54,0,0.361
KSHV20230622-7,KSHV20230622_103715_V06,0,0.308,1.200,3937,0,16398.347,262,0,15148.824
KSHV20230622-7,KSHV20230622_103715_V06,4,0.879,1.200,3937,0,16428.715,385,0,15113.526
KSHV20230622-7,KSHV20230622_103715_V06,6,1.318,1.200,3936,0,11455.961,461,0,9769.371
KSHV20230622-7,KSHV20230622_103715_V06,8,1.802,1.200,1969,0,5542.870,364,0,3741.929
KSHV20230622-7,KSHV20230622_103715_V06,9,2.417,1.200,1971,0,2057.043,562,0,1266.767
KSHV20230622-7,KSHV20230622_103715_V06,10,3.120,1.200,1973,0,544.578,736,0,310.838
KSHV20230622-7,KSHV20230622_103715_V06,11,3.999,1.200,1973,0,165.133,787,0,40.795
KSHV20230622-7,KSHV20230622_103715_V06,12,5.098,1.200,1970,0,199.995,826,0,27.665
KSHV20230622-7,KSHV20230622_103715_V06,13,6.416,1.200,1974,0,295.826,891,0,24.798
KSHV20230622-7,KSHV20230622_103715_V06,14,7.998,1.200,1992,0,480.183,852,0,42.939
KSHV20230622-7,KSHV20230622_103715_V06,15,10.020,1.200,1995,0,461.558,702,0,24.680
KSHV20230622-7,KSHV20230622_103715_V06,16,11.997,1.200,2016,0,254.134,689,0,11.316
KSHV20230622-7,KSHV20230622_103715_V06,17,14.019,1.200,2023,0,192.903,602,0,10.802
KSHV20230622-7,KSHV20230622_104345_V06,0,0.308,1.200,11941,0,57191.270,937,0,53515.538
KSHV20230622-7,KSHV20230622_104345_V06,4,0.879,1.200,11945,0,37609.680,1960,0,34087.164
KSHV20230622-7,KSHV20230622_104345_V06,6,1.318,1.200,11946,0,27345.083,2293,0,22705.370
KSHV20230622-7,KSHV20230622_104345_V06,8,1.802,1.200,5970,0,18079.054,1499,0,11668.274
KSHV20230622-7,KSHV20230622_104345_V06,9,2.417,1.200,5972,0,12345.589,1779,0,6444.520
KSHV20230622-7,KSHV20230622_104345_V06,10,3.120,1.200,5971,0,6594.022,2063,0,2566.655
KSHV20230622-7,KSHV20230622_104345_V06,11,3.999,1.200,5982,0,4647.403,2292,0,1294.330
KSHV20230622-7,KSHV20230622_104345_V06,12,5.098,1.200,5996,0,3850.039,2460,0,480.206
KSHV20230622-7,KSHV20230622_104345_V06,13,6.416,1.200,6013,0,3380.468,2814,0,859.084
KSHV20230622-7,KSHV20230622_104345_V06,14,7.998,1.200,6035,0,8112.283,2691,0,280.969
KSHV20230622-7,KSHV20230622_104345_V06,15,10.020,1.200,6073,0,8948.578,2703,0,70.765
KSHV20230622-7,KSHV20230622_104345_V06,16,11.997,1.200,6109,1,12158.103,2483,0,171.741
KSHV20230622-7,KSHV20230622_105001_V06,0,0.308,1.200,2973,0,71634.063,110,0,70103.221
KSHV20230622-7,KSHV20230622_105001_V06,4,0.879,1.200,2970,0,34567.055,199,0,32121.122
KSHV20230622-7,KSHV20230622_105001_V06,6,1.318,1.200,2971,0,29195.995,267,0,24710.844
KSHV20230622-7,KSHV20230622_105001_V06,8,1.802,1.200,1491,0,26427.552,223,0,17175.317
KSHV20230622-7,KSHV20230622_105001_V06,9,2.417,1.200,1489,0,21489.312,351,0,8457.270
KSHV20230622-7,KSHV20230622_105001_V06,10,3.120,1.200,1487,2,10216.243,453,0,1441.803
KSHV20230622-7,KSHV20230622_105001_V06,11,3.999,1.200,1485,2,13856.768,670,0,72.490
KSHV20230622-7,KSHV20230622_105001_V06,12,5.098,1.200,1485,0,13796.352,792,0,27.348
KSHV20230622-7,KSHV20230622_105001_V06,13,6.416,1.200,1494,1,24857.875,759,0,30.425
KSHV20230622-7,KSHV20230622_105001_V06,14,7.998,1.200,1499,0,25963.640,760,0,42.789
KSHV20230622-7,KSHV20230622_105001_V06,15,10.020,1.200,1508,4,28026.472,831,0,26.443
KSHV20230622-7,KSHV20230622_105001_V06,16,11.997,1.200,1520,5,25205.537,821,0,16.291
KSHV20230622-33,KSHV20230622_120736_V06,0,0.308,1.200,15576,5,101254.266,2389,0,19167.200
KSHV20230622-33,KSHV20230622_120736_V06,4,0.879,1.200,15577,0,70314.226,3253,0,9100.567
KSHV20230622-33,KSHV20230622_120736_V06,6,1.318,1.200,15580,2,58517.865,4040,0,5377.438
KSHV20230622-33,KSHV20230622_120736_V06,8,1.802,1.200,7794,0,53375.222,1991,0,2327.401
KSHV20230622-33,KSHV20230622_120736_V06,9,2.417,1.200,7798,0,57766.309,2166,0,856.038
KSHV20230622-33,KSHV20230622_120736_V06,10,3.120,1.200,7802,1,59106.432,2422,0,384.748
KSHV20230622-33,KSHV20230622_120736_V06,11,3.999,1.200,7813,4,46465.192,2864,0,304.072
KSHV20230622-33,KSHV20230622_120736_V06,12,5.098,1.200,7824,1,38627.209,2987,0,198.167
KSHV20230622-33,KSHV20230622_120736_V06,13,6.416,1.200,7846,1,50433.166,3287,0,195.188
KSHV20230622-33,KSHV20230622_120736_V06,14,7.998,1.200,7863,0,34216.163,4197,0,173.354
KSHV20230622-33,KSHV20230622_120736_V06,15,10.020,1.200,7913,0,8994.793,3324,0,277.267
KSHV20230622-33,KSHV20230622_120736_V06,16,11.997,1.200,7977,0,4885.845,2755,0,30.785
KSHV20230622-33,KSHV20230622_121353_V06,0,0.308,1.200,34946,1,89283.066,4024,1,29025.133
KSHV20230622-33,KSHV20230622_121353_V06,4,0.879,1.200,34954,0,50024.590,7445,0,15170.234
KSHV20230622-33,KSHV20230622_121353_V06,6,1.318,1.200,34956,0,35208.087,9286,0,8262.862
KSHV20230622-33,KSHV20230622_121353_V06,8,1.802,1.200,17466,0,24019.167,4661,0,3498.377
KSHV20230622-33,KSHV20230622_121353_V06,9,2.417,1.200,17477,0,20951.718,4533,0,1259.673
KSHV20230622-33,KSHV20230622_121353_V06,10,3.120,1.200,17491,0,20779.113,5227,0,939.641
KSHV20230622-33,KSHV20230622_121353_V06,11,3.999,1.200,17518,0,18229.180,5504,0,778.053
KSHV20230622-33,KSHV20230622_121353_V06,12,5.098,1.200,17545,0,13807.106,6186,0,689.466
KSHV20230622-33,KSHV20230622_121353_V06,13,6.416,1.200,17584,0,15310.229,6157,0,295.207
KSHV20230622-33,KSHV20230622_121353_V06,14,7.998,1.200,17654,0,12143.598,7390,0,249.103
KSHV20230622-33,KSHV20230622_121353_V06,15,10.020,1.200,17767,0,2888.006,6132,0,94.222
KSHV20230622-33,KSHV20230622_121353_V06,16,11.997,1.200,17897,0,3289.310,5396,0,60.163
KSHV20230622-16,KSHV20230622_110232_V06,0,0.308,1.200,77,0,9099.109,3,0,9089.944
KSHV20230622-16,KSHV20230622_110232_V06,4,0.879,1.200,77,0,1374.959,4,0,1349.854
KSHV20230622-16,KSHV20230622_110232_V06,6,1.318,1.200,76,0,286.431,48,0,104.091
KSHV20230622-16,KSHV20230622_110232_V06,8,1.802,1.200,38,0,72.880,3,0,44.211
KSHV20230622-16,KSHV20230622_110232_V06,9,2.417,1.200,37,0,0.133,0,0,0.133
KSHV20230622-20,KSHV20230622_112135_V06,0,0.308,1.200,4197,12,1543919.257,1139,0,127927.485
KSHV20230622-20,KSHV20230622_112135_V06,4,0.879,1.200,4199,20,1201363.021,2418,0,8143.077
KSHV20230622-20,KSHV20230622_112135_V06,6,1.318,1.200,4200,31,1116894.131,2289,0,1530.883
KSHV20230622-20,KSHV20230622_112135_V06,8,1.802,1.200,2107,15,1036195.312,607,0,771.408
KSHV20230622-20,KSHV20230622_112135_V06,9,2.417,1.200,2106,3,1120871.218,615,0,27544.533
KSHV20230622-20,KSHV20230622_112135_V06,10,3.120,1.200,2107,0,849324.578,655,0,13676.220
KSHV20230622-21,KSHV20230622_113504_V06,0,0.308,1.200,2944,0,44804.247,871,0,13025.383
KSHV20230622-21,KSHV20230622_113504_V06,4,0.879,1.200,2947,0,52893.204,1329,0,3916.013
KSHV20230622-21,KSHV20230622_113504_V06,6,1.318,1.200,2947,0,39610.545,1049,0,1946.339
KSHV20230622-21,KSHV20230622_113504_V06,8,1.802,1.200,1474,0,48236.807,529,0,1804.000
KSHV20230622-21,KSHV20230622_113504_V06,9,2.417,1.200,1474,0,29853.685,744,0,1295.660
KSHV20230622-21,KSHV20230622_113504_V06,10,3.120,1.200,1475,0,7096.518,502,0,501.141
KSHV20230622-22,KSHV20230622_114149_V06,0,0.308,1.200,21594,1,143210.964,5766,0,44637.551
KSHV20230622-22,KSHV20230622_114149_V06,4,0.879,1.200,21596,0,38319.783,7033,0,13021.744
KSHV20230622-22,KSHV20230622_114149_V06,6,1.318,1.200,21591,0,25618.954,8670,0,8825.477
KSHV20230622-22,KSHV20230622_114149_V06,8,1.802,1.200,10804,0,20818.131,2449,0,9114.271
KSHV20230622-22,KSHV20230622_114149_V06,9,2.417,1.200,10809,0,19561.843,3769,0,5061.413
KSHV20230622-22,KSHV20230622_114149_V06,10,3.120,1.200,10810,0,17738.301,4329,0,2350.458
KSHV20230622-22,KSHV20230622_114149_V06,11,3.999,1.200,10826,0,11828.985,4057,0,817.910
KSHV20230622-32,KSHV20230622_120736_V06,0,0.308,1.200,2879,0,305902.068,569,0,44510.735
KSHV20230622-32,KSHV20230622_120736_V06,4,0.879,1.200,2880,6,673486.954,1468,0,5421.614
KSHV20230622-32,KSHV20230622_120736_V06,6,1.318,1.200,2879,8,692698.685,1333,0,2959.996
KSHV20230622-32,KSHV20230622_120736_V06,8,1.802,1.200,1443,5,747716.672,236,0,485.405
KSHV20230622-32,KSHV20230622_120736_V06,9,2.417,1.200,1445,2,978126.187,222,0,2607.231
KSHV20230622-32,KSHV20230622_120736_V06,10,3.120,1.200,1443,0,499016.933,205,0,67.614
KSHV20230623-5,KSHV20230623_103208_V06,0,0.308,1.200,416,0,8176.999,2,0,8092.428
KSHV20230623-5,KSHV20230623_103208_V06,4,0.879,1.200,416,0,8460.083,4,0,8385.106
KSHV20230623-5,KSHV20230623_103208_V06,6,1.318,1.200,416,0,1792.904,1,0,1758.044
KSHV20230623-5,KSHV20230623_103208_V06,8,1.802,1.200,208,0,125.939,32,0,110.311
KSHV20230623-5,KSHV20230623_103208_V06,9,2.417,1.200,208,0,12.751,62,0,9.030
KSHV20230623-5,KSHV20230623_103208_V06,10,3.120,1.200,208,0,15.832,88,0,8.113
KSHV20230623-5,KSHV20230623_103208_V06,11,3.999,1.200,209,0,11.813,97,0,5.549
KSHV20230623-5,KSHV20230623_103208_V06,12,5.098,1.200,212,0,9.064,95,0,4.863
KSHV20230623-5,KSHV20230623_103208_V06,13,6.416,1.200,210,0,14.932,99,0,7.340
KSHV20230623-5,KSHV20230623_104050_V06,0,0.308,1.200,4694,0,41134.927,129,0,40062.687
KSHV20230623-5,KSHV20230623_104050_V06,4,0.879,1.200,4692,0,44271.324,121,0,43621.331
KSHV20230623-5,KSHV20230623_104050_V06,6,1.318,1.200,4692,0,35883.292,115,0,35407.879
KSHV20230623-5,KSHV20230623_104050_V06,8,1.802,1.200,2351,0,20658.702,322,0,15647.772
KSHV20230623-5,KSHV20230623_104050_V06,9,2.417,1.200,2350,0,8101.569,387,0,6026.701
KSHV20230623-5,KSHV20230623_104050_V06,10,3.120,1.200,2351,0,2320.171,562,0,1572.960
KSHV20230623-5,KSHV20230623_104050_V06,11,3.999,1.200,2354,0,266.776,834,0,147.904
KSHV20230623-5,KSHV20230623_104050_V06,12,5.098,1.200,2354,0,74.182,1041,0,29.685
KSHV20230623-5,KSHV20230623_104050_V06,13,6.416,1.200,2352,0,80.681,1107,0,32.847
KSHV20230623-5,KSHV20230623_104932_V06,0,0.308,1.200,4844,2,88631.071,79,2,88280.987
KSHV20230623-5,KSHV20230623_104932_V06,4,0.879,1.200,4843,0,44559.090,105,0,43877.921
KSHV20230623-5,KSHV20230623_104932_V06,6,1.318,1.200,4845,0,33631.435,118,0,33161.148
KSHV20230623-5,KSHV20230623_104932_V06,8,1.802,1.200,2424,0,22939.588,351,0,17634.914
KSHV20230623-5,KSHV20230623_104932_V06,9,2.417,1.200,2424,0,17242.135,422,0,12236.255
KSHV20230623-5,KSHV20230623_104932_V06,10,3.120,1.200,2426,0,6886.859,491,0,5083.826
KSHV20230623-5,KSHV20230623_104932_V06,11,3.999,1.200,2426,0,864.365,626,0,608.199
KSHV20230623-5,KSHV20230623_104932_V06,12,5.098,1.200,2431,0,79.915,842,0,43.590
KSHV20230623-5,KSHV20230623_104932_V06,13,6.416,1.200,2434,0,107.220,1039,0,49.469
KSHV20230623-5,KSHV20230623_110654_V06,0,0.308,1.200,8251,0,42460.303,199,0,40642.602
KSHV20230623-5,KSHV20230623_110654_V06,4,0.879,1.200,8252,0,8818.623,255,0,8448.431
KSHV20230623-5,KSHV20230623_110654_V06,6,1.318,1.200,8256,0,5625.025,426,0,5279.727
KSHV20230623-5,KSHV20230623_110654_V06,8,1.802,1.200,4129,0,3810.481,534,0,2904.972
KSHV20230623-5,KSHV20230623_110654_V06,9,2.417,1.200,4131,0,5779.092,713,0,4874.745
KSHV20230623-5,KSHV20230623_110654_V06,10,3.120,1.200,4136,0,5323.343,905,0,4164.845
KSHV20230623-5,KSHV20230623_110654_V06,11,3.999,1.200,4142,0,1357.157,1061,0,821.819
KSHV20230623-5,KSHV20230623_110654_V06,12,5.098,1.200,4146,0,239.857,1233,0,164.572
KSHV20230623-5,KSHV20230623_110654_V06,13,6.416,1.200,4151,0,181.147,1542,0,80.453
KSHV20230623-7,KSHV20230623_104932_V06,0,0.308,1.200,62,0,22353.824,0,0,22353.824
KSHV20230623-7,KSHV20230623_104932_V06,4,0.879,1.200,62,0,879.786,1,0,876.991
KSHV20230623-7,KSHV20230623_104932_V06,6,1.318,1.200,62,0,156.983,37,0,63.112
KSHV20230623-7,KSHV20230623_104932_V06,8,1.802,1.200,30,0,167.732,14,0,60.932
KSHV20230623-7,KSHV20230623_104932_V06,9,2.417,1.200,31,0,0.087,0,0,0.087
KSHV20230623-7,KSHV20230623_104932_V06,10,3.120,1.200,31,0,0.087,0,0,0.087
KSHV20230623-7,KSHV20230623_110654_V06,0,0.308,1.200,2582,0,53684.958,217,0,52036.309
KSHV20230623-7,KSHV20230623_110654_V06,4,0.879,1.200,2580,0,20522.257,810,0,18597.676
KSHV20230623-7,KSHV20230623_110654_V06,6,1.318,1.200,2581,0,9191.043,1255,0,5789.091
KSHV20230623-7,KSHV20230623_110654_V06,8,1.802,1.200,1291,0,8715.070,714,0,1982.093
KSHV20230623-7,KSHV20230623_110654_V06,9,2.417,1.200,1292,0,819.125,128,0,277.733
KSHV20230623-7,KSHV20230623_110654_V06,10,3.120,1.200,1298,0,14.464,0,0,14.464
KSHV20230623-10,KSHV20230623_104932_V06,0,0.308,1.200,832,0,77001.242,13,0,76897.396
KSHV20230623-10,KSHV20230623_104932_V06,4,0.879,1.200,831,0,3247.628,164,0,3033.640
KSHV20230623-10,KSHV20230623_104932_V06,6,1.318,1.200,830,0,1433.924,567,0,458.468
KSHV20230623-10,KSHV20230623_104932_V06,8,1.802,1.200,433,0,1751.165,305,0,224.026
KSHV20230623-10,KSHV20230623_104932_V06,9,2.417,1.200,438,0,238.895,68,0,37.832
KSHV20230623-10,KSHV20230623_104932_V06,10,3.120,1.200,435,0,0.976,0,0,0.976
KSHV20230623-10,KSHV20230623_110654_V06,0,0.308,1.200,3495,0,85544.997,104,0,84322.427
KSHV20230623-10,KSHV20230623_110654_V06,4,0.879,1.200,3493,0,26192.305,590,0,24592.042
KSHV20230623-10,KSHV20230623_110654_V06,6,1.318,1.200,3498,0,9814.375,1147,0,7860.633
KSHV20230623-10,KSHV20230623_110654_V06,8,1.802,1.200,1746,0,6142.922,948,0,1222.746
KSHV20230623-10,KSHV20230623_110654_V06,9,2.417,1.200,1749,0,3677.011,794,0,468.905
KSHV20230623-10,KSHV20230623_110654_V06,10,3.120,1.200,1752,0,238.406,88,0,74.388
KSHV20230623-8,KSHV20230623_104932_V06,0,0.308,1.200,1884,0,37048.754,61,0,36323.576
KSHV20230623-8,KSHV20230623_104932_V06,4,0.879,1.200,1886,0,6202.758,103,0,6152.958
KSHV20230623-8,KSHV20230623_104932_V06,6,1.318,1.200,1885,0,904.016,470,0,787.416
KSHV20230623-8,KSHV20230623_104932_V06,8,1.802,1.200,943,0,401.837,395,0,196.503
KSHV20230623-8,KSHV20230623_104932_V06,9,2.417,1.200,943,0,378.539,481,0,117.071
KSHV20230623-8,KSHV20230623_104932_V06,10,3.120,1.200,944,0,299.824,503,0,106.382
KSHV20230623-8,KSHV20230623_104932_V06,11,3.999,1.200,945,0,347.590,529,0,100.312
KSHV20230623-8,KSHV20230623_104932_V06,12,5.098,1.200,943,0,143.805,318,0,44.037
KSHV20230623-8,KSHV20230623_104932_V06,13,6.416,1.200,951,0,2.419,6,0,1.852
KSHV20230623-11,KSHV20230623_110654_V06,0,0.308,1.200,1778,0,61367.990,150,0,58438.866
KSHV20230623-11,KSHV20230623_110654_V06,4,0.879,1.200,1780,0,11485.613,706,0,7847.342
KSHV20230623-11,KSHV20230623_110654_V06,6,1.318,1.200,1783,0,7717.012,1216,0,2241.693
KSHV20230623-11,KSHV20230623_110654_V06,8,1.802,1.200,862,0,347.898,10,0,197.711
KSHV20230624-1,KSHV20230624_103945_V06,0,0.308,1.200,2904,0,27304.930,149,0,26253.040
KSHV20230624-1,KSHV20230624_103945_V06,4,0.879,1.200,2905,0,33038.239,155,0,31931.840
KSHV20230624-1,KSHV20230624_103945_V06,6,1.318,1.200,2905,0,23370.365,169,0,21636.492
KSHV20230624-1,KSHV20230624_103945_V06,8,1.802,1.200,1456,0,7015.090,260,0,4510.450
KSHV20230624-1,KSHV20230624_103945_V06,9,2.417,1.200,1456,0,1195.246,276,0,926.789
KSHV20230624-1,KSHV20230624_103945_V06,10,3.120,1.200,1457,0,172.551,463,0,112.855
KSHV20230624-1,KSHV20230624_103945_V06,11,3.999,1.200,1458,0,70.651,475,0,39.257
KSHV20230624-1,KSHV20230624_103945_V06,12,5.098,1.200,1458,0,95.783,535,0,50.376
KSHV20230624-1,KSHV20230624_103945_V06,13,6.416,1.200,1460,0,133.615,600,0,69.907
KSHV20230624-1,KSHV20230624_104826_V06,0,0.308,1.200,8577,1,88297.667,373,1,85996.563
KSHV20230624-1,KSHV20230624_104826_V06,4,0.879,1.200,8581,0,63482.509,592,0,61798.577
KSHV20230624-1,KSHV20230624_104826_V06,6,1.318,1.200,8579,0,44544.815,725,0,42761.719
KSHV20230624-1,KSHV20230624_104826_V06,8,1.802,1.200,4298,0,18281.580,804,0,14456.145
KSHV20230624-1,KSHV20230624_104826_V06,9,2.417,1.200,4298,0,6041.573,941,0,4394.192
KSHV20230624-1,KSHV20230624_104826_V06,10,3.120,1.200,4300,0,2656.651,1037,0,1745.951
KSHV20230624-1,KSHV20230624_104826_V06,11,3.999,1.200,4304,0,885.989,1393,0,441.136
KSHV20230624-1,KSHV20230624_104826_V06,12,5.098,1.200,4305,0,338.534,1417,0,181.827
KSHV20230624-1,KSHV20230624_104826_V06,13,6.416,1.200,4311,0,258.231,1644,0,134.416
KSHV20230624-1,KSHV20230624_110549_V06,0,0.308,1.200,6830,0,51538.557,247,0,49316.394
KSHV20230624-1,KSHV20230624_110549_V06,4,0.879,1.200,6831,0,9410.279,372,0,8881.972
KSHV20230624-1,KSHV20230624_110549_V06,6,1.318,1.200,6831,0,4880.220,660,0,4515.611
KSHV20230624-1,KSHV20230624_110549_V06,8,1.802,1.200,3423,0,2702.205,850,0,2250.031
KSHV20230624-1,KSHV20230624_110549_V06,9,2.417,1.200,3427,0,2592.530,905,0,2079.628
KSHV20230624-1,KSHV20230624_110549_V06,10,3.120,1.200,3428,0,1743.285,931,0,1255.833
KSHV20230624-1,KSHV20230624_110549_V06,11,3.999,1.200,3425,0,764.272,946,0,364.770
KSHV20230624-1,KSHV20230624_110549_V06,12,5.098,1.200,3434,0,271.544,1027,0,111.484
KSHV20230624-1,KSHV20230624_110549_V06,13,6.416,1.200,3442,0,222.178,1185,0,138.904
KSHV20230624-3,KSHV20230624_104826_V06,0,0.308,1.200,380,0,38188.804,9,0,38103.238
KSHV20230624-3,KSHV20230624_104826_V06,4,0.879,1.200,383,0,859.108,74,0,782.564
KSHV20230624-3,KSHV20230624_104826_V06,6,1.318,1.200,384,0,104.990,111,0,38.870
KSHV20230624-3,KSHV20230624_104826_V06,8,1.802,1.200,174,0,0.423,0,0,0.423
KSHV20230624-3,KSHV20230624_104826_V06,9,2.417,1.200,173,0,0.421,0,0,0.421
KSHV20230624-3,KSHV20230624_104826_V06,10,3.120,1.200,173,0,0.422,0,0,0.422
KSHV20230624-5,KSHV20230624_114918_V06,0,0.308,1.200,8915,0,150542.530,1673,0,121425.454
KSHV20230624-5,KSHV20230624_114918_V06,4,0.879,1.200,8918,0,8065.226,2648,0,4828.577
KSHV20230624-5,KSHV20230624_114918_V06,6,1.318,1.200,8921,0,2650.020,1369,0,1666.967
KSHV20230624-5,KSHV20230624_114918_V06,8,1.802,1.200,4467,0,112.668,10,0,94.893
KSHV20230624-5,KSHV20230624_114918_V06,9,2.417,1.200,4471,0,58.876,0,0,58.876
KSHV20230624-5,KSHV20230624_114918_V06,10,3.120,1.200,4470,0,94.355,10,0,82.205
KSHV20230625-6,KSHV20230625_103134_V06,0,0.308,1.200,387,0,4994.953,18,0,4701.654
KSHV20230625-6,KSHV20230625_103134_V06,4,0.879,1.200,387,0,3998.658,3,0,3954.053
KSHV20230625-6,KSHV20230625_103134_V06,6,1.318,1.200,387,0,786.039,11,0,747.286
KSHV20230625-6,KSHV20230625_103134_V06,8,1.802,1.200,194,0,87.324,17,0,66.999
KSHV20230625-6,KSHV20230625_103134_V06,9,2.417,1.200,193,0,16.473,30,0,13.099
KSHV20230625-6,KSHV20230625_103134_V06,10,3.120,1.200,193,0,15.103,62,0,8.826
KSHV20230625-6,KSHV20230625_103134_V06,11,3.999,1.200,194,0,11.182,38,0,8.353
KSHV20230625-6,KSHV20230625_103134_V06,12,5.098,1.200,194,0,8.556,56,0,5.711
KSHV20230625-6,KSHV20230625_103134_V06,13,6.416,1.200,195,0,7.861,83,0,3.943
KSHV20230625-6,KSHV20230625_104014_V06,0,0.308,1.200,3217,0,36828.317,228,0,34782.299
KSHV20230625-6,KSHV20230625_104014_V06,4,0.879,1.200,3215,0,30125.941,99,0,29733.888
KSHV20230625-6,KSHV20230625_104014_V06,6,1.318,1.200,3216,0,11188.551,111,0,11057.065
KSHV20230625-6,KSHV20230625_104014_V06,8,1.802,1.200,1610,0,1296.185,255,0,1018.345
KSHV20230625-6,KSHV20230625_104014_V06,9,2.417,1.200,1612,0,117.797,406,0,61.001
KSHV20230625-6,KSHV20230625_104014_V06,10,3.120,1.200,1610,0,57.424,424,0,38.497
KSHV20230625-6,KSHV20230625_104014_V06,11,3.999,1.200,1612,0,56.323,489,0,36.748
KSHV20230625-6,KSHV20230625_104014_V06,12,5.098,1.200,1614,0,48.794,550,0,28.420
KSHV20230625-6,KSHV20230625_104014_V06,13,6.416,1.200,1617,0,52.455,675,0,25.786
KSHV20230625-6,KSHV20230625_104855_V06,0,0.308,1.200,3929,0,119856.650,124,0,115890.447
KSHV20230625-6,KSHV20230625_104855_V06,4,0.879,1.200,3929,0,31093.580,101,0,30787.984
KSHV20230625-6,KSHV20230625_104855_V06,6,1.318,1.200,3928,0,10163.593,191,0,9965.167
KSHV20230625-6,KSHV20230625_104855_V06,8,1.802,1.200,1966,0,3680.028,408,0,2813.921
KSHV20230625-6,KSHV20230625_104855_V06,9,2.417,1.200,1966,0,1611.830,492,0,1043.528
KSHV20230625-6,KSHV20230625_104855_V06,10,3.120,1.200,1969,0,211.624,472,0,161.891
KSHV20230625-6,KSHV20230625_104855_V06,11,3.999,1.200,1971,0,43.764,563,0,26.743
KSHV20230625-6,KSHV20230625_104855_V06,12,5.098,1.200,1970,0,35.502,708,0,19.846
KSHV20230625-6,KSHV20230625_104855_V06,13,6.416,1.200,1972,0,39.123,726,0,21.115
KSHV20230625-6,KSHV20230625_110617_V06,0,0.308,1.200,11605,0,45445.923,439,0,43078.034
KSHV20230625-6,KSHV20230625_110617_V06,4,0.879,1.200,11609,0,5448.625,672,0,4865.819
KSHV20230625-6,KSHV20230625_110617_V06,6,1.318,1.200,11609,0,2294.120,1364,0,2015.386
KSHV20230625-6,KSHV20230625_110617_V06,8,1.802,1.200,5798,0,1259.721,1416,0,877.988
KSHV20230625-6,KSHV20230625_110617_V06,9,2.417,1.200,5799,0,1049.843,1550,0,545.217
KSHV20230625-6,KSHV20230625_110617_V06,10,3.120,1.200,5803,0,960.132,1641,0,532.551
KSHV20230625-6,KSHV20230625_110617_V06,11,3.999,1.200,5809,0,1381.021,1671,0,637.727
KSHV20230625-6,KSHV20230625_110617_V06,12,5.098,1.200,5820,0,409.663,1807,0,123.786
KSHV20230625-6,KSHV20230625_110617_V06,13,6.416,1.200,5841,0,200.594,1935,0,85.516
KSHV20230625-9,KSHV20230625_104855_V06,0,0.308,1.200,1023,0,16897.753,56,0,16786.131
KSHV20230625-9,KSHV20230625_104855_V06,4,0.879,1.200,1023,0,816.021,154,0,794.763
KSHV20230625-9,KSHV20230625_104855_V06,6,1.318,1.200,1023,0,19.466,169,0,8.340
KSHV20230625-9,KSHV20230625_104855_V06,8,1.802,1.200,509,0,3.684,3,0,2.363
KSHV20230625-9,KSHV20230625_104855_V06,9,2.417,1.200,509,0,4.883,0,0,4.883
KSHV20230625-9,KSHV20230625_104855_V06,10,3.120,1.200,513,0,11.139,10,0,8.662
KSHV20230625-9,KSHV20230625_104855_V06,11,3.999,1.200,513,0,177.656,192,0,44.336
KSHV20230625-9,KSHV20230625_104855_V06,12,5.098,1.200,515,0,162.152,217,0,43.423
KSHV20230625-10,KSHV20230625_110617_V06,0,0.308,1.200,188,0,8282.954,7,0,8224.335
KSHV20230625-10,KSHV20230625_110617_V06,4,0.879,1.200,187,0,90.602,3,0,76.103
KSHV20230625-10,KSHV20230625_110617_V06,6,1.318,1.200,189,0,0.564,0,0,0.564
KSHV20230625-10,KSHV20230625_110617_V06,8,1.802,1.200,92,0,0.547,0,0,0.547
KSHV20230625-11,KSHV20230625_110617_V06,0,0.308,1.200,2397,0,18108.168,561,0,1201.751
KSHV20230625-11,KSHV20230625_110617_V06,4,0.879,1.200,2401,0,1701.403,114,0,249.125
KSHV20230625-11,KSHV20230625_110617_V06,6,1.318,1.200,2401,0,3364.676,86,0,794.273
KSHV20230625-11,KSHV20230625_110617_V06,8,1.802,1.200,1200,0,13780.377,97,0,549.905
KSHV20230626-1,KSHV20230626_104247_V06,0,0.308,1.200,2582,0,23411.658,345,0,20652.572
KSHV20230626-1,KSHV20230626_104247_V06,4,0.879,1.200,2579,0,11400.523,290,0,10263.545
KSHV20230626-1,KSHV20230626_104247_V06,6,1.318,1.200,2581,0,3169.508,368,0,2674.908
KSHV20230626-1,KSHV20230626_104247_V06,8,1.802,1.200,1292,0,188.697,281,0,149.863
KSHV20230626-1,KSHV20230626_104247_V06,9,2.417,1.200,1291,0,29.370,233,0,21.933
KSHV20230626-1,KSHV20230626_104247_V06,10,3.120,1.200,1290,0,19.363,341,0,7.779
KSHV20230626-1,KSHV20230626_104247_V06,11,3.999,1.200,1294,0,24.874,321,0,9.693
KSHV20230626-1,KSHV20230626_104247_V06,12,5.098,1.200,1297,0,30.415,422,0,14.724
KSHV20230626-1,KSHV20230626_104247_V06,13,6.416,1.200,1295,0,31.682,506,0,13.469
KSHV20230626-1,KSHV20230626_104247_V06,14,7.998,1.200,1310,0,36.445,540,0,16.935
KSHV20230626-1,KSHV20230626_104247_V06,15,10.020,1.200,1309,0,28.050,446,0,15.083
KSHV20230626-1,KSHV20230626_104247_V06,16,12.480,1.200,1323,0,13.795,225,0,8.997
KSHV20230626-1,KSHV20230626_104247_V06,17,15.601,1.200,1339,0,3.677,134,0,2.555
KSHV20230626-1,KSHV20230626_104748_V06,0,0.308,1.200,7674,1,64928.000,826,1,61796.100
KSHV20230626-1,KSHV20230626_104748_V06,4,0.879,1.200,7675,0,36330.294,1082,0,33085.715
KSHV20230626-1,KSHV20230626_104748_V06,6,1.318,1.200,7677,0,23877.260,1523,0,20235.789
KSHV20230626-1,KSHV20230626_104748_V06,8,1.802,1.200,3842,0,5652.226,889,0,4354.051
KSHV20230626-1,KSHV20230626_104748_V06,9,2.417,1.200,3841,0,199.129,891,0,101.413
KSHV20230626-1,KSHV20230626_104748_V06,10,3.120,1.200,3845,0,53.689,1091,0,24.715
KSHV20230626-1,KSHV20230626_104748_V06,11,3.999,1.200,3846,0,56.821,995,0,29.187
KSHV20230626-1,KSHV20230626_104748_V06,12,5.098,1.200,3858,0,61.085,1142,0,27.718
KSHV20230626-1,KSHV20230626_104748_V06,13,6.416,1.200,3861,0,82.889,1423,0,30.648
KSHV20230626-1,KSHV20230626_104748_V06,14,7.998,1.200,3880,0,98.022,1639,0,46.334
KSHV20230626-1,KSHV20230626_104748_V06,15,10.020,1.200,3908,0,61.057,1207,0,31.879
KSHV20230626-1,KSHV20230626_104748_V06,16,12.480,1.200,3943,0,38.550,985,0,20.856
KSHV20230626-1,KSHV20230626_104748_V06,17,15.601,1.200,3988,0,18.042,601,0,10.583
KSHV20230626-1,KSHV20230626_105258_V06,0,0.308,1.200,17062,3,115760.423,1786,3,109749.399
KSHV20230626-1,KSHV20230626_105258_V06,4,0.879,1.200,17061,0,37193.845,2768,0,34454.060
KSHV20230626-1,KSHV20230626_105258_V06,6,1.318,1.200,17065,0,29702.467,3921,0,24288.445
KSHV20230626-1,KSHV20230626_105258_V06,8,1.802,1.200,8531,0,21935.930,2158,0,15523.222
KSHV20230626-1,KSHV20230626_105258_V06,9,2.417,1.200,8536,0,6652.425,2180,0,3936.624
KSHV20230626-1,KSHV20230626_105258_V06,10,3.120,1.200,8542,0,511.749,2177,0,248.093
KSHV20230626-1,KSHV20230626_105258_V06,11,3.999,1.200,8549,0,123.064,1936,0,54.423
KSHV20230626-1,KSHV20230626_105258_V06,12,5.098,1.200,8564,0,117.383,2386,0,51.791
KSHV20230626-1,KSHV20230626_105258_V06,13,6.416,1.200,8588,0,180.910,2750,0,67.350
KSHV20230626-1,KSHV20230626_105258_V06,14,7.998,1.200,8624,0,167.027,3110,0,73.018
KSHV20230626-1,KSHV20230626_105258_V06,15,10.020,1.200,8667,0,104.631,2477,0,51.117
KSHV20230626-1,KSHV20230626_105258_V06,16,12.480,1.200,8746,0,66.616,2232,0,33.224
KSHV20230626-1,KSHV20230626_105258_V06,17,15.601,1.200,8866,0,39.860,1885,0,18.330
KSHV20230626-1,KSHV20230626_110309_V06,0,0.308,1.200,4285,0,59788.590,269,0,56955.820
KSHV20230626-1,KSHV20230626_110309_V06,4,0.879,1.200,4281,0,11397.693,323,0,10703.488
KSHV20230626-1,KSHV20230626_110309_V06,6,1.318,1.200,4289,0,5524.590,756,0,4585.655
KSHV20230626-1,KSHV20230626_110309_V06,8,1.802,1.200,2144,0,3014.840,485,0,2076.769
KSHV20230626-1,KSHV20230626_110309_V06,9,2.417,1.200,2145,0,1824.607,511,0,844.949
KSHV20230626-1,KSHV20230626_110309_V06,10,3.120,1.200,2147,0,830.624,640,0,499.453
KSHV20230626-1,KSHV20230626_110309_V06,11,3.999,1.200,2150,0,1173.350,536,0,611.623
KSHV20230626-1,KSHV20230626_110309_V06,12,5.098,1.200,2154,0,402.239,613,0,185.830
KSHV20230626-1,KSHV20230626_110309_V06,13,6.416,1.200,2151,0,108.898,582,0,51.901
KSHV20230626-1,KSHV20230626_110309_V06,14,7.998,1.200,2159,0,71.486,780,0,39.096
KSHV20230626-1,KSHV20230626_110309_V06,15,10.020,1.200,2174,0,57.854,839,0,27.718
KSHV20230626-1,KSHV20230626_110309_V06,16,12.480,1.200,2200,0,32.799,558,0,19.006
KSHV20230626-1,KSHV20230626_110309_V06,17,15.601,1.200,2219,0,11.102,287,0,6.870
KSHV20230626-11,KSHV20230626_121650_V06,0,0.308,1.200,2030,0,42349.036,632,0,1448.903
KSHV20230626-11,KSHV20230626_121650_V06,4,0.879,1.200,2028,0,56593.574,701,0,1874.771
KSHV20230626-11,KSHV20230626_121650_V06,8,1.318,1.200,2027,0,130604.001,783,0,14269.445
KSHV20230626-11,KSHV20230626_121650_V06,10,1.802,1.200,1025,0,252041.447,488,0,17988.382
KSHV20230626-11,KSHV20230626_122316_V06,0,0.308,1.200,4718,60,3099725.117,1294,0,38882.631
KSHV20230626-11,KSHV20230626_122316_V06,4,0.879,1.200,4701,68,4247150.812,1620,2,331172.903
KSHV20230626-11,KSHV20230626_122316_V06,8,1.318,1.200,4712,36,5162033.430,1918,0,291835.510
KSHV20230626-11,KSHV20230626_122316_V06,10,1.802,1.200,2380,8,3336950.573,947,0,22259.516
KSHV20230627-1,KSHV20230627_103946_V06,0,0.308,1.200,1769,0,20517.384,139,0,19361.982
KSHV20230627-1,KSHV20230627_103946_V06,4,0.879,1.200,1770,0,12173.098,141,0,11473.491
KSHV20230627-1,KSHV20230627_103946_V06,6,1.318,1.200,1771,0,2797.181,181,0,2492.327
KSHV20230627-1,KSHV20230627_103946_V06,8,1.802,1.200,889,0,225.134,155,0,169.710
KSHV20230627-1,KSHV20230627_103946_V06,9,2.417,1.200,888,0,8.787,161,0,4.038
KSHV20230627-1,KSHV20230627_103946_V06,10,3.120,1.200,889,0,9.813,152,0,4.175
KSHV20230627-1,KSHV20230627_103946_V06,11,3.999,1.200,890,0,50.996,329,0,17.625
KSHV20230627-1,KSHV20230627_103946_V06,12,5.098,1.200,894,0,91.249,444,0,30.079
KSHV20230627-1,KSHV20230627_103946_V06,13,6.416,1.200,897,0,43.312,446,0,18.798
KSHV20230627-1,KSHV20230627_104503_V06,0,0.308,1.200,6201,2,83377.444,495,2,81055.459
KSHV20230627-1,KSHV20230627_104503_V06,4,0.879,1.200,6201,0,36131.887,674,0,34578.479
KSHV20230627-1,KSHV20230627_104503_V06,6,1.318,1.200,6202,0,15805.706,1090,0,14406.543
KSHV20230627-1,KSHV20230627_104503_V06,8,1.802,1.200,3103,0,2709.645,657,0,2097.438
KSHV20230627-1,KSHV20230627_104503_V06,9,2.417,1.200,3104,0,109.636,701,0,48.617
KSHV20230627-1,KSHV20230627_104503_V06,10,3.120,1.200,3105,0,43.357,736,0,24.401
KSHV20230627-1,KSHV20230627_104503_V06,11,3.999,1.200,3110,0,218.406,968,0,76.015
KSHV20230627-1,KSHV20230627_104503_V06,12,5.098,1.200,3110,0,173.231,1264,0,69.252
KSHV20230627-1,KSHV20230627_104503_V06,13,6.416,1.200,3116,0,131.915,1422,0,56.005
KSHV20230627-1,KSHV20230627_105015_V06,0,0.308,1.200,14456,1,105015.672,1080,1,101705.255
KSHV20230627-1,KSHV20230627_105015_V06,4,0.879,1.200,14457,0,47204.649,1917,0,44899.365
KSHV20230627-1,KSHV20230627_105015_V06,6,1.318,1.200,14459,0,32809.416,3214,0,29991.166
KSHV20230627-1,KSHV20230627_105015_V06,8,1.802,1.200,7233,0,16214.727,1667,0,13555.961
KSHV20230627-1,KSHV20230627_105015_V06,9,2.417,1.200,7233,0,2010.579,1549,0,1440.842
KSHV20230627-1,KSHV20230627_105015_V06,10,3.120,1.200,7234,0,330.684,1995,0,179.500
KSHV20230627-1,KSHV20230627_105015_V06,11,3.999,1.200,7238,0,395.111,2404,0,164.220
KSHV20230627-1,KSHV20230627_105015_V06,12,5.098,1.200,7252,0,330.621,2805,0,136.288
KSHV20230627-1,KSHV20230627_105015_V06,13,6.416,1.200,7271,0,322.682,3035,0,126.960
KSHV20230627-1,KSHV20230627_110039_V06,0,0.308,1.200,21079,0,83805.590,1040,0,80124.716
KSHV20230627-1,KSHV20230627_110039_V06,4,0.879,1.200,21080,0,28071.151,2252,0,26587.914
KSHV20230627-1,KSHV20230627_110039_V06,6,1.318,1.200,21083,0,24570.648,4090,0,22535.293
KSHV20230627-1,KSHV20230627_110039_V06,8,1.802,1.200,10545,0,16477.563,2322,0,14065.162
KSHV20230627-1,KSHV20230627_110039_V06,9,2.417,1.200,10547,0,7813.215,2603,0,5572.827
KSHV20230627-1,KSHV20230627_110039_V06,10,3.120,1.200,10556,0,2408.872,3073,0,1584.121
KSHV20230627-1,KSHV20230627_110039_V06,11,3.999,1.200,10571,0,840.348,3607,0,408.289
KSHV20230627-1,KSHV20230627_110039_V06,12,5.098,1.200,10590,0,662.406,4332,0,255.998
KSHV20230627-1,KSHV20230627_110039_V06,13,6.416,1.200,10616,0,695.701,4466,0,230.335
KSHV20230627-8,KSHV20230627_122912_V06,0,0.308,1.200,2204,440,13780681.646,1636,40,754135.990
KSHV20230627-8,KSHV20230627_122912_V06,4,0.879,1.200,2208,395,15024042.998,1258,90,5263179.100
KSHV20230627-8,KSHV20230627_122912_V06,6,1.318,1.200,2193,258,16261645.412,1486,4,2423381.307
KSHV20230627-8,KSHV20230627_123313_V06,0,0.308,1.200,3424,584,18089499.576,2415,58,1259114.671
KSHV20230627-8,KSHV20230627_123313_V06,4,0.879,1.200,3428,427,21387635.126,1920,77,5680668.829
KSHV20230627-8,KSHV20230627_123313_V06,6,1.318,1.200,3424,376,17294425.948,2305,9,996277.240
KSHV20230627-8,KSHV20230627_123715_V06,0,0.308,1.200,3593,463,20336206.272,2572,42,611632.062
KSHV20230627-8,KSHV20230627_123715_V06,4,0.879,1.200,3599,445,17568537.800,2098,80,3776901.868
KSHV20230627-8,KSHV20230627_123715_V06,6,1.318,1.200,3591,413,17098737.595,2390,3,902263.322
KSHV20230627-4,KSHV20230627_110039_V06,0,0.308,1.200,2327,0,72217.476,171,0,69409.027
KSHV20230627-4,KSHV20230627_110039_V06,4,0.879,1.200,2315,0,2422.746,611,0,1623.124
KSHV20230627-4,KSHV20230627_110039_V06,6,1.318,1.200,2319,0,43.363,47,0,21.063
KSHV20230627-4,KSHV20230627_110039_V06,8,1.802,1.200,1167,0,2.585,0,0,2.585
KSHV20230627-4,KSHV20230627_110039_V06,9,2.417,1.200,1166,0,12.498,0,0,12.498
KSHV20230627-4,KSHV20230627_110039_V06,10,3.120,1.200,1170,0,2.597,0,0,2.597
KSHV20230627-5,KSHV20230627_111320_V06,0,0.308,1.200,2092,0,22865.390,123,0,13671.272
KSHV20230627-5,KSHV20230627_111320_V06,4,0.879,1.200,2088,0,4374.830,48,0,1636.589
KSHV20230627-5,KSHV20230627_111320_V06,6,1.318,1.200,2092,0,14668.254,111,0,6956.215
KSHV20230627-7,KSHV20230627_120504_V06,0,0.308,1.200,7394,0,196587.970,620,0,152680.096
KSHV20230627-7,KSHV20230627_120504_V06,4,0.879,1.200,7397,0,53995.376,580,0,20382.770
KSHV20230627-7,KSHV20230627_120504_V06,6,1.318,1.200,7403,0,28325.831,456,0,11013.581
KSHV20230628-1,KSHV20230628_103329_V06,0,0.308,1.200,393,0,12829.837,9,0,12782.282
KSHV20230628-1,KSHV20230628_103329_V06,4,0.879,1.200,394,0,6120.424,1,0,6094.488
KSHV20230628-1,KSHV20230628_103329_V06,8,1.318,1.200,394,0,1175.667,11,0,1063.559
KSHV20230628-1,KSHV20230628_103329_V06,10,1.802,1.200,196,0,61.620,24,0,31.631
KSHV20230628-1,KSHV20230628_103329_V06,11,2.417,1.200,195,0,2.158,22,0,1.737
KSHV20230628-1,KSHV20230628_103329_V06,12,3.120,1.200,197,0,3.016,40,0,0.998
KSHV20230628-1,KSHV20230628_103329_V06,13,3.999,1.200,197,0,1.295,27,0,0.576
KSHV20230628-1,KSHV20230628_103329_V06,14,5.098,1.200,194,0,1.198,42,0,0.693
KSHV20230628-1,KSHV20230628_103329_V06,15,6.416,1.200,195,0,2.876,89,0,1.383
KSHV20230628-1,KSHV20230628_104348_V06,0,0.308,1.200,3067,0,65402.531,94,0,64318.596
KSHV20230628-1,KSHV20230628_104348_V06,4,0.879,1.200,3067,0,38849.074,50,0,38653.095
KSHV20230628-1,KSHV20230628_104348_V06,8,1.318,1.200,3068,0,10560.251,170,0,10342.240
KSHV20230628-1,KSHV20230628_104348_V06,10,1.802,1.200,1535,0,2653.823,327,0,2206.524
KSHV20230628-1,KSHV20230628_104348_V06,11,2.417,1.200,1540,0,528.751,211,0,407.575
KSHV20230628-1,KSHV20230628_104348_V06,12,3.120,1.200,1539,0,67.258,183,0,41.261
KSHV20230628-1,KSHV20230628_104348_V06,13,3.999,1.200,1542,0,22.302,187,0,9.439
KSHV20230628-1,KSHV20230628_104348_V06,14,5.098,1.200,1543,0,7.846,273,0,4.507
KSHV20230628-1,KSHV20230628_104348_V06,15,6.416,1.200,1547,0,68.086,492,0,19.883
KSHV20230628-1,KSHV20230628_110428_V06,0,0.308,1.200,8131,0,68664.634,153,0,67912.598
KSHV20230628-1,KSHV20230628_110428_V06,4,0.879,1.200,8132,0,6392.562,208,0,6138.236
KSHV20230628-1,KSHV20230628_110428_V06,8,1.318,1.200,8134,0,2365.646,596,0,2228.511
KSHV20230628-1,KSHV20230628_110428_V06,10,1.802,1.200,4064,0,941.946,843,0,726.503
KSHV20230628-1,KSHV20230628_110428_V06,11,2.417,1.200,4068,0,704.912,1085,0,480.817
KSHV20230628-1,KSHV20230628_110428_V06,12,3.120,1.200,4070,0,688.996,1206,0,515.522
KSHV20230628-1,KSHV20230628_110428_V06,13,3.999,1.200,4074,0,786.119,1247,0,603.561
KSHV20230628-1,KSHV20230628_110428_V06,14,5.098,1.200,4083,0,371.788,1196,0,181.918
KSHV20230628-1,KSHV20230628_110428_V06,15,6.416,1.200,4088,0,208.201,1400,0,53.572
KSHV20230628-4,KSHV20230628_123335_V06,0,0.308,1.200,18043,0,802039.439,4117,0,535509.552
KSHV20230628-4,KSHV20230628_123335_V06,4,0.879,1.200,18048,0,87965.452,6953,0,48577.551
KSHV20230628-4,KSHV20230628_123335_V06,6,1.318,1.200,18051,0,81247.930,9117,0,35834.643
KSHV20230628-4,KSHV20230628_123335_V06,10,1.802,1.200,9034,0,55215.155,2497,0,29753.367
KSHV20230628-4,KSHV20230628_123335_V06,11,2.417,1.200,9029,0,20808.057,1549,0,10889.320
KSHV20230628-4,KSHV20230628_123335_V06,12,3.120,1.200,9038,0,4809.415,789,0,2377.428
KSHV20230628-4,KSHV20230628_124005_V06,0,0.308,1.200,28054,0,912574.863,6697,0,636244.468
KSHV20230628-4,KSHV20230628_124005_V06,4,0.879,1.200,28063,0,142179.961,10618,0,81245.107
KSHV20230628-4,KSHV20230628_124005_V06,6,1.318,1.200,28068,0,111653.525,13174,0,50394.080
KSHV20230628-4,KSHV20230628_124005_V06,10,1.802,1.200,14040,0,63481.633,3810,0,32844.737
KSHV20230628-4,KSHV20230628_124005_V06,11,2.417,1.200,14050,0,27843.602,2374,0,14378.335
KSHV20230628-4,KSHV20230628_124005_V06,12,3.120,1.200,14057,0,8763.875,1577,0,4222.263
KSHV20230628-3,KSHV20230628_121407_V06,0,0.308,1.200,15850,0,1228243.529,2294,0,903886.546
KSHV20230628-3,KSHV20230628_121407_V06,4,0.879,1.200,15853,0,113587.441,5099,0,75295.910
KSHV20230628-3,KSHV20230628_121407_V06,6,1.318,1.200,15850,0,76998.222,7086,0,37166.879
KSHV20230628-3,KSHV20230628_121407_V06,10,1.802,1.200,7933,0,47555.090,2666,0,24706.404
KSHV20230628-3,KSHV20230628_121407_V06,11,2.417,1.200,7940,0,20267.644,1744,0,8683.506
KSHV20230628-3,KSHV20230628_121407_V06,12,3.120,1.200,7945,0,7549.169,1011,0,3681.900
KSHV20230629-1,KSHV20230629_103900_V06,0,0.308,1.200,990,0,16448.345,29,0,16249.036
KSHV20230629-1,KSHV20230629_103900_V06,4,0.879,1.200,990,0,16363.535,13,0,16236.748
KSHV20230629-1,KSHV20230629_103900_V06,6,1.318,1.200,989,0,3036.280,50,0,2935.078
KSHV20230629-1,KSHV20230629_103900_V06,8,1.802,1.200,497,0,107.883,74,0,83.455
KSHV20230629-1,KSHV20230629_103900_V06,9,2.417,1.200,497,0,5.169,65,0,1.395
KSHV20230629-1,KSHV20230629_103900_V06,10,3.120,1.200,498,0,4.467,100,0,2.187
KSHV20230629-1,KSHV20230629_103900_V06,11,3.999,1.200,500,0,3.470,126,0,1.768
KSHV20230629-1,KSHV20230629_103900_V06,12,5.098,1.200,500,0,1.921,54,0,1.209
KSHV20230629-1,KSHV20230629_103900_V06,13,6.416,1.200,503,0,2.995,100,0,1.756
KSHV20230629-1,KSHV20230629_104726_V06,0,0.308,1.200,4861,1,111997.364,137,0,110649.414
KSHV20230629-1,KSHV20230629_104726_V06,4,0.879,1.200,4863,0,55310.682,63,0,54982.529
KSHV20230629-1,KSHV20230629_104726_V06,6,1.318,1.200,4864,0,31077.833,428,0,30712.500
KSHV20230629-1,KSHV20230629_104726_V06,8,1.802,1.200,2427,0,9777.534,485,0,8315.746
KSHV20230629-1,KSHV20230629_104726_V06,9,2.417,1.200,2431,0,1455.628,290,0,1129.918
KSHV20230629-1,KSHV20230629_104726_V06,10,3.120,1.200,2433,0,92.825,404,0,60.021
KSHV20230629-1,KSHV20230629_104726_V06,11,3.999,1.200,2438,0,8.468,344,0,4.471
KSHV20230629-1,KSHV20230629_104726_V06,12,5.098,1.200,2442,0,6.893,265,0,4.536
KSHV20230629-1,KSHV20230629_104726_V06,13,6.416,1.200,2452,0,7.929,231,0,4.672
KSHV20230629-1,KSHV20230629_110409_V06,0,0.308,1.200,7111,0,73842.466,106,0,72508.690
KSHV20230629-1,KSHV20230629_110409_V06,4,0.879,1.200,7110,0,9634.680,206,0,9287.187
KSHV20230629-1,KSHV20230629_110409_V06,6,1.318,1.200,7109,0,4925.964,587,0,4748.797
KSHV20230629-1,KSHV20230629_110409_V06,8,1.802,1.200,3551,0,2955.488,785,0,2681.300
KSHV20230629-1,KSHV20230629_110409_V06,9,2.417,1.200,3552,0,2416.506,915,0,2184.621
KSHV20230629-1,KSHV20230629_110409_V06,10,3.120,1.200,3560,0,1555.486,1086,0,1071.026
KSHV20230629-1,KSHV20230629_110409_V06,11,3.999,1.200,3566,0,784.182,950,0,478.425
KSHV20230629-1,KSHV20230629_110409_V06,12,5.098,1.200,3569,0,718.272,763,0,255.327
KSHV20230629-1,KSHV20230629_110409_V06,13,6.416,1.200,3571,0,151.500,416,0,67.288
KSHV20230629-3,KSHV20230629_110409_V06,0,0.308,1.200,965,0,11645.329,6,0,11588.459
KSHV20230629-3,KSHV20230629_110409_V06,4,0.879,1.200,965,0,1708.663,27,0,1679.113
KSHV20230629-3,KSHV20230629_110409_V06,6,1.318,1.200,965,0,753.257,133,0,675.960
KSHV20230629-3,KSHV20230629_110409_V06,8,1.802,1.200,483,0,180.823,56,0,125.659
KSHV20230629-3,KSHV20230629_110409_V06,9,2.417,1.200,483,0,17.777,7,0,12.797
KSHV20230629-3,KSHV20230629_110409_V06,10,3.120,1.200,483,0,1.477,0,0,1.477
KSHV20230629-3,KSHV20230629_110409_V06,11,3.999,1.200,484,0,88.826,113,0,25.086
KSHV20230629-3,KSHV20230629_110409_V06,12,5.098,1.200,483,0,14.834,26,0,6.894
KSHV20230630-1,KSHV20230630_104715_V06,0,0.308,1.200,3003,4,117834.469,46,4,117214.321
KSHV20230630-1,KSHV20230630_104715_V06,4,0.879,1.200,3004,0,74331.956,40,0,73719.313
KSHV20230630-1,KSHV20230630_104715_V06,6,1.318,1.200,3006,0,25374.461,199,0,25297.110
KSHV20230630-1,KSHV20230630_104715_V06,8,1.802,1.200,1507,0,6688.161,234,0,5954.323
KSHV20230630-1,KSHV20230630_104715_V06,9,2.417,1.200,1508,0,798.700,201,0,605.281
KSHV20230630-1,KSHV20230630_104715_V06,10,3.120,1.200,1508,0,100.413,153,0,66.701
KSHV20230630-1,KSHV20230630_104715_V06,11,3.999,1.200,1508,0,4.817,112,0,2.649
KSHV20230630-1,KSHV20230630_104715_V06,12,5.098,1.200,1512,0,3.859,125,0,2.496
KSHV20230630-1,KSHV20230630_104715_V06,13,6.416,1.200,1520,0,4.508,159,0,2.641
KSHV20230630-1,KSHV20230630_110418_V06,0,0.308,1.200,9317,0,143074.008,116,0,140493.116
KSHV20230630-1,KSHV20230630_110418_V06,4,0.879,1.200,9315,0,23424.034,284,0,22922.961
KSHV20230630-1,KSHV20230630_110418_V06,6,1.318,1.200,9320,0,11269.617,727,0,10916.231
KSHV20230630-1,KSHV20230630_110418_V06,8,1.802,1.200,4662,0,6855.805,1030,0,6055.876
KSHV20230630-1,KSHV20230630_110418_V06,9,2.417,1.200,4666,0,5115.560,1209,0,4123.521
KSHV20230630-1,KSHV20230630_110418_V06,10,3.120,1.200,4670,0,3191.696,1257,0,2390.824
KSHV20230630-1,KSHV20230630_110418_V06,11,3.999,1.200,4672,0,1344.986,1150,0,692.970
KSHV20230630-1,KSHV20230630_110418_V06,12,5.098,1.200,4678,0,657.885,951,0,262.732
KSHV20230630-1,KSHV20230630_110418_V06,13,6.416,1.200,4687,0,291.446,947,0,104.284
KSHV20230630-3,KSHV20230630_113903_V06,0,0.308,1.200,5024,0,1085170.599,147,0,1058194.320
KSHV20230630-3,KSHV20230630_113903_V06,4,0.879,1.200,5024,0,38052.277,427,0,29297.339
KSHV20230630-3,KSHV20230630_113903_V06,6,1.318,1.200,5026,0,49483.166,1628,0,25335.495
KSHV20230630-3,KSHV20230630_113903_V06,8,1.802,1.200,2515,0,6319.461,148,0,3321.710
KSHV20230701-2,KSHV20230701_103813_V06,0,0.308,1.200,242,0,5693.657,2,0,5671.033
KSHV20230701-2,KSHV20230701_103813_V06,4,0.879,1.200,242,0,2828.707,2,0,2801.292
KSHV20230701-2,KSHV20230701_103813_V06,6,1.318,1.200,242,0,157.640,5,0,155.761
KSHV20230701-2,KSHV20230701_103813_V06,8,1.802,1.200,121,0,5.984,24,0,4.203
KSHV20230701-2,KSHV20230701_103813_V06,9,2.417,1.200,122,0,2.248,43,0,1.286
KSHV20230701-2,KSHV20230701_103813_V06,10,3.120,1.200,123,0,1.132,41,0,0.497
KSHV20230701-2,KSHV20230701_103813_V06,11,3.999,1.200,123,0,0.982,36,0,0.377
KSHV20230701-2,KSHV20230701_103813_V06,12,5.098,1.200,123,0,0.644,39,0,0.260
KSHV20230701-2,KSHV20230701_103813_V06,13,6.416,1.200,123,0,0.231,11,0,0.104
KSHV20230701-2,KSHV20230701_104654_V06,0,0.308,1.200,2360,3,89308.059,39,3,88059.380
KSHV20230701-2,KSHV20230701_104654_V06,4,0.879,1.200,2360,0,45623.959,28,0,45232.572
KSHV20230701-2,KSHV20230701_104654_V06,6,1.318,1.200,2361,0,11288.436,51,0,11196.963
KSHV20230701-2,KSHV20230701_104654_V06,8,1.802,1.200,1181,0,2032.681,254,0,1463.796
KSHV20230701-2,KSHV20230701_104654_V06,9,2.417,1.200,1181,0,94.856,258,0,51.240
KSHV20230701-2,KSHV20230701_104654_V06,10,3.120,1.200,1181,0,14.071,271,0,8.833
KSHV20230701-2,KSHV20230701_104654_V06,11,3.999,1.200,1183,0,5.892,206,0,3.004
KSHV20230701-2,KSHV20230701_104654_V06,12,5.098,1.200,1184,0,4.980,205,0,2.831
KSHV20230701-2,KSHV20230701_104654_V06,13,6.416,1.200,1187,0,2.965,122,0,1.745
KSHV20230701-2,KSHV20230701_110355_V06,0,0.308,1.200,3769,0,138406.255,21,0,137704.331
KSHV20230701-2,KSHV20230701_110355_V06,4,0.879,1.200,3769,0,30764.645,25,0,30648.660
KSHV20230701-2,KSHV20230701_110355_V06,6,1.318,1.200,3772,0,14254.704,129,0,14016.344
KSHV20230701-2,KSHV20230701_110355_V06,8,1.802,1.200,1885,0,7679.192,294,0,6130.758
KSHV20230701-2,KSHV20230701_110355_V06,9,2.417,1.200,1885,0,4281.363,433,0,2797.214
KSHV20230701-2,KSHV20230701_110355_V06,10,3.120,1.200,1881,0,2809.546,494,0,1296.332
KSHV20230701-2,KSHV20230701_110355_V06,11,3.999,1.200,1887,0,909.430,433,0,417.013
KSHV20230701-2,KSHV20230701_110355_V06,12,5.098,1.200,1887,0,609.170,389,0,333.465
KSHV20230701-2,KSHV20230701_110355_V06,13,6.416,1.200,1896,0,63.715,153,0,39.545
KSHV20230701-2,KSHV20230701_111211_V06,0,0.308,1.200,12723,0,112577.488,230,0,108732.115
KSHV20230701-2,KSHV20230701_111211_V06,4,0.879,1.200,12723,0,41670.652,360,0,40823.889
KSHV20230701-2,KSHV20230701_111211_V06,6,1.318,1.200,12723,0,25069.940,713,0,24228.481
KSHV20230701-2,KSHV20230701_111211_V06,8,1.802,1.200,6361,0,13870.970,1048,0,12094.037
KSHV20230701-2,KSHV20230701_111211_V06,9,2.417,1.200,6369,0,8384.960,1324,0,6369.012
KSHV20230701-2,KSHV20230701_111211_V06,10,3.120,1.200,6375,0,4816.399,1637,0,3932.619
KSHV20230701-2,KSHV20230701_111211_V06,11,3.999,1.200,6376,0,3288.558,1525,0,2115.728
KSHV20230701-2,KSHV20230701_111211_V06,12,5.098,1.200,6379,0,2066.952,1240,0,905.354
KSHV20230701-2,KSHV20230701_111211_V06,13,6.416,1.200,6392,0,397.517,923,0,251.313
KSHV20230701-1,KSHV20230701_102932_V06,0,0.308,1.200,13813,0,408282.819,742,0,367015.637
KSHV20230701-1,KSHV20230701_102932_V06,4,0.879,1.200,13811,0,56407.088,689,0,25751.703
KSHV20230701-1,KSHV20230701_102932_V06,6,1.318,1.200,13820,0,73334.140,1065,0,40130.954
KSHV20230701-1,KSHV20230701_103813_V06,0,0.308,1.200,18145,0,387627.756,1319,0,334148.678
KSHV20230701-1,KSHV20230701_103813_V06,4,0.879,1.200,18145,0,60620.747,1184,0,28500.246
KSHV20230701-1,KSHV20230701_103813_V06,6,1.318,1.200,18151,0,43752.101,829,0,22266.505
KSHV20230701-4,KSHV20230701_110355_V06,0,0.308,1.200,1008,0,10444.956,4,0,10349.499
KSHV20230701-4,KSHV20230701_110355_V06,4,0.879,1.200,1009,0,1059.158,35,0,1025.113
KSHV20230701-4,KSHV20230701_110355_V06,6,1.318,1.200,1008,0,232.058,252,0,185.878
KSHV20230701-4,KSHV20230701_110355_V06,8,1.802,1.200,507,0,9.196,5,0,6.190
KSHV20230701-4,KSHV20230701_110355_V06,9,2.417,1.200,505,0,0.463,0,0,0.463
KSHV20230701-4,KSHV20230701_110355_V06,10,3.120,1.200,505,0,0.463,0,0,0.463
KSHV20230701-4,KSHV20230701_110355_V06,11,3.999,1.200,505,0,0.464,0,0,0.464
KSHV20230701-4,KSHV20230701_110355_V06,12,5.098,1.200,503,0,0.464,0,0,0.464
KSHV20230701-4,KSHV20230701_111211_V06,0,0.308,1.200,531,0,14500.597,2,0,14496.406
KSHV20230701-4,KSHV20230701_111211_V06,4,0.879,1.200,531,0,1695.258,13,0,1684.267
KSHV20230701-4,KSHV20230701_111211_V06,6,1.318,1.200,531,0,289.075,86,0,250.671
KSHV20230701-4,KSHV20230701_111211_V06,8,1.802,1.200,265,0,59.862,28,0,40.832
KSHV20230701-4,KSHV20230701_111211_V06,9,2.417,1.200,264,0,0.973,0,0,0.973
KSHV20230701-4,KSHV20230701_111211_V06,10,3.120,1.200,266,0,0.272,0,0,0.272
KSHV20230701-4,KSHV20230701_111211_V06,11,3.999,1.200,268,0,0.275,0,0,0.275
KSHV20230701-4,KSHV20230701_111211_V06,12,5.098,1.200,269,0,0.276,0,0,0.276
KSHV20230702-3,KSHV20230702_104456_V06,0,0.308,1.200,3547,1,63601.844,157,1,62845.130
KSHV20230702-3,KSHV20230702_104456_V06,4,0.879,1.200,3548,0,37443.318,159,0,37217.795
KSHV20230702-3,KSHV20230702_104456_V06,6,1.318,1.200,3549,0,7366.142,359,0,7206.668
KSHV20230702-3,KSHV20230702_104456_V06,8,1.802,1.200,1775,0,402.565,345,0,311.259
KSHV20230702-3,KSHV20230702_104456_V06,9,2.417,1.200,1777,0,35.138,314,0,19.393
KSHV20230702-3,KSHV20230702_104456_V06,10,3.120,1.200,1776,0,15.187,301,0,9.588
KSHV20230702-3,KSHV20230702_104456_V06,11,3.999,1.200,1778,0,48.850,399,0,11.526
KSHV20230702-3,KSHV20230702_104456_V06,12,5.098,1.200,1780,0,24.025,479,0,14.332
KSHV20230702-3,KSHV20230702_104456_V06,13,6.416,1.200,1794,0,29.316,600,0,14.765
KSHV20230702-3,KSHV20230702_110154_V06,0,0.308,1.200,11613,0,147046.261,212,0,145590.838
KSHV20230702-3,KSHV20230702_110154_V06,4,0.879,1.200,11613,0,28773.024,301,0,28285.953
KSHV20230702-3,KSHV20230702_110154_V06,6,1.318,1.200,11613,0,7170.538,1333,0,6956.834
KSHV20230702-3,KSHV20230702_110154_V06,8,1.802,1.200,5816,0,1224.483,1452,0,866.441
KSHV20230702-3,KSHV20230702_110154_V06,9,2.417,1.200,5817,0,449.775,1369,0,219.934
KSHV20230702-3,KSHV20230702_110154_V06,10,3.120,1.200,5820,0,319.617,1476,0,195.390
KSHV20230702-3,KSHV20230702_110154_V06,11,3.999,1.200,5824,0,113.566,1687,0,54.556
KSHV20230702-3,KSHV20230702_110154_V06,12,5.098,1.200,5828,0,96.164,1887,0,52.217
KSHV20230702-3,KSHV20230702_110154_V06,13,6.416,1.200,5840,0,80.353,1992,0,38.012
KSHV20230702-3,KSHV20230702_111009_V06,0,0.308,1.200,15967,1,96413.972,627,1,92137.950
KSHV20230702-3,KSHV20230702_111009_V06,4,0.879,1.200,15973,0,13997.448,1365,0,12158.072
KSHV20230702-3,KSHV20230702_111009_V06,6,1.318,1.200,15971,0,6360.186,3612,0,5315.358
KSHV20230702-3,KSHV20230702_111009_V06,8,1.802,1.200,7989,0,3877.941,1866,0,2890.712
KSHV20230702-3,KSHV20230702_111009_V06,9,2.417,1.200,7991,0,1442.157,1748,0,1062.152
KSHV20230702-3,KSHV20230702_111009_V06,10,3.120,1.200,7998,0,810.004,1929,0,398.064
KSHV20230702-3,KSHV20230702_111009_V06,11,3.999,1.200,8002,0,322.252,1806,0,128.700
KSHV20230702-3,KSHV20230702_111009_V06,12,5.098,1.200,8010,0,184.841,2190,0,83.673
KSHV20230702-3,KSHV20230702_111009_V06,13,6.416,1.200,8027,0,101.253,1998,0,46.349
KSHV20230702-1,KSHV20230702_102759_V06,0,0.308,1.200,125,0,31467.856,1,0,31464.506
KSHV20230702-1,KSHV20230702_102759_V06,4,0.879,1.200,124,0,1483.102,1,0,1463.682
KSHV20230702-1,KSHV20230702_102759_V06,6,1.318,1.200,124,0,1057.230,11,0,416.043
KSHV20230702-1,KSHV20230702_102759_V06,8,1.802,1.200,61,0,142.425,5,0,37.828
KSHV20230702-5,KSHV20230702_115410_V06,0,0.308,1.200,6238,0,73038.470,1047,0,63947.362
KSHV20230702-5,KSHV20230702_115410_V06,4,0.879,1.200,6236,0,4860.787,422,0,2767.406
KSHV20230702-5,KSHV20230702_115410_V06,6,1.318,1.200,6237,0,3978.487,297,0,1695.791
KSHV20230702-5,KSHV20230702_115410_V06,8,1.802,1.200,3112,0,519.359,16,0,187.927
KSHV20230702-5,KSHV20230702_115410_V06,9,2.417,1.200,3114,0,298.664,7,0,180.927
KSHV20230703-2,KSHV20230703_104144_V06,0,0.308,1.200,2596,0,21686.849,241,0,21310.949
KSHV20230703-2,KSHV20230703_104144_V06,4,0.879,1.200,2596,0,30269.273,306,0,29065.314
KSHV20230703-2,KSHV20230703_104144_V06,6,1.318,1.200,2597,0,17908.177,230,0,17601.427
KSHV20230703-2,KSHV20230703_104144_V06,8,1.802,1.200,1301,0,1736.333,222,0,1345.839
KSHV20230703-2,KSHV20230703_104144_V06,9,2.417,1.200,1302,0,178.096,288,0,110.190
KSHV20230703-2,KSHV20230703_104144_V06,10,3.120,1.200,1300,0,75.961,481,0,27.336
KSHV20230703-2,KSHV20230703_104144_V06,11,3.999,1.200,1300,0,42.406,520,0,23.149
KSHV20230703-2,KSHV20230703_104144_V06,12,5.098,1.200,1299,0,34.842,444,0,18.566
KSHV20230703-2,KSHV20230703_104144_V06,13,6.416,1.200,1303,0,33.353,460,0,15.970
KSHV20230703-2,KSHV20230703_105025_V06,0,0.308,1.200,5731,3,147678.357,242,2,145729.693
KSHV20230703-2,KSHV20230703_105025_V06,4,0.879,1.200,5726,0,101222.106,290,0,100089.444
KSHV20230703-2,KSHV20230703_105025_V06,6,1.318,1.200,5730,0,65433.241,428,0,64703.202
KSHV20230703-2,KSHV20230703_105025_V06,8,1.802,1.200,2870,0,27430.422,467,0,24055.741
KSHV20230703-2,KSHV20230703_105025_V06,9,2.417,1.200,2872,0,7116.188,548,0,5313.118
KSHV20230703-2,KSHV20230703_105025_V06,10,3.120,1.200,2876,0,2910.306,764,0,1864.101
KSHV20230703-2,KSHV20230703_105025_V06,11,3.999,1.200,2877,0,543.776,781,0,383.518
KSHV20230703-2,KSHV20230703_105025_V06,12,5.098,1.200,2875,0,127.536,835,0,91.435
KSHV20230703-2,KSHV20230703_105025_V06,13,6.416,1.200,2888,0,71.968,915,0,32.777
KSHV20230703-2,KSHV20230703_110747_V06,0,0.308,1.200,11382,0,164059.621,239,0,161308.360
KSHV20230703-2,KSHV20230703_110747_V06,4,0.879,1.200,11384,0,31908.904,353,0,31054.027
KSHV20230703-2,KSHV20230703_110747_V06,6,1.318,1.200,11389,0,15989.765,811,0,15306.437
KSHV20230703-2,KSHV20230703_110747_V06,8,1.802,1.200,5695,0,9309.572,1202,0,7531.242
KSHV20230703-2,KSHV20230703_110747_V06,9,2.417,1.200,5699,0,8866.116,1319,0,6991.582
KSHV20230703-2,KSHV20230703_110747_V06,10,3.120,1.200,5704,0,8351.549,1394,0,6473.651
KSHV20230703-2,KSHV20230703_110747_V06,11,3.999,1.200,5709,0,5637.428,1478,0,3604.039
KSHV20230703-2,KSHV20230703_110747_V06,12,5.098,1.200,5722,0,3449.167,1633,0,1794.667
KSHV20230703-2,KSHV20230703_110747_V06,13,6.416,1.200,5734,0,1411.378,1824,0,567.944
KSHV20230703-2,KSHV20230703_111627_V06,0,0.308,1.200,19377,1,101500.036,467,1,98542.008
KSHV20230703-2,KSHV20230703_111627_V06,4,0.879,1.200,19382,0,14698.141,1011,0,13782.638
KSHV20230703-2,KSHV20230703_111627_V06,6,1.318,1.200,19384,0,9232.533,2222,0,8546.843
KSHV20230703-2,KSHV20230703_111627_V06,8,1.802,1.200,9692,0,5877.843,2191,0,4293.711
KSHV20230703-2,KSHV20230703_111627_V06,9,2.417,1.200,9694,0,6990.838,2354,0,4554.857
KSHV20230703-2,KSHV20230703_111627_V06,10,3.120,1.200,9701,0,7954.870,2405,0,5767.199
KSHV20230703-2,KSHV20230703_111627_V06,11,3.999,1.200,9709,0,7218.330,2465,0,5382.447
KSHV20230703-2,KSHV20230703_111627_V06,12,5.098,1.200,9721,0,3319.870,2854,0,2137.788
KSHV20230703-2,KSHV20230703_111627_V06,13,6.416,1.200,9750,0,1901.790,3087,0,924.701
KSHV20230703-1,KSHV20230703_104144_V06,0,0.308,1.200,185,0,5101.837,26,0,4706.618
KSHV20230703-1,KSHV20230703_104144_V06,4,0.879,1.200,185,0,7319.128,35,0,6599.833
KSHV20230703-1,KSHV20230703_104144_V06,6,1.318,1.200,186,0,28.715,1,0,5.781
KSHV20230703-1,KSHV20230703_104144_V06,8,1.802,1.200,91,0,0.561,0,0,0.561
KSHV20230703-1,KSHV20230703_105025_V06,0,0.308,1.200,981,0,54548.138,105,0,48239.554
KSHV20230703-1,KSHV20230703_105025_V06,4,0.879,1.200,982,0,4569.707,153,0,2659.467
KSHV20230703-1,KSHV20230703_105025_V06,6,1.318,1.200,984,0,90.489,10,0,37.775
KSHV20230703-1,KSHV20230703_105025_V06,8,1.802,1.200,496,0,3.042,0,0,3.042
KSHV20230703-1,KSHV20230703_110747_V06,0,0.308,1.200,2339,0,64680.825,778,0,45512.302
KSHV20230703-1,KSHV20230703_110747_V06,4,0.879,1.200,2344,0,7391.704,423,0,3384.838
KSHV20230703-1,KSHV20230703_110747_V06,6,1.318,1.200,2344,0,2003.616,120,0,835.468
KSHV20230703-1,KSHV20230703_110747_V06,8,1.802,1.200,1169,0,6.882,0,0,6.882
KSHV20230703-7,KSHV20230703_111627_V06,0,0.308,1.200,1277,0,67617.842,37,0,66817.571
KSHV20230703-7,KSHV20230703_111627_V06,4,0.879,1.200,1277,0,5372.719,281,0,4825.553
KSHV20230703-7,KSHV20230703_111627_V06,6,1.318,1.200,1278,0,262.642,128,0,154.575
KSHV20230703-7,KSHV20230703_111627_V06,8,1.802,1.200,606,0,1.642,0,0,1.642
KSHV20230703-7,KSHV20230703_111627_V06,9,2.417,1.200,605,0,1.642,0,0,1.642
KSHV20230703-7,KSHV20230703_111627_V06,10,3.120,1.200,604,0,1.641,0,0,1.641
KSHV20230703-7,KSHV20230703_112508_V06,0,0.308,1.200,3972,0,70461.185,418,0,65571.864
KSHV20230703-7,KSHV20230703_112508_V06,4,0.879,1.200,3972,0,7952.453,1140,0,6066.062
KSHV20230703-7,KSHV20230703_112508_V06,6,1.318,1.200,3973,0,1034.289,403,0,701.984
KSHV20230703-7,KSHV20230703_112508_V06,8,1.802,1.200,1994,0,54.425,2,0,48.712
KSHV20230703-7,KSHV20230703_112508_V06,9,2.417,1.200,1996,0,42.251,1,0,39.728
KSHV20230703-7,KSHV20230703_112508_V06,10,3.120,1.200,1999,0,5.518,0,0,5.518
KSHV20230703-8,KSHV20230703_111627_V06,0,0.308,1.200,2686,0,51906.428,517,0,40974.534
KSHV20230703-8,KSHV20230703_111627_V06,4,0.879,1.200,2690,0,15367.381,437,0,2535.865
KSHV20230703-8,KSHV20230703_111627_V06,6,1.318,1.200,2693,0,6837.207,110,0,504.306
KSHV20230704-3,KSHV20230704_104546_V06,0,0.308,1.200,2863,0,12192.610,551,0,10834.645
KSHV20230704-3,KSHV20230704_104546_V06,4,0.879,1.200,2862,0,6923.192,640,0,6149.964
KSHV20230704-3,KSHV20230704_104546_V06,6,1.318,1.200,2862,0,2834.790,611,0,2222.082
KSHV20230704-3,KSHV20230704_104546_V06,10,1.802,1.200,1429,0,319.653,205,0,285.505
KSHV20230704-3,KSHV20230704_104546_V06,11,2.417,1.200,1426,0,7.085,164,0,4.625
KSHV20230704-3,KSHV20230704_104546_V06,12,3.120,1.200,1430,0,4.196,145,0,2.343
KSHV20230704-3,KSHV20230704_104546_V06,13,3.999,1.200,1432,0,3.319,137,0,1.645
KSHV20230704-3,KSHV20230704_104546_V06,14,5.098,1.200,1436,0,3.065,142,0,1.449
KSHV20230704-3,KSHV20230704_104546_V06,15,6.416,1.200,1445,0,2.966,138,0,1.345
KSHV20230704-3,KSHV20230704_104546_V06,16,7.998,1.200,1445,0,4.846,382,0,2.552
KSHV20230704-3,KSHV20230704_105229_V06,0,0.308,1.200,8626,7,110643.476,1073,6,104979.210
KSHV20230704-3,KSHV20230704_105229_V06,4,0.879,1.200,8630,0,67736.500,1878,0,63343.064
KSHV20230704-3,KSHV20230704_105229_V06,6,1.318,1.200,8635,0,31529.236,2195,0,27473.359
KSHV20230704-3,KSHV20230704_105229_V06,10,1.802,1.200,4320,0,4689.710,672,0,3629.239
KSHV20230704-3,KSHV20230704_105229_V06,11,2.417,1.200,4323,0,152.416,475,0,65.570
KSHV20230704-3,KSHV20230704_105229_V06,12,3.120,1.200,4328,0,9.170,358,0,5.336
KSHV20230704-3,KSHV20230704_105229_V06,13,3.999,1.200,4333,0,5.176,235,0,2.806
KSHV20230704-3,KSHV20230704_105229_V06,14,5.098,1.200,4333,0,5.900,256,0,3.171
KSHV20230704-3,KSHV20230704_105229_V06,15,6.416,1.200,4348,0,6.876,275,0,2.987
KSHV20230704-3,KSHV20230704_105229_V06,16,7.998,1.200,4368,0,15.094,970,0,8.050
KSHV20230704-3,KSHV20230704_105229_V06,17,10.020,1.200,4381,0,8.734,682,0,5.125
KSHV20230704-3,KSHV20230704_110518_V06,0,0.308,1.200,8966,0,230156.247,482,0,221434.370
KSHV20230704-3,KSHV20230704_110518_V06,4,0.879,1.200,8967,0,74475.473,549,0,71387.867
KSHV20230704-3,KSHV20230704_110518_V06,6,1.318,1.200,8969,0,42803.953,1293,0,38679.266
KSHV20230704-3,KSHV20230704_110518_V06,10,1.802,1.200,4479,0,16746.202,728,0,13596.882
KSHV20230704-3,KSHV20230704_110518_V06,11,2.417,1.200,4478,0,7580.550,936,0,5176.776
KSHV20230704-3,KSHV20230704_110518_V06,12,3.120,1.200,4482,0,3542.615,918,0,2169.478
KSHV20230704-3,KSHV20230704_110518_V06,13,3.999,1.200,4492,0,2085.725,851,0,1148.450
KSHV20230704-3,KSHV20230704_110518_V06,14,5.098,1.200,4497,0,849.887,658,0,582.167
KSHV20230704-3,KSHV20230704_110518_V06,15,6.416,1.200,4517,0,295.716,478,0,191.690
KSHV20230704-3,KSHV20230704_110518_V06,16,7.998,1.200,4526,0,74.520,1100,0,29.739
KSHV20230704-3,KSHV20230704_111150_V06,0,0.308,1.200,11203,0,180227.950,697,0,169053.008
KSHV20230704-3,KSHV20230704_111150_V06,4,0.879,1.200,11206,0,40272.961,926,0,37844.248
KSHV20230704-3,KSHV20230704_111150_V06,6,1.318,1.200,11208,0,22532.646,1846,0,19668.057
KSHV20230704-3,KSHV20230704_111150_V06,10,1.802,1.200,5603,0,12078.661,1062,0,9316.381
KSHV20230704-3,KSHV20230704_111150_V06,11,2.417,1.200,5605,0,5370.331,1076,0,4053.364
KSHV20230704-3,KSHV20230704_111150_V06,12,3.120,1.200,5609,0,3960.418,1187,0,2604.510
KSHV20230704-3,KSHV20230704_111150_V06,13,3.999,1.200,5620,0,2665.588,1141,0,1344.464
KSHV20230704-3,KSHV20230704_111150_V06,14,5.098,1.200,5629,0,1922.391,973,0,836.018
KSHV20230704-3,KSHV20230704_111150_V06,15,6.416,1.200,5636,0,779.372,802,0,443.765
KSHV20230704-3,KSHV20230704_111745_V06,0,0.308,1.200,33960,1,160640.331,2537,1,147524.223
KSHV20230704-3,KSHV20230704_111745_V06,4,0.879,1.200,33969,0,35767.455,4536,0,31012.712
KSHV20230704-3,KSHV20230704_111745_V06,6,1.318,1.200,33972,0,28034.854,6405,0,24164.264
KSHV20230704-3,KSHV20230704_111745_V06,10,1.802,1.200,17003,0,20183.211,3501,0,15571.577
KSHV20230704-3,KSHV20230704_111745_V06,11,2.417,1.200,17013,0,13368.778,3749,0,9600.648
KSHV20230704-3,KSHV20230704_111745_V06,12,3.120,1.200,17018,0,7979.430,3804,0,5829.169
KSHV20230704-3,KSHV20230704_111745_V06,13,3.999,1.200,17034,0,4493.276,3487,0,3033.243
KSHV20230704-3,KSHV20230704_111745_V06,14,5.098,1.200,17055,0,1860.979,3061,0,1119.464
KSHV20230704-3,KSHV20230704_111745_V06,15,6.416,1.200,17099,0,1435.390,2744,0,516.007
KSHV20230704-6,KSHV20230704_110518_V06,0,0.308,1.200,329,0,4171.673,53,0,3462.616
KSHV20230704-6,KSHV20230704_110518_V06,4,0.879,1.200,328,0,1.041,0,0,1.041
KSHV20230704-6,KSHV20230704_110518_V06,6,1.318,1.200,328,0,15.755,0,0,15.755
KSHV20230704-6,KSHV20230704_110518_V06,10,1.802,1.200,163,0,1.035,0,0,1.035
KSHV20230704-8,KSHV20230704_111150_V06,0,0.308,1.200,7813,0,1094641.603,1669,0,30065.050
KSHV20230704-8,KSHV20230704_111150_V06,4,0.879,1.200,7808,0,1353054.181,1708,0,42777.377
KSHV20230705-1,KSHV20230705_104705_V06,0,0.308,1.200,2738,1,72140.097,156,1,70861.984
KSHV20230705-1,KSHV20230705_104705_V06,4,0.879,1.200,2738,0,51985.780,90,0,51645.044
KSHV20230705-1,KSHV20230705_104705_V06,6,1.318,1.200,2737,0,9166.571,184,0,9052.331
KSHV20230705-1,KSHV20230705_104705_V06,8,1.802,1.200,1374,0,365.254,185,0,216.486
KSHV20230705-1,KSHV20230705_104705_V06,9,2.417,1.200,1373,0,11.528,207,0,8.156
KSHV20230705-1,KSHV20230705_104705_V06,10,3.120,1.200,1370,0,10.424,286,0,6.048
KSHV20230705-1,KSHV20230705_104705_V06,11,3.999,1.200,1374,0,9.325,284,0,5.330
KSHV20230705-1,KSHV20230705_104705_V06,12,5.098,1.200,1378,0,11.384,342,0,6.266
KSHV20230705-1,KSHV20230705_104705_V06,13,6.416,1.200,1383,0,10.697,399,0,5.412
KSHV20230705-1,KSHV20230705_110336_V06,0,0.308,1.200,7368,0,232991.680,100,0,228162.913
KSHV20230705-1,KSHV20230705_110336_V06,4,0.879,1.200,7370,0,50661.996,73,0,50192.010
KSHV20230705-1,KSHV20230705_110336_V06,6,1.318,1.200,7369,0,24034.136,219,0,23337.839
KSHV20230705-1,KSHV20230705_110336_V06,8,1.802,1.200,3684,0,7783.318,495,0,6821.428
KSHV20230705-1,KSHV20230705_110336_V06,9,2.417,1.200,3686,0,2906.147,692,0,1706.206
KSHV20230705-1,KSHV20230705_110336_V06,10,3.120,1.200,3688,0,822.814,802,0,350.388
KSHV20230705-1,KSHV20230705_110336_V06,11,3.999,1.200,3690,0,242.256,784,0,181.972
KSHV20230705-1,KSHV20230705_110336_V06,12,5.098,1.200,3696,0,210.313,678,0,149.825
KSHV20230705-1,KSHV20230705_110336_V06,13,6.416,1.200,3715,0,167.966,808,0,107.105
KSHV20230705-1,KSHV20230705_111153_V06,0,0.308,1.200,23657,0,212345.222,618,0,205513.875
KSHV20230705-1,KSHV20230705_111153_V06,4,0.879,1.200,23656,0,40205.693,571,0,39055.654
KSHV20230705-1,KSHV20230705_111153_V06,6,1.318,1.200,23658,0,19794.563,845,0,19090.532
KSHV20230705-1,KSHV20230705_111153_V06,8,1.802,1.200,11829,0,12163.335,1531,0,9952.181
KSHV20230705-1,KSHV20230705_111153_V06,9,2.417,1.200,11835,0,8190.709,2059,0,6452.809
KSHV20230705-1,KSHV20230705_111153_V06,10,3.120,1.200,11840,0,5459.625,2375,0,3614.541
KSHV20230705-1,KSHV20230705_111153_V06,11,3.999,1.200,11852,0,2709.001,2957,0,1627.518
KSHV20230705-1,KSHV20230705_111153_V06,12,5.098,1.200,11873,0,1377.589,2898,0,731.878
KSHV20230705-1,KSHV20230705_111153_V06,13,6.416,1.200,11919,0,877.759,3365,0,449.992
KSHV20230706-2,KSHV20230706_104733_V06,0,0.308,1.200,2922,4,76207.075,277,3,74375.538
KSHV20230706-2,KSHV20230706_104733_V06,4,0.879,1.200,2922,0,42290.673,238,0,40478.023
KSHV20230706-2,KSHV20230706_104733_V06,6,1.318,1.200,2924,0,13903.781,359,0,12639.802
KSHV20230706-2,KSHV20230706_104733_V06,8,1.802,1.200,1464,0,775.679,226,0,564.214
KSHV20230706-2,KSHV20230706_104733_V06,9,2.417,1.200,1464,0,23.852,314,0,12.417
KSHV20230706-2,KSHV20230706_104733_V06,10,3.120,1.200,1465,0,9.894,298,0,5.107
KSHV20230706-2,KSHV20230706_104733_V06,11,3.999,1.200,1466,0,11.928,302,0,6.252
KSHV20230706-2,KSHV20230706_104733_V06,12,5.098,1.200,1463,0,14.283,339,0,6.431
KSHV20230706-2,KSHV20230706_104733_V06,13,6.416,1.200,1470,0,32.376,513,0,11.637
KSHV20230706-2,KSHV20230706_105256_V06,0,0.308,1.200,9067,3,185338.926,681,3,181398.124
KSHV20230706-2,KSHV20230706_105256_V06,4,0.879,1.200,9068,0,98376.909,916,0,92988.429
KSHV20230706-2,KSHV20230706_105256_V06,6,1.318,1.200,9074,0,47242.302,1492,0,43172.904
KSHV20230706-2,KSHV20230706_105256_V06,8,1.802,1.200,4543,0,12110.691,905,0,9843.987
KSHV20230706-2,KSHV20230706_105256_V06,9,2.417,1.200,4539,0,525.212,794,0,281.120
KSHV20230706-2,KSHV20230706_105256_V06,10,3.120,1.200,4541,0,42.303,761,0,18.916
KSHV20230706-2,KSHV20230706_105256_V06,11,3.999,1.200,4549,0,25.385,730,0,14.022
KSHV20230706-2,KSHV20230706_105256_V06,12,5.098,1.200,4559,0,43.884,973,0,16.115
KSHV20230706-2,KSHV20230706_105256_V06,13,6.416,1.200,4565,0,125.976,1404,0,34.690
KSHV20230706-2,KSHV20230706_110326_V06,0,0.308,1.200,12645,3,265491.056,589,2,253705.255
KSHV20230706-2,KSHV20230706_110326_V06,4,0.879,1.200,12648,0,97603.466,496,0,93767.377
KSHV20230706-2,KSHV20230706_110326_V06,6,1.318,1.200,12646,0,56537.935,1129,0,52361.135
KSHV20230706-2,KSHV20230706_110326_V06,8,1.802,1.200,6327,0,31279.356,813,0,26533.918
KSHV20230706-2,KSHV20230706_110326_V06,9,2.417,1.200,6335,0,10562.141,1181,0,6931.404
KSHV20230706-2,KSHV20230706_110326_V06,10,3.120,1.200,6342,0,3162.616,1237,0,1897.141
KSHV20230706-2,KSHV20230706_110326_V06,11,3.999,1.200,6348,0,1565.259,1130,0,954.558
KSHV20230706-2,KSHV20230706_110326_V06,12,5.098,1.200,6354,0,633.565,1065,0,418.594
KSHV20230706-2,KSHV20230706_110326_V06,13,6.416,1.200,6365,0,337.287,1736,0,131.811
KSHV20230706-2,KSHV20230706_110832_V06,0,0.308,1.200,19043,0,247172.885,788,0,235581.511
KSHV20230706-2,KSHV20230706_110832_V06,4,0.879,1.200,19045,0,77581.467,861,0,74275.720
KSHV20230706-2,KSHV20230706_110832_V06,6,1.318,1.200,19045,0,66050.630,1488,0,61950.917
KSHV20230706-2,KSHV20230706_110832_V06,8,1.802,1.200,9519,0,46242.635,1096,0,40131.028
KSHV20230706-2,KSHV20230706_110832_V06,9,2.417,1.200,9522,0,23044.061,1680,0,16953.994
KSHV20230706-2,KSHV20230706_110832_V06,10,3.120,1.200,9523,0,8718.081,2259,0,5805.397
KSHV20230706-2,KSHV20230706_110832_V06,11,3.999,1.200,9543,0,3561.500,2086,0,2684.254
KSHV20230706-2,KSHV20230706_110832_V06,12,5.098,1.200,9564,0,1512.477,2186,0,969.661
KSHV20230706-2,KSHV20230706_110832_V06,13,6.416,1.200,9589,0,945.897,2905,0,443.905
KSHV20230706-2,KSHV20230706_111355_V06,0,0.308,1.200,30863,0,194786.281,1426,0,182349.480
KSHV20230706-2,KSHV20230706_111355_V06,4,0.879,1.200,30868,0,59213.055,1757,0,56100.427
KSHV20230706-2,KSHV20230706_111355_V06,6,1.318,1.200,30871,0,63001.343,2804,0,59503.217
KSHV20230706-2,KSHV20230706_111355_V06,8,1.802,1.200,15443,0,57670.067,2258,0,51020.207
KSHV20230706-2,KSHV20230706_111355_V06,9,2.417,1.200,15448,0,41633.547,3395,0,33155.963
KSHV20230706-2,KSHV20230706_111355_V06,10,3.120,1.200,15458,0,18196.058,4177,0,12468.952
KSHV20230706-2,KSHV20230706_111355_V06,11,3.999,1.200,15479,0,6392.265,4213,0,4024.891
KSHV20230706-2,KSHV20230706_111355_V06,12,5.098,1.200,15498,0,3264.259,4878,0,1843.247
KSHV20230706-2,KSHV20230706_111355_V06,13,6.416,1.200,15531,0,2097.012,5291,0,972.987
KSHV20230706-2,KSHV20230706_111926_V06,0,0.308,1.200,35114,0,132820.748,1900,0,122036.824
KSHV20230706-2,KSHV20230706_111926_V06,4,0.879,1.200,35117,0,37229.073,2617,0,34646.076
KSHV20230706-2,KSHV20230706_111926_V06,6,1.318,1.200,35126,0,40164.030,3946,0,37665.290
KSHV20230706-2,KSHV20230706_111926_V06,8,1.802,1.200,17563,0,42029.867,2984,0,36738.193
KSHV20230706-2,KSHV20230706_111926_V06,9,2.417,1.200,17567,0,33868.890,4337,0,26360.898
KSHV20230706-2,KSHV20230706_111926_V06,10,3.120,1.200,17584,0,19977.280,5035,0,13987.763
KSHV20230706-2,KSHV20230706_111926_V06,11,3.999,1.200,17592,0,8098.238,5312,0,5205.610
KSHV20230706-2,KSHV20230706_111926_V06,12,5.098,1.200,17627,0,4301.566,6100,0,2263.016
KSHV20230706-2,KSHV20230706_111926_V06,13,6.416,1.200,17678,0,2837.678,6310,0,1321.818
KSHV20230706-1,KSHV20230706_101647_V06,0,0.308,1.200,8354,0,11173.083,817,0,10079.326
KSHV20230706-1,KSHV20230706_101647_V06,4,0.879,1.200,8357,0,1400.431,1299,0,825.852
KSHV20230706-1,KSHV20230706_101647_V06,6,1.318,1.200,8359,0,131.029,1211,0,83.036
KSHV20230706-1,KSHV20230706_101647_V06,8,1.802,1.200,4180,0,36.332,885,0,23.262
KSHV20230706-1,KSHV20230706_101647_V06,9,2.417,1.200,4182,0,23.075,898,0,13.548
KSHV20230706-1,KSHV20230706_101647_V06,10,3.120,1.200,4185,0,19.484,936,0,12.966
KSHV20230706-1,KSHV20230706_101647_V06,11,3.999,1.200,4190,0,12.200,991,0,7.978
KSHV20230706-1,KSHV20230706_101647_V06,12,5.098,1.200,4198,0,8.683,940,0,4.845
KSHV20230706-1,KSHV20230706_101647_V06,13,6.416,1.200,4215,0,4.360,822,0,2.567
KSHV20230706-4,KSHV20230706_110832_V06,0,0.308,1.200,3384,0,3850365.341,1919,0,18331.263
KSHV20230706-4,KSHV20230706_110832_V06,4,0.879,1.200,3391,0,4095535.713,2087,0,190209.345
KSHV20230706-4,KSHV20230706_110832_V06,6,1.318,1.200,3389,0,3024150.127,2482,0,56004.304
KSHV20230707-1,KSHV20230707_105246_V06,0,0.308,1.200,4784,1,85896.099,775,1,83061.016
KSHV20230707-1,KSHV20230707_105246_V06,4,0.879,1.200,4784,0,12168.087,747,0,10964.702
KSHV20230707-1,KSHV20230707_105246_V06,6,1.318,1.200,4788,0,1497.898,1021,0,1164.305
KSHV20230707-1,KSHV20230707_105246_V06,8,1.802,1.200,2391,0,59.901,398,0,44.088
KSHV20230707-1,KSHV20230707_105246_V06,9,2.417,1.200,2388,0,4.638,164,0,3.271
KSHV20230707-1,KSHV20230707_105246_V06,10,3.120,1.200,2392,0,3.534,135,0,2.735
KSHV20230707-1,KSHV20230707_105246_V06,11,3.999,1.200,2398,0,3.031,90,0,2.292
KSHV20230707-1,KSHV20230707_105246_V06,12,5.098,1.200,2401,0,2.610,59,0,1.991
KSHV20230707-1,KSHV20230707_105246_V06,13,6.416,1.200,2409,0,2.329,74,0,1.739
KSHV20230707-1,KSHV20230707_110104_V06,0,0.308,1.200,12611,4,193930.288,1283,4,186391.309
KSHV20230707-1,KSHV20230707_110104_V06,4,0.879,1.200,12617,0,28313.262,1739,0,24010.346
KSHV20230707-1,KSHV20230707_110104_V06,6,1.318,1.200,12617,0,10331.127,3057,0,7295.962
KSHV20230707-1,KSHV20230707_110104_V06,8,1.802,1.200,6310,0,2993.043,1609,0,1810.378
KSHV20230707-1,KSHV20230707_110104_V06,9,2.417,1.200,6312,0,187.893,1095,0,58.706
KSHV20230707-1,KSHV20230707_110104_V06,10,3.120,1.200,6314,0,14.471,853,0,9.611
KSHV20230707-1,KSHV20230707_110104_V06,11,3.999,1.200,6319,0,9.086,612,0,6.378
KSHV20230707-1,KSHV20230707_110104_V06,12,5.098,1.200,6327,0,6.822,422,0,4.747
KSHV20230707-1,KSHV20230707_110104_V06,13,6.416,1.200,6342,0,5.957,250,0,5.201
KSHV20230707-1,KSHV20230707_110513_V06,0,0.308,1.200,15968,2,222948.088,1345,1,211933.075
KSHV20230707-1,KSHV20230707_110513_V06,4,0.879,1.200,15971,0,22823.799,1684,0,20279.986
KSHV20230707-1,KSHV20230707_110513_V06,6,1.318,1.200,15975,0,8466.695,3272,0,6732.916
KSHV20230707-1,KSHV20230707_110513_V06,8,1.802,1.200,7998,0,4516.527,1840,0,2820.275
KSHV20230707-1,KSHV20230707_110513_V06,9,2.417,1.200,8002,0,861.224,1681,0,407.557
KSHV20230707-1,KSHV20230707_110513_V06,10,3.120,1.200,8006,0,81.377,1444,0,32.434
KSHV20230707-1,KSHV20230707_110513_V06,11,3.999,1.200,8014,0,24.197,944,0,16.506
KSHV20230707-1,KSHV20230707_110513_V06,12,5.098,1.200,8022,0,9.329,708,0,6.422
KSHV20230707-1,KSHV20230707_110513_V06,13,6.416,1.200,8042,0,8.777,465,0,6.679
KSHV20230707-1,KSHV20230707_110922_V06,0,0.308,1.200,26688,5,309624.815,2434,4,297370.209
KSHV20230707-1,KSHV20230707_110922_V06,4,0.879,1.200,26695,0,31185.164,3457,0,27267.559
KSHV20230707-1,KSHV20230707_110922_V06,6,1.318,1.200,26699,0,15214.981,4967,0,12488.710
KSHV20230707-1,KSHV20230707_110922_V06,8,1.802,1.200,13351,0,8960.681,3464,0,6015.902
KSHV20230707-1,KSHV20230707_110922_V06,9,2.417,1.200,13355,0,3043.753,3029,0,1605.208
KSHV20230707-1,KSHV20230707_110922_V06,10,3.120,1.200,13363,0,605.324,2598,0,251.747
KSHV20230707-1,KSHV20230707_110922_V06,11,3.999,1.200,13382,0,113.016,1893,0,56.338
KSHV20230707-1,KSHV20230707_110922_V06,12,5.098,1.200,13409,0,35.925,1500,0,20.885
KSHV20230707-1,KSHV20230707_110922_V06,13,6.416,1.200,13440,0,22.352,1088,0,14.952
KSHV20230707-1,KSHV20230707_111331_V06,0,0.308,1.200,35878,1,310057.927,3128,1,293881.840
KSHV20230707-1,KSHV20230707_111331_V06,4,0.879,1.200,35881,0,50157.601,4748,0,44835.747
KSHV20230707-1,KSHV20230707_111331_V06,6,1.318,1.200,35890,0,26545.014,6601,0,22089.507
KSHV20230707-1,KSHV20230707_111331_V06,8,1.802,1.200,17949,0,14841.842,4760,0,9341.261
KSHV20230707-1,KSHV20230707_111331_V06,9,2.417,1.200,17960,0,6266.138,4766,0,3474.888
KSHV20230707-1,KSHV20230707_111331_V06,10,3.120,1.200,17968,0,1425.628,4155,0,644.171
KSHV20230707-1,KSHV20230707_111331_V06,11,3.999,1.200,17991,0,547.985,3300,0,225.028
KSHV20230707-1,KSHV20230707_111331_V06,12,5.098,1.200,18033,0,145.265,2798,0,67.385
KSHV20230707-1,KSHV20230707_111331_V06,13,6.416,1.200,18082,0,67.425,2178,0,31.012
KSHV20230707-1,KSHV20230707_111739_V06,0,0.308,1.200,13901,2,193286.811,616,2,184103.859
KSHV20230707-1,KSHV20230707_111739_V06,4,0.879,1.200,13900,0,30695.067,1095,0,27171.301
KSHV20230707-1,KSHV20230707_111739_V06,6,1.318,1.200,13907,0,18686.603,1938,0,15462.250
KSHV20230707-1,KSHV20230707_111739_V06,8,1.802,1.200,6954,0,12204.573,1611,0,8280.470
KSHV20230707-1,KSHV20230707_111739_V06,9,2.417,1.200,6955,0,5916.684,1588,0,3407.018
KSHV20230707-1,KSHV20230707_111739_V06,10,3.120,1.200,6957,0,1993.416,1512,0,874.853
KSHV20230707-1,KSHV20230707_111739_V06,11,3.999,1.200,6969,0,570.605,1258,0,301.405
KSHV20230707-1,KSHV20230707_111739_V06,12,5.098,1.200,6984,0,159.160,1150,0,65.831
KSHV20230707-1,KSHV20230707_111739_V06,13,6.416,1.200,6997,0,91.289,803,0,43.256
KSHV20230707-8,KSHV20230707_121751_V06,0,0.308,1.200,8512,7,578738.058,652,0,329899.326
KSHV20230707-8,KSHV20230707_121751_V06,4,0.879,1.200,8520,0,55605.046,1487,0,28291.020
KSHV20230707-8,KSHV20230707_121751_V06,6,1.318,1.200,8527,0,36116.661,998,0,17405.265
KSHV20230707-8,KSHV20230707_121751_V06,8,1.802,1.200,4262,0,3149.018,15,0,2684.254
KSHV20230707-8,KSHV20230707_122208_V06,0,0.308,1.200,10753,0,509483.843,738,0,451771.368
KSHV20230707-8,KSHV20230707_122208_V06,4,0.879,1.200,10755,0,133356.018,2010,0,35686.379
KSHV20230707-8,KSHV20230707_122208_V06,6,1.318,1.200,10760,0,66396.392,1680,0,33471.017
KSHV20230707-8,KSHV20230707_122208_V06,8,1.802,1.200,5382,0,5103.482,21,0,4173.458
KSHV20230707-3,KSHV20230707_111331_V06,0,0.308,1.200,4724,0,39265.910,819,0,16472.720
KSHV20230707-3,KSHV20230707_111331_V06,4,0.879,1.200,4719,0,200.690,7,0,18.723
KSHV20230707-3,KSHV20230707_111331_V06,6,1.318,1.200,4724,0,94.933,1,0,61.896
KSHV20230707-3,KSHV20230707_111739_V06,0,0.308,1.200,11296,0,219317.985,3698,0,80102.504
KSHV20230707-3,KSHV20230707_111739_V06,4,0.879,1.200,11307,0,2761.133,119,0,1078.029
KSHV20230707-3,KSHV20230707_111739_V06,6,1.318,1.200,11305,0,279.508,14,0,62.480
KSHV20230707-3,KSHV20230707_112157_V06,0,0.308,1.200,4905,0,277927.837,2175,0,110332.315
KSHV20230707-3,KSHV20230707_112157_V06,4,0.879,1.200,4916,0,17064.662,551,0,5812.562
KSHV20230707-3,KSHV20230707_112157_V06,6,1.318,1.200,4896,0,140.989,8,0,47.864
KSHV20230708-2,KSHV20230708_104513_V06,0,0.308,1.200,575,0,32937.919,37,0,31822.083
KSHV20230708-2,KSHV20230708_104513_V06,4,0.879,1.200,577,0,17621.717,31,0,16972.874
KSHV20230708-2,KSHV20230708_104513_V06,6,1.318,1.200,576,0,3460.532,41,0,3134.218
KSHV20230708-2,KSHV20230708_104513_V06,8,1.802,1.200,294,0,178.926,52,0,148.380
KSHV20230708-2,KSHV20230708_104513_V06,9,2.417,1.200,292,0,31.667,51,0,7.504
KSHV20230708-2,KSHV20230708_104513_V06,10,3.120,1.200,292,0,30.574,47,0,2.801
KSHV20230708-2,KSHV20230708_104513_V06,11,3.999,1.200,290,0,7.447,28,0,1.303
KSHV20230708-2,KSHV20230708_104513_V06,12,5.098,1.200,291,0,1.644,45,0,0.943
KSHV20230708-2,KSHV20230708_104513_V06,13,6.416,1.200,292,0,0.957,35,0,0.551
KSHV20230708-2,KSHV20230708_104922_V06,0,0.308,1.200,3416,11,110933.032,354,11,103347.492
KSHV20230708-2,KSHV20230708_104922_V06,4,0.879,1.200,3418,0,78403.305,328,0,73689.987
KSHV20230708-2,KSHV20230708_104922_V06,6,1.318,1.200,3421,0,32179.114,470,0,30225.706
KSHV20230708-2,KSHV20230708_104922_V06,8,1.802,1.200,1711,0,4044.826,367,0,2817.994
KSHV20230708-2,KSHV20230708_104922_V06,9,2.417,1.200,1712,0,131.194,245,0,99.810
KSHV20230708-2,KSHV20230708_104922_V06,10,3.120,1.200,1717,0,19.859,135,0,5.001
KSHV20230708-2,KSHV20230708_104922_V06,11,3.999,1.200,1714,0,10.427,124,0,4.371
KSHV20230708-2,KSHV20230708_104922_V06,12,5.098,1.200,1714,0,7.458,174,0,4.191
KSHV20230708-2,KSHV20230708_104922_V06,13,6.416,1.200,1713,0,6.137,182,0,3.762
KSHV20230708-2,KSHV20230708_105331_V06,0,0.308,1.200,5837,6,190768.120,432,6,186817.941
KSHV20230708-2,KSHV20230708_105331_V06,4,0.879,1.200,5834,0,122151.588,474,0,112396.353
KSHV20230708-2,KSHV20230708_105331_V06,6,1.318,1.200,5840,0,55764.569,692,0,49708.999
KSHV20230708-2,KSHV20230708_105331_V06,8,1.802,1.200,2918,0,15943.192,640,0,11111.036
KSHV20230708-2,KSHV20230708_105331_V06,9,2.417,1.200,2920,0,1039.929,513,0,698.178
KSHV20230708-2,KSHV20230708_105331_V06,10,3.120,1.200,2921,0,32.835,247,0,17.199
KSHV20230708-2,KSHV20230708_105331_V06,11,3.999,1.200,2924,0,10.858,169,0,6.124
KSHV20230708-2,KSHV20230708_105331_V06,12,5.098,1.200,2931,0,8.760,217,0,5.778
KSHV20230708-2,KSHV20230708_105331_V06,13,6.416,1.200,2942,0,8.423,238,0,5.829
KSHV20230708-2,KSHV20230708_110148_V06,0,0.308,1.200,11769,5,260492.761,594,5,251820.363
KSHV20230708-2,KSHV20230708_110148_V06,4,0.879,1.200,11772,0,95313.100,583,0,89921.917
KSHV20230708-2,KSHV20230708_110148_V06,6,1.318,1.200,11774,0,41186.101,990,0,37672.993
KSHV20230708-2,KSHV20230708_110148_V06,8,1.802,1.200,5884,0,22425.659,1132,0,16582.303
KSHV20230708-2,KSHV20230708_110148_V06,9,2.417,1.200,5887,0,10858.810,1235,0,7130.632
KSHV20230708-2,KSHV20230708_110148_V06,10,3.120,1.200,5886,0,2748.858,1061,0,1762.250
KSHV20230708-2,KSHV20230708_110148_V06,11,3.999,1.200,5898,0,437.896,801,0,252.714
KSHV20230708-2,KSHV20230708_110148_V06,12,5.098,1.200,5913,0,69.133,664,0,34.416
KSHV20230708-2,KSHV20230708_110148_V06,13,6.416,1.200,5930,0,21.626,648,0,13.319
KSHV20230708-3,KSHV20230708_104513_V06,0,0.308,1.200,282,0,4874.455,22,0,3592.320
KSHV20230708-3,KSHV20230708_104513_V06,4,0.879,1.200,283,0,28156.788,23,0,24127.395
KSHV20230708-3,KSHV20230708_104513_V06,6,1.318,1.200,284,0,894.680,14,0,506.818
KSHV20230708-5,KSHV20230708_110148_V06,0,0.308,1.200,2256,0,9832.869,669,0,6881.081
KSHV20230708-5,KSHV20230708_110148_V06,4,0.879,1.200,2255,0,27.574,7,0,22.312
KSHV20230708-5,KSHV20230708_110148_V06,6,1.318,1.200,2246,0,4.462,2,0,3.045
KSHV20230708-5,KSHV20230708_110148_V06,8,1.802,1.200,1128,0,6.513,0,0,6.513
KSHV20230708-5,KSHV20230708_110148_V06,9,2.417,1.200,1128,0,2.555,0,0,2.555
KSHV20230708-5,KSHV20230708_110148_V06,10,3.120,1.200,1127,0,7.129,0,0,7.129
KSHV20230709-1,KSHV20230709_104239_V06,0,0.308,1.200,2517,1,18955.532,551,0,16530.130
KSHV20230709-1,KSHV20230709_104239_V06,4,0.879,1.200,2516,0,11006.325,548,0,9868.979
KSHV20230709-1,KSHV20230709_104239_V06,6,1.318,1.200,2518,0,4710.637,472,0,3795.873
KSHV20230709-1,KSHV20230709_104239_V06,8,1.802,1.200,1260,0,293.451,176,0,175.240
KSHV20230709-1,KSHV20230709_104239_V06,9,2.417,1.200,1262,0,18.516,183,0,6.195
KSHV20230709-1,KSHV20230709_104239_V06,10,3.120,1.200,1268,0,28.410,401,0,8.709
KSHV20230709-1,KSHV20230709_104239_V06,11,3.999,1.200,1263,0,17.899,343,0,5.190
KSHV20230709-1,KSHV20230709_104239_V06,12,5.098,1.200,1265,0,3.814,107,0,1.741
KSHV20230709-1,KSHV20230709_104239_V06,13,6.416,1.200,1262,0,2.002,31,0,1.576
KSHV20230709-1,KSHV20230709_104641_V06,0,0.308,1.200,6336,0,68556.044,1277,0,65084.198
KSHV20230709-1,KSHV20230709_104641_V06,4,0.879,1.200,6337,0,53107.280,1350,0,46816.638
KSHV20230709-1,KSHV20230709_104641_V06,6,1.318,1.200,6339,0,18187.016,1205,0,15059.191
KSHV20230709-1,KSHV20230709_104641_V06,8,1.802,1.200,3170,0,2602.979,434,0,1984.555
KSHV20230709-1,KSHV20230709_104641_V06,9,2.417,1.200,3169,0,53.740,391,0,14.637
KSHV20230709-1,KSHV20230709_104641_V06,10,3.120,1.200,3175,0,39.129,636,0,10.561
KSHV20230709-1,KSHV20230709_104641_V06,11,3.999,1.200,3176,0,22.346,506,0,6.895
KSHV20230709-1,KSHV20230709_104641_V06,12,5.098,1.200,3178,0,7.293,281,0,3.738
KSHV20230709-1,KSHV20230709_104641_V06,13,6.416,1.200,3188,0,6.345,160,0,3.603
KSHV20230709-1,KSHV20230709_105043_V06,0,0.308,1.200,6618,1,135443.656,880,1,129084.874
KSHV20230709-1,KSHV20230709_105043_V06,4,0.879,1.200,6617,0,89984.277,936,0,80922.304
KSHV20230709-1,KSHV20230709_105043_V06,6,1.318,1.200,6619,0,33820.347,1118,0,29360.726
KSHV20230709-1,KSHV20230709_105043_V06,8,1.802,1.200,3311,0,5117.415,428,0,3616.540
KSHV20230709-1,KSHV20230709_105043_V06,9,2.417,1.200,3312,0,131.288,394,0,39.828
KSHV20230709-1,KSHV20230709_105043_V06,10,3.120,1.200,3312,0,44.490,566,0,11.624
KSHV20230709-1,KSHV20230709_105043_V06,11,3.999,1.200,3310,0,22.267,469,0,6.917
KSHV20230709-1,KSHV20230709_105043_V06,12,5.098,1.200,3312,0,8.371,268,0,4.107
KSHV20230709-1,KSHV20230709_105043_V06,13,6.416,1.200,3324,0,6.774,99,0,5.153
KSHV20230709-1,KSHV20230709_105501_V06,0,0.308,1.200,8654,3,217427.948,950,2,205873.329
KSHV20230709-1,KSHV20230709_105501_V06,4,0.879,1.200,8652,0,104854.414,970,0,92081.292
KSHV20230709-1,KSHV20230709_105501_V06,6,1.318,1.200,8659,0,43577.069,1604,0,35848.287
KSHV20230709-1,KSHV20230709_105501_V06,8,1.802,1.200,4327,0,11625.976,632,0,7679.634
KSHV20230709-1,KSHV20230709_105501_V06,9,2.417,1.200,4327,0,1556.399,617,0,547.210
KSHV20230709-1,KSHV20230709_105501_V06,10,3.120,1.200,4328,0,77.859,764,0,25.501
KSHV20230709-1,KSHV20230709_105501_V06,11,3.999,1.200,4338,0,24.109,467,0,8.895
KSHV20230709-1,KSHV20230709_105501_V06,12,5.098,1.200,4349,0,9.519,316,0,5.369
KSHV20230709-1,KSHV20230709_105501_V06,13,6.416,1.200,4354,0,10.495,132,0,6.665
KSHV20230709-1,KSHV20230709_110320_V06,0,0.308,1.200,16943,3,292593.259,1452,3,280149.512
KSHV20230709-1,KSHV20230709_110320_V06,4,0.879,1.200,16947,0,70425.495,2173,0,60982.154
KSHV20230709-1,KSHV20230709_110320_V06,6,1.318,1.200,16954,0,29745.694,3549,0,23312.545
KSHV20230709-1,KSHV20230709_110320_V06,8,1.802,1.200,8483,0,15802.822,1758,0,10528.984
KSHV20230709-1,KSHV20230709_110320_V06,9,2.417,1.200,8483,0,5381.123,1656,0,2725.292
KSHV20230709-1,KSHV20230709_110320_V06,10,3.120,1.200,8486,0,778.752,1567,0,341.442
KSHV20230709-1,KSHV20230709_110320_V06,11,3.999,1.200,8487,0,294.575,965,0,129.150
KSHV20230709-1,KSHV20230709_110320_V06,12,5.098,1.200,8503,0,92.054,712,0,54.258
KSHV20230709-1,KSHV20230709_110320_V06,13,6.416,1.200,8530,0,28.993,539,0,14.752
KSHV20230709-1,KSHV20230709_110737_V06,0,0.308,1.200,20934,0,226032.989,1697,0,213342.737
KSHV20230709-1,KSHV20230709_110737_V06,4,0.879,1.200,20945,0,57531.680,2877,0,47593.423
KSHV20230709-1,KSHV20230709_110737_V06,6,1.318,1.200,20939,0,35453.780,4476,0,27382.237
KSHV20230709-1,KSHV20230709_110737_V06,8,1.802,1.200,10480,0,23626.859,2101,0,15927.033
KSHV20230709-1,KSHV20230709_110737_V06,9,2.417,1.200,10485,0,9068.908,2064,0,5162.178
KSHV20230709-1,KSHV20230709_110737_V06,10,3.120,1.200,10483,0,2200.597,1939,0,1016.888
KSHV20230709-1,KSHV20230709_110737_V06,11,3.999,1.200,10495,0,503.116,1314,0,273.195
KSHV20230709-1,KSHV20230709_110737_V06,12,5.098,1.200,10516,0,193.766,920,0,122.105
KSHV20230709-1,KSHV20230709_110737_V06,13,6.416,1.200,10530,0,108.614,830,0,46.788
KSHV20230709-1,KSHV20230709_111155_V06,0,0.308,1.200,20948,0,161337.828,1569,0,151499.939
KSHV20230709-1,KSHV20230709_111155_V06,4,0.879,1.200,20947,0,26321.665,2800,0,20943.893
KSHV20230709-1,KSHV20230709_111155_V06,6,1.318,1.200,20953,0,22381.505,4668,0,17333.196
KSHV20230709-1,KSHV20230709_111155_V06,8,1.802,1.200,10481,0,19476.008,2245,0,13265.556
KSHV20230709-1,KSHV20230709_111155_V06,9,2.417,1.200,10489,0,11036.908,2288,0,5931.693
KSHV20230709-1,KSHV20230709_111155_V06,10,3.120,1.200,10492,0,4627.283,1936,0,2558.151
KSHV20230709-1,KSHV20230709_111155_V06,11,3.999,1.200,10496,0,732.080,1329,0,423.042
KSHV20230709-1,KSHV20230709_111155_V06,12,5.098,1.200,10524,0,150.719,1069,0,76.606
KSHV20230709-1,KSHV20230709_111155_V06,13,6.416,1.200,10548,0,110.720,882,0,55.595
KSHV20230709-1,KSHV20230709_111613_V06,0,0.308,1.200,29212,1,109620.802,2637,1,97810.038
KSHV20230709-1,KSHV20230709_111613_V06,4,0.879,1.200,29219,0,16374.556,4251,0,12455.716
KSHV20230709-1,KSHV20230709_111613_V06,6,1.318,1.200,29227,0,16511.563,6197,0,12682.536
KSHV20230709-1,KSHV20230709_111613_V06,8,1.802,1.200,14618,0,18304.231,3314,0,12283.021
KSHV20230709-1,KSHV20230709_111613_V06,9,2.417,1.200,14623,0,12384.673,3325,0,7360.408
KSHV20230709-1,KSHV20230709_111613_V06,10,3.120,1.200,14631,0,7086.558,3105,0,4069.288
KSHV20230709-1,KSHV20230709_111613_V06,11,3.999,1.200,14652,0,1721.269,2246,0,896.630
KSHV20230709-1,KSHV20230709_111613_V06,12,5.098,1.200,14681,0,366.330,1667,0,164.428
KSHV20230709-1,KSHV20230709_111613_V06,13,6.416,1.200,14705,0,197.434,1368,0,63.244
KSHV20230709-6,KSHV20230709_112423_V06,0,0.308,1.200,4244,0,19360.248,228,0,11792.953
KSHV20230709-6,KSHV20230709_112423_V06,4,0.879,1.200,4254,0,2000.740,63,0,761.071
KSHV20230709-6,KSHV20230709_112423_V06,6,1.318,1.200,4262,0,141.941,6,0,59.837
KSHV20230709-6,KSHV20230709_112832_V06,0,0.308,1.200,6373,0,23374.121,338,0,13397.810
KSHV20230709-6,KSHV20230709_112832_V06,4,0.879,1.200,6384,0,2317.311,83,0,803.111
KSHV20230709-6,KSHV20230709_112832_V06,6,1.318,1.200,6380,0,420.357,12,0,191.342
KSHV20230709-6,KSHV20230709_113251_V06,0,0.308,1.200,9836,0,66130.663,1616,0,25712.786
KSHV20230709-6,KSHV20230709_113251_V06,4,0.879,1.200,9841,0,7832.510,365,0,2779.964
KSHV20230709-6,KSHV20230709_113251_V06,6,1.318,1.200,9848,0,1041.863,43,0,310.936
KSHV20230709-7,KSHV20230709_112832_V06,0,0.308,1.200,3954,0,194762.496,1170,0,42205.003
KSHV20230709-7,KSHV20230709_112832_V06,4,0.879,1.200,3953,0,10033.509,200,0,3765.592
KSHV20230709-7,KSHV20230709_112832_V06,6,1.318,1.200,3959,0,44.936,2,0,19.114
KSHV20230709-9,KSHV20230709_115326_V06,0,0.308,1.200,9201,0,19217.111,304,0,4913.687
KSHV20230709-9,KSHV20230709_115326_V06,4,0.879,1.200,9214,0,5966.098,117,0,1856.878
KSHV20230709-9,KSHV20230709_115326_V06,6,1.318,1.200,9220,0,311.030,14,0,120.903
KSHV20230710-4,KSHV20230710_110408_V06,0,0.308,1.200,426,0,20309.305,64,0,19592.088
KSHV20230710-4,KSHV20230710_110408_V06,4,0.879,1.200,423,0,648.470,58,0,568.183
KSHV20230710-4,KSHV20230710_110408_V06,6,1.318,1.200,427,0,18.551,6,0,3.861
KSHV20230710-4,KSHV20230710_110408_V06,8,1.802,1.200,236,0,0.543,0,0,0.543
KSHV20230710-4,KSHV20230710_110408_V06,9,2.417,1.200,236,0,0.543,0,0,0.543
KSHV20230710-4,KSHV20230710_110408_V06,10,3.120,1.200,233,0,0.537,0,0,0.537
KSHV20230710-4,KSHV20230710_110935_V06,0,0.308,1.200,1629,0,54260.587,349,0,49179.011
KSHV20230710-4,KSHV20230710_110935_V06,4,0.879,1.200,1628,0,4310.412,233,0,3807.091
KSHV20230710-4,KSHV20230710_110935_V06,6,1.318,1.200,1630,0,15.198,10,0,4.629
KSHV20230710-4,KSHV20230710_110935_V06,8,1.802,1.200,816,0,1.875,0,0,1.875
KSHV20230710-4,KSHV20230710_110935_V06,9,2.417,1.200,814,0,1.872,0,0,1.872
KSHV20230710-4,KSHV20230710_110935_V06,10,3.120,1.200,818,0,1.885,0,0,1.885
KSHV20230710-4,KSHV20230710_111503_V06,0,0.308,1.200,2420,0,83817.594,489,0,73523.220
KSHV20230710-4,KSHV20230710_111503_V06,4,0.879,1.200,2417,0,8946.693,565,0,7689.476
KSHV20230710-4,KSHV20230710_111503_V06,6,1.318,1.200,2411,0,374.693,56,0,272.380
KSHV20230710-4,KSHV20230710_111503_V06,8,1.802,1.200,1206,0,2.762,0,0,2.762
KSHV20230710-4,KSHV20230710_111503_V06,9,2.417,1.200,1212,0,14.029,0,0,14.029
KSHV20230710-4,KSHV20230710_111503_V06,10,3.120,1.200,1206,0,7.790,0,0,7.790
KSHV20230710-4,KSHV20230710_112031_V06,0,0.308,1.200,2957,0,149393.474,522,0,131075.356
KSHV20230710-4,KSHV20230710_112031_V06,4,0.879,1.200,2952,0,10154.285,879,0,7752.255
KSHV20230710-4,KSHV20230710_112031_V06,6,1.318,1.200,2953,0,618.967,90,0,478.892
KSHV20230710-4,KSHV20230710_112031_V06,8,1.802,1.200,1477,0,3.415,0,0,3.415
KSHV20230710-4,KSHV20230710_112031_V06,9,2.417,1.200,1478,0,9.707,0,0,9.707
KSHV20230710-4,KSHV20230710_112031_V06,10,3.120,1.200,1477,0,6.808,0,0,6.808
KSHV20230710-4,KSHV20230710_112559_V06,0,0.308,1.200,3750,0,155133.199,643,0,133165.000
KSHV20230710-4,KSHV20230710_112559_V06,4,0.879,1.200,3752,0,10651.517,1052,0,7689.021
KSHV20230710-4,KSHV20230710_112559_V06,6,1.318,1.200,3758,0,408.519,84,0,229.658
KSHV20230710-4,KSHV20230710_112559_V06,8,1.802,1.200,1884,0,21.555,0,0,21.555
KSHV20230710-4,KSHV20230710_112559_V06,9,2.417,1.200,1883,0,4.390,0,0,4.390
KSHV20230710-4,KSHV20230710_112559_V06,10,3.120,1.200,1885,0,20.347,3,0,7.635
KSHV20230710-4,KSHV20230710_113126_V06,0,0.308,1.200,7277,0,213504.289,1290,0,179487.722
KSHV20230710-4,KSHV20230710_113126_V06,4,0.879,1.200,7278,0,18065.355,1873,0,13662.995
KSHV20230710-4,KSHV20230710_113126_V06,6,1.318,1.200,7284,0,450.324,189,0,257.549
KSHV20230710-4,KSHV20230710_113126_V06,8,1.802,1.200,3634,0,8.265,0,0,8.265
KSHV20230710-4,KSHV20230710_113126_V06,9,2.417,1.200,3638,0,14.320,0,0,14.320
KSHV20230710-4,KSHV20230710_113126_V06,10,3.120,1.200,3647,0,15.339,0,0,15.339
KSHV20230710-2,KSHV20230710_105259_V06,0,0.308,1.200,4748,5,102441.404,521,3,93155.703
KSHV20230710-2,KSHV20230710_105259_V06,4,0.879,1.200,4754,0,101711.231,479,0,90155.028
KSHV20230710-2,KSHV20230710_105259_V06,6,1.318,1.200,4750,0,82601.410,431,0,70623.598
KSHV20230710-2,KSHV20230710_105259_V06,8,1.802,1.200,2377,0,38885.962,476,0,28291.526
KSHV20230710-2,KSHV20230710_105259_V06,9,2.417,1.200,2378,0,11248.763,571,0,7316.761
KSHV20230710-2,KSHV20230710_105259_V06,10,3.120,1.200,2378,0,1176.652,685,0,838.433
KSHV20230710-2,KSHV20230710_105259_V06,11,3.999,1.200,2381,0,105.225,623,0,64.315
KSHV20230710-2,KSHV20230710_105259_V06,12,5.098,1.200,2386,0,32.322,579,0,9.650
KSHV20230710-2,KSHV20230710_105259_V06,13,6.416,1.200,2395,0,21.559,527,0,7.306
KSHV20230710-2,KSHV20230710_105259_V06,14,7.998,1.200,2400,0,28.736,722,0,13.166
KSHV20230710-2,KSHV20230710_105259_V06,15,10.020,1.200,2420,0,34.016,670,0,10.985
KSHV20230710-2,KSHV20230710_105259_V06,16,12.480,1.200,2435,0,21.009,481,0,6.577
KSHV20230710-2,KSHV20230710_105259_V06,17,15.601,1.200,2468,0,46.202,417,0,4.170
KSHV20230710-2,KSHV20230710_110408_V06,0,0.308,1.200,11859,4,288779.317,1003,3,274271.593
KSHV20230710-2,KSHV20230710_110408_V06,4,0.879,1.200,11861,0,154081.259,1094,0,143859.121
KSHV20230710-2,KSHV20230710_110408_V06,6,1.318,1.200,11855,0,148631.637,1170,0,133069.928
KSHV20230710-2,KSHV20230710_110408_V06,8,1.802,1.200,5930,0,129437.387,1337,0,95418.075
KSHV20230710-2,KSHV20230710_110408_V06,9,2.417,1.200,5931,0,71564.412,1320,0,53312.905
KSHV20230710-2,KSHV20230710_110408_V06,10,3.120,1.200,5934,0,25144.615,1428,0,15477.478
KSHV20230710-2,KSHV20230710_110408_V06,11,3.999,1.200,5935,0,12244.184,1310,0,6442.179
KSHV20230710-2,KSHV20230710_110408_V06,12,5.098,1.200,5957,0,5256.208,1192,0,2924.477
KSHV20230710-2,KSHV20230710_110408_V06,13,6.416,1.200,5969,0,2205.708,1380,0,997.902
KSHV20230710-2,KSHV20230710_110408_V06,14,7.998,1.200,5991,0,640.296,2066,0,243.571
KSHV20230710-2,KSHV20230710_110408_V06,15,10.020,1.200,6027,0,127.142,1722,0,45.564
KSHV20230710-2,KSHV20230710_110408_V06,16,12.480,1.200,6060,0,47.359,1637,0,21.280
KSHV20230710-2,KSHV20230710_110408_V06,17,15.601,1.200,6163,0,47.183,1730,0,14.277
KSHV20230710-2,KSHV20230710_110935_V06,0,0.308,1.200,16478,2,316154.876,1252,1,296875.226
KSHV20230710-2,KSHV20230710_110935_V06,4,0.879,1.200,16479,0,172060.076,1507,0,160306.491
KSHV20230710-2,KSHV20230710_110935_V06,6,1.318,1.200,16482,0,149542.017,1685,0,136495.979
KSHV20230710-2,KSHV20230710_110935_V06,8,1.802,1.200,8241,0,123185.501,1899,0,88051.425
KSHV20230710-2,KSHV20230710_110935_V06,9,2.417,1.200,8244,0,84524.043,1969,0,60437.625
KSHV20230710-2,KSHV20230710_110935_V06,10,3.120,1.200,8246,0,35872.713,2238,0,26018.820
KSHV20230710-2,KSHV20230710_110935_V06,11,3.999,1.200,8256,0,15122.375,1598,0,10469.431
KSHV20230710-2,KSHV20230710_110935_V06,12,5.098,1.200,8276,0,6456.603,1674,0,3051.784
KSHV20230710-2,KSHV20230710_110935_V06,13,6.416,1.200,8305,0,1875.799,2070,0,734.727
KSHV20230710-2,KSHV20230710_110935_V06,14,7.998,1.200,8327,0,1399.466,2694,0,430.856
KSHV20230710-2,KSHV20230710_110935_V06,15,10.020,1.200,8370,0,376.289,2469,0,133.322
KSHV20230710-2,KSHV20230710_110935_V06,16,12.480,1.200,8447,0,126.228,2503,0,46.495
KSHV20230710-2,KSHV20230710_110935_V06,17,15.601,1.200,8548,0,59.905,2107,0,18.874
KSHV20230710-2,KSHV20230710_111503_V06,0,0.308,1.200,20615,3,275652.424,1308,3,262797.610
KSHV20230710-2,KSHV20230710_111503_V06,4,0.879,1.200,20621,0,155958.179,1726,0,149033.522
KSHV20230710-2,KSHV20230710_111503_V06,6,1.318,1.200,20618,0,144741.510,2110,0,135467.245
KSHV20230710-2,KSHV20230710_111503_V06,8,1.802,1.200,10320,0,135919.131,2549,0,104280.978
KSHV20230710-2,KSHV20230710_111503_V06,9,2.417,1.200,10324,0,88190.563,2508,0,64802.131
KSHV20230710-2,KSHV20230710_111503_V06,10,3.120,1.200,10332,0,36461.077,2802,0,25954.561
KSHV20230710-2,KSHV20230710_111503_V06,11,3.999,1.200,10338,0,13920.845,2287,0,9444.364
KSHV20230710-2,KSHV20230710_111503_V06,12,5.098,1.200,10353,0,8475.539,2409,0,3076.520
KSHV20230710-2,KSHV20230710_111503_V06,13,6.416,1.200,10378,0,2725.893,2253,0,1017.573
KSHV20230710-2,KSHV20230710_111503_V06,14,7.998,1.200,10416,0,1783.631,3699,0,540.928
KSHV20230710-2,KSHV20230710_111503_V06,15,10.020,1.200,10480,0,1008.713,3359,0,333.527
KSHV20230710-2,KSHV20230710_111503_V06,16,12.480,1.200,10567,0,240.867,2793,0,92.091
KSHV20230710-2,KSHV20230710_111503_V06,17,15.601,1.200,10712,0,93.997,2395,0,29.006
KSHV20230710-6,KSHV20230710_111503_V06,0,0.308,1.200,1135,0,35528.937,199,0,32863.310
KSHV20230710-6,KSHV20230710_111503_V06,4,0.879,1.200,1130,0,2028.849,96,0,1475.954
KSHV20230710-6,KSHV20230710_111503_V06,6,1.318,1.200,1130,0,29.465,1,0,15.692
KSHV20230710-6,KSHV20230710_111503_V06,8,1.802,1.200,576,0,2.038,0,0,2.038
KSHV20230710-6,KSHV20230710_111503_V06,9,2.417,1.200,578,0,2.046,0,0,2.046
KSHV20230710-10,KSHV20230710_122130_V06,0,0.308,1.200,1948,5,503924.506,716,0,156688.607
KSHV20230710-10,KSHV20230710_122130_V06,4,0.879,1.200,1952,1,271682.122,843,0,26895.187
KSHV20230710-10,KSHV20230710_122130_V06,6,1.318,1.200,1950,0,142124.189,767,0,3339.076
KSHV20230710-10,KSHV20230710_122130_V06,8,1.802,1.200,975,0,199261.212,285,0,783.488
KSHV20230710-10,KSHV20230710_122130_V06,9,2.417,1.200,975,5,152883.089,244,0,608.828
KSHV20230710-10,KSHV20230710_122130_V06,10,3.120,1.200,975,5,201136.799,161,0,29291.880
KSHV20230711-2,KSHV20230711_104555_V06,0,0.308,1.200,2388,0,39701.362,338,0,38288.583
KSHV20230711-2,KSHV20230711_104555_V06,4,0.879,1.200,2389,0,38793.853,293,0,36684.315
KSHV20230711-2,KSHV20230711_104555_V06,6,1.318,1.200,2389,0,11561.497,319,0,9955.858
KSHV20230711-2,KSHV20230711_104555_V06,8,1.802,1.200,1193,0,830.111,266,0,627.839
KSHV20230711-2,KSHV20230711_104555_V06,9,2.417,1.200,1195,0,18.056,237,0,13.036
KSHV20230711-2,KSHV20230711_104555_V06,10,3.120,1.200,1192,0,8.242,236,0,4.860
KSHV20230711-2,KSHV20230711_104555_V06,11,3.999,1.200,1189,0,4.712,159,0,2.935
KSHV20230711-2,KSHV20230711_104555_V06,12,5.098,1.200,1196,0,4.716,126,0,2.324
KSHV20230711-2,KSHV20230711_104555_V06,13,6.416,1.200,1203,0,4.169,146,0,2.116
KSHV20230711-2,KSHV20230711_105118_V06,0,0.308,1.200,8076,3,178550.759,820,3,175613.783
KSHV20230711-2,KSHV20230711_105118_V06,4,0.879,1.200,8079,0,138721.619,1153,0,132863.970
KSHV20230711-2,KSHV20230711_105118_V06,6,1.318,1.200,8083,0,60993.390,1618,0,56390.686
KSHV20230711-2,KSHV20230711_105118_V06,8,1.802,1.200,4043,0,7495.747,942,0,6632.839
KSHV20230711-2,KSHV20230711_105118_V06,9,2.417,1.200,4043,0,84.848,1020,0,49.765
KSHV20230711-2,KSHV20230711_105118_V06,10,3.120,1.200,4044,0,20.296,671,0,10.982
KSHV20230711-2,KSHV20230711_105118_V06,11,3.999,1.200,4049,0,10.737,490,0,6.195
KSHV20230711-2,KSHV20230711_105118_V06,12,5.098,1.200,4059,0,10.058,463,0,4.995
KSHV20230711-2,KSHV20230711_105118_V06,13,6.416,1.200,4069,0,13.467,445,0,6.347
KSHV20230711-2,KSHV20230711_110220_V06,0,0.308,1.200,9372,1,379414.469,348,0,372689.807
KSHV20230711-2,KSHV20230711_110220_V06,4,0.879,1.200,9375,0,105107.567,409,0,103194.421
KSHV20230711-2,KSHV20230711_110220_V06,6,1.318,1.200,9372,0,33400.953,1039,0,30864.840
KSHV20230711-2,KSHV20230711_110220_V06,8,1.802,1.200,4692,0,5726.047,889,0,5050.125
KSHV20230711-2,KSHV20230711_110220_V06,9,2.417,1.200,4693,0,1546.187,1272,0,1015.147
KSHV20230711-2,KSHV20230711_110220_V06,10,3.120,1.200,4698,0,374.044,1082,0,142.645
KSHV20230711-2,KSHV20230711_110220_V06,11,3.999,1.200,4703,0,45.453,736,0,31.649
KSHV20230711-2,KSHV20230711_110220_V06,12,5.098,1.200,4715,0,13.256,574,0,8.203
KSHV20230711-2,KSHV20230711_110220_V06,13,6.416,1.200,4728,0,11.249,587,0,5.817
KSHV20230711-2,KSHV20230711_110220_V06,14,7.998,1.200,4735,0,38.262,1492,0,15.405
KSHV20230711-2,KSHV20230711_110806_V06,0,0.308,1.200,15004,1,303597.494,662,1,295353.130
KSHV20230711-2,KSHV20230711_110806_V06,4,0.879,1.200,15006,0,96423.608,755,0,93772.961
KSHV20230711-2,KSHV20230711_110806_V06,6,1.318,1.200,15004,0,36016.877,1576,0,33089.338
KSHV20230711-2,KSHV20230711_110806_V06,8,1.802,1.200,7501,0,7764.931,1217,0,6763.307
KSHV20230711-2,KSHV20230711_110806_V06,9,2.417,1.200,7504,0,2386.585,1558,0,1735.224
KSHV20230711-2,KSHV20230711_110806_V06,10,3.120,1.200,7506,0,1416.670,1617,0,670.189
KSHV20230711-2,KSHV20230711_110806_V06,11,3.999,1.200,7517,0,410.772,1342,0,207.888
KSHV20230711-2,KSHV20230711_110806_V06,12,5.098,1.200,7526,0,136.812,1232,0,100.032
KSHV20230711-2,KSHV20230711_110806_V06,13,6.416,1.200,7557,0,37.117,1053,0,18.930
KSHV20230711-2,KSHV20230711_110806_V06,14,7.998,1.200,7582,0,78.227,2349,0,31.068
KSHV20230711-1,KSHV20230711_101816_V06,0,0.308,1.200,10338,0,425703.883,3480,0,202442.652
KSHV20230711-1,KSHV20230711_101816_V06,4,0.879,1.200,10349,0,42003.014,524,0,16754.458
KSHV20230711-1,KSHV20230711_101816_V06,6,1.318,1.200,10350,0,2964.728,49,0,1596.481
KSHV20230711-3,KSHV20230711_104555_V06,0,0.308,1.200,11561,0,427401.523,4238,0,202579.896
KSHV20230711-3,KSHV20230711_104555_V06,4,0.879,1.200,11569,0,46203.253,739,0,16343.590
KSHV20230711-3,KSHV20230711_104555_V06,6,1.318,1.200,11572,0,4217.816,71,0,1935.228
KSHV20230711-5,KSHV20230711_120256_V06,0,0.308,1.200,540,37,6442936.316,417,0,6975.695
KSHV20230711-5,KSHV20230711_120256_V06,4,0.879,1.200,540,7,5789552.342,389,0,638696.052
KSHV20230712-10,KSHV20230712_110434_V06,0,0.308,1.200,4009,4,252720.206,210,4,246239.385
KSHV20230712-10,KSHV20230712_110434_V06,4,0.879,1.200,4010,0,94392.986,202,0,90254.830
KSHV20230712-10,KSHV20230712_110434_V06,6,1.318,1.200,4010,0,22669.843,423,0,20599.829
KSHV20230712-10,KSHV20230712_110434_V06,8,1.802,1.200,2011,0,1546.437,439,0,1177.026
KSHV20230712-10,KSHV20230712_110434_V06,11,2.417,1.200,2010,0,92.151,247,0,40.616
KSHV20230712-10,KSHV20230712_110434_V06,12,3.120,1.200,2013,0,12.732,102,0,9.429
KSHV20230712-10,KSHV20230712_110434_V06,13,3.999,1.200,2015,0,8.209,104,0,6.461
KSHV20230712-10,KSHV20230712_110434_V06,14,5.098,1.200,2015,0,28.063,423,0,5.986
KSHV20230712-10,KSHV20230712_110434_V06,15,6.416,1.200,2017,0,26.234,588,0,7.748
KSHV20230712-10,KSHV20230712_110434_V06,16,7.998,1.200,2028,0,22.175,632,0,10.437
KSHV20230712-10,KSHV20230712_110434_V06,17,10.020,1.200,2038,0,21.050,624,0,11.175
KSHV20230712-10,KSHV20230712_110434_V06,18,12.480,1.200,2058,0,14.971,419,0,9.128
KSHV20230712-10,KSHV20230712_110434_V06,19,15.601,1.200,2084,0,9.420,299,0,5.727
KSHV20230712-10,KSHV20230712_111021_V06,0,0.308,1.200,13606,3,323641.966,931,3,309584.178
KSHV20230712-10,KSHV20230712_111021_V06,4,0.879,1.200,13610,0,141136.719,1092,0,135889.658
KSHV20230712-10,KSHV20230712_111021_V06,6,1.318,1.200,13609,0,63395.213,1981,0,57610.235
KSHV20230712-10,KSHV20230712_111021_V06,8,1.802,1.200,6805,0,12519.501,1320,0,9824.993
KSHV20230712-10,KSHV20230712_111021_V06,11,2.417,1.200,6807,0,1248.293,1208,0,1039.387
KSHV20230712-10,KSHV20230712_111021_V06,12,3.120,1.200,6811,0,157.662,832,0,124.517
KSHV20230712-10,KSHV20230712_111021_V06,13,3.999,1.200,6815,0,86.299,681,0,68.989
KSHV20230712-10,KSHV20230712_111021_V06,14,5.098,1.200,6822,0,120.651,1511,0,28.912
KSHV20230712-10,KSHV20230712_111021_V06,15,6.416,1.200,6848,0,38.759,1112,0,14.488
KSHV20230712-10,KSHV20230712_111021_V06,16,7.998,1.200,6869,0,61.393,2121,0,27.057
KSHV20230712-10,KSHV20230712_111021_V06,17,10.020,1.200,6911,0,52.624,1929,0,25.130
KSHV20230712-10,KSHV20230712_111021_V06,18,12.480,1.200,6974,0,39.226,1776,0,20.119
KSHV20230712-10,KSHV20230712_111021_V06,19,15.601,1.200,7062,0,30.290,1492,0,14.921
KSHV20230712-10,KSHV20230712_111559_V06,0,0.308,1.200,25396,2,299467.732,1861,2,280752.542
KSHV20230712-10,KSHV20230712_111559_V06,4,0.879,1.200,25395,0,116277.583,2010,0,108935.373
KSHV20230712-10,KSHV20230712_111559_V06,6,1.318,1.200,25397,0,48647.397,3275,0,42576.145
KSHV20230712-10,KSHV20230712_111559_V06,8,1.802,1.200,12708,0,9913.899,2517,0,7680.895
KSHV20230712-10,KSHV20230712_111559_V06,11,2.417,1.200,12712,0,3970.359,2527,0,2990.716
KSHV20230712-10,KSHV20230712_111559_V06,12,3.120,1.200,12724,0,821.363,2092,0,641.221
KSHV20230712-10,KSHV20230712_111559_V06,13,3.999,1.200,12730,0,397.204,2508,0,190.335
KSHV20230712-10,KSHV20230712_111559_V06,14,5.098,1.200,12751,0,254.584,2799,0,81.791
KSHV20230712-10,KSHV20230712_111559_V06,15,6.416,1.200,12784,0,119.228,2276,0,41.074
KSHV20230712-10,KSHV20230712_111559_V06,16,7.998,1.200,12828,0,565.184,3934,0,57.691
KSHV20230712-10,KSHV20230712_111559_V06,17,10.020,1.200,12903,0,1404.338,3773,0,46.700
KSHV20230712-10,KSHV20230712_111559_V06,18,12.480,1.200,13008,0,1868.150,3712,0,37.149
KSHV20230712-10,KSHV20230712_111559_V06,19,15.601,1.200,13184,0,3878.434,3379,0,26.155
KSHV20230712-10,KSHV20230712_112155_V06,0,0.308,1.200,50122,1,369381.503,4664,1,325698.493
KSHV20230712-10,KSHV20230712_112155_V06,4,0.879,1.200,50142,0,134220.003,5851,0,99347.805
KSHV20230712-10,KSHV20230712_112155_V06,6,1.318,1.200,50145,0,96060.169,7595,0,44573.768
KSHV20230712-10,KSHV20230712_112155_V06,8,1.802,1.200,25077,0,109947.116,4933,0,25166.008
KSHV20230712-10,KSHV20230712_112155_V06,11,2.417,1.200,25090,0,239256.047,5381,0,6113.047
KSHV20230712-10,KSHV20230712_112155_V06,12,3.120,1.200,25104,0,375475.450,5513,0,1877.275
KSHV20230712-10,KSHV20230712_112155_V06,13,3.999,1.200,25129,0,516770.903,6477,0,1434.542
KSHV20230712-10,KSHV20230712_112155_V06,14,5.098,1.200,25178,18,1221847.471,6859,2,278952.182
KSHV20230712-10,KSHV20230712_112155_V06,15,6.416,1.200,25246,11,1291554.213,7010,1,182417.935
KSHV20230712-10,KSHV20230712_112155_V06,16,7.998,1.200,25360,0,662817.939,9664,0,14448.216
KSHV20230712-10,KSHV20230712_112155_V06,17,10.020,1.200,25500,0,555376.347,9689,0,1960.784
KSHV20230712-10,KSHV20230712_112155_V06,18,12.480,1.200,25754,0,499789.649,10197,0,251.567
KSHV20230712-10,KSHV20230712_112155_V06,19,15.601,1.200,26152,0,358520.767,11449,0,104.962
KSHV20230712-1,KSHV20230712_103027_V06,0,0.308,1.200,440,1,684376.228,284,0,81777.213
KSHV20230712-1,KSHV20230712_103027_V06,4,0.879,1.200,444,9,733685.339,290,0,12436.052
KSHV20230712-1,KSHV20230712_103027_V06,6,1.318,1.200,433,5,488359.620,204,0,38184.509
KSHV20230712-11,KSHV20230712_111021_V06,0,0.308,1.200,4274,0,16203.745,198,0,7867.985
KSHV20230712-11,KSHV20230712_111021_V06,4,0.879,1.200,4281,0,17108.033,232,0,6387.925
KSHV20230712-11,KSHV20230712_111021_V06,6,1.318,1.200,4283,0,4912.212,58,0,1314.776
KSHV20230712-24,KSHV20230712_120740_V06,0,0.308,1.200,4225,0,63330.263,533,0,28078.960
KSHV20230712-24,KSHV20230712_120740_V06,4,0.879,1.200,4221,0,47315.666,392,0,10921.973
KSHV20230712-24,KSHV20230712_120740_V06,6,1.318,1.200,4222,0,27295.546,192,0,1761.699
KSHV20230712-31,KSHV20230712_123104_V06,0,0.308,1.200,6266,4,125820.934,2153,0,29156.492
KSHV20230712-31,KSHV20230712_123104_V06,4,0.879,1.200,6263,5,132864.079,2781,0,13138.140
KSHV20230712-31,KSHV20230712_123104_V06,6,1.318,1.200,6266,3,120717.473,3128,0,5614.445
KSHV20230712-31,KSHV20230712_123104_V06,8,1.802,1.200,3139,5,119901.991,2021,0,3509.103
KSHV20230712-31,KSHV20230712_123104_V06,11,2.417,1.200,3139,2,138628.141,2106,0,1794.149
KSHV20230712-31,KSHV20230712_123104_V06,12,3.120,1.200,3149,5,131324.559,2375,0,807.183
KSHV20230712-31,KSHV20230712_123104_V06,13,3.999,1.200,3151,11,143760.201,2446,0,309.004
KSHV20230712-31,KSHV20230712_123104_V06,14,5.098,1.200,3155,12,158966.133,2470,0,298.817
KSHV20230712-31,KSHV20230712_123104_V06,15,6.416,1.200,3159,12,201939.653,2470,0,234.255
KSHV20230712-31,KSHV20230712_123104_V06,16,7.998,1.200,3169,35,263100.295,2755,2,6084.041
KSHV20230712-31,KSHV20230712_123104_V06,17,10.020,1.200,3192,63,405547.635,2757,2,29204.264
KSHV20230712-31,KSHV20230712_123104_V06,18,12.480,1.200,3221,45,572612.180,2995,2,23119.394
KSHV20230712-31,KSHV20230712_123104_V06,19,15.601,1.200,3264,15,446620.772,3103,0,26099.438
KSHV20230713-1,KSHV20230713_111349_V06,0,0.308,1.200,28629,0,357758.575,808,0,348927.706
KSHV20230713-1,KSHV20230713_111349_V06,4,0.879,1.200,28636,0,179719.481,1433,0,174909.891
KSHV20230713-1,KSHV20230713_111349_V06,6,1.318,1.200,28639,0,92286.775,2554,0,88189.883
KSHV20230713-1,KSHV20230713_111349_V06,8,1.802,1.200,14339,0,37447.292,1723,0,33637.291
KSHV20230713-1,KSHV20230713_111349_V06,9,2.417,1.200,14340,0,16018.629,2341,0,13361.276
KSHV20230713-1,KSHV20230713_111349_V06,10,3.120,1.200,14350,0,6737.986,2519,0,5149.869
KSHV20230713-1,KSHV20230713_111349_V06,11,3.999,1.200,14357,0,2135.742,2387,0,1517.223
KSHV20230713-1,KSHV20230713_111349_V06,12,5.098,1.200,14388,0,977.890,2486,0,568.754
KSHV20230713-1,KSHV20230713_111349_V06,13,6.416,1.200,14416,0,638.131,2742,0,272.210
KSHV20230713-1,KSHV20230713_111922_V06,0,0.308,1.200,48725,0,371749.733,2020,0,362299.585
KSHV20230713-1,KSHV20230713_111922_V06,4,0.879,1.200,48736,0,182004.244,3067,0,178271.296
KSHV20230713-1,KSHV20230713_111922_V06,6,1.318,1.200,48746,0,119055.349,4537,0,113107.147
KSHV20230713-1,KSHV20230713_111922_V06,8,1.802,1.200,24374,0,73302.348,3050,0,67414.287
KSHV20230713-1,KSHV20230713_111922_V06,9,2.417,1.200,24387,0,38282.451,4050,0,32456.254
KSHV20230713-1,KSHV20230713_111922_V06,10,3.120,1.200,24403,0,15457.893,4725,0,11777.585
KSHV20230713-1,KSHV20230713_111922_V06,11,3.999,1.200,24424,0,5020.163,4851,0,3414.153
KSHV20230713-1,KSHV20230713_111922_V06,12,5.098,1.200,24475,0,2455.745,5058,0,1342.796
KSHV20230713-1,KSHV20230713_111922_V06,13,6.416,1.200,24541,0,1216.767,5111,0,542.755
KSHV20230714-2,KSHV20230714_104948_V06,0,0.308,1.200,1561,5,55072.124,83,5,53403.587
KSHV20230714-2,KSHV20230714_104948_V06,4,0.879,1.200,1565,0,94242.855,77,0,91935.245
KSHV20230714-2,KSHV20230714_104948_V06,6,1.318,1.200,1564,0,42968.006,146,0,39693.176
KSHV20230714-2,KSHV20230714_104948_V06,8,1.802,1.200,783,0,4356.052,87,0,4186.136
KSHV20230714-2,KSHV20230714_104948_V06,9,2.417,1.200,783,0,37.120,131,0,30.278
KSHV20230714-2,KSHV20230714_104948_V06,10,3.120,1.200,783,0,3.616,100,0,1.868
KSHV20230714-2,KSHV20230714_104948_V06,11,3.999,1.200,783,0,2.218,72,0,1.294
KSHV20230714-2,KSHV20230714_104948_V06,12,5.098,1.200,783,0,1.640,65,0,0.908
KSHV20230714-2,KSHV20230714_104948_V06,13,6.416,1.200,785,0,1.404,49,0,0.666
KSHV20230714-2,KSHV20230714_104948_V06,14,7.998,1.200,786,0,4.960,252,0,2.406
KSHV20230714-2,KSHV20230714_110014_V06,0,0.308,1.200,11514,7,259765.713,669,7,252819.653
KSHV20230714-2,KSHV20230714_110014_V06,4,0.879,1.200,11513,0,202671.456,1074,0,198919.284
KSHV20230714-2,KSHV20230714_110014_V06,6,1.318,1.200,11519,0,123301.572,1832,0,117652.512
KSHV20230714-2,KSHV20230714_110014_V06,8,1.802,1.200,5765,0,38001.857,1134,0,34669.194
KSHV20230714-2,KSHV20230714_110014_V06,9,2.417,1.200,5767,0,7016.286,923,0,5894.378
KSHV20230714-2,KSHV20230714_110014_V06,10,3.120,1.200,5775,0,35.886,587,0,22.389
KSHV20230714-2,KSHV20230714_110014_V06,11,3.999,1.200,5770,0,11.315,523,0,5.299
KSHV20230714-2,KSHV20230714_110014_V06,12,5.098,1.200,5774,0,7.015,375,0,3.849
KSHV20230714-2,KSHV20230714_110014_V06,13,6.416,1.200,5797,0,22.763,425,0,9.646
KSHV20230714-2,KSHV20230714_110519_V06,0,0.308,1.200,21602,14,394832.609,1130,14,381264.627
KSHV20230714-2,KSHV20230714_110519_V06,4,0.879,1.200,21608,0,274876.838,1325,0,265495.229
KSHV20230714-2,KSHV20230714_110519_V06,6,1.318,1.200,21610,0,179336.477,2823,0,163980.821
KSHV20230714-2,KSHV20230714_110519_V06,8,1.802,1.200,10813,0,87299.409,1576,0,78348.771
KSHV20230714-2,KSHV20230714_110519_V06,9,2.417,1.200,10817,0,25798.255,1646,0,22372.843
KSHV20230714-2,KSHV20230714_110519_V06,10,3.120,1.200,10826,0,1839.217,1324,0,1164.983
KSHV20230714-2,KSHV20230714_110519_V06,11,3.999,1.200,10836,0,62.953,856,0,44.174
KSHV20230714-2,KSHV20230714_110519_V06,12,5.098,1.200,10852,0,67.100,828,0,27.649
KSHV20230714-2,KSHV20230714_110519_V06,13,6.416,1.200,10879,0,181.749,1070,0,45.044
KSHV20230714-2,KSHV20230714_110519_V06,14,7.998,1.200,10918,0,126.825,2824,0,42.004
KSHV20230715-9,KSHV20230715_105207_V06,0,0.308,1.200,3169,15,112408.219,432,15,107057.717
KSHV20230715-9,KSHV20230715_105207_V06,4,0.879,1.200,3169,0,154734.286,331,0,145139.638
KSHV20230715-9,KSHV20230715_105207_V06,6,1.318,1.200,3170,0,64676.547,349,0,59590.965
KSHV20230715-9,KSHV20230715_105207_V06,8,1.802,1.200,1586,0,5171.325,464,0,3766.033
KSHV20230715-9,KSHV20230715_105207_V06,9,2.417,1.200,1586,0,101.521,567,0,61.782
KSHV20230715-9,KSHV20230715_105207_V06,10,3.120,1.200,1588,0,8.476,232,0,4.828
KSHV20230715-9,KSHV20230715_105207_V06,11,3.999,1.200,1590,0,8.147,126,0,3.145
KSHV20230715-9,KSHV20230715_105207_V06,12,5.098,1.200,1594,0,12.852,240,0,5.929
KSHV20230715-9,KSHV20230715_105207_V06,13,6.416,1.200,1602,0,14.871,308,0,6.126
KSHV20230715-9,KSHV20230715_105207_V06,14,7.998,1.200,1605,0,22.849,655,0,9.125
KSHV20230715-9,KSHV20230715_110046_V06,0,0.308,1.200,12475,14,289613.454,1082,14,276912.276
KSHV20230715-9,KSHV20230715_110046_V06,4,0.879,1.200,12478,0,232510.332,1571,0,213075.533
KSHV20230715-9,KSHV20230715_110046_V06,6,1.318,1.200,12485,0,154198.204,2212,0,134261.815
KSHV20230715-9,KSHV20230715_110046_V06,8,1.802,1.200,6243,0,69596.074,1694,0,51925.304
KSHV20230715-9,KSHV20230715_110046_V06,9,2.417,1.200,6246,0,16706.491,1847,0,11445.314
KSHV20230715-9,KSHV20230715_110046_V06,10,3.120,1.200,6257,0,866.789,1368,0,340.030
KSHV20230715-9,KSHV20230715_110046_V06,11,3.999,1.200,6257,0,60.439,931,0,31.538
KSHV20230715-9,KSHV20230715_110046_V06,12,5.098,1.200,6267,0,40.835,623,0,18.492
KSHV20230715-9,KSHV20230715_110046_V06,13,6.416,1.200,6276,0,81.767,723,0,25.242
KSHV20230715-9,KSHV20230715_110455_V06,0,0.308,1.200,16734,7,340437.093,1521,7,326282.307
KSHV20230715-9,KSHV20230715_110455_V06,4,0.879,1.200,16738,0,173199.666,2011,0,158774.936
KSHV20230715-9,KSHV20230715_110455_V06,6,1.318,1.200,16744,0,98987.436,2967,0,87704.199
KSHV20230715-9,KSHV20230715_110455_V06,8,1.802,1.200,8368,0,43964.869,2273,0,32452.142
KSHV20230715-9,KSHV20230715_110455_V06,9,2.417,1.200,8370,0,25331.610,2351,0,17772.202
KSHV20230715-9,KSHV20230715_110455_V06,10,3.120,1.200,8380,0,6846.660,2077,0,4089.343
KSHV20230715-9,KSHV20230715_110455_V06,11,3.999,1.200,8389,0,635.026,1582,0,303.245
KSHV20230715-9,KSHV20230715_110455_V06,12,5.098,1.200,8405,0,184.162,1111,0,109.507
KSHV20230715-9,KSHV20230715_110455_V06,13,6.416,1.200,8423,0,115.745,1093,0,40.328
KSHV20230715-9,KSHV20230715_110455_V06,14,7.998,1.200,8453,0,100.705,2455,0,34.120
KSHV20230715-9,KSHV20230715_110916_V06,0,0.308,1.200,27557,5,371996.830,2352,4,350280.186
KSHV20230715-9,KSHV20230715_110916_V06,4,0.879,1.200,27557,0,183513.048,3139,0,167443.726
KSHV20230715-9,KSHV20230715_110916_V06,6,1.318,1.200,27565,0,135167.853,4617,0,118692.878
KSHV20230715-9,KSHV20230715_110916_V06,8,1.802,1.200,13783,0,90676.307,3622,0,67047.968
KSHV20230715-9,KSHV20230715_110916_V06,9,2.417,1.200,13794,0,53457.262,3666,0,34455.045
KSHV20230715-9,KSHV20230715_110916_V06,10,3.120,1.200,13804,0,23964.017,3058,0,14524.741
KSHV20230715-9,KSHV20230715_110916_V06,11,3.999,1.200,13814,0,4361.964,2394,0,2567.437
KSHV20230715-9,KSHV20230715_110916_V06,12,5.098,1.200,13842,0,703.919,2239,0,293.419
KSHV20230715-9,KSHV20230715_110916_V06,13,6.416,1.200,13870,0,395.662,1894,0,204.724
KSHV20230715-9,KSHV20230715_110916_V06,14,7.998,1.200,13912,0,205.364,3443,0,83.766
KSHV20230715-4,KSHV20230715_103913_V06,0,0.308,1.200,7995,0,1392130.709,2704,0,428989.226
KSHV20230715-4,KSHV20230715_103913_V06,4,0.879,1.200,7998,0,2181176.415,3700,0,75365.202
KSHV20230715-4,KSHV20230715_103913_V06,6,1.318,1.200,7999,0,2242683.909,4152,0,59894.780
KSHV20230715-4,KSHV20230715_103913_V06,8,1.802,1.200,4006,0,2776275.358,1695,0,353676.207
KSHV20230715-4,KSHV20230715_104331_V06,0,0.308,1.200,11181,0,1154126.622,3498,0,574453.739
KSHV20230715-4,KSHV20230715_104331_V06,4,0.879,1.200,11185,0,1383964.978,4240,0,65040.629
KSHV20230715-4,KSHV20230715_104331_V06,6,1.318,1.200,11192,0,1702539.097,4410,0,54234.420
KSHV20230715-4,KSHV20230715_104331_V06,8,1.802,1.200,5593,0,2740575.425,1833,0,232488.088
KSHV20230715-4,KSHV20230715_104749_V06,0,0.308,1.200,15432,0,1284313.195,3798,0,729479.067
KSHV20230715-4,KSHV20230715_104749_V06,4,0.879,1.200,15440,1,1628228.733,4251,0,113677.313
KSHV20230715-4,KSHV20230715_104749_V06,6,1.318,1.200,15444,0,1755868.186,4621,0,76508.609
KSHV20230715-6,KSHV20230715_104749_V06,0,0.308,1.200,11977,0,134208.831,4900,0,22980.038
KSHV20230715-6,KSHV20230715_104749_V06,4,0.879,1.200,11984,0,117059.045,3426,0,9848.245
KSHV20230715-6,KSHV20230715_104749_V06,6,1.318,1.200,11988,0,195242.488,3546,0,10355.242
KSHV20230715-6,KSHV20230715_104749_V06,8,1.802,1.200,5993,0,203609.843,1130,0,8802.372
KSHV20230715-6,KSHV20230715_104749_V06,9,2.417,1.200,5999,0,291518.452,1265,0,24305.529
KSHV20230715-6,KSHV20230715_104749_V06,10,3.120,1.200,5998,0,191615.154,1194,0,2957.303
KSHV20230715-6,KSHV20230715_105207_V06,0,0.308,1.200,15769,0,151130.604,6349,0,23820.467
KSHV20230715-6,KSHV20230715_105207_V06,4,0.879,1.200,15772,0,137691.484,4314,0,9560.195
KSHV20230715-6,KSHV20230715_105207_V06,6,1.318,1.200,15785,0,177182.633,4569,0,11094.068
KSHV20230715-6,KSHV20230715_105207_V06,8,1.802,1.200,7898,0,208394.319,1558,0,6963.153
KSHV20230715-6,KSHV20230715_105207_V06,9,2.417,1.200,7908,0,263965.539,1663,0,15762.268
KSHV20230715-6,KSHV20230715_105207_V06,10,3.120,1.200,7909,0,277519.375,1599,0,9672.185
KSHV20230715-16,KSHV20230715_110916_V06,0,0.308,1.200,975,0,15147.937,256,0,2194.644
KSHV20230715-16,KSHV20230715_110916_V06,4,0.879,1.200,977,0,68391.567,447,0,1783.399
KSHV20230715-16,KSHV20230715_110916_V06,6,1.318,1.200,975,0,71518.760,482,0,2010.591
KSHV20230715-16,KSHV20230715_110916_V06,8,1.802,1.200,488,0,79194.273,178,0,2041.742
KSHV20230715-16,KSHV20230715_111347_V06,0,0.308,1.200,2332,0,42716.237,678,0,10988.651
KSHV20230715-16,KSHV20230715_111347_V06,4,0.879,1.200,2331,0,51320.260,634,0,10085.342
KSHV20230715-16,KSHV20230715_111347_V06,6,1.318,1.200,2341,0,90446.465,702,0,2579.257
KSHV20230715-16,KSHV20230715_111347_V06,8,1.802,1.200,1172,0,64775.876,202,0,5369.419
KSHV20230715-16,KSHV20230715_111808_V06,0,0.308,1.200,3220,0,117478.753,1150,0,62067.097
KSHV20230715-16,KSHV20230715_111808_V06,4,0.879,1.200,3215,0,81300.691,1019,0,33351.029
KSHV20230715-16,KSHV20230715_111808_V06,6,1.318,1.200,3218,0,89123.066,768,0,6210.756
KSHV20230715-16,KSHV20230715_111808_V06,8,1.802,1.200,1613,0,78050.864,192,0,6225.453
KSHV20230715-32,KSHV20230715_122149_V06,0,0.308,1.200,1827,0,48887.509,684,0,5794.894
KSHV20230715-32,KSHV20230715_122149_V06,4,0.879,1.200,1827,0,44113.581,729,0,2979.706
KSHV20230715-32,KSHV20230715_122149_V06,6,1.318,1.200,1828,0,31395.043,779,0,3263.354
KSHV20230715-32,KSHV20230715_122149_V06,8,1.802,1.200,913,0,31613.629,525,0,871.691
KSHV20230715-32,KSHV20230715_122149_V06,9,2.417,1.200,915,0,34268.292,552,0,757.424
KSHV20230715-32,KSHV20230715_122149_V06,10,3.120,1.200,916,0,51040.025,619,0,297.631
KSHV20230715-32,KSHV20230715_122149_V06,11,3.999,1.200,918,0,61864.607,667,0,81.252
KSHV20230715-32,KSHV20230715_122149_V06,12,5.098,1.200,923,0,229114.757,669,0,34560.195
KSHV20230715-32,KSHV20230715_122610_V06,0,0.308,1.200,4102,0,32749.079,1157,0,9803.845
KSHV20230715-32,KSHV20230715_122610_V06,4,0.879,1.200,4103,0,28109.452,1438,0,5220.211
KSHV20230715-32,KSHV20230715_122610_V06,6,1.318,1.200,4103,0,24944.268,1658,0,4179.343
KSHV20230715-32,KSHV20230715_122610_V06,8,1.802,1.200,2053,0,26446.160,954,0,1374.814
KSHV20230715-32,KSHV20230715_122610_V06,9,2.417,1.200,2053,0,32593.645,983,0,1323.103
KSHV20230715-32,KSHV20230715_122610_V06,10,3.120,1.200,2053,0,41936.769,1126,0,612.886
KSHV20230715-32,KSHV20230715_122610_V06,11,3.999,1.200,2057,0,69780.059,1093,0,543.670
KSHV20230715-32,KSHV20230715_122610_V06,12,5.098,1.200,2059,0,193189.509,1236,0,23411.549
KSHV20230715-32,KSHV20230715_122610_V06,13,6.416,1.200,2065,0,61506.363,1141,0,1262.562
KSHV20230715-33,KSHV20230715_122610_V06,0,0.308,1.200,1491,0,8435.477,155,0,5565.529
KSHV20230715-33,KSHV20230715_122610_V06,4,0.879,1.200,1489,0,4550.417,511,0,1101.533
KSHV20230715-33,KSHV20230715_122610_V06,6,1.318,1.200,1491,0,3412.383,601,0,637.592
KSHV20230715-33,KSHV20230715_122610_V06,8,1.802,1.200,742,0,3049.169,341,0,243.039
KSHV20230715-33,KSHV20230715_122610_V06,9,2.417,1.200,745,0,4405.615,327,0,69.405
KSHV20230715-33,KSHV20230715_122610_V06,10,3.120,1.200,748,0,7833.889,305,0,111.269
KSHV20230715-33,KSHV20230715_122610_V06,11,3.999,1.200,748,0,10849.320,358,0,70.042
KSHV20230715-33,KSHV20230715_122610_V06,12,5.098,1.200,746,0,17531.133,449,0,46.045
KSHV20230715-33,KSHV20230715_122610_V06,13,6.416,1.200,749,0,57289.852,478,0,4081.096
KSHV20230715-33,KSHV20230715_122610_V06,14,7.998,1.200,750,0,5617.550,560,0,77.919
KSHV20230715-33,KSHV20230715_123030_V06,0,0.308,1.200,4606,0,17457.577,389,0,13741.882
KSHV20230715-33,KSHV20230715_123030_V06,4,0.879,1.200,4611,0,7882.990,1401,0,2620.554
KSHV20230715-33,KSHV20230715_123030_V06,6,1.318,1.200,4607,0,7241.313,1617,0,1372.378
KSHV20230715-33,KSHV20230715_123030_V06,8,1.802,1.200,2305,0,6929.145,714,0,535.771
KSHV20230715-33,KSHV20230715_123030_V06,9,2.417,1.200,2309,0,9476.632,680,0,171.614
KSHV20230715-33,KSHV20230715_123030_V06,10,3.120,1.200,2307,0,14192.540,632,0,104.599
KSHV20230715-33,KSHV20230715_123030_V06,11,3.999,1.200,2310,0,18586.532,582,0,519.766
KSHV20230715-33,KSHV20230715_123030_V06,12,5.098,1.200,2312,0,31405.727,987,0,410.780
KSHV20230715-33,KSHV20230715_123030_V06,13,6.416,1.200,2330,0,133840.448,1037,0,6644.063
KSHV20230715-33,KSHV20230715_123030_V06,14,7.998,1.200,2323,0,13685.266,1320,0,133.155
KSHV20230715-33,KSHV20230715_123451_V06,0,0.308,1.200,2893,0,10344.467,329,0,6487.973
KSHV20230715-33,KSHV20230715_123451_V06,4,0.879,1.200,2891,0,5494.350,969,0,1381.478
KSHV20230715-33,KSHV20230715_123451_V06,6,1.318,1.200,2893,0,4297.018,974,0,898.066
KSHV20230715-33,KSHV20230715_123451_V06,8,1.802,1.200,1447,0,2983.481,512,0,277.262
KSHV20230715-33,KSHV20230715_123451_V06,9,2.417,1.200,1448,0,2988.452,479,0,81.391
KSHV20230715-33,KSHV20230715_123451_V06,10,3.120,1.200,1447,0,3446.989,370,0,133.565
KSHV20230715-33,KSHV20230715_123451_V06,11,3.999,1.200,1447,0,8418.902,418,0,222.955
KSHV20230715-33,KSHV20230715_123451_V06,12,5.098,1.200,1455,0,10469.949,618,0,149.296
KSHV20230715-33,KSHV20230715_123451_V06,13,6.416,1.200,1454,0,32709.699,731,0,823.713
KSHV20230715-33,KSHV20230715_123451_V06,14,7.998,1.200,1462,0,4611.429,860,0,32.327
KSHV20230715-33,KSHV20230715_123935_V06,0,0.308,1.200,6956,0,19834.241,691,0,13254.472
KSHV20230715-33,KSHV20230715_123935_V06,4,0.879,1.200,6958,0,10602.623,2014,0,3191.711
KSHV20230715-33,KSHV20230715_123935_V06,6,1.318,1.200,6963,0,8596.631,2365,0,1659.545
KSHV20230715-33,KSHV20230715_123935_V06,8,1.802,1.200,3479,0,8022.629,886,0,602.831
KSHV20230715-33,KSHV20230715_123935_V06,9,2.417,1.200,3480,0,6763.364,816,0,229.644
KSHV20230715-33,KSHV20230715_123935_V06,10,3.120,1.200,3478,0,9760.359,775,0,116.965
KSHV20230715-33,KSHV20230715_123935_V06,11,3.999,1.200,3485,0,13416.029,698,0,169.702
KSHV20230715-33,KSHV20230715_123935_V06,12,5.098,1.200,3493,0,23399.803,928,0,222.956
KSHV20230715-33,KSHV20230715_123935_V06,13,6.416,1.200,3502,0,58410.102,1141,0,3226.660
KSHV20230715-33,KSHV20230715_123935_V06,14,7.998,1.200,3513,0,6425.429,1584,0,74.513
KSHV20230715-35,KSHV20230715_123935_V06,0,0.308,1.200,1938,0,8756.420,385,0,4096.072
KSHV20230715-35,KSHV20230715_123935_V06,4,0.879,1.200,1940,0,6808.689,637,0,1507.021
KSHV20230715-35,KSHV20230715_123935_V06,6,1.318,1.200,1945,0,5504.368,716,0,1178.132
KSHV20230715-35,KSHV20230715_123935_V06,8,1.802,1.200,977,0,4205.145,420,0,369.223
KSHV20230715-35,KSHV20230715_123935_V06,9,2.417,1.200,977,0,5269.463,398,0,140.415
KSHV20230715-35,KSHV20230715_123935_V06,10,3.120,1.200,976,0,8121.974,464,0,115.079
KSHV20230715-35,KSHV20230715_123935_V06,11,3.999,1.200,973,0,10452.708,464,0,50.679
KSHV20230715-35,KSHV20230715_123935_V06,12,5.098,1.200,975,0,20073.850,606,0,354.523
KSHV20230715-35,KSHV20230715_123935_V06,13,6.416,1.200,983,0,24836.689,514,0,2434.065
KSHV20230715-35,KSHV20230715_124419_V06,0,0.308,1.200,4833,0,12895.931,966,0,9281.132
KSHV20230715-35,KSHV20230715_124419_V06,4,0.879,1.200,4841,0,7277.414,1495,0,2963.682
KSHV20230715-35,KSHV20230715_124419_V06,6,1.318,1.200,4837,0,5032.654,1746,0,1753.311
KSHV20230715-35,KSHV20230715_124419_V06,8,1.802,1.200,2414,0,3660.154,827,0,682.545
KSHV20230715-35,KSHV20230715_124419_V06,9,2.417,1.200,2418,0,4602.534,835,0,320.625
KSHV20230715-35,KSHV20230715_124419_V06,10,3.120,1.200,2418,0,6327.059,778,0,254.223
KSHV20230715-35,KSHV20230715_124419_V06,11,3.999,1.200,2418,0,10394.161,815,0,145.064
KSHV20230715-35,KSHV20230715_124419_V06,12,5.098,1.200,2428,0,15148.068,878,0,215.325
KSHV20230715-35,KSHV20230715_124419_V06,13,6.416,1.200,2428,0,29022.698,1024,0,1259.266
KSHV20230715-5,KSHV20230715_104331_V06,0,0.308,1.200,8711,0,79500.221,2762,0,24936.497
KSHV20230715-5,KSHV20230715_104331_V06,4,0.879,1.200,8716,0,105448.304,2177,0,10082.469
KSHV20230715-5,KSHV20230715_104331_V06,6,1.318,1.200,8719,0,176209.848,2423,0,8831.021
KSHV20230715-5,KSHV20230715_104331_V06,8,1.802,1.200,4349,0,188165.398,698,0,9170.334
KSHV20230715-5,KSHV20230715_104331_V06,9,2.417,1.200,4353,0,172420.494,742,0,3094.666
KSHV20230715-5,KSHV20230715_104749_V06,0,0.308,1.200,1284,0,14336.227,324,0,2661.135
KSHV20230715-5,KSHV20230715_104749_V06,4,0.879,1.200,1286,0,46664.840,429,0,2198.847
KSHV20230715-5,KSHV20230715_104749_V06,6,1.318,1.200,1283,0,64717.664,586,0,1961.500
KSHV20230715-5,KSHV20230715_104749_V06,8,1.802,1.200,642,0,92539.236,199,0,3155.468
KSHV20230715-18,KSHV20230715_111347_V06,0,0.308,1.200,2454,1,383905.542,1011,0,1188.023
KSHV20230715-18,KSHV20230715_111347_V06,4,0.879,1.200,2450,0,235694.156,1186,0,1833.897
KSHV20230715-18,KSHV20230715_111347_V06,6,1.318,1.200,2459,1,317050.992,1144,0,2919.333
KSHV20230715-18,KSHV20230715_111347_V06,8,1.802,1.200,1225,0,369669.701,464,0,873.045
KSHV20230715-18,KSHV20230715_111347_V06,9,2.417,1.200,1229,0,490246.076,487,0,5532.555
KSHV20230715-22,KSHV20230715_112710_V06,0,0.308,1.200,283,0,145613.673,23,0,108525.645
KSHV20230715-22,KSHV20230715_112710_V06,4,0.879,1.200,281,0,22351.862,32,0,17083.262
KSHV20230715-22,KSHV20230715_112710_V06,6,1.318,1.200,288,0,444.478,14,0,136.833
KSHV20230715-22,KSHV20230715_112710_V06,8,1.802,1.200,144,0,68.757,0,0,68.757
KSHV20230715-24,KSHV20230715_112710_V06,0,0.308,1.200,510,0,26184.547,100,0,25695.925
KSHV20230715-24,KSHV20230715_112710_V06,4,0.879,1.200,505,0,2208.714,147,0,1513.421
KSHV20230715-24,KSHV20230715_112710_V06,6,1.318,1.200,503,0,226.152,42,0,138.342
KSHV20230715-24,KSHV20230715_112710_V06,8,1.802,1.200,257,0,0.712,0,0,0.712
KSHV20230715-24,KSHV20230715_112710_V06,9,2.417,1.200,257,0,14.269,0,0,14.269
KSHV20230715-24,KSHV20230715_112710_V06,10,3.120,1.200,251,0,0.698,0,0,0.698
KSHV20230716-1,KSHV20230716_105219_V06,0,0.308,1.200,4783,12,113763.138,416,12,107588.823
KSHV20230716-1,KSHV20230716_105219_V06,4,0.879,1.200,4783,0,171966.024,442,0,168130.007
KSHV20230716-1,KSHV20230716_105219_V06,6,1.318,1.200,4787,0,147335.731,496,0,140810.909
KSHV20230716-1,KSHV20230716_105219_V06,8,1.802,1.200,2393,0,73937.261,271,0,64694.850
KSHV20230716-1,KSHV20230716_105219_V06,9,2.417,1.200,2397,0,11481.538,335,0,9450.483
KSHV20230716-1,KSHV20230716_105219_V06,10,3.120,1.200,2397,0,1601.013,629,0,1167.081
KSHV20230716-1,KSHV20230716_105219_V06,11,3.999,1.200,2401,0,48.363,699,0,26.051
KSHV20230716-1,KSHV20230716_105219_V06,12,5.098,1.200,2403,0,48.117,855,0,24.295
KSHV20230716-1,KSHV20230716_105219_V06,13,6.416,1.200,2411,0,52.382,873,0,20.898
KSHV20230716-1,KSHV20230716_110323_V06,0,0.308,1.200,14454,11,388509.065,868,9,379398.467
KSHV20230716-1,KSHV20230716_110323_V06,4,0.879,1.200,14460,0,201729.627,1196,0,190633.525
KSHV20230716-1,KSHV20230716_110323_V06,6,1.318,1.200,14462,0,162708.372,1423,0,148645.189
KSHV20230716-1,KSHV20230716_110323_V06,8,1.802,1.200,7232,0,133149.593,1123,0,111359.707
KSHV20230716-1,KSHV20230716_110323_V06,9,2.417,1.200,7234,0,106600.190,1355,0,83524.316
KSHV20230716-1,KSHV20230716_110323_V06,10,3.120,1.200,7239,0,44048.351,1569,0,31618.501
KSHV20230716-1,KSHV20230716_110323_V06,11,3.999,1.200,7251,0,12458.211,1482,0,8363.571
KSHV20230716-1,KSHV20230716_110323_V06,12,5.098,1.200,7260,0,5066.063,1851,0,2833.024
KSHV20230716-1,KSHV20230716_110323_V06,13,6.416,1.200,7279,0,1404.879,2236,0,799.235
KSHV20230716-1,KSHV20230716_110323_V06,14,7.998,1.200,7308,0,882.574,2994,0,356.819
KSHV20230716-1,KSHV20230716_110910_V06,0,0.308,1.200,14217,2,373553.803,659,1,363417.195
KSHV20230716-1,KSHV20230716_110910_V06,4,0.879,1.200,14217,0,184957.392,871,0,176444.180
KSHV20230716-1,KSHV20230716_110910_V06,6,1.318,1.200,14219,0,117989.667,1311,0,107174.253
KSHV20230716-1,KSHV20230716_110910_V06,8,1.802,1.200,7112,0,83803.724,1084,0,71074.049
KSHV20230716-1,KSHV20230716_110910_V06,9,2.417,1.200,7113,0,64334.560,1521,0,48727.155
KSHV20230716-1,KSHV20230716_110910_V06,10,3.120,1.200,7119,0,34368.184,1608,0,24523.254
KSHV20230716-1,KSHV20230716_110910_V06,11,3.999,1.200,7131,0,10393.673,1644,0,6241.346
KSHV20230716-1,KSHV20230716_110910_V06,12,5.098,1.200,7148,0,4901.614,1637,0,2835.946
KSHV20230716-1,KSHV20230716_110910_V06,13,6.416,1.200,7163,0,2509.998,2054,0,1131.936
KSHV20230716-1,KSHV20230716_111443_V06,0,0.308,1.200,26754,1,334730.454,1467,1,323103.231
KSHV20230716-1,KSHV20230716_111443_V06,4,0.879,1.200,26755,2,156123.673,2349,2,149313.639
KSHV20230716-1,KSHV20230716_111443_V06,6,1.318,1.200,26761,0,103331.690,3246,0,95062.946
KSHV20230716-1,KSHV20230716_111443_V06,8,1.802,1.200,13383,0,73103.457,2463,0,60593.463
KSHV20230716-1,KSHV20230716_111443_V06,9,2.417,1.200,13393,0,60086.337,3357,0,47925.234
KSHV20230716-1,KSHV20230716_111443_V06,10,3.120,1.200,13400,0,33591.528,3619,0,24050.626
KSHV20230716-1,KSHV20230716_111443_V06,11,3.999,1.200,13414,0,17368.390,3880,0,10373.345
KSHV20230716-1,KSHV20230716_111443_V06,12,5.098,1.200,13439,0,8155.030,3785,0,5020.266
KSHV20230716-1,KSHV20230716_111443_V06,13,6.416,1.200,13464,0,5674.077,3992,0,3250.105
KSHV20230716-1,KSHV20230716_112016_V06,0,0.308,1.200,47040,2,371415.518,2827,1,358241.147
KSHV20230716-1,KSHV20230716_112016_V06,4,0.879,1.200,47044,0,159497.219,5002,0,151591.225
KSHV20230716-1,KSHV20230716_112016_V06,6,1.318,1.200,47047,0,111282.287,7291,0,101702.219
KSHV20230716-1,KSHV20230716_112016_V06,8,1.802,1.200,23540,0,78353.418,5072,0,67992.463
KSHV20230716-1,KSHV20230716_112016_V06,9,2.417,1.200,23550,0,65477.158,6357,0,53279.634
KSHV20230716-1,KSHV20230716_112016_V06,10,3.120,1.200,23560,0,45936.512,7055,0,34584.412
KSHV20230716-1,KSHV20230716_112016_V06,11,3.999,1.200,23588,0,35170.905,7550,0,23738.923
KSHV20230716-1,KSHV20230716_112016_V06,12,5.098,1.200,23627,0,20994.574,7068,0,13357.831
KSHV20230716-1,KSHV20230716_112016_V06,13,6.416,1.200,23689,0,13773.148,6948,0,8354.408
KSHV20230716-3,KSHV20230716_111443_V06,0,0.308,1.200,469,0,7061.391,72,0,6953.400
KSHV20230716-3,KSHV20230716_111443_V06,4,0.879,1.200,468,0,414.302,137,0,319.841
KSHV20230716-3,KSHV20230716_111443_V06,6,1.318,1.200,468,0,27.217,26,0,16.989
KSHV20230716-3,KSHV20230716_111443_V06,8,1.802,1.200,225,0,2.465,0,0,2.465
KSHV20230716-3,KSHV20230716_111443_V06,9,2.417,1.200,224,0,5.698,1,0,3.145
KSHV20230716-3,KSHV20230716_111443_V06,10,3.120,1.200,224,0,4.699,3,0,0.355
KSHV20230716-3,KSHV20230716_111443_V06,11,3.999,1.200,224,0,0.360,0,0,0.360
KSHV20230716-5,KSHV20230716_112547_V06,0,0.308,1.200,5734,0,391698.477,1583,0,108862.965
KSHV20230716-5,KSHV20230716_112547_V06,4,0.879,1.200,5734,0,316712.381,180,0,9182.511
KSHV20230717-1,KSHV20230717_110229_V06,0,0.308,1.200,7735,4,336947.859,129,3,334963.463
KSHV20230717-1,KSHV20230717_110229_V06,4,0.879,1.200,7734,0,175531.385,105,0,175387.134
KSHV20230717-1,KSHV20230717_110229_V06,6,1.318,1.200,7741,0,87835.081,731,0,86786.362
KSHV20230717-1,KSHV20230717_110229_V06,8,1.802,1.200,3871,0,35747.198,530,0,32654.229
KSHV20230717-1,KSHV20230717_110229_V06,9,2.417,1.200,3875,0,19826.796,538,0,15819.113
KSHV20230717-1,KSHV20230717_110229_V06,10,3.120,1.200,3876,0,11933.872,543,0,8450.394
KSHV20230717-1,KSHV20230717_110229_V06,11,3.999,1.200,3880,0,4273.334,730,0,2405.584
KSHV20230717-1,KSHV20230717_110229_V06,12,5.098,1.200,3887,0,774.498,710,0,450.861
KSHV20230717-1,KSHV20230717_110229_V06,13,6.416,1.200,3898,0,252.219,488,0,134.892
KSHV20230717-1,KSHV20230717_111111_V06,0,0.308,1.200,32133,0,371041.759,922,0,362961.832
KSHV20230717-1,KSHV20230717_111111_V06,4,0.879,1.200,32143,0,115416.056,1357,0,113133.050
KSHV20230717-1,KSHV20230717_111111_V06,6,1.318,1.200,32150,0,107248.877,2373,0,105110.697
KSHV20230717-1,KSHV20230717_111111_V06,8,1.802,1.200,16078,0,93999.371,2382,0,84693.012
KSHV20230717-1,KSHV20230717_111111_V06,9,2.417,1.200,16089,0,74729.723,2900,0,62355.534
KSHV20230717-1,KSHV20230717_111111_V06,10,3.120,1.200,16095,0,47438.351,3429,0,38194.615
KSHV20230717-1,KSHV20230717_111111_V06,11,3.999,1.200,16106,0,23676.525,3150,0,16464.337
KSHV20230717-1,KSHV20230717_111111_V06,12,5.098,1.200,16132,0,5813.591,3324,0,3254.310
KSHV20230717-1,KSHV20230717_111111_V06,13,6.416,1.200,16178,0,1940.079,2812,0,933.742
KSHV20230717-1,KSHV20230717_111952_V06,0,0.308,1.200,51807,1,277915.148,1568,1,268078.187
KSHV20230717-1,KSHV20230717_111952_V06,4,0.879,1.200,51823,0,68629.564,2388,0,66234.945
KSHV20230717-1,KSHV20230717_111952_V06,6,1.318,1.200,51831,0,69519.435,3272,0,67642.093
KSHV20230717-1,KSHV20230717_111952_V06,8,1.802,1.200,25923,0,85132.050,3670,0,76894.635
KSHV20230717-1,KSHV20230717_111952_V06,9,2.417,1.200,25940,0,99990.789,4575,0,86902.629
KSHV20230717-1,KSHV20230717_111952_V06,10,3.120,1.200,25965,0,78399.482,5694,0,67516.967
KSHV20230717-1,KSHV20230717_111952_V06,11,3.999,1.200,25984,0,32052.720,6189,0,24152.434
KSHV20230717-1,KSHV20230717_111952_V06,12,5.098,1.200,26033,0,10286.112,6073,0,5844.671
KSHV20230717-1,KSHV20230717_111952_V06,13,6.416,1.200,26107,0,5969.350,5668,0,2934.245
KSHV20230717-2,KSHV20230717_111111_V06,0,0.308,1.200,3356,0,8750.637,867,0,7901.718
KSHV20230717-2,KSHV20230717_111111_V06,4,0.879,1.200,3361,0,975.007,567,0,663.103
KSHV20230717-2,KSHV20230717_111111_V06,6,1.318,1.200,3362,0,153.762,211,0,71.855
KSHV20230717-2,KSHV20230717_111111_V06,8,1.802,1.200,1680,0,3.223,0,0,3.223
KSHV20230717-2,KSHV20230717_111111_V06,9,2.417,1.200,1686,0,19.402,0,0,19.402
KSHV20230717-2,KSHV20230717_111111_V06,10,3.120,1.200,1682,0,51.263,6,0,43.163
KSHV20230717-3,KSHV20230717_111952_V06,0,0.308,1.200,4340,0,32368.451,474,0,25612.302
KSHV20230717-3,KSHV20230717_111952_V06,4,0.879,1.200,4347,0,1252.112,93,0,449.797
KSHV20230717-3,KSHV20230717_111952_V06,6,1.318,1.200,4349,0,195.895,14,0,70.322
KSHV20230718-1,KSHV20230718_104925_V06,0,0.308,1.200,1893,23,111950.467,72,23,109934.377
KSHV20230718-1,KSHV20230718_104925_V06,4,0.879,1.200,1894,0,170885.063,46,0,168475.902
KSHV20230718-1,KSHV20230718_104925_V06,6,1.318,1.200,1894,0,117514.068,83,0,116348.936
KSHV20230718-1,KSHV20230718_104925_V06,8,1.802,1.200,947,0,46838.903,127,0,42963.198
KSHV20230718-1,KSHV20230718_104925_V06,9,2.417,1.200,949,0,4305.798,162,0,3986.036
KSHV20230718-1,KSHV20230718_104925_V06,10,3.120,1.200,949,0,10.331,73,0,7.273
KSHV20230718-1,KSHV20230718_104925_V06,11,3.999,1.200,950,0,3.233,77,0,2.368
KSHV20230718-1,KSHV20230718_104925_V06,12,5.098,1.200,950,0,5.292,156,0,2.875
KSHV20230718-1,KSHV20230718_104925_V06,13,6.416,1.200,956,0,5.674,158,0,3.374
KSHV20230718-1,KSHV20230718_110648_V06,0,0.308,1.200,17649,0,353127.097,405,0,345776.636
KSHV20230718-1,KSHV20230718_110648_V06,4,0.879,1.200,17655,0,134109.476,507,0,132721.506
KSHV20230718-1,KSHV20230718_110648_V06,6,1.318,1.200,17657,0,69244.107,1314,0,68321.694
KSHV20230718-1,KSHV20230718_110648_V06,8,1.802,1.200,8825,0,36692.146,1477,0,33865.236
KSHV20230718-1,KSHV20230718_110648_V06,9,2.417,1.200,8827,0,27548.014,1519,0,23746.112
KSHV20230718-1,KSHV20230718_110648_V06,10,3.120,1.200,8837,0,22540.674,1553,0,19091.126
KSHV20230718-1,KSHV20230718_110648_V06,11,3.999,1.200,8852,0,13753.239,1428,0,11107.200
KSHV20230718-1,KSHV20230718_110648_V06,12,5.098,1.200,8876,0,1914.736,1379,0,1104.572
KSHV20230718-1,KSHV20230718_110648_V06,13,6.416,1.200,8894,0,388.317,1158,0,251.515
KSHV20230718-1,KSHV20230718_111529_V06,0,0.308,1.200,25445,0,205233.210,468,0,200110.167
KSHV20230718-1,KSHV20230718_111529_V06,4,0.879,1.200,25444,0,48085.607,667,0,46728.688
KSHV20230718-1,KSHV20230718_111529_V06,6,1.318,1.200,25449,0,23772.744,1153,0,22643.647
KSHV20230718-1,KSHV20230718_111529_V06,8,1.802,1.200,12726,0,13978.197,1486,0,11818.651
KSHV20230718-1,KSHV20230718_111529_V06,9,2.417,1.200,12737,0,11348.230,1959,0,8891.164
KSHV20230718-1,KSHV20230718_111529_V06,10,3.120,1.200,12747,0,12434.838,2410,0,9183.829
KSHV20230718-1,KSHV20230718_111529_V06,11,3.999,1.200,12757,0,10916.422,2602,0,8539.674
KSHV20230718-1,KSHV20230718_111529_V06,12,5.098,1.200,12777,0,2439.250,2568,0,1452.700
KSHV20230718-1,KSHV20230718_111529_V06,13,6.416,1.200,12805,0,990.735,2504,0,504.591
KSHV20230718-3,KSHV20230718_110648_V06,0,0.308,1.200,613,0,44737.223,15,0,39744.543
KSHV20230718-3,KSHV20230718_110648_V06,4,0.879,1.200,615,0,85252.674,11,0,84998.075
KSHV20230718-3,KSHV20230718_110648_V06,6,1.318,1.200,616,0,973.312,45,0,495.378
KSHV20230718-3,KSHV20230718_110648_V06,8,1.802,1.200,320,0,160.209,3,0,125.215
KSHV20230718-5,KSHV20230718_112410_V06,0,0.308,1.200,2809,0,662432.763,50,0,649543.146
KSHV20230718-5,KSHV20230718_112410_V06,4,0.879,1.200,2814,0,165798.907,47,0,163399.575
KSHV20230718-5,KSHV20230718_112410_V06,6,1.318,1.200,2815,0,6038.674,223,0,5321.964
KSHV20230718-5,KSHV20230718_112410_V06,8,1.802,1.200,1407,0,98.152,10,0,58.357
KSHV20230718-5,KSHV20230718_112410_V06,9,2.417,1.200,1408,0,37.544,4,0,25.675
KSHV20230718-5,KSHV20230718_112410_V06,10,3.120,1.200,1410,0,93.344,12,0,67.532
KSHV20230718-6,KSHV20230718_112410_V06,0,0.308,1.200,4186,14,7935679.026,170,14,7744758.262
KSHV20230718-6,KSHV20230718_112410_V06,4,0.879,1.200,4200,0,627392.822,494,0,605392.648
KSHV20230718-6,KSHV20230718_112410_V06,6,1.318,1.200,4200,0,35577.156,448,0,20957.349
KSHV20230718-7,KSHV20230718_121125_V06,0,0.308,1.200,8160,0,32495.031,1257,0,27914.124
KSHV20230718-7,KSHV20230718_121125_V06,4,0.879,1.200,8166,0,45357.590,2269,0,25126.040
KSHV20230718-7,KSHV20230718_121125_V06,6,1.318,1.200,8166,0,137089.955,3767,0,60790.622
KSHV20230718-7,KSHV20230718_121125_V06,8,1.802,1.200,4085,0,79423.192,1380,0,48721.168
KSHV20230718-7,KSHV20230718_121125_V06,9,2.417,1.200,4092,0,38580.564,582,0,32596.182
KSHV20230718-7,KSHV20230718_121125_V06,10,3.120,1.200,4090,0,15936.011,301,0,12467.017
KSHV20230719-3,KSHV20230719_104807_V06,0,0.308,1.200,5216,17,100950.467,440,17,99644.639
KSHV20230719-3,KSHV20230719_104807_V06,4,0.879,1.200,5217,0,185258.683,634,0,184725.013
KSHV20230719-3,KSHV20230719_104807_V06,6,1.318,1.200,5219,0,140037.352,878,0,139459.763
KSHV20230719-3,KSHV20230719_104807_V06,8,1.802,1.200,2609,0,46395.825,526,0,42900.182
KSHV20230719-3,KSHV20230719_104807_V06,9,2.417,1.200,2611,0,10152.489,790,0,8095.961
KSHV20230719-3,KSHV20230719_104807_V06,10,3.120,1.200,2616,0,387.457,931,0,119.518
KSHV20230719-3,KSHV20230719_104807_V06,11,3.999,1.200,2617,0,15.275,557,0,5.771
KSHV20230719-3,KSHV20230719_104807_V06,12,5.098,1.200,2615,0,8.641,384,0,4.549
KSHV20230719-3,KSHV20230719_104807_V06,13,6.416,1.200,2631,0,4.928,240,0,2.900
KSHV20230719-3,KSHV20230719_110528_V06,0,0.308,1.200,30935,0,426737.259,1376,0,418097.201
KSHV20230719-3,KSHV20230719_110528_V06,4,0.879,1.200,30940,0,223048.551,1486,0,220044.546
KSHV20230719-3,KSHV20230719_110528_V06,6,1.318,1.200,30944,0,164500.241,2841,0,161349.702
KSHV20230719-3,KSHV20230719_110528_V06,8,1.802,1.200,15480,0,130868.048,2599,0,118530.161
KSHV20230719-3,KSHV20230719_110528_V06,9,2.417,1.200,15488,0,96127.037,3087,0,81189.558
KSHV20230719-3,KSHV20230719_110528_V06,10,3.120,1.200,15501,0,55946.642,3414,0,47509.910
KSHV20230719-3,KSHV20230719_110528_V06,11,3.999,1.200,15512,0,22543.228,3068,0,16397.453
KSHV20230719-3,KSHV20230719_110528_V06,12,5.098,1.200,15530,0,2633.345,2341,0,1200.773
KSHV20230719-3,KSHV20230719_110528_V06,13,6.416,1.200,15564,0,156.256,1830,0,58.652
KSHV20230719-3,KSHV20230719_111409_V06,0,0.308,1.200,45098,0,392784.431,1181,0,383643.206
KSHV20230719-3,KSHV20230719_111409_V06,4,0.879,1.200,45104,0,136497.726,1927,0,130090.490
KSHV20230719-3,KSHV20230719_111409_V06,6,1.318,1.200,45113,0,84821.851,3552,0,82051.561
KSHV20230719-3,KSHV20230719_111409_V06,8,1.802,1.200,22562,0,78590.031,3360,0,67435.849
KSHV20230719-3,KSHV20230719_111409_V06,9,2.417,1.200,22572,0,83012.397,4477,0,67252.108
KSHV20230719-3,KSHV20230719_111409_V06,10,3.120,1.200,22593,0,58765.953,4359,0,48521.128
KSHV20230719-3,KSHV20230719_111409_V06,11,3.999,1.200,22622,0,33956.632,3828,0,26326.369
KSHV20230719-3,KSHV20230719_111409_V06,12,5.098,1.200,22658,0,11084.113,3404,0,6608.489
KSHV20230719-3,KSHV20230719_111409_V06,13,6.416,1.200,22711,0,1897.619,3119,0,694.432
KSHV20230719-3,KSHV20230719_112250_V06,0,0.308,1.200,72286,0,379423.226,2640,0,364535.875
KSHV20230719-3,KSHV20230719_112250_V06,4,0.879,1.200,72298,0,109864.889,4865,0,103745.615
KSHV20230719-3,KSHV20230719_112250_V06,6,1.318,1.200,72319,0,61129.604,7610,0,56236.071
KSHV20230719-3,KSHV20230719_112250_V06,8,1.802,1.200,36159,0,57138.322,6269,0,45123.724
KSHV20230719-3,KSHV20230719_112250_V06,9,2.417,1.200,36181,0,73332.407,7310,0,57952.128
KSHV20230719-3,KSHV20230719_112250_V06,10,3.120,1.200,36208,0,64655.211,7792,0,51155.626
KSHV20230719-3,KSHV20230719_112250_V06,11,3.999,1.200,36241,0,43138.582,7319,0,34043.180
KSHV20230719-3,KSHV20230719_112250_V06,12,5.098,1.200,36312,0,14418.614,6822,0,9874.556
KSHV20230719-3,KSHV20230719_112250_V06,13,6.416,1.200,36399,0,3669.894,6186,0,1961.865
KSHV20230719-9,KSHV20230719_122334_V06,0,0.308,1.200,789,0,49532.500,23,0,49234.047
KSHV20230719-9,KSHV20230719_122334_V06,4,0.879,1.200,790,0,1519.218,8,0,1446.520
KSHV20230719-9,KSHV20230719_122334_V06,6,1.318,1.200,789,0,5638.458,85,0,3558.026
KSHV20230719-9,KSHV20230719_122334_V06,8,1.802,1.200,396,0,2.348,0,0,2.348
KSHV20230719-9,KSHV20230719_123215_V06,0,0.308,1.200,2846,0,422768.379,413,0,415931.743
KSHV20230719-9,KSHV20230719_123215_V06,4,0.879,1.200,2849,0,9171.728,194,0,7234.270
KSHV20230719-9,KSHV20230719_123215_V06,6,1.318,1.200,2848,0,8653.348,178,0,6091.743
KSHV20230719-9,KSHV20230719_123215_V06,8,1.802,1.200,1426,0,998.407,17,0,384.522
KSHV20230719-11,KSHV20230719_124056_V06,0,0.308,1.200,5054,0,2361482.439,283,0,2327716.756
KSHV20230719-11,KSHV20230719_124056_V06,4,0.879,1.200,5054,0,39259.250,341,0,28997.527
KSHV20230719-11,KSHV20230719_124937_V06,0,0.308,1.200,7489,0,3196852.153,519,0,3106426.492
KSHV20230719-11,KSHV20230719_124937_V06,4,0.879,1.200,7501,0,71828.293,408,0,58565.047
KSHV20230719-1,KSHV20230719_103926_V06,0,0.308,1.200,580,0,702.196,152,0,557.951
KSHV20230719-1,KSHV20230719_103926_V06,4,0.879,1.200,579,0,156.038,208,0,82.855
KSHV20230719-1,KSHV20230719_103926_V06,6,1.318,1.200,578,0,2.337,8,0,1.033
KSHV20230719-1,KSHV20230719_103926_V06,8,1.802,1.200,288,0,0.309,0,0,0.309
KSHV20230719-1,KSHV20230719_103926_V06,9,2.417,1.200,286,0,0.307,0,0,0.307
KSHV20230719-1,KSHV20230719_103926_V06,10,3.120,1.200,289,0,0.311,0,0,0.311
KSHV20230719-1,KSHV20230719_103926_V06,11,3.999,1.200,289,0,0.312,0,0,0.312
KSHV20230719-1,KSHV20230719_103926_V06,12,5.098,1.200,288,0,0.312,0,0,0.312
KSHV20230719-4,KSHV20230719_110528_V06,0,0.308,1.200,747,0,5368.942,343,0,4774.610
KSHV20230719-4,KSHV20230719_110528_V06,4,0.879,1.200,745,0,721.961,177,0,664.287
KSHV20230719-4,KSHV20230719_110528_V06,6,1.318,1.200,747,0,2.272,3,0,1.524
KSHV20230719-4,KSHV20230719_110528_V06,8,1.802,1.200,373,0,0.581,0,0,0.581
KSHV20230719-4,KSHV20230719_110528_V06,9,2.417,1.200,373,0,0.581,0,0,0.581
KSHV20230719-4,KSHV20230719_110528_V06,10,3.120,1.200,373,0,0.582,0,0,0.582
KSHV20230719-4,KSHV20230719_110528_V06,11,3.999,1.200,377,0,0.589,0,0,0.589
KSHV20230719-5,KSHV20230719_113130_V06,0,0.308,1.200,2223,0,50513.315,494,0,47349.477
KSHV20230719-5,KSHV20230719_113130_V06,4,0.879,1.200,2223,0,5936.423,461,0,4607.531
KSHV20230719-5,KSHV20230719_113130_V06,6,1.318,1.200,2225,0,1312.409,218,0,928.147
KSHV20230719-5,KSHV20230719_113130_V06,8,1.802,1.200,1114,0,54.688,2,0,44.187
KSHV20230719-5,KSHV20230719_113130_V06,9,2.417,1.200,1113,0,3.727,0,0,3.727
KSHV20230719-5,KSHV20230719_114011_V06,0,0.308,1.200,310,0,44565.593,4,0,44540.705
KSHV20230719-5,KSHV20230719_114011_V06,4,0.879,1.200,312,0,1521.478,16,0,1484.141
KSHV20230719-5,KSHV20230719_114011_V06,6,1.318,1.200,313,0,630.814,96,0,449.198
KSHV20230719-5,KSHV20230719_114011_V06,8,1.802,1.200,156,0,60.443,5,0,33.856
KSHV20230719-5,KSHV20230719_114011_V06,9,2.417,1.200,158,0,0.445,0,0,0.445
KSHV20230719-5,KSHV20230719_114011_V06,10,3.120,1.200,155,0,0.437,0,0,0.437
KSHV20230719-8,KSHV20230719_120613_V06,0,0.308,1.200,516,0,66091.888,4,0,66026.963
KSHV20230719-8,KSHV20230719_120613_V06,4,0.879,1.200,516,0,92.761,2,0,81.481
KSHV20230719-8,KSHV20230719_120613_V06,6,1.318,1.200,517,0,3686.855,59,0,2693.677
KSHV20230719-8,KSHV20230719_120613_V06,8,1.802,1.200,257,0,361.294,10,0,111.751
KSHV20230719-10,KSHV20230719_124056_V06,0,0.308,1.200,7060,0,51970.481,1114,0,33694.054
KSHV20230719-10,KSHV20230719_124056_V06,4,0.879,1.200,7057,0,110652.359,2061,0,60960.789
KSHV20230719-10,KSHV20230719_124056_V06,6,1.318,1.200,7051,0,19336.726,1049,0,8786.277
KSHV20230719-12,KSHV20230719_124056_V06,0,0.308,1.200,5168,0,656304.702,761,0,636449.486
KSHV20230719-12,KSHV20230719_124056_V06,4,0.879,1.200,5170,0,13452.871,395,0,9263.819
KSHV20230719-12,KSHV20230719_124056_V06,6,1.318,1.200,5176,0,27179.071,440,0,14933.805
KSHV20230719-12,KSHV20230719_124056_V06,8,1.802,1.200,2592,0,1269.004,14,0,619.924
KSHV20230720-2,KSHV20230720_104620_V06,0,0.308,1.200,1282,13,48673.884,53,13,48541.531
KSHV20230720-2,KSHV20230720_104620_V06,4,0.879,1.200,1282,0,114271.824,26,0,113109.991
KSHV20230720-2,KSHV20230720_104620_V06,6,1.318,1.200,1284,0,55082.977,31,0,54980.267
KSHV20230720-2,KSHV20230720_104620_V06,8,1.802,1.200,640,0,13588.246,82,0,11269.252
KSHV20230720-2,KSHV20230720_104620_V06,9,2.417,1.200,642,0,477.407,253,0,162.025
KSHV20230720-2,KSHV20230720_104620_V06,10,3.120,1.200,646,0,3.920,94,0,2.267
KSHV20230720-2,KSHV20230720_104620_V06,11,3.999,1.200,645,0,1.855,69,0,0.955
KSHV20230720-2,KSHV20230720_104620_V06,12,5.098,1.200,642,0,5.015,135,0,1.530
KSHV20230720-2,KSHV20230720_104620_V06,13,6.416,1.200,641,0,4.770,132,0,0.966
KSHV20230720-2,KSHV20230720_110342_V06,0,0.308,1.200,17546,8,348026.721,765,7,339678.217
KSHV20230720-2,KSHV20230720_110342_V06,4,0.879,1.200,17546,0,211404.688,866,0,208569.405
KSHV20230720-2,KSHV20230720_110342_V06,6,1.318,1.200,17549,0,141012.521,1706,0,139440.024
KSHV20230720-2,KSHV20230720_110342_V06,8,1.802,1.200,8775,0,111807.151,1796,0,102416.531
KSHV20230720-2,KSHV20230720_110342_V06,9,2.417,1.200,8773,0,84422.486,2112,0,70408.821
KSHV20230720-2,KSHV20230720_110342_V06,10,3.120,1.200,8784,0,43188.828,2447,0,31567.749
KSHV20230720-2,KSHV20230720_110342_V06,11,3.999,1.200,8795,0,15050.571,1980,0,9674.301
KSHV20230720-2,KSHV20230720_110342_V06,12,5.098,1.200,8817,0,2775.724,1787,0,1168.951
KSHV20230720-2,KSHV20230720_110342_V06,13,6.416,1.200,8842,0,603.615,1121,0,358.090
KSHV20230720-2,KSHV20230720_111207_V06,0,0.308,1.200,31040,1,338400.589,1195,0,326814.807
KSHV20230720-2,KSHV20230720_111207_V06,4,0.879,1.200,31042,0,99323.584,1451,0,95244.956
KSHV20230720-2,KSHV20230720_111207_V06,6,1.318,1.200,31045,0,66039.678,2952,0,64187.341
KSHV20230720-2,KSHV20230720_111207_V06,8,1.802,1.200,15525,0,60571.906,3418,0,54376.463
KSHV20230720-2,KSHV20230720_111207_V06,9,2.417,1.200,15532,0,70607.573,3992,0,58113.205
KSHV20230720-2,KSHV20230720_111207_V06,10,3.120,1.200,15538,0,52988.229,4239,0,41675.139
KSHV20230720-2,KSHV20230720_111207_V06,11,3.999,1.200,15558,0,36901.503,3412,0,28624.032
KSHV20230720-2,KSHV20230720_111207_V06,12,5.098,1.200,15585,0,12066.950,3372,0,6458.349
KSHV20230720-2,KSHV20230720_111207_V06,13,6.416,1.200,15629,0,4115.878,2796,0,1948.828
KSHV20230720-2,KSHV20230720_112034_V06,0,0.308,1.200,53548,0,240916.827,2593,0,227550.981
KSHV20230720-2,KSHV20230720_112034_V06,4,0.879,1.200,53557,0,55306.868,3706,0,51515.348
KSHV20230720-2,KSHV20230720_112034_V06,6,1.318,1.200,53567,0,40606.391,6760,0,38204.539
KSHV20230720-2,KSHV20230720_112034_V06,8,1.802,1.200,26807,0,37574.049,6327,0,30636.252
KSHV20230720-2,KSHV20230720_112034_V06,9,2.417,1.200,26816,0,42050.955,6880,0,33151.260
KSHV20230720-2,KSHV20230720_112034_V06,10,3.120,1.200,26831,0,37963.920,7263,0,31814.881
KSHV20230720-2,KSHV20230720_112034_V06,11,3.999,1.200,26854,0,30775.064,6737,0,24623.599
KSHV20230720-2,KSHV20230720_112034_V06,12,5.098,1.200,26900,0,16917.930,6370,0,11781.211
KSHV20230720-2,KSHV20230720_112034_V06,13,6.416,1.200,26978,0,8242.249,5639,0,3501.715
KSHV20230720-2,KSHV20230720_112855_V06,0,0.308,1.200,73539,1,239417.448,3931,1,223448.342
KSHV20230720-2,KSHV20230720_112855_V06,4,0.879,1.200,73545,0,63641.864,6608,0,57277.227
KSHV20230720-2,KSHV20230720_112855_V06,6,1.318,1.200,73554,0,38824.236,10268,0,34773.820
KSHV20230720-2,KSHV20230720_112855_V06,8,1.802,1.200,36782,0,21644.775,7807,0,16557.408
KSHV20230720-2,KSHV20230720_112855_V06,9,2.417,1.200,36802,0,24157.729,8573,0,18122.472
KSHV20230720-2,KSHV20230720_112855_V06,10,3.120,1.200,36841,0,36471.483,9410,0,28955.353
KSHV20230720-2,KSHV20230720_112855_V06,11,3.999,1.200,36883,0,27920.694,9084,0,21323.427
KSHV20230720-2,KSHV20230720_112855_V06,12,5.098,1.200,36937,0,19636.552,8607,0,12820.354
KSHV20230720-2,KSHV20230720_112855_V06,13,6.416,1.200,37045,0,12493.794,7916,0,7321.058
KSHV20230720-2,KSHV20230720_113717_V06,0,0.308,1.200,93859,2,227081.614,5370,1,208826.352
KSHV20230720-2,KSHV20230720_113717_V06,4,0.879,1.200,93867,1,58309.261,9194,1,50982.629
KSHV20230720-2,KSHV20230720_113717_V06,6,1.318,1.200,93888,0,36207.058,15034,0,30624.580
KSHV20230720-2,KSHV20230720_113717_V06,8,1.802,1.200,46959,0,18629.946,11005,0,11940.370
KSHV20230720-2,KSHV20230720_113717_V06,9,2.417,1.200,46983,0,12011.521,11554,0,7119.077
KSHV20230720-2,KSHV20230720_113717_V06,10,3.120,1.200,47011,0,13622.797,12763,0,9250.937
KSHV20230720-2,KSHV20230720_113717_V06,11,3.999,1.200,47050,0,18246.499,12408,0,12781.779
KSHV20230720-2,KSHV20230720_113717_V06,12,5.098,1.200,47138,0,24847.190,11527,0,16604.888
KSHV20230720-2,KSHV20230720_113717_V06,13,6.416,1.200,47249,0,15970.110,10659,0,9503.643
KSHV20230720-4,KSHV20230720_110342_V06,0,0.308,1.200,1452,0,23682.464,26,0,23508.870
KSHV20230720-4,KSHV20230720_110342_V06,4,0.879,1.200,1451,0,440.022,94,0,419.866
KSHV20230720-4,KSHV20230720_110342_V06,6,1.318,1.200,1451,0,88.270,418,0,58.551
KSHV20230720-4,KSHV20230720_110342_V06,8,1.802,1.200,727,0,15.347,43,0,9.302
KSHV20230720-4,KSHV20230720_110342_V06,9,2.417,1.200,728,0,3.157,19,0,1.524
KSHV20230720-4,KSHV20230720_110342_V06,10,3.120,1.200,725,0,4.067,18,0,2.746
KSHV20230720-4,KSHV20230720_110342_V06,11,3.999,1.200,730,0,0.659,2,0,0.601
KSHV20230720-4,KSHV20230720_110342_V06,12,5.098,1.200,730,0,4.176,22,0,2.231
KSHV20230720-4,KSHV20230720_110342_V06,13,6.416,1.200,733,0,9.978,98,0,4.276
KSHV20230720-5,KSHV20230720_111207_V06,0,0.308,1.200,2134,0,10966.371,879,0,10333.174
KSHV20230720-5,KSHV20230720_111207_V06,4,0.879,1.200,2136,0,323.390,197,0,259.537
KSHV20230720-5,KSHV20230720_111207_V06,6,1.318,1.200,2134,0,3.822,2,0,3.523
KSHV20230720-5,KSHV20230720_111207_V06,8,1.802,1.200,1067,0,1.873,0,0,1.873
KSHV20230720-5,KSHV20230720_111207_V06,9,2.417,1.200,1068,0,1.876,0,0,1.876
KSHV20230720-5,KSHV20230720_111207_V06,10,3.120,1.200,1072,0,1.886,0,0,1.886
KSHV20230720-5,KSHV20230720_111207_V06,11,3.999,1.200,1076,0,1.895,0,0,1.895
KSHV20230720-7,KSHV20230720_112855_V06,0,0.308,1.200,3427,0,346108.663,213,0,325115.122
KSHV20230720-7,KSHV20230720_112855_V06,4,0.879,1.200,3424,0,63392.251,388,0,30551.999
KSHV20230720-7,KSHV20230720_112855_V06,6,1.318,1.200,3429,0,55166.457,617,0,10329.256
KSHV20230721-1,KSHV20230721_110628_V06,0,0.308,1.200,9263,11,358405.839,288,9,350631.731
KSHV20230721-1,KSHV20230721_110628_V06,4,0.879,1.200,9262,0,192137.413,149,0,190359.466
KSHV20230721-1,KSHV20230721_110628_V06,6,1.318,1.200,9264,0,93933.717,574,0,92822.744
KSHV20230721-1,KSHV20230721_110628_V06,8,1.802,1.200,4634,0,50668.234,722,0,45851.780
KSHV20230721-1,KSHV20230721_110628_V06,9,2.417,1.200,4637,0,38207.435,730,0,30458.309
KSHV20230721-1,KSHV20230721_110628_V06,10,3.120,1.200,4640,0,28723.202,732,0,22015.140
KSHV20230721-1,KSHV20230721_110628_V06,11,3.999,1.200,4640,0,8721.152,581,0,5079.176
KSHV20230721-1,KSHV20230721_110628_V06,12,5.098,1.200,4644,0,677.359,349,0,412.645
KSHV20230721-1,KSHV20230721_110628_V06,13,6.416,1.200,4651,0,45.683,206,0,24.049
KSHV20230721-1,KSHV20230721_111509_V06,0,0.308,1.200,27223,0,423238.057,926,0,412773.509
KSHV20230721-1,KSHV20230721_111509_V06,4,0.879,1.200,27227,0,117681.380,1413,0,113536.026
KSHV20230721-1,KSHV20230721_111509_V06,6,1.318,1.200,27238,0,53681.372,2779,0,51520.088
KSHV20230721-1,KSHV20230721_111509_V06,8,1.802,1.200,13617,0,38386.406,2549,0,31996.805
KSHV20230721-1,KSHV20230721_111509_V06,9,2.417,1.200,13618,0,40564.022,2663,0,31937.355
KSHV20230721-1,KSHV20230721_111509_V06,10,3.120,1.200,13632,0,45441.485,2794,0,35811.552
KSHV20230721-1,KSHV20230721_111509_V06,11,3.999,1.200,13647,0,43630.036,2451,0,34312.468
KSHV20230721-1,KSHV20230721_111509_V06,12,5.098,1.200,13674,0,13614.360,2129,0,7942.069
KSHV20230721-1,KSHV20230721_111509_V06,13,6.416,1.200,13702,0,1885.009,1711,0,649.359
KSHV20230721-1,KSHV20230721_112349_V06,0,0.308,1.200,42702,0,358654.732,1508,0,345219.643
KSHV20230721-1,KSHV20230721_112349_V06,4,0.879,1.200,42704,0,76546.210,2515,0,71901.881
KSHV20230721-1,KSHV20230721_112349_V06,6,1.318,1.200,42709,0,44518.624,4821,0,42070.857
KSHV20230721-1,KSHV20230721_112349_V06,8,1.802,1.200,21363,0,34936.817,4166,0,27727.676
KSHV20230721-1,KSHV20230721_112349_V06,9,2.417,1.200,21374,0,38568.018,4835,0,30549.465
KSHV20230721-1,KSHV20230721_112349_V06,10,3.120,1.200,21388,0,41082.173,4936,0,32516.098
KSHV20230721-1,KSHV20230721_112349_V06,11,3.999,1.200,21406,0,47515.777,4490,0,34893.095
KSHV20230721-1,KSHV20230721_112349_V06,12,5.098,1.200,21440,0,24561.572,4086,0,16856.298
KSHV20230721-1,KSHV20230721_112349_V06,13,6.416,1.200,21498,0,6859.474,3446,0,2603.969
KSHV20230721-1,KSHV20230721_113230_V06,0,0.308,1.200,60145,0,289003.513,2701,0,275193.616
KSHV20230721-1,KSHV20230721_113230_V06,4,0.879,1.200,60155,0,54360.557,4857,0,49267.716
KSHV20230721-1,KSHV20230721_113230_V06,6,1.318,1.200,60162,0,41287.255,8374,0,36563.990
KSHV20230721-1,KSHV20230721_113230_V06,8,1.802,1.200,30086,0,38190.589,6927,0,30450.216
KSHV20230721-1,KSHV20230721_113230_V06,9,2.417,1.200,30099,0,34581.227,7515,0,25747.024
KSHV20230721-1,KSHV20230721_113230_V06,10,3.120,1.200,30130,0,37836.448,7873,0,28840.443
KSHV20230721-1,KSHV20230721_113230_V06,11,3.999,1.200,30163,0,37368.919,7265,0,27952.596
KSHV20230721-1,KSHV20230721_113230_V06,12,5.098,1.200,30208,0,19331.736,6436,0,13292.099
KSHV20230721-1,KSHV20230721_113230_V06,13,6.416,1.200,30304,0,10039.001,5867,0,4686.493
KSHV20230721-1,KSHV20230721_114110_V06,0,0.308,1.200,106773,0,277995.002,7793,0,255863.330
KSHV20230721-1,KSHV20230721_114110_V06,4,0.879,1.200,106791,0,71737.072,14031,0,59916.571
KSHV20230721-1,KSHV20230721_114110_V06,6,1.318,1.200,106801,0,58220.087,20023,0,47417.611
KSHV20230721-1,KSHV20230721_114110_V06,8,1.802,1.200,53425,0,44400.704,12995,0,33148.058
KSHV20230721-1,KSHV20230721_114110_V06,9,2.417,1.200,53452,0,33678.188,12803,0,23900.759
KSHV20230721-1,KSHV20230721_114110_V06,10,3.120,1.200,53486,0,45400.580,14099,0,32414.643
KSHV20230721-1,KSHV20230721_114110_V06,11,3.999,1.200,53538,0,33414.324,13180,0,24023.914
KSHV20230721-1,KSHV20230721_114110_V06,12,5.098,1.200,53632,0,18074.942,12189,0,10168.046
KSHV20230721-1,KSHV20230721_114110_V06,13,6.416,1.200,53780,0,9355.975,10537,0,3676.265
KSHV20230721-4,KSHV20230721_111509_V06,0,0.308,1.200,460,0,8670.972,57,0,6547.168
KSHV20230721-4,KSHV20230721_111509_V06,4,0.879,1.200,460,0,7172.633,83,0,4637.238
KSHV20230721-4,KSHV20230721_111509_V06,6,1.318,1.200,460,0,845.912,36,0,281.679
KSHV20230721-4,KSHV20230721_112349_V06,0,0.308,1.200,1649,0,152282.173,408,0,116829.786
KSHV20230721-4,KSHV20230721_112349_V06,4,0.879,1.200,1648,0,26408.077,393,0,17147.729
KSHV20230721-4,KSHV20230721_112349_V06,6,1.318,1.200,1653,0,3526.421,69,0,1064.036
KSHV20230721-4,KSHV20230721_113230_V06,0,0.308,1.200,1812,0,226545.488,391,0,182803.818
KSHV20230721-4,KSHV20230721_113230_V06,4,0.879,1.200,1809,0,50205.283,573,0,36764.073
KSHV20230721-4,KSHV20230721_113230_V06,6,1.318,1.200,1810,0,7043.761,119,0,1348.716
KSHV20230721-2,KSHV20230721_110628_V06,0,0.308,1.200,69,0,5617.384,1,0,5616.655
KSHV20230721-2,KSHV20230721_110628_V06,4,0.879,1.200,68,0,2289.865,2,0,2288.187
KSHV20230721-2,KSHV20230721_110628_V06,6,1.318,1.200,68,0,11.686,6,0,9.807
KSHV20230721-2,KSHV20230721_110628_V06,8,1.802,1.200,23,0,0.037,0,0,0.037
KSHV20230721-2,KSHV20230721_110628_V06,9,2.417,1.200,24,0,0.038,0,0,0.038
KSHV20230721-2,KSHV20230721_110628_V06,10,3.120,1.200,24,0,0.038,0,0,0.038
KSHV20230721-2,KSHV20230721_110628_V06,11,3.999,1.200,24,0,0.038,0,0,0.038
KSHV20230722-5,KSHV20230722_110412_V06,0,0.308,1.200,5451,31,367551.585,295,31,360318.539
KSHV20230722-5,KSHV20230722_110412_V06,4,0.879,1.200,5453,0,30185.505,425,0,29247.952
KSHV20230722-5,KSHV20230722_110412_V06,6,1.318,1.200,5453,0,10526.952,736,0,9105.234
KSHV20230722-5,KSHV20230722_110412_V06,8,1.802,1.200,2727,0,11646.512,362,0,9037.348
KSHV20230722-5,KSHV20230722_110412_V06,9,2.417,1.200,2728,0,4692.007,451,0,2148.012
KSHV20230722-5,KSHV20230722_110412_V06,10,3.120,1.200,2735,0,244.875,346,0,170.713
KSHV20230722-5,KSHV20230722_110412_V06,11,3.999,1.200,2736,0,13.906,264,0,5.561
KSHV20230722-5,KSHV20230722_110412_V06,12,5.098,1.200,2738,0,12.251,258,0,8.961
KSHV20230722-5,KSHV20230722_110412_V06,13,6.416,1.200,2746,0,16.046,464,0,7.289
KSHV20230722-5,KSHV20230722_110945_V06,0,0.308,1.200,15243,16,500737.470,1282,13,493908.518
KSHV20230722-5,KSHV20230722_110945_V06,4,0.879,1.200,15246,0,22813.555,2194,0,22029.205
KSHV20230722-5,KSHV20230722_110945_V06,6,1.318,1.200,15248,0,3217.733,3220,0,2547.287
KSHV20230722-5,KSHV20230722_110945_V06,8,1.802,1.200,7629,0,6652.642,1322,0,4422.623
KSHV20230722-5,KSHV20230722_110945_V06,9,2.417,1.200,7632,0,10375.392,1269,0,5512.464
KSHV20230722-5,KSHV20230722_110945_V06,10,3.120,1.200,7637,0,6690.750,1052,0,3926.016
KSHV20230722-5,KSHV20230722_110945_V06,11,3.999,1.200,7642,0,477.135,665,0,230.848
KSHV20230722-5,KSHV20230722_110945_V06,12,5.098,1.200,7654,0,42.490,781,0,21.898
KSHV20230722-5,KSHV20230722_110945_V06,13,6.416,1.200,7664,0,79.404,1121,0,18.293
KSHV20230722-5,KSHV20230722_111450_V06,0,0.308,1.200,25824,8,463766.763,1834,7,452828.352
KSHV20230722-5,KSHV20230722_111450_V06,4,0.879,1.200,25831,0,18735.659,3252,0,17093.954
KSHV20230722-5,KSHV20230722_111450_V06,6,1.318,1.200,25839,0,1739.514,5357,0,1285.684
KSHV20230722-5,KSHV20230722_111450_V06,8,1.802,1.200,12927,0,3152.917,2381,0,1723.644
KSHV20230722-5,KSHV20230722_111450_V06,9,2.417,1.200,12935,0,10073.655,2536,0,6072.467
KSHV20230722-5,KSHV20230722_111450_V06,10,3.120,1.200,12941,0,11982.087,2437,0,6568.212
KSHV20230722-5,KSHV20230722_111450_V06,11,3.999,1.200,12947,0,1494.244,1713,0,785.073
KSHV20230722-5,KSHV20230722_111450_V06,12,5.098,1.200,12976,0,209.723,1610,0,88.521
KSHV20230722-5,KSHV20230722_111450_V06,13,6.416,1.200,13002,0,99.658,1776,0,28.944
KSHV20230722-5,KSHV20230722_112007_V06,0,0.308,1.200,33823,2,502083.604,2066,2,487744.340
KSHV20230722-5,KSHV20230722_112007_V06,4,0.879,1.200,33824,0,38983.298,3811,0,34895.530
KSHV20230722-5,KSHV20230722_112007_V06,6,1.318,1.200,33832,0,4962.520,7591,0,3652.541
KSHV20230722-5,KSHV20230722_112007_V06,8,1.802,1.200,16918,0,1180.781,3433,0,708.852
KSHV20230722-5,KSHV20230722_112007_V06,9,2.417,1.200,16930,0,4068.707,3614,0,1992.027
KSHV20230722-5,KSHV20230722_112007_V06,10,3.120,1.200,16944,0,9741.539,3900,0,4859.489
KSHV20230722-5,KSHV20230722_112007_V06,11,3.999,1.200,16956,0,2936.184,3096,0,1752.395
KSHV20230722-5,KSHV20230722_112007_V06,12,5.098,1.200,16984,0,489.359,2851,0,216.307
KSHV20230722-5,KSHV20230722_112007_V06,13,6.416,1.200,17036,0,205.749,2526,0,87.778
KSHV20230722-5,KSHV20230722_112524_V06,0,0.308,1.200,44909,4,567212.232,3183,2,547084.127
KSHV20230722-5,KSHV20230722_112524_V06,4,0.879,1.200,44917,1,72813.456,5516,1,65932.150
KSHV20230722-5,KSHV20230722_112524_V06,6,1.318,1.200,44920,0,14681.905,10474,0,12034.335
KSHV20230722-5,KSHV20230722_112524_V06,8,1.802,1.200,22466,0,2618.247,4962,0,1854.657
KSHV20230722-5,KSHV20230722_112524_V06,9,2.417,1.200,22472,0,2215.700,5084,0,1206.647
KSHV20230722-5,KSHV20230722_112524_V06,10,3.120,1.200,22482,0,7068.987,5317,0,3616.576
KSHV20230722-5,KSHV20230722_112524_V06,11,3.999,1.200,22509,0,3262.674,4883,0,1748.389
KSHV20230722-5,KSHV20230722_112524_V06,12,5.098,1.200,22550,0,667.623,4140,0,354.253
KSHV20230722-5,KSHV20230722_112524_V06,13,6.416,1.200,22615,0,257.713,3520,0,60.590
KSHV20230722-5,KSHV20230722_113035_V06,0,0.308,1.200,52120,1,576950.839,3842,0,554664.681
KSHV20230722-5,KSHV20230722_113035_V06,4,0.879,1.200,52127,5,106883.666,5908,5,98151.572
KSHV20230722-5,KSHV20230722_113035_V06,6,1.318,1.200,52137,0,27230.726,12669,0,22649.205
KSHV20230722-5,KSHV20230722_113035_V06,8,1.802,1.200,26078,1,8271.140,6243,0,6120.664
KSHV20230722-5,KSHV20230722_113035_V06,9,2.417,1.200,26088,0,2512.915,6271,0,1377.832
KSHV20230722-5,KSHV20230722_113035_V06,10,3.120,1.200,26101,0,3155.276,6585,0,1760.028
KSHV20230722-5,KSHV20230722_113035_V06,11,3.999,1.200,26136,0,1645.567,6146,0,942.849
KSHV20230722-5,KSHV20230722_113035_V06,12,5.098,1.200,26190,0,857.921,5318,0,488.515
KSHV20230722-5,KSHV20230722_113035_V06,13,6.416,1.200,26269,0,221.223,4198,0,101.268
KSHV20230722-5,KSHV20230722_113559_V06,0,0.308,1.200,63627,8,634102.814,4739,8,610257.216
KSHV20230722-5,KSHV20230722_113559_V06,4,0.879,1.200,63640,3,130175.104,7763,2,121418.488
KSHV20230722-5,KSHV20230722_113559_V06,6,1.318,1.200,63657,0,33899.927,15818,0,27615.891
KSHV20230722-5,KSHV20230722_113559_V06,8,1.802,1.200,31821,0,7799.041,8236,0,5467.805
KSHV20230722-5,KSHV20230722_113559_V06,9,2.417,1.200,31834,0,1889.382,7996,0,972.548
KSHV20230722-5,KSHV20230722_113559_V06,10,3.120,1.200,31854,0,2462.769,8273,0,1170.316
KSHV20230722-5,KSHV20230722_113559_V06,11,3.999,1.200,31898,0,1972.999,7225,0,1155.251
KSHV20230722-5,KSHV20230722_113559_V06,12,5.098,1.200,31952,0,925.125,6368,0,345.084
KSHV20230722-5,KSHV20230722_113559_V06,13,6.416,1.200,32048,0,252.527,5156,0,84.410
KSHV20230722-5,KSHV20230722_114109_V06,0,0.308,1.200,71930,0,618209.565,5109,0,596950.611
KSHV20230722-5,KSHV20230722_114109_V06,4,0.879,1.200,71937,4,138877.022,8643,2,129121.078
KSHV20230722-5,KSHV20230722_114109_V06,6,1.318,1.200,71945,1,36670.271,18385,1,29363.136
KSHV20230722-5,KSHV20230722_114109_V06,8,1.802,1.200,35991,1,8683.609,9609,1,5890.103
KSHV20230722-5,KSHV20230722_114109_V06,9,2.417,1.200,36005,0,2134.949,9606,0,1084.622
KSHV20230722-5,KSHV20230722_114109_V06,10,3.120,1.200,36026,0,2098.524,9312,0,933.382
KSHV20230722-5,KSHV20230722_114109_V06,11,3.999,1.200,36067,0,1648.812,7985,0,882.988
KSHV20230722-5,KSHV20230722_114109_V06,12,5.098,1.200,36123,0,1290.636,6915,0,498.717
KSHV20230722-5,KSHV20230722_114109_V06,13,6.416,1.200,36233,0,205.097,5530,0,63.788
KSHV20230722-5,KSHV20230722_114109_V06,14,7.998,1.200,36361,0,203.802,9065,0,71.924
KSHV20230722-5,KSHV20230722_114647_V06,0,0.308,1.200,84136,2,667948.005,6153,2,642680.910
KSHV20230722-5,KSHV20230722_114647_V06,4,0.879,1.200,84146,0,162387.726,10893,0,150847.164
KSHV20230722-5,KSHV20230722_114647_V06,6,1.318,1.200,84171,1,44047.750,21794,1,33895.384
KSHV20230722-5,KSHV20230722_114647_V06,8,1.802,1.200,42092,0,11080.116,11405,0,7284.404
KSHV20230722-5,KSHV20230722_114647_V06,9,2.417,1.200,42110,0,3377.382,11185,0,1875.725
KSHV20230722-5,KSHV20230722_114647_V06,10,3.120,1.200,42142,0,2010.804,10539,0,925.721
KSHV20230722-5,KSHV20230722_114647_V06,11,3.999,1.200,42175,0,1740.938,8775,0,828.662
KSHV20230722-5,KSHV20230722_114647_V06,12,5.098,1.200,42262,0,1235.673,7711,0,574.671
KSHV20230722-5,KSHV20230722_114647_V06,13,6.416,1.200,42384,0,393.969,6257,0,144.169
KSHV20230722-5,KSHV20230722_115220_V06,0,0.308,1.200,94899,1,676811.213,6753,1,654048.101
KSHV20230722-5,KSHV20230722_115220_V06,4,0.879,1.200,94912,0,182747.694,12548,0,167326.756
KSHV20230722-5,KSHV20230722_115220_V06,6,1.318,1.200,94929,1,52252.762,24990,0,39460.123
KSHV20230722-5,KSHV20230722_115220_V06,8,1.802,1.200,47481,0,11892.288,12430,0,7261.378
KSHV20230722-5,KSHV20230722_115220_V06,9,2.417,1.200,47497,0,3384.303,12079,0,1534.085
KSHV20230722-5,KSHV20230722_115220_V06,10,3.120,1.200,47541,0,2204.412,11089,0,943.454
KSHV20230722-5,KSHV20230722_115220_V06,11,3.999,1.200,47587,0,2102.746,9526,0,977.717
KSHV20230722-5,KSHV20230722_115220_V06,12,5.098,1.200,47670,0,1255.504,8137,0,445.227
KSHV20230722-5,KSHV20230722_115220_V06,13,6.416,1.200,47791,0,397.404,6734,0,135.505
KSHV20230722-5,KSHV20230722_115220_V06,14,7.998,1.200,47973,0,359.713,11624,0,134.056
KSHV20230722-5,KSHV20230722_120309_V06,0,0.308,1.200,117167,0,855892.086,8390,0,818259.074
KSHV20230722-5,KSHV20230722_120309_V06,4,0.879,1.200,117194,0,228870.103,17624,0,205430.360
KSHV20230722-5,KSHV20230722_120309_V06,6,1.318,1.200,117211,0,73372.220,29547,0,54847.942
KSHV20230722-5,KSHV20230722_120309_V06,8,1.802,1.200,58622,0,17723.375,13951,0,11208.848
KSHV20230722-5,KSHV20230722_120309_V06,9,2.417,1.200,58648,0,5529.543,13630,0,2468.042
KSHV20230722-5,KSHV20230722_120309_V06,10,3.120,1.200,58690,0,3271.788,12383,0,1260.406
KSHV20230722-5,KSHV20230722_120309_V06,11,3.999,1.200,58752,0,2684.262,10352,0,1105.231
KSHV20230722-5,KSHV20230722_120309_V06,12,5.098,1.200,58857,0,1456.841,8815,0,514.296
KSHV20230722-5,KSHV20230722_120309_V06,13,6.416,1.200,59010,0,529.005,7270,0,212.245
KSHV20230722-5,KSHV20230722_120309_V06,14,7.998,1.200,59245,0,451.252,12319,0,160.052
KSHV20230722-10,KSHV20230722_110945_V06,0,0.308,1.200,296,0,5551.602,34,0,4807.601
KSHV20230722-10,KSHV20230722_110945_V06,4,0.879,1.200,295,0,10.961,0,0,10.961
KSHV20230722-10,KSHV20230722_110945_V06,6,1.318,1.200,297,0,0.909,0,0,0.909
KSHV20230722-10,KSHV20230722_110945_V06,8,1.802,1.200,146,0,0.893,0,0,0.893
KSHV20230722-10,KSHV20230722_111450_V06,0,0.308,1.200,623,0,17079.102,87,0,15916.342
KSHV20230722-10,KSHV20230722_111450_V06,4,0.879,1.200,621,0,97.400,10,0,38.471
KSHV20230722-10,KSHV20230722_111450_V06,6,1.318,1.200,621,0,33.602,1,0,24.549
KSHV20230722-10,KSHV20230722_111450_V06,8,1.802,1.200,312,0,1.915,0,0,1.915
KSHV20230722-10,KSHV20230722_112007_V06,0,0.308,1.200,870,0,21033.238,105,0,18464.021
KSHV20230722-10,KSHV20230722_112007_V06,4,0.879,1.200,868,0,91.974,5,0,43.713
KSHV20230722-10,KSHV20230722_112007_V06,6,1.318,1.200,867,0,57.185,1,0,47.744
KSHV20230722-10,KSHV20230722_112007_V06,8,1.802,1.200,435,0,2.665,0,0,2.665
KSHV20230722-10,KSHV20230722_112524_V06,0,0.308,1.200,1712,0,26436.257,278,0,21917.941
KSHV20230722-10,KSHV20230722_112524_V06,4,0.879,1.200,1712,0,271.155,28,0,133.488
KSHV20230722-10,KSHV20230722_112524_V06,6,1.318,1.200,1717,0,86.645,6,0,43.334
KSHV20230722-10,KSHV20230722_112524_V06,8,1.802,1.200,858,0,5.147,0,0,5.147
KSHV20230722-20,KSHV20230722_113035_V06,0,0.308,1.200,2906,0,23104.418,330,0,14658.372
KSHV20230722-20,KSHV20230722_113035_V06,4,0.879,1.200,2911,0,763.558,32,0,246.648
KSHV20230722-20,KSHV20230722_113035_V06,6,1.318,1.200,2907,0,55.043,2,0,33.877
KSHV20230722-20,KSHV20230722_113559_V06,0,0.308,1.200,4988,0,76132.168,668,0,58703.050
KSHV20230722-20,KSHV20230722_113559_V06,4,0.879,1.200,4981,0,5100.976,196,0,2480.846
KSHV20230722-20,KSHV20230722_113559_V06,6,1.318,1.200,4986,0,89.741,2,0,76.661
KSHV20230722-20,KSHV20230722_114109_V06,0,0.308,1.200,6083,0,82613.066,818,0,65554.039
KSHV20230722-20,KSHV20230722_114109_V06,4,0.879,1.200,6086,0,11624.883,428,0,6315.592
KSHV20230722-20,KSHV20230722_114109_V06,6,1.318,1.200,6091,0,241.003,11,0,137.873
KSHV20230722-20,KSHV20230722_114647_V06,0,0.308,1.200,7790,0,92898.423,1027,0,71444.143
KSHV20230722-20,KSHV20230722_114647_V06,4,0.879,1.200,7792,0,29364.993,735,0,17615.895
KSHV20230722-20,KSHV20230722_114647_V06,6,1.318,1.200,7794,0,1823.741,110,0,857.737
KSHV20230722-20,KSHV20230722_115220_V06,0,0.308,1.200,5655,0,90269.480,685,0,75518.686
KSHV20230722-20,KSHV20230722_115220_V06,4,0.879,1.200,5663,0,44234.348,563,0,33119.405
KSHV20230722-20,KSHV20230722_115220_V06,6,1.318,1.200,5665,0,3369.484,146,0,1804.277
KSHV20230722-20,KSHV20230722_120309_V06,0,0.308,1.200,9604,0,100198.188,1112,0,76784.280
KSHV20230722-20,KSHV20230722_120309_V06,4,0.879,1.200,9614,0,67040.617,956,0,46363.884
KSHV20230722-20,KSHV20230722_120309_V06,6,1.318,1.200,9615,0,12422.473,427,0,7692.957
KSHV20230722-6,KSHV20230722_110412_V06,0,0.308,1.200,2709,171,4531374.961,984,1,128189.756
KSHV20230722-6,KSHV20230722_110412_V06,4,0.879,1.200,2708,119,3819428.585,793,1,65641.357
KSHV20230722-6,KSHV20230722_110412_V06,6,1.318,1.200,2710,104,3904456.130,804,0,23183.254
KSHV20230722-6,KSHV20230722_110412_V06,8,1.802,1.200,1348,38,3194434.044,329,0,2034.945
KSHV20230722-6,KSHV20230722_110945_V06,0,0.308,1.200,4591,141,4582385.836,1141,0,23439.185
KSHV20230722-6,KSHV20230722_110945_V06,4,0.879,1.200,4594,141,4713378.604,1060,0,10830.882
KSHV20230722-6,KSHV20230722_110945_V06,6,1.318,1.200,4593,130,4437871.006,1043,0,4207.154
KSHV20230722-6,KSHV20230722_110945_V06,8,1.802,1.200,2308,44,2480328.164,302,4,406832.714
KSHV20230722-6,KSHV20230722_111450_V06,0,0.308,1.200,6918,132,5406206.242,1489,1,31019.034
KSHV20230722-6,KSHV20230722_111450_V06,4,0.879,1.200,6914,136,4135358.625,1207,0,42035.156
KSHV20230722-6,KSHV20230722_111450_V06,6,1.318,1.200,6915,121,4020275.321,1111,0,807.584
KSHV20230722-6,KSHV20230722_111450_V06,8,1.802,1.200,3468,26,2967162.770,371,0,2655.252
KSHV20230722-6,KSHV20230722_112007_V06,0,0.308,1.200,1937,101,3905706.485,1018,0,1590.883
KSHV20230722-6,KSHV20230722_112007_V06,4,0.879,1.200,1938,72,3083172.361,880,0,855.604
KSHV20230722-6,KSHV20230722_112007_V06,6,1.318,1.200,1939,47,2386924.797,821,0,13857.197
KSHV20230722-6,KSHV20230722_112007_V06,8,1.802,1.200,968,5,1358768.327,263,0,845.864
KSHV20230722-6,KSHV20230722_112524_V06,0,0.308,1.200,3814,68,4036229.210,1531,0,6220.771
KSHV20230722-6,KSHV20230722_112524_V06,4,0.879,1.200,3810,34,3372728.783,1072,0,626.467
KSHV20230722-6,KSHV20230722_112524_V06,6,1.318,1.200,3812,25,2410711.586,944,0,611.043
KSHV20230722-6,KSHV20230722_112524_V06,8,1.802,1.200,1911,2,1441430.657,265,0,11093.456
KSHV20230722-7,KSHV20230722_110412_V06,0,0.308,1.200,1011,0,208895.791,220,0,351.266
KSHV20230722-7,KSHV20230722_110412_V06,4,0.879,1.200,1014,0,26245.137,168,0,552.008
KSHV20230722-7,KSHV20230722_110412_V06,6,1.318,1.200,1013,0,3104.986,77,0,368.426
KSHV20230722-7,KSHV20230722_110945_V06,0,0.308,1.200,2444,0,38351.871,219,0,599.192
KSHV20230722-7,KSHV20230722_110945_V06,4,0.879,1.200,2443,0,7764.472,135,0,663.095
KSHV20230722-7,KSHV20230722_110945_V06,6,1.318,1.200,2443,0,1867.220,67,0,336.077
KSHV20230722-11,KSHV20230722_110945_V06,0,0.308,1.200,36,0,4101.698,2,0,4091.744
KSHV20230722-11,KSHV20230722_110945_V06,4,0.879,1.200,36,0,46.090,4,0,28.494
KSHV20230722-11,KSHV20230722_110945_V06,6,1.318,1.200,35,0,0.060,0,0,0.060
KSHV20230722-11,KSHV20230722_110945_V06,8,1.802,1.200,23,0,0.078,0,0,0.078
KSHV20230722-11,KSHV20230722_110945_V06,9,2.417,1.200,23,0,0.078,0,0,0.078
KSHV20230722-11,KSHV20230722_111450_V06,0,0.308,1.200,557,0,31882.052,72,0,31460.978
KSHV20230722-11,KSHV20230722_111450_V06,4,0.879,1.200,556,0,345.339,19,0,310.486
KSHV20230722-11,KSHV20230722_111450_V06,6,1.318,1.200,554,0,2.988,0,0,2.988
KSHV20230722-11,KSHV20230722_111450_V06,8,1.802,1.200,276,0,0.933,0,0,0.933
KSHV20230722-11,KSHV20230722_111450_V06,9,2.417,1.200,278,0,0.940,0,0,0.940
KSHV20230722-11,KSHV20230722_112007_V06,0,0.308,1.200,1790,0,69546.642,330,0,67488.656
KSHV20230722-11,KSHV20230722_112007_V06,4,0.879,1.200,1791,0,792.314,53,0,660.073
KSHV20230722-11,KSHV20230722_112007_V06,6,1.318,1.200,1793,0,12.696,1,0,9.951
KSHV20230722-11,KSHV20230722_112007_V06,8,1.802,1.200,853,0,2.880,0,0,2.880
KSHV20230722-11,KSHV20230722_112007_V06,9,2.417,1.200,854,0,20.660,0,0,20.660
KSHV20230722-11,KSHV20230722_112524_V06,0,0.308,1.200,694,0,50742.476,13,0,50538.641
KSHV20230722-11,KSHV20230722_112524_V06,4,0.879,1.200,694,0,750.061,66,0,601.613
KSHV20230722-11,KSHV20230722_112524_V06,6,1.318,1.200,694,0,6.123,1,0,3.898
KSHV20230722-11,KSHV20230722_112524_V06,8,1.802,1.200,345,0,1.109,0,0,1.109
KSHV20230722-11,KSHV20230722_112524_V06,9,2.417,1.200,345,0,1.110,0,0,1.110
KSHV20230722-2,KSHV20230722_104204_V06,0,0.308,1.200,842,24,1892954.580,288,0,590.827
KSHV20230722-2,KSHV20230722_104204_V06,4,0.879,1.200,842,9,1638455.301,231,0,505.629
KSHV20230722-4,KSHV20230722_105308_V06,0,0.308,1.200,4191,199,2239915.298,1808,0,129207.288
KSHV20230722-4,KSHV20230722_105308_V06,4,0.879,1.200,4189,181,2907923.901,957,0,2732.514
KSHV20230722-4,KSHV20230722_105308_V06,6,1.318,1.200,4193,149,3616328.133,879,0,1185.941
KSHV20230722-4,KSHV20230722_105308_V06,8,1.802,1.200,2097,53,3409017.087,249,0,3613.037
KSHV20230722-4,KSHV20230722_110412_V06,0,0.308,1.200,1002,0,2801.234,145,0,498.525
KSHV20230722-4,KSHV20230722_110412_V06,4,0.879,1.200,1006,0,6859.499,73,0,38.498
KSHV20230722-4,KSHV20230722_110412_V06,6,1.318,1.200,1002,0,18717.664,76,0,26.030
KSHV20230722-4,KSHV20230722_110412_V06,8,1.802,1.200,507,0,10710.821,14,0,2.254
KSHV20230722-18,KSHV20230722_113035_V06,0,0.308,1.200,1031,0,155241.175,13,0,154999.822
KSHV20230722-18,KSHV20230722_113035_V06,4,0.879,1.200,1036,0,10679.438,58,0,10542.661
KSHV20230722-18,KSHV20230722_113035_V06,6,1.318,1.200,1037,0,213.855,45,0,169.351
KSHV20230722-18,KSHV20230722_113035_V06,8,1.802,1.200,522,0,1.210,0,0,1.210
KSHV20230722-18,KSHV20230722_113035_V06,9,2.417,1.200,520,0,1.207,0,0,1.207
KSHV20230722-18,KSHV20230722_113035_V06,10,3.120,1.200,520,0,1.208,0,0,1.208
KSHV20230722-19,KSHV20230722_113035_V06,0,0.308,1.200,779,0,25473.338,146,0,24126.702
KSHV20230722-19,KSHV20230722_113035_V06,4,0.879,1.200,780,0,1624.217,177,0,1064.195
KSHV20230722-19,KSHV20230722_113035_V06,6,1.318,1.200,779,0,24.179,3,0,21.289
KSHV20230722-19,KSHV20230722_113035_V06,8,1.802,1.200,388,0,1.152,0,0,1.152
KSHV20230722-19,KSHV20230722_113035_V06,9,2.417,1.200,389,0,1.156,0,0,1.156
KSHV20230722-21,KSHV20230722_114647_V06,0,0.308,1.200,13857,0,64344.197,1309,0,43184.173
KSHV20230722-21,KSHV20230722_114647_V06,4,0.879,1.200,13856,0,24604.435,864,0,13601.265
KSHV20230722-21,KSHV20230722_114647_V06,6,1.318,1.200,13870,0,2621.206,169,0,1374.854
KSHV20230722-28,KSHV20230722_123046_V06,0,0.308,1.200,13992,189,4610972.098,3587,1,135713.918
KSHV20230722-28,KSHV20230722_123046_V06,4,0.879,1.200,13990,173,3578460.708,3177,0,22495.347
KSHV20230722-28,KSHV20230722_123046_V06,6,1.318,1.200,13995,159,3360171.817,2565,2,37837.934
KSHV20230722-28,KSHV20230722_123046_V06,8,1.802,1.200,6994,79,3111524.231,880,1,71263.368
KSHV20230722-28,KSHV20230722_123046_V06,9,2.417,1.200,7001,78,2274671.730,842,0,42390.848
KSHV20230723-1,KSHV20230723_111535_V06,0,0.308,1.200,992,0,37673.653,205,0,28593.725
KSHV20230723-1,KSHV20230723_111535_V06,4,0.879,1.200,992,0,5311.868,84,0,1874.759
KSHV20230723-1,KSHV20230723_111535_V06,6,1.318,1.200,993,0,4.183,0,0,4.183
KSHV20230723-1,KSHV20230723_112053_V06,0,0.308,1.200,1792,0,132085.997,393,0,113323.006
KSHV20230723-1,KSHV20230723_112053_V06,4,0.879,1.200,1793,0,19983.730,192,0,14762.780
KSHV20230723-1,KSHV20230723_112053_V06,6,1.318,1.200,1797,0,140.300,7,0,36.731
KSHV20230723-1,KSHV20230723_112626_V06,0,0.308,1.200,2010,0,542666.028,424,0,480768.002
KSHV20230723-1,KSHV20230723_112626_V06,4,0.879,1.200,2017,0,49400.712,311,0,38557.526
KSHV20230723-1,KSHV20230723_112626_V06,6,1.318,1.200,2010,0,198.175,5,0,66.072
KSHV20230723-1,KSHV20230723_113158_V06,0,0.308,1.200,2723,0,944756.930,568,0,802302.200
KSHV20230723-1,KSHV20230723_113158_V06,4,0.879,1.200,2723,0,74302.904,654,0,52313.743
KSHV20230723-1,KSHV20230723_113158_V06,6,1.318,1.200,2724,0,54.505,4,0,23.453
KSHV20230723-1,KSHV20230723_113731_V06,0,0.308,1.200,3940,0,979897.024,787,0,808766.277
KSHV20230723-1,KSHV20230723_113731_V06,4,0.879,1.200,3946,0,115407.708,1165,0,74576.073
KSHV20230723-1,KSHV20230723_113731_V06,6,1.318,1.200,3941,0,3955.610,85,0,1265.283
KSHV20230723-3,KSHV20230723_113158_V06,0,0.308,1.200,1548,0,117566.521,480,0,91831.689
KSHV20230723-3,KSHV20230723_113158_V06,4,0.879,1.200,1549,0,25645.630,576,0,16861.143
KSHV20230723-3,KSHV20230723_113158_V06,6,1.318,1.200,1550,0,2321.113,220,0,985.865
KSHV20230723-3,KSHV20230723_113158_V06,8,1.802,1.200,780,0,4.800,0,0,4.800
KSHV20230723-3,KSHV20230723_113731_V06,0,0.308,1.200,3280,0,331648.769,1058,0,248227.397
KSHV20230723-3,KSHV20230723_113731_V06,4,0.879,1.200,3283,0,88448.107,1169,0,57666.889
KSHV20230723-3,KSHV20230723_113731_V06,6,1.318,1.200,3285,0,8506.864,689,0,3604.358
KSHV20230723-3,KSHV20230723_113731_V06,8,1.802,1.200,1644,0,91.824,0,0,91.824
KSHV20230723-2,KSHV20230723_111535_V06,0,0.308,1.200,14651,0,1046877.492,2278,0,910487.017
KSHV20230723-2,KSHV20230723_111535_V06,4,0.879,1.200,14659,0,111729.093,1838,0,76825.461
KSHV20230723-2,KSHV20230723_111535_V06,6,1.318,1.200,14667,0,21492.110,821,0,9923.126
KSHV20230723-2,KSHV20230723_111535_V06,8,1.802,1.200,7329,0,1567.302,37,0,952.470
KSHV20230724-2,KSHV20230724_112406_V06,0,0.308,1.200,2614,0,47340.860,249,0,38325.270
KSHV20230724-2,KSHV20230724_112406_V06,4,0.879,1.200,2611,0,24939.960,293,0,15312.263
KSHV20230724-2,KSHV20230724_112406_V06,6,1.318,1.200,2616,0,8122.952,159,0,3695.414
KSHV20230724-2,KSHV20230724_113247_V06,0,0.308,1.200,5346,0,141845.796,521,0,121422.838
KSHV20230724-2,KSHV20230724_113247_V06,4,0.879,1.200,5349,0,100292.507,761,0,49106.662
KSHV20230724-2,KSHV20230724_113247_V06,6,1.318,1.200,5356,0,4347.047,130,0,2142.872
KSHV20230724-2,KSHV20230724_114128_V06,0,0.308,1.200,5656,0,145308.606,696,0,122982.881
KSHV20230724-2,KSHV20230724_114128_V06,4,0.879,1.200,5663,0,209156.163,707,0,65092.809
KSHV20230724-2,KSHV20230724_114128_V06,6,1.318,1.200,5660,0,8721.399,244,0,6489.782
KSHV20230724-2,KSHV20230724_115009_V06,0,0.308,1.200,8367,0,249152.016,1453,0,150219.390
KSHV20230724-2,KSHV20230724_115009_V06,4,0.879,1.200,8366,0,139691.467,1233,0,92149.068
KSHV20230724-2,KSHV20230724_115009_V06,6,1.318,1.200,8371,0,23302.342,456,0,18113.218
KSHV20230724-1,KSHV20230724_104815_V06,0,0.308,1.200,7607,0,161636.739,808,0,147500.260
KSHV20230724-1,KSHV20230724_104815_V06,4,0.879,1.200,7611,0,26292.776,983,0,16203.791
KSHV20230724-1,KSHV20230724_104815_V06,6,1.318,1.200,7607,0,18618.280,885,0,9986.582
KSHV20230724-1,KSHV20230724_104815_V06,8,1.802,1.200,3810,0,330.511,7,0,215.947
KSHV20230724-3,KSHV20230724_112406_V06,0,0.308,1.200,45715,9,568381.472,1529,9,559464.200
KSHV20230724-3,KSHV20230724_112406_V06,4,0.879,1.200,45719,0,69545.764,2465,0,68098.675
KSHV20230724-3,KSHV20230724_112406_V06,6,1.318,1.200,45726,0,61099.364,3624,0,58800.031
KSHV20230724-3,KSHV20230724_112406_V06,8,1.802,1.200,22861,0,40868.118,4297,0,35284.356
KSHV20230724-3,KSHV20230724_112406_V06,9,2.417,1.200,22877,0,41453.150,4774,0,34316.252
KSHV20230724-3,KSHV20230724_112406_V06,10,3.120,1.200,22892,0,48101.362,5530,0,38776.798
KSHV20230724-3,KSHV20230724_112406_V06,11,3.999,1.200,22917,0,42543.846,5719,0,34954.753
KSHV20230724-3,KSHV20230724_112406_V06,12,5.098,1.200,22960,0,14127.769,5557,0,10628.262
KSHV20230724-3,KSHV20230724_112406_V06,13,6.416,1.200,23011,0,4246.074,5108,0,2598.688
KSHV20230725-1,KSHV20230725_105007_V06,0,0.308,1.200,1989,9,74587.396,113,9,73181.107
KSHV20230725-1,KSHV20230725_105007_V06,4,0.879,1.200,1990,2,155937.878,139,2,155519.730
KSHV20230725-1,KSHV20230725_105007_V06,6,1.318,1.200,1987,0,112105.958,108,0,111268.601
KSHV20230725-1,KSHV20230725_105007_V06,8,1.802,1.200,996,0,47626.752,101,0,43967.302
KSHV20230725-1,KSHV20230725_105007_V06,9,2.417,1.200,992,0,6918.100,187,0,5833.475
KSHV20230725-1,KSHV20230725_105007_V06,10,3.120,1.200,993,0,173.081,236,0,82.073
KSHV20230725-1,KSHV20230725_105007_V06,11,3.999,1.200,997,0,15.302,310,0,5.719
KSHV20230725-1,KSHV20230725_105007_V06,12,5.098,1.200,997,0,9.197,256,0,3.854
KSHV20230725-1,KSHV20230725_105007_V06,13,6.416,1.200,996,0,12.823,258,0,6.259
KSHV20230725-1,KSHV20230725_110730_V06,0,0.308,1.200,13012,0,201463.574,569,0,195532.357
KSHV20230725-1,KSHV20230725_110730_V06,4,0.879,1.200,13011,0,129837.412,667,0,126246.033
KSHV20230725-1,KSHV20230725_110730_V06,6,1.318,1.200,13012,0,76582.920,1146,0,74976.802
KSHV20230725-1,KSHV20230725_110730_V06,8,1.802,1.200,6505,0,43689.788,1170,0,37066.009
KSHV20230725-1,KSHV20230725_110730_V06,9,2.417,1.200,6508,0,27275.860,1168,0,21864.431
KSHV20230725-1,KSHV20230725_110730_V06,10,3.120,1.200,6512,0,18009.775,1436,0,12697.423
KSHV20230725-1,KSHV20230725_110730_V06,11,3.999,1.200,6517,0,3788.249,1087,0,2625.238
KSHV20230725-1,KSHV20230725_110730_V06,12,5.098,1.200,6532,0,1785.651,1210,0,1153.810
KSHV20230725-1,KSHV20230725_110730_V06,13,6.416,1.200,6552,0,1582.204,1374,0,767.348
KSHV20230725-1,KSHV20230725_111610_V06,0,0.308,1.200,27757,0,303535.498,980,0,294228.474
KSHV20230725-1,KSHV20230725_111610_V06,4,0.879,1.200,27765,0,69975.595,1397,0,65546.683
KSHV20230725-1,KSHV20230725_111610_V06,6,1.318,1.200,27769,0,50075.907,2671,0,48536.117
KSHV20230725-1,KSHV20230725_111610_V06,8,1.802,1.200,13887,0,42060.177,2423,0,36311.057
KSHV20230725-1,KSHV20230725_111610_V06,9,2.417,1.200,13893,0,42402.480,2854,0,31662.324
KSHV20230725-1,KSHV20230725_111610_V06,10,3.120,1.200,13902,0,34839.254,2887,0,27850.788
KSHV20230725-1,KSHV20230725_111610_V06,11,3.999,1.200,13920,0,16538.752,2523,0,12475.018
KSHV20230725-1,KSHV20230725_111610_V06,12,5.098,1.200,13940,0,3014.644,2430,0,1819.456
KSHV20230725-1,KSHV20230725_111610_V06,13,6.416,1.200,13983,0,1446.945,2674,0,778.340
KSHV20230725-1,KSHV20230725_112553_V06,0,0.308,1.200,53043,0,220626.860,2319,0,210784.429
KSHV20230725-1,KSHV20230725_112553_V06,4,0.879,1.200,53051,0,59678.415,4239,0,55098.866
KSHV20230725-1,KSHV20230725_112553_V06,6,1.318,1.200,53060,0,47315.925,5971,0,44480.154
KSHV20230725-1,KSHV20230725_112553_V06,8,1.802,1.200,26540,0,36141.718,5498,0,28952.709
KSHV20230725-1,KSHV20230725_112553_V06,9,2.417,1.200,26555,0,38808.035,5928,0,30426.871
KSHV20230725-1,KSHV20230725_112553_V06,10,3.120,1.200,26569,0,46227.349,6343,0,37697.100
KSHV20230725-1,KSHV20230725_112553_V06,11,3.999,1.200,26596,0,30238.037,6041,0,22848.965
KSHV20230725-1,KSHV20230725_112553_V06,12,5.098,1.200,26640,0,8096.152,5620,0,5466.346
KSHV20230725-1,KSHV20230725_112553_V06,13,6.416,1.200,26723,0,1935.552,4985,0,1065.162
KSHV20230725-2,KSHV20230725_112553_V06,0,0.308,1.200,4469,0,76215.921,213,0,69666.247
KSHV20230725-2,KSHV20230725_112553_V06,4,0.879,1.200,4467,0,3419.422,104,0,2667.185
KSHV20230725-2,KSHV20230725_112553_V06,6,1.318,1.200,4468,0,73.044,2,0,61.973
KSHV20230725-2,KSHV20230725_113420_V06,0,0.308,1.200,7067,0,146695.100,468,0,138111.160
KSHV20230725-2,KSHV20230725_113420_V06,4,0.879,1.200,7074,0,19008.841,329,0,16211.544
KSHV20230725-2,KSHV20230725_113420_V06,6,1.318,1.200,7077,0,361.473,24,0,244.906
KSHV20230725-2,KSHV20230725_114301_V06,0,0.308,1.200,8623,0,120313.607,1134,0,106394.295
KSHV20230725-2,KSHV20230725_114301_V06,4,0.879,1.200,8623,0,34378.545,471,0,29906.132
KSHV20230725-2,KSHV20230725_114301_V06,6,1.318,1.200,8630,0,4320.681,160,0,3257.343
KSHV20230725-2,KSHV20230725_120023_V06,0,0.308,1.200,13346,0,206987.937,4533,0,129973.035
KSHV20230725-2,KSHV20230725_120023_V06,4,0.879,1.200,13347,0,49729.057,2023,0,34158.345
KSHV20230725-2,KSHV20230725_120023_V06,6,1.318,1.200,13348,0,11688.725,354,0,9370.978
KSHV20230726-1,KSHV20230726_110356_V06,0,0.308,1.200,3056,10,222613.172,70,10,221047.537
KSHV20230726-1,KSHV20230726_110356_V06,4,0.879,1.200,3054,0,87191.423,54,0,86471.069
KSHV20230726-1,KSHV20230726_110356_V06,6,1.318,1.200,3055,0,34835.277,282,0,34239.031
KSHV20230726-1,KSHV20230726_110356_V06,8,1.802,1.200,1529,0,20885.708,267,0,18129.077
KSHV20230726-1,KSHV20230726_110356_V06,9,2.417,1.200,1530,0,13070.999,239,0,11105.478
KSHV20230726-1,KSHV20230726_110356_V06,10,3.120,1.200,1531,0,10644.062,198,0,8298.906
KSHV20230726-1,KSHV20230726_110356_V06,11,3.999,1.200,1532,0,7734.481,242,0,5826.539
KSHV20230726-1,KSHV20230726_110356_V06,12,5.098,1.200,1535,0,1295.867,350,0,671.946
KSHV20230726-1,KSHV20230726_110356_V06,13,6.416,1.200,1540,0,42.034,363,0,24.104
KSHV20230726-1,KSHV20230726_111238_V06,0,0.308,1.200,20657,0,218565.986,799,0,214421.476
KSHV20230726-1,KSHV20230726_111238_V06,4,0.879,1.200,20659,0,56339.133,1012,0,54909.039
KSHV20230726-1,KSHV20230726_111238_V06,6,1.318,1.200,20662,0,31927.388,2916,0,30891.415
KSHV20230726-1,KSHV20230726_111238_V06,8,1.802,1.200,10340,0,27346.874,2485,0,23188.807
KSHV20230726-1,KSHV20230726_111238_V06,9,2.417,1.200,10345,0,30206.280,2332,0,24086.808
KSHV20230726-1,KSHV20230726_111238_V06,10,3.120,1.200,10349,0,31776.688,2391,0,24090.902
KSHV20230726-1,KSHV20230726_111238_V06,11,3.999,1.200,10353,0,25953.629,2080,0,18440.764
KSHV20230726-1,KSHV20230726_111238_V06,12,5.098,1.200,10366,0,7901.609,1817,0,4963.702
KSHV20230726-1,KSHV20230726_111238_V06,13,6.416,1.200,10392,0,1519.985,1476,0,700.185
KSHV20230726-1,KSHV20230726_112120_V06,0,0.308,1.200,40761,1,234220.297,1659,1,227716.244
KSHV20230726-1,KSHV20230726_112120_V06,4,0.879,1.200,40769,0,55448.334,3322,0,53090.082
KSHV20230726-1,KSHV20230726_112120_V06,6,1.318,1.200,40769,0,27892.023,5286,0,25985.528
KSHV20230726-1,KSHV20230726_112120_V06,8,1.802,1.200,20401,0,16015.793,5008,0,12042.207
KSHV20230726-1,KSHV20230726_112120_V06,9,2.417,1.200,20401,0,19062.686,5641,0,14220.234
KSHV20230726-1,KSHV20230726_112120_V06,10,3.120,1.200,20418,0,28939.067,5805,0,23088.217
KSHV20230726-1,KSHV20230726_112120_V06,11,3.999,1.200,20432,0,32183.636,5245,0,24229.011
KSHV20230726-1,KSHV20230726_112120_V06,12,5.098,1.200,20467,0,13878.642,4691,0,9816.232
KSHV20230726-1,KSHV20230726_112120_V06,13,6.416,1.200,20526,0,4476.474,3768,0,2697.691
KSHV20230726-1,KSHV20230726_113002_V06,0,0.308,1.200,81038,0,334816.858,4138,0,320576.321
KSHV20230726-1,KSHV20230726_113002_V06,4,0.879,1.200,81053,0,84556.503,8218,0,78094.351
KSHV20230726-1,KSHV20230726_113002_V06,6,1.318,1.200,81073,0,42327.851,12012,0,37685.988
KSHV20230726-1,KSHV20230726_113002_V06,8,1.802,1.200,40533,0,23391.309,8958,0,17265.512
KSHV20230726-1,KSHV20230726_113002_V06,9,2.417,1.200,40549,0,16499.782,9814,0,11144.859
KSHV20230726-1,KSHV20230726_113002_V06,10,3.120,1.200,40577,0,25490.175,10167,0,18919.388
KSHV20230726-1,KSHV20230726_113002_V06,11,3.999,1.200,40631,0,35600.192,9801,0,27237.409
KSHV20230726-1,KSHV20230726_113002_V06,12,5.098,1.200,40695,0,18125.874,8705,0,12908.594
KSHV20230726-1,KSHV20230726_113002_V06,13,6.416,1.200,40799,0,6785.723,7193,0,4794.981
KSHV20230726-4,KSHV20230726_111238_V06,0,0.308,1.200,1292,0,16893.377,86,0,15578.790
KSHV20230726-4,KSHV20230726_111238_V06,4,0.879,1.200,1294,0,7719.990,83,0,6600.451
KSHV20230726-4,KSHV20230726_111238_V06,6,1.318,1.200,1295,0,5.210,0,0,5.210
KSHV20230726-4,KSHV20230726_112120_V06,0,0.308,1.200,1946,0,139093.835,139,0,132870.868
KSHV20230726-4,KSHV20230726_112120_V06,4,0.879,1.200,1945,0,16591.701,141,0,14687.494
KSHV20230726-4,KSHV20230726_112120_V06,6,1.318,1.200,1946,0,7.719,0,0,7.719
KSHV20230726-4,KSHV20230726_113002_V06,0,0.308,1.200,3462,0,166524.311,372,0,150813.890
KSHV20230726-4,KSHV20230726_113002_V06,4,0.879,1.200,3468,0,14476.155,322,0,10187.862
KSHV20230726-4,KSHV20230726_113002_V06,6,1.318,1.200,3465,0,446.037,22,0,128.348
KSHV20230726-4,KSHV20230726_113843_V06,0,0.308,1.200,7952,0,288058.391,1833,0,226545.239
KSHV20230726-4,KSHV20230726_113843_V06,4,0.879,1.200,7958,0,90485.699,1343,0,64278.865
KSHV20230726-4,KSHV20230726_113843_V06,6,1.318,1.200,7957,0,24713.709,420,0,9777.024
KSHV20230726-3,KSHV20230726_110356_V06,0,0.308,1.200,531,0,131161.816,37,0,127694.948
KSHV20230726-3,KSHV20230726_110356_V06,4,0.879,1.200,532,0,1785.874,53,0,1424.161
KSHV20230726-3,KSHV20230726_110356_V06,6,1.318,1.200,532,0,1335.668,61,0,737.653
KSHV20230726-3,KSHV20230726_110356_V06,8,1.802,1.200,282,0,130.806,0,0,130.806
KSHV20230726-3,KSHV20230726_111238_V06,0,0.308,1.200,5300,0,1211380.585,411,0,1204463.045
KSHV20230726-3,KSHV20230726_111238_V06,4,0.879,1.200,5306,0,194780.524,305,0,188707.527
KSHV20230726-3,KSHV20230726_111238_V06,6,1.318,1.200,5308,0,26970.943,438,0,10461.347
KSHV20230726-3,KSHV20230726_111238_V06,8,1.802,1.200,2659,0,1490.386,48,0,591.800
KSHV20230726-5,KSHV20230726_111238_V06,0,0.308,1.200,1551,0,25601.128,46,0,25287.367
KSHV20230726-5,KSHV20230726_111238_V06,4,0.879,1.200,1550,0,6974.538,48,0,6884.490
KSHV20230726-5,KSHV20230726_111238_V06,6,1.318,1.200,1551,0,285.082,27,0,122.243
KSHV20230726-5,KSHV20230726_111238_V06,8,1.802,1.200,777,0,47.588,6,0,28.540
KSHV20230726-5,KSHV20230726_111238_V06,9,2.417,1.200,780,0,101.846,20,0,45.642
KSHV20230726-5,KSHV20230726_111238_V06,10,3.120,1.200,776,0,137.229,10,0,82.834
KSHV20230726-6,KSHV20230726_112120_V06,0,0.308,1.200,909,0,27647.296,55,0,27260.060
KSHV20230726-6,KSHV20230726_112120_V06,4,0.879,1.200,907,0,984.299,146,0,883.720
KSHV20230726-6,KSHV20230726_112120_V06,6,1.318,1.200,907,0,2.407,2,0,1.837
KSHV20230726-6,KSHV20230726_112120_V06,8,1.802,1.200,452,0,5.714,2,0,0.674
KSHV20230726-6,KSHV20230726_112120_V06,9,2.417,1.200,451,0,0.677,0,0,0.677
KSHV20230726-6,KSHV20230726_112120_V06,10,3.120,1.200,447,0,0.672,0,0,0.672
KSHV20230726-6,KSHV20230726_112120_V06,11,3.999,1.200,452,0,0.681,0,0,0.681
KSHV20230726-7,KSHV20230726_113002_V06,0,0.308,1.200,136,0,28497.804,12,0,28394.870
KSHV20230726-7,KSHV20230726_113002_V06,4,0.879,1.200,136,0,731.527,4,0,714.853
KSHV20230726-7,KSHV20230726_113002_V06,6,1.318,1.200,135,0,0.370,0,0,0.370
KSHV20230726-7,KSHV20230726_113002_V06,8,1.802,1.200,68,0,0.373,0,0,0.373
KSHV20230727-1,KSHV20230727_110504_V06,0,0.308,1.200,8353,0,242004.416,345,0,235025.587
KSHV20230727-1,KSHV20230727_110504_V06,4,0.879,1.200,8354,0,163288.176,520,0,161838.575
KSHV20230727-1,KSHV20230727_110504_V06,6,1.318,1.200,8353,0,99498.784,1149,0,98733.448
KSHV20230727-1,KSHV20230727_110504_V06,8,1.802,1.200,4173,0,61054.789,758,0,55319.744
KSHV20230727-1,KSHV20230727_110504_V06,9,2.417,1.200,4177,0,42649.686,663,0,34171.636
KSHV20230727-1,KSHV20230727_110504_V06,10,3.120,1.200,4179,0,38874.036,714,0,29247.530
KSHV20230727-1,KSHV20230727_110504_V06,11,3.999,1.200,4183,0,17989.707,559,0,12477.907
KSHV20230727-1,KSHV20230727_110504_V06,12,5.098,1.200,4195,0,2998.255,561,0,2106.606
KSHV20230727-1,KSHV20230727_110504_V06,13,6.416,1.200,4202,0,575.810,1017,0,274.465
KSHV20230727-1,KSHV20230727_111344_V06,0,0.308,1.200,23126,0,169470.362,1132,0,164394.274
KSHV20230727-1,KSHV20230727_111344_V06,4,0.879,1.200,23129,0,51415.927,1666,0,49075.600
KSHV20230727-1,KSHV20230727_111344_V06,6,1.318,1.200,23130,0,23130.911,3685,0,21886.030
KSHV20230727-1,KSHV20230727_111344_V06,8,1.802,1.200,11573,0,20979.151,2428,0,17071.288
KSHV20230727-1,KSHV20230727_111344_V06,9,2.417,1.200,11577,0,40562.998,2289,0,32525.823
KSHV20230727-1,KSHV20230727_111344_V06,10,3.120,1.200,11585,0,53147.084,2550,0,44387.297
KSHV20230727-1,KSHV20230727_111344_V06,11,3.999,1.200,11606,0,40634.873,2186,0,31719.164
KSHV20230727-1,KSHV20230727_111344_V06,12,5.098,1.200,11612,0,17488.407,1737,0,12947.024
KSHV20230727-1,KSHV20230727_111344_V06,13,6.416,1.200,11642,0,4584.595,1970,0,2715.616
KSHV20230727-1,KSHV20230727_112225_V06,0,0.308,1.200,37157,2,227523.848,1252,2,219492.925
KSHV20230727-1,KSHV20230727_112225_V06,4,0.879,1.200,37156,0,46938.534,3015,0,43893.303
KSHV20230727-1,KSHV20230727_112225_V06,6,1.318,1.200,37169,0,17393.344,5785,0,15585.443
KSHV20230727-1,KSHV20230727_112225_V06,8,1.802,1.200,18579,0,7877.337,4000,0,5286.367
KSHV20230727-1,KSHV20230727_112225_V06,9,2.417,1.200,18590,0,14410.367,4032,0,11326.638
KSHV20230727-1,KSHV20230727_112225_V06,10,3.120,1.200,18605,0,33366.315,4367,0,28489.124
KSHV20230727-1,KSHV20230727_112225_V06,11,3.999,1.200,18623,0,50488.183,3876,0,39993.127
KSHV20230727-1,KSHV20230727_112225_V06,12,5.098,1.200,18648,0,22384.370,3531,0,15207.156
KSHV20230727-1,KSHV20230727_112225_V06,13,6.416,1.200,18695,0,4812.643,2912,0,2832.204
KSHV20230727-1,KSHV20230727_113107_V06,0,0.308,1.200,58352,0,219622.580,2483,0,204636.139
KSHV20230727-1,KSHV20230727_113107_V06,4,0.879,1.200,58362,0,61165.175,5969,0,55352.750
KSHV20230727-1,KSHV20230727_113107_V06,6,1.318,1.200,58371,0,24679.226,9051,0,21594.877
KSHV20230727-1,KSHV20230727_113107_V06,8,1.802,1.200,29179,0,12644.628,6591,0,8531.041
KSHV20230727-1,KSHV20230727_113107_V06,9,2.417,1.200,29186,0,11266.137,6922,0,7186.746
KSHV20230727-1,KSHV20230727_113107_V06,10,3.120,1.200,29221,0,18910.786,7223,0,15045.663
KSHV20230727-1,KSHV20230727_113107_V06,11,3.999,1.200,29256,0,38764.786,6393,0,31148.866
KSHV20230727-1,KSHV20230727_113107_V06,12,5.098,1.200,29310,0,26247.462,5658,0,19503.372
KSHV20230727-1,KSHV20230727_113107_V06,13,6.416,1.200,29380,0,9786.573,4456,0,7015.541
KSHV20230727-1,KSHV20230727_113948_V06,0,0.308,1.200,92496,1,377735.109,5096,0,335664.630
KSHV20230727-1,KSHV20230727_113948_V06,4,0.879,1.200,92518,0,92646.899,10399,0,81184.692
KSHV20230727-1,KSHV20230727_113948_V06,6,1.318,1.200,92528,0,36802.430,16585,0,30589.086
KSHV20230727-1,KSHV20230727_113948_V06,8,1.802,1.200,46271,0,21824.004,10268,0,13861.920
KSHV20230727-1,KSHV20230727_113948_V06,9,2.417,1.200,46290,0,15682.750,10578,0,9375.631
KSHV20230727-1,KSHV20230727_113948_V06,10,3.120,1.200,46325,0,16282.156,11062,0,10609.114
KSHV20230727-1,KSHV20230727_113948_V06,11,3.999,1.200,46380,0,34524.921,10494,0,27242.008
KSHV20230727-1,KSHV20230727_113948_V06,12,5.098,1.200,46459,0,30633.293,8786,0,23941.813
KSHV20230727-1,KSHV20230727_113948_V06,13,6.416,1.200,46580,0,7296.949,7513,0,4833.832
KSHV20230727-5,KSHV20230727_111344_V06,0,0.308,1.200,592,0,1362701.396,19,0,1332400.335
KSHV20230727-5,KSHV20230727_111344_V06,4,0.879,1.200,590,0,22645.571,66,0,21220.604
KSHV20230727-5,KSHV20230727_111344_V06,6,1.318,1.200,591,0,4797.459,54,0,2737.200
KSHV20230727-5,KSHV20230727_112225_V06,0,0.308,1.200,1968,0,396932.927,140,0,367021.697
KSHV20230727-5,KSHV20230727_112225_V06,4,0.879,1.200,1971,0,19078.820,218,0,13673.019
KSHV20230727-5,KSHV20230727_112225_V06,6,1.318,1.200,1966,0,10288.153,87,0,5604.516
KSHV20230727-5,KSHV20230727_113107_V06,0,0.308,1.200,5008,0,788731.263,508,0,753716.787
KSHV20230727-5,KSHV20230727_113107_V06,4,0.879,1.200,5003,0,101413.543,546,0,86396.919
KSHV20230727-5,KSHV20230727_113107_V06,6,1.318,1.200,5009,0,32733.749,442,0,17210.886
KSHV20230727-5,KSHV20230727_113948_V06,0,0.308,1.200,5854,22,2824744.944,553,5,2509657.471
KSHV20230727-5,KSHV20230727_113948_V06,4,0.879,1.200,5851,0,332559.025,669,0,299736.283
KSHV20230727-5,KSHV20230727_113948_V06,6,1.318,1.200,5852,0,43889.599,699,0,26405.998
KSHV20230727-2,KSHV20230727_110504_V06,0,0.308,1.200,855,0,8488.956,43,0,8006.708
KSHV20230727-2,KSHV20230727_110504_V06,4,0.879,1.200,854,0,1440.853,31,0,1218.198
KSHV20230727-2,KSHV20230727_110504_V06,6,1.318,1.200,853,0,20.741,1,0,18.697
KSHV20230727-2,KSHV20230727_110504_V06,8,1.802,1.200,427,0,2.692,0,0,2.692
KSHV20230727-2,KSHV20230727_111344_V06,0,0.308,1.200,2444,0,26332.660,160,0,24012.012
KSHV20230727-2,KSHV20230727_111344_V06,4,0.879,1.200,2448,0,1734.156,56,0,1258.828
KSHV20230727-2,KSHV20230727_111344_V06,6,1.318,1.200,2446,0,149.465,9,0,112.420
KSHV20230727-2,KSHV20230727_111344_V06,8,1.802,1.200,1226,0,7.773,0,0,7.773
KSHV20230727-2,KSHV20230727_112225_V06,0,0.308,1.200,3974,0,37216.440,687,0,29357.802
KSHV20230727-2,KSHV20230727_112225_V06,4,0.879,1.200,3972,0,3978.757,125,0,3294.119
KSHV20230727-2,KSHV20230727_112225_V06,6,1.318,1.200,3975,0,585.597,22,0,436.597
KSHV20230727-2,KSHV20230727_112225_V06,8,1.802,1.200,1991,0,42.969,1,0,30.309
KSHV20230727-6,KSHV20230727_113107_V06,0,0.308,1.200,5226,0,228155.557,614,0,196760.181
KSHV20230727-6,KSHV20230727_113107_V06,4,0.879,1.200,5232,0,13348.561,344,0,8676.609
KSHV20230727-6,KSHV20230727_113107_V06,6,1.318,1.200,5234,0,10119.761,416,0,4712.468
KSHV20230727-6,KSHV20230727_113107_V06,8,1.802,1.200,2618,0,192.288,2,0,145.618
KSHV20230728-1,KSHV20230728_111337_V06,0,0.308,1.200,16552,0,162983.720,596,0,159352.274
KSHV20230728-1,KSHV20230728_111337_V06,4,0.879,1.200,16555,0,44375.616,818,0,42176.374
KSHV20230728-1,KSHV20230728_111337_V06,6,1.318,1.200,16552,0,26767.282,2340,0,25520.069
KSHV20230728-1,KSHV20230728_111337_V06,8,1.802,1.200,8276,0,19811.435,1472,0,15502.501
KSHV20230728-1,KSHV20230728_111337_V06,9,2.417,1.200,8279,0,32805.984,1299,0,24816.429
KSHV20230728-1,KSHV20230728_111337_V06,10,3.120,1.200,8283,0,56717.056,1306,0,42935.303
KSHV20230728-1,KSHV20230728_111337_V06,11,3.999,1.200,8302,0,32234.700,1190,0,23390.207
KSHV20230728-1,KSHV20230728_111337_V06,12,5.098,1.200,8311,0,8370.260,1441,0,5012.248
KSHV20230728-1,KSHV20230728_111337_V06,13,6.416,1.200,8337,0,1972.761,1652,0,1119.288
KSHV20230728-1,KSHV20230728_112219_V06,0,0.308,1.200,29839,0,249980.105,935,0,243880.801
KSHV20230728-1,KSHV20230728_112219_V06,4,0.879,1.200,29846,0,30928.966,2021,0,28495.010
KSHV20230728-1,KSHV20230728_112219_V06,6,1.318,1.200,29848,0,15575.061,5525,0,13620.105
KSHV20230728-1,KSHV20230728_112219_V06,8,1.802,1.200,14931,0,7034.354,2888,0,5183.324
KSHV20230728-1,KSHV20230728_112219_V06,9,2.417,1.200,14940,0,13164.141,2336,0,10103.696
KSHV20230728-1,KSHV20230728_112219_V06,10,3.120,1.200,14947,0,42407.004,2650,0,35141.107
KSHV20230728-1,KSHV20230728_112219_V06,11,3.999,1.200,14961,0,62443.033,2506,0,49535.063
KSHV20230728-1,KSHV20230728_112219_V06,12,5.098,1.200,14991,0,20068.454,2271,0,14224.483
KSHV20230728-1,KSHV20230728_112219_V06,13,6.416,1.200,15014,0,4245.352,2324,0,2433.203
KSHV20230728-2,KSHV20230728_111337_V06,0,0.308,1.200,477,0,66711.450,57,0,55130.763
KSHV20230728-2,KSHV20230728_111337_V06,4,0.879,1.200,476,0,2243.552,68,0,1424.993
KSHV20230728-2,KSHV20230728_111337_V06,6,1.318,1.200,478,0,84.814,17,0,30.803
KSHV20230728-2,KSHV20230728_111337_V06,8,1.802,1.200,238,0,0.708,0,0,0.708
KSHV20230728-2,KSHV20230728_111337_V06,9,2.417,1.200,240,0,0.715,0,0,0.715
KSHV20230728-2,KSHV20230728_112219_V06,0,0.308,1.200,3660,0,88584.667,851,0,67106.729
KSHV20230728-2,KSHV20230728_112219_V06,4,0.879,1.200,3659,0,5701.785,615,0,3155.630
KSHV20230728-2,KSHV20230728_112219_V06,6,1.318,1.200,3659,0,361.969,78,0,177.603
KSHV20230728-2,KSHV20230728_112219_V06,8,1.802,1.200,1824,0,34.626,0,0,34.626
KSHV20230728-2,KSHV20230728_112219_V06,9,2.417,1.200,1831,0,5.461,0,0,5.461
KSHV20230728-2,KSHV20230728_113100_V06,0,0.308,1.200,9862,0,92607.422,2485,0,63759.529
KSHV20230728-2,KSHV20230728_113100_V06,4,0.879,1.200,9870,0,11226.553,1608,0,5418.488
KSHV20230728-2,KSHV20230728_113100_V06,6,1.318,1.200,9876,0,2156.872,279,0,1125.145
KSHV20230728-2,KSHV20230728_113100_V06,8,1.802,1.200,4930,0,234.122,5,0,152.643
KSHV20230728-2,KSHV20230728_113100_V06,9,2.417,1.200,4932,0,110.606,4,0,79.822
KSHV20230728-2,KSHV20230728_122450_V06,0,0.308,1.200,5043,0,75798.340,341,0,60284.291
KSHV20230728-2,KSHV20230728_122450_V06,4,0.879,1.200,5041,0,20878.424,373,0,7891.015
KSHV20230728-2,KSHV20230728_122450_V06,6,1.318,1.200,5050,0,22248.875,294,0,9856.182
KSHV20230728-3,KSHV20230728_113100_V06,0,0.308,1.200,3307,0,231547.392,253,0,218132.332
KSHV20230728-3,KSHV20230728_113100_V06,4,0.879,1.200,3306,0,28552.107,403,0,13346.113
KSHV20230728-3,KSHV20230728_113100_V06,6,1.318,1.200,3307,0,14965.728,237,0,6976.399
KSHV20230729-4,KSHV20230729_111957_V06,0,0.308,1.200,2123,0,14034.464,139,0,11947.192
KSHV20230729-4,KSHV20230729_111957_V06,4,0.879,1.200,2121,0,1693.314,58,0,1065.484
KSHV20230729-4,KSHV20230729_111957_V06,6,1.318,1.200,2120,0,603.582,21,0,280.701
KSHV20230729-4,KSHV20230729_112819_V06,0,0.308,1.200,3474,0,165119.919,177,0,157679.996
KSHV20230729-4,KSHV20230729_112819_V06,4,0.879,1.200,3473,0,30090.296,203,0,26179.503
KSHV20230729-4,KSHV20230729_112819_V06,6,1.318,1.200,3474,0,1072.893,47,0,431.109
KSHV20230729-4,KSHV20230729_113640_V06,0,0.308,1.200,4968,0,153569.692,323,0,144780.751
KSHV20230729-4,KSHV20230729_113640_V06,4,0.879,1.200,4976,0,62267.505,238,0,57988.247
KSHV20230729-4,KSHV20230729_113640_V06,6,1.318,1.200,4979,0,7343.524,226,0,5135.375
KSHV20230729-4,KSHV20230729_114513_V06,0,0.308,1.200,8144,0,108759.139,738,0,93966.297
KSHV20230729-4,KSHV20230729_114513_V06,4,0.879,1.200,8145,0,78412.815,525,0,68625.549
KSHV20230729-4,KSHV20230729_114513_V06,6,1.318,1.200,8145,0,17799.730,386,0,14258.558
KSHV20230729-4,KSHV20230729_120235_V06,0,0.308,1.200,13958,0,95537.259,2308,0,49105.160
KSHV20230729-4,KSHV20230729_120235_V06,4,0.879,1.200,13965,0,73764.588,1254,0,48494.843
KSHV20230729-4,KSHV20230729_120235_V06,6,1.318,1.200,13968,0,32204.775,728,0,23809.791
KSHV20230729-4,KSHV20230729_121102_V06,0,0.308,1.200,16773,0,118312.798,2909,0,70203.423
KSHV20230729-4,KSHV20230729_121102_V06,4,0.879,1.200,16780,0,72330.119,1678,0,42415.427
KSHV20230729-4,KSHV20230729_121102_V06,6,1.318,1.200,16796,0,21260.202,710,0,14895.708
KSHV20230729-1,KSHV20230729_110235_V06,0,0.308,1.200,4588,0,92173.808,296,0,91089.536
KSHV20230729-1,KSHV20230729_110235_V06,4,0.879,1.200,4589,0,118691.149,285,0,118208.575
KSHV20230729-1,KSHV20230729_110235_V06,6,1.318,1.200,4589,0,74958.057,495,0,74395.762
KSHV20230729-1,KSHV20230729_110235_V06,8,1.802,1.200,2293,0,32595.435,337,0,29847.487
KSHV20230729-1,KSHV20230729_110235_V06,9,2.417,1.200,2296,0,19651.055,353,0,14178.801
KSHV20230729-1,KSHV20230729_110235_V06,10,3.120,1.200,2297,0,17006.310,472,0,9404.573
KSHV20230729-1,KSHV20230729_110235_V06,11,3.999,1.200,2301,0,7382.308,442,0,4174.311
KSHV20230729-1,KSHV20230729_110235_V06,12,5.098,1.200,2307,0,465.302,557,0,190.384
KSHV20230729-1,KSHV20230729_110235_V06,13,6.416,1.200,2309,0,77.123,832,0,31.252
KSHV20230729-1,KSHV20230729_111117_V06,0,0.308,1.200,11114,1,186543.149,466,1,184556.584
KSHV20230729-1,KSHV20230729_111117_V06,4,0.879,1.200,11116,0,73640.731,738,0,72793.984
KSHV20230729-1,KSHV20230729_111117_V06,6,1.318,1.200,11117,0,48273.048,1818,0,47553.307
KSHV20230729-1,KSHV20230729_111117_V06,8,1.802,1.200,5559,0,33297.672,1168,0,28016.764
KSHV20230729-1,KSHV20230729_111117_V06,9,2.417,1.200,5563,0,17519.464,1074,0,13076.812
KSHV20230729-1,KSHV20230729_111117_V06,10,3.120,1.200,5566,0,13920.287,1100,0,9070.748
KSHV20230729-1,KSHV20230729_111117_V06,11,3.999,1.200,5572,0,14854.532,940,0,8932.089
KSHV20230729-1,KSHV20230729_111117_V06,12,5.098,1.200,5585,0,7347.691,881,0,4555.632
KSHV20230729-1,KSHV20230729_111117_V06,13,6.416,1.200,5600,0,667.389,1417,0,320.245
KSHV20230729-1,KSHV20230729_111957_V06,0,0.308,1.200,24014,0,147328.647,893,0,143836.560
KSHV20230729-1,KSHV20230729_111957_V06,4,0.879,1.200,24016,0,35005.604,1954,0,33516.587
KSHV20230729-1,KSHV20230729_111957_V06,6,1.318,1.200,24015,0,18139.108,4454,0,17286.734
KSHV20230729-1,KSHV20230729_111957_V06,8,1.802,1.200,12003,0,13271.289,2491,0,10968.175
KSHV20230729-1,KSHV20230729_111957_V06,9,2.417,1.200,12010,0,22927.977,2230,0,16934.907
KSHV20230729-1,KSHV20230729_111957_V06,10,3.120,1.200,12021,0,30280.514,2509,0,24096.896
KSHV20230729-1,KSHV20230729_111957_V06,11,3.999,1.200,12035,0,26147.498,2393,0,19900.127
KSHV20230729-1,KSHV20230729_111957_V06,12,5.098,1.200,12051,0,20573.929,2258,0,15500.849
KSHV20230729-1,KSHV20230729_111957_V06,13,6.416,1.200,12080,0,3731.330,2289,0,2103.216
KSHV20230729-1,KSHV20230729_112819_V06,0,0.308,1.200,48243,0,163130.924,1946,0,157142.451
KSHV20230729-1,KSHV20230729_112819_V06,4,0.879,1.200,48249,0,31443.044,5397,0,28874.865
KSHV20230729-1,KSHV20230729_112819_V06,6,1.318,1.200,48255,0,15488.340,9355,0,13861.643
KSHV20230729-1,KSHV20230729_112819_V06,8,1.802,1.200,24139,0,7983.165,5093,0,5782.911
KSHV20230729-1,KSHV20230729_112819_V06,9,2.417,1.200,24151,0,8786.627,4621,0,6168.941
KSHV20230729-1,KSHV20230729_112819_V06,10,3.120,1.200,24167,0,23935.566,5424,0,18767.940
KSHV20230729-1,KSHV20230729_112819_V06,11,3.999,1.200,24191,0,71618.452,4693,0,61882.351
KSHV20230729-1,KSHV20230729_112819_V06,12,5.098,1.200,24240,0,30641.307,4301,0,24527.331
KSHV20230729-1,KSHV20230729_112819_V06,13,6.416,1.200,24296,0,7339.395,3998,0,4467.313
KSHV20230729-1,KSHV20230729_113640_V06,0,0.308,1.200,62784,0,153354.872,2919,0,146623.436
KSHV20230729-1,KSHV20230729_113640_V06,4,0.879,1.200,62791,0,31801.843,8158,0,28237.748
KSHV20230729-1,KSHV20230729_113640_V06,6,1.318,1.200,62807,0,13685.498,13144,0,11163.374
KSHV20230729-1,KSHV20230729_113640_V06,8,1.802,1.200,31410,0,6175.195,6961,0,3933.305
KSHV20230729-1,KSHV20230729_113640_V06,9,2.417,1.200,31429,0,5117.962,6295,0,3309.048
KSHV20230729-1,KSHV20230729_113640_V06,10,3.120,1.200,31458,0,16773.352,6986,0,13056.381
KSHV20230729-1,KSHV20230729_113640_V06,11,3.999,1.200,31492,0,80998.215,5814,0,74101.000
KSHV20230729-1,KSHV20230729_113640_V06,12,5.098,1.200,31536,0,34031.631,5176,0,26335.842
KSHV20230729-1,KSHV20230729_113640_V06,13,6.416,1.200,31626,0,7339.289,4383,0,4690.800
KSHV20230729-5,KSHV20230729_111957_V06,0,0.308,1.200,943,0,7890.960,61,0,5742.655
KSHV20230729-5,KSHV20230729_111957_V06,4,0.879,1.200,944,0,1295.646,49,0,690.050
KSHV20230729-5,KSHV20230729_111957_V06,6,1.318,1.200,943,0,192.581,9,0,24.647
KSHV20230729-5,KSHV20230729_112819_V06,0,0.308,1.200,2275,0,71755.483,118,0,66636.690
KSHV20230729-5,KSHV20230729_112819_V06,4,0.879,1.200,2277,0,19558.615,130,0,15949.599
KSHV20230729-5,KSHV20230729_112819_V06,6,1.318,1.200,2275,0,676.151,22,0,302.628
KSHV20230729-6,KSHV20230729_113640_V06,0,0.308,1.200,202,0,17321.984,10,0,17210.743
KSHV20230729-6,KSHV20230729_113640_V06,4,0.879,1.200,202,0,452.328,28,0,413.560
KSHV20230729-6,KSHV20230729_113640_V06,6,1.318,1.200,202,0,8.707,4,0,1.746
KSHV20230729-6,KSHV20230729_113640_V06,8,1.802,1.200,100,0,7.792,0,0,7.792
KSHV20230729-6,KSHV20230729_113640_V06,9,2.417,1.200,100,0,0.290,0,0,0.290
KSHV20230729-6,KSHV20230729_113640_V06,10,3.120,1.200,101,0,0.293,0,0,0.293
KSHV20230729-6,KSHV20230729_114513_V06,0,0.308,1.200,1335,0,28819.652,214,0,27726.849
KSHV20230729-6,KSHV20230729_114513_V06,4,0.879,1.200,1336,0,2322.904,411,0,1510.245
KSHV20230729-6,KSHV20230729_114513_V06,6,1.318,1.200,1335,0,17.762,6,0,12.237
KSHV20230729-6,KSHV20230729_114513_V06,8,1.802,1.200,669,0,10.290,0,0,10.290
KSHV20230729-6,KSHV20230729_114513_V06,9,2.417,1.200,670,0,38.054,3,0,12.975
KSHV20230729-6,KSHV20230729_114513_V06,10,3.120,1.200,671,0,9.222,1,0,4.941
KSHV20230729-3,KSHV20230729_111957_V06,0,0.308,1.200,5269,0,23379.584,252,0,22842.663
KSHV20230729-3,KSHV20230729_111957_V06,4,0.879,1.200,5270,0,3354.766,619,0,2974.920
KSHV20230729-3,KSHV20230729_111957_V06,6,1.318,1.200,5271,0,1336.934,1397,0,961.229
KSHV20230729-3,KSHV20230729_111957_V06,8,1.802,1.200,2634,0,635.502,792,0,310.656
KSHV20230729-3,KSHV20230729_111957_V06,9,2.417,1.200,2637,0,238.908,518,0,91.541
KSHV20230729-3,KSHV20230729_111957_V06,10,3.120,1.200,2642,0,70.098,308,0,31.996
KSHV20230729-3,KSHV20230729_111957_V06,11,3.999,1.200,2644,0,427.892,189,0,281.958
KSHV20230729-3,KSHV20230729_111957_V06,12,5.098,1.200,2650,0,2747.649,759,0,2127.490
KSHV20230729-3,KSHV20230729_111957_V06,13,6.416,1.200,2655,0,1600.428,571,0,1249.808
KSHV20230730-1,KSHV20230730_105111_V06,0,0.308,1.200,1318,1,39717.901,24,1,39633.773
KSHV20230730-1,KSHV20230730_105111_V06,4,0.879,1.200,1319,0,79858.654,26,0,78779.580
KSHV20230730-1,KSHV20230730_105111_V06,6,1.318,1.200,1319,0,66639.914,33,0,66048.572
KSHV20230730-1,KSHV20230730_105111_V06,8,1.802,1.200,659,0,19224.976,71,0,17082.419
KSHV20230730-1,KSHV20230730_105111_V06,9,2.417,1.200,659,0,653.639,124,0,574.977
KSHV20230730-1,KSHV20230730_105111_V06,10,3.120,1.200,660,0,15.920,117,0,11.866
KSHV20230730-1,KSHV20230730_105111_V06,11,3.999,1.200,659,0,11.983,106,0,9.101
KSHV20230730-1,KSHV20230730_105111_V06,12,5.098,1.200,659,0,27.839,160,0,8.846
KSHV20230730-1,KSHV20230730_105111_V06,13,6.416,1.200,661,0,36.090,304,0,12.150
KSHV20230730-1,KSHV20230730_110834_V06,0,0.308,1.200,5982,3,202090.361,142,2,199207.763
KSHV20230730-1,KSHV20230730_110834_V06,4,0.879,1.200,5984,0,100361.222,158,0,99772.037
KSHV20230730-1,KSHV20230730_110834_V06,6,1.318,1.200,5983,0,56208.907,363,0,55637.538
KSHV20230730-1,KSHV20230730_110834_V06,8,1.802,1.200,2994,0,29337.723,577,0,25923.003
KSHV20230730-1,KSHV20230730_110834_V06,9,2.417,1.200,2998,0,12763.584,424,0,9941.806
KSHV20230730-1,KSHV20230730_110834_V06,10,3.120,1.200,2993,0,3989.532,523,0,3369.961
KSHV20230730-1,KSHV20230730_110834_V06,11,3.999,1.200,2998,0,373.785,424,0,274.454
KSHV20230730-1,KSHV20230730_110834_V06,12,5.098,1.200,3001,0,156.298,633,0,85.763
KSHV20230730-1,KSHV20230730_110834_V06,13,6.416,1.200,3003,0,96.267,939,0,39.105
KSHV20230730-1,KSHV20230730_111716_V06,0,0.308,1.200,5630,0,77529.772,110,0,76042.436
KSHV20230730-1,KSHV20230730_111716_V06,4,0.879,1.200,5631,0,9969.038,179,0,9485.011
KSHV20230730-1,KSHV20230730_111716_V06,6,1.318,1.200,5632,0,2047.672,598,0,1893.491
KSHV20230730-1,KSHV20230730_111716_V06,8,1.802,1.200,2817,0,1141.341,428,0,834.639
KSHV20230730-1,KSHV20230730_111716_V06,9,2.417,1.200,2819,0,2260.013,283,0,1669.705
KSHV20230730-1,KSHV20230730_111716_V06,10,3.120,1.200,2822,0,732.649,375,0,443.082
KSHV20230730-1,KSHV20230730_111716_V06,11,3.999,1.200,2821,0,53.060,303,0,20.089
KSHV20230730-1,KSHV20230730_111716_V06,12,5.098,1.200,2825,0,159.717,479,0,121.843
KSHV20230730-1,KSHV20230730_111716_V06,13,6.416,1.200,2828,0,71.056,822,0,31.079
KSHV20230730-1,KSHV20230730_112558_V06,0,0.308,1.200,32420,0,282956.960,925,0,277575.916
KSHV20230730-1,KSHV20230730_112558_V06,4,0.879,1.200,32425,0,52465.056,2294,0,50360.100
KSHV20230730-1,KSHV20230730_112558_V06,6,1.318,1.200,32430,0,16918.791,5179,0,15768.921
KSHV20230730-1,KSHV20230730_112558_V06,8,1.802,1.200,16225,0,8579.640,2794,0,6526.911
KSHV20230730-1,KSHV20230730_112558_V06,9,2.417,1.200,16228,0,13329.510,2647,0,10306.727
KSHV20230730-1,KSHV20230730_112558_V06,10,3.120,1.200,16236,0,38365.619,2952,0,32671.233
KSHV20230730-1,KSHV20230730_112558_V06,11,3.999,1.200,16248,0,42806.197,2744,0,36335.811
KSHV20230730-1,KSHV20230730_112558_V06,12,5.098,1.200,16280,0,6413.473,3155,0,4271.913
KSHV20230730-1,KSHV20230730_112558_V06,13,6.416,1.200,16326,0,1988.606,3471,0,1179.585
KSHV20230730-1,KSHV20230730_113439_V06,0,0.308,1.200,41224,0,246769.051,1351,0,237526.165
KSHV20230730-1,KSHV20230730_113439_V06,4,0.879,1.200,41230,0,44871.501,4354,0,41089.169
KSHV20230730-1,KSHV20230730_113439_V06,6,1.318,1.200,41234,0,18091.796,7803,0,16027.958
KSHV20230730-1,KSHV20230730_113439_V06,8,1.802,1.200,20623,0,8586.684,3220,0,6315.831
KSHV20230730-1,KSHV20230730_113439_V06,9,2.417,1.200,20636,0,11330.542,2855,0,8509.696
KSHV20230730-1,KSHV20230730_113439_V06,10,3.120,1.200,20646,0,28257.362,3381,0,23712.641
KSHV20230730-1,KSHV20230730_113439_V06,11,3.999,1.200,20672,0,47944.552,3121,0,41313.040
KSHV20230730-1,KSHV20230730_113439_V06,12,5.098,1.200,20701,0,13988.022,3423,0,10691.816
KSHV20230730-1,KSHV20230730_113439_V06,13,6.416,1.200,20753,0,2981.181,3263,0,1840.504
KSHV20230730-1,KSHV20230730_114319_V06,0,0.308,1.200,49882,0,219802.928,2223,0,207317.723
KSHV20230730-1,KSHV20230730_114319_V06,4,0.879,1.200,49889,0,35830.750,7036,0,30588.689
KSHV20230730-1,KSHV20230730_114319_V06,6,1.318,1.200,49894,0,18668.177,10981,0,14978.336
KSHV20230730-1,KSHV20230730_114319_V06,8,1.802,1.200,24948,0,9824.814,4159,0,7041.751
KSHV20230730-1,KSHV20230730_114319_V06,9,2.417,1.200,24960,0,11376.801,3386,0,9016.620
KSHV20230730-1,KSHV20230730_114319_V06,10,3.120,1.200,24975,0,28772.850,4329,0,24545.603
KSHV20230730-1,KSHV20230730_114319_V06,11,3.999,1.200,25011,0,38935.897,3705,0,33202.853
KSHV20230730-1,KSHV20230730_114319_V06,12,5.098,1.200,25050,0,14216.949,3639,0,11266.105
KSHV20230730-1,KSHV20230730_114319_V06,13,6.416,1.200,25122,0,2810.763,3235,0,2168.275
KSHV20230730-3,KSHV20230730_112558_V06,0,0.308,1.200,2781,0,127798.897,154,0,121169.730
KSHV20230730-3,KSHV20230730_112558_V06,4,0.879,1.200,2781,0,8540.649,230,0,6296.353
KSHV20230730-3,KSHV20230730_112558_V06,6,1.318,1.200,2783,0,329.665,16,0,177.532
KSHV20230730-3,KSHV20230730_113439_V06,0,0.308,1.200,4745,0,157323.108,358,0,150468.460
KSHV20230730-3,KSHV20230730_113439_V06,4,0.879,1.200,4749,0,29308.012,362,0,25277.474
KSHV20230730-3,KSHV20230730_113439_V06,6,1.318,1.200,4750,0,3106.044,164,0,2124.094
KSHV20230730-3,KSHV20230730_114319_V06,0,0.308,1.200,6885,0,123999.444,698,0,113978.365
KSHV20230730-3,KSHV20230730_114319_V06,4,0.879,1.200,6883,0,57994.545,436,0,52769.166
KSHV20230730-3,KSHV20230730_114319_V06,6,1.318,1.200,6887,0,14848.088,454,0,11436.040
KSHV20230730-3,KSHV20230730_120043_V06,0,0.308,1.200,11032,0,56767.579,1609,0,40249.307
KSHV20230730-3,KSHV20230730_120043_V06,4,0.879,1.200,11033,0,51348.541,839,0,42858.409
KSHV20230730-3,KSHV20230730_120043_V06,6,1.318,1.200,11044,0,32283.720,740,0,26492.998
KSHV20230730-3,KSHV20230730_120923_V06,0,0.308,1.200,13457,0,51210.479,1710,0,33668.031
KSHV20230730-3,KSHV20230730_120923_V06,4,0.879,1.200,13461,0,37886.137,949,0,28479.752
KSHV20230730-3,KSHV20230730_120923_V06,6,1.318,1.200,13460,0,27135.721,984,0,19877.739
KSHV20230730-3,KSHV20230730_121804_V06,0,0.308,1.200,17111,0,57995.315,2034,0,37770.467
KSHV20230730-3,KSHV20230730_121804_V06,4,0.879,1.200,17120,0,33226.018,1073,0,23793.908
KSHV20230730-3,KSHV20230730_121804_V06,6,1.318,1.200,17120,0,19584.822,1017,0,13042.644
KSHV20230730-4,KSHV20230730_113439_V06,0,0.308,1.200,2126,0,24961.181,364,0,21171.978
KSHV20230730-4,KSHV20230730_113439_V06,4,0.879,1.200,2125,0,11651.931,433,0,8617.140
KSHV20230730-4,KSHV20230730_113439_V06,6,1.318,1.200,2127,0,5595.189,405,0,3988.389
KSHV20230730-4,KSHV20230730_113439_V06,8,1.802,1.200,1065,0,713.464,30,0,320.852
KSHV20230730-4,KSHV20230730_113439_V06,9,2.417,1.200,1066,0,4.594,0,0,4.594
KSHV20230730-4,KSHV20230730_114319_V06,0,0.308,1.200,5402,0,41509.610,1089,0,29362.214
KSHV20230730-4,KSHV20230730_114319_V06,4,0.879,1.200,5400,0,31696.968,1036,0,24889.648
KSHV20230730-4,KSHV20230730_114319_V06,6,1.318,1.200,5398,0,15632.232,877,0,11710.529
KSHV20230730-4,KSHV20230730_114319_V06,8,1.802,1.200,2703,0,1459.730,43,0,914.936
KSHV20230730-4,KSHV20230730_114319_V06,9,2.417,1.200,2706,0,159.457,12,0,83.904
KSHV20230730-4,KSHV20230730_120043_V06,0,0.308,1.200,9266,0,60527.659,1998,0,44302.037
KSHV20230730-4,KSHV20230730_120043_V06,4,0.879,1.200,9268,0,28923.979,1782,0,14470.125
KSHV20230730-4,KSHV20230730_120043_V06,6,1.318,1.200,9270,0,16826.906,1192,0,12089.774
KSHV20230730-4,KSHV20230730_120043_V06,8,1.802,1.200,4635,0,4399.036,131,0,2930.900
KSHV20230730-4,KSHV20230730_120043_V06,9,2.417,1.200,4632,0,879.426,82,0,370.770
KSHV20230730-4,KSHV20230730_120923_V06,0,0.308,1.200,11829,0,161864.563,1962,0,60155.613
KSHV20230730-4,KSHV20230730_120923_V06,4,0.879,1.200,11831,0,22345.298,1832,0,12336.029
KSHV20230730-4,KSHV20230730_120923_V06,6,1.318,1.200,11833,0,17896.129,1537,0,11209.623
KSHV20230730-4,KSHV20230730_120923_V06,8,1.802,1.200,5910,0,4529.463,127,0,2996.927
KSHV20230730-4,KSHV20230730_120923_V06,9,2.417,1.200,5919,0,1452.440,130,0,645.647
KSHV20230730-4,KSHV20230730_121804_V06,0,0.308,1.200,12724,0,283549.537,1474,0,241417.900
KSHV20230730-4,KSHV20230730_121804_V06,4,0.879,1.200,12723,0,17779.133,1692,0,10380.011
KSHV20230730-4,KSHV20230730_121804_V06,6,1.318,1.200,12725,0,12298.440,1374,0,7383.959
KSHV20230730-4,KSHV20230730_121804_V06,8,1.802,1.200,6361,0,1807.658,93,0,1076.008
KSHV20230730-4,KSHV20230730_121804_V06,9,2.417,1.200,6369,0,1226.055,151,0,509.607
KSHV20230731-11,KSHV20230731_113229_V06,0,0.308,1.200,2429,0,76238.184,290,0,64195.935
KSHV20230731-11,KSHV20230731_113229_V06,4,0.879,1.200,2426,0,12029.274,272,0,6514.017
KSHV20230731-11,KSHV20230731_113229_V06,6,1.318,1.200,2429,0,88.638,5,0,50.719
KSHV20230731-11,KSHV20230731_113808_V06,0,0.308,1.200,3882,0,117696.044,489,0,98100.359
KSHV20230731-11,KSHV20230731_113808_V06,4,0.879,1.200,3888,0,27809.690,503,0,18394.274
KSHV20230731-11,KSHV20230731_113808_V06,6,1.318,1.200,3879,0,1229.217,47,0,642.497
KSHV20230731-11,KSHV20230731_114355_V06,0,0.308,1.200,4498,0,95070.482,697,0,74270.987
KSHV20230731-11,KSHV20230731_114355_V06,4,0.879,1.200,4497,0,41272.447,537,0,30780.123
KSHV20230731-11,KSHV20230731_114355_V06,6,1.318,1.200,4503,0,2212.224,110,0,1199.050
KSHV20230731-11,KSHV20230731_114936_V06,0,0.308,1.200,5972,0,96425.578,1008,0,70528.829
KSHV20230731-11,KSHV20230731_114936_V06,4,0.879,1.200,5973,0,58299.250,695,0,45915.344
KSHV20230731-11,KSHV20230731_114936_V06,6,1.318,1.200,5973,0,8834.081,303,0,5939.219
KSHV20230731-11,KSHV20230731_120051_V06,0,0.308,1.200,8918,0,143470.060,2349,0,88189.184
KSHV20230731-11,KSHV20230731_120051_V06,4,0.879,1.200,8920,0,68957.994,1274,0,49968.702
KSHV20230731-11,KSHV20230731_120051_V06,6,1.318,1.200,8924,0,29109.179,718,0,21076.735
KSHV20230731-5,KSHV20230731_111013_V06,0,0.308,1.200,2044,3,89144.060,98,2,84749.172
KSHV20230731-5,KSHV20230731_111013_V06,4,0.879,1.200,2045,0,51032.041,113,0,47609.532
KSHV20230731-5,KSHV20230731_111013_V06,6,1.318,1.200,2044,0,25743.135,210,0,22333.736
KSHV20230731-5,KSHV20230731_111013_V06,8,1.802,1.200,1024,0,10214.290,177,0,5951.360
KSHV20230731-5,KSHV20230731_111013_V06,9,2.417,1.200,1022,0,2961.424,253,0,1451.834
KSHV20230731-5,KSHV20230731_111013_V06,10,3.120,1.200,1024,0,1594.380,193,0,1004.417
KSHV20230731-5,KSHV20230731_111013_V06,11,3.999,1.200,1027,0,185.943,202,0,107.933
KSHV20230731-5,KSHV20230731_111013_V06,12,5.098,1.200,1030,0,198.665,171,0,158.033
KSHV20230731-5,KSHV20230731_111013_V06,13,6.416,1.200,1032,0,41.794,133,0,16.977
KSHV20230731-5,KSHV20230731_111013_V06,14,7.998,1.200,1034,0,15.580,299,0,6.760
KSHV20230731-5,KSHV20230731_111534_V06,0,0.308,1.200,10329,0,126444.219,610,0,118540.892
KSHV20230731-5,KSHV20230731_111534_V06,4,0.879,1.200,10334,0,64967.331,1024,0,59443.642
KSHV20230731-5,KSHV20230731_111534_V06,6,1.318,1.200,10334,0,36789.997,1668,0,31647.607
KSHV20230731-5,KSHV20230731_111534_V06,8,1.802,1.200,5159,0,23423.570,1029,0,18065.650
KSHV20230731-5,KSHV20230731_111534_V06,9,2.417,1.200,5162,0,12607.163,1163,0,8492.038
KSHV20230731-5,KSHV20230731_111534_V06,10,3.120,1.200,5167,0,14736.768,1290,0,7758.590
KSHV20230731-5,KSHV20230731_111534_V06,11,3.999,1.200,5178,0,13856.086,1084,0,10188.540
KSHV20230731-5,KSHV20230731_111534_V06,12,5.098,1.200,5193,0,1945.482,970,0,1206.988
KSHV20230731-5,KSHV20230731_111534_V06,13,6.416,1.200,5195,0,452.714,942,0,251.029
KSHV20230731-5,KSHV20230731_111534_V06,14,7.998,1.200,5218,0,87.872,1661,0,32.997
KSHV20230731-5,KSHV20230731_112112_V06,0,0.308,1.200,21618,1,140713.651,1458,1,134963.122
KSHV20230731-5,KSHV20230731_112112_V06,4,0.879,1.200,21623,0,44220.647,2725,0,40963.368
KSHV20230731-5,KSHV20230731_112112_V06,6,1.318,1.200,21622,0,23766.473,3939,0,20266.425
KSHV20230731-5,KSHV20230731_112112_V06,8,1.802,1.200,10814,0,16917.078,2161,0,13563.731
KSHV20230731-5,KSHV20230731_112112_V06,9,2.417,1.200,10822,0,18145.151,2258,0,12334.756
KSHV20230731-5,KSHV20230731_112112_V06,10,3.120,1.200,10825,0,19079.690,2762,0,12871.535
KSHV20230731-5,KSHV20230731_112112_V06,11,3.999,1.200,10827,0,22108.818,2604,0,14892.209
KSHV20230731-5,KSHV20230731_112112_V06,12,5.098,1.200,10839,0,9521.092,2445,0,6177.579
KSHV20230731-5,KSHV20230731_112112_V06,13,6.416,1.200,10866,0,1650.222,2156,0,1133.194
KSHV20230731-5,KSHV20230731_112112_V06,14,7.998,1.200,10907,0,305.714,3175,0,105.036
KSHV20230731-5,KSHV20230731_112651_V06,0,0.308,1.200,27076,2,187138.880,1595,1,176694.638
KSHV20230731-5,KSHV20230731_112651_V06,4,0.879,1.200,27079,0,36629.446,3285,0,33638.630
KSHV20230731-5,KSHV20230731_112651_V06,6,1.318,1.200,27087,0,16159.506,4911,0,13983.995
KSHV20230731-5,KSHV20230731_112651_V06,8,1.802,1.200,13550,0,11906.189,2544,0,9433.940
KSHV20230731-5,KSHV20230731_112651_V06,9,2.417,1.200,13561,0,10136.446,2720,0,7666.985
KSHV20230731-5,KSHV20230731_112651_V06,10,3.120,1.200,13571,0,14774.554,3095,0,9841.145
KSHV20230731-5,KSHV20230731_112651_V06,11,3.999,1.200,13587,0,22851.031,3160,0,15497.199
KSHV20230731-5,KSHV20230731_112651_V06,12,5.098,1.200,13605,0,14314.603,2984,0,10424.785
KSHV20230731-5,KSHV20230731_112651_V06,13,6.416,1.200,13630,0,3230.392,3004,0,1879.919
KSHV20230731-5,KSHV20230731_112651_V06,14,7.998,1.200,13685,0,1007.138,3743,0,472.470
KSHV20230731-12,KSHV20230731_113229_V06,0,0.308,1.200,195,0,13709.354,24,0,13521.836
KSHV20230731-12,KSHV20230731_113229_V06,4,0.879,1.200,197,0,1056.139,22,0,985.681
KSHV20230731-12,KSHV20230731_113229_V06,6,1.318,1.200,198,0,34.247,4,0,22.800
KSHV20230731-12,KSHV20230731_113229_V06,8,1.802,1.200,96,0,9.049,1,0,5.419
KSHV20230731-12,KSHV20230731_113229_V06,9,2.417,1.200,98,0,0.272,0,0,0.272
KSHV20230731-12,KSHV20230731_113229_V06,10,3.120,1.200,97,0,0.269,0,0,0.269
KSHV20230731-12,KSHV20230731_113808_V06,0,0.308,1.200,1118,0,36225.366,313,0,33662.030
KSHV20230731-12,KSHV20230731_113808_V06,4,0.879,1.200,1118,0,2275.621,254,0,1751.408
KSHV20230731-12,KSHV20230731_113808_V06,6,1.318,1.200,1117,0,341.245,79,0,184.387
KSHV20230731-12,KSHV20230731_113808_V06,8,1.802,1.200,562,0,151.157,8,0,65.279
KSHV20230731-12,KSHV20230731_113808_V06,9,2.417,1.200,560,0,24.423,1,0,20.037
KSHV20230731-12,KSHV20230731_113808_V06,10,3.120,1.200,559,0,1.542,0,0,1.542
KSHV20230731-9,KSHV20230731_112112_V06,0,0.308,1.200,1253,0,70515.408,364,0,54448.140
KSHV20230731-9,KSHV20230731_112112_V06,4,0.879,1.200,1256,0,3805.942,337,0,2486.487
KSHV20230731-9,KSHV20230731_112112_V06,6,1.318,1.200,1257,0,89.157,19,0,40.256
KSHV20230731-9,KSHV20230731_112112_V06,8,1.802,1.200,628,0,2.583,0,0,2.583
KSHV20230731-9,KSHV20230731_112112_V06,9,2.417,1.200,626,0,2.577,0,0,2.577
KSHV20230731-13,KSHV20230731_114936_V06,0,0.308,1.200,11017,0,117824.412,967,0,112727.190
KSHV20230731-13,KSHV20230731_114936_V06,4,0.879,1.200,11024,0,34112.626,2344,0,31213.821
KSHV20230731-13,KSHV20230731_114936_V06,6,1.318,1.200,11031,0,2637.332,1092,0,1920.640
KSHV20230731-13,KSHV20230731_114936_V06,8,1.802,1.200,5513,0,247.071,20,0,162.809
KSHV20230731-13,KSHV20230731_114936_V06,9,2.417,1.200,5520,0,381.542,55,0,214.481
KSHV20230731-13,KSHV20230731_114936_V06,10,3.120,1.200,5524,0,222.192,100,0,77.971
KSHV20230731-13,KSHV20230731_114936_V06,11,3.999,1.200,5530,0,159.228,119,0,56.615
KSHV20230731-16,KSHV20230731_123410_V06,0,0.308,1.200,2262,0,24644.554,200,0,24057.492
KSHV20230731-16,KSHV20230731_123410_V06,4,0.879,1.200,2267,0,5488.970,406,0,5072.536
KSHV20230731-16,KSHV20230731_123410_V06,6,1.318,1.200,2271,0,229.491,107,0,153.950
KSHV20230731-16,KSHV20230731_123410_V06,8,1.802,1.200,1130,0,37.365,1,0,32.866
KSHV20230731-16,KSHV20230731_123410_V06,9,2.417,1.200,1130,0,27.105,1,0,25.457
KSHV20230731-16,KSHV20230731_123410_V06,10,3.120,1.200,1130,0,14.975,4,0,8.151
KSHV20230801-7,KSHV20230801_112413_V06,0,0.308,1.200,2201,0,45471.024,252,0,34985.056
KSHV20230801-7,KSHV20230801_112413_V06,4,0.879,1.200,2199,0,14589.746,283,0,9710.152
KSHV20230801-7,KSHV20230801_112413_V06,6,1.318,1.200,2202,0,78.384,4,0,54.525
KSHV20230801-7,KSHV20230801_113254_V06,0,0.308,1.200,3993,0,200560.497,508,0,170153.698
KSHV20230801-7,KSHV20230801_113254_V06,4,0.879,1.200,3992,0,39013.207,416,0,33032.016
KSHV20230801-7,KSHV20230801_113254_V06,6,1.318,1.200,3996,0,2342.574,172,0,1375.889
KSHV20230801-7,KSHV20230801_114135_V06,0,0.308,1.200,6556,0,144752.635,980,0,123077.031
KSHV20230801-7,KSHV20230801_114135_V06,4,0.879,1.200,6559,0,93795.151,684,0,84812.432
KSHV20230801-7,KSHV20230801_114135_V06,6,1.318,1.200,6563,0,20022.530,552,0,16780.468
KSHV20230801-7,KSHV20230801_115016_V06,0,0.308,1.200,9001,0,92211.682,1366,0,70598.711
KSHV20230801-7,KSHV20230801_115016_V06,4,0.879,1.200,9003,0,132459.842,881,0,121820.954
KSHV20230801-7,KSHV20230801_115016_V06,6,1.318,1.200,9013,0,86709.857,893,0,78153.933
KSHV20230801-7,KSHV20230801_120738_V06,0,0.308,1.200,14217,0,67781.882,2034,0,42687.168
KSHV20230801-7,KSHV20230801_120738_V06,4,0.879,1.200,14226,0,115233.832,2470,0,86624.371
KSHV20230801-7,KSHV20230801_120738_V06,6,1.318,1.200,14231,0,70098.763,1795,0,54539.760
KSHV20230801-2,KSHV20230801_110649_V06,0,0.308,1.200,6575,0,78653.013,226,0,76534.629
KSHV20230801-2,KSHV20230801_110649_V06,4,0.879,1.200,6572,0,84758.662,338,0,84180.287
KSHV20230801-2,KSHV20230801_110649_V06,6,1.318,1.200,6571,0,58772.528,479,0,57761.527
KSHV20230801-2,KSHV20230801_110649_V06,8,1.802,1.200,3281,0,44586.174,628,0,36362.581
KSHV20230801-2,KSHV20230801_110649_V06,9,2.417,1.200,3283,0,41231.949,648,0,31405.979
KSHV20230801-2,KSHV20230801_110649_V06,10,3.120,1.200,3285,0,20985.266,710,0,15790.100
KSHV20230801-2,KSHV20230801_110649_V06,11,3.999,1.200,3293,0,2890.115,595,0,1965.715
KSHV20230801-2,KSHV20230801_110649_V06,12,5.098,1.200,3302,0,236.238,531,0,101.560
KSHV20230801-2,KSHV20230801_110649_V06,13,6.416,1.200,3309,0,68.545,543,0,56.284
KSHV20230801-2,KSHV20230801_111531_V06,0,0.308,1.200,13117,0,222795.945,507,0,220503.939
KSHV20230801-2,KSHV20230801_111531_V06,4,0.879,1.200,13118,0,60767.503,705,0,59511.008
KSHV20230801-2,KSHV20230801_111531_V06,6,1.318,1.200,13122,0,30134.833,822,0,29263.971
KSHV20230801-2,KSHV20230801_111531_V06,8,1.802,1.200,6558,0,22463.486,1139,0,18184.206
KSHV20230801-2,KSHV20230801_111531_V06,9,2.417,1.200,6568,0,32014.001,1259,0,25254.300
KSHV20230801-2,KSHV20230801_111531_V06,10,3.120,1.200,6570,0,37861.000,1426,0,28692.973
KSHV20230801-2,KSHV20230801_111531_V06,11,3.999,1.200,6576,0,18525.686,1330,0,13586.227
KSHV20230801-2,KSHV20230801_111531_V06,12,5.098,1.200,6586,0,2633.681,1188,0,1808.190
KSHV20230801-2,KSHV20230801_111531_V06,13,6.416,1.200,6604,0,379.199,1158,0,191.877
KSHV20230801-2,KSHV20230801_112413_V06,0,0.308,1.200,19223,1,297051.787,540,1,293797.316
KSHV20230801-2,KSHV20230801_112413_V06,4,0.879,1.200,19225,0,57975.941,809,0,56814.037
KSHV20230801-2,KSHV20230801_112413_V06,6,1.318,1.200,19226,0,30947.942,827,0,30404.249
KSHV20230801-2,KSHV20230801_112413_V06,8,1.802,1.200,9611,0,16633.310,1609,0,14947.486
KSHV20230801-2,KSHV20230801_112413_V06,9,2.417,1.200,9617,0,12329.628,2042,0,9947.682
KSHV20230801-2,KSHV20230801_112413_V06,10,3.120,1.200,9624,0,17206.860,2375,0,14304.026
KSHV20230801-2,KSHV20230801_112413_V06,11,3.999,1.200,9637,0,20100.313,2491,0,15311.644
KSHV20230801-2,KSHV20230801_112413_V06,12,5.098,1.200,9654,0,8645.928,2538,0,6571.491
KSHV20230801-2,KSHV20230801_112413_V06,13,6.416,1.200,9676,0,921.987,2440,0,531.837
KSHV20230801-2,KSHV20230801_113254_V06,0,0.308,1.200,39260,0,384118.128,1093,0,378888.467
KSHV20230801-2,KSHV20230801_113254_V06,4,0.879,1.200,39265,0,78668.184,2092,0,76894.758
KSHV20230801-2,KSHV20230801_113254_V06,6,1.318,1.200,39280,0,72079.157,3101,0,71000.067
KSHV20230801-2,KSHV20230801_113254_V06,8,1.802,1.200,19648,0,53122.256,4337,0,46724.840
KSHV20230801-2,KSHV20230801_113254_V06,9,2.417,1.200,19655,0,45515.635,4926,0,38592.385
KSHV20230801-2,KSHV20230801_113254_V06,10,3.120,1.200,19668,0,28779.151,5645,0,23190.079
KSHV20230801-2,KSHV20230801_113254_V06,11,3.999,1.200,19688,0,26529.351,5834,0,20527.980
KSHV20230801-2,KSHV20230801_113254_V06,12,5.098,1.200,19715,0,34982.757,5999,0,28835.697
KSHV20230801-2,KSHV20230801_113254_V06,13,6.416,1.200,19776,0,10052.404,5766,0,7535.504
KSHV20230801-6,KSHV20230801_111531_V06,0,0.308,1.200,1045,0,34363.075,183,0,30730.253
KSHV20230801-6,KSHV20230801_111531_V06,4,0.879,1.200,1045,0,2304.489,162,0,1464.548
KSHV20230801-6,KSHV20230801_111531_V06,6,1.318,1.200,1046,0,236.595,39,0,113.470
KSHV20230801-6,KSHV20230801_111531_V06,8,1.802,1.200,514,0,2.314,0,0,2.314
KSHV20230801-6,KSHV20230801_112413_V06,0,0.308,1.200,2545,0,64464.497,350,0,59286.411
KSHV20230801-6,KSHV20230801_112413_V06,4,0.879,1.200,2544,0,17691.966,309,0,15843.042
KSHV20230801-6,KSHV20230801_112413_V06,6,1.318,1.200,2543,0,1331.948,111,0,901.739
KSHV20230801-6,KSHV20230801_112413_V06,8,1.802,1.200,1266,0,159.534,3,0,120.396
KSHV20230801-6,KSHV20230801_113254_V06,0,0.308,1.200,5123,0,103362.926,909,0,93598.314
KSHV20230801-6,KSHV20230801_113254_V06,4,0.879,1.200,5127,0,53860.141,827,0,48912.283
KSHV20230801-6,KSHV20230801_113254_V06,6,1.318,1.200,5131,0,13074.860,502,0,10942.105
KSHV20230801-6,KSHV20230801_113254_V06,8,1.802,1.200,2564,0,165.732,6,0,96.901
KSHV20230801-6,KSHV20230801_113254_V06,9,2.417,1.200,2568,0,26.503,2,0,11.324
KSHV20230801-6,KSHV20230801_114135_V06,0,0.308,1.200,7097,0,133846.330,1720,0,87417.763
KSHV20230801-6,KSHV20230801_114135_V06,4,0.879,1.200,7105,0,60437.304,1495,0,51837.873
KSHV20230801-6,KSHV20230801_114135_V06,6,1.318,1.200,7101,0,26656.704,885,0,23113.001
KSHV20230801-6,KSHV20230801_114135_V06,8,1.802,1.200,3551,0,1435.836,57,0,810.033
KSHV20230801-4,KSHV20230801_110649_V06,0,0.308,1.200,1282,0,157097.991,58,0,153185.808
KSHV20230801-4,KSHV20230801_110649_V06,4,0.879,1.200,1283,0,8440.133,191,0,7097.094
KSHV20230801-4,KSHV20230801_110649_V06,6,1.318,1.200,1281,0,4994.928,319,0,2402.235
KSHV20230801-4,KSHV20230801_110649_V06,8,1.802,1.200,637,0,385.126,10,0,235.286
KSHV20230801-4,KSHV20230801_110649_V06,9,2.417,1.200,639,0,17.211,0,0,17.211
KSHV20230801-4,KSHV20230801_111531_V06,0,0.308,1.200,3217,0,357531.079,222,0,351797.707
KSHV20230801-4,KSHV20230801_111531_V06,4,0.879,1.200,3221,0,7291.495,417,0,4925.311
KSHV20230801-4,KSHV20230801_111531_V06,6,1.318,1.200,3224,0,5978.644,400,0,3136.117
KSHV20230801-4,KSHV20230801_111531_V06,8,1.802,1.200,1589,0,431.386,8,0,236.520
KSHV20230801-4,KSHV20230801_111531_V06,9,2.417,1.200,1589,0,6.475,0,0,6.475
KSHV20230801-9,KSHV20230801_123341_V06,0,0.308,1.200,10114,0,69327.663,968,0,41768.722
KSHV20230801-9,KSHV20230801_123341_V06,4,0.879,1.200,10111,0,47246.476,1017,0,30666.782
KSHV20230801-9,KSHV20230801_123341_V06,6,1.318,1.200,10121,0,1842.897,183,0,870.035
KSHV20230801-9,KSHV20230801_124222_V06,0,0.308,1.200,13594,0,107994.882,1610,0,68640.647
KSHV20230801-9,KSHV20230801_124222_V06,4,0.879,1.200,13599,0,89167.955,1702,0,57522.927
KSHV20230801-9,KSHV20230801_124222_V06,6,1.318,1.200,13611,0,5065.892,319,0,3147.729
KSHV20230801-1,KSHV20230801_103202_V06,0,0.308,1.200,260,0,35767.715,0,0,35767.715
KSHV20230801-1,KSHV20230801_103202_V06,4,0.879,1.200,260,0,4352.320,44,0,3579.418
KSHV20230801-1,KSHV20230801_103202_V06,6,1.318,1.200,262,0,2764.939,88,0,1889.567
KSHV20230801-1,KSHV20230801_103202_V06,8,1.802,1.200,130,0,588.581,33,0,205.511
KSHV20230801-1,KSHV20230801_103202_V06,9,2.417,1.200,131,0,88.618,10,0,38.261
KSHV20230801-1,KSHV20230801_103202_V06,10,3.120,1.200,133,0,0.339,0,0,0.339
KSHV20230801-5,KSHV20230801_110649_V06,0,0.308,1.200,419,0,148373.252,17,0,147485.920
KSHV20230801-5,KSHV20230801_110649_V06,4,0.879,1.200,415,0,6768.935,55,0,6309.235
KSHV20230801-5,KSHV20230801_110649_V06,6,1.318,1.200,415,0,1834.828,51,0,1336.506
KSHV20230801-5,KSHV20230801_110649_V06,8,1.802,1.200,202,0,106.511,3,0,26.775
KSHV20230801-8,KSHV20230801_112413_V06,0,0.308,1.200,6721,0,149683.435,144,0,147433.014
KSHV20230801-8,KSHV20230801_112413_V06,4,0.879,1.200,6729,0,8940.254,156,0,8733.250
KSHV20230801-8,KSHV20230801_112413_V06,6,1.318,1.200,6731,0,3328.048,408,0,3078.542
KSHV20230801-8,KSHV20230801_112413_V06,8,1.802,1.200,3366,0,1664.051,827,0,1116.549
KSHV20230801-8,KSHV20230801_112413_V06,9,2.417,1.200,3369,0,697.301,919,0,467.105
KSHV20230801-8,KSHV20230801_112413_V06,10,3.120,1.200,3374,0,420.351,763,0,273.382
KSHV20230801-8,KSHV20230801_112413_V06,11,3.999,1.200,3374,0,189.899,520,0,129.792
KSHV20230801-8,KSHV20230801_112413_V06,12,5.098,1.200,3373,0,237.886,426,0,133.283
KSHV20230801-8,KSHV20230801_112413_V06,13,6.416,1.200,3381,0,296.150,864,0,171.390
KSHV20230802-5,KSHV20230802_112511_V06,0,0.308,1.200,2538,0,184814.053,273,0,162724.578
KSHV20230802-5,KSHV20230802_112511_V06,4,0.879,1.200,2537,0,15769.066,242,0,11722.690
KSHV20230802-5,KSHV20230802_112511_V06,6,1.318,1.200,2540,0,17.592,1,0,14.074
KSHV20230802-5,KSHV20230802_113353_V06,0,0.308,1.200,4785,0,323511.455,720,0,292464.191
KSHV20230802-5,KSHV20230802_113353_V06,4,0.879,1.200,4786,0,51611.258,507,0,42204.293
KSHV20230802-5,KSHV20230802_113353_V06,6,1.318,1.200,4789,0,2284.789,121,0,1453.183
KSHV20230802-5,KSHV20230802_114235_V06,0,0.308,1.200,7647,0,528487.357,1333,0,462262.694
KSHV20230802-5,KSHV20230802_114235_V06,4,0.879,1.200,7647,0,107815.674,919,0,89474.833
KSHV20230802-5,KSHV20230802_114235_V06,6,1.318,1.200,7652,0,23687.518,408,0,19518.186
KSHV20230802-5,KSHV20230802_115116_V06,0,0.308,1.200,10988,0,868596.961,1904,0,794872.112
KSHV20230802-5,KSHV20230802_115116_V06,4,0.879,1.200,10997,0,141335.529,1481,0,115096.798
KSHV20230802-5,KSHV20230802_115116_V06,6,1.318,1.200,11005,0,52052.156,648,0,44729.226
KSHV20230802-5,KSHV20230802_120813_V06,0,0.308,1.200,19561,0,871304.579,3805,0,722274.686
KSHV20230802-5,KSHV20230802_120813_V06,4,0.879,1.200,19572,0,201908.165,4129,0,121576.371
KSHV20230802-5,KSHV20230802_120813_V06,6,1.318,1.200,19572,0,75359.819,2009,0,51574.272
KSHV20230802-5,KSHV20230802_120813_V06,8,1.802,1.200,9799,0,13165.023,142,0,10581.983
KSHV20230802-3,KSHV20230802_111629_V06,0,0.308,1.200,364,0,63972.086,1,0,63964.137
KSHV20230802-3,KSHV20230802_111629_V06,4,0.879,1.200,361,0,1148.232,61,0,830.318
KSHV20230802-3,KSHV20230802_111629_V06,6,1.318,1.200,365,0,169.678,32,0,54.857
KSHV20230802-3,KSHV20230802_111629_V06,8,1.802,1.200,186,0,0.705,0,0,0.705
KSHV20230802-3,KSHV20230802_111629_V06,9,2.417,1.200,185,0,0.702,0,0,0.702
KSHV20230802-3,KSHV20230802_112511_V06,0,0.308,1.200,2090,0,94991.655,128,0,93875.158
KSHV20230802-3,KSHV20230802_112511_V06,4,0.879,1.200,2089,0,2885.350,361,0,1873.085
KSHV20230802-3,KSHV20230802_112511_V06,6,1.318,1.200,2089,0,2453.053,134,0,1588.571
KSHV20230802-3,KSHV20230802_112511_V06,8,1.802,1.200,1047,0,257.981,7,0,136.562
KSHV20230802-3,KSHV20230802_112511_V06,9,2.417,1.200,1047,0,128.403,0,0,128.403
KSHV20230802-1,KSHV20230802_110749_V06,0,0.308,1.200,43,0,18091.483,0,0,18091.483
KSHV20230802-1,KSHV20230802_110749_V06,4,0.879,1.200,42,0,27.793,3,0,19.208
KSHV20230802-1,KSHV20230802_110749_V06,6,1.318,1.200,43,0,0.119,0,0,0.119
KSHV20230802-1,KSHV20230802_110749_V06,8,1.802,1.200,28,0,0.155,0,0,0.155
KSHV20230802-4,KSHV20230802_111629_V06,0,0.308,1.200,8347,0,131166.376,183,0,128836.834
KSHV20230802-4,KSHV20230802_111629_V06,4,0.879,1.200,8346,0,37177.108,144,0,36232.087
KSHV20230802-4,KSHV20230802_111629_V06,6,1.318,1.200,8349,0,14983.645,250,0,14495.218
KSHV20230802-4,KSHV20230802_111629_V06,8,1.802,1.200,4175,0,6186.436,425,0,5417.281
KSHV20230802-4,KSHV20230802_111629_V06,9,2.417,1.200,4177,0,5539.120,603,0,4544.257
KSHV20230802-4,KSHV20230802_111629_V06,10,3.120,1.200,4180,0,7351.553,630,0,6105.400
KSHV20230802-4,KSHV20230802_111629_V06,11,3.999,1.200,4182,0,3832.561,567,0,2059.437
KSHV20230802-4,KSHV20230802_111629_V06,12,5.098,1.200,4192,0,279.374,487,0,123.075
KSHV20230802-4,KSHV20230802_111629_V06,13,6.416,1.200,4200,0,203.362,637,0,122.289
KSHV20230803-1,KSHV20230803_111001_V06,0,0.308,1.200,2757,0,91838.155,96,0,90515.659
KSHV20230803-1,KSHV20230803_111001_V06,4,0.879,1.200,2755,0,60728.285,43,0,60226.549
KSHV20230803-1,KSHV20230803_111001_V06,6,1.318,1.200,2757,0,29731.780,203,0,29505.775
KSHV20230803-1,KSHV20230803_111001_V06,8,1.802,1.200,1377,0,12163.145,338,0,11371.294
KSHV20230803-1,KSHV20230803_111001_V06,9,2.417,1.200,1380,0,8607.541,199,0,6274.194
KSHV20230803-1,KSHV20230803_111001_V06,10,3.120,1.200,1377,0,5282.037,191,0,3640.677
KSHV20230803-1,KSHV20230803_111001_V06,11,3.999,1.200,1378,0,1227.744,216,0,598.192
KSHV20230803-1,KSHV20230803_111001_V06,12,5.098,1.200,1379,0,263.889,105,0,33.573
KSHV20230803-1,KSHV20230803_111001_V06,13,6.416,1.200,1383,0,34.190,109,0,30.664
KSHV20230803-1,KSHV20230803_111842_V06,0,0.308,1.200,11456,0,132673.359,421,0,127971.332
KSHV20230803-1,KSHV20230803_111842_V06,4,0.879,1.200,11456,0,34017.489,598,0,32664.283
KSHV20230803-1,KSHV20230803_111842_V06,6,1.318,1.200,11455,0,13671.727,1641,0,12958.339
KSHV20230803-1,KSHV20230803_111842_V06,8,1.802,1.200,5735,0,7999.132,1581,0,6589.382
KSHV20230803-1,KSHV20230803_111842_V06,9,2.417,1.200,5735,0,6206.794,1178,0,5080.709
KSHV20230803-1,KSHV20230803_111842_V06,10,3.120,1.200,5740,0,6263.237,1058,0,4933.872
KSHV20230803-1,KSHV20230803_111842_V06,11,3.999,1.200,5749,0,7731.280,897,0,5355.736
KSHV20230803-1,KSHV20230803_111842_V06,12,5.098,1.200,5751,0,2633.648,666,0,1476.034
KSHV20230803-1,KSHV20230803_111842_V06,13,6.416,1.200,5763,0,407.645,674,0,213.039
KSHV20230803-1,KSHV20230803_112723_V06,0,0.308,1.200,25209,0,137891.319,860,0,133030.321
KSHV20230803-1,KSHV20230803_112723_V06,4,0.879,1.200,25216,0,33175.266,1474,0,31385.712
KSHV20230803-1,KSHV20230803_112723_V06,6,1.318,1.200,25222,0,15030.798,3518,0,13719.502
KSHV20230803-1,KSHV20230803_112723_V06,8,1.802,1.200,12617,0,7390.646,3060,0,5584.222
KSHV20230803-1,KSHV20230803_112723_V06,9,2.417,1.200,12620,0,7571.410,2947,0,5702.977
KSHV20230803-1,KSHV20230803_112723_V06,10,3.120,1.200,12627,0,8766.891,3043,0,6211.760
KSHV20230803-1,KSHV20230803_112723_V06,11,3.999,1.200,12639,0,11936.841,2535,0,9142.554
KSHV20230803-1,KSHV20230803_112723_V06,12,5.098,1.200,12663,0,6387.074,2061,0,4996.557
KSHV20230803-1,KSHV20230803_112723_V06,13,6.416,1.200,12695,0,1197.472,2048,0,736.282
KSHV20230803-1,KSHV20230803_113605_V06,0,0.308,1.200,42024,1,133067.873,1608,0,127222.545
KSHV20230803-1,KSHV20230803_113605_V06,4,0.879,1.200,42028,0,26968.479,3247,0,24401.679
KSHV20230803-1,KSHV20230803_113605_V06,6,1.318,1.200,42036,0,12257.850,5940,0,10413.041
KSHV20230803-1,KSHV20230803_113605_V06,8,1.802,1.200,20998,0,6721.478,4918,0,4566.778
KSHV20230803-1,KSHV20230803_113605_V06,9,2.417,1.200,21006,0,5594.059,5013,0,4036.522
KSHV20230803-1,KSHV20230803_113605_V06,10,3.120,1.200,21017,0,5103.216,5343,0,3519.658
KSHV20230803-1,KSHV20230803_113605_V06,11,3.999,1.200,21042,0,10849.181,4556,0,7296.605
KSHV20230803-1,KSHV20230803_113605_V06,12,5.098,1.200,21082,0,10591.618,4001,0,7066.248
KSHV20230803-1,KSHV20230803_113605_V06,13,6.416,1.200,21134,0,3115.703,3447,0,1912.799
KSHV20230803-1,KSHV20230803_114446_V06,0,0.308,1.200,72673,1,245544.366,2983,0,234175.901
KSHV20230803-1,KSHV20230803_114446_V06,4,0.879,1.200,72689,0,53401.795,6424,0,48514.787
KSHV20230803-1,KSHV20230803_114446_V06,6,1.318,1.200,72696,0,22155.037,10898,0,18572.862
KSHV20230803-1,KSHV20230803_114446_V06,8,1.802,1.200,36355,0,11907.892,8725,0,8099.590
KSHV20230803-1,KSHV20230803_114446_V06,9,2.417,1.200,36371,0,9249.065,8994,0,5960.968
KSHV20230803-1,KSHV20230803_114446_V06,10,3.120,1.200,36403,0,13284.932,9632,0,8720.819
KSHV20230803-1,KSHV20230803_114446_V06,11,3.999,1.200,36448,0,23609.133,8468,0,17560.581
KSHV20230803-1,KSHV20230803_114446_V06,12,5.098,1.200,36506,0,15391.570,7247,0,11261.370
KSHV20230803-1,KSHV20230803_114446_V06,13,6.416,1.200,36593,0,5358.799,6141,0,3056.944
KSHV20230803-5,KSHV20230803_112723_V06,0,0.308,1.200,2101,0,1345943.763,96,0,1311334.006
KSHV20230803-5,KSHV20230803_112723_V06,4,0.879,1.200,2104,0,31426.848,245,0,24590.461
KSHV20230803-5,KSHV20230803_112723_V06,6,1.318,1.200,2105,0,25246.329,279,0,9830.850
KSHV20230803-5,KSHV20230803_113605_V06,0,0.308,1.200,4758,0,392421.474,359,0,363160.288
KSHV20230803-5,KSHV20230803_113605_V06,4,0.879,1.200,4758,0,83053.577,651,0,60521.534
KSHV20230803-5,KSHV20230803_113605_V06,6,1.318,1.200,4762,0,35297.673,873,0,18366.287
KSHV20230803-5,KSHV20230803_114446_V06,0,0.308,1.200,8977,0,2427714.127,443,0,2326577.593
KSHV20230803-5,KSHV20230803_114446_V06,4,0.879,1.200,8982,0,318305.359,859,0,292131.308
KSHV20230803-5,KSHV20230803_114446_V06,6,1.318,1.200,8989,0,92871.337,1070,0,50115.949
KSHV20230803-3,KSHV20230803_111842_V06,0,0.308,1.200,379,0,89576.457,16,0,86743.757
KSHV20230803-3,KSHV20230803_111842_V06,4,0.879,1.200,379,0,3527.355,33,0,2204.087
KSHV20230803-3,KSHV20230803_111842_V06,6,1.318,1.200,377,0,595.292,28,0,169.471
KSHV20230803-3,KSHV20230803_112723_V06,0,0.308,1.200,1381,0,94812.048,77,0,91779.898
KSHV20230803-3,KSHV20230803_112723_V06,4,0.879,1.200,1382,0,7195.724,77,0,4074.106
KSHV20230803-3,KSHV20230803_112723_V06,6,1.318,1.200,1379,0,8973.081,170,0,3545.266
KSHV20230803-4,KSHV20230803_111842_V06,0,0.308,1.200,237,0,52071.199,2,0,51704.177
KSHV20230803-4,KSHV20230803_111842_V06,4,0.879,1.200,236,0,8116.574,16,0,7627.669
KSHV20230803-4,KSHV20230803_111842_V06,6,1.318,1.200,238,0,272.001,3,0,222.429
KSHV20230803-6,KSHV20230803_112723_V06,0,0.308,1.200,6076,0,55788.309,469,0,49028.339
KSHV20230803-6,KSHV20230803_112723_V06,4,0.879,1.200,6074,0,12273.106,191,0,8515.788
KSHV20230803-6,KSHV20230803_112723_V06,6,1.318,1.200,6079,0,27248.550,734,0,15229.458
KSHV20230803-6,KSHV20230803_112723_V06,8,1.802,1.200,3042,0,1263.534,25,0,680.700
KSHV20230803-7,KSHV20230803_123652_V06,0,0.308,1.200,1521,0,43409.763,36,0,43008.838
KSHV20230803-7,KSHV20230803_123652_V06,4,0.879,1.200,1521,0,1679.119,37,0,1426.935
KSHV20230803-7,KSHV20230803_123652_V06,6,1.318,1.200,1516,0,3887.918,176,0,2231.461
KSHV20230803-7,KSHV20230803_123652_V06,8,1.802,1.200,760,0,119.334,6,0,17.867
KSHV20230803-8,KSHV20230803_123652_V06,0,0.308,1.200,4423,0,91872.663,144,0,89581.201
KSHV20230803-8,KSHV20230803_123652_V06,4,0.879,1.200,4429,0,11003.350,188,0,7739.822
KSHV20230803-8,KSHV20230803_123652_V06,6,1.318,1.200,4427,0,11044.992,398,0,6110.040
KSHV20230803-8,KSHV20230803_123652_V06,8,1.802,1.200,2212,0,723.280,20,0,339.265
KSHV20230803-9,KSHV20230803_123652_V06,0,0.308,1.200,1195,0,70635.490,42,0,69953.832
KSHV20230803-9,KSHV20230803_123652_V06,4,0.879,1.200,1197,0,4791.568,27,0,4691.145
KSHV20230803-9,KSHV20230803_123652_V06,6,1.318,1.200,1196,0,488.651,50,0,277.203
KSHV20230803-9,KSHV20230803_123652_V06,8,1.802,1.200,594,0,207.248,9,0,94.749
KSHV20230803-9,KSHV20230803_123652_V06,9,2.417,1.200,596,0,283.472,3,0,215.840
KSHV20230804-1,KSHV20230804_111458_V06,0,0.308,1.200,14354,0,136867.191,1230,0,133210.665
KSHV20230804-1,KSHV20230804_111458_V06,4,0.879,1.200,14357,0,83521.145,1361,0,80244.889
KSHV20230804-1,KSHV20230804_111458_V06,6,1.318,1.200,14359,0,34307.719,1629,0,32163.808
KSHV20230804-1,KSHV20230804_111458_V06,8,1.802,1.200,7181,0,24098.342,1028,0,19920.825
KSHV20230804-1,KSHV20230804_111458_V06,9,2.417,1.200,7181,0,24733.109,732,0,19610.108
KSHV20230804-1,KSHV20230804_111458_V06,10,3.120,1.200,7187,0,26728.376,792,0,21293.721
KSHV20230804-1,KSHV20230804_111458_V06,11,3.999,1.200,7200,0,15017.736,643,0,11795.903
KSHV20230804-1,KSHV20230804_111458_V06,12,5.098,1.200,7212,0,1798.666,383,0,1167.280
KSHV20230804-1,KSHV20230804_111458_V06,13,6.416,1.200,7224,0,264.759,369,0,117.025
KSHV20230804-1,KSHV20230804_112339_V06,0,0.308,1.200,20773,0,135315.797,870,0,130590.544
KSHV20230804-1,KSHV20230804_112339_V06,4,0.879,1.200,20781,0,24879.930,1475,0,23295.446
KSHV20230804-1,KSHV20230804_112339_V06,6,1.318,1.200,20787,0,7246.275,3238,0,6247.049
KSHV20230804-1,KSHV20230804_112339_V06,8,1.802,1.200,10391,0,3651.927,2659,0,2841.792
KSHV20230804-1,KSHV20230804_112339_V06,9,2.417,1.200,10398,0,4409.620,2399,0,3403.434
KSHV20230804-1,KSHV20230804_112339_V06,10,3.120,1.200,10403,0,4755.481,2494,0,3593.371
KSHV20230804-1,KSHV20230804_112339_V06,11,3.999,1.200,10420,0,5685.263,2141,0,4093.607
KSHV20230804-1,KSHV20230804_112339_V06,12,5.098,1.200,10441,0,5978.570,1808,0,4484.408
KSHV20230804-1,KSHV20230804_112339_V06,13,6.416,1.200,10455,0,1614.260,1428,0,1011.540
KSHV20230804-1,KSHV20230804_113221_V06,0,0.308,1.200,39417,0,150657.762,1756,0,144849.209
KSHV20230804-1,KSHV20230804_113221_V06,4,0.879,1.200,39423,0,21056.480,3911,0,19227.445
KSHV20230804-1,KSHV20230804_113221_V06,6,1.318,1.200,39438,0,8888.371,6417,0,7730.428
KSHV20230804-1,KSHV20230804_113221_V06,8,1.802,1.200,19719,0,5073.696,4773,0,3405.651
KSHV20230804-1,KSHV20230804_113221_V06,9,2.417,1.200,19730,0,2844.727,4616,0,1779.949
KSHV20230804-1,KSHV20230804_113221_V06,10,3.120,1.200,19743,0,3323.217,4747,0,2378.092
KSHV20230804-1,KSHV20230804_113221_V06,11,3.999,1.200,19765,0,6737.358,4320,0,5314.370
KSHV20230804-1,KSHV20230804_113221_V06,12,5.098,1.200,19794,0,11913.786,3855,0,9102.563
KSHV20230804-1,KSHV20230804_113221_V06,13,6.416,1.200,19845,0,4800.512,3634,0,3167.221
KSHV20230804-1,KSHV20230804_114102_V06,0,0.308,1.200,63863,0,230989.416,2769,0,220372.776
KSHV20230804-1,KSHV20230804_114102_V06,4,0.879,1.200,63874,0,36647.806,6434,0,33239.968
KSHV20230804-1,KSHV20230804_114102_V06,6,1.318,1.200,63886,0,13562.763,10526,0,11360.790
KSHV20230804-1,KSHV20230804_114102_V06,8,1.802,1.200,31954,0,6872.789,6982,0,4732.032
KSHV20230804-1,KSHV20230804_114102_V06,9,2.417,1.200,31967,0,5454.076,7276,0,3508.217
KSHV20230804-1,KSHV20230804_114102_V06,10,3.120,1.200,31991,0,6069.547,7555,0,3816.352
KSHV20230804-1,KSHV20230804_114102_V06,11,3.999,1.200,32032,0,13406.410,6945,0,9571.548
KSHV20230804-1,KSHV20230804_114102_V06,12,5.098,1.200,32080,0,13487.685,6101,0,9984.112
KSHV20230804-1,KSHV20230804_114102_V06,13,6.416,1.200,32159,0,5706.167,5461,0,3649.855
KSHV20230804-1,KSHV20230804_114943_V06,0,0.308,1.200,99799,0,348164.060,5449,0,323681.326
KSHV20230804-1,KSHV20230804_114943_V06,4,0.879,1.200,99810,0,56995.634,12865,0,48261.403
KSHV20230804-1,KSHV20230804_114943_V06,6,1.318,1.200,99840,0,20733.512,18782,0,15587.367
KSHV20230804-1,KSHV20230804_114943_V06,8,1.802,1.200,49927,0,8191.041,9660,0,5380.233
KSHV20230804-1,KSHV20230804_114943_V06,9,2.417,1.200,49946,0,4883.169,9652,0,2948.776
KSHV20230804-1,KSHV20230804_114943_V06,10,3.120,1.200,49988,0,9125.835,10591,0,5373.441
KSHV20230804-1,KSHV20230804_114943_V06,11,3.999,1.200,50040,0,15154.433,9865,0,10421.167
KSHV20230804-1,KSHV20230804_114943_V06,12,5.098,1.200,50126,0,12612.322,8688,0,8719.859
KSHV20230804-1,KSHV20230804_114943_V06,13,6.416,1.200,50256,0,6321.088,7462,0,4319.011
KSHV20230804-6,KSHV20230804_112339_V06,0,0.308,1.200,1484,0,63048.418,175,0,55643.637
KSHV20230804-6,KSHV20230804_112339_V06,4,0.879,1.200,1485,0,10294.397,95,0,7253.606
KSHV20230804-6,KSHV20230804_112339_V06,6,1.318,1.200,1484,0,47.634,2,0,28.238
KSHV20230804-6,KSHV20230804_113221_V06,0,0.308,1.200,3516,0,269919.889,418,0,236007.508
KSHV20230804-6,KSHV20230804_113221_V06,4,0.879,1.200,3521,0,39092.054,290,0,28101.610
KSHV20230804-6,KSHV20230804_113221_V06,6,1.318,1.200,3519,0,717.906,22,0,404.703
KSHV20230804-6,KSHV20230804_114102_V06,0,0.308,1.200,5936,0,186619.772,662,0,146108.301
KSHV20230804-6,KSHV20230804_114102_V06,4,0.879,1.200,5939,0,69317.257,431,0,57637.300
KSHV20230804-6,KSHV20230804_114102_V06,6,1.318,1.200,5942,0,11903.887,250,0,8999.394
KSHV20230804-6,KSHV20230804_114943_V06,0,0.308,1.200,8651,0,58493.989,844,0,34438.430
KSHV20230804-6,KSHV20230804_114943_V06,4,0.879,1.200,8651,0,85949.355,637,0,68609.760
KSHV20230804-6,KSHV20230804_114943_V06,6,1.318,1.200,8653,0,55109.373,453,0,44641.728
KSHV20230804-6,KSHV20230804_120705_V06,0,0.308,1.200,11407,0,136220.604,919,0,82432.745
KSHV20230804-6,KSHV20230804_120705_V06,4,0.879,1.200,11412,0,22036.235,381,0,14790.172
KSHV20230804-6,KSHV20230804_120705_V06,6,1.318,1.200,11413,0,15969.099,438,0,11475.928
KSHV20230804-2,KSHV20230804_111458_V06,0,0.308,1.200,122,0,1968.139,12,0,1869.370
KSHV20230804-2,KSHV20230804_111458_V06,4,0.879,1.200,123,0,52.738,0,0,52.738
KSHV20230804-2,KSHV20230804_111458_V06,6,1.318,1.200,124,0,0.340,0,0,0.340
KSHV20230804-2,KSHV20230804_111458_V06,8,1.802,1.200,61,0,0.334,0,0,0.334
KSHV20230804-4,KSHV20230804_112339_V06,0,0.308,1.200,5060,0,30057.258,216,0,29677.411
KSHV20230804-4,KSHV20230804_112339_V06,4,0.879,1.200,5060,0,1782.845,344,0,1634.232
KSHV20230804-4,KSHV20230804_112339_V06,6,1.318,1.200,5060,0,508.754,1182,0,384.421
KSHV20230804-4,KSHV20230804_112339_V06,8,1.802,1.200,2529,0,126.931,360,0,71.512
KSHV20230804-4,KSHV20230804_112339_V06,9,2.417,1.200,2532,0,31.681,147,0,17.424
KSHV20230804-4,KSHV20230804_112339_V06,10,3.120,1.200,2530,0,5.614,33,0,3.899
KSHV20230804-4,KSHV20230804_112339_V06,11,3.999,1.200,2541,0,7.198,38,0,4.125
KSHV20230804-4,KSHV20230804_112339_V06,12,5.098,1.200,2538,0,316.249,64,0,206.881
KSHV20230804-4,KSHV20230804_112339_V06,13,6.416,1.200,2543,0,711.804,206,0,246.795
KSHV20230804-5,KSHV20230804_112339_V06,0,0.308,1.200,735,0,12800.644,94,0,12617.404
KSHV20230804-5,KSHV20230804_112339_V06,4,0.879,1.200,734,0,133.015,31,0,105.350
KSHV20230804-5,KSHV20230804_112339_V06,6,1.318,1.200,735,0,7.572,0,0,7.572
KSHV20230804-5,KSHV20230804_112339_V06,8,1.802,1.200,369,0,8.811,0,0,8.811
KSHV20230804-5,KSHV20230804_112339_V06,9,2.417,1.200,367,0,12.029,2,0,0.934
KSHV20230804-5,KSHV20230804_112339_V06,10,3.120,1.200,368,0,0.943,0,0,0.943
KSHV20230804-9,KSHV20230804_114102_V06,0,0.308,1.200,8132,0,81110.203,123,0,79784.314
KSHV20230804-9,KSHV20230804_114102_V06,4,0.879,1.200,8133,0,8260.667,230,0,7846.858
KSHV20230804-9,KSHV20230804_114102_V06,6,1.318,1.200,8134,0,2082.998,1093,0,1769.755
KSHV20230804-9,KSHV20230804_114102_V06,8,1.802,1.200,4065,0,821.676,911,0,536.153
KSHV20230804-9,KSHV20230804_114102_V06,9,2.417,1.200,4069,0,534.150,1091,0,271.330
KSHV20230804-9,KSHV20230804_114102_V06,10,3.120,1.200,4068,0,574.813,1051,0,262.677
KSHV20230804-9,KSHV20230804_114102_V06,11,3.999,1.200,4081,0,861.876,702,0,457.733
KSHV20230804-9,KSHV20230804_114102_V06,12,5.098,1.200,4078,0,1340.821,629,0,644.551
KSHV20230804-9,KSHV20230804_114102_V06,13,6.416,1.200,4089,0,897.479,421,0,394.069
KSHV20230805-1,KSHV20230805_110509_V06,0,0.308,1.200,2104,0,35546.185,166,0,34632.383
KSHV20230805-1,KSHV20230805_110509_V06,4,0.879,1.200,2105,0,38113.107,130,0,37583.378
KSHV20230805-1,KSHV20230805_110509_V06,6,1.318,1.200,2106,0,19162.320,209,0,18685.397
KSHV20230805-1,KSHV20230805_110509_V06,8,1.802,1.200,1053,0,7272.062,106,0,6841.185
KSHV20230805-1,KSHV20230805_110509_V06,9,2.417,1.200,1055,0,2380.590,123,0,1859.756
KSHV20230805-1,KSHV20230805_110509_V06,10,3.120,1.200,1056,0,677.658,132,0,391.863
KSHV20230805-1,KSHV20230805_110509_V06,11,3.999,1.200,1056,0,72.252,77,0,32.403
KSHV20230805-1,KSHV20230805_110509_V06,12,5.098,1.200,1059,0,6.771,45,0,0.812
KSHV20230805-1,KSHV20230805_110509_V06,13,6.416,1.200,1066,0,1.170,24,0,0.809
KSHV20230805-1,KSHV20230805_111350_V06,0,0.308,1.200,8721,0,131009.935,502,0,129361.739
KSHV20230805-1,KSHV20230805_111350_V06,4,0.879,1.200,8725,0,46096.328,729,0,45126.658
KSHV20230805-1,KSHV20230805_111350_V06,6,1.318,1.200,8726,0,10738.139,1654,0,10292.946
KSHV20230805-1,KSHV20230805_111350_V06,8,1.802,1.200,4363,0,4066.686,972,0,3631.361
KSHV20230805-1,KSHV20230805_111350_V06,9,2.417,1.200,4366,0,3705.727,607,0,3152.981
KSHV20230805-1,KSHV20230805_111350_V06,10,3.120,1.200,4372,0,5487.586,503,0,4297.173
KSHV20230805-1,KSHV20230805_111350_V06,11,3.999,1.200,4380,0,2231.514,394,0,1528.895
KSHV20230805-1,KSHV20230805_111350_V06,12,5.098,1.200,4386,0,1416.543,297,0,935.875
KSHV20230805-1,KSHV20230805_111350_V06,13,6.416,1.200,4379,0,74.873,285,0,56.864
KSHV20230805-1,KSHV20230805_112232_V06,0,0.308,1.200,17414,0,144714.564,699,0,140391.345
KSHV20230805-1,KSHV20230805_112232_V06,4,0.879,1.200,17418,0,27266.931,1316,0,25827.826
KSHV20230805-1,KSHV20230805_112232_V06,6,1.318,1.200,17420,0,7872.435,3597,0,7362.609
KSHV20230805-1,KSHV20230805_112232_V06,8,1.802,1.200,8717,0,4303.583,2110,0,3093.367
KSHV20230805-1,KSHV20230805_112232_V06,9,2.417,1.200,8722,0,2672.416,1676,0,1920.430
KSHV20230805-1,KSHV20230805_112232_V06,10,3.120,1.200,8725,0,3154.866,1602,0,2504.043
KSHV20230805-1,KSHV20230805_112232_V06,11,3.999,1.200,8732,0,5951.457,1223,0,5064.622
KSHV20230805-1,KSHV20230805_112232_V06,12,5.098,1.200,8742,0,3054.343,1105,0,2481.788
KSHV20230805-1,KSHV20230805_112232_V06,13,6.416,1.200,8765,0,464.809,1545,0,156.819
KSHV20230805-1,KSHV20230805_113113_V06,0,0.308,1.200,35905,0,119893.644,2779,0,111442.724
KSHV20230805-1,KSHV20230805_113113_V06,4,0.879,1.200,35908,0,15716.850,7096,0,12984.096
KSHV20230805-1,KSHV20230805_113113_V06,6,1.318,1.200,35915,0,7495.199,10629,0,5911.406
KSHV20230805-1,KSHV20230805_113113_V06,8,1.802,1.200,17967,0,4242.977,4275,0,2897.591
KSHV20230805-1,KSHV20230805_113113_V06,9,2.417,1.200,17976,0,3578.869,3613,0,2459.562
KSHV20230805-1,KSHV20230805_113113_V06,10,3.120,1.200,17988,0,3165.186,3844,0,2161.441
KSHV20230805-1,KSHV20230805_113113_V06,11,3.999,1.200,18005,0,7069.623,3321,0,5045.821
KSHV20230805-1,KSHV20230805_113113_V06,12,5.098,1.200,18031,0,5557.188,2841,0,4326.681
KSHV20230805-1,KSHV20230805_113113_V06,13,6.416,1.200,18081,0,968.806,2935,0,512.026
KSHV20230805-1,KSHV20230805_113631_V06,0,0.308,1.200,53310,1,121791.221,4365,1,112875.528
KSHV20230805-1,KSHV20230805_113631_V06,4,0.879,1.200,53325,0,14334.948,11312,0,11157.556
KSHV20230805-1,KSHV20230805_113631_V06,6,1.318,1.200,53345,0,6964.444,15871,0,5113.662
KSHV20230805-1,KSHV20230805_113631_V06,8,1.802,1.200,26677,0,4138.340,6326,0,2779.642
KSHV20230805-1,KSHV20230805_113631_V06,9,2.417,1.200,26684,0,4447.324,5217,0,2976.473
KSHV20230805-1,KSHV20230805_113631_V06,10,3.120,1.200,26704,0,4782.983,5239,0,3198.326
KSHV20230805-1,KSHV20230805_113631_V06,11,3.999,1.200,26723,0,9041.454,4695,0,6636.326
KSHV20230805-1,KSHV20230805_113631_V06,12,5.098,1.200,26792,0,8190.373,4302,0,6453.718
KSHV20230805-1,KSHV20230805_113631_V06,13,6.416,1.200,26868,0,1615.309,3776,0,990.108
KSHV20230805-5,KSHV20230805_113113_V06,0,0.308,1.200,3000,0,199100.650,480,0,162941.754
KSHV20230805-5,KSHV20230805_113113_V06,4,0.879,1.200,2999,0,65281.022,678,0,42408.762
KSHV20230805-5,KSHV20230805_113113_V06,6,1.318,1.200,3005,0,5298.651,222,0,2088.018
KSHV20230805-5,KSHV20230805_113631_V06,0,0.308,1.200,4670,0,174204.272,761,0,127670.232
KSHV20230805-5,KSHV20230805_113631_V06,4,0.879,1.200,4668,0,74263.782,1082,0,40314.961
KSHV20230805-5,KSHV20230805_113631_V06,6,1.318,1.200,4663,0,7709.452,341,0,3999.253
KSHV20230805-5,KSHV20230805_114203_V06,0,0.308,1.200,5915,0,174260.145,891,0,136424.674
KSHV20230805-5,KSHV20230805_114203_V06,4,0.879,1.200,5922,0,76298.715,1055,0,46780.570
KSHV20230805-5,KSHV20230805_114203_V06,6,1.318,1.200,5926,0,18251.628,641,0,8941.023
KSHV20230805-7,KSHV20230805_113631_V06,0,0.308,1.200,1018,0,739876.452,67,0,733059.499
KSHV20230805-7,KSHV20230805_113631_V06,4,0.879,1.200,1020,0,28536.989,74,0,27113.874
KSHV20230805-7,KSHV20230805_113631_V06,6,1.318,1.200,1026,0,1551.916,69,0,747.337
KSHV20230805-7,KSHV20230805_113631_V06,8,1.802,1.200,515,0,20.604,1,0,2.574
KSHV20230805-7,KSHV20230805_114203_V06,0,0.308,1.200,2859,0,1083430.692,376,0,1060276.297
KSHV20230805-7,KSHV20230805_114203_V06,4,0.879,1.200,2865,0,71298.760,247,0,65837.054
KSHV20230805-7,KSHV20230805_114203_V06,6,1.318,1.200,2859,0,7693.036,261,0,3863.659
KSHV20230805-7,KSHV20230805_114203_V06,8,1.802,1.200,1438,0,377.888,3,0,301.967
KSHV20230805-7,KSHV20230805_114736_V06,0,0.308,1.200,5200,0,1768103.309,949,0,1716057.765
KSHV20230805-7,KSHV20230805_114736_V06,4,0.879,1.200,5200,0,138511.456,534,0,128591.714
KSHV20230805-7,KSHV20230805_114736_V06,6,1.318,1.200,5201,0,8805.570,455,0,4675.896
KSHV20230805-7,KSHV20230805_114736_V06,8,1.802,1.200,2596,0,1769.749,32,0,815.817
KSHV20230805-7,KSHV20230805_115308_V06,0,0.308,1.200,8354,0,2649085.072,1891,0,2570314.362
KSHV20230805-7,KSHV20230805_115308_V06,4,0.879,1.200,8359,0,188029.247,797,0,173009.578
KSHV20230805-7,KSHV20230805_115308_V06,6,1.318,1.200,8359,0,9898.626,535,0,4993.527
KSHV20230805-7,KSHV20230805_115308_V06,8,1.802,1.200,4184,0,2842.346,49,0,1609.396
KSHV20230805-4,KSHV20230805_112232_V06,0,0.308,1.200,1868,0,332934.783,136,0,326443.106
KSHV20230805-4,KSHV20230805_112232_V06,4,0.879,1.200,1869,0,17423.478,216,0,15849.400
KSHV20230805-4,KSHV20230805_112232_V06,6,1.318,1.200,1868,0,4833.034,156,0,3033.770
KSHV20230805-4,KSHV20230805_112232_V06,8,1.802,1.200,939,0,214.892,4,0,78.385
KSHV20230805-6,KSHV20230805_113113_V06,0,0.308,1.200,5103,9,3387364.200,151,0,3142817.008
KSHV20230805-6,KSHV20230805_113113_V06,4,0.879,1.200,5107,0,287143.193,210,0,281108.676
KSHV20230805-6,KSHV20230805_113113_V06,6,1.318,1.200,5107,0,7203.288,108,0,4407.473
KSHV20230805-6,KSHV20230805_113113_V06,8,1.802,1.200,2558,0,3432.407,57,0,1675.622
KSHV20230805-8,KSHV20230805_120946_V06,0,0.308,1.200,37,0,6424.869,3,0,5691.301
KSHV20230805-8,KSHV20230805_120946_V06,4,0.879,1.200,39,0,0.127,0,0,0.127
KSHV20230805-8,KSHV20230805_120946_V06,6,1.318,1.200,39,0,310.529,3,0,284.228
KSHV20230805-8,KSHV20230805_120946_V06,8,1.802,1.200,19,0,0.125,0,0,0.125
KSHV20230805-9,KSHV20230805_124030_V06,0,0.308,1.200,250,0,5860.556,25,0,4764.140
KSHV20230805-9,KSHV20230805_124030_V06,4,0.879,1.200,250,0,890.365,9,0,714.531
KSHV20230805-9,KSHV20230805_124030_V06,6,1.318,1.200,251,0,3752.786,26,0,2385.689
KSHV20230806-1,KSHV20230806_111203_V06,0,0.308,1.200,5861,0,80342.556,447,0,76507.298
KSHV20230806-1,KSHV20230806_111203_V06,4,0.879,1.200,5864,0,63898.203,673,0,58838.726
KSHV20230806-1,KSHV20230806_111203_V06,6,1.318,1.200,5865,0,31869.897,888,0,28505.610
KSHV20230806-1,KSHV20230806_111203_V06,8,1.802,1.200,2937,0,15292.962,332,0,13649.021
KSHV20230806-1,KSHV20230806_111203_V06,9,2.417,1.200,2940,0,7655.778,234,0,6244.415
KSHV20230806-1,KSHV20230806_111203_V06,10,3.120,1.200,2941,0,3531.347,231,0,2657.548
KSHV20230806-1,KSHV20230806_111203_V06,11,3.999,1.200,2943,0,231.464,167,0,182.378
KSHV20230806-1,KSHV20230806_111203_V06,12,5.098,1.200,2949,0,26.286,89,0,9.991
KSHV20230806-1,KSHV20230806_111203_V06,13,6.416,1.200,2958,0,12.605,80,0,3.998
KSHV20230806-1,KSHV20230806_111726_V06,0,0.308,1.200,14228,1,164999.348,970,1,158774.178
KSHV20230806-1,KSHV20230806_111726_V06,4,0.879,1.200,14230,0,68731.969,1496,0,65483.039
KSHV20230806-1,KSHV20230806_111726_V06,6,1.318,1.200,14232,0,28271.043,2417,0,25234.597
KSHV20230806-1,KSHV20230806_111726_V06,8,1.802,1.200,7119,0,18532.381,1112,0,15924.437
KSHV20230806-1,KSHV20230806_111726_V06,9,2.417,1.200,7123,0,13243.258,1013,0,10413.648
KSHV20230806-1,KSHV20230806_111726_V06,10,3.120,1.200,7126,0,11530.877,845,0,9310.223
KSHV20230806-1,KSHV20230806_111726_V06,11,3.999,1.200,7127,0,5719.330,608,0,4597.064
KSHV20230806-1,KSHV20230806_111726_V06,12,5.098,1.200,7142,0,134.538,413,0,45.146
KSHV20230806-1,KSHV20230806_111726_V06,13,6.416,1.200,7161,0,42.894,334,0,20.177
KSHV20230806-1,KSHV20230806_112259_V06,0,0.308,1.200,19219,1,142537.830,1367,1,135584.447
KSHV20230806-1,KSHV20230806_112259_V06,4,0.879,1.200,19224,0,43402.619,2615,0,40621.789
KSHV20230806-1,KSHV20230806_112259_V06,6,1.318,1.200,19220,0,24425.225,3599,0,22392.114
KSHV20230806-1,KSHV20230806_112259_V06,8,1.802,1.200,9616,0,17536.698,1819,0,15242.769
KSHV20230806-1,KSHV20230806_112259_V06,9,2.417,1.200,9618,0,12848.933,1751,0,10292.438
KSHV20230806-1,KSHV20230806_112259_V06,10,3.120,1.200,9628,0,10067.032,1686,0,7571.064
KSHV20230806-1,KSHV20230806_112259_V06,11,3.999,1.200,9637,0,8987.306,1497,0,7320.483
KSHV20230806-1,KSHV20230806_112259_V06,12,5.098,1.200,9655,0,2230.155,1188,0,1429.131
KSHV20230806-1,KSHV20230806_112259_V06,13,6.416,1.200,9677,0,202.070,762,0,105.470
KSHV20230806-1,KSHV20230806_112816_V06,0,0.308,1.200,35567,1,158583.113,2547,1,148974.514
KSHV20230806-1,KSHV20230806_112816_V06,4,0.879,1.200,35576,0,52786.227,5289,0,48561.434
KSHV20230806-1,KSHV20230806_112816_V06,6,1.318,1.200,35586,0,37151.349,7506,0,33056.548
KSHV20230806-1,KSHV20230806_112816_V06,8,1.802,1.200,17800,0,29544.682,3827,0,25470.405
KSHV20230806-1,KSHV20230806_112816_V06,9,2.417,1.200,17810,0,21287.044,3829,0,16457.672
KSHV20230806-1,KSHV20230806_112816_V06,10,3.120,1.200,17816,0,16797.341,4120,0,11613.515
KSHV20230806-1,KSHV20230806_112816_V06,11,3.999,1.200,17838,0,16934.087,3654,0,12483.746
KSHV20230806-1,KSHV20230806_112816_V06,12,5.098,1.200,17864,0,5373.150,3157,0,3509.934
KSHV20230806-1,KSHV20230806_112816_V06,13,6.416,1.200,17916,0,793.413,2316,0,385.530
KSHV20230806-1,KSHV20230806_113349_V06,0,0.308,1.200,44675,0,132908.593,3388,0,122796.548
KSHV20230806-1,KSHV20230806_113349_V06,4,0.879,1.200,44684,0,47731.831,7871,0,41004.275
KSHV20230806-1,KSHV20230806_113349_V06,6,1.318,1.200,44696,0,41511.857,11182,0,33225.019
KSHV20230806-1,KSHV20230806_113349_V06,8,1.802,1.200,22354,0,30166.840,5520,0,22666.303
KSHV20230806-1,KSHV20230806_113349_V06,9,2.417,1.200,22365,0,22777.623,5246,0,15610.654
KSHV20230806-1,KSHV20230806_113349_V06,10,3.120,1.200,22380,0,17389.547,5590,0,11627.035
KSHV20230806-1,KSHV20230806_113349_V06,11,3.999,1.200,22410,0,15710.054,5230,0,10389.461
KSHV20230806-1,KSHV20230806_113349_V06,12,5.098,1.200,22439,0,7960.434,4669,0,5341.607
KSHV20230806-1,KSHV20230806_113349_V06,13,6.416,1.200,22508,0,1744.825,3710,0,922.812
KSHV20230806-7,KSHV20230806_112816_V06,0,0.308,1.200,1886,0,141443.277,295,0,110350.835
KSHV20230806-7,KSHV20230806_112816_V06,4,0.879,1.200,1885,0,11749.461,220,0,7348.141
KSHV20230806-7,KSHV20230806_112816_V06,6,1.318,1.200,1889,0,3311.403,124,0,1482.779
KSHV20230806-7,KSHV20230806_113349_V06,0,0.308,1.200,3906,0,236741.918,794,0,189608.353
KSHV20230806-7,KSHV20230806_113349_V06,4,0.879,1.200,3902,0,45505.095,500,0,30601.526
KSHV20230806-7,KSHV20230806_113349_V06,6,1.318,1.200,3909,0,5361.237,261,0,2220.520
KSHV20230806-7,KSHV20230806_113913_V06,0,0.308,1.200,5652,0,389379.644,1681,0,295350.530
KSHV20230806-7,KSHV20230806_113913_V06,4,0.879,1.200,5653,0,119955.635,1092,0,84520.380
KSHV20230806-7,KSHV20230806_113913_V06,6,1.318,1.200,5659,0,12346.738,493,0,6524.460
KSHV20230806-7,KSHV20230806_114430_V06,0,0.308,1.200,7066,0,364886.294,2494,0,248007.462
KSHV20230806-7,KSHV20230806_114430_V06,4,0.879,1.200,7071,0,184466.132,1667,0,135036.409
KSHV20230806-7,KSHV20230806_114430_V06,6,1.318,1.200,7067,0,32230.168,917,0,21113.047
KSHV20230806-7,KSHV20230806_114947_V06,0,0.308,1.200,8716,0,339529.399,3082,0,229637.234
KSHV20230806-7,KSHV20230806_114947_V06,4,0.879,1.200,8723,0,229187.571,2528,0,170657.796
KSHV20230806-7,KSHV20230806_114947_V06,6,1.318,1.200,8735,0,62242.801,1381,0,44074.093
KSHV20230806-5,KSHV20230806_112816_V06,0,0.308,1.200,1758,0,47868.528,299,0,44700.185
KSHV20230806-5,KSHV20230806_112816_V06,4,0.879,1.200,1763,0,7219.306,319,0,5476.031
KSHV20230806-5,KSHV20230806_112816_V06,6,1.318,1.200,1760,0,1700.609,200,0,668.712
KSHV20230806-5,KSHV20230806_112816_V06,8,1.802,1.200,882,0,1022.143,11,0,828.652
KSHV20230806-5,KSHV20230806_112816_V06,9,2.417,1.200,884,0,32.044,0,0,32.044
KSHV20230806-5,KSHV20230806_113349_V06,0,0.308,1.200,4059,0,63578.854,1039,0,55799.626
KSHV20230806-5,KSHV20230806_113349_V06,4,0.879,1.200,4058,0,17948.302,743,0,12649.932
KSHV20230806-5,KSHV20230806_113349_V06,6,1.318,1.200,4065,0,4367.469,453,0,1927.488
KSHV20230806-5,KSHV20230806_113349_V06,8,1.802,1.200,2031,0,1722.791,13,0,1484.547
KSHV20230806-5,KSHV20230806_113349_V06,9,2.417,1.200,2033,0,44.380,0,0,44.380
KSHV20230806-5,KSHV20230806_113913_V06,0,0.308,1.200,7044,0,69303.891,2279,0,54673.404
KSHV20230806-5,KSHV20230806_113913_V06,4,0.879,1.200,7039,0,23985.737,1399,0,16710.220
KSHV20230806-5,KSHV20230806_113913_V06,6,1.318,1.200,7043,0,10028.887,681,0,6301.369
KSHV20230806-5,KSHV20230806_113913_V06,8,1.802,1.200,3461,0,1956.498,3,0,1905.195
KSHV20230806-5,KSHV20230806_113913_V06,9,2.417,1.200,3465,0,458.950,17,0,314.467
KSHV20230806-3,KSHV20230806_111203_V06,0,0.308,1.200,893,0,334422.889,49,0,327051.033
KSHV20230806-3,KSHV20230806_111203_V06,4,0.879,1.200,893,0,52465.494,46,0,50785.681
KSHV20230806-3,KSHV20230806_111203_V06,6,1.318,1.200,895,0,5898.722,112,0,3136.004
KSHV20230806-4,KSHV20230806_111726_V06,0,0.308,1.200,1582,0,30387.639,50,0,29439.820
KSHV20230806-4,KSHV20230806_111726_V06,4,0.879,1.200,1583,0,853.649,74,0,811.991
KSHV20230806-4,KSHV20230806_111726_V06,6,1.318,1.200,1583,0,144.747,368,0,115.184
KSHV20230806-4,KSHV20230806_111726_V06,8,1.802,1.200,790,0,13.505,57,0,8.194
KSHV20230806-4,KSHV20230806_111726_V06,9,2.417,1.200,787,0,2.803,4,0,2.323
KSHV20230806-4,KSHV20230806_111726_V06,10,3.120,1.200,789,0,1.168,8,0,0.459
KSHV20230806-4,KSHV20230806_111726_V06,11,3.999,1.200,794,0,1.216,7,0,0.423
KSHV20230806-4,KSHV20230806_111726_V06,12,5.098,1.200,795,0,8.318,13,0,1.322
KSHV20230806-4,KSHV20230806_111726_V06,13,6.416,1.200,795,0,49.385,95,0,22.629
KSHV20230806-6,KSHV20230806_112816_V06,0,0.308,1.200,1419,0,139424.798,304,0,97285.036
KSHV20230806-6,KSHV20230806_112816_V06,4,0.879,1.200,1428,0,21973.056,252,0,13230.279
KSHV20230806-6,KSHV20230806_112816_V06,6,1.318,1.200,1422,0,1499.587,62,0,879.515
KSHV20230806-8,KSHV20230806_114947_V06,0,0.308,1.200,19978,0,317173.638,1130,0,275756.986
KSHV20230806-8,KSHV20230806_114947_V06,4,0.879,1.200,19989,0,75889.811,1264,0,35867.075
KSHV20230806-8,KSHV20230806_114947_V06,6,1.318,1.200,19997,0,81875.710,1326,0,40381.486
KSHV20230806-12,KSHV20230806_123812_V06,0,0.308,1.200,8222,0,387904.214,2400,0,280098.670
KSHV20230806-12,KSHV20230806_123812_V06,4,0.879,1.200,8227,0,31425.335,1390,0,14899.818
KSHV20230806-12,KSHV20230806_123812_V06,6,1.318,1.200,8230,0,2868.084,196,0,1473.624
KSHV20230807-1,KSHV20230807_111307_V06,0,0.308,1.200,2572,0,86280.157,30,0,84500.815
KSHV20230807-1,KSHV20230807_111307_V06,4,0.879,1.200,2572,0,29407.297,25,0,29366.631
KSHV20230807-1,KSHV20230807_111307_V06,6,1.318,1.200,2570,0,4700.906,79,0,4640.782
KSHV20230807-1,KSHV20230807_111307_V06,8,1.802,1.200,1286,0,784.007,174,0,649.968
KSHV20230807-1,KSHV20230807_111307_V06,9,2.417,1.200,1286,0,450.980,160,0,119.550
KSHV20230807-1,KSHV20230807_111307_V06,10,3.120,1.200,1287,0,126.358,108,0,33.695
KSHV20230807-1,KSHV20230807_111307_V06,11,3.999,1.200,1286,0,67.249,83,0,25.743
KSHV20230807-1,KSHV20230807_111307_V06,12,5.098,1.200,1287,0,18.473,60,0,14.931
KSHV20230807-1,KSHV20230807_111307_V06,13,6.416,1.200,1294,0,9.233,72,0,3.574
KSHV20230807-1,KSHV20230807_112148_V06,0,0.308,1.200,14741,0,119946.711,468,0,117912.523
KSHV20230807-1,KSHV20230807_112148_V06,4,0.879,1.200,14743,0,34815.192,804,0,34202.205
KSHV20230807-1,KSHV20230807_112148_V06,6,1.318,1.200,14744,0,17140.299,1387,0,16205.631
KSHV20230807-1,KSHV20230807_112148_V06,8,1.802,1.200,7376,0,11821.003,1665,0,8651.186
KSHV20230807-1,KSHV20230807_112148_V06,9,2.417,1.200,7385,0,7424.679,2098,0,5198.279
KSHV20230807-1,KSHV20230807_112148_V06,10,3.120,1.200,7387,0,4752.442,2183,0,3257.471
KSHV20230807-1,KSHV20230807_112148_V06,11,3.999,1.200,7394,0,3658.139,1977,0,2513.412
KSHV20230807-1,KSHV20230807_112148_V06,12,5.098,1.200,7404,0,1627.367,1590,0,1052.955
KSHV20230807-1,KSHV20230807_112148_V06,13,6.416,1.200,7419,0,554.547,1059,0,316.208
KSHV20230807-1,KSHV20230807_113029_V06,0,0.308,1.200,28600,0,123831.313,1224,0,120153.845
KSHV20230807-1,KSHV20230807_113029_V06,4,0.879,1.200,28601,0,49988.389,2996,0,46394.017
KSHV20230807-1,KSHV20230807_113029_V06,6,1.318,1.200,28612,0,39586.528,5235,0,31743.931
KSHV20230807-1,KSHV20230807_113029_V06,8,1.802,1.200,14300,0,24359.053,4207,0,16014.455
KSHV20230807-1,KSHV20230807_113029_V06,9,2.417,1.200,14310,0,13347.644,4453,0,8874.453
KSHV20230807-1,KSHV20230807_113029_V06,10,3.120,1.200,14319,0,8340.399,4668,0,5472.998
KSHV20230807-1,KSHV20230807_113029_V06,11,3.999,1.200,14330,0,7251.574,4638,0,5095.643
KSHV20230807-1,KSHV20230807_113029_V06,12,5.098,1.200,14356,0,5949.378,4321,0,4298.746
KSHV20230807-1,KSHV20230807_113029_V06,13,6.416,1.200,14388,0,2022.076,3671,0,1253.923
KSHV20230807-1,KSHV20230807_113911_V06,0,0.308,1.200,53126,0,231672.667,2318,0,219840.584
KSHV20230807-1,KSHV20230807_113911_V06,4,0.879,1.200,53130,0,132563.571,5885,0,113733.284
KSHV20230807-1,KSHV20230807_113911_V06,6,1.318,1.200,53134,0,75080.865,8891,0,59828.880
KSHV20230807-1,KSHV20230807_113911_V06,8,1.802,1.200,26572,0,42010.242,7161,0,29158.848
KSHV20230807-1,KSHV20230807_113911_V06,9,2.417,1.200,26582,0,27469.819,7800,0,19411.163
KSHV20230807-1,KSHV20230807_113911_V06,10,3.120,1.200,26600,0,23918.035,8370,0,17445.448
KSHV20230807-1,KSHV20230807_113911_V06,11,3.999,1.200,26636,0,20863.176,7748,0,15091.167
KSHV20230807-1,KSHV20230807_113911_V06,12,5.098,1.200,26689,0,8954.497,7183,0,5980.204
KSHV20230807-1,KSHV20230807_113911_V06,13,6.416,1.200,26748,0,3992.776,6454,0,2211.970
KSHV20230808-3,KSHV20230808_111905_V06,0,0.308,1.200,2187,0,59880.825,176,0,54359.394
KSHV20230808-3,KSHV20230808_111905_V06,4,0.879,1.200,2186,0,48574.294,101,0,45776.068
KSHV20230808-3,KSHV20230808_111905_V06,6,1.318,1.200,2184,0,29529.457,156,0,26335.224
KSHV20230808-3,KSHV20230808_111905_V06,8,1.802,1.200,1095,0,12512.236,157,0,7609.982
KSHV20230808-3,KSHV20230808_111905_V06,9,2.417,1.200,1095,0,6776.523,154,0,3454.423
KSHV20230808-3,KSHV20230808_111905_V06,10,3.120,1.200,1095,0,2708.356,258,0,446.196
KSHV20230808-3,KSHV20230808_111905_V06,11,3.999,1.200,1097,0,1363.649,292,0,190.905
KSHV20230808-3,KSHV20230808_111905_V06,12,5.098,1.200,1097,0,17.805,69,0,10.776
KSHV20230808-3,KSHV20230808_111905_V06,13,6.416,1.200,1104,0,0.565,8,0,0.400
KSHV20230808-3,KSHV20230808_111905_V06,14,7.998,1.200,1107,0,2.355,136,0,1.027
KSHV20230808-3,KSHV20230808_111905_V06,15,10.020,1.200,1107,0,3.389,216,0,1.667
KSHV20230808-3,KSHV20230808_112340_V06,0,0.308,1.200,7379,0,103421.137,450,0,97239.978
KSHV20230808-3,KSHV20230808_112340_V06,4,0.879,1.200,7380,0,78068.150,288,0,76200.097
KSHV20230808-3,KSHV20230808_112340_V06,6,1.318,1.200,7378,0,51183.245,419,0,49706.997
KSHV20230808-3,KSHV20230808_112340_V06,8,1.802,1.200,3692,0,30424.018,567,0,26770.899
KSHV20230808-3,KSHV20230808_112340_V06,9,2.417,1.200,3695,0,18258.592,646,0,13582.193
KSHV20230808-3,KSHV20230808_112340_V06,10,3.120,1.200,3700,0,10927.369,711,0,5517.200
KSHV20230808-3,KSHV20230808_112340_V06,11,3.999,1.200,3700,0,7314.691,686,0,2723.204
KSHV20230808-3,KSHV20230808_112340_V06,12,5.098,1.200,3699,0,2298.263,467,0,547.756
KSHV20230808-3,KSHV20230808_112340_V06,13,6.416,1.200,3714,0,32.478,151,0,25.337
KSHV20230808-3,KSHV20230808_112340_V06,14,7.998,1.200,3721,0,7.675,344,0,4.287
KSHV20230808-3,KSHV20230808_112340_V06,15,10.020,1.200,3746,0,8.988,491,0,4.055
KSHV20230808-3,KSHV20230808_112340_V06,16,12.480,1.200,3784,0,10.179,502,0,4.236
KSHV20230808-3,KSHV20230808_112808_V06,0,0.308,1.200,9580,1,134440.699,519,1,125611.084
KSHV20230808-3,KSHV20230808_112808_V06,4,0.879,1.200,9584,0,81851.306,349,0,79946.464
KSHV20230808-3,KSHV20230808_112808_V06,6,1.318,1.200,9593,0,62028.929,490,0,60222.119
KSHV20230808-3,KSHV20230808_112808_V06,8,1.802,1.200,4798,0,49125.295,757,0,44409.202
KSHV20230808-3,KSHV20230808_112808_V06,9,2.417,1.200,4800,0,36675.287,758,0,30763.044
KSHV20230808-3,KSHV20230808_112808_V06,10,3.120,1.200,4802,0,24110.515,982,0,19508.681
KSHV20230808-3,KSHV20230808_112808_V06,11,3.999,1.200,4806,0,15875.376,1097,0,10289.770
KSHV20230808-3,KSHV20230808_112808_V06,12,5.098,1.200,4807,0,8839.952,947,0,4906.589
KSHV20230808-3,KSHV20230808_112808_V06,13,6.416,1.200,4825,0,928.518,560,0,599.550
KSHV20230808-3,KSHV20230808_112808_V06,14,7.998,1.200,4837,0,170.359,541,0,77.130
KSHV20230808-3,KSHV20230808_112808_V06,15,10.020,1.200,4862,0,19.439,549,0,7.811
KSHV20230808-7,KSHV20230808_113750_V06,0,0.308,1.200,1123,0,124659.059,264,0,83138.944
KSHV20230808-7,KSHV20230808_113750_V06,4,0.879,1.200,1127,0,13779.181,176,0,7716.278
KSHV20230808-7,KSHV20230808_113750_V06,6,1.318,1.200,1120,0,40.779,0,0,40.779
KSHV20230808-7,KSHV20230808_114232_V06,0,0.308,1.200,2353,0,208323.062,795,0,146136.902
KSHV20230808-7,KSHV20230808_114232_V06,4,0.879,1.200,2352,0,46090.166,360,0,30881.523
KSHV20230808-7,KSHV20230808_114232_V06,6,1.318,1.200,2354,0,1677.275,70,0,749.808
KSHV20230808-7,KSHV20230808_114728_V06,0,0.308,1.200,2867,0,377174.931,1190,0,240038.825
KSHV20230808-7,KSHV20230808_114728_V06,4,0.879,1.200,2863,0,171778.748,923,0,101313.044
KSHV20230808-7,KSHV20230808_114728_V06,6,1.318,1.200,2865,0,15757.221,373,0,7601.301
KSHV20230808-8,KSHV20230808_113750_V06,0,0.308,1.200,2967,0,150039.889,621,0,65370.346
KSHV20230808-8,KSHV20230808_113750_V06,4,0.879,1.200,2967,0,100121.099,1022,0,24190.366
KSHV20230808-8,KSHV20230808_113750_V06,6,1.318,1.200,2966,0,102222.258,741,0,2117.252
KSHV20230808-8,KSHV20230808_113750_V06,8,1.802,1.200,1498,0,214663.789,104,0,35440.632
KSHV20230808-8,KSHV20230808_113750_V06,9,2.417,1.200,1501,0,615548.684,192,0,26991.625
KSHV20230808-13,KSHV20230808_120224_V06,0,0.308,1.200,1329,0,154564.207,277,0,26551.202
KSHV20230808-13,KSHV20230808_120224_V06,4,0.879,1.200,1324,0,126796.607,219,0,37694.804
KSHV20230808-13,KSHV20230808_120224_V06,6,1.318,1.200,1323,0,68815.960,214,0,16625.666
KSHV20230808-13,KSHV20230808_120224_V06,8,1.802,1.200,659,0,34632.082,328,0,2631.602
KSHV20230808-13,KSHV20230808_120224_V06,9,2.417,1.200,656,0,17527.818,368,0,5062.904
KSHV20230808-13,KSHV20230808_120224_V06,10,3.120,1.200,660,0,26408.158,253,0,13078.341
KSHV20230808-13,KSHV20230808_120224_V06,11,3.999,1.200,662,0,2871.766,184,0,1546.311
KSHV20230808-13,KSHV20230808_120224_V06,12,5.098,1.200,663,0,140.754,26,0,2.450
KSHV20230809-1,KSHV20230809_111310_V06,0,0.308,1.200,3175,0,24264.818,283,0,23533.261
KSHV20230809-1,KSHV20230809_111310_V06,4,0.879,1.200,3176,0,23686.682,173,0,23129.684
KSHV20230809-1,KSHV20230809_111310_V06,6,1.318,1.200,3175,0,8555.578,123,0,8327.910
KSHV20230809-1,KSHV20230809_111310_V06,8,1.802,1.200,1589,0,4962.149,161,0,4272.402
KSHV20230809-1,KSHV20230809_111310_V06,9,2.417,1.200,1587,0,7529.839,275,0,3366.885
KSHV20230809-1,KSHV20230809_111310_V06,10,3.120,1.200,1588,0,2694.045,193,0,1420.042
KSHV20230809-1,KSHV20230809_111310_V06,11,3.999,1.200,1587,0,82.456,173,0,28.431
KSHV20230809-1,KSHV20230809_111310_V06,12,5.098,1.200,1591,0,3.295,124,0,1.998
KSHV20230809-1,KSHV20230809_111310_V06,13,6.416,1.200,1591,0,1.307,98,0,0.876
KSHV20230809-1,KSHV20230809_112152_V06,0,0.308,1.200,15000,0,74409.711,545,0,73101.320
KSHV20230809-1,KSHV20230809_112152_V06,4,0.879,1.200,15003,0,34541.263,805,0,34210.872
KSHV20230809-1,KSHV20230809_112152_V06,6,1.318,1.200,15008,0,17675.594,977,0,17300.295
KSHV20230809-1,KSHV20230809_112152_V06,8,1.802,1.200,7501,0,11700.412,1168,0,10831.475
KSHV20230809-1,KSHV20230809_112152_V06,9,2.417,1.200,7505,0,9174.880,1552,0,7933.190
KSHV20230809-1,KSHV20230809_112152_V06,10,3.120,1.200,7508,0,9455.600,1869,0,8034.593
KSHV20230809-1,KSHV20230809_112152_V06,11,3.999,1.200,7511,0,8552.376,1820,0,6386.166
KSHV20230809-1,KSHV20230809_112152_V06,12,5.098,1.200,7531,0,2426.285,1537,0,1333.263
KSHV20230809-1,KSHV20230809_112152_V06,13,6.416,1.200,7549,0,641.101,957,0,344.772
KSHV20230809-2,KSHV20230809_112152_V06,0,0.308,1.200,4980,0,15396.522,348,0,11570.415
KSHV20230809-2,KSHV20230809_112152_V06,4,0.879,1.200,4985,0,2654.909,117,0,1532.797
KSHV20230809-2,KSHV20230809_112152_V06,6,1.318,1.200,4985,0,214.465,27,0,39.539
KSHV20230809-2,KSHV20230809_112152_V06,8,1.802,1.200,2490,0,12.797,0,0,12.797
KSHV20230809-3,KSHV20230809_123102_V06,0,0.308,1.200,5947,0,447632.699,724,0,397556.648
KSHV20230809-3,KSHV20230809_123102_V06,4,0.879,1.200,5942,0,66796.436,1787,0,52615.050
KSHV20230809-3,KSHV20230809_123102_V06,6,1.318,1.200,5945,0,100311.265,1220,0,84479.164
KSHV20230809-3,KSHV20230809_123102_V06,8,1.802,1.200,2974,0,44546.617,624,0,26861.439
KSHV20230809-3,KSHV20230809_123102_V06,9,2.417,1.200,2971,0,2623.431,162,0,1232.656
KSHV20230810-17,KSHV20230810_124831_V06,0,0.308,1.200,25362,3,187681.523,5563,0,27651.483
KSHV20230810-17,KSHV20230810_124831_V06,4,0.879,1.200,25371,0,121168.254,10512,0,1440.276
KSHV20230810-17,KSHV20230810_124831_V06,6,1.318,1.200,25372,0,106441.024,12216,0,745.321
KSHV20230810-17,KSHV20230810_124831_V06,8,1.802,1.200,12688,0,98684.770,5800,0,650.657
KSHV20230810-17,KSHV20230810_124831_V06,9,2.417,1.200,12690,0,107990.717,6094,0,656.043
KSHV20230810-17,KSHV20230810_124831_V06,10,3.120,1.200,12701,0,126255.496,5891,0,642.211
KSHV20230810-17,KSHV20230810_124831_V06,11,3.999,1.200,12713,1,179843.964,5446,0,1245.457
KSHV20230810-17,KSHV20230810_124831_V06,12,5.098,1.200,12732,2,215410.912,5727,0,1088.438
KSHV20230810-17,KSHV20230810_124831_V06,13,6.416,1.200,12770,0,254490.433,6249,0,11406.163
KSHV20230810-17,KSHV20230810_124831_V06,14,7.998,1.200,12814,1,362882.998,6411,0,18709.830
KSHV20230810-17,KSHV20230810_124831_V06,15,10.020,1.200,12894,0,72052.805,6200,0,1497.000
KSHV20230810-17,KSHV20230810_124831_V06,16,11.997,1.200,12976,0,26026.185,6114,0,324.483
KSHV20230810-17,KSHV20230810_124831_V06,17,14.019,1.200,13072,0,3637.682,5064,0,130.775
KSHV20230810-17,KSHV20230810_130130_V06,0,0.308,1.200,57372,0,99239.262,10190,0,25081.441
KSHV20230810-17,KSHV20230810_130130_V06,4,0.879,1.200,57388,0,67033.473,19532,0,2875.060
KSHV20230810-17,KSHV20230810_130130_V06,6,1.318,1.200,57400,0,54888.974,22869,0,1816.110
KSHV20230810-17,KSHV20230810_130130_V06,8,1.802,1.200,28713,0,58155.374,10442,0,2200.141
KSHV20230810-17,KSHV20230810_130130_V06,9,2.417,1.200,28723,0,62565.801,9759,0,2584.915
KSHV20230810-17,KSHV20230810_130130_V06,10,3.120,1.200,28749,0,82537.681,10845,0,2453.222
KSHV20230810-17,KSHV20230810_130130_V06,11,3.999,1.200,28773,0,145561.560,10945,0,2969.892
KSHV20230810-17,KSHV20230810_130130_V06,12,5.098,1.200,28827,0,230230.637,11604,0,3694.404
KSHV20230810-17,KSHV20230810_130130_V06,13,6.416,1.200,28907,3,461826.145,12108,0,64268.788
KSHV20230810-17,KSHV20230810_130130_V06,14,7.998,1.200,29020,0,223768.830,12649,0,15088.018
KSHV20230810-17,KSHV20230810_130130_V06,15,10.020,1.200,29201,0,78418.410,12723,0,3205.117
KSHV20230810-17,KSHV20230810_130130_V06,16,11.997,1.200,29420,0,12038.609,10807,0,1825.140
KSHV20230810-7,KSHV20230810_111928_V06,0,0.308,1.200,707,0,31987.626,21,0,29441.803
KSHV20230810-7,KSHV20230810_111928_V06,4,0.879,1.200,709,0,2445.422,5,0,2403.582
KSHV20230810-7,KSHV20230810_111928_V06,6,1.318,1.200,711,0,264.013,90,0,239.607
KSHV20230810-7,KSHV20230810_111928_V06,8,1.802,1.200,357,0,74.370,108,0,48.861
KSHV20230810-7,KSHV20230810_111928_V06,9,2.417,1.200,354,0,3.914,16,0,2.061
KSHV20230810-7,KSHV20230810_111928_V06,10,3.120,1.200,354,0,0.773,1,0,0.586
KSHV20230810-7,KSHV20230810_111928_V06,11,3.999,1.200,353,0,0.442,0,0,0.442
KSHV20230810-7,KSHV20230810_111928_V06,12,5.098,1.200,353,0,0.245,0,0,0.245
KSHV20230810-7,KSHV20230810_111928_V06,13,6.416,1.200,356,0,0.434,1,0,0.331
KSHV20230810-7,KSHV20230810_111928_V06,14,7.998,1.200,355,0,1.003,17,0,0.585
KSHV20230810-13,KSHV20230810_114728_V06,0,0.308,1.200,365,0,31344.712,203,0,6422.919
KSHV20230810-13,KSHV20230810_114728_V06,4,0.879,1.200,368,0,2115.595,28,0,364.223
KSHV20230810-15,KSHV20230810_122846_V06,0,0.308,1.200,1062,0,102899.619,169,0,86386.471
KSHV20230810-15,KSHV20230810_122846_V06,4,0.879,1.200,1062,0,47337.643,230,0,37157.568
KSHV20230810-15,KSHV20230810_122846_V06,6,1.318,1.200,1062,0,17658.884,475,0,9779.079
KSHV20230810-15,KSHV20230810_122846_V06,8,1.802,1.200,534,0,280.481,5,0,202.785
KSHV20230810-16,KSHV20230810_124831_V06,0,0.308,1.200,20498,0,1172190.431,8713,0,653314.422
KSHV20230810-16,KSHV20230810_124831_V06,4,0.879,1.200,20503,0,968324.617,9812,0,462222.027
KSHV20230810-16,KSHV20230810_124831_V06,6,1.318,1.200,20529,0,371159.142,7648,0,166055.931
KSHV20230811-1,KSHV20230811_113214_V06,0,0.308,1.200,22846,0,145443.761,1054,0,139440.790
KSHV20230811-1,KSHV20230811_113214_V06,4,0.879,1.200,22849,0,92198.543,1808,0,89078.644
KSHV20230811-1,KSHV20230811_113214_V06,6,1.318,1.200,22850,0,85350.400,2406,0,82183.189
KSHV20230811-1,KSHV20230811_113214_V06,8,1.802,1.200,11427,0,74663.209,1701,0,71164.306
KSHV20230811-1,KSHV20230811_113214_V06,9,2.417,1.200,11433,0,64668.961,2214,0,57846.687
KSHV20230811-1,KSHV20230811_113214_V06,10,3.120,1.200,11439,0,48807.490,2548,0,41547.603
KSHV20230811-1,KSHV20230811_113214_V06,11,3.999,1.200,11447,0,30128.576,2979,0,24111.785
KSHV20230811-1,KSHV20230811_113214_V06,12,5.098,1.200,11468,0,13014.799,2995,0,9947.052
KSHV20230811-1,KSHV20230811_113214_V06,13,6.416,1.200,11501,0,4699.254,2301,0,3408.503
KSHV20230811-1,KSHV20230811_113745_V06,0,0.308,1.200,42084,1,157200.147,2757,0,149365.253
KSHV20230811-1,KSHV20230811_113745_V06,4,0.879,1.200,42084,0,121129.706,5187,0,114154.379
KSHV20230811-1,KSHV20230811_113745_V06,6,1.318,1.200,42094,0,125432.531,6599,0,117178.048
KSHV20230811-1,KSHV20230811_113745_V06,8,1.802,1.200,21050,0,104823.600,4147,0,94913.243
KSHV20230811-1,KSHV20230811_113745_V06,9,2.417,1.200,21060,0,85492.068,5296,0,73134.819
KSHV20230811-1,KSHV20230811_113745_V06,10,3.120,1.200,21084,0,83879.361,6013,0,68662.335
KSHV20230811-1,KSHV20230811_113745_V06,11,3.999,1.200,21101,0,57828.364,6328,0,43738.937
KSHV20230811-1,KSHV20230811_113745_V06,12,5.098,1.200,21124,0,26993.216,6476,0,18970.189
KSHV20230811-1,KSHV20230811_113745_V06,13,6.416,1.200,21179,0,9696.236,5960,0,6388.181
KSHV20230812-2,KSHV20230812_112543_V06,0,0.308,1.200,16559,0,95488.434,797,0,93864.310
KSHV20230812-2,KSHV20230812_112543_V06,4,0.879,1.200,16560,0,32360.235,1466,0,31642.687
KSHV20230812-2,KSHV20230812_112543_V06,6,1.318,1.200,16560,0,14861.888,1792,0,14484.752
KSHV20230812-2,KSHV20230812_112543_V06,8,1.802,1.200,8284,0,9764.132,1663,0,8375.540
KSHV20230812-2,KSHV20230812_112543_V06,9,2.417,1.200,8288,0,7477.310,1920,0,6176.442
KSHV20230812-2,KSHV20230812_112543_V06,10,3.120,1.200,8297,0,5718.519,2371,0,4240.357
KSHV20230812-2,KSHV20230812_112543_V06,11,3.999,1.200,8303,0,3505.977,2543,0,2375.362
KSHV20230812-2,KSHV20230812_112543_V06,12,5.098,1.200,8323,0,1579.029,2084,0,975.872
KSHV20230812-2,KSHV20230812_112543_V06,13,6.416,1.200,8333,0,607.946,1517,0,331.103
KSHV20230812-2,KSHV20230812_113424_V06,0,0.308,1.200,34599,0,134825.800,1441,0,131762.943
KSHV20230812-2,KSHV20230812_113424_V06,4,0.879,1.200,34604,0,77380.200,3104,0,76255.167
KSHV20230812-2,KSHV20230812_113424_V06,6,1.318,1.200,34610,0,73416.339,3914,0,72203.361
KSHV20230812-2,KSHV20230812_113424_V06,8,1.802,1.200,17305,0,50944.961,3501,0,43853.481
KSHV20230812-2,KSHV20230812_113424_V06,9,2.417,1.200,17313,0,31629.998,4137,0,25490.520
KSHV20230812-2,KSHV20230812_113424_V06,10,3.120,1.200,17333,0,23400.726,4921,0,17304.011
KSHV20230812-2,KSHV20230812_113424_V06,11,3.999,1.200,17349,0,19688.717,5896,0,13357.854
KSHV20230812-2,KSHV20230812_113424_V06,12,5.098,1.200,17376,0,10490.506,6044,0,6718.111
KSHV20230812-2,KSHV20230812_113424_V06,13,6.416,1.200,17420,0,3539.947,5188,0,1967.752
KSHV20230812-1,KSHV20230812_111703_V06,0,0.308,1.200,820,0,37400.749,19,0,35405.931
KSHV20230812-1,KSHV20230812_111703_V06,4,0.879,1.200,821,0,575.208,1,0,570.374
KSHV20230812-1,KSHV20230812_111703_V06,6,1.318,1.200,820,0,225.264,7,0,222.844
KSHV20230812-1,KSHV20230812_111703_V06,8,1.802,1.200,405,0,84.565,48,0,76.021
KSHV20230812-1,KSHV20230812_111703_V06,9,2.417,1.200,405,0,16.170,39,0,11.622
KSHV20230812-1,KSHV20230812_111703_V06,10,3.120,1.200,407,0,20.850,120,0,5.296
KSHV20230812-1,KSHV20230812_111703_V06,11,3.999,1.200,407,0,4.506,40,0,1.212
KSHV20230812-1,KSHV20230812_111703_V06,12,5.098,1.200,408,0,0.176,0,0,0.176
KSHV20230812-1,KSHV20230812_111703_V06,13,6.416,1.200,412,0,0.182,0,0,0.182
KSHV20230812-3,KSHV20230812_121748_V06,0,0.308,1.200,6418,0,234553.538,2137,0,129449.766
KSHV20230812-3,KSHV20230812_121748_V06,4,0.879,1.200,6422,0,221106.461,2163,0,119389.916
KSHV20230812-3,KSHV20230812_121748_V06,6,1.318,1.200,6424,0,33315.921,657,0,20212.263
KSHV20230813-1,KSHV20230813_111331_V06,0,0.308,1.200,5830,0,75394.608,264,0,69468.805
KSHV20230813-1,KSHV20230813_111331_V06,4,0.879,1.200,5828,0,67487.615,178,0,66479.544
KSHV20230813-1,KSHV20230813_111331_V06,6,1.318,1.200,5828,0,38149.749,283,0,36903.417
KSHV20230813-1,KSHV20230813_111331_V06,8,1.802,1.200,2914,0,22090.376,296,0,21186.799
KSHV20230813-1,KSHV20230813_111331_V06,9,2.417,1.200,2915,0,13446.951,344,0,11721.721
KSHV20230813-1,KSHV20230813_111331_V06,10,3.120,1.200,2916,0,5072.920,298,0,4449.670
KSHV20230813-1,KSHV20230813_111331_V06,11,3.999,1.200,2926,0,130.501,171,0,107.204
KSHV20230813-1,KSHV20230813_111331_V06,12,5.098,1.200,2931,0,11.154,99,0,7.350
KSHV20230813-1,KSHV20230813_111331_V06,13,6.416,1.200,2927,0,17.994,202,0,9.379
KSHV20230813-3,KSHV20230813_113934_V06,0,0.308,1.200,3249,0,155200.385,890,0,118409.185
KSHV20230813-3,KSHV20230813_113934_V06,4,0.879,1.200,3257,0,72601.401,589,0,54641.384
KSHV20230813-3,KSHV20230813_113934_V06,6,1.318,1.200,3253,0,12619.232,265,0,6980.744
KSHV20230813-4,KSHV20230813_114815_V06,0,0.308,1.200,345,1,1100711.689,18,1,1099759.130
KSHV20230813-4,KSHV20230813_114815_V06,4,0.879,1.200,344,0,49835.714,43,0,49135.193
KSHV20230813-4,KSHV20230813_114815_V06,6,1.318,1.200,345,0,3526.350,67,0,1652.907
KSHV20230813-5,KSHV20230813_121418_V06,0,0.308,1.200,1373,0,576253.193,37,0,572520.553
KSHV20230813-5,KSHV20230813_121418_V06,4,0.879,1.200,1370,0,15455.970,129,0,13392.853
KSHV20230813-5,KSHV20230813_121418_V06,6,1.318,1.200,1369,0,36069.408,279,0,20123.939
KSHV20230814-7,KSHV20230814_112621_V06,0,0.308,1.200,758,0,19308.359,41,0,19013.851
KSHV20230814-7,KSHV20230814_112621_V06,4,0.879,1.200,761,0,3210.454,26,0,3163.192
KSHV20230814-7,KSHV20230814_112621_V06,6,1.318,1.200,760,0,661.095,14,0,635.705
KSHV20230814-7,KSHV20230814_112621_V06,8,1.802,1.200,383,0,1.399,0,0,1.399
KSHV20230814-7,KSHV20230814_112621_V06,9,2.417,1.200,381,0,1.393,0,0,1.393
KSHV20230814-7,KSHV20230814_113501_V06,0,0.308,1.200,3027,0,27958.666,310,0,26525.014
KSHV20230814-7,KSHV20230814_113501_V06,4,0.879,1.200,3028,0,5558.533,98,0,5314.758
KSHV20230814-7,KSHV20230814_113501_V06,6,1.318,1.200,3026,0,3209.183,74,0,3041.602
KSHV20230814-7,KSHV20230814_113501_V06,8,1.802,1.200,1506,0,203.520,4,0,180.616
KSHV20230814-7,KSHV20230814_113501_V06,9,2.417,1.200,1514,0,5.597,0,0,5.597
KSHV20230814-7,KSHV20230814_114342_V06,0,0.308,1.200,5321,0,46823.785,849,0,42796.172
KSHV20230814-7,KSHV20230814_114342_V06,4,0.879,1.200,5326,0,4504.780,310,0,3763.555
KSHV20230814-7,KSHV20230814_114342_V06,6,1.318,1.200,5324,0,2349.459,161,0,1955.224
KSHV20230814-7,KSHV20230814_114342_V06,8,1.802,1.200,2671,0,408.899,21,0,229.905
KSHV20230814-7,KSHV20230814_114342_V06,9,2.417,1.200,2671,0,100.939,8,0,44.035
KSHV20230814-1,KSHV20230814_111740_V06,0,0.308,1.200,479,0,127989.869,27,0,126855.222
KSHV20230814-1,KSHV20230814_111740_V06,4,0.879,1.200,479,0,1160.814,12,0,998.956
KSHV20230814-1,KSHV20230814_111740_V06,6,1.318,1.200,477,0,4647.497,68,0,1932.557
KSHV20230814-2,KSHV20230814_111740_V06,0,0.308,1.200,5134,0,27960.367,263,0,26017.493
KSHV20230814-2,KSHV20230814_111740_V06,4,0.879,1.200,5134,0,7724.344,327,0,7096.290
KSHV20230814-2,KSHV20230814_111740_V06,6,1.318,1.200,5135,0,4015.768,416,0,3606.872
KSHV20230814-2,KSHV20230814_111740_V06,8,1.802,1.200,2568,0,2673.331,435,0,1786.967
KSHV20230814-2,KSHV20230814_111740_V06,9,2.417,1.200,2570,0,3000.954,402,0,1900.649
KSHV20230814-2,KSHV20230814_111740_V06,10,3.120,1.200,2572,0,1416.610,279,0,720.496
KSHV20230814-2,KSHV20230814_111740_V06,11,3.999,1.200,2573,0,366.848,203,0,189.816
KSHV20230814-2,KSHV20230814_111740_V06,12,5.098,1.200,2581,0,222.324,125,0,70.724
KSHV20230814-2,KSHV20230814_111740_V06,13,6.416,1.200,2592,0,8.836,65,0,8.125
KSHV20230814-3,KSHV20230814_111740_V06,0,0.308,1.200,19132,0,69323.264,1315,0,65115.017
KSHV20230814-3,KSHV20230814_111740_V06,4,0.879,1.200,19139,0,71140.962,1527,0,68001.467
KSHV20230814-3,KSHV20230814_111740_V06,6,1.318,1.200,19139,0,38289.941,1395,0,36409.537
KSHV20230814-3,KSHV20230814_111740_V06,8,1.802,1.200,9575,0,22908.513,822,0,19010.129
KSHV20230814-3,KSHV20230814_111740_V06,9,2.417,1.200,9576,0,16590.753,820,0,13289.182
KSHV20230814-3,KSHV20230814_111740_V06,10,3.120,1.200,9582,0,13342.292,535,0,11322.324
KSHV20230814-3,KSHV20230814_111740_V06,11,3.999,1.200,9584,0,6812.932,396,0,6154.815
KSHV20230814-3,KSHV20230814_111740_V06,12,5.098,1.200,9603,0,780.633,577,0,425.808
KSHV20230814-3,KSHV20230814_111740_V06,13,6.416,1.200,9635,0,81.284,469,0,41.200
KSHV20230814-9,KSHV20230814_113501_V06,0,0.308,1.200,4558,0,703775.437,318,0,687221.675
KSHV20230814-9,KSHV20230814_113501_V06,4,0.879,1.200,4565,4,206326.326,112,0,53229.628
KSHV20230814-9,KSHV20230814_113501_V06,6,1.318,1.200,4571,0,21785.317,283,0,12058.285
KSHV20230814-10,KSHV20230814_114342_V06,0,0.308,1.200,3973,0,211994.992,174,0,206342.565
KSHV20230814-10,KSHV20230814_114342_V06,4,0.879,1.200,3976,0,69310.707,107,0,63606.757
KSHV20230814-10,KSHV20230814_114342_V06,6,1.318,1.200,3979,0,4207.777,63,0,3178.549
KSHV20230814-10,KSHV20230814_114342_V06,8,1.802,1.200,1990,0,2212.887,29,0,845.301
KSHV20230814-11,KSHV20230814_120944_V06,0,0.308,1.200,2481,0,47108.048,66,0,46546.443
KSHV20230814-11,KSHV20230814_120944_V06,4,0.879,1.200,2480,0,7650.992,555,0,6886.157
KSHV20230814-11,KSHV20230814_120944_V06,6,1.318,1.200,2481,0,469.612,439,0,316.840
KSHV20230814-11,KSHV20230814_120944_V06,8,1.802,1.200,1233,0,54.624,15,0,6.663
KSHV20230814-11,KSHV20230814_120944_V06,9,2.417,1.200,1234,0,123.968,29,0,76.792
KSHV20230814-11,KSHV20230814_120944_V06,10,3.120,1.200,1238,0,22.594,2,0,16.468
KSHV20230814-11,KSHV20230814_120944_V06,11,3.999,1.200,1237,0,8.551,2,0,6.164
KSHV20230815-9,KSHV20230815_113218_V06,0,0.308,1.200,2177,0,32897.792,294,0,31596.100
KSHV20230815-9,KSHV20230815_113218_V06,4,0.879,1.200,2180,0,1754.985,87,0,1564.750
KSHV20230815-9,KSHV20230815_113218_V06,6,1.318,1.200,2180,0,29.330,6,0,14.768
KSHV20230815-9,KSHV20230815_113218_V06,8,1.802,1.200,1089,0,3.276,0,0,3.276
KSHV20230815-9,KSHV20230815_113218_V06,9,2.417,1.200,1091,0,13.080,0,0,13.080
KSHV20230815-9,KSHV20230815_113756_V06,0,0.308,1.200,4691,0,75497.326,531,0,72824.528
KSHV20230815-9,KSHV20230815_113756_V06,4,0.879,1.200,4693,0,5092.999,301,0,4435.538
KSHV20230815-9,KSHV20230815_113756_V06,6,1.318,1.200,4697,0,62.520,11,0,46.384
KSHV20230815-9,KSHV20230815_113756_V06,8,1.802,1.200,2345,0,21.519,2,0,7.105
KSHV20230815-9,KSHV20230815_113756_V06,9,2.417,1.200,2352,0,14.056,0,0,14.056
KSHV20230815-9,KSHV20230815_114334_V06,0,0.308,1.200,6744,0,160146.296,475,0,156634.296
KSHV20230815-9,KSHV20230815_114334_V06,4,0.879,1.200,6743,0,18390.875,535,0,17267.302
KSHV20230815-9,KSHV20230815_114334_V06,6,1.318,1.200,6747,0,288.123,54,0,224.718
KSHV20230815-9,KSHV20230815_114334_V06,8,1.802,1.200,3373,0,10.647,0,0,10.647
KSHV20230815-9,KSHV20230815_114334_V06,9,2.417,1.200,3371,0,21.431,0,0,21.431
KSHV20230815-9,KSHV20230815_114912_V06,0,0.308,1.200,7362,0,184650.850,384,0,182328.841
KSHV20230815-9,KSHV20230815_114912_V06,4,0.879,1.200,7362,0,18265.359,667,0,16611.869
KSHV20230815-9,KSHV20230815_114912_V06,6,1.318,1.200,7364,0,434.568,65,0,339.972
KSHV20230815-9,KSHV20230815_114912_V06,8,1.802,1.200,3678,0,22.721,0,0,22.721
KSHV20230815-9,KSHV20230815_114912_V06,9,2.417,1.200,3687,0,12.224,0,0,12.224
KSHV20230815-9,KSHV20230815_115417_V06,0,0.308,1.200,7048,0,173660.207,397,0,170012.436
KSHV20230815-9,KSHV20230815_115417_V06,4,0.879,1.200,7050,0,22956.659,781,0,20110.950
KSHV20230815-9,KSHV20230815_115417_V06,6,1.318,1.200,7054,0,718.110,98,0,530.871
KSHV20230815-9,KSHV20230815_115417_V06,8,1.802,1.200,3528,0,62.459,2,0,57.515
KSHV20230815-9,KSHV20230815_115417_V06,9,2.417,1.200,3529,0,195.948,10,0,110.689
KSHV20230815-9,KSHV20230815_120453_V06,0,0.308,1.200,11750,0,238146.537,822,0,228738.792
KSHV20230815-9,KSHV20230815_120453_V06,4,0.879,1.200,11758,0,22223.280,923,0,19454.559
KSHV20230815-9,KSHV20230815_120453_V06,6,1.318,1.200,11763,0,1714.875,492,0,1089.211
KSHV20230815-9,KSHV20230815_120453_V06,8,1.802,1.200,5885,0,253.871,17,0,110.636
KSHV20230815-9,KSHV20230815_120453_V06,9,2.417,1.200,5887,0,863.252,41,0,542.712
KSHV20230815-6,KSHV20230815_112653_V06,0,0.308,1.200,1432,0,61618.672,158,0,58844.676
KSHV20230815-6,KSHV20230815_112653_V06,4,0.879,1.200,1432,0,6772.379,368,0,5285.357
KSHV20230815-6,KSHV20230815_112653_V06,6,1.318,1.200,1433,0,73.408,22,0,31.643
KSHV20230815-6,KSHV20230815_112653_V06,8,1.802,1.200,716,0,2.621,0,0,2.621
KSHV20230815-6,KSHV20230815_112653_V06,9,2.417,1.200,715,0,2.620,0,0,2.620
KSHV20230815-6,KSHV20230815_113218_V06,0,0.308,1.200,2743,0,88494.740,319,0,84675.350
KSHV20230815-6,KSHV20230815_113218_V06,4,0.879,1.200,2744,0,14124.842,561,0,11764.811
KSHV20230815-6,KSHV20230815_113218_V06,6,1.318,1.200,2746,0,671.501,155,0,372.025
KSHV20230815-6,KSHV20230815_113218_V06,8,1.802,1.200,1378,0,4.960,0,0,4.960
KSHV20230815-6,KSHV20230815_113218_V06,9,2.417,1.200,1374,0,4.949,0,0,4.949
KSHV20230815-6,KSHV20230815_113756_V06,0,0.308,1.200,5088,0,130710.909,383,0,125053.094
KSHV20230815-6,KSHV20230815_113756_V06,4,0.879,1.200,5095,0,35462.295,920,0,30094.499
KSHV20230815-6,KSHV20230815_113756_V06,6,1.318,1.200,5090,0,6782.615,469,0,5200.425
KSHV20230815-6,KSHV20230815_113756_V06,8,1.802,1.200,2549,0,183.659,7,0,141.480
KSHV20230815-6,KSHV20230815_113756_V06,9,2.417,1.200,2549,0,40.986,1,0,36.645
KSHV20230815-6,KSHV20230815_114334_V06,0,0.308,1.200,7415,0,242709.654,327,0,231687.323
KSHV20230815-6,KSHV20230815_114334_V06,4,0.879,1.200,7405,0,55972.006,1403,0,48462.949
KSHV20230815-6,KSHV20230815_114334_V06,6,1.318,1.200,7414,0,15179.746,1037,0,10981.711
KSHV20230815-6,KSHV20230815_114334_V06,8,1.802,1.200,3708,0,1862.902,43,0,1589.379
KSHV20230815-6,KSHV20230815_114334_V06,9,2.417,1.200,3711,0,60.402,3,0,53.340
KSHV20230815-8,KSHV20230815_113218_V06,0,0.308,1.200,441,0,25598.630,25,0,25244.185
KSHV20230815-8,KSHV20230815_113218_V06,4,0.879,1.200,443,0,908.164,36,0,590.225
KSHV20230815-8,KSHV20230815_113218_V06,6,1.318,1.200,444,0,1.500,0,0,1.500
KSHV20230815-8,KSHV20230815_113218_V06,8,1.802,1.200,222,0,1.504,0,0,1.504
KSHV20230815-8,KSHV20230815_113756_V06,0,0.308,1.200,1714,0,112459.666,113,0,110593.676
KSHV20230815-8,KSHV20230815_113756_V06,4,0.879,1.200,1712,0,5370.643,196,0,3741.257
KSHV20230815-8,KSHV20230815_113756_V06,6,1.318,1.200,1712,0,5.781,0,0,5.781
KSHV20230815-8,KSHV20230815_113756_V06,8,1.802,1.200,861,0,5.823,0,0,5.823
KSHV20230815-8,KSHV20230815_114334_V06,0,0.308,1.200,2752,0,141304.220,201,0,137622.371
KSHV20230815-8,KSHV20230815_114334_V06,4,0.879,1.200,2751,0,10467.761,409,0,7556.944
KSHV20230815-8,KSHV20230815_114334_V06,6,1.318,1.200,2758,0,8.706,0,0,8.706
KSHV20230815-8,KSHV20230815_114334_V06,8,1.802,1.200,1381,0,8.732,0,0,8.732
KSHV20230815-8,KSHV20230815_114912_V06,0,0.308,1.200,3224,0,129328.843,242,0,124197.810
KSHV20230815-8,KSHV20230815_114912_V06,4,0.879,1.200,3229,0,23139.684,541,0,18777.932
KSHV20230815-8,KSHV20230815_114912_V06,6,1.318,1.200,3224,0,845.871,60,0,535.192
KSHV20230815-8,KSHV20230815_114912_V06,8,1.802,1.200,1615,0,9.669,0,0,9.669
KSHV20230815-8,KSHV20230815_115417_V06,0,0.308,1.200,4890,0,187158.362,446,0,178817.576
KSHV20230815-8,KSHV20230815_115417_V06,4,0.879,1.200,4894,0,56715.775,612,0,50601.065
KSHV20230815-8,KSHV20230815_115417_V06,6,1.318,1.200,4889,0,5084.507,252,0,3515.312
KSHV20230815-8,KSHV20230815_115417_V06,8,1.802,1.200,2451,0,14.032,0,0,14.032
KSHV20230815-11,KSHV20230815_114334_V06,0,0.308,1.200,1528,0,61199.694,171,0,54756.843
KSHV20230815-11,KSHV20230815_114334_V06,4,0.879,1.200,1529,0,8.203,0,0,8.203
KSHV20230815-11,KSHV20230815_114912_V06,0,0.308,1.200,3007,0,106994.350,279,0,97085.432
KSHV20230815-11,KSHV20230815_114912_V06,4,0.879,1.200,3007,0,1008.417,29,0,516.344
KSHV20230815-11,KSHV20230815_115417_V06,0,0.308,1.200,4810,0,213941.627,676,0,191548.743
KSHV20230815-11,KSHV20230815_115417_V06,4,0.879,1.200,4805,0,12535.136,204,0,8043.327
KSHV20230815-11,KSHV20230815_120453_V06,0,0.308,1.200,5572,0,341507.875,808,0,313290.147
KSHV20230815-11,KSHV20230815_120453_V06,4,0.879,1.200,5572,0,41478.402,444,0,33076.559
KSHV20230815-11,KSHV20230815_120453_V06,6,1.318,1.200,5575,0,204.199,12,0,85.902
KSHV20230815-4,KSHV20230815_112127_V06,0,0.308,1.200,1428,0,26655.030,15,0,26594.556
KSHV20230815-4,KSHV20230815_112127_V06,4,0.879,1.200,1429,0,5254.385,137,0,5008.387
KSHV20230815-4,KSHV20230815_112127_V06,6,1.318,1.200,1430,0,494.457,347,0,369.552
KSHV20230815-4,KSHV20230815_112127_V06,8,1.802,1.200,722,0,28.855,17,0,19.592
KSHV20230815-4,KSHV20230815_112127_V06,9,2.417,1.200,721,0,18.352,3,0,17.016
KSHV20230815-4,KSHV20230815_112127_V06,10,3.120,1.200,716,0,0.896,0,0,0.896
KSHV20230815-4,KSHV20230815_112127_V06,11,3.999,1.200,715,0,0.594,0,0,0.594
KSHV20230815-4,KSHV20230815_112127_V06,12,5.098,1.200,718,0,0.598,0,0,0.598
KSHV20230815-4,KSHV20230815_112653_V06,0,0.308,1.200,3913,0,49675.944,27,0,49397.395
KSHV20230815-4,KSHV20230815_112653_V06,4,0.879,1.200,3916,0,12475.428,317,0,12018.941
KSHV20230815-4,KSHV20230815_112653_V06,6,1.318,1.200,3916,0,1372.064,1131,0,959.509
KSHV20230815-4,KSHV20230815_112653_V06,8,1.802,1.200,1959,0,199.574,59,0,143.532
KSHV20230815-4,KSHV20230815_112653_V06,9,2.417,1.200,1961,0,645.100,52,0,343.654
KSHV20230815-4,KSHV20230815_112653_V06,10,3.120,1.200,1963,0,231.177,33,0,187.041
KSHV20230815-4,KSHV20230815_112653_V06,11,3.999,1.200,1968,0,3.006,6,0,1.838
KSHV20230815-4,KSHV20230815_112653_V06,12,5.098,1.200,1967,0,2.121,2,0,1.662
KSHV20230815-4,KSHV20230815_113218_V06,0,0.308,1.200,4773,0,74004.029,27,0,73336.013
KSHV20230815-4,KSHV20230815_113218_V06,4,0.879,1.200,4778,0,16458.772,290,0,16033.973
KSHV20230815-4,KSHV20230815_113218_V06,6,1.318,1.200,4777,0,2327.186,1284,0,1882.726
KSHV20230815-4,KSHV20230815_113218_V06,8,1.802,1.200,2392,0,1442.474,103,0,1218.392
KSHV20230815-4,KSHV20230815_113218_V06,9,2.417,1.200,2392,0,2093.709,136,0,1459.880
KSHV20230815-4,KSHV20230815_113218_V06,10,3.120,1.200,2389,0,963.535,67,0,647.926
KSHV20230815-4,KSHV20230815_113218_V06,11,3.999,1.200,2392,0,6.607,18,0,3.635
KSHV20230815-4,KSHV20230815_113218_V06,12,5.098,1.200,2401,0,3.138,0,0,3.138
KSHV20230815-3,KSHV20230815_112127_V06,0,0.308,1.200,438,0,23787.944,3,0,23755.314
KSHV20230815-3,KSHV20230815_112127_V06,4,0.879,1.200,436,0,869.119,102,0,617.297
KSHV20230815-3,KSHV20230815_112127_V06,6,1.318,1.200,436,0,11.342,1,0,9.377
KSHV20230815-3,KSHV20230815_112127_V06,8,1.802,1.200,217,0,0.729,0,0,0.729
KSHV20230815-3,KSHV20230815_112127_V06,9,2.417,1.200,216,0,0.726,0,0,0.726
KSHV20230815-3,KSHV20230815_112653_V06,0,0.308,1.200,1964,0,91670.181,83,0,90348.589
KSHV20230815-3,KSHV20230815_112653_V06,4,0.879,1.200,1970,0,5815.113,278,0,4909.812
KSHV20230815-3,KSHV20230815_112653_V06,6,1.318,1.200,1964,0,38.050,11,0,26.622
KSHV20230815-3,KSHV20230815_112653_V06,8,1.802,1.200,985,0,3.314,0,0,3.314
KSHV20230815-3,KSHV20230815_112653_V06,9,2.417,1.200,984,0,3.315,0,0,3.315
KSHV20230815-3,KSHV20230815_113218_V06,0,0.308,1.200,2270,0,144402.202,14,0,144139.369
KSHV20230815-3,KSHV20230815_113218_V06,4,0.879,1.200,2267,0,15808.147,203,0,15165.865
KSHV20230815-3,KSHV20230815_113218_V06,6,1.318,1.200,2266,0,516.680,131,0,327.058
KSHV20230815-3,KSHV20230815_113218_V06,8,1.802,1.200,1142,0,3.547,0,0,3.547
KSHV20230815-3,KSHV20230815_113218_V06,9,2.417,1.200,1145,0,9.616,0,0,9.616
KSHV20230815-3,KSHV20230815_113756_V06,0,0.308,1.200,3211,0,265316.903,3,0,265220.225
KSHV20230815-3,KSHV20230815_113756_V06,4,0.879,1.200,3212,0,63144.906,165,0,62426.268
KSHV20230815-3,KSHV20230815_113756_V06,6,1.318,1.200,3213,0,8830.376,374,0,8042.306
KSHV20230815-3,KSHV20230815_113756_V06,8,1.802,1.200,1633,0,13.650,0,0,13.650
KSHV20230815-3,KSHV20230815_113756_V06,9,2.417,1.200,1628,0,4.764,0,0,4.764
KSHV20230815-3,KSHV20230815_114334_V06,0,0.308,1.200,4364,0,344495.679,3,0,344199.695
KSHV20230815-3,KSHV20230815_114334_V06,4,0.879,1.200,4361,0,133151.285,133,0,132470.353
KSHV20230815-3,KSHV20230815_114334_V06,6,1.318,1.200,4368,0,43887.825,402,0,42510.360
KSHV20230815-3,KSHV20230815_114334_V06,8,1.802,1.200,2184,0,1978.637,21,0,1895.110
KSHV20230815-3,KSHV20230815_114334_V06,9,2.417,1.200,2183,0,15.848,0,0,15.848
KSHV20230815-3,KSHV20230815_114334_V06,10,3.120,1.200,2182,0,5.958,0,0,5.958
KSHV20230815-3,KSHV20230815_114912_V06,0,0.308,1.200,5733,0,337646.395,7,0,337452.671
KSHV20230815-3,KSHV20230815_114912_V06,4,0.879,1.200,5736,0,157084.058,121,0,156557.335
KSHV20230815-3,KSHV20230815_114912_V06,6,1.318,1.200,5741,0,75613.299,373,0,74345.822
KSHV20230815-3,KSHV20230815_114912_V06,8,1.802,1.200,2865,0,7676.032,59,0,7337.425
KSHV20230815-3,KSHV20230815_114912_V06,9,2.417,1.200,2867,0,26.840,2,0,22.804
KSHV20230815-3,KSHV20230815_114912_V06,10,3.120,1.200,2868,0,7.344,0,0,7.344
KSHV20230815-3,KSHV20230815_115417_V06,0,0.308,1.200,5384,0,336140.014,7,0,335901.418
KSHV20230815-3,KSHV20230815_115417_V06,4,0.879,1.200,5388,0,160447.025,76,0,159926.638
KSHV20230815-3,KSHV20230815_115417_V06,6,1.318,1.200,5396,0,63523.301,357,0,62144.031
KSHV20230815-3,KSHV20230815_115417_V06,8,1.802,1.200,2686,0,4920.299,75,0,4421.191
KSHV20230815-3,KSHV20230815_115417_V06,9,2.417,1.200,2690,0,34.737,4,0,20.827
KSHV20230815-3,KSHV20230815_115417_V06,10,3.120,1.200,2689,0,7.227,0,0,7.227
KSHV20230815-12,KSHV20230815_114334_V06,0,0.308,1.200,2123,0,38245.380,177,0,32886.927
KSHV20230815-12,KSHV20230815_114334_V06,4,0.879,1.200,2122,0,11.018,0,0,11.018
KSHV20230815-12,KSHV20230815_114912_V06,0,0.308,1.200,4617,0,68247.488,425,0,56780.009
KSHV20230815-12,KSHV20230815_114912_V06,4,0.879,1.200,4615,0,967.877,33,0,564.723
KSHV20230815-12,KSHV20230815_115417_V06,0,0.308,1.200,4939,0,127080.555,498,0,111595.788
KSHV20230815-12,KSHV20230815_115417_V06,4,0.879,1.200,4937,0,4131.369,141,0,1906.806
KSHV20230815-12,KSHV20230815_115417_V06,6,1.318,1.200,4939,0,24.194,0,0,24.194
KSHV20230815-2,KSHV20230815_111601_V06,0,0.308,1.200,904,0,53764.378,6,0,53409.948
KSHV20230815-2,KSHV20230815_111601_V06,4,0.879,1.200,905,0,5005.875,232,0,3897.249
KSHV20230815-2,KSHV20230815_111601_V06,6,1.318,1.200,908,0,249.412,185,0,89.960
KSHV20230815-2,KSHV20230815_111601_V06,8,1.802,1.200,449,0,0.868,0,0,0.868
KSHV20230815-2,KSHV20230815_111601_V06,9,2.417,1.200,451,0,0.873,0,0,0.873
KSHV20230815-2,KSHV20230815_111601_V06,10,3.120,1.200,449,0,0.871,0,0,0.871
KSHV20230815-2,KSHV20230815_112127_V06,0,0.308,1.200,3002,0,136398.896,43,0,135776.533
KSHV20230815-2,KSHV20230815_112127_V06,4,0.879,1.200,2999,0,20040.180,690,0,17389.979
KSHV20230815-2,KSHV20230815_112127_V06,6,1.318,1.200,3003,0,1271.400,586,0,706.650
KSHV20230815-2,KSHV20230815_112127_V06,8,1.802,1.200,1497,0,7.880,2,0,4.732
KSHV20230815-2,KSHV20230815_112127_V06,9,2.417,1.200,1495,0,2.856,0,0,2.856
KSHV20230815-2,KSHV20230815_112127_V06,10,3.120,1.200,1498,0,2.867,0,0,2.867
KSHV20230815-2,KSHV20230815_112653_V06,0,0.308,1.200,1948,0,156663.625,1,0,156620.867
KSHV20230815-2,KSHV20230815_112653_V06,4,0.879,1.200,1951,0,42160.574,120,0,41253.751
KSHV20230815-2,KSHV20230815_112653_V06,6,1.318,1.200,1949,0,3403.295,299,0,3095.728
KSHV20230815-2,KSHV20230815_112653_V06,8,1.802,1.200,986,0,17.381,3,0,13.361
KSHV20230815-2,KSHV20230815_112653_V06,9,2.417,1.200,989,0,1.803,0,0,1.803
KSHV20230815-2,KSHV20230815_112653_V06,10,3.120,1.200,989,0,1.805,0,0,1.805
KSHV20230815-2,KSHV20230815_112653_V06,11,3.999,1.200,992,0,1.814,0,0,1.814
KSHV20230815-2,KSHV20230815_113218_V06,0,0.308,1.200,4318,0,248443.014,6,0,247966.036
KSHV20230815-2,KSHV20230815_113218_V06,4,0.879,1.200,4323,0,104347.483,239,0,103659.156
KSHV20230815-2,KSHV20230815_113218_V06,6,1.318,1.200,4320,0,29547.193,519,0,28795.096
KSHV20230815-2,KSHV20230815_113218_V06,8,1.802,1.200,2164,0,2533.847,33,0,2461.241
KSHV20230815-2,KSHV20230815_113218_V06,9,2.417,1.200,2171,0,18.363,1,0,16.087
KSHV20230815-2,KSHV20230815_113218_V06,10,3.120,1.200,2170,0,3.897,0,0,3.897
KSHV20230815-2,KSHV20230815_113218_V06,11,3.999,1.200,2173,0,3.913,0,0,3.913
KSHV20230815-5,KSHV20230815_112127_V06,0,0.308,1.200,2463,0,48607.432,93,0,47713.241
KSHV20230815-5,KSHV20230815_112127_V06,4,0.879,1.200,2461,0,43474.696,117,0,42009.872
KSHV20230815-5,KSHV20230815_112127_V06,6,1.318,1.200,2463,0,25602.081,182,0,23641.149
KSHV20230815-5,KSHV20230815_112127_V06,8,1.802,1.200,1233,0,8368.148,163,0,6933.833
KSHV20230815-5,KSHV20230815_112127_V06,9,2.417,1.200,1232,0,2544.375,256,0,1849.181
KSHV20230815-5,KSHV20230815_112127_V06,10,3.120,1.200,1234,0,598.541,289,0,345.150
KSHV20230815-5,KSHV20230815_112127_V06,11,3.999,1.200,1234,0,49.040,228,0,26.059
KSHV20230815-5,KSHV20230815_112127_V06,12,5.098,1.200,1240,0,12.433,317,0,6.265
KSHV20230815-5,KSHV20230815_112127_V06,13,6.416,1.200,1238,0,10.454,280,0,4.379
KSHV20230815-5,KSHV20230815_112127_V06,14,7.998,1.200,1239,0,5.934,304,0,3.756
KSHV20230815-5,KSHV20230815_112653_V06,0,0.308,1.200,13012,0,102507.155,533,0,98209.754
KSHV20230815-5,KSHV20230815_112653_V06,4,0.879,1.200,13012,0,107431.008,1040,0,101003.655
KSHV20230815-5,KSHV20230815_112653_V06,6,1.318,1.200,13013,0,81571.558,1422,0,75587.860
KSHV20230815-5,KSHV20230815_112653_V06,8,1.802,1.200,6510,0,50468.053,1143,0,41653.127
KSHV20230815-5,KSHV20230815_112653_V06,9,2.417,1.200,6512,0,30357.538,1464,0,21301.269
KSHV20230815-5,KSHV20230815_112653_V06,10,3.120,1.200,6516,0,15673.258,1540,0,10187.257
KSHV20230815-5,KSHV20230815_112653_V06,11,3.999,1.200,6521,0,6516.988,1626,0,3481.650
KSHV20230815-5,KSHV20230815_112653_V06,12,5.098,1.200,6533,0,2412.894,1474,0,1048.805
KSHV20230815-5,KSHV20230815_112653_V06,13,6.416,1.200,6545,0,573.466,1451,0,227.285
KSHV20230815-5,KSHV20230815_112653_V06,14,7.998,1.200,6576,0,110.637,1867,0,70.882
KSHV20230815-10,KSHV20230815_113756_V06,0,0.308,1.200,1856,0,173661.512,0,0,173661.512
KSHV20230815-10,KSHV20230815_113756_V06,4,0.879,1.200,1857,0,34521.204,45,0,34283.390
KSHV20230815-10,KSHV20230815_113756_V06,6,1.318,1.200,1858,0,3347.089,258,0,2767.796
KSHV20230815-10,KSHV20230815_113756_V06,8,1.802,1.200,933,0,11.670,0,0,11.670
KSHV20230815-10,KSHV20230815_113756_V06,9,2.417,1.200,938,0,2.808,0,0,2.808
KSHV20230815-10,KSHV20230815_114334_V06,0,0.308,1.200,3667,0,310160.287,3,0,310002.029
KSHV20230815-10,KSHV20230815_114334_V06,4,0.879,1.200,3670,0,102912.554,167,0,101987.665
KSHV20230815-10,KSHV20230815_114334_V06,6,1.318,1.200,3673,0,23975.194,372,0,22766.849
KSHV20230815-10,KSHV20230815_114334_V06,8,1.802,1.200,1883,0,283.465,4,0,269.251
KSHV20230815-10,KSHV20230815_114334_V06,9,2.417,1.200,1883,0,15.475,0,0,15.475
KSHV20230815-15,KSHV20230815_114912_V06,0,0.308,1.200,3852,0,26481.035,207,0,24073.796
KSHV20230815-15,KSHV20230815_114912_V06,4,0.879,1.200,3851,0,396.023,10,0,295.753
KSHV20230815-15,KSHV20230815_114912_V06,6,1.318,1.200,3851,0,155.548,7,0,62.652
KSHV20230815-15,KSHV20230815_115417_V06,0,0.308,1.200,5776,0,49345.754,361,0,43305.253
KSHV20230815-15,KSHV20230815_115417_V06,4,0.879,1.200,5783,0,2968.813,97,0,2265.236
KSHV20230815-15,KSHV20230815_115417_V06,6,1.318,1.200,5780,0,268.154,5,0,112.268
KSHV20230815-14,KSHV20230815_114334_V06,0,0.308,1.200,735,0,21888.776,6,0,21838.918
KSHV20230815-14,KSHV20230815_114334_V06,4,0.879,1.200,735,0,5357.755,108,0,5186.170
KSHV20230815-14,KSHV20230815_114334_V06,6,1.318,1.200,736,0,383.584,82,0,343.073
KSHV20230815-14,KSHV20230815_114334_V06,8,1.802,1.200,369,0,25.468,5,0,15.405
KSHV20230815-14,KSHV20230815_114334_V06,9,2.417,1.200,369,0,45.953,4,0,40.145
KSHV20230815-14,KSHV20230815_114334_V06,10,3.120,1.200,370,0,10.148,0,0,10.148
KSHV20230815-14,KSHV20230815_114334_V06,11,3.999,1.200,370,0,0.587,0,0,0.587
KSHV20230816-1,KSHV20230816_111115_V06,0,0.308,1.200,6502,0,111534.241,1101,0,102268.316
KSHV20230816-1,KSHV20230816_111115_V06,4,0.879,1.200,6504,0,6709.274,1199,0,5155.889
KSHV20230816-1,KSHV20230816_111115_V06,6,1.318,1.200,6505,0,2974.791,1822,0,1294.041
KSHV20230816-1,KSHV20230816_111115_V06,8,1.802,1.200,3256,0,1141.271,148,0,404.029
KSHV20230816-1,KSHV20230816_111115_V06,9,2.417,1.200,3256,0,1397.890,367,0,313.335
KSHV20230816-1,KSHV20230816_111115_V06,10,3.120,1.200,3259,0,61.525,14,0,42.236
KSHV20230816-1,KSHV20230816_111956_V06,0,0.308,1.200,12746,0,170278.119,1752,0,164060.088
KSHV20230816-1,KSHV20230816_111956_V06,4,0.879,1.200,12749,0,9700.007,1514,0,7714.119
KSHV20230816-1,KSHV20230816_111956_V06,6,1.318,1.200,12748,0,5676.334,2674,0,2539.676
KSHV20230816-1,KSHV20230816_111956_V06,8,1.802,1.200,6376,0,1624.895,170,0,638.419
KSHV20230816-1,KSHV20230816_111956_V06,9,2.417,1.200,6380,0,3165.028,761,0,808.216
KSHV20230816-1,KSHV20230816_111956_V06,10,3.120,1.200,6384,0,1638.042,649,0,366.103
KSHV20230816-1,KSHV20230816_112837_V06,0,0.308,1.200,2371,0,72500.522,18,0,71134.634
KSHV20230816-1,KSHV20230816_112837_V06,4,0.879,1.200,2375,0,7586.490,122,0,7282.843
KSHV20230816-1,KSHV20230816_112837_V06,6,1.318,1.200,2373,0,3141.135,323,0,2795.172
KSHV20230816-1,KSHV20230816_112837_V06,8,1.802,1.200,1185,0,681.011,58,0,467.161
KSHV20230816-1,KSHV20230816_112837_V06,9,2.417,1.200,1184,0,201.102,39,0,85.426
KSHV20230816-1,KSHV20230816_112837_V06,10,3.120,1.200,1188,0,381.379,185,0,101.632
KSHV20230816-1,KSHV20230816_113719_V06,0,0.308,1.200,4818,0,132775.919,23,0,131163.932
KSHV20230816-1,KSHV20230816_113719_V06,4,0.879,1.200,4822,0,13584.522,190,0,13195.149
KSHV20230816-1,KSHV20230816_113719_V06,6,1.318,1.200,4825,0,8990.507,461,0,8320.530
KSHV20230816-1,KSHV20230816_113719_V06,8,1.802,1.200,2415,0,3346.866,147,0,2761.847
KSHV20230816-1,KSHV20230816_113719_V06,9,2.417,1.200,2414,0,998.923,114,0,642.881
KSHV20230816-1,KSHV20230816_113719_V06,10,3.120,1.200,2418,0,836.560,358,0,282.226
KSHV20230816-4,KSHV20230816_112837_V06,0,0.308,1.200,1705,0,21187.695,187,0,19149.160
KSHV20230816-4,KSHV20230816_112837_V06,4,0.879,1.200,1709,0,2574.268,157,0,2109.994
KSHV20230816-4,KSHV20230816_112837_V06,6,1.318,1.200,1710,0,4707.949,1101,0,1359.097
KSHV20230816-4,KSHV20230816_112837_V06,8,1.802,1.200,857,0,2207.845,140,0,532.628
KSHV20230816-4,KSHV20230816_112837_V06,9,2.417,1.200,858,0,129.170,7,0,61.783
KSHV20230816-4,KSHV20230816_113719_V06,0,0.308,1.200,4711,0,52137.906,681,0,45723.384
KSHV20230816-4,KSHV20230816_113719_V06,4,0.879,1.200,4713,0,7925.453,341,0,6680.970
KSHV20230816-4,KSHV20230816_113719_V06,6,1.318,1.200,4718,0,7646.333,1409,0,3480.448
KSHV20230816-4,KSHV20230816_113719_V06,8,1.802,1.200,2359,0,4030.704,220,0,1161.331
KSHV20230816-4,KSHV20230816_113719_V06,9,2.417,1.200,2362,0,1862.891,177,0,498.224
KSHV20230816-2,KSHV20230816_111115_V06,0,0.308,1.200,4522,0,59142.667,1060,0,43930.484
KSHV20230816-2,KSHV20230816_111115_V06,4,0.879,1.200,4522,0,2677.092,409,0,1308.496
KSHV20230816-2,KSHV20230816_111115_V06,6,1.318,1.200,4523,0,2642.930,726,0,956.173
KSHV20230816-2,KSHV20230816_111115_V06,8,1.802,1.200,2260,0,145.698,8,0,66.442
KSHV20230816-3,KSHV20230816_111956_V06,0,0.308,1.200,16748,0,36536.893,733,0,35334.646
KSHV20230816-3,KSHV20230816_111956_V06,4,0.879,1.200,16751,0,17149.455,1089,0,16172.206
KSHV20230816-3,KSHV20230816_111956_V06,6,1.318,1.200,16760,0,8326.088,2016,0,7528.800
KSHV20230816-3,KSHV20230816_111956_V06,8,1.802,1.200,8367,0,2977.423,856,0,2304.421
KSHV20230816-3,KSHV20230816_111956_V06,9,2.417,1.200,8380,0,804.802,683,0,565.008
KSHV20230816-3,KSHV20230816_111956_V06,10,3.120,1.200,8395,0,222.737,597,0,142.026
KSHV20230816-3,KSHV20230816_111956_V06,11,3.999,1.200,8396,0,187.534,682,0,98.309
KSHV20230816-3,KSHV20230816_111956_V06,12,5.098,1.200,8414,0,420.568,1534,0,174.934
KSHV20230816-3,KSHV20230816_111956_V06,13,6.416,1.200,8440,0,316.948,1822,0,111.973
KSHV20230817-1,KSHV20230817_111716_V06,0,0.308,1.200,76,0,16002.580,4,0,13550.987
KSHV20230817-1,KSHV20230817_111716_V06,4,0.879,1.200,76,0,52.829,17,0,34.907
KSHV20230817-1,KSHV20230817_111716_V06,6,1.318,1.200,76,0,3.756,0,0,3.756
KSHV20230817-1,KSHV20230817_111716_V06,8,1.802,1.200,41,0,0.099,0,0,0.099
KSHV20230817-1,KSHV20230817_111716_V06,9,2.417,1.200,40,0,3.267,0,0,3.267
KSHV20230817-1,KSHV20230817_111716_V06,10,3.120,1.200,40,0,0.096,0,0,0.096
KSHV20230817-2,KSHV20230817_113439_V06,0,0.308,1.200,606,0,48831.490,24,0,44758.859
KSHV20230817-2,KSHV20230817_113439_V06,4,0.879,1.200,606,0,784.342,60,0,710.789
KSHV20230817-2,KSHV20230817_113439_V06,6,1.318,1.200,607,0,296.695,248,0,150.269
KSHV20230817-2,KSHV20230817_113439_V06,8,1.802,1.200,301,0,162.900,102,0,51.951
KSHV20230817-2,KSHV20230817_113439_V06,9,2.417,1.200,300,0,14.293,20,0,8.371
KSHV20230817-2,KSHV20230817_113439_V06,10,3.120,1.200,301,0,0.409,2,0,0.168
KSHV20230817-2,KSHV20230817_113439_V06,11,3.999,1.200,301,0,0.169,0,0,0.169
KSHV20230817-2,KSHV20230817_113439_V06,12,5.098,1.200,302,0,19.085,68,0,7.077
KSHV20230817-2,KSHV20230817_113439_V06,13,6.416,1.200,303,0,8.063,48,0,1.962
KSHV20230817-3,KSHV20230817_114319_V06,0,0.308,1.200,7479,0,34740.327,1286,0,14676.794
KSHV20230817-3,KSHV20230817_114319_V06,4,0.879,1.200,7485,0,2927.873,245,0,1403.923
KSHV20230817-3,KSHV20230817_114319_V06,6,1.318,1.200,7490,0,574.211,77,0,265.319
KSHV20230817-4,KSHV20230817_120042_V06,0,0.308,1.200,1810,0,44098.868,376,0,3132.754
KSHV20230817-4,KSHV20230817_120042_V06,4,0.879,1.200,1812,0,5332.180,156,0,2841.505
KSHV20230817-4,KSHV20230817_120042_V06,6,1.318,1.200,1810,0,116.486,12,0,43.470
KSHV20230817-4,KSHV20230817_120042_V06,8,1.802,1.200,912,0,4.470,0,0,4.470
KSHV20230817-5,KSHV20230817_123527_V06,0,0.308,1.200,13828,0,364485.576,4318,0,224047.042
KSHV20230817-5,KSHV20230817_123527_V06,4,0.879,1.200,13842,0,60390.893,2225,0,36194.775
KSHV20230817-5,KSHV20230817_123527_V06,6,1.318,1.200,13843,0,13738.599,1335,0,5980.574
KSHV20230818-2,KSHV20230818_113146_V06,0,0.308,1.200,843,0,3829.752,53,0,3306.426
KSHV20230818-2,KSHV20230818_113146_V06,4,0.879,1.200,843,0,354.938,30,0,262.628
KSHV20230818-2,KSHV20230818_113146_V06,6,1.318,1.200,845,0,689.977,97,0,328.712
KSHV20230818-2,KSHV20230818_113146_V06,8,1.802,1.200,421,0,123.161,3,0,79.689
KSHV20230818-2,KSHV20230818_113146_V06,9,2.417,1.200,421,0,42.885,2,0,1.808
KSHV20230818-2,KSHV20230818_114028_V06,0,0.308,1.200,5093,0,32078.533,714,0,28741.747
KSHV20230818-2,KSHV20230818_114028_V06,4,0.879,1.200,5092,0,3018.572,255,0,2334.348
KSHV20230818-2,KSHV20230818_114028_V06,6,1.318,1.200,5098,0,2226.256,377,0,1166.324
KSHV20230818-2,KSHV20230818_114028_V06,8,1.802,1.200,2545,0,959.038,35,0,539.774
KSHV20230818-2,KSHV20230818_114028_V06,9,2.417,1.200,2549,0,249.029,17,0,146.588
KSHV20230818-1,KSHV20230818_112305_V06,0,0.308,1.200,404,0,44420.619,6,0,40188.796
KSHV20230818-1,KSHV20230818_112305_V06,4,0.879,1.200,405,0,1217.467,71,0,1052.861
KSHV20230818-1,KSHV20230818_112305_V06,6,1.318,1.200,404,0,122.397,48,0,71.956
KSHV20230818-1,KSHV20230818_112305_V06,8,1.802,1.200,203,0,9.049,2,0,0.424
KSHV20230818-1,KSHV20230818_112305_V06,9,2.417,1.200,203,0,0.429,0,0,0.429
KSHV20230818-1,KSHV20230818_112305_V06,10,3.120,1.200,202,0,11.670,1,0,9.723
KSHV20230818-5,KSHV20230818_114028_V06,0,0.308,1.200,1467,0,9413.855,372,0,7790.330
KSHV20230818-5,KSHV20230818_114028_V06,4,0.879,1.200,1467,0,151.440,73,0,101.966
KSHV20230818-5,KSHV20230818_114028_V06,6,1.318,1.200,1468,0,65.201,21,0,43.379
KSHV20230818-5,KSHV20230818_114028_V06,8,1.802,1.200,734,0,6.996,0,0,6.996
KSHV20230818-5,KSHV20230818_114028_V06,9,2.417,1.200,735,0,1.671,0,0,1.671
KSHV20230818-5,KSHV20230818_114028_V06,10,3.120,1.200,733,0,1.668,0,0,1.668
KSHV20230819-1,KSHV20230819_120348_V06,0,0.308,1.200,2530,0,1549819.486,266,0,1423865.278
KSHV20230819-1,KSHV20230819_120348_V06,4,0.879,1.200,2530,0,126093.413,975,0,77008.622
KSHV20230819-1,KSHV20230819_120348_V06,6,1.318,1.200,2535,0,55439.922,1175,0,29881.514
KSHV20230819-1,KSHV20230819_120348_V06,8,1.802,1.200,1261,0,9690.266,294,0,4819.332
KSHV20230819-1,KSHV20230819_120348_V06,9,2.417,1.200,1265,0,142.396,8,0,81.987
KSHV20230820-1,KSHV20230820_113754_V06,0,0.308,1.200,369,0,53132.656,1,0,53089.975
KSHV20230820-1,KSHV20230820_113754_V06,4,0.879,1.200,367,0,1493.435,11,0,1362.714
KSHV20230820-1,KSHV20230820_113754_V06,6,1.318,1.200,367,0,733.103,60,0,583.512
KSHV20230820-1,KSHV20230820_113754_V06,8,1.802,1.200,182,0,504.124,50,0,365.711
KSHV20230820-1,KSHV20230820_113754_V06,9,2.417,1.200,181,0,58.423,28,0,36.033
KSHV20230820-1,KSHV20230820_113754_V06,10,3.120,1.200,184,0,2.705,5,0,1.300
KSHV20230820-1,KSHV20230820_113754_V06,11,3.999,1.200,185,0,1.392,0,0,1.392
KSHV20230820-1,KSHV20230820_113754_V06,12,5.098,1.200,185,0,10.231,23,0,4.864
KSHV20230820-1,KSHV20230820_113754_V06,13,6.416,1.200,186,0,0.765,1,0,0.630
KSHV20230821-2,KSHV20230821_112022_V06,0,0.308,1.200,497,0,39227.936,12,0,37649.712
KSHV20230821-2,KSHV20230821_112022_V06,4,0.879,1.200,498,0,1544.582,51,0,1417.512
KSHV20230821-2,KSHV20230821_112022_V06,6,1.318,1.200,497,0,204.372,87,0,148.137
KSHV20230821-2,KSHV20230821_112022_V06,8,1.802,1.200,239,0,0.500,0,0,0.500
KSHV20230821-2,KSHV20230821_112022_V06,9,2.417,1.200,238,0,0.498,0,0,0.498
KSHV20230821-2,KSHV20230821_112022_V06,10,3.120,1.200,235,0,3.535,1,0,1.672
KSHV20230821-2,KSHV20230821_112904_V06,0,0.308,1.200,2290,0,70847.721,99,0,68580.829
KSHV20230821-2,KSHV20230821_112904_V06,4,0.879,1.200,2294,0,5617.027,297,0,5106.501
KSHV20230821-2,KSHV20230821_112904_V06,6,1.318,1.200,2295,0,960.723,293,0,670.938
KSHV20230821-2,KSHV20230821_112904_V06,8,1.802,1.200,1155,0,55.403,8,0,30.966
KSHV20230821-2,KSHV20230821_112904_V06,9,2.417,1.200,1157,0,16.430,1,0,14.085
KSHV20230821-2,KSHV20230821_112904_V06,10,3.120,1.200,1152,0,9.738,1,0,8.281
KSHV20230821-2,KSHV20230821_113745_V06,0,0.308,1.200,2614,0,113370.868,20,0,112010.796
KSHV20230821-2,KSHV20230821_113745_V06,4,0.879,1.200,2614,0,13549.854,171,0,12652.435
KSHV20230821-2,KSHV20230821_113745_V06,6,1.318,1.200,2616,0,2357.856,496,0,1747.359
KSHV20230821-2,KSHV20230821_113745_V06,8,1.802,1.200,1305,0,29.488,5,0,20.059
KSHV20230821-2,KSHV20230821_113745_V06,9,2.417,1.200,1305,0,25.156,4,0,16.060
KSHV20230821-2,KSHV20230821_113745_V06,10,3.120,1.200,1307,0,27.870,4,0,18.041
KSHV20230821-3,KSHV20230821_112904_V06,0,0.308,1.200,432,0,11508.338,18,0,11296.315
KSHV20230821-3,KSHV20230821_112904_V06,4,0.879,1.200,432,0,710.785,54,0,583.341
KSHV20230821-3,KSHV20230821_112904_V06,6,1.318,1.200,431,0,286.927,72,0,155.156
KSHV20230821-3,KSHV20230821_112904_V06,8,1.802,1.200,215,0,95.492,3,0,48.991
KSHV20230821-3,KSHV20230821_112904_V06,9,2.417,1.200,216,0,0.905,0,0,0.905
KSHV20230821-3,KSHV20230821_113745_V06,0,0.308,1.200,2073,0,74296.219,298,0,66535.906
KSHV20230821-3,KSHV20230821_113745_V06,4,0.879,1.200,2073,0,6149.446,245,0,5430.648
KSHV20230821-3,KSHV20230821_113745_V06,6,1.318,1.200,2071,0,2041.544,496,0,724.847
KSHV20230821-3,KSHV20230821_113745_V06,8,1.802,1.200,1037,0,718.558,30,0,252.951
KSHV20230821-3,KSHV20230821_113745_V06,9,2.417,1.200,1034,0,4.340,0,0,4.340
KSHV20230821-3,KSHV20230821_114626_V06,0,0.308,1.200,3159,0,133900.583,452,0,118371.387
KSHV20230821-3,KSHV20230821_114626_V06,4,0.879,1.200,3159,0,15928.569,269,0,14690.057
KSHV20230821-3,KSHV20230821_114626_V06,6,1.318,1.200,3156,0,3217.173,398,0,1988.496
KSHV20230821-3,KSHV20230821_114626_V06,8,1.802,1.200,1582,0,824.520,22,0,499.461
KSHV20230821-3,KSHV20230821_114626_V06,9,2.417,1.200,1582,0,6.744,0,0,6.744
KSHV20230821-1,KSHV20230821_110300_V06,0,0.308,1.200,2651,0,27221.823,114,0,26193.787
KSHV20230821-1,KSHV20230821_110300_V06,4,0.879,1.200,2652,0,1972.772,329,0,1705.044
KSHV20230821-1,KSHV20230821_110300_V06,6,1.318,1.200,2652,0,682.782,784,0,469.354
KSHV20230821-1,KSHV20230821_110300_V06,8,1.802,1.200,1322,0,217.689,167,0,136.772
KSHV20230821-1,KSHV20230821_110300_V06,9,2.417,1.200,1327,0,259.740,255,0,149.597
KSHV20230821-1,KSHV20230821_110300_V06,10,3.120,1.200,1329,0,31.702,75,0,18.752
KSHV20230821-1,KSHV20230821_110300_V06,11,3.999,1.200,1330,0,9.882,16,0,6.600
KSHV20230821-1,KSHV20230821_110300_V06,12,5.098,1.200,1331,0,11.385,5,0,10.239
KSHV20230821-1,KSHV20230821_110300_V06,13,6.416,1.200,1336,0,3.265,2,0,3.042
KSHV20230822-2,KSHV20230822_114120_V06,0,0.308,1.200,3032,0,31641.428,567,0,27952.278
KSHV20230822-2,KSHV20230822_114120_V06,4,0.879,1.200,3032,0,8241.077,228,0,6859.295
KSHV20230822-2,KSHV20230822_114120_V06,6,1.318,1.200,3031,0,736.281,83,0,512.682
KSHV20230822-2,KSHV20230822_114120_V06,8,1.802,1.200,1517,0,76.253,2,0,57.763
KSHV20230822-2,KSHV20230822_114120_V06,9,2.417,1.200,1516,0,30.824,0,0,30.824
KSHV20230822-2,KSHV20230822_114947_V06,0,0.308,1.200,5744,0,56969.897,1400,0,44282.153
KSHV20230822-2,KSHV20230822_114947_V06,4,0.879,1.200,5743,0,16457.651,413,0,14362.530
KSHV20230822-2,KSHV20230822_114947_V06,6,1.318,1.200,5748,0,4745.407,303,0,3702.181
KSHV20230822-2,KSHV20230822_114947_V06,8,1.802,1.200,2874,0,237.754,6,0,188.697
KSHV20230822-2,KSHV20230822_114947_V06,9,2.417,1.200,2871,0,93.588,4,0,68.385
KSHV20230822-2,KSHV20230822_120654_V06,0,0.308,1.200,6424,0,38030.513,1840,0,22642.258
KSHV20230822-2,KSHV20230822_120654_V06,4,0.879,1.200,6421,0,12169.523,645,0,8179.901
KSHV20230822-2,KSHV20230822_120654_V06,6,1.318,1.200,6420,0,5871.660,331,0,4201.410
KSHV20230822-2,KSHV20230822_120654_V06,8,1.802,1.200,3215,0,359.313,8,0,232.996
KSHV20230822-2,KSHV20230822_120654_V06,9,2.417,1.200,3221,0,77.964,3,0,57.857
KSHV20230822-1,KSHV20230822_112358_V06,0,0.308,1.200,596,0,23713.133,13,0,23278.652
KSHV20230822-1,KSHV20230822_112358_V06,4,0.879,1.200,596,0,1195.702,149,0,974.196
KSHV20230822-1,KSHV20230822_112358_V06,6,1.318,1.200,595,0,152.294,45,0,100.402
KSHV20230822-1,KSHV20230822_112358_V06,8,1.802,1.200,288,0,0.576,0,0,0.576
KSHV20230822-1,KSHV20230822_112358_V06,9,2.417,1.200,287,0,0.574,0,0,0.574
KSHV20230822-1,KSHV20230822_112358_V06,10,3.120,1.200,289,0,0.579,0,0,0.579
KSHV20230822-1,KSHV20230822_113239_V06,0,0.308,1.200,3077,0,32918.727,204,0,31880.011
KSHV20230822-1,KSHV20230822_113239_V06,4,0.879,1.200,3077,0,3633.986,789,0,2531.080
KSHV20230822-1,KSHV20230822_113239_V06,6,1.318,1.200,3078,0,454.261,217,0,236.904
KSHV20230822-1,KSHV20230822_113239_V06,8,1.802,1.200,1538,0,32.153,4,0,20.538
KSHV20230822-1,KSHV20230822_113239_V06,9,2.417,1.200,1541,0,17.485,2,0,13.527
KSHV20230822-1,KSHV20230822_113239_V06,10,3.120,1.200,1544,0,6.755,0,0,6.755
KSHV20230822-3,KSHV20230822_120654_V06,0,0.308,1.200,6607,0,89086.709,46,0,88090.239
KSHV20230822-3,KSHV20230822_120654_V06,4,0.879,1.200,6606,0,22441.869,381,0,21829.449
KSHV20230822-3,KSHV20230822_120654_V06,6,1.318,1.200,6600,0,1428.699,1230,0,1103.209
KSHV20230822-3,KSHV20230822_120654_V06,8,1.802,1.200,3299,0,19.638,5,0,12.936
KSHV20230822-3,KSHV20230822_120654_V06,9,2.417,1.200,3302,0,4.647,0,0,4.647
KSHV20230822-3,KSHV20230822_120654_V06,10,3.120,1.200,3305,0,15.620,2,0,11.675
KSHV20230822-3,KSHV20230822_120654_V06,11,3.999,1.200,3313,0,5.769,0,0,5.769
KSHV20230822-3,KSHV20230822_121535_V06,0,0.308,1.200,12843,0,122167.342,94,0,120908.694
KSHV20230822-3,KSHV20230822_121535_V06,4,0.879,1.200,12849,0,30107.186,860,0,29324.941
KSHV20230822-3,KSHV20230822_121535_V06,6,1.318,1.200,12850,0,4110.578,1734,0,3693.525
KSHV20230822-3,KSHV20230822_121535_V06,8,1.802,1.200,6427,0,92.580,92,0,55.561
KSHV20230822-3,KSHV20230822_121535_V06,9,2.417,1.200,6433,0,24.883,12,0,12.549
KSHV20230822-3,KSHV20230822_121535_V06,10,3.120,1.200,6430,0,17.409,1,0,17.105
KSHV20230822-3,KSHV20230822_121535_V06,11,3.999,1.200,6443,0,8.677,0,0,8.677
KSHV20230822-4,KSHV20230822_122416_V06,0,0.308,1.200,2664,0,173850.930,272,0,155987.455
KSHV20230822-4,KSHV20230822_122416_V06,4,0.879,1.200,2664,0,14751.451,1150,0,8056.715
KSHV20230822-4,KSHV20230822_122416_V06,6,1.318,1.200,2668,0,710.914,165,0,431.381
KSHV20230822-4,KSHV20230822_122416_V06,8,1.802,1.200,1339,0,23.648,0,0,23.648
KSHV20230822-4,KSHV20230822_122416_V06,9,2.417,1.200,1335,0,66.118,0,0,66.118
KSHV20230822-5,KSHV20230822_123256_V06,0,0.308,1.200,8019,0,438996.556,1455,0,292703.625
KSHV20230822-5,KSHV20230822_123256_V06,4,0.879,1.200,8023,0,109383.500,2299,0,74855.777
KSHV20230822-5,KSHV20230822_123256_V06,6,1.318,1.200,8027,0,17471.781,2919,0,10299.576
KSHV20230822-5,KSHV20230822_123256_V06,8,1.802,1.200,4012,0,2006.590,295,0,1053.078
KSHV20230822-5,KSHV20230822_123256_V06,9,2.417,1.200,4010,0,1995.500,239,0,517.537
KSHV20230822-5,KSHV20230822_123256_V06,10,3.120,1.200,4020,0,1789.873,531,0,485.944
KSHV20230822-5,KSHV20230822_124137_V06,0,0.308,1.200,3203,0,230918.111,574,0,156507.554
KSHV20230822-5,KSHV20230822_124137_V06,4,0.879,1.200,3207,0,55047.433,965,0,35143.090
KSHV20230822-5,KSHV20230822_124137_V06,6,1.318,1.200,3204,0,8187.918,1466,0,4361.333
KSHV20230822-5,KSHV20230822_124137_V06,8,1.802,1.200,1607,0,338.310,40,0,234.906
KSHV20230822-5,KSHV20230822_124137_V06,9,2.417,1.200,1601,0,582.391,93,0,122.161
KSHV20230822-5,KSHV20230822_124137_V06,10,3.120,1.200,1604,0,621.083,199,0,202.729
KSHV20230822-6,KSHV20230822_124137_V06,0,0.308,1.200,7634,0,120020.113,1113,0,110226.814
KSHV20230822-6,KSHV20230822_124137_V06,4,0.879,1.200,7639,0,15824.989,1086,0,13439.573
KSHV20230822-6,KSHV20230822_124137_V06,6,1.318,1.200,7646,0,163.980,64,0,103.565
KSHV20230822-6,KSHV20230822_124137_V06,8,1.802,1.200,3817,0,13.580,0,0,13.580
KSHV20230822-6,KSHV20230822_124137_V06,9,2.417,1.200,3819,0,149.375,2,0,128.204
KSHV20230823-1,KSHV20230823_113413_V06,0,0.308,1.200,1520,0,11023.354,215,0,9368.420
KSHV20230823-1,KSHV20230823_113413_V06,4,0.879,1.200,1518,0,1011.408,53,0,824.384
KSHV20230823-1,KSHV20230823_113413_V06,6,1.318,1.200,1518,0,198.503,51,0,55.163
KSHV20230823-1,KSHV20230823_113413_V06,8,1.802,1.200,759,0,23.879,0,0,23.879
KSHV20230823-1,KSHV20230823_113413_V06,9,2.417,1.200,762,0,3.331,0,0,3.331
KSHV20230823-1,KSHV20230823_114254_V06,0,0.308,1.200,4416,0,25626.463,863,0,20239.925
KSHV20230823-1,KSHV20230823_114254_V06,4,0.879,1.200,4413,0,5636.511,187,0,4672.610
KSHV20230823-1,KSHV20230823_114254_V06,6,1.318,1.200,4412,0,1549.741,160,0,996.636
KSHV20230823-1,KSHV20230823_114254_V06,8,1.802,1.200,2210,0,113.148,2,0,98.305
KSHV20230823-1,KSHV20230823_120015_V06,0,0.308,1.200,7972,0,29692.795,2201,0,18910.661
KSHV20230823-1,KSHV20230823_120015_V06,4,0.879,1.200,7976,0,8342.305,382,0,6854.702
KSHV20230823-1,KSHV20230823_120015_V06,6,1.318,1.200,7979,0,5234.276,373,0,3464.653
KSHV20230823-1,KSHV20230823_120015_V06,8,1.802,1.200,3985,0,524.956,21,0,294.950
KSHV20230823-1,KSHV20230823_120015_V06,9,2.417,1.200,3989,0,78.086,2,0,70.850
KSHV20230824-2,KSHV20230824_112548_V06,0,0.308,1.200,227,0,12287.651,41,0,10707.786
KSHV20230824-2,KSHV20230824_112548_V06,4,0.879,1.200,229,0,322.162,28,0,236.453
KSHV20230824-2,KSHV20230824_112548_V06,6,1.318,1.200,228,0,23.901,6,0,16.949
KSHV20230824-2,KSHV20230824_112548_V06,8,1.802,1.200,113,0,0.451,0,0,0.451
KSHV20230824-2,KSHV20230824_112548_V06,9,2.417,1.200,114,0,0.456,0,0,0.456
KSHV20230824-2,KSHV20230824_113429_V06,0,0.308,1.200,2597,0,34192.360,633,0,28225.650
KSHV20230824-2,KSHV20230824_113429_V06,4,0.879,1.200,2597,0,5064.602,262,0,4129.688
KSHV20230824-2,KSHV20230824_113429_V06,6,1.318,1.200,2593,0,338.466,55,0,190.310
KSHV20230824-2,KSHV20230824_113429_V06,8,1.802,1.200,1300,0,58.734,3,0,37.468
KSHV20230824-2,KSHV20230824_113429_V06,9,2.417,1.200,1300,0,5.198,0,0,5.198
KSHV20230824-2,KSHV20230824_114421_V06,0,0.308,1.200,3805,0,61774.048,738,0,53239.080
KSHV20230824-2,KSHV20230824_114421_V06,4,0.879,1.200,3804,0,8562.617,342,0,7392.298
KSHV20230824-2,KSHV20230824_114421_V06,6,1.318,1.200,3811,0,1466.647,182,0,961.452
KSHV20230824-2,KSHV20230824_114421_V06,8,1.802,1.200,1899,0,182.506,1,0,175.903
KSHV20230824-2,KSHV20230824_114421_V06,9,2.417,1.200,1902,0,29.809,1,0,18.676
KSHV20230824-2,KSHV20230824_120145_V06,0,0.308,1.200,7320,0,75123.953,1970,0,56913.089
KSHV20230824-2,KSHV20230824_120145_V06,4,0.879,1.200,7323,0,18555.264,1592,0,13840.692
KSHV20230824-2,KSHV20230824_120145_V06,6,1.318,1.200,7321,0,3040.297,363,0,2338.596
KSHV20230824-2,KSHV20230824_120145_V06,8,1.802,1.200,3659,0,407.123,17,0,236.556
KSHV20230824-2,KSHV20230824_120145_V06,9,2.417,1.200,3664,0,199.144,14,0,130.546
KSHV20230824-1,KSHV20230824_112548_V06,0,0.308,1.200,851,0,61230.817,7,0,60505.202
KSHV20230824-1,KSHV20230824_112548_V06,4,0.879,1.200,851,0,3098.207,72,0,2863.312
KSHV20230824-1,KSHV20230824_112548_V06,6,1.318,1.200,851,0,745.535,155,0,604.585
KSHV20230824-1,KSHV20230824_112548_V06,8,1.802,1.200,399,0,8.208,2,0,0.802
KSHV20230824-1,KSHV20230824_112548_V06,9,2.417,1.200,399,0,48.389,9,0,23.099
KSHV20230824-1,KSHV20230824_112548_V06,10,3.120,1.200,401,0,29.123,2,0,26.779
KSHV20230824-1,KSHV20230824_113429_V06,0,0.308,1.200,2408,0,54488.780,40,0,54028.391
KSHV20230824-1,KSHV20230824_113429_V06,4,0.879,1.200,2405,0,10038.629,268,0,9079.426
KSHV20230824-1,KSHV20230824_113429_V06,6,1.318,1.200,2402,0,2942.293,566,0,2218.797
KSHV20230824-1,KSHV20230824_113429_V06,8,1.802,1.200,1194,0,129.468,18,0,79.901
KSHV20230824-1,KSHV20230824_113429_V06,9,2.417,1.200,1193,0,105.011,16,0,59.417
KSHV20230824-1,KSHV20230824_113429_V06,10,3.120,1.200,1197,0,162.860,60,0,73.125
KSHV20230826-1,KSHV20230826_111122_V06,0,0.308,1.200,7525,0,380850.754,169,0,373356.623
KSHV20230826-1,KSHV20230826_111122_V06,4,0.879,1.200,7527,0,42090.310,1713,0,33293.734
KSHV20230826-1,KSHV20230826_111122_V06,6,1.318,1.200,7525,0,23230.304,1911,0,15298.127
KSHV20230826-1,KSHV20230826_111122_V06,8,1.802,1.200,3773,0,1907.278,122,0,1038.822
KSHV20230826-1,KSHV20230826_111122_V06,9,2.417,1.200,3770,0,40.417,2,0,35.239
KSHV20230826-3,KSHV20230826_113724_V06,0,0.308,1.200,1552,0,204760.899,176,0,191501.290
KSHV20230826-3,KSHV20230826_113724_V06,4,0.879,1.200,1554,0,13470.918,79,0,11275.173
KSHV20230826-3,KSHV20230826_113724_V06,6,1.318,1.200,1551,0,170311.106,133,0,6353.953
KSHV20230826-4,KSHV20230826_121209_V06,0,0.308,1.200,2939,0,25465.655,756,0,20273.941
KSHV20230826-4,KSHV20230826_121209_V06,4,0.879,1.200,2942,0,2849.052,219,0,1889.846
KSHV20230826-4,KSHV20230826_121209_V06,6,1.318,1.200,2945,0,1700.527,155,0,983.607
KSHV20230826-4,KSHV20230826_121209_V06,8,1.802,1.200,1473,0,140.746,1,0,131.419
KSHV20230827-1,KSHV20230827_114417_V06,0,0.308,1.200,917,0,50573.223,90,0,44890.710
KSHV20230827-1,KSHV20230827_114417_V06,4,0.879,1.200,917,0,1667.777,60,0,1210.037
KSHV20230827-1,KSHV20230827_114417_V06,6,1.318,1.200,916,0,47.599,4,0,21.429
KSHV20230827-1,KSHV20230827_114417_V06,8,1.802,1.200,457,0,2.543,0,0,2.543
KSHV20230828-1,KSHV20230828_105018_V06,0,0.308,1.200,902,0,217950.186,123,0,96614.074
KSHV20230828-1,KSHV20230828_105018_V06,4,0.879,1.200,902,0,290289.789,500,0,12851.824
KSHV20230828-1,KSHV20230828_105018_V06,6,1.318,1.200,903,0,311644.957,661,0,2488.123
KSHV20230828-1,KSHV20230828_105018_V06,8,1.802,1.200,457,0,355992.991,325,0,1714.562
KSHV20230828-2,KSHV20230828_114218_V06,0,0.308,1.200,533,0,9146.643,83,0,6283.075
KSHV20230828-2,KSHV20230828_114218_V06,4,0.879,1.200,533,0,23.417,3,0,5.684
KSHV20230828-2,KSHV20230828_114218_V06,6,1.318,1.200,532,0,1.871,0,0,1.871
KSHV20230828-3,KSHV20230828_115046_V06,0,0.308,1.200,309,0,12612.622,26,0,12213.408
KSHV20230828-3,KSHV20230828_115046_V06,4,0.879,1.200,310,0,109.705,8,0,85.944
KSHV20230828-3,KSHV20230828_115046_V06,6,1.318,1.200,310,0,6.007,0,0,6.007
KSHV20230828-3,KSHV20230828_115046_V06,8,1.802,1.200,150,0,0.729,0,0,0.729
KSHV20230829-1,KSHV20230829_112405_V06,0,0.308,1.200,325,0,23581.578,11,0,22746.447
KSHV20230829-1,KSHV20230829_112405_V06,4,0.879,1.200,328,0,772.310,38,0,643.247
KSHV20230829-1,KSHV20230829_112405_V06,6,1.318,1.200,326,0,8.688,1,0,3.610
KSHV20230829-1,KSHV20230829_112405_V06,8,1.802,1.200,173,0,0.822,0,0,0.822
KSHV20230829-2,KSHV20230829_113246_V06,0,0.308,1.200,1423,0,52605.082,2,0,52600.293
KSHV20230829-2,KSHV20230829_113246_V06,4,0.879,1.200,1423,0,3822.150,97,0,3618.325
KSHV20230829-2,KSHV20230829_113246_V06,6,1.318,1.200,1424,0,470.441,140,0,358.683
KSHV20230829-2,KSHV20230829_113246_V06,8,1.802,1.200,691,0,14.978,0,0,14.978
KSHV20230829-2,KSHV20230829_113246_V06,9,2.417,1.200,689,0,5.440,0,0,5.440
KSHV20230829-2,KSHV20230829_113246_V06,10,3.120,1.200,694,0,1.408,0,0,1.408
KSHV20230831-2,KSHV20230831_112606_V06,0,0.308,1.200,43,0,22218.406,6,0,21985.760
KSHV20230831-2,KSHV20230831_112606_V06,4,0.879,1.200,46,0,91.465,5,0,50.274
KSHV20230831-2,KSHV20230831_112606_V06,6,1.318,1.200,44,0,15.820,2,0,5.543
KSHV20230831-2,KSHV20230831_112606_V06,8,1.802,1.200,26,0,0.128,0,0,0.128
KSHV20230831-2,KSHV20230831_113447_V06,0,0.308,1.200,1186,0,59642.042,203,0,52090.795
KSHV20230831-2,KSHV20230831_113447_V06,4,0.879,1.200,1183,0,1858.679,140,0,1249.256
KSHV20230831-2,KSHV20230831_113447_V06,6,1.318,1.200,1187,0,175.411,55,0,94.069
KSHV20230831-2,KSHV20230831_113447_V06,8,1.802,1.200,566,0,2.615,0,0,2.615
KSHV20230831-2,KSHV20230831_114328_V06,0,0.308,1.200,1810,0,74070.676,168,0,68188.899
KSHV20230831-2,KSHV20230831_114328_V06,4,0.879,1.200,1810,0,9278.544,375,0,7109.285
KSHV20230831-2,KSHV20230831_114328_V06,6,1.318,1.200,1808,0,885.593,189,0,558.220
KSHV20230831-2,KSHV20230831_114328_V06,8,1.802,1.200,889,0,3.833,0,0,3.833
KSHV20230831-2,KSHV20230831_114328_V06,9,2.417,1.200,888,0,21.502,0,0,21.502
KSHV20230831-1,KSHV20230831_112606_V06,0,0.308,1.200,57,0,4033.397,1,0,3991.000
KSHV20230831-1,KSHV20230831_112606_V06,4,0.879,1.200,58,0,230.289,13,0,122.434
KSHV20230831-1,KSHV20230831_112606_V06,6,1.318,1.200,57,0,12.084,10,0,3.562
KSHV20230831-1,KSHV20230831_112606_V06,8,1.802,1.200,27,0,0.082,0,0,0.082
KSHV20230831-1,KSHV20230831_112606_V06,9,2.417,1.200,28,0,0.085,0,0,0.085
KSHV20230831-1,KSHV20230831_113447_V06,0,0.308,1.200,1731,0,42624.561,152,0,40416.813
KSHV20230831-1,KSHV20230831_113447_V06,4,0.879,1.200,1731,0,2191.755,234,0,1650.788
KSHV20230831-1,KSHV20230831_113447_V06,6,1.318,1.200,1731,0,751.470,277,0,469.462
KSHV20230831-1,KSHV20230831_113447_V06,8,1.802,1.200,875,0,57.782,5,0,40.169
KSHV20230831-1,KSHV20230831_113447_V06,9,2.417,1.200,879,0,19.053,0,0,19.053
KSHV20230831-1,KSHV20230831_113447_V06,10,3.120,1.200,875,0,2.224,0,0,2.224
KSHV20230831-6,KSHV20230831_113447_V06,0,0.308,1.200,201,0,8006.528,33,0,5678.062
KSHV20230831-6,KSHV20230831_113447_V06,4,0.879,1.200,200,0,299.406,45,0,84.923
KSHV20230831-6,KSHV20230831_113447_V06,6,1.318,1.200,200,0,16.115,5,0,4.399
KSHV20230831-6,KSHV20230831_113447_V06,8,1.802,1.200,96,0,0.517,0,0,0.517
KSHV20230901-1,KSHV20230901_112944_V06,0,0.308,1.200,285,0,19733.714,32,0,13819.043
KSHV20230901-1,KSHV20230901_112944_V06,4,0.879,1.200,283,0,551.971,31,0,435.620
KSHV20230901-1,KSHV20230901_112944_V06,6,1.318,1.200,286,0,9.913,4,0,3.508
KSHV20230901-1,KSHV20230901_112944_V06,8,1.802,1.200,132,0,0.604,0,0,0.604
KSHV20230901-1,KSHV20230901_113824_V06,0,0.308,1.200,1679,0,39314.112,215,0,34852.947
KSHV20230901-1,KSHV20230901_113824_V06,4,0.879,1.200,1679,0,6645.675,254,0,5303.374
KSHV20230901-1,KSHV20230901_113824_V06,6,1.318,1.200,1681,0,450.457,51,0,344.266
KSHV20230901-1,KSHV20230901_113824_V06,8,1.802,1.200,834,0,21.755,0,0,21.755
KSHV20230901-2,KSHV20230901_112944_V06,0,0.308,1.200,935,0,10060.477,73,0,9710.895
KSHV20230901-2,KSHV20230901_112944_V06,4,0.879,1.200,935,0,995.193,33,0,934.626
KSHV20230901-2,KSHV20230901_112944_V06,6,1.318,1.200,937,0,15.280,3,0,10.514
KSHV20230901-2,KSHV20230901_112944_V06,8,1.802,1.200,465,0,1.626,0,0,1.626
KSHV20230901-2,KSHV20230901_112944_V06,9,2.417,1.200,467,0,1.635,0,0,1.635
KSHV20230901-4,KSHV20230901_113824_V06,0,0.308,1.200,1448,0,37610.330,11,0,37085.129
KSHV20230901-4,KSHV20230901_113824_V06,4,0.879,1.200,1447,0,8837.732,89,0,8262.195
KSHV20230901-4,KSHV20230901_113824_V06,6,1.318,1.200,1447,0,2713.468,223,0,2381.444
KSHV20230901-4,KSHV20230901_113824_V06,8,1.802,1.200,723,0,199.123,17,0,139.125
KSHV20230901-4,KSHV20230901_113824_V06,9,2.417,1.200,726,0,6.305,0,0,6.305
KSHV20230901-4,KSHV20230901_113824_V06,10,3.120,1.200,723,0,7.199,0,0,7.199
KSHV20230902-1,KSHV20230902_114022_V06,0,0.308,1.200,375,0,2768.279,59,0,2101.064
KSHV20230902-1,KSHV20230902_114022_V06,4,0.879,1.200,373,0,5.253,0,0,5.253
KSHV20230902-1,KSHV20230902_114022_V06,6,1.318,1.200,372,0,0.894,0,0,0.894
KSHV20230902-1,KSHV20230902_114022_V06,8,1.802,1.200,186,0,0.894,0,0,0.894
KSHV20230902-2,KSHV20230902_124928_V06,0,0.308,1.200,2062,0,51180.342,183,0,44265.778
KSHV20230902-2,KSHV20230902_124928_V06,4,0.879,1.200,2063,0,12125.081,648,0,8067.798
KSHV20230902-2,KSHV20230902_124928_V06,6,1.318,1.200,2060,0,11104.993,904,0,5972.900
KSHV20230902-2,KSHV20230902_124928_V06,8,1.802,1.200,1034,0,6484.741,347,0,3984.871
KSHV20230902-2,KSHV20230902_124928_V06,9,2.417,1.200,1035,0,2441.340,211,0,1291.908
KSHV20230902-2,KSHV20230902_124928_V06,10,3.120,1.200,1035,0,1.785,0,0,1.785
KSHV20230902-2,KSHV20230902_124928_V06,11,3.999,1.200,1040,0,1.799,0,0,1.799
KSHV20230903-1,KSHV20230903_120636_V06,0,0.308,1.200,3298,0,112320.128,397,0,102958.330
KSHV20230903-1,KSHV20230903_120636_V06,4,0.879,1.200,3297,0,19749.418,1266,0,12189.350
KSHV20230903-1,KSHV20230903_120636_V06,6,1.318,1.200,3297,0,7217.380,1187,0,3557.777
KSHV20230903-1,KSHV20230903_120636_V06,8,1.802,1.200,1648,0,1317.603,97,0,649.939
KSHV20230903-1,KSHV20230903_120636_V06,9,2.417,1.200,1644,0,25.149,0,0,25.149
KSHV20230903-1,KSHV20230903_120636_V06,10,3.120,1.200,1650,0,4.811,0,0,4.811
KSHV20230906-1,KSHV20230906_114019_V06,0,0.308,1.200,2592,0,14558.296,159,0,10187.578
KSHV20230906-1,KSHV20230906_114019_V06,4,0.879,1.200,2595,0,1274.313,55,0,711.707
KSHV20230906-1,KSHV20230906_114019_V06,6,1.318,1.200,2596,0,145.263,6,0,56.433
KSHV20230906-2,KSHV20230906_114901_V06,0,0.308,1.200,1363,0,23908.865,276,0,17062.148
KSHV20230906-2,KSHV20230906_114901_V06,4,0.879,1.200,1364,0,1400.121,48,0,864.304
KSHV20230906-2,KSHV20230906_114901_V06,6,1.318,1.200,1363,0,103.203,7,0,47.293
KSHV20230907-2,KSHV20230907_114816_V06,0,0.308,1.200,919,0,828502.338,24,0,788343.875
KSHV20230907-2,KSHV20230907_114816_V06,4,0.879,1.200,918,0,7445.638,62,0,6499.952
KSHV20230907-2,KSHV20230907_114816_V06,6,1.318,1.200,921,0,13116.805,195,0,7949.884
KSHV20230907-2,KSHV20230907_120539_V06,0,0.308,1.200,4701,0,598465.400,329,0,566602.716
KSHV20230907-2,KSHV20230907_120539_V06,4,0.879,1.200,4701,0,35898.488,542,0,23451.856
KSHV20230907-2,KSHV20230907_120539_V06,6,1.318,1.200,4708,0,36193.101,830,0,21487.008
KSHV20230907-2,KSHV20230907_121420_V06,0,0.308,1.200,4502,0,436303.155,364,0,419918.278
KSHV20230907-2,KSHV20230907_121420_V06,4,0.879,1.200,4506,0,51855.772,639,0,28945.036
KSHV20230907-2,KSHV20230907_121420_V06,6,1.318,1.200,4509,0,39921.692,885,0,24302.751
KSHV20230907-1,KSHV20230907_113934_V06,0,0.308,1.200,2516,0,126318.175,31,0,120453.181
KSHV20230907-1,KSHV20230907_113934_V06,4,0.879,1.200,2512,0,21303.195,128,0,20683.491
KSHV20230907-1,KSHV20230907_113934_V06,6,1.318,1.200,2510,0,4914.112,544,0,3959.862
KSHV20230907-1,KSHV20230907_113934_V06,8,1.802,1.200,1258,0,403.839,69,0,194.946
KSHV20230907-1,KSHV20230907_113934_V06,9,2.417,1.200,1260,0,116.709,32,0,33.932
KSHV20230907-1,KSHV20230907_113934_V06,10,3.120,1.200,1263,0,93.628,30,0,54.180
KSHV20230907-1,KSHV20230907_113934_V06,11,3.999,1.200,1264,0,12.049,0,0,12.049
KSHV20230907-1,KSHV20230907_114816_V06,0,0.308,1.200,5749,0,320414.056,21,0,318399.943
KSHV20230907-1,KSHV20230907_114816_V06,4,0.879,1.200,5751,0,79700.670,54,0,79141.049
KSHV20230907-1,KSHV20230907_114816_V06,6,1.318,1.200,5745,0,27589.183,551,0,26212.356
KSHV20230907-1,KSHV20230907_114816_V06,8,1.802,1.200,2873,0,4500.368,248,0,3423.590
KSHV20230907-1,KSHV20230907_114816_V06,9,2.417,1.200,2874,0,609.362,103,0,365.255
KSHV20230907-1,KSHV20230907_114816_V06,10,3.120,1.200,2878,0,170.240,45,0,91.230
KSHV20230907-1,KSHV20230907_114816_V06,11,3.999,1.200,2881,0,51.904,33,0,28.508
KSHV20230907-3,KSHV20230907_122301_V06,0,0.308,1.200,6161,0,6125109.650,146,0,5885251.374
KSHV20230907-3,KSHV20230907_122301_V06,4,0.879,1.200,6167,0,608046.843,1074,0,511618.670
KSHV20230907-3,KSHV20230907_122301_V06,6,1.318,1.200,6173,0,146364.665,1407,0,104183.483
KSHV20230907-4,KSHV20230907_123142_V06,0,0.308,1.200,627,0,49550.200,185,0,35893.188
KSHV20230907-4,KSHV20230907_123142_V06,4,0.879,1.200,627,0,9278.895,261,0,5028.745
KSHV20230907-4,KSHV20230907_123142_V06,6,1.318,1.200,629,0,16.277,1,0,10.667
KSHV20230907-5,KSHV20230907_124024_V06,0,0.308,1.200,1404,0,299552.413,71,0,295092.262
KSHV20230907-5,KSHV20230907_124024_V06,4,0.879,1.200,1410,0,20112.016,147,0,17928.417
KSHV20230907-5,KSHV20230907_124024_V06,6,1.318,1.200,1408,0,16862.367,412,0,10497.321
KSHV20230908-1,KSHV20230908_112722_V06,0,0.308,1.200,200,0,15509.817,2,0,14196.015
KSHV20230908-1,KSHV20230908_112722_V06,4,0.879,1.200,199,0,1673.634,36,0,1339.186
KSHV20230908-1,KSHV20230908_112722_V06,6,1.318,1.200,198,0,324.650,57,0,218.011
KSHV20230908-1,KSHV20230908_112722_V06,8,1.802,1.200,110,0,76.340,0,0,76.340
KSHV20230908-1,KSHV20230908_112722_V06,9,2.417,1.200,110,0,36.632,0,0,36.632
KSHV20230908-1,KSHV20230908_112722_V06,10,3.120,1.200,112,0,0.221,0,0,0.221
KSHV20230908-1,KSHV20230908_113239_V06,0,0.308,1.200,1616,0,53584.506,115,0,49662.907
KSHV20230908-1,KSHV20230908_113239_V06,4,0.879,1.200,1618,0,8780.306,386,0,6676.594
KSHV20230908-1,KSHV20230908_113239_V06,6,1.318,1.200,1625,0,1643.342,515,0,848.320
KSHV20230908-1,KSHV20230908_113239_V06,8,1.802,1.200,815,0,156.322,0,0,156.322
KSHV20230908-1,KSHV20230908_113239_V06,9,2.417,1.200,815,0,49.882,0,0,49.882
KSHV20230908-1,KSHV20230908_113239_V06,10,3.120,1.200,815,0,1.612,0,0,1.612
KSHV20230908-1,KSHV20230908_113801_V06,0,0.308,1.200,2310,0,77669.455,142,0,72617.103
KSHV20230908-1,KSHV20230908_113801_V06,4,0.879,1.200,2313,0,10997.585,510,0,8599.008
KSHV20230908-1,KSHV20230908_113801_V06,6,1.318,1.200,2318,0,1727.682,551,0,937.627
KSHV20230908-1,KSHV20230908_113801_V06,8,1.802,1.200,1163,0,101.052,0,0,101.052
KSHV20230908-1,KSHV20230908_113801_V06,9,2.417,1.200,1159,0,58.423,0,0,58.423
KSHV20230908-1,KSHV20230908_113801_V06,10,3.120,1.200,1156,0,2.234,0,0,2.234
KSHV20230908-3,KSHV20230908_113239_V06,0,0.308,1.200,268,0,63774.048,8,0,63491.288
KSHV20230908-3,KSHV20230908_113239_V06,4,0.879,1.200,265,0,4988.147,47,0,4427.965
KSHV20230908-3,KSHV20230908_113239_V06,6,1.318,1.200,266,0,71.380,15,0,6.944
KSHV20230908-3,KSHV20230908_113239_V06,8,1.802,1.200,131,0,0.538,0,0,0.538
KSHV20230908-3,KSHV20230908_113239_V06,9,2.417,1.200,132,0,0.543,0,0,0.543
KSHV20230908-4,KSHV20230908_114324_V06,0,0.308,1.200,101,0,78748.605,25,0,62389.550
KSHV20230908-4,KSHV20230908_114324_V06,4,0.879,1.200,100,0,716.193,26,0,336.758
KSHV20230908-4,KSHV20230908_114324_V06,6,1.318,1.200,100,0,0.312,0,0,0.312
KSHV20230908-4,KSHV20230908_114324_V06,8,1.802,1.200,50,0,0.313,0,0,0.313
KSHV20230908-5,KSHV20230908_123203_V06,0,0.308,1.200,2630,0,148122.459,505,0,123158.274
KSHV20230908-5,KSHV20230908_123203_V06,4,0.879,1.200,2626,0,30245.668,979,0,18344.707
KSHV20230908-5,KSHV20230908_123203_V06,6,1.318,1.200,2631,0,3393.102,302,0,1840.101
KSHV20230908-5,KSHV20230908_123203_V06,8,1.802,1.200,1308,0,245.098,4,0,6.098
KSHV20230908-5,KSHV20230908_123720_V06,0,0.308,1.200,1733,0,148464.513,316,0,134263.209
KSHV20230908-5,KSHV20230908_123720_V06,4,0.879,1.200,1729,0,21963.905,727,0,12985.500
KSHV20230908-5,KSHV20230908_123720_V06,6,1.318,1.200,1728,0,3406.652,265,0,1479.407
KSHV20230908-5,KSHV20230908_123720_V06,8,1.802,1.200,871,0,470.248,6,0,4.047
KSHV20230910-1,KSHV20230910_113418_V06,0,0.308,1.200,826,0,32216.559,10,0,32181.663
KSHV20230910-1,KSHV20230910_113418_V06,4,0.879,1.200,826,0,8942.772,25,0,8603.153
KSHV20230910-1,KSHV20230910_113418_V06,6,1.318,1.200,826,0,932.784,104,0,810.634
KSHV20230910-1,KSHV20230910_113418_V06,8,1.802,1.200,407,0,0.693,0,0,0.693
KSHV20230910-1,KSHV20230910_113418_V06,9,2.417,1.200,406,0,4.192,2,0,2.122
KSHV20230910-1,KSHV20230910_113418_V06,10,3.120,1.200,408,0,0.696,0,0,0.696
KSHV20230910-1,KSHV20230910_113418_V06,11,3.999,1.200,411,0,0.703,0,0,0.703
KSHV20230910-1,KSHV20230910_114301_V06,0,0.308,1.200,3631,0,132520.886,3,0,132421.966
KSHV20230910-1,KSHV20230910_114301_V06,4,0.879,1.200,3633,0,64305.595,12,0,64253.579
KSHV20230910-1,KSHV20230910_114301_V06,6,1.318,1.200,3632,0,18441.655,198,0,17964.093
KSHV20230910-1,KSHV20230910_114301_V06,8,1.802,1.200,1824,0,3124.025,153,0,2559.726
KSHV20230910-1,KSHV20230910_114301_V06,9,2.417,1.200,1826,0,225.013,37,0,144.686
KSHV20230910-1,KSHV20230910_114301_V06,10,3.120,1.200,1828,0,29.153,8,0,22.992
KSHV20230910-1,KSHV20230910_114301_V06,11,3.999,1.200,1824,0,4.339,0,0,4.339
KSHV20230910-2,KSHV20230910_114301_V06,0,0.308,1.200,382,0,7655.175,60,0,5995.797
KSHV20230910-2,KSHV20230910_114301_V06,4,0.879,1.200,382,0,71.676,3,0,37.514
KSHV20230910-2,KSHV20230910_114301_V06,6,1.318,1.200,384,0,1.136,0,0,1.136
KSHV20230910-2,KSHV20230910_114301_V06,8,1.802,1.200,198,0,1.173,0,0,1.173
KSHV20230910-2,KSHV20230910_120026_V06,0,0.308,1.200,2733,0,252008.522,16,0,251354.166
KSHV20230910-2,KSHV20230910_120026_V06,4,0.879,1.200,2731,0,17498.837,460,0,13666.114
KSHV20230910-2,KSHV20230910_120026_V06,6,1.318,1.200,2731,0,270.315,28,0,97.919
KSHV20230912-6,KSHV20230912_123840_V06,0,0.308,1.200,3999,0,200058.072,950,0,98670.981
KSHV20230912-6,KSHV20230912_123840_V06,4,0.879,1.200,3998,0,243160.373,1603,0,11477.550
KSHV20230912-6,KSHV20230912_123840_V06,6,1.318,1.200,3994,0,244364.150,1894,0,1599.248
KSHV20230912-6,KSHV20230912_123840_V06,8,1.802,1.200,1993,0,277215.563,769,0,543.030
KSHV20230912-6,KSHV20230912_123840_V06,9,2.417,1.200,1999,0,366201.161,811,0,8770.104
KSHV20230912-6,KSHV20230912_123840_V06,10,3.120,1.200,1999,0,749229.253,751,0,25709.273
KSHV20230912-6,KSHV20230912_124427_V06,0,0.308,1.200,7139,0,329507.802,1847,0,154462.327
KSHV20230912-6,KSHV20230912_124427_V06,4,0.879,1.200,7145,0,280386.608,2592,0,7226.732
KSHV20230912-6,KSHV20230912_124427_V06,6,1.318,1.200,7142,0,338251.775,2674,0,3286.917
KSHV20230912-6,KSHV20230912_124427_V06,8,1.802,1.200,3574,0,391229.006,977,0,927.229
KSHV20230912-6,KSHV20230912_124427_V06,9,2.417,1.200,3575,0,514782.519,1036,0,6452.483
KSHV20230912-6,KSHV20230912_124427_V06,10,3.120,1.200,3575,0,1134683.979,972,0,57769.041
KSHV20230912-6,KSHV20230912_125013_V06,0,0.308,1.200,3908,0,256687.541,1280,0,75102.584
KSHV20230912-6,KSHV20230912_125013_V06,4,0.879,1.200,3907,0,247433.678,1790,0,9977.200
KSHV20230912-6,KSHV20230912_125013_V06,6,1.318,1.200,3909,0,295684.742,2041,0,4108.353
KSHV20230912-6,KSHV20230912_125013_V06,8,1.802,1.200,1958,0,297595.517,913,0,1413.376
KSHV20230912-6,KSHV20230912_125013_V06,9,2.417,1.200,1957,0,358930.873,959,0,6319.145
KSHV20230912-6,KSHV20230912_125013_V06,10,3.120,1.200,1957,0,904006.685,928,0,43092.476
KSHV20230912-6,KSHV20230912_125013_V06,11,3.999,1.200,1960,0,71234.643,691,0,763.339
KSHV20230912-3,KSHV20230912_115105_V06,0,0.308,1.200,227,0,33304.365,1,0,31072.515
KSHV20230912-3,KSHV20230912_115105_V06,4,0.879,1.200,227,0,1025.770,47,0,875.454
KSHV20230912-3,KSHV20230912_115105_V06,6,1.318,1.200,228,0,97.623,44,0,55.046
KSHV20230912-3,KSHV20230912_115105_V06,8,1.802,1.200,114,0,0.198,0,0,0.198
KSHV20230912-3,KSHV20230912_115105_V06,9,2.417,1.200,114,0,0.198,0,0,0.198
KSHV20230912-3,KSHV20230912_115105_V06,10,3.120,1.200,117,0,0.203,0,0,0.203
KSHV20230912-3,KSHV20230912_115105_V06,11,3.999,1.200,115,0,0.200,0,0,0.200
KSHV20230912-4,KSHV20230912_121503_V06,0,0.308,1.200,12700,5,2434847.228,2728,3,1698262.347
KSHV20230912-4,KSHV20230912_121503_V06,4,0.879,1.200,12703,0,2200281.156,5566,0,119563.399
KSHV20230912-4,KSHV20230912_121503_V06,6,1.318,1.200,12706,0,3560366.943,7375,0,62655.647
KSHV20230912-4,KSHV20230912_121503_V06,8,1.802,1.200,6358,10,5555813.001,3073,1,267259.426
KSHV20230912-4,KSHV20230912_121503_V06,9,2.417,1.200,6358,5,4867594.884,3099,0,287138.304
KSHV20230912-5,KSHV20230912_123840_V06,0,0.308,1.200,2487,0,110244.603,947,0,63702.295
KSHV20230912-5,KSHV20230912_123840_V06,4,0.879,1.200,2485,0,55640.051,888,0,26099.214
KSHV20230912-5,KSHV20230912_123840_V06,6,1.318,1.200,2487,0,32659.036,724,0,3501.536
KSHV20230912-5,KSHV20230912_123840_V06,8,1.802,1.200,1244,0,44485.334,206,0,3026.338
KSHV20230912-8,KSHV20230912_125013_V06,0,0.308,1.200,948,0,80343.165,242,0,35877.662
KSHV20230912-8,KSHV20230912_125013_V06,4,0.879,1.200,949,0,93570.473,410,0,19252.648
KSHV20230912-8,KSHV20230912_125013_V06,6,1.318,1.200,948,0,102600.325,549,0,8697.198
KSHV20230912-8,KSHV20230912_125013_V06,8,1.802,1.200,475,0,129922.156,351,0,2510.504
KSHV20230912-8,KSHV20230912_125013_V06,9,2.417,1.200,475,0,213667.114,334,0,10188.957
KSHV20230912-11,KSHV20230912_132106_V06,0,0.308,1.200,1158,0,67620.443,374,0,23212.531
KSHV20230912-11,KSHV20230912_132106_V06,4,0.879,1.200,1153,0,37731.121,236,0,8095.563
KSHV20230912-11,KSHV20230912_132106_V06,6,1.318,1.200,1157,0,27525.457,189,0,420.959
KSHV20230913-1,KSHV20230913_111211_V06,0,0.308,1.200,1879,0,58012.444,475,0,17077.903
KSHV20230913-1,KSHV20230913_111211_V06,4,0.879,1.200,1876,0,40302.393,897,0,1107.791
KSHV20230913-1,KSHV20230913_111211_V06,6,1.318,1.200,1875,0,38142.963,734,0,198.317
KSHV20230913-1,KSHV20230913_111211_V06,8,1.802,1.200,942,0,27246.963,236,0,95.466
KSHV20230913-1,KSHV20230913_111211_V06,9,2.417,1.200,941,0,26081.150,199,0,1052.802
KSHV20230913-1,KSHV20230913_111211_V06,10,3.120,1.200,942,0,19118.238,168,0,1516.210
KSHV20230914-3,KSHV20230914_114534_V06,0,0.308,1.200,133,0,8693.153,10,0,8508.916
KSHV20230914-3,KSHV20230914_114534_V06,4,0.879,1.200,134,0,144.687,9,0,96.043
KSHV20230914-3,KSHV20230914_114534_V06,6,1.318,1.200,132,0,0.248,0,0,0.248
KSHV20230914-3,KSHV20230914_114534_V06,8,1.802,1.200,66,0,0.248,0,0,0.248
KSHV20230914-3,KSHV20230914_114534_V06,9,2.417,1.200,66,0,0.249,0,0,0.249
KSHV20230914-3,KSHV20230914_115107_V06,0,0.308,1.200,958,0,19085.578,118,0,17187.583
KSHV20230914-3,KSHV20230914_115107_V06,4,0.879,1.200,958,0,186.318,46,0,81.561
KSHV20230914-3,KSHV20230914_115107_V06,6,1.318,1.200,957,0,6.260,0,0,6.260
KSHV20230914-3,KSHV20230914_115107_V06,8,1.802,1.200,476,0,1.768,0,0,1.768
KSHV20230914-3,KSHV20230914_115107_V06,9,2.417,1.200,477,0,14.457,1,0,1.770
KSHV20230915-2,KSHV20230915_110434_V06,0,0.308,1.200,1370,0,151320.528,253,0,37028.813
KSHV20230915-2,KSHV20230915_110434_V06,4,0.879,1.200,1370,0,158456.074,692,0,858.293
KSHV20230915-2,KSHV20230915_110434_V06,6,1.318,1.200,1370,0,134380.083,534,0,97.563
KSHV20230915-2,KSHV20230915_110434_V06,8,1.802,1.200,685,0,122571.811,205,0,85.031
KSHV20230915-2,KSHV20230915_110434_V06,9,2.417,1.200,687,0,85856.111,210,0,91.069
KSHV20230915-2,KSHV20230915_110434_V06,10,3.120,1.200,685,0,15995.712,201,0,10.230
KSHV20230915-2,KSHV20230915_110434_V06,11,3.999,1.200,689,0,188.587,41,0,10.037
KSHV20230915-4,KSHV20230915_113753_V06,0,0.308,1.200,52,0,10385.603,0,0,10385.603
KSHV20230915-4,KSHV20230915_113753_V06,4,0.879,1.200,50,0,189.013,5,0,170.160
KSHV20230915-4,KSHV20230915_113753_V06,6,1.318,1.200,52,0,0.090,0,0,0.090
KSHV20230915-4,KSHV20230915_113753_V06,8,1.802,1.200,26,0,0.090,0,0,0.090
KSHV20230915-4,KSHV20230915_113753_V06,9,2.417,1.200,26,0,0.090,0,0,0.090
KSHV20230915-6,KSHV20230915_113753_V06,0,0.308,1.200,235,0,35892.662,23,0,32906.709
KSHV20230915-6,KSHV20230915_113753_V06,4,0.879,1.200,237,0,708.519,36,0,532.759
KSHV20230915-6,KSHV20230915_113753_V06,6,1.318,1.200,236,0,9.465,3,0,3.907
KSHV20230915-6,KSHV20230915_113753_V06,8,1.802,1.200,115,0,0.479,0,0,0.479
KSHV20230915-6,KSHV20230915_113753_V06,9,2.417,1.200,115,0,0.480,0,0,0.480
KSHV20230915-7,KSHV20230915_113753_V06,0,0.308,1.200,6604,1,258898.468,1725,0,17532.837
KSHV20230915-7,KSHV20230915_113753_V06,4,0.879,1.200,6606,0,223899.127,1222,0,1295.728
KSHV20230915-7,KSHV20230915_113753_V06,6,1.318,1.200,6605,0,136929.683,760,0,232.896
KSHV20230915-7,KSHV20230915_113753_V06,8,1.802,1.200,3303,0,139158.137,232,0,84.634
KSHV20230915-7,KSHV20230915_113753_V06,9,2.417,1.200,3307,0,52701.490,193,0,59.901
KSHV20230915-7,KSHV20230915_113753_V06,10,3.120,1.200,3309,0,1448.255,75,0,58.880
KSHV20230915-8,KSHV20230915_115431_V06,0,0.308,1.200,1277,0,340603.383,340,0,121263.719
KSHV20230915-8,KSHV20230915_115431_V06,4,0.879,1.200,1279,0,35888.357,248,0,1910.961
KSHV20230915-8,KSHV20230915_115431_V06,6,1.318,1.200,1282,0,7098.342,80,0,31.081
KSHV20230915-8,KSHV20230915_115431_V06,8,1.802,1.200,637,0,472.709,6,0,11.105
KSHV20230915-8,KSHV20230915_115431_V06,9,2.417,1.200,640,0,2.790,0,0,2.790
KSHV20230915-9,KSHV20230915_120537_V06,0,0.308,1.200,2832,0,188777.294,3,0,188646.220
KSHV20230915-9,KSHV20230915_120537_V06,4,0.879,1.200,2836,0,26320.708,614,0,18800.934
KSHV20230915-9,KSHV20230915_120537_V06,6,1.318,1.200,2834,0,35979.018,1203,0,2346.408
KSHV20230915-9,KSHV20230915_120537_V06,8,1.802,1.200,1418,0,280764.803,56,0,82.702
KSHV20230915-9,KSHV20230915_120537_V06,9,2.417,1.200,1418,0,76469.245,44,0,12.939
KSHV20230915-9,KSHV20230915_120537_V06,10,3.120,1.200,1418,0,142.397,6,0,51.786
KSHV20230917-1,KSHV20230917_113602_V06,0,0.308,1.200,667,0,34362.588,2,0,34037.310
KSHV20230917-1,KSHV20230917_113602_V06,4,0.879,1.200,664,0,7674.414,13,0,7532.917
KSHV20230917-1,KSHV20230917_113602_V06,6,1.318,1.200,665,0,911.482,112,0,800.168
KSHV20230917-1,KSHV20230917_113602_V06,8,1.802,1.200,320,0,8.767,2,0,4.825
KSHV20230917-1,KSHV20230917_113602_V06,9,2.417,1.200,322,0,0.552,0,0,0.552
KSHV20230917-1,KSHV20230917_113602_V06,10,3.120,1.200,325,0,0.557,0,0,0.557
KSHV20230917-1,KSHV20230917_113602_V06,11,3.999,1.200,324,0,0.557,0,0,0.557
KSHV20230917-2,KSHV20230917_120207_V06,0,0.308,1.200,3093,13,447713.669,7,13,445077.994
KSHV20230917-2,KSHV20230917_120207_V06,4,0.879,1.200,3096,0,54216.853,3,0,54003.956
KSHV20230917-2,KSHV20230917_120207_V06,6,1.318,1.200,3096,0,28325.429,4,0,28199.089
KSHV20230917-2,KSHV20230917_120207_V06,8,1.802,1.200,1546,0,9671.244,97,0,9000.126
KSHV20230917-2,KSHV20230917_120207_V06,9,2.417,1.200,1547,0,2559.308,193,0,2291.014
KSHV20230917-2,KSHV20230917_120207_V06,10,3.120,1.200,1548,0,414.292,273,0,281.524
KSHV20230917-2,KSHV20230917_120207_V06,11,3.999,1.200,1551,0,34.023,57,0,18.267
KSHV20230917-2,KSHV20230917_120207_V06,12,5.098,1.200,1553,0,13.917,21,0,8.296
KSHV20230917-2,KSHV20230917_120207_V06,13,6.416,1.200,1554,0,16.997,19,0,11.028
KSHV20230918-1,KSHV20230918_112953_V06,0,0.308,1.200,276,0,7650.475,4,0,7629.621
KSHV20230918-1,KSHV20230918_112953_V06,4,0.879,1.200,274,0,1378.126,25,0,1288.982
KSHV20230918-1,KSHV20230918_112953_V06,6,1.318,1.200,273,0,232.552,75,0,149.552
KSHV20230918-1,KSHV20230918_112953_V06,8,1.802,1.200,131,0,0.260,0,0,0.260
KSHV20230918-1,KSHV20230918_112953_V06,9,2.417,1.200,130,0,20.482,5,0,5.903
KSHV20230918-1,KSHV20230918_112953_V06,10,3.120,1.200,131,0,0.260,0,0,0.260
KSHV20230918-1,KSHV20230918_113834_V06,0,0.308,1.200,1438,0,38285.225,43,0,37479.705
KSHV20230918-1,KSHV20230918_113834_V06,4,0.879,1.200,1441,0,11524.993,169,0,10486.159
KSHV20230918-1,KSHV20230918_113834_V06,6,1.318,1.200,1444,0,2286.400,259,0,1933.329
KSHV20230918-1,KSHV20230918_113834_V06,8,1.802,1.200,724,0,87.200,23,0,33.252
KSHV20230918-1,KSHV20230918_113834_V06,9,2.417,1.200,720,0,103.403,30,0,48.094
KSHV20230918-1,KSHV20230918_113834_V06,10,3.120,1.200,720,0,15.078,0,0,15.078
KSHV20230918-1,KSHV20230918_113834_V06,11,3.999,1.200,723,0,1.367,0,0,1.367
KSHV20230919-1,KSHV20230919_120218_V06,0,0.308,1.200,137,0,22567.772,12,0,22385.790
KSHV20230919-1,KSHV20230919_120218_V06,4,0.879,1.200,135,0,454.204,9,0,139.270
KSHV20230919-1,KSHV20230919_120218_V06,6,1.318,1.200,134,0,4.543,1,0,0.451
KSHV20230922-3,KSHV20230922_114740_V06,0,0.308,1.200,2839,0,33293.678,473,0,8970.108
KSHV20230922-3,KSHV20230922_114740_V06,4,0.879,1.200,2835,1,95555.305,496,1,71516.519
KSHV20230922-3,KSHV20230922_114740_V06,6,1.318,1.200,2838,0,40955.978,265,0,1572.820
KSHV20230922-3,KSHV20230922_114740_V06,8,1.802,1.200,1421,0,23528.285,60,0,2128.087
KSHV20230924-4,KSHV20230924_113234_V06,0,0.308,1.200,19132,1646,43545107.496,10626,5,319140.946
KSHV20230924-4,KSHV20230924_113234_V06,4,0.879,1.200,19153,1350,40307282.702,10544,7,652307.159
KSHV20230924-4,KSHV20230924_113234_V06,6,1.318,1.200,19148,722,32919826.735,10712,4,765859.908
KSHV20230924-4,KSHV20230924_113234_V06,8,1.802,1.200,9581,268,25914606.599,4098,2,3500256.284
KSHV20230925-4,KSHV20230925_114448_V06,0,0.308,1.200,2250,0,7016584.413,1630,0,136283.359
KSHV20230925-4,KSHV20230925_114448_V06,4,0.879,1.200,2251,0,12109907.130,1938,0,779999.413
KSHV20230925-4,KSHV20230925_114448_V06,6,1.318,1.200,2251,0,2646663.812,2173,0,15371.016
KSHV20230925-9,KSHV20230925_130108_V06,0,0.308,1.200,10753,0,88570.643,4225,0,18855.381
KSHV20230925-9,KSHV20230925_130108_V06,4,0.879,1.200,10760,0,100717.357,5726,0,2288.423
KSHV20230925-9,KSHV20230925_130108_V06,6,1.318,1.200,10758,0,124433.440,5605,0,1840.883
KSHV20230925-9,KSHV20230925_130108_V06,10,1.802,1.200,5378,0,118914.771,1748,0,2095.189
KSHV20230925-9,KSHV20230925_130108_V06,11,2.417,1.200,5383,0,141891.106,1481,0,3347.830
KSHV20230925-9,KSHV20230925_130108_V06,12,3.120,1.200,5382,0,133277.828,1370,0,18276.364
KSHV20230925-9,KSHV20230925_130108_V06,13,3.999,1.200,5393,0,45101.382,1044,0,806.426
KSHV20230926-1,KSHV20230926_120429_V06,0,0.308,1.200,2923,0,487886.035,3,0,485971.684
KSHV20230926-1,KSHV20230926_120429_V06,4,0.879,1.200,2921,0,143312.268,19,0,142619.547
KSHV20230926-1,KSHV20230926_120429_V06,6,1.318,1.200,2926,0,22097.255,560,0,18518.892
KSHV20230926-1,KSHV20230926_120429_V06,8,1.802,1.200,1466,0,1424.654,45,0,1012.384
KSHV20230926-1,KSHV20230926_120429_V06,11,2.417,1.200,1466,0,98.152,8,0,28.116
KSHV20230926-1,KSHV20230926_121225_V06,0,0.308,1.200,7796,0,1001868.342,32,0,993237.655
KSHV20230926-1,KSHV20230926_121225_V06,4,0.879,1.200,7789,0,402589.529,151,0,397060.002
KSHV20230926-1,KSHV20230926_121225_V06,6,1.318,1.200,7791,0,96276.317,848,0,88100.841
KSHV20230926-1,KSHV20230926_121225_V06,8,1.802,1.200,3903,0,20087.844,219,0,16596.967
KSHV20230926-1,KSHV20230926_121225_V06,9,2.417,1.200,3904,0,209.858,9,0,151.277
KSHV20230927-1,KSHV20230927_121019_V06,0,0.308,1.200,1978,0,135886.297,12,0,135196.515
KSHV20230927-1,KSHV20230927_121019_V06,4,0.879,1.200,1978,0,35951.873,11,0,35883.850
KSHV20230927-1,KSHV20230927_121019_V06,6,1.318,1.200,1983,0,12037.783,161,0,11457.556
KSHV20230927-1,KSHV20230927_121019_V06,8,1.802,1.200,979,0,111.008,5,0,55.733
KSHV20230927-1,KSHV20230927_121019_V06,9,2.417,1.200,978,0,4.067,0,0,4.067
KSHV20230928-1,KSHV20230928_120653_V06,0,0.308,1.200,368,0,47099.861,2,0,47003.661
KSHV20230928-1,KSHV20230928_120653_V06,4,0.879,1.200,368,0,3530.262,3,0,3503.564
KSHV20230928-1,KSHV20230928_120653_V06,6,1.318,1.200,368,0,486.814,73,0,320.318
KSHV20230928-1,KSHV20230928_120653_V06,8,1.802,1.200,181,0,0.794,0,0,0.794
KSHV20230928-1,KSHV20230928_120653_V06,9,2.417,1.200,181,0,0.795,0,0,0.795
KSHV20230928-1,KSHV20230928_121533_V06,0,0.308,1.200,1689,0,43581.845,33,0,42594.237
KSHV20230928-1,KSHV20230928_121533_V06,4,0.879,1.200,1687,0,16838.052,43,0,16546.338
KSHV20230928-1,KSHV20230928_121533_V06,6,1.318,1.200,1689,0,4350.108,224,0,3789.945
KSHV20230928-1,KSHV20230928_121533_V06,8,1.802,1.200,843,0,53.657,2,0,30.449
KSHV20230928-1,KSHV20230928_121533_V06,9,2.417,1.200,843,0,3.715,0,0,3.715
KSHV20230929-3,KSHV20230929_123516_V06,0,0.308,1.200,16383,0,136340.037,602,0,126569.793
KSHV20230929-3,KSHV20230929_123516_V06,4,0.879,1.200,16387,0,92609.126,125,0,92168.761
KSHV20230929-3,KSHV20230929_123516_V06,6,1.318,1.200,16395,0,123477.441,186,0,122649.114
KSHV20230929-3,KSHV20230929_123516_V06,8,1.802,1.200,8202,0,113141.431,1062,0,100913.488
KSHV20230929-3,KSHV20230929_123516_V06,9,2.417,1.200,8208,0,81638.748,1643,0,67351.725
KSHV20230929-3,KSHV20230929_123516_V06,10,3.120,1.200,8208,0,45577.732,2050,0,34087.975
KSHV20230929-3,KSHV20230929_123516_V06,11,3.999,1.200,8208,0,22506.671,2368,0,14533.346
KSHV20230929-3,KSHV20230929_123516_V06,12,5.098,1.200,8228,0,11992.917,2281,0,6996.132
KSHV20230929-3,KSHV20230929_123516_V06,13,6.416,1.200,8243,0,6633.986,1801,0,3372.884
KSHV20230929-3,KSHV20230929_124356_V06,0,0.308,1.200,29241,0,220954.108,1170,0,210633.330
KSHV20230929-3,KSHV20230929_124356_V06,4,0.879,1.200,29239,0,170208.271,522,0,168349.487
KSHV20230929-3,KSHV20230929_124356_V06,6,1.318,1.200,29243,0,182777.767,1130,0,179062.074
KSHV20230929-3,KSHV20230929_124356_V06,8,1.802,1.200,14631,0,142029.828,2364,0,125497.014
KSHV20230929-3,KSHV20230929_124356_V06,9,2.417,1.200,14637,0,97766.812,2963,0,78130.845
KSHV20230929-3,KSHV20230929_124356_V06,10,3.120,1.200,14640,0,49678.269,3118,0,35806.227
KSHV20230929-3,KSHV20230929_124356_V06,11,3.999,1.200,14663,0,25638.770,3133,0,17346.015
KSHV20230929-3,KSHV20230929_124356_V06,12,5.098,1.200,14675,0,14839.577,3398,0,8582.925
KSHV20230929-3,KSHV20230929_124356_V06,13,6.416,1.200,14728,0,7226.209,2859,0,3603.621
KSHV20230929-1,KSHV20230929_120914_V06,0,0.308,1.200,492,0,22230.408,0,0,22230.408
KSHV20230929-1,KSHV20230929_120914_V06,4,0.879,1.200,492,0,4319.311,37,0,4126.649
KSHV20230929-1,KSHV20230929_120914_V06,6,1.318,1.200,492,0,1228.040,93,0,984.410
KSHV20230929-1,KSHV20230929_120914_V06,8,1.802,1.200,236,0,0.944,0,0,0.944
KSHV20230929-1,KSHV20230929_120914_V06,9,2.417,1.200,235,0,0.940,0,0,0.940
KSHV20230929-4,KSHV20230929_124356_V06,0,0.308,1.200,7270,0,795877.004,1743,0,623696.170
KSHV20230929-4,KSHV20230929_124356_V06,4,0.879,1.200,7270,0,12901.646,534,0,8975.799
KSHV20230929-4,KSHV20230929_124356_V06,6,1.318,1.200,7272,0,136.855,3,0,35.280
KSHV20230930-3,KSHV20230930_123958_V06,0,0.308,1.200,3851,0,76094.753,138,0,69731.145
KSHV20230930-3,KSHV20230930_123958_V06,4,0.879,1.200,3849,0,7675.766,66,0,7478.352
KSHV20230930-3,KSHV20230930_123958_V06,6,1.318,1.200,3851,0,6322.621,546,0,4812.963
KSHV20230930-3,KSHV20230930_123958_V06,8,1.802,1.200,1926,0,10143.902,832,0,3821.700
KSHV20230930-3,KSHV20230930_123958_V06,9,2.417,1.200,1926,0,3636.576,923,0,1301.071
KSHV20230930-3,KSHV20230930_123958_V06,10,3.120,1.200,1926,0,889.161,584,0,397.770
KSHV20230930-3,KSHV20230930_123958_V06,11,3.999,1.200,1928,0,1155.233,636,0,467.954
KSHV20230930-3,KSHV20230930_123958_V06,12,5.098,1.200,1933,0,1821.217,743,0,830.470
KSHV20230930-3,KSHV20230930_123958_V06,13,6.416,1.200,1940,0,1006.120,665,0,470.246
KSHV20230930-3,KSHV20230930_124839_V06,0,0.308,1.200,15528,0,439941.081,1139,0,324428.764
KSHV20230930-3,KSHV20230930_124839_V06,4,0.879,1.200,15531,0,33336.996,851,0,30414.611
KSHV20230930-3,KSHV20230930_124839_V06,6,1.318,1.200,15531,0,28322.135,2832,0,19035.346
KSHV20230930-3,KSHV20230930_124839_V06,8,1.802,1.200,7768,0,22619.668,2951,0,8573.099
KSHV20230930-3,KSHV20230930_124839_V06,9,2.417,1.200,7773,0,10531.220,2834,0,4089.077
KSHV20230930-3,KSHV20230930_124839_V06,10,3.120,1.200,7775,0,6225.526,2672,0,2218.435
KSHV20230930-3,KSHV20230930_124839_V06,11,3.999,1.200,7785,0,6870.282,2830,0,2472.875
KSHV20230930-3,KSHV20230930_124839_V06,12,5.098,1.200,7799,0,5026.417,2613,0,1978.882
KSHV20230930-3,KSHV20230930_124839_V06,13,6.416,1.200,7820,0,2927.191,1993,0,1254.864
KSHV20230930-1,KSHV20230930_114754_V06,0,0.308,1.200,428,0,24426.347,0,0,24426.347
KSHV20230930-1,KSHV20230930_114754_V06,4,0.879,1.200,428,0,3994.008,1,0,3953.523
KSHV20230930-1,KSHV20230930_114754_V06,6,1.318,1.200,428,0,597.218,0,0,597.218
KSHV20230930-1,KSHV20230930_114754_V06,8,1.802,1.200,214,0,365.918,34,0,311.806
KSHV20230930-1,KSHV20230930_114754_V06,9,2.417,1.200,215,0,174.650,50,0,115.821
KSHV20230930-1,KSHV20230930_114754_V06,10,3.120,1.200,214,0,75.803,60,0,49.752
KSHV20230930-1,KSHV20230930_114754_V06,11,3.999,1.200,214,0,14.498,51,0,4.306
KSHV20230930-1,KSHV20230930_114754_V06,12,5.098,1.200,213,0,15.485,66,0,5.158
KSHV20230930-1,KSHV20230930_114754_V06,13,6.416,1.200,214,0,0.125,0,0,0.125
KSHV20231001-1,KSHV20231001_130153_V06,0,0.308,1.200,10458,0,274226.237,216,0,272360.777
KSHV20231001-1,KSHV20231001_130153_V06,4,0.879,1.200,10463,0,25051.514,1227,0,22095.988
KSHV20231001-1,KSHV20231001_130153_V06,6,1.318,1.200,10459,0,18283.059,2574,0,13313.841
KSHV20231001-1,KSHV20231001_130153_V06,8,1.802,1.200,5237,0,4206.941,466,0,2722.337
KSHV20231001-1,KSHV20231001_130153_V06,9,2.417,1.200,5239,0,1571.303,224,0,880.803
KSHV20231001-1,KSHV20231001_130153_V06,10,3.120,1.200,5241,0,462.818,109,0,271.884
KSHV20231002-1,KSHV20231002_120411_V06,0,0.308,1.200,886,0,16666.354,119,0,15059.233
KSHV20231002-1,KSHV20231002_120411_V06,4,0.879,1.200,886,0,1547.642,128,0,986.552
KSHV20231002-1,KSHV20231002_120411_V06,6,1.318,1.200,886,0,1.928,0,0,1.928
KSHV20231002-1,KSHV20231002_120411_V06,8,1.802,1.200,470,0,2.047,0,0,2.047
KSHV20231002-1,KSHV20231002_120411_V06,9,2.417,1.200,473,0,2.064,0,0,2.064
KSHV20231003-2,KSHV20231003_120514_V06,0,0.308,1.200,308,0,15210.278,27,0,14691.320
KSHV20231003-2,KSHV20231003_120514_V06,4,0.879,1.200,309,0,50.510,5,0,34.694
KSHV20231003-2,KSHV20231003_120514_V06,6,1.318,1.200,310,0,0.723,0,0,0.723
KSHV20231003-2,KSHV20231003_120514_V06,8,1.802,1.200,143,0,0.666,0,0,0.666
KSHV20231003-2,KSHV20231003_121356_V06,0,0.308,1.200,2851,0,18376.857,567,0,14410.957
KSHV20231003-2,KSHV20231003_121356_V06,4,0.879,1.200,2854,0,172.582,33,0,117.821
KSHV20231003-2,KSHV20231003_121356_V06,6,1.318,1.200,2854,0,10.667,0,0,10.667
KSHV20231003-2,KSHV20231003_121356_V06,8,1.802,1.200,1470,0,6.873,0,0,6.873
KSHV20231003-2,KSHV20231003_122236_V06,0,0.308,1.200,3088,0,8664.775,490,0,5764.368
KSHV20231003-2,KSHV20231003_122236_V06,4,0.879,1.200,3089,0,239.817,39,0,141.019
KSHV20231003-2,KSHV20231003_122236_V06,6,1.318,1.200,3093,0,30.632,2,0,28.166
KSHV20231003-2,KSHV20231003_122236_V06,8,1.802,1.200,1543,0,7.069,0,0,7.069
KSHV20231003-1,KSHV20231003_113912_V06,0,0.308,1.200,3716,0,18712.964,361,0,6794.480
KSHV20231003-1,KSHV20231003_113912_V06,4,0.879,1.200,3719,0,444.883,16,0,200.397
KSHV20231003-1,KSHV20231003_113912_V06,6,1.318,1.200,3721,0,15374.238,617,0,2594.933
KSHV20231005-9,KSHV20231005_121228_V06,0,0.308,1.200,2663,0,810772.437,1776,0,57791.341
KSHV20231005-9,KSHV20231005_121228_V06,4,0.879,1.200,2666,0,2214277.892,2614,0,12888.111
KSHV20231005-9,KSHV20231005_121846_V06,0,0.308,1.200,5169,0,3509062.303,3342,0,135231.732
KSHV20231005-9,KSHV20231005_121846_V06,4,0.879,1.200,5168,0,5948504.525,5064,0,32109.530
KSHV20231005-15,KSHV20231005_133309_V06,0,0.308,1.200,9651,0,553386.750,1115,0,39632.313
KSHV20231005-15,KSHV20231005_133309_V06,4,0.879,1.200,9674,0,1484092.799,2746,0,132522.363
KSHV20231005-15,KSHV20231005_133309_V06,6,1.318,1.200,9679,0,1213310.819,7208,0,40693.402
KSHV20231005-15,KSHV20231005_133859_V06,0,0.308,1.200,13524,0,785685.712,1425,0,49144.496
KSHV20231005-15,KSHV20231005_133859_V06,4,0.879,1.200,13523,0,1974254.766,3189,0,281262.598
KSHV20231005-15,KSHV20231005_133859_V06,6,1.318,1.200,13522,0,1541061.728,7928,0,53273.082
KSHV20231005-6,KSHV20231005_112824_V06,0,0.308,1.200,23556,0,53940.894,1974,0,19840.930
KSHV20231005-6,KSHV20231005_112824_V06,4,0.879,1.200,23551,0,2222.927,221,0,895.085
KSHV20231005-6,KSHV20231005_112824_V06,6,1.318,1.200,23582,0,201.833,9,0,125.412
KSHV20231006-1,KSHV20231006_112351_V06,0,0.308,1.200,1233,0,183196.648,2,0,182417.757
KSHV20231006-1,KSHV20231006_112351_V06,4,0.879,1.200,1233,0,9329.702,325,0,7479.149
KSHV20231006-1,KSHV20231006_112351_V06,6,1.318,1.200,1236,0,30.930,5,0,22.162
KSHV20231006-1,KSHV20231006_112351_V06,8,1.802,1.200,629,0,24.612,0,0,24.612
KSHV20231006-2,KSHV20231006_125040_V06,0,0.308,1.200,406,0,59509.150,11,0,59209.692
KSHV20231006-2,KSHV20231006_125040_V06,4,0.879,1.200,407,0,4634.953,65,0,3967.307
KSHV20231006-2,KSHV20231006_125040_V06,6,1.318,1.200,406,0,1.745,0,0,1.745
KSHV20231007-1,KSHV20231007_120346_V06,0,0.308,1.200,1761,0,42394.877,140,0,41945.351
KSHV20231007-1,KSHV20231007_120346_V06,4,0.879,1.200,1761,0,479.823,65,0,402.117
KSHV20231007-1,KSHV20231007_120346_V06,6,1.318,1.200,1761,0,5.313,0,0,5.313
KSHV20231007-1,KSHV20231007_120346_V06,8,1.802,1.200,886,0,2.986,0,0,2.986
KSHV20231007-1,KSHV20231007_120346_V06,9,2.417,1.200,885,0,14.182,0,0,14.182
KSHV20231007-2,KSHV20231007_120346_V06,0,0.308,1.200,205,0,20537.380,0,0,20537.380
KSHV20231007-2,KSHV20231007_120346_V06,4,0.879,1.200,205,0,7150.831,0,0,7150.831
KSHV20231007-2,KSHV20231007_120346_V06,6,1.318,1.200,205,0,1390.755,0,0,1390.755
KSHV20231007-2,KSHV20231007_120346_V06,8,1.802,1.200,101,0,98.626,16,0,86.290
KSHV20231007-2,KSHV20231007_120346_V06,9,2.417,1.200,101,0,1.272,4,0,0.067
KSHV20231007-2,KSHV20231007_120346_V06,10,3.120,1.200,102,0,0.070,0,0,0.070
KSHV20231007-2,KSHV20231007_120346_V06,11,3.999,1.200,105,0,0.073,0,0,0.073
KSHV20231007-2,KSHV20231007_120346_V06,12,5.098,1.200,103,0,0.072,0,0,0.072
KSHV20231007-2,KSHV20231007_120346_V06,13,6.416,1.200,102,0,0.071,0,0,0.071
KSHV20231007-3,KSHV20231007_130428_V06,0,0.308,1.200,1252,0,53973.286,283,0,36970.599
KSHV20231007-3,KSHV20231007_130428_V06,4,0.879,1.200,1251,0,31.113,0,0,31.113
KSHV20231008-1,KSHV20231008_121730_V06,0,0.308,1.200,424,0,66706.800,11,0,66565.570
KSHV20231008-1,KSHV20231008_121730_V06,4,0.879,1.200,425,0,422.279,28,0,332.648
KSHV20231008-1,KSHV20231008_121730_V06,6,1.318,1.200,425,0,160.675,15,0,123.303
KSHV20231008-1,KSHV20231008_121730_V06,8,1.802,1.200,233,0,102.775,4,0,56.986
KSHV20231008-1,KSHV20231008_121730_V06,9,2.417,1.200,234,0,32.503,2,0,0.988
KSHV20231008-1,KSHV20231008_122612_V06,0,0.308,1.200,1713,0,165591.922,65,0,164784.811
KSHV20231008-1,KSHV20231008_122612_V06,4,0.879,1.200,1716,0,3515.278,209,0,1700.060
KSHV20231008-1,KSHV20231008_122612_V06,6,1.318,1.200,1716,0,752.122,48,0,445.113
KSHV20231008-1,KSHV20231008_122612_V06,8,1.802,1.200,900,0,321.666,9,0,166.713
KSHV20231008-1,KSHV20231008_122612_V06,9,2.417,1.200,896,0,49.802,3,0,13.696
KSHV20231008-1,KSHV20231008_123454_V06,0,0.308,1.200,2194,0,176012.915,104,0,174317.182
KSHV20231008-1,KSHV20231008_123454_V06,4,0.879,1.200,2194,0,4512.833,207,0,2641.408
KSHV20231008-1,KSHV20231008_123454_V06,6,1.318,1.200,2195,0,1944.583,113,0,1317.113
KSHV20231008-1,KSHV20231008_123454_V06,8,1.802,1.200,1100,0,193.057,3,0,150.946
KSHV20231008-1,KSHV20231008_123454_V06,9,2.417,1.200,1104,0,85.332,2,0,60.082
KSHV20231009-1,KSHV20231009_120859_V06,0,0.308,1.200,4565,0,70408.558,697,0,60963.534
KSHV20231009-1,KSHV20231009_120859_V06,4,0.879,1.200,4570,0,3187.760,582,0,1780.131
KSHV20231009-1,KSHV20231009_120859_V06,6,1.318,1.200,4568,0,381.934,74,0,190.825
KSHV20231009-1,KSHV20231009_120859_V06,8,1.802,1.200,2286,0,126.504,7,0,68.082
KSHV20231009-1,KSHV20231009_120859_V06,9,2.417,1.200,2287,0,98.387,2,0,73.488
KSHV20231014-1,KSHV20231014_120606_V06,0,0.308,1.200,810,0,32204.427,11,0,32139.493
KSHV20231014-1,KSHV20231014_120606_V06,4,0.879,1.200,810,0,27.726,5,0,20.565
KSHV20231014-1,KSHV20231014_120606_V06,6,1.318,1.200,810,0,1.517,0,0,1.517
KSHV20231014-1,KSHV20231014_120606_V06,8,1.802,1.200,400,0,1.499,0,0,1.499
KSHV20231014-1,KSHV20231014_120606_V06,9,2.417,1.200,401,0,1.505,0,0,1.505
KSHV20231014-1,KSHV20231014_121440_V06,0,0.308,1.200,4261,0,100202.680,182,0,99566.495
KSHV20231014-1,KSHV20231014_121440_V06,4,0.879,1.200,4261,0,1413.550,184,0,1182.663
KSHV20231014-1,KSHV20231014_121440_V06,6,1.318,1.200,4265,0,10.252,2,0,8.757
KSHV20231014-1,KSHV20231014_121440_V06,8,1.802,1.200,2069,0,7.116,0,0,7.116
KSHV20231014-1,KSHV20231014_121440_V06,9,2.417,1.200,2068,0,7.120,0,0,7.120
KSHV20231014-1,KSHV20231014_122321_V06,0,0.308,1.200,8699,0,113875.467,635,0,110757.521
KSHV20231014-1,KSHV20231014_122321_V06,4,0.879,1.200,8702,0,8220.709,828,0,5739.270
KSHV20231014-1,KSHV20231014_122321_V06,6,1.318,1.200,8701,0,404.412,121,0,206.831
KSHV20231014-1,KSHV20231014_122321_V06,8,1.802,1.200,4348,0,12.997,0,0,12.997
KSHV20231014-1,KSHV20231014_122321_V06,9,2.417,1.200,4350,0,30.122,0,0,30.122
KSHV20231014-1,KSHV20231014_122839_V06,0,0.308,1.200,13563,0,129718.886,1070,0,124822.141
KSHV20231014-1,KSHV20231014_122839_V06,4,0.879,1.200,13567,0,9882.809,1651,0,7013.994
KSHV20231014-1,KSHV20231014_122839_V06,6,1.318,1.200,13568,0,1733.707,435,0,1265.593
KSHV20231014-1,KSHV20231014_122839_V06,8,1.802,1.200,6808,0,26.951,2,0,23.012
KSHV20231014-1,KSHV20231014_122839_V06,9,2.417,1.200,6809,0,19.067,0,0,19.067
KSHV20231014-1,KSHV20231014_122839_V06,10,3.120,1.200,6821,0,19.127,0,0,19.127
KSHV20231014-2,KSHV20231014_120606_V06,0,0.308,1.200,595,0,18971.755,58,0,18688.935
KSHV20231014-2,KSHV20231014_120606_V06,4,0.879,1.200,595,0,86.319,14,0,65.732
KSHV20231014-2,KSHV20231014_120606_V06,6,1.318,1.200,594,0,1.193,0,0,1.193
KSHV20231014-2,KSHV20231014_120606_V06,8,1.802,1.200,297,0,1.195,0,0,1.195
KSHV20231014-2,KSHV20231014_120606_V06,9,2.417,1.200,298,0,1.200,0,0,1.200
KSHV20231014-2,KSHV20231014_121440_V06,0,0.308,1.200,4455,0,114189.333,634,0,109515.913
KSHV20231014-2,KSHV20231014_121440_V06,4,0.879,1.200,4456,0,3556.771,285,0,2944.487
KSHV20231014-2,KSHV20231014_121440_V06,6,1.318,1.200,4459,0,104.355,24,0,77.738
KSHV20231014-2,KSHV20231014_121440_V06,8,1.802,1.200,2228,0,8.889,0,0,8.889
KSHV20231014-2,KSHV20231014_121440_V06,9,2.417,1.200,2232,0,8.910,0,0,8.910
KSHV20231014-3,KSHV20231014_120606_V06,0,0.308,1.200,861,0,45728.692,45,0,45499.082
KSHV20231014-3,KSHV20231014_120606_V06,4,0.879,1.200,864,0,425.548,49,0,359.745
KSHV20231014-3,KSHV20231014_120606_V06,6,1.318,1.200,861,0,12.153,3,0,2.945
KSHV20231014-3,KSHV20231014_120606_V06,8,1.802,1.200,433,0,1.394,0,0,1.394
KSHV20231014-3,KSHV20231014_120606_V06,9,2.417,1.200,433,0,1.394,0,0,1.394
KSHV20231015-1,KSHV20231015_120955_V06,0,0.308,1.200,205,0,16027.849,11,0,15975.597
KSHV20231015-1,KSHV20231015_120955_V06,4,0.879,1.200,206,0,41.638,16,0,19.108
KSHV20231015-1,KSHV20231015_120955_V06,6,1.318,1.200,205,0,0.391,0,0,0.391
KSHV20231015-1,KSHV20231015_120955_V06,8,1.802,1.200,84,0,0.319,0,0,0.319
KSHV20231015-1,KSHV20231015_120955_V06,9,2.417,1.200,83,0,0.316,0,0,0.316
KSHV20231015-1,KSHV20231015_121837_V06,0,0.308,1.200,1279,0,9856.612,77,0,9227.911
KSHV20231015-1,KSHV20231015_121837_V06,4,0.879,1.200,1280,0,2.391,0,0,2.391
KSHV20231015-1,KSHV20231015_121837_V06,6,1.318,1.200,1278,0,2.388,0,0,2.388
KSHV20231015-1,KSHV20231015_121837_V06,8,1.802,1.200,632,0,2.363,0,0,2.363
KSHV20231015-1,KSHV20231015_121837_V06,9,2.417,1.200,632,0,2.367,0,0,2.367
KSHV20231015-1,KSHV20231015_122705_V06,0,0.308,1.200,5653,0,7607.880,327,0,6300.186
KSHV20231015-1,KSHV20231015_122705_V06,4,0.879,1.200,5655,0,32.608,7,0,25.685
KSHV20231015-1,KSHV20231015_122705_V06,6,1.318,1.200,5661,0,13.170,0,0,13.170
KSHV20231015-1,KSHV20231015_122705_V06,8,1.802,1.200,2828,0,10.109,0,0,10.109
KSHV20231015-1,KSHV20231015_122705_V06,9,2.417,1.200,2828,0,10.117,0,0,10.117
KSHV20231015-5,KSHV20231015_120955_V06,0,0.308,1.200,144,0,1400.502,16,0,1348.462
KSHV20231015-5,KSHV20231015_120955_V06,4,0.879,1.200,145,0,68.063,5,0,22.926
KSHV20231015-5,KSHV20231015_120955_V06,6,1.318,1.200,144,0,0.236,0,0,0.236
KSHV20231015-5,KSHV20231015_120955_V06,8,1.802,1.200,78,0,0.255,0,0,0.255
KSHV20231015-5,KSHV20231015_120955_V06,9,2.417,1.200,78,0,0.255,0,0,0.255
KSHV20231016-2,KSHV20231016_120515_V06,0,0.308,1.200,28,0,313.733,2,0,308.822
KSHV20231016-2,KSHV20231016_120515_V06,4,0.879,1.200,28,0,0.055,0,0,0.055
KSHV20231016-2,KSHV20231016_120515_V06,6,1.318,1.200,28,0,0.056,0,0,0.056
KSHV20231016-2,KSHV20231016_120515_V06,8,1.802,1.200,9,0,0.036,0,0,0.036
KSHV20231016-2,KSHV20231016_120515_V06,9,2.417,1.200,9,0,0.036,0,0,0.036
KSHV20231016-2,KSHV20231016_121358_V06,0,0.308,1.200,664,0,8179.680,76,0,7642.311
KSHV20231016-2,KSHV20231016_121358_V06,4,0.879,1.200,665,0,5.134,2,0,3.382
KSHV20231016-2,KSHV20231016_121358_V06,6,1.318,1.200,666,0,1.098,0,0,1.098
KSHV20231016-2,KSHV20231016_121358_V06,8,1.802,1.200,332,0,1.096,0,0,1.096
KSHV20231016-2,KSHV20231016_121358_V06,9,2.417,1.200,331,0,1.094,0,0,1.094
KSHV20231016-2,KSHV20231016_122241_V06,0,0.308,1.200,2473,0,11999.463,269,0,11255.605
KSHV20231016-2,KSHV20231016_122241_V06,4,0.879,1.200,2473,0,248.892,77,0,174.168
KSHV20231016-2,KSHV20231016_122241_V06,6,1.318,1.200,2474,0,11.206,5,0,6.189
KSHV20231016-2,KSHV20231016_122241_V06,8,1.802,1.200,1266,0,13.580,2,0,6.239
KSHV20231016-2,KSHV20231016_122241_V06,9,2.417,1.200,1272,0,3.493,0,0,3.493
KSHV20231016-2,KSHV20231016_122241_V06,10,3.120,1.200,1266,0,3.480,0,0,3.480
KSHV20231016-2,KSHV20231016_123123_V06,0,0.308,1.200,7793,0,19039.491,595,0,16957.658
KSHV20231016-2,KSHV20231016_123123_V06,4,0.879,1.200,7791,0,476.385,140,0,357.876
KSHV20231016-2,KSHV20231016_123123_V06,6,1.318,1.200,7792,0,27.633,4,0,21.117
KSHV20231016-2,KSHV20231016_123123_V06,8,1.802,1.200,3903,0,12.612,0,0,12.612
KSHV20231016-2,KSHV20231016_123123_V06,9,2.417,1.200,3903,0,12.623,0,0,12.623
KSHV20231016-1,KSHV20231016_120515_V06,0,0.308,1.200,245,0,4272.176,21,0,3300.166
KSHV20231016-1,KSHV20231016_120515_V06,4,0.879,1.200,246,0,12.156,4,0,8.695
KSHV20231016-1,KSHV20231016_120515_V06,6,1.318,1.200,245,0,0.351,0,0,0.351
KSHV20231016-1,KSHV20231016_120515_V06,8,1.802,1.200,123,0,0.353,0,0,0.353
KSHV20231016-1,KSHV20231016_120515_V06,9,2.417,1.200,123,0,0.353,0,0,0.353
KSHV20231016-1,KSHV20231016_120515_V06,10,3.120,1.200,124,0,0.357,0,0,0.357
KSHV20231017-1,KSHV20231017_120335_V06,0,0.308,1.200,308,0,18691.360,19,0,18627.866
KSHV20231017-1,KSHV20231017_120335_V06,4,0.879,1.200,308,0,38.507,3,0,35.403
KSHV20231017-1,KSHV20231017_120335_V06,6,1.318,1.200,309,0,0.424,0,0,0.424
KSHV20231017-1,KSHV20231017_120335_V06,8,1.802,1.200,153,0,0.421,0,0,0.421
KSHV20231017-1,KSHV20231017_120335_V06,9,2.417,1.200,154,0,0.424,0,0,0.424
KSHV20231017-1,KSHV20231017_120335_V06,10,3.120,1.200,155,0,0.428,0,0,0.428
KSHV20231017-4,KSHV20231017_122058_V06,0,0.308,1.200,157,0,25833.580,3,0,24198.289
KSHV20231017-4,KSHV20231017_122058_V06,4,0.879,1.200,157,0,260.408,14,0,236.417
KSHV20231017-4,KSHV20231017_122058_V06,6,1.318,1.200,156,0,448.475,18,0,307.849
KSHV20231017-4,KSHV20231017_122058_V06,8,1.802,1.200,69,0,27.223,1,0,18.196
KSHV20231017-4,KSHV20231017_122058_V06,9,2.417,1.200,69,0,16.428,0,0,16.428
KSHV20231020-2,KSHV20231020_122716_V06,0,0.308,1.200,54,0,9665.497,0,0,9665.497
KSHV20231020-2,KSHV20231020_122716_V06,4,0.879,1.200,54,0,400.479,5,0,382.031
KSHV20231020-2,KSHV20231020_122716_V06,6,1.318,1.200,54,0,89.391,7,0,67.895
KSHV20231020-2,KSHV20231020_122716_V06,8,1.802,1.200,27,0,16.111,0,0,16.111
KSHV20231020-2,KSHV20231020_122716_V06,9,2.417,1.200,27,0,0.104,0,0,0.104
KSHV20231020-2,KSHV20231020_123557_V06,0,0.308,1.200,3151,0,123429.306,157,0,121270.049
KSHV20231020-2,KSHV20231020_123557_V06,4,0.879,1.200,3147,0,12320.949,594,0,9697.960
KSHV20231020-2,KSHV20231020_123557_V06,6,1.318,1.200,3150,0,2000.434,278,0,940.054
KSHV20231020-2,KSHV20231020_123557_V06,8,1.802,1.200,1566,0,358.147,2,0,342.621
KSHV20231020-2,KSHV20231020_123557_V06,9,2.417,1.200,1573,0,91.599,1,0,87.173
KSHV20231020-1,KSHV20231020_121833_V06,0,0.308,1.200,1706,0,98146.710,110,0,97597.816
KSHV20231020-1,KSHV20231020_121833_V06,4,0.879,1.200,1707,0,7060.316,282,0,6089.979
KSHV20231020-1,KSHV20231020_121833_V06,6,1.318,1.200,1712,0,1064.688,303,0,595.955
KSHV20231020-1,KSHV20231020_121833_V06,8,1.802,1.200,852,0,104.530,7,0,68.391
KSHV20231020-1,KSHV20231020_121833_V06,9,2.417,1.200,854,0,19.251,1,0,14.902
KSHV20231020-1,KSHV20231020_121833_V06,10,3.120,1.200,855,0,7.163,0,0,7.163
KSHV20231020-4,KSHV20231020_131927_V06,0,0.308,1.200,534,1,209487.459,6,1,201113.910
KSHV20231020-4,KSHV20231020_131927_V06,4,0.879,1.200,534,0,3104.912,40,0,2981.764
KSHV20231020-4,KSHV20231020_131927_V06,6,1.318,1.200,534,0,1608.763,92,0,1053.206
KSHV20231020-4,KSHV20231020_131927_V06,8,1.802,1.200,276,0,60.194,3,0,33.788
KSHV20231020-4,KSHV20231020_131927_V06,9,2.417,1.200,275,0,185.574,10,0,94.859
KSHV20231023-2,KSHV20231023_133001_V06,0,0.308,1.200,14175,0,1181335.387,1489,0,1030921.566
KSHV20231023-2,KSHV20231023_133001_V06,4,0.879,1.200,14179,0,68533.181,646,0,30466.352
KSHV20231023-2,KSHV20231023_133001_V06,6,1.318,1.200,14180,0,43433.673,993,0,20570.603
KSHV20231023-2,KSHV20231023_133534_V06,0,0.308,1.200,18570,0,1618414.051,1864,0,1417424.045
KSHV20231023-2,KSHV20231023_133534_V06,4,0.879,1.200,18568,0,71158.952,736,0,36741.596
KSHV20231023-2,KSHV20231023_133534_V06,6,1.318,1.200,18585,0,56476.146,1259,0,29561.791
KSHV20231023-2,KSHV20231023_134107_V06,0,0.308,1.200,19371,0,2693446.001,2224,0,2420525.992
KSHV20231023-2,KSHV20231023_134107_V06,4,0.879,1.200,19382,0,117455.774,915,0,61955.978
KSHV20231023-2,KSHV20231023_134107_V06,6,1.318,1.200,19381,0,60784.569,1515,0,30704.027
KSHV20231023-1,KSHV20231023_114245_V06,0,0.308,1.200,12911,0,176331.377,1227,0,120307.829
KSHV20231023-1,KSHV20231023_114245_V06,4,0.879,1.200,12911,0,25961.929,909,0,13703.336
KSHV20231023-1,KSHV20231023_114245_V06,6,1.318,1.200,12912,0,17854.142,584,0,11112.002
KSHV20231023-1,KSHV20231023_114245_V06,8,1.802,1.200,6467,0,2908.882,46,0,1734.649
KSHV20231025-1,KSHV20231025_121439_V06,0,0.308,1.200,599,0,137.534,156,0,77.706
KSHV20231025-1,KSHV20231025_121439_V06,4,0.879,1.200,599,0,0.397,0,0,0.397
KSHV20231025-1,KSHV20231025_121439_V06,6,1.318,1.200,600,0,0.398,0,0,0.398
KSHV20231025-1,KSHV20231025_121439_V06,8,1.802,1.200,298,0,0.396,0,0,0.396
KSHV20231025-1,KSHV20231025_121439_V06,9,2.417,1.200,299,0,0.397,0,0,0.397
KSHV20231025-1,KSHV20231025_121439_V06,10,3.120,1.200,299,0,0.397,0,0,0.397
KSHV20231025-1,KSHV20231025_121439_V06,11,3.999,1.200,301,0,0.401,0,0,0.401
KSHV20231026-1,KSHV20231026_113914_V06,0,0.308,1.200,1647,0,8611.453,479,0,396.353
KSHV20231026-1,KSHV20231026_113914_V06,4,0.879,1.200,1651,0,22336.494,826,0,248.578
KSHV20231026-1,KSHV20231026_113914_V06,6,1.318,1.200,1651,0,20111.984,912,0,402.224
KSHV20231026-1,KSHV20231026_113914_V06,8,1.802,1.200,823,0,5041.285,67,0,135.350
KSHV20231026-1,KSHV20231026_113914_V06,9,2.417,1.200,827,0,260.350,11,0,33.299
KSHV20231026-4,KSHV20231026_114614_V06,0,0.308,1.200,7444,0,3379.930,1717,0,962.628
KSHV20231026-4,KSHV20231026_114614_V06,4,0.879,1.200,7450,0,1727.948,827,0,65.609
KSHV20231026-4,KSHV20231026_114614_V06,6,1.318,1.200,7450,0,3221.269,896,0,45.730
KSHV20231026-4,KSHV20231026_114614_V06,8,1.802,1.200,3722,0,4068.009,346,0,32.511
KSHV20231026-4,KSHV20231026_114614_V06,9,2.417,1.200,3729,0,4437.086,397,0,72.021
KSHV20231026-4,KSHV20231026_114614_V06,10,3.120,1.200,3731,0,4788.115,506,0,32.261
KSHV20231026-4,KSHV20231026_114614_V06,11,3.999,1.200,3728,0,732.463,269,0,21.177
KSHV20231026-6,KSHV20231026_115245_V06,0,0.308,1.200,6202,0,4335.087,1284,0,599.815
KSHV20231026-6,KSHV20231026_115245_V06,4,0.879,1.200,6201,0,410.596,402,0,44.482
KSHV20231026-6,KSHV20231026_115245_V06,6,1.318,1.200,6202,0,89.030,177,0,17.551
KSHV20231026-6,KSHV20231026_115245_V06,8,1.802,1.200,3099,0,5.792,0,0,5.792
KSHV20231026-6,KSHV20231026_115245_V06,9,2.417,1.200,3099,0,8.505,0,0,8.505
KSHV20231026-6,KSHV20231026_115245_V06,10,3.120,1.200,3103,0,8.966,2,0,4.468
KSHV20231026-6,KSHV20231026_115245_V06,11,3.999,1.200,3108,0,4.488,0,0,4.488
KSHV20231026-10,KSHV20231026_121250_V06,0,0.308,1.200,9067,0,496101.510,1944,0,1862.181
KSHV20231026-10,KSHV20231026_121250_V06,4,0.879,1.200,9063,0,172527.553,1716,0,1977.590
KSHV20231026-10,KSHV20231026_121250_V06,6,1.318,1.200,9066,0,7891.114,390,0,555.711
KSHV20231028-6,KSHV20231028_122828_V06,0,0.308,1.200,13693,0,507090.532,5936,0,28984.041
KSHV20231028-6,KSHV20231028_122828_V06,4,0.879,1.200,13688,0,488676.047,6215,0,3828.969
KSHV20231028-6,KSHV20231028_122828_V06,6,1.318,1.200,13698,0,460326.616,5122,0,1033.152
KSHV20231028-6,KSHV20231028_122828_V06,8,1.802,1.200,6852,0,375817.565,1699,0,1563.246
KSHV20231028-6,KSHV20231028_122828_V06,9,2.417,1.200,6854,0,358207.593,1632,0,658.130
KSHV20231028-6,KSHV20231028_122828_V06,10,3.120,1.200,6862,0,426090.423,1245,0,17197.745
KSHV20231028-6,KSHV20231028_122828_V06,11,3.999,1.200,6864,0,75925.183,581,0,2033.524
KSHV20231028-6,KSHV20231028_122828_V06,12,5.098,1.200,6875,0,561.798,104,0,52.930
KSHV20231030-12,KSHV20231030_124816_V06,0,0.308,1.200,17617,0,23102.484,426,0,5050.129
KSHV20231030-12,KSHV20231030_124816_V06,4,0.879,1.200,17625,0,336700.335,2773,0,15642.613
KSHV20231030-12,KSHV20231030_125341_V06,0,0.308,1.200,21388,0,60616.330,622,0,5417.852
KSHV20231030-12,KSHV20231030_125341_V06,4,0.879,1.200,21393,0,455029.984,3219,0,19644.466
KSHV20231030-13,KSHV20231030_130431_V06,0,0.308,1.200,1046,0,917.522,31,0,252.416
KSHV20231030-13,KSHV20231030_130431_V06,4,0.879,1.200,1044,0,33820.422,220,0,1499.902
KSHV20231030-13,KSHV20231030_130431_V06,6,1.318,1.200,1052,0,43963.538,243,0,474.093
KSHV20231103-3,KSHV20231103_121635_V06,0,0.308,1.200,204,0,33995.283,5,0,33990.445
KSHV20231103-3,KSHV20231103_121635_V06,4,0.879,1.200,203,0,545.516,21,0,490.305
KSHV20231103-3,KSHV20231103_121635_V06,6,1.318,1.200,203,0,1.935,2,0,0.277
KSHV20231103-3,KSHV20231103_121635_V06,8,1.802,1.200,99,0,0.273,0,0,0.273
KSHV20231103-3,KSHV20231103_121635_V06,9,2.417,1.200,98,0,0.270,0,0,0.270
KSHV20231103-3,KSHV20231103_121635_V06,10,3.120,1.200,100,0,0.276,0,0,0.276
KSHV20231103-3,KSHV20231103_122518_V06,0,0.308,1.200,1860,0,6069.752,93,0,5756.075
KSHV20231103-3,KSHV20231103_122518_V06,4,0.879,1.200,1860,0,971.938,201,0,468.548
KSHV20231103-3,KSHV20231103_122518_V06,6,1.318,1.200,1863,0,30.966,15,0,12.776
KSHV20231103-3,KSHV20231103_122518_V06,8,1.802,1.200,933,0,2.556,0,0,2.556
KSHV20231103-3,KSHV20231103_122518_V06,9,2.417,1.200,934,0,2.559,0,0,2.559
KSHV20231103-3,KSHV20231103_122518_V06,10,3.120,1.200,936,0,11.221,0,0,11.221
KSHV20231103-1,KSHV20231103_114144_V06,0,0.308,1.200,227,0,33231.797,15,0,33032.399
KSHV20231103-1,KSHV20231103_114144_V06,4,0.879,1.200,226,0,370.551,11,0,326.248
KSHV20231103-1,KSHV20231103_114144_V06,6,1.318,1.200,226,0,82.237,9,0,46.064
KSHV20231103-1,KSHV20231103_114144_V06,8,1.802,1.200,117,0,32.099,0,0,32.099
KSHV20231103-1,KSHV20231103_114144_V06,9,2.417,1.200,116,0,0.496,0,0,0.496
KSHV20231103-2,KSHV20231103_120753_V06,0,0.308,1.200,350,0,21522.667,0,0,21522.667
KSHV20231103-2,KSHV20231103_120753_V06,4,0.879,1.200,352,0,187.896,3,0,179.821
KSHV20231103-2,KSHV20231103_120753_V06,6,1.318,1.200,352,0,1231.437,51,0,845.526
KSHV20231103-2,KSHV20231103_120753_V06,8,1.802,1.200,177,0,288.551,5,0,136.216
KSHV20231103-5,KSHV20231103_124244_V06,0,0.308,1.200,1142,0,128133.189,20,0,126332.254
KSHV20231103-5,KSHV20231103_124244_V06,4,0.879,1.200,1141,0,2392.201,83,0,2063.706
KSHV20231103-5,KSHV20231103_124244_V06,6,1.318,1.200,1143,0,691.552,61,0,283.152
KSHV20231103-5,KSHV20231103_124244_V06,8,1.802,1.200,567,0,25.817,0,0,25.817
KSHV20231103-5,KSHV20231103_124244_V06,9,2.417,1.200,565,0,2.297,0,0,2.297
KSHV20231103-6,KSHV20231103_124244_V06,0,0.308,1.200,9337,0,72292.492,678,0,49165.986
KSHV20231103-6,KSHV20231103_124244_V06,4,0.879,1.200,9347,0,31119.845,410,0,14235.536
KSHV20231103-6,KSHV20231103_124244_V06,6,1.318,1.200,9349,0,2430.457,63,0,1096.053
KSHV20231104-5,KSHV20231104_130027_V06,0,0.308,1.200,22104,0,1343.912,1991,0,1041.086
KSHV20231104-5,KSHV20231104_130027_V06,4,0.879,1.200,22106,0,29.038,3616,0,22.910
KSHV20231104-5,KSHV20231104_130027_V06,6,1.318,1.200,22108,0,3.702,2282,0,2.531
KSHV20231104-5,KSHV20231104_130027_V06,8,1.802,1.200,11056,0,8.528,423,0,0.877
KSHV20231104-5,KSHV20231104_130027_V06,9,2.417,1.200,11066,0,1.652,663,0,0.598
KSHV20231104-5,KSHV20231104_130027_V06,10,3.120,1.200,11071,0,3.417,1315,0,0.949
KSHV20231104-5,KSHV20231104_130027_V06,11,3.999,1.200,11080,0,5.420,1812,0,1.550
KSHV20231104-5,KSHV20231104_130027_V06,12,5.098,1.200,11105,0,5.364,2231,0,1.851
KSHV20231104-5,KSHV20231104_130027_V06,13,6.416,1.200,11141,0,8.930,2218,0,2.696
KSHV20231106-1,KSHV20231106_131800_V06,0,0.308,1.200,14201,0,201463.247,1863,0,142660.619
KSHV20231106-1,KSHV20231106_131800_V06,4,0.879,1.200,14205,0,43789.692,1250,0,22811.940
KSHV20231106-1,KSHV20231106_131800_V06,6,1.318,1.200,14212,0,15657.847,416,0,8530.612
KSHV20231106-1,KSHV20231106_131800_V06,8,1.802,1.200,7108,0,928.957,15,0,498.453
KSHV20231109-3,KSHV20231109_122125_V06,0,0.308,1.200,630,0,4162.770,208,0,1872.021
KSHV20231109-3,KSHV20231109_122125_V06,4,0.879,1.200,635,0,1452.261,311,0,122.627
KSHV20231109-3,KSHV20231109_122125_V06,6,1.318,1.200,634,0,781.924,208,0,220.030
KSHV20231109-3,KSHV20231109_122125_V06,8,1.802,1.200,314,0,1739.149,91,0,300.443
KSHV20231109-3,KSHV20231109_122125_V06,9,2.417,1.200,317,0,5720.328,224,0,56.378
KSHV20231109-4,KSHV20231109_122125_V06,0,0.308,1.200,12146,0,5557.422,235,0,2499.282
KSHV20231109-4,KSHV20231109_122125_V06,4,0.879,1.200,12154,0,35917.180,1279,0,8538.710
KSHV20231109-4,KSHV20231109_122125_V06,6,1.318,1.200,12154,0,144812.501,3574,0,10434.648
KSHV20231111-4,KSHV20231111_122103_V06,0,0.308,1.200,1079,0,129811.305,34,0,129731.653
KSHV20231111-4,KSHV20231111_122103_V06,4,0.879,1.200,1081,0,6521.819,77,0,6505.531
KSHV20231111-4,KSHV20231111_122103_V06,6,1.318,1.200,1081,0,3.839,3,0,3.478
KSHV20231111-4,KSHV20231111_122103_V06,8,1.802,1.200,545,0,0.511,0,0,0.511
KSHV20231111-4,KSHV20231111_122103_V06,9,2.417,1.200,542,0,0.508,0,0,0.508
KSHV20231111-4,KSHV20231111_122103_V06,10,3.120,1.200,542,0,0.510,0,0,0.510
KSHV20231111-4,KSHV20231111_122103_V06,11,3.999,1.200,543,0,0.511,0,0,0.511
KSHV20231111-4,KSHV20231111_122103_V06,12,5.098,1.200,541,0,0.510,0,0,0.510
KSHV20231111-4,KSHV20231111_122937_V06,0,0.308,1.200,4395,0,95845.448,543,0,94895.661
KSHV20231111-4,KSHV20231111_122937_V06,4,0.879,1.200,4398,0,6882.301,273,0,6706.440
KSHV20231111-4,KSHV20231111_122937_V06,6,1.318,1.200,4399,0,63.043,42,0,56.851
KSHV20231111-4,KSHV20231111_122937_V06,8,1.802,1.200,2195,0,2.071,0,0,2.071
KSHV20231111-4,KSHV20231111_122937_V06,9,2.417,1.200,2198,0,3.176,2,0,2.657
KSHV20231111-4,KSHV20231111_122937_V06,10,3.120,1.200,2199,0,3.685,3,0,2.920
KSHV20231111-4,KSHV20231111_122937_V06,11,3.999,1.200,2203,0,2.087,0,0,2.087
KSHV20231111-4,KSHV20231111_122937_V06,12,5.098,1.200,2204,0,2.096,0,0,2.096
KSHV20231111-4,KSHV20231111_123819_V06,0,0.308,1.200,6231,0,52684.654,939,0,52102.727
KSHV20231111-4,KSHV20231111_123819_V06,4,0.879,1.200,6230,0,3703.309,699,0,3471.495
KSHV20231111-4,KSHV20231111_123819_V06,6,1.318,1.200,6232,0,24.494,118,0,19.378
KSHV20231111-4,KSHV20231111_123819_V06,8,1.802,1.200,3109,0,4.279,2,0,3.393
KSHV20231111-4,KSHV20231111_123819_V06,9,2.417,1.200,3115,0,3.157,0,0,3.157
KSHV20231111-4,KSHV20231111_123819_V06,10,3.120,1.200,3119,0,11.945,28,0,4.731
KSHV20231111-4,KSHV20231111_123819_V06,11,3.999,1.200,3125,0,2.429,0,0,2.429
KSHV20231111-4,KSHV20231111_123819_V06,12,5.098,1.200,3130,0,2.441,0,0,2.441
KSHV20231111-4,KSHV20231111_123819_V06,13,6.416,1.200,3135,0,3.349,0,0,3.349
KSHV20231111-2,KSHV20231111_120419_V06,0,0.308,1.200,6385,0,85892.931,946,0,33692.217
KSHV20231111-2,KSHV20231111_120419_V06,4,0.879,1.200,6389,0,72472.301,1489,0,1415.341
KSHV20231111-2,KSHV20231111_120419_V06,6,1.318,1.200,6391,0,48280.415,1175,0,205.676
KSHV20231111-2,KSHV20231111_120419_V06,8,1.802,1.200,3196,0,15087.101,268,0,51.144
KSHV20231111-2,KSHV20231111_120419_V06,9,2.417,1.200,3201,0,681.898,61,0,24.528
KSHV20231111-2,KSHV20231111_120419_V06,10,3.120,1.200,3202,0,14.045,6,0,7.395
KSHV20231112-3,KSHV20231112_131948_V06,0,0.308,1.200,2066,0,137199.057,983,0,3786.105
KSHV20231112-3,KSHV20231112_131948_V06,4,0.879,1.200,2070,0,47257.791,524,0,9367.547
KSHV20231112-3,KSHV20231112_131948_V06,6,1.318,1.200,2070,0,1725.409,48,0,535.959
KSHV20231112-3,KSHV20231112_132830_V06,0,0.308,1.200,4475,0,83558.761,1577,0,7131.105
KSHV20231112-3,KSHV20231112_132830_V06,4,0.879,1.200,4469,0,24643.760,705,0,3102.917
KSHV20231112-3,KSHV20231112_132830_V06,6,1.318,1.200,4468,0,997.253,60,0,252.209
KSHV20231112-3,KSHV20231112_133711_V06,0,0.308,1.200,5189,0,31152.118,1146,0,4955.666
KSHV20231112-3,KSHV20231112_133711_V06,4,0.879,1.200,5185,0,13066.803,728,0,1947.487
KSHV20231112-3,KSHV20231112_133711_V06,6,1.318,1.200,5184,0,617.352,48,0,185.272
KSHV20231112-1,KSHV20231112_123526_V06,0,0.308,1.200,3394,13,147097.481,75,13,146412.826
KSHV20231112-1,KSHV20231112_123526_V06,4,0.879,1.200,3393,1,32332.411,86,1,31871.952
KSHV20231112-1,KSHV20231112_123526_V06,6,1.318,1.200,3395,0,508.831,335,0,452.446
KSHV20231112-1,KSHV20231112_123526_V06,8,1.802,1.200,1697,0,145.672,159,0,110.932
KSHV20231112-1,KSHV20231112_123526_V06,9,2.417,1.200,1699,0,116.125,174,0,62.071
KSHV20231112-1,KSHV20231112_123526_V06,10,3.120,1.200,1697,0,59.458,203,0,33.838
KSHV20231112-1,KSHV20231112_123526_V06,11,3.999,1.200,1695,0,26.048,141,0,9.321
KSHV20231112-1,KSHV20231112_123526_V06,12,5.098,1.200,1701,0,4.327,68,0,1.457
KSHV20231112-1,KSHV20231112_123526_V06,13,6.416,1.200,1707,0,0.956,29,0,0.725
KSHV20231112-2,KSHV20231112_124408_V06,0,0.308,1.200,2252,0,106475.610,70,0,105973.842
KSHV20231112-2,KSHV20231112_124408_V06,4,0.879,1.200,2254,0,129.535,23,0,94.096
KSHV20231112-2,KSHV20231112_124408_V06,6,1.318,1.200,2255,0,3.415,0,0,3.415
KSHV20231112-2,KSHV20231112_124408_V06,8,1.802,1.200,1124,0,3.404,0,0,3.404
KSHV20231112-2,KSHV20231112_124408_V06,9,2.417,1.200,1130,0,3.430,0,0,3.430
KSHV20231113-3,KSHV20231113_124322_V06,0,0.308,1.200,87,0,90275.034,6,0,89280.023
KSHV20231113-3,KSHV20231113_124322_V06,4,0.879,1.200,88,0,46.379,10,0,31.533
KSHV20231113-3,KSHV20231113_124322_V06,6,1.318,1.200,88,0,0.098,0,0,0.098
KSHV20231113-3,KSHV20231113_124322_V06,8,1.802,1.200,45,0,0.100,0,0,0.100
KSHV20231113-3,KSHV20231113_124322_V06,9,2.417,1.200,45,0,0.100,0,0,0.100
KSHV20231113-3,KSHV20231113_124322_V06,10,3.120,1.200,45,0,0.100,0,0,0.100
KSHV20231113-6,KSHV20231113_124855_V06,0,0.308,1.200,19101,29,285709.378,1674,23,263001.344
KSHV20231113-6,KSHV20231113_124855_V06,4,0.879,1.200,19103,0,7535.610,2492,0,6381.322
KSHV20231113-6,KSHV20231113_124855_V06,6,1.318,1.200,19105,0,192.054,4209,0,125.758
KSHV20231113-6,KSHV20231113_124855_V06,8,1.802,1.200,9552,0,57.878,1410,0,29.007
KSHV20231113-6,KSHV20231113_124855_V06,9,2.417,1.200,9558,0,29.547,1267,0,20.530
KSHV20231113-6,KSHV20231113_124855_V06,10,3.120,1.200,9566,0,14.520,1286,0,6.726
KSHV20231113-6,KSHV20231113_124855_V06,11,3.999,1.200,9569,0,9.334,1025,0,5.700
KSHV20231113-6,KSHV20231113_124855_V06,12,5.098,1.200,9587,0,59.373,873,0,5.763
KSHV20231113-6,KSHV20231113_124855_V06,13,6.416,1.200,9614,0,4.333,730,0,2.817
KSHV20231114-2,KSHV20231114_120422_V06,0,0.308,1.200,5857,0,187565.741,1865,0,24111.615
KSHV20231114-2,KSHV20231114_120422_V06,4,0.879,1.200,5855,0,193873.757,3749,0,1919.196
KSHV20231114-2,KSHV20231114_120422_V06,6,1.318,1.200,5856,0,257569.712,4095,0,2660.350
KSHV20231114-2,KSHV20231114_120422_V06,8,1.802,1.200,2927,0,318432.358,1264,0,13965.268
KSHV20231114-2,KSHV20231114_120422_V06,9,2.417,1.200,2929,0,805269.208,1234,0,69260.258
KSHV20231114-2,KSHV20231114_120422_V06,10,3.120,1.200,2929,0,648954.646,1224,0,37171.113
KSHV20231114-2,KSHV20231114_120422_V06,11,3.999,1.200,2935,0,176554.561,1538,0,784.832
KSHV20231114-2,KSHV20231114_120422_V06,12,5.098,1.200,2946,0,76300.746,1128,0,594.461
KSHV20231114-2,KSHV20231114_120949_V06,0,0.308,1.200,10501,0,186057.921,2903,0,36014.159
KSHV20231114-2,KSHV20231114_120949_V06,4,0.879,1.200,10507,0,217782.074,5808,0,3227.265
KSHV20231114-2,KSHV20231114_120949_V06,6,1.318,1.200,10507,0,309634.387,6158,0,5554.046
KSHV20231114-2,KSHV20231114_120949_V06,8,1.802,1.200,5255,0,431346.062,1846,0,20117.424
KSHV20231114-2,KSHV20231114_120949_V06,9,2.417,1.200,5258,1,1330482.920,1783,0,115212.136
KSHV20231114-2,KSHV20231114_120949_V06,10,3.120,1.200,5263,0,616948.958,2005,0,30431.351
KSHV20231114-2,KSHV20231114_120949_V06,11,3.999,1.200,5271,0,258876.577,2550,0,1326.642
KSHV20231114-2,KSHV20231114_120949_V06,12,5.098,1.200,5282,0,102559.582,2213,0,3224.826
KSHV20231114-2,KSHV20231114_121516_V06,0,0.308,1.200,11402,0,195849.340,3206,0,30768.678
KSHV20231114-2,KSHV20231114_121516_V06,4,0.879,1.200,11408,0,228370.425,6012,0,4455.036
KSHV20231114-2,KSHV20231114_121516_V06,6,1.318,1.200,11411,0,334482.262,6436,0,7661.627
KSHV20231114-2,KSHV20231114_121516_V06,8,1.802,1.200,5709,0,489813.672,2139,0,19358.325
KSHV20231114-2,KSHV20231114_121516_V06,9,2.417,1.200,5712,0,1475650.251,2142,0,103220.980
KSHV20231114-2,KSHV20231114_121516_V06,10,3.120,1.200,5716,0,507104.112,2451,0,28107.196
KSHV20231114-2,KSHV20231114_121516_V06,11,3.999,1.200,5716,0,250215.297,3004,0,1836.813
KSHV20231114-2,KSHV20231114_121516_V06,12,5.098,1.200,5724,0,99734.816,2660,0,2393.254
KSHV20231114-4,KSHV20231114_122811_V06,0,0.308,1.200,4900,0,57086.241,1694,0,24000.413
KSHV20231114-4,KSHV20231114_122811_V06,4,0.879,1.200,4903,0,51717.810,2390,0,8455.516
KSHV20231114-4,KSHV20231114_122811_V06,6,1.318,1.200,4904,0,55980.334,2580,0,722.823
KSHV20231114-4,KSHV20231114_122811_V06,8,1.802,1.200,2448,0,55544.981,1069,0,79.924
KSHV20231114-4,KSHV20231114_122811_V06,9,2.417,1.200,2450,0,57884.683,1151,0,37.226
KSHV20231114-4,KSHV20231114_122811_V06,10,3.120,1.200,2451,0,70503.564,1398,0,21.658
KSHV20231114-4,KSHV20231114_122811_V06,11,3.999,1.200,2452,0,71531.554,1494,0,74.983
KSHV20231114-4,KSHV20231114_122811_V06,12,5.098,1.200,2463,0,62619.303,1093,0,2642.234
KSHV20231114-4,KSHV20231114_122811_V06,13,6.416,1.200,2472,0,26346.068,839,0,64.038
KSHV20231115-2,KSHV20231115_121249_V06,0,0.308,1.200,3414,0,15636.335,371,0,15341.935
KSHV20231115-2,KSHV20231115_121249_V06,4,0.879,1.200,3416,0,411.860,212,0,339.364
KSHV20231115-2,KSHV20231115_121249_V06,6,1.318,1.200,3417,0,37.056,95,0,23.231
KSHV20231115-2,KSHV20231115_121249_V06,8,1.802,1.200,1710,0,4.681,5,0,2.500
KSHV20231115-2,KSHV20231115_121249_V06,9,2.417,1.200,1710,0,1.572,0,0,1.572
KSHV20231115-2,KSHV20231115_121249_V06,10,3.120,1.200,1710,0,1.782,0,0,1.782
KSHV20231115-2,KSHV20231115_121249_V06,11,3.999,1.200,1712,0,1.579,0,0,1.579
KSHV20231115-2,KSHV20231115_121249_V06,12,5.098,1.200,1723,0,1.595,0,0,1.595
KSHV20231115-2,KSHV20231115_122131_V06,0,0.308,1.200,7341,0,89577.075,703,0,88839.802
KSHV20231115-2,KSHV20231115_122131_V06,4,0.879,1.200,7341,0,11387.171,365,0,11300.554
KSHV20231115-2,KSHV20231115_122131_V06,6,1.318,1.200,7343,0,237.829,145,0,210.301
KSHV20231115-2,KSHV20231115_122131_V06,8,1.802,1.200,3677,0,8.239,1,0,8.101
KSHV20231115-2,KSHV20231115_122131_V06,9,2.417,1.200,3678,0,4.753,0,0,4.753
KSHV20231115-2,KSHV20231115_122131_V06,10,3.120,1.200,3685,0,3.505,0,0,3.505
KSHV20231115-2,KSHV20231115_122131_V06,11,3.999,1.200,3681,0,3.508,0,0,3.508
KSHV20231115-2,KSHV20231115_122131_V06,12,5.098,1.200,3686,0,3.525,0,0,3.525
KSHV20231115-2,KSHV20231115_123012_V06,0,0.308,1.200,8754,0,33285.783,688,0,32728.905
KSHV20231115-2,KSHV20231115_123012_V06,4,0.879,1.200,8754,0,3087.626,417,0,2986.348
KSHV20231115-2,KSHV20231115_123012_V06,6,1.318,1.200,8759,0,114.034,149,0,85.856
KSHV20231115-2,KSHV20231115_123012_V06,8,1.802,1.200,4381,0,14.559,8,0,11.363
KSHV20231115-2,KSHV20231115_123012_V06,9,2.417,1.200,4381,0,4.604,0,0,4.604
KSHV20231115-2,KSHV20231115_123012_V06,10,3.120,1.200,4380,0,4.899,2,0,4.560
KSHV20231115-2,KSHV20231115_123012_V06,11,3.999,1.200,4392,0,3.865,0,0,3.865
KSHV20231115-2,KSHV20231115_123012_V06,12,5.098,1.200,4400,0,3.884,0,0,3.884
KSHV20231115-2,KSHV20231115_123845_V06,0,0.308,1.200,10780,0,14117.001,1134,0,12967.044
KSHV20231115-2,KSHV20231115_123845_V06,4,0.879,1.200,10782,0,518.970,679,0,404.563
KSHV20231115-2,KSHV20231115_123845_V06,6,1.318,1.200,10783,0,62.982,179,0,39.812
KSHV20231115-2,KSHV20231115_123845_V06,8,1.802,1.200,5387,0,6.020,7,0,5.534
KSHV20231115-2,KSHV20231115_123845_V06,9,2.417,1.200,5392,0,7.926,5,0,4.909
KSHV20231115-2,KSHV20231115_123845_V06,10,3.120,1.200,5397,0,4.503,0,0,4.503
KSHV20231115-2,KSHV20231115_123845_V06,11,3.999,1.200,5402,0,4.634,2,0,4.516
KSHV20231115-2,KSHV20231115_123845_V06,12,5.098,1.200,5409,0,4.588,0,0,4.588
KSHV20231115-2,KSHV20231115_124727_V06,0,0.308,1.200,13031,0,23187.074,1238,0,22023.489
KSHV20231115-2,KSHV20231115_124727_V06,4,0.879,1.200,13030,0,648.342,985,0,402.859
KSHV20231115-2,KSHV20231115_124727_V06,6,1.318,1.200,13031,0,103.142,455,0,50.168
KSHV20231115-2,KSHV20231115_124727_V06,8,1.802,1.200,6479,0,21.638,22,0,18.357
KSHV20231115-2,KSHV20231115_124727_V06,9,2.417,1.200,6479,0,8.529,10,0,7.884
KSHV20231115-2,KSHV20231115_124727_V06,10,3.120,1.200,6487,0,5.736,3,0,5.474
KSHV20231115-2,KSHV20231115_124727_V06,11,3.999,1.200,6486,0,5.588,1,0,5.518
KSHV20231115-2,KSHV20231115_124727_V06,12,5.098,1.200,6494,0,7.160,3,0,7.039
KSHV20231115-2,KSHV20231115_130436_V06,0,0.308,1.200,38089,5,138999.359,4119,5,135529.055
KSHV20231115-2,KSHV20231115_130436_V06,4,0.879,1.200,38099,0,819.321,15770,0,613.529
KSHV20231115-2,KSHV20231115_130436_V06,6,1.318,1.200,38102,0,323.017,22694,0,118.880
KSHV20231115-2,KSHV20231115_130436_V06,8,1.802,1.200,19050,0,71.131,5761,0,25.485
KSHV20231115-2,KSHV20231115_130436_V06,9,2.417,1.200,19057,0,79.785,4671,0,18.532
KSHV20231115-2,KSHV20231115_130436_V06,10,3.120,1.200,19072,0,51.032,4262,0,13.643
KSHV20231115-2,KSHV20231115_130436_V06,11,3.999,1.200,19095,0,18.911,3159,0,9.459
KSHV20231115-2,KSHV20231115_130436_V06,12,5.098,1.200,19121,0,19.425,2409,0,9.515
KSHV20231115-2,KSHV20231115_130436_V06,13,6.416,1.200,19180,0,12.564,1784,0,8.657
KSHV20231115-1,KSHV20231115_121249_V06,0,0.308,1.200,35656,0,27806.345,4340,0,2554.935
KSHV20231115-1,KSHV20231115_121249_V06,4,0.879,1.200,35666,0,8563.317,2821,0,1061.616
KSHV20231115-1,KSHV20231115_121249_V06,6,1.318,1.200,35673,0,846.337,1086,0,310.602
KSHV20231115-1,KSHV20231115_121249_V06,8,1.802,1.200,17834,0,68.393,4,0,65.858
KSHV20231115-1,KSHV20231115_121249_V06,9,2.417,1.200,17845,0,92.462,0,0,92.462
KSHV20231115-1,KSHV20231115_122131_V06,0,0.308,1.200,48180,0,30296.912,5729,0,2598.266
KSHV20231115-1,KSHV20231115_122131_V06,4,0.879,1.200,48190,0,9630.824,4084,0,1123.646
KSHV20231115-1,KSHV20231115_122131_V06,6,1.318,1.200,48203,0,1376.212,2005,0,324.625
KSHV20231115-1,KSHV20231115_122131_V06,8,1.802,1.200,24077,0,151.610,54,0,121.940
KSHV20231115-1,KSHV20231115_122131_V06,9,2.417,1.200,24090,0,90.941,9,0,86.282
KSHV20231115-1,KSHV20231115_123012_V06,0,0.308,1.200,63535,0,32185.780,6868,0,3402.446
KSHV20231115-1,KSHV20231115_123012_V06,4,0.879,1.200,63557,0,10017.063,4915,0,1322.988
KSHV20231115-1,KSHV20231115_123012_V06,6,1.318,1.200,63567,0,1677.974,2597,0,364.112
KSHV20231115-1,KSHV20231115_123012_V06,8,1.802,1.200,31799,0,214.483,120,0,119.220
KSHV20231115-1,KSHV20231115_123012_V06,9,2.417,1.200,31808,0,140.096,38,0,132.636
KSHV20231115-1,KSHV20231115_123845_V06,0,0.308,1.200,81826,0,57829.835,7888,0,25526.317
KSHV20231115-1,KSHV20231115_123845_V06,4,0.879,1.200,81856,0,10516.467,6506,0,1743.490
KSHV20231115-1,KSHV20231115_123845_V06,6,1.318,1.200,81881,0,1881.864,4398,0,623.037
KSHV20231115-1,KSHV20231115_123845_V06,8,1.802,1.200,40965,0,231.333,255,0,180.769
KSHV20231115-1,KSHV20231115_123845_V06,9,2.417,1.200,40986,0,311.208,87,0,293.687
KSHV20231115-1,KSHV20231115_124727_V06,0,0.308,1.200,104549,29,260107.972,7898,29,224068.331
KSHV20231115-1,KSHV20231115_124727_V06,4,0.879,1.200,104580,0,10938.898,8982,0,2673.250
KSHV20231115-1,KSHV20231115_124727_V06,6,1.318,1.200,104605,0,2048.017,9443,0,618.782
KSHV20231115-1,KSHV20231115_124727_V06,8,1.802,1.200,52315,0,465.183,1075,0,292.529
KSHV20231115-1,KSHV20231115_124727_V06,9,2.417,1.200,52346,0,280.644,507,0,228.376
KSHV20231115-1,KSHV20231115_130436_V06,0,0.308,1.200,166871,5,214673.311,13963,5,174380.195
KSHV20231115-1,KSHV20231115_130436_V06,4,0.879,1.200,166907,0,8881.041,25655,0,2021.210
KSHV20231115-1,KSHV20231115_130436_V06,6,1.318,1.200,166954,0,1947.170,29775,0,618.968
KSHV20231115-1,KSHV20231115_130436_V06,8,1.802,1.200,83499,0,601.132,6657,0,367.800
KSHV20231115-1,KSHV20231115_130436_V06,9,2.417,1.200,83549,0,391.937,5323,0,290.778
KSHV20231115-1,KSHV20231115_131303_V06,0,0.308,1.200,154159,0,137030.958,11598,0,96573.549
KSHV20231115-1,KSHV20231115_131303_V06,4,0.879,1.200,154201,0,6978.502,14757,0,1525.488
KSHV20231115-1,KSHV20231115_131303_V06,6,1.318,1.200,154249,0,1850.002,18245,0,686.288
KSHV20231115-1,KSHV20231115_131303_V06,8,1.802,1.200,77135,0,502.886,3685,0,313.496
KSHV20231115-1,KSHV20231115_131303_V06,9,2.417,1.200,77179,0,513.377,2950,0,399.517
KSHV20231115-8,KSHV20231115_130436_V06,0,0.308,1.200,477,0,7503.029,19,0,7090.035
KSHV20231115-8,KSHV20231115_130436_V06,4,0.879,1.200,477,0,6.678,2,0,0.911
KSHV20231115-8,KSHV20231115_130436_V06,6,1.318,1.200,478,0,0.917,0,0,0.917
KSHV20231115-8,KSHV20231115_130436_V06,8,1.802,1.200,235,0,0.903,0,0,0.903
KSHV20231115-8,KSHV20231115_130436_V06,9,2.417,1.200,239,0,0.920,0,0,0.920
KSHV20231115-8,KSHV20231115_131303_V06,0,0.308,1.200,3415,0,25559.972,73,0,23221.882
KSHV20231115-8,KSHV20231115_131303_V06,4,0.879,1.200,3413,0,36.042,5,0,18.873
KSHV20231115-8,KSHV20231115_131303_V06,6,1.318,1.200,3415,0,6.509,0,0,6.509
KSHV20231115-8,KSHV20231115_131303_V06,8,1.802,1.200,1712,0,19.276,0,0,19.276
KSHV20231115-8,KSHV20231115_131303_V06,9,2.417,1.200,1715,0,6.550,0,0,6.550
KSHV20231115-8,KSHV20231115_132145_V06,0,0.308,1.200,7591,0,14371.553,157,0,10492.174
KSHV20231115-8,KSHV20231115_132145_V06,4,0.879,1.200,7599,0,48.998,7,0,32.555
KSHV20231115-8,KSHV20231115_132145_V06,6,1.318,1.200,7602,0,14.014,0,0,14.014
KSHV20231115-8,KSHV20231115_132145_V06,8,1.802,1.200,3799,0,14.026,0,0,14.026
KSHV20231115-8,KSHV20231115_132145_V06,9,2.417,1.200,3805,0,14.062,0,0,14.062
KSHV20231115-7,KSHV20231115_124727_V06,0,0.308,1.200,12134,29,185143.555,621,29,182701.494
KSHV20231115-7,KSHV20231115_124727_V06,4,0.879,1.200,12136,0,1219.512,2815,0,1147.974
KSHV20231115-7,KSHV20231115_124727_V06,6,1.318,1.200,12131,0,185.895,6152,0,80.697
KSHV20231115-7,KSHV20231115_124727_V06,8,1.802,1.200,6067,0,68.078,1559,0,24.919
KSHV20231115-7,KSHV20231115_124727_V06,9,2.417,1.200,6071,0,54.332,1023,0,13.334
KSHV20231115-7,KSHV20231115_124727_V06,10,3.120,1.200,6076,0,23.459,730,0,13.155
KSHV20231115-7,KSHV20231115_124727_V06,11,3.999,1.200,6079,0,10.491,265,0,4.873
KSHV20231115-7,KSHV20231115_124727_V06,12,5.098,1.200,6083,0,7.530,200,0,4.351
KSHV20231115-7,KSHV20231115_124727_V06,13,6.416,1.200,6098,0,11.532,142,0,3.050
KSHV20231116-1,KSHV20231116_120520_V06,0,0.308,1.200,1096,0,18921.876,65,0,18776.957
KSHV20231116-1,KSHV20231116_120520_V06,4,0.879,1.200,1096,0,320.416,51,0,317.451
KSHV20231116-1,KSHV20231116_120520_V06,6,1.318,1.200,1096,0,2.177,9,0,0.725
KSHV20231116-1,KSHV20231116_120520_V06,8,1.802,1.200,546,0,0.407,0,0,0.407
KSHV20231116-1,KSHV20231116_120520_V06,9,2.417,1.200,546,0,0.407,0,0,0.407
KSHV20231116-1,KSHV20231116_120520_V06,10,3.120,1.200,550,0,0.410,0,0,0.410
KSHV20231116-1,KSHV20231116_120520_V06,11,3.999,1.200,549,0,0.410,0,0,0.410
KSHV20231116-1,KSHV20231116_120520_V06,12,5.098,1.200,544,0,0.735,0,0,0.735
KSHV20231116-1,KSHV20231116_120520_V06,13,6.416,1.200,548,0,0.413,0,0,0.413
KSHV20231116-1,KSHV20231116_121342_V06,0,0.308,1.200,3797,0,78145.066,344,0,76945.659
KSHV20231116-1,KSHV20231116_121342_V06,4,0.879,1.200,3801,0,4161.976,273,0,4089.140
KSHV20231116-1,KSHV20231116_121342_V06,6,1.318,1.200,3803,0,8.663,35,0,4.824
KSHV20231116-1,KSHV20231116_121342_V06,8,1.802,1.200,1901,0,1.443,0,0,1.443
KSHV20231116-1,KSHV20231116_121342_V06,9,2.417,1.200,1899,0,1.442,0,0,1.442
KSHV20231116-1,KSHV20231116_121342_V06,10,3.120,1.200,1904,0,1.449,0,0,1.449
KSHV20231116-1,KSHV20231116_121342_V06,11,3.999,1.200,1905,0,1.453,0,0,1.453
KSHV20231116-1,KSHV20231116_121342_V06,12,5.098,1.200,1911,0,1.461,0,0,1.461
KSHV20231116-1,KSHV20231116_121342_V06,13,6.416,1.200,1915,0,1.471,0,0,1.471
KSHV20231116-1,KSHV20231116_122208_V06,0,0.308,1.200,4637,0,120081.988,470,0,118616.058
KSHV20231116-1,KSHV20231116_122208_V06,4,0.879,1.200,4637,0,17955.133,204,0,17688.842
KSHV20231116-1,KSHV20231116_122208_V06,6,1.318,1.200,4640,0,483.449,63,0,476.513
KSHV20231116-1,KSHV20231116_122208_V06,8,1.802,1.200,2323,0,4.053,1,0,3.955
KSHV20231116-1,KSHV20231116_122208_V06,9,2.417,1.200,2325,0,2.136,0,0,2.136
KSHV20231116-1,KSHV20231116_122208_V06,10,3.120,1.200,2326,0,3.492,2,0,1.913
KSHV20231116-1,KSHV20231116_122208_V06,11,3.999,1.200,2326,0,1.918,0,0,1.918
KSHV20231116-1,KSHV20231116_122208_V06,12,5.098,1.200,2331,0,1.929,0,0,1.929
KSHV20231116-1,KSHV20231116_123036_V06,0,0.308,1.200,10718,0,52318.497,1126,0,50595.249
KSHV20231116-1,KSHV20231116_123036_V06,4,0.879,1.200,10719,0,3139.349,294,0,3069.339
KSHV20231116-1,KSHV20231116_123036_V06,6,1.318,1.200,10721,0,144.415,63,0,125.035
KSHV20231116-1,KSHV20231116_123036_V06,8,1.802,1.200,5367,0,7.507,4,0,6.703
KSHV20231116-1,KSHV20231116_123036_V06,9,2.417,1.200,5368,0,9.722,2,0,7.942
KSHV20231116-1,KSHV20231116_123036_V06,10,3.120,1.200,5372,0,5.364,0,0,5.364
KSHV20231116-1,KSHV20231116_123036_V06,11,3.999,1.200,5373,0,5.405,0,0,5.405
KSHV20231116-1,KSHV20231116_123036_V06,12,5.098,1.200,5385,0,5.401,0,0,5.401
KSHV20231116-5,KSHV20231116_124715_V06,0,0.308,1.200,26685,30,260250.739,2236,29,253940.672
KSHV20231116-5,KSHV20231116_124715_V06,4,0.879,1.200,26690,0,4686.270,3962,0,4448.907
KSHV20231116-5,KSHV20231116_124715_V06,6,1.318,1.200,26697,0,126.822,8012,0,68.149
KSHV20231116-5,KSHV20231116_124715_V06,8,1.802,1.200,13346,0,46.230,1188,0,37.635
KSHV20231116-5,KSHV20231116_124715_V06,9,2.417,1.200,13350,0,13.032,914,0,8.100
KSHV20231116-5,KSHV20231116_124715_V06,10,3.120,1.200,13363,0,13.353,1115,0,7.867
KSHV20231116-5,KSHV20231116_124715_V06,11,3.999,1.200,13386,0,11.118,967,0,7.298
KSHV20231116-5,KSHV20231116_124715_V06,12,5.098,1.200,13398,0,13.566,871,0,9.260
KSHV20231116-5,KSHV20231116_124715_V06,13,6.416,1.200,13440,0,8.646,649,0,6.978
KSHV20231117-5,KSHV20231117_131231_V06,0,0.308,1.200,5461,0,154260.976,139,0,143613.863
KSHV20231117-5,KSHV20231117_131231_V06,4,0.879,1.200,5467,0,252.646,11,0,156.479
KSHV20231117-5,KSHV20231117_131231_V06,6,1.318,1.200,5468,0,70.134,2,0,28.017
KSHV20231117-5,KSHV20231117_132113_V06,0,0.308,1.200,7611,0,187511.966,275,0,173598.318
KSHV20231117-5,KSHV20231117_132113_V06,4,0.879,1.200,7616,0,414.931,15,0,222.947
KSHV20231117-5,KSHV20231117_132113_V06,6,1.318,1.200,7617,0,9861.287,240,0,1399.776
KSHV20231117-4,KSHV20231117_124634_V06,0,0.308,1.200,3032,0,31833.267,237,0,30760.321
KSHV20231117-4,KSHV20231117_124634_V06,4,0.879,1.200,3034,0,390.738,1116,0,323.475
KSHV20231117-4,KSHV20231117_124634_V06,6,1.318,1.200,3034,0,87.258,2024,0,18.704
KSHV20231117-4,KSHV20231117_124634_V06,8,1.802,1.200,1512,0,31.573,423,0,9.232
KSHV20231117-4,KSHV20231117_124634_V06,9,2.417,1.200,1515,0,9.082,213,0,2.683
KSHV20231117-4,KSHV20231117_124634_V06,10,3.120,1.200,1513,0,5.326,115,0,2.619
KSHV20231117-4,KSHV20231117_124634_V06,11,3.999,1.200,1519,0,3.312,67,0,2.177
KSHV20231117-4,KSHV20231117_124634_V06,12,5.098,1.200,1521,0,2.594,61,0,1.815
KSHV20231117-4,KSHV20231117_124634_V06,13,6.416,1.200,1526,0,0.950,11,0,0.754
KSHV20231118-1,KSHV20231118_120702_V06,0,0.308,1.200,290,0,10966.666,2,0,10960.522
KSHV20231118-1,KSHV20231118_120702_V06,4,0.879,1.200,290,0,1260.960,7,0,1258.729
KSHV20231118-1,KSHV20231118_120702_V06,6,1.318,1.200,288,0,43.736,20,0,40.733
KSHV20231118-1,KSHV20231118_120702_V06,8,1.802,1.200,145,0,3.349,4,0,0.634
KSHV20231118-1,KSHV20231118_120702_V06,9,2.417,1.200,145,0,0.148,0,0,0.148
KSHV20231118-1,KSHV20231118_120702_V06,10,3.120,1.200,145,0,0.148,0,0,0.148
KSHV20231118-1,KSHV20231118_120702_V06,11,3.999,1.200,144,0,0.147,0,0,0.147
KSHV20231118-1,KSHV20231118_120702_V06,12,5.098,1.200,147,0,0.151,0,0,0.151
KSHV20231118-2,KSHV20231118_124141_V06,0,0.308,1.200,3233,0,189073.077,241,0,186761.148
KSHV20231118-2,KSHV20231118_124141_V06,4,0.879,1.200,3229,0,8442.239,306,0,8001.681
KSHV20231118-2,KSHV20231118_124141_V06,6,1.318,1.200,3231,0,52.957,28,0,35.144
KSHV20231118-2,KSHV20231118_124141_V06,8,1.802,1.200,1615,0,3.248,0,0,3.248
KSHV20231118-2,KSHV20231118_124141_V06,9,2.417,1.200,1614,0,3.249,0,0,3.249
KSHV20231118-2,KSHV20231118_124141_V06,10,3.120,1.200,1621,0,3.268,0,0,3.268
KSHV20231118-3,KSHV20231118_125022_V06,0,0.308,1.200,24454,38,898744.718,968,38,882725.738
KSHV20231118-3,KSHV20231118_125022_V06,4,0.879,1.200,24461,0,50931.889,1734,0,45029.919
KSHV20231118-3,KSHV20231118_125022_V06,6,1.318,1.200,24465,0,9026.459,3109,0,6621.141
KSHV20231118-3,KSHV20231118_125022_V06,8,1.802,1.200,12235,0,3997.671,1607,0,2632.209
KSHV20231118-3,KSHV20231118_125022_V06,9,2.417,1.200,12239,0,919.071,1376,0,361.673
KSHV20231118-3,KSHV20231118_125022_V06,10,3.120,1.200,12250,0,276.177,1344,0,156.439
KSHV20231118-3,KSHV20231118_125022_V06,11,3.999,1.200,12270,0,53.651,1146,0,33.584
KSHV20231118-3,KSHV20231118_125022_V06,12,5.098,1.200,12275,0,40.816,1259,0,24.010
KSHV20231118-3,KSHV20231118_125022_V06,13,6.416,1.200,12310,0,14.676,1142,0,8.668
KSHV20231118-4,KSHV20231118_131628_V06,0,0.308,1.200,1754,0,8447.530,159,0,8062.606
KSHV20231118-4,KSHV20231118_131628_V06,4,0.879,1.200,1754,0,1823.009,24,0,1808.353
KSHV20231118-4,KSHV20231118_131628_V06,6,1.318,1.200,1758,0,19.073,11,0,13.301
KSHV20231118-4,KSHV20231118_131628_V06,8,1.802,1.200,881,0,1.713,0,0,1.713
KSHV20231118-4,KSHV20231118_131628_V06,9,2.417,1.200,880,0,1.713,0,0,1.713
KSHV20231118-4,KSHV20231118_131628_V06,10,3.120,1.200,881,0,1.718,0,0,1.718
KSHV20231119-2,KSHV20231119_123902_V06,0,0.308,1.200,175,0,176666.574,0,0,176666.574
KSHV20231119-2,KSHV20231119_123902_V06,4,0.879,1.200,176,0,614.037,6,0,553.150
KSHV20231119-2,KSHV20231119_123902_V06,6,1.318,1.200,175,0,1005.960,35,0,772.890
KSHV20231119-2,KSHV20231119_123902_V06,8,1.802,1.200,89,0,44.423,0,0,44.423
KSHV20231119-2,KSHV20231119_124744_V06,0,0.308,1.200,1413,0,371825.122,50,0,345939.308
KSHV20231119-2,KSHV20231119_124744_V06,4,0.879,1.200,1411,0,1376.600,51,0,780.949
KSHV20231119-2,KSHV20231119_124744_V06,6,1.318,1.200,1412,0,1950.263,122,0,1012.008
KSHV20231119-2,KSHV20231119_124744_V06,8,1.802,1.200,710,0,358.329,5,0,241.639
KSHV20231119-1,KSHV20231119_123020_V06,0,0.308,1.200,222,0,79314.588,3,0,79309.148
KSHV20231119-1,KSHV20231119_123020_V06,4,0.879,1.200,222,0,1197.436,10,0,1184.307
KSHV20231119-1,KSHV20231119_123020_V06,6,1.318,1.200,225,0,350.563,42,0,206.573
KSHV20231119-1,KSHV20231119_123020_V06,8,1.802,1.200,113,0,29.340,3,0,13.537
KSHV20231119-1,KSHV20231119_123020_V06,9,2.417,1.200,114,0,0.304,0,0,0.304
KSHV20231119-1,KSHV20231119_123020_V06,10,3.120,1.200,112,0,0.299,0,0,0.299
KSHV20231119-3,KSHV20231119_124744_V06,0,0.308,1.200,1972,0,1989286.695,66,0,1964403.896
KSHV20231119-3,KSHV20231119_124744_V06,4,0.879,1.200,1971,0,14509.579,163,0,8899.832
KSHV20231119-3,KSHV20231119_124744_V06,6,1.318,1.200,1973,0,6465.376,153,0,3401.191
KSHV20231119-4,KSHV20231119_125302_V06,0,0.308,1.200,28837,29,754134.562,2549,29,726430.489
KSHV20231119-4,KSHV20231119_125302_V06,4,0.879,1.200,28843,1,31684.320,5055,1,25037.498
KSHV20231119-4,KSHV20231119_125302_V06,6,1.318,1.200,28850,0,27987.587,5287,0,21200.075
KSHV20231119-4,KSHV20231119_125302_V06,8,1.802,1.200,14430,1,12180.200,1376,0,5646.229
KSHV20231119-4,KSHV20231119_125302_V06,9,2.417,1.200,14438,0,1026.745,1083,0,211.198
KSHV20231119-4,KSHV20231119_125302_V06,10,3.120,1.200,14446,0,634.455,871,0,25.837
KSHV20231119-4,KSHV20231119_125302_V06,11,3.999,1.200,14461,0,24.372,845,0,9.727
KSHV20231119-4,KSHV20231119_125302_V06,12,5.098,1.200,14487,0,289.478,813,0,27.692
KSHV20231119-4,KSHV20231119_125302_V06,13,6.416,1.200,14519,0,14.288,753,0,8.266
KSHV20231119-5,KSHV20231119_130408_V06,0,0.308,1.200,6089,0,767075.942,196,0,738086.201
KSHV20231119-5,KSHV20231119_130408_V06,4,0.879,1.200,6090,0,5702.048,403,0,5017.577
KSHV20231119-5,KSHV20231119_130408_V06,6,1.318,1.200,6090,0,2588.707,543,0,1574.999
KSHV20231119-5,KSHV20231119_130408_V06,8,1.802,1.200,3053,0,179.993,15,0,121.893
KSHV20231119-5,KSHV20231119_130408_V06,9,2.417,1.200,3050,0,453.391,41,0,276.865
KSHV20231119-5,KSHV20231119_130408_V06,10,3.120,1.200,3048,0,207.338,37,0,80.308
KSHV20231120-3,KSHV20231120_131931_V06,0,0.308,1.200,5514,0,244194.064,1314,0,781.472
KSHV20231120-3,KSHV20231120_131931_V06,4,0.879,1.200,5513,1,357594.213,1592,0,229.479
KSHV20231120-3,KSHV20231120_131931_V06,6,1.318,1.200,5511,0,387399.989,1719,0,170.275
KSHV20231120-3,KSHV20231120_131931_V06,8,1.802,1.200,2758,0,404100.600,623,0,109.717
KSHV20231120-3,KSHV20231120_131931_V06,9,2.417,1.200,2760,2,223575.706,569,0,92.438
KSHV20231120-3,KSHV20231120_131931_V06,10,3.120,1.200,2766,0,167642.157,560,0,23.328
KSHV20231120-3,KSHV20231120_132503_V06,0,0.308,1.200,8036,7,649541.040,2064,0,7186.015
KSHV20231120-3,KSHV20231120_132503_V06,4,0.879,1.200,8040,7,746197.861,2406,0,319.145
KSHV20231120-3,KSHV20231120_132503_V06,6,1.318,1.200,8045,8,938795.861,2642,0,429.058
KSHV20231120-3,KSHV20231120_132503_V06,8,1.802,1.200,4011,6,1467118.390,1035,0,902.284
KSHV20231120-3,KSHV20231120_132503_V06,9,2.417,1.200,4012,1,1098553.972,1051,0,156.000
KSHV20231120-3,KSHV20231120_132503_V06,10,3.120,1.200,4024,0,631757.274,856,0,96.343
KSHV20231121-1,KSHV20231121_122421_V06,0,0.308,1.200,583,0,12703.712,20,0,12639.351
KSHV20231121-1,KSHV20231121_122421_V06,4,0.879,1.200,584,0,90.875,48,0,87.563
KSHV20231121-1,KSHV20231121_122421_V06,6,1.318,1.200,584,0,0.310,2,0,0.254
KSHV20231121-1,KSHV20231121_122421_V06,8,1.802,1.200,293,0,0.215,0,0,0.215
KSHV20231121-1,KSHV20231121_122421_V06,9,2.417,1.200,293,0,0.215,0,0,0.215
KSHV20231121-1,KSHV20231121_122421_V06,10,3.120,1.200,291,0,0.213,0,0,0.213
KSHV20231121-1,KSHV20231121_122421_V06,11,3.999,1.200,292,0,0.215,0,0,0.215
KSHV20231121-1,KSHV20231121_122421_V06,12,5.098,1.200,295,0,0.217,0,0,0.217
KSHV20231121-1,KSHV20231121_122421_V06,13,6.416,1.200,295,0,0.218,0,0,0.218
KSHV20231121-4,KSHV20231121_125012_V06,0,0.308,1.200,6287,4,48570.534,358,4,47302.344
KSHV20231121-4,KSHV20231121_125012_V06,4,0.879,1.200,6289,0,861.090,349,0,837.077
KSHV20231121-4,KSHV20231121_125012_V06,6,1.318,1.200,6293,0,69.000,888,0,56.293
KSHV20231121-4,KSHV20231121_125012_V06,8,1.802,1.200,3143,0,24.888,540,0,16.254
KSHV20231121-4,KSHV20231121_125012_V06,9,2.417,1.200,3143,0,13.698,440,0,8.486
KSHV20231121-4,KSHV20231121_125012_V06,10,3.120,1.200,3146,0,7.168,420,0,4.811
KSHV20231121-4,KSHV20231121_125012_V06,11,3.999,1.200,3150,0,3.780,361,0,1.940
KSHV20231121-4,KSHV20231121_125012_V06,12,5.098,1.200,3159,0,2.032,257,0,1.413
KSHV20231121-4,KSHV20231121_125012_V06,13,6.416,1.200,3158,0,1.830,267,0,1.327
KSHV20231122-1,KSHV20231122_120751_V06,0,0.308,1.200,1154,2,291255.085,40,2,291166.905
KSHV20231122-1,KSHV20231122_120751_V06,4,0.879,1.200,1153,0,1076.041,88,0,980.722
KSHV20231122-1,KSHV20231122_120751_V06,6,1.318,1.200,1155,0,4.311,1,0,4.058
KSHV20231122-1,KSHV20231122_120751_V06,8,1.802,1.200,583,0,1.251,0,0,1.251
KSHV20231122-1,KSHV20231122_120751_V06,9,2.417,1.200,586,0,1.258,0,0,1.258
KSHV20231122-1,KSHV20231122_120751_V06,10,3.120,1.200,584,0,1.257,0,0,1.257
KSHV20231122-1,KSHV20231122_121633_V06,0,0.308,1.200,4587,0,128954.944,596,0,127593.243
KSHV20231122-1,KSHV20231122_121633_V06,4,0.879,1.200,4589,0,1414.445,261,0,1096.741
KSHV20231122-1,KSHV20231122_121633_V06,6,1.318,1.200,4591,0,16.475,5,0,11.263
KSHV20231122-1,KSHV20231122_121633_V06,8,1.802,1.200,2294,0,4.877,0,0,4.877
KSHV20231122-1,KSHV20231122_121633_V06,9,2.417,1.200,2295,0,4.883,0,0,4.883
KSHV20231122-1,KSHV20231122_121633_V06,10,3.120,1.200,2301,0,4.906,0,0,4.906
KSHV20231122-6,KSHV20231122_134427_V06,0,0.308,1.200,13764,0,93418.365,849,0,82748.599
KSHV20231122-6,KSHV20231122_134427_V06,4,0.879,1.200,13777,0,900.409,92,0,315.991
KSHV20231122-6,KSHV20231122_134427_V06,6,1.318,1.200,13778,0,47.900,2,0,33.277
KSHV20231122-6,KSHV20231122_134427_V06,8,1.802,1.200,6889,0,28.655,0,0,28.655
KSHV20231122-6,KSHV20231122_134427_V06,9,2.417,1.200,6900,0,28.728,0,0,28.728
KSHV20231122-6,KSHV20231122_135002_V06,0,0.308,1.200,18434,0,104884.579,1078,0,88402.532
KSHV20231122-6,KSHV20231122_135002_V06,4,0.879,1.200,18452,0,599.387,120,0,306.580
KSHV20231122-6,KSHV20231122_135002_V06,6,1.318,1.200,18445,0,57.131,7,0,39.087
KSHV20231122-6,KSHV20231122_135002_V06,8,1.802,1.200,9230,0,37.625,0,0,37.625
KSHV20231122-6,KSHV20231122_135002_V06,9,2.417,1.200,9241,0,42.936,0,0,42.936
KSHV20231122-2,KSHV20231122_121633_V06,0,0.308,1.200,1824,0,95737.078,121,0,94602.694
KSHV20231122-2,KSHV20231122_121633_V06,4,0.879,1.200,1825,0,5841.509,171,0,5744.731
KSHV20231122-2,KSHV20231122_121633_V06,6,1.318,1.200,1828,0,127.089,71,0,114.062
KSHV20231122-2,KSHV20231122_121633_V06,8,1.802,1.200,913,0,2.087,2,0,1.627
KSHV20231122-2,KSHV20231122_121633_V06,9,2.417,1.200,915,0,1.009,0,0,1.009
KSHV20231122-2,KSHV20231122_121633_V06,10,3.120,1.200,914,0,0.697,0,0,0.697
KSHV20231122-2,KSHV20231122_121633_V06,11,3.999,1.200,916,0,0.701,0,0,0.701
KSHV20231122-2,KSHV20231122_121633_V06,12,5.098,1.200,915,0,0.701,0,0,0.701
KSHV20231122-2,KSHV20231122_121633_V06,13,6.416,1.200,921,0,0.709,0,0,0.709
KSHV20231122-3,KSHV20231122_125125_V06,0,0.308,1.200,1954,0,20453.354,123,0,20186.998
KSHV20231122-3,KSHV20231122_125125_V06,4,0.879,1.200,1954,0,69.063,71,0,58.128
KSHV20231122-3,KSHV20231122_125125_V06,6,1.318,1.200,1951,0,14.677,7,0,13.717
KSHV20231122-3,KSHV20231122_125125_V06,8,1.802,1.200,978,0,1.464,0,0,1.464
KSHV20231122-3,KSHV20231122_125125_V06,9,2.417,1.200,974,0,0.879,0,0,0.879
KSHV20231122-3,KSHV20231122_125125_V06,10,3.120,1.200,975,0,0.882,0,0,0.882
KSHV20231122-3,KSHV20231122_125125_V06,11,3.999,1.200,977,0,0.886,0,0,0.886
KSHV20231122-3,KSHV20231122_125125_V06,12,5.098,1.200,980,0,0.891,0,0,0.891
KSHV20231122-4,KSHV20231122_131635_V06,0,0.308,1.200,11110,0,191653.354,1193,0,167841.848
KSHV20231122-4,KSHV20231122_131635_V06,4,0.879,1.200,11111,0,819.736,158,0,512.637
KSHV20231122-4,KSHV20231122_131635_V06,6,1.318,1.200,11121,0,31.057,3,0,27.162
KSHV20231122-4,KSHV20231122_131635_V06,8,1.802,1.200,5579,0,81.662,0,0,81.662
KSHV20231122-4,KSHV20231122_131635_V06,9,2.417,1.200,5579,0,19.677,0,0,19.677
KSHV20231122-4,KSHV20231122_132209_V06,0,0.308,1.200,25578,0,298828.139,2378,0,263634.679
KSHV20231122-4,KSHV20231122_132209_V06,4,0.879,1.200,25591,0,1495.785,343,0,668.103
KSHV20231122-4,KSHV20231122_132209_V06,6,1.318,1.200,25594,0,101.834,38,0,73.261
KSHV20231122-4,KSHV20231122_132209_V06,8,1.802,1.200,12804,0,120.011,7,0,46.827
KSHV20231122-4,KSHV20231122_132209_V06,9,2.417,1.200,12807,0,101.979,6,0,53.834
KSHV20231123-4,KSHV20231123_124923_V06,0,0.308,1.200,10840,75,470653.440,343,75,468720.503
KSHV20231123-4,KSHV20231123_124923_V06,4,0.879,1.200,10841,3,173963.756,401,3,173228.084
KSHV20231123-4,KSHV20231123_124923_V06,6,1.318,1.200,10844,0,42135.037,489,0,41357.447
KSHV20231123-4,KSHV20231123_124923_V06,8,1.802,1.200,5426,0,5358.885,384,0,4718.793
KSHV20231123-4,KSHV20231123_124923_V06,9,2.417,1.200,5426,0,1435.233,273,0,1088.930
KSHV20231123-4,KSHV20231123_124923_V06,10,3.120,1.200,5425,0,529.614,186,0,491.752
KSHV20231123-4,KSHV20231123_124923_V06,11,3.999,1.200,5428,0,63.948,234,0,54.867
KSHV20231123-4,KSHV20231123_124923_V06,12,5.098,1.200,5443,0,23.940,213,0,5.663
KSHV20231123-4,KSHV20231123_124923_V06,13,6.416,1.200,5452,0,22.990,194,0,20.339
KSHV20231123-4,KSHV20231123_130326_V06,0,0.308,1.200,48992,8,351760.274,4331,8,331828.474
KSHV20231123-4,KSHV20231123_130326_V06,4,0.879,1.200,49000,0,22134.587,6414,0,18552.816
KSHV20231123-4,KSHV20231123_130326_V06,6,1.318,1.200,49003,1,20349.718,5524,1,18460.687
KSHV20231123-4,KSHV20231123_130326_V06,8,1.802,1.200,24498,0,21704.992,992,0,14546.576
KSHV20231123-4,KSHV20231123_130326_V06,9,2.417,1.200,24512,0,6678.913,1058,0,5375.498
KSHV20231123-4,KSHV20231123_130326_V06,10,3.120,1.200,24528,1,4071.093,1033,1,2344.354
KSHV20231123-4,KSHV20231123_130326_V06,11,3.999,1.200,24564,0,4775.732,1039,0,2452.985
KSHV20231123-4,KSHV20231123_130326_V06,12,5.098,1.200,24606,0,2249.722,979,0,877.195
KSHV20231123-4,KSHV20231123_130326_V06,13,6.416,1.200,24668,0,1300.174,771,0,1013.360
KSHV20231123-6,KSHV20231123_124923_V06,0,0.308,1.200,1409,22,603996.892,44,22,601973.812
KSHV20231123-6,KSHV20231123_124923_V06,4,0.879,1.200,1411,0,5689.483,38,0,5603.382
KSHV20231123-6,KSHV20231123_124923_V06,6,1.318,1.200,1412,0,5.831,31,0,2.723
KSHV20231123-6,KSHV20231123_124923_V06,8,1.802,1.200,712,0,1.708,2,0,0.963
KSHV20231123-6,KSHV20231123_124923_V06,9,2.417,1.200,707,0,1.591,0,0,1.591
KSHV20231123-6,KSHV20231123_124923_V06,10,3.120,1.200,706,0,0.528,0,0,0.528
KSHV20231123-6,KSHV20231123_124923_V06,11,3.999,1.200,707,0,0.530,0,0,0.530
KSHV20231123-6,KSHV20231123_124923_V06,12,5.098,1.200,709,0,0.533,0,0,0.533
KSHV20231123-6,KSHV20231123_124923_V06,13,6.416,1.200,711,0,0.537,0,0,0.537
KSHV20231123-6,KSHV20231123_130326_V06,0,0.308,1.200,9201,0,319729.832,945,0,292435.400
KSHV20231123-6,KSHV20231123_130326_V06,4,0.879,1.200,9201,0,3084.592,1376,0,2518.875
KSHV20231123-6,KSHV20231123_130326_V06,6,1.318,1.200,9206,0,20.107,94,0,9.973
KSHV20231123-6,KSHV20231123_130326_V06,8,1.802,1.200,4602,0,4.498,2,0,3.501
KSHV20231123-6,KSHV20231123_130326_V06,9,2.417,1.200,4605,0,3.883,0,0,3.883
KSHV20231123-6,KSHV20231123_130326_V06,10,3.120,1.200,4607,0,5.160,0,0,5.160
KSHV20231123-6,KSHV20231123_130326_V06,11,3.999,1.200,4615,0,3.525,0,0,3.525
KSHV20231123-6,KSHV20231123_130326_V06,12,5.098,1.200,4626,0,3.546,0,0,3.546
KSHV20231123-6,KSHV20231123_130326_V06,13,6.416,1.200,4633,0,3.567,0,0,3.567
KSHV20231123-1,KSHV20231123_121429_V06,0,0.308,1.200,903,0,95893.883,79,0,95283.711
KSHV20231123-1,KSHV20231123_121429_V06,4,0.879,1.200,904,0,1259.854,80,0,475.734
KSHV20231123-1,KSHV20231123_121429_V06,6,1.318,1.200,906,0,1.842,0,0,1.842
KSHV20231123-1,KSHV20231123_121429_V06,8,1.802,1.200,451,0,32.088,0,0,32.088
KSHV20231123-1,KSHV20231123_121429_V06,9,2.417,1.200,450,0,1.818,0,0,1.818
KSHV20231123-3,KSHV20231123_122312_V06,0,0.308,1.200,7051,0,26171.828,958,0,23052.609
KSHV20231123-3,KSHV20231123_122312_V06,4,0.879,1.200,7050,0,3390.429,801,0,1961.794
KSHV20231123-3,KSHV20231123_122312_V06,6,1.318,1.200,7051,0,190.103,131,0,88.094
KSHV20231123-3,KSHV20231123_122312_V06,8,1.802,1.200,3531,0,44.536,3,0,37.534
KSHV20231123-3,KSHV20231123_122312_V06,9,2.417,1.200,3539,0,8.007,0,0,8.007
KSHV20231123-3,KSHV20231123_122312_V06,10,3.120,1.200,3540,0,8.017,0,0,8.017
KSHV20231123-5,KSHV20231123_124923_V06,0,0.308,1.200,358,0,48507.088,13,0,48453.786
KSHV20231123-5,KSHV20231123_124923_V06,4,0.879,1.200,357,0,453.809,23,0,324.358
KSHV20231123-5,KSHV20231123_124923_V06,6,1.318,1.200,360,0,0.720,0,0,0.720
KSHV20231123-5,KSHV20231123_124923_V06,8,1.802,1.200,183,0,0.732,0,0,0.732
KSHV20231123-5,KSHV20231123_124923_V06,9,2.417,1.200,183,0,0.733,0,0,0.733
KSHV20231124-6,KSHV20231124_124557_V06,0,0.308,1.200,149,0,17574.084,10,0,17505.627
KSHV20231124-6,KSHV20231124_124557_V06,4,0.879,1.200,149,0,373.627,16,0,310.745
KSHV20231124-6,KSHV20231124_124557_V06,6,1.318,1.200,151,0,0.319,0,0,0.319
KSHV20231124-6,KSHV20231124_124557_V06,8,1.802,1.200,73,0,0.308,0,0,0.308
KSHV20231124-6,KSHV20231124_124557_V06,9,2.417,1.200,74,0,0.312,0,0,0.312
KSHV20231124-6,KSHV20231124_130323_V06,0,0.308,1.200,1360,0,26534.238,158,0,24353.612
KSHV20231124-6,KSHV20231124_130323_V06,4,0.879,1.200,1359,0,690.548,55,0,305.426
KSHV20231124-6,KSHV20231124_130323_V06,6,1.318,1.200,1360,0,67.994,5,0,38.517
KSHV20231124-6,KSHV20231124_130323_V06,8,1.802,1.200,682,0,2.854,0,0,2.854
KSHV20231124-6,KSHV20231124_130323_V06,9,2.417,1.200,681,0,2.850,0,0,2.850
KSHV20231124-1,KSHV20231124_121946_V06,0,0.308,1.200,430,2,391090.946,12,2,391017.627
KSHV20231124-1,KSHV20231124_121946_V06,4,0.879,1.200,430,0,1341.365,19,0,1288.546
KSHV20231124-1,KSHV20231124_121946_V06,6,1.318,1.200,431,0,30.455,9,0,12.169
KSHV20231124-1,KSHV20231124_121946_V06,8,1.802,1.200,198,0,0.438,0,0,0.438
KSHV20231124-1,KSHV20231124_121946_V06,9,2.417,1.200,199,0,7.361,0,0,7.361
KSHV20231124-1,KSHV20231124_121946_V06,10,3.120,1.200,200,0,0.445,0,0,0.445
KSHV20231124-2,KSHV20231124_121946_V06,0,0.308,1.200,307,0,59188.126,31,0,58444.371
KSHV20231124-2,KSHV20231124_121946_V06,4,0.879,1.200,306,0,477.527,25,0,306.923
KSHV20231124-2,KSHV20231124_121946_V06,6,1.318,1.200,308,0,0.699,0,0,0.699
KSHV20231124-2,KSHV20231124_121946_V06,8,1.802,1.200,153,0,0.695,0,0,0.695
KSHV20231124-3,KSHV20231124_121946_V06,0,0.308,1.200,148,0,209856.028,6,0,209386.188
KSHV20231124-3,KSHV20231124_121946_V06,4,0.879,1.200,147,0,708.509,71,0,240.678
KSHV20231124-3,KSHV20231124_121946_V06,6,1.318,1.200,148,0,0.388,0,0,0.388
KSHV20231124-3,KSHV20231124_121946_V06,8,1.802,1.200,78,0,0.410,0,0,0.410
KSHV20231124-9,KSHV20231124_130323_V06,0,0.308,1.200,326,0,59880.740,18,0,53304.009
KSHV20231124-9,KSHV20231124_130323_V06,4,0.879,1.200,324,0,1836.943,39,0,856.251
KSHV20231124-9,KSHV20231124_130323_V06,6,1.318,1.200,324,0,1.350,0,0,1.350
KSHV20231124-11,KSHV20231124_131418_V06,0,0.308,1.200,6397,0,88327.415,944,0,54803.385
KSHV20231124-11,KSHV20231124_131418_V06,4,0.879,1.200,6395,0,11483.306,306,0,3896.764
KSHV20231124-11,KSHV20231124_131418_V06,6,1.318,1.200,6401,0,527.951,44,0,245.713
KSHV20231124-11,KSHV20231124_131418_V06,8,1.802,1.200,3205,0,241.731,3,0,144.892
KSHV20231124-12,KSHV20231124_135331_V06,0,0.308,1.200,541,0,57186.112,42,0,56886.929
KSHV20231124-12,KSHV20231124_135331_V06,4,0.879,1.200,541,0,733.631,56,0,419.522
KSHV20231124-12,KSHV20231124_135331_V06,6,1.318,1.200,539,0,27.905,5,0,15.393
KSHV20231124-12,KSHV20231124_135331_V06,8,1.802,1.200,271,0,0.913,0,0,0.913
KSHV20231124-12,KSHV20231124_135331_V06,9,2.417,1.200,274,0,10.100,0,0,10.100
KSHV20231125-6,KSHV20231125_124751_V06,0,0.308,1.200,5485,87,310994.257,129,85,307802.696
KSHV20231125-6,KSHV20231125_124751_V06,4,0.879,1.200,5488,1,19231.264,247,1,18291.773
KSHV20231125-6,KSHV20231125_124751_V06,6,1.318,1.200,5488,0,1568.175,536,0,1471.133
KSHV20231125-6,KSHV20231125_124751_V06,8,1.802,1.200,2741,0,208.553,175,0,138.394
KSHV20231125-6,KSHV20231125_124751_V06,9,2.417,1.200,2740,0,298.371,120,0,100.614
KSHV20231125-6,KSHV20231125_124751_V06,10,3.120,1.200,2743,0,157.376,116,0,150.906
KSHV20231125-6,KSHV20231125_124751_V06,11,3.999,1.200,2741,0,4.828,99,0,3.231
KSHV20231125-6,KSHV20231125_124751_V06,12,5.098,1.200,2751,0,0.949,71,0,0.677
KSHV20231125-6,KSHV20231125_124751_V06,13,6.416,1.200,2762,0,0.784,61,0,0.635
KSHV20231125-6,KSHV20231125_130145_V06,0,0.308,1.200,59587,5,421948.599,7398,5,393542.696
KSHV20231125-6,KSHV20231125_130145_V06,4,0.879,1.200,59599,10,5622.746,11081,10,3749.577
KSHV20231125-6,KSHV20231125_130145_V06,6,1.318,1.200,59602,0,1266.570,9500,0,846.207
KSHV20231125-6,KSHV20231125_130145_V06,8,1.802,1.200,29805,0,814.307,1949,0,419.806
KSHV20231125-6,KSHV20231125_130145_V06,9,2.417,1.200,29817,0,261.689,1427,0,25.911
KSHV20231125-6,KSHV20231125_130145_V06,10,3.120,1.200,29843,0,245.795,1242,0,16.417
KSHV20231125-6,KSHV20231125_130145_V06,11,3.999,1.200,29875,0,10.518,1087,0,6.281
KSHV20231125-6,KSHV20231125_130145_V06,12,5.098,1.200,29921,0,18.755,951,0,6.744
KSHV20231125-6,KSHV20231125_130145_V06,13,6.416,1.200,29990,0,26.568,896,0,21.581
KSHV20231125-6,KSHV20231125_130651_V06,0,0.308,1.200,78650,1,331137.003,10232,1,301260.315
KSHV20231125-6,KSHV20231125_130651_V06,4,0.879,1.200,78661,0,5532.855,14301,0,3869.180
KSHV20231125-6,KSHV20231125_130651_V06,6,1.318,1.200,78677,0,883.903,11780,0,521.645
KSHV20231125-6,KSHV20231125_130651_V06,8,1.802,1.200,39334,0,437.526,2085,0,266.769
KSHV20231125-6,KSHV20231125_130651_V06,9,2.417,1.200,39357,0,426.019,1651,0,309.744
KSHV20231125-6,KSHV20231125_130651_V06,10,3.120,1.200,39388,0,137.964,1478,0,105.888
KSHV20231125-6,KSHV20231125_130651_V06,11,3.999,1.200,39439,0,48.466,1284,0,26.530
KSHV20231125-6,KSHV20231125_130651_V06,12,5.098,1.200,39511,0,70.608,1187,0,64.783
KSHV20231125-6,KSHV20231125_130651_V06,13,6.416,1.200,39605,0,12.939,986,0,8.700
KSHV20231125-1,KSHV20231125_121327_V06,0,0.308,1.200,520,0,177542.231,16,0,177479.427
KSHV20231125-1,KSHV20231125_121327_V06,4,0.879,1.200,519,0,237.633,31,0,210.031
KSHV20231125-1,KSHV20231125_121327_V06,6,1.318,1.200,521,0,12.897,4,0,2.456
KSHV20231125-1,KSHV20231125_121327_V06,8,1.802,1.200,258,0,0.559,0,0,0.559
KSHV20231125-1,KSHV20231125_121327_V06,9,2.417,1.200,258,0,0.560,0,0,0.560
KSHV20231125-1,KSHV20231125_121327_V06,10,3.120,1.200,259,0,0.562,0,0,0.562
KSHV20231125-2,KSHV20231125_121327_V06,0,0.308,1.200,541,0,15698.694,69,0,15529.296
KSHV20231125-2,KSHV20231125_121327_V06,4,0.879,1.200,541,0,111.023,29,0,108.403
KSHV20231125-2,KSHV20231125_121327_V06,6,1.318,1.200,544,0,2.924,11,0,2.023
KSHV20231125-2,KSHV20231125_121327_V06,8,1.802,1.200,270,0,0.224,0,0,0.224
KSHV20231125-2,KSHV20231125_121327_V06,9,2.417,1.200,270,0,0.224,0,0,0.224
KSHV20231125-2,KSHV20231125_121327_V06,10,3.120,1.200,270,0,0.224,0,0,0.224
KSHV20231125-2,KSHV20231125_121327_V06,11,3.999,1.200,274,0,0.228,0,0,0.228
KSHV20231125-2,KSHV20231125_121327_V06,12,5.098,1.200,272,0,0.227,0,0,0.227
KSHV20231126-1,KSHV20231126_120533_V06,0,0.308,1.200,67,0,7790.868,0,0,7790.868
KSHV20231126-1,KSHV20231126_120533_V06,4,0.879,1.200,67,0,0.071,0,0,0.071
KSHV20231126-1,KSHV20231126_120533_V06,6,1.318,1.200,68,0,0.072,0,0,0.072
KSHV20231126-1,KSHV20231126_120533_V06,8,1.802,1.200,40,0,0.085,0,0,0.085
KSHV20231126-1,KSHV20231126_120533_V06,9,2.417,1.200,41,0,0.087,0,0,0.087
KSHV20231126-1,KSHV20231126_120533_V06,10,3.120,1.200,42,0,0.089,0,0,0.089
KSHV20231126-1,KSHV20231126_121108_V06,0,0.308,1.200,865,0,16738.679,78,0,16578.905
KSHV20231126-1,KSHV20231126_121108_V06,4,0.879,1.200,862,0,10.105,9,0,4.314
KSHV20231126-1,KSHV20231126_121108_V06,6,1.318,1.200,865,0,2.184,2,0,0.918
KSHV20231126-1,KSHV20231126_121108_V06,8,1.802,1.200,431,0,0.917,0,0,0.917
KSHV20231126-1,KSHV20231126_121108_V06,9,2.417,1.200,430,0,0.916,0,0,0.916
KSHV20231126-1,KSHV20231126_121108_V06,10,3.120,1.200,428,0,0.913,0,0,0.913
KSHV20231126-1,KSHV20231126_121643_V06,0,0.308,1.200,1823,0,169802.879,65,0,169601.166
KSHV20231126-1,KSHV20231126_121643_V06,4,0.879,1.200,1822,0,63.551,4,0,61.752
KSHV20231126-1,KSHV20231126_121643_V06,6,1.318,1.200,1823,0,6.492,2,0,5.513
KSHV20231126-1,KSHV20231126_121643_V06,8,1.802,1.200,921,0,2.034,0,0,2.034
KSHV20231126-1,KSHV20231126_121643_V06,9,2.417,1.200,925,0,2.045,0,0,2.045
KSHV20231126-1,KSHV20231126_121643_V06,10,3.120,1.200,920,0,2.036,0,0,2.036
KSHV20231126-1,KSHV20231126_122518_V06,0,0.308,1.200,4280,0,149777.026,80,0,149669.973
KSHV20231126-1,KSHV20231126_122518_V06,4,0.879,1.200,4283,0,17.012,3,0,13.274
KSHV20231126-1,KSHV20231126_122518_V06,6,1.318,1.200,4288,0,5.889,1,0,5.166
KSHV20231126-1,KSHV20231126_122518_V06,8,1.802,1.200,2136,0,4.945,0,0,4.945
KSHV20231126-1,KSHV20231126_122518_V06,9,2.417,1.200,2140,0,4.959,0,0,4.959
KSHV20231126-1,KSHV20231126_122518_V06,10,3.120,1.200,2144,0,4.977,0,0,4.977
KSHV20231126-1,KSHV20231126_123402_V06,0,0.308,1.200,7742,0,19349.445,141,0,19066.810
KSHV20231126-1,KSHV20231126_123402_V06,4,0.879,1.200,7743,0,25.310,6,0,12.942
KSHV20231126-1,KSHV20231126_123402_V06,6,1.318,1.200,7748,0,16.649,2,0,13.075
KSHV20231126-1,KSHV20231126_123402_V06,8,1.802,1.200,3879,0,9.458,0,0,9.458
KSHV20231126-1,KSHV20231126_123402_V06,9,2.417,1.200,3876,0,9.457,0,0,9.457
KSHV20231126-1,KSHV20231126_123402_V06,10,3.120,1.200,3879,0,9.477,0,0,9.477
KSHV20231126-1,KSHV20231126_124245_V06,0,0.308,1.200,6914,0,11055.593,141,0,10403.046
KSHV20231126-1,KSHV20231126_124245_V06,4,0.879,1.200,6915,0,13.051,3,0,11.722
KSHV20231126-1,KSHV20231126_124245_V06,6,1.318,1.200,6915,0,7.867,0,0,7.867
KSHV20231126-1,KSHV20231126_124245_V06,8,1.802,1.200,3455,0,12.731,2,0,7.860
KSHV20231126-1,KSHV20231126_124245_V06,9,2.417,1.200,3462,0,7.891,0,0,7.891
KSHV20231126-1,KSHV20231126_124245_V06,10,3.120,1.200,3462,0,7.900,0,0,7.900
KSHV20231126-8,KSHV20231126_122518_V06,0,0.308,1.200,29,0,7944.747,0,0,7944.747
KSHV20231126-8,KSHV20231126_122518_V06,4,0.879,1.200,29,0,0.060,0,0,0.060
KSHV20231126-8,KSHV20231126_122518_V06,6,1.318,1.200,30,0,0.063,0,0,0.063
KSHV20231126-8,KSHV20231126_122518_V06,8,1.802,1.200,21,0,0.088,0,0,0.088
KSHV20231126-8,KSHV20231126_122518_V06,9,2.417,1.200,20,0,0.084,0,0,0.084
KSHV20231126-8,KSHV20231126_123402_V06,0,0.308,1.200,1706,0,5018.770,48,0,4866.264
KSHV20231126-8,KSHV20231126_123402_V06,4,0.879,1.200,1707,0,13.792,4,0,3.527
KSHV20231126-8,KSHV20231126_123402_V06,6,1.318,1.200,1709,0,3.540,0,0,3.540
KSHV20231126-8,KSHV20231126_123402_V06,8,1.802,1.200,851,0,3.527,0,0,3.527
KSHV20231126-8,KSHV20231126_123402_V06,9,2.417,1.200,854,0,3.545,0,0,3.545
KSHV20231126-8,KSHV20231126_124245_V06,0,0.308,1.200,5321,0,7856.356,123,0,6936.548
KSHV20231126-8,KSHV20231126_124245_V06,4,0.879,1.200,5327,0,15.192,2,0,10.572
KSHV20231126-8,KSHV20231126_124245_V06,6,1.318,1.200,5326,0,10.578,0,0,10.578
KSHV20231126-8,KSHV20231126_124245_V06,8,1.802,1.200,2664,0,10.603,0,0,10.603
KSHV20231126-8,KSHV20231126_124245_V06,9,2.417,1.200,2673,0,10.659,0,0,10.659
KSHV20231126-5,KSHV20231126_121108_V06,0,0.308,1.200,49952,0,58261.965,7617,0,32319.060
KSHV20231126-5,KSHV20231126_121108_V06,4,0.879,1.200,49966,0,48037.051,4380,0,3406.592
KSHV20231126-5,KSHV20231126_121108_V06,6,1.318,1.200,49982,0,85598.868,4616,0,5834.358
KSHV20231126-5,KSHV20231126_121108_V06,8,1.802,1.200,24997,0,34368.249,968,0,1182.939
KSHV20231126-5,KSHV20231126_121108_V06,9,2.417,1.200,25002,0,1556.337,214,0,245.374
KSHV20231126-5,KSHV20231126_121108_V06,10,3.120,1.200,25023,0,38.944,94,0,34.708
KSHV20231126-5,KSHV20231126_121108_V06,11,3.999,1.200,25059,0,34.266,16,0,33.530
KSHV20231126-5,KSHV20231126_121643_V06,0,0.308,1.200,19193,0,22243.970,2688,0,4017.552
KSHV20231126-5,KSHV20231126_121643_V06,4,0.879,1.200,19192,0,56858.438,1646,0,5032.602
KSHV20231126-5,KSHV20231126_121643_V06,6,1.318,1.200,19202,0,49687.822,2311,0,2685.656
KSHV20231126-5,KSHV20231126_121643_V06,8,1.802,1.200,9602,0,9989.702,530,0,403.990
KSHV20231126-5,KSHV20231126_121643_V06,9,2.417,1.200,9609,0,91.597,7,0,51.737
KSHV20231126-5,KSHV20231126_121643_V06,10,3.120,1.200,9620,0,23.937,0,0,23.937
KSHV20231126-11,KSHV20231126_130813_V06,0,0.308,1.200,28820,0,164264.590,1679,0,159465.692
KSHV20231126-11,KSHV20231126_130813_V06,4,0.879,1.200,28824,0,314.012,4357,0,242.765
KSHV20231126-11,KSHV20231126_130813_V06,6,1.318,1.200,28829,0,143.318,5057,0,95.673
KSHV20231126-11,KSHV20231126_130813_V06,8,1.802,1.200,14416,0,34.385,2285,0,17.361
KSHV20231126-11,KSHV20231126_130813_V06,9,2.417,1.200,14418,0,22.500,1911,0,13.189
KSHV20231126-11,KSHV20231126_130813_V06,10,3.120,1.200,14429,0,17.062,2042,0,9.043
KSHV20231126-11,KSHV20231126_130813_V06,11,3.999,1.200,14444,0,12.378,1636,0,7.515
KSHV20231126-11,KSHV20231126_130813_V06,12,5.098,1.200,14470,0,13.079,1400,0,8.999
KSHV20231126-11,KSHV20231126_130813_V06,13,6.416,1.200,14511,0,14.284,1351,0,8.515
KSHV20231127-1,KSHV20231127_121734_V06,0,0.308,1.200,315,0,17237.668,14,0,17146.046
KSHV20231127-1,KSHV20231127_121734_V06,4,0.879,1.200,316,0,2.886,1,0,2.528
KSHV20231127-1,KSHV20231127_121734_V06,6,1.318,1.200,315,0,0.343,0,0,0.343
KSHV20231127-1,KSHV20231127_121734_V06,8,1.802,1.200,159,0,0.345,0,0,0.345
KSHV20231127-1,KSHV20231127_121734_V06,9,2.417,1.200,160,0,0.348,0,0,0.348
KSHV20231127-1,KSHV20231127_121734_V06,10,3.120,1.200,160,0,0.348,0,0,0.348
KSHV20231127-2,KSHV20231127_121734_V06,0,0.308,1.200,33,0,6322.058,1,0,6319.050
KSHV20231127-2,KSHV20231127_121734_V06,4,0.879,1.200,33,0,0.069,0,0,0.069
KSHV20231127-2,KSHV20231127_121734_V06,6,1.318,1.200,33,0,0.069,0,0,0.069
KSHV20231127-2,KSHV20231127_121734_V06,8,1.802,1.200,11,0,0.046,0,0,0.046
KSHV20231127-2,KSHV20231127_121734_V06,9,2.417,1.200,11,0,0.046,0,0,0.046
KSHV20231127-3,KSHV20231127_124346_V06,0,0.308,1.200,286,0,107583.925,24,0,107390.512
KSHV20231127-3,KSHV20231127_124346_V06,4,0.879,1.200,287,0,6.553,4,0,1.533
KSHV20231127-3,KSHV20231127_124346_V06,6,1.318,1.200,287,0,0.306,0,0,0.306
KSHV20231127-3,KSHV20231127_124346_V06,8,1.802,1.200,145,0,0.310,0,0,0.310
KSHV20231127-3,KSHV20231127_124346_V06,9,2.417,1.200,144,0,0.308,0,0,0.308
KSHV20231127-3,KSHV20231127_124346_V06,10,3.120,1.200,142,0,0.304,0,0,0.304
KSHV20231127-5,KSHV20231127_130114_V06,0,0.308,1.200,47428,23,321566.272,3773,22,311089.651
KSHV20231127-5,KSHV20231127_130114_V06,4,0.879,1.200,47436,1,2136.633,7779,1,1231.073
KSHV20231127-5,KSHV20231127_130114_V06,6,1.318,1.200,47446,0,561.454,7649,0,166.476
KSHV20231127-5,KSHV20231127_130114_V06,8,1.802,1.200,23732,0,237.924,2245,0,81.770
KSHV20231127-5,KSHV20231127_130114_V06,9,2.417,1.200,23737,0,44.330,1720,0,13.430
KSHV20231127-5,KSHV20231127_130114_V06,10,3.120,1.200,23749,0,417.225,1334,0,3.911
KSHV20231127-5,KSHV20231127_130114_V06,11,3.999,1.200,23781,0,6.125,907,0,3.996
KSHV20231127-5,KSHV20231127_130114_V06,12,5.098,1.200,23820,0,45.165,631,0,4.622
KSHV20231127-5,KSHV20231127_130114_V06,13,6.416,1.200,23887,0,6.009,726,0,4.805
KSHV20231128-1,KSHV20231128_120841_V06,0,0.308,1.200,246,0,8159.147,6,0,8155.905
KSHV20231128-1,KSHV20231128_120841_V06,4,0.879,1.200,242,0,362.767,21,0,219.121
KSHV20231128-1,KSHV20231128_120841_V06,6,1.318,1.200,243,0,130.795,37,0,64.017
KSHV20231128-1,KSHV20231128_120841_V06,8,1.802,1.200,121,0,11.582,2,0,5.244
KSHV20231128-1,KSHV20231128_120841_V06,9,2.417,1.200,122,0,2.898,0,0,2.898
KSHV20231128-1,KSHV20231128_120841_V06,10,3.120,1.200,123,0,0.252,0,0,0.252
KSHV20231128-3,KSHV20231128_124341_V06,0,0.308,1.200,891,0,58854.051,95,0,58525.712
KSHV20231128-3,KSHV20231128_124341_V06,4,0.879,1.200,890,0,579.690,74,0,366.356
KSHV20231128-3,KSHV20231128_124341_V06,6,1.318,1.200,890,0,2.699,2,0,1.111
KSHV20231128-3,KSHV20231128_124341_V06,8,1.802,1.200,441,0,1.104,0,0,1.104
KSHV20231128-3,KSHV20231128_124341_V06,9,2.417,1.200,445,0,1.115,0,0,1.115
KSHV20231128-3,KSHV20231128_124341_V06,10,3.120,1.200,446,0,1.120,0,0,1.120
KSHV20231128-4,KSHV20231128_124341_V06,0,0.308,1.200,6296,11,81093.125,511,11,80510.857
KSHV20231128-4,KSHV20231128_124341_V06,4,0.879,1.200,6297,0,2725.600,395,0,2692.661
KSHV20231128-4,KSHV20231128_124341_V06,6,1.318,1.200,6299,0,34.720,497,0,30.465
KSHV20231128-4,KSHV20231128_124341_V06,8,1.802,1.200,3146,0,1.465,80,0,1.137
KSHV20231128-4,KSHV20231128_124341_V06,9,2.417,1.200,3150,0,0.872,92,0,0.512
KSHV20231128-4,KSHV20231128_124341_V06,10,3.120,1.200,3154,0,0.764,86,0,0.481
KSHV20231128-4,KSHV20231128_124341_V06,11,3.999,1.200,3157,0,1.232,126,0,0.775
KSHV20231128-4,KSHV20231128_124341_V06,12,5.098,1.200,3160,0,1.419,97,0,1.144
KSHV20231128-4,KSHV20231128_124341_V06,13,6.416,1.200,3160,0,1.957,92,0,1.046
KSHV20231128-5,KSHV20231128_124341_V06,0,0.308,1.200,131,0,65620.983,0,0,65620.983
KSHV20231128-5,KSHV20231128_124341_V06,4,0.879,1.200,133,0,254.801,7,0,176.366
KSHV20231128-5,KSHV20231128_124341_V06,6,1.318,1.200,133,0,184.716,5,0,110.337
KSHV20231128-5,KSHV20231128_124341_V06,8,1.802,1.200,67,0,32.723,0,0,32.723
KSHV20231128-8,KSHV20231128_124341_V06,0,0.308,1.200,306,0,23663.353,17,0,22544.063
KSHV20231128-8,KSHV20231128_124341_V06,4,0.879,1.200,305,0,350.199,10,0,224.672
KSHV20231128-8,KSHV20231128_124341_V06,6,1.318,1.200,307,0,1389.901,57,0,733.639
KSHV20231128-8,KSHV20231128_124341_V06,8,1.802,1.200,154,0,231.487,7,0,109.639
KSHV20231128-9,KSHV20231128_130110_V06,0,0.308,1.200,1546,0,174932.630,109,0,169923.162
KSHV20231128-9,KSHV20231128_130110_V06,4,0.879,1.200,1546,0,327.513,166,0,228.320
KSHV20231128-9,KSHV20231128_130110_V06,6,1.318,1.200,1549,0,291.209,88,0,197.469
KSHV20231128-9,KSHV20231128_130110_V06,8,1.802,1.200,774,0,8.244,2,0,6.150
KSHV20231128-9,KSHV20231128_130110_V06,9,2.417,1.200,774,0,4.387,2,0,3.187
KSHV20231128-9,KSHV20231128_130110_V06,10,3.120,1.200,773,0,3.258,0,0,3.258
KSHV20231128-9,KSHV20231128_130110_V06,11,3.999,1.200,775,0,12.881,8,0,4.214
KSHV20231128-10,KSHV20231128_130110_V06,0,0.308,1.200,379,0,71494.656,6,0,71121.053
KSHV20231128-10,KSHV20231128_130110_V06,4,0.879,1.200,379,0,19.290,18,0,12.895
KSHV20231128-10,KSHV20231128_130110_V06,6,1.318,1.200,380,0,38.308,49,0,20.514
KSHV20231128-10,KSHV20231128_130110_V06,8,1.802,1.200,197,0,10.645,2,0,7.418
KSHV20231128-10,KSHV20231128_130110_V06,9,2.417,1.200,195,0,4.182,0,0,4.182
KSHV20231128-10,KSHV20231128_130110_V06,10,3.120,1.200,196,0,0.261,0,0,0.261
KSHV20231128-10,KSHV20231128_130110_V06,11,3.999,1.200,199,0,0.265,0,0,0.265
KSHV20231129-1,KSHV20231129_120402_V06,0,0.308,1.200,625,0,39492.964,34,0,38912.319
KSHV20231129-1,KSHV20231129_120402_V06,4,0.879,1.200,625,0,486.924,74,0,343.862
KSHV20231129-1,KSHV20231129_120402_V06,6,1.318,1.200,625,0,46.237,26,0,25.936
KSHV20231129-1,KSHV20231129_120402_V06,8,1.802,1.200,312,0,0.638,0,0,0.638
KSHV20231129-1,KSHV20231129_120402_V06,9,2.417,1.200,311,0,0.637,0,0,0.637
KSHV20231129-1,KSHV20231129_120402_V06,10,3.120,1.200,311,0,3.010,0,0,3.010
KSHV20231129-1,KSHV20231129_121245_V06,0,0.308,1.200,2107,0,173215.022,92,0,172509.572
KSHV20231129-1,KSHV20231129_121245_V06,4,0.879,1.200,2107,0,1102.935,177,0,817.284
KSHV20231129-1,KSHV20231129_121245_V06,6,1.318,1.200,2111,0,345.315,148,0,204.465
KSHV20231129-1,KSHV20231129_121245_V06,8,1.802,1.200,1059,0,53.419,9,0,29.375
KSHV20231129-1,KSHV20231129_121245_V06,9,2.417,1.200,1061,0,12.822,2,0,7.217
KSHV20231129-1,KSHV20231129_121245_V06,10,3.120,1.200,1057,0,11.066,3,0,5.059
KSHV20231129-1,KSHV20231129_122128_V06,0,0.308,1.200,2855,0,68118.477,178,0,67476.721
KSHV20231129-1,KSHV20231129_122128_V06,4,0.879,1.200,2859,0,2029.682,324,0,901.239
KSHV20231129-1,KSHV20231129_122128_V06,6,1.318,1.200,2860,0,205.588,81,0,131.270
KSHV20231129-1,KSHV20231129_122128_V06,8,1.802,1.200,1428,0,38.964,4,0,28.265
KSHV20231129-1,KSHV20231129_122128_V06,9,2.417,1.200,1429,0,8.145,2,0,3.175
KSHV20231129-1,KSHV20231129_122128_V06,10,3.120,1.200,1423,0,17.386,2,0,8.784
KSHV20231129-1,KSHV20231129_123011_V06,0,0.308,1.200,3966,0,22202.279,197,0,21581.340
KSHV20231129-1,KSHV20231129_123011_V06,4,0.879,1.200,3970,0,2182.390,379,0,1040.721
KSHV20231129-1,KSHV20231129_123011_V06,6,1.318,1.200,3966,0,206.836,67,0,116.331
KSHV20231129-1,KSHV20231129_123011_V06,8,1.802,1.200,1984,0,36.245,3,0,29.539
KSHV20231129-1,KSHV20231129_123011_V06,9,2.417,1.200,1986,0,21.965,2,0,16.289
KSHV20231129-1,KSHV20231129_123011_V06,10,3.120,1.200,1991,0,16.712,0,0,16.712
KSHV20231129-1,KSHV20231129_123856_V06,0,0.308,1.200,5215,7,135706.357,262,7,134889.233
KSHV20231129-1,KSHV20231129_123856_V06,4,0.879,1.200,5212,0,2252.159,405,0,1294.450
KSHV20231129-1,KSHV20231129_123856_V06,6,1.318,1.200,5222,0,152.428,59,0,83.814
KSHV20231129-1,KSHV20231129_123856_V06,8,1.802,1.200,2610,0,39.730,3,0,27.088
KSHV20231129-1,KSHV20231129_123856_V06,9,2.417,1.200,2610,0,11.953,1,0,9.302
KSHV20231129-1,KSHV20231129_123856_V06,10,3.120,1.200,2616,0,14.577,1,0,11.946
KSHV20231129-1,KSHV20231129_124740_V06,0,0.308,1.200,6605,0,293897.784,663,0,290910.540
KSHV20231129-1,KSHV20231129_124740_V06,4,0.879,1.200,6605,0,2666.135,494,0,1452.234
KSHV20231129-1,KSHV20231129_124740_V06,6,1.318,1.200,6606,0,272.796,75,0,123.039
KSHV20231129-1,KSHV20231129_124740_V06,8,1.802,1.200,3305,0,113.819,11,0,56.074
KSHV20231129-1,KSHV20231129_124740_V06,9,2.417,1.200,3305,0,24.516,0,0,24.516
KSHV20231129-1,KSHV20231129_124740_V06,10,3.120,1.200,3304,0,24.745,4,0,14.599
KSHV20231129-1,KSHV20231129_130506_V06,0,0.308,1.200,6122,0,383352.823,685,0,356248.054
KSHV20231129-1,KSHV20231129_130506_V06,4,0.879,1.200,6125,0,2972.666,424,0,1381.661
KSHV20231129-1,KSHV20231129_130506_V06,6,1.318,1.200,6128,0,323.948,58,0,157.867
KSHV20231129-1,KSHV20231129_130506_V06,8,1.802,1.200,3063,0,77.099,2,0,48.128
KSHV20231129-1,KSHV20231129_130506_V06,9,2.417,1.200,3065,0,13.905,2,0,8.454
KSHV20231129-1,KSHV20231129_130506_V06,10,3.120,1.200,3070,0,12.364,1,0,10.527
KSHV20231129-5,KSHV20231129_123856_V06,0,0.308,1.200,743,3,479885.094,32,2,466110.429
KSHV20231129-5,KSHV20231129_123856_V06,4,0.879,1.200,743,0,625.273,71,0,447.938
KSHV20231129-5,KSHV20231129_123856_V06,6,1.318,1.200,742,0,59.323,22,0,25.066
KSHV20231129-5,KSHV20231129_123856_V06,8,1.802,1.200,370,0,1.055,0,0,1.055
KSHV20231129-5,KSHV20231129_123856_V06,9,2.417,1.200,368,0,1.050,0,0,1.050
KSHV20231129-5,KSHV20231129_123856_V06,10,3.120,1.200,370,0,1.058,0,0,1.058
KSHV20231129-5,KSHV20231129_124740_V06,0,0.308,1.200,2566,0,744996.613,168,0,743494.827
KSHV20231129-5,KSHV20231129_124740_V06,4,0.879,1.200,2569,0,1283.286,179,0,801.363
KSHV20231129-5,KSHV20231129_124740_V06,6,1.318,1.200,2572,0,337.825,41,0,60.368
KSHV20231129-5,KSHV20231129_124740_V06,8,1.802,1.200,1286,0,3.693,0,0,3.693
KSHV20231129-5,KSHV20231129_124740_V06,9,2.417,1.200,1292,0,3.715,0,0,3.715
KSHV20231129-5,KSHV20231129_124740_V06,10,3.120,1.200,1287,0,3.703,0,0,3.703
KSHV20231129-6,KSHV20231129_124740_V06,0,0.308,1.200,7617,67,195749.937,396,67,192940.528
KSHV20231129-6,KSHV20231129_124740_V06,4,0.879,1.200,7621,0,5965.797,270,0,5910.138
KSHV20231129-6,KSHV20231129_124740_V06,6,1.318,1.200,7622,0,35.446,371,0,33.510
KSHV20231129-6,KSHV20231129_124740_V06,8,1.802,1.200,3810,0,1.564,98,0,1.212
KSHV20231129-6,KSHV20231129_124740_V06,9,2.417,1.200,3814,0,1.352,104,0,1.038
KSHV20231129-6,KSHV20231129_124740_V06,10,3.120,1.200,3819,0,1.290,126,0,0.747
KSHV20231129-6,KSHV20231129_124740_V06,11,3.999,1.200,3826,0,1.078,164,0,0.685
KSHV20231129-6,KSHV20231129_124740_V06,12,5.098,1.200,3826,0,1.864,167,0,1.153
KSHV20231129-6,KSHV20231129_124740_V06,13,6.416,1.200,3841,0,2.179,181,0,1.595
KSHV20231129-7,KSHV20231129_124740_V06,0,0.308,1.200,41,0,8483.099,1,0,8463.974
KSHV20231129-7,KSHV20231129_124740_V06,4,0.879,1.200,42,0,13.848,0,0,13.848
KSHV20231129-7,KSHV20231129_124740_V06,6,1.318,1.200,43,0,0.161,0,0,0.161
KSHV20231129-8,KSHV20231129_124740_V06,0,0.308,1.200,5809,54,218915.596,170,53,208435.088
KSHV20231129-8,KSHV20231129_124740_V06,4,0.879,1.200,5810,0,3815.923,239,0,3764.077
KSHV20231129-8,KSHV20231129_124740_V06,6,1.318,1.200,5811,0,56.667,406,0,52.380
KSHV20231129-8,KSHV20231129_124740_V06,8,1.802,1.200,2901,0,10.439,71,0,9.351
KSHV20231129-8,KSHV20231129_124740_V06,9,2.417,1.200,2901,0,1.248,48,0,0.813
KSHV20231129-8,KSHV20231129_124740_V06,10,3.120,1.200,2905,0,1.860,98,0,1.175
KSHV20231129-8,KSHV20231129_124740_V06,11,3.999,1.200,2910,0,1.820,105,0,1.192
KSHV20231129-8,KSHV20231129_124740_V06,12,5.098,1.200,2913,0,4.167,140,0,2.753
KSHV20231129-8,KSHV20231129_124740_V06,13,6.416,1.200,2927,0,4.537,222,0,3.148
KSHV20231129-11,KSHV20231129_130506_V06,0,0.308,1.200,2528,0,239007.618,146,0,226916.312
KSHV20231129-11,KSHV20231129_130506_V06,4,0.879,1.200,2529,0,399.877,336,0,300.672
KSHV20231129-11,KSHV20231129_130506_V06,6,1.318,1.200,2531,0,24.291,52,0,9.058
KSHV20231129-11,KSHV20231129_130506_V06,8,1.802,1.200,1264,0,5.046,4,0,3.105
KSHV20231129-11,KSHV20231129_130506_V06,9,2.417,1.200,1263,0,1.076,0,0,1.076
KSHV20231129-11,KSHV20231129_130506_V06,10,3.120,1.200,1263,0,1.076,0,0,1.076
KSHV20231129-11,KSHV20231129_130506_V06,11,3.999,1.200,1267,0,1.745,0,0,1.745
KSHV20231129-11,KSHV20231129_130506_V06,12,5.098,1.200,1270,0,1.087,0,0,1.087
KSHV20231201-4,KSHV20231201_124916_V06,0,0.308,1.200,375,0,42991.419,22,0,40185.807
KSHV20231201-4,KSHV20231201_124916_V06,4,0.879,1.200,371,0,6696.849,15,0,6178.230
KSHV20231201-4,KSHV20231201_124916_V06,6,1.318,1.200,372,0,1569.985,15,0,986.107
KSHV20231201-4,KSHV20231201_124916_V06,8,1.802,1.200,187,0,331.974,6,0,149.856
KSHV20231201-5,KSHV20231201_124916_V06,0,0.308,1.200,28766,0,6854.637,3534,0,1943.312
KSHV20231201-5,KSHV20231201_124916_V06,4,0.879,1.200,28769,0,314.188,436,0,125.304
KSHV20231201-5,KSHV20231201_124916_V06,6,1.318,1.200,28781,0,71.239,5,0,51.663
KSHV20231201-5,KSHV20231201_124916_V06,8,1.802,1.200,14389,0,61.948,0,0,61.948
KSHV20231201-5,KSHV20231201_124916_V06,9,2.417,1.200,14405,0,49.878,0,0,49.878
KSHV20231201-6,KSHV20231201_130643_V06,0,0.308,1.200,15619,0,48843.029,700,0,46772.706
KSHV20231201-6,KSHV20231201_130643_V06,4,0.879,1.200,15622,0,336.696,2568,0,293.502
KSHV20231201-6,KSHV20231201_130643_V06,6,1.318,1.200,15621,0,49.561,4361,0,26.872
KSHV20231201-6,KSHV20231201_130643_V06,8,1.802,1.200,7810,0,6.529,733,0,4.331
KSHV20231201-6,KSHV20231201_130643_V06,9,2.417,1.200,7818,0,5.997,693,0,4.422
KSHV20231201-6,KSHV20231201_130643_V06,10,3.120,1.200,7825,0,3.887,839,0,2.480
KSHV20231201-6,KSHV20231201_130643_V06,11,3.999,1.200,7832,0,3.263,695,0,2.187
KSHV20231201-6,KSHV20231201_130643_V06,12,5.098,1.200,7843,0,5.501,713,0,3.568
KSHV20231201-6,KSHV20231201_130643_V06,13,6.416,1.200,7863,0,4.941,808,0,3.194
KSHV20231202-3,KSHV20231202_120507_V06,0,0.308,1.200,65,0,28475.387,2,0,28463.681
KSHV20231202-3,KSHV20231202_120507_V06,4,0.879,1.200,64,0,322.231,5,0,292.790
KSHV20231202-3,KSHV20231202_120507_V06,6,1.318,1.200,65,0,0.076,0,0,0.076
KSHV20231202-3,KSHV20231202_120507_V06,8,1.802,1.200,27,0,0.064,0,0,0.064
KSHV20231202-3,KSHV20231202_120507_V06,9,2.417,1.200,26,0,0.061,0,0,0.061
KSHV20231202-3,KSHV20231202_120507_V06,10,3.120,1.200,26,0,0.061,0,0,0.061
KSHV20231202-3,KSHV20231202_121041_V06,0,0.308,1.200,1345,5,323687.752,202,5,322311.760
KSHV20231202-3,KSHV20231202_121041_V06,4,0.879,1.200,1348,0,4542.364,173,0,4070.627
KSHV20231202-3,KSHV20231202_121041_V06,6,1.318,1.200,1347,0,8.286,3,0,4.866
KSHV20231202-3,KSHV20231202_121041_V06,8,1.802,1.200,681,0,6.807,0,0,6.807
KSHV20231202-3,KSHV20231202_121041_V06,9,2.417,1.200,683,0,1.589,0,0,1.589
KSHV20231202-3,KSHV20231202_121041_V06,10,3.120,1.200,685,0,1.596,0,0,1.596
KSHV20231202-3,KSHV20231202_121615_V06,0,0.308,1.200,2176,0,222452.613,424,0,200986.080
KSHV20231202-3,KSHV20231202_121615_V06,4,0.879,1.200,2176,0,6828.854,409,0,5436.227
KSHV20231202-3,KSHV20231202_121615_V06,6,1.318,1.200,2179,0,14.268,6,0,8.398
KSHV20231202-3,KSHV20231202_121615_V06,8,1.802,1.200,1083,0,2.293,0,0,2.293
KSHV20231202-3,KSHV20231202_121615_V06,9,2.417,1.200,1084,0,2.299,0,0,2.299
KSHV20231202-3,KSHV20231202_121615_V06,10,3.120,1.200,1090,0,2.316,0,0,2.316
KSHV20231202-3,KSHV20231202_122149_V06,0,0.308,1.200,3304,12,775472.879,683,12,756145.190
KSHV20231202-3,KSHV20231202_122149_V06,4,0.879,1.200,3312,0,65150.415,483,0,63800.468
KSHV20231202-3,KSHV20231202_122149_V06,6,1.318,1.200,3307,0,334.428,67,0,166.376
KSHV20231202-3,KSHV20231202_122149_V06,8,1.802,1.200,1653,0,3.532,0,0,3.532
KSHV20231202-3,KSHV20231202_122149_V06,9,2.417,1.200,1654,0,3.537,0,0,3.537
KSHV20231202-3,KSHV20231202_122149_V06,10,3.120,1.200,1658,0,3.550,0,0,3.550
KSHV20231202-6,KSHV20231202_122149_V06,0,0.308,1.200,454,8,623768.458,69,6,593799.311
KSHV20231202-6,KSHV20231202_122149_V06,4,0.879,1.200,452,1,209406.330,36,1,208346.020
KSHV20231202-6,KSHV20231202_122149_V06,6,1.318,1.200,452,0,1377.112,35,0,752.253
KSHV20231202-6,KSHV20231202_122149_V06,8,1.802,1.200,232,0,73.073,1,0,59.934
KSHV20231202-6,KSHV20231202_122149_V06,9,2.417,1.200,231,0,0.911,0,0,0.911
KSHV20231202-6,KSHV20231202_122723_V06,0,0.308,1.200,1449,24,1644874.297,136,24,1605090.327
KSHV20231202-6,KSHV20231202_122723_V06,4,0.879,1.200,1445,0,132114.165,123,0,126660.214
KSHV20231202-6,KSHV20231202_122723_V06,6,1.318,1.200,1451,0,1647.514,108,0,711.855
KSHV20231202-6,KSHV20231202_122723_V06,8,1.802,1.200,729,0,47.237,2,0,13.226
KSHV20231202-6,KSHV20231202_122723_V06,9,2.417,1.200,729,0,88.349,0,0,88.349
KSHV20231202-6,KSHV20231202_123256_V06,0,0.308,1.200,5396,2,1157867.716,554,2,1138396.123
KSHV20231202-6,KSHV20231202_123256_V06,4,0.879,1.200,5403,0,27307.312,256,0,24048.411
KSHV20231202-6,KSHV20231202_123256_V06,6,1.318,1.200,5406,0,3625.671,288,0,1591.212
KSHV20231202-6,KSHV20231202_123256_V06,8,1.802,1.200,2708,0,385.205,7,0,233.904
KSHV20231202-6,KSHV20231202_123256_V06,9,2.417,1.200,2709,0,75.850,0,0,75.850
KSHV20231202-10,KSHV20231202_130033_V06,0,0.308,1.200,23145,42,378205.819,2015,36,344470.016
KSHV20231202-10,KSHV20231202_130033_V06,4,0.879,1.200,23152,6,28429.120,2908,6,22596.642
KSHV20231202-10,KSHV20231202_130033_V06,6,1.318,1.200,23155,3,1287.130,4303,1,689.302
KSHV20231202-10,KSHV20231202_130033_V06,8,1.802,1.200,11583,0,1259.238,1744,0,872.625
KSHV20231202-10,KSHV20231202_130033_V06,9,2.417,1.200,11590,0,232.438,1736,0,148.454
KSHV20231202-10,KSHV20231202_130033_V06,10,3.120,1.200,11599,0,74.942,1780,0,49.815
KSHV20231202-10,KSHV20231202_130033_V06,11,3.999,1.200,11611,0,72.237,1631,0,6.886
KSHV20231202-10,KSHV20231202_130033_V06,12,5.098,1.200,11630,0,10.246,1514,0,4.315
KSHV20231202-10,KSHV20231202_130033_V06,13,6.416,1.200,11659,0,4.873,1285,0,2.731
KSHV20231202-10,KSHV20231202_130605_V06,0,0.308,1.200,42377,7,373597.548,4367,4,340569.807
KSHV20231202-10,KSHV20231202_130605_V06,4,0.879,1.200,42383,6,16545.142,6564,5,12456.668
KSHV20231202-10,KSHV20231202_130605_V06,6,1.318,1.200,42389,0,1937.104,9854,0,1040.463
KSHV20231202-10,KSHV20231202_130605_V06,8,1.802,1.200,21198,1,585.562,3291,1,266.118
KSHV20231202-10,KSHV20231202_130605_V06,9,2.417,1.200,21204,0,304.427,3291,0,168.412
KSHV20231202-10,KSHV20231202_130605_V06,10,3.120,1.200,21219,0,77.185,3542,0,12.248
KSHV20231202-10,KSHV20231202_130605_V06,11,3.999,1.200,21243,0,36.495,3043,0,26.663
KSHV20231202-10,KSHV20231202_130605_V06,12,5.098,1.200,21298,0,29.315,2573,0,22.108
KSHV20231202-10,KSHV20231202_130605_V06,13,6.416,1.200,21348,0,17.033,2181,0,5.822
KSHV20231202-10,KSHV20231202_131138_V06,0,0.308,1.200,58495,5,322585.785,6465,5,297544.911
KSHV20231202-10,KSHV20231202_131138_V06,4,0.879,1.200,58500,3,12269.655,11109,1,9336.177
KSHV20231202-10,KSHV20231202_131138_V06,6,1.318,1.200,58510,0,853.612,14296,0,466.781
KSHV20231202-10,KSHV20231202_131138_V06,8,1.802,1.200,29261,0,191.404,4343,0,71.911
KSHV20231202-10,KSHV20231202_131138_V06,9,2.417,1.200,29273,0,66.083,3887,0,20.554
KSHV20231202-10,KSHV20231202_131138_V06,10,3.120,1.200,29289,0,45.180,3758,0,12.725
KSHV20231202-10,KSHV20231202_131138_V06,11,3.999,1.200,29323,0,70.222,3137,0,15.947
KSHV20231202-10,KSHV20231202_131138_V06,12,5.098,1.200,29381,0,24.513,2712,0,10.248
KSHV20231202-10,KSHV20231202_131138_V06,13,6.416,1.200,29452,0,32.655,2520,0,11.437
KSHV20231202-1,KSHV20231202_120507_V06,0,0.308,1.200,386,0,20301.958,6,0,18748.899
KSHV20231202-1,KSHV20231202_120507_V06,4,0.879,1.200,388,0,89.953,1,0,83.653
KSHV20231202-1,KSHV20231202_120507_V06,6,1.318,1.200,384,0,1299.754,47,0,413.400
KSHV20231202-1,KSHV20231202_120507_V06,8,1.802,1.200,201,0,130.338,3,0,66.620
KSHV20231202-4,KSHV20231202_121041_V06,0,0.308,1.200,257,5,306994.515,4,5,306963.907
KSHV20231202-4,KSHV20231202_121041_V06,4,0.879,1.200,258,0,2927.697,17,0,2894.311
KSHV20231202-4,KSHV20231202_121041_V06,6,1.318,1.200,258,0,0.262,0,0,0.262
KSHV20231202-4,KSHV20231202_121041_V06,8,1.802,1.200,126,0,4.383,0,0,4.383
KSHV20231202-4,KSHV20231202_121041_V06,9,2.417,1.200,126,0,0.257,0,0,0.257
KSHV20231202-4,KSHV20231202_121041_V06,10,3.120,1.200,129,0,0.263,0,0,0.263
KSHV20231202-5,KSHV20231202_121041_V06,0,0.308,1.200,306,0,18992.906,45,0,14799.398
KSHV20231202-5,KSHV20231202_121041_V06,4,0.879,1.200,307,0,1502.316,37,0,739.486
KSHV20231202-5,KSHV20231202_121041_V06,6,1.318,1.200,306,0,6.958,2,0,0.713
KSHV20231202-5,KSHV20231202_121041_V06,8,1.802,1.200,155,0,0.725,0,0,0.725
KSHV20231202-8,KSHV20231202_123828_V06,0,0.308,1.200,52,0,15682.627,2,0,15674.677
KSHV20231202-8,KSHV20231202_123828_V06,4,0.879,1.200,52,0,2258.751,1,0,2257.904
KSHV20231202-8,KSHV20231202_123828_V06,6,1.318,1.200,52,0,0.067,0,0,0.067
KSHV20231202-8,KSHV20231202_123828_V06,8,1.802,1.200,26,0,0.068,0,0,0.068
KSHV20231202-8,KSHV20231202_123828_V06,9,2.417,1.200,27,0,0.070,0,0,0.070
KSHV20231202-8,KSHV20231202_123828_V06,10,3.120,1.200,27,0,0.070,0,0,0.070
KSHV20231202-11,KSHV20231202_130033_V06,0,0.308,1.200,206,0,21753.351,5,0,21670.823
KSHV20231202-11,KSHV20231202_130033_V06,4,0.879,1.200,206,0,990.757,16,0,931.344
KSHV20231202-11,KSHV20231202_130033_V06,6,1.318,1.200,208,0,61.447,13,0,26.055
KSHV20231202-11,KSHV20231202_130033_V06,8,1.802,1.200,102,0,0.294,0,0,0.294
KSHV20231202-11,KSHV20231202_130033_V06,9,2.417,1.200,102,0,0.294,0,0,0.294
KSHV20231202-11,KSHV20231202_130033_V06,10,3.120,1.200,100,0,0.288,0,0,0.288
KSHV20231202-12,KSHV20231202_130605_V06,0,0.308,1.200,77,0,175988.208,2,0,175676.150
KSHV20231202-12,KSHV20231202_130605_V06,4,0.879,1.200,76,0,5138.851,12,0,4111.403
KSHV20231202-12,KSHV20231202_130605_V06,6,1.318,1.200,77,0,47.133,4,0,13.737
KSHV20231202-13,KSHV20231202_130605_V06,0,0.308,1.200,499,0,579819.271,4,0,579687.662
KSHV20231202-13,KSHV20231202_130605_V06,4,0.879,1.200,500,0,2768.744,62,0,2368.712
KSHV20231202-13,KSHV20231202_130605_V06,6,1.318,1.200,498,0,80.942,11,0,30.887
KSHV20231202-13,KSHV20231202_130605_V06,8,1.802,1.200,249,0,18.940,0,0,18.940
KSHV20231202-13,KSHV20231202_130605_V06,9,2.417,1.200,249,0,0.829,0,0,0.829
KSHV20231202-14,KSHV20231202_130605_V06,0,0.308,1.200,396,1,980209.391,12,0,962370.408
KSHV20231202-14,KSHV20231202_130605_V06,4,0.879,1.200,394,0,11161.194,49,0,5141.008
KSHV20231202-14,KSHV20231202_130605_V06,6,1.318,1.200,392,0,466.676,19,0,249.511
KSHV20231202-14,KSHV20231202_130605_V06,8,1.802,1.200,197,0,49.748,1,0,19.947
KSHV20231202-16,KSHV20231202_131138_V06,0,0.308,1.200,1545,0,779409.953,62,0,771888.191
KSHV20231202-16,KSHV20231202_131138_V06,4,0.879,1.200,1547,0,8505.358,99,0,6837.272
KSHV20231202-16,KSHV20231202_131138_V06,6,1.318,1.200,1550,0,3159.093,152,0,1616.769
KSHV20231202-16,KSHV20231202_131138_V06,8,1.802,1.200,773,0,242.664,3,0,140.169
KSHV20231202-17,KSHV20231202_131138_V06,0,0.308,1.200,1929,0,387895.953,96,0,373939.846
KSHV20231202-17,KSHV20231202_131138_V06,4,0.879,1.200,1929,0,45062.551,234,0,42487.650
KSHV20231202-17,KSHV20231202_131138_V06,6,1.318,1.200,1927,0,1441.949,117,0,948.767
KSHV20231202-17,KSHV20231202_131138_V06,8,1.802,1.200,960,0,401.615,15,0,198.262
KSHV20231202-17,KSHV20231202_131138_V06,9,2.417,1.200,962,0,213.926,7,0,136.283
KSHV20231202-17,KSHV20231202_131711_V06,0,0.308,1.200,1088,0,123331.801,21,0,120743.659
KSHV20231202-17,KSHV20231202_131711_V06,4,0.879,1.200,1090,0,8173.733,91,0,7186.625
KSHV20231202-17,KSHV20231202_131711_V06,6,1.318,1.200,1088,0,1685.436,134,0,910.659
KSHV20231202-17,KSHV20231202_131711_V06,8,1.802,1.200,546,0,68.549,3,0,38.334
KSHV20231202-17,KSHV20231202_131711_V06,9,2.417,1.200,548,0,1.597,0,0,1.597
KSHV20231202-17,KSHV20231202_131711_V06,10,3.120,1.200,545,0,1.590,0,0,1.590
KSHV20231202-18,KSHV20231202_131138_V06,0,0.308,1.200,1533,0,518283.328,43,0,500389.012
KSHV20231202-18,KSHV20231202_131138_V06,4,0.879,1.200,1528,0,8958.893,127,0,7260.377
KSHV20231202-18,KSHV20231202_131138_V06,6,1.318,1.200,1531,0,5060.949,195,0,2878.917
KSHV20231202-18,KSHV20231202_131138_V06,8,1.802,1.200,767,0,284.597,0,0,284.597
KSHV20231203-4,KSHV20231203_122047_V06,0,0.308,1.200,511,22,791177.457,16,22,790969.141
KSHV20231203-4,KSHV20231203_122047_V06,4,0.879,1.200,509,0,15077.623,20,0,15058.342
KSHV20231203-4,KSHV20231203_122047_V06,6,1.318,1.200,511,0,4.791,5,0,0.718
KSHV20231203-4,KSHV20231203_122047_V06,8,1.802,1.200,239,0,0.482,0,0,0.482
KSHV20231203-4,KSHV20231203_122047_V06,9,2.417,1.200,239,0,0.482,0,0,0.482
KSHV20231203-4,KSHV20231203_122047_V06,10,3.120,1.200,239,0,2.284,0,0,2.284
KSHV20231203-4,KSHV20231203_122929_V06,0,0.308,1.200,2643,1,679227.227,364,1,670894.444
KSHV20231203-4,KSHV20231203_122929_V06,4,0.879,1.200,2643,0,17075.697,303,0,16432.202
KSHV20231203-4,KSHV20231203_122929_V06,6,1.318,1.200,2640,0,49.160,24,0,21.269
KSHV20231203-4,KSHV20231203_122929_V06,8,1.802,1.200,1319,0,2.723,0,0,2.723
KSHV20231203-4,KSHV20231203_122929_V06,9,2.417,1.200,1318,0,14.473,0,0,14.473
KSHV20231203-4,KSHV20231203_122929_V06,10,3.120,1.200,1313,0,7.147,0,0,7.147
KSHV20231203-4,KSHV20231203_123447_V06,0,0.308,1.200,6000,0,603419.798,1150,0,586447.920
KSHV20231203-4,KSHV20231203_123447_V06,4,0.879,1.200,6003,0,5822.001,705,0,4483.255
KSHV20231203-4,KSHV20231203_123447_V06,6,1.318,1.200,6007,0,231.917,156,0,94.704
KSHV20231203-4,KSHV20231203_123447_V06,8,1.802,1.200,3002,0,65.661,4,0,48.747
KSHV20231203-4,KSHV20231203_123447_V06,9,2.417,1.200,3006,0,92.861,14,0,38.528
KSHV20231203-4,KSHV20231203_123447_V06,10,3.120,1.200,3006,0,33.891,7,0,16.286
KSHV20231203-7,KSHV20231203_124555_V06,0,0.308,1.200,252,1,256413.719,25,1,256145.002
KSHV20231203-7,KSHV20231203_124555_V06,4,0.879,1.200,252,0,924.735,25,0,857.310
KSHV20231203-7,KSHV20231203_124555_V06,6,1.318,1.200,250,0,0.333,0,0,0.333
KSHV20231203-7,KSHV20231203_124555_V06,8,1.802,1.200,127,0,0.339,0,0,0.339
KSHV20231203-7,KSHV20231203_124555_V06,9,2.417,1.200,125,0,0.334,0,0,0.334
KSHV20231203-7,KSHV20231203_124555_V06,10,3.120,1.200,127,0,0.340,0,0,0.340
KSHV20231203-7,KSHV20231203_125129_V06,0,0.308,1.200,1063,12,696339.871,135,12,690510.650
KSHV20231203-7,KSHV20231203_125129_V06,4,0.879,1.200,1063,0,12739.265,82,0,12541.011
KSHV20231203-7,KSHV20231203_125129_V06,6,1.318,1.200,1060,0,9.249,6,0,2.836
KSHV20231203-7,KSHV20231203_125129_V06,8,1.802,1.200,531,0,10.978,0,0,10.978
KSHV20231203-7,KSHV20231203_125129_V06,9,2.417,1.200,531,0,1.389,0,0,1.389
KSHV20231203-7,KSHV20231203_125129_V06,10,3.120,1.200,536,0,1.405,0,0,1.405
KSHV20231203-7,KSHV20231203_130235_V06,0,0.308,1.200,4804,0,530432.119,784,0,516185.301
KSHV20231203-7,KSHV20231203_130235_V06,4,0.879,1.200,4807,0,5021.401,446,0,3879.888
KSHV20231203-7,KSHV20231203_130235_V06,6,1.318,1.200,4806,0,147.156,49,0,38.532
KSHV20231203-7,KSHV20231203_130235_V06,8,1.802,1.200,2408,0,20.510,0,0,20.510
KSHV20231203-7,KSHV20231203_130235_V06,9,2.417,1.200,2411,0,22.540,2,0,15.878
KSHV20231203-7,KSHV20231203_130235_V06,10,3.120,1.200,2410,0,6.129,0,0,6.129
KSHV20231203-7,KSHV20231203_130809_V06,0,0.308,1.200,6424,0,393654.506,997,0,336283.693
KSHV20231203-7,KSHV20231203_130809_V06,4,0.879,1.200,6428,0,4654.880,559,0,3027.754
KSHV20231203-7,KSHV20231203_130809_V06,6,1.318,1.200,6433,0,108.571,39,0,57.068
KSHV20231203-7,KSHV20231203_130809_V06,8,1.802,1.200,3212,0,54.049,2,0,44.407
KSHV20231203-7,KSHV20231203_130809_V06,9,2.417,1.200,3212,0,32.482,3,0,20.748
KSHV20231203-7,KSHV20231203_130809_V06,10,3.120,1.200,3214,0,12.338,0,0,12.338
KSHV20231203-19,KSHV20231203_130809_V06,0,0.308,1.200,704,1,435046.099,51,1,433651.710
KSHV20231203-19,KSHV20231203_130809_V06,4,0.879,1.200,703,0,5495.201,100,0,5014.103
KSHV20231203-19,KSHV20231203_130809_V06,6,1.318,1.200,699,0,1038.136,34,0,137.056
KSHV20231203-19,KSHV20231203_130809_V06,8,1.802,1.200,352,0,27.688,2,0,18.515
KSHV20231203-19,KSHV20231203_130809_V06,9,2.417,1.200,352,0,157.084,6,0,38.660
KSHV20231203-19,KSHV20231203_130809_V06,10,3.120,1.200,352,0,224.836,5,0,32.505
KSHV20231203-19,KSHV20231203_131342_V06,0,0.308,1.200,2205,0,630079.896,135,0,625014.555
KSHV20231203-19,KSHV20231203_131342_V06,4,0.879,1.200,2208,0,8373.392,303,0,7316.627
KSHV20231203-19,KSHV20231203_131342_V06,6,1.318,1.200,2212,0,1760.518,160,0,733.404
KSHV20231203-19,KSHV20231203_131342_V06,8,1.802,1.200,1104,0,212.590,6,0,58.653
KSHV20231203-19,KSHV20231203_131342_V06,9,2.417,1.200,1108,0,143.322,8,0,87.818
KSHV20231203-19,KSHV20231203_131342_V06,10,3.120,1.200,1109,0,28.545,2,0,18.882
KSHV20231203-19,KSHV20231203_131915_V06,0,0.308,1.200,2923,0,285689.350,218,0,271754.817
KSHV20231203-19,KSHV20231203_131915_V06,4,0.879,1.200,2924,0,3070.456,313,0,2082.000
KSHV20231203-19,KSHV20231203_131915_V06,6,1.318,1.200,2927,0,1587.429,244,0,934.243
KSHV20231203-19,KSHV20231203_131915_V06,8,1.802,1.200,1459,0,201.632,12,0,98.837
KSHV20231203-19,KSHV20231203_131915_V06,9,2.417,1.200,1462,0,75.813,7,0,33.010
KSHV20231203-19,KSHV20231203_131915_V06,10,3.120,1.200,1464,0,158.136,6,0,31.718
KSHV20231203-9,KSHV20231203_124555_V06,0,0.308,1.200,125,0,750861.591,5,0,749985.445
KSHV20231203-9,KSHV20231203_124555_V06,4,0.879,1.200,124,0,4546.405,11,0,4375.662
KSHV20231203-9,KSHV20231203_124555_V06,6,1.318,1.200,127,0,0.514,0,0,0.514
KSHV20231203-9,KSHV20231203_125129_V06,0,0.308,1.200,706,0,777948.942,64,0,774358.027
KSHV20231203-9,KSHV20231203_125129_V06,4,0.879,1.200,709,0,3711.795,26,0,3165.053
KSHV20231203-9,KSHV20231203_125129_V06,6,1.318,1.200,705,0,2.828,0,0,2.828
KSHV20231203-15,KSHV20231203_130809_V06,0,0.308,1.200,1532,0,537165.619,49,0,530975.107
KSHV20231203-15,KSHV20231203_130809_V06,4,0.879,1.200,1535,0,31774.756,85,0,29941.793
KSHV20231203-15,KSHV20231203_130809_V06,6,1.318,1.200,1534,0,5566.022,224,0,2682.506
KSHV20231203-15,KSHV20231203_130809_V06,8,1.802,1.200,769,0,295.276,5,0,197.353
KSHV20231203-15,KSHV20231203_130809_V06,9,2.417,1.200,768,0,93.314,0,0,93.314
KSHV20231203-15,KSHV20231203_131342_V06,0,0.308,1.200,3495,0,381954.159,185,0,368512.778
KSHV20231203-15,KSHV20231203_131342_V06,4,0.879,1.200,3490,0,28633.374,279,0,25786.636
KSHV20231203-15,KSHV20231203_131342_V06,6,1.318,1.200,3495,0,9352.546,377,0,5373.039
KSHV20231203-15,KSHV20231203_131342_V06,8,1.802,1.200,1747,0,857.073,19,0,556.632
KSHV20231203-15,KSHV20231203_131342_V06,9,2.417,1.200,1748,0,251.311,8,0,123.973
KSHV20231203-1,KSHV20231203_121204_V06,0,0.308,1.200,182,0,103473.238,24,0,102860.865
KSHV20231203-1,KSHV20231203_121204_V06,4,0.879,1.200,181,0,6848.821,21,0,6768.893
KSHV20231203-1,KSHV20231203_121204_V06,6,1.318,1.200,179,0,0.346,0,0,0.346
KSHV20231203-1,KSHV20231203_121204_V06,8,1.802,1.200,101,0,0.390,0,0,0.390
KSHV20231203-1,KSHV20231203_121204_V06,9,2.417,1.200,101,0,0.390,0,0,0.390
KSHV20231203-6,KSHV20231203_122047_V06,0,0.308,1.200,289,0,22244.800,24,0,21264.400
KSHV20231203-6,KSHV20231203_122047_V06,4,0.879,1.200,288,0,2560.596,15,0,2456.679
KSHV20231203-6,KSHV20231203_122047_V06,6,1.318,1.200,284,0,364.373,38,0,273.280
KSHV20231203-6,KSHV20231203_122047_V06,8,1.802,1.200,143,0,26.306,3,0,16.522
KSHV20231203-6,KSHV20231203_122047_V06,9,2.417,1.200,144,0,2.175,1,0,0.325
KSHV20231203-6,KSHV20231203_122047_V06,10,3.120,1.200,145,0,9.211,2,0,3.652
KSHV20231203-11,KSHV20231203_130235_V06,0,0.308,1.200,178,0,397339.382,0,0,397339.382
KSHV20231203-11,KSHV20231203_130235_V06,4,0.879,1.200,179,0,1428.446,27,0,836.432
KSHV20231203-11,KSHV20231203_130235_V06,6,1.318,1.200,179,0,0.673,0,0,0.673
KSHV20231203-12,KSHV20231203_130235_V06,0,0.308,1.200,9341,31,561077.281,459,28,521534.763
KSHV20231203-12,KSHV20231203_130235_V06,4,0.879,1.200,9345,0,7773.872,637,0,6619.809
KSHV20231203-12,KSHV20231203_130235_V06,6,1.318,1.200,9346,0,47.753,1898,0,31.123
KSHV20231203-12,KSHV20231203_130235_V06,8,1.802,1.200,4672,0,4.883,295,0,3.596
KSHV20231203-12,KSHV20231203_130235_V06,9,2.417,1.200,4677,0,4.770,273,0,3.566
KSHV20231203-12,KSHV20231203_130235_V06,10,3.120,1.200,4679,0,3.010,278,0,1.822
KSHV20231203-12,KSHV20231203_130235_V06,11,3.999,1.200,4686,0,3.853,313,0,2.256
KSHV20231203-12,KSHV20231203_130235_V06,12,5.098,1.200,4701,0,3.282,252,0,1.832
KSHV20231203-12,KSHV20231203_130235_V06,13,6.416,1.200,4704,0,2.957,206,0,1.787
KSHV20231203-14,KSHV20231203_130235_V06,0,0.308,1.200,1562,0,262984.492,89,0,258759.105
KSHV20231203-14,KSHV20231203_130235_V06,4,0.879,1.200,1565,0,1811.689,91,0,983.294
KSHV20231203-14,KSHV20231203_130235_V06,6,1.318,1.200,1563,0,1065.925,51,0,469.336
KSHV20231203-14,KSHV20231203_130235_V06,8,1.802,1.200,783,0,89.788,2,0,22.904
KSHV20231203-16,KSHV20231203_130809_V06,0,0.308,1.200,5387,44,1459937.857,424,44,1428956.868
KSHV20231203-16,KSHV20231203_130809_V06,4,0.879,1.200,5388,0,30548.268,657,0,28279.866
KSHV20231203-16,KSHV20231203_130809_V06,6,1.318,1.200,5388,0,49.299,216,0,29.033
KSHV20231203-16,KSHV20231203_130809_V06,8,1.802,1.200,2694,0,8.643,10,0,6.860
KSHV20231203-16,KSHV20231203_130809_V06,9,2.417,1.200,2699,0,4.309,4,0,3.749
KSHV20231203-16,KSHV20231203_130809_V06,10,3.120,1.200,2698,0,3.214,6,0,2.543
KSHV20231203-16,KSHV20231203_130809_V06,11,3.999,1.200,2703,0,4.504,8,0,2.853
KSHV20231203-16,KSHV20231203_130809_V06,12,5.098,1.200,2706,0,2.319,7,0,1.913
KSHV20231203-16,KSHV20231203_130809_V06,13,6.416,1.200,2715,0,3.361,6,0,2.208
KSHV20231203-17,KSHV20231203_130809_V06,0,0.308,1.200,1300,0,218076.682,57,0,211367.234
KSHV20231203-17,KSHV20231203_130809_V06,4,0.879,1.200,1302,0,716.996,151,0,609.902
KSHV20231203-17,KSHV20231203_130809_V06,6,1.318,1.200,1305,0,224.343,205,0,132.393
KSHV20231203-17,KSHV20231203_130809_V06,8,1.802,1.200,651,0,17.976,6,0,12.155
KSHV20231203-17,KSHV20231203_130809_V06,9,2.417,1.200,651,0,18.139,6,0,13.195
KSHV20231203-17,KSHV20231203_130809_V06,10,3.120,1.200,650,0,18.300,5,0,13.054
KSHV20231203-17,KSHV20231203_130809_V06,11,3.999,1.200,652,0,23.761,16,0,12.829
KSHV20231203-17,KSHV20231203_130809_V06,12,5.098,1.200,654,0,30.549,11,0,10.844
KSHV20231203-18,KSHV20231203_130809_V06,0,0.308,1.200,61,0,27443.739,8,0,25055.709
KSHV20231203-18,KSHV20231203_130809_V06,4,0.879,1.200,62,0,419.245,6,0,262.195
KSHV20231203-20,KSHV20231203_131342_V06,0,0.308,1.200,1108,0,67315.751,155,0,64287.135
KSHV20231203-20,KSHV20231203_131342_V06,4,0.879,1.200,1108,0,3437.158,77,0,2115.105
KSHV20231203-20,KSHV20231203_131342_V06,6,1.318,1.200,1107,0,48.429,7,0,22.242
KSHV20231203-20,KSHV20231203_131342_V06,8,1.802,1.200,552,0,2.884,0,0,2.884
KSHV20231203-21,KSHV20231203_131342_V06,0,0.308,1.200,8903,0,1388790.626,507,0,1300125.011
KSHV20231203-21,KSHV20231203_131342_V06,4,0.879,1.200,8897,0,20364.606,930,0,18483.920
KSHV20231203-21,KSHV20231203_131342_V06,6,1.318,1.200,8906,0,4700.605,1173,0,2676.507
KSHV20231203-21,KSHV20231203_131342_V06,8,1.802,1.200,4453,0,539.588,77,0,320.721
KSHV20231203-21,KSHV20231203_131342_V06,9,2.417,1.200,4462,0,480.266,75,0,255.418
KSHV20231203-21,KSHV20231203_131342_V06,10,3.120,1.200,4470,0,351.926,70,0,120.312
KSHV20231203-21,KSHV20231203_131342_V06,11,3.999,1.200,4467,0,576.209,77,0,302.742
KSHV20231203-22,KSHV20231203_131342_V06,0,0.308,1.200,452,0,34835.063,11,0,34574.153
KSHV20231203-22,KSHV20231203_131342_V06,4,0.879,1.200,454,0,1409.423,60,0,822.919
KSHV20231203-22,KSHV20231203_131342_V06,6,1.318,1.200,453,0,76.527,8,0,40.040
KSHV20231203-22,KSHV20231203_131342_V06,8,1.802,1.200,222,0,56.532,2,0,1.145
KSHV20231203-23,KSHV20231203_131342_V06,0,0.308,1.200,3284,0,509422.921,107,0,486253.389
KSHV20231203-23,KSHV20231203_131342_V06,4,0.879,1.200,3282,0,3445.929,447,0,2843.514
KSHV20231203-23,KSHV20231203_131342_V06,6,1.318,1.200,3281,0,861.795,409,0,528.058
KSHV20231203-23,KSHV20231203_131342_V06,8,1.802,1.200,1640,0,95.587,16,0,63.539
KSHV20231203-23,KSHV20231203_131342_V06,9,2.417,1.200,1647,0,115.012,20,0,76.115
KSHV20231203-23,KSHV20231203_131342_V06,10,3.120,1.200,1645,0,64.839,17,0,39.115
KSHV20231203-23,KSHV20231203_131342_V06,11,3.999,1.200,1647,0,39.124,13,0,21.111
KSHV20231203-24,KSHV20231203_131342_V06,0,0.308,1.200,4847,6,811566.525,321,6,769024.860
KSHV20231203-24,KSHV20231203_131342_V06,4,0.879,1.200,4844,0,57818.177,172,0,53687.253
KSHV20231203-24,KSHV20231203_131342_V06,6,1.318,1.200,4846,0,12206.715,503,0,4231.547
KSHV20231203-24,KSHV20231203_131342_V06,8,1.802,1.200,2425,0,643.744,18,0,274.476
KSHV20231203-25,KSHV20231203_140910_V06,0,0.308,1.200,47,0,8566.135,5,0,8162.347
KSHV20231203-25,KSHV20231203_140910_V06,4,0.879,1.200,47,0,285.938,4,0,262.336
KSHV20231203-25,KSHV20231203_140910_V06,6,1.318,1.200,47,0,0.098,0,0,0.098
KSHV20231203-25,KSHV20231203_140910_V06,8,1.802,1.200,27,0,0.113,0,0,0.113
KSHV20231203-25,KSHV20231203_140910_V06,9,2.417,1.200,27,0,0.113,0,0,0.113
KSHV20231204-1,KSHV20231204_121054_V06,0,0.308,1.200,37,0,1490.357,2,0,1489.335
KSHV20231204-1,KSHV20231204_121054_V06,4,0.879,1.200,37,0,7.609,2,0,6.518
KSHV20231204-1,KSHV20231204_121054_V06,6,1.318,1.200,36,0,0.036,0,0,0.036
KSHV20231204-1,KSHV20231204_121054_V06,8,1.802,1.200,13,0,0.026,0,0,0.026
KSHV20231204-1,KSHV20231204_121054_V06,9,2.417,1.200,12,0,0.024,0,0,0.024
KSHV20231204-1,KSHV20231204_121054_V06,10,3.120,1.200,13,0,0.026,0,0,0.026
KSHV20231204-1,KSHV20231204_121915_V06,0,0.308,1.200,1556,0,256548.339,174,0,256259.644
KSHV20231204-1,KSHV20231204_121915_V06,4,0.879,1.200,1556,0,771.870,20,0,756.283
KSHV20231204-1,KSHV20231204_121915_V06,6,1.318,1.200,1555,0,1.548,0,0,1.548
KSHV20231204-1,KSHV20231204_121915_V06,8,1.802,1.200,780,0,1.556,0,0,1.556
KSHV20231204-1,KSHV20231204_121915_V06,9,2.417,1.200,777,0,1.552,0,0,1.552
KSHV20231204-1,KSHV20231204_121915_V06,10,3.120,1.200,783,0,1.566,0,0,1.566
KSHV20231204-1,KSHV20231204_122738_V06,0,0.308,1.200,2437,0,203133.399,332,0,202643.851
KSHV20231204-1,KSHV20231204_122738_V06,4,0.879,1.200,2439,0,404.133,29,0,384.935
KSHV20231204-1,KSHV20231204_122738_V06,6,1.318,1.200,2441,0,2.466,0,0,2.466
KSHV20231204-1,KSHV20231204_122738_V06,8,1.802,1.200,1221,0,2.464,0,0,2.464
KSHV20231204-1,KSHV20231204_122738_V06,9,2.417,1.200,1223,0,2.471,0,0,2.471
KSHV20231204-1,KSHV20231204_122738_V06,10,3.120,1.200,1220,0,2.468,0,0,2.468
KSHV20231204-1,KSHV20231204_123556_V06,0,0.308,1.200,7130,0,18048.469,816,0,16939.441
KSHV20231204-1,KSHV20231204_123556_V06,4,0.879,1.200,7133,0,105.137,80,0,47.378
KSHV20231204-1,KSHV20231204_123556_V06,6,1.318,1.200,7136,0,17.424,5,0,11.579
KSHV20231204-1,KSHV20231204_123556_V06,8,1.802,1.200,3581,0,8.351,0,0,8.351
KSHV20231204-1,KSHV20231204_123556_V06,9,2.417,1.200,3581,0,7.467,0,0,7.467
KSHV20231204-1,KSHV20231204_123556_V06,10,3.120,1.200,3587,0,7.488,0,0,7.488
KSHV20231204-3,KSHV20231204_121915_V06,0,0.308,1.200,3408,0,51560.390,372,0,50008.704
KSHV20231204-3,KSHV20231204_121915_V06,4,0.879,1.200,3410,0,583.171,156,0,519.468
KSHV20231204-3,KSHV20231204_121915_V06,6,1.318,1.200,3411,0,5.815,16,0,3.068
KSHV20231204-3,KSHV20231204_121915_V06,8,1.802,1.200,1708,0,4.115,1,0,3.203
KSHV20231204-3,KSHV20231204_121915_V06,9,2.417,1.200,1709,0,1.583,0,0,1.583
KSHV20231204-3,KSHV20231204_121915_V06,10,3.120,1.200,1707,0,2.667,0,0,2.667
KSHV20231204-3,KSHV20231204_121915_V06,11,3.999,1.200,1712,0,1.591,0,0,1.591
KSHV20231204-3,KSHV20231204_121915_V06,12,5.098,1.200,1716,0,2.888,0,0,2.888
KSHV20231204-3,KSHV20231204_122738_V06,0,0.308,1.200,8244,0,93713.060,1196,0,90970.464
KSHV20231204-3,KSHV20231204_122738_V06,4,0.879,1.200,8246,0,1468.256,586,0,1249.595
KSHV20231204-3,KSHV20231204_122738_V06,6,1.318,1.200,8245,0,59.538,107,0,35.448
KSHV20231204-3,KSHV20231204_122738_V06,8,1.802,1.200,4124,0,12.209,5,0,7.768
KSHV20231204-3,KSHV20231204_122738_V06,9,2.417,1.200,4126,0,8.923,4,0,6.017
KSHV20231204-3,KSHV20231204_122738_V06,10,3.120,1.200,4125,0,8.262,3,0,7.129
KSHV20231204-3,KSHV20231204_122738_V06,11,3.999,1.200,4137,0,9.557,1,0,9.159
KSHV20231204-3,KSHV20231204_122738_V06,12,5.098,1.200,4137,0,4.605,0,0,4.605
KSHV20231204-5,KSHV20231204_130124_V06,0,0.308,1.200,9823,36,704834.844,234,32,687819.929
KSHV20231204-5,KSHV20231204_130124_V06,4,0.879,1.200,9823,0,6120.315,402,0,5584.232
KSHV20231204-5,KSHV20231204_130124_V06,6,1.318,1.200,9824,0,66.757,1935,0,44.973
KSHV20231204-5,KSHV20231204_130124_V06,8,1.802,1.200,4914,0,9.267,391,0,5.878
KSHV20231204-5,KSHV20231204_130124_V06,9,2.417,1.200,4916,0,10.122,282,0,6.403
KSHV20231204-5,KSHV20231204_130124_V06,10,3.120,1.200,4919,0,4.995,252,0,3.692
KSHV20231204-5,KSHV20231204_130124_V06,11,3.999,1.200,4924,0,3.976,231,0,2.690
KSHV20231204-5,KSHV20231204_130124_V06,12,5.098,1.200,4927,0,4.020,177,0,3.289
KSHV20231204-5,KSHV20231204_130124_V06,13,6.416,1.200,4941,0,2.822,167,0,2.056
KSHV20231204-6,KSHV20231204_130124_V06,0,0.308,1.200,667,0,36468.598,25,0,35911.764
KSHV20231204-6,KSHV20231204_130124_V06,4,0.879,1.200,668,0,377.184,4,0,359.806
KSHV20231204-6,KSHV20231204_130124_V06,6,1.318,1.200,668,0,0.635,0,0,0.635
KSHV20231204-6,KSHV20231204_130124_V06,8,1.802,1.200,331,0,0.629,0,0,0.629
KSHV20231204-6,KSHV20231204_130124_V06,9,2.417,1.200,332,0,0.632,0,0,0.632
KSHV20231204-6,KSHV20231204_130124_V06,10,3.120,1.200,331,0,0.631,0,0,0.631
KSHV20231205-1,KSHV20231205_121513_V06,0,0.308,1.200,274,0,5054.509,9,0,4980.096
KSHV20231205-1,KSHV20231205_121513_V06,4,0.879,1.200,273,0,290.809,40,0,224.520
KSHV20231205-1,KSHV20231205_121513_V06,6,1.318,1.200,275,0,26.657,14,0,14.961
KSHV20231205-1,KSHV20231205_121513_V06,8,1.802,1.200,153,0,0.313,0,0,0.313
KSHV20231205-1,KSHV20231205_121513_V06,9,2.417,1.200,153,0,0.313,0,0,0.313
KSHV20231205-1,KSHV20231205_121513_V06,10,3.120,1.200,155,0,0.317,0,0,0.317
KSHV20231205-1,KSHV20231205_122356_V06,0,0.308,1.200,2424,0,258152.830,215,0,257444.470
KSHV20231205-1,KSHV20231205_122356_V06,4,0.879,1.200,2424,0,3336.054,205,0,3009.417
KSHV20231205-1,KSHV20231205_122356_V06,6,1.318,1.200,2422,0,136.109,72,0,63.461
KSHV20231205-1,KSHV20231205_122356_V06,8,1.802,1.200,1211,0,25.297,1,0,22.935
KSHV20231205-1,KSHV20231205_122356_V06,9,2.417,1.200,1208,0,2.550,0,0,2.550
KSHV20231205-1,KSHV20231205_122356_V06,10,3.120,1.200,1215,0,5.939,0,0,5.939
KSHV20231205-1,KSHV20231205_123239_V06,0,0.308,1.200,4013,0,25153.290,518,0,23685.907
KSHV20231205-1,KSHV20231205_123239_V06,4,0.879,1.200,4016,0,887.443,279,0,465.404
KSHV20231205-1,KSHV20231205_123239_V06,6,1.318,1.200,4017,0,208.984,98,0,112.063
KSHV20231205-1,KSHV20231205_123239_V06,8,1.802,1.200,2013,0,20.655,3,0,15.146
KSHV20231205-1,KSHV20231205_123239_V06,9,2.417,1.200,2013,0,7.664,0,0,7.664
KSHV20231205-1,KSHV20231205_123239_V06,10,3.120,1.200,2018,0,4.602,0,0,4.602
KSHV20231205-7,KSHV20231205_125006_V06,0,0.308,1.200,7108,0,38415.524,278,0,37768.671
KSHV20231205-7,KSHV20231205_125006_V06,4,0.879,1.200,7109,0,3748.412,396,0,3654.609
KSHV20231205-7,KSHV20231205_125006_V06,6,1.318,1.200,7109,0,98.798,467,0,93.998
KSHV20231205-7,KSHV20231205_125006_V06,8,1.802,1.200,3553,0,1.379,84,0,1.189
KSHV20231205-7,KSHV20231205_125006_V06,9,2.417,1.200,3554,0,0.812,80,0,0.591
KSHV20231205-7,KSHV20231205_125006_V06,10,3.120,1.200,3555,0,0.750,72,0,0.623
KSHV20231205-7,KSHV20231205_125006_V06,11,3.999,1.200,3563,0,1.099,150,0,0.826
KSHV20231205-7,KSHV20231205_125006_V06,12,5.098,1.200,3566,0,1.167,195,0,0.935
KSHV20231205-7,KSHV20231205_125006_V06,13,6.416,1.200,3568,0,1.043,153,0,0.812
KSHV20231205-7,KSHV20231205_130731_V06,0,0.308,1.200,26888,13,319097.969,1681,13,291163.355
KSHV20231205-7,KSHV20231205_130731_V06,4,0.879,1.200,26895,0,8178.523,3079,0,6625.498
KSHV20231205-7,KSHV20231205_130731_V06,6,1.318,1.200,26900,6,1612.417,2841,6,1527.891
KSHV20231205-7,KSHV20231205_130731_V06,8,1.802,1.200,13450,0,948.006,245,0,944.563
KSHV20231205-7,KSHV20231205_130731_V06,9,2.417,1.200,13457,0,6.839,311,0,4.907
KSHV20231205-7,KSHV20231205_130731_V06,10,3.120,1.200,13471,0,5.309,378,0,2.817
KSHV20231205-7,KSHV20231205_130731_V06,11,3.999,1.200,13480,0,5.540,485,0,3.318
KSHV20231205-7,KSHV20231205_130731_V06,12,5.098,1.200,13496,0,4.375,496,0,2.804
KSHV20231205-7,KSHV20231205_130731_V06,13,6.416,1.200,13532,0,4.675,537,0,3.049
KSHV20231205-7,KSHV20231205_131250_V06,0,0.308,1.200,27478,3,197216.217,2033,2,178907.628
KSHV20231205-7,KSHV20231205_131250_V06,4,0.879,1.200,27484,0,2196.920,3078,0,1739.855
KSHV20231205-7,KSHV20231205_131250_V06,6,1.318,1.200,27489,0,210.119,2805,0,124.465
KSHV20231205-7,KSHV20231205_131250_V06,8,1.802,1.200,13749,0,98.312,274,0,18.682
KSHV20231205-7,KSHV20231205_131250_V06,9,2.417,1.200,13753,0,7.729,335,0,5.472
KSHV20231205-7,KSHV20231205_131250_V06,10,3.120,1.200,13761,0,5.456,405,0,3.477
KSHV20231205-7,KSHV20231205_131250_V06,11,3.999,1.200,13783,0,5.649,496,0,3.649
KSHV20231205-7,KSHV20231205_131250_V06,12,5.098,1.200,13813,0,5.193,550,0,2.967
KSHV20231205-7,KSHV20231205_131250_V06,13,6.416,1.200,13846,0,5.660,551,0,3.753
KSHV20231205-5,KSHV20231205_123239_V06,0,0.308,1.200,508,0,25253.514,18,0,25205.846
KSHV20231205-5,KSHV20231205_123239_V06,4,0.879,1.200,511,0,267.613,78,0,213.175
KSHV20231205-5,KSHV20231205_123239_V06,6,1.318,1.200,509,0,65.914,64,0,37.851
KSHV20231205-5,KSHV20231205_123239_V06,8,1.802,1.200,256,0,8.927,7,0,3.519
KSHV20231205-5,KSHV20231205_123239_V06,9,2.417,1.200,258,0,8.472,6,0,3.933
KSHV20231205-5,KSHV20231205_123239_V06,10,3.120,1.200,258,0,6.271,5,0,3.627
KSHV20231205-5,KSHV20231205_123239_V06,11,3.999,1.200,256,0,0.224,0,0,0.224
KSHV20231205-5,KSHV20231205_123239_V06,12,5.098,1.200,256,0,0.224,0,0,0.224
KSHV20231206-1,KSHV20231206_121815_V06,0,0.308,1.200,497,0,118994.675,19,0,118971.049
KSHV20231206-1,KSHV20231206_121815_V06,4,0.879,1.200,497,0,101.875,25,0,77.890
KSHV20231206-1,KSHV20231206_121815_V06,6,1.318,1.200,495,0,6.769,4,0,3.624
KSHV20231206-1,KSHV20231206_121815_V06,8,1.802,1.200,247,0,0.501,0,0,0.501
KSHV20231206-1,KSHV20231206_121815_V06,9,2.417,1.200,248,0,0.503,0,0,0.503
KSHV20231206-1,KSHV20231206_121815_V06,10,3.120,1.200,249,0,5.548,0,0,5.548
KSHV20231206-1,KSHV20231206_122649_V06,0,0.308,1.200,3511,0,200669.172,413,0,199964.345
KSHV20231206-1,KSHV20231206_122649_V06,4,0.879,1.200,3510,0,485.647,204,0,273.273
KSHV20231206-1,KSHV20231206_122649_V06,6,1.318,1.200,3506,0,40.811,22,0,23.367
KSHV20231206-1,KSHV20231206_122649_V06,8,1.802,1.200,1758,0,5.030,0,0,5.030
KSHV20231206-1,KSHV20231206_122649_V06,9,2.417,1.200,1764,0,14.326,2,0,7.272
KSHV20231206-1,KSHV20231206_122649_V06,10,3.120,1.200,1763,0,9.202,2,0,3.599
KSHV20231206-3,KSHV20231206_121815_V06,0,0.308,1.200,396,0,2882.082,29,0,2824.928
KSHV20231206-3,KSHV20231206_121815_V06,4,0.879,1.200,397,0,17.927,10,0,14.387
KSHV20231206-3,KSHV20231206_121815_V06,6,1.318,1.200,395,0,3.771,6,0,2.993
KSHV20231206-3,KSHV20231206_121815_V06,8,1.802,1.200,196,0,0.218,0,0,0.218
KSHV20231206-3,KSHV20231206_121815_V06,9,2.417,1.200,197,0,0.219,0,0,0.219
KSHV20231206-3,KSHV20231206_121815_V06,10,3.120,1.200,197,0,0.219,0,0,0.219
KSHV20231206-3,KSHV20231206_121815_V06,11,3.999,1.200,197,0,0.220,0,0,0.220
KSHV20231206-3,KSHV20231206_121815_V06,12,5.098,1.200,201,0,0.225,0,0,0.225
KSHV20231206-6,KSHV20231206_124413_V06,0,0.308,1.200,216,0,6032.747,31,0,5890.950
KSHV20231206-6,KSHV20231206_124413_V06,4,0.879,1.200,215,0,0.262,0,0,0.262
KSHV20231206-6,KSHV20231206_124413_V06,6,1.318,1.200,217,0,0.264,0,0,0.264
KSHV20231206-6,KSHV20231206_124413_V06,8,1.802,1.200,111,0,0.270,0,0,0.270
KSHV20231206-6,KSHV20231206_124413_V06,9,2.417,1.200,109,0,0.265,0,0,0.265
KSHV20231206-6,KSHV20231206_124413_V06,10,3.120,1.200,107,0,0.261,0,0,0.261
KSHV20231207-1,KSHV20231207_121729_V06,0,0.308,1.200,3463,0,47673.927,343,0,46447.301
KSHV20231207-1,KSHV20231207_121729_V06,4,0.879,1.200,3463,0,229.073,241,0,173.137
KSHV20231207-1,KSHV20231207_121729_V06,6,1.318,1.200,3463,0,27.285,68,0,16.394
KSHV20231207-1,KSHV20231207_121729_V06,8,1.802,1.200,1731,0,7.549,4,0,5.553
KSHV20231207-1,KSHV20231207_121729_V06,9,2.417,1.200,1733,0,4.926,2,0,3.860
KSHV20231207-1,KSHV20231207_121729_V06,10,3.120,1.200,1736,0,5.425,2,0,4.515
KSHV20231207-1,KSHV20231207_121729_V06,11,3.999,1.200,1737,0,1.983,0,0,1.983
KSHV20231207-1,KSHV20231207_121729_V06,12,5.098,1.200,1736,0,3.236,1,0,2.651
KSHV20231207-1,KSHV20231207_122613_V06,0,0.308,1.200,5114,0,80209.566,469,0,78848.011
KSHV20231207-1,KSHV20231207_122613_V06,4,0.879,1.200,5117,0,314.263,335,0,212.251
KSHV20231207-1,KSHV20231207_122613_V06,6,1.318,1.200,5121,0,74.360,146,0,44.813
KSHV20231207-1,KSHV20231207_122613_V06,8,1.802,1.200,2559,0,9.031,7,0,4.969
KSHV20231207-1,KSHV20231207_122613_V06,9,2.417,1.200,2559,0,7.739,1,0,7.126
KSHV20231207-1,KSHV20231207_122613_V06,10,3.120,1.200,2561,0,5.924,0,0,5.924
KSHV20231207-1,KSHV20231207_122613_V06,11,3.999,1.200,2568,0,3.555,0,0,3.555
KSHV20231207-1,KSHV20231207_122613_V06,12,5.098,1.200,2577,0,10.156,3,0,4.478
KSHV20231207-2,KSHV20231207_121729_V06,0,0.308,1.200,1965,0,380510.903,179,0,380053.118
KSHV20231207-2,KSHV20231207_121729_V06,4,0.879,1.200,1967,0,153.545,27,0,131.791
KSHV20231207-2,KSHV20231207_121729_V06,6,1.318,1.200,1970,0,10.633,8,0,5.326
KSHV20231207-2,KSHV20231207_121729_V06,8,1.802,1.200,984,0,1.993,0,0,1.993
KSHV20231207-2,KSHV20231207_121729_V06,9,2.417,1.200,985,0,1.996,0,0,1.996
KSHV20231207-2,KSHV20231207_121729_V06,10,3.120,1.200,980,0,1.990,0,0,1.990
KSHV20231207-2,KSHV20231207_122613_V06,0,0.308,1.200,5236,0,411736.956,599,0,410058.451
KSHV20231207-2,KSHV20231207_122613_V06,4,0.879,1.200,5236,0,344.494,25,0,329.468
KSHV20231207-2,KSHV20231207_122613_V06,6,1.318,1.200,5241,0,17.596,13,0,11.175
KSHV20231207-2,KSHV20231207_122613_V06,8,1.802,1.200,2614,0,9.826,1,0,8.141
KSHV20231207-2,KSHV20231207_122613_V06,9,2.417,1.200,2622,0,16.791,2,0,10.501
KSHV20231207-2,KSHV20231207_122613_V06,10,3.120,1.200,2625,0,5.533,0,0,5.533
KSHV20231207-5,KSHV20231207_130856_V06,0,0.308,1.200,6006,0,89882.189,739,0,80394.901
KSHV20231207-5,KSHV20231207_130856_V06,4,0.879,1.200,6004,0,249.318,152,0,122.752
KSHV20231207-5,KSHV20231207_130856_V06,6,1.318,1.200,6008,0,34.029,44,0,17.195
KSHV20231207-5,KSHV20231207_130856_V06,8,1.802,1.200,3005,0,21.695,6,0,12.888
KSHV20231207-5,KSHV20231207_130856_V06,9,2.417,1.200,3009,0,8.422,4,0,5.995
KSHV20231207-5,KSHV20231207_130856_V06,10,3.120,1.200,3008,0,5.728,1,0,4.673
KSHV20231207-5,KSHV20231207_130856_V06,11,3.999,1.200,3011,0,4.310,0,0,4.310
KSHV20231208-4,KSHV20231208_123025_V06,0,0.308,1.200,170,0,4412.292,1,0,4411.239
KSHV20231208-4,KSHV20231208_123025_V06,4,0.879,1.200,169,0,0.222,0,0,0.222
KSHV20231208-4,KSHV20231208_123025_V06,6,1.318,1.200,170,0,0.223,0,0,0.223
KSHV20231208-4,KSHV20231208_123025_V06,8,1.802,1.200,73,0,0.191,0,0,0.191
KSHV20231208-4,KSHV20231208_123025_V06,9,2.417,1.200,74,0,0.194,0,0,0.194
KSHV20231208-4,KSHV20231208_123025_V06,10,3.120,1.200,72,0,0.189,0,0,0.189
KSHV20231208-4,KSHV20231208_123909_V06,0,0.308,1.200,1407,0,6029.273,15,0,6009.139
KSHV20231208-4,KSHV20231208_123909_V06,4,0.879,1.200,1408,0,1.833,0,0,1.833
KSHV20231208-4,KSHV20231208_123909_V06,6,1.318,1.200,1409,0,1.835,0,0,1.835
KSHV20231208-4,KSHV20231208_123909_V06,8,1.802,1.200,698,0,1.817,0,0,1.817
KSHV20231208-4,KSHV20231208_123909_V06,9,2.417,1.200,698,0,1.819,0,0,1.819
KSHV20231208-4,KSHV20231208_123909_V06,10,3.120,1.200,702,0,1.833,0,0,1.833
KSHV20231209-4,KSHV20231209_121358_V06,0,0.308,1.200,260,0,83504.009,11,0,83479.943
KSHV20231209-4,KSHV20231209_121358_V06,4,0.879,1.200,260,0,204.812,23,0,181.617
KSHV20231209-4,KSHV20231209_121358_V06,6,1.318,1.200,262,0,0.323,0,0,0.323
KSHV20231209-4,KSHV20231209_121358_V06,8,1.802,1.200,121,0,0.298,0,0,0.298
KSHV20231209-4,KSHV20231209_121358_V06,9,2.417,1.200,124,0,0.306,0,0,0.306
KSHV20231209-4,KSHV20231209_121358_V06,10,3.120,1.200,121,0,0.299,0,0,0.299
KSHV20231209-4,KSHV20231209_121931_V06,0,0.308,1.200,2146,0,132878.653,185,0,131563.161
KSHV20231209-4,KSHV20231209_121931_V06,4,0.879,1.200,2145,0,914.159,559,0,224.847
KSHV20231209-4,KSHV20231209_121931_V06,6,1.318,1.200,2148,0,51.843,63,0,14.460
KSHV20231209-4,KSHV20231209_121931_V06,8,1.802,1.200,1073,0,2.629,0,0,2.629
KSHV20231209-4,KSHV20231209_121931_V06,9,2.417,1.200,1073,0,2.633,0,0,2.633
KSHV20231209-4,KSHV20231209_121931_V06,10,3.120,1.200,1076,0,2.647,0,0,2.647
KSHV20231209-4,KSHV20231209_122506_V06,0,0.308,1.200,3078,0,10651.474,319,0,10409.535
KSHV20231209-4,KSHV20231209_122506_V06,4,0.879,1.200,3082,0,1662.370,1236,0,263.100
KSHV20231209-4,KSHV20231209_122506_V06,6,1.318,1.200,3082,0,395.242,395,0,87.444
KSHV20231209-4,KSHV20231209_122506_V06,8,1.802,1.200,1543,0,8.476,0,0,8.476
KSHV20231209-4,KSHV20231209_122506_V06,9,2.417,1.200,1546,0,3.785,0,0,3.785
KSHV20231209-4,KSHV20231209_122506_V06,10,3.120,1.200,1545,0,3.789,0,0,3.789
KSHV20231209-4,KSHV20231209_123340_V06,0,0.308,1.200,5828,0,9251.660,513,0,8911.170
KSHV20231209-4,KSHV20231209_123340_V06,4,0.879,1.200,5829,0,2872.617,2134,0,434.556
KSHV20231209-4,KSHV20231209_123340_V06,6,1.318,1.200,5825,0,652.752,699,0,118.402
KSHV20231209-4,KSHV20231209_123340_V06,8,1.802,1.200,2920,0,7.151,0,0,7.151
KSHV20231209-4,KSHV20231209_123340_V06,9,2.417,1.200,2923,0,7.161,0,0,7.161
KSHV20231209-4,KSHV20231209_123340_V06,10,3.120,1.200,2926,0,13.482,0,0,13.482
KSHV20231209-4,KSHV20231209_124223_V06,0,0.308,1.200,12637,0,47209.467,1162,0,44834.898
KSHV20231209-4,KSHV20231209_124223_V06,4,0.879,1.200,12647,0,4271.475,2521,0,767.112
KSHV20231209-4,KSHV20231209_124223_V06,6,1.318,1.200,12654,0,702.799,443,0,123.638
KSHV20231209-4,KSHV20231209_124223_V06,8,1.802,1.200,6335,0,20.927,0,0,20.927
KSHV20231209-4,KSHV20231209_124223_V06,9,2.417,1.200,6342,0,20.975,0,0,20.975
KSHV20231209-4,KSHV20231209_125106_V06,0,0.308,1.200,7279,0,46177.217,618,0,45074.972
KSHV20231209-4,KSHV20231209_125106_V06,4,0.879,1.200,7279,0,3000.869,1435,0,544.399
KSHV20231209-4,KSHV20231209_125106_V06,6,1.318,1.200,7281,0,148.436,126,0,40.261
KSHV20231209-4,KSHV20231209_125106_V06,8,1.802,1.200,3632,0,10.112,0,0,10.112
KSHV20231209-4,KSHV20231209_125106_V06,9,2.417,1.200,3631,0,10.119,0,0,10.119
KSHV20231209-4,KSHV20231209_125106_V06,10,3.120,1.200,3637,0,10.147,0,0,10.147
KSHV20231209-9,KSHV20231209_122506_V06,0,0.308,1.200,24932,0,14459.770,2766,0,3292.500
KSHV20231209-9,KSHV20231209_122506_V06,4,0.879,1.200,24946,0,659.640,219,0,230.217
KSHV20231209-9,KSHV20231209_122506_V06,6,1.318,1.200,24952,0,84.914,2,0,80.519
KSHV20231209-9,KSHV20231209_122506_V06,8,1.802,1.200,12479,0,75.669,0,0,75.669
KSHV20231209-9,KSHV20231209_123340_V06,0,0.308,1.200,36350,0,20761.452,4515,0,4613.090
KSHV20231209-9,KSHV20231209_123340_V06,4,0.879,1.200,36358,0,2329.660,876,0,733.459
KSHV20231209-9,KSHV20231209_123340_V06,6,1.318,1.200,36365,0,523.794,16,0,122.471
KSHV20231209-9,KSHV20231209_123340_V06,8,1.802,1.200,18187,0,114.645,0,0,114.645
KSHV20231209-9,KSHV20231209_124223_V06,0,0.308,1.200,35592,0,21265.411,5122,0,4502.019
KSHV20231209-9,KSHV20231209_124223_V06,4,0.879,1.200,35608,0,3457.143,1651,0,771.416
KSHV20231209-9,KSHV20231209_124223_V06,6,1.318,1.200,35626,0,169.397,8,0,99.859
KSHV20231209-9,KSHV20231209_124223_V06,8,1.802,1.200,17830,0,100.053,0,0,100.053
KSHV20231209-11,KSHV20231209_131349_V06,0,0.308,1.200,55785,14,208601.113,6002,11,195456.071
KSHV20231209-11,KSHV20231209_131349_V06,4,0.879,1.200,55795,1,1718.869,12642,0,1166.785
KSHV20231209-11,KSHV20231209_131349_V06,6,1.318,1.200,55803,0,675.508,17913,0,194.305
KSHV20231209-11,KSHV20231209_131349_V06,8,1.802,1.200,27915,0,291.491,5012,0,65.664
KSHV20231209-11,KSHV20231209_131349_V06,9,2.417,1.200,27924,0,208.231,5093,0,54.409
KSHV20231209-11,KSHV20231209_131349_V06,10,3.120,1.200,27942,0,175.073,5877,0,36.942
KSHV20231209-11,KSHV20231209_131349_V06,11,3.999,1.200,27970,0,66.567,4702,0,20.846
KSHV20231209-11,KSHV20231209_131349_V06,12,5.098,1.200,28013,0,28.945,3672,0,14.096
KSHV20231209-11,KSHV20231209_131349_V06,13,6.416,1.200,28091,0,19.374,2933,0,12.364
KSHV20231210-1,KSHV20231210_121119_V06,0,0.308,1.200,501,0,125196.103,19,0,125168.888
KSHV20231210-1,KSHV20231210_121119_V06,4,0.879,1.200,502,0,1433.049,31,0,1402.084
KSHV20231210-1,KSHV20231210_121119_V06,6,1.318,1.200,498,0,0.489,0,0,0.489
KSHV20231210-1,KSHV20231210_121119_V06,8,1.802,1.200,251,0,0.493,0,0,0.493
KSHV20231210-1,KSHV20231210_121119_V06,9,2.417,1.200,251,0,0.494,0,0,0.494
KSHV20231210-1,KSHV20231210_121119_V06,10,3.120,1.200,250,0,0.492,0,0,0.492
KSHV20231210-1,KSHV20231210_122002_V06,0,0.308,1.200,2804,0,393951.529,301,0,393370.583
KSHV20231210-1,KSHV20231210_122002_V06,4,0.879,1.200,2805,0,6989.400,234,0,6805.213
KSHV20231210-1,KSHV20231210_122002_V06,6,1.318,1.200,2807,0,6.342,6,0,2.752
KSHV20231210-1,KSHV20231210_122002_V06,8,1.802,1.200,1407,0,2.768,0,0,2.768
KSHV20231210-1,KSHV20231210_122002_V06,9,2.417,1.200,1402,0,2.762,0,0,2.762
KSHV20231210-1,KSHV20231210_122002_V06,10,3.120,1.200,1403,0,2.767,0,0,2.767
KSHV20231210-1,KSHV20231210_122825_V06,0,0.308,1.200,6244,0,132704.538,1374,0,129676.217
KSHV20231210-1,KSHV20231210_122825_V06,4,0.879,1.200,6245,0,992.596,544,0,574.353
KSHV20231210-1,KSHV20231210_122825_V06,6,1.318,1.200,6248,0,18.231,24,0,9.129
KSHV20231210-1,KSHV20231210_122825_V06,8,1.802,1.200,3125,0,6.158,0,0,6.158
KSHV20231210-1,KSHV20231210_122825_V06,9,2.417,1.200,3125,0,6.163,0,0,6.163
KSHV20231210-1,KSHV20231210_122825_V06,10,3.120,1.200,3125,0,6.173,0,0,6.173
KSHV20231210-2,KSHV20231210_121119_V06,0,0.308,1.200,198,0,24873.553,2,0,24714.759
KSHV20231210-2,KSHV20231210_121119_V06,4,0.879,1.200,197,0,5.879,0,0,5.879
KSHV20231210-2,KSHV20231210_121119_V06,6,1.318,1.200,196,0,0.388,0,0,0.388
KSHV20231210-2,KSHV20231210_121119_V06,8,1.802,1.200,103,0,0.409,0,0,0.409
KSHV20231210-2,KSHV20231210_121119_V06,9,2.417,1.200,104,0,0.414,0,0,0.414
KSHV20231210-2,KSHV20231210_122002_V06,0,0.308,1.200,1113,0,12489.883,121,0,12112.846
KSHV20231210-2,KSHV20231210_122002_V06,4,0.879,1.200,1114,0,10.522,1,0,9.338
KSHV20231210-2,KSHV20231210_122002_V06,6,1.318,1.200,1112,0,2.217,0,0,2.217
KSHV20231210-2,KSHV20231210_122002_V06,8,1.802,1.200,554,0,2.209,0,0,2.209
KSHV20231210-2,KSHV20231210_122002_V06,9,2.417,1.200,551,0,2.201,0,0,2.201
KSHV20231210-2,KSHV20231210_122825_V06,0,0.308,1.200,5487,0,6706.991,775,0,4609.819
KSHV20231210-2,KSHV20231210_122825_V06,4,0.879,1.200,5491,0,33.030,13,0,17.463
KSHV20231210-2,KSHV20231210_122825_V06,6,1.318,1.200,5491,0,10.378,0,0,10.378
KSHV20231210-2,KSHV20231210_122825_V06,8,1.802,1.200,2751,0,10.411,0,0,10.411
KSHV20231210-2,KSHV20231210_122825_V06,9,2.417,1.200,2752,0,10.423,0,0,10.423
KSHV20231210-12,KSHV20231210_132108_V06,0,0.308,1.200,6021,0,78394.618,517,0,65421.284
KSHV20231210-12,KSHV20231210_132108_V06,4,0.879,1.200,6023,0,772.620,26,0,601.221
KSHV20231210-12,KSHV20231210_132108_V06,6,1.318,1.200,6032,0,11.969,0,0,11.969
KSHV20231210-12,KSHV20231210_132108_V06,8,1.802,1.200,3013,0,11.979,0,0,11.979
KSHV20231210-12,KSHV20231210_132108_V06,9,2.417,1.200,3013,0,11.983,0,0,11.983
KSHV20231210-12,KSHV20231210_132643_V06,0,0.308,1.200,10288,0,92606.007,667,0,76601.893
KSHV20231210-12,KSHV20231210_132643_V06,4,0.879,1.200,10292,0,800.202,25,0,714.722
KSHV20231210-12,KSHV20231210_132643_V06,6,1.318,1.200,10299,0,20.421,0,0,20.421
KSHV20231210-12,KSHV20231210_132643_V06,8,1.802,1.200,5146,0,20.429,0,0,20.429
KSHV20231210-12,KSHV20231210_132643_V06,9,2.417,1.200,5146,0,20.440,0,0,20.440
KSHV20231210-12,KSHV20231210_133156_V06,0,0.308,1.200,6860,0,91006.774,635,0,79007.974
KSHV20231210-12,KSHV20231210_133156_V06,4,0.879,1.200,6862,0,2447.811,98,0,2111.650
KSHV20231210-12,KSHV20231210_133156_V06,6,1.318,1.200,6860,0,12.049,1,0,11.785
KSHV20231210-12,KSHV20231210_133156_V06,8,1.802,1.200,3428,0,10.130,0,0,10.130
KSHV20231210-12,KSHV20231210_133156_V06,9,2.417,1.200,3433,0,10.148,0,0,10.148
KSHV20231210-12,KSHV20231210_133721_V06,0,0.308,1.200,10106,0,91214.873,784,0,77968.244
KSHV20231210-12,KSHV20231210_133721_V06,4,0.879,1.200,10115,0,2439.808,93,0,1883.293
KSHV20231210-12,KSHV20231210_133721_V06,6,1.318,1.200,10113,0,20.712,3,0,18.333
KSHV20231210-12,KSHV20231210_133721_V06,8,1.802,1.200,5061,0,15.252,0,0,15.252
KSHV20231210-12,KSHV20231210_133721_V06,9,2.417,1.200,5061,0,15.261,0,0,15.261
KSHV20231210-11,KSHV20231210_131014_V06,0,0.308,1.200,36,0,1443.964,1,0,1433.796
KSHV20231210-11,KSHV20231210_131014_V06,4,0.879,1.200,36,0,9.884,2,0,1.672
KSHV20231210-11,KSHV20231210_131014_V06,6,1.318,1.200,36,0,0.066,0,0,0.066
KSHV20231210-11,KSHV20231210_131014_V06,8,1.802,1.200,23,0,0.084,0,0,0.084
KSHV20231210-11,KSHV20231210_131014_V06,9,2.417,1.200,22,0,0.081,0,0,0.081
KSHV20231210-13,KSHV20231210_132643_V06,0,0.308,1.200,8721,0,100529.323,1062,0,85460.691
KSHV20231210-13,KSHV20231210_132643_V06,4,0.879,1.200,8733,0,921.695,121,0,811.322
KSHV20231210-13,KSHV20231210_132643_V06,6,1.318,1.200,8736,0,11.632,0,0,11.632
KSHV20231210-13,KSHV20231210_132643_V06,8,1.802,1.200,4374,0,11.675,0,0,11.675
KSHV20231210-13,KSHV20231210_132643_V06,9,2.417,1.200,4380,0,11.700,0,0,11.700
KSHV20231210-13,KSHV20231210_132643_V06,10,3.120,1.200,4382,0,11.725,0,0,11.725
KSHV20231211-1,KSHV20231211_121531_V06,0,0.308,1.200,433,0,1284.376,40,0,1187.092
KSHV20231211-1,KSHV20231211_121531_V06,4,0.879,1.200,434,0,56.721,16,0,44.279
KSHV20231211-1,KSHV20231211_121531_V06,6,1.318,1.200,436,0,0.449,0,0,0.449
KSHV20231211-1,KSHV20231211_121531_V06,8,1.802,1.200,217,0,0.446,0,0,0.446
KSHV20231211-1,KSHV20231211_121531_V06,9,2.417,1.200,221,0,0.455,0,0,0.455
KSHV20231211-1,KSHV20231211_121531_V06,10,3.120,1.200,222,0,0.458,0,0,0.458
KSHV20231211-1,KSHV20231211_122414_V06,0,0.308,1.200,2658,0,106600.157,162,0,105415.008
KSHV20231211-1,KSHV20231211_122414_V06,4,0.879,1.200,2663,0,2063.215,197,0,1727.517
KSHV20231211-1,KSHV20231211_122414_V06,6,1.318,1.200,2664,0,191.189,43,0,122.123
KSHV20231211-1,KSHV20231211_122414_V06,8,1.802,1.200,1332,0,11.239,0,0,11.239
KSHV20231211-1,KSHV20231211_122414_V06,9,2.417,1.200,1332,0,2.853,0,0,2.853
KSHV20231211-1,KSHV20231211_122414_V06,10,3.120,1.200,1331,0,2.854,0,0,2.854
KSHV20231211-1,KSHV20231211_123256_V06,0,0.308,1.200,4677,0,15832.594,316,0,15379.243
KSHV20231211-1,KSHV20231211_123256_V06,4,0.879,1.200,4678,0,1404.994,319,0,662.357
KSHV20231211-1,KSHV20231211_123256_V06,6,1.318,1.200,4676,0,372.001,96,0,207.589
KSHV20231211-1,KSHV20231211_123256_V06,8,1.802,1.200,2347,0,44.010,6,0,13.053
KSHV20231211-1,KSHV20231211_123256_V06,9,2.417,1.200,2347,0,12.281,0,0,12.281
KSHV20231211-1,KSHV20231211_123256_V06,10,3.120,1.200,2346,0,10.432,0,0,10.432
KSHV20231212-1,KSHV20231212_122409_V06,0,0.308,1.200,709,0,335197.013,34,0,333165.181
KSHV20231212-1,KSHV20231212_122409_V06,4,0.879,1.200,707,0,477.494,32,0,437.561
KSHV20231212-1,KSHV20231212_122409_V06,6,1.318,1.200,706,0,1.752,2,0,0.760
KSHV20231212-1,KSHV20231212_122409_V06,8,1.802,1.200,351,0,0.757,0,0,0.757
KSHV20231212-1,KSHV20231212_122409_V06,9,2.417,1.200,350,0,0.755,0,0,0.755
KSHV20231212-1,KSHV20231212_122409_V06,10,3.120,1.200,351,0,0.758,0,0,0.758
KSHV20231212-1,KSHV20231212_123254_V06,0,0.308,1.200,4439,0,184781.416,477,0,183463.346
KSHV20231212-1,KSHV20231212_123254_V06,4,0.879,1.200,4439,0,250.707,64,0,199.718
KSHV20231212-1,KSHV20231212_123254_V06,6,1.318,1.200,4441,0,13.968,7,0,9.064
KSHV20231212-1,KSHV20231212_123254_V06,8,1.802,1.200,2219,0,15.965,0,0,15.965
KSHV20231212-1,KSHV20231212_123254_V06,9,2.417,1.200,2218,0,4.737,0,0,4.737
KSHV20231212-1,KSHV20231212_123254_V06,10,3.120,1.200,2219,0,4.747,0,0,4.747
KSHV20231212-2,KSHV20231212_122409_V06,0,0.308,1.200,3226,0,114447.253,305,0,111688.483
KSHV20231212-2,KSHV20231212_122409_V06,4,0.879,1.200,3227,0,580.527,454,0,392.975
KSHV20231212-2,KSHV20231212_122409_V06,6,1.318,1.200,3228,0,13.609,40,0,5.212
KSHV20231212-2,KSHV20231212_122409_V06,8,1.802,1.200,1617,0,6.003,4,0,3.835
KSHV20231212-2,KSHV20231212_122409_V06,9,2.417,1.200,1618,0,1.548,0,0,1.548
KSHV20231212-2,KSHV20231212_122409_V06,10,3.120,1.200,1622,0,2.077,0,0,2.077
KSHV20231212-2,KSHV20231212_122409_V06,11,3.999,1.200,1617,0,1.553,0,0,1.553
KSHV20231212-2,KSHV20231212_122409_V06,12,5.098,1.200,1626,0,1.567,0,0,1.567
KSHV20231212-4,KSHV20231212_122409_V06,0,0.308,1.200,319,0,905.814,14,0,888.225
KSHV20231212-4,KSHV20231212_122409_V06,4,0.879,1.200,317,0,17.294,8,0,8.390
KSHV20231212-4,KSHV20231212_122409_V06,6,1.318,1.200,318,0,0.297,0,0,0.297
KSHV20231212-4,KSHV20231212_122409_V06,8,1.802,1.200,160,0,0.299,0,0,0.299
KSHV20231212-4,KSHV20231212_122409_V06,9,2.417,1.200,159,0,0.297,0,0,0.297
KSHV20231212-4,KSHV20231212_122409_V06,10,3.120,1.200,161,0,0.302,0,0,0.302
KSHV20231212-4,KSHV20231212_122409_V06,11,3.999,1.200,160,0,0.300,0,0,0.300
KSHV20231212-5,KSHV20231212_130747_V06,0,0.308,1.200,16295,8,282053.548,474,5,274588.566
KSHV20231212-5,KSHV20231212_130747_V06,4,0.879,1.200,16296,0,1761.269,1071,0,1678.903
KSHV20231212-5,KSHV20231212_130747_V06,6,1.318,1.200,16300,0,64.325,1179,0,48.754
KSHV20231212-5,KSHV20231212_130747_V06,8,1.802,1.200,8155,0,3.705,89,0,2.586
KSHV20231212-5,KSHV20231212_130747_V06,9,2.417,1.200,8156,0,2.292,91,0,1.681
KSHV20231212-5,KSHV20231212_130747_V06,10,3.120,1.200,8164,0,5.883,152,0,3.413
KSHV20231212-5,KSHV20231212_130747_V06,11,3.999,1.200,8168,0,6.059,164,0,4.436
KSHV20231212-5,KSHV20231212_130747_V06,12,5.098,1.200,8183,0,5.776,129,0,5.008
KSHV20231212-5,KSHV20231212_130747_V06,13,6.416,1.200,8204,0,7.721,164,0,6.332
KSHV20231213-3,KSHV20231213_130623_V06,0,0.308,1.200,51018,137,719256.528,4463,132,700655.594
KSHV20231213-3,KSHV20231213_130623_V06,4,0.879,1.200,51025,7,14441.856,5416,5,13432.870
KSHV20231213-3,KSHV20231213_130623_V06,6,1.318,1.200,51033,1,635.391,5387,1,535.091
KSHV20231213-3,KSHV20231213_130623_V06,8,1.802,1.200,25517,0,18.303,893,0,11.972
KSHV20231213-3,KSHV20231213_130623_V06,9,2.417,1.200,25539,0,10.523,664,0,7.494
KSHV20231213-3,KSHV20231213_130623_V06,10,3.120,1.200,25560,0,6.258,643,0,4.486
KSHV20231213-3,KSHV20231213_130623_V06,11,3.999,1.200,25598,0,8.031,762,0,5.666
KSHV20231213-3,KSHV20231213_130623_V06,12,5.098,1.200,25635,0,10.319,769,0,8.138
KSHV20231213-3,KSHV20231213_130623_V06,13,6.416,1.200,25696,0,11.991,935,0,8.213
KSHV20231213-3,KSHV20231213_131507_V06,0,0.308,1.200,67806,20,480140.680,5837,18,460272.342
KSHV20231213-3,KSHV20231213_131507_V06,4,0.879,1.200,67816,1,3178.193,8500,1,2683.780
KSHV20231213-3,KSHV20231213_131507_V06,6,1.318,1.200,67828,0,354.392,7061,0,254.006
KSHV20231213-3,KSHV20231213_131507_V06,8,1.802,1.200,33917,0,77.938,863,0,14.035
KSHV20231213-3,KSHV20231213_131507_V06,9,2.417,1.200,33929,0,13.417,763,0,9.080
KSHV20231213-3,KSHV20231213_131507_V06,10,3.120,1.200,33963,0,15.542,759,0,9.480
KSHV20231213-3,KSHV20231213_131507_V06,11,3.999,1.200,33999,0,16.279,836,0,12.241
KSHV20231213-3,KSHV20231213_131507_V06,12,5.098,1.200,34059,0,26.259,902,0,17.940
KSHV20231213-3,KSHV20231213_131507_V06,13,6.416,1.200,34146,0,19.902,981,0,14.830
KSHV20231213-8,KSHV20231213_132351_V06,0,0.308,1.200,4940,0,78269.384,388,0,73548.091
KSHV20231213-8,KSHV20231213_132351_V06,4,0.879,1.200,4940,0,8678.743,219,0,6233.230
KSHV20231213-8,KSHV20231213_132351_V06,6,1.318,1.200,4940,0,1348.744,111,0,767.764
KSHV20231213-8,KSHV20231213_132351_V06,8,1.802,1.200,2476,0,675.141,14,0,410.159
KSHV20231213-8,KSHV20231213_133233_V06,0,0.308,1.200,8749,0,120871.676,639,0,110570.191
KSHV20231213-8,KSHV20231213_133233_V06,4,0.879,1.200,8755,0,23795.065,490,0,18274.144
KSHV20231213-8,KSHV20231213_133233_V06,6,1.318,1.200,8754,0,4153.837,271,0,2715.211
KSHV20231213-8,KSHV20231213_133233_V06,8,1.802,1.200,4383,0,1873.091,16,0,1477.128
KSHV20231213-1,KSHV20231213_124857_V06,0,0.308,1.200,178,0,19998.764,8,0,19962.177
KSHV20231213-1,KSHV20231213_124857_V06,4,0.879,1.200,178,0,77.839,5,0,73.085
KSHV20231213-1,KSHV20231213_124857_V06,6,1.318,1.200,178,0,0.238,0,0,0.238
KSHV20231213-1,KSHV20231213_124857_V06,8,1.802,1.200,87,0,0.232,0,0,0.232
KSHV20231213-1,KSHV20231213_124857_V06,9,2.417,1.200,87,0,0.233,0,0,0.233
KSHV20231213-1,KSHV20231213_124857_V06,10,3.120,1.200,86,0,0.231,0,0,0.231
KSHV20231213-4,KSHV20231213_130623_V06,0,0.308,1.200,405,0,105835.864,30,0,105299.342
KSHV20231213-4,KSHV20231213_130623_V06,4,0.879,1.200,405,0,1.460,0,0,1.460
KSHV20231213-4,KSHV20231213_130623_V06,6,1.318,1.200,406,0,1.464,0,0,1.464
KSHV20231213-6,KSHV20231213_131507_V06,0,0.308,1.200,434,0,391049.734,12,0,391017.015
KSHV20231213-6,KSHV20231213_131507_V06,4,0.879,1.200,436,0,3.927,1,0,2.625
KSHV20231213-6,KSHV20231213_131507_V06,6,1.318,1.200,436,0,0.646,0,0,0.646
KSHV20231213-6,KSHV20231213_131507_V06,8,1.802,1.200,217,0,0.644,0,0,0.644
KSHV20231213-6,KSHV20231213_131507_V06,9,2.417,1.200,215,0,0.639,0,0,0.639
KSHV20231213-7,KSHV20231213_131507_V06,0,0.308,1.200,476,0,54387.781,12,0,54375.325
KSHV20231213-7,KSHV20231213_131507_V06,4,0.879,1.200,474,0,4.240,16,0,2.537
KSHV20231213-7,KSHV20231213_131507_V06,6,1.318,1.200,472,0,0.194,0,0,0.194
KSHV20231213-7,KSHV20231213_131507_V06,8,1.802,1.200,236,0,0.194,0,0,0.194
KSHV20231213-7,KSHV20231213_131507_V06,9,2.417,1.200,236,0,0.767,0,0,0.767
KSHV20231213-7,KSHV20231213_131507_V06,10,3.120,1.200,239,0,0.196,0,0,0.196
KSHV20231213-7,KSHV20231213_131507_V06,11,3.999,1.200,237,0,0.195,0,0,0.195
KSHV20231213-7,KSHV20231213_131507_V06,12,5.098,1.200,237,0,0.196,0,0,0.196
KSHV20231213-10,KSHV20231213_140727_V06,0,0.308,1.200,80,0,51559.413,3,0,51462.790
KSHV20231213-10,KSHV20231213_140727_V06,4,0.879,1.200,80,0,14.965,4,0,0.136
KSHV20231213-10,KSHV20231213_140727_V06,6,1.318,1.200,80,0,0.143,0,0,0.143
KSHV20231213-10,KSHV20231213_140727_V06,8,1.802,1.200,42,0,0.150,0,0,0.150
KSHV20231213-10,KSHV20231213_140727_V06,9,2.417,1.200,39,0,0.139,0,0,0.139
KSHV20231214-1,KSHV20231214_121117_V06,0,0.308,1.200,62,0,97.907,3,0,95.085
KSHV20231214-1,KSHV20231214_121117_V06,4,0.879,1.200,62,0,0.059,0,0,0.059
KSHV20231214-1,KSHV20231214_121117_V06,6,1.318,1.200,60,0,0.057,0,0,0.057
KSHV20231214-1,KSHV20231214_121117_V06,8,1.802,1.200,36,0,0.069,0,0,0.069
KSHV20231214-1,KSHV20231214_121117_V06,9,2.417,1.200,36,0,0.069,0,0,0.069
KSHV20231214-1,KSHV20231214_121117_V06,10,3.120,1.200,36,0,0.069,0,0,0.069
KSHV20231214-1,KSHV20231214_121935_V06,0,0.308,1.200,873,0,20482.502,26,0,20451.514
KSHV20231214-1,KSHV20231214_121935_V06,4,0.879,1.200,870,0,4.566,1,0,3.574
KSHV20231214-1,KSHV20231214_121935_V06,6,1.318,1.200,870,0,0.946,0,0,0.946
KSHV20231214-1,KSHV20231214_121935_V06,8,1.802,1.200,447,0,0.974,0,0,0.974
KSHV20231214-1,KSHV20231214_121935_V06,9,2.417,1.200,448,0,0.976,0,0,0.976
KSHV20231214-1,KSHV20231214_121935_V06,10,3.120,1.200,448,0,0.977,0,0,0.977
KSHV20231214-3,KSHV20231214_121935_V06,0,0.308,1.200,493,0,4682.720,7,0,4670.691
KSHV20231214-3,KSHV20231214_121935_V06,4,0.879,1.200,494,0,5.289,4,0,0.604
KSHV20231214-3,KSHV20231214_121935_V06,6,1.318,1.200,495,0,0.610,0,0,0.610
KSHV20231214-3,KSHV20231214_121935_V06,8,1.802,1.200,238,0,0.586,0,0,0.586
KSHV20231214-3,KSHV20231214_121935_V06,9,2.417,1.200,238,0,0.586,0,0,0.586
KSHV20231214-3,KSHV20231214_121935_V06,10,3.120,1.200,240,0,0.592,0,0,0.592
KSHV20231214-6,KSHV20231214_123613_V06,0,0.308,1.200,66,0,2511.167,4,0,2507.624
KSHV20231214-6,KSHV20231214_123613_V06,4,0.879,1.200,66,0,0.066,0,0,0.066
KSHV20231214-6,KSHV20231214_123613_V06,6,1.318,1.200,66,0,0.066,0,0,0.066
KSHV20231214-6,KSHV20231214_123613_V06,8,1.802,1.200,33,0,0.067,0,0,0.067
KSHV20231214-6,KSHV20231214_123613_V06,9,2.417,1.200,33,0,0.067,0,0,0.067
KSHV20231214-6,KSHV20231214_123613_V06,10,3.120,1.200,34,0,0.069,0,0,0.069
KSHV20231214-7,KSHV20231214_124430_V06,0,0.308,1.200,278,0,976.572,10,0,962.684
KSHV20231214-7,KSHV20231214_124430_V06,4,0.879,1.200,279,0,0.317,0,0,0.317
KSHV20231214-7,KSHV20231214_124430_V06,6,1.318,1.200,278,0,0.316,0,0,0.316
KSHV20231214-7,KSHV20231214_124430_V06,8,1.802,1.200,136,0,0.310,0,0,0.310
KSHV20231214-7,KSHV20231214_124430_V06,9,2.417,1.200,136,0,0.310,0,0,0.310
KSHV20231214-7,KSHV20231214_124430_V06,10,3.120,1.200,136,0,0.310,0,0,0.310
KSHV20231214-8,KSHV20231214_130932_V06,0,0.308,1.200,12162,4,264836.198,534,4,260506.033
KSHV20231214-8,KSHV20231214_130932_V06,4,0.879,1.200,12164,1,2340.321,548,0,2189.839
KSHV20231214-8,KSHV20231214_130932_V06,6,1.318,1.200,12167,0,90.708,1392,0,73.102
KSHV20231214-8,KSHV20231214_130932_V06,8,1.802,1.200,6089,0,73.195,499,0,11.094
KSHV20231214-8,KSHV20231214_130932_V06,9,2.417,1.200,6092,0,7.634,567,0,4.086
KSHV20231214-8,KSHV20231214_130932_V06,10,3.120,1.200,6094,0,5.220,833,0,2.353
KSHV20231214-8,KSHV20231214_130932_V06,11,3.999,1.200,6099,0,3.494,731,0,2.008
KSHV20231214-8,KSHV20231214_130932_V06,12,5.098,1.200,6109,0,3.144,754,0,1.825
KSHV20231214-8,KSHV20231214_130932_V06,13,6.416,1.200,6132,0,1.963,648,0,1.269
KSHV20231215-1,KSHV20231215_122500_V06,0,0.308,1.200,372,0,4015.203,14,0,3941.573
KSHV20231215-1,KSHV20231215_122500_V06,4,0.879,1.200,375,0,0.418,0,0,0.418
KSHV20231215-1,KSHV20231215_122500_V06,6,1.318,1.200,373,0,0.416,0,0,0.416
KSHV20231215-1,KSHV20231215_122500_V06,8,1.802,1.200,200,0,0.445,0,0,0.445
KSHV20231215-1,KSHV20231215_122500_V06,9,2.417,1.200,203,0,0.452,0,0,0.452
KSHV20231215-1,KSHV20231215_122500_V06,10,3.120,1.200,202,0,0.450,0,0,0.450
KSHV20231216-7,KSHV20231216_124244_V06,0,0.308,1.200,429,0,24410.760,19,0,24350.784
KSHV20231216-7,KSHV20231216_124244_V06,4,0.879,1.200,427,0,1.316,2,0,0.444
KSHV20231216-7,KSHV20231216_124244_V06,6,1.318,1.200,428,0,0.447,0,0,0.447
KSHV20231216-7,KSHV20231216_124244_V06,8,1.802,1.200,231,0,0.484,0,0,0.484
KSHV20231216-7,KSHV20231216_124244_V06,9,2.417,1.200,230,0,0.483,0,0,0.483
KSHV20231216-7,KSHV20231216_124244_V06,10,3.120,1.200,230,0,0.483,0,0,0.483
KSHV20231216-7,KSHV20231216_124810_V06,0,0.308,1.200,1620,0,84181.234,85,0,82802.440
KSHV20231216-7,KSHV20231216_124810_V06,4,0.879,1.200,1620,0,34.926,22,0,18.417
KSHV20231216-7,KSHV20231216_124810_V06,6,1.318,1.200,1619,0,1.668,0,0,1.668
KSHV20231216-7,KSHV20231216_124810_V06,8,1.802,1.200,808,0,1.667,0,0,1.667
KSHV20231216-7,KSHV20231216_124810_V06,9,2.417,1.200,810,0,5.920,0,0,5.920
KSHV20231216-7,KSHV20231216_124810_V06,10,3.120,1.200,811,0,1.678,0,0,1.678
KSHV20231216-7,KSHV20231216_125335_V06,0,0.308,1.200,2053,0,128363.224,102,0,126090.451
KSHV20231216-7,KSHV20231216_125335_V06,4,0.879,1.200,2051,0,69.778,35,0,48.787
KSHV20231216-7,KSHV20231216_125335_V06,6,1.318,1.200,2052,0,2.078,0,0,2.078
KSHV20231216-7,KSHV20231216_125335_V06,8,1.802,1.200,1032,0,2.095,0,0,2.095
KSHV20231216-7,KSHV20231216_125335_V06,9,2.417,1.200,1031,0,2.093,0,0,2.093
KSHV20231216-7,KSHV20231216_125335_V06,10,3.120,1.200,1036,0,2.106,0,0,2.106
KSHV20231216-7,KSHV20231216_130442_V06,0,0.308,1.200,3880,0,65916.117,299,0,61303.723
KSHV20231216-7,KSHV20231216_130442_V06,4,0.879,1.200,3881,0,52.651,39,0,38.482
KSHV20231216-7,KSHV20231216_130442_V06,6,1.318,1.200,3883,0,3.828,0,0,3.828
KSHV20231216-7,KSHV20231216_130442_V06,8,1.802,1.200,1945,0,3.832,0,0,3.832
KSHV20231216-7,KSHV20231216_130442_V06,9,2.417,1.200,1943,0,3.833,0,0,3.833
KSHV20231216-7,KSHV20231216_130442_V06,10,3.120,1.200,1939,0,3.830,0,0,3.830
KSHV20231216-7,KSHV20231216_131016_V06,0,0.308,1.200,6791,0,52624.258,377,0,48527.703
KSHV20231216-7,KSHV20231216_131016_V06,4,0.879,1.200,6794,0,57.618,40,0,36.994
KSHV20231216-7,KSHV20231216_131016_V06,6,1.318,1.200,6794,0,8.221,2,0,7.075
KSHV20231216-7,KSHV20231216_131016_V06,8,1.802,1.200,3396,0,7.073,0,0,7.073
KSHV20231216-7,KSHV20231216_131016_V06,9,2.417,1.200,3404,0,7.100,0,0,7.100
KSHV20231216-7,KSHV20231216_131016_V06,10,3.120,1.200,3406,0,7.112,0,0,7.112
KSHV20231216-1,KSHV20231216_122103_V06,0,0.308,1.200,213,0,7145.533,7,0,7129.954
KSHV20231216-1,KSHV20231216_122103_V06,4,0.879,1.200,214,0,0.203,0,0,0.203
KSHV20231216-1,KSHV20231216_122103_V06,6,1.318,1.200,214,0,0.204,0,0,0.204
KSHV20231216-1,KSHV20231216_122103_V06,8,1.802,1.200,95,0,0.182,0,0,0.182
KSHV20231216-1,KSHV20231216_122103_V06,9,2.417,1.200,98,0,0.188,0,0,0.188
KSHV20231216-1,KSHV20231216_122103_V06,10,3.120,1.200,96,0,0.184,0,0,0.184
KSHV20231216-1,KSHV20231216_122627_V06,0,0.308,1.200,1130,0,23070.053,67,0,22755.763
KSHV20231216-1,KSHV20231216_122627_V06,4,0.879,1.200,1131,0,2.781,2,0,1.070
KSHV20231216-1,KSHV20231216_122627_V06,6,1.318,1.200,1132,0,1.073,0,0,1.073
KSHV20231216-1,KSHV20231216_122627_V06,8,1.802,1.200,591,0,1.121,0,0,1.121
KSHV20231216-1,KSHV20231216_122627_V06,9,2.417,1.200,589,0,1.118,0,0,1.118
KSHV20231216-1,KSHV20231216_122627_V06,10,3.120,1.200,592,0,1.125,0,0,1.125
KSHV20231216-1,KSHV20231216_123153_V06,0,0.308,1.200,689,0,27284.930,33,0,26462.739
KSHV20231216-1,KSHV20231216_123153_V06,4,0.879,1.200,687,0,0.659,0,0,0.659
KSHV20231216-1,KSHV20231216_123153_V06,6,1.318,1.200,686,0,4.329,4,0,0.654
KSHV20231216-1,KSHV20231216_123153_V06,8,1.802,1.200,362,0,0.694,0,0,0.694
KSHV20231216-1,KSHV20231216_123153_V06,9,2.417,1.200,360,0,6.650,0,0,6.650
KSHV20231216-1,KSHV20231216_123153_V06,10,3.120,1.200,361,0,0.694,0,0,0.694
KSHV20231216-1,KSHV20231216_123718_V06,0,0.308,1.200,2053,0,42185.864,152,0,40803.214
KSHV20231216-1,KSHV20231216_123718_V06,4,0.879,1.200,2056,0,3.668,0,0,3.668
KSHV20231216-1,KSHV20231216_123718_V06,6,1.318,1.200,2059,0,1.998,0,0,1.998
KSHV20231216-1,KSHV20231216_123718_V06,8,1.802,1.200,1037,0,6.254,0,0,6.254
KSHV20231216-1,KSHV20231216_123718_V06,9,2.417,1.200,1034,0,2.002,0,0,2.002
KSHV20231216-1,KSHV20231216_123718_V06,10,3.120,1.200,1030,0,1.997,0,0,1.997
KSHV20231216-9,KSHV20231216_125335_V06,0,0.308,1.200,445,0,10604.021,22,0,10389.971
KSHV20231216-9,KSHV20231216_125335_V06,4,0.879,1.200,443,0,0.811,0,0,0.811
KSHV20231216-9,KSHV20231216_125335_V06,6,1.318,1.200,445,0,0.816,0,0,0.816
KSHV20231216-9,KSHV20231216_125335_V06,8,1.802,1.200,238,0,0.873,0,0,0.873
KSHV20231216-9,KSHV20231216_125335_V06,9,2.417,1.200,238,0,0.874,0,0,0.874
KSHV20231216-9,KSHV20231216_130442_V06,0,0.308,1.200,2945,0,13445.452,168,0,12403.234
KSHV20231216-9,KSHV20231216_130442_V06,4,0.879,1.200,2944,0,5.244,0,0,5.244
KSHV20231216-9,KSHV20231216_130442_V06,6,1.318,1.200,2940,0,5.237,0,0,5.237
KSHV20231216-9,KSHV20231216_130442_V06,8,1.802,1.200,1497,0,5.350,0,0,5.350
KSHV20231216-9,KSHV20231216_130442_V06,9,2.417,1.200,1496,0,5.352,0,0,5.352
KSHV20231216-8,KSHV20231216_125335_V06,0,0.308,1.200,3609,0,25432.167,733,0,22880.869
KSHV20231216-8,KSHV20231216_125335_V06,4,0.879,1.200,3610,0,888.101,988,0,112.171
KSHV20231216-8,KSHV20231216_125335_V06,6,1.318,1.200,3603,0,209.517,495,0,22.770
KSHV20231216-8,KSHV20231216_125335_V06,8,1.802,1.200,1805,0,34.031,27,0,6.637
KSHV20231216-8,KSHV20231216_125335_V06,9,2.417,1.200,1806,0,26.849,25,0,5.672
KSHV20231216-8,KSHV20231216_125335_V06,10,3.120,1.200,1808,0,2.504,0,0,2.504
KSHV20231216-8,KSHV20231216_125335_V06,11,3.999,1.200,1808,0,2.510,0,0,2.510
KSHV20231217-1,KSHV20231217_122257_V06,0,0.308,1.200,289,0,8631.777,13,0,8597.178
KSHV20231217-1,KSHV20231217_122257_V06,4,0.879,1.200,289,0,0.574,0,0,0.574
KSHV20231217-1,KSHV20231217_122257_V06,6,1.318,1.200,290,0,0.576,0,0,0.576
KSHV20231217-1,KSHV20231217_122257_V06,8,1.802,1.200,146,0,0.584,0,0,0.584
KSHV20231217-1,KSHV20231217_122257_V06,9,2.417,1.200,148,0,0.592,0,0,0.592
KSHV20231217-1,KSHV20231217_123139_V06,0,0.308,1.200,2239,0,26636.383,68,0,26149.243
KSHV20231217-1,KSHV20231217_123139_V06,4,0.879,1.200,2242,0,4.405,0,0,4.405
KSHV20231217-1,KSHV20231217_123139_V06,6,1.318,1.200,2242,0,4.407,0,0,4.407
KSHV20231217-1,KSHV20231217_123139_V06,8,1.802,1.200,1141,0,4.501,0,0,4.501
KSHV20231217-1,KSHV20231217_123139_V06,9,2.417,1.200,1149,0,4.533,0,0,4.533
KSHV20231217-10,KSHV20231217_131450_V06,0,0.308,1.200,1542,0,33033.754,133,0,32783.872
KSHV20231217-10,KSHV20231217_131450_V06,4,0.879,1.200,1543,0,3.748,7,0,2.149
KSHV20231217-10,KSHV20231217_131450_V06,6,1.318,1.200,1543,0,1.240,1,0,0.888
KSHV20231217-10,KSHV20231217_131450_V06,8,1.802,1.200,768,0,0.729,0,0,0.729
KSHV20231217-10,KSHV20231217_131450_V06,9,2.417,1.200,772,0,0.734,0,0,0.734
KSHV20231217-10,KSHV20231217_131450_V06,10,3.120,1.200,774,0,0.737,0,0,0.737
KSHV20231217-10,KSHV20231217_131450_V06,11,3.999,1.200,771,0,0.735,0,0,0.735
KSHV20231217-10,KSHV20231217_131450_V06,12,5.098,1.200,772,0,0.738,0,0,0.738
KSHV20231217-10,KSHV20231217_132009_V06,0,0.308,1.200,4742,0,4964.305,657,0,4415.491
KSHV20231217-10,KSHV20231217_132009_V06,4,0.879,1.200,4741,0,11.853,31,0,6.159
KSHV20231217-10,KSHV20231217_132009_V06,6,1.318,1.200,4743,0,3.459,5,0,3.088
KSHV20231217-10,KSHV20231217_132009_V06,8,1.802,1.200,2374,0,2.190,0,0,2.190
KSHV20231217-10,KSHV20231217_132009_V06,9,2.417,1.200,2376,0,2.925,0,0,2.925
KSHV20231217-10,KSHV20231217_132009_V06,10,3.120,1.200,2374,0,2.193,0,0,2.193
KSHV20231217-10,KSHV20231217_132009_V06,11,3.999,1.200,2376,0,2.199,0,0,2.199
KSHV20231217-10,KSHV20231217_132009_V06,12,5.098,1.200,2383,0,2.213,0,0,2.213
KSHV20231217-2,KSHV20231217_122257_V06,0,0.308,1.200,32,0,4960.072,0,0,4960.072
KSHV20231217-2,KSHV20231217_122257_V06,4,0.879,1.200,31,0,0.063,0,0,0.063
KSHV20231217-2,KSHV20231217_122257_V06,6,1.318,1.200,32,0,0.065,0,0,0.065
KSHV20231217-2,KSHV20231217_122257_V06,8,1.802,1.200,10,0,0.041,0,0,0.041
KSHV20231217-2,KSHV20231217_122257_V06,9,2.417,1.200,11,0,0.045,0,0,0.045
KSHV20231217-4,KSHV20231217_122257_V06,0,0.308,1.200,539,0,25811.035,17,0,25567.668
KSHV20231217-4,KSHV20231217_122257_V06,4,0.879,1.200,541,0,16.498,3,0,14.592
KSHV20231217-4,KSHV20231217_122257_V06,6,1.318,1.200,539,0,0.554,0,0,0.554
KSHV20231217-4,KSHV20231217_122257_V06,8,1.802,1.200,268,0,0.550,0,0,0.550
KSHV20231217-4,KSHV20231217_122257_V06,9,2.417,1.200,268,0,0.550,0,0,0.550
KSHV20231217-4,KSHV20231217_122257_V06,10,3.120,1.200,267,0,0.550,0,0,0.550
KSHV20231217-8,KSHV20231217_130622_V06,0,0.308,1.200,8613,19,479543.285,170,17,472316.199
KSHV20231217-8,KSHV20231217_130622_V06,4,0.879,1.200,8616,0,1414.654,332,0,1361.273
KSHV20231217-8,KSHV20231217_130622_V06,6,1.318,1.200,8616,0,119.978,943,0,99.345
KSHV20231217-8,KSHV20231217_130622_V06,8,1.802,1.200,4306,0,3.593,132,0,2.486
KSHV20231217-8,KSHV20231217_130622_V06,9,2.417,1.200,4309,0,2.435,120,0,1.814
KSHV20231217-8,KSHV20231217_130622_V06,10,3.120,1.200,4311,0,2.936,173,0,2.147
KSHV20231217-8,KSHV20231217_130622_V06,11,3.999,1.200,4315,0,2.066,137,0,1.382
KSHV20231217-8,KSHV20231217_130622_V06,12,5.098,1.200,4329,0,2.280,149,0,1.982
KSHV20231217-8,KSHV20231217_130622_V06,13,6.416,1.200,4333,0,2.239,150,0,1.561
KSHV20231217-9,KSHV20231217_131450_V06,0,0.308,1.200,824,0,31240.859,36,0,31147.661
KSHV20231217-9,KSHV20231217_131450_V06,4,0.879,1.200,827,0,0.915,1,0,0.593
KSHV20231217-9,KSHV20231217_131450_V06,6,1.318,1.200,825,0,0.592,0,0,0.592
KSHV20231217-9,KSHV20231217_131450_V06,8,1.802,1.200,415,0,0.595,0,0,0.595
KSHV20231217-9,KSHV20231217_131450_V06,9,2.417,1.200,413,0,0.593,0,0,0.593
KSHV20231217-9,KSHV20231217_131450_V06,10,3.120,1.200,413,0,0.595,0,0,0.595
KSHV20231217-9,KSHV20231217_131450_V06,11,3.999,1.200,413,0,0.596,0,0,0.596
KSHV20231217-11,KSHV20231217_131450_V06,0,0.308,1.200,841,0,79636.340,71,0,74362.961
KSHV20231217-11,KSHV20231217_131450_V06,4,0.879,1.200,841,0,93.857,81,0,49.380
KSHV20231217-11,KSHV20231217_131450_V06,6,1.318,1.200,841,0,13.892,11,0,9.941
KSHV20231217-11,KSHV20231217_131450_V06,8,1.802,1.200,420,0,4.813,0,0,4.813
KSHV20231217-11,KSHV20231217_131450_V06,9,2.417,1.200,420,0,0.514,0,0,0.514
KSHV20231217-11,KSHV20231217_131450_V06,10,3.120,1.200,421,0,0.516,0,0,0.516
KSHV20231217-11,KSHV20231217_131450_V06,11,3.999,1.200,423,0,3.876,1,0,1.250
KSHV20231218-9,KSHV20231218_132541_V06,0,0.308,1.200,6107,0,119741.278,514,0,98425.745
KSHV20231218-9,KSHV20231218_132541_V06,4,0.879,1.200,6111,0,49.744,4,0,11.123
KSHV20231218-9,KSHV20231218_132541_V06,6,1.318,1.200,6114,0,11.140,0,0,11.140
KSHV20231218-9,KSHV20231218_132541_V06,8,1.802,1.200,3049,0,11.087,0,0,11.087
KSHV20231218-9,KSHV20231218_132541_V06,9,2.417,1.200,3054,0,11.121,0,0,11.121
KSHV20231218-9,KSHV20231218_133115_V06,0,0.308,1.200,10432,0,160146.440,685,0,149166.932
KSHV20231218-9,KSHV20231218_133115_V06,4,0.879,1.200,10437,0,51.638,15,0,24.850
KSHV20231218-9,KSHV20231218_133115_V06,6,1.318,1.200,10437,0,18.857,0,0,18.857
KSHV20231218-9,KSHV20231218_133115_V06,8,1.802,1.200,5216,0,18.815,0,0,18.815
KSHV20231218-9,KSHV20231218_133115_V06,9,2.417,1.200,5216,0,43.144,0,0,43.144
KSHV20231218-1,KSHV20231218_122231_V06,0,0.308,1.200,1625,1,107470.261,137,1,105573.326
KSHV20231218-1,KSHV20231218_122231_V06,4,0.879,1.200,1623,0,204.236,114,0,171.134
KSHV20231218-1,KSHV20231218_122231_V06,6,1.318,1.200,1625,0,3.120,7,0,2.342
KSHV20231218-1,KSHV20231218_122231_V06,8,1.802,1.200,814,0,5.799,4,0,3.715
KSHV20231218-1,KSHV20231218_122231_V06,9,2.417,1.200,810,0,1.752,0,0,1.752
KSHV20231218-1,KSHV20231218_122231_V06,10,3.120,1.200,810,0,0.737,0,0,0.737
KSHV20231218-1,KSHV20231218_122231_V06,11,3.999,1.200,815,0,0.742,0,0,0.742
KSHV20231218-1,KSHV20231218_122231_V06,12,5.098,1.200,821,0,1.660,0,0,1.660
KSHV20231218-2,KSHV20231218_122231_V06,0,0.308,1.200,34,0,27006.745,0,0,27006.745
KSHV20231218-2,KSHV20231218_122231_V06,4,0.879,1.200,34,0,0.067,0,0,0.067
KSHV20231218-2,KSHV20231218_122231_V06,6,1.318,1.200,34,0,0.067,0,0,0.067
KSHV20231218-2,KSHV20231218_122231_V06,8,1.802,1.200,22,0,0.086,0,0,0.086
KSHV20231218-2,KSHV20231218_122231_V06,9,2.417,1.200,23,0,0.090,0,0,0.090
KSHV20231218-7,KSHV20231218_123950_V06,0,0.308,1.200,704,0,13438.059,29,0,13428.875
KSHV20231218-7,KSHV20231218_123950_V06,4,0.879,1.200,704,0,34.223,45,0,18.290
KSHV20231218-7,KSHV20231218_123950_V06,6,1.318,1.200,703,0,2.192,14,0,0.647
KSHV20231218-7,KSHV20231218_123950_V06,8,1.802,1.200,351,0,0.313,0,0,0.313
KSHV20231218-7,KSHV20231218_123950_V06,9,2.417,1.200,353,0,0.739,0,0,0.739
KSHV20231218-7,KSHV20231218_123950_V06,10,3.120,1.200,355,0,0.317,0,0,0.317
KSHV20231218-7,KSHV20231218_123950_V06,11,3.999,1.200,353,0,0.316,0,0,0.316
KSHV20231218-7,KSHV20231218_123950_V06,12,5.098,1.200,353,0,0.317,0,0,0.317
KSHV20231218-8,KSHV20231218_131446_V06,0,0.308,1.200,1191,0,189576.222,106,0,185717.585
KSHV20231218-8,KSHV20231218_131446_V06,4,0.879,1.200,1185,0,161.739,90,0,106.135
KSHV20231218-8,KSHV20231218_131446_V06,6,1.318,1.200,1192,0,26.625,24,0,11.601
KSHV20231218-8,KSHV20231218_131446_V06,8,1.802,1.200,610,0,12.545,6,0,3.098
KSHV20231218-8,KSHV20231218_131446_V06,9,2.417,1.200,614,0,32.813,5,0,6.018
KSHV20231218-8,KSHV20231218_131446_V06,10,3.120,1.200,612,0,4.445,0,0,4.445
KSHV20231218-8,KSHV20231218_131446_V06,11,3.999,1.200,614,0,4.980,0,0,4.980
KSHV20231218-10,KSHV20231218_132541_V06,0,0.308,1.200,7683,0,105287.377,843,0,95103.873
KSHV20231218-10,KSHV20231218_132541_V06,4,0.879,1.200,7681,0,102.914,48,0,41.236
KSHV20231218-10,KSHV20231218_132541_V06,6,1.318,1.200,7681,0,17.970,9,0,12.895
KSHV20231218-10,KSHV20231218_132541_V06,8,1.802,1.200,3848,0,11.183,2,0,9.161
KSHV20231218-10,KSHV20231218_132541_V06,9,2.417,1.200,3852,0,9.185,0,0,9.185
KSHV20231218-10,KSHV20231218_132541_V06,10,3.120,1.200,3852,0,9.203,0,0,9.203
KSHV20231219-1,KSHV20231219_122656_V06,0,0.308,1.200,423,0,38277.319,10,0,38233.433
KSHV20231219-1,KSHV20231219_122656_V06,4,0.879,1.200,424,0,0.870,0,0,0.870
KSHV20231219-1,KSHV20231219_122656_V06,6,1.318,1.200,424,0,0.871,0,0,0.871
KSHV20231219-1,KSHV20231219_122656_V06,8,1.802,1.200,213,0,0.872,0,0,0.872
KSHV20231219-1,KSHV20231219_122656_V06,9,2.417,1.200,213,0,0.873,0,0,0.873
KSHV20231219-4,KSHV20231219_122656_V06,0,0.308,1.200,960,0,13668.974,34,0,13619.656
KSHV20231219-4,KSHV20231219_122656_V06,4,0.879,1.200,959,0,1.062,0,0,1.062
KSHV20231219-4,KSHV20231219_122656_V06,6,1.318,1.200,961,0,1.064,0,0,1.064
KSHV20231219-4,KSHV20231219_122656_V06,8,1.802,1.200,479,0,1.059,0,0,1.059
KSHV20231219-4,KSHV20231219_122656_V06,9,2.417,1.200,479,0,1.059,0,0,1.059
KSHV20231219-4,KSHV20231219_122656_V06,10,3.120,1.200,479,0,1.061,0,0,1.061
KSHV20231219-7,KSHV20231219_130951_V06,0,0.308,1.200,1149,0,4017.232,26,0,3881.924
KSHV20231219-7,KSHV20231219_130951_V06,4,0.879,1.200,1149,0,2.361,0,0,2.361
KSHV20231219-7,KSHV20231219_130951_V06,6,1.318,1.200,1150,0,2.365,0,0,2.365
KSHV20231219-7,KSHV20231219_130951_V06,8,1.802,1.200,575,0,2.365,0,0,2.365
KSHV20231219-7,KSHV20231219_130951_V06,9,2.417,1.200,571,0,2.352,0,0,2.352
KSHV20231220-1,KSHV20231220_122658_V06,0,0.308,1.200,22,0,36.692,0,0,36.692
KSHV20231220-1,KSHV20231220_122658_V06,4,0.879,1.200,23,0,0.053,0,0,0.053
KSHV20231220-1,KSHV20231220_122658_V06,6,1.318,1.200,21,0,0.048,0,0,0.048
KSHV20231220-1,KSHV20231220_122658_V06,8,1.802,1.200,9,0,0.042,0,0,0.042
KSHV20231220-1,KSHV20231220_123516_V06,0,0.308,1.200,541,0,16775.535,27,0,16656.450
KSHV20231220-1,KSHV20231220_123516_V06,4,0.879,1.200,540,0,1.188,0,0,1.188
KSHV20231220-1,KSHV20231220_123516_V06,6,1.318,1.200,540,0,1.190,0,0,1.190
KSHV20231220-1,KSHV20231220_123516_V06,8,1.802,1.200,267,0,1.180,0,0,1.180
KSHV20231220-1,KSHV20231220_123516_V06,9,2.417,1.200,266,0,1.177,0,0,1.177
KSHV20231220-3,KSHV20231220_130921_V06,0,0.308,1.200,49948,118,525965.771,4645,112,516961.042
KSHV20231220-3,KSHV20231220_130921_V06,4,0.879,1.200,49953,5,11162.983,5341,5,10537.730
KSHV20231220-3,KSHV20231220_130921_V06,6,1.318,1.200,49962,2,1164.852,8715,2,975.971
KSHV20231220-3,KSHV20231220_130921_V06,8,1.802,1.200,24977,0,41.133,1243,0,17.199
KSHV20231220-3,KSHV20231220_130921_V06,9,2.417,1.200,24990,0,22.138,1465,0,5.926
KSHV20231220-3,KSHV20231220_130921_V06,10,3.120,1.200,25013,0,12.883,2084,0,6.698
KSHV20231220-3,KSHV20231220_130921_V06,11,3.999,1.200,25045,0,11.017,2133,0,5.348
KSHV20231220-3,KSHV20231220_130921_V06,12,5.098,1.200,25105,0,10.727,1986,0,6.978
KSHV20231220-3,KSHV20231220_130921_V06,13,6.416,1.200,25162,0,8.083,1571,0,5.786
KSHV20231220-3,KSHV20231220_131805_V06,0,0.308,1.200,72719,20,371416.467,5846,20,359156.266
KSHV20231220-3,KSHV20231220_131805_V06,4,0.879,1.200,72735,1,2075.637,11523,1,1819.382
KSHV20231220-3,KSHV20231220_131805_V06,6,1.318,1.200,72750,0,661.222,16175,0,386.990
KSHV20231220-3,KSHV20231220_131805_V06,8,1.802,1.200,36381,0,122.353,2104,0,30.688
KSHV20231220-3,KSHV20231220_131805_V06,9,2.417,1.200,36396,0,50.165,2090,0,17.566
KSHV20231220-3,KSHV20231220_131805_V06,10,3.120,1.200,36425,0,25.666,2582,0,14.727
KSHV20231220-3,KSHV20231220_131805_V06,11,3.999,1.200,36457,0,20.272,2252,0,12.519
KSHV20231220-3,KSHV20231220_131805_V06,12,5.098,1.200,36523,0,19.995,1970,0,15.637
KSHV20231220-3,KSHV20231220_131805_V06,13,6.416,1.200,36618,0,16.360,1587,0,13.150
KSHV20231220-2,KSHV20231220_130037_V06,0,0.308,1.200,167,0,22952.755,2,0,22951.277
KSHV20231220-2,KSHV20231220_130037_V06,4,0.879,1.200,167,0,0.253,0,0,0.253
KSHV20231220-2,KSHV20231220_130037_V06,6,1.318,1.200,167,0,0.253,0,0,0.253
KSHV20231220-2,KSHV20231220_130037_V06,8,1.802,1.200,81,0,0.245,0,0,0.245
KSHV20231220-2,KSHV20231220_130037_V06,9,2.417,1.200,81,0,0.245,0,0,0.245
KSHV20231220-4,KSHV20231220_141903_V06,0,0.308,1.200,12892,0,68972.596,1116,0,24140.065
KSHV20231220-4,KSHV20231220_141903_V06,4,0.879,1.200,12898,0,378.382,10,0,134.583
KSHV20231220-4,KSHV20231220_141903_V06,6,1.318,1.200,12909,0,116.700,5,0,55.922
KSHV20231220-4,KSHV20231220_142747_V06,0,0.308,1.200,8226,0,39690.965,626,0,18888.052
KSHV20231220-4,KSHV20231220_142747_V06,4,0.879,1.200,8234,0,539.923,15,0,183.982
KSHV20231220-4,KSHV20231220_142747_V06,6,1.318,1.200,8234,0,81.566,1,0,66.553
KSHV20231221-1,KSHV20231221_131233_V06,0,0.308,1.200,20449,31,246243.968,1009,30,242695.119
KSHV20231221-1,KSHV20231221_131233_V06,4,0.879,1.200,20452,17,7420.685,2056,17,6831.782
KSHV20231221-1,KSHV20231221_131233_V06,6,1.318,1.200,20459,3,828.723,3007,3,760.051
KSHV20231221-1,KSHV20231221_131233_V06,8,1.802,1.200,10234,0,23.586,815,0,13.567
KSHV20231221-1,KSHV20231221_131233_V06,9,2.417,1.200,10242,0,3.408,626,0,2.000
KSHV20231221-1,KSHV20231221_131233_V06,10,3.120,1.200,10249,0,5.469,846,0,2.420
KSHV20231221-1,KSHV20231221_131233_V06,11,3.999,1.200,10255,0,14.150,1362,0,3.322
KSHV20231221-1,KSHV20231221_131233_V06,12,5.098,1.200,10277,0,16.178,1541,0,5.477
KSHV20231221-1,KSHV20231221_131233_V06,13,6.416,1.200,10310,0,9.443,1511,0,4.190
KSHV20231222-1,KSHV20231222_121705_V06,0,0.308,1.200,1058,0,42327.308,78,0,41789.117
KSHV20231222-1,KSHV20231222_121705_V06,4,0.879,1.200,1056,0,4.986,1,0,3.813
KSHV20231222-1,KSHV20231222_121705_V06,6,1.318,1.200,1058,0,1.173,0,0,1.173
KSHV20231222-1,KSHV20231222_121705_V06,8,1.802,1.200,535,0,1.190,0,0,1.190
KSHV20231222-1,KSHV20231222_121705_V06,9,2.417,1.200,535,0,1.191,0,0,1.191
KSHV20231222-1,KSHV20231222_121705_V06,10,3.120,1.200,535,0,1.194,0,0,1.194
KSHV20231222-1,KSHV20231222_122240_V06,0,0.308,1.200,3206,0,18282.953,218,0,16753.665
KSHV20231222-1,KSHV20231222_122240_V06,4,0.879,1.200,3207,0,16.828,5,0,8.327
KSHV20231222-1,KSHV20231222_122240_V06,6,1.318,1.200,3207,0,4.768,1,0,4.250
KSHV20231222-1,KSHV20231222_122240_V06,8,1.802,1.200,1604,0,3.598,0,0,3.598
KSHV20231222-1,KSHV20231222_122240_V06,9,2.417,1.200,1605,0,3.606,0,0,3.606
KSHV20231222-1,KSHV20231222_122240_V06,10,3.120,1.200,1602,0,3.607,0,0,3.607
KSHV20231222-1,KSHV20231222_122813_V06,0,0.308,1.200,7060,0,14387.362,255,0,12223.334
KSHV20231222-1,KSHV20231222_122813_V06,4,0.879,1.200,7061,0,87.570,35,0,34.707
KSHV20231222-1,KSHV20231222_122813_V06,6,1.318,1.200,7056,0,142.440,72,0,28.470
KSHV20231222-1,KSHV20231222_122813_V06,8,1.802,1.200,3532,0,8.252,0,0,8.252
KSHV20231222-1,KSHV20231222_122813_V06,9,2.417,1.200,3533,0,8.257,0,0,8.257
KSHV20231222-1,KSHV20231222_122813_V06,10,3.120,1.200,3540,0,8.295,0,0,8.295
KSHV20231222-1,KSHV20231222_123339_V06,0,0.308,1.200,7112,0,8137.396,228,0,7091.499
KSHV20231222-1,KSHV20231222_123339_V06,4,0.879,1.200,7116,0,109.693,47,0,26.429
KSHV20231222-1,KSHV20231222_123339_V06,6,1.318,1.200,7116,0,220.745,94,0,57.979
KSHV20231222-1,KSHV20231222_123339_V06,8,1.802,1.200,3557,0,8.906,0,0,8.906
KSHV20231222-1,KSHV20231222_123339_V06,9,2.417,1.200,3558,0,8.918,0,0,8.918
KSHV20231222-1,KSHV20231222_123339_V06,10,3.120,1.200,3564,0,8.944,0,0,8.944
KSHV20231222-1,KSHV20231222_123905_V06,0,0.308,1.200,8389,0,2979.397,182,0,2499.015
KSHV20231222-1,KSHV20231222_123905_V06,4,0.879,1.200,8384,0,797.969,245,0,139.723
KSHV20231222-1,KSHV20231222_123905_V06,6,1.318,1.200,8379,0,769.157,272,0,120.338
KSHV20231222-1,KSHV20231222_123905_V06,8,1.802,1.200,4194,0,45.435,3,0,30.965
KSHV20231222-1,KSHV20231222_123905_V06,9,2.417,1.200,4191,0,15.590,0,0,15.590
KSHV20231222-1,KSHV20231222_123905_V06,10,3.120,1.200,4193,0,11.163,0,0,11.163
KSHV20231222-1,KSHV20231222_124430_V06,0,0.308,1.200,9707,0,1216.774,164,0,900.287
KSHV20231222-1,KSHV20231222_124430_V06,4,0.879,1.200,9705,0,983.946,259,0,152.607
KSHV20231222-1,KSHV20231222_124430_V06,6,1.318,1.200,9715,0,1121.638,409,0,244.645
KSHV20231222-1,KSHV20231222_124430_V06,8,1.802,1.200,4861,0,41.667,2,0,31.302
KSHV20231222-1,KSHV20231222_124430_V06,9,2.417,1.200,4868,0,13.720,0,0,13.720
KSHV20231222-1,KSHV20231222_124430_V06,10,3.120,1.200,4871,0,13.749,0,0,13.749
KSHV20231222-1,KSHV20231222_124937_V06,0,0.308,1.200,11020,0,1122.489,132,0,906.932
KSHV20231222-1,KSHV20231222_124937_V06,4,0.879,1.200,11023,0,998.569,301,0,175.885
KSHV20231222-1,KSHV20231222_124937_V06,6,1.318,1.200,11028,0,1051.933,403,0,183.772
KSHV20231222-1,KSHV20231222_124937_V06,8,1.802,1.200,5512,0,67.741,2,0,59.018
KSHV20231222-1,KSHV20231222_124937_V06,9,2.417,1.200,5519,0,16.411,0,0,16.411
KSHV20231222-1,KSHV20231222_125444_V06,0,0.308,1.200,10758,0,2100.280,294,0,1529.673
KSHV20231222-1,KSHV20231222_125444_V06,4,0.879,1.200,10763,0,840.288,280,0,156.318
KSHV20231222-1,KSHV20231222_125444_V06,6,1.318,1.200,10764,0,1165.544,454,0,217.929
KSHV20231222-1,KSHV20231222_125444_V06,8,1.802,1.200,5381,0,16.135,0,0,16.135
KSHV20231222-1,KSHV20231222_125444_V06,9,2.417,1.200,5387,0,19.477,0,0,19.477
KSHV20231222-1,KSHV20231222_125444_V06,10,3.120,1.200,5394,0,13.607,0,0,13.607
KSHV20231222-5,KSHV20231222_131011_V06,0,0.308,1.200,4077,52,118443.063,300,46,114389.888
KSHV20231222-5,KSHV20231222_131011_V06,4,0.879,1.200,4076,0,6117.279,520,0,5651.233
KSHV20231222-5,KSHV20231222_131011_V06,6,1.318,1.200,4077,0,103.641,924,0,95.552
KSHV20231222-5,KSHV20231222_131011_V06,8,1.802,1.200,2036,0,3.781,208,0,3.080
KSHV20231222-5,KSHV20231222_131011_V06,9,2.417,1.200,2037,0,1.262,169,0,0.853
KSHV20231222-5,KSHV20231222_131011_V06,10,3.120,1.200,2039,0,0.698,132,0,0.445
KSHV20231222-5,KSHV20231222_131011_V06,11,3.999,1.200,2042,0,0.421,62,0,0.328
KSHV20231222-5,KSHV20231222_131011_V06,12,5.098,1.200,2044,0,0.889,79,0,0.502
KSHV20231222-5,KSHV20231222_131011_V06,13,6.416,1.200,2048,0,10.274,275,0,2.128
KSHV20231223-6,KSHV20231223_121550_V06,0,0.308,1.200,184,0,1306.022,7,0,1294.529
KSHV20231223-6,KSHV20231223_121550_V06,4,0.879,1.200,183,0,0.202,0,0,0.202
KSHV20231223-6,KSHV20231223_121550_V06,6,1.318,1.200,183,0,1.471,1,0,1.089
KSHV20231223-6,KSHV20231223_121550_V06,8,1.802,1.200,86,0,0.190,0,0,0.190
KSHV20231223-6,KSHV20231223_121550_V06,9,2.417,1.200,86,0,0.190,0,0,0.190
KSHV20231223-6,KSHV20231223_121550_V06,10,3.120,1.200,86,0,0.191,0,0,0.191
KSHV20231223-6,KSHV20231223_122412_V06,0,0.308,1.200,1097,0,11355.187,30,0,11001.504
KSHV20231223-6,KSHV20231223_122412_V06,4,0.879,1.200,1095,0,10.368,15,0,3.532
KSHV20231223-6,KSHV20231223_122412_V06,6,1.318,1.200,1097,0,40.354,58,0,12.200
KSHV20231223-6,KSHV20231223_122412_V06,8,1.802,1.200,557,0,52.257,12,0,14.306
KSHV20231223-6,KSHV20231223_122412_V06,9,2.417,1.200,558,0,6.699,0,0,6.699
KSHV20231223-6,KSHV20231223_122412_V06,10,3.120,1.200,561,0,1.245,0,0,1.245
KSHV20231223-6,KSHV20231223_123240_V06,0,0.308,1.200,1017,0,27868.412,36,0,27719.931
KSHV20231223-6,KSHV20231223_123240_V06,4,0.879,1.200,1019,0,2.905,3,0,1.521
KSHV20231223-6,KSHV20231223_123240_V06,6,1.318,1.200,1019,0,53.372,71,0,16.825
KSHV20231223-6,KSHV20231223_123240_V06,8,1.802,1.200,497,0,12.134,4,0,1.095
KSHV20231223-6,KSHV20231223_123240_V06,9,2.417,1.200,497,0,9.134,2,0,4.269
KSHV20231223-6,KSHV20231223_123240_V06,10,3.120,1.200,500,0,7.639,0,0,7.639
KSHV20231223-6,KSHV20231223_124101_V06,0,0.308,1.200,1121,0,23455.389,18,0,23374.052
KSHV20231223-6,KSHV20231223_124101_V06,4,0.879,1.200,1119,0,6.526,4,0,5.004
KSHV20231223-6,KSHV20231223_124101_V06,6,1.318,1.200,1121,0,34.247,51,0,7.547
KSHV20231223-6,KSHV20231223_124101_V06,8,1.802,1.200,556,0,19.046,0,0,19.046
KSHV20231223-6,KSHV20231223_124101_V06,9,2.417,1.200,555,0,1.235,0,0,1.235
KSHV20231223-6,KSHV20231223_124101_V06,10,3.120,1.200,557,0,1.241,0,0,1.241
KSHV20231223-6,KSHV20231223_124924_V06,0,0.308,1.200,1242,0,22640.639,32,0,22576.880
KSHV20231223-6,KSHV20231223_124924_V06,4,0.879,1.200,1243,0,4.108,3,0,2.651
KSHV20231223-6,KSHV20231223_124924_V06,6,1.318,1.200,1239,0,34.940,45,0,10.610
KSHV20231223-6,KSHV20231223_124924_V06,8,1.802,1.200,603,0,11.681,2,0,5.239
KSHV20231223-6,KSHV20231223_124924_V06,9,2.417,1.200,604,0,32.308,8,0,9.468
KSHV20231223-6,KSHV20231223_124924_V06,10,3.120,1.200,601,0,4.807,0,0,4.807
KSHV20231223-6,KSHV20231223_130613_V06,0,0.308,1.200,1470,0,2441.019,28,0,2385.500
KSHV20231223-6,KSHV20231223_130613_V06,4,0.879,1.200,1471,0,2.670,2,0,1.630
KSHV20231223-6,KSHV20231223_130613_V06,6,1.318,1.200,1472,0,16.983,24,0,5.768
KSHV20231223-6,KSHV20231223_130613_V06,8,1.802,1.200,733,0,3.652,1,0,1.624
KSHV20231223-6,KSHV20231223_130613_V06,9,2.417,1.200,736,0,4.519,1,0,1.632
KSHV20231223-6,KSHV20231223_130613_V06,10,3.120,1.200,733,0,1.630,0,0,1.630
KSHV20231223-6,KSHV20231223_131436_V06,0,0.308,1.200,1597,0,8270.820,49,0,6967.550
KSHV20231223-6,KSHV20231223_131436_V06,4,0.879,1.200,1598,0,3807.771,91,0,4.852
KSHV20231223-6,KSHV20231223_131436_V06,6,1.318,1.200,1597,0,3196.571,120,0,3.749
KSHV20231223-6,KSHV20231223_131436_V06,8,1.802,1.200,798,0,2112.955,48,0,1.677
KSHV20231223-6,KSHV20231223_131436_V06,9,2.417,1.200,798,0,352.596,39,0,12.286
KSHV20231223-6,KSHV20231223_131436_V06,10,3.120,1.200,799,0,1.774,0,0,1.774
KSHV20231223-6,KSHV20231223_132259_V06,0,0.308,1.200,1736,0,5927.266,148,0,2316.096
KSHV20231223-6,KSHV20231223_132259_V06,4,0.879,1.200,1736,0,2918.114,151,0,17.520
KSHV20231223-6,KSHV20231223_132259_V06,6,1.318,1.200,1731,0,2072.391,151,0,11.455
KSHV20231223-6,KSHV20231223_132259_V06,8,1.802,1.200,863,0,978.143,28,0,5.768
KSHV20231223-6,KSHV20231223_132259_V06,9,2.417,1.200,865,0,128.483,16,0,13.991
KSHV20231223-6,KSHV20231223_132259_V06,10,3.120,1.200,870,0,1.936,0,0,1.936
KSHV20231223-6,KSHV20231223_133121_V06,0,0.308,1.200,4152,0,62962.121,478,0,570.848
KSHV20231223-6,KSHV20231223_133121_V06,4,0.879,1.200,4157,0,23949.718,467,0,125.702
KSHV20231223-6,KSHV20231223_133121_V06,6,1.318,1.200,4156,0,22744.416,451,0,168.675
KSHV20231223-6,KSHV20231223_133121_V06,8,1.802,1.200,2088,0,417.090,12,0,16.350
KSHV20231223-6,KSHV20231223_133121_V06,9,2.417,1.200,2092,0,5.820,0,0,5.820
KSHV20231223-6,KSHV20231223_133121_V06,10,3.120,1.200,2094,0,5.835,0,0,5.835
KSHV20231223-6,KSHV20231223_133937_V06,0,0.308,1.200,5411,0,48241.382,373,0,1060.886
KSHV20231223-6,KSHV20231223_133937_V06,4,0.879,1.200,5410,0,6116.186,250,0,119.225
KSHV20231223-6,KSHV20231223_133937_V06,6,1.318,1.200,5410,0,1323.625,208,0,90.485
KSHV20231223-6,KSHV20231223_133937_V06,8,1.802,1.200,2707,0,7.835,0,0,7.835
KSHV20231223-6,KSHV20231223_133937_V06,9,2.417,1.200,2709,0,7.850,0,0,7.850
KSHV20231223-6,KSHV20231223_133937_V06,10,3.120,1.200,2712,0,7.868,0,0,7.868
KSHV20231223-6,KSHV20231223_134800_V06,0,0.308,1.200,6056,0,8511.419,215,0,1615.706
KSHV20231223-6,KSHV20231223_134800_V06,4,0.879,1.200,6059,0,1109.621,116,0,67.965
KSHV20231223-6,KSHV20231223_134800_V06,6,1.318,1.200,6061,0,316.287,81,0,55.660
KSHV20231223-6,KSHV20231223_134800_V06,8,1.802,1.200,3026,0,8.871,0,0,8.871
KSHV20231223-6,KSHV20231223_134800_V06,9,2.417,1.200,3030,0,8.892,0,0,8.892
KSHV20231223-2,KSHV20231223_121550_V06,0,0.308,1.200,1102,0,18989.930,293,0,13.053
KSHV20231223-2,KSHV20231223_121550_V06,4,0.879,1.200,1102,0,10085.620,326,0,22.366
KSHV20231223-2,KSHV20231223_121550_V06,6,1.318,1.200,1103,0,12664.666,353,0,34.193
KSHV20231223-2,KSHV20231223_121550_V06,8,1.802,1.200,550,0,5194.675,131,0,9.271
KSHV20231223-2,KSHV20231223_121550_V06,9,2.417,1.200,552,0,2056.269,112,0,8.953
KSHV20231223-2,KSHV20231223_121550_V06,10,3.120,1.200,554,0,39.072,10,0,6.250
KSHV20231223-2,KSHV20231223_122412_V06,0,0.308,1.200,3878,0,8763.489,348,0,59.399
KSHV20231223-2,KSHV20231223_122412_V06,4,0.879,1.200,3881,0,5025.285,365,0,21.679
KSHV20231223-2,KSHV20231223_122412_V06,6,1.318,1.200,3884,0,3743.739,406,0,29.118
KSHV20231223-2,KSHV20231223_122412_V06,8,1.802,1.200,1946,0,3184.314,145,0,10.636
KSHV20231223-2,KSHV20231223_122412_V06,9,2.417,1.200,1946,0,821.030,98,0,13.242
KSHV20231223-2,KSHV20231223_122412_V06,10,3.120,1.200,1945,0,193.387,57,0,32.284
KSHV20231223-2,KSHV20231223_123240_V06,0,0.308,1.200,6075,0,3177.620,372,0,65.289
KSHV20231223-2,KSHV20231223_123240_V06,4,0.879,1.200,6080,0,2037.511,374,0,23.788
KSHV20231223-2,KSHV20231223_123240_V06,6,1.318,1.200,6079,0,1899.402,392,0,25.440
KSHV20231223-2,KSHV20231223_123240_V06,8,1.802,1.200,3044,0,1819.762,93,0,20.101
KSHV20231223-2,KSHV20231223_123240_V06,9,2.417,1.200,3043,0,741.721,96,0,22.919
KSHV20231223-2,KSHV20231223_123240_V06,10,3.120,1.200,3043,0,139.224,81,0,18.039
KSHV20231223-2,KSHV20231223_124101_V06,0,0.308,1.200,8071,0,2539.479,386,0,77.341
KSHV20231223-2,KSHV20231223_124101_V06,4,0.879,1.200,8070,0,818.302,304,0,26.101
KSHV20231223-2,KSHV20231223_124101_V06,6,1.318,1.200,8070,0,670.363,325,0,17.477
KSHV20231223-2,KSHV20231223_124101_V06,8,1.802,1.200,4035,0,559.291,79,0,16.162
KSHV20231223-2,KSHV20231223_124101_V06,9,2.417,1.200,4040,0,398.590,68,0,14.710
KSHV20231223-2,KSHV20231223_124101_V06,10,3.120,1.200,4045,0,263.497,141,0,36.728
KSHV20231223-2,KSHV20231223_124924_V06,0,0.308,1.200,5624,0,839.563,339,0,344.120
KSHV20231223-2,KSHV20231223_124924_V06,4,0.879,1.200,5626,0,383.184,255,0,13.160
KSHV20231223-2,KSHV20231223_124924_V06,6,1.318,1.200,5626,0,326.371,250,0,11.187
KSHV20231223-2,KSHV20231223_124924_V06,8,1.802,1.200,2818,0,209.049,48,0,7.535
KSHV20231223-2,KSHV20231223_124924_V06,9,2.417,1.200,2816,0,249.218,60,0,10.901
KSHV20231223-2,KSHV20231223_124924_V06,10,3.120,1.200,2815,0,267.379,142,0,16.011
KSHV20231223-2,KSHV20231223_124924_V06,11,3.999,1.200,2821,0,25.508,18,0,9.310
KSHV20231223-5,KSHV20231223_121550_V06,0,0.308,1.200,500,0,5098.973,149,0,199.449
KSHV20231223-5,KSHV20231223_121550_V06,4,0.879,1.200,497,0,3526.360,124,0,183.985
KSHV20231223-5,KSHV20231223_121550_V06,6,1.318,1.200,497,0,263.165,29,0,59.335
KSHV20231223-5,KSHV20231223_122412_V06,0,0.308,1.200,1893,0,9055.885,176,0,226.093
KSHV20231223-5,KSHV20231223_122412_V06,4,0.879,1.200,1894,0,3987.153,175,0,333.438
KSHV20231223-5,KSHV20231223_122412_V06,6,1.318,1.200,1897,0,973.455,78,0,201.380
KSHV20231223-10,KSHV20231223_122412_V06,0,0.308,1.200,138,0,8261.516,9,0,8253.496
KSHV20231223-10,KSHV20231223_122412_V06,4,0.879,1.200,137,0,0.064,0,0,0.064
KSHV20231223-10,KSHV20231223_122412_V06,6,1.318,1.200,137,0,0.064,0,0,0.064
KSHV20231223-10,KSHV20231223_122412_V06,8,1.802,1.200,70,0,0.065,0,0,0.065
KSHV20231223-10,KSHV20231223_122412_V06,9,2.417,1.200,69,0,0.065,0,0,0.065
KSHV20231223-10,KSHV20231223_122412_V06,10,3.120,1.200,67,0,0.063,0,0,0.063
KSHV20231223-10,KSHV20231223_122412_V06,11,3.999,1.200,68,0,0.064,0,0,0.064
KSHV20231223-10,KSHV20231223_122412_V06,12,5.098,1.200,69,0,0.065,0,0,0.065
KSHV20231223-10,KSHV20231223_123240_V06,0,0.308,1.200,1889,0,29874.895,129,0,29702.940
KSHV20231223-10,KSHV20231223_123240_V06,4,0.879,1.200,1893,0,42.687,41,0,37.269
KSHV20231223-10,KSHV20231223_123240_V06,6,1.318,1.200,1892,0,1.419,4,0,1.081
KSHV20231223-10,KSHV20231223_123240_V06,8,1.802,1.200,946,0,0.868,0,0,0.868
KSHV20231223-10,KSHV20231223_123240_V06,9,2.417,1.200,947,0,0.870,0,0,0.870
KSHV20231223-10,KSHV20231223_123240_V06,10,3.120,1.200,948,0,16.950,13,0,9.669
KSHV20231223-10,KSHV20231223_123240_V06,11,3.999,1.200,947,0,26.658,33,0,4.523
KSHV20231223-10,KSHV20231223_123240_V06,12,5.098,1.200,951,0,0.877,0,0,0.877
KSHV20231223-22,KSHV20231223_130613_V06,0,0.308,1.200,5810,0,2822.292,129,0,382.233
KSHV20231223-22,KSHV20231223_130613_V06,4,0.879,1.200,5812,0,2094.822,104,0,582.359
KSHV20231223-22,KSHV20231223_130613_V06,6,1.318,1.200,5812,0,212.184,19,0,104.462
KSHV20231223-22,KSHV20231223_130613_V06,8,1.802,1.200,2910,0,17.872,0,0,17.872
KSHV20231225-1,KSHV20231225_131327_V06,0,0.308,1.200,10771,9,158694.826,518,9,155491.333
KSHV20231225-1,KSHV20231225_131327_V06,4,0.879,1.200,10768,0,472.721,883,0,450.045
KSHV20231225-1,KSHV20231225_131327_V06,6,1.318,1.200,10770,0,43.226,1993,0,28.916
KSHV20231225-1,KSHV20231225_131327_V06,8,1.802,1.200,5393,0,7.832,446,0,4.832
KSHV20231225-1,KSHV20231225_131327_V06,9,2.417,1.200,5395,0,5.370,399,0,2.612
KSHV20231225-1,KSHV20231225_131327_V06,10,3.120,1.200,5398,0,6.155,524,0,3.749
KSHV20231225-1,KSHV20231225_131327_V06,11,3.999,1.200,5397,0,4.452,567,0,2.568
KSHV20231225-1,KSHV20231225_131327_V06,12,5.098,1.200,5405,0,4.974,699,0,3.246
KSHV20231225-1,KSHV20231225_131327_V06,13,6.416,1.200,5413,0,4.784,513,0,3.049
KSHV20231226-8,KSHV20231226_130638_V06,0,0.308,1.200,275,0,579520.125,3,0,579517.299
KSHV20231226-8,KSHV20231226_130638_V06,4,0.879,1.200,277,0,72.476,17,0,49.073
KSHV20231226-8,KSHV20231226_130638_V06,6,1.318,1.200,277,0,0.445,0,0,0.445
KSHV20231226-8,KSHV20231226_130638_V06,8,1.802,1.200,140,0,0.450,0,0,0.450
KSHV20231226-8,KSHV20231226_130638_V06,9,2.417,1.200,140,0,0.450,0,0,0.450
KSHV20231226-8,KSHV20231226_131522_V06,0,0.308,1.200,2984,0,482831.014,227,0,480453.847
KSHV20231226-8,KSHV20231226_131522_V06,4,0.879,1.200,2985,0,237.743,44,0,167.108
KSHV20231226-8,KSHV20231226_131522_V06,6,1.318,1.200,2989,0,4.806,0,0,4.806
KSHV20231226-8,KSHV20231226_131522_V06,8,1.802,1.200,1499,0,4.823,0,0,4.823
KSHV20231226-8,KSHV20231226_131522_V06,9,2.417,1.200,1496,0,4.820,0,0,4.820
KSHV20231226-8,KSHV20231226_132406_V06,0,0.308,1.200,7459,0,504355.263,952,0,487149.016
KSHV20231226-8,KSHV20231226_132406_V06,4,0.879,1.200,7456,0,306.434,42,0,162.240
KSHV20231226-8,KSHV20231226_132406_V06,6,1.318,1.200,7457,0,18.131,3,0,12.586
KSHV20231226-8,KSHV20231226_132406_V06,8,1.802,1.200,3740,0,11.207,0,0,11.207
KSHV20231226-8,KSHV20231226_132406_V06,9,2.417,1.200,3750,0,11.251,0,0,11.251
KSHV20231226-8,KSHV20231226_132927_V06,0,0.308,1.200,8336,0,259231.094,1075,0,247134.914
KSHV20231226-8,KSHV20231226_132927_V06,4,0.879,1.200,8347,0,461.435,49,0,228.322
KSHV20231226-8,KSHV20231226_132927_V06,6,1.318,1.200,8347,0,32.766,3,0,15.700
KSHV20231226-8,KSHV20231226_132927_V06,8,1.802,1.200,4169,0,13.292,0,0,13.292
KSHV20231226-8,KSHV20231226_132927_V06,9,2.417,1.200,4172,0,13.320,0,0,13.320
KSHV20231226-9,KSHV20231226_131522_V06,0,0.308,1.200,377,0,8505.519,27,0,8126.793
KSHV20231226-9,KSHV20231226_131522_V06,4,0.879,1.200,377,0,28.712,0,0,28.712
KSHV20231226-9,KSHV20231226_131522_V06,6,1.318,1.200,379,0,1.501,0,0,1.501
KSHV20231226-9,KSHV20231226_132406_V06,0,0.308,1.200,1188,0,362771.180,88,0,283035.957
KSHV20231226-9,KSHV20231226_132406_V06,4,0.879,1.200,1188,0,11479.655,137,0,6363.608
KSHV20231226-9,KSHV20231226_132406_V06,6,1.318,1.200,1187,0,272.048,14,0,154.675
KSHV20231226-9,KSHV20231226_132927_V06,0,0.308,1.200,1397,0,732475.609,77,0,669235.524
KSHV20231226-9,KSHV20231226_132927_V06,4,0.879,1.200,1398,0,11007.353,170,0,6503.962
KSHV20231226-9,KSHV20231226_132927_V06,6,1.318,1.200,1402,0,42.057,4,0,21.428
KSHV20231226-1,KSHV20231226_123142_V06,0,0.308,1.200,145,0,137980.812,1,0,137952.621
KSHV20231226-1,KSHV20231226_123142_V06,4,0.879,1.200,147,0,83.614,5,0,72.021
KSHV20231226-1,KSHV20231226_123142_V06,6,1.318,1.200,145,0,0.305,0,0,0.305
KSHV20231226-1,KSHV20231226_123142_V06,8,1.802,1.200,72,0,0.302,0,0,0.302
KSHV20231226-1,KSHV20231226_123142_V06,9,2.417,1.200,72,0,0.302,0,0,0.302
KSHV20231226-1,KSHV20231226_124025_V06,0,0.308,1.200,1576,0,34615.989,200,0,32194.792
KSHV20231226-1,KSHV20231226_124025_V06,4,0.879,1.200,1575,0,63.095,3,0,40.180
KSHV20231226-1,KSHV20231226_124025_V06,6,1.318,1.200,1577,0,3.334,0,0,3.334
KSHV20231226-1,KSHV20231226_124025_V06,8,1.802,1.200,749,0,3.168,0,0,3.168
KSHV20231226-1,KSHV20231226_124025_V06,9,2.417,1.200,755,0,3.200,0,0,3.200
KSHV20231226-7,KSHV20231226_130638_V06,0,0.308,1.200,58,0,17128.817,0,0,17128.817
KSHV20231226-7,KSHV20231226_130638_V06,4,0.879,1.200,57,0,14.525,1,0,6.939
KSHV20231226-7,KSHV20231226_130638_V06,6,1.318,1.200,57,0,0.210,0,0,0.210
KSHV20231226-7,KSHV20231226_131522_V06,0,0.308,1.200,893,0,323389.993,44,0,321973.848
KSHV20231226-7,KSHV20231226_131522_V06,4,0.879,1.200,892,0,1888.813,41,0,1023.609
KSHV20231226-7,KSHV20231226_131522_V06,6,1.318,1.200,890,0,3.309,0,0,3.309
KSHV20231226-2,KSHV20231226_123142_V06,0,0.308,1.200,1250,0,54803.404,148,0,53564.312
KSHV20231226-2,KSHV20231226_123142_V06,4,0.879,1.200,1252,0,3.723,3,0,2.370
KSHV20231226-2,KSHV20231226_123142_V06,6,1.318,1.200,1251,0,1.362,0,0,1.362
KSHV20231226-2,KSHV20231226_123142_V06,8,1.802,1.200,623,0,1.356,0,0,1.356
KSHV20231226-2,KSHV20231226_123142_V06,9,2.417,1.200,623,0,1.358,0,0,1.358
KSHV20231226-2,KSHV20231226_123142_V06,10,3.120,1.200,622,0,1.357,0,0,1.357
KSHV20231226-10,KSHV20231226_132406_V06,0,0.308,1.200,1671,0,74973.277,106,0,73019.434
KSHV20231226-10,KSHV20231226_132406_V06,4,0.879,1.200,1672,0,102.864,18,0,68.471
KSHV20231226-10,KSHV20231226_132406_V06,6,1.318,1.200,1673,0,1.308,0,0,1.308
KSHV20231226-10,KSHV20231226_132406_V06,8,1.802,1.200,835,0,1.306,0,0,1.306
KSHV20231226-10,KSHV20231226_132406_V06,9,2.417,1.200,838,0,1.313,0,0,1.313
KSHV20231226-10,KSHV20231226_132406_V06,10,3.120,1.200,841,0,1.320,0,0,1.320
KSHV20231226-10,KSHV20231226_132406_V06,11,3.999,1.200,840,0,1.320,0,0,1.320
KSHV20231227-8,KSHV20231227_132309_V06,0,0.308,1.200,465,41,2404697.283,17,37,2403633.465
KSHV20231227-8,KSHV20231227_132309_V06,4,0.879,1.200,465,0,12094.797,53,0,5375.226
KSHV20231227-8,KSHV20231227_132309_V06,6,1.318,1.200,464,0,91.976,3,0,67.124
KSHV20231227-8,KSHV20231227_132309_V06,8,1.802,1.200,232,0,1.134,0,0,1.134
KSHV20231227-8,KSHV20231227_132828_V06,0,0.308,1.200,1814,0,903839.700,117,0,877122.046
KSHV20231227-8,KSHV20231227_132828_V06,4,0.879,1.200,1813,0,2951.602,76,0,1341.022
KSHV20231227-8,KSHV20231227_132828_V06,6,1.318,1.200,1811,0,475.107,41,0,249.061
KSHV20231227-8,KSHV20231227_132828_V06,8,1.802,1.200,909,0,326.384,4,0,149.734
KSHV20231227-8,KSHV20231227_133402_V06,0,0.308,1.200,3756,2,1407976.890,360,2,1376262.151
KSHV20231227-8,KSHV20231227_133402_V06,4,0.879,1.200,3759,0,53757.236,154,0,11086.660
KSHV20231227-8,KSHV20231227_133402_V06,6,1.318,1.200,3756,0,1583.152,108,0,1005.594
KSHV20231227-8,KSHV20231227_133402_V06,8,1.802,1.200,1880,0,132.099,1,0,122.022
KSHV20231227-8,KSHV20231227_133936_V06,0,0.308,1.200,5831,14,1619115.377,601,13,1507178.776
KSHV20231227-8,KSHV20231227_133936_V06,4,0.879,1.200,5826,0,13012.929,245,0,3905.578
KSHV20231227-8,KSHV20231227_133936_V06,6,1.318,1.200,5830,0,2731.919,170,0,1578.695
KSHV20231227-8,KSHV20231227_133936_V06,8,1.802,1.200,2914,0,231.878,5,0,145.918
KSHV20231227-1,KSHV20231227_122121_V06,0,0.308,1.200,82,1,89192.948,4,1,89151.001
KSHV20231227-1,KSHV20231227_122121_V06,4,0.879,1.200,83,0,22.273,0,0,22.273
KSHV20231227-1,KSHV20231227_122121_V06,6,1.318,1.200,83,0,0.106,0,0,0.106
KSHV20231227-1,KSHV20231227_122121_V06,8,1.802,1.200,33,0,0.084,0,0,0.084
KSHV20231227-1,KSHV20231227_122121_V06,9,2.417,1.200,33,0,0.084,0,0,0.084
KSHV20231227-1,KSHV20231227_122121_V06,10,3.120,1.200,33,0,0.084,0,0,0.084
KSHV20231227-1,KSHV20231227_122948_V06,0,0.308,1.200,1098,0,151542.188,53,0,148090.059
KSHV20231227-1,KSHV20231227_122948_V06,4,0.879,1.200,1098,0,23.480,4,0,22.159
KSHV20231227-1,KSHV20231227_122948_V06,6,1.318,1.200,1094,0,1.248,0,0,1.248
KSHV20231227-1,KSHV20231227_122948_V06,8,1.802,1.200,551,0,1.257,0,0,1.257
KSHV20231227-1,KSHV20231227_122948_V06,9,2.417,1.200,551,0,5.448,0,0,5.448
KSHV20231227-1,KSHV20231227_122948_V06,10,3.120,1.200,558,0,1.277,0,0,1.277
KSHV20231227-5,KSHV20231227_122121_V06,0,0.308,1.200,745,0,81913.308,30,0,80325.855
KSHV20231227-5,KSHV20231227_122121_V06,4,0.879,1.200,744,0,1.563,0,0,1.563
KSHV20231227-5,KSHV20231227_122121_V06,6,1.318,1.200,745,0,1.566,0,0,1.566
KSHV20231227-5,KSHV20231227_122121_V06,8,1.802,1.200,373,0,1.575,0,0,1.575
KSHV20231227-5,KSHV20231227_122121_V06,9,2.417,1.200,376,0,1.589,0,0,1.589
KSHV20231227-6,KSHV20231227_131425_V06,0,0.308,1.200,1095,4,1539004.626,56,4,1527988.275
KSHV20231227-6,KSHV20231227_131425_V06,4,0.879,1.200,1094,0,5987.086,84,0,5314.672
KSHV20231227-6,KSHV20231227_131425_V06,6,1.318,1.200,1095,0,1753.821,93,0,1317.678
KSHV20231227-6,KSHV20231227_131425_V06,8,1.802,1.200,539,0,112.146,3,0,66.920
KSHV20231227-6,KSHV20231227_131425_V06,9,2.417,1.200,535,0,79.904,6,0,14.442
KSHV20231227-7,KSHV20231227_131425_V06,0,0.308,1.200,403,0,81054.888,18,0,80029.428
KSHV20231227-7,KSHV20231227_131425_V06,4,0.879,1.200,403,0,50.370,7,0,27.693
KSHV20231227-7,KSHV20231227_131425_V06,6,1.318,1.200,403,0,3.530,3,0,1.099
KSHV20231227-7,KSHV20231227_131425_V06,8,1.802,1.200,204,0,0.528,0,0,0.528
KSHV20231227-7,KSHV20231227_131425_V06,9,2.417,1.200,203,0,0.525,0,0,0.525
KSHV20231227-7,KSHV20231227_131425_V06,10,3.120,1.200,204,0,0.529,0,0,0.529
KSHV20231227-9,KSHV20231227_132309_V06,0,0.308,1.200,2696,0,94338.904,391,0,84502.163
KSHV20231227-9,KSHV20231227_132309_V06,4,0.879,1.200,2696,0,2062.318,127,0,733.272
KSHV20231227-9,KSHV20231227_132309_V06,6,1.318,1.200,2701,0,102.341,5,0,68.377
KSHV20231227-9,KSHV20231227_132309_V06,8,1.802,1.200,1331,0,6.531,0,0,6.531
KSHV20231227-10,KSHV20231227_132828_V06,0,0.308,1.200,4443,0,1310388.752,272,0,1252532.991
KSHV20231227-10,KSHV20231227_132828_V06,4,0.879,1.200,4448,0,5370.470,664,0,4111.170
KSHV20231227-10,KSHV20231227_132828_V06,6,1.318,1.200,4447,0,1455.810,405,0,751.455
KSHV20231227-10,KSHV20231227_132828_V06,8,1.802,1.200,2223,0,122.154,20,0,70.179
KSHV20231227-10,KSHV20231227_132828_V06,9,2.417,1.200,2226,0,163.556,15,0,92.641
KSHV20231227-10,KSHV20231227_132828_V06,10,3.120,1.200,2229,0,69.865,12,0,24.206
KSHV20231227-10,KSHV20231227_132828_V06,11,3.999,1.200,2230,0,138.278,13,0,72.532
KSHV20231228-1,KSHV20231228_122316_V06,0,0.308,1.200,45,0,4508.464,1,0,4507.275
KSHV20231228-1,KSHV20231228_122316_V06,4,0.879,1.200,45,0,0.054,0,0,0.054
KSHV20231228-1,KSHV20231228_122316_V06,6,1.318,1.200,45,0,0.054,0,0,0.054
KSHV20231228-1,KSHV20231228_122316_V06,8,1.802,1.200,32,0,0.076,0,0,0.076
KSHV20231228-1,KSHV20231228_122316_V06,9,2.417,1.200,32,0,0.076,0,0,0.076
KSHV20231228-1,KSHV20231228_122316_V06,10,3.120,1.200,32,0,0.076,0,0,0.076
KSHV20231228-1,KSHV20231228_123151_V06,0,0.308,1.200,1198,0,6997.107,11,0,6974.451
KSHV20231228-1,KSHV20231228_123151_V06,4,0.879,1.200,1199,0,1.397,0,0,1.397
KSHV20231228-1,KSHV20231228_123151_V06,6,1.318,1.200,1198,0,1.396,0,0,1.396
KSHV20231228-1,KSHV20231228_123151_V06,8,1.802,1.200,589,0,1.376,0,0,1.376
KSHV20231228-1,KSHV20231228_123151_V06,9,2.417,1.200,591,0,1.383,0,0,1.383
KSHV20231228-1,KSHV20231228_123151_V06,10,3.120,1.200,588,0,1.378,0,0,1.378
KSHV20231228-2,KSHV20231228_130617_V06,0,0.308,1.200,5786,13,348270.240,262,13,344270.528
KSHV20231228-2,KSHV20231228_130617_V06,4,0.879,1.200,5786,1,16492.123,167,1,16424.906
KSHV20231228-2,KSHV20231228_130617_V06,6,1.318,1.200,5785,0,1148.430,780,0,1141.857
KSHV20231228-2,KSHV20231228_130617_V06,8,1.802,1.200,2897,0,4.129,90,0,3.190
KSHV20231228-2,KSHV20231228_130617_V06,9,2.417,1.200,2900,0,2.029,81,0,1.249
KSHV20231228-2,KSHV20231228_130617_V06,10,3.120,1.200,2903,0,1.766,74,0,1.389
KSHV20231228-2,KSHV20231228_130617_V06,11,3.999,1.200,2906,0,2.212,63,0,1.797
KSHV20231228-2,KSHV20231228_130617_V06,12,5.098,1.200,2910,0,1.951,63,0,1.520
KSHV20231228-2,KSHV20231228_130617_V06,13,6.416,1.200,2915,0,1.434,71,0,1.139
KSHV20231228-2,KSHV20231228_131435_V06,0,0.308,1.200,44095,181,418620.211,3088,180,408787.300
KSHV20231228-2,KSHV20231228_131435_V06,4,0.879,1.200,44105,2,4670.222,4468,2,4276.782
KSHV20231228-2,KSHV20231228_131435_V06,6,1.318,1.200,44109,7,260.196,5117,7,238.430
KSHV20231228-2,KSHV20231228_131435_V06,8,1.802,1.200,22066,0,13.805,1024,0,7.818
KSHV20231228-2,KSHV20231228_131435_V06,9,2.417,1.200,22076,0,5.938,864,0,3.671
KSHV20231228-2,KSHV20231228_131435_V06,10,3.120,1.200,22093,0,9.145,670,0,5.989
KSHV20231228-2,KSHV20231228_131435_V06,11,3.999,1.200,22115,0,6.166,546,0,4.482
KSHV20231228-2,KSHV20231228_131435_V06,12,5.098,1.200,22154,0,6.716,495,0,5.798
KSHV20231228-2,KSHV20231228_131435_V06,13,6.416,1.200,22198,0,6.572,516,0,5.019
KSHV20231229-1,KSHV20231229_122818_V06,0,0.308,1.200,223,0,8116.113,4,0,8087.316
KSHV20231229-1,KSHV20231229_122818_V06,4,0.879,1.200,223,0,0.228,0,0,0.228
KSHV20231229-1,KSHV20231229_122818_V06,6,1.318,1.200,224,0,0.229,0,0,0.229
KSHV20231229-1,KSHV20231229_122818_V06,8,1.802,1.200,95,0,0.194,0,0,0.194
KSHV20231229-1,KSHV20231229_122818_V06,9,2.417,1.200,94,0,0.193,0,0,0.193
KSHV20231229-1,KSHV20231229_122818_V06,10,3.120,1.200,96,0,0.197,0,0,0.197
KSHV20231229-1,KSHV20231229_123636_V06,0,0.308,1.200,1702,0,53118.582,65,0,53039.693
KSHV20231229-1,KSHV20231229_123636_V06,4,0.879,1.200,1707,0,1.746,0,0,1.746
KSHV20231229-1,KSHV20231229_123636_V06,6,1.318,1.200,1704,0,1.743,0,0,1.743
KSHV20231229-1,KSHV20231229_123636_V06,8,1.802,1.200,851,0,1.740,0,0,1.740
KSHV20231229-1,KSHV20231229_123636_V06,9,2.417,1.200,853,0,1.745,0,0,1.745
KSHV20231229-1,KSHV20231229_123636_V06,10,3.120,1.200,854,0,1.749,0,0,1.749
KSHV20231229-4,KSHV20231229_130129_V06,0,0.308,1.200,5873,12,68595.147,382,12,67201.836
KSHV20231229-4,KSHV20231229_130129_V06,4,0.879,1.200,5873,0,861.680,379,0,857.530
KSHV20231229-4,KSHV20231229_130129_V06,6,1.318,1.200,5871,0,15.060,561,0,12.173
KSHV20231229-4,KSHV20231229_130129_V06,8,1.802,1.200,2943,0,1.836,91,0,1.317
KSHV20231229-4,KSHV20231229_130129_V06,9,2.417,1.200,2943,0,0.902,77,0,0.603
KSHV20231229-4,KSHV20231229_130129_V06,10,3.120,1.200,2948,0,1.213,69,0,0.788
KSHV20231229-4,KSHV20231229_130129_V06,11,3.999,1.200,2950,0,1.150,77,0,0.719
KSHV20231229-4,KSHV20231229_130129_V06,12,5.098,1.200,2952,0,1.308,68,0,0.896
KSHV20231229-4,KSHV20231229_130129_V06,13,6.416,1.200,2960,0,1.956,68,0,0.851
KSHV20231229-4,KSHV20231229_131101_V06,0,0.308,1.200,24396,59,401161.079,1311,59,394889.706
KSHV20231229-4,KSHV20231229_131101_V06,4,0.879,1.200,24401,2,5666.282,1564,2,5331.708
KSHV20231229-4,KSHV20231229_131101_V06,6,1.318,1.200,24406,0,147.470,1761,0,122.356
KSHV20231229-4,KSHV20231229_131101_V06,8,1.802,1.200,12202,0,4.665,181,0,2.990
KSHV20231229-4,KSHV20231229_131101_V06,9,2.417,1.200,12210,0,3.830,252,0,2.476
KSHV20231229-4,KSHV20231229_131101_V06,10,3.120,1.200,12216,0,3.781,235,0,2.755
KSHV20231229-4,KSHV20231229_131101_V06,11,3.999,1.200,12229,0,3.092,266,0,2.306
KSHV20231229-4,KSHV20231229_131101_V06,12,5.098,1.200,12251,0,4.360,234,0,3.715
KSHV20231229-4,KSHV20231229_131101_V06,13,6.416,1.200,12280,0,3.582,231,0,2.894
KSHV20231229-6,KSHV20231229_134412_V06,0,0.308,1.200,1493,0,35511.626,36,0,35277.553
KSHV20231229-6,KSHV20231229_134412_V06,4,0.879,1.200,1494,0,2.829,0,0,2.829
KSHV20231229-6,KSHV20231229_134412_V06,6,1.318,1.200,1491,0,2.827,0,0,2.827
KSHV20231229-6,KSHV20231229_134412_V06,8,1.802,1.200,754,0,2.870,0,0,2.870
KSHV20231229-6,KSHV20231229_134412_V06,9,2.417,1.200,756,0,2.882,0,0,2.882
KSHV20231230-1,KSHV20231230_130457_V06,0,0.308,1.200,5919,39,168893.936,288,39,167167.600
KSHV20231230-1,KSHV20231230_130457_V06,4,0.879,1.200,5920,0,6748.601,215,0,6641.803
KSHV20231230-1,KSHV20231230_130457_V06,6,1.318,1.200,5924,0,77.606,392,0,74.270
KSHV20231230-1,KSHV20231230_130457_V06,8,1.802,1.200,2959,0,0.972,81,0,0.694
KSHV20231230-1,KSHV20231230_130457_V06,9,2.417,1.200,2960,0,0.841,85,0,0.461
KSHV20231230-1,KSHV20231230_130457_V06,10,3.120,1.200,2960,0,1.063,70,0,0.707
KSHV20231230-1,KSHV20231230_130457_V06,11,3.999,1.200,2963,0,1.121,103,0,0.775
KSHV20231230-1,KSHV20231230_130457_V06,12,5.098,1.200,2969,0,1.380,75,0,1.022
KSHV20231230-1,KSHV20231230_130457_V06,13,6.416,1.200,2977,0,1.234,64,0,0.996
KSHV20231230-1,KSHV20231230_131333_V06,0,0.308,1.200,26658,20,371242.127,1235,20,361748.624
KSHV20231230-1,KSHV20231230_131333_V06,4,0.879,1.200,26661,1,7206.937,1654,1,6905.259
KSHV20231230-1,KSHV20231230_131333_V06,6,1.318,1.200,26666,0,201.496,1969,0,167.261
KSHV20231230-1,KSHV20231230_131333_V06,8,1.802,1.200,13339,0,19.562,207,0,2.287
KSHV20231230-1,KSHV20231230_131333_V06,9,2.417,1.200,13344,0,3.331,266,0,1.873
KSHV20231230-1,KSHV20231230_131333_V06,10,3.120,1.200,13350,0,4.067,295,0,2.424
KSHV20231230-1,KSHV20231230_131333_V06,11,3.999,1.200,13363,0,4.558,338,0,3.056
KSHV20231230-1,KSHV20231230_131333_V06,12,5.098,1.200,13396,0,5.770,331,0,4.756
KSHV20231230-1,KSHV20231230_131333_V06,13,6.416,1.200,13444,0,5.985,416,0,4.709
KSHV20231230-1,KSHV20231230_132201_V06,0,0.308,1.200,66175,64,530996.433,3899,63,517079.519
KSHV20231230-1,KSHV20231230_132201_V06,4,0.879,1.200,66192,1,6504.249,4989,1,5941.303
KSHV20231230-1,KSHV20231230_132201_V06,6,1.318,1.200,66205,0,485.620,5437,0,368.587
KSHV20231230-1,KSHV20231230_132201_V06,8,1.802,1.200,33123,0,44.051,685,0,23.749
KSHV20231230-1,KSHV20231230_132201_V06,9,2.417,1.200,33137,0,26.248,700,0,12.588
KSHV20231230-1,KSHV20231230_132201_V06,10,3.120,1.200,33153,0,29.701,656,0,19.410
KSHV20231230-1,KSHV20231230_132201_V06,11,3.999,1.200,33184,0,30.781,834,0,22.540
KSHV20231230-1,KSHV20231230_132201_V06,12,5.098,1.200,33248,0,28.739,747,0,21.863
KSHV20231230-1,KSHV20231230_132201_V06,13,6.416,1.200,33327,0,23.563,850,0,18.904
KSHV20231231-1,KSHV20231231_123439_V06,0,0.308,1.200,608,0,222438.461,5,0,222419.450
KSHV20231231-1,KSHV20231231_123439_V06,4,0.879,1.200,608,0,1.456,0,0,1.456
KSHV20231231-1,KSHV20231231_123439_V06,6,1.318,1.200,607,0,1.454,0,0,1.454
KSHV20231231-1,KSHV20231231_123439_V06,8,1.802,1.200,293,0,1.406,0,0,1.406
KSHV20231231-1,KSHV20231231_124322_V06,0,0.308,1.200,3059,0,58287.947,123,0,57294.099
KSHV20231231-1,KSHV20231231_124322_V06,4,0.879,1.200,3060,0,7.294,0,0,7.294
KSHV20231231-1,KSHV20231231_124322_V06,6,1.318,1.200,3062,0,7.303,0,0,7.303
KSHV20231231-1,KSHV20231231_124322_V06,8,1.802,1.200,1524,0,7.273,0,0,7.273
