track_id,filename,sweep_idx,sweep_angle,count_scaling,n_roost_pixels,n_refAbove40_pixels,n_refBelow40_animals,n_xcorrAbove0.95_pixels,n_xcorrBelow0.95_refAbove40_pixels,n_xcorrBelow0.95_refBelow40_animals
KAPX20190601-4,KAPX20190601_102733_V06,0,0.483,1.200,1893,0,110620.734,780,0,9055.141
KAPX20190601-4,KAPX20190601_102733_V06,2,0.879,1.200,1883,0,407292.212,1392,0,7343.379
KAPX20190601-4,KAPX20190601_102733_V06,4,1.318,1.200,1886,0,480095.788,1471,0,10514.855
KAPX20190601-4,KAPX20190601_103134_V06,0,0.483,1.200,2627,0,440359.170,1321,0,10234.209
KAPX20190601-4,KAPX20190601_103134_V06,2,0.879,1.200,2633,0,872068.098,2052,0,7851.284
KAPX20190601-4,KAPX20190601_103134_V06,4,1.318,1.200,2633,0,757985.419,2095,0,14862.188
KAPX20190601-4,KAPX20190601_103528_V06,0,0.483,1.200,3032,0,590911.317,1366,0,44358.361
KAPX20190601-4,KAPX20190601_103528_V06,2,0.879,1.200,3034,0,1094176.984,2267,0,10963.205
KAPX20190601-4,KAPX20190601_103528_V06,4,1.318,1.200,3032,0,977431.578,2478,0,10909.654
KAPX20190601-4,KAPX20190601_103921_V06,0,0.483,1.200,3313,0,669898.609,1446,0,38800.819
KAPX20190601-4,KAPX20190601_103921_V06,2,0.879,1.200,3313,0,1093715.847,2458,0,8744.203
KAPX20190601-4,KAPX20190601_103921_V06,4,1.318,1.200,3321,0,1141142.911,2706,0,11453.853
KAPX20190601-5,KAPX20190601_103134_V06,0,0.483,1.200,2742,0,28308.187,275,0,1745.717
KAPX20190601-5,KAPX20190601_103134_V06,2,0.879,1.200,2743,0,28377.227,445,0,2895.415
KAPX20190601-5,KAPX20190601_103134_V06,4,1.318,1.200,2741,0,40758.415,660,0,3847.558
KAPX20190601-8,KAPX20190601_110708_V06,0,0.483,1.200,13603,0,1231306.500,2297,0,334516.770
KAPX20190601-8,KAPX20190601_110708_V06,2,0.879,1.200,13600,1,1827327.159,2004,0,730562.125
KAPX20190601-8,KAPX20190601_110708_V06,4,1.318,1.200,13612,0,1257694.990,2563,0,202571.846
KAPX20190601-8,KAPX20190601_110708_V06,8,1.802,1.200,6807,0,429325.366,1242,0,7371.616
KAPX20190601-8,KAPX20190601_110708_V06,9,2.417,1.200,6811,0,178974.777,925,0,5966.376
KAPX20190601-8,KAPX20190601_111101_V06,0,0.483,1.200,1860,0,43948.526,135,0,37483.029
KAPX20190601-8,KAPX20190601_111101_V06,2,0.879,1.200,1860,0,1495.613,68,0,1142.346
KAPX20190601-8,KAPX20190601_111101_V06,4,1.318,1.200,1859,0,957.401,102,0,733.242
KAPX20190601-8,KAPX20190601_111101_V06,8,1.802,1.200,932,0,50.084,2,0,45.643
KAPX20190601-8,KAPX20190601_111101_V06,9,2.417,1.200,931,0,61.816,2,0,56.540
KAPX20190601-8,KAPX20190601_111101_V06,10,3.120,1.200,933,0,70.108,1,0,69.084
KAPX20190601-12,KAPX20190601_111101_V06,0,0.483,1.200,4994,0,810356.220,1299,0,341825.503
KAPX20190601-12,KAPX20190601_111101_V06,2,0.879,1.200,4986,0,937352.857,1444,0,225802.116
KAPX20190601-12,KAPX20190601_111101_V06,4,1.318,1.200,4991,0,614449.224,2348,0,31069.152
KAPX20190601-12,KAPX20190601_111101_V06,8,1.802,1.200,2495,0,341252.629,667,0,135759.239
KAPX20190602-3,KAPX20190602_103843_V06,0,0.483,1.200,4911,0,34431.082,368,0,2340.575
KAPX20190602-3,KAPX20190602_103843_V06,2,0.879,1.200,4911,0,1563.911,40,0,433.082
KAPX20190602-3,KAPX20190602_103843_V06,4,1.318,1.200,4912,0,21.874,0,0,21.874
KAPX20190602-3,KAPX20190602_104537_V06,0,0.483,1.200,7171,0,20599.180,285,0,2447.163
KAPX20190602-3,KAPX20190602_104537_V06,2,0.879,1.200,7169,0,801.841,22,0,220.257
KAPX20190602-3,KAPX20190602_104537_V06,4,1.318,1.200,7171,0,31.722,0,0,31.722
KAPX20190602-1,KAPX20190602_091331_V06,0,0.483,1.200,327,0,1930.003,60,0,799.501
KAPX20190602-1,KAPX20190602_091331_V06,2,0.879,1.200,327,0,4759.810,108,0,1229.765
KAPX20190602-1,KAPX20190602_091331_V06,4,1.318,1.200,330,0,3882.877,91,0,1168.225
KAPX20190602-1,KAPX20190602_091331_V06,6,1.802,1.200,165,0,874.345,29,0,45.487
KAPX20190602-1,KAPX20190602_091331_V06,7,2.417,1.200,164,0,223.817,17,0,9.630
KAPX20190602-1,KAPX20190602_091331_V06,8,3.120,1.200,163,0,14.607,8,0,2.396
KAPX20190602-1,KAPX20190602_091331_V06,9,3.999,1.200,164,0,0.320,1,0,0.147
KAPX20190602-1,KAPX20190602_091331_V06,10,5.098,1.200,166,0,0.150,0,0,0.150
KAPX20190603-4,KAPX20190603_101541_V06,0,0.483,1.200,22426,0,387.757,5687,0,243.737
KAPX20190603-4,KAPX20190603_101541_V06,2,0.879,1.200,22428,0,30.048,6582,0,8.814
KAPX20190603-4,KAPX20190603_101541_V06,4,1.318,1.200,22435,0,37.943,4839,0,2.877
KAPX20190603-4,KAPX20190603_101541_V06,6,1.802,1.200,11217,0,1.094,1196,0,0.341
KAPX20190603-4,KAPX20190603_101541_V06,7,2.417,1.200,11219,0,1.905,932,0,0.871
KAPX20190603-4,KAPX20190603_101541_V06,8,3.120,1.200,11227,0,2.646,797,0,1.226
KAPX20190603-4,KAPX20190603_101541_V06,9,3.999,1.200,11238,0,0.451,622,0,0.358
KAPX20190603-4,KAPX20190603_101541_V06,10,5.098,1.200,11256,0,0.439,593,0,0.364
KAPX20190603-4,KAPX20190603_101541_V06,11,6.416,1.200,11292,0,0.501,572,0,0.387
KAPX20190603-4,KAPX20190603_102231_V06,0,0.483,1.200,35642,0,836.800,5958,0,676.236
KAPX20190603-4,KAPX20190603_102231_V06,2,0.879,1.200,35642,0,44.270,6275,0,35.124
KAPX20190603-4,KAPX20190603_102231_V06,4,1.318,1.200,35654,0,42.701,4986,0,36.935
KAPX20190603-4,KAPX20190603_102231_V06,6,1.802,1.200,17833,0,2.395,1328,0,0.930
KAPX20190603-4,KAPX20190603_102231_V06,7,2.417,1.200,17843,0,1.426,1006,0,0.980
KAPX20190603-4,KAPX20190603_102231_V06,8,3.120,1.200,17859,0,1.497,779,0,1.245
KAPX20190603-4,KAPX20190603_102231_V06,9,3.999,1.200,17881,0,1.200,684,0,0.992
KAPX20190603-4,KAPX20190603_102231_V06,10,5.098,1.200,17904,0,1.440,621,0,1.247
KAPX20190603-4,KAPX20190603_102231_V06,11,6.416,1.200,17945,0,1.472,628,0,1.193
KAPX20190603-4,KAPX20190603_102921_V06,0,0.483,1.200,23161,0,456.646,5703,0,324.679
KAPX20190603-4,KAPX20190603_102921_V06,2,0.879,1.200,23162,0,48.662,6697,0,22.099
KAPX20190603-4,KAPX20190603_102921_V06,4,1.318,1.200,23173,0,13.816,5136,0,11.315
KAPX20190603-4,KAPX20190603_102921_V06,6,1.802,1.200,11590,0,0.571,1212,0,0.356
KAPX20190603-4,KAPX20190603_102921_V06,7,2.417,1.200,11594,0,0.850,856,0,0.365
KAPX20190603-4,KAPX20190603_102921_V06,8,3.120,1.200,11608,0,0.455,609,0,0.361
KAPX20190603-4,KAPX20190603_102921_V06,9,3.999,1.200,11626,0,0.492,593,0,0.378
KAPX20190603-4,KAPX20190603_102921_V06,10,5.098,1.200,11639,0,0.511,559,0,0.436
KAPX20190603-4,KAPX20190603_102921_V06,11,6.416,1.200,11660,0,0.487,555,0,0.409
KAPX20190603-4,KAPX20190603_103610_V06,0,0.483,1.200,18109,0,311.011,5938,0,117.719
KAPX20190603-4,KAPX20190603_103610_V06,2,0.879,1.200,18111,0,29.403,7028,0,7.645
KAPX20190603-4,KAPX20190603_103610_V06,4,1.318,1.200,18122,0,11.892,5150,0,3.021
KAPX20190603-4,KAPX20190603_103610_V06,6,1.802,1.200,9078,0,0.324,1361,0,0.174
KAPX20190603-4,KAPX20190603_103610_V06,7,2.417,1.200,9084,0,0.410,934,0,0.183
KAPX20190603-4,KAPX20190603_103610_V06,8,3.120,1.200,9092,0,0.311,661,0,0.245
KAPX20190603-4,KAPX20190603_103610_V06,9,3.999,1.200,9100,0,0.289,638,0,0.233
KAPX20190603-4,KAPX20190603_103610_V06,10,5.098,1.200,9107,0,0.290,578,0,0.245
KAPX20190603-4,KAPX20190603_103610_V06,11,6.416,1.200,9135,0,0.267,545,0,0.224
KAPX20190603-7,KAPX20190603_111035_V06,0,0.483,1.200,21768,0,346.078,7228,0,232.638
KAPX20190603-7,KAPX20190603_111035_V06,2,0.879,1.200,21771,0,79.765,9191,0,23.237
KAPX20190603-7,KAPX20190603_111035_V06,4,1.318,1.200,21774,0,12.293,7163,0,10.572
KAPX20190603-7,KAPX20190603_111035_V06,6,1.802,1.200,10891,0,1.834,1937,0,1.077
KAPX20190603-7,KAPX20190603_111035_V06,7,2.417,1.200,10899,0,0.921,1329,0,0.322
KAPX20190603-7,KAPX20190603_111035_V06,8,3.120,1.200,10906,0,2.244,1088,0,2.046
KAPX20190603-7,KAPX20190603_111035_V06,9,3.999,1.200,10914,0,0.565,757,0,0.376
KAPX20190603-7,KAPX20190603_111035_V06,10,5.098,1.200,10938,0,0.465,835,0,0.380
KAPX20190603-7,KAPX20190603_111035_V06,11,6.416,1.200,10966,0,0.495,770,0,0.404
KAPX20190604-2,KAPX20190604_093131_V06,0,0.483,1.200,3632,0,243064.673,552,0,121701.213
KAPX20190604-2,KAPX20190604_093131_V06,2,0.879,1.200,3632,0,110980.426,506,0,66035.860
KAPX20190604-2,KAPX20190604_093131_V06,4,1.318,1.200,3630,0,10295.129,280,0,3852.222
KAPX20190604-2,KAPX20190604_093840_V06,0,0.483,1.200,5552,0,202137.901,501,0,119334.057
KAPX20190604-2,KAPX20190604_093840_V06,2,0.879,1.200,5550,0,90123.606,464,0,62732.594
KAPX20190604-2,KAPX20190604_093840_V06,4,1.318,1.200,5557,0,7955.711,242,0,4231.446
KAPX20190604-2,KAPX20190604_094530_V06,0,0.483,1.200,5414,0,65136.409,432,0,42185.912
KAPX20190604-2,KAPX20190604_094530_V06,2,0.879,1.200,5418,0,42893.945,300,0,35475.099
KAPX20190604-2,KAPX20190604_094530_V06,4,1.318,1.200,5413,0,7157.510,186,0,4405.295
KAPX20190604-7,KAPX20190604_101229_V06,0,0.483,1.200,11978,0,154225.407,3728,0,8971.646
KAPX20190604-7,KAPX20190604_101229_V06,2,0.879,1.200,11980,0,132257.312,4242,0,4981.957
KAPX20190604-7,KAPX20190604_101229_V06,4,1.318,1.200,11982,0,67658.814,3396,0,8872.375
KAPX20190604-7,KAPX20190604_101229_V06,6,1.802,1.200,5994,0,13253.655,665,0,2676.813
KAPX20190604-7,KAPX20190604_101229_V06,7,2.417,1.200,5999,0,7063.800,452,0,799.026
KAPX20190604-7,KAPX20190604_101229_V06,8,3.120,1.200,6005,0,5661.796,538,0,820.522
KAPX20190604-8,KAPX20190604_101650_V06,0,0.483,1.200,4427,0,859319.216,1594,0,288515.164
KAPX20190604-8,KAPX20190604_101650_V06,2,0.879,1.200,4426,0,169284.634,1643,0,39010.235
KAPX20190604-8,KAPX20190604_101650_V06,4,1.318,1.200,4430,0,39955.017,907,0,12016.866
KAPX20190604-10,KAPX20190604_102956_V06,0,0.483,1.200,957,0,9399.824,91,0,5389.806
KAPX20190604-10,KAPX20190604_102956_V06,2,0.879,1.200,954,0,2000.122,35,0,1106.188
KAPX20190604-10,KAPX20190604_102956_V06,4,1.318,1.200,963,0,4.487,0,0,4.487
KAPX20190604-14,KAPX20190604_103417_V06,0,0.483,1.200,1684,0,126188.399,495,0,9163.154
KAPX20190604-14,KAPX20190604_103417_V06,2,0.879,1.200,1686,0,14971.705,130,0,4026.472
KAPX20190605-10,KAPX20190605_111622_V06,0,0.483,1.200,4717,0,1008181.396,1740,0,69316.478
KAPX20190605-10,KAPX20190605_111622_V06,2,0.879,1.200,4720,0,498760.015,1791,0,26678.591
KAPX20190605-10,KAPX20190605_111622_V06,4,1.318,1.200,4720,0,234347.148,2374,0,14944.585
KAPX20190606-5,KAPX20190606_101509_V06,0,0.483,1.200,425,0,109759.019,21,0,104111.933
KAPX20190606-5,KAPX20190606_101509_V06,2,0.879,1.200,423,0,1716.566,27,0,1293.736
KAPX20190606-5,KAPX20190606_101509_V06,4,1.318,1.200,424,0,40.378,1,0,35.709
KAPX20190606-5,KAPX20190606_101509_V06,6,1.802,1.200,213,0,0.479,0,0,0.479
KAPX20190606-5,KAPX20190606_101509_V06,7,2.417,1.200,213,0,7.582,0,0,7.582
KAPX20190606-5,KAPX20190606_101509_V06,8,3.120,1.200,214,0,18.111,4,0,5.587
KAPX20190606-5,KAPX20190606_101951_V06,0,0.483,1.200,1849,0,66558.544,83,0,64023.301
KAPX20190606-5,KAPX20190606_101951_V06,2,0.879,1.200,1848,0,712.680,38,0,603.088
KAPX20190606-5,KAPX20190606_101951_V06,4,1.318,1.200,1846,0,656.894,33,0,568.507
KAPX20190606-5,KAPX20190606_101951_V06,6,1.802,1.200,924,0,133.041,14,0,71.223
KAPX20190606-5,KAPX20190606_101951_V06,7,2.417,1.200,921,0,55.156,6,0,32.410
KAPX20190606-5,KAPX20190606_101951_V06,8,3.120,1.200,921,0,63.394,8,0,27.791
KAPX20190606-1,KAPX20190606_090533_V06,0,0.483,1.200,373,0,24234.189,25,0,20891.866
KAPX20190606-1,KAPX20190606_090533_V06,2,0.879,1.200,376,0,520.202,2,0,497.289
KAPX20190606-1,KAPX20190606_090533_V06,4,1.318,1.200,374,0,2183.175,19,0,1282.557
KAPX20190606-2,KAPX20190606_090533_V06,0,0.483,1.200,589,0,148787.752,65,0,74094.207
KAPX20190606-2,KAPX20190606_090533_V06,2,0.879,1.200,589,0,2428.972,37,0,1975.666
KAPX20190606-2,KAPX20190606_090533_V06,4,1.318,1.200,590,0,514.646,12,0,488.352
KAPX20190606-2,KAPX20190606_090533_V06,6,1.802,1.200,297,0,97.888,9,0,58.009
KAPX20190606-2,KAPX20190606_090533_V06,7,2.417,1.200,298,0,51.015,3,0,35.880
KAPX20190606-2,KAPX20190606_090533_V06,8,3.120,1.200,301,0,29.863,2,0,24.308
KAPX20190606-3,KAPX20190606_094751_V06,0,0.483,1.200,644,0,44648.607,42,0,42224.271
KAPX20190606-3,KAPX20190606_094751_V06,2,0.879,1.200,644,0,5480.427,28,0,4895.550
KAPX20190606-3,KAPX20190606_094751_V06,4,1.318,1.200,643,0,37.743,4,0,30.581
KAPX20190606-3,KAPX20190606_094751_V06,6,1.802,1.200,321,0,11.388,4,0,4.560
KAPX20190606-3,KAPX20190606_094751_V06,7,2.417,1.200,320,0,8.636,3,0,5.687
KAPX20190606-3,KAPX20190606_094751_V06,8,3.120,1.200,321,0,9.645,7,0,3.263
KAPX20190606-3,KAPX20190606_094751_V06,9,3.999,1.200,325,0,9.124,6,0,4.564
KAPX20190606-4,KAPX20190606_100356_V06,0,0.483,1.200,75,0,171083.557,7,0,145472.434
KAPX20190606-4,KAPX20190606_100356_V06,2,0.879,1.200,74,0,10180.889,4,0,9107.869
KAPX20190606-4,KAPX20190606_100356_V06,4,1.318,1.200,75,0,239.979,6,0,123.358
KAPX20190606-4,KAPX20190606_100356_V06,6,1.802,1.200,38,0,0.198,0,0,0.198
KAPX20190606-6,KAPX20190606_101509_V06,0,0.483,1.200,6132,0,1201.036,2454,0,563.028
KAPX20190606-6,KAPX20190606_101509_V06,2,0.879,1.200,6132,0,157.209,1146,0,99.382
KAPX20190606-6,KAPX20190606_101509_V06,4,1.318,1.200,6130,0,12.215,128,0,8.632
KAPX20190606-6,KAPX20190606_101509_V06,6,1.802,1.200,3069,0,2.040,14,0,1.365
KAPX20190606-6,KAPX20190606_101509_V06,7,2.417,1.200,3070,0,1.077,6,0,0.811
KAPX20190606-6,KAPX20190606_101509_V06,8,3.120,1.200,3073,0,2.148,12,0,1.295
KAPX20190606-6,KAPX20190606_101509_V06,9,3.999,1.200,3075,0,1.521,2,0,1.443
KAPX20190606-6,KAPX20190606_101509_V06,10,5.098,1.200,3076,0,1.301,9,0,1.189
KAPX20190606-6,KAPX20190606_101509_V06,11,6.416,1.200,3083,0,0.940,4,0,0.903
KAPX20190606-8,KAPX20190606_101951_V06,0,0.483,1.200,322,0,67719.991,18,0,64644.685
KAPX20190606-8,KAPX20190606_101951_V06,2,0.879,1.200,323,0,1529.652,6,0,1280.167
KAPX20190606-8,KAPX20190606_101951_V06,4,1.318,1.200,323,0,3395.000,12,0,2962.236
KAPX20190606-8,KAPX20190606_101951_V06,6,1.802,1.200,162,0,76.132,1,0,24.280
KAPX20190606-9,KAPX20190606_105216_V06,0,0.483,1.200,2668,0,421368.643,90,0,394355.380
KAPX20190606-9,KAPX20190606_105216_V06,2,0.879,1.200,2676,0,8839.364,83,0,6480.331
KAPX20190606-9,KAPX20190606_105216_V06,4,1.318,1.200,2672,0,13262.480,99,0,9682.420
KAPX20190606-9,KAPX20190606_105216_V06,6,1.802,1.200,1336,0,520.234,14,0,179.751
KAPX20190606-10,KAPX20190606_110622_V06,0,0.483,1.200,730,0,83265.726,48,0,48676.681
KAPX20190606-10,KAPX20190606_110622_V06,2,0.879,1.200,732,0,1008.138,13,0,690.771
KAPX20190606-10,KAPX20190606_110622_V06,4,1.318,1.200,731,0,171.570,17,0,140.850
KAPX20190606-10,KAPX20190606_110622_V06,6,1.802,1.200,365,0,12.685,2,0,7.395
KAPX20190606-10,KAPX20190606_110622_V06,7,2.417,1.200,367,0,50.408,10,0,22.337
KAPX20190606-10,KAPX20190606_110622_V06,8,3.120,1.200,368,0,3.971,2,0,0.672
KAPX20190606-10,KAPX20190606_110622_V06,9,3.999,1.200,370,0,40.499,9,0,14.371
KAPX20190607-1,KAPX20190607_090938_V06,0,0.483,1.200,543,0,282818.970,7,0,270061.425
KAPX20190607-1,KAPX20190607_090938_V06,2,0.879,1.200,544,0,5591.714,8,0,4795.888
KAPX20190607-1,KAPX20190607_090938_V06,4,1.318,1.200,543,0,688.040,2,0,667.055
KAPX20190607-1,KAPX20190607_090938_V06,6,1.802,1.200,284,0,114.710,2,0,1.495
KAPX20190607-2,KAPX20190607_093106_V06,0,0.483,1.200,33236,10,223625.784,2821,1,139871.879
KAPX20190607-2,KAPX20190607_093106_V06,2,0.879,1.200,33236,0,18785.231,1925,0,13568.326
KAPX20190607-2,KAPX20190607_093106_V06,4,1.318,1.200,33243,0,5385.060,789,0,4582.269
KAPX20190607-2,KAPX20190607_093106_V06,6,1.802,1.200,16622,0,326.104,180,0,125.637
KAPX20190607-2,KAPX20190607_093106_V06,7,2.417,1.200,16635,0,122.262,97,0,69.558
KAPX20190607-2,KAPX20190607_093106_V06,8,3.120,1.200,16647,0,277.448,159,0,178.385
KAPX20190607-2,KAPX20190607_093106_V06,9,3.999,1.200,16661,0,151.205,110,0,98.754
KAPX20190607-2,KAPX20190607_093106_V06,10,5.098,1.200,16681,0,124.086,89,0,94.096
KAPX20190608-1,KAPX20190608_100934_V06,0,0.483,1.200,24713,0,12130.757,1083,0,6387.457
KAPX20190608-1,KAPX20190608_100934_V06,2,0.879,1.200,24718,0,1283.255,391,0,740.378
KAPX20190608-1,KAPX20190608_100934_V06,4,1.318,1.200,24732,0,77.120,2,0,67.539
KAPX20190608-1,KAPX20190608_100934_V06,6,1.802,1.200,12367,0,63.738,0,0,63.738
KAPX20190608-2,KAPX20190608_100934_V06,0,0.483,1.200,8926,0,19116.764,840,0,15698.289
KAPX20190608-2,KAPX20190608_100934_V06,2,0.879,1.200,8927,0,2050.315,375,0,1508.921
KAPX20190608-2,KAPX20190608_100934_V06,4,1.318,1.200,8927,0,60.266,2,0,43.420
KAPX20190608-2,KAPX20190608_100934_V06,6,1.802,1.200,4478,0,15.678,0,0,15.678
KAPX20190608-2,KAPX20190608_100934_V06,7,2.417,1.200,4475,0,15.680,0,0,15.680
KAPX20190608-3,KAPX20190608_104720_V06,0,0.483,1.200,6641,0,2052.225,209,0,1871.187
KAPX20190608-3,KAPX20190608_104720_V06,2,0.879,1.200,6645,0,442.668,131,0,401.769
KAPX20190608-3,KAPX20190608_104720_V06,4,1.318,1.200,6650,0,144.571,34,0,135.169
KAPX20190608-3,KAPX20190608_104720_V06,6,1.802,1.200,3327,0,30.423,23,0,18.009
KAPX20190608-3,KAPX20190608_104720_V06,7,2.417,1.200,3329,0,18.553,2,0,16.928
KAPX20190608-3,KAPX20190608_104720_V06,8,3.120,1.200,3326,0,4.986,0,0,4.986
KAPX20190608-3,KAPX20190608_104720_V06,9,3.999,1.200,3336,0,5.015,0,0,5.015
KAPX20190609-1,KAPX20190609_102011_V06,0,0.483,1.200,9125,0,55962.826,167,0,53335.699
KAPX20190609-1,KAPX20190609_102011_V06,2,0.879,1.200,9127,0,15535.091,84,0,15339.793
KAPX20190609-1,KAPX20190609_102011_V06,4,1.318,1.200,9129,0,1495.694,64,0,1426.940
KAPX20190609-1,KAPX20190609_102011_V06,6,1.802,1.200,4563,0,16.272,0,0,16.272
KAPX20190609-1,KAPX20190609_102011_V06,7,2.417,1.200,4565,0,11.560,0,0,11.560
KAPX20190609-1,KAPX20190609_102011_V06,8,3.120,1.200,4575,0,11.600,0,0,11.600
KAPX20190611-1,KAPX20190611_092849_V06,0,0.483,1.200,29342,0,181.913,2601,0,150.840
KAPX20190611-1,KAPX20190611_092849_V06,2,0.879,1.200,29342,0,41.553,3159,0,11.280
KAPX20190611-1,KAPX20190611_092849_V06,4,1.318,1.200,29352,0,6.086,3066,0,5.142
KAPX20190611-1,KAPX20190611_092849_V06,6,1.802,1.200,14673,0,1.143,1372,0,0.762
KAPX20190611-1,KAPX20190611_092849_V06,7,2.417,1.200,14685,0,0.920,1133,0,0.666
KAPX20190611-1,KAPX20190611_092849_V06,8,3.120,1.200,14694,0,1.069,1142,0,0.787
KAPX20190611-1,KAPX20190611_092849_V06,9,3.999,1.200,14716,0,1.468,1127,0,0.991
KAPX20190611-1,KAPX20190611_092849_V06,10,5.098,1.200,14743,0,2.130,1065,0,1.557
KAPX20190611-1,KAPX20190611_092849_V06,11,6.416,1.200,14787,0,1.954,1281,0,1.360
KAPX20190612-5,KAPX20190612_094623_V06,0,0.483,1.200,5100,0,12513.710,1300,0,4605.548
KAPX20190612-5,KAPX20190612_094623_V06,2,0.879,1.200,5097,0,20872.005,834,0,14708.049
KAPX20190612-5,KAPX20190612_094623_V06,4,1.318,1.200,5100,0,21283.532,688,0,10331.871
KAPX20190612-5,KAPX20190612_094623_V06,6,1.802,1.200,2550,0,22456.773,430,0,3053.142
KAPX20190612-5,KAPX20190612_094623_V06,7,2.417,1.200,2550,0,14560.876,666,0,2617.027
KAPX20190612-5,KAPX20190612_094623_V06,8,3.120,1.200,2551,0,19192.269,1285,0,733.428
KAPX20190612-5,KAPX20190612_094623_V06,9,3.999,1.200,2555,0,15620.753,1530,0,640.391
KAPX20190612-5,KAPX20190612_094623_V06,10,5.098,1.200,2568,0,6610.176,1222,0,335.707
KAPX20190612-5,KAPX20190612_094623_V06,11,6.416,1.200,2568,0,2348.114,815,0,142.033
KAPX20190612-10,KAPX20190612_101308_V06,0,0.483,1.200,12066,0,38791.240,4783,0,16776.070
KAPX20190612-10,KAPX20190612_101308_V06,2,0.879,1.200,12071,0,47423.013,5346,0,16062.677
KAPX20190612-10,KAPX20190612_101308_V06,4,1.318,1.200,12076,0,66616.080,6261,0,16610.552
KAPX20190612-10,KAPX20190612_101308_V06,6,1.802,1.200,6039,0,137369.543,3426,0,26484.619
KAPX20190612-10,KAPX20190612_101308_V06,7,2.417,1.200,6039,0,146596.105,3754,0,15587.742
KAPX20190612-10,KAPX20190612_101308_V06,8,3.120,1.200,6047,0,78808.569,4461,0,2951.121
KAPX20190612-10,KAPX20190612_101308_V06,9,3.999,1.200,6053,0,40957.154,3992,0,794.722
KAPX20190612-10,KAPX20190612_101308_V06,10,5.098,1.200,6071,0,17004.468,2456,0,453.096
KAPX20190612-10,KAPX20190612_101744_V06,0,0.483,1.200,6832,0,15795.020,2209,0,6107.796
KAPX20190612-10,KAPX20190612_101744_V06,2,0.879,1.200,6837,0,19504.971,2743,0,6165.426
KAPX20190612-10,KAPX20190612_101744_V06,4,1.318,1.200,6838,0,27912.685,3345,0,7499.615
KAPX20190612-10,KAPX20190612_101744_V06,6,1.802,1.200,3424,0,68419.297,1808,0,13888.589
KAPX20190612-10,KAPX20190612_101744_V06,7,2.417,1.200,3425,0,85419.632,2225,0,9957.672
KAPX20190612-10,KAPX20190612_101744_V06,8,3.120,1.200,3431,0,37367.647,2544,0,1261.540
KAPX20190612-10,KAPX20190612_101744_V06,9,3.999,1.200,3429,0,14832.049,1980,0,563.726
KAPX20190612-14,KAPX20190612_103617_V06,0,0.483,1.200,18392,0,18567.428,3081,0,4411.208
KAPX20190612-14,KAPX20190612_103617_V06,2,0.879,1.200,18395,0,9614.282,3155,0,4746.285
KAPX20190612-14,KAPX20190612_103617_V06,4,1.318,1.200,18390,0,14187.551,3394,0,6575.758
KAPX20190612-14,KAPX20190612_103617_V06,6,1.802,1.200,9203,0,21440.626,2174,0,4707.559
KAPX20190612-14,KAPX20190612_103617_V06,7,2.417,1.200,9207,0,41446.915,3109,0,7231.332
KAPX20190612-14,KAPX20190612_103617_V06,8,3.120,1.200,9213,0,43561.602,4088,0,3440.180
KAPX20190612-14,KAPX20190612_103617_V06,9,3.999,1.200,9223,0,35342.979,4001,0,1395.029
KAPX20190612-14,KAPX20190612_103617_V06,10,5.098,1.200,9243,0,14562.359,3114,0,740.698
KAPX20190612-16,KAPX20190612_105715_V06,0,0.483,1.200,10575,0,25002.287,449,0,16648.121
KAPX20190612-16,KAPX20190612_105715_V06,2,0.879,1.200,10572,0,42358.179,1411,0,14393.007
KAPX20190612-16,KAPX20190612_105715_V06,4,1.318,1.200,10577,0,43801.112,2302,0,6431.897
KAPX20190612-16,KAPX20190612_105715_V06,6,1.802,1.200,5296,0,25353.571,691,0,3394.569
KAPX20190612-16,KAPX20190612_105715_V06,7,2.417,1.200,5298,0,4016.123,179,0,720.570
KAPX20190612-17,KAPX20190612_105715_V06,0,0.483,1.200,6079,0,38881.486,1089,0,14014.762
KAPX20190612-17,KAPX20190612_105715_V06,2,0.879,1.200,6082,0,63132.033,1801,0,11426.259
KAPX20190612-17,KAPX20190612_105715_V06,4,1.318,1.200,6086,0,57302.085,1722,0,9057.077
KAPX20190612-17,KAPX20190612_105715_V06,6,1.802,1.200,3041,0,13748.110,237,0,5703.217
KAPX20190612-20,KAPX20190612_111214_V06,0,0.483,1.200,4112,0,9004.543,753,0,6684.692
KAPX20190612-20,KAPX20190612_111214_V06,2,0.879,1.200,4111,0,5419.215,1305,0,1618.195
KAPX20190612-20,KAPX20190612_111214_V06,4,1.318,1.200,4112,0,5543.165,1245,0,1806.215
KAPX20190612-20,KAPX20190612_111214_V06,6,1.802,1.200,2054,0,6279.660,716,0,2110.570
KAPX20190612-20,KAPX20190612_111214_V06,7,2.417,1.200,2055,0,23817.888,798,0,3882.505
KAPX20190612-20,KAPX20190612_111214_V06,8,3.120,1.200,2055,0,28661.306,1088,0,4038.201
KAPX20190612-20,KAPX20190612_111214_V06,9,3.999,1.200,2058,0,27968.412,1411,0,1773.959
KAPX20190612-20,KAPX20190612_111214_V06,10,5.098,1.200,2065,0,12666.362,1262,0,895.402
KAPX20190612-20,KAPX20190612_111214_V06,11,6.416,1.200,2070,0,1382.003,669,0,261.185
KAPX20190613-2,KAPX20190613_091156_V06,0,0.483,1.200,4751,0,576287.505,2228,0,90888.630
KAPX20190613-2,KAPX20190613_091156_V06,2,0.879,1.200,4749,0,236287.597,2601,0,35150.565
KAPX20190613-2,KAPX20190613_091156_V06,4,1.318,1.200,4754,0,127405.323,3326,0,9637.145
KAPX20190613-2,KAPX20190613_091156_V06,6,1.802,1.200,2377,0,32692.923,763,0,5590.257
KAPX20190614-1,KAPX20190614_102954_V06,0,0.483,1.200,338,0,539.752,23,0,331.450
KAPX20190614-1,KAPX20190614_102954_V06,2,0.879,1.200,338,0,9.237,2,0,0.724
KAPX20190614-1,KAPX20190614_102954_V06,4,1.318,1.200,340,0,0.732,0,0,0.732
KAPX20190614-1,KAPX20190614_102954_V06,6,1.802,1.200,167,0,0.720,0,0,0.720
KAPX20190614-1,KAPX20190614_102954_V06,7,2.417,1.200,168,0,0.725,0,0,0.725
KAPX20190615-3,KAPX20190615_094114_V06,0,0.483,1.200,1023,0,1114408.682,889,0,32921.016
KAPX20190615-3,KAPX20190615_094114_V06,2,0.879,1.200,1023,0,405619.363,666,0,49127.776
KAPX20190615-3,KAPX20190615_094114_V06,4,1.318,1.200,1027,0,26363.471,306,0,4364.909
KAPX20190616-1,KAPX20190616_090605_V06,0,0.483,1.200,59,0,4572.178,1,0,3960.500
KAPX20190616-1,KAPX20190616_090605_V06,2,0.879,1.200,59,0,0.071,0,0,0.071
KAPX20190616-1,KAPX20190616_090605_V06,4,1.318,1.200,59,0,14.146,2,0,9.166
KAPX20190616-1,KAPX20190616_090605_V06,6,1.802,1.200,29,0,5.787,0,0,5.787
KAPX20190616-1,KAPX20190616_090605_V06,7,2.417,1.200,29,0,0.070,0,0,0.070
KAPX20190616-1,KAPX20190616_090605_V06,8,3.120,1.200,28,0,5.503,0,0,5.503
KAPX20190616-2,KAPX20190616_111221_V06,0,0.483,1.200,28747,0,387.049,3154,0,201.047
KAPX20190616-2,KAPX20190616_111221_V06,2,0.879,1.200,28746,0,28.162,2747,0,22.055
KAPX20190616-2,KAPX20190616_111221_V06,4,1.318,1.200,28757,0,9.879,2876,0,7.828
KAPX20190616-2,KAPX20190616_111221_V06,6,1.802,1.200,14389,0,2.075,1192,0,1.549
KAPX20190616-2,KAPX20190616_111221_V06,7,2.417,1.200,14394,0,2.165,989,0,1.575
KAPX20190616-2,KAPX20190616_111221_V06,8,3.120,1.200,14403,0,3.521,1029,0,1.804
KAPX20190616-2,KAPX20190616_111221_V06,9,3.999,1.200,14418,0,1.787,837,0,1.342
KAPX20190616-2,KAPX20190616_111221_V06,10,5.098,1.200,14443,0,4.618,872,0,2.205
KAPX20190616-2,KAPX20190616_111221_V06,11,6.416,1.200,14479,0,9.874,957,0,3.511
KAPX20190618-2,KAPX20190618_092321_V06,0,0.483,1.200,2168,0,269596.540,709,0,164836.803
KAPX20190618-2,KAPX20190618_092321_V06,2,0.879,1.200,2164,0,311715.036,710,0,215098.270
KAPX20190618-2,KAPX20190618_092321_V06,4,1.318,1.200,2168,0,79503.862,643,0,28009.276
KAPX20190618-2,KAPX20190618_092742_V06,0,0.483,1.200,3513,0,297288.989,986,0,166295.735
KAPX20190618-2,KAPX20190618_092742_V06,2,0.879,1.200,3513,0,369948.296,1049,0,241816.603
KAPX20190618-2,KAPX20190618_092742_V06,4,1.318,1.200,3512,0,130789.514,1067,0,34854.517
KAPX20190618-3,KAPX20190618_092321_V06,0,0.483,1.200,9455,0,28370.277,562,0,9054.134
KAPX20190618-3,KAPX20190618_092321_V06,2,0.879,1.200,9459,0,61956.172,651,0,26501.578
KAPX20190618-3,KAPX20190618_092321_V06,4,1.318,1.200,9469,0,102051.180,928,0,27506.726
KAPX20190618-3,KAPX20190618_092321_V06,6,1.802,1.200,4761,0,118036.802,375,0,2781.837
KAPX20190618-3,KAPX20190618_092321_V06,7,2.417,1.200,4762,0,86694.268,376,0,1798.274
KAPX20190618-6,KAPX20190618_095111_V06,0,0.483,1.200,14819,0,2031.346,604,0,1608.395
KAPX20190618-6,KAPX20190618_095111_V06,2,0.879,1.200,14821,0,568.061,248,0,435.597
KAPX20190618-6,KAPX20190618_095111_V06,4,1.318,1.200,14817,0,104.173,74,0,57.515
KAPX20190618-6,KAPX20190618_095111_V06,6,1.802,1.200,7415,0,21.692,5,0,17.554
KAPX20190618-6,KAPX20190618_095111_V06,7,2.417,1.200,7421,0,24.233,28,0,16.399
KAPX20190618-6,KAPX20190618_095111_V06,8,3.120,1.200,7423,0,9.729,0,0,9.729
KAPX20190618-6,KAPX20190618_095111_V06,9,3.999,1.200,7424,0,9.749,0,0,9.749
KAPX20190618-6,KAPX20190618_100123_V06,0,0.483,1.200,32567,0,4384.872,1519,0,2492.435
KAPX20190618-6,KAPX20190618_100123_V06,2,0.879,1.200,32566,0,939.793,723,0,667.099
KAPX20190618-6,KAPX20190618_100123_V06,4,1.318,1.200,32578,0,179.176,259,0,122.299
KAPX20190618-6,KAPX20190618_100123_V06,6,1.802,1.200,16303,0,40.416,39,0,36.635
KAPX20190618-6,KAPX20190618_100123_V06,7,2.417,1.200,16307,0,40.614,113,0,26.552
KAPX20190618-6,KAPX20190618_100123_V06,8,3.120,1.200,16324,0,25.949,37,0,22.966
KAPX20190618-6,KAPX20190618_100123_V06,9,3.999,1.200,16339,0,44.995,5,0,24.563
KAPX20190618-6,KAPX20190618_100632_V06,0,0.483,1.200,14320,0,1351.374,593,0,1015.902
KAPX20190618-6,KAPX20190618_100632_V06,2,0.879,1.200,14322,0,408.520,321,0,305.465
KAPX20190618-6,KAPX20190618_100632_V06,4,1.318,1.200,14325,0,58.563,60,0,35.329
KAPX20190618-6,KAPX20190618_100632_V06,6,1.802,1.200,7110,0,46.980,4,0,18.496
KAPX20190618-6,KAPX20190618_100632_V06,7,2.417,1.200,7116,0,14.708,4,0,11.937
KAPX20190618-6,KAPX20190618_100632_V06,8,3.120,1.200,7122,0,9.602,2,0,9.380
KAPX20190618-6,KAPX20190618_100632_V06,9,3.999,1.200,7138,0,22.331,3,0,14.443
KAPX20190619-3,KAPX20190619_085520_V06,0,0.483,1.200,210,0,7185.385,64,0,24.801
KAPX20190619-3,KAPX20190619_085520_V06,2,0.879,1.200,210,0,5052.978,51,0,53.124
KAPX20190619-3,KAPX20190619_085520_V06,4,1.318,1.200,211,0,1154.730,28,0,58.892
KAPX20190619-3,KAPX20190619_085520_V06,6,1.802,1.200,105,0,0.489,0,0,0.489
KAPX20190619-4,KAPX20190619_085520_V06,0,0.483,1.200,211,0,346.854,36,0,34.493
KAPX20190619-4,KAPX20190619_085520_V06,2,0.879,1.200,211,0,368.883,27,0,36.740
KAPX20190619-4,KAPX20190619_085520_V06,4,1.318,1.200,213,0,171.977,20,0,12.148
KAPX20190619-4,KAPX20190619_085520_V06,6,1.802,1.200,104,0,0.323,0,0,0.323
KAPX20190619-4,KAPX20190619_085520_V06,7,2.417,1.200,104,0,0.324,0,0,0.324
KAPX20190619-5,KAPX20190619_090907_V06,0,0.483,1.200,2951,0,1015084.183,1550,0,164176.269
KAPX20190619-5,KAPX20190619_090907_V06,2,0.879,1.200,2956,0,523659.276,1488,0,39878.136
KAPX20190623-1,KAPX20190623_094354_V06,0,0.483,1.200,7926,0,321781.531,106,0,317054.567
KAPX20190623-1,KAPX20190623_094354_V06,2,0.879,1.200,7928,0,27556.633,83,0,14372.497
KAPX20190623-1,KAPX20190623_094354_V06,4,1.318,1.200,7927,0,30890.165,135,0,19325.224
KAPX20190623-2,KAPX20190623_101135_V06,0,0.483,1.200,10798,0,2112.637,329,0,1841.949
KAPX20190623-2,KAPX20190623_101135_V06,2,0.879,1.200,10799,0,329.889,139,0,256.616
KAPX20190623-2,KAPX20190623_101135_V06,4,1.318,1.200,10798,0,85.255,105,0,74.170
KAPX20190623-2,KAPX20190623_101135_V06,6,1.802,1.200,5400,0,17.246,32,0,12.080
KAPX20190623-2,KAPX20190623_101135_V06,7,2.417,1.200,5395,0,9.777,3,0,7.292
KAPX20190623-2,KAPX20190623_101135_V06,8,3.120,1.200,5393,0,6.711,3,0,6.194
KAPX20190623-2,KAPX20190623_101135_V06,9,3.999,1.200,5404,0,6.311,3,0,5.706
KAPX20190623-2,KAPX20190623_101135_V06,10,5.098,1.200,5420,0,5.770,0,0,5.770
KAPX20190625-9,KAPX20190625_093946_V06,0,0.483,1.200,2823,0,26503.889,328,0,1473.509
KAPX20190625-9,KAPX20190625_093946_V06,2,0.879,1.200,2827,0,26916.521,241,0,3838.184
KAPX20190625-9,KAPX20190625_093946_V06,4,1.318,1.200,2819,0,8994.412,191,0,1101.443
KAPX20190625-9,KAPX20190625_093946_V06,6,1.802,1.200,1416,0,947.180,0,0,947.180
KAPX20190625-14,KAPX20190625_094830_V06,0,0.483,1.200,1904,12,3789077.402,754,1,1691438.738
KAPX20190625-14,KAPX20190625_094830_V06,2,0.879,1.200,1908,9,3649130.437,507,2,1565716.670
KAPX20190625-14,KAPX20190625_094830_V06,4,1.318,1.200,1904,0,624319.863,382,0,93397.107
KAPX20190625-17,KAPX20190625_095256_V06,0,0.483,1.200,3131,0,46889.238,1162,0,39.761
KAPX20190625-17,KAPX20190625_095256_V06,2,0.879,1.200,3134,0,64522.951,1165,0,19.606
KAPX20190625-17,KAPX20190625_095256_V06,4,1.318,1.200,3130,0,56386.718,1082,0,16.545
KAPX20190625-17,KAPX20190625_095256_V06,6,1.802,1.200,1566,0,45646.671,461,0,32.679
KAPX20190625-17,KAPX20190625_095256_V06,7,2.417,1.200,1565,0,49436.619,416,0,2160.442
KAPX20190625-17,KAPX20190625_095256_V06,8,3.120,1.200,1568,0,91449.433,306,0,8496.193
KAPX20190625-17,KAPX20190625_095256_V06,9,3.999,1.200,1576,0,5275.920,205,0,26.905
KAPX20190625-17,KAPX20190625_095256_V06,10,5.098,1.200,1572,0,1.741,0,0,1.741
KAPX20190625-20,KAPX20190625_100624_V06,0,0.483,1.200,15982,0,14971.104,3619,0,529.239
KAPX20190625-20,KAPX20190625_100624_V06,2,0.879,1.200,15983,0,9312.470,3138,0,253.076
KAPX20190625-20,KAPX20190625_100624_V06,4,1.318,1.200,15983,0,3950.861,1863,0,141.927
KAPX20190625-20,KAPX20190625_100624_V06,6,1.802,1.200,8001,0,1721.965,319,0,37.566
KAPX20190625-20,KAPX20190625_100624_V06,7,2.417,1.200,8005,0,843.380,113,0,238.906
KAPX20190625-20,KAPX20190625_100624_V06,8,3.120,1.200,8001,0,26.459,43,0,11.951
KAPX20190625-20,KAPX20190625_100624_V06,9,3.999,1.200,8010,0,6.790,22,0,6.277
KAPX20190625-20,KAPX20190625_100624_V06,10,5.098,1.200,8023,0,6.557,5,0,6.343
KAPX20190625-20,KAPX20190625_100624_V06,11,6.416,1.200,8039,0,6.591,6,0,6.210
KAPX20190625-27,KAPX20190625_103711_V06,0,0.483,1.200,4861,0,67703.099,2108,0,428.573
KAPX20190625-27,KAPX20190625_103711_V06,2,0.879,1.200,4860,0,55343.501,2346,0,121.000
KAPX20190625-27,KAPX20190625_103711_V06,4,1.318,1.200,4868,0,52310.655,2467,0,78.240
KAPX20190625-27,KAPX20190625_103711_V06,6,1.802,1.200,2433,0,47977.588,1159,0,59.316
KAPX20190625-27,KAPX20190625_103711_V06,7,2.417,1.200,2433,0,74360.530,1049,0,2958.278
KAPX20190625-27,KAPX20190625_103711_V06,8,3.120,1.200,2437,0,135357.162,1056,0,10485.020
KAPX20190625-27,KAPX20190625_103711_V06,9,3.999,1.200,2436,0,14392.324,951,0,305.759
KAPX20190625-27,KAPX20190625_103711_V06,10,5.098,1.200,2445,0,73.007,97,0,10.128
KAPX20190625-32,KAPX20190625_105024_V06,0,0.483,1.200,12681,0,2468.345,618,0,344.685
KAPX20190625-32,KAPX20190625_105024_V06,2,0.879,1.200,12682,0,1936.808,502,0,96.188
KAPX20190625-32,KAPX20190625_105024_V06,4,1.318,1.200,12680,0,2602.153,444,0,71.186
KAPX20190625-32,KAPX20190625_105024_V06,6,1.802,1.200,6346,0,413.259,74,0,12.433
KAPX20190625-32,KAPX20190625_105024_V06,7,2.417,1.200,6349,0,92.025,37,0,18.632
KAPX20190625-32,KAPX20190625_105024_V06,8,3.120,1.200,6353,0,7.327,3,0,6.478
KAPX20190625-32,KAPX20190625_105024_V06,9,3.999,1.200,6363,0,5.702,0,0,5.702
KAPX20190625-32,KAPX20190625_105024_V06,10,5.098,1.200,6366,0,5.807,0,0,5.807
KAPX20190628-5,KAPX20190628_093318_V06,0,0.483,1.200,2080,0,170741.356,798,0,2312.156
KAPX20190628-5,KAPX20190628_093318_V06,2,0.879,1.200,2082,0,118946.668,812,0,2131.701
KAPX20190628-5,KAPX20190628_093318_V06,4,1.318,1.200,2080,0,12677.263,298,0,1949.223
KAPX20190628-5,KAPX20190628_093318_V06,6,1.802,1.200,1044,0,42.362,0,0,42.362
KAPX20190701-1,KAPX20190701_093503_V06,0,0.483,1.200,3052,0,1513.888,176,0,1357.176
KAPX20190701-1,KAPX20190701_093503_V06,2,0.879,1.200,3053,0,56.144,30,0,44.249
KAPX20190701-1,KAPX20190701_093503_V06,4,1.318,1.200,3051,0,3.875,0,0,3.875
KAPX20190701-1,KAPX20190701_093503_V06,6,1.802,1.200,1527,0,2.034,0,0,2.034
KAPX20190701-1,KAPX20190701_093503_V06,7,2.417,1.200,1530,0,2.041,0,0,2.041
KAPX20190701-1,KAPX20190701_093503_V06,8,3.120,1.200,1530,0,2.044,0,0,2.044
KAPX20190701-1,KAPX20190701_093503_V06,9,3.999,1.200,1530,0,2.049,0,0,2.049
KAPX20190701-2,KAPX20190701_093503_V06,0,0.483,1.200,310,0,36.799,12,0,33.713
KAPX20190701-2,KAPX20190701_093503_V06,2,0.879,1.200,309,0,10.292,5,0,7.904
KAPX20190701-2,KAPX20190701_093503_V06,4,1.318,1.200,311,0,0.131,0,0,0.131
KAPX20190701-2,KAPX20190701_093503_V06,6,1.802,1.200,154,0,0.130,0,0,0.130
KAPX20190701-2,KAPX20190701_093503_V06,7,2.417,1.200,154,0,0.130,0,0,0.130
KAPX20190701-2,KAPX20190701_093503_V06,8,3.120,1.200,154,0,0.130,0,0,0.130
KAPX20190701-2,KAPX20190701_093503_V06,9,3.999,1.200,153,0,0.130,0,0,0.130
KAPX20190701-2,KAPX20190701_093503_V06,10,5.098,1.200,153,0,0.130,0,0,0.130
KAPX20190703-2,KAPX20190703_093549_V06,0,0.483,1.200,325,0,2405.841,15,0,2388.701
KAPX20190703-2,KAPX20190703_093549_V06,2,0.879,1.200,325,0,498.952,28,0,473.770
KAPX20190703-2,KAPX20190703_093549_V06,4,1.318,1.200,325,0,4.184,2,0,1.368
KAPX20190703-2,KAPX20190703_093549_V06,6,1.802,1.200,172,0,0.270,0,0,0.270
KAPX20190703-2,KAPX20190703_093549_V06,7,2.417,1.200,171,0,0.268,0,0,0.268
KAPX20190703-2,KAPX20190703_093549_V06,8,3.120,1.200,171,0,0.269,0,0,0.269
KAPX20190703-2,KAPX20190703_093549_V06,9,3.999,1.200,171,0,0.270,0,0,0.270
KAPX20190703-2,KAPX20190703_094252_V06,0,0.483,1.200,2361,0,4908.305,148,0,4736.810
KAPX20190703-2,KAPX20190703_094252_V06,2,0.879,1.200,2362,0,1243.588,145,0,1148.032
KAPX20190703-2,KAPX20190703_094252_V06,4,1.318,1.200,2361,0,17.130,7,0,13.193
KAPX20190703-2,KAPX20190703_094252_V06,6,1.802,1.200,1187,0,1.873,0,0,1.873
KAPX20190703-2,KAPX20190703_094252_V06,7,2.417,1.200,1190,0,1.878,0,0,1.878
KAPX20190703-2,KAPX20190703_094252_V06,8,3.120,1.200,1195,0,1.892,0,0,1.892
KAPX20190703-2,KAPX20190703_094252_V06,9,3.999,1.200,1193,0,1.890,0,0,1.890
KAPX20190703-4,KAPX20190703_104536_V06,0,0.483,1.200,4090,0,215368.845,191,0,178790.907
KAPX20190703-4,KAPX20190703_104536_V06,2,0.879,1.200,4090,0,4126.499,105,0,3481.128
KAPX20190703-4,KAPX20190703_104536_V06,4,1.318,1.200,4094,0,1368.603,98,0,1092.524
KAPX20190703-4,KAPX20190703_104536_V06,6,1.802,1.200,2045,0,141.768,18,0,82.569
KAPX20190703-4,KAPX20190703_104536_V06,7,2.417,1.200,2046,0,104.358,13,0,58.023
KAPX20190703-4,KAPX20190703_104536_V06,8,3.120,1.200,2043,0,148.587,14,0,89.408
KAPX20190703-4,KAPX20190703_105245_V06,0,0.483,1.200,7967,0,304066.458,313,0,232192.073
KAPX20190703-4,KAPX20190703_105245_V06,2,0.879,1.200,7969,0,5944.296,196,0,4315.214
KAPX20190703-4,KAPX20190703_105245_V06,4,1.318,1.200,7972,0,3352.378,176,0,2955.563
KAPX20190703-4,KAPX20190703_105245_V06,6,1.802,1.200,3928,0,236.666,40,0,102.019
KAPX20190703-4,KAPX20190703_105245_V06,7,2.417,1.200,3934,0,199.860,27,0,92.233
KAPX20190703-4,KAPX20190703_105245_V06,8,3.120,1.200,3936,0,399.801,49,0,210.296
KAPX20190703-1,KAPX20190703_090103_V06,0,0.483,1.200,195,0,9528.166,17,0,8432.466
KAPX20190703-1,KAPX20190703_090103_V06,2,0.879,1.200,197,0,80.785,4,0,62.334
KAPX20190703-1,KAPX20190703_090103_V06,4,1.318,1.200,196,0,6.420,0,0,6.420
KAPX20190703-1,KAPX20190703_090103_V06,6,1.802,1.200,95,0,9.582,2,0,4.950
KAPX20190703-1,KAPX20190703_090103_V06,7,2.417,1.200,95,0,11.324,1,0,8.181
KAPX20190703-1,KAPX20190703_090103_V06,8,3.120,1.200,95,0,3.460,0,0,3.460
KAPX20190703-1,KAPX20190703_090103_V06,9,3.999,1.200,96,0,17.583,6,0,10.627
KAPX20190703-5,KAPX20190703_110704_V06,0,0.483,1.200,295,0,102632.814,20,0,83219.788
KAPX20190703-5,KAPX20190703_110704_V06,2,0.879,1.200,296,0,2228.541,15,0,1621.668
KAPX20190703-5,KAPX20190703_110704_V06,4,1.318,1.200,295,0,70.837,4,0,63.997
KAPX20190703-5,KAPX20190703_110704_V06,6,1.802,1.200,147,0,7.442,2,0,0.323
KAPX20190703-5,KAPX20190703_110704_V06,7,2.417,1.200,147,0,6.617,0,0,6.617
KAPX20190703-5,KAPX20190703_110704_V06,8,3.120,1.200,148,0,5.188,0,0,5.188
KAPX20190703-6,KAPX20190703_110704_V06,0,0.483,1.200,2053,0,79.819,176,0,76.903
KAPX20190703-6,KAPX20190703_110704_V06,2,0.879,1.200,2051,0,8.879,220,0,7.084
KAPX20190703-6,KAPX20190703_110704_V06,4,1.318,1.200,2050,0,7.115,244,0,5.032
KAPX20190703-6,KAPX20190703_110704_V06,6,1.802,1.200,1024,0,1.242,21,0,0.874
KAPX20190703-6,KAPX20190703_110704_V06,7,2.417,1.200,1023,0,1.690,23,0,1.122
KAPX20190703-6,KAPX20190703_110704_V06,8,3.120,1.200,1025,0,1.708,31,0,1.150
KAPX20190703-6,KAPX20190703_110704_V06,9,3.999,1.200,1027,0,0.825,19,0,0.580
KAPX20190703-6,KAPX20190703_110704_V06,10,5.098,1.200,1023,0,0.263,0,0,0.263
KAPX20190703-6,KAPX20190703_110704_V06,11,6.416,1.200,1029,0,0.236,0,0,0.236
KAPX20190704-4,KAPX20190704_110330_V06,0,0.483,1.200,62,0,2292.722,8,0,1210.187
KAPX20190704-4,KAPX20190704_110330_V06,2,0.879,1.200,62,0,0.055,0,0,0.055
KAPX20190704-4,KAPX20190704_110330_V06,4,1.318,1.200,62,0,0.745,1,0,0.054
KAPX20190704-4,KAPX20190704_110330_V06,6,1.802,1.200,32,0,7.230,1,0,3.244
KAPX20190704-4,KAPX20190704_110330_V06,7,2.417,1.200,32,0,0.056,0,0,0.056
KAPX20190704-4,KAPX20190704_110330_V06,8,3.120,1.200,33,0,0.058,0,0,0.058
KAPX20190704-4,KAPX20190704_110330_V06,9,3.999,1.200,33,0,4.889,2,0,1.295
KAPX20190704-4,KAPX20190704_111039_V06,0,0.483,1.200,1931,0,3677.129,76,0,2930.595
KAPX20190704-4,KAPX20190704_111039_V06,2,0.879,1.200,1931,0,502.217,52,0,430.464
KAPX20190704-4,KAPX20190704_111039_V06,4,1.318,1.200,1931,0,343.940,54,0,236.407
KAPX20190704-4,KAPX20190704_111039_V06,6,1.802,1.200,967,0,14.387,2,0,9.033
KAPX20190704-4,KAPX20190704_111039_V06,7,2.417,1.200,971,0,32.355,3,0,19.132
KAPX20190704-4,KAPX20190704_111039_V06,8,3.120,1.200,967,0,17.148,0,0,17.148
KAPX20190704-4,KAPX20190704_111039_V06,9,3.999,1.200,970,0,9.684,0,0,9.684
KAPX20190704-4,KAPX20190704_111748_V06,0,0.483,1.200,7449,0,6864.089,234,0,4648.660
KAPX20190704-4,KAPX20190704_111748_V06,2,0.879,1.200,7449,0,1930.442,140,0,1638.463
KAPX20190704-4,KAPX20190704_111748_V06,4,1.318,1.200,7453,0,1407.684,175,0,1043.836
KAPX20190704-4,KAPX20190704_111748_V06,6,1.802,1.200,3730,0,61.022,18,0,24.744
KAPX20190704-4,KAPX20190704_111748_V06,7,2.417,1.200,3737,0,91.816,29,0,44.225
KAPX20190704-4,KAPX20190704_111748_V06,8,3.120,1.200,3735,0,49.393,10,0,29.739
KAPX20190704-4,KAPX20190704_111748_V06,9,3.999,1.200,3735,0,55.401,8,0,42.391
KAPX20190704-4,KAPX20190704_112457_V06,0,0.483,1.200,10077,0,14604.856,517,0,12299.600
KAPX20190704-4,KAPX20190704_112457_V06,2,0.879,1.200,10080,0,4465.948,300,0,3557.088
KAPX20190704-4,KAPX20190704_112457_V06,4,1.318,1.200,10077,0,1294.875,148,0,1107.809
KAPX20190704-4,KAPX20190704_112457_V06,6,1.802,1.200,5039,0,106.304,27,0,61.681
KAPX20190704-4,KAPX20190704_112457_V06,7,2.417,1.200,5041,0,97.574,27,0,39.927
KAPX20190704-4,KAPX20190704_112457_V06,8,3.120,1.200,5049,0,105.226,26,0,58.732
KAPX20190704-4,KAPX20190704_112457_V06,9,3.999,1.200,5051,0,89.295,12,0,53.558
KAPX20190704-1,KAPX20190704_093557_V06,0,0.483,1.200,9169,0,3041.191,410,0,2547.991
KAPX20190704-1,KAPX20190704_093557_V06,2,0.879,1.200,9166,0,804.758,133,0,635.045
KAPX20190704-1,KAPX20190704_093557_V06,4,1.318,1.200,9169,0,39.959,15,0,26.225
KAPX20190704-1,KAPX20190704_093557_V06,6,1.802,1.200,4582,0,10.004,0,0,10.004
KAPX20190704-1,KAPX20190704_093557_V06,7,2.417,1.200,4588,0,7.863,0,0,7.863
KAPX20190704-1,KAPX20190704_093557_V06,8,3.120,1.200,4594,0,9.537,0,0,9.537
KAPX20190704-1,KAPX20190704_093557_V06,9,3.999,1.200,4598,0,7.907,0,0,7.907
KAPX20190704-2,KAPX20190704_104913_V06,0,0.483,1.200,9235,0,1860.619,303,0,1414.789
KAPX20190704-2,KAPX20190704_104913_V06,2,0.879,1.200,9235,0,1486.074,173,0,1258.548
KAPX20190704-2,KAPX20190704_104913_V06,4,1.318,1.200,9246,0,583.709,132,0,420.069
KAPX20190704-2,KAPX20190704_104913_V06,6,1.802,1.200,4621,0,28.593,4,0,21.563
KAPX20190704-2,KAPX20190704_104913_V06,7,2.417,1.200,4624,0,93.156,10,0,63.198
KAPX20190704-2,KAPX20190704_104913_V06,8,3.120,1.200,4629,0,9.570,3,0,7.727
KAPX20190704-2,KAPX20190704_104913_V06,9,3.999,1.200,4636,0,14.627,3,0,11.637
KAPX20190704-2,KAPX20190704_110330_V06,0,0.483,1.200,30490,0,11350.118,1790,0,7476.815
KAPX20190704-2,KAPX20190704_110330_V06,2,0.879,1.200,30500,0,3382.952,1642,0,2749.345
KAPX20190704-2,KAPX20190704_110330_V06,4,1.318,1.200,30502,0,1888.540,1178,0,1442.477
KAPX20190704-2,KAPX20190704_110330_V06,6,1.802,1.200,15259,0,249.961,292,0,121.880
KAPX20190704-2,KAPX20190704_110330_V06,7,2.417,1.200,15266,0,132.471,113,0,96.902
KAPX20190704-2,KAPX20190704_110330_V06,8,3.120,1.200,15283,0,72.075,31,0,53.339
KAPX20190704-2,KAPX20190704_110330_V06,9,3.999,1.200,15302,0,74.573,18,0,51.630
KAPX20190704-2,KAPX20190704_111039_V06,0,0.483,1.200,10371,0,8900.890,538,0,6949.762
KAPX20190704-2,KAPX20190704_111039_V06,2,0.879,1.200,10370,0,2123.188,286,0,1841.427
KAPX20190704-2,KAPX20190704_111039_V06,4,1.318,1.200,10380,0,1189.885,210,0,874.389
KAPX20190704-2,KAPX20190704_111039_V06,6,1.802,1.200,5186,0,59.948,18,0,39.597
KAPX20190704-2,KAPX20190704_111039_V06,7,2.417,1.200,5190,0,82.020,15,0,45.608
KAPX20190704-2,KAPX20190704_111039_V06,8,3.120,1.200,5196,0,50.094,10,0,40.840
KAPX20190704-2,KAPX20190704_111039_V06,9,3.999,1.200,5203,0,47.296,15,0,38.680
KAPX20190705-2,KAPX20190705_090122_V06,0,0.483,1.200,1722,0,432037.754,404,0,315.726
KAPX20190705-2,KAPX20190705_090122_V06,2,0.879,1.200,1720,1,442819.345,404,0,163.046
KAPX20190705-2,KAPX20190705_090122_V06,4,1.318,1.200,1725,0,540281.273,417,0,1678.691
KAPX20190705-2,KAPX20190705_090122_V06,8,1.802,1.200,863,0,240322.246,168,0,1010.396
KAPX20190705-2,KAPX20190705_090122_V06,9,2.417,1.200,863,0,205379.333,149,0,8649.918
KAPX20190705-2,KAPX20190705_090122_V06,10,3.120,1.200,865,0,101587.781,148,0,6.349
KAPX20190706-6,KAPX20190706_105755_V06,0,0.483,1.200,4540,0,298652.228,1286,0,31193.807
KAPX20190706-6,KAPX20190706_105755_V06,2,0.879,1.200,4537,0,632476.676,1638,0,86322.288
KAPX20190706-6,KAPX20190706_105755_V06,4,1.318,1.200,4541,0,367598.399,2043,0,47970.495
KAPX20190706-6,KAPX20190706_110638_V06,0,0.483,1.200,7475,0,843686.606,1957,0,90501.840
KAPX20190706-6,KAPX20190706_110638_V06,2,0.879,1.200,7485,0,1135561.831,2598,0,103787.262
KAPX20190706-6,KAPX20190706_110638_V06,4,1.318,1.200,7490,0,366838.171,2678,0,33941.107
KAPX20190706-1,KAPX20190706_091237_V06,0,0.483,1.200,5379,0,934266.202,169,0,860513.326
KAPX20190706-1,KAPX20190706_091237_V06,2,0.879,1.200,5381,0,19643.070,125,0,13490.047
KAPX20190706-1,KAPX20190706_091237_V06,4,1.318,1.200,5390,0,20707.735,140,0,16819.740
KAPX20190706-1,KAPX20190706_091237_V06,6,1.802,1.200,2683,0,1862.054,25,0,936.209
KAPX20190706-1,KAPX20190706_091719_V06,0,0.483,1.200,3856,0,955677.412,147,0,854976.093
KAPX20190706-1,KAPX20190706_091719_V06,2,0.879,1.200,3851,0,15241.443,95,0,12102.117
KAPX20190706-1,KAPX20190706_091719_V06,4,1.318,1.200,3862,0,15897.868,91,0,13360.309
KAPX20190706-1,KAPX20190706_091719_V06,6,1.802,1.200,1926,0,1634.786,24,0,966.715
KAPX20190706-3,KAPX20190706_091719_V06,0,0.483,1.200,9817,0,1224139.574,313,0,1137771.150
KAPX20190706-3,KAPX20190706_091719_V06,2,0.879,1.200,9820,0,24226.101,153,0,18040.265
KAPX20190706-3,KAPX20190706_091719_V06,4,1.318,1.200,9824,0,26919.423,241,0,19814.971
KAPX20190706-3,KAPX20190706_091719_V06,6,1.802,1.200,4912,0,1671.124,30,0,915.563
KAPX20190706-4,KAPX20190706_092635_V06,0,0.483,1.200,2541,0,74939.942,135,0,63321.159
KAPX20190706-4,KAPX20190706_092635_V06,2,0.879,1.200,2542,0,1407.244,66,0,845.803
KAPX20190706-4,KAPX20190706_092635_V06,4,1.318,1.200,2540,0,2460.790,68,0,1737.057
KAPX20190706-4,KAPX20190706_092635_V06,6,1.802,1.200,1270,0,214.810,12,0,62.038
KAPX20190706-4,KAPX20190706_092635_V06,7,2.417,1.200,1271,0,175.103,6,0,116.791
KAPX20190706-4,KAPX20190706_092635_V06,8,3.120,1.200,1275,0,106.389,9,0,57.652
KAPX20190706-5,KAPX20190706_104437_V06,0,0.483,1.200,830,0,33181.532,39,0,32517.744
KAPX20190706-5,KAPX20190706_104437_V06,2,0.879,1.200,829,0,1581.428,24,0,1174.594
KAPX20190706-5,KAPX20190706_104437_V06,4,1.318,1.200,828,0,254.400,14,0,203.612
KAPX20190706-5,KAPX20190706_104437_V06,6,1.802,1.200,416,0,26.295,2,0,16.816
KAPX20190706-5,KAPX20190706_104437_V06,7,2.417,1.200,415,0,45.739,4,0,32.293
KAPX20190706-5,KAPX20190706_104437_V06,8,3.120,1.200,417,0,30.982,3,0,14.928
KAPX20190707-1,KAPX20190707_102501_V06,0,0.483,1.200,8321,0,1436.178,281,0,1139.276
KAPX20190707-1,KAPX20190707_102501_V06,2,0.879,1.200,8327,0,94.798,16,0,76.566
KAPX20190707-1,KAPX20190707_102501_V06,4,1.318,1.200,8332,0,29.547,6,0,26.969
KAPX20190707-1,KAPX20190707_102501_V06,6,1.802,1.200,4167,0,9.629,0,0,9.629
KAPX20190707-1,KAPX20190707_102501_V06,7,2.417,1.200,4165,0,8.033,0,0,8.033
KAPX20190707-1,KAPX20190707_102501_V06,8,3.120,1.200,4172,0,8.061,0,0,8.061
KAPX20190710-4,KAPX20190710_094124_V06,0,0.483,1.200,1344,0,43673.173,0,0,43673.173
KAPX20190710-4,KAPX20190710_094124_V06,2,0.879,1.200,1345,0,85.598,1,0,36.674
KAPX20190710-4,KAPX20190710_094124_V06,4,1.318,1.200,1350,0,112.445,0,0,112.445
KAPX20190710-4,KAPX20190710_094643_V06,0,0.483,1.200,3237,0,49118.114,23,0,45537.671
KAPX20190710-4,KAPX20190710_094643_V06,2,0.879,1.200,3242,0,2781.016,35,0,1047.608
KAPX20190710-4,KAPX20190710_094643_V06,4,1.318,1.200,3251,0,172.939,2,0,129.569
KAPX20190710-6,KAPX20190710_094124_V06,0,0.483,1.200,2446,1,456340.029,788,0,2617.839
KAPX20190710-6,KAPX20190710_094124_V06,2,0.879,1.200,2447,3,523656.466,888,0,183.585
KAPX20190710-6,KAPX20190710_094124_V06,4,1.318,1.200,2442,0,293533.248,801,0,136.349
KAPX20190710-6,KAPX20190710_094124_V06,8,1.802,1.200,1223,0,225588.782,261,0,119.296
KAPX20190710-6,KAPX20190710_094124_V06,9,2.417,1.200,1222,0,68925.727,160,0,110.121
KAPX20190710-6,KAPX20190710_094124_V06,10,3.120,1.200,1222,0,13080.245,61,0,27.733
KAPX20190710-6,KAPX20190710_094643_V06,0,0.483,1.200,4713,0,300290.715,913,0,769.529
KAPX20190710-6,KAPX20190710_094643_V06,2,0.879,1.200,4712,0,370090.739,1110,0,158.446
KAPX20190710-6,KAPX20190710_094643_V06,4,1.318,1.200,4709,0,366983.072,1071,0,192.329
KAPX20190710-6,KAPX20190710_094643_V06,8,1.802,1.200,2357,0,172952.884,390,0,189.238
KAPX20190710-6,KAPX20190710_094643_V06,9,2.417,1.200,2360,0,78862.095,254,0,92.707
KAPX20190710-6,KAPX20190710_094643_V06,10,3.120,1.200,2359,0,7291.333,80,0,66.601
KAPX20190710-6,KAPX20190710_095213_V06,0,0.483,1.200,3367,0,462454.445,973,0,298.687
KAPX20190710-6,KAPX20190710_095213_V06,2,0.879,1.200,3368,3,432823.453,1044,0,112.546
KAPX20190710-6,KAPX20190710_095213_V06,4,1.318,1.200,3364,1,481173.875,1028,0,113.356
KAPX20190710-6,KAPX20190710_095213_V06,8,1.802,1.200,1684,0,325833.399,372,0,317.854
KAPX20190710-6,KAPX20190710_095213_V06,9,2.417,1.200,1684,0,119879.245,274,0,62.742
KAPX20190710-6,KAPX20190710_095213_V06,10,3.120,1.200,1686,0,12026.458,118,0,35.120
KAPX20190710-7,KAPX20190710_094124_V06,0,0.483,1.200,8880,0,10286.849,457,0,8966.240
KAPX20190710-7,KAPX20190710_094124_V06,2,0.879,1.200,8879,0,2059.942,291,0,1707.812
KAPX20190710-7,KAPX20190710_094124_V06,4,1.318,1.200,8885,0,508.381,88,0,380.726
KAPX20190710-7,KAPX20190710_094124_V06,8,1.802,1.200,4441,0,58.857,6,0,44.145
KAPX20190710-7,KAPX20190710_094124_V06,9,2.417,1.200,4448,0,16.374,4,0,9.335
KAPX20190710-7,KAPX20190710_094124_V06,10,3.120,1.200,4459,0,43.950,4,0,30.684
KAPX20190710-7,KAPX20190710_094124_V06,11,3.999,1.200,4457,0,35.403,7,0,17.204
KAPX20190714-1,KAPX20190714_104101_V06,0,0.483,1.200,1900,0,5792.802,46,0,3390.489
KAPX20190714-1,KAPX20190714_104101_V06,2,0.879,1.200,1897,0,9.192,0,0,9.192
KAPX20190714-1,KAPX20190714_104101_V06,4,1.318,1.200,1896,0,9.193,0,0,9.193
KAPX20190717-1,KAPX20190717_091141_V06,0,0.483,1.200,188,0,8190.230,4,0,8175.001
KAPX20190717-1,KAPX20190717_091141_V06,2,0.879,1.200,187,0,232.911,10,0,85.474
KAPX20190717-1,KAPX20190717_091141_V06,6,1.318,1.200,187,0,166.345,8,0,62.014
KAPX20190717-1,KAPX20190717_091141_V06,8,1.802,1.200,107,0,0.448,0,0,0.448
KAPX20190717-1,KAPX20190717_091141_V06,9,2.417,1.200,106,0,28.333,1,0,19.077
KAPX20190717-1,KAPX20190717_092020_V06,0,0.483,1.200,1199,0,15481.510,25,0,9494.238
KAPX20190717-1,KAPX20190717_092020_V06,2,0.879,1.200,1200,0,3318.321,35,0,1442.329
KAPX20190717-1,KAPX20190717_092020_V06,6,1.318,1.200,1201,0,678.100,31,0,338.267
KAPX20190717-1,KAPX20190717_092020_V06,8,1.802,1.200,604,0,2.551,0,0,2.551
KAPX20190717-1,KAPX20190717_092020_V06,9,2.417,1.200,604,0,19.597,0,0,19.597
KAPX20190717-3,KAPX20190717_093758_V06,0,0.483,1.200,582,0,131367.384,38,0,71387.179
KAPX20190717-3,KAPX20190717_093758_V06,2,0.879,1.200,582,0,1387.403,26,0,933.251
KAPX20190717-3,KAPX20190717_093758_V06,6,1.318,1.200,583,0,63.039,0,0,63.039
KAPX20190717-3,KAPX20190717_093758_V06,8,1.802,1.200,287,0,0.648,0,0,0.648
KAPX20190717-3,KAPX20190717_093758_V06,9,2.417,1.200,287,0,16.837,2,0,6.874
KAPX20190717-3,KAPX20190717_093758_V06,10,3.120,1.200,291,0,0.659,0,0,0.659
KAPX20190717-3,KAPX20190717_094647_V06,0,0.483,1.200,2880,0,107672.494,81,0,85523.369
KAPX20190717-3,KAPX20190717_094647_V06,2,0.879,1.200,2880,0,3548.054,95,0,3019.161
KAPX20190717-3,KAPX20190717_094647_V06,6,1.318,1.200,2884,0,579.169,19,0,522.630
KAPX20190717-3,KAPX20190717_094647_V06,8,1.802,1.200,1438,0,133.521,10,0,76.423
KAPX20190717-3,KAPX20190717_094647_V06,9,2.417,1.200,1436,0,88.085,14,0,33.751
KAPX20190717-3,KAPX20190717_094647_V06,10,3.120,1.200,1440,0,115.387,17,0,53.489
KAPX20190717-4,KAPX20190717_100356_V06,0,0.483,1.200,567,0,173487.893,62,0,142608.073
KAPX20190717-4,KAPX20190717_100356_V06,2,0.879,1.200,569,0,44819.616,39,0,36323.581
KAPX20190717-4,KAPX20190717_100356_V06,6,1.318,1.200,571,0,2272.079,33,0,1962.214
KAPX20190717-4,KAPX20190717_100356_V06,8,1.802,1.200,282,0,0.740,0,0,0.740
KAPX20190717-4,KAPX20190717_100356_V06,9,2.417,1.200,281,0,14.030,0,0,14.030
KAPX20190717-4,KAPX20190717_100356_V06,10,3.120,1.200,280,0,14.609,2,0,4.566
KAPX20190717-5,KAPX20190717_101225_V06,0,0.483,1.200,1189,0,4573.590,53,0,3198.016
KAPX20190717-5,KAPX20190717_101225_V06,2,0.879,1.200,1188,0,669.879,39,0,464.668
KAPX20190717-5,KAPX20190717_101225_V06,6,1.318,1.200,1191,0,13.515,1,0,8.867
KAPX20190717-5,KAPX20190717_101225_V06,8,1.802,1.200,592,0,3.028,0,0,3.028
KAPX20190718-1,KAPX20190718_090957_V06,0,0.483,1.200,242,0,49795.911,18,0,29323.860
KAPX20190718-1,KAPX20190718_090957_V06,2,0.879,1.200,242,0,511.123,8,0,455.321
KAPX20190718-1,KAPX20190718_090957_V06,4,1.318,1.200,241,0,10.336,1,0,9.696
KAPX20190718-1,KAPX20190718_090957_V06,8,1.802,1.200,122,0,6.297,0,0,6.297
KAPX20190718-1,KAPX20190718_090957_V06,9,2.417,1.200,122,0,0.241,0,0,0.241
KAPX20190718-1,KAPX20190718_090957_V06,10,3.120,1.200,124,0,14.959,3,0,6.286
KAPX20190718-3,KAPX20190718_104419_V06,0,0.483,1.200,4622,2,192891.330,157,0,150307.600
KAPX20190718-3,KAPX20190718_104419_V06,2,0.879,1.200,4624,0,6694.647,51,0,5091.963
KAPX20190718-3,KAPX20190718_104419_V06,4,1.318,1.200,4625,0,19647.491,185,0,14981.567
KAPX20190718-3,KAPX20190718_104419_V06,8,1.802,1.200,2317,0,727.461,13,0,360.651
KAPX20190718-4,KAPX20190718_104957_V06,0,0.483,1.200,6760,0,170698.204,452,0,127781.225
KAPX20190718-4,KAPX20190718_104957_V06,2,0.879,1.200,6762,0,7202.349,297,0,5454.418
KAPX20190718-4,KAPX20190718_104957_V06,4,1.318,1.200,6764,0,2384.079,144,0,1940.489
KAPX20190718-4,KAPX20190718_104957_V06,8,1.802,1.200,3387,0,251.053,33,0,141.262
KAPX20190718-4,KAPX20190718_104957_V06,9,2.417,1.200,3387,0,182.621,25,0,96.912
KAPX20190718-4,KAPX20190718_104957_V06,10,3.120,1.200,3388,0,161.778,13,0,102.115
KAPX20190721-1,KAPX20190721_092316_V06,0,0.483,1.200,1309,0,88861.159,59,0,80733.684
KAPX20190721-1,KAPX20190721_092316_V06,2,0.879,1.200,1308,0,5123.748,56,0,4788.665
KAPX20190721-1,KAPX20190721_092316_V06,4,1.318,1.200,1307,0,1587.616,28,0,1459.450
KAPX20190721-1,KAPX20190721_092316_V06,8,1.802,1.200,654,0,44.108,2,0,29.684
KAPX20190721-1,KAPX20190721_092316_V06,9,2.417,1.200,657,0,81.118,5,0,53.155
KAPX20190721-1,KAPX20190721_092316_V06,10,3.120,1.200,655,0,68.473,2,0,55.598
KAPX20190721-1,KAPX20190721_092855_V06,0,0.483,1.200,3127,0,199694.200,288,0,158467.336
KAPX20190721-1,KAPX20190721_092855_V06,2,0.879,1.200,3128,0,10546.228,204,0,8773.652
KAPX20190721-1,KAPX20190721_092855_V06,4,1.318,1.200,3129,0,3788.726,101,0,3243.624
KAPX20190721-1,KAPX20190721_092855_V06,8,1.802,1.200,1565,0,202.444,22,0,54.703
KAPX20190721-1,KAPX20190721_092855_V06,9,2.417,1.200,1562,0,246.486,17,0,140.976
KAPX20190721-1,KAPX20190721_092855_V06,10,3.120,1.200,1567,0,115.474,12,0,51.918
KAPX20190721-2,KAPX20190721_092316_V06,0,0.483,1.200,7959,0,27313.153,148,0,16712.042
KAPX20190721-2,KAPX20190721_092316_V06,2,0.879,1.200,7956,0,7317.364,60,0,4729.810
KAPX20190721-2,KAPX20190721_092316_V06,4,1.318,1.200,7959,0,1277.923,12,0,878.930
KAPX20190721-2,KAPX20190721_092855_V06,0,0.483,1.200,11319,0,45372.753,235,0,30467.385
KAPX20190721-2,KAPX20190721_092855_V06,2,0.879,1.200,11321,0,3858.037,50,0,1793.104
KAPX20190721-2,KAPX20190721_092855_V06,4,1.318,1.200,11332,0,756.910,12,0,176.395
KAPX20190721-3,KAPX20190721_112306_V06,0,0.483,1.200,1904,0,20726.261,235,0,13565.577
KAPX20190721-3,KAPX20190721_112306_V06,2,0.879,1.200,1905,0,447.220,201,0,336.004
KAPX20190721-3,KAPX20190721_112306_V06,4,1.318,1.200,1905,0,181.022,139,0,155.641
KAPX20190721-3,KAPX20190721_112306_V06,8,1.802,1.200,956,0,23.083,26,0,14.970
KAPX20190721-3,KAPX20190721_112306_V06,9,2.417,1.200,954,0,7.641,8,0,5.526
KAPX20190721-3,KAPX20190721_112306_V06,10,3.120,1.200,953,0,5.859,5,0,3.582
KAPX20190721-3,KAPX20190721_112306_V06,11,3.999,1.200,953,0,10.493,13,0,5.367
KAPX20190721-3,KAPX20190721_112306_V06,12,5.098,1.200,958,0,13.185,23,0,6.586
KAPX20190721-3,KAPX20190721_112306_V06,13,6.416,1.200,961,0,8.497,11,0,5.502
KAPX20190722-2,KAPX20190722_101753_V06,0,0.483,1.200,1423,0,3870.095,78,0,524.869
KAPX20190722-2,KAPX20190722_101753_V06,2,0.879,1.200,1422,0,4827.502,116,0,306.683
KAPX20190722-2,KAPX20190722_101753_V06,4,1.318,1.200,1422,0,5287.555,105,0,105.814
KAPX20190722-2,KAPX20190722_101753_V06,6,1.802,1.200,711,0,16473.889,39,0,14184.610
KAPX20190722-8,KAPX20190722_104511_V06,0,0.483,1.200,18509,0,7314.258,1789,0,2407.365
KAPX20190722-8,KAPX20190722_104511_V06,2,0.879,1.200,18511,0,6015.218,1513,0,404.782
KAPX20190722-8,KAPX20190722_104511_V06,4,1.318,1.200,18519,0,2188.111,1100,0,93.359
KAPX20190722-8,KAPX20190722_104511_V06,6,1.802,1.200,9261,0,486.485,196,0,44.745
KAPX20190722-8,KAPX20190722_104511_V06,7,2.417,1.200,9269,0,277.564,180,0,49.359
KAPX20190722-8,KAPX20190722_104511_V06,8,3.120,1.200,9275,0,1301.642,311,0,96.581
KAPX20190722-8,KAPX20190722_104511_V06,9,3.999,1.200,9276,0,6988.342,508,0,179.096
KAPX20190722-8,KAPX20190722_104511_V06,10,5.098,1.200,9293,0,24093.696,1443,0,458.724
KAPX20190722-8,KAPX20190722_105201_V06,0,0.483,1.200,14728,0,4105.087,1027,0,1835.586
KAPX20190722-8,KAPX20190722_105201_V06,2,0.879,1.200,14729,0,1968.020,771,0,292.082
KAPX20190722-8,KAPX20190722_105201_V06,4,1.318,1.200,14737,0,421.753,454,0,70.701
KAPX20190722-8,KAPX20190722_105201_V06,6,1.802,1.200,7375,0,37.586,22,0,18.654
KAPX20190722-8,KAPX20190722_105201_V06,7,2.417,1.200,7379,0,14.081,14,0,11.166
KAPX20190722-8,KAPX20190722_105201_V06,8,3.120,1.200,7378,0,48.388,16,0,18.900
KAPX20190722-8,KAPX20190722_105201_V06,9,3.999,1.200,7382,0,683.114,135,0,91.225
KAPX20190722-8,KAPX20190722_105201_V06,10,5.098,1.200,7403,0,1663.470,573,0,269.571
KAPX20190723-4,KAPX20190723_110907_V06,0,0.483,1.200,5017,0,1160538.042,634,0,243741.593
KAPX20190723-4,KAPX20190723_110907_V06,2,0.879,1.200,5017,0,689427.334,531,0,123278.530
KAPX20190723-4,KAPX20190723_110907_V06,4,1.318,1.200,5015,0,180328.932,379,0,1964.355
KAPX20190723-6,KAPX20190723_112810_V06,0,0.483,1.200,335,0,140197.832,156,0,190.585
KAPX20190723-6,KAPX20190723_112810_V06,2,0.879,1.200,331,0,101787.475,135,0,199.519
KAPX20190723-6,KAPX20190723_112810_V06,4,1.318,1.200,333,0,11767.933,88,0,386.149
KAPX20190723-8,KAPX20190723_113309_V06,0,0.483,1.200,4631,0,477397.593,1509,0,1033.132
KAPX20190723-8,KAPX20190723_113309_V06,2,0.879,1.200,4632,0,602797.892,1482,0,29677.360
KAPX20190723-8,KAPX20190723_113309_V06,4,1.318,1.200,4633,0,1043303.711,1267,0,271406.671
KAPX20190723-8,KAPX20190723_113309_V06,6,1.802,1.200,2317,0,783921.372,614,0,62949.073
KAPX20190723-8,KAPX20190723_113309_V06,7,2.417,1.200,2322,0,93733.973,596,0,539.383
KAPX20190723-8,KAPX20190723_113309_V06,8,3.120,1.200,2324,0,715.450,101,0,76.715
KAPX20190724-1,KAPX20190724_091809_V06,0,0.483,1.200,56,0,5524.140,10,0,3882.437
KAPX20190724-1,KAPX20190724_091809_V06,2,0.879,1.200,56,0,10.146,1,0,8.466
KAPX20190724-1,KAPX20190724_091809_V06,6,1.318,1.200,54,0,685.176,0,0,685.176
KAPX20190724-1,KAPX20190724_091809_V06,8,1.802,1.200,26,0,0.057,0,0,0.057
KAPX20190724-1,KAPX20190724_091809_V06,9,2.417,1.200,26,0,0.057,0,0,0.057
KAPX20190724-1,KAPX20190724_091809_V06,10,3.120,1.200,28,0,8.141,0,0,8.141
KAPX20190724-2,KAPX20190724_104404_V06,0,0.483,1.200,128,0,25152.154,4,0,18114.611
KAPX20190724-2,KAPX20190724_104404_V06,2,0.879,1.200,130,0,0.538,0,0,0.538
KAPX20190724-2,KAPX20190724_104404_V06,6,1.318,1.200,129,0,737.719,6,0,498.876
KAPX20190726-1,KAPX20190726_100053_V06,0,0.483,1.200,920,0,622.659,21,0,392.649
KAPX20190726-1,KAPX20190726_100053_V06,2,0.879,1.200,919,0,2.533,0,0,2.533
KAPX20190726-1,KAPX20190726_100053_V06,4,1.318,1.200,917,0,2.528,0,0,2.528
KAPX20190726-1,KAPX20190726_100053_V06,6,1.802,1.200,460,0,2.540,0,0,2.540
KAPX20190728-1,KAPX20190728_100447_V06,0,0.483,1.200,716,0,2165.674,25,0,1569.923
KAPX20190728-1,KAPX20190728_100447_V06,2,0.879,1.200,718,0,24.194,1,0,19.024
KAPX20190728-1,KAPX20190728_100447_V06,6,1.318,1.200,717,0,2.072,0,0,2.072
KAPX20190728-1,KAPX20190728_100447_V06,8,1.802,1.200,359,0,2.076,0,0,2.076
KAPX20190728-2,KAPX20190728_103954_V06,0,0.483,1.200,245,0,3526.601,8,0,3101.997
KAPX20190728-2,KAPX20190728_103954_V06,2,0.879,1.200,244,0,23.816,3,0,14.057
KAPX20190728-2,KAPX20190728_103954_V06,6,1.318,1.200,244,0,783.526,10,0,480.667
KAPX20190728-2,KAPX20190728_103954_V06,8,1.802,1.200,122,0,0.465,0,0,0.465
KAPX20190728-2,KAPX20190728_103954_V06,9,2.417,1.200,121,0,12.842,0,0,12.842
KAPX20190728-3,KAPX20190728_103954_V06,0,0.483,1.200,979,0,41414.700,25,0,40074.477
KAPX20190728-3,KAPX20190728_103954_V06,2,0.879,1.200,979,0,2797.288,27,0,2708.151
KAPX20190728-3,KAPX20190728_103954_V06,6,1.318,1.200,979,0,1439.560,20,0,1366.867
KAPX20190728-3,KAPX20190728_103954_V06,8,1.802,1.200,492,0,60.394,6,0,24.170
KAPX20190728-3,KAPX20190728_103954_V06,9,2.417,1.200,491,0,26.051,0,0,26.051
KAPX20190728-3,KAPX20190728_103954_V06,10,3.120,1.200,494,0,43.942,0,0,43.942
KAPX20190728-4,KAPX20190728_113732_V06,0,0.483,1.200,45,0,12558.295,5,0,8785.025
KAPX20190728-4,KAPX20190728_113732_V06,2,0.879,1.200,47,0,47.726,1,0,46.529
KAPX20190728-4,KAPX20190728_113732_V06,4,1.318,1.200,46,0,18.184,1,0,16.815
KAPX20190728-4,KAPX20190728_113732_V06,8,1.802,1.200,20,0,0.048,0,0,0.048
KAPX20190728-4,KAPX20190728_113732_V06,9,2.417,1.200,19,0,5.928,1,0,3.312
KAPX20190728-4,KAPX20190728_113732_V06,10,3.120,1.200,21,0,12.347,1,0,9.985
KAPX20190729-2,KAPX20190729_102026_V06,0,0.483,1.200,1179,0,447127.509,743,0,20647.421
KAPX20190729-2,KAPX20190729_102026_V06,2,0.879,1.200,1180,0,773673.680,1092,0,13667.568
KAPX20190729-2,KAPX20190729_102026_V06,4,1.318,1.200,1183,0,745406.373,1157,0,2861.748
KAPX20190729-2,KAPX20190729_102554_V06,0,0.483,1.200,2325,0,458714.039,1359,0,24467.228
KAPX20190729-2,KAPX20190729_102554_V06,2,0.879,1.200,2327,0,804783.236,1945,0,30728.508
KAPX20190729-2,KAPX20190729_102554_V06,4,1.318,1.200,2325,0,850752.763,2158,0,10801.484
KAPX20190729-3,KAPX20190729_102026_V06,0,0.483,1.200,8090,0,21873.674,380,0,308.522
KAPX20190729-3,KAPX20190729_102026_V06,2,0.879,1.200,8095,0,12020.481,460,0,540.616
KAPX20190729-3,KAPX20190729_102026_V06,4,1.318,1.200,8094,0,9150.769,403,0,407.837
KAPX20190729-3,KAPX20190729_102026_V06,8,1.802,1.200,4040,0,3554.504,96,0,323.448
KAPX20190729-3,KAPX20190729_102026_V06,9,2.417,1.200,4048,0,5976.593,186,0,512.178
KAPX20190729-3,KAPX20190729_102554_V06,0,0.483,1.200,6820,0,3885.119,272,0,210.656
KAPX20190729-3,KAPX20190729_102554_V06,2,0.879,1.200,6826,0,1816.540,292,0,214.578
KAPX20190729-3,KAPX20190729_102554_V06,4,1.318,1.200,6832,0,1509.707,225,0,168.246
KAPX20190729-3,KAPX20190729_102554_V06,8,1.802,1.200,3413,0,255.630,18,0,66.398
KAPX20190729-3,KAPX20190729_102554_V06,9,2.417,1.200,3416,0,1776.119,76,0,150.109
KAPX20190729-3,KAPX20190729_102554_V06,10,3.120,1.200,3421,0,6717.256,246,0,375.121
KAPX20190729-5,KAPX20190729_103648_V06,0,0.483,1.200,11565,0,1493.233,402,0,1236.402
KAPX20190729-5,KAPX20190729_103648_V06,2,0.879,1.200,11564,0,96.564,48,0,81.494
KAPX20190729-5,KAPX20190729_103648_V06,4,1.318,1.200,11572,0,40.785,33,0,22.737
KAPX20190729-5,KAPX20190729_103648_V06,8,1.802,1.200,5784,0,7.917,0,0,7.917
KAPX20190729-5,KAPX20190729_103648_V06,9,2.417,1.200,5787,0,9.598,2,0,7.928
KAPX20190729-5,KAPX20190729_103648_V06,10,3.120,1.200,5790,0,16.813,3,0,7.939
KAPX20190729-5,KAPX20190729_103648_V06,11,3.999,1.200,5797,0,592.344,77,0,92.315
KAPX20190729-6,KAPX20190729_104231_V06,0,0.483,1.200,11272,0,2018.069,723,0,184.523
KAPX20190729-6,KAPX20190729_104231_V06,2,0.879,1.200,11274,0,1268.152,615,0,53.214
KAPX20190729-6,KAPX20190729_104231_V06,4,1.318,1.200,11281,0,543.109,511,0,67.142
KAPX20190729-6,KAPX20190729_104231_V06,6,1.802,1.200,5642,0,143.805,95,0,34.566
KAPX20190729-6,KAPX20190729_104231_V06,9,2.417,1.200,5642,0,159.990,68,0,22.346
KAPX20190729-6,KAPX20190729_104231_V06,10,3.120,1.200,5653,0,4693.722,435,0,118.029
KAPX20190729-6,KAPX20190729_104231_V06,11,3.999,1.200,5665,0,73945.474,2039,0,283.796
KAPX20190729-6,KAPX20190729_104231_V06,12,5.098,1.200,5667,0,207401.570,3943,0,884.826
KAPX20190731-1,KAPX20190731_102010_V06,0,0.483,1.200,385,0,6867.454,2,0,6824.992
KAPX20190731-1,KAPX20190731_102010_V06,2,0.879,1.200,383,0,1.311,0,0,1.311
KAPX20190731-1,KAPX20190731_102010_V06,4,1.318,1.200,385,0,1.318,0,0,1.318
KAPX20190731-1,KAPX20190731_102719_V06,0,0.483,1.200,1235,0,13348.913,15,0,13060.260
KAPX20190731-1,KAPX20190731_102719_V06,2,0.879,1.200,1233,0,51.191,1,0,42.023
KAPX20190731-1,KAPX20190731_102719_V06,4,1.318,1.200,1232,0,4.284,0,0,4.284
KAPX20190731-2,KAPX20190731_103428_V06,0,0.483,1.200,3820,0,65118.309,47,0,61953.946
KAPX20190731-2,KAPX20190731_103428_V06,2,0.879,1.200,3820,0,5628.164,11,0,5173.937
KAPX20190801-2,KAPX20190801_101840_V06,0,0.483,1.200,479,0,27283.559,6,0,27139.784
KAPX20190801-2,KAPX20190801_101840_V06,2,0.879,1.200,479,0,5919.374,8,0,1693.057
KAPX20190801-2,KAPX20190801_101840_V06,4,1.318,1.200,481,0,1.558,0,0,1.558
KAPX20190801-2,KAPX20190801_101840_V06,6,1.802,1.200,241,0,1.562,0,0,1.562
KAPX20190801-2,KAPX20190801_102548_V06,0,0.483,1.200,1967,0,338128.668,58,0,329893.439
KAPX20190801-2,KAPX20190801_102548_V06,2,0.879,1.200,1968,0,17522.502,41,0,16225.148
KAPX20190801-2,KAPX20190801_102548_V06,4,1.318,1.200,1971,0,73.288,4,0,50.765
KAPX20190801-2,KAPX20190801_102548_V06,6,1.802,1.200,985,0,6.406,0,0,6.406
KAPX20190801-2,KAPX20190801_103251_V06,0,0.483,1.200,2792,0,123649.182,80,0,119900.049
KAPX20190801-2,KAPX20190801_103251_V06,2,0.879,1.200,2796,0,5423.150,34,0,4692.370
KAPX20190801-2,KAPX20190801_103251_V06,4,1.318,1.200,2797,0,151.104,3,0,126.700
KAPX20190801-2,KAPX20190801_103251_V06,6,1.802,1.200,1399,0,9.171,0,0,9.171
KAPX20190801-2,KAPX20190801_103959_V06,0,0.483,1.200,4086,0,103906.035,97,0,99865.175
KAPX20190801-2,KAPX20190801_103959_V06,2,0.879,1.200,4089,0,11567.646,84,0,9296.793
KAPX20190801-2,KAPX20190801_103959_V06,4,1.318,1.200,4090,0,13.488,0,0,13.488
KAPX20190801-2,KAPX20190801_103959_V06,6,1.802,1.200,2042,0,13.474,0,0,13.474
KAPX20190801-2,KAPX20190801_104708_V06,0,0.483,1.200,5624,0,117506.580,116,0,110410.864
KAPX20190801-2,KAPX20190801_104708_V06,2,0.879,1.200,5624,0,13724.441,127,0,10259.933
KAPX20190801-2,KAPX20190801_104708_V06,4,1.318,1.200,5625,0,41.503,1,0,37.806
KAPX20190801-2,KAPX20190801_104708_V06,6,1.802,1.200,2816,0,18.722,0,0,18.722
KAPX20190801-2,KAPX20190801_105418_V06,0,0.483,1.200,5323,0,73918.885,115,0,69829.217
KAPX20190801-2,KAPX20190801_105418_V06,2,0.879,1.200,5332,0,7627.310,102,0,5432.796
KAPX20190801-2,KAPX20190801_105418_V06,4,1.318,1.200,5333,0,423.870,7,0,320.193
KAPX20190801-1,KAPX20190801_101137_V06,0,0.483,1.200,774,0,45674.919,9,0,44417.258
KAPX20190801-1,KAPX20190801_101137_V06,2,0.879,1.200,778,0,26613.268,25,0,3070.513
KAPX20190801-4,KAPX20190801_103959_V06,0,0.483,1.200,1401,0,95994.658,20,0,94735.739
KAPX20190801-4,KAPX20190801_103959_V06,2,0.879,1.200,1403,0,4915.672,22,0,3719.858
KAPX20190804-1,KAPX20190804_093810_V06,0,0.483,1.200,1574,17,226645.900,236,0,7874.276
KAPX20190804-1,KAPX20190804_093810_V06,2,0.879,1.200,1574,11,299663.757,402,0,3612.391
KAPX20190804-1,KAPX20190804_093810_V06,4,1.318,1.200,1575,20,281512.551,662,0,1294.529
KAPX20190804-1,KAPX20190804_093810_V06,6,1.802,1.200,790,8,260345.455,306,0,3147.414
KAPX20190804-1,KAPX20190804_093810_V06,7,2.417,1.200,791,15,255872.599,333,0,241.283
KAPX20190804-1,KAPX20190804_093810_V06,8,3.120,1.200,789,13,190412.657,371,0,69.175
KAPX20190804-1,KAPX20190804_093810_V06,9,3.999,1.200,790,0,114319.457,256,0,12.333
KAPX20190804-1,KAPX20190804_093810_V06,10,5.098,1.200,790,0,1496.778,80,0,17.684
KAPX20190804-1,KAPX20190804_094503_V06,0,0.483,1.200,4145,38,244650.928,357,0,14702.440
KAPX20190804-1,KAPX20190804_094503_V06,2,0.879,1.200,4148,37,228772.435,763,0,2597.516
KAPX20190804-1,KAPX20190804_094503_V06,4,1.318,1.200,4147,38,300752.359,1248,0,504.890
KAPX20190804-1,KAPX20190804_094503_V06,6,1.802,1.200,2077,14,339012.667,519,0,4649.268
KAPX20190804-1,KAPX20190804_094503_V06,7,2.417,1.200,2076,15,360474.471,543,0,1417.256
KAPX20190804-1,KAPX20190804_094503_V06,8,3.120,1.200,2080,19,302380.355,646,0,163.888
KAPX20190804-1,KAPX20190804_094503_V06,9,3.999,1.200,2084,4,188567.624,399,0,54.545
KAPX20190804-1,KAPX20190804_094503_V06,10,5.098,1.200,2081,0,30452.141,72,0,17.282
KAPX20190804-1,KAPX20190804_095156_V06,0,0.483,1.200,5616,47,343384.051,684,0,17986.286
KAPX20190804-1,KAPX20190804_095156_V06,2,0.879,1.200,5620,60,390561.829,1303,0,2497.399
KAPX20190804-1,KAPX20190804_095156_V06,4,1.318,1.200,5623,62,449762.478,1510,0,12141.278
KAPX20190804-1,KAPX20190804_095156_V06,6,1.802,1.200,2810,33,532255.163,609,0,690.466
KAPX20190804-1,KAPX20190804_095156_V06,7,2.417,1.200,2811,29,569215.726,664,0,4365.769
KAPX20190804-1,KAPX20190804_095156_V06,8,3.120,1.200,2822,9,508106.607,726,0,291.064
KAPX20190804-1,KAPX20190804_095156_V06,9,3.999,1.200,2823,3,181523.509,499,0,1001.822
KAPX20190804-1,KAPX20190804_095156_V06,10,5.098,1.200,2820,0,6761.773,71,0,15.339
KAPX20190804-1,KAPX20190804_100541_V06,0,0.483,1.200,3204,99,794662.742,1101,0,9861.876
KAPX20190804-1,KAPX20190804_100541_V06,2,0.879,1.200,3205,110,724014.523,1029,0,1225.779
KAPX20190804-1,KAPX20190804_100541_V06,4,1.318,1.200,3205,80,818963.168,1231,2,2595.770
KAPX20190804-1,KAPX20190804_100541_V06,6,1.802,1.200,1600,30,746860.257,467,1,17448.835
KAPX20190804-1,KAPX20190804_100541_V06,7,2.417,1.200,1602,19,714627.811,518,0,2949.256
KAPX20190804-1,KAPX20190804_100541_V06,8,3.120,1.200,1605,9,291079.301,606,0,235.406
KAPX20190804-1,KAPX20190804_100541_V06,9,3.999,1.200,1605,0,76341.771,280,0,62.789
KAPX20190804-1,KAPX20190804_100541_V06,10,5.098,1.200,1610,0,426.089,39,0,10.066
KAPX20190804-1,KAPX20190804_101234_V06,0,0.483,1.200,6784,95,1276865.772,1665,0,1963.404
KAPX20190804-1,KAPX20190804_101234_V06,2,0.879,1.200,6784,93,1353599.507,1512,2,426.534
KAPX20190804-1,KAPX20190804_101234_V06,4,1.318,1.200,6785,72,1332476.323,2037,0,371.869
KAPX20190804-1,KAPX20190804_101234_V06,6,1.802,1.200,3394,27,1312363.099,828,0,189.734
KAPX20190804-1,KAPX20190804_101234_V06,7,2.417,1.200,3399,3,937490.559,932,0,8928.796
KAPX20190804-1,KAPX20190804_101234_V06,8,3.120,1.200,3402,0,381517.573,1037,0,7733.597
KAPX20190804-1,KAPX20190804_101234_V06,9,3.999,1.200,3403,0,15330.368,464,0,118.427
KAPX20190804-1,KAPX20190804_101234_V06,10,5.098,1.200,3410,0,79.771,34,0,9.376
KAPX20190804-8,KAPX20190804_103312_V06,0,0.483,1.200,3346,0,17698.749,42,0,16565.847
KAPX20190804-8,KAPX20190804_103312_V06,2,0.879,1.200,3355,0,96.036,1,0,63.081
KAPX20190804-8,KAPX20190804_104013_V06,0,0.483,1.200,5713,0,61350.581,109,0,57608.230
KAPX20190804-8,KAPX20190804_104013_V06,2,0.879,1.200,5716,0,2367.089,37,0,1739.797
KAPX20190805-5,KAPX20190805_100938_V06,0,0.483,1.200,392,0,660761.513,6,0,653589.003
KAPX20190805-5,KAPX20190805_100938_V06,2,0.879,1.200,390,0,129133.018,17,0,126156.100
KAPX20190805-5,KAPX20190805_101419_V06,0,0.483,1.200,1087,0,455571.204,47,0,443858.569
KAPX20190805-5,KAPX20190805_101419_V06,2,0.879,1.200,1088,0,80982.930,57,0,75806.082
KAPX20190805-5,KAPX20190805_101859_V06,0,0.483,1.200,1851,0,407211.770,119,0,278466.035
KAPX20190805-5,KAPX20190805_101859_V06,2,0.879,1.200,1851,0,68925.219,112,0,60539.902
KAPX20190805-5,KAPX20190805_102340_V06,0,0.483,1.200,2462,0,211357.009,173,0,165138.904
KAPX20190805-5,KAPX20190805_102340_V06,2,0.879,1.200,2468,0,71500.105,112,0,58168.885
KAPX20190805-5,KAPX20190805_102822_V06,0,0.483,1.200,2849,0,147901.738,159,0,118387.129
KAPX20190805-5,KAPX20190805_102822_V06,2,0.879,1.200,2852,0,63383.679,119,0,42379.241
KAPX20190805-9,KAPX20190805_102822_V06,0,0.483,1.200,861,0,88497.699,45,0,84021.969
KAPX20190805-9,KAPX20190805_102822_V06,2,0.879,1.200,865,0,17574.358,39,0,13968.716
KAPX20190805-9,KAPX20190805_103303_V06,0,0.483,1.200,1789,0,1973754.903,63,0,1390017.338
KAPX20190805-9,KAPX20190805_103303_V06,2,0.879,1.200,1786,0,1028984.534,60,0,1016519.648
KAPX20190805-9,KAPX20190805_103743_V06,0,0.483,1.200,1981,4,1405810.546,78,4,1352719.409
KAPX20190805-9,KAPX20190805_103743_V06,2,0.879,1.200,1983,0,437938.045,80,0,415034.685
KAPX20190805-4,KAPX20190805_100457_V06,0,0.483,1.200,626,0,10254.299,115,0,9214.637
KAPX20190805-4,KAPX20190805_100457_V06,2,0.879,1.200,629,0,1691.238,115,0,1242.948
KAPX20190805-4,KAPX20190805_100457_V06,4,1.318,1.200,627,0,48.151,10,0,34.304
KAPX20190805-4,KAPX20190805_100457_V06,6,1.802,1.200,310,0,52.532,8,0,25.305
KAPX20190805-4,KAPX20190805_100457_V06,7,2.417,1.200,310,0,0.624,0,0,0.624
KAPX20190805-4,KAPX20190805_100457_V06,8,3.120,1.200,312,0,0.629,0,0,0.629
KAPX20190805-4,KAPX20190805_100938_V06,0,0.483,1.200,1826,0,12804.001,313,0,10518.393
KAPX20190805-4,KAPX20190805_100938_V06,2,0.879,1.200,1827,0,2500.292,246,0,1528.261
KAPX20190805-4,KAPX20190805_100938_V06,4,1.318,1.200,1830,0,272.196,66,0,180.325
KAPX20190805-4,KAPX20190805_100938_V06,6,1.802,1.200,902,0,83.298,11,0,58.359
KAPX20190805-4,KAPX20190805_100938_V06,7,2.417,1.200,901,0,22.941,8,0,8.174
KAPX20190805-4,KAPX20190805_100938_V06,8,3.120,1.200,901,0,3.929,0,0,3.929
KAPX20190805-7,KAPX20190805_101859_V06,0,0.483,1.200,1267,0,177333.193,124,0,169607.746
KAPX20190805-7,KAPX20190805_101859_V06,2,0.879,1.200,1264,0,30299.326,55,0,29040.089
KAPX20190805-7,KAPX20190805_101859_V06,4,1.318,1.200,1264,0,4.097,0,0,4.097
KAPX20190805-7,KAPX20190805_101859_V06,6,1.802,1.200,635,0,4.122,0,0,4.122
KAPX20190805-7,KAPX20190805_102340_V06,0,0.483,1.200,2619,0,135606.198,270,0,123641.028
KAPX20190805-7,KAPX20190805_102340_V06,2,0.879,1.200,2617,0,21711.121,106,0,19692.338
KAPX20190805-7,KAPX20190805_102340_V06,4,1.318,1.200,2621,0,8.578,0,0,8.578
KAPX20190805-7,KAPX20190805_102340_V06,6,1.802,1.200,1309,0,8.573,0,0,8.573
KAPX20190805-3,KAPX20190805_094614_V06,0,0.483,1.200,9556,3,480329.017,759,3,376730.077
KAPX20190805-3,KAPX20190805_094614_V06,2,0.879,1.200,9556,0,21983.364,729,0,15802.383
KAPX20190805-3,KAPX20190805_094614_V06,4,1.318,1.200,9561,0,3084.088,508,0,1898.965
KAPX20190805-3,KAPX20190805_094614_V06,6,1.802,1.200,4770,0,278.909,42,0,137.764
KAPX20190805-3,KAPX20190805_094614_V06,7,2.417,1.200,4776,0,254.918,27,0,153.643
KAPX20190805-3,KAPX20190805_094614_V06,8,3.120,1.200,4783,0,253.416,51,0,56.390
KAPX20190805-6,KAPX20190805_100938_V06,0,0.483,1.200,2062,0,201833.683,379,0,182636.389
KAPX20190805-6,KAPX20190805_100938_V06,2,0.879,1.200,2065,0,33962.661,85,0,32008.402
KAPX20190805-6,KAPX20190805_100938_V06,4,1.318,1.200,2068,0,7.811,0,0,7.811
KAPX20190805-8,KAPX20190805_101859_V06,0,0.483,1.200,11963,1,305463.838,480,0,220808.497
KAPX20190805-8,KAPX20190805_101859_V06,2,0.879,1.200,11962,0,13200.959,628,0,9907.226
KAPX20190805-8,KAPX20190805_101859_V06,4,1.318,1.200,11968,0,2014.385,348,0,1352.842
KAPX20190805-8,KAPX20190805_101859_V06,6,1.802,1.200,5984,0,181.897,27,0,113.618
KAPX20190805-8,KAPX20190805_101859_V06,7,2.417,1.200,5987,0,177.437,38,0,70.912
KAPX20190805-8,KAPX20190805_101859_V06,8,3.120,1.200,5994,0,175.125,42,0,75.743
KAPX20190805-8,KAPX20190805_102340_V06,0,0.483,1.200,17230,1,195060.987,769,1,165039.959
KAPX20190805-8,KAPX20190805_102340_V06,2,0.879,1.200,17234,0,13862.145,904,0,8706.977
KAPX20190805-8,KAPX20190805_102340_V06,4,1.318,1.200,17236,0,3689.363,521,0,1501.952
KAPX20190805-8,KAPX20190805_102340_V06,6,1.802,1.200,8622,0,189.477,44,0,89.337
KAPX20190805-8,KAPX20190805_102340_V06,7,2.417,1.200,8628,0,164.352,34,0,101.457
KAPX20190805-8,KAPX20190805_102340_V06,8,3.120,1.200,8627,0,117.531,31,0,62.201
KAPX20190805-8,KAPX20190805_102822_V06,0,0.483,1.200,10351,0,113395.261,437,0,94003.024
KAPX20190805-8,KAPX20190805_102822_V06,2,0.879,1.200,10355,0,6597.839,456,0,3633.602
KAPX20190805-8,KAPX20190805_102822_V06,4,1.318,1.200,10353,0,1394.958,302,0,872.844
KAPX20190805-8,KAPX20190805_102822_V06,6,1.802,1.200,5176,0,120.893,21,0,78.059
KAPX20190805-8,KAPX20190805_102822_V06,7,2.417,1.200,5179,0,133.510,26,0,68.168
KAPX20190805-8,KAPX20190805_102822_V06,8,3.120,1.200,5182,0,70.244,15,0,41.716
KAPX20190805-12,KAPX20190805_112837_V06,0,0.483,1.200,517,0,13457.522,33,0,6921.084
KAPX20190805-12,KAPX20190805_112837_V06,2,0.879,1.200,520,0,1426.585,24,0,1160.123
KAPX20190805-12,KAPX20190805_112837_V06,4,1.318,1.200,514,0,216.545,15,0,168.694
KAPX20190805-12,KAPX20190805_112837_V06,6,1.802,1.200,257,0,27.864,0,0,27.864
KAPX20190805-12,KAPX20190805_112837_V06,7,2.417,1.200,256,0,53.297,4,0,21.916
KAPX20190805-12,KAPX20190805_112837_V06,8,3.120,1.200,259,0,10.885,0,0,10.885
KAPX20190807-1,KAPX20190807_101509_V06,0,0.483,1.200,775,0,15605.513,12,0,14636.032
KAPX20190807-1,KAPX20190807_101509_V06,2,0.879,1.200,774,0,4.232,0,0,4.232
KAPX20190807-1,KAPX20190807_102357_V06,0,0.483,1.200,2040,0,55990.650,101,0,23701.334
KAPX20190807-1,KAPX20190807_102357_V06,2,0.879,1.200,2047,0,1394.879,14,0,226.181
KAPX20190807-1,KAPX20190807_103245_V06,0,0.483,1.200,2485,0,227525.493,134,0,78380.565
KAPX20190807-1,KAPX20190807_103245_V06,2,0.879,1.200,2481,0,24724.176,86,0,1346.476
KAPX20190807-2,KAPX20190807_102357_V06,0,0.483,1.200,2922,0,18876.478,114,0,16775.536
KAPX20190807-2,KAPX20190807_102357_V06,2,0.879,1.200,2925,0,376.987,11,0,207.691
KAPX20190807-2,KAPX20190807_102357_V06,6,1.318,1.200,2925,0,10.876,0,0,10.876
KAPX20190807-3,KAPX20190807_105020_V06,0,0.483,1.200,1500,0,12541.240,13,0,11887.648
KAPX20190807-3,KAPX20190807_105020_V06,2,0.879,1.200,1503,0,59.629,1,0,52.882
KAPX20190807-3,KAPX20190807_105020_V06,6,1.318,1.200,1502,0,5.004,0,0,5.004
KAPX20190807-3,KAPX20190807_105020_V06,8,1.802,1.200,750,0,5.002,0,0,5.002
KAPX20190808-12,KAPX20190808_101739_V06,0,0.483,1.200,65303,292,2711476.617,15937,0,7129.747
KAPX20190808-12,KAPX20190808_101739_V06,2,0.879,1.200,65312,209,2308302.660,15937,0,16120.288
KAPX20190808-12,KAPX20190808_101739_V06,4,1.318,1.200,65329,228,2071748.778,15674,0,12155.051
KAPX20190808-12,KAPX20190808_101739_V06,6,1.802,1.200,32677,103,2227285.840,6820,1,30272.327
KAPX20190808-12,KAPX20190808_101739_V06,7,2.417,1.200,32688,116,2314169.465,7626,5,71575.151
KAPX20190808-12,KAPX20190808_101739_V06,8,3.120,1.200,32713,104,2308808.506,8232,0,84909.836
KAPX20190808-12,KAPX20190808_101739_V06,11,3.999,1.200,32755,94,1771872.446,8706,0,16573.201
KAPX20190808-12,KAPX20190808_102223_V06,0,0.483,1.200,75572,355,3416157.170,20983,5,17025.777
KAPX20190808-12,KAPX20190808_102223_V06,2,0.879,1.200,75586,321,3158630.829,21669,0,5945.315
KAPX20190808-12,KAPX20190808_102223_V06,4,1.318,1.200,75608,283,2806727.790,21763,1,9985.768
KAPX20190808-12,KAPX20190808_102223_V06,6,1.802,1.200,37809,108,2704370.813,9166,0,50525.858
KAPX20190808-12,KAPX20190808_102223_V06,7,2.417,1.200,37826,115,3247591.056,9602,0,102577.208
KAPX20190808-12,KAPX20190808_102223_V06,8,3.120,1.200,37857,89,2764972.228,9978,0,54379.347
KAPX20190808-12,KAPX20190808_102223_V06,11,3.999,1.200,37900,45,1980430.439,10135,0,18364.383
KAPX20190808-36,KAPX20190808_114720_V06,0,0.483,1.200,33074,0,49703.708,9720,0,1646.031
KAPX20190808-36,KAPX20190808_114720_V06,2,0.879,1.200,33080,0,36569.737,11033,0,344.968
KAPX20190808-36,KAPX20190808_114720_V06,4,1.318,1.200,33093,0,20876.731,10644,0,193.525
KAPX20190808-36,KAPX20190808_114720_V06,6,1.802,1.200,16552,0,10626.122,3678,0,94.763
KAPX20190808-36,KAPX20190808_114720_V06,9,2.417,1.200,16559,0,10253.530,2961,0,66.107
KAPX20190808-36,KAPX20190808_114720_V06,10,3.120,1.200,16573,0,2790.441,2876,0,43.147
KAPX20190808-36,KAPX20190808_114720_V06,11,3.999,1.200,16592,0,812.712,2617,0,46.376
KAPX20190808-36,KAPX20190808_114720_V06,12,5.098,1.200,16612,0,462.798,2724,0,40.471
KAPX20190808-36,KAPX20190808_114720_V06,13,6.416,1.200,16652,0,285.469,3361,0,23.322
KAPX20190808-36,KAPX20190808_114720_V06,14,7.998,1.200,16718,0,95.611,2675,0,10.115
KAPX20190808-36,KAPX20190808_115109_V06,0,0.483,1.200,47718,1,41925.683,14828,1,2795.173
KAPX20190808-36,KAPX20190808_115109_V06,2,0.879,1.200,47719,0,23225.455,16961,0,543.311
KAPX20190808-36,KAPX20190808_115109_V06,4,1.318,1.200,47735,0,12459.057,16477,0,296.783
KAPX20190808-36,KAPX20190808_115109_V06,6,1.802,1.200,23886,0,6374.596,6389,0,127.784
KAPX20190808-36,KAPX20190808_115109_V06,9,2.417,1.200,23896,0,2634.139,5396,0,83.970
KAPX20190808-36,KAPX20190808_115109_V06,10,3.120,1.200,23913,0,1766.145,4810,0,73.785
KAPX20190808-36,KAPX20190808_115109_V06,11,3.999,1.200,23940,0,1154.951,4510,0,65.471
KAPX20190808-36,KAPX20190808_115109_V06,12,5.098,1.200,23978,0,920.950,5036,0,46.797
KAPX20190808-36,KAPX20190808_115109_V06,13,6.416,1.200,24043,0,1761.398,4756,0,25.046
KAPX20190808-36,KAPX20190808_115109_V06,14,7.998,1.200,24126,0,5036.307,4700,0,18.039
KAPX20190808-36,KAPX20190808_115500_V06,0,0.483,1.200,54442,24,31070.421,16806,1,3662.021
KAPX20190808-36,KAPX20190808_115500_V06,2,0.879,1.200,54449,37,33517.555,19180,0,1378.139
KAPX20190808-36,KAPX20190808_115500_V06,4,1.318,1.200,54446,51,34521.791,18080,0,705.352
KAPX20190808-36,KAPX20190808_115500_V06,6,1.802,1.200,27236,38,34953.773,7244,0,245.008
KAPX20190808-36,KAPX20190808_115500_V06,9,2.417,1.200,27253,32,49468.773,6379,0,2066.798
KAPX20190808-36,KAPX20190808_115500_V06,10,3.120,1.200,27267,38,49291.922,5729,0,1037.484
KAPX20190808-36,KAPX20190808_115500_V06,11,3.999,1.200,27291,37,49438.301,5814,0,173.289
KAPX20190808-36,KAPX20190808_115500_V06,12,5.098,1.200,27344,33,46739.999,6116,4,1056.278
KAPX20190808-36,KAPX20190808_115500_V06,13,6.416,1.200,27418,28,46913.559,6042,0,59.922
KAPX20190808-3,KAPX20190808_093946_V06,0,0.483,1.200,2917,0,1326.762,42,0,491.369
KAPX20190808-3,KAPX20190808_093946_V06,2,0.879,1.200,2911,0,642.164,24,0,196.299
KAPX20190808-3,KAPX20190808_093946_V06,4,1.318,1.200,2906,0,33.439,2,0,11.385
KAPX20190808-19,KAPX20190808_104118_V06,0,0.483,1.200,4383,14,59901.968,665,0,300.313
KAPX20190808-19,KAPX20190808_104118_V06,2,0.879,1.200,4383,14,99979.190,725,1,16148.067
KAPX20190808-19,KAPX20190808_104118_V06,4,1.318,1.200,4382,27,61223.835,841,0,672.410
KAPX20190808-19,KAPX20190808_104118_V06,6,1.802,1.200,2195,9,65223.239,367,0,396.034
KAPX20190808-19,KAPX20190808_104118_V06,7,2.417,1.200,2195,8,79537.153,467,0,50.608
KAPX20190808-19,KAPX20190808_104118_V06,8,3.120,1.200,2194,7,74486.459,325,0,17.821
KAPX20190808-19,KAPX20190808_104118_V06,11,3.999,1.200,2201,0,24263.429,196,0,5.234
KAPX20190808-19,KAPX20190808_104118_V06,12,5.098,1.200,2205,0,1219.580,64,0,5.767
KAPX20190808-21,KAPX20190808_104603_V06,0,0.483,1.200,915,0,1545.626,297,0,14.944
KAPX20190808-21,KAPX20190808_104603_V06,2,0.879,1.200,912,0,1348.601,332,0,8.371
KAPX20190808-21,KAPX20190808_104603_V06,4,1.318,1.200,912,0,1218.601,352,0,12.600
KAPX20190808-21,KAPX20190808_104603_V06,6,1.802,1.200,452,0,702.029,127,0,45.196
KAPX20190808-21,KAPX20190808_104603_V06,7,2.417,1.200,455,0,525.396,116,0,39.283
KAPX20190808-21,KAPX20190808_104603_V06,8,3.120,1.200,460,0,59.638,18,0,3.390
KAPX20190808-21,KAPX20190808_104603_V06,11,3.999,1.200,458,0,0.486,0,0,0.486
KAPX20190808-21,KAPX20190808_104603_V06,12,5.098,1.200,459,0,0.488,0,0,0.488
KAPX20190809-1,KAPX20190809_103347_V06,0,0.483,1.200,2020,0,21538.776,20,0,20418.156
KAPX20190809-1,KAPX20190809_103347_V06,2,0.879,1.200,2021,0,11.973,0,0,11.973
KAPX20190809-1,KAPX20190809_104054_V06,0,0.483,1.200,3334,0,31811.275,53,0,26802.515
KAPX20190809-1,KAPX20190809_104054_V06,2,0.879,1.200,3341,0,19.803,0,0,19.803
KAPX20190809-2,KAPX20190809_104054_V06,0,0.483,1.200,2396,0,2870.091,10,0,2757.476
KAPX20190809-2,KAPX20190809_104054_V06,2,0.879,1.200,2396,0,9.247,0,0,9.247
KAPX20190809-2,KAPX20190809_104054_V06,4,1.318,1.200,2398,0,9.258,0,0,9.258
KAPX20190810-2,KAPX20190810_103100_V06,0,0.483,1.200,1368,0,3966.433,6,0,3917.270
KAPX20190810-2,KAPX20190810_103100_V06,2,0.879,1.200,1368,0,4.887,0,0,4.887
KAPX20190810-2,KAPX20190810_103100_V06,4,1.318,1.200,1367,0,4.886,0,0,4.886
KAPX20190810-2,KAPX20190810_103758_V06,0,0.483,1.200,2924,0,6153.808,11,0,6033.957
KAPX20190810-2,KAPX20190810_103758_V06,2,0.879,1.200,2921,0,83.259,1,0,76.407
KAPX20190810-2,KAPX20190810_103758_V06,4,1.318,1.200,2928,0,10.556,0,0,10.556
KAPX20190810-1,KAPX20190810_102359_V06,0,0.483,1.200,1363,0,3732.638,1,0,3703.744
KAPX20190810-1,KAPX20190810_102359_V06,2,0.879,1.200,1368,0,7.889,0,0,7.889
KAPX20190811-3,KAPX20190811_104012_V06,0,0.483,1.200,2510,0,25473.245,73,0,23399.187
KAPX20190811-3,KAPX20190811_104012_V06,2,0.879,1.200,2515,0,1222.565,12,0,1076.831
KAPX20190811-3,KAPX20190811_104012_V06,4,1.318,1.200,2518,0,8.370,0,0,8.370
KAPX20190811-3,KAPX20190811_104012_V06,6,1.802,1.200,1259,0,56.741,0,0,56.741
KAPX20190811-3,KAPX20190811_104453_V06,0,0.483,1.200,3994,0,32175.861,80,0,30011.316
KAPX20190811-3,KAPX20190811_104453_V06,2,0.879,1.200,3994,0,2081.268,26,0,1666.571
KAPX20190811-3,KAPX20190811_104453_V06,4,1.318,1.200,3994,0,39.416,0,0,39.416
KAPX20190811-3,KAPX20190811_104453_V06,6,1.802,1.200,1998,0,13.310,0,0,13.310
KAPX20190811-3,KAPX20190811_104934_V06,0,0.483,1.200,4256,0,30437.685,92,0,28014.224
KAPX20190811-3,KAPX20190811_104934_V06,2,0.879,1.200,4255,0,5201.855,46,0,4421.744
KAPX20190811-3,KAPX20190811_104934_V06,4,1.318,1.200,4259,0,14.219,0,0,14.219
KAPX20190811-3,KAPX20190811_104934_V06,6,1.802,1.200,2135,0,65.382,0,0,65.382
KAPX20190811-3,KAPX20190811_105414_V06,0,0.483,1.200,4685,0,42818.808,110,0,38770.833
KAPX20190811-3,KAPX20190811_105414_V06,2,0.879,1.200,4693,0,10655.450,106,0,8047.212
KAPX20190811-3,KAPX20190811_105414_V06,4,1.318,1.200,4695,0,62.484,0,0,62.484
KAPX20190811-2,KAPX20190811_103050_V06,0,0.483,1.200,1660,0,7143.232,33,0,4741.224
KAPX20190811-2,KAPX20190811_103050_V06,2,0.879,1.200,1662,0,9.028,0,0,9.028
KAPX20190813-7,KAPX20190813_101215_V06,0,0.483,1.200,6981,0,54588.435,1319,0,1877.899
KAPX20190813-7,KAPX20190813_101215_V06,2,0.879,1.200,6983,0,183875.580,1629,0,2946.072
KAPX20190813-7,KAPX20190813_101215_V06,4,1.318,1.200,6984,0,341957.757,1637,0,7507.625
KAPX20190813-7,KAPX20190813_101215_V06,6,1.802,1.200,3496,0,241013.773,457,0,85734.904
KAPX20190813-7,KAPX20190813_101215_V06,7,2.417,1.200,3496,0,241982.705,262,0,91953.632
KAPX20190813-7,KAPX20190813_101650_V06,0,0.483,1.200,10140,0,108508.411,2099,0,3810.520
KAPX20190813-7,KAPX20190813_101650_V06,2,0.879,1.200,10143,0,265965.022,2505,0,7318.679
KAPX20190813-7,KAPX20190813_101650_V06,4,1.318,1.200,10148,0,448543.875,2441,0,72957.491
KAPX20190813-7,KAPX20190813_101650_V06,6,1.802,1.200,5078,0,256616.698,781,0,46518.431
KAPX20190813-7,KAPX20190813_101650_V06,7,2.417,1.200,5087,0,263985.885,309,0,96384.235
KAPX20190813-7,KAPX20190813_102126_V06,0,0.483,1.200,5394,0,34639.822,1071,0,2572.872
KAPX20190813-7,KAPX20190813_102126_V06,2,0.879,1.200,5398,0,72845.168,1486,0,887.154
KAPX20190813-7,KAPX20190813_102126_V06,4,1.318,1.200,5398,0,128714.491,1594,0,2185.658
KAPX20190813-7,KAPX20190813_102126_V06,6,1.802,1.200,2697,0,154058.890,548,0,22769.028
KAPX20190813-7,KAPX20190813_102126_V06,7,2.417,1.200,2698,0,237984.100,363,0,79241.622
KAPX20190813-7,KAPX20190813_102126_V06,8,3.120,1.200,2702,0,70987.678,404,0,1596.284
KAPX20190813-7,KAPX20190813_102602_V06,0,0.483,1.200,8875,0,41765.621,1405,0,2399.595
KAPX20190813-7,KAPX20190813_102602_V06,2,0.879,1.200,8881,0,101858.084,2169,0,3757.692
KAPX20190813-7,KAPX20190813_102602_V06,4,1.318,1.200,8878,0,236565.246,2474,0,33204.776
KAPX20190813-7,KAPX20190813_102602_V06,6,1.802,1.200,4443,0,221165.838,906,0,35425.543
KAPX20190813-7,KAPX20190813_102602_V06,7,2.417,1.200,4440,0,319010.623,470,0,120911.792
KAPX20190813-7,KAPX20190813_102602_V06,8,3.120,1.200,4445,0,73199.248,451,0,2476.908
KAPX20190813-7,KAPX20190813_103036_V06,0,0.483,1.200,10660,0,27475.129,1716,0,1215.782
KAPX20190813-7,KAPX20190813_103036_V06,2,0.879,1.200,10664,0,47808.253,2135,0,1116.834
KAPX20190813-7,KAPX20190813_103036_V06,4,1.318,1.200,10667,0,95846.741,2441,0,996.053
KAPX20190813-7,KAPX20190813_103036_V06,6,1.802,1.200,5336,0,131570.310,1085,0,4420.995
KAPX20190813-7,KAPX20190813_103036_V06,7,2.417,1.200,5342,0,298162.311,1003,0,79776.754
KAPX20190813-7,KAPX20190813_103036_V06,8,3.120,1.200,5345,0,161506.880,1003,0,13762.392
KAPX20190813-17,KAPX20190813_103947_V06,0,0.483,1.200,818,2,67427.354,68,0,21847.497
KAPX20190813-17,KAPX20190813_103947_V06,2,0.879,1.200,814,0,9364.953,36,0,1363.135
KAPX20190813-17,KAPX20190813_103947_V06,4,1.318,1.200,818,0,2.514,0,0,2.514
KAPX20190813-17,KAPX20190813_103947_V06,6,1.802,1.200,410,0,2.522,0,0,2.522
KAPX20190813-17,KAPX20190813_104422_V06,0,0.483,1.200,1846,3,71536.931,108,0,27199.882
KAPX20190813-17,KAPX20190813_104422_V06,2,0.879,1.200,1846,0,41375.301,83,0,2051.016
KAPX20190813-17,KAPX20190813_104422_V06,4,1.318,1.200,1849,0,120.909,3,0,56.069
KAPX20190813-17,KAPX20190813_104422_V06,6,1.802,1.200,930,0,5.734,0,0,5.734
KAPX20190813-19,KAPX20190813_103947_V06,0,0.483,1.200,4598,0,29018.525,1734,0,255.282
KAPX20190813-19,KAPX20190813_103947_V06,2,0.879,1.200,4599,0,34859.036,1876,0,224.661
KAPX20190813-19,KAPX20190813_103947_V06,4,1.318,1.200,4602,0,31103.793,1763,0,135.835
KAPX20190813-19,KAPX20190813_103947_V06,6,1.802,1.200,2301,0,33632.252,726,0,128.055
KAPX20190813-19,KAPX20190813_103947_V06,7,2.417,1.200,2303,0,33285.268,745,0,122.660
KAPX20190813-19,KAPX20190813_103947_V06,8,3.120,1.200,2305,0,58413.909,947,0,3230.952
KAPX20190813-19,KAPX20190813_103947_V06,9,3.999,1.200,2308,0,170521.084,1187,0,12536.428
KAPX20190813-19,KAPX20190813_103947_V06,10,5.098,1.200,2312,0,27259.309,955,0,1519.693
KAPX20190813-19,KAPX20190813_103947_V06,11,6.416,1.200,2310,0,10352.954,759,0,40.758
KAPX20190813-19,KAPX20190813_104422_V06,0,0.483,1.200,8003,0,44874.328,2838,0,320.956
KAPX20190813-19,KAPX20190813_104422_V06,2,0.879,1.200,8003,0,55404.609,2944,0,673.551
KAPX20190813-19,KAPX20190813_104422_V06,4,1.318,1.200,8007,0,55274.636,2801,0,330.153
KAPX20190813-19,KAPX20190813_104422_V06,6,1.802,1.200,4013,0,61536.836,1155,0,159.262
KAPX20190813-19,KAPX20190813_104422_V06,7,2.417,1.200,4009,0,70686.118,1225,0,175.763
KAPX20190813-19,KAPX20190813_104422_V06,8,3.120,1.200,4009,0,104138.888,1672,0,5238.976
KAPX20190813-19,KAPX20190813_104422_V06,9,3.999,1.200,4011,0,323776.411,1972,0,34082.663
KAPX20190813-19,KAPX20190813_104422_V06,10,5.098,1.200,4020,0,71778.411,1895,0,5406.349
KAPX20190813-19,KAPX20190813_104422_V06,11,6.416,1.200,4029,0,14155.283,1279,0,106.979
KAPX20190813-19,KAPX20190813_104858_V06,0,0.483,1.200,3496,0,38315.635,1741,0,200.854
KAPX20190813-19,KAPX20190813_104858_V06,2,0.879,1.200,3498,0,37155.825,1809,0,90.128
KAPX20190813-19,KAPX20190813_104858_V06,4,1.318,1.200,3494,0,27423.644,1700,0,240.960
KAPX20190813-19,KAPX20190813_104858_V06,6,1.802,1.200,1746,0,29600.737,676,0,110.500
KAPX20190813-19,KAPX20190813_104858_V06,7,2.417,1.200,1746,0,45689.559,729,0,96.577
KAPX20190813-19,KAPX20190813_104858_V06,8,3.120,1.200,1748,0,71283.119,1001,0,2510.322
KAPX20190813-19,KAPX20190813_104858_V06,9,3.999,1.200,1753,0,179370.639,1015,0,27678.384
KAPX20190813-19,KAPX20190813_104858_V06,10,5.098,1.200,1758,0,25317.593,934,0,1187.172
KAPX20190813-19,KAPX20190813_104858_V06,11,6.416,1.200,1758,0,10311.788,657,0,80.285
KAPX20190813-19,KAPX20190813_105353_V06,0,0.483,1.200,8207,0,57585.153,3132,0,447.864
KAPX20190813-19,KAPX20190813_105353_V06,2,0.879,1.200,8209,0,60308.402,3154,0,385.615
KAPX20190813-19,KAPX20190813_105353_V06,4,1.318,1.200,8204,0,68837.208,3240,0,215.058
KAPX20190813-19,KAPX20190813_105353_V06,6,1.802,1.200,4100,0,84888.702,1395,0,407.310
KAPX20190813-19,KAPX20190813_105353_V06,7,2.417,1.200,4105,0,120437.638,1578,0,408.710
KAPX20190813-19,KAPX20190813_105353_V06,8,3.120,1.200,4109,0,163512.102,2074,0,3419.118
KAPX20190813-19,KAPX20190813_105353_V06,9,3.999,1.200,4111,0,349246.701,2411,0,31932.616
KAPX20190813-19,KAPX20190813_105353_V06,10,5.098,1.200,4120,0,99137.624,2184,0,8907.637
KAPX20190813-19,KAPX20190813_105353_V06,11,6.416,1.200,4133,0,21496.523,1549,0,143.451
KAPX20190813-19,KAPX20190813_110345_V06,0,0.483,1.200,13266,0,192357.575,4554,0,782.222
KAPX20190813-19,KAPX20190813_110345_V06,2,0.879,1.200,13268,0,176805.132,4660,0,299.903
KAPX20190813-19,KAPX20190813_110345_V06,4,1.318,1.200,13274,0,181472.248,4977,0,894.142
KAPX20190813-19,KAPX20190813_110345_V06,6,1.802,1.200,6637,0,261982.450,2281,0,1236.004
KAPX20190813-19,KAPX20190813_110345_V06,7,2.417,1.200,6641,0,312681.327,2719,0,994.786
KAPX20190813-19,KAPX20190813_110345_V06,8,3.120,1.200,6639,0,483886.762,3089,0,83523.504
KAPX20190813-19,KAPX20190813_110345_V06,9,3.999,1.200,6652,0,580457.598,3361,0,42874.427
KAPX20190813-19,KAPX20190813_110345_V06,10,5.098,1.200,6666,0,209382.825,3188,0,8839.097
KAPX20190813-19,KAPX20190813_110345_V06,11,6.416,1.200,6675,0,51894.975,2147,0,465.202
KAPX20190813-21,KAPX20190813_104858_V06,0,0.483,1.200,4966,0,242841.394,232,0,154957.359
KAPX20190813-21,KAPX20190813_104858_V06,2,0.879,1.200,4970,0,21191.221,98,0,15525.311
KAPX20190813-21,KAPX20190813_105353_V06,0,0.483,1.200,6920,0,219031.020,381,0,169364.022
KAPX20190813-21,KAPX20190813_105353_V06,2,0.879,1.200,6923,0,28166.529,136,0,19902.680
KAPX20190813-23,KAPX20190813_110345_V06,0,0.483,1.200,3922,0,236961.148,745,0,2186.874
KAPX20190813-23,KAPX20190813_110345_V06,2,0.879,1.200,3921,0,285540.236,869,0,16906.603
KAPX20190813-23,KAPX20190813_110345_V06,4,1.318,1.200,3919,0,308455.278,575,0,64006.392
KAPX20190813-23,KAPX20190813_110345_V06,6,1.802,1.200,1962,0,82648.173,98,0,8045.547
KAPX20190813-23,KAPX20190813_110841_V06,0,0.483,1.200,5791,0,216277.229,912,0,4455.867
KAPX20190813-23,KAPX20190813_110841_V06,2,0.879,1.200,5789,0,269125.714,1140,0,23954.434
KAPX20190813-23,KAPX20190813_110841_V06,4,1.318,1.200,5790,0,359092.333,870,0,38340.127
KAPX20190813-23,KAPX20190813_110841_V06,6,1.802,1.200,2900,0,103394.227,110,0,9393.423
KAPX20190813-1,KAPX20190813_093846_V06,0,0.483,1.200,623,0,76898.464,30,0,68070.970
KAPX20190813-1,KAPX20190813_093846_V06,2,0.879,1.200,623,0,1979.969,65,0,1700.718
KAPX20190813-1,KAPX20190813_093846_V06,4,1.318,1.200,626,0,588.237,125,0,308.381
KAPX20190813-1,KAPX20190813_093846_V06,6,1.802,1.200,310,0,358.625,54,0,173.916
KAPX20190813-1,KAPX20190813_093846_V06,7,2.417,1.200,311,0,19.740,6,0,7.808
KAPX20190813-1,KAPX20190813_093846_V06,8,3.120,1.200,312,0,9.780,1,0,2.143
KAPX20190813-8,KAPX20190813_101650_V06,0,0.483,1.200,3574,0,21144.809,943,0,2258.084
KAPX20190813-8,KAPX20190813_101650_V06,2,0.879,1.200,3575,0,31991.903,718,0,2571.893
KAPX20190813-8,KAPX20190813_101650_V06,4,1.318,1.200,3579,0,49199.552,675,0,1492.346
KAPX20190813-8,KAPX20190813_101650_V06,6,1.802,1.200,1788,0,103778.306,283,0,11271.265
KAPX20190813-8,KAPX20190813_101650_V06,7,2.417,1.200,1786,0,158582.099,239,0,43730.359
KAPX20190813-8,KAPX20190813_101650_V06,8,3.120,1.200,1787,0,61498.419,245,0,1604.462
KAPX20190813-8,KAPX20190813_101650_V06,9,3.999,1.200,1791,0,42008.636,229,0,52.036
KAPX20190813-8,KAPX20190813_101650_V06,10,5.098,1.200,1798,0,18710.616,207,0,22.804
KAPX20190813-18,KAPX20190813_103947_V06,0,0.483,1.200,3373,0,10650.534,1334,0,580.563
KAPX20190813-18,KAPX20190813_103947_V06,2,0.879,1.200,3372,0,9819.535,1245,0,276.859
KAPX20190813-18,KAPX20190813_103947_V06,4,1.318,1.200,3380,0,10762.474,1164,0,266.576
KAPX20190813-18,KAPX20190813_103947_V06,6,1.802,1.200,1688,0,13991.710,473,0,225.318
KAPX20190813-18,KAPX20190813_103947_V06,7,2.417,1.200,1691,0,15951.207,473,0,65.286
KAPX20190813-18,KAPX20190813_103947_V06,8,3.120,1.200,1695,0,30920.677,513,0,548.190
KAPX20190813-18,KAPX20190813_103947_V06,9,3.999,1.200,1695,0,100870.837,437,0,20148.931
KAPX20190813-18,KAPX20190813_103947_V06,10,5.098,1.200,1698,0,24991.229,561,0,1339.831
KAPX20190813-20,KAPX20190813_104422_V06,0,0.483,1.200,4149,0,43698.566,142,0,39297.951
KAPX20190813-20,KAPX20190813_104422_V06,2,0.879,1.200,4153,0,10747.375,156,0,6155.785
KAPX20190813-20,KAPX20190813_104422_V06,4,1.318,1.200,4162,0,472.767,9,0,319.025
KAPX20190813-31,KAPX20190813_111816_V06,0,0.483,1.200,2278,0,38160.697,620,0,342.985
KAPX20190813-31,KAPX20190813_111816_V06,2,0.879,1.200,2278,0,58792.417,622,0,281.402
KAPX20190813-31,KAPX20190813_111816_V06,4,1.318,1.200,2279,0,75089.667,678,0,204.223
KAPX20190813-31,KAPX20190813_111816_V06,6,1.802,1.200,1143,0,94889.403,305,0,5782.475
KAPX20190813-31,KAPX20190813_111816_V06,7,2.417,1.200,1145,0,177433.896,276,0,33341.457
KAPX20190813-31,KAPX20190813_111816_V06,8,3.120,1.200,1142,0,50617.991,238,0,2379.062
KAPX20190814-4,KAPX20190814_101534_V06,0,0.483,1.200,390,0,134558.785,1,0,134537.776
KAPX20190814-4,KAPX20190814_101534_V06,2,0.879,1.200,391,0,3173.188,1,0,3151.982
KAPX20190814-4,KAPX20190814_102241_V06,0,0.483,1.200,1490,0,433757.206,43,0,421040.187
KAPX20190814-4,KAPX20190814_102241_V06,2,0.879,1.200,1494,0,5150.503,23,0,3676.629
KAPX20190814-4,KAPX20190814_102711_V06,0,0.483,1.200,2393,0,189858.287,116,0,156050.101
KAPX20190814-4,KAPX20190814_102711_V06,2,0.879,1.200,2397,0,16317.407,74,0,7233.639
KAPX20190814-4,KAPX20190814_103146_V06,0,0.483,1.200,3054,0,769169.332,153,0,696540.848
KAPX20190814-4,KAPX20190814_103146_V06,2,0.879,1.200,3056,0,196968.630,180,0,39831.573
KAPX20190814-4,KAPX20190814_103627_V06,0,0.483,1.200,3791,0,510774.547,210,0,384466.309
KAPX20190814-4,KAPX20190814_103627_V06,2,0.879,1.200,3797,0,59071.499,128,0,40020.190
KAPX20190814-4,KAPX20190814_104107_V06,0,0.483,1.200,3799,0,267263.649,226,0,191984.382
KAPX20190814-4,KAPX20190814_104107_V06,2,0.879,1.200,3803,0,29740.845,125,0,17966.338
KAPX20190814-4,KAPX20190814_104549_V06,0,0.483,1.200,5442,0,307857.424,337,0,175417.639
KAPX20190814-4,KAPX20190814_104549_V06,2,0.879,1.200,5444,0,46862.735,173,0,15651.049
KAPX20190814-4,KAPX20190814_105018_V06,0,0.483,1.200,7061,0,206588.423,305,0,157684.142
KAPX20190814-4,KAPX20190814_105018_V06,2,0.879,1.200,7061,0,31874.922,129,0,17551.223
KAPX20190814-5,KAPX20190814_103146_V06,0,0.483,1.200,331,0,26118.263,10,0,25779.486
KAPX20190814-5,KAPX20190814_103146_V06,2,0.879,1.200,331,0,1231.275,18,0,808.269
KAPX20190814-5,KAPX20190814_103146_V06,4,1.318,1.200,332,0,1.068,0,0,1.068
KAPX20190814-5,KAPX20190814_103146_V06,6,1.802,1.200,164,0,1.055,0,0,1.055
KAPX20190814-5,KAPX20190814_103627_V06,0,0.483,1.200,1183,0,21988.387,31,0,20848.818
KAPX20190814-5,KAPX20190814_103627_V06,2,0.879,1.200,1182,0,488.393,8,0,400.294
KAPX20190814-5,KAPX20190814_103627_V06,4,1.318,1.200,1183,0,3.801,0,0,3.801
KAPX20190814-5,KAPX20190814_103627_V06,6,1.802,1.200,591,0,3.798,0,0,3.798
KAPX20190814-5,KAPX20190814_104107_V06,0,0.483,1.200,2577,0,23786.339,48,0,21900.671
KAPX20190814-5,KAPX20190814_104107_V06,2,0.879,1.200,2579,0,1094.979,17,0,866.049
KAPX20190814-5,KAPX20190814_104107_V06,4,1.318,1.200,2579,0,8.282,0,0,8.282
KAPX20190814-5,KAPX20190814_104107_V06,6,1.802,1.200,1286,0,8.271,0,0,8.271
KAPX20190814-5,KAPX20190814_104549_V06,0,0.483,1.200,933,0,49935.731,45,0,47865.970
KAPX20190814-5,KAPX20190814_104549_V06,2,0.879,1.200,930,0,2705.613,28,0,2091.166
KAPX20190814-5,KAPX20190814_104549_V06,4,1.318,1.200,930,0,3.219,0,0,3.219
KAPX20190814-5,KAPX20190814_105018_V06,0,0.483,1.200,2040,0,17159.142,39,0,15999.729
KAPX20190814-5,KAPX20190814_105018_V06,2,0.879,1.200,2043,0,1932.611,22,0,1310.027
KAPX20190814-5,KAPX20190814_105018_V06,4,1.318,1.200,2044,0,7.095,0,0,7.095
KAPX20190814-2,KAPX20190814_100119_V06,0,0.483,1.200,4051,0,24280.902,198,0,17899.216
KAPX20190814-2,KAPX20190814_100119_V06,2,0.879,1.200,4051,0,81.360,1,0,34.810
KAPX20190814-2,KAPX20190814_100119_V06,4,1.318,1.200,4055,0,16.371,0,0,16.371
KAPX20190814-3,KAPX20190814_100827_V06,0,0.483,1.200,2942,27,1394912.671,886,0,398187.763
KAPX20190814-3,KAPX20190814_100827_V06,2,0.879,1.200,2941,14,1014511.987,1306,5,141776.701
KAPX20190814-3,KAPX20190814_100827_V06,4,1.318,1.200,2941,32,1150880.534,1727,1,40669.934
KAPX20190814-3,KAPX20190814_100827_V06,6,1.802,1.200,1467,6,1153892.568,765,0,96796.159
KAPX20190814-3,KAPX20190814_100827_V06,7,2.417,1.200,1468,14,1451761.117,585,1,252178.037
KAPX20190814-3,KAPX20190814_100827_V06,8,3.120,1.200,1474,0,386552.735,651,0,7457.109
KAPX20190814-3,KAPX20190814_100827_V06,9,3.999,1.200,1474,0,36156.013,310,0,270.498
KAPX20190814-9,KAPX20190814_104549_V06,0,0.483,1.200,23,0,882.022,3,0,814.068
KAPX20190814-9,KAPX20190814_104549_V06,2,0.879,1.200,24,0,75.695,2,0,66.087
KAPX20190814-9,KAPX20190814_104549_V06,4,1.318,1.200,24,0,0.036,0,0,0.036
KAPX20190814-9,KAPX20190814_104549_V06,6,1.802,1.200,18,0,0.055,0,0,0.055
KAPX20190814-9,KAPX20190814_104549_V06,7,2.417,1.200,18,0,0.055,0,0,0.055
KAPX20190815-5,KAPX20190815_102456_V06,0,0.483,1.200,1191,0,23031.933,272,0,1085.153
KAPX20190815-5,KAPX20190815_102456_V06,2,0.879,1.200,1191,0,12746.540,263,0,432.011
KAPX20190815-5,KAPX20190815_102456_V06,4,1.318,1.200,1192,0,1531.656,109,0,214.409
KAPX20190815-5,KAPX20190815_102456_V06,6,1.802,1.200,593,0,3.118,0,0,3.118
KAPX20190815-5,KAPX20190815_103105_V06,0,0.483,1.200,2633,0,19904.924,314,0,830.210
KAPX20190815-5,KAPX20190815_103105_V06,2,0.879,1.200,2633,0,9497.206,291,0,399.963
KAPX20190815-5,KAPX20190815_103105_V06,4,1.318,1.200,2632,0,1514.091,112,0,328.480
KAPX20190815-5,KAPX20190815_103105_V06,6,1.802,1.200,1314,0,6.866,0,0,6.866
KAPX20190815-3,KAPX20190815_101846_V06,0,0.483,1.200,2544,0,86885.370,985,0,2897.327
KAPX20190815-3,KAPX20190815_101846_V06,2,0.879,1.200,2547,0,102070.893,803,0,6758.106
KAPX20190815-3,KAPX20190815_101846_V06,4,1.318,1.200,2550,0,199229.092,326,0,17763.463
KAPX20190815-3,KAPX20190815_101846_V06,6,1.802,1.200,1273,0,52566.602,105,0,2792.730
KAPX20190815-3,KAPX20190815_101846_V06,7,2.417,1.200,1276,0,289.035,12,0,95.315
KAPX20190818-3,KAPX20190818_104340_V06,0,0.483,1.200,82,0,7299.292,14,0,6409.329
KAPX20190818-3,KAPX20190818_104340_V06,2,0.879,1.200,82,0,186.530,27,0,128.162
KAPX20190818-3,KAPX20190818_104340_V06,4,1.318,1.200,81,0,0.081,0,0,0.081
KAPX20190818-3,KAPX20190818_104340_V06,6,1.802,1.200,45,0,0.090,0,0,0.090
KAPX20190818-3,KAPX20190818_104340_V06,7,2.417,1.200,45,0,0.090,0,0,0.090
KAPX20190818-3,KAPX20190818_104340_V06,8,3.120,1.200,42,0,0.084,0,0,0.084
KAPX20190820-1,KAPX20190820_095339_V06,0,0.483,1.200,4394,0,22047.190,58,0,14864.925
KAPX20190820-1,KAPX20190820_095339_V06,2,0.879,1.200,4398,0,6720.037,19,0,3875.794
KAPX20190820-1,KAPX20190820_095339_V06,4,1.318,1.200,4396,0,2688.989,17,0,1603.892
KAPX20190820-1,KAPX20190820_100229_V06,0,0.483,1.200,6070,0,45591.364,46,0,42550.490
KAPX20190820-1,KAPX20190820_100229_V06,2,0.879,1.200,6068,0,6805.625,33,0,2129.305
KAPX20190820-1,KAPX20190820_100229_V06,4,1.318,1.200,6070,0,726.585,7,0,407.748
KAPX20190820-8,KAPX20190820_110138_V06,0,0.483,1.200,7955,0,87975.419,232,0,65881.142
KAPX20190820-8,KAPX20190820_110138_V06,2,0.879,1.200,7957,0,19140.123,106,0,11613.702
KAPX20190820-8,KAPX20190820_110619_V06,0,0.483,1.200,10518,0,130997.538,317,0,98839.522
KAPX20190820-8,KAPX20190820_110619_V06,2,0.879,1.200,10532,0,36645.424,228,0,23290.536
KAPX20190820-9,KAPX20190820_110138_V06,0,0.483,1.200,8954,0,156775.929,3629,0,52114.559
KAPX20190820-9,KAPX20190820_110138_V06,2,0.879,1.200,8953,0,16693.898,3232,0,6641.160
KAPX20190820-9,KAPX20190820_110138_V06,4,1.318,1.200,8953,0,1173.360,1383,0,516.670
KAPX20190820-9,KAPX20190820_110138_V06,6,1.802,1.200,4474,0,53.704,46,0,27.344
KAPX20190820-9,KAPX20190820_110138_V06,7,2.417,1.200,4476,0,15.453,6,0,11.818
KAPX20190820-9,KAPX20190820_110138_V06,8,3.120,1.200,4486,0,3.862,0,0,3.862
KAPX20190820-9,KAPX20190820_110138_V06,9,3.999,1.200,4491,0,5.617,0,0,5.617
KAPX20190820-9,KAPX20190820_110138_V06,10,5.098,1.200,4496,0,4.599,0,0,4.599
KAPX20190820-9,KAPX20190820_110619_V06,0,0.483,1.200,14143,0,132495.121,4687,0,45784.585
KAPX20190820-9,KAPX20190820_110619_V06,2,0.879,1.200,14148,0,17327.817,4329,0,6457.480
KAPX20190820-9,KAPX20190820_110619_V06,4,1.318,1.200,14148,0,997.068,1614,0,435.194
KAPX20190820-9,KAPX20190820_110619_V06,6,1.802,1.200,7081,0,56.781,45,0,27.918
KAPX20190820-9,KAPX20190820_110619_V06,7,2.417,1.200,7081,0,18.233,20,0,14.170
KAPX20190820-9,KAPX20190820_110619_V06,8,3.120,1.200,7085,0,7.251,7,0,6.176
KAPX20190820-9,KAPX20190820_110619_V06,9,3.999,1.200,7087,0,6.589,0,0,6.589
KAPX20190820-9,KAPX20190820_110619_V06,10,5.098,1.200,7105,0,6.895,3,0,6.640
KAPX20190820-2,KAPX20190820_095339_V06,0,0.483,1.200,4872,0,11897.303,748,0,8858.364
KAPX20190820-2,KAPX20190820_095339_V06,2,0.879,1.200,4876,0,5626.509,729,0,3110.306
KAPX20190820-2,KAPX20190820_095339_V06,4,1.318,1.200,4877,0,2714.378,547,0,1509.127
KAPX20190820-2,KAPX20190820_095339_V06,6,1.802,1.200,2444,0,243.324,40,0,140.126
KAPX20190820-2,KAPX20190820_095339_V06,7,2.417,1.200,2444,0,17.579,4,0,9.922
KAPX20190820-2,KAPX20190820_095339_V06,8,3.120,1.200,2445,0,10.178,2,0,4.988
KAPX20190820-4,KAPX20190820_102058_V06,0,0.483,1.200,1205,0,8610.529,55,0,5393.320
KAPX20190820-4,KAPX20190820_102058_V06,2,0.879,1.200,1205,0,4.877,0,0,4.877
KAPX20190820-4,KAPX20190820_102058_V06,4,1.318,1.200,1204,0,4.875,0,0,4.875
KAPX20190820-4,KAPX20190820_102527_V06,0,0.483,1.200,2520,0,7087.059,54,0,3505.939
KAPX20190820-4,KAPX20190820_102527_V06,2,0.879,1.200,2522,0,10.206,0,0,10.206
KAPX20190820-4,KAPX20190820_102527_V06,4,1.318,1.200,2523,0,10.217,0,0,10.217
KAPX20190820-4,KAPX20190820_102956_V06,0,0.483,1.200,695,0,10049.186,82,0,5594.993
KAPX20190820-4,KAPX20190820_102956_V06,2,0.879,1.200,693,0,2.583,0,0,2.583
KAPX20190820-4,KAPX20190820_102956_V06,4,1.318,1.200,691,0,2.577,0,0,2.577
KAPX20190820-7,KAPX20190820_104324_V06,0,0.483,1.200,1202,0,22366.942,119,0,12558.514
KAPX20190820-7,KAPX20190820_104324_V06,2,0.879,1.200,1203,0,129.967,0,0,129.967
KAPX20190820-7,KAPX20190820_104324_V06,4,1.318,1.200,1198,0,4.559,0,0,4.559
KAPX20190821-2,KAPX20190821_110433_V06,0,0.483,1.200,3246,0,114605.139,1057,0,66862.711
KAPX20190821-2,KAPX20190821_110433_V06,2,0.879,1.200,3254,0,2903.160,944,0,1334.576
KAPX20190821-2,KAPX20190821_110433_V06,4,1.318,1.200,3255,0,12.539,12,0,6.607
KAPX20190821-2,KAPX20190821_110433_V06,6,1.802,1.200,1641,0,5.238,0,0,5.238
KAPX20190821-2,KAPX20190821_110433_V06,7,2.417,1.200,1641,0,3.349,0,0,3.349
KAPX20190821-2,KAPX20190821_110433_V06,8,3.120,1.200,1642,0,14.237,0,0,14.237
KAPX20190822-2,KAPX20190822_105038_V06,0,0.483,1.200,988,0,3187.571,9,0,3048.374
KAPX20190822-2,KAPX20190822_105038_V06,2,0.879,1.200,986,0,3.803,0,0,3.803
KAPX20190822-2,KAPX20190822_105038_V06,4,1.318,1.200,988,0,3.814,0,0,3.814
KAPX20190823-3,KAPX20190823_110125_V06,0,0.483,1.200,2242,0,12763.960,19,0,12578.866
KAPX20190823-3,KAPX20190823_110125_V06,2,0.879,1.200,2242,0,8.067,0,0,8.067
KAPX20190823-3,KAPX20190823_110125_V06,4,1.318,1.200,2242,0,8.069,0,0,8.069
KAPX20190823-3,KAPX20190823_110833_V06,0,0.483,1.200,4148,0,16944.831,54,0,16430.619
KAPX20190823-3,KAPX20190823_110833_V06,2,0.879,1.200,4148,0,86.924,10,0,41.946
KAPX20190823-3,KAPX20190823_110833_V06,4,1.318,1.200,4152,0,15.137,0,0,15.137
KAPX20190823-3,KAPX20190823_111540_V06,0,0.483,1.200,4808,0,10873.709,57,0,10339.273
KAPX20190823-3,KAPX20190823_111540_V06,2,0.879,1.200,4813,0,272.087,20,0,170.697
KAPX20190823-3,KAPX20190823_111540_V06,4,1.318,1.200,4819,0,17.914,0,0,17.914
KAPX20190823-3,KAPX20190823_112248_V06,0,0.483,1.200,5224,0,8870.842,55,0,8193.328
KAPX20190823-3,KAPX20190823_112248_V06,2,0.879,1.200,5226,0,541.375,51,0,285.240
KAPX20190823-3,KAPX20190823_112248_V06,4,1.318,1.200,5226,0,27.440,0,0,27.440
KAPX20190823-2,KAPX20190823_104728_V06,0,0.483,1.200,715,0,1135.808,4,0,1117.461
KAPX20190823-2,KAPX20190823_104728_V06,2,0.879,1.200,716,0,1.029,0,0,1.029
KAPX20190823-2,KAPX20190823_104728_V06,4,1.318,1.200,715,0,1.028,0,0,1.028
KAPX20190823-2,KAPX20190823_104728_V06,6,1.802,1.200,358,0,1.031,0,0,1.031
KAPX20190823-2,KAPX20190823_104728_V06,7,2.417,1.200,359,0,1.034,0,0,1.034
KAPX20190823-2,KAPX20190823_104728_V06,8,3.120,1.200,361,0,1.042,0,0,1.042
KAPX20190823-2,KAPX20190823_110125_V06,0,0.483,1.200,4004,0,1956.514,28,0,1834.997
KAPX20190823-2,KAPX20190823_110125_V06,2,0.879,1.200,3999,0,594.353,10,0,570.830
KAPX20190823-2,KAPX20190823_110125_V06,4,1.318,1.200,4002,0,9.407,0,0,9.407
KAPX20190823-2,KAPX20190823_110125_V06,6,1.802,1.200,2000,0,5.722,0,0,5.722
KAPX20190823-2,KAPX20190823_110125_V06,7,2.417,1.200,1999,0,5.721,0,0,5.721
KAPX20190823-2,KAPX20190823_110125_V06,8,3.120,1.200,1998,0,5.728,0,0,5.728
KAPX20190824-3,KAPX20190824_104104_V06,0,0.483,1.200,1666,0,10608.825,12,0,10130.064
KAPX20190824-3,KAPX20190824_104104_V06,2,0.879,1.200,1667,0,8.839,0,0,8.839
KAPX20190824-3,KAPX20190824_104800_V06,0,0.483,1.200,3019,0,37628.665,33,0,36194.213
KAPX20190824-3,KAPX20190824_104800_V06,2,0.879,1.200,3018,0,387.223,1,0,372.306
KAPX20190824-3,KAPX20190824_110159_V06,0,0.483,1.200,4088,0,78410.457,82,0,74206.615
KAPX20190824-3,KAPX20190824_110159_V06,2,0.879,1.200,4085,0,6072.217,24,0,5446.523
KAPX20190824-3,KAPX20190824_110907_V06,0,0.483,1.200,5379,0,65850.815,116,0,59450.318
KAPX20190824-3,KAPX20190824_110907_V06,2,0.879,1.200,5386,0,6178.731,22,0,5558.090
KAPX20190824-2,KAPX20190824_100545_V06,0,0.483,1.200,2704,0,34121.440,128,0,29498.785
KAPX20190824-2,KAPX20190824_100545_V06,2,0.879,1.200,2703,0,825.675,74,0,620.434
KAPX20190824-2,KAPX20190824_100545_V06,4,1.318,1.200,2704,0,467.031,123,0,275.171
KAPX20190824-2,KAPX20190824_100545_V06,6,1.802,1.200,1349,0,263.938,29,0,132.872
KAPX20190824-2,KAPX20190824_100545_V06,7,2.417,1.200,1352,0,48.342,9,0,27.712
KAPX20190824-2,KAPX20190824_100545_V06,8,3.120,1.200,1358,0,44.203,6,0,30.019
KAPX20190824-4,KAPX20190824_110159_V06,0,0.483,1.200,3026,0,8449.361,12,0,8323.305
KAPX20190824-4,KAPX20190824_110159_V06,2,0.879,1.200,3027,0,50.538,0,0,50.538
KAPX20190824-4,KAPX20190824_110159_V06,4,1.318,1.200,3025,0,19.164,0,0,19.164
KAPX20190824-4,KAPX20190824_110159_V06,6,1.802,1.200,1506,0,9.309,0,0,9.309
KAPX20190825-1,KAPX20190825_103833_V06,0,0.483,1.200,2523,0,4791.318,6,0,4653.139
KAPX20190825-1,KAPX20190825_103833_V06,2,0.879,1.200,2527,0,88.691,1,0,32.397
KAPX20190825-1,KAPX20190825_103833_V06,4,1.318,1.200,2529,0,12.513,0,0,12.513
KAPX20190825-1,KAPX20190825_104536_V06,0,0.483,1.200,3819,0,32299.072,17,0,31895.046
KAPX20190825-1,KAPX20190825_104536_V06,2,0.879,1.200,3818,0,236.013,1,0,226.037
KAPX20190825-1,KAPX20190825_104536_V06,4,1.318,1.200,3818,0,18.089,0,0,18.089
KAPX20190825-1,KAPX20190825_105225_V06,0,0.483,1.200,5781,0,61019.076,35,0,60334.221
KAPX20190825-1,KAPX20190825_105225_V06,2,0.879,1.200,5781,0,10930.887,34,0,10438.255
KAPX20190825-1,KAPX20190825_105225_V06,4,1.318,1.200,5782,0,74.539,3,0,26.164
KAPX20190825-1,KAPX20190825_110621_V06,0,0.483,1.200,10262,0,129792.255,76,0,128138.078
KAPX20190825-1,KAPX20190825_110621_V06,2,0.879,1.200,10261,0,87198.626,100,0,85163.926
KAPX20190825-1,KAPX20190825_110621_V06,4,1.318,1.200,10265,0,7243.335,29,0,6968.284
KAPX20190825-1,KAPX20190825_111329_V06,0,0.483,1.200,14881,0,106851.913,163,0,99828.661
KAPX20190825-1,KAPX20190825_111329_V06,2,0.879,1.200,14886,0,103329.622,152,0,100574.129
KAPX20190825-1,KAPX20190825_111329_V06,4,1.318,1.200,14888,0,21824.750,103,0,20837.196
KAPX20190825-1,KAPX20190825_112037_V06,0,0.483,1.200,17377,0,59426.907,167,0,55984.684
KAPX20190825-1,KAPX20190825_112037_V06,2,0.879,1.200,17385,0,84430.960,213,0,81304.828
KAPX20190825-1,KAPX20190825_112037_V06,4,1.318,1.200,17390,0,35936.363,175,0,34286.389
KAPX20190825-1,KAPX20190825_112744_V06,0,0.483,1.200,18678,0,38961.378,166,0,34880.777
KAPX20190825-1,KAPX20190825_112744_V06,2,0.879,1.200,18680,0,64368.825,241,0,60680.409
KAPX20190825-1,KAPX20190825_112744_V06,4,1.318,1.200,18692,0,26598.532,187,0,24628.214
KAPX20190825-1,KAPX20190825_113452_V06,0,0.483,1.200,16474,0,19237.989,108,0,17156.100
KAPX20190825-1,KAPX20190825_113452_V06,2,0.879,1.200,16477,0,35223.848,218,0,31818.851
KAPX20190825-1,KAPX20190825_113452_V06,4,1.318,1.200,16486,0,12932.889,157,0,11536.574
KAPX20190825-1,KAPX20190825_114200_V06,0,0.483,1.200,15197,0,13495.385,120,0,11255.224
KAPX20190825-1,KAPX20190825_114200_V06,2,0.879,1.200,15205,0,17887.475,159,0,15490.171
KAPX20190825-1,KAPX20190825_114200_V06,4,1.318,1.200,15212,0,4643.121,80,0,3710.175
KAPX20190826-1,KAPX20190826_103901_V06,0,0.483,1.200,2317,0,62666.976,38,0,59751.786
KAPX20190826-1,KAPX20190826_103901_V06,2,0.879,1.200,2317,0,10.770,0,0,10.770
KAPX20190826-1,KAPX20190826_103901_V06,4,1.318,1.200,2317,0,10.781,0,0,10.781
KAPX20190826-1,KAPX20190826_104330_V06,0,0.483,1.200,3610,0,50140.034,76,0,46316.022
KAPX20190826-1,KAPX20190826_104330_V06,2,0.879,1.200,3608,0,65.994,1,0,29.507
KAPX20190826-1,KAPX20190826_104330_V06,4,1.318,1.200,3608,0,16.623,0,0,16.623
KAPX20190826-1,KAPX20190826_104755_V06,0,0.483,1.200,4669,0,51447.702,82,0,47402.930
KAPX20190826-1,KAPX20190826_104755_V06,2,0.879,1.200,4673,0,1117.328,11,0,722.671
KAPX20190826-1,KAPX20190826_104755_V06,4,1.318,1.200,4675,0,152.686,2,0,99.318
KAPX20190826-1,KAPX20190826_105216_V06,0,0.483,1.200,6024,0,97043.185,169,0,89805.478
KAPX20190826-1,KAPX20190826_105216_V06,2,0.879,1.200,6027,0,14545.712,76,0,11721.668
KAPX20190826-1,KAPX20190826_105216_V06,4,1.318,1.200,6028,0,108.638,0,0,108.638
KAPX20190826-1,KAPX20190826_110055_V06,0,0.483,1.200,8964,0,159324.466,298,0,144938.670
KAPX20190826-1,KAPX20190826_110055_V06,2,0.879,1.200,8966,0,82629.119,318,0,69734.028
KAPX20190826-1,KAPX20190826_110055_V06,4,1.318,1.200,8971,0,4711.213,58,0,3639.956
KAPX20190826-1,KAPX20190826_110520_V06,0,0.483,1.200,12661,0,134271.128,425,0,112987.923
KAPX20190826-1,KAPX20190826_110520_V06,2,0.879,1.200,12670,0,110343.847,418,0,93223.282
KAPX20190826-1,KAPX20190826_110520_V06,4,1.318,1.200,12678,0,12941.953,148,0,10019.730
KAPX20190826-1,KAPX20190826_110950_V06,0,0.483,1.200,16031,0,100325.313,383,0,82776.643
KAPX20190826-1,KAPX20190826_110950_V06,2,0.879,1.200,16034,0,116403.148,526,0,96495.186
KAPX20190826-1,KAPX20190826_110950_V06,4,1.318,1.200,16047,0,23589.675,237,0,18898.427
KAPX20190826-1,KAPX20190826_111415_V06,0,0.483,1.200,16481,0,65004.494,263,0,55715.422
KAPX20190826-1,KAPX20190826_111415_V06,2,0.879,1.200,16486,0,102873.241,479,0,87445.228
KAPX20190826-1,KAPX20190826_111415_V06,4,1.318,1.200,16493,0,33019.300,351,0,25788.616
KAPX20190826-1,KAPX20190826_111839_V06,0,0.483,1.200,19564,0,40298.284,174,0,33250.235
KAPX20190826-1,KAPX20190826_111839_V06,2,0.879,1.200,19562,0,86972.436,487,0,72349.620
KAPX20190826-1,KAPX20190826_111839_V06,4,1.318,1.200,19564,0,39544.758,397,0,31173.839
KAPX20190826-1,KAPX20190826_112300_V06,0,0.483,1.200,17174,0,28046.237,134,0,24208.421
KAPX20190826-1,KAPX20190826_112300_V06,2,0.879,1.200,17178,0,64224.104,411,0,52807.499
KAPX20190826-1,KAPX20190826_112300_V06,4,1.318,1.200,17188,0,32559.575,313,0,25877.468
KAPX20190826-1,KAPX20190826_112725_V06,0,0.483,1.200,16372,0,17973.912,91,0,15140.740
KAPX20190826-1,KAPX20190826_112725_V06,2,0.879,1.200,16384,0,49073.351,331,0,41003.032
KAPX20190826-1,KAPX20190826_112725_V06,4,1.318,1.200,16386,0,26846.557,311,0,20395.868
KAPX20190826-1,KAPX20190826_113150_V06,0,0.483,1.200,16594,0,11757.786,70,0,9362.582
KAPX20190826-1,KAPX20190826_113150_V06,2,0.879,1.200,16600,0,36441.101,284,0,29639.701
KAPX20190826-1,KAPX20190826_113150_V06,4,1.318,1.200,16606,0,17532.109,239,0,13432.755
KAPX20190826-1,KAPX20190826_113615_V06,0,0.483,1.200,14024,0,13387.928,115,0,9857.905
KAPX20190826-1,KAPX20190826_113615_V06,2,0.879,1.200,14023,0,32133.275,276,0,25970.173
KAPX20190826-1,KAPX20190826_113615_V06,4,1.318,1.200,14032,0,10467.514,169,0,7218.808
KAPX20190826-1,KAPX20190826_114040_V06,0,0.483,1.200,12943,0,10643.962,75,0,8543.386
KAPX20190826-1,KAPX20190826_114040_V06,2,0.879,1.200,12948,0,20819.149,216,0,15759.061
KAPX20190826-1,KAPX20190826_114040_V06,4,1.318,1.200,12953,0,5612.399,84,0,4012.505
KAPX20190828-1,KAPX20190828_100133_V06,0,0.483,1.200,35,0,32.180,10,0,20.702
KAPX20190828-1,KAPX20190828_100133_V06,2,0.879,1.200,35,0,0.031,0,0,0.031
KAPX20190828-1,KAPX20190828_100133_V06,4,1.318,1.200,35,0,0.031,0,0,0.031
KAPX20190828-1,KAPX20190828_100133_V06,6,1.802,1.200,16,0,0.028,0,0,0.028
KAPX20190828-1,KAPX20190828_100133_V06,7,2.417,1.200,17,0,0.030,0,0,0.030
KAPX20190828-1,KAPX20190828_100133_V06,8,3.120,1.200,17,0,0.030,0,0,0.030
KAPX20190828-1,KAPX20190828_100133_V06,9,3.999,1.200,17,0,0.030,0,0,0.030
KAPX20190829-1,KAPX20190829_104055_V06,0,0.483,1.200,3025,0,3416.107,7,0,3273.065
KAPX20190829-1,KAPX20190829_104055_V06,2,0.879,1.200,3022,0,17.199,0,0,17.199
KAPX20190829-1,KAPX20190829_104747_V06,0,0.483,1.200,5009,0,7554.454,12,0,7309.191
KAPX20190829-1,KAPX20190829_104747_V06,2,0.879,1.200,5007,0,28.387,0,0,28.387
KAPX20190830-1,KAPX20190830_103634_V06,0,0.483,1.200,2185,0,4229.239,3,0,4156.211
KAPX20190830-1,KAPX20190830_103634_V06,2,0.879,1.200,2187,0,13.257,0,0,13.257
KAPX20190830-1,KAPX20190830_104330_V06,0,0.483,1.200,4253,0,5911.041,7,0,5644.399
KAPX20190830-1,KAPX20190830_104330_V06,2,0.879,1.200,4254,0,25.718,0,0,25.718
KAPX20190831-1,KAPX20190831_103526_V06,0,0.483,1.200,877,0,2631.234,0,0,2631.234
KAPX20190831-1,KAPX20190831_103526_V06,2,0.879,1.200,877,0,4.729,0,0,4.729
KAPX20190831-1,KAPX20190831_104228_V06,0,0.483,1.200,2553,0,28526.780,20,0,27812.038
KAPX20190831-1,KAPX20190831_104228_V06,2,0.879,1.200,2552,0,14.077,0,0,14.077
KAPX20190831-1,KAPX20190831_104930_V06,0,0.483,1.200,3371,0,48342.997,37,0,47091.951
KAPX20190831-1,KAPX20190831_104930_V06,2,0.879,1.200,3368,0,18.731,0,0,18.731
KAPX20190831-1,KAPX20190831_110330_V06,0,0.483,1.200,5564,0,74456.993,102,0,70056.012
KAPX20190831-1,KAPX20190831_110330_V06,2,0.879,1.200,5569,0,245.468,2,0,201.803
KAPX20190901-2,KAPX20190901_104104_V06,0,0.483,1.200,1545,0,51398.147,26,0,49064.840
KAPX20190901-2,KAPX20190901_104104_V06,2,0.879,1.200,1542,0,1102.052,5,0,975.429
KAPX20190901-2,KAPX20190901_104524_V06,0,0.483,1.200,2506,0,89125.290,86,0,82444.948
KAPX20190901-2,KAPX20190901_104524_V06,2,0.879,1.200,2507,0,618.417,7,0,298.772
KAPX20190901-2,KAPX20190901_104953_V06,0,0.483,1.200,3424,0,62605.116,97,0,54697.206
KAPX20190901-2,KAPX20190901_104953_V06,2,0.879,1.200,3424,0,528.631,4,0,432.009
KAPX20190901-2,KAPX20190901_105421_V06,0,0.483,1.200,4625,0,43011.610,92,0,38201.855
KAPX20190901-2,KAPX20190901_105421_V06,2,0.879,1.200,4628,0,417.398,7,0,221.994
KAPX20190901-2,KAPX20190901_110319_V06,0,0.483,1.200,5710,0,60972.512,159,0,52854.583
KAPX20190901-2,KAPX20190901_110319_V06,2,0.879,1.200,5717,0,4200.365,45,0,3012.243
KAPX20190901-2,KAPX20190901_110319_V06,4,1.318,1.200,5722,0,59.010,1,0,39.847
KAPX20190901-2,KAPX20190901_110739_V06,0,0.483,1.200,6262,0,64816.571,143,0,58736.618
KAPX20190901-2,KAPX20190901_110739_V06,2,0.879,1.200,6264,0,8203.423,55,0,6581.759
KAPX20190901-2,KAPX20190901_110739_V06,4,1.318,1.200,6267,0,402.806,7,0,153.236
KAPX20190901-2,KAPX20190901_111159_V06,0,0.483,1.200,6974,0,61427.741,208,0,52348.226
KAPX20190901-2,KAPX20190901_111159_V06,2,0.879,1.200,6984,0,9264.217,79,0,7261.276
KAPX20190901-2,KAPX20190901_111159_V06,4,1.318,1.200,6992,0,259.486,5,0,141.046
KAPX20190901-1,KAPX20190901_103640_V06,0,0.483,1.200,489,0,5910.361,31,0,5118.029
KAPX20190901-1,KAPX20190901_103640_V06,2,0.879,1.200,489,0,129.146,33,0,58.400
KAPX20190901-1,KAPX20190901_103640_V06,4,1.318,1.200,490,0,57.687,31,0,37.535
KAPX20190901-1,KAPX20190901_103640_V06,6,1.802,1.200,245,0,1.300,0,0,1.300
KAPX20190901-1,KAPX20190901_103640_V06,7,2.417,1.200,245,0,1.881,2,0,0.999
KAPX20190901-1,KAPX20190901_103640_V06,8,3.120,1.200,246,0,4.619,3,0,3.332
KAPX20190901-1,KAPX20190901_103640_V06,9,3.999,1.200,247,0,8.165,5,0,1.508
KAPX20190901-1,KAPX20190901_103640_V06,10,5.098,1.200,250,0,5.966,8,0,2.544
KAPX20190901-3,KAPX20190901_110319_V06,0,0.483,1.200,738,0,7965.485,28,0,7721.837
KAPX20190901-3,KAPX20190901_110319_V06,2,0.879,1.200,738,0,115.442,5,0,99.464
KAPX20190901-3,KAPX20190901_110319_V06,4,1.318,1.200,738,0,253.803,26,0,136.854
KAPX20190901-3,KAPX20190901_110319_V06,6,1.802,1.200,371,0,28.857,2,0,20.613
KAPX20190901-3,KAPX20190901_110319_V06,7,2.417,1.200,373,0,63.104,8,0,24.369
KAPX20190901-3,KAPX20190901_110319_V06,8,3.120,1.200,369,0,34.011,5,0,12.462
KAPX20190902-3,KAPX20190902_100754_V06,0,0.483,1.200,416,0,7419.044,113,0,172.602
KAPX20190902-3,KAPX20190902_100754_V06,2,0.879,1.200,416,0,3497.734,113,0,120.191
KAPX20190902-3,KAPX20190902_100754_V06,4,1.318,1.200,418,0,181.168,15,0,39.867
KAPX20190902-3,KAPX20190902_100754_V06,6,1.802,1.200,212,0,1.265,0,0,1.265
KAPX20190902-8,KAPX20190902_105606_V06,0,0.483,1.200,771,0,956.344,184,0,683.820
KAPX20190902-8,KAPX20190902_105606_V06,2,0.879,1.200,772,0,12.813,9,0,9.909
KAPX20190902-8,KAPX20190902_105606_V06,4,1.318,1.200,773,0,0.465,0,0,0.465
KAPX20190902-8,KAPX20190902_105606_V06,6,1.802,1.200,385,0,0.464,0,0,0.464
KAPX20190902-8,KAPX20190902_105606_V06,7,2.417,1.200,385,0,0.464,0,0,0.464
KAPX20190902-8,KAPX20190902_105606_V06,8,3.120,1.200,387,0,0.467,0,0,0.467
KAPX20190902-8,KAPX20190902_105606_V06,9,3.999,1.200,386,0,0.467,0,0,0.467
KAPX20190902-8,KAPX20190902_105606_V06,10,5.098,1.200,388,0,0.471,0,0,0.471
KAPX20190903-7,KAPX20190903_113754_V06,0,0.483,1.200,2299,0,32377.444,508,0,2519.680
KAPX20190903-7,KAPX20190903_113754_V06,2,0.879,1.200,2296,0,3188.628,95,0,444.417
KAPX20190903-7,KAPX20190903_113754_V06,4,1.318,1.200,2305,0,9.317,0,0,9.317
KAPX20190903-7,KAPX20190903_114254_V06,0,0.483,1.200,3958,0,35886.156,563,0,2589.261
KAPX20190903-7,KAPX20190903_114254_V06,2,0.879,1.200,3953,0,7299.525,172,0,466.090
KAPX20190903-7,KAPX20190903_114254_V06,4,1.318,1.200,3949,0,237.723,8,0,46.100
KAPX20190903-1,KAPX20190903_101700_V06,0,0.483,1.200,21432,41,104544446.719,15708,3,28260634.432
KAPX20190903-1,KAPX20190903_101700_V06,2,0.879,1.200,21450,5,53458996.321,14415,0,14306573.138
KAPX20190903-1,KAPX20190903_101700_V06,4,1.318,1.200,21442,0,13690959.373,15833,0,1550102.578
KAPX20190903-6,KAPX20190903_113223_V06,0,0.483,1.200,17237,0,6665855.268,7441,0,1012081.471
KAPX20190903-6,KAPX20190903_113223_V06,2,0.879,1.200,17244,0,8221116.562,8052,0,818909.586
KAPX20190903-6,KAPX20190903_113223_V06,4,1.318,1.200,17238,0,6395627.708,8816,0,309855.995
KAPX20190907-2,KAPX20190907_112501_V06,0,0.483,1.200,590,0,5857.245,2,0,5760.876
KAPX20190907-2,KAPX20190907_112501_V06,2,0.879,1.200,588,0,2.500,0,0,2.500
KAPX20190907-2,KAPX20190907_112501_V06,4,1.318,1.200,590,0,2.509,0,0,2.509
KAPX20190907-2,KAPX20190907_113209_V06,0,0.483,1.200,1525,0,10375.214,6,0,10286.759
KAPX20190907-2,KAPX20190907_113209_V06,2,0.879,1.200,1525,0,114.382,1,0,70.571
KAPX20190907-2,KAPX20190907_113209_V06,4,1.318,1.200,1524,0,6.473,0,0,6.473
KAPX20190907-2,KAPX20190907_113916_V06,0,0.483,1.200,2996,0,13461.175,3,0,13384.203
KAPX20190907-2,KAPX20190907_113916_V06,2,0.879,1.200,2998,0,78.889,1,0,38.359
KAPX20190907-2,KAPX20190907_113916_V06,4,1.318,1.200,3001,0,12.730,0,0,12.730
KAPX20190907-2,KAPX20190907_114624_V06,0,0.483,1.200,2446,0,19971.968,6,0,19771.688
KAPX20190907-2,KAPX20190907_114624_V06,2,0.879,1.200,2444,0,162.958,1,0,119.147
KAPX20190907-2,KAPX20190907_114624_V06,4,1.318,1.200,2442,0,51.146,0,0,51.146
KAPX20190907-4,KAPX20190907_113916_V06,0,0.483,1.200,871,0,13063.436,3,0,12986.464
KAPX20190907-4,KAPX20190907_113916_V06,2,0.879,1.200,871,0,69.900,1,0,29.370
KAPX20190907-4,KAPX20190907_113916_V06,4,1.318,1.200,873,0,3.730,0,0,3.730
KAPX20190910-22,KAPX20190910_123555_V06,0,0.483,1.200,36445,0,744323.641,5553,0,10176.849
KAPX20190910-22,KAPX20190910_123555_V06,2,0.879,1.200,36451,0,1126364.267,6885,0,88200.316
KAPX20190910-22,KAPX20190910_123555_V06,4,1.318,1.200,36472,0,1564895.210,7959,0,307209.004
KAPX20190910-22,KAPX20190910_123555_V06,6,1.802,1.200,18239,0,530437.407,3834,0,76702.240
KAPX20190910-22,KAPX20190910_123555_V06,7,2.417,1.200,18240,0,104853.703,3008,0,34426.592
KAPX20190910-22,KAPX20190910_124053_V06,0,0.483,1.200,40353,0,744738.614,5842,0,9436.899
KAPX20190910-22,KAPX20190910_124053_V06,2,0.879,1.200,40361,0,1155340.723,7216,0,154075.705
KAPX20190910-22,KAPX20190910_124053_V06,4,1.318,1.200,40381,0,1245352.738,9411,0,312707.887
KAPX20190910-22,KAPX20190910_124053_V06,6,1.802,1.200,20203,0,440548.068,4214,0,66190.316
KAPX20190910-22,KAPX20190910_124053_V06,7,2.417,1.200,20207,0,175768.598,3219,0,51573.477
KAPX20190910-11,KAPX20190910_113414_V06,0,0.483,1.200,5153,0,273512.775,1897,0,586.191
KAPX20190910-11,KAPX20190910_113414_V06,2,0.879,1.200,5157,0,280783.310,1999,0,663.495
KAPX20190910-11,KAPX20190910_113414_V06,4,1.318,1.200,5157,0,291697.497,1967,0,789.178
KAPX20190910-11,KAPX20190910_113414_V06,6,1.802,1.200,2579,0,252471.843,851,0,4542.077
KAPX20190910-11,KAPX20190910_113414_V06,7,2.417,1.200,2583,0,223742.348,1059,0,35117.015
KAPX20190910-11,KAPX20190910_114003_V06,0,0.483,1.200,9577,0,197565.525,3326,0,1856.979
KAPX20190910-11,KAPX20190910_114003_V06,2,0.879,1.200,9579,0,206246.733,3658,0,1725.149
KAPX20190910-11,KAPX20190910_114003_V06,4,1.318,1.200,9588,0,241931.723,3749,0,6493.973
KAPX20190910-11,KAPX20190910_114003_V06,6,1.802,1.200,4794,0,291788.311,1787,0,15111.691
KAPX20190910-11,KAPX20190910_114003_V06,7,2.417,1.200,4800,0,325233.312,2601,0,20265.823
KAPX20190910-11,KAPX20190910_114606_V06,0,0.483,1.200,7395,0,33232.055,1892,0,552.754
KAPX20190910-11,KAPX20190910_114606_V06,2,0.879,1.200,7397,0,54434.808,2276,0,438.008
KAPX20190910-11,KAPX20190910_114606_V06,4,1.318,1.200,7401,0,92918.304,2509,0,543.134
KAPX20190910-11,KAPX20190910_114606_V06,6,1.802,1.200,3699,0,117605.523,1100,0,3160.310
KAPX20190910-11,KAPX20190910_114606_V06,7,2.417,1.200,3700,0,158408.098,1546,0,5248.533
KAPX20190910-11,KAPX20190910_114606_V06,8,3.120,1.200,3705,0,177712.983,2325,0,13091.487
KAPX20190910-15,KAPX20190910_120729_V06,0,0.483,1.200,6031,0,150734.215,1679,0,498.320
KAPX20190910-15,KAPX20190910_120729_V06,2,0.879,1.200,6026,0,217909.871,2005,0,399.789
KAPX20190910-15,KAPX20190910_120729_V06,4,1.318,1.200,6035,0,269596.700,2276,0,2994.830
KAPX20190910-15,KAPX20190910_120729_V06,6,1.802,1.200,3020,0,418172.076,865,0,63640.901
KAPX20190910-15,KAPX20190910_120729_V06,7,2.417,1.200,3022,0,139637.855,740,0,19424.265
KAPX20190910-15,KAPX20190910_120729_V06,8,3.120,1.200,3018,0,11577.658,467,0,337.599
KAPX20190911-1,KAPX20190911_123123_V06,0,0.483,1.200,1474,0,79.948,105,0,51.249
KAPX20190911-1,KAPX20190911_123123_V06,2,0.879,1.200,1472,0,11.715,29,0,4.677
KAPX20190911-1,KAPX20190911_123123_V06,4,1.318,1.200,1473,0,8.915,31,0,6.053
KAPX20190911-1,KAPX20190911_123123_V06,6,1.802,1.200,733,0,1.583,2,0,1.050
KAPX20190911-1,KAPX20190911_123123_V06,7,2.417,1.200,734,0,0.649,0,0,0.649
KAPX20190911-1,KAPX20190911_123123_V06,8,3.120,1.200,735,0,0.651,0,0,0.651
KAPX20190911-1,KAPX20190911_123123_V06,9,3.999,1.200,739,0,0.656,0,0,0.656
KAPX20190911-1,KAPX20190911_123123_V06,10,5.098,1.200,737,0,2.468,0,0,2.468
KAPX20190919-17,KAPX20190919_122211_V06,0,0.483,1.200,34938,2,30950072.807,17754,0,4206.770
KAPX20190919-17,KAPX20190919_122211_V06,2,0.879,1.200,34939,10,41502805.626,17943,0,262847.060
KAPX20190919-17,KAPX20190919_122211_V06,4,1.318,1.200,34957,188,54697737.207,17540,64,10098505.047
KAPX20190919-17,KAPX20190919_122211_V06,6,1.802,1.200,17482,389,70071435.759,9101,125,24562597.000
KAPX20190919-17,KAPX20190919_122211_V06,7,2.417,1.200,17503,208,50147903.572,13187,42,13355539.518
KAPX20190919-17,KAPX20190919_122722_V06,0,0.483,1.200,41338,38,37477214.342,19180,0,7533.840
KAPX20190919-17,KAPX20190919_122722_V06,2,0.879,1.200,41357,59,47080915.337,19467,0,530323.279
KAPX20190919-17,KAPX20190919_122722_V06,4,1.318,1.200,41362,388,59908671.658,19080,137,12938777.328
KAPX20190919-17,KAPX20190919_122722_V06,6,1.802,1.200,20675,632,73273446.395,9369,226,27208759.544
KAPX20190919-17,KAPX20190919_122722_V06,7,2.417,1.200,20691,434,55766408.310,13247,98,13714592.874
KAPX20190920-1,KAPX20190920_104123_V06,0,0.483,1.200,3257,0,92654.272,265,0,66951.272
KAPX20190920-1,KAPX20190920_104123_V06,2,0.879,1.200,3253,0,62490.235,1365,0,6987.040
KAPX20190920-1,KAPX20190920_104123_V06,4,1.318,1.200,3257,0,88491.573,2168,0,255.984
KAPX20190920-1,KAPX20190920_104123_V06,6,1.802,1.200,1633,0,141470.799,1110,0,704.948
KAPX20190920-1,KAPX20190920_104123_V06,7,2.417,1.200,1637,0,201202.050,1087,0,2090.939
KAPX20190920-1,KAPX20190920_104123_V06,8,3.120,1.200,1637,0,355563.502,965,0,38776.017
KAPX20190920-1,KAPX20190920_104123_V06,9,3.999,1.200,1634,0,261894.979,857,0,65226.912
KAPX20190920-1,KAPX20190920_104123_V06,10,5.098,1.200,1641,0,16719.082,532,0,126.991
KAPX20190920-1,KAPX20190920_104603_V06,0,0.483,1.200,5384,0,196009.855,425,0,133412.138
KAPX20190920-1,KAPX20190920_104603_V06,2,0.879,1.200,5382,0,162166.372,2121,0,10246.150
KAPX20190920-1,KAPX20190920_104603_V06,4,1.318,1.200,5388,0,239897.206,3170,0,344.538
KAPX20190920-1,KAPX20190920_104603_V06,6,1.802,1.200,2694,0,323397.363,1507,0,578.972
KAPX20190920-1,KAPX20190920_104603_V06,7,2.417,1.200,2695,0,494252.358,1470,0,26903.233
KAPX20190920-1,KAPX20190920_104603_V06,8,3.120,1.200,2695,3,816456.637,1280,0,94823.079
KAPX20190920-1,KAPX20190920_104603_V06,9,3.999,1.200,2694,0,225371.643,1132,0,24614.476
KAPX20190920-1,KAPX20190920_104603_V06,10,5.098,1.200,2700,0,5777.152,453,0,99.533
KAPX20190920-1,KAPX20190920_105044_V06,0,0.483,1.200,3870,0,148687.137,471,0,82656.918
KAPX20190920-1,KAPX20190920_105044_V06,2,0.879,1.200,3867,0,164722.300,1882,0,4665.627
KAPX20190920-1,KAPX20190920_105044_V06,4,1.318,1.200,3869,0,253468.519,2581,0,186.923
KAPX20190920-1,KAPX20190920_105044_V06,6,1.802,1.200,1936,0,367408.807,1244,0,1354.998
KAPX20190920-1,KAPX20190920_105044_V06,7,2.417,1.200,1934,0,509960.142,1276,0,56456.863
KAPX20190920-1,KAPX20190920_105044_V06,8,3.120,1.200,1934,1,721680.736,1107,0,99249.241
KAPX20190920-1,KAPX20190920_105044_V06,9,3.999,1.200,1943,0,108614.254,860,0,3590.656
KAPX20190920-1,KAPX20190920_105044_V06,10,5.098,1.200,1942,0,1684.215,227,0,55.841
KAPX20190920-1,KAPX20190920_105525_V06,0,0.483,1.200,7038,0,254633.083,930,0,113520.922
KAPX20190920-1,KAPX20190920_105525_V06,2,0.879,1.200,7044,0,220081.601,2676,0,6141.371
KAPX20190920-1,KAPX20190920_105525_V06,4,1.318,1.200,7049,0,289032.187,3310,0,1545.849
KAPX20190920-1,KAPX20190920_105525_V06,6,1.802,1.200,3522,0,416361.027,1524,0,4400.520
KAPX20190920-1,KAPX20190920_105525_V06,7,2.417,1.200,3522,0,811156.464,1481,0,138294.660
KAPX20190920-1,KAPX20190920_105525_V06,8,3.120,1.200,3525,1,864835.056,1306,0,73918.613
KAPX20190920-1,KAPX20190920_105525_V06,9,3.999,1.200,3532,0,51104.742,870,0,893.445
KAPX20190920-1,KAPX20190920_110446_V06,0,0.483,1.200,5128,0,198450.388,1455,0,35793.075
KAPX20190920-1,KAPX20190920_110446_V06,2,0.879,1.200,5133,0,212912.704,2157,0,3376.921
KAPX20190920-1,KAPX20190920_110446_V06,4,1.318,1.200,5137,0,316223.091,2581,0,1272.521
KAPX20190920-1,KAPX20190920_110446_V06,6,1.802,1.200,2523,0,446735.733,1176,0,38195.835
KAPX20190920-1,KAPX20190920_110446_V06,7,2.417,1.200,2528,0,886848.488,1047,0,101162.397
KAPX20190920-1,KAPX20190920_110446_V06,8,3.120,1.200,2529,0,270291.035,888,0,24540.231
KAPX20190920-1,KAPX20190920_110446_V06,9,3.999,1.200,2535,0,14357.821,422,0,274.760
KAPX20190920-10,KAPX20190920_111347_V06,0,0.483,1.200,5770,0,180025.453,1624,0,26600.302
KAPX20190920-10,KAPX20190920_111347_V06,2,0.879,1.200,5770,0,246445.324,2020,0,6070.080
KAPX20190920-10,KAPX20190920_111347_V06,4,1.318,1.200,5770,0,336506.808,2352,0,412.324
KAPX20190920-10,KAPX20190920_111347_V06,6,1.802,1.200,2884,0,401547.786,985,0,383.752
KAPX20190920-10,KAPX20190920_111347_V06,7,2.417,1.200,2883,0,669935.731,1156,0,44278.972
KAPX20190920-10,KAPX20190920_111347_V06,8,3.120,1.200,2889,1,999177.615,1434,0,89386.195
KAPX20190920-10,KAPX20190920_111347_V06,9,3.999,1.200,2890,0,113320.682,1521,0,1204.687
KAPX20190920-10,KAPX20190920_111347_V06,10,5.098,1.200,2897,0,5156.144,663,0,181.082
KAPX20190920-10,KAPX20190920_111807_V06,0,0.483,1.200,8661,0,237090.225,2345,0,23136.011
KAPX20190920-10,KAPX20190920_111807_V06,2,0.879,1.200,8664,0,312933.702,2757,0,3681.297
KAPX20190920-10,KAPX20190920_111807_V06,4,1.318,1.200,8666,0,399311.555,3070,0,688.644
KAPX20190920-10,KAPX20190920_111807_V06,6,1.802,1.200,4361,0,476079.566,1337,0,1211.037
KAPX20190920-10,KAPX20190920_111807_V06,7,2.417,1.200,4363,0,804108.510,1781,0,68038.613
KAPX20190920-10,KAPX20190920_111807_V06,8,3.120,1.200,4365,0,834274.855,2137,0,99491.439
KAPX20190920-10,KAPX20190920_111807_V06,9,3.999,1.200,4369,0,123593.268,2020,0,1447.562
KAPX20190920-10,KAPX20190920_111807_V06,10,5.098,1.200,4380,0,9127.619,780,0,787.618
KAPX20190920-2,KAPX20190920_104603_V06,0,0.483,1.200,5514,0,261825.812,354,0,164273.006
KAPX20190920-2,KAPX20190920_104603_V06,2,0.879,1.200,5511,0,202469.474,1194,0,18844.266
KAPX20190920-2,KAPX20190920_104603_V06,4,1.318,1.200,5517,0,242364.333,2171,0,1339.693
KAPX20190920-2,KAPX20190920_104603_V06,6,1.802,1.200,2759,0,264747.479,953,0,401.572
KAPX20190920-2,KAPX20190920_104603_V06,7,2.417,1.200,2764,0,310553.831,939,0,231.934
KAPX20190920-2,KAPX20190920_104603_V06,8,3.120,1.200,2765,1,540069.017,888,0,58435.713
KAPX20190920-2,KAPX20190920_104603_V06,9,3.999,1.200,2774,0,415625.506,828,0,36952.811
KAPX20190920-2,KAPX20190920_104603_V06,10,5.098,1.200,2776,0,30034.751,785,0,153.340
KAPX20190920-2,KAPX20190920_104603_V06,11,6.416,1.200,2775,0,149.308,139,0,17.067
KAPX20190920-7,KAPX20190920_111347_V06,0,0.483,1.200,10873,0,23971.523,1794,0,5404.054
KAPX20190920-7,KAPX20190920_111347_V06,2,0.879,1.200,10881,0,32400.278,2097,0,1187.117
KAPX20190920-7,KAPX20190920_111347_V06,4,1.318,1.200,10877,0,30016.681,2215,0,628.020
KAPX20190920-7,KAPX20190920_111347_V06,6,1.802,1.200,5443,0,19161.404,778,0,235.634
KAPX20190920-7,KAPX20190920_111347_V06,7,2.417,1.200,5442,0,11462.934,661,0,304.195
KAPX20190920-7,KAPX20190920_111347_V06,8,3.120,1.200,5445,0,5283.547,410,0,132.425
KAPX20190920-17,KAPX20190920_120214_V06,0,0.483,1.200,4840,0,97986.681,2084,0,8423.594
KAPX20190920-17,KAPX20190920_120214_V06,2,0.879,1.200,4839,0,105410.957,3173,0,5158.165
KAPX20190920-17,KAPX20190920_120214_V06,4,1.318,1.200,4838,0,106801.644,3532,0,372.306
KAPX20190920-17,KAPX20190920_120214_V06,6,1.802,1.200,2422,0,87024.420,1694,0,160.015
KAPX20190920-17,KAPX20190920_120214_V06,7,2.417,1.200,2423,0,75731.511,1735,0,53.383
KAPX20190920-17,KAPX20190920_120214_V06,8,3.120,1.200,2428,0,82346.482,1800,0,57.561
KAPX20190920-17,KAPX20190920_120214_V06,9,3.999,1.200,2431,0,75822.369,1806,0,82.102
KAPX20190920-17,KAPX20190920_120214_V06,10,5.098,1.200,2436,0,80012.952,1895,0,238.759
KAPX20190920-17,KAPX20190920_120214_V06,11,6.416,1.200,2441,0,68177.773,2008,0,1837.580
KAPX20190920-17,KAPX20190920_120214_V06,12,7.998,1.200,2450,8,111997.824,1912,0,26485.240
KAPX20190920-17,KAPX20190920_120214_V06,13,10.020,1.200,2466,6,134684.704,1492,0,17905.395
KAPX20190920-17,KAPX20190920_120214_V06,14,11.997,1.200,2475,1,52437.212,1210,0,8174.980
KAPX20190920-17,KAPX20190920_120214_V06,15,14.019,1.200,2499,0,23508.860,874,0,1653.719
KAPX20190920-18,KAPX20190920_120214_V06,0,0.483,1.200,1736,0,13289.722,500,0,8345.161
KAPX20190920-18,KAPX20190920_120214_V06,2,0.879,1.200,1737,0,51.873,14,0,23.317
KAPX20190920-18,KAPX20190920_120214_V06,4,1.318,1.200,1734,0,1716.013,38,0,12.018
KAPX20190920-18,KAPX20190920_120214_V06,6,1.802,1.200,868,0,7932.214,20,0,1918.155
KAPX20190920-18,KAPX20190920_120214_V06,7,2.417,1.200,870,0,24900.896,78,0,508.179
KAPX20190920-18,KAPX20190920_120214_V06,8,3.120,1.200,871,0,10266.342,96,0,47.432
KAPX20190920-19,KAPX20190920_120214_V06,0,0.483,1.200,842,0,5162.886,197,0,1643.076
KAPX20190920-19,KAPX20190920_120214_V06,2,0.879,1.200,842,0,9208.587,248,0,1074.680
KAPX20190920-19,KAPX20190920_120214_V06,4,1.318,1.200,841,0,12507.496,326,0,488.315
KAPX20190920-19,KAPX20190920_120214_V06,6,1.802,1.200,418,0,9220.501,166,0,64.595
KAPX20190920-19,KAPX20190920_120214_V06,7,2.417,1.200,418,0,2532.294,92,0,84.809
KAPX20190920-19,KAPX20190920_120214_V06,8,3.120,1.200,420,0,23.606,2,0,14.197
KAPX20190921-1,KAPX20190921_123310_V06,0,0.483,1.200,493,0,2508.169,39,0,2443.751
KAPX20190921-1,KAPX20190921_123310_V06,2,0.879,1.200,491,0,84.577,22,0,68.276
KAPX20190921-1,KAPX20190921_123310_V06,4,1.318,1.200,491,0,0.346,0,0,0.346
KAPX20190921-1,KAPX20190921_123310_V06,6,1.802,1.200,247,0,0.349,0,0,0.349
KAPX20190921-1,KAPX20190921_123310_V06,7,2.417,1.200,247,0,1.583,0,0,1.583
KAPX20190921-1,KAPX20190921_123310_V06,8,3.120,1.200,246,0,0.348,0,0,0.348
KAPX20190921-1,KAPX20190921_123310_V06,9,3.999,1.200,249,0,0.353,0,0,0.353
KAPX20190922-9,KAPX20190922_111834_V06,0,0.483,1.200,6105,0,46168.916,644,0,1897.897
KAPX20190922-9,KAPX20190922_111834_V06,2,0.879,1.200,6109,0,54348.174,761,0,2373.539
KAPX20190922-9,KAPX20190922_111834_V06,4,1.318,1.200,6112,0,54866.366,626,0,2450.477
KAPX20190922-9,KAPX20190922_111834_V06,6,1.802,1.200,3058,0,97255.833,176,0,16935.863
KAPX20190924-1,KAPX20190924_112341_V06,0,0.483,1.200,461,0,21932.352,27,0,18491.004
KAPX20190924-1,KAPX20190924_112341_V06,2,0.879,1.200,464,0,2.563,0,0,2.563
KAPX20190924-1,KAPX20190924_113049_V06,0,0.483,1.200,1193,0,28115.316,54,0,23149.254
KAPX20190924-1,KAPX20190924_113049_V06,2,0.879,1.200,1198,0,732.941,8,0,326.670
KAPX20190924-1,KAPX20190924_113757_V06,0,0.483,1.200,1232,0,34165.992,50,0,26853.233
KAPX20190924-1,KAPX20190924_113757_V06,2,0.879,1.200,1230,0,6.739,0,0,6.739
KAPX20190924-1,KAPX20190924_114505_V06,0,0.483,1.200,1660,0,37539.296,75,0,21142.529
KAPX20190924-1,KAPX20190924_114505_V06,2,0.879,1.200,1657,0,547.180,9,0,111.013
KAPX20190924-1,KAPX20190924_115214_V06,0,0.483,1.200,1520,0,22817.153,56,0,16182.705
KAPX20190924-1,KAPX20190924_115214_V06,2,0.879,1.200,1521,0,1210.288,12,0,533.747
KAPX20190925-15,KAPX20190925_122800_V06,0,0.483,1.200,1439,0,25249.200,274,0,618.103
KAPX20190925-15,KAPX20190925_122800_V06,2,0.879,1.200,1442,0,30472.030,334,0,1305.884
KAPX20190925-15,KAPX20190925_122800_V06,4,1.318,1.200,1442,0,14156.036,295,0,1329.193
KAPX20190925-15,KAPX20190925_123137_V06,0,0.483,1.200,2284,0,37267.173,383,0,2473.650
KAPX20190925-15,KAPX20190925_123137_V06,2,0.879,1.200,2280,0,42144.802,392,0,1728.217
KAPX20190925-15,KAPX20190925_123137_V06,4,1.318,1.200,2288,0,14168.388,309,0,1303.239
KAPX20190925-15,KAPX20190925_123527_V06,0,0.483,1.200,3502,0,62918.551,487,0,2234.148
KAPX20190925-15,KAPX20190925_123527_V06,2,0.879,1.200,3494,0,40703.968,443,0,1515.180
KAPX20190925-15,KAPX20190925_123527_V06,4,1.318,1.200,3504,0,14442.071,268,0,1519.429
KAPX20190925-15,KAPX20190925_123943_V06,0,0.483,1.200,4722,0,185372.489,974,0,9999.103
KAPX20190925-15,KAPX20190925_123943_V06,2,0.879,1.200,4727,0,137935.371,963,0,5117.692
KAPX20190925-15,KAPX20190925_123943_V06,4,1.318,1.200,4728,0,26055.386,413,0,2549.830
KAPX20190926-12,KAPX20190926_123721_V06,0,0.483,1.200,3519,0,601.071,380,0,84.557
KAPX20190926-12,KAPX20190926_123721_V06,2,0.879,1.200,3520,0,449.600,252,0,6.345
KAPX20190926-12,KAPX20190926_123721_V06,4,1.318,1.200,3524,0,226.028,134,0,2.934
KAPX20190926-12,KAPX20190926_123721_V06,6,1.802,1.200,1758,0,83.085,27,0,1.771
KAPX20190926-12,KAPX20190926_123721_V06,7,2.417,1.200,1758,0,12.328,15,0,6.315
KAPX20190926-12,KAPX20190926_123721_V06,8,3.120,1.200,1761,0,6.960,15,0,2.852
KAPX20190926-12,KAPX20190926_123721_V06,11,3.999,1.200,1765,0,1.105,0,0,1.105
KAPX20190926-12,KAPX20190926_123721_V06,12,5.098,1.200,1766,0,1.110,0,0,1.110
KAPX20190926-12,KAPX20190926_123721_V06,13,6.416,1.200,1772,0,1.117,0,0,1.117
KAPX20190927-8,KAPX20190927_122755_V06,0,0.483,1.200,12002,0,2130157.992,3708,0,79632.262
KAPX20190927-8,KAPX20190927_122755_V06,2,0.879,1.200,12007,0,2113431.884,2713,0,329454.043
KAPX20190927-8,KAPX20190927_122755_V06,4,1.318,1.200,12011,0,936085.952,1629,0,180727.112
KAPX20190927-8,KAPX20190927_123411_V06,0,0.483,1.200,16165,0,6327807.956,5322,0,528586.509
KAPX20190927-8,KAPX20190927_123411_V06,2,0.879,1.200,16167,0,5670000.803,4247,0,1076054.661
KAPX20190927-8,KAPX20190927_123411_V06,4,1.318,1.200,16177,0,2750092.461,3249,0,832435.939
KAPX20190927-8,KAPX20190927_124034_V06,0,0.483,1.200,18106,1,6308105.442,5216,0,260287.023
KAPX20190927-8,KAPX20190927_124034_V06,2,0.879,1.200,18123,0,4490540.091,4595,0,667648.411
KAPX20190927-8,KAPX20190927_124034_V06,4,1.318,1.200,18116,0,1964687.313,3595,0,397028.274
KAPX20190927-3,KAPX20190927_105310_V06,0,0.483,1.200,9321,0,38524.415,4070,0,962.916
KAPX20190927-3,KAPX20190927_105310_V06,2,0.879,1.200,9321,0,25295.298,3979,0,160.478
KAPX20190927-3,KAPX20190927_105310_V06,4,1.318,1.200,9318,0,23332.467,3833,0,120.902
KAPX20190927-3,KAPX20190927_105310_V06,8,1.802,1.200,4665,0,9837.866,1665,0,50.396
KAPX20190927-3,KAPX20190927_105310_V06,9,2.417,1.200,4666,0,12099.382,2453,0,52.417
KAPX20190927-3,KAPX20190927_105310_V06,10,3.120,1.200,4668,0,16241.404,2806,0,65.447
KAPX20190927-3,KAPX20190927_105310_V06,11,3.999,1.200,4671,0,8411.687,2849,0,92.079
KAPX20190927-3,KAPX20190927_105310_V06,12,5.098,1.200,4681,0,1670.259,1653,0,103.055
KAPX20190927-3,KAPX20190927_105310_V06,13,6.416,1.200,4693,0,120.176,423,0,20.468
KAPX20190927-3,KAPX20190927_110351_V06,0,0.483,1.200,23269,0,54789.579,6149,0,2005.728
KAPX20190927-3,KAPX20190927_110351_V06,2,0.879,1.200,23272,0,58004.832,6524,0,291.494
KAPX20190927-3,KAPX20190927_110351_V06,4,1.318,1.200,23278,0,72638.945,5704,0,151.342
KAPX20190927-3,KAPX20190927_110351_V06,8,1.802,1.200,11634,0,106214.607,1912,0,97.043
KAPX20190927-3,KAPX20190927_110351_V06,9,2.417,1.200,11636,0,249924.105,3486,0,87259.162
KAPX20190927-3,KAPX20190927_110351_V06,10,3.120,1.200,11650,0,219480.802,4359,0,39039.192
KAPX20190927-3,KAPX20190927_110351_V06,11,3.999,1.200,11668,0,105368.887,4625,0,721.685
KAPX20190927-3,KAPX20190927_110351_V06,12,5.098,1.200,11690,0,77636.166,4090,0,2208.624
KAPX20190927-3,KAPX20190927_110351_V06,13,6.416,1.200,11727,0,9971.272,3086,0,298.057
KAPX20190927-5,KAPX20190927_110923_V06,0,0.483,1.200,7836,0,5723.013,2064,0,357.494
KAPX20190927-5,KAPX20190927_110923_V06,2,0.879,1.200,7836,0,3933.435,1636,0,104.474
KAPX20190927-5,KAPX20190927_110923_V06,4,1.318,1.200,7837,0,3287.057,1393,0,48.763
KAPX20190927-5,KAPX20190927_110923_V06,8,1.802,1.200,3915,0,746.380,329,0,28.638
KAPX20190927-5,KAPX20190927_110923_V06,9,2.417,1.200,3917,0,2943.409,1124,0,90.581
KAPX20190927-5,KAPX20190927_110923_V06,10,3.120,1.200,3926,0,5419.517,1688,0,153.493
KAPX20190927-5,KAPX20190927_110923_V06,11,3.999,1.200,3931,0,4193.410,1557,0,54.221
KAPX20190927-5,KAPX20190927_110923_V06,12,5.098,1.200,3934,0,34681.965,1038,0,124.252
KAPX20190927-5,KAPX20190927_110923_V06,13,6.416,1.200,3947,0,3427.878,586,0,255.812
KAPX20190927-7,KAPX20190927_112125_V06,0,0.483,1.200,7072,0,1782830.929,1943,0,231422.409
KAPX20190927-7,KAPX20190927_112125_V06,2,0.879,1.200,7069,0,1441691.035,1731,0,185690.077
KAPX20190927-7,KAPX20190927_112125_V06,4,1.318,1.200,7074,0,467354.529,1419,0,32029.435
KAPX20190928-1,KAPX20190928_113336_V06,0,0.483,1.200,978,0,206.133,181,0,164.057
KAPX20190928-1,KAPX20190928_113336_V06,2,0.879,1.200,978,0,2.540,3,0,2.311
KAPX20190928-1,KAPX20190928_113336_V06,6,1.318,1.200,980,0,0.445,0,0,0.445
KAPX20190928-1,KAPX20190928_113336_V06,8,1.802,1.200,490,0,1.681,0,0,1.681
KAPX20190928-1,KAPX20190928_113336_V06,9,2.417,1.200,489,0,0.444,0,0,0.444
KAPX20190928-1,KAPX20190928_113336_V06,10,3.120,1.200,490,0,0.446,0,0,0.446
KAPX20190928-1,KAPX20190928_113336_V06,11,3.999,1.200,491,0,0.448,0,0,0.448
KAPX20190928-1,KAPX20190928_113336_V06,12,5.098,1.200,493,0,1.276,0,0,1.276
KAPX20190929-4,KAPX20190929_113110_V06,0,0.483,1.200,519,0,17217.718,2,0,17013.287
KAPX20190929-4,KAPX20190929_113110_V06,2,0.879,1.200,521,0,2.656,0,0,2.656
KAPX20190929-4,KAPX20190929_113531_V06,0,0.483,1.200,1075,0,37485.748,8,0,37109.283
KAPX20190929-4,KAPX20190929_113531_V06,2,0.879,1.200,1075,0,145.403,0,0,145.403
KAPX20190929-4,KAPX20190929_113952_V06,0,0.483,1.200,1345,0,50125.799,5,0,49917.454
KAPX20190929-4,KAPX20190929_113952_V06,2,0.879,1.200,1344,0,471.239,2,0,329.904
KAPX20190929-4,KAPX20190929_114417_V06,0,0.483,1.200,1316,0,45093.010,17,0,44330.825
KAPX20190929-4,KAPX20190929_114417_V06,2,0.879,1.200,1311,0,150.274,1,0,128.994
KAPX20190929-4,KAPX20190929_114842_V06,0,0.483,1.200,1417,0,27559.909,16,0,26971.459
KAPX20190929-4,KAPX20190929_114842_V06,2,0.879,1.200,1416,0,88.078,1,0,23.492
KAPX20190929-1,KAPX20190929_110926_V06,0,0.483,1.200,4023,0,1624940.612,2157,0,127144.220
KAPX20190929-1,KAPX20190929_110926_V06,2,0.879,1.200,4019,0,1651483.391,2891,0,100167.377
KAPX20190929-1,KAPX20190929_111347_V06,0,0.483,1.200,5459,0,4198110.576,3044,0,424542.615
KAPX20190929-1,KAPX20190929_111347_V06,2,0.879,1.200,5462,0,3058744.497,3913,0,268687.989
KAPX20190929-1,KAPX20190929_111808_V06,0,0.483,1.200,5657,0,4180545.895,3289,0,185688.219
KAPX20190929-1,KAPX20190929_111808_V06,2,0.879,1.200,5668,0,3383942.910,4113,0,263602.772
KAPX20190929-1,KAPX20190929_112229_V06,0,0.483,1.200,4695,0,3174721.276,2760,0,354477.203
KAPX20190929-1,KAPX20190929_112229_V06,2,0.879,1.200,4694,0,2596113.221,3533,0,249511.331
KAPX20190929-5,KAPX20190929_115731_V06,0,0.483,1.200,1799,0,198384.671,838,0,25540.248
KAPX20190929-5,KAPX20190929_115731_V06,2,0.879,1.200,1800,0,345308.714,1298,0,23437.409
KAPX20190929-5,KAPX20190929_115731_V06,4,1.318,1.200,1799,0,300115.044,1607,0,8387.591
KAPX20190929-5,KAPX20190929_120613_V06,0,0.483,1.200,3836,0,485037.087,1547,0,64055.862
KAPX20190929-5,KAPX20190929_120613_V06,2,0.879,1.200,3835,0,705442.963,2458,0,63815.136
KAPX20190929-5,KAPX20190929_120613_V06,4,1.318,1.200,3839,0,499559.824,3145,0,22402.541
KAPX20190929-8,KAPX20190929_123217_V06,0,0.483,1.200,12876,0,2640983.318,3801,0,799329.385
KAPX20190929-8,KAPX20190929_123217_V06,2,0.879,1.200,12879,0,2572410.290,7089,0,372444.220
KAPX20190929-8,KAPX20190929_123217_V06,4,1.318,1.200,12878,0,1154226.932,8913,0,77270.482
KAPX20191005-1,KAPX20191005_110903_V06,0,0.483,1.200,18228,0,948.582,6352,0,503.288
KAPX20191005-1,KAPX20191005_110903_V06,2,0.879,1.200,18228,0,123.504,7297,0,35.375
KAPX20191005-1,KAPX20191005_110903_V06,4,1.318,1.200,18230,0,26.471,5828,0,8.454
KAPX20191005-1,KAPX20191005_110903_V06,6,1.802,1.200,9110,0,4.644,1340,0,0.836
KAPX20191005-1,KAPX20191005_110903_V06,7,2.417,1.200,9114,0,5.687,1043,0,0.397
KAPX20191005-1,KAPX20191005_110903_V06,8,3.120,1.200,9126,0,6.917,1231,0,0.381
KAPX20191005-1,KAPX20191005_110903_V06,9,3.999,1.200,9142,0,7.401,1922,0,0.771
KAPX20191005-1,KAPX20191005_110903_V06,10,5.098,1.200,9156,0,6.301,2679,0,0.677
KAPX20191005-1,KAPX20191005_110903_V06,11,6.416,1.200,9182,0,4.002,2413,0,0.528
KAPX20191012-1,KAPX20191012_110938_V06,0,0.483,1.200,86,0,9599.288,1,0,7657.263
KAPX20191012-1,KAPX20191012_110938_V06,2,0.879,1.200,86,0,33.564,1,0,32.950
KAPX20191012-1,KAPX20191012_110938_V06,4,1.318,1.200,87,0,0.082,0,0,0.082
KAPX20191012-1,KAPX20191012_110938_V06,6,1.802,1.200,49,0,0.092,0,0,0.092
KAPX20191012-1,KAPX20191012_110938_V06,7,2.417,1.200,50,0,0.094,0,0,0.094
KAPX20191012-1,KAPX20191012_110938_V06,8,3.120,1.200,51,0,0.096,0,0,0.096
KAPX20191012-1,KAPX20191012_110938_V06,9,3.999,1.200,49,0,0.093,0,0,0.093
KAPX20191012-1,KAPX20191012_111647_V06,0,0.483,1.200,1825,0,520.172,14,0,475.932
KAPX20191012-1,KAPX20191012_111647_V06,2,0.879,1.200,1822,0,8.960,0,0,8.960
KAPX20191012-1,KAPX20191012_111647_V06,4,1.318,1.200,1822,0,1.722,0,0,1.722
KAPX20191012-1,KAPX20191012_111647_V06,6,1.802,1.200,914,0,6.014,0,0,6.014
KAPX20191012-1,KAPX20191012_111647_V06,7,2.417,1.200,914,0,1.731,0,0,1.731
KAPX20191012-1,KAPX20191012_111647_V06,8,3.120,1.200,918,0,1.742,0,0,1.742
KAPX20191012-1,KAPX20191012_111647_V06,9,3.999,1.200,919,0,1.747,0,0,1.747
KAPX20191013-11,KAPX20191013_124000_V06,0,0.483,1.200,1332,0,32077.758,299,0,21381.585
KAPX20191013-11,KAPX20191013_124000_V06,2,0.879,1.200,1332,0,12002.084,985,0,1734.368
KAPX20191013-11,KAPX20191013_124000_V06,4,1.318,1.200,1332,0,6158.457,1279,0,44.534
KAPX20191013-11,KAPX20191013_124000_V06,6,1.802,1.200,668,0,2584.716,634,0,22.721
KAPX20191013-11,KAPX20191013_124000_V06,7,2.417,1.200,668,0,497.144,537,0,34.819
KAPX20191013-11,KAPX20191013_124000_V06,8,3.120,1.200,670,0,142.078,307,0,12.345
KAPX20191013-11,KAPX20191013_124000_V06,9,3.999,1.200,670,0,34.324,95,0,10.136
KAPX20191013-11,KAPX20191013_124000_V06,10,5.098,1.200,671,0,0.623,2,0,0.438
KAPX20191013-11,KAPX20191013_124000_V06,11,6.416,1.200,674,0,0.341,0,0,0.341
KAPX20191013-11,KAPX20191013_124421_V06,0,0.483,1.200,3651,0,62932.595,993,0,34789.475
KAPX20191013-11,KAPX20191013_124421_V06,2,0.879,1.200,3653,0,17883.043,3129,0,1334.134
KAPX20191013-11,KAPX20191013_124421_V06,4,1.318,1.200,3654,0,7434.942,3480,0,83.668
KAPX20191013-11,KAPX20191013_124421_V06,6,1.802,1.200,1823,0,3444.618,1685,0,67.318
KAPX20191013-11,KAPX20191013_124421_V06,7,2.417,1.200,1825,0,1625.814,1299,0,66.906
KAPX20191013-11,KAPX20191013_124421_V06,8,3.120,1.200,1825,0,567.679,879,0,54.938
KAPX20191013-11,KAPX20191013_124421_V06,9,3.999,1.200,1829,0,68.646,264,0,14.925
KAPX20191013-11,KAPX20191013_124421_V06,10,5.098,1.200,1833,0,4.043,22,0,1.889
KAPX20191013-11,KAPX20191013_124421_V06,11,6.416,1.200,1842,0,1.309,1,0,1.257
KAPX20191013-1,KAPX20191013_114547_V06,0,0.483,1.200,17189,2,170705.726,1340,2,136253.447
KAPX20191013-1,KAPX20191013_114547_V06,2,0.879,1.200,17191,0,93858.474,2577,0,75724.741
KAPX20191013-1,KAPX20191013_114547_V06,4,1.318,1.200,17194,0,43895.492,6094,0,24636.501
KAPX20191013-1,KAPX20191013_114547_V06,6,1.802,1.200,8595,0,23509.995,4977,0,6636.836
KAPX20191013-1,KAPX20191013_114547_V06,7,2.417,1.200,8600,0,14402.409,6066,0,2478.183
KAPX20191013-1,KAPX20191013_114547_V06,8,3.120,1.200,8604,0,9605.111,6726,0,1159.102
KAPX20191013-1,KAPX20191013_114547_V06,9,3.999,1.200,8616,0,5960.203,7184,0,497.315
KAPX20191013-1,KAPX20191013_114547_V06,10,5.098,1.200,8626,0,4034.048,7405,0,201.579
KAPX20191013-1,KAPX20191013_114547_V06,11,6.416,1.200,8656,0,2347.066,6996,0,70.826
KAPX20191013-7,KAPX20191013_121314_V06,0,0.483,1.200,2473,0,35035.336,921,0,17204.102
KAPX20191013-7,KAPX20191013_121314_V06,2,0.879,1.200,2474,0,18719.119,2352,0,241.823
KAPX20191013-7,KAPX20191013_121314_V06,4,1.318,1.200,2476,0,11627.397,2422,0,43.710
KAPX20191013-7,KAPX20191013_121314_V06,6,1.802,1.200,1235,0,5959.036,1092,0,125.237
KAPX20191013-7,KAPX20191013_121314_V06,7,2.417,1.200,1235,0,2200.788,826,0,149.292
KAPX20191013-7,KAPX20191013_121314_V06,8,3.120,1.200,1236,0,888.698,475,0,105.781
KAPX20191013-7,KAPX20191013_121314_V06,9,3.999,1.200,1236,0,80.757,79,0,15.692
KAPX20191013-7,KAPX20191013_121314_V06,10,5.098,1.200,1242,0,1.423,0,0,1.423
KAPX20191013-10,KAPX20191013_123540_V06,0,0.483,1.200,2273,0,74379.880,472,0,40049.598
KAPX20191013-10,KAPX20191013_123540_V06,2,0.879,1.200,2272,0,24344.903,1597,0,3634.427
KAPX20191013-10,KAPX20191013_123540_V06,4,1.318,1.200,2276,0,8926.455,2203,0,48.044
KAPX20191013-10,KAPX20191013_123540_V06,6,1.802,1.200,1139,0,4716.710,1102,0,46.367
KAPX20191013-10,KAPX20191013_123540_V06,7,2.417,1.200,1140,0,1769.792,986,0,51.211
KAPX20191013-10,KAPX20191013_123540_V06,8,3.120,1.200,1138,0,374.398,697,0,25.666
KAPX20191013-10,KAPX20191013_123540_V06,9,3.999,1.200,1139,0,25.552,144,0,6.490
KAPX20191013-10,KAPX20191013_123540_V06,10,5.098,1.200,1142,0,1.853,7,0,1.233
KAPX20191013-10,KAPX20191013_123540_V06,11,6.416,1.200,1144,0,1.113,5,0,0.831
KAPX20191014-26,KAPX20191014_125017_V06,0,0.483,1.200,43481,41,448640.733,13230,2,54298.743
KAPX20191014-26,KAPX20191014_125017_V06,2,0.879,1.200,43484,0,195622.407,15291,0,7235.975
KAPX20191014-26,KAPX20191014_125017_V06,4,1.318,1.200,43487,1,108186.301,15999,0,1223.847
KAPX20191014-26,KAPX20191014_125017_V06,6,1.802,1.200,21750,0,80108.556,7651,0,567.991
KAPX20191014-26,KAPX20191014_125017_V06,7,2.417,1.200,21764,0,63639.449,7823,0,569.232
KAPX20191014-26,KAPX20191014_125017_V06,8,3.120,1.200,21786,2,50826.779,8032,0,419.193
KAPX20191014-26,KAPX20191014_125017_V06,9,3.999,1.200,21806,0,40486.806,8269,0,269.856
KAPX20191014-26,KAPX20191014_125017_V06,10,5.098,1.200,21839,0,27163.401,8098,0,108.540
KAPX20191014-26,KAPX20191014_125017_V06,11,6.416,1.200,21901,0,14371.916,7484,0,78.249
KAPX20191014-26,KAPX20191014_125017_V06,12,7.998,1.200,21988,0,8822.704,6637,0,51.627
KAPX20191014-26,KAPX20191014_125017_V06,13,10.020,1.200,22143,0,4010.995,6210,0,33.137
KAPX20191014-26,KAPX20191014_125512_V06,0,0.483,1.200,55810,212,876551.883,17649,10,80243.327
KAPX20191014-26,KAPX20191014_125512_V06,2,0.879,1.200,55813,36,520180.818,19579,0,12954.306
KAPX20191014-26,KAPX20191014_125512_V06,4,1.318,1.200,55819,3,258469.777,20727,0,1483.955
KAPX20191014-26,KAPX20191014_125512_V06,6,1.802,1.200,27919,0,194418.837,9710,0,1382.224
KAPX20191014-26,KAPX20191014_125512_V06,7,2.417,1.200,27935,0,158516.229,9753,0,900.007
KAPX20191014-26,KAPX20191014_125512_V06,8,3.120,1.200,27955,1,118604.323,10286,0,747.224
KAPX20191014-26,KAPX20191014_125512_V06,9,3.999,1.200,27986,0,85087.867,10492,0,471.312
KAPX20191014-26,KAPX20191014_125512_V06,10,5.098,1.200,28035,0,64270.474,10421,0,188.685
KAPX20191014-26,KAPX20191014_125512_V06,11,6.416,1.200,28111,0,41738.142,9690,0,456.215
KAPX20191014-26,KAPX20191014_125512_V06,12,7.998,1.200,28218,0,23093.939,8834,0,265.199
KAPX20191014-26,KAPX20191014_125512_V06,13,10.020,1.200,28376,0,9086.526,7408,0,134.685
KAPX20191014-28,KAPX20191014_125017_V06,0,0.483,1.200,1531,0,6558.076,196,0,68.665
KAPX20191014-28,KAPX20191014_125017_V06,2,0.879,1.200,1533,0,2703.742,176,0,34.645
KAPX20191014-28,KAPX20191014_125017_V06,4,1.318,1.200,1535,0,508.038,98,0,19.751
KAPX20191014-28,KAPX20191014_125017_V06,6,1.802,1.200,755,0,12.606,3,0,2.955
KAPX20191014-28,KAPX20191014_125017_V06,7,2.417,1.200,757,0,1.145,0,0,1.145
KAPX20191014-28,KAPX20191014_125017_V06,8,3.120,1.200,759,0,1.151,0,0,1.151
KAPX20191014-28,KAPX20191014_125017_V06,9,3.999,1.200,760,0,1.155,0,0,1.155
KAPX20191014-28,KAPX20191014_125512_V06,0,0.483,1.200,4234,0,4904.394,193,0,372.875
KAPX20191014-28,KAPX20191014_125512_V06,2,0.879,1.200,4237,0,3097.467,159,0,79.084
KAPX20191014-28,KAPX20191014_125512_V06,4,1.318,1.200,4243,0,400.429,81,0,15.566
KAPX20191014-28,KAPX20191014_125512_V06,6,1.802,1.200,2118,0,9.034,1,0,6.688
KAPX20191014-28,KAPX20191014_125512_V06,7,2.417,1.200,2123,0,3.215,0,0,3.215
KAPX20191014-28,KAPX20191014_125512_V06,8,3.120,1.200,2119,0,3.212,0,0,3.212
KAPX20191014-28,KAPX20191014_125512_V06,9,3.999,1.200,2117,0,3.214,0,0,3.214
KAPX20191014-28,KAPX20191014_130457_V06,0,0.483,1.200,4582,0,2695.419,153,0,198.413
KAPX20191014-28,KAPX20191014_130457_V06,2,0.879,1.200,4580,0,1287.164,135,0,26.821
KAPX20191014-28,KAPX20191014_130457_V06,4,1.318,1.200,4578,0,91.122,34,0,28.475
KAPX20191014-28,KAPX20191014_130457_V06,6,1.802,1.200,2297,0,3.632,0,0,3.632
KAPX20191014-28,KAPX20191014_130457_V06,7,2.417,1.200,2297,0,3.634,0,0,3.634
KAPX20191014-28,KAPX20191014_130457_V06,8,3.120,1.200,2301,0,3.647,0,0,3.647
KAPX20191014-28,KAPX20191014_130457_V06,9,3.999,1.200,2305,0,3.663,0,0,3.663
KAPX20191014-7,KAPX20191014_111520_V06,0,0.483,1.200,1952,0,43362.387,724,0,2285.829
KAPX20191014-7,KAPX20191014_111520_V06,2,0.879,1.200,1952,0,76394.344,875,0,416.363
KAPX20191014-7,KAPX20191014_111520_V06,4,1.318,1.200,1953,1,148246.191,925,0,73.014
KAPX20191014-7,KAPX20191014_111520_V06,6,1.802,1.200,977,0,152027.956,402,0,129.715
KAPX20191014-7,KAPX20191014_111520_V06,7,2.417,1.200,975,0,53982.818,317,0,300.856
KAPX20191014-7,KAPX20191014_111520_V06,8,3.120,1.200,972,0,1064.894,81,0,19.721
KAPX20191014-7,KAPX20191014_111520_V06,9,3.999,1.200,973,0,1.141,0,0,1.141
KAPX20191014-7,KAPX20191014_111520_V06,10,5.098,1.200,977,0,1.150,0,0,1.150
KAPX20191014-15,KAPX20191014_115206_V06,0,0.483,1.200,2470,0,87722.536,1167,0,418.566
KAPX20191014-15,KAPX20191014_115206_V06,2,0.879,1.200,2469,0,109920.555,1235,0,102.012
KAPX20191014-15,KAPX20191014_115206_V06,4,1.318,1.200,2469,0,158324.011,1260,0,17.727
KAPX20191014-15,KAPX20191014_115206_V06,6,1.802,1.200,1235,0,116313.171,554,0,124.852
KAPX20191014-15,KAPX20191014_115206_V06,7,2.417,1.200,1236,0,27234.242,369,0,251.346
KAPX20191014-15,KAPX20191014_115206_V06,8,3.120,1.200,1239,0,103.764,39,0,8.539
KAPX20191014-15,KAPX20191014_115206_V06,9,3.999,1.200,1239,0,1.578,0,0,1.578
KAPX20191014-21,KAPX20191014_121534_V06,0,0.483,1.200,1626,0,6301.045,653,0,1447.371
KAPX20191014-21,KAPX20191014_121534_V06,2,0.879,1.200,1626,0,7687.668,668,0,381.044
KAPX20191014-21,KAPX20191014_121534_V06,4,1.318,1.200,1628,0,12231.177,688,0,36.961
KAPX20191014-21,KAPX20191014_121534_V06,6,1.802,1.200,815,0,7764.652,255,0,16.927
KAPX20191014-21,KAPX20191014_121534_V06,7,2.417,1.200,815,0,1340.823,133,0,11.509
KAPX20191014-21,KAPX20191014_121534_V06,8,3.120,1.200,816,0,1.010,0,0,1.010
KAPX20191014-21,KAPX20191014_121534_V06,9,3.999,1.200,819,0,1.016,0,0,1.016
KAPX20191014-31,KAPX20191014_130952_V06,0,0.483,1.200,6260,1,227298.718,2179,0,12390.019
KAPX20191014-31,KAPX20191014_130952_V06,2,0.879,1.200,6258,0,92743.666,2750,0,1194.239
KAPX20191014-31,KAPX20191014_130952_V06,4,1.318,1.200,6261,0,59454.850,3087,0,161.233
KAPX20191014-31,KAPX20191014_130952_V06,6,1.802,1.200,3134,0,48272.360,1435,0,114.444
KAPX20191014-31,KAPX20191014_130952_V06,7,2.417,1.200,3134,0,23242.609,1036,0,93.256
KAPX20191014-31,KAPX20191014_130952_V06,8,3.120,1.200,3137,0,4169.116,750,0,26.945
KAPX20191014-31,KAPX20191014_130952_V06,9,3.999,1.200,3143,0,93.408,313,0,7.811
KAPX20191014-31,KAPX20191014_130952_V06,10,5.098,1.200,3146,0,2.784,36,0,1.710
KAPX20191014-31,KAPX20191014_130952_V06,11,6.416,1.200,3159,0,1.681,2,0,1.409
KAPX20191014-31,KAPX20191014_130952_V06,12,7.998,1.200,3161,0,2.300,15,0,1.497
KAPX20191015-2,KAPX20191015_122426_V06,0,0.483,1.200,2066,0,19165.812,250,0,1446.164
KAPX20191015-2,KAPX20191015_122426_V06,2,0.879,1.200,2067,0,54009.007,502,0,2318.572
KAPX20191015-2,KAPX20191015_122426_V06,4,1.318,1.200,2065,0,28667.581,390,0,2067.448
KAPX20191015-2,KAPX20191015_123124_V06,0,0.483,1.200,5109,0,47275.121,495,0,2688.924
KAPX20191015-2,KAPX20191015_123124_V06,2,0.879,1.200,5110,0,95452.427,867,0,3262.446
KAPX20191015-2,KAPX20191015_123124_V06,4,1.318,1.200,5118,0,66500.785,668,0,2172.209
KAPX20191015-2,KAPX20191015_123822_V06,0,0.483,1.200,7239,0,42005.068,560,0,3685.070
KAPX20191015-2,KAPX20191015_123822_V06,2,0.879,1.200,7243,0,111698.791,1027,0,3476.786
KAPX20191015-2,KAPX20191015_123822_V06,4,1.318,1.200,7245,0,103370.969,788,0,2750.953
KAPX20191015-2,KAPX20191015_124519_V06,0,0.483,1.200,10011,0,44123.825,615,0,3223.208
KAPX20191015-2,KAPX20191015_124519_V06,2,0.879,1.200,10013,0,119225.767,1211,0,3167.485
KAPX20191015-2,KAPX20191015_124519_V06,4,1.318,1.200,10019,0,135746.405,1157,0,3116.680
KAPX20191015-1,KAPX20191015_115001_V06,0,0.483,1.200,16326,0,415.825,2311,0,279.280
KAPX20191015-1,KAPX20191015_115001_V06,2,0.879,1.200,16330,0,63.533,2198,0,34.256
KAPX20191015-1,KAPX20191015_115001_V06,4,1.318,1.200,16338,0,7.031,1082,0,6.351
KAPX20191015-1,KAPX20191015_115001_V06,6,1.802,1.200,8175,0,2.920,221,0,2.819
KAPX20191015-1,KAPX20191015_115001_V06,7,2.417,1.200,8177,0,1.032,279,0,0.760
KAPX20191015-1,KAPX20191015_115001_V06,8,3.120,1.200,8184,0,0.493,283,0,0.395
KAPX20191015-1,KAPX20191015_115001_V06,9,3.999,1.200,8192,0,0.361,504,0,0.265
KAPX20191015-1,KAPX20191015_115001_V06,10,5.098,1.200,8208,0,0.507,487,0,0.407
KAPX20191015-1,KAPX20191015_115001_V06,11,6.416,1.200,8229,0,0.267,522,0,0.184
KAPX20191017-1,KAPX20191017_111836_V06,0,0.483,1.200,5597,0,15700.150,1848,0,9400.058
KAPX20191017-1,KAPX20191017_111836_V06,2,0.879,1.200,5600,0,7717.189,2807,0,2797.632
KAPX20191017-1,KAPX20191017_111836_V06,4,1.318,1.200,5599,0,2050.258,4023,0,162.028
KAPX20191017-1,KAPX20191017_111836_V06,6,1.802,1.200,2798,0,340.845,976,0,49.961
KAPX20191017-1,KAPX20191017_111836_V06,7,2.417,1.200,2800,0,9.427,120,0,3.484
KAPX20191017-1,KAPX20191017_111836_V06,8,3.120,1.200,2804,0,1.331,0,0,1.331
KAPX20191017-1,KAPX20191017_111836_V06,9,3.999,1.200,2806,0,1.159,0,0,1.159
KAPX20191017-1,KAPX20191017_111836_V06,10,5.098,1.200,2812,0,1.262,0,0,1.262
KAPX20191017-1,KAPX20191017_111836_V06,11,6.416,1.200,2824,0,1.176,0,0,1.176
KAPX20191021-7,KAPX20191021_114632_V06,0,0.483,1.200,1853,0,99795.535,108,0,98919.908
KAPX20191021-7,KAPX20191021_114632_V06,2,0.879,1.200,1851,0,12616.778,59,0,12449.137
KAPX20191021-7,KAPX20191021_114632_V06,4,1.318,1.200,1857,0,8.624,5,0,5.818
KAPX20191021-7,KAPX20191021_114632_V06,6,1.802,1.200,936,0,1.418,0,0,1.418
KAPX20191021-7,KAPX20191021_114632_V06,7,2.417,1.200,939,0,1.425,0,0,1.425
KAPX20191021-7,KAPX20191021_114632_V06,8,3.120,1.200,942,0,1.430,0,0,1.430
KAPX20191021-7,KAPX20191021_114632_V06,9,3.999,1.200,946,0,1.439,0,0,1.439
KAPX20191021-7,KAPX20191021_115326_V06,0,0.483,1.200,3226,0,274155.962,171,0,272027.377
KAPX20191021-7,KAPX20191021_115326_V06,2,0.879,1.200,3226,0,62324.311,111,0,61915.737
KAPX20191021-7,KAPX20191021_115326_V06,4,1.318,1.200,3224,0,121.168,18,0,110.685
KAPX20191021-7,KAPX20191021_115326_V06,6,1.802,1.200,1610,0,2.556,0,0,2.556
KAPX20191021-7,KAPX20191021_115326_V06,7,2.417,1.200,1613,0,2.561,0,0,2.561
KAPX20191021-7,KAPX20191021_115326_V06,8,3.120,1.200,1609,0,2.559,0,0,2.559
KAPX20191021-7,KAPX20191021_115326_V06,9,3.999,1.200,1609,0,2.566,0,0,2.566
KAPX20191021-7,KAPX20191021_120703_V06,0,0.483,1.200,4246,2,179253.260,301,2,175859.777
KAPX20191021-7,KAPX20191021_120703_V06,2,0.879,1.200,4245,0,23852.956,125,0,23705.384
KAPX20191021-7,KAPX20191021_120703_V06,4,1.318,1.200,4246,0,167.606,30,0,142.020
KAPX20191021-7,KAPX20191021_120703_V06,6,1.802,1.200,2129,0,2.903,0,0,2.903
KAPX20191021-7,KAPX20191021_120703_V06,7,2.417,1.200,2125,0,2.901,0,0,2.901
KAPX20191021-7,KAPX20191021_120703_V06,8,3.120,1.200,2128,0,2.908,0,0,2.908
KAPX20191021-7,KAPX20191021_120703_V06,9,3.999,1.200,2135,0,2.922,0,0,2.922
KAPX20191021-7,KAPX20191021_121353_V06,0,0.483,1.200,4294,2,135920.930,447,2,135391.841
KAPX20191021-7,KAPX20191021_121353_V06,2,0.879,1.200,4299,0,48770.662,140,0,48292.750
KAPX20191021-7,KAPX20191021_121353_V06,4,1.318,1.200,4300,0,198.851,40,0,171.863
KAPX20191021-7,KAPX20191021_121353_V06,6,1.802,1.200,2144,0,5.465,2,0,2.430
KAPX20191021-7,KAPX20191021_121353_V06,7,2.417,1.200,2146,0,2.438,0,0,2.438
KAPX20191021-7,KAPX20191021_121353_V06,8,3.120,1.200,2154,0,2.451,0,0,2.451
KAPX20191021-7,KAPX20191021_121353_V06,9,3.999,1.200,2159,0,2.461,0,0,2.461
KAPX20191021-7,KAPX20191021_121353_V06,10,5.098,1.200,2159,0,2.466,0,0,2.466
KAPX20191021-1,KAPX20191021_111217_V06,0,0.483,1.200,75,0,8985.766,1,0,8985.523
KAPX20191021-1,KAPX20191021_111217_V06,2,0.879,1.200,73,0,11.637,1,0,9.875
KAPX20191021-1,KAPX20191021_111217_V06,4,1.318,1.200,74,0,0.044,0,0,0.044
KAPX20191021-1,KAPX20191021_111217_V06,6,1.802,1.200,38,0,0.045,0,0,0.045
KAPX20191021-1,KAPX20191021_111217_V06,7,2.417,1.200,37,0,0.044,0,0,0.044
KAPX20191021-1,KAPX20191021_111217_V06,8,3.120,1.200,38,0,0.045,0,0,0.045
KAPX20191021-1,KAPX20191021_111217_V06,9,3.999,1.200,38,0,0.045,0,0,0.045
KAPX20191021-1,KAPX20191021_111217_V06,10,5.098,1.200,38,0,0.045,0,0,0.045
KAPX20191022-7,KAPX20191022_131651_V06,0,0.483,1.200,5784,0,368554.286,1933,0,8864.759
KAPX20191022-7,KAPX20191022_131651_V06,2,0.879,1.200,5781,0,51108.095,840,0,4950.707
KAPX20191022-7,KAPX20191022_131651_V06,4,1.318,1.200,5785,0,588.885,15,0,413.832
KAPX20191022-7,KAPX20191022_132131_V06,0,0.483,1.200,7899,0,645612.534,2709,0,13090.662
KAPX20191022-7,KAPX20191022_132131_V06,2,0.879,1.200,7899,0,96790.634,1369,0,6352.883
KAPX20191022-7,KAPX20191022_132131_V06,4,1.318,1.200,7904,0,2127.938,72,0,909.324
KAPX20191022-3,KAPX20191022_111851_V06,0,0.483,1.200,68,0,2549.934,1,0,2549.255
KAPX20191022-3,KAPX20191022_111851_V06,2,0.879,1.200,66,0,2.736,1,0,2.140
KAPX20191022-3,KAPX20191022_111851_V06,4,1.318,1.200,68,0,0.066,0,0,0.066
KAPX20191022-3,KAPX20191022_111851_V06,6,1.802,1.200,26,0,0.050,0,0,0.050
KAPX20191022-3,KAPX20191022_111851_V06,7,2.417,1.200,25,0,0.049,0,0,0.049
KAPX20191022-3,KAPX20191022_111851_V06,8,3.120,1.200,25,0,0.049,0,0,0.049
KAPX20191023-8,KAPX20191023_114243_V06,0,0.483,1.200,5944,0,27658.115,1036,0,18387.477
KAPX20191023-8,KAPX20191023_114243_V06,2,0.879,1.200,5942,0,7418.612,1153,0,2726.639
KAPX20191023-8,KAPX20191023_114243_V06,4,1.318,1.200,5946,0,1364.184,1541,0,80.280
KAPX20191023-8,KAPX20191023_114243_V06,6,1.802,1.200,2974,0,145.630,283,0,16.052
KAPX20191023-8,KAPX20191023_114243_V06,7,2.417,1.200,2979,0,8.820,47,0,3.968
KAPX20191023-8,KAPX20191023_114243_V06,8,3.120,1.200,2978,0,2.010,2,0,1.829
KAPX20191023-8,KAPX20191023_114243_V06,9,3.999,1.200,2981,0,1.836,0,0,1.836
KAPX20191023-8,KAPX20191023_114243_V06,10,5.098,1.200,2981,0,1.841,0,0,1.841
KAPX20191023-8,KAPX20191023_114243_V06,11,6.416,1.200,2992,0,1.859,0,0,1.859
KAPX20191023-8,KAPX20191023_114713_V06,0,0.483,1.200,11598,0,20595.877,1620,0,13533.998
KAPX20191023-8,KAPX20191023_114713_V06,2,0.879,1.200,11605,0,4431.004,1449,0,1936.004
KAPX20191023-8,KAPX20191023_114713_V06,4,1.318,1.200,11608,0,775.155,1521,0,91.465
KAPX20191023-8,KAPX20191023_114713_V06,6,1.802,1.200,5805,0,70.686,162,0,12.179
KAPX20191023-8,KAPX20191023_114713_V06,7,2.417,1.200,5806,0,5.509,24,0,4.595
KAPX20191023-8,KAPX20191023_114713_V06,8,3.120,1.200,5813,0,4.626,15,0,3.830
KAPX20191023-8,KAPX20191023_114713_V06,9,3.999,1.200,5822,0,4.343,3,0,4.096
KAPX20191023-8,KAPX20191023_114713_V06,10,5.098,1.200,5832,0,3.870,0,0,3.870
KAPX20191023-8,KAPX20191023_114713_V06,11,6.416,1.200,5842,0,4.292,2,0,4.011
KAPX20191023-8,KAPX20191023_115143_V06,0,0.483,1.200,12657,0,14175.242,1455,0,9700.684
KAPX20191023-8,KAPX20191023_115143_V06,2,0.879,1.200,12658,0,2137.238,1351,0,917.084
KAPX20191023-8,KAPX20191023_115143_V06,4,1.318,1.200,12658,0,293.679,776,0,62.682
KAPX20191023-8,KAPX20191023_115143_V06,6,1.802,1.200,6329,0,36.221,66,0,8.164
KAPX20191023-8,KAPX20191023_115143_V06,7,2.417,1.200,6335,0,19.821,55,0,8.100
KAPX20191023-8,KAPX20191023_115143_V06,8,3.120,1.200,6337,0,7.221,18,0,5.289
KAPX20191023-8,KAPX20191023_115143_V06,9,3.999,1.200,6346,0,5.415,4,0,4.961
KAPX20191023-8,KAPX20191023_115143_V06,10,5.098,1.200,6355,0,5.245,1,0,5.104
KAPX20191023-8,KAPX20191023_115143_V06,11,6.416,1.200,6372,0,5.166,4,0,4.666
KAPX20191023-8,KAPX20191023_115613_V06,0,0.483,1.200,11344,0,7813.691,1111,0,5529.846
KAPX20191023-8,KAPX20191023_115613_V06,2,0.879,1.200,11346,0,1265.480,1052,0,490.254
KAPX20191023-8,KAPX20191023_115613_V06,4,1.318,1.200,11345,0,193.264,416,0,68.289
KAPX20191023-8,KAPX20191023_115613_V06,6,1.802,1.200,5672,0,30.368,21,0,6.575
KAPX20191023-8,KAPX20191023_115613_V06,7,2.417,1.200,5675,0,13.038,20,0,6.989
KAPX20191023-8,KAPX20191023_115613_V06,8,3.120,1.200,5683,0,5.023,2,0,4.852
KAPX20191023-8,KAPX20191023_115613_V06,9,3.999,1.200,5691,0,5.734,4,0,4.976
KAPX20191023-8,KAPX20191023_115613_V06,10,5.098,1.200,5697,0,5.049,2,0,4.806
KAPX20191023-5,KAPX20191023_112914_V06,0,0.483,1.200,8192,0,44470.008,1480,0,28962.900
KAPX20191023-5,KAPX20191023_112914_V06,2,0.879,1.200,8187,0,25113.853,1967,0,10408.685
KAPX20191023-5,KAPX20191023_112914_V06,4,1.318,1.200,8201,0,6528.556,2966,0,427.152
KAPX20191023-5,KAPX20191023_112914_V06,6,1.802,1.200,4064,0,1988.440,1031,0,39.977
KAPX20191023-5,KAPX20191023_112914_V06,7,2.417,1.200,4068,0,245.037,526,0,17.174
KAPX20191023-5,KAPX20191023_112914_V06,8,3.120,1.200,4069,0,10.828,119,0,3.559
KAPX20191023-5,KAPX20191023_112914_V06,9,3.999,1.200,4074,0,2.065,5,0,2.003
KAPX20191023-5,KAPX20191023_112914_V06,10,5.098,1.200,4080,0,2.081,4,0,1.803
KAPX20191023-5,KAPX20191023_112914_V06,11,6.416,1.200,4096,0,1.918,2,0,1.751
KAPX20191023-5,KAPX20191023_113344_V06,0,0.483,1.200,15350,0,51115.458,2492,0,33145.784
KAPX20191023-5,KAPX20191023_113344_V06,2,0.879,1.200,15354,0,20186.057,3040,0,8849.803
KAPX20191023-5,KAPX20191023_113344_V06,4,1.318,1.200,15354,0,5660.318,3997,0,536.773
KAPX20191023-5,KAPX20191023_113344_V06,6,1.802,1.200,7675,0,1046.006,1284,0,44.424
KAPX20191023-5,KAPX20191023_113344_V06,7,2.417,1.200,7683,0,149.503,667,0,15.863
KAPX20191023-5,KAPX20191023_113344_V06,8,3.120,1.200,7690,0,11.746,179,0,5.283
KAPX20191023-5,KAPX20191023_113344_V06,9,3.999,1.200,7695,0,4.619,61,0,3.668
KAPX20191023-5,KAPX20191023_113344_V06,10,5.098,1.200,7706,0,3.424,24,0,3.182
KAPX20191023-5,KAPX20191023_113344_V06,11,6.416,1.200,7731,0,5.247,45,0,3.917
KAPX20191023-11,KAPX20191023_121412_V06,0,0.483,1.200,11476,0,15281.307,982,0,10936.545
KAPX20191023-11,KAPX20191023_121412_V06,2,0.879,1.200,11486,0,5652.999,825,0,3587.100
KAPX20191023-11,KAPX20191023_121412_V06,4,1.318,1.200,11494,0,826.038,1184,0,151.345
KAPX20191023-11,KAPX20191023_121412_V06,6,1.802,1.200,5748,0,92.973,141,0,15.980
KAPX20191023-11,KAPX20191023_121412_V06,7,2.417,1.200,5753,0,12.424,18,0,8.478
KAPX20191023-11,KAPX20191023_121412_V06,8,3.120,1.200,5758,0,45.842,42,0,18.221
KAPX20191023-11,KAPX20191023_121412_V06,9,3.999,1.200,5757,0,8.966,5,0,7.535
KAPX20191023-11,KAPX20191023_121412_V06,10,5.098,1.200,5769,0,5.822,0,0,5.822
KAPX20191023-11,KAPX20191023_121843_V06,0,0.483,1.200,18075,0,35628.231,1675,0,10782.889
KAPX20191023-11,KAPX20191023_121843_V06,2,0.879,1.200,18083,0,6509.518,1171,0,2568.588
KAPX20191023-11,KAPX20191023_121843_V06,4,1.318,1.200,18086,0,535.185,1027,0,132.457
KAPX20191023-11,KAPX20191023_121843_V06,6,1.802,1.200,9042,0,48.335,103,0,13.125
KAPX20191023-11,KAPX20191023_121843_V06,7,2.417,1.200,9047,0,12.587,13,0,10.549
KAPX20191023-11,KAPX20191023_121843_V06,8,3.120,1.200,9053,0,31.719,38,0,14.871
KAPX20191023-11,KAPX20191023_121843_V06,9,3.999,1.200,9064,0,28.924,33,0,16.673
KAPX20191023-11,KAPX20191023_121843_V06,10,5.098,1.200,9089,0,9.452,2,0,9.252
KAPX20191023-2,KAPX20191023_111311_V06,0,0.483,1.200,5548,0,3897.147,109,0,674.491
KAPX20191023-2,KAPX20191023_111311_V06,2,0.879,1.200,5549,0,15.214,0,0,15.214
KAPX20191023-2,KAPX20191023_111311_V06,4,1.318,1.200,5550,0,25.424,0,0,25.424
KAPX20191023-2,KAPX20191023_111311_V06,6,1.802,1.200,2769,0,15.196,0,0,15.196
KAPX20191023-4,KAPX20191023_112444_V06,0,0.483,1.200,2960,0,27120.057,1026,0,777.579
KAPX20191023-4,KAPX20191023_112444_V06,2,0.879,1.200,2959,0,7381.435,674,0,236.853
KAPX20191023-4,KAPX20191023_112444_V06,4,1.318,1.200,2961,0,329.691,82,0,97.693
KAPX20191023-4,KAPX20191023_112444_V06,6,1.802,1.200,1486,0,3.164,0,0,3.164
KAPX20191023-4,KAPX20191023_112444_V06,7,2.417,1.200,1488,0,3.171,0,0,3.171
KAPX20191023-4,KAPX20191023_112444_V06,8,3.120,1.200,1493,0,3.187,0,0,3.187
KAPX20191023-7,KAPX20191023_112914_V06,0,0.483,1.200,3777,0,7892.419,784,0,3620.179
KAPX20191023-7,KAPX20191023_112914_V06,2,0.879,1.200,3776,0,2765.305,756,0,397.307
KAPX20191023-7,KAPX20191023_112914_V06,4,1.318,1.200,3775,0,794.010,510,0,33.064
KAPX20191023-7,KAPX20191023_112914_V06,6,1.802,1.200,1886,0,92.401,70,0,4.484
KAPX20191023-7,KAPX20191023_112914_V06,7,2.417,1.200,1889,0,1.786,0,0,1.786
KAPX20191023-7,KAPX20191023_112914_V06,8,3.120,1.200,1890,0,1.789,0,0,1.789
KAPX20191023-7,KAPX20191023_112914_V06,9,3.999,1.200,1893,0,1.796,0,0,1.796
KAPX20191023-7,KAPX20191023_112914_V06,10,5.098,1.200,1898,0,1.806,0,0,1.806
KAPX20191023-9,KAPX20191023_114243_V06,0,0.483,1.200,4217,0,10191.715,843,0,6697.782
KAPX20191023-9,KAPX20191023_114243_V06,2,0.879,1.200,4218,0,8729.743,826,0,4539.544
KAPX20191023-9,KAPX20191023_114243_V06,4,1.318,1.200,4217,0,4032.839,1176,0,568.001
KAPX20191023-9,KAPX20191023_114243_V06,6,1.802,1.200,2111,0,1536.819,530,0,7.895
KAPX20191023-9,KAPX20191023_114243_V06,7,2.417,1.200,2110,0,411.401,350,0,15.767
KAPX20191023-9,KAPX20191023_114243_V06,8,3.120,1.200,2108,0,17.938,83,0,1.853
KAPX20191023-9,KAPX20191023_114243_V06,9,3.999,1.200,2108,0,0.967,0,0,0.967
KAPX20191023-9,KAPX20191023_114243_V06,10,5.098,1.200,2119,0,1.338,0,0,1.338
KAPX20191023-9,KAPX20191023_114243_V06,11,6.416,1.200,2123,0,1.234,2,0,1.133
KAPX20191024-7,KAPX20191024_113112_V06,0,0.483,1.200,5763,0,48278.411,495,0,950.988
KAPX20191024-7,KAPX20191024_113112_V06,2,0.879,1.200,5762,0,6062.504,353,0,118.124
KAPX20191024-7,KAPX20191024_113112_V06,4,1.318,1.200,5763,0,9.538,0,0,9.538
KAPX20191024-7,KAPX20191024_113112_V06,6,1.802,1.200,2887,0,9.560,0,0,9.560
KAPX20191024-7,KAPX20191024_113112_V06,7,2.417,1.200,2884,0,9.564,0,0,9.564
KAPX20191024-15,KAPX20191024_124937_V06,0,0.483,1.200,2186,0,65604.433,864,0,6881.006
KAPX20191024-15,KAPX20191024_124937_V06,2,0.879,1.200,2187,0,25695.446,987,0,570.200
KAPX20191024-15,KAPX20191024_124937_V06,4,1.318,1.200,2190,0,7505.904,1021,0,13.497
KAPX20191024-15,KAPX20191024_124937_V06,6,1.802,1.200,1091,0,454.859,216,0,18.615
KAPX20191024-15,KAPX20191024_124937_V06,7,2.417,1.200,1092,0,2.286,9,0,0.901
KAPX20191024-15,KAPX20191024_124937_V06,8,3.120,1.200,1092,0,0.561,0,0,0.561
KAPX20191024-15,KAPX20191024_124937_V06,9,3.999,1.200,1096,0,0.563,0,0,0.563
KAPX20191024-15,KAPX20191024_124937_V06,10,5.098,1.200,1100,0,0.567,0,0,0.567
KAPX20191024-15,KAPX20191024_124937_V06,11,6.416,1.200,1101,0,0.571,0,0,0.571
KAPX20191025-1,KAPX20191025_110816_V06,0,0.483,1.200,291,0,14037.631,13,0,13985.532
KAPX20191025-1,KAPX20191025_110816_V06,2,0.879,1.200,288,0,194.074,11,0,172.223
KAPX20191025-1,KAPX20191025_110816_V06,4,1.318,1.200,284,0,1.118,0,0,1.118
KAPX20191025-1,KAPX20191025_110816_V06,6,1.802,1.200,150,0,0.257,0,0,0.257
KAPX20191025-1,KAPX20191025_110816_V06,7,2.417,1.200,152,0,0.261,0,0,0.261
KAPX20191025-1,KAPX20191025_110816_V06,8,3.120,1.200,154,0,0.265,0,0,0.265
KAPX20191025-1,KAPX20191025_110816_V06,9,3.999,1.200,156,0,0.269,0,0,0.269
KAPX20191025-1,KAPX20191025_111238_V06,0,0.483,1.200,1298,0,34835.026,68,0,34219.808
KAPX20191025-1,KAPX20191025_111238_V06,2,0.879,1.200,1298,0,1256.284,41,0,1108.030
KAPX20191025-1,KAPX20191025_111238_V06,4,1.318,1.200,1299,0,5.344,0,0,5.344
KAPX20191025-1,KAPX20191025_111238_V06,6,1.802,1.200,647,0,1.102,0,0,1.102
KAPX20191025-1,KAPX20191025_111238_V06,7,2.417,1.200,649,0,1.106,0,0,1.106
KAPX20191025-1,KAPX20191025_111238_V06,8,3.120,1.200,647,0,1.104,0,0,1.104
KAPX20191025-1,KAPX20191025_111238_V06,9,3.999,1.200,650,0,1.112,0,0,1.112
KAPX20191026-1,KAPX20191026_111948_V06,0,0.483,1.200,399,0,10737.123,9,0,10730.015
KAPX20191026-1,KAPX20191026_111948_V06,2,0.879,1.200,399,0,633.553,3,0,632.005
KAPX20191026-1,KAPX20191026_111948_V06,4,1.318,1.200,399,0,1.048,0,0,1.048
KAPX20191026-1,KAPX20191026_111948_V06,6,1.802,1.200,199,0,0.331,0,0,0.331
KAPX20191026-1,KAPX20191026_111948_V06,7,2.417,1.200,198,0,0.330,0,0,0.330
KAPX20191026-1,KAPX20191026_111948_V06,8,3.120,1.200,199,0,0.332,0,0,0.332
KAPX20191026-1,KAPX20191026_111948_V06,9,3.999,1.200,200,0,0.334,0,0,0.334
KAPX20191026-1,KAPX20191026_112646_V06,0,0.483,1.200,1909,0,63442.272,63,0,63306.341
KAPX20191026-1,KAPX20191026_112646_V06,2,0.879,1.200,1911,0,698.249,23,0,676.664
KAPX20191026-1,KAPX20191026_112646_V06,4,1.318,1.200,1910,0,3.479,0,0,3.479
KAPX20191026-1,KAPX20191026_112646_V06,6,1.802,1.200,952,0,1.571,0,0,1.571
KAPX20191026-1,KAPX20191026_112646_V06,7,2.417,1.200,954,0,1.577,0,0,1.577
KAPX20191026-1,KAPX20191026_112646_V06,8,3.120,1.200,953,0,1.577,0,0,1.577
KAPX20191026-1,KAPX20191026_112646_V06,9,3.999,1.200,955,0,1.585,0,0,1.585
KAPX20191028-3,KAPX20191028_123017_V06,0,0.483,1.200,5452,0,2348.631,51,0,1391.267
KAPX20191028-3,KAPX20191028_123017_V06,2,0.879,1.200,5451,0,40.238,1,0,29.917
KAPX20191028-3,KAPX20191028_123017_V06,4,1.318,1.200,5454,0,24.166,0,0,24.166
KAPX20191028-3,KAPX20191028_123719_V06,0,0.483,1.200,9776,0,2786.406,72,0,1668.892
KAPX20191028-3,KAPX20191028_123719_V06,2,0.879,1.200,9771,0,128.542,8,0,68.462
KAPX20191028-3,KAPX20191028_123719_V06,4,1.318,1.200,9772,0,41.985,0,0,41.985
KAPX20191028-3,KAPX20191028_124422_V06,0,0.483,1.200,9905,0,1693.677,62,0,1051.532
KAPX20191028-3,KAPX20191028_124422_V06,2,0.879,1.200,9908,0,505.540,40,0,256.111
KAPX20191028-3,KAPX20191028_124422_V06,4,1.318,1.200,9910,0,38.102,0,0,38.102
KAPX20191028-1,KAPX20191028_120903_V06,0,0.483,1.200,14767,0,1311.833,2123,0,802.701
KAPX20191028-1,KAPX20191028_120903_V06,2,0.879,1.200,14773,0,50.773,3247,0,34.137
KAPX20191028-1,KAPX20191028_120903_V06,4,1.318,1.200,14776,0,27.343,2832,0,10.503
KAPX20191028-1,KAPX20191028_120903_V06,6,1.802,1.200,7386,0,1.501,427,0,1.013
KAPX20191028-1,KAPX20191028_120903_V06,7,2.417,1.200,7390,0,1.700,241,0,1.212
KAPX20191028-1,KAPX20191028_120903_V06,8,3.120,1.200,7392,0,2.563,284,0,1.497
KAPX20191028-1,KAPX20191028_120903_V06,9,3.999,1.200,7398,0,2.660,351,0,1.367
KAPX20191028-1,KAPX20191028_120903_V06,10,5.098,1.200,7410,0,4.403,578,0,2.387
KAPX20191028-1,KAPX20191028_120903_V06,11,6.416,1.200,7429,0,2.680,641,0,1.638
KAPX20191029-13,KAPX20191029_131652_V06,0,0.483,1.200,83262,0,428412.506,22389,0,56927.514
KAPX20191029-13,KAPX20191029_131652_V06,2,0.879,1.200,83276,0,59139.431,26808,0,6814.161
KAPX20191029-13,KAPX20191029_131652_V06,4,1.318,1.200,83284,0,5639.052,24407,0,1158.338
KAPX20191029-13,KAPX20191029_131652_V06,6,1.802,1.200,41665,0,1682.583,9475,0,171.328
KAPX20191029-13,KAPX20191029_131652_V06,7,2.417,1.200,41683,0,702.383,8562,0,102.879
KAPX20191029-13,KAPX20191029_131652_V06,8,3.120,1.200,41717,0,389.071,8196,0,73.842
KAPX20191029-13,KAPX20191029_131652_V06,9,3.999,1.200,41767,0,245.652,7335,0,53.194
KAPX20191029-13,KAPX20191029_131652_V06,10,5.098,1.200,41830,0,163.425,6497,0,47.142
KAPX20191029-13,KAPX20191029_131652_V06,11,6.416,1.200,41952,0,131.673,5727,0,43.443
KAPX20191029-13,KAPX20191029_132346_V06,0,0.483,1.200,105964,2,389694.502,26900,0,49365.549
KAPX20191029-13,KAPX20191029_132346_V06,2,0.879,1.200,105972,0,48863.566,28843,0,6334.012
KAPX20191029-13,KAPX20191029_132346_V06,4,1.318,1.200,105988,0,4829.821,24151,0,1692.670
KAPX20191029-13,KAPX20191029_132346_V06,6,1.802,1.200,53010,0,1631.506,10131,0,300.097
KAPX20191029-13,KAPX20191029_132346_V06,7,2.417,1.200,53029,0,874.512,9528,0,144.565
KAPX20191029-13,KAPX20191029_132346_V06,8,3.120,1.200,53068,0,466.038,10023,0,105.797
KAPX20191029-13,KAPX20191029_132346_V06,9,3.999,1.200,53135,0,301.029,9677,0,72.031
KAPX20191029-13,KAPX20191029_132346_V06,10,5.098,1.200,53228,0,237.303,9352,0,65.132
KAPX20191029-13,KAPX20191029_132346_V06,11,6.416,1.200,53378,0,161.722,8396,0,53.070
KAPX20191029-12,KAPX20191029_130959_V06,0,0.483,1.200,90443,0,570489.705,27108,0,52865.488
KAPX20191029-12,KAPX20191029_130959_V06,2,0.879,1.200,90458,0,84137.705,29044,0,5316.265
KAPX20191029-12,KAPX20191029_130959_V06,4,1.318,1.200,90465,0,7079.850,27941,0,631.495
KAPX20191029-12,KAPX20191029_130959_V06,6,1.802,1.200,45267,0,1680.455,9347,0,200.091
KAPX20191029-12,KAPX20191029_130959_V06,7,2.417,1.200,45285,0,724.475,7663,0,106.492
KAPX20191029-12,KAPX20191029_130959_V06,8,3.120,1.200,45319,0,385.191,6983,0,84.035
KAPX20191029-12,KAPX20191029_130959_V06,9,3.999,1.200,45371,0,186.173,5630,0,60.751
KAPX20191029-12,KAPX20191029_130959_V06,10,5.098,1.200,45443,0,127.562,4723,0,58.048
KAPX20191029-14,KAPX20191029_133039_V06,0,0.483,1.200,758,5,167307.466,1,5,167307.033
KAPX20191029-14,KAPX20191029_133039_V06,2,0.879,1.200,755,0,11280.822,2,0,11280.081
KAPX20191029-14,KAPX20191029_133039_V06,4,1.318,1.200,757,0,8.393,2,0,7.503
KAPX20191029-14,KAPX20191029_133039_V06,6,1.802,1.200,380,0,0.626,0,0,0.626
KAPX20191029-14,KAPX20191029_133039_V06,7,2.417,1.200,381,0,0.628,0,0,0.628
KAPX20191029-14,KAPX20191029_133039_V06,8,3.120,1.200,380,0,0.627,0,0,0.627
KAPX20191029-14,KAPX20191029_133039_V06,9,3.999,1.200,382,0,0.632,0,0,0.632
KAPX20191102-6,KAPX20191102_124031_V06,0,0.483,1.200,2103,0,27147.396,350,0,3551.990
KAPX20191102-6,KAPX20191102_124031_V06,2,0.879,1.200,2103,0,21065.192,283,0,1730.569
KAPX20191102-6,KAPX20191102_124031_V06,4,1.318,1.200,2106,0,6240.119,87,0,697.823
KAPX20191102-6,KAPX20191102_124557_V06,0,0.483,1.200,3727,0,33931.179,486,0,6197.925
KAPX20191102-6,KAPX20191102_124557_V06,2,0.879,1.200,3726,0,28376.193,391,0,2689.077
KAPX20191102-6,KAPX20191102_124557_V06,4,1.318,1.200,3728,0,8531.577,156,0,1194.128
KAPX20191102-6,KAPX20191102_125108_V06,0,0.483,1.200,3873,0,38426.804,598,0,5318.815
KAPX20191102-6,KAPX20191102_125108_V06,2,0.879,1.200,3874,0,34837.275,515,0,3256.326
KAPX20191102-6,KAPX20191102_125108_V06,4,1.318,1.200,3877,0,10382.306,195,0,1181.090
KAPX20191102-6,KAPX20191102_125618_V06,0,0.483,1.200,4449,0,49860.678,803,0,6133.241
KAPX20191102-6,KAPX20191102_125618_V06,2,0.879,1.200,4446,0,41169.166,703,0,3831.192
KAPX20191102-6,KAPX20191102_125618_V06,4,1.318,1.200,4455,0,17815.312,296,0,1804.134
KAPX20191102-6,KAPX20191102_130611_V06,0,0.483,1.200,5717,0,71120.486,1369,0,6923.061
KAPX20191102-6,KAPX20191102_130611_V06,2,0.879,1.200,5721,0,49078.005,1092,0,5037.271
KAPX20191102-6,KAPX20191102_130611_V06,4,1.318,1.200,5720,0,19841.449,418,0,1992.741
KAPX20191102-6,KAPX20191102_131052_V06,0,0.483,1.200,5256,0,79117.504,1872,0,6762.056
KAPX20191102-6,KAPX20191102_131052_V06,2,0.879,1.200,5256,0,54953.590,1567,0,5462.352
KAPX20191102-6,KAPX20191102_131052_V06,4,1.318,1.200,5257,0,22429.586,643,0,2356.436
KAPX20191102-6,KAPX20191102_131052_V06,6,1.802,1.200,2625,0,2643.330,54,0,194.029
KAPX20191102-12,KAPX20191102_132016_V06,0,0.483,1.200,4151,0,2492.999,63,0,855.163
KAPX20191102-12,KAPX20191102_132016_V06,2,0.879,1.200,4157,0,3602.786,122,0,741.845
KAPX20191102-12,KAPX20191102_132016_V06,4,1.318,1.200,4156,0,1132.112,36,0,342.099
KAPX20191102-12,KAPX20191102_132457_V06,0,0.483,1.200,6284,0,5239.084,103,0,1521.859
KAPX20191102-12,KAPX20191102_132457_V06,2,0.879,1.200,6285,0,7791.959,194,0,1831.994
KAPX20191102-12,KAPX20191102_132457_V06,4,1.318,1.200,6294,0,2345.590,70,0,895.164
KAPX20191102-12,KAPX20191102_132939_V06,0,0.483,1.200,7074,0,4361.968,134,0,571.212
KAPX20191102-12,KAPX20191102_132939_V06,2,0.879,1.200,7077,0,7043.409,263,0,758.046
KAPX20191102-12,KAPX20191102_132939_V06,4,1.318,1.200,7080,0,2776.073,150,0,421.683
KAPX20191102-15,KAPX20191102_133643_V06,0,0.483,1.200,8734,0,385123.380,4553,0,27359.397
KAPX20191102-15,KAPX20191102_133643_V06,2,0.879,1.200,8734,0,69604.198,1524,0,4281.243
KAPX20191102-15,KAPX20191102_133643_V06,4,1.318,1.200,8740,0,8058.845,296,0,618.683
KAPX20191102-15,KAPX20191102_134351_V06,0,0.483,1.200,10776,0,497693.837,5355,0,30956.861
KAPX20191102-15,KAPX20191102_134351_V06,2,0.879,1.200,10777,0,76005.318,1802,0,4955.548
KAPX20191102-15,KAPX20191102_134351_V06,4,1.318,1.200,10785,0,9375.138,362,0,847.041
KAPX20191102-7,KAPX20191102_124557_V06,0,0.483,1.200,5051,0,54873.684,882,0,1809.012
KAPX20191102-7,KAPX20191102_124557_V06,2,0.879,1.200,5055,0,27981.947,500,0,1818.477
KAPX20191102-7,KAPX20191102_124557_V06,4,1.318,1.200,5058,0,8910.929,198,0,1187.892
KAPX20191102-7,KAPX20191102_124557_V06,6,1.802,1.200,2535,0,34.988,0,0,34.988
KAPX20191102-9,KAPX20191102_130611_V06,0,0.483,1.200,2927,0,52667.912,1069,0,3958.055
KAPX20191102-9,KAPX20191102_130611_V06,2,0.879,1.200,2926,0,38130.105,892,0,3234.164
KAPX20191102-9,KAPX20191102_130611_V06,4,1.318,1.200,2926,0,17631.930,412,0,1580.468
KAPX20191102-9,KAPX20191102_130611_V06,6,1.802,1.200,1470,0,1360.381,16,0,56.382
KAPX20191102-14,KAPX20191102_132939_V06,0,0.483,1.200,7992,0,13243.656,1349,0,343.589
KAPX20191102-14,KAPX20191102_132939_V06,2,0.879,1.200,7989,0,8819.579,974,0,124.491
KAPX20191102-14,KAPX20191102_132939_V06,4,1.318,1.200,7992,0,1599.525,326,0,40.836
KAPX20191102-14,KAPX20191102_132939_V06,6,1.802,1.200,4000,0,31.720,7,0,14.537
KAPX20191102-14,KAPX20191102_132939_V06,7,2.417,1.200,4000,0,11.171,0,0,11.171
KAPX20191102-14,KAPX20191102_132939_V06,8,3.120,1.200,4006,0,7.927,0,0,7.927
KAPX20191105-5,KAPX20191105_113438_V06,0,0.483,1.200,8338,0,22479.224,490,0,1370.134
KAPX20191105-5,KAPX20191105_113438_V06,2,0.879,1.200,8344,0,4284.032,165,0,369.232
KAPX20191105-5,KAPX20191105_113438_V06,4,1.318,1.200,8347,0,91.369,7,0,38.593
KAPX20191105-11,KAPX20191105_122248_V06,0,0.483,1.200,4657,0,60483.582,1347,0,708.762
KAPX20191105-11,KAPX20191105_122248_V06,2,0.879,1.200,4660,0,81120.878,1343,0,510.873
KAPX20191105-11,KAPX20191105_122248_V06,4,1.318,1.200,4658,0,23951.170,938,0,618.562
KAPX20191105-11,KAPX20191105_122248_V06,6,1.802,1.200,2330,0,1161.765,62,0,97.294
KAPX20191105-11,KAPX20191105_122248_V06,7,2.417,1.200,2329,0,5.361,0,0,5.361
KAPX20191105-11,KAPX20191105_122248_V06,8,3.120,1.200,2332,0,5.375,0,0,5.375
KAPX20191105-11,KAPX20191105_122759_V06,0,0.483,1.200,8654,0,222031.439,3385,0,1517.977
KAPX20191105-11,KAPX20191105_122759_V06,2,0.879,1.200,8655,0,146831.356,3215,0,1265.578
KAPX20191105-11,KAPX20191105_122759_V06,4,1.318,1.200,8657,0,38087.684,1948,0,1193.483
KAPX20191105-11,KAPX20191105_122759_V06,6,1.802,1.200,4332,0,1096.444,122,0,133.287
KAPX20191105-11,KAPX20191105_122759_V06,7,2.417,1.200,4332,0,9.964,0,0,9.964
KAPX20191105-11,KAPX20191105_122759_V06,8,3.120,1.200,4337,0,9.989,0,0,9.989
KAPX20191105-11,KAPX20191105_123324_V06,0,0.483,1.200,2342,0,3711.267,345,0,372.420
KAPX20191105-11,KAPX20191105_123324_V06,2,0.879,1.200,2346,0,6879.221,351,0,302.743
KAPX20191105-11,KAPX20191105_123324_V06,4,1.318,1.200,2347,0,2188.930,126,0,126.274
KAPX20191105-11,KAPX20191105_123324_V06,6,1.802,1.200,1172,0,3.269,0,0,3.269
KAPX20191105-11,KAPX20191105_123324_V06,7,2.417,1.200,1175,0,3.282,0,0,3.282
KAPX20191105-11,KAPX20191105_123324_V06,8,3.120,1.200,1171,0,3.276,0,0,3.276
KAPX20191105-17,KAPX20191105_123905_V06,0,0.483,1.200,9707,0,77352.865,3394,0,1996.327
KAPX20191105-17,KAPX20191105_123905_V06,2,0.879,1.200,9705,0,52283.244,3305,0,674.125
KAPX20191105-17,KAPX20191105_123905_V06,4,1.318,1.200,9705,0,29013.895,2809,0,297.554
KAPX20191105-17,KAPX20191105_123905_V06,6,1.802,1.200,4857,0,15018.677,905,0,268.486
KAPX20191105-17,KAPX20191105_123905_V06,7,2.417,1.200,4856,0,4768.254,667,0,67.631
KAPX20191105-17,KAPX20191105_123905_V06,8,3.120,1.200,4859,0,2401.651,462,0,43.266
KAPX20191105-17,KAPX20191105_123905_V06,9,3.999,1.200,4866,0,328.219,138,0,12.236
KAPX20191105-17,KAPX20191105_123905_V06,10,5.098,1.200,4881,0,4.810,5,0,4.021
KAPX20191105-17,KAPX20191105_123905_V06,11,6.416,1.200,4894,0,6.016,17,0,4.066
KAPX20191105-19,KAPX20191105_130331_V06,0,0.483,1.200,5414,0,38005.370,758,0,4552.858
KAPX20191105-19,KAPX20191105_130331_V06,2,0.879,1.200,5412,0,2344.115,95,0,669.270
KAPX20191105-19,KAPX20191105_130331_V06,4,1.318,1.200,5415,0,21.148,0,0,21.148
KAPX20191105-20,KAPX20191105_130857_V06,0,0.483,1.200,676,0,47087.729,297,0,2593.638
KAPX20191105-20,KAPX20191105_130857_V06,2,0.879,1.200,673,0,1384.018,25,0,440.599
KAPX20191105-20,KAPX20191105_130857_V06,4,1.318,1.200,675,0,2.845,0,0,2.845
KAPX20191106-1,KAPX20191106_113601_V06,0,0.483,1.200,20769,0,798179.932,13484,0,97672.735
KAPX20191106-1,KAPX20191106_113601_V06,2,0.879,1.200,20780,0,266458.311,10955,0,53021.699
KAPX20191106-1,KAPX20191106_113601_V06,4,1.318,1.200,20785,0,66557.464,5063,0,13495.544
KAPX20191107-2,KAPX20191107_113206_V06,0,0.483,1.200,1250,0,41593.598,540,0,2233.655
KAPX20191107-2,KAPX20191107_113206_V06,2,0.879,1.200,1250,0,409.630,18,0,173.906
KAPX20191107-2,KAPX20191107_113206_V06,4,1.318,1.200,1251,0,4.071,0,0,4.071
KAPX20191107-2,KAPX20191107_113206_V06,6,1.802,1.200,624,0,4.066,0,0,4.066
KAPX20191107-2,KAPX20191107_113648_V06,0,0.483,1.200,2318,0,37385.617,564,0,2491.919
KAPX20191107-2,KAPX20191107_113648_V06,2,0.879,1.200,2316,0,272.541,14,0,125.228
KAPX20191107-2,KAPX20191107_113648_V06,4,1.318,1.200,2315,0,7.536,0,0,7.536
KAPX20191107-2,KAPX20191107_113648_V06,6,1.802,1.200,1156,0,38.444,0,0,38.444
KAPX20191107-2,KAPX20191107_114130_V06,0,0.483,1.200,3828,0,35787.812,673,0,3502.141
KAPX20191107-2,KAPX20191107_114130_V06,2,0.879,1.200,3836,0,78.736,2,0,55.018
KAPX20191107-2,KAPX20191107_114130_V06,4,1.318,1.200,3837,0,12.492,0,0,12.492
KAPX20191107-2,KAPX20191107_114130_V06,6,1.802,1.200,1919,0,12.505,0,0,12.505
KAPX20191107-2,KAPX20191107_114612_V06,0,0.483,1.200,914,0,20338.769,411,0,2036.680
KAPX20191107-2,KAPX20191107_114612_V06,2,0.879,1.200,909,0,2.898,0,0,2.898
KAPX20191107-2,KAPX20191107_114612_V06,4,1.318,1.200,912,0,2.908,0,0,2.908
KAPX20191107-2,KAPX20191107_114612_V06,6,1.802,1.200,457,0,2.919,0,0,2.919
KAPX20191107-2,KAPX20191107_115053_V06,0,0.483,1.200,1904,0,23577.810,505,0,3162.496
KAPX20191107-2,KAPX20191107_115053_V06,2,0.879,1.200,1906,0,20.685,0,0,20.685
KAPX20191107-2,KAPX20191107_115053_V06,4,1.318,1.200,1908,0,6.073,0,0,6.073
KAPX20191107-2,KAPX20191107_115053_V06,6,1.802,1.200,951,0,6.063,0,0,6.063
KAPX20191107-8,KAPX20191107_120938_V06,0,0.483,1.200,7186,0,476965.418,3289,0,821.659
KAPX20191107-8,KAPX20191107_120938_V06,2,0.879,1.200,7194,0,386023.860,3255,0,318.053
KAPX20191107-8,KAPX20191107_120938_V06,4,1.318,1.200,7197,0,170673.653,2683,0,409.521
KAPX20191107-8,KAPX20191107_120938_V06,6,1.802,1.200,3598,0,48821.464,665,0,390.496
KAPX20191107-8,KAPX20191107_120938_V06,7,2.417,1.200,3602,0,1468.545,188,0,60.053
KAPX20191107-8,KAPX20191107_120938_V06,8,3.120,1.200,3607,0,6.268,0,0,6.268
KAPX20191107-8,KAPX20191107_120938_V06,9,3.999,1.200,3610,0,6.287,0,0,6.287
KAPX20191109-6,KAPX20191109_122722_V06,0,0.483,1.200,11369,0,217230.693,5129,0,25008.870
KAPX20191109-6,KAPX20191109_122722_V06,2,0.879,1.200,11371,0,29958.782,951,0,3905.103
KAPX20191109-6,KAPX20191109_122722_V06,4,1.318,1.200,11381,0,1554.453,55,0,230.554
KAPX20191109-6,KAPX20191109_123431_V06,0,0.483,1.200,17339,0,254357.031,6651,0,26092.388
KAPX20191109-6,KAPX20191109_123431_V06,2,0.879,1.200,17348,0,33390.180,1389,0,4551.898
KAPX20191109-6,KAPX20191109_123431_V06,4,1.318,1.200,17352,0,1705.721,80,0,396.962
KAPX20191109-6,KAPX20191109_124140_V06,0,0.483,1.200,23588,0,300302.332,8751,0,27278.326
KAPX20191109-6,KAPX20191109_124140_V06,2,0.879,1.200,23591,0,41077.413,2223,0,6630.158
KAPX20191109-6,KAPX20191109_124140_V06,4,1.318,1.200,23601,0,2051.771,122,0,518.453
KAPX20191109-6,KAPX20191109_124848_V06,0,0.483,1.200,23581,0,228235.163,8089,0,19117.191
KAPX20191109-6,KAPX20191109_124848_V06,2,0.879,1.200,23585,0,31146.679,2041,0,4042.410
KAPX20191109-6,KAPX20191109_124848_V06,4,1.318,1.200,23591,0,1574.426,171,0,395.629
KAPX20191109-6,KAPX20191109_130306_V06,0,0.483,1.200,31037,0,182969.351,9809,0,12050.254
KAPX20191109-6,KAPX20191109_130306_V06,2,0.879,1.200,31044,0,26928.304,2829,0,3729.632
KAPX20191109-6,KAPX20191109_130306_V06,4,1.318,1.200,31052,0,1197.093,318,0,347.942
KAPX20191109-9,KAPX20191109_131723_V06,0,0.483,1.200,13325,0,158432.499,4564,0,25788.724
KAPX20191109-9,KAPX20191109_131723_V06,2,0.879,1.200,13339,0,1420.127,51,0,364.681
KAPX20191109-9,KAPX20191109_131723_V06,4,1.318,1.200,13345,0,51.956,0,0,51.956
KAPX20191111-9,KAPX20191111_131349_V06,0,0.483,1.200,20248,0,1552133.581,16291,0,63884.873
KAPX20191111-9,KAPX20191111_131349_V06,2,0.879,1.200,20251,0,385840.055,13386,0,44763.506
KAPX20191111-9,KAPX20191111_131349_V06,4,1.318,1.200,20262,0,86806.431,7638,0,21501.968
KAPX20191117-1,KAPX20191117_121512_V06,0,0.483,1.200,6496,0,39869.426,595,0,8369.479
KAPX20191117-1,KAPX20191117_121512_V06,2,0.879,1.200,6498,0,104634.401,1958,0,18435.417
KAPX20191117-1,KAPX20191117_122201_V06,0,0.483,1.200,9175,0,73409.833,1039,0,17314.658
KAPX20191117-1,KAPX20191117_122201_V06,2,0.879,1.200,9180,0,173715.524,3329,0,31461.332
KAPX20191117-1,KAPX20191117_122851_V06,0,0.483,1.200,9170,0,68958.038,957,0,14669.792
KAPX20191117-1,KAPX20191117_122851_V06,2,0.879,1.200,9174,0,211958.131,4445,0,35169.169
KAPX20191117-1,KAPX20191117_122851_V06,4,1.318,1.200,9176,0,214865.472,4261,0,19820.397
KAPX20191117-1,KAPX20191117_123541_V06,0,0.483,1.200,9089,0,42438.860,703,0,14231.215
KAPX20191117-1,KAPX20191117_123541_V06,2,0.879,1.200,9093,0,246566.713,5505,0,38045.408
KAPX20191117-1,KAPX20191117_123541_V06,4,1.318,1.200,9095,0,304165.046,5343,0,24892.706
KAPX20191117-1,KAPX20191117_124230_V06,0,0.483,1.200,9156,0,44567.941,888,0,11667.652
KAPX20191117-1,KAPX20191117_124230_V06,2,0.879,1.200,9152,0,290092.351,6478,0,39141.899
KAPX20191117-1,KAPX20191117_124230_V06,4,1.318,1.200,9157,0,388751.637,5968,0,25953.343
KAPX20191117-1,KAPX20191117_124920_V06,0,0.483,1.200,4060,0,18073.349,460,0,4612.742
KAPX20191117-1,KAPX20191117_124920_V06,2,0.879,1.200,4063,0,134093.794,2762,0,18290.310
KAPX20191117-1,KAPX20191117_124920_V06,4,1.318,1.200,4066,0,135825.856,2417,0,15340.478
KAPX20191118-1,KAPX20191118_114145_V06,0,0.483,1.200,7972,0,65.671,1411,0,34.514
KAPX20191118-1,KAPX20191118_114145_V06,2,0.879,1.200,7971,0,5.731,2294,0,2.790
KAPX20191118-1,KAPX20191118_114145_V06,4,1.318,1.200,7971,0,7.610,1626,0,5.506
KAPX20191118-1,KAPX20191118_114145_V06,6,1.802,1.200,3994,0,3.298,218,0,0.849
KAPX20191118-1,KAPX20191118_114145_V06,7,2.417,1.200,3995,0,14.299,553,0,1.718
KAPX20191118-1,KAPX20191118_114145_V06,8,3.120,1.200,3997,0,20.560,735,0,1.640
KAPX20191118-1,KAPX20191118_114145_V06,9,3.999,1.200,4000,0,24.011,820,0,1.900
KAPX20191118-1,KAPX20191118_114145_V06,10,5.098,1.200,4003,0,55.869,1119,0,2.578
KAPX20191118-1,KAPX20191118_114145_V06,11,6.416,1.200,4013,0,55.631,1404,0,2.226
KAPX20191118-5,KAPX20191118_123052_V06,0,0.483,1.200,14398,0,252130.004,3273,0,41914.643
KAPX20191118-5,KAPX20191118_123052_V06,2,0.879,1.200,14400,0,7952.773,215,0,3141.656
KAPX20191118-5,KAPX20191118_123052_V06,4,1.318,1.200,14407,0,65.086,0,0,65.086
KAPX20191118-10,KAPX20191118_131345_V06,0,0.483,1.200,37576,0,1213.988,6473,0,1017.617
KAPX20191118-10,KAPX20191118_131345_V06,2,0.879,1.200,37577,0,152.322,8598,0,120.922
KAPX20191118-10,KAPX20191118_131345_V06,4,1.318,1.200,37585,0,39.538,9598,0,16.459
KAPX20191118-10,KAPX20191118_131345_V06,6,1.802,1.200,18798,0,25.126,2492,0,2.927
KAPX20191118-10,KAPX20191118_131345_V06,7,2.417,1.200,18807,0,21.294,2242,0,2.966
KAPX20191118-10,KAPX20191118_131345_V06,8,3.120,1.200,18824,0,24.238,2283,0,3.160
KAPX20191118-10,KAPX20191118_131345_V06,9,3.999,1.200,18844,0,36.459,2174,0,4.484
KAPX20191118-10,KAPX20191118_131345_V06,10,5.098,1.200,18876,0,68.442,2761,0,6.004
KAPX20191118-10,KAPX20191118_131345_V06,11,6.416,1.200,18940,0,105.132,3484,0,8.193
KAPX20191120-2,KAPX20191120_115024_V06,0,0.483,1.200,6187,0,31.777,1760,0,12.740
KAPX20191120-2,KAPX20191120_115024_V06,2,0.879,1.200,6186,0,1.893,2055,0,1.225
KAPX20191120-2,KAPX20191120_115024_V06,4,1.318,1.200,6187,0,12.992,1499,0,11.882
KAPX20191120-2,KAPX20191120_115024_V06,6,1.802,1.200,3093,0,0.203,286,0,0.127
KAPX20191120-2,KAPX20191120_115024_V06,7,2.417,1.200,3097,0,0.184,246,0,0.114
KAPX20191120-2,KAPX20191120_115024_V06,8,3.120,1.200,3096,0,0.267,491,0,0.157
KAPX20191120-2,KAPX20191120_115024_V06,9,3.999,1.200,3098,0,0.578,388,0,0.233
KAPX20191120-2,KAPX20191120_115024_V06,10,5.098,1.200,3104,0,0.574,416,0,0.282
KAPX20191120-2,KAPX20191120_115024_V06,11,6.416,1.200,3111,0,0.431,447,0,0.250
KAPX20191120-4,KAPX20191120_122433_V06,0,0.483,1.200,20224,0,440.666,3779,0,309.842
KAPX20191120-4,KAPX20191120_122433_V06,2,0.879,1.200,20228,0,101.699,4040,0,46.082
KAPX20191120-4,KAPX20191120_122433_V06,4,1.318,1.200,20232,0,5.248,3811,0,2.125
KAPX20191120-4,KAPX20191120_122433_V06,6,1.802,1.200,10121,0,5.061,882,0,0.385
KAPX20191120-4,KAPX20191120_122433_V06,7,2.417,1.200,10125,0,0.584,796,0,0.411
KAPX20191120-4,KAPX20191120_122433_V06,8,3.120,1.200,10133,0,0.631,763,0,0.416
KAPX20191120-4,KAPX20191120_122433_V06,9,3.999,1.200,10147,0,0.467,659,0,0.351
KAPX20191120-4,KAPX20191120_122433_V06,10,5.098,1.200,10162,0,0.671,852,0,0.423
KAPX20191120-4,KAPX20191120_122433_V06,11,6.416,1.200,10194,0,0.701,973,0,0.427
KAPX20191126-1,KAPX20191126_115450_V06,0,0.483,1.200,11921,0,68.305,3100,0,40.829
KAPX20191126-1,KAPX20191126_115450_V06,2,0.879,1.200,11921,0,30.989,3633,0,16.583
KAPX20191126-1,KAPX20191126_115450_V06,4,1.318,1.200,11926,0,10.095,3075,0,3.036
KAPX20191126-1,KAPX20191126_115450_V06,6,1.802,1.200,5966,0,2.827,593,0,0.121
KAPX20191126-1,KAPX20191126_115450_V06,7,2.417,1.200,5970,0,2.013,532,0,0.100
KAPX20191126-1,KAPX20191126_115450_V06,8,3.120,1.200,5976,0,0.144,455,0,0.099
KAPX20191126-1,KAPX20191126_115450_V06,9,3.999,1.200,5984,0,0.560,783,0,0.185
KAPX20191126-1,KAPX20191126_115450_V06,10,5.098,1.200,5999,0,1.052,1402,0,0.331
KAPX20191126-1,KAPX20191126_115450_V06,11,6.416,1.200,6017,0,1.033,1861,0,0.309
KAPX20191202-1,KAPX20191202_131047_V06,0,0.483,1.200,20073,0,668.937,5749,0,608.205
KAPX20191202-1,KAPX20191202_131047_V06,2,0.879,1.200,20074,0,119.582,7097,0,113.438
KAPX20191202-1,KAPX20191202_131047_V06,4,1.318,1.200,20085,0,52.942,7101,0,50.742
KAPX20191202-1,KAPX20191202_131047_V06,6,1.802,1.200,10042,0,7.902,1538,0,6.782
KAPX20191202-1,KAPX20191202_131047_V06,7,2.417,1.200,10047,0,0.403,1096,0,0.255
KAPX20191202-1,KAPX20191202_131047_V06,8,3.120,1.200,10057,0,0.291,992,0,0.222
KAPX20191202-1,KAPX20191202_131047_V06,9,3.999,1.200,10062,0,0.454,838,0,0.378
KAPX20191202-1,KAPX20191202_131047_V06,10,5.098,1.200,10086,0,0.334,674,0,0.258
KAPX20191202-1,KAPX20191202_131047_V06,11,6.416,1.200,10120,0,0.348,600,0,0.268
KAPX20191203-1,KAPX20191203_121353_V06,0,0.483,1.200,31358,0,651131.155,4585,0,7730.764
KAPX20191203-1,KAPX20191203_121353_V06,2,0.879,1.200,31373,0,879412.667,5341,0,8506.955
KAPX20191203-1,KAPX20191203_121353_V06,4,1.318,1.200,31389,0,407663.627,5275,0,14967.697
KAPX20191203-1,KAPX20191203_122052_V06,0,0.483,1.200,37709,0,481181.106,4815,0,10514.769
KAPX20191203-1,KAPX20191203_122052_V06,2,0.879,1.200,37720,0,682178.618,5542,0,10018.680
KAPX20191203-1,KAPX20191203_122052_V06,4,1.318,1.200,37734,0,396077.139,5999,0,13870.189
KAPX20191203-6,KAPX20191203_124835_V06,0,0.483,1.200,6564,0,160671.120,711,0,3372.502
KAPX20191203-6,KAPX20191203_124835_V06,2,0.879,1.200,6565,0,158399.893,843,0,3082.891
KAPX20191203-6,KAPX20191203_124835_V06,4,1.318,1.200,6570,0,56765.448,668,0,2723.863
KAPX20191203-7,KAPX20191203_124835_V06,0,0.483,1.200,13024,0,423470.522,3562,0,48513.572
KAPX20191203-7,KAPX20191203_124835_V06,2,0.879,1.200,13023,0,415748.114,4411,0,48163.642
KAPX20191204-11,KAPX20191204_142014_V06,0,0.483,1.200,13558,0,120334.516,2470,0,14702.027
KAPX20191204-11,KAPX20191204_142014_V06,2,0.879,1.200,13564,0,71896.055,1755,0,9616.109
KAPX20191204-11,KAPX20191204_142014_V06,4,1.318,1.200,13569,0,7126.556,151,0,451.215
KAPX20191205-6,KAPX20191205_123815_V06,0,0.483,1.200,14922,0,48088.016,897,0,6953.390
KAPX20191205-6,KAPX20191205_123815_V06,2,0.879,1.200,14926,0,20151.802,549,0,3855.868
KAPX20191205-6,KAPX20191205_123815_V06,4,1.318,1.200,14933,0,65.981,0,0,65.981
KAPX20191205-6,KAPX20191205_124506_V06,0,0.483,1.200,17035,0,70276.299,1308,0,8472.955
KAPX20191205-6,KAPX20191205_124506_V06,2,0.879,1.200,17041,0,37526.870,1218,0,6104.782
KAPX20191205-6,KAPX20191205_124506_V06,4,1.318,1.200,17053,0,2098.407,152,0,518.005
KAPX20191205-9,KAPX20191205_132754_V06,0,0.483,1.200,18842,0,7247.680,245,0,2155.530
KAPX20191205-9,KAPX20191205_132754_V06,2,0.879,1.200,18847,0,4725.695,236,0,1194.302
KAPX20191205-9,KAPX20191205_132754_V06,4,1.318,1.200,18864,0,3000.283,41,0,2519.898
KAPX20191205-9,KAPX20191205_133444_V06,0,0.483,1.200,22154,0,25051.437,707,0,6425.951
KAPX20191205-9,KAPX20191205_133444_V06,2,0.879,1.200,22165,0,9124.762,401,0,2642.508
KAPX20191205-9,KAPX20191205_133444_V06,4,1.318,1.200,22171,0,503.425,26,0,150.013
KAPX20191205-9,KAPX20191205_134153_V06,0,0.483,1.200,16859,0,19877.017,705,0,5156.615
KAPX20191205-9,KAPX20191205_134153_V06,2,0.879,1.200,16869,0,10945.270,506,0,2502.241
KAPX20191205-9,KAPX20191205_134153_V06,4,1.318,1.200,16874,0,389.161,18,0,133.747
KAPX20191205-3,KAPX20191205_122436_V06,0,0.483,1.200,8607,0,49966.101,2889,0,1202.394
KAPX20191205-3,KAPX20191205_122436_V06,2,0.879,1.200,8609,0,13257.265,1444,0,583.250
KAPX20191205-3,KAPX20191205_122436_V06,4,1.318,1.200,8613,0,19.659,2,0,17.182
KAPX20191205-3,KAPX20191205_122436_V06,6,1.802,1.200,4237,0,16.913,0,0,16.913
KAPX20191205-3,KAPX20191205_122436_V06,7,2.417,1.200,4245,0,16.963,0,0,16.963
KAPX20191205-12,KAPX20191205_140320_V06,0,0.483,1.200,16865,0,4009.060,214,0,1217.086
KAPX20191205-12,KAPX20191205_140320_V06,2,0.879,1.200,16867,0,2597.805,150,0,701.974
KAPX20191205-12,KAPX20191205_140320_V06,4,1.318,1.200,16882,0,613.040,37,0,193.620
KAPX20191205-12,KAPX20191205_140320_V06,6,1.802,1.200,8434,0,57.081,0,0,57.081
KAPX20191207-2,KAPX20191207_120304_V06,0,0.483,1.200,12283,0,558053.753,8024,0,38175.931
KAPX20191207-2,KAPX20191207_120304_V06,2,0.879,1.200,12280,0,248043.438,6052,0,30808.594
KAPX20191207-2,KAPX20191207_120304_V06,4,1.318,1.200,12287,0,5815.670,502,0,1428.312
KAPX20191207-2,KAPX20191207_121013_V06,0,0.483,1.200,16575,0,782597.697,9687,0,47982.594
KAPX20191207-2,KAPX20191207_121013_V06,2,0.879,1.200,16577,0,249542.056,6260,0,27596.204
KAPX20191207-2,KAPX20191207_121013_V06,4,1.318,1.200,16577,0,9579.068,840,0,2243.088
KAPX20191207-11,KAPX20191207_131434_V06,0,0.483,1.200,38102,0,3208.124,10523,0,1615.744
KAPX20191207-11,KAPX20191207_131434_V06,2,0.879,1.200,38104,0,2489.656,12972,0,1273.988
KAPX20191207-11,KAPX20191207_131434_V06,4,1.318,1.200,38106,0,2041.539,16747,0,784.109
KAPX20191207-11,KAPX20191207_131434_V06,6,1.802,1.200,19054,0,1555.521,10020,0,237.129
KAPX20191207-11,KAPX20191207_131434_V06,7,2.417,1.200,19062,0,1222.313,9642,0,175.896
KAPX20191207-11,KAPX20191207_131434_V06,8,3.120,1.200,19076,0,827.018,9955,0,109.859
KAPX20191207-11,KAPX20191207_131434_V06,9,3.999,1.200,19095,0,389.855,9226,0,71.029
KAPX20191207-11,KAPX20191207_131434_V06,10,5.098,1.200,19124,0,162.107,8176,0,35.933
KAPX20191207-11,KAPX20191207_131434_V06,11,6.416,1.200,19172,0,50.733,6604,0,13.916
KAPX20191208-1,KAPX20191208_130557_V06,0,0.483,1.200,2846,0,16146.880,287,0,2096.108
KAPX20191208-1,KAPX20191208_130557_V06,2,0.879,1.200,2848,0,32156.603,506,0,1484.956
KAPX20191208-1,KAPX20191208_131246_V06,0,0.483,1.200,6099,0,4155.132,144,0,822.351
KAPX20191208-1,KAPX20191208_131246_V06,2,0.879,1.200,6102,0,8307.412,243,0,1003.156
KAPX20191212-2,KAPX20191212_142037_V06,0,0.483,1.200,28776,0,1824162.455,23749,0,100823.057
KAPX20191212-2,KAPX20191212_142037_V06,2,0.879,1.200,28785,0,1162525.199,21596,0,70981.707
KAPX20191212-2,KAPX20191212_142037_V06,4,1.318,1.200,28803,0,457492.462,15497,0,41600.509
KAPX20191212-2,KAPX20191212_142745_V06,0,0.483,1.200,34468,0,2292274.533,27764,0,111765.597
KAPX20191212-2,KAPX20191212_142745_V06,2,0.879,1.200,34473,0,1464608.776,25081,0,76376.035
KAPX20191212-2,KAPX20191212_142745_V06,4,1.318,1.200,34485,0,586719.543,18715,0,44992.982
KAPX20191220-3,KAPX20191220_124421_V06,0,0.483,1.200,20557,0,788.560,7249,0,453.811
KAPX20191220-3,KAPX20191220_124421_V06,2,0.879,1.200,20557,0,97.215,8694,0,56.185
KAPX20191220-3,KAPX20191220_124421_V06,4,1.318,1.200,20559,0,45.645,6633,0,24.666
KAPX20191220-3,KAPX20191220_124421_V06,6,1.802,1.200,10283,0,1.980,1519,0,1.120
KAPX20191220-3,KAPX20191220_124421_V06,7,2.417,1.200,10287,0,1.264,906,0,1.119
KAPX20191220-3,KAPX20191220_124421_V06,8,3.120,1.200,10297,0,0.558,690,0,0.275
KAPX20191220-3,KAPX20191220_124421_V06,9,3.999,1.200,10312,0,0.772,890,0,0.376
KAPX20191220-3,KAPX20191220_124421_V06,10,5.098,1.200,10335,0,1.376,1270,0,0.592
KAPX20191220-3,KAPX20191220_124421_V06,11,6.416,1.200,10361,0,1.085,1528,0,0.516
KAPX20191220-3,KAPX20191220_125115_V06,0,0.483,1.200,35386,0,1265.622,8732,0,701.262
KAPX20191220-3,KAPX20191220_125115_V06,2,0.879,1.200,35388,0,196.808,9838,0,90.318
KAPX20191220-3,KAPX20191220_125115_V06,4,1.318,1.200,35396,0,22.591,7896,0,9.109
KAPX20191220-3,KAPX20191220_125115_V06,6,1.802,1.200,17702,0,7.259,1313,0,6.221
KAPX20191220-3,KAPX20191220_125115_V06,7,2.417,1.200,17713,0,2.894,885,0,1.226
KAPX20191220-3,KAPX20191220_125115_V06,8,3.120,1.200,17729,0,3.279,883,0,1.619
KAPX20191220-3,KAPX20191220_125115_V06,9,3.999,1.200,17749,0,3.869,1520,0,1.685
KAPX20191220-3,KAPX20191220_125115_V06,10,5.098,1.200,17773,0,3.806,1973,0,1.694
KAPX20191220-3,KAPX20191220_125115_V06,11,6.416,1.200,17841,0,1.996,1814,0,1.290
KAPX20191220-1,KAPX20191220_121702_V06,0,0.483,1.200,20912,0,47.944,6025,0,28.976
KAPX20191220-1,KAPX20191220_121702_V06,2,0.879,1.200,20917,0,10.013,7114,0,3.003
KAPX20191220-1,KAPX20191220_121702_V06,4,1.318,1.200,20922,0,7.440,4912,0,0.845
KAPX20191220-1,KAPX20191220_121702_V06,6,1.802,1.200,10459,0,0.415,1032,0,0.249
KAPX20191220-1,KAPX20191220_121702_V06,7,2.417,1.200,10466,0,0.374,739,0,0.285
KAPX20191220-1,KAPX20191220_121702_V06,8,3.120,1.200,10476,0,0.350,553,0,0.267
KAPX20191220-1,KAPX20191220_121702_V06,9,3.999,1.200,10479,0,0.395,643,0,0.283
KAPX20191220-1,KAPX20191220_121702_V06,10,5.098,1.200,10502,0,0.445,607,0,0.339
KAPX20191220-1,KAPX20191220_121702_V06,11,6.416,1.200,10535,0,0.393,672,0,0.326
KAPX20191220-1,KAPX20191220_122352_V06,0,0.483,1.200,42102,0,168.619,6786,0,122.372
KAPX20191220-1,KAPX20191220_122352_V06,2,0.879,1.200,42105,0,169.119,7734,0,144.602
KAPX20191220-1,KAPX20191220_122352_V06,4,1.318,1.200,42118,0,14.327,5844,0,9.422
KAPX20191220-1,KAPX20191220_122352_V06,6,1.802,1.200,21066,0,2.043,1154,0,1.411
KAPX20191220-1,KAPX20191220_122352_V06,7,2.417,1.200,21073,0,2.169,893,0,1.541
KAPX20191220-1,KAPX20191220_122352_V06,8,3.120,1.200,21094,0,2.949,874,0,1.958
KAPX20191220-1,KAPX20191220_122352_V06,9,3.999,1.200,21114,0,3.192,1088,0,1.915
KAPX20191220-1,KAPX20191220_122352_V06,10,5.098,1.200,21153,0,2.656,1040,0,2.008
KAPX20191220-1,KAPX20191220_122352_V06,11,6.416,1.200,21211,0,2.395,982,0,1.811
KAPX20191220-1,KAPX20191220_123042_V06,0,0.483,1.200,21318,0,397.195,6300,0,369.333
KAPX20191220-1,KAPX20191220_123042_V06,2,0.879,1.200,21317,0,21.839,7535,0,10.320
KAPX20191220-1,KAPX20191220_123042_V06,4,1.318,1.200,21323,0,11.095,5483,0,3.315
KAPX20191220-1,KAPX20191220_123042_V06,6,1.802,1.200,10661,0,1.148,1273,0,0.984
KAPX20191220-1,KAPX20191220_123042_V06,7,2.417,1.200,10665,0,0.962,873,0,0.350
KAPX20191220-1,KAPX20191220_123042_V06,8,3.120,1.200,10671,0,0.917,650,0,0.290
KAPX20191220-1,KAPX20191220_123042_V06,9,3.999,1.200,10684,0,0.449,714,0,0.307
KAPX20191220-1,KAPX20191220_123042_V06,10,5.098,1.200,10707,0,0.710,926,0,0.385
KAPX20191220-1,KAPX20191220_123042_V06,11,6.416,1.200,10738,0,0.657,1113,0,0.397
KAPX20191220-4,KAPX20191220_132523_V06,0,0.483,1.200,25475,0,322.647,6826,0,209.947
KAPX20191220-4,KAPX20191220_132523_V06,2,0.879,1.200,25478,0,41.085,7013,0,11.196
KAPX20191220-4,KAPX20191220_132523_V06,4,1.318,1.200,25482,0,3.352,5094,0,1.916
KAPX20191220-4,KAPX20191220_132523_V06,6,1.802,1.200,12752,0,1.062,1021,0,0.842
KAPX20191220-4,KAPX20191220_132523_V06,7,2.417,1.200,12753,0,0.782,709,0,0.499
KAPX20191220-4,KAPX20191220_132523_V06,8,3.120,1.200,12762,0,2.043,834,0,0.832
KAPX20191220-4,KAPX20191220_132523_V06,9,3.999,1.200,12784,0,2.060,1107,0,0.923
KAPX20191220-4,KAPX20191220_132523_V06,10,5.098,1.200,12809,0,1.577,1369,0,0.823
KAPX20191220-4,KAPX20191220_132523_V06,11,6.416,1.200,12849,0,1.200,1354,0,0.680
KAPX20191220-5,KAPX20191220_135242_V06,0,0.483,1.200,18811,0,333.949,4127,0,308.624
KAPX20191220-5,KAPX20191220_135242_V06,2,0.879,1.200,18813,0,7.795,4670,0,6.195
KAPX20191220-5,KAPX20191220_135242_V06,4,1.318,1.200,18818,0,2.703,3703,0,1.511
KAPX20191220-5,KAPX20191220_135242_V06,6,1.802,1.200,9405,0,2.470,808,0,1.738
KAPX20191220-5,KAPX20191220_135242_V06,7,2.417,1.200,9412,0,0.287,568,0,0.228
KAPX20191220-5,KAPX20191220_135242_V06,8,3.120,1.200,9422,0,0.246,468,0,0.198
KAPX20191220-5,KAPX20191220_135242_V06,9,3.999,1.200,9441,0,0.463,525,0,0.284
KAPX20191220-5,KAPX20191220_135242_V06,10,5.098,1.200,9472,0,0.915,983,0,0.463
KAPX20191220-5,KAPX20191220_135242_V06,11,6.416,1.200,9500,0,0.822,1313,0,0.406
KAPX20191220-6,KAPX20191220_142651_V06,0,0.483,1.200,14687,0,274.868,3457,0,217.263
KAPX20191220-6,KAPX20191220_142651_V06,2,0.879,1.200,14689,0,8.855,4868,0,7.361
KAPX20191220-6,KAPX20191220_142651_V06,4,1.318,1.200,14689,0,1.033,5278,0,0.646
KAPX20191220-6,KAPX20191220_142651_V06,6,1.802,1.200,7347,0,0.326,1460,0,0.208
KAPX20191220-6,KAPX20191220_142651_V06,7,2.417,1.200,7353,0,0.290,1090,0,0.209
KAPX20191220-6,KAPX20191220_142651_V06,8,3.120,1.200,7359,0,0.255,1091,0,0.178
KAPX20191220-6,KAPX20191220_142651_V06,9,3.999,1.200,7366,0,0.247,880,0,0.187
KAPX20191220-6,KAPX20191220_142651_V06,10,5.098,1.200,7390,0,0.632,921,0,0.325
KAPX20191220-6,KAPX20191220_142651_V06,11,6.416,1.200,7418,0,0.642,1091,0,0.294
KAPX20191227-1,KAPX20191227_143037_V06,0,0.483,1.200,9938,3,1495.119,1990,2,1232.894
KAPX20191227-1,KAPX20191227_143037_V06,2,0.879,1.200,9941,0,242.878,1838,0,118.202
KAPX20191227-1,KAPX20191227_143037_V06,4,1.318,1.200,9942,0,41.290,2025,0,7.596
KAPX20191227-1,KAPX20191227_143037_V06,6,1.802,1.200,4971,0,36.555,684,0,0.384
KAPX20191227-1,KAPX20191227_143037_V06,7,2.417,1.200,4978,0,0.785,747,0,0.342
KAPX20191227-1,KAPX20191227_143037_V06,8,3.120,1.200,4984,0,0.403,1264,0,0.254
KAPX20191227-1,KAPX20191227_143037_V06,9,3.999,1.200,4988,0,0.553,1565,0,0.307
KAPX20191227-1,KAPX20191227_143037_V06,10,5.098,1.200,4995,0,0.812,2101,0,0.296
KAPX20191227-1,KAPX20191227_143037_V06,11,6.416,1.200,5022,0,1.048,2360,0,0.355
KAPX20191227-1,KAPX20191227_143726_V06,0,0.483,1.200,24928,3,2143.943,2713,3,1734.534
KAPX20191227-1,KAPX20191227_143726_V06,2,0.879,1.200,24933,4,704.013,4248,4,429.657
KAPX20191227-1,KAPX20191227_143726_V06,4,1.318,1.200,24943,0,44.855,6011,0,15.187
KAPX20191227-1,KAPX20191227_143726_V06,6,1.802,1.200,12470,0,4.605,1445,0,1.167
KAPX20191227-1,KAPX20191227_143726_V06,7,2.417,1.200,12473,0,2.245,2031,0,1.126
KAPX20191227-1,KAPX20191227_143726_V06,8,3.120,1.200,12479,0,5.490,4099,0,2.029
KAPX20191227-1,KAPX20191227_143726_V06,9,3.999,1.200,12500,0,6.839,4734,0,2.242
KAPX20191227-1,KAPX20191227_143726_V06,10,5.098,1.200,12524,0,5.553,4818,0,1.817
KAPX20191227-1,KAPX20191227_143726_V06,11,6.416,1.200,12555,0,3.664,4034,0,1.197
KAPX20191228-1,KAPX20191228_140430_V06,0,0.483,1.200,9375,0,204356.922,2467,0,16701.349
KAPX20191228-1,KAPX20191228_140430_V06,2,0.879,1.200,9374,0,394088.681,4708,0,21942.347
KAPX20191228-1,KAPX20191228_140430_V06,4,1.318,1.200,9384,0,294929.967,4762,0,21768.966
KAPX20191228-1,KAPX20191228_141139_V06,0,0.483,1.200,13883,0,273318.866,3468,0,32081.948
KAPX20191228-1,KAPX20191228_141139_V06,2,0.879,1.200,13889,0,522519.925,7275,0,42172.282
KAPX20191228-1,KAPX20191228_141139_V06,4,1.318,1.200,13902,0,340081.644,8156,0,40285.171
KAPX20191228-3,KAPX20191228_143306_V06,0,0.483,1.200,10088,0,1446001.616,7467,0,12707.459
KAPX20191228-3,KAPX20191228_143306_V06,2,0.879,1.200,10093,0,2169836.083,9021,0,9280.389
KAPX20191228-3,KAPX20191228_143306_V06,4,1.318,1.200,10102,0,898905.231,8166,0,29634.445
KAPX20191229-8,KAPX20191229_140720_V06,0,0.483,1.200,4928,5,13012074.720,3471,1,3801768.668
KAPX20191229-8,KAPX20191229_140720_V06,2,0.879,1.200,4934,0,7995483.814,3641,0,2182896.558
KAPX20191229-8,KAPX20191229_140720_V06,4,1.318,1.200,4935,0,947196.202,4431,0,69748.795
KAPX20191231-16,KAPX20191231_140726_V06,0,0.483,1.200,6588,0,9042.101,319,0,3603.512
KAPX20191231-16,KAPX20191231_140726_V06,2,0.879,1.200,6594,0,31.426,0,0,31.426
KAPX20191231-16,KAPX20191231_140726_V06,4,1.318,1.200,6598,0,31.465,0,0,31.465
KAPX20191231-16,KAPX20191231_141436_V06,0,0.483,1.200,8219,0,18451.630,683,0,5740.546
KAPX20191231-16,KAPX20191231_141436_V06,2,0.879,1.200,8217,0,79.268,2,0,49.868
KAPX20191231-16,KAPX20191231_141436_V06,4,1.318,1.200,8231,0,39.128,0,0,39.128
KAPX20191231-16,KAPX20191231_142144_V06,0,0.483,1.200,7393,0,33618.686,1119,0,8546.772
KAPX20191231-16,KAPX20191231_142144_V06,2,0.879,1.200,7396,0,359.234,16,0,168.173
KAPX20191231-16,KAPX20191231_142144_V06,4,1.318,1.200,7402,0,34.194,0,0,34.194
KAPX20191231-16,KAPX20191231_142853_V06,0,0.483,1.200,8870,0,46241.063,1546,0,10724.883
KAPX20191231-16,KAPX20191231_142853_V06,2,0.879,1.200,8876,0,167.895,10,0,62.570
KAPX20191231-16,KAPX20191231_142853_V06,4,1.318,1.200,8882,0,40.448,0,0,40.448
KAPX20191231-16,KAPX20191231_143603_V06,0,0.483,1.200,12786,0,54576.176,2165,0,12223.829
KAPX20191231-16,KAPX20191231_143603_V06,2,0.879,1.200,12792,0,691.067,33,0,312.428
KAPX20191231-16,KAPX20191231_143603_V06,4,1.318,1.200,12799,0,57.511,0,0,57.511
KAPX20191231-16,KAPX20191231_144312_V06,0,0.483,1.200,14130,0,62720.483,2567,0,15866.421
KAPX20191231-16,KAPX20191231_144312_V06,2,0.879,1.200,14134,0,149.447,3,0,122.087
KAPX20191231-16,KAPX20191231_144312_V06,4,1.318,1.200,14135,0,63.028,0,0,63.028
