track_id,filename,sweep_idx,sweep_angle,count_scaling,n_roost_pixels,n_refAbove40_pixels,n_refBelow40_animals,n_xcorrAbove0.95_pixels,n_xcorrBelow0.95_refAbove40_pixels,n_xcorrBelow0.95_refBelow40_animals
KNQA20150603-1,KNQA20150603_102902_V06,0,0.483,1.200,7919,0,6758.200,1412,0,5557.587
KNQA20150603-1,KNQA20150603_102902_V06,2,1.494,1.200,7920,0,670.383,2184,0,472.613
KNQA20150603-1,KNQA20150603_102902_V06,4,2.505,1.200,3957,0,395.226,982,0,257.200
KNQA20150603-1,KNQA20150603_102902_V06,5,3.516,1.200,3960,0,530.225,1403,0,276.092
KNQA20150603-1,KNQA20150603_102902_V06,6,4.482,1.200,3969,0,452.858,1442,0,233.431
KNQA20150605-1,KNQA20150605_112226_V06,0,0.483,1.200,4896,0,17525.467,52,0,16118.479
KNQA20150605-1,KNQA20150605_112226_V06,2,1.450,1.200,4906,0,20.570,0,0,20.570
KNQA20150609-1,KNQA20150609_100552_V06,0,0.483,1.200,7593,0,20388.905,1073,0,16434.664
KNQA20150609-1,KNQA20150609_100552_V06,2,0.879,1.200,7592,0,4268.831,855,0,3433.558
KNQA20150609-1,KNQA20150609_100552_V06,4,1.318,1.200,7594,0,2698.653,1039,0,2256.461
KNQA20150609-1,KNQA20150609_100552_V06,8,1.802,1.200,3796,0,2207.535,1545,0,1302.469
KNQA20150609-1,KNQA20150609_100552_V06,9,2.417,1.200,3800,0,2626.022,1444,0,1587.460
KNQA20150609-1,KNQA20150609_100552_V06,10,3.120,1.200,3798,0,1908.625,1391,0,1157.813
KNQA20150609-1,KNQA20150609_100552_V06,11,3.999,1.200,3807,0,1635.955,1308,0,971.010
KNQA20150609-1,KNQA20150609_100552_V06,12,5.098,1.200,3816,0,1271.411,1538,0,596.497
KNQA20150609-1,KNQA20150609_100552_V06,13,6.416,1.200,3830,0,906.002,1568,0,380.333
KNQA20150609-1,KNQA20150609_101011_V06,0,0.483,1.200,15328,0,26373.649,1980,0,21843.955
KNQA20150609-1,KNQA20150609_101011_V06,2,0.879,1.200,15329,0,6175.198,2231,0,5086.402
KNQA20150609-1,KNQA20150609_101011_V06,4,1.318,1.200,15331,0,5218.100,2775,0,4164.901
KNQA20150609-1,KNQA20150609_101011_V06,8,1.802,1.200,7672,0,4726.380,3200,0,2805.057
KNQA20150609-1,KNQA20150609_101011_V06,9,2.417,1.200,7675,0,4395.869,3021,0,2673.762
KNQA20150609-1,KNQA20150609_101011_V06,10,3.120,1.200,7686,0,3227.630,2966,0,2014.484
KNQA20150609-1,KNQA20150609_101011_V06,11,3.999,1.200,7694,0,2714.603,2856,0,1499.788
KNQA20150609-1,KNQA20150609_101011_V06,12,5.098,1.200,7700,0,2001.810,2916,0,1008.779
KNQA20150609-1,KNQA20150609_101011_V06,13,6.416,1.200,7713,0,1285.563,3046,0,609.013
KNQA20150609-1,KNQA20150609_101430_V06,0,0.483,1.200,7633,0,18485.227,1057,0,15980.302
KNQA20150609-1,KNQA20150609_101430_V06,2,0.879,1.200,7630,0,3196.835,968,0,2693.698
KNQA20150609-1,KNQA20150609_101430_V06,4,1.318,1.200,7633,0,1942.391,1102,0,1615.826
KNQA20150609-1,KNQA20150609_101430_V06,8,1.802,1.200,3826,0,1366.562,1503,0,874.760
KNQA20150609-1,KNQA20150609_101430_V06,9,2.417,1.200,3822,0,1563.849,1493,0,996.462
KNQA20150609-1,KNQA20150609_101430_V06,10,3.120,1.200,3821,0,1365.509,1324,0,925.723
KNQA20150609-1,KNQA20150609_101430_V06,11,3.999,1.200,3826,0,1217.709,1263,0,814.562
KNQA20150609-1,KNQA20150609_101430_V06,12,5.098,1.200,3829,0,1111.247,1419,0,572.156
KNQA20150609-1,KNQA20150609_101430_V06,13,6.416,1.200,3827,0,786.809,1516,0,360.070
KNQA20150609-5,KNQA20150609_102309_V06,0,0.483,1.200,3930,0,23411.592,193,0,21573.631
KNQA20150609-5,KNQA20150609_102309_V06,2,0.879,1.200,3929,0,15091.374,256,0,13438.219
KNQA20150609-5,KNQA20150609_102309_V06,4,1.318,1.200,3933,0,6568.710,370,0,5743.763
KNQA20150609-5,KNQA20150609_102309_V06,8,1.802,1.200,1963,0,2352.596,553,0,1533.099
KNQA20150609-5,KNQA20150609_102309_V06,9,2.417,1.200,1962,0,1320.143,758,0,702.399
KNQA20150609-5,KNQA20150609_102309_V06,10,3.120,1.200,1963,0,1056.321,900,0,421.674
KNQA20150609-5,KNQA20150609_102309_V06,11,3.999,1.200,1966,0,599.632,779,0,274.705
KNQA20150609-5,KNQA20150609_102309_V06,12,5.098,1.200,1971,0,225.471,456,0,121.538
KNQA20150609-5,KNQA20150609_102309_V06,13,6.416,1.200,1982,0,54.302,158,0,32.751
KNQA20150609-5,KNQA20150609_102727_V06,0,0.483,1.200,8728,0,33597.065,595,0,30024.936
KNQA20150609-5,KNQA20150609_102727_V06,2,0.879,1.200,8729,0,19923.134,603,0,17571.127
KNQA20150609-5,KNQA20150609_102727_V06,4,1.318,1.200,8731,0,11683.066,901,0,9982.786
KNQA20150609-5,KNQA20150609_102727_V06,8,1.802,1.200,4367,0,5413.873,1252,0,3596.390
KNQA20150609-5,KNQA20150609_102727_V06,9,2.417,1.200,4368,0,3091.631,1511,0,1763.947
KNQA20150609-5,KNQA20150609_102727_V06,10,3.120,1.200,4373,0,2175.414,1834,0,954.094
KNQA20150609-5,KNQA20150609_102727_V06,11,3.999,1.200,4380,0,1299.138,1586,0,593.344
KNQA20150609-5,KNQA20150609_102727_V06,12,5.098,1.200,4388,0,617.137,1250,0,280.555
KNQA20150609-5,KNQA20150609_102727_V06,13,6.416,1.200,4402,0,212.917,727,0,97.819
KNQA20150609-2,KNQA20150609_100552_V06,0,0.483,1.200,1452,0,21386.068,67,0,20206.305
KNQA20150609-2,KNQA20150609_100552_V06,2,0.879,1.200,1453,0,11754.961,51,0,11168.856
KNQA20150609-2,KNQA20150609_100552_V06,4,1.318,1.200,1455,0,3425.128,91,0,3037.059
KNQA20150609-2,KNQA20150609_100552_V06,8,1.802,1.200,726,0,801.284,164,0,601.696
KNQA20150609-2,KNQA20150609_100552_V06,9,2.417,1.200,726,0,483.603,268,0,269.451
KNQA20150609-2,KNQA20150609_100552_V06,10,3.120,1.200,729,0,424.543,318,0,194.285
KNQA20150609-2,KNQA20150609_100552_V06,11,3.999,1.200,728,0,232.906,294,0,107.723
KNQA20150609-2,KNQA20150609_100552_V06,12,5.098,1.200,731,0,45.408,118,0,27.831
KNQA20150609-2,KNQA20150609_100552_V06,13,6.416,1.200,736,0,10.712,27,0,7.602
KNQA20150609-2,KNQA20150609_101011_V06,0,0.483,1.200,5125,0,36638.473,271,0,33845.818
KNQA20150609-2,KNQA20150609_101011_V06,2,0.879,1.200,5128,0,27530.583,321,0,25009.122
KNQA20150609-2,KNQA20150609_101011_V06,4,1.318,1.200,5130,0,11771.450,385,0,10488.661
KNQA20150609-2,KNQA20150609_101011_V06,8,1.802,1.200,2570,0,3989.077,660,0,2707.161
KNQA20150609-2,KNQA20150609_101011_V06,9,2.417,1.200,2569,0,1825.542,890,0,1049.924
KNQA20150609-2,KNQA20150609_101011_V06,10,3.120,1.200,2571,0,1332.914,1052,0,636.640
KNQA20150609-2,KNQA20150609_101011_V06,11,3.999,1.200,2574,0,765.665,911,0,353.068
KNQA20150609-2,KNQA20150609_101011_V06,12,5.098,1.200,2577,0,258.938,618,0,120.368
KNQA20150609-2,KNQA20150609_101011_V06,13,6.416,1.200,2583,0,67.583,266,0,40.939
KNQA20150609-2,KNQA20150609_101430_V06,0,0.483,1.200,2877,0,20984.279,182,0,19289.318
KNQA20150609-2,KNQA20150609_101430_V06,2,0.879,1.200,2877,0,14509.331,161,0,13048.487
KNQA20150609-2,KNQA20150609_101430_V06,4,1.318,1.200,2877,0,6600.100,188,0,5678.155
KNQA20150609-2,KNQA20150609_101430_V06,8,1.802,1.200,1443,0,2004.762,378,0,1468.706
KNQA20150609-2,KNQA20150609_101430_V06,9,2.417,1.200,1442,0,926.772,426,0,582.226
KNQA20150609-2,KNQA20150609_101430_V06,10,3.120,1.200,1443,0,712.156,581,0,364.674
KNQA20150609-2,KNQA20150609_101430_V06,11,3.999,1.200,1446,0,499.651,659,0,192.678
KNQA20150609-2,KNQA20150609_101430_V06,12,5.098,1.200,1444,0,145.871,354,0,72.608
KNQA20150609-2,KNQA20150609_101430_V06,13,6.416,1.200,1449,0,45.900,140,0,30.407
KNQA20150610-1,KNQA20150610_101704_V06,0,0.483,1.200,19590,0,25156.933,635,0,23206.538
KNQA20150610-1,KNQA20150610_101704_V06,2,1.494,1.200,19595,0,3914.832,917,0,3494.351
KNQA20150610-1,KNQA20150610_101704_V06,4,2.505,1.200,9801,0,1747.395,526,0,1536.440
KNQA20150610-1,KNQA20150610_101704_V06,5,3.516,1.200,9819,0,1005.623,546,0,912.396
KNQA20150610-1,KNQA20150610_101704_V06,6,4.482,1.200,9830,0,685.926,572,0,623.011
KNQA20150611-1,KNQA20150611_095113_V06,0,0.483,1.200,1102,0,30376.741,5,0,30052.310
KNQA20150611-1,KNQA20150611_095113_V06,2,1.494,1.200,1107,0,1948.242,53,0,1902.890
KNQA20150611-1,KNQA20150611_095113_V06,4,2.505,1.200,555,0,100.519,121,0,78.976
KNQA20150611-1,KNQA20150611_095113_V06,5,3.516,1.200,555,0,64.262,198,0,39.372
KNQA20150611-1,KNQA20150611_095113_V06,6,4.482,1.200,555,0,53.611,221,0,28.412
KNQA20150611-1,KNQA20150611_100055_V06,0,0.483,1.200,8129,0,25954.647,98,0,25240.226
KNQA20150611-1,KNQA20150611_100055_V06,2,1.494,1.200,8129,0,13938.541,454,0,12739.041
KNQA20150611-1,KNQA20150611_100055_V06,4,2.505,1.200,4062,0,1241.840,669,0,1023.994
KNQA20150611-1,KNQA20150611_100055_V06,5,3.516,1.200,4070,0,665.217,1328,0,412.741
KNQA20150611-1,KNQA20150611_100055_V06,6,4.482,1.200,4075,0,409.334,1404,0,212.065
KNQA20150611-1,KNQA20150611_101038_V06,0,0.483,1.200,23599,1,43592.951,555,0,42223.046
KNQA20150611-1,KNQA20150611_101038_V06,2,1.494,1.200,23610,0,12833.751,2039,0,11369.629
KNQA20150611-1,KNQA20150611_101038_V06,4,2.505,1.200,11826,0,3176.256,2088,0,2385.949
KNQA20150611-1,KNQA20150611_101038_V06,5,3.516,1.200,11834,0,2193.402,3602,0,1218.863
KNQA20150611-1,KNQA20150611_101038_V06,6,4.482,1.200,11843,0,1298.676,3170,0,669.776
KNQA20150611-1,KNQA20150611_102020_V06,0,0.483,1.200,9501,0,28749.345,153,0,27863.389
KNQA20150611-1,KNQA20150611_102020_V06,2,1.494,1.200,9508,0,6273.727,1046,0,5675.001
KNQA20150611-1,KNQA20150611_102020_V06,4,2.505,1.200,4767,0,1653.745,1298,0,1185.572
KNQA20150611-1,KNQA20150611_102020_V06,5,3.516,1.200,4773,0,1415.071,2276,0,655.548
KNQA20150611-1,KNQA20150611_102020_V06,6,4.482,1.200,4775,0,844.442,2175,0,295.488
KNQA20150611-3,KNQA20150611_102020_V06,0,0.483,1.200,5814,0,8786.368,227,0,8003.426
KNQA20150611-3,KNQA20150611_102020_V06,2,1.494,1.200,5817,0,1951.277,391,0,1834.172
KNQA20150611-3,KNQA20150611_102020_V06,4,2.505,1.200,2909,0,404.001,96,0,385.710
KNQA20150611-3,KNQA20150611_102020_V06,5,3.516,1.200,2915,0,209.472,83,0,195.772
KNQA20150611-3,KNQA20150611_102020_V06,6,4.482,1.200,2916,0,153.628,198,0,140.219
KNQA20150611-4,KNQA20150611_102020_V06,0,0.483,1.200,35757,0,38357.917,2020,0,35371.696
KNQA20150611-4,KNQA20150611_102020_V06,2,1.494,1.200,35763,0,6024.654,2634,0,5119.638
KNQA20150611-4,KNQA20150611_102020_V06,4,2.505,1.200,17888,0,1869.057,1461,0,1585.676
KNQA20150611-4,KNQA20150611_102020_V06,5,3.516,1.200,17914,0,1178.330,1942,0,956.128
KNQA20150611-4,KNQA20150611_102020_V06,6,4.482,1.200,17950,0,1013.370,2643,0,698.764
KNQA20150611-6,KNQA20150611_110852_V06,0,0.483,1.200,3982,0,8120.465,15,0,7895.487
KNQA20150611-6,KNQA20150611_110852_V06,2,1.494,1.200,3985,0,15.810,0,0,15.810
KNQA20150612-1,KNQA20150612_095017_V06,0,0.483,1.200,1201,0,32313.077,7,0,32245.464
KNQA20150612-1,KNQA20150612_095017_V06,2,1.494,1.200,1197,0,911.850,62,0,886.441
KNQA20150612-1,KNQA20150612_095017_V06,4,2.505,1.200,602,0,147.208,95,0,122.444
KNQA20150612-1,KNQA20150612_095017_V06,5,3.516,1.200,602,0,147.703,129,0,111.671
KNQA20150612-1,KNQA20150612_095017_V06,6,4.482,1.200,599,0,147.162,136,0,113.956
KNQA20150612-1,KNQA20150612_095959_V06,0,0.483,1.200,8521,0,32797.694,149,0,31808.178
KNQA20150612-1,KNQA20150612_095959_V06,2,1.494,1.200,8524,0,3447.083,771,0,3155.538
KNQA20150612-1,KNQA20150612_095959_V06,4,2.505,1.200,4264,0,1023.049,410,0,906.516
KNQA20150612-1,KNQA20150612_095959_V06,5,3.516,1.200,4264,0,708.036,849,0,529.363
KNQA20150612-1,KNQA20150612_095959_V06,6,4.482,1.200,4274,0,555.164,1262,0,345.953
KNQA20150612-4,KNQA20150612_110755_V06,0,0.483,1.200,11659,0,6492.833,1585,0,4354.170
KNQA20150612-4,KNQA20150612_110755_V06,2,1.494,1.200,11671,0,49.284,8,0,42.269
KNQA20150612-4,KNQA20150612_110755_V06,4,2.505,1.200,5841,0,18.943,0,0,18.943
KNQA20150612-4,KNQA20150612_110755_V06,5,3.516,1.200,5844,0,12.593,0,0,12.593
KNQA20150612-4,KNQA20150612_111738_V06,0,0.483,1.200,16490,0,7703.219,2051,0,5296.698
KNQA20150612-4,KNQA20150612_111738_V06,2,1.494,1.200,16508,0,102.004,40,0,74.143
KNQA20150612-4,KNQA20150612_111738_V06,4,2.505,1.200,8261,0,106.234,4,0,103.532
KNQA20150612-4,KNQA20150612_111738_V06,5,3.516,1.200,6597,0,34.432,2,0,33.466
KNQA20150612-5,KNQA20150612_111738_V06,0,0.483,1.200,1178,0,7219.308,9,0,6995.651
KNQA20150612-5,KNQA20150612_111738_V06,2,1.494,1.200,1167,0,3.992,0,0,3.992
KNQA20150612-5,KNQA20150612_113333_V06,0,0.483,1.200,6127,0,21910.058,63,0,20654.024
KNQA20150612-5,KNQA20150612_113333_V06,2,1.494,1.200,6140,0,67.001,2,0,21.848
KNQA20150612-6,KNQA20150612_111738_V06,0,0.483,1.200,1478,0,9470.225,13,0,9167.921
KNQA20150612-6,KNQA20150612_111738_V06,2,1.494,1.200,1477,0,4.754,0,0,4.754
KNQA20150613-4,KNQA20150613_105608_V06,0,0.483,1.200,12131,0,40810.985,3915,0,8590.795
KNQA20150613-4,KNQA20150613_105608_V06,2,1.494,1.200,12136,0,62641.922,3933,0,1388.351
KNQA20150613-4,KNQA20150613_105608_V06,4,2.505,1.200,6076,0,109858.471,1638,0,1528.127
KNQA20150613-4,KNQA20150613_105608_V06,5,3.516,1.200,6087,0,359203.229,2171,0,16551.996
KNQA20150613-4,KNQA20150613_105608_V06,6,4.482,1.200,6088,0,207190.948,2121,0,5157.642
KNQA20150613-4,KNQA20150613_110550_V06,0,0.483,1.200,20886,0,92673.837,6430,0,10153.821
KNQA20150613-4,KNQA20150613_110550_V06,2,1.494,1.200,20892,0,163026.167,5958,0,2357.438
KNQA20150613-4,KNQA20150613_110550_V06,4,2.505,1.200,10457,0,250857.153,2535,0,4968.750
KNQA20150613-4,KNQA20150613_110550_V06,5,3.516,1.200,10471,0,662465.469,2553,0,61339.043
KNQA20150613-4,KNQA20150613_110550_V06,6,4.482,1.200,10480,0,138621.602,2941,0,3325.525
KNQA20150613-1,KNQA20150613_094812_V06,0,0.483,1.200,265,0,1066.514,51,0,647.487
KNQA20150613-1,KNQA20150613_094812_V06,2,1.494,1.200,266,0,0.644,0,0,0.644
KNQA20150613-2,KNQA20150613_100735_V06,0,0.483,1.200,34077,0,45484.947,4072,0,18810.228
KNQA20150613-2,KNQA20150613_100735_V06,2,1.494,1.200,34093,0,43224.835,5575,0,3719.550
KNQA20150613-2,KNQA20150613_100735_V06,4,2.505,1.200,17054,0,47580.493,3208,0,1428.665
KNQA20150613-2,KNQA20150613_100735_V06,5,3.516,1.200,17069,0,56684.427,3617,0,1394.658
KNQA20150613-2,KNQA20150613_100735_V06,6,4.482,1.200,17092,0,149241.288,3714,0,9724.089
KNQA20150614-4,KNQA20150614_112820_V06,0,0.483,1.200,5928,0,27619.808,630,0,27161.223
KNQA20150614-4,KNQA20150614_112820_V06,2,1.494,1.200,5931,0,297.346,1282,0,186.834
KNQA20150614-4,KNQA20150614_112820_V06,4,2.505,1.200,2968,0,65.261,247,0,49.131
KNQA20150614-4,KNQA20150614_112820_V06,5,3.516,1.200,2969,0,21.764,140,0,16.535
KNQA20150614-4,KNQA20150614_112820_V06,6,4.482,1.200,2972,0,8.030,52,0,7.162
KNQA20150614-4,KNQA20150614_113803_V06,0,0.483,1.200,14670,0,27926.925,2153,0,26740.208
KNQA20150614-4,KNQA20150614_113803_V06,2,1.494,1.200,14676,0,317.962,2904,0,207.642
KNQA20150614-4,KNQA20150614_113803_V06,4,2.505,1.200,7348,0,131.384,523,0,80.487
KNQA20150614-4,KNQA20150614_113803_V06,5,3.516,1.200,7348,0,53.845,419,0,30.146
KNQA20150614-4,KNQA20150614_113803_V06,6,4.482,1.200,7363,0,21.362,306,0,16.839
KNQA20150614-1,KNQA20150614_102020_V06,0,0.483,1.200,6215,0,3589.911,25,0,1770.505
KNQA20150614-2,KNQA20150614_110855_V06,0,0.483,1.200,5676,0,9800.466,842,0,9247.296
KNQA20150614-2,KNQA20150614_110855_V06,2,1.494,1.200,5673,0,307.882,965,0,193.849
KNQA20150614-2,KNQA20150614_110855_V06,4,2.505,1.200,2840,0,29.483,36,0,26.767
KNQA20150614-2,KNQA20150614_110855_V06,5,3.516,1.200,2847,0,12.405,6,0,11.367
KNQA20150614-2,KNQA20150614_110855_V06,6,4.482,1.200,2847,0,35.843,44,0,29.846
KNQA20150614-3,KNQA20150614_111838_V06,0,0.483,1.200,2539,0,42094.622,437,0,7932.903
KNQA20150614-6,KNQA20150614_113803_V06,0,0.483,1.200,179,0,3392.339,3,0,3362.271
KNQA20150614-6,KNQA20150614_113803_V06,2,1.494,1.200,181,0,0.502,0,0,0.502
KNQA20150615-1,KNQA20150615_100122_V06,0,0.483,1.200,10553,0,37611.231,316,0,36354.969
KNQA20150615-1,KNQA20150615_100122_V06,2,1.494,1.200,10562,0,12062.406,1104,0,11009.196
KNQA20150615-1,KNQA20150615_100122_V06,4,2.505,1.200,5306,0,1584.543,730,0,1167.738
KNQA20150615-1,KNQA20150615_100122_V06,5,3.516,1.200,5312,0,401.634,1042,0,298.845
KNQA20150615-1,KNQA20150615_100122_V06,6,4.482,1.200,5312,0,113.286,770,0,73.156
KNQA20150615-3,KNQA20150615_113827_V06,0,0.483,1.200,4020,0,4033.155,6,0,3964.189
KNQA20150615-3,KNQA20150615_113827_V06,2,1.494,1.200,4022,0,15.182,0,0,15.182
KNQA20150615-3,KNQA20150615_114810_V06,0,0.483,1.200,9558,0,9002.183,16,0,8712.922
KNQA20150615-3,KNQA20150615_114810_V06,2,1.494,1.200,9569,0,629.244,8,0,250.583
KNQA20150615-3,KNQA20150615_120007_V06,0,0.483,1.200,5923,0,5794.489,29,0,5235.834
KNQA20150615-3,KNQA20150615_120007_V06,2,1.494,1.200,5926,0,249.346,2,0,172.666
KNQA20150616-1,KNQA20150616_095637_V06,0,0.483,1.200,1351,0,45155.042,6,0,45021.174
KNQA20150616-1,KNQA20150616_095637_V06,2,1.494,1.200,1353,0,2500.153,46,0,2430.208
KNQA20150616-1,KNQA20150616_095637_V06,4,2.505,1.200,683,0,60.999,111,0,51.010
KNQA20150616-1,KNQA20150616_095637_V06,5,3.516,1.200,678,0,25.748,119,0,19.475
KNQA20150616-1,KNQA20150616_095637_V06,6,4.482,1.200,680,0,10.039,64,0,7.235
KNQA20150616-1,KNQA20150616_100619_V06,0,0.483,1.200,8976,0,33101.671,168,0,32548.745
KNQA20150616-1,KNQA20150616_100619_V06,2,1.494,1.200,8976,0,10223.871,574,0,9479.711
KNQA20150616-1,KNQA20150616_100619_V06,4,2.505,1.200,4494,0,955.935,434,0,809.813
KNQA20150616-1,KNQA20150616_100619_V06,5,3.516,1.200,4497,0,131.196,420,0,101.063
KNQA20150616-1,KNQA20150616_100619_V06,6,4.482,1.200,4503,0,44.044,398,0,28.782
KNQA20150616-1,KNQA20150616_101603_V06,0,0.483,1.200,12539,0,37203.382,261,0,36192.768
KNQA20150616-1,KNQA20150616_101603_V06,2,1.494,1.200,12544,0,3992.523,994,0,3548.409
KNQA20150616-1,KNQA20150616_101603_V06,4,2.505,1.200,6279,0,651.678,470,0,589.827
KNQA20150616-1,KNQA20150616_101603_V06,5,3.516,1.200,6283,0,226.987,642,0,182.305
KNQA20150616-1,KNQA20150616_101603_V06,6,4.482,1.200,6285,0,92.548,651,0,65.042
KNQA20150616-3,KNQA20150616_095637_V06,0,0.483,1.200,2985,0,1279.842,39,0,382.096
KNQA20150616-3,KNQA20150616_095637_V06,2,1.494,1.200,2986,0,43.055,2,0,20.279
KNQA20150616-6,KNQA20150616_114322_V06,0,0.483,1.200,3195,0,11586.976,79,0,4524.967
KNQA20150616-6,KNQA20150616_114322_V06,2,1.494,1.200,3201,0,27862.035,339,0,1412.687
KNQA20150617-1,KNQA20150617_095805_V06,0,0.483,1.200,1578,0,64891.148,86,0,63511.637
KNQA20150617-1,KNQA20150617_095805_V06,2,1.450,1.200,1577,0,1775.053,145,0,1507.527
KNQA20150617-1,KNQA20150617_095805_V06,4,2.417,1.200,789,0,17.474,24,0,15.075
KNQA20150617-1,KNQA20150617_095805_V06,5,3.340,1.200,789,0,2.970,0,0,2.970
KNQA20150617-1,KNQA20150617_095805_V06,6,4.307,1.200,787,0,3.710,5,0,3.446
KNQA20150617-1,KNQA20150617_095805_V06,7,6.021,1.200,794,0,0.860,0,0,0.860
KNQA20150617-1,KNQA20150617_095805_V06,8,9.888,1.200,800,0,0.404,1,0,0.340
KNQA20150617-1,KNQA20150617_100300_V06,0,0.483,1.200,3693,0,75247.739,243,0,73337.584
KNQA20150617-1,KNQA20150617_100300_V06,2,1.450,1.200,3688,0,16036.354,274,0,14458.610
KNQA20150617-1,KNQA20150617_100300_V06,4,2.417,1.200,1851,0,251.576,80,0,182.786
KNQA20150617-1,KNQA20150617_100300_V06,5,3.340,1.200,1852,0,8.409,15,0,7.814
KNQA20150617-1,KNQA20150617_100300_V06,6,4.307,1.200,1852,0,4.854,7,0,4.402
KNQA20150617-1,KNQA20150617_100300_V06,7,6.021,1.200,1860,0,1.226,6,0,1.034
KNQA20150617-1,KNQA20150617_100300_V06,8,9.888,1.200,1882,0,1.170,1,0,0.976
KNQA20150617-1,KNQA20150617_100755_V06,0,0.483,1.200,6126,0,41081.571,673,0,38076.549
KNQA20150617-1,KNQA20150617_100755_V06,2,1.450,1.200,6129,0,30075.240,575,0,26892.373
KNQA20150617-1,KNQA20150617_100755_V06,4,2.417,1.200,3067,0,880.570,210,0,588.774
KNQA20150617-1,KNQA20150617_100755_V06,5,3.340,1.200,3068,0,43.762,118,0,35.880
KNQA20150617-1,KNQA20150617_100755_V06,6,4.307,1.200,3069,0,14.144,80,0,11.864
KNQA20150617-1,KNQA20150617_100755_V06,7,6.021,1.200,3083,0,7.852,93,0,5.957
KNQA20150617-1,KNQA20150617_100755_V06,8,9.888,1.200,3112,0,1.606,8,0,1.496
KNQA20150617-1,KNQA20150617_101248_V06,0,0.483,1.200,10877,0,36379.102,1485,0,33412.329
KNQA20150617-1,KNQA20150617_101248_V06,2,1.450,1.200,10881,0,26382.017,1279,0,23428.800
KNQA20150617-1,KNQA20150617_101248_V06,4,2.417,1.200,5445,0,1378.464,535,0,821.391
KNQA20150617-1,KNQA20150617_101248_V06,5,3.340,1.200,5448,0,166.637,397,0,125.520
KNQA20150617-1,KNQA20150617_101248_V06,6,4.307,1.200,5457,0,54.826,354,0,39.412
KNQA20150617-1,KNQA20150617_101248_V06,7,6.021,1.200,5473,0,27.597,398,0,17.469
KNQA20150617-1,KNQA20150617_101248_V06,8,9.888,1.200,5516,0,5.211,157,0,3.042
KNQA20150617-4,KNQA20150617_111103_V06,0,0.483,1.200,10310,0,6258.423,1731,0,3850.014
KNQA20150617-4,KNQA20150617_111103_V06,2,1.494,1.200,10316,0,41.228,18,0,28.857
KNQA20150617-4,KNQA20150617_111103_V06,4,2.505,1.200,5162,0,194.016,13,0,175.058
KNQA20150617-4,KNQA20150617_111103_V06,5,3.516,1.200,5162,0,103.753,41,0,79.200
KNQA20150618-1,KNQA20150618_100710_V06,0,0.483,1.200,1666,0,21526.052,104,0,19965.241
KNQA20150618-1,KNQA20150618_100710_V06,2,0.879,1.200,1664,0,9796.310,138,0,8865.711
KNQA20150618-1,KNQA20150618_100710_V06,4,1.318,1.200,1672,0,1189.300,302,0,969.030
KNQA20150618-1,KNQA20150618_100710_V06,8,1.802,1.200,836,0,101.400,143,0,60.143
KNQA20150618-1,KNQA20150618_100710_V06,9,2.417,1.200,835,0,35.951,57,0,29.386
KNQA20150618-1,KNQA20150618_100710_V06,10,3.120,1.200,835,0,16.159,20,0,14.347
KNQA20150618-1,KNQA20150618_100710_V06,11,3.999,1.200,838,0,4.870,7,0,4.242
KNQA20150618-1,KNQA20150618_100710_V06,12,5.098,1.200,840,0,1.098,4,0,0.711
KNQA20150618-1,KNQA20150618_100710_V06,13,6.416,1.200,841,0,0.418,0,0,0.418
KNQA20150620-2,KNQA20150620_101505_V06,0,0.483,1.200,1658,0,26826.038,104,0,24430.692
KNQA20150620-2,KNQA20150620_101505_V06,2,0.879,1.200,1656,0,15291.597,138,0,13690.743
KNQA20150620-2,KNQA20150620_101505_V06,4,1.318,1.200,1659,0,4180.223,183,0,3669.609
KNQA20150620-2,KNQA20150620_101505_V06,8,1.802,1.200,833,0,957.063,252,0,631.988
KNQA20150620-2,KNQA20150620_101505_V06,9,2.417,1.200,831,0,591.757,320,0,288.643
KNQA20150620-2,KNQA20150620_101505_V06,10,3.120,1.200,831,0,537.882,284,0,308.264
KNQA20150620-2,KNQA20150620_101505_V06,11,3.999,1.200,834,0,426.117,285,0,187.708
KNQA20150620-2,KNQA20150620_101505_V06,12,5.098,1.200,836,0,193.779,181,0,113.447
KNQA20150620-2,KNQA20150620_101505_V06,13,6.416,1.200,835,0,15.605,64,0,7.686
KNQA20150620-2,KNQA20150620_101925_V06,0,0.483,1.200,4223,0,52270.838,329,0,48344.283
KNQA20150620-2,KNQA20150620_101925_V06,2,0.879,1.200,4224,0,36323.318,328,0,33325.692
KNQA20150620-2,KNQA20150620_101925_V06,4,1.318,1.200,4222,0,15119.371,511,0,13401.948
KNQA20150620-2,KNQA20150620_101925_V06,8,1.802,1.200,2117,0,2698.020,636,0,1716.392
KNQA20150620-2,KNQA20150620_101925_V06,9,2.417,1.200,2112,0,1115.262,651,0,627.776
KNQA20150620-2,KNQA20150620_101925_V06,10,3.120,1.200,2118,0,1071.259,666,0,630.557
KNQA20150620-2,KNQA20150620_101925_V06,11,3.999,1.200,2122,0,974.391,804,0,412.888
KNQA20150620-2,KNQA20150620_101925_V06,12,5.098,1.200,2121,0,414.906,498,0,234.774
KNQA20150620-2,KNQA20150620_101925_V06,13,6.416,1.200,2123,0,72.305,199,0,43.869
KNQA20150620-2,KNQA20150620_102345_V06,0,0.483,1.200,5255,0,51155.519,350,0,47408.169
KNQA20150620-2,KNQA20150620_102345_V06,2,0.879,1.200,5253,0,41995.594,413,0,37951.881
KNQA20150620-2,KNQA20150620_102345_V06,4,1.318,1.200,5257,0,23246.115,715,0,20432.780
KNQA20150620-2,KNQA20150620_102345_V06,8,1.802,1.200,2632,0,6942.596,733,0,4719.615
KNQA20150620-2,KNQA20150620_102345_V06,9,2.417,1.200,2631,0,1509.062,748,0,796.927
KNQA20150620-2,KNQA20150620_102345_V06,10,3.120,1.200,2630,0,1133.266,788,0,685.761
KNQA20150620-2,KNQA20150620_102345_V06,11,3.999,1.200,2638,0,1180.441,948,0,479.703
KNQA20150620-2,KNQA20150620_102345_V06,12,5.098,1.200,2640,0,626.135,722,0,304.415
KNQA20150620-2,KNQA20150620_102345_V06,13,6.416,1.200,2652,0,151.888,362,0,87.762
KNQA20150620-2,KNQA20150620_102804_V06,0,0.483,1.200,7322,0,34688.735,675,0,31217.943
KNQA20150620-2,KNQA20150620_102804_V06,2,0.879,1.200,7327,0,31113.897,679,0,28195.315
KNQA20150620-2,KNQA20150620_102804_V06,4,1.318,1.200,7325,0,24380.427,1130,0,21316.570
KNQA20150620-2,KNQA20150620_102804_V06,8,1.802,1.200,3666,0,10189.580,1157,0,6361.377
KNQA20150620-2,KNQA20150620_102804_V06,9,2.417,1.200,3668,0,2990.496,1060,0,1695.348
KNQA20150620-2,KNQA20150620_102804_V06,10,3.120,1.200,3675,0,1266.719,1115,0,664.218
KNQA20150620-2,KNQA20150620_102804_V06,11,3.999,1.200,3671,0,1349.186,1308,0,538.331
KNQA20150620-2,KNQA20150620_102804_V06,12,5.098,1.200,3674,0,802.343,1069,0,378.164
KNQA20150620-2,KNQA20150620_102804_V06,13,6.416,1.200,3694,0,230.766,696,0,118.890
KNQA20150620-1,KNQA20150620_101047_V06,0,0.483,1.200,10885,1,11086.180,1336,1,8326.888
KNQA20150620-1,KNQA20150620_101047_V06,2,0.879,1.200,10886,0,2737.397,1268,0,2283.822
KNQA20150620-1,KNQA20150620_101047_V06,4,1.318,1.200,10883,0,1647.871,1289,0,1395.192
KNQA20150620-1,KNQA20150620_101047_V06,8,1.802,1.200,5446,0,1000.145,1883,0,605.537
KNQA20150620-1,KNQA20150620_101047_V06,9,2.417,1.200,5445,0,947.105,1628,0,610.952
KNQA20150620-1,KNQA20150620_101047_V06,10,3.120,1.200,5446,0,760.252,1530,0,500.475
KNQA20150620-1,KNQA20150620_101047_V06,11,3.999,1.200,5442,0,561.858,1515,0,372.510
KNQA20150620-1,KNQA20150620_101047_V06,12,5.098,1.200,5458,0,510.202,1433,0,307.188
KNQA20150620-1,KNQA20150620_101047_V06,13,6.416,1.200,5475,0,527.162,1636,0,238.344
KNQA20150620-1,KNQA20150620_101505_V06,0,0.483,1.200,20469,1,13734.130,2512,1,10879.679
KNQA20150620-1,KNQA20150620_101505_V06,2,0.879,1.200,20471,0,4610.716,3216,0,3751.320
KNQA20150620-1,KNQA20150620_101505_V06,4,1.318,1.200,20478,0,2730.875,3459,0,2188.520
KNQA20150620-1,KNQA20150620_101505_V06,8,1.802,1.200,10244,0,1568.296,3540,0,1024.839
KNQA20150620-1,KNQA20150620_101505_V06,9,2.417,1.200,10248,0,1459.074,3512,0,932.477
KNQA20150620-1,KNQA20150620_101505_V06,10,3.120,1.200,10256,0,1124.319,3428,0,707.151
KNQA20150620-1,KNQA20150620_101505_V06,11,3.999,1.200,10265,0,928.781,3336,0,576.881
KNQA20150620-1,KNQA20150620_101505_V06,12,5.098,1.200,10287,0,1083.812,3386,0,496.137
KNQA20150620-1,KNQA20150620_101505_V06,13,6.416,1.200,10311,0,800.567,3591,0,352.313
KNQA20150621-1,KNQA20150621_095920_V06,0,0.483,1.200,810,0,28174.311,7,0,27619.562
KNQA20150621-1,KNQA20150621_095920_V06,2,1.494,1.200,809,0,1889.399,59,0,1736.098
KNQA20150621-1,KNQA20150621_095920_V06,4,2.505,1.200,398,0,89.780,35,0,77.988
KNQA20150621-1,KNQA20150621_095920_V06,5,3.516,1.200,401,0,86.339,62,0,69.606
KNQA20150621-1,KNQA20150621_095920_V06,6,4.482,1.200,403,0,37.681,33,0,34.745
KNQA20150621-1,KNQA20150621_100901_V06,0,0.483,1.200,7384,0,40561.318,75,0,39932.981
KNQA20150621-1,KNQA20150621_100901_V06,2,1.494,1.200,7387,0,17717.177,697,0,16222.649
KNQA20150621-1,KNQA20150621_100901_V06,4,2.505,1.200,3697,0,1740.127,307,0,1556.358
KNQA20150621-1,KNQA20150621_100901_V06,5,3.516,1.200,3695,0,755.231,256,0,671.661
KNQA20150621-1,KNQA20150621_100901_V06,6,4.482,1.200,3702,0,335.200,138,0,321.175
KNQA20150621-1,KNQA20150621_102053_V06,0,0.483,1.200,5808,0,47476.854,73,0,46654.785
KNQA20150621-1,KNQA20150621_102053_V06,2,1.494,1.200,5807,0,10040.197,339,0,9382.171
KNQA20150621-1,KNQA20150621_102053_V06,4,2.505,1.200,2908,0,1017.049,174,0,953.839
KNQA20150621-1,KNQA20150621_102053_V06,5,3.516,1.200,2913,0,465.006,211,0,418.241
KNQA20150621-1,KNQA20150621_102053_V06,6,4.482,1.200,2915,0,200.625,209,0,179.959
KNQA20150621-3,KNQA20150621_095920_V06,0,0.483,1.200,424,0,2535.105,45,0,928.114
KNQA20150621-3,KNQA20150621_095920_V06,2,1.494,1.200,421,0,1.766,0,0,1.766
KNQA20150621-6,KNQA20150621_104016_V06,0,0.483,1.200,364,0,5957.908,3,0,5953.794
KNQA20150621-6,KNQA20150621_104016_V06,2,1.494,1.200,365,0,71.293,116,0,41.524
KNQA20150621-6,KNQA20150621_104016_V06,4,2.505,1.200,182,0,55.010,22,0,45.462
KNQA20150621-6,KNQA20150621_104016_V06,5,3.516,1.200,184,0,0.175,0,0,0.175
KNQA20150621-6,KNQA20150621_104016_V06,6,4.482,1.200,185,0,0.176,0,0,0.176
KNQA20150622-1,KNQA20150622_095723_V06,0,0.483,1.200,1740,0,70855.634,7,0,70635.745
KNQA20150622-1,KNQA20150622_095723_V06,2,1.494,1.200,1738,0,1837.459,50,0,1818.167
KNQA20150622-1,KNQA20150622_095723_V06,4,2.505,1.200,870,0,168.143,21,0,164.051
KNQA20150622-1,KNQA20150622_095723_V06,5,3.516,1.200,874,0,118.136,34,0,113.730
KNQA20150622-1,KNQA20150622_095723_V06,6,4.482,1.200,874,0,47.163,63,0,43.265
KNQA20150622-1,KNQA20150622_100705_V06,0,0.483,1.200,9119,0,48557.564,78,0,47934.083
KNQA20150622-1,KNQA20150622_100705_V06,2,1.494,1.200,9122,0,13252.886,295,0,12599.815
KNQA20150622-1,KNQA20150622_100705_V06,4,2.505,1.200,4561,0,992.978,90,0,958.537
KNQA20150622-1,KNQA20150622_100705_V06,5,3.516,1.200,4565,0,443.380,198,0,420.430
KNQA20150622-1,KNQA20150622_100705_V06,6,4.482,1.200,4575,0,210.214,197,0,197.105
KNQA20150622-1,KNQA20150622_101648_V06,0,0.483,1.200,21008,0,67214.258,428,0,66006.510
KNQA20150622-1,KNQA20150622_101648_V06,2,1.494,1.200,21016,0,12681.433,839,0,11903.110
KNQA20150622-1,KNQA20150622_101648_V06,4,2.505,1.200,10520,0,1666.087,354,0,1535.788
KNQA20150622-1,KNQA20150622_101648_V06,5,3.516,1.200,10538,0,784.956,350,0,685.191
KNQA20150622-1,KNQA20150622_101648_V06,6,4.482,1.200,10549,0,411.647,489,0,380.703
KNQA20150622-5,KNQA20150622_104807_V06,0,0.483,1.200,7675,0,628863.951,2784,0,42546.254
KNQA20150622-5,KNQA20150622_104807_V06,2,1.494,1.200,7683,0,1012548.220,4369,0,2692.546
KNQA20150622-5,KNQA20150622_104807_V06,4,2.505,1.200,3842,0,2928645.604,1478,0,1440381.894
KNQA20150622-6,KNQA20150622_105749_V06,0,0.483,1.200,5533,0,41678.777,693,0,39739.908
KNQA20150622-6,KNQA20150622_105749_V06,2,1.494,1.200,5540,0,3353.042,739,0,2672.508
KNQA20150622-6,KNQA20150622_105749_V06,4,2.505,1.200,2779,0,168.021,20,0,144.397
KNQA20150622-6,KNQA20150622_105749_V06,5,3.516,1.200,2782,0,43.121,5,0,34.622
KNQA20150622-6,KNQA20150622_105749_V06,6,4.482,1.200,2791,0,11.756,1,0,11.031
KNQA20150623-1,KNQA20150623_104525_V06,0,0.483,1.200,17072,0,115178.300,3010,0,57301.998
KNQA20150623-1,KNQA20150623_104525_V06,2,1.494,1.200,17089,0,1441.110,125,0,903.548
KNQA20150623-1,KNQA20150623_105507_V06,0,0.483,1.200,22657,0,109291.156,2468,0,56672.331
KNQA20150623-1,KNQA20150623_105507_V06,2,1.494,1.200,22667,0,6244.517,642,0,3311.440
KNQA20150623-2,KNQA20150623_104525_V06,0,0.483,1.200,473,0,6737.100,1,0,6736.625
KNQA20150623-2,KNQA20150623_104525_V06,2,1.494,1.200,474,0,289.322,62,0,253.219
KNQA20150623-2,KNQA20150623_104525_V06,4,2.505,1.200,240,0,198.517,36,0,164.829
KNQA20150623-2,KNQA20150623_104525_V06,5,3.516,1.200,240,0,108.114,45,0,71.046
KNQA20150623-2,KNQA20150623_104525_V06,6,4.482,1.200,237,0,0.224,0,0,0.224
KNQA20150624-1,KNQA20150624_095757_V06,0,0.483,1.200,1040,0,54327.161,24,0,53252.794
KNQA20150624-1,KNQA20150624_095757_V06,2,0.879,1.200,1035,0,14651.586,29,0,14027.880
KNQA20150624-1,KNQA20150624_095757_V06,4,1.318,1.200,1039,0,1946.783,63,0,1765.599
KNQA20150624-1,KNQA20150624_095757_V06,6,1.802,1.200,519,0,318.520,141,0,241.900
KNQA20150624-1,KNQA20150624_095757_V06,7,2.417,1.200,518,0,284.838,149,0,213.721
KNQA20150624-1,KNQA20150624_095757_V06,10,3.120,1.200,519,0,196.192,156,0,126.720
KNQA20150624-1,KNQA20150624_095757_V06,11,3.999,1.200,518,0,95.713,126,0,63.821
KNQA20150624-1,KNQA20150624_095757_V06,12,5.098,1.200,520,0,66.679,139,0,42.586
KNQA20150624-1,KNQA20150624_095757_V06,13,6.416,1.200,525,0,45.638,149,0,19.995
KNQA20150624-1,KNQA20150624_095757_V06,14,7.998,1.200,523,0,2.845,22,0,1.404
KNQA20150624-1,KNQA20150624_095757_V06,15,10.020,1.200,528,0,0.444,3,0,0.154
KNQA20150624-1,KNQA20150624_100303_V06,0,0.483,1.200,4098,0,89862.152,200,0,86692.136
KNQA20150624-1,KNQA20150624_100303_V06,2,0.879,1.200,4093,0,51121.911,227,0,48483.183
KNQA20150624-1,KNQA20150624_100303_V06,4,1.318,1.200,4101,0,25847.635,353,0,23103.225
KNQA20150624-1,KNQA20150624_100303_V06,6,1.802,1.200,2048,0,3588.236,581,0,2272.932
KNQA20150624-1,KNQA20150624_100303_V06,7,2.417,1.200,2052,0,1027.906,572,0,676.584
KNQA20150624-1,KNQA20150624_100303_V06,10,3.120,1.200,2054,0,726.188,569,0,483.865
KNQA20150624-1,KNQA20150624_100303_V06,11,3.999,1.200,2055,0,406.297,572,0,247.770
KNQA20150624-1,KNQA20150624_100303_V06,12,5.098,1.200,2058,0,230.764,483,0,143.309
KNQA20150624-1,KNQA20150624_100303_V06,13,6.416,1.200,2066,0,134.669,444,0,75.155
KNQA20150624-1,KNQA20150624_100303_V06,14,7.998,1.200,2066,0,46.119,290,0,19.947
KNQA20150624-1,KNQA20150624_100303_V06,15,10.020,1.200,2089,0,5.233,58,0,3.034
KNQA20150624-1,KNQA20150624_100755_V06,0,0.483,1.200,6032,0,86175.971,320,0,83115.300
KNQA20150624-1,KNQA20150624_100755_V06,2,0.879,1.200,6034,0,68253.302,337,0,64534.365
KNQA20150624-1,KNQA20150624_100755_V06,4,1.318,1.200,6031,0,41159.309,439,0,37611.718
KNQA20150624-1,KNQA20150624_100755_V06,6,1.802,1.200,3013,0,7844.856,877,0,5210.657
KNQA20150624-1,KNQA20150624_100755_V06,9,2.417,1.200,3024,0,2380.576,920,0,1361.930
KNQA20150624-1,KNQA20150624_100755_V06,10,3.120,1.200,3022,0,1231.358,820,0,798.910
KNQA20150624-1,KNQA20150624_100755_V06,11,3.999,1.200,3023,0,654.578,850,0,396.666
KNQA20150624-1,KNQA20150624_100755_V06,12,5.098,1.200,3026,0,373.408,772,0,242.066
KNQA20150624-1,KNQA20150624_100755_V06,13,6.416,1.200,3041,0,186.020,794,0,88.174
KNQA20150624-1,KNQA20150624_100755_V06,14,7.998,1.200,3044,0,91.388,593,0,41.658
KNQA20150624-1,KNQA20150624_100755_V06,15,10.020,1.200,3065,0,27.235,296,0,11.040
KNQA20150624-4,KNQA20150624_102842_V06,0,0.483,1.200,20422,7,24277.800,2153,6,21354.311
KNQA20150624-4,KNQA20150624_102842_V06,2,0.879,1.200,20424,0,9431.358,2628,0,7734.429
KNQA20150624-4,KNQA20150624_102842_V06,4,1.318,1.200,20424,0,4603.349,2887,0,3633.268
KNQA20150624-4,KNQA20150624_102842_V06,6,1.802,1.200,10211,0,2330.419,3437,0,1438.437
KNQA20150624-4,KNQA20150624_102842_V06,7,2.417,1.200,10216,0,2405.958,3526,0,1566.756
KNQA20150624-4,KNQA20150624_102842_V06,10,3.120,1.200,10219,0,2924.342,3762,0,1668.217
KNQA20150624-4,KNQA20150624_102842_V06,11,3.999,1.200,10233,0,2870.821,3853,0,1418.977
KNQA20150624-4,KNQA20150624_102842_V06,12,5.098,1.200,10251,0,2613.114,3699,0,1317.767
KNQA20150624-4,KNQA20150624_102842_V06,13,6.416,1.200,10286,0,2529.559,3992,0,1080.585
KNQA20150624-4,KNQA20150624_102842_V06,14,7.998,1.200,10321,0,2581.501,3952,0,874.260
KNQA20150624-4,KNQA20150624_102842_V06,15,10.020,1.200,10391,0,1857.644,4262,0,535.810
KNQA20150624-4,KNQA20150624_102842_V06,16,12.480,1.200,10495,0,724.269,3633,0,292.283
KNQA20150624-4,KNQA20150624_102842_V06,17,15.601,1.200,10655,0,346.731,3019,0,163.824
KNQA20150624-5,KNQA20150624_104933_V06,0,0.483,1.200,166,0,22279.177,0,0,22279.177
KNQA20150624-5,KNQA20150624_104933_V06,2,0.879,1.200,168,0,2667.156,5,0,2653.860
KNQA20150624-5,KNQA20150624_104933_V06,4,1.318,1.200,166,0,104.933,35,0,72.103
KNQA20150624-5,KNQA20150624_104933_V06,6,1.802,1.200,82,0,76.992,18,0,50.274
KNQA20150624-5,KNQA20150624_104933_V06,7,2.417,1.200,83,0,86.319,21,0,50.510
KNQA20150624-5,KNQA20150624_104933_V06,10,3.120,1.200,83,0,86.764,21,0,30.251
KNQA20150624-5,KNQA20150624_104933_V06,11,3.999,1.200,85,0,2.714,0,0,2.714
KNQA20150624-5,KNQA20150624_104933_V06,12,5.098,1.200,84,0,0.097,0,0,0.097
KNQA20150624-8,KNQA20150624_113002_V06,0,0.483,1.200,4594,0,49558.312,298,0,26103.950
KNQA20150624-8,KNQA20150624_113002_V06,2,0.879,1.200,4591,0,3069.865,40,0,1830.796
KNQA20150624-8,KNQA20150624_113002_V06,4,1.318,1.200,4594,0,178.359,3,0,93.405
KNQA20150625-5,KNQA20150625_103319_V06,0,0.483,1.200,893,0,6687.416,25,0,6488.927
KNQA20150625-5,KNQA20150625_103319_V06,2,1.494,1.200,885,0,1378.438,162,0,362.267
KNQA20150625-5,KNQA20150625_104302_V06,0,0.483,1.200,2927,0,23071.125,249,0,21043.379
KNQA20150625-5,KNQA20150625_104302_V06,2,1.494,1.200,2927,0,6593.290,760,0,2219.100
KNQA20150625-5,KNQA20150625_105245_V06,0,0.483,1.200,3594,0,25637.179,367,0,22427.990
KNQA20150625-5,KNQA20150625_105245_V06,2,1.494,1.200,3593,0,5014.267,688,0,1569.056
KNQA20150625-1,KNQA20150625_095429_V06,0,0.483,1.200,62,0,12245.604,1,0,12174.433
KNQA20150625-1,KNQA20150625_095429_V06,2,1.494,1.200,62,0,46.395,1,0,42.125
KNQA20150625-1,KNQA20150625_095429_V06,4,2.505,1.200,30,0,7.290,0,0,7.290
KNQA20150625-3,KNQA20150625_102337_V06,0,0.483,1.200,4692,0,46978.625,87,0,46161.690
KNQA20150625-3,KNQA20150625_102337_V06,2,1.494,1.200,4695,0,13850.246,216,0,13210.185
KNQA20150625-3,KNQA20150625_102337_V06,4,2.505,1.200,2347,0,1363.769,159,0,1187.657
KNQA20150625-3,KNQA20150625_102337_V06,5,3.516,1.200,2353,0,447.765,174,0,409.319
KNQA20150625-3,KNQA20150625_102337_V06,6,4.482,1.200,2351,0,350.353,276,0,304.074
KNQA20150625-4,KNQA20150625_102337_V06,0,0.483,1.200,35339,0,38025.280,2061,0,35237.874
KNQA20150625-4,KNQA20150625_102337_V06,2,1.494,1.200,35360,0,8664.898,3110,0,7664.038
KNQA20150625-4,KNQA20150625_102337_V06,4,2.505,1.200,17695,0,4211.928,1435,0,3750.198
KNQA20150625-4,KNQA20150625_102337_V06,5,3.516,1.200,17719,0,1951.688,1473,0,1751.470
KNQA20150625-4,KNQA20150625_102337_V06,6,4.482,1.200,17746,0,1405.494,1699,0,1257.807
KNQA20150625-7,KNQA20150625_104302_V06,0,0.483,1.200,213,0,315.848,29,0,133.412
KNQA20150625-7,KNQA20150625_104302_V06,2,1.494,1.200,213,0,0.458,0,0,0.458
KNQA20150626-2,KNQA20150626_101911_V06,0,0.483,1.200,3672,0,37768.092,36,0,37362.737
KNQA20150626-2,KNQA20150626_101911_V06,2,1.494,1.200,3673,0,10807.612,122,0,10500.706
KNQA20150626-2,KNQA20150626_101911_V06,4,2.505,1.200,1833,0,776.007,77,0,719.849
KNQA20150626-2,KNQA20150626_101911_V06,5,3.516,1.200,1836,0,497.190,128,0,442.874
KNQA20150626-2,KNQA20150626_101911_V06,6,4.482,1.200,1845,0,555.112,148,0,499.749
KNQA20150626-2,KNQA20150626_102853_V06,0,0.483,1.200,13106,0,35158.424,261,0,33896.757
KNQA20150626-2,KNQA20150626_102853_V06,2,1.494,1.200,13103,0,15287.419,937,0,14368.334
KNQA20150626-2,KNQA20150626_102853_V06,4,2.505,1.200,6552,0,3550.708,407,0,3172.571
KNQA20150626-2,KNQA20150626_102853_V06,5,3.516,1.200,6558,0,1688.029,622,0,1456.246
KNQA20150626-2,KNQA20150626_102853_V06,6,4.482,1.200,6569,0,1591.244,969,0,1294.932
KNQA20150626-5,KNQA20150626_103835_V06,0,0.483,1.200,691,0,40641.746,25,0,39811.230
KNQA20150626-5,KNQA20150626_103835_V06,2,1.494,1.200,689,0,114.128,16,0,55.210
KNQA20150626-5,KNQA20150626_103835_V06,4,2.505,1.200,344,0,1.420,0,0,1.420
KNQA20150626-5,KNQA20150626_104817_V06,0,0.483,1.200,2751,0,35021.018,196,0,32225.547
KNQA20150626-5,KNQA20150626_104817_V06,2,1.494,1.200,2747,0,2034.406,341,0,638.885
KNQA20150626-5,KNQA20150626_104817_V06,4,2.505,1.200,1369,0,5.684,0,0,5.684
KNQA20150626-10,KNQA20150626_120556_V06,0,0.483,1.200,7633,0,10838.039,177,0,5919.912
KNQA20150626-10,KNQA20150626_121538_V06,0,0.483,1.200,10231,0,15859.913,203,0,9522.834
KNQA20150626-1,KNQA20150626_095946_V06,0,0.483,1.200,7800,0,31778.438,83,0,31138.800
KNQA20150626-1,KNQA20150626_095946_V06,2,1.494,1.200,7803,0,36839.336,208,0,36182.002
KNQA20150626-1,KNQA20150626_095946_V06,4,2.505,1.200,3894,0,2324.616,237,0,2043.846
KNQA20150626-1,KNQA20150626_095946_V06,5,3.516,1.200,3899,0,959.351,360,0,786.352
KNQA20150626-1,KNQA20150626_095946_V06,6,4.482,1.200,3898,0,543.057,359,0,469.168
KNQA20150626-4,KNQA20150626_101911_V06,0,0.483,1.200,10657,0,5628.225,898,0,4908.810
KNQA20150626-4,KNQA20150626_101911_V06,2,1.494,1.200,10662,0,986.094,1605,0,842.985
KNQA20150626-4,KNQA20150626_101911_V06,4,2.505,1.200,5333,0,488.173,640,0,442.316
KNQA20150626-4,KNQA20150626_101911_V06,5,3.516,1.200,5342,0,464.310,562,0,435.535
KNQA20150626-4,KNQA20150626_101911_V06,6,4.482,1.200,5345,0,510.440,611,0,473.049
KNQA20150626-6,KNQA20150626_105759_V06,0,0.483,1.200,100,0,5921.169,1,0,5916.371
KNQA20150626-6,KNQA20150626_105759_V06,2,1.494,1.200,103,0,36.403,24,0,20.866
KNQA20150626-6,KNQA20150626_105759_V06,4,2.505,1.200,52,0,61.309,26,0,29.909
KNQA20150626-6,KNQA20150626_105759_V06,5,3.516,1.200,52,0,0.075,0,0,0.075
KNQA20150626-6,KNQA20150626_105759_V06,6,4.482,1.200,54,0,0.078,0,0,0.078
KNQA20150626-8,KNQA20150626_111724_V06,0,0.483,1.200,11400,0,37869.816,388,0,23708.051
KNQA20150626-8,KNQA20150626_112706_V06,0,0.483,1.200,8919,0,41472.446,572,0,21156.209
KNQA20150627-2,KNQA20150627_110351_V06,0,0.483,1.200,125,0,3612.814,3,0,3578.002
KNQA20150627-2,KNQA20150627_110351_V06,2,0.879,1.200,125,0,346.878,11,0,324.371
KNQA20150627-2,KNQA20150627_110351_V06,4,1.318,1.200,124,0,35.463,23,0,21.261
KNQA20150627-2,KNQA20150627_110351_V06,8,1.802,1.200,55,0,3.370,1,0,2.430
KNQA20150627-2,KNQA20150627_110351_V06,9,2.417,1.200,53,0,0.047,0,0,0.047
KNQA20150627-2,KNQA20150627_110351_V06,10,3.120,1.200,56,0,1.456,0,0,1.456
KNQA20150627-2,KNQA20150627_110351_V06,11,3.999,1.200,56,0,0.634,0,0,0.634
KNQA20150627-2,KNQA20150627_110351_V06,12,5.098,1.200,56,0,0.050,0,0,0.050
KNQA20150627-2,KNQA20150627_110750_V06,0,0.483,1.200,1121,0,6492.963,192,0,5967.767
KNQA20150627-2,KNQA20150627_110750_V06,2,0.879,1.200,1122,0,1455.378,244,0,1215.821
KNQA20150627-2,KNQA20150627_110750_V06,4,1.318,1.200,1117,0,524.992,256,0,330.053
KNQA20150627-2,KNQA20150627_110750_V06,8,1.802,1.200,555,0,29.808,4,0,27.013
KNQA20150627-2,KNQA20150627_110750_V06,9,2.417,1.200,555,0,1.505,0,0,1.505
KNQA20150627-2,KNQA20150627_110750_V06,10,3.120,1.200,559,0,19.644,0,0,19.644
KNQA20150627-2,KNQA20150627_110750_V06,11,3.999,1.200,560,0,29.304,12,0,16.965
KNQA20150627-2,KNQA20150627_110750_V06,12,5.098,1.200,563,0,0.496,0,0,0.496
KNQA20150628-1,KNQA20150628_102028_V06,0,0.483,1.200,2953,0,30633.908,37,0,30466.897
KNQA20150628-1,KNQA20150628_102028_V06,2,1.494,1.200,2956,0,20290.733,89,0,19978.963
KNQA20150628-1,KNQA20150628_102028_V06,4,2.505,1.200,1478,0,966.540,437,0,708.363
KNQA20150628-1,KNQA20150628_102028_V06,5,3.516,1.200,1476,0,1048.307,907,0,223.761
KNQA20150628-1,KNQA20150628_102028_V06,6,4.482,1.200,1479,0,466.410,735,0,194.870
KNQA20150628-1,KNQA20150628_103010_V06,0,0.483,1.200,8148,0,41285.159,244,0,40636.092
KNQA20150628-1,KNQA20150628_103010_V06,2,1.494,1.200,8154,0,36135.855,549,0,34664.732
KNQA20150628-1,KNQA20150628_103010_V06,4,2.505,1.200,4071,0,5724.748,658,0,5171.147
KNQA20150628-1,KNQA20150628_103010_V06,5,3.516,1.200,4080,0,3025.638,1470,0,1909.133
KNQA20150628-1,KNQA20150628_103010_V06,6,4.482,1.200,4089,0,1076.451,1260,0,645.414
KNQA20150628-1,KNQA20150628_103954_V06,0,0.483,1.200,8477,0,39244.500,101,0,37551.150
KNQA20150628-1,KNQA20150628_103954_V06,2,1.494,1.200,8479,0,14516.382,581,0,13780.584
KNQA20150628-1,KNQA20150628_103954_V06,4,2.505,1.200,4246,0,3530.254,743,0,3059.944
KNQA20150628-1,KNQA20150628_103954_V06,5,3.516,1.200,4246,0,2372.444,1632,0,1132.017
KNQA20150628-1,KNQA20150628_103954_V06,6,4.482,1.200,4250,0,1170.716,1229,0,668.014
KNQA20150628-2,KNQA20150628_103954_V06,0,0.483,1.200,1379,0,14376.512,121,0,13194.798
KNQA20150628-2,KNQA20150628_103954_V06,2,1.494,1.200,1380,0,3.308,0,0,3.308
KNQA20150628-2,KNQA20150628_104938_V06,0,0.483,1.200,2864,0,23819.476,632,0,18474.470
KNQA20150628-2,KNQA20150628_104938_V06,2,1.494,1.200,2863,0,40.825,2,0,33.009
KNQA20150629-13,KNQA20150629_103739_V06,0,0.483,1.200,480,0,6068.499,32,0,5603.886
KNQA20150629-13,KNQA20150629_103739_V06,2,1.450,1.200,478,0,1.000,0,0,1.000
KNQA20150629-13,KNQA20150629_103739_V06,4,2.417,1.200,245,0,1.029,0,0,1.029
KNQA20150629-13,KNQA20150629_104328_V06,0,0.483,1.200,1539,0,16670.848,57,0,15416.632
KNQA20150629-13,KNQA20150629_104328_V06,2,1.450,1.200,1544,0,3.212,0,0,3.212
KNQA20150629-13,KNQA20150629_104328_V06,4,2.417,1.200,776,0,3.235,0,0,3.235
KNQA20150629-13,KNQA20150629_104917_V06,0,0.483,1.200,2019,0,8118.681,93,0,6841.504
KNQA20150629-13,KNQA20150629_104917_V06,2,1.450,1.200,2025,0,4.198,0,0,4.198
KNQA20150629-13,KNQA20150629_104917_V06,4,2.417,1.200,1038,0,4.322,0,0,4.322
KNQA20150629-13,KNQA20150629_105505_V06,0,0.483,1.200,3590,0,3128.006,75,0,2127.792
KNQA20150629-13,KNQA20150629_105505_V06,2,1.450,1.200,3589,0,7.584,0,0,7.584
KNQA20150629-13,KNQA20150629_105505_V06,4,2.417,1.200,1792,0,7.579,0,0,7.579
KNQA20150629-5,KNQA20150629_100250_V06,0,0.483,1.200,1718,0,14281.148,108,0,13547.717
KNQA20150629-5,KNQA20150629_100250_V06,2,1.450,1.200,1719,0,254.410,314,0,215.949
KNQA20150629-5,KNQA20150629_100250_V06,4,2.417,1.200,856,0,27.551,20,0,25.734
KNQA20150629-5,KNQA20150629_100250_V06,5,3.384,1.200,858,0,17.011,16,0,14.723
KNQA20150629-5,KNQA20150629_100250_V06,6,4.307,1.200,862,0,8.132,11,0,7.397
KNQA20150629-5,KNQA20150629_100250_V06,7,6.021,1.200,862,0,0.525,0,0,0.525
KNQA20150629-5,KNQA20150629_100250_V06,8,9.888,1.200,871,0,0.585,2,0,0.416
KNQA20150629-5,KNQA20150629_100838_V06,0,0.483,1.200,5223,0,16269.172,382,0,15151.124
KNQA20150629-5,KNQA20150629_100838_V06,2,1.450,1.200,5222,0,788.641,795,0,637.129
KNQA20150629-5,KNQA20150629_100838_V06,4,2.417,1.200,2619,0,124.683,153,0,92.805
KNQA20150629-5,KNQA20150629_100838_V06,5,3.384,1.200,2623,0,53.908,111,0,43.809
KNQA20150629-5,KNQA20150629_100838_V06,6,4.307,1.200,2621,0,24.998,65,0,21.693
KNQA20150629-5,KNQA20150629_100838_V06,7,6.021,1.200,2624,0,63.972,244,0,23.811
KNQA20150629-2,KNQA20150629_094859_V06,0,0.483,1.200,289,0,8784.837,12,0,8637.125
KNQA20150629-2,KNQA20150629_094859_V06,2,1.450,1.200,289,0,201.282,33,0,192.470
KNQA20150629-2,KNQA20150629_094859_V06,4,2.417,1.200,147,0,2.477,4,0,1.904
KNQA20150629-2,KNQA20150629_094859_V06,5,3.384,1.200,148,0,1.745,5,0,1.088
KNQA20150629-2,KNQA20150629_094859_V06,6,4.307,1.200,147,0,0.212,0,0,0.212
KNQA20150629-2,KNQA20150629_094859_V06,7,6.021,1.200,143,0,0.043,0,0,0.043
KNQA20150629-2,KNQA20150629_094859_V06,8,9.888,1.200,148,0,0.046,0,0,0.046
KNQA20150629-6,KNQA20150629_100838_V06,0,0.483,1.200,3334,0,21651.628,490,0,6144.158
KNQA20150629-6,KNQA20150629_100838_V06,2,1.450,1.200,3332,0,14922.366,385,0,556.096
KNQA20150629-6,KNQA20150629_100838_V06,4,2.417,1.200,1671,0,5894.208,83,0,248.865
KNQA20150629-6,KNQA20150629_100838_V06,5,3.384,1.200,1674,0,34.732,0,0,34.732
KNQA20150629-12,KNQA20150629_103151_V06,0,0.483,1.200,1931,0,22460.560,63,0,21817.916
KNQA20150629-12,KNQA20150629_103151_V06,2,1.450,1.200,1928,0,3229.318,173,0,2899.099
KNQA20150629-12,KNQA20150629_103151_V06,4,2.417,1.200,965,0,270.288,38,0,234.028
KNQA20150629-12,KNQA20150629_103151_V06,5,3.384,1.200,965,0,32.910,20,0,30.700
KNQA20150629-12,KNQA20150629_103151_V06,6,4.307,1.200,967,0,4.457,7,0,2.619
KNQA20150629-12,KNQA20150629_103151_V06,7,6.021,1.200,974,0,35.830,165,0,9.136
KNQA20150629-12,KNQA20150629_103151_V06,8,9.888,1.200,981,0,47.193,215,0,2.031
KNQA20150629-16,KNQA20150629_105505_V06,0,0.483,1.200,2870,1,96866.779,702,0,8933.213
KNQA20150629-16,KNQA20150629_105505_V06,2,1.450,1.200,2867,1,108039.147,823,0,368.363
KNQA20150629-16,KNQA20150629_105505_V06,4,2.417,1.200,1438,13,113067.612,289,0,397.767
KNQA20150629-16,KNQA20150629_105505_V06,5,3.384,1.200,1440,6,156088.906,289,0,49.687
KNQA20150629-16,KNQA20150629_105505_V06,6,4.307,1.200,1441,13,104843.939,280,0,26.935
KNQA20150629-16,KNQA20150629_105505_V06,7,6.021,1.200,1446,9,122763.619,405,0,23.787
KNQA20150630-2,KNQA20150630_102624_V06,0,0.483,1.200,602,0,19976.844,33,0,18850.983
KNQA20150630-2,KNQA20150630_102624_V06,2,0.879,1.200,600,0,8364.343,33,0,7949.998
KNQA20150630-2,KNQA20150630_102624_V06,4,1.318,1.200,602,0,1325.683,94,0,1198.472
KNQA20150630-2,KNQA20150630_102624_V06,6,1.802,1.200,301,0,141.542,28,0,130.595
KNQA20150630-2,KNQA20150630_102624_V06,9,2.417,1.200,301,0,26.803,0,0,26.803
KNQA20150630-2,KNQA20150630_102624_V06,10,3.120,1.200,300,0,30.100,0,0,30.100
KNQA20150630-2,KNQA20150630_102624_V06,11,3.999,1.200,304,0,63.854,144,0,25.412
KNQA20150630-2,KNQA20150630_102624_V06,12,5.098,1.200,302,0,27.759,129,0,7.736
KNQA20150630-2,KNQA20150630_102624_V06,13,6.416,1.200,303,0,0.369,2,0,0.285
KNQA20150630-2,KNQA20150630_102624_V06,14,7.998,1.200,305,0,0.140,0,0,0.140
KNQA20150630-2,KNQA20150630_103044_V06,0,0.483,1.200,2939,0,19455.790,242,0,16877.592
KNQA20150630-2,KNQA20150630_103044_V06,2,0.879,1.200,2936,0,16283.342,235,0,14937.609
KNQA20150630-2,KNQA20150630_103044_V06,4,1.318,1.200,2941,0,10891.003,413,0,9754.507
KNQA20150630-2,KNQA20150630_103044_V06,8,1.802,1.200,1472,0,5172.419,247,0,3981.525
KNQA20150630-2,KNQA20150630_103044_V06,9,2.417,1.200,1475,0,1711.878,215,0,1447.187
KNQA20150630-2,KNQA20150630_103044_V06,10,3.120,1.200,1472,0,208.793,156,0,168.239
KNQA20150630-2,KNQA20150630_103044_V06,11,3.999,1.200,1474,0,159.433,390,0,85.460
KNQA20150630-2,KNQA20150630_103044_V06,12,5.098,1.200,1476,0,86.996,438,0,34.102
KNQA20150630-2,KNQA20150630_103044_V06,13,6.416,1.200,1480,0,16.957,126,0,6.684
KNQA20150630-2,KNQA20150630_103044_V06,14,7.998,1.200,1486,0,1.844,29,0,1.124
KNQA20150630-2,KNQA20150630_103456_V06,0,0.483,1.200,6185,0,17156.758,673,0,15186.681
KNQA20150630-2,KNQA20150630_103456_V06,2,0.879,1.200,6182,0,13939.381,635,0,12087.843
KNQA20150630-2,KNQA20150630_103456_V06,4,1.318,1.200,6186,0,13001.221,821,0,11314.121
KNQA20150630-2,KNQA20150630_103456_V06,8,1.802,1.200,3098,0,6028.561,500,0,4163.656
KNQA20150630-2,KNQA20150630_103456_V06,9,2.417,1.200,3094,0,1702.320,377,0,1377.281
KNQA20150630-2,KNQA20150630_103456_V06,10,3.120,1.200,3097,0,1485.285,546,0,1047.985
KNQA20150630-2,KNQA20150630_103456_V06,11,3.999,1.200,3100,0,531.778,1104,0,312.815
KNQA20150630-2,KNQA20150630_103456_V06,12,5.098,1.200,3115,0,148.250,850,0,55.649
KNQA20150630-2,KNQA20150630_103456_V06,13,6.416,1.200,3114,0,46.949,506,0,17.887
KNQA20150630-2,KNQA20150630_103456_V06,14,7.998,1.200,3124,0,15.554,426,0,3.790
KNQA20150630-4,KNQA20150630_114935_V06,0,0.483,1.200,7032,0,22336.758,137,0,16959.666
KNQA20150630-4,KNQA20150630_114935_V06,2,0.879,1.200,7037,0,284.781,6,0,144.861
KNQA20150630-4,KNQA20150630_114935_V06,4,1.318,1.200,7027,0,33.567,0,0,33.567
KNQA20150701-1,KNQA20150701_102749_V06,0,0.483,1.200,1654,0,20312.936,69,0,19179.616
KNQA20150701-1,KNQA20150701_102749_V06,2,1.450,1.200,1653,0,2124.726,155,0,1835.699
KNQA20150701-1,KNQA20150701_102749_V06,4,2.417,1.200,831,0,33.077,23,0,28.692
KNQA20150701-1,KNQA20150701_102749_V06,5,3.384,1.200,831,0,3.859,26,0,2.565
KNQA20150701-1,KNQA20150701_102749_V06,6,4.307,1.200,829,0,7.225,18,0,4.874
KNQA20150701-1,KNQA20150701_102749_V06,7,6.021,1.200,832,0,2.284,10,0,1.911
KNQA20150701-1,KNQA20150701_102749_V06,8,9.888,1.200,840,0,0.239,0,0,0.239
KNQA20150701-1,KNQA20150701_103245_V06,0,0.483,1.200,5551,0,27011.687,257,0,25775.821
KNQA20150701-1,KNQA20150701_103245_V06,2,1.450,1.200,5559,0,9171.851,433,0,8217.088
KNQA20150701-1,KNQA20150701_103245_V06,4,2.417,1.200,2779,0,944.515,179,0,633.853
KNQA20150701-1,KNQA20150701_103245_V06,5,3.384,1.200,2780,0,273.824,114,0,182.943
KNQA20150701-1,KNQA20150701_103245_V06,6,4.307,1.200,2783,0,80.495,143,0,68.514
KNQA20150701-1,KNQA20150701_103245_V06,7,6.021,1.200,2791,0,25.405,317,0,12.321
KNQA20150701-1,KNQA20150701_103245_V06,8,9.888,1.200,2823,0,8.260,209,0,2.518
KNQA20150701-1,KNQA20150701_103739_V06,0,0.483,1.200,7824,0,29349.672,401,0,27710.186
KNQA20150701-1,KNQA20150701_103739_V06,2,1.450,1.200,7824,0,13762.876,597,0,12831.565
KNQA20150701-1,KNQA20150701_103739_V06,4,2.417,1.200,3911,0,2305.310,247,0,1881.023
KNQA20150701-1,KNQA20150701_103739_V06,5,3.384,1.200,3920,0,616.147,213,0,443.280
KNQA20150701-1,KNQA20150701_103739_V06,6,4.307,1.200,3929,0,301.227,222,0,200.964
KNQA20150701-1,KNQA20150701_103739_V06,7,6.021,1.200,3940,0,80.902,421,0,37.508
KNQA20150701-1,KNQA20150701_103739_V06,8,9.888,1.200,3972,0,21.818,544,0,5.213
KNQA20150701-1,KNQA20150701_104234_V06,0,0.483,1.200,8217,0,21030.969,399,0,19858.953
KNQA20150701-1,KNQA20150701_104234_V06,2,1.450,1.200,8223,0,14198.159,645,0,12996.273
KNQA20150701-1,KNQA20150701_104234_V06,4,2.417,1.200,4114,0,3317.630,356,0,2557.414
KNQA20150701-1,KNQA20150701_104234_V06,5,3.384,1.200,4114,0,600.611,291,0,367.195
KNQA20150701-1,KNQA20150701_104234_V06,6,4.307,1.200,4122,0,288.310,235,0,162.145
KNQA20150701-1,KNQA20150701_104234_V06,7,6.021,1.200,4136,0,231.883,462,0,161.060
KNQA20150701-1,KNQA20150701_104234_V06,8,9.888,1.200,4171,0,24.532,602,0,7.363
KNQA20150701-3,KNQA20150701_110216_V06,0,0.483,1.200,707,0,389533.602,538,0,41511.258
KNQA20150701-4,KNQA20150701_115104_V06,0,0.483,1.200,1537,0,1564696.632,987,0,49490.821
KNQA20150701-4,KNQA20150701_115104_V06,2,0.879,1.200,1530,0,1956448.085,940,0,188912.892
KNQA20150701-6,KNQA20150701_120304_V06,0,0.483,1.200,20230,919,66579182.666,11328,125,4210872.234
KNQA20150701-6,KNQA20150701_120304_V06,2,0.879,1.200,20236,927,82350552.221,10838,237,14010628.973
KNQA20150701-6,KNQA20150701_120304_V06,4,1.318,1.200,20242,698,62880443.913,11483,139,8154407.289
KNQA20150702-8,KNQA20150702_103139_V06,0,0.483,1.200,1628,0,37230.020,89,0,35763.768
KNQA20150702-8,KNQA20150702_103139_V06,2,0.879,1.200,1628,0,15095.026,105,0,13985.057
KNQA20150702-8,KNQA20150702_103139_V06,4,1.318,1.200,1627,0,3019.928,223,0,2516.178
KNQA20150702-8,KNQA20150702_103139_V06,6,1.802,1.200,817,0,329.884,75,0,200.003
KNQA20150702-8,KNQA20150702_103139_V06,7,2.417,1.200,816,0,42.980,36,0,31.381
KNQA20150702-8,KNQA20150702_103139_V06,10,3.120,1.200,818,0,12.447,15,0,11.572
KNQA20150702-8,KNQA20150702_103139_V06,11,3.999,1.200,816,0,0.999,1,0,0.981
KNQA20150702-8,KNQA20150702_103139_V06,12,5.098,1.200,815,0,0.279,0,0,0.279
KNQA20150702-8,KNQA20150702_103139_V06,13,6.416,1.200,816,0,0.214,0,0,0.214
KNQA20150702-8,KNQA20150702_103139_V06,14,7.998,1.200,822,0,0.826,1,0,0.573
KNQA20150702-8,KNQA20150702_103139_V06,15,10.020,1.200,824,0,553.062,312,0,5.405
KNQA20150702-8,KNQA20150702_103632_V06,0,0.483,1.200,5540,0,58144.014,497,0,55647.332
KNQA20150702-8,KNQA20150702_103632_V06,2,0.879,1.200,5540,0,29437.572,629,0,28069.835
KNQA20150702-8,KNQA20150702_103632_V06,4,1.318,1.200,5542,0,16231.373,840,0,14989.758
KNQA20150702-8,KNQA20150702_103632_V06,6,1.802,1.200,2770,0,3293.525,285,0,2293.702
KNQA20150702-8,KNQA20150702_103632_V06,7,2.417,1.200,2770,0,781.979,200,0,427.184
KNQA20150702-8,KNQA20150702_103632_V06,10,3.120,1.200,2778,0,491.272,182,0,195.046
KNQA20150702-8,KNQA20150702_103632_V06,11,3.999,1.200,2778,0,88.589,94,0,46.469
KNQA20150702-8,KNQA20150702_103632_V06,12,5.098,1.200,2783,0,7.793,30,0,5.477
KNQA20150702-8,KNQA20150702_103632_V06,13,6.416,1.200,2793,0,17.014,25,0,1.967
KNQA20150702-8,KNQA20150702_103632_V06,14,7.998,1.200,2799,0,1346.971,375,0,2.133
KNQA20150702-8,KNQA20150702_103632_V06,15,10.020,1.200,2815,0,2627.204,1199,0,9.067
KNQA20150702-8,KNQA20150702_104124_V06,0,0.483,1.200,8802,0,32440.340,840,0,29081.834
KNQA20150702-8,KNQA20150702_104124_V06,2,0.879,1.200,8800,0,18806.477,1032,0,16556.248
KNQA20150702-8,KNQA20150702_104124_V06,4,1.318,1.200,8800,0,18017.289,1250,0,15726.006
KNQA20150702-8,KNQA20150702_104124_V06,6,1.802,1.200,4407,0,10166.437,585,0,6306.568
KNQA20150702-8,KNQA20150702_104124_V06,7,2.417,1.200,4402,0,2566.180,479,0,1200.900
KNQA20150702-8,KNQA20150702_104124_V06,10,3.120,1.200,4408,0,840.750,379,0,393.145
KNQA20150702-8,KNQA20150702_104124_V06,11,3.999,1.200,4418,0,558.078,337,0,251.672
KNQA20150702-8,KNQA20150702_104124_V06,12,5.098,1.200,4423,0,77.668,189,0,39.228
KNQA20150702-8,KNQA20150702_104124_V06,13,6.416,1.200,4430,0,64.108,157,0,36.817
KNQA20150702-8,KNQA20150702_104124_V06,14,7.998,1.200,4446,0,1737.380,705,0,4.134
KNQA20150702-8,KNQA20150702_104124_V06,15,10.020,1.200,4473,0,3126.917,1676,0,17.003
KNQA20150702-8,KNQA20150702_104124_V06,16,12.480,1.200,4512,0,2187.425,2338,0,40.550
KNQA20150702-10,KNQA20150702_103139_V06,0,0.483,1.200,15243,0,268271.605,1257,0,1855.319
KNQA20150702-10,KNQA20150702_103139_V06,2,0.879,1.200,15241,0,328544.381,1075,0,2709.465
KNQA20150702-10,KNQA20150702_103139_V06,4,1.318,1.200,15250,0,806538.612,1221,0,58459.289
KNQA20150702-10,KNQA20150702_103139_V06,6,1.802,1.200,7637,0,1511467.792,882,0,48146.278
KNQA20150702-10,KNQA20150702_103139_V06,7,2.417,1.200,7639,0,1147849.465,1389,0,13966.612
KNQA20150702-10,KNQA20150702_103139_V06,10,3.120,1.200,7637,0,543980.981,1669,0,5235.868
KNQA20150702-10,KNQA20150702_103632_V06,0,0.483,1.200,19666,0,247037.655,1360,0,1357.469
KNQA20150702-10,KNQA20150702_103632_V06,2,0.879,1.200,19671,0,328042.296,1106,0,3509.081
KNQA20150702-10,KNQA20150702_103632_V06,4,1.318,1.200,19681,0,761539.596,1430,0,78923.910
KNQA20150702-10,KNQA20150702_103632_V06,6,1.802,1.200,9854,1,1069533.029,1040,0,41727.005
KNQA20150702-10,KNQA20150702_103632_V06,7,2.417,1.200,9848,0,974808.473,1599,0,17330.990
KNQA20150702-10,KNQA20150702_103632_V06,10,3.120,1.200,9866,0,351681.992,1814,0,6723.711
KNQA20150702-10,KNQA20150702_104124_V06,0,0.483,1.200,12080,0,175705.668,807,0,1080.937
KNQA20150702-10,KNQA20150702_104124_V06,2,0.879,1.200,12074,0,228936.445,687,0,864.208
KNQA20150702-10,KNQA20150702_104124_V06,4,1.318,1.200,12076,0,390684.023,939,0,35267.012
KNQA20150702-10,KNQA20150702_104124_V06,6,1.802,1.200,6039,0,507037.307,766,0,29360.372
KNQA20150702-10,KNQA20150702_104124_V06,7,2.417,1.200,6060,0,659293.701,1275,0,18812.601
KNQA20150702-10,KNQA20150702_104617_V06,0,0.483,1.200,15088,0,128248.207,1473,0,4104.778
KNQA20150702-10,KNQA20150702_104617_V06,2,0.879,1.200,15086,0,148431.459,739,0,1811.797
KNQA20150702-10,KNQA20150702_104617_V06,4,1.318,1.200,15090,0,235111.450,1028,0,17521.308
KNQA20150702-10,KNQA20150702_104617_V06,6,1.802,1.200,7553,0,460649.528,865,0,38356.288
KNQA20150702-10,KNQA20150702_104617_V06,7,2.417,1.200,7551,0,661563.706,1386,0,61149.678
KNQA20150702-38,KNQA20150702_120953_V06,0,0.483,1.200,2206,0,229315.142,920,0,5132.870
KNQA20150702-38,KNQA20150702_120953_V06,2,0.879,1.200,2213,0,464842.475,1067,0,18785.565
KNQA20150702-38,KNQA20150702_120953_V06,4,1.318,1.200,2208,0,636133.965,875,0,78788.106
KNQA20150702-38,KNQA20150702_121513_V06,0,0.483,1.200,4104,0,296760.331,1325,0,4310.721
KNQA20150702-38,KNQA20150702_121513_V06,2,0.879,1.200,4110,0,615148.732,1609,0,9557.382
KNQA20150702-38,KNQA20150702_121513_V06,4,1.318,1.200,4113,0,1208901.945,1414,0,104294.265
KNQA20150702-2,KNQA20150702_095622_V06,0,0.483,1.200,4672,0,40085.850,1116,0,913.183
KNQA20150702-2,KNQA20150702_095622_V06,2,0.879,1.200,4676,0,48755.562,1051,0,567.204
KNQA20150702-2,KNQA20150702_095622_V06,4,1.318,1.200,4674,0,59041.448,996,0,421.404
KNQA20150702-2,KNQA20150702_095622_V06,6,1.802,1.200,2389,0,108598.216,470,0,3553.755
KNQA20150702-2,KNQA20150702_095622_V06,9,2.417,1.200,2395,0,324439.598,618,0,26107.770
KNQA20150702-2,KNQA20150702_095622_V06,10,3.120,1.200,2345,0,114431.578,743,0,2078.587
KNQA20150702-2,KNQA20150702_100101_V06,0,0.483,1.200,3344,0,24931.957,809,0,748.812
KNQA20150702-2,KNQA20150702_100101_V06,2,0.879,1.200,3337,0,33704.857,776,0,444.944
KNQA20150702-2,KNQA20150702_100101_V06,4,1.318,1.200,3341,0,60427.153,875,0,494.468
KNQA20150702-2,KNQA20150702_100101_V06,8,1.802,1.200,1667,0,123936.510,408,0,5166.552
KNQA20150702-2,KNQA20150702_100101_V06,9,2.417,1.200,1676,0,251435.799,566,0,25480.609
KNQA20150702-2,KNQA20150702_100101_V06,10,3.120,1.200,1669,0,71397.858,552,0,1305.837
KNQA20150702-7,KNQA20150702_101958_V06,0,0.483,1.200,5228,0,9509.810,2389,0,1476.122
KNQA20150702-7,KNQA20150702_101958_V06,2,0.879,1.200,5225,0,7327.370,2392,0,1004.210
KNQA20150702-7,KNQA20150702_101958_V06,4,1.318,1.200,5223,0,5353.958,2481,0,394.869
KNQA20150702-7,KNQA20150702_101958_V06,6,1.802,1.200,2617,0,2558.570,263,0,300.393
KNQA20150702-7,KNQA20150702_101958_V06,7,2.417,1.200,2613,0,3099.815,150,0,177.739
KNQA20150702-7,KNQA20150702_101958_V06,10,3.120,1.200,2615,0,910.481,268,0,55.658
KNQA20150702-7,KNQA20150702_101958_V06,11,3.999,1.200,2623,0,1083.739,231,0,91.084
KNQA20150702-7,KNQA20150702_101958_V06,12,5.098,1.200,2631,0,7635.135,438,0,93.503
KNQA20150702-7,KNQA20150702_101958_V06,13,6.416,1.200,2641,0,28363.160,1043,0,28.351
KNQA20150702-7,KNQA20150702_101958_V06,14,7.998,1.200,2643,0,42249.141,1851,0,17.873
KNQA20150703-5,KNQA20150703_113107_V06,0,0.483,1.200,3903,0,80821.929,308,0,51777.820
KNQA20150703-5,KNQA20150703_113107_V06,2,0.879,1.200,3911,0,204.294,0,0,204.294
KNQA20150703-5,KNQA20150703_113107_V06,4,1.318,1.200,3909,0,16.369,0,0,16.369
KNQA20150703-5,KNQA20150703_113629_V06,0,0.483,1.200,6067,0,112760.584,520,0,69729.513
KNQA20150703-5,KNQA20150703_113629_V06,2,0.879,1.200,6062,0,1066.892,12,0,769.567
KNQA20150703-5,KNQA20150703_113629_V06,4,1.318,1.200,6084,0,486.796,4,0,71.255
KNQA20150703-4,KNQA20150703_112540_V06,0,0.483,1.200,1668,0,27182.943,126,0,4623.879
KNQA20150703-4,KNQA20150703_112540_V06,2,0.879,1.200,1664,0,49353.396,143,0,5290.466
KNQA20150703-4,KNQA20150703_112540_V06,4,1.318,1.200,1665,0,18878.781,111,0,2366.928
KNQA20150704-4,KNQA20150704_103006_V06,0,0.483,1.200,2107,0,31385.609,193,0,27648.794
KNQA20150704-4,KNQA20150704_103006_V06,2,0.879,1.200,2105,0,6556.396,262,0,5252.155
KNQA20150704-4,KNQA20150704_103006_V06,4,1.318,1.200,2108,0,1269.291,375,0,908.036
KNQA20150704-4,KNQA20150704_103006_V06,8,1.802,1.200,1061,0,159.448,34,0,88.573
KNQA20150704-4,KNQA20150704_103006_V06,9,2.417,1.200,1058,0,3.704,2,0,3.565
KNQA20150704-4,KNQA20150704_103006_V06,10,3.120,1.200,1058,0,2.495,1,0,2.463
KNQA20150704-4,KNQA20150704_103006_V06,11,3.999,1.200,1055,0,3.974,5,0,3.802
KNQA20150704-4,KNQA20150704_103006_V06,12,5.098,1.200,1060,0,0.639,4,0,0.527
KNQA20150704-4,KNQA20150704_103006_V06,13,6.416,1.200,1061,0,0.781,1,0,0.736
KNQA20150704-4,KNQA20150704_103006_V06,14,7.998,1.200,1070,0,0.865,2,0,0.586
KNQA20150704-4,KNQA20150704_103430_V06,0,0.483,1.200,5963,0,53807.904,743,0,49955.423
KNQA20150704-4,KNQA20150704_103430_V06,2,0.879,1.200,5960,0,14408.980,767,0,12965.948
KNQA20150704-4,KNQA20150704_103430_V06,4,1.318,1.200,5967,0,6756.257,1006,0,5093.435
KNQA20150704-4,KNQA20150704_103430_V06,8,1.802,1.200,2984,0,3313.436,278,0,1628.957
KNQA20150704-4,KNQA20150704_103430_V06,9,2.417,1.200,2990,0,1725.513,210,0,720.948
KNQA20150704-4,KNQA20150704_103430_V06,10,3.120,1.200,2986,0,111.032,98,0,81.049
KNQA20150704-4,KNQA20150704_103430_V06,11,3.999,1.200,2997,0,8.980,35,0,7.629
KNQA20150704-4,KNQA20150704_103430_V06,12,5.098,1.200,2991,0,6.736,15,0,6.415
KNQA20150704-4,KNQA20150704_103430_V06,13,6.416,1.200,3008,0,4.964,41,0,3.990
KNQA20150704-4,KNQA20150704_103430_V06,14,7.998,1.200,3016,0,2.847,68,0,1.275
KNQA20150704-4,KNQA20150704_104104_V06,0,0.483,1.200,7205,0,37267.314,866,0,34473.382
KNQA20150704-4,KNQA20150704_104104_V06,2,0.879,1.200,7212,0,14114.802,1086,0,12870.881
KNQA20150704-4,KNQA20150704_104104_V06,4,1.318,1.200,7210,0,9135.592,1257,0,7884.198
KNQA20150704-4,KNQA20150704_104104_V06,8,1.802,1.200,3614,0,5337.177,270,0,3713.666
KNQA20150704-4,KNQA20150704_104104_V06,9,2.417,1.200,3612,0,4447.779,355,0,3006.188
KNQA20150704-4,KNQA20150704_104104_V06,10,3.120,1.200,3613,0,1846.840,294,0,1199.280
KNQA20150704-4,KNQA20150704_104104_V06,11,3.999,1.200,3620,0,551.158,147,0,291.453
KNQA20150704-4,KNQA20150704_104104_V06,12,5.098,1.200,3627,0,57.512,64,0,39.594
KNQA20150704-4,KNQA20150704_104104_V06,13,6.416,1.200,3642,0,4.305,28,0,3.597
KNQA20150704-4,KNQA20150704_104104_V06,14,7.998,1.200,3644,0,3.372,70,0,1.822
KNQA20150704-4,KNQA20150704_104536_V06,0,0.483,1.200,11489,0,29427.605,1850,0,25345.911
KNQA20150704-4,KNQA20150704_104536_V06,2,0.879,1.200,11483,0,8169.997,1646,0,7333.495
KNQA20150704-4,KNQA20150704_104536_V06,4,1.318,1.200,11492,0,5614.890,2080,0,4792.586
KNQA20150704-4,KNQA20150704_104536_V06,8,1.802,1.200,5742,0,2962.299,366,0,2017.964
KNQA20150704-4,KNQA20150704_104536_V06,9,2.417,1.200,5759,0,3642.703,449,0,2003.234
KNQA20150704-4,KNQA20150704_104536_V06,10,3.120,1.200,5758,0,2589.730,424,0,1290.013
KNQA20150704-4,KNQA20150704_104536_V06,11,3.999,1.200,5762,0,530.444,273,0,338.048
KNQA20150704-4,KNQA20150704_104536_V06,12,5.098,1.200,5770,0,444.584,209,0,316.306
KNQA20150704-4,KNQA20150704_104536_V06,13,6.416,1.200,5783,0,173.812,129,0,103.678
KNQA20150704-7,KNQA20150704_104104_V06,0,0.483,1.200,2690,0,8256.644,65,0,5932.575
KNQA20150704-7,KNQA20150704_104104_V06,2,0.879,1.200,2689,0,1515.155,30,0,839.225
KNQA20150704-7,KNQA20150704_104104_V06,4,1.318,1.200,2688,0,8.959,0,0,8.959
KNQA20150704-7,KNQA20150704_104104_V06,8,1.802,1.200,1347,0,8.993,0,0,8.993
KNQA20150704-7,KNQA20150704_104536_V06,0,0.483,1.200,4205,0,27171.906,237,0,17417.732
KNQA20150704-7,KNQA20150704_104536_V06,2,0.879,1.200,4208,0,4468.540,76,0,2691.938
KNQA20150704-7,KNQA20150704_104536_V06,4,1.318,1.200,4203,0,14.075,0,0,14.075
KNQA20150704-7,KNQA20150704_104536_V06,8,1.802,1.200,2107,0,14.132,0,0,14.132
KNQA20150704-7,KNQA20150704_104955_V06,0,0.483,1.200,6432,0,44151.059,454,0,27901.037
KNQA20150704-7,KNQA20150704_104955_V06,2,0.879,1.200,6420,0,17357.493,254,0,11067.126
KNQA20150704-7,KNQA20150704_104955_V06,4,1.318,1.200,6433,0,48.909,1,0,36.959
KNQA20150705-5,KNQA20150705_103003_V06,0,0.483,1.200,1064,0,185307.140,34,0,170877.475
KNQA20150705-5,KNQA20150705_103003_V06,2,0.879,1.200,1060,0,81912.576,32,0,76291.063
KNQA20150705-5,KNQA20150705_103003_V06,4,1.318,1.200,1062,0,17913.033,82,0,15952.216
KNQA20150705-5,KNQA20150705_103003_V06,8,1.802,1.200,534,0,1111.619,74,0,867.401
KNQA20150705-5,KNQA20150705_103003_V06,9,2.417,1.200,531,0,5.655,2,0,3.170
KNQA20150705-5,KNQA20150705_103003_V06,10,3.120,1.200,535,0,1.244,0,0,1.244
KNQA20150705-5,KNQA20150705_103003_V06,11,3.999,1.200,533,0,1.588,0,0,1.588
KNQA20150705-5,KNQA20150705_103003_V06,12,5.098,1.200,531,0,0.751,2,0,0.187
KNQA20150705-5,KNQA20150705_103003_V06,13,6.416,1.200,535,0,0.494,0,0,0.494
KNQA20150705-5,KNQA20150705_103403_V06,0,0.483,1.200,3306,0,101959.912,194,0,95476.200
KNQA20150705-5,KNQA20150705_103403_V06,2,0.879,1.200,3308,0,124968.006,209,0,110345.488
KNQA20150705-5,KNQA20150705_103403_V06,4,1.318,1.200,3307,0,96085.472,330,0,81380.190
KNQA20150705-5,KNQA20150705_103403_V06,8,1.802,1.200,1660,0,24951.580,318,0,17340.725
KNQA20150705-5,KNQA20150705_103403_V06,9,2.417,1.200,1658,0,2955.090,201,0,1908.150
KNQA20150705-5,KNQA20150705_103403_V06,10,3.120,1.200,1663,0,194.668,38,0,163.212
KNQA20150705-5,KNQA20150705_103403_V06,11,3.999,1.200,1663,0,10.100,4,0,8.108
KNQA20150705-5,KNQA20150705_103403_V06,12,5.098,1.200,1664,0,1.487,2,0,0.943
KNQA20150705-5,KNQA20150705_103403_V06,13,6.416,1.200,1666,0,0.709,1,0,0.668
KNQA20150705-5,KNQA20150705_103802_V06,0,0.483,1.200,6503,0,59149.162,661,0,54730.323
KNQA20150705-5,KNQA20150705_103802_V06,2,0.879,1.200,6505,0,65409.241,602,0,59696.731
KNQA20150705-5,KNQA20150705_103802_V06,4,1.318,1.200,6508,0,87730.926,810,0,77692.407
KNQA20150705-5,KNQA20150705_103802_V06,8,1.802,1.200,3251,0,50524.287,721,0,33536.152
KNQA20150705-5,KNQA20150705_103802_V06,9,2.417,1.200,3256,0,22747.922,713,0,11486.006
KNQA20150705-5,KNQA20150705_103802_V06,10,3.120,1.200,3255,0,4816.218,353,0,2850.440
KNQA20150705-5,KNQA20150705_103802_V06,11,3.999,1.200,3255,0,571.500,134,0,350.551
KNQA20150705-5,KNQA20150705_103802_V06,12,5.098,1.200,3268,0,103.944,50,0,74.024
KNQA20150705-5,KNQA20150705_103802_V06,13,6.416,1.200,3271,0,14.456,21,0,4.325
KNQA20150705-5,KNQA20150705_104201_V06,0,0.483,1.200,10447,0,66213.929,1132,0,62494.181
KNQA20150705-5,KNQA20150705_104201_V06,2,0.879,1.200,10444,0,45656.169,977,0,42543.879
KNQA20150705-5,KNQA20150705_104201_V06,4,1.318,1.200,10449,0,49745.156,1539,0,44335.643
KNQA20150705-5,KNQA20150705_104201_V06,8,1.802,1.200,5222,0,44450.160,1502,0,26001.158
KNQA20150705-5,KNQA20150705_104201_V06,9,2.417,1.200,5220,0,37391.016,1223,0,21202.717
KNQA20150705-5,KNQA20150705_104201_V06,10,3.120,1.200,5224,0,10664.891,775,0,5131.365
KNQA20150705-5,KNQA20150705_104201_V06,11,3.999,1.200,5235,0,3338.896,377,0,1494.855
KNQA20150705-5,KNQA20150705_104201_V06,12,5.098,1.200,5241,0,385.570,151,0,232.304
KNQA20150705-5,KNQA20150705_104201_V06,13,6.416,1.200,5258,0,170.157,81,0,104.451
KNQA20150705-1,KNQA20150705_102204_V06,0,0.483,1.200,1992,0,34905.105,230,0,29939.374
KNQA20150705-1,KNQA20150705_102204_V06,2,0.879,1.200,1987,0,17848.690,224,0,16300.912
KNQA20150705-1,KNQA20150705_102204_V06,4,1.318,1.200,1988,0,3432.692,340,0,2826.957
KNQA20150705-1,KNQA20150705_102204_V06,8,1.802,1.200,996,0,168.956,97,0,103.204
KNQA20150705-1,KNQA20150705_102204_V06,9,2.417,1.200,992,0,11.439,15,0,7.350
KNQA20150705-1,KNQA20150705_102204_V06,10,3.120,1.200,995,0,4.393,2,0,4.194
KNQA20150705-1,KNQA20150705_102204_V06,11,3.999,1.200,997,0,3.069,3,0,2.774
KNQA20150705-1,KNQA20150705_102204_V06,12,5.098,1.200,1002,0,0.751,3,0,0.513
KNQA20150705-1,KNQA20150705_102204_V06,13,6.416,1.200,1005,0,0.477,0,0,0.477
KNQA20150705-1,KNQA20150705_102603_V06,0,0.483,1.200,6048,0,70928.656,1178,0,63676.395
KNQA20150705-1,KNQA20150705_102603_V06,2,0.879,1.200,6042,0,37323.295,946,0,32139.903
KNQA20150705-1,KNQA20150705_102603_V06,4,1.318,1.200,6049,0,17355.914,1034,0,14865.705
KNQA20150705-1,KNQA20150705_102603_V06,8,1.802,1.200,3023,0,4644.285,501,0,2910.841
KNQA20150705-1,KNQA20150705_102603_V06,9,2.417,1.200,3027,0,608.596,306,0,321.277
KNQA20150705-1,KNQA20150705_102603_V06,10,3.120,1.200,3030,0,70.034,154,0,44.052
KNQA20150705-1,KNQA20150705_102603_V06,11,3.999,1.200,3035,0,19.925,80,0,11.626
KNQA20150705-1,KNQA20150705_102603_V06,12,5.098,1.200,3032,0,15.802,47,0,11.118
KNQA20150705-1,KNQA20150705_102603_V06,13,6.416,1.200,3045,0,3.198,30,0,2.587
KNQA20150705-3,KNQA20150705_102204_V06,0,0.483,1.200,12430,5,21117.424,2296,1,18551.821
KNQA20150705-3,KNQA20150705_102204_V06,2,0.879,1.200,12429,0,2991.658,1998,0,2513.777
KNQA20150705-3,KNQA20150705_102204_V06,4,1.318,1.200,12429,0,516.356,2004,0,400.026
KNQA20150705-3,KNQA20150705_102204_V06,8,1.802,1.200,6215,0,101.321,1988,0,49.505
KNQA20150705-3,KNQA20150705_102204_V06,9,2.417,1.200,6218,0,44.564,1411,0,24.748
KNQA20150705-3,KNQA20150705_102204_V06,10,3.120,1.200,6224,0,23.181,1042,0,12.973
KNQA20150705-3,KNQA20150705_102204_V06,11,3.999,1.200,6226,0,9.873,707,0,6.775
KNQA20150705-3,KNQA20150705_102204_V06,12,5.098,1.200,6237,0,5.902,370,0,4.827
KNQA20150705-3,KNQA20150705_102204_V06,13,6.416,1.200,6247,0,11.501,223,0,10.899
KNQA20150705-7,KNQA20150705_104804_V06,0,0.483,1.200,964,0,5756.055,46,0,4946.782
KNQA20150705-7,KNQA20150705_104804_V06,2,0.879,1.200,968,0,156.203,8,0,88.688
KNQA20150705-7,KNQA20150705_104804_V06,4,1.318,1.200,972,0,2.146,0,0,2.146
KNQA20150705-7,KNQA20150705_104804_V06,8,1.802,1.200,482,0,2.127,0,0,2.127
KNQA20150706-1,KNQA20150706_102310_V06,0,0.483,1.200,3747,0,88545.447,186,0,88206.596
KNQA20150706-1,KNQA20150706_102310_V06,2,1.494,1.200,3749,0,9819.453,349,0,9314.038
KNQA20150706-1,KNQA20150706_102310_V06,4,2.505,1.200,1874,0,219.465,34,0,211.641
KNQA20150706-1,KNQA20150706_102310_V06,5,3.516,1.200,1875,0,6.557,20,0,5.575
KNQA20150706-1,KNQA20150706_102310_V06,6,4.482,1.200,1875,0,3.296,13,0,2.925
KNQA20150706-1,KNQA20150706_103252_V06,0,0.483,1.200,9070,0,81242.678,322,0,80451.138
KNQA20150706-1,KNQA20150706_103252_V06,2,1.494,1.200,9075,0,76242.811,388,0,74530.079
KNQA20150706-1,KNQA20150706_103252_V06,4,2.505,1.200,4537,0,10940.696,134,0,10359.452
KNQA20150706-1,KNQA20150706_103252_V06,5,3.516,1.200,4545,0,1099.573,76,0,1038.341
KNQA20150706-1,KNQA20150706_103252_V06,6,4.482,1.200,4551,0,279.836,42,0,254.214
KNQA20150706-1,KNQA20150706_104234_V06,0,0.483,1.200,14723,0,51361.366,467,0,49999.956
KNQA20150706-1,KNQA20150706_104234_V06,2,1.494,1.200,14728,0,23001.299,902,0,22094.431
KNQA20150706-1,KNQA20150706_104234_V06,4,2.505,1.200,7366,0,15260.191,338,0,14824.492
KNQA20150706-1,KNQA20150706_104234_V06,5,3.516,1.200,7380,0,4822.862,388,0,4532.035
KNQA20150706-1,KNQA20150706_104234_V06,6,4.482,1.200,7388,0,1377.614,343,0,1231.070
KNQA20150707-1,KNQA20150707_102457_V06,0,0.483,1.200,1887,0,22382.231,216,0,20431.148
KNQA20150707-1,KNQA20150707_102457_V06,2,0.879,1.200,1890,0,5756.779,214,0,5035.435
KNQA20150707-1,KNQA20150707_102457_V06,4,1.318,1.200,1890,0,783.412,386,0,620.391
KNQA20150707-1,KNQA20150707_102457_V06,8,1.802,1.200,942,0,60.080,80,0,41.999
KNQA20150707-1,KNQA20150707_102457_V06,9,2.417,1.200,938,0,11.729,33,0,9.853
KNQA20150707-1,KNQA20150707_102457_V06,10,3.120,1.200,943,0,8.549,14,0,7.509
KNQA20150707-1,KNQA20150707_102457_V06,11,3.999,1.200,944,0,3.219,5,0,3.043
KNQA20150707-1,KNQA20150707_102457_V06,12,5.098,1.200,950,0,0.786,1,0,0.565
KNQA20150707-1,KNQA20150707_102457_V06,13,6.416,1.200,952,0,0.250,0,0,0.250
KNQA20150707-1,KNQA20150707_102856_V06,0,0.483,1.200,5033,2,169883.334,512,2,166882.881
KNQA20150707-1,KNQA20150707_102856_V06,2,0.879,1.200,5042,0,51963.150,652,0,46063.416
KNQA20150707-1,KNQA20150707_102856_V06,4,1.318,1.200,5043,0,12591.942,881,0,10111.441
KNQA20150707-1,KNQA20150707_102856_V06,8,1.802,1.200,2530,0,2448.331,212,0,1799.349
KNQA20150707-1,KNQA20150707_102856_V06,9,2.417,1.200,2525,0,66.865,103,0,53.888
KNQA20150707-1,KNQA20150707_102856_V06,10,3.120,1.200,2526,0,14.225,69,0,10.939
KNQA20150707-1,KNQA20150707_102856_V06,11,3.999,1.200,2528,0,7.079,47,0,5.073
KNQA20150707-1,KNQA20150707_102856_V06,12,5.098,1.200,2526,0,2.050,7,0,1.893
KNQA20150707-1,KNQA20150707_102856_V06,13,6.416,1.200,2546,0,0.981,3,0,0.876
KNQA20150707-1,KNQA20150707_103255_V06,0,0.483,1.200,5868,0,136780.817,499,0,132813.145
KNQA20150707-1,KNQA20150707_103255_V06,2,0.879,1.200,5869,0,78059.706,629,0,73030.593
KNQA20150707-1,KNQA20150707_103255_V06,4,1.318,1.200,5872,0,38802.922,849,0,34596.715
KNQA20150707-1,KNQA20150707_103255_V06,8,1.802,1.200,2946,0,13846.802,202,0,9679.867
KNQA20150707-1,KNQA20150707_103255_V06,9,2.417,1.200,2936,0,1296.868,152,0,817.689
KNQA20150707-1,KNQA20150707_103255_V06,10,3.120,1.200,2941,0,55.240,65,0,43.571
KNQA20150707-1,KNQA20150707_103255_V06,11,3.999,1.200,2943,0,7.302,24,0,6.460
KNQA20150707-1,KNQA20150707_103255_V06,12,5.098,1.200,2949,0,3.059,12,0,2.860
KNQA20150707-1,KNQA20150707_103255_V06,13,6.416,1.200,2957,0,1.369,2,0,1.295
KNQA20150707-1,KNQA20150707_103655_V06,0,0.483,1.200,8371,0,87029.754,677,0,81280.346
KNQA20150707-1,KNQA20150707_103655_V06,2,0.879,1.200,8371,0,49511.533,844,0,45756.758
KNQA20150707-1,KNQA20150707_103655_V06,4,1.318,1.200,8371,0,41110.796,1391,0,36732.332
KNQA20150707-1,KNQA20150707_103655_V06,8,1.802,1.200,4186,0,23983.481,499,0,16110.084
KNQA20150707-1,KNQA20150707_103655_V06,9,2.417,1.200,4186,0,7858.546,438,0,4469.027
KNQA20150707-1,KNQA20150707_103655_V06,10,3.120,1.200,4190,0,474.039,262,0,285.881
KNQA20150707-1,KNQA20150707_103655_V06,11,3.999,1.200,4192,0,53.373,121,0,39.911
KNQA20150707-1,KNQA20150707_103655_V06,12,5.098,1.200,4204,0,6.326,74,0,4.976
KNQA20150707-1,KNQA20150707_103655_V06,13,6.416,1.200,4220,0,3.120,22,0,2.725
KNQA20150707-1,KNQA20150707_104054_V06,0,0.483,1.200,17501,0,59263.683,1604,0,53946.283
KNQA20150707-1,KNQA20150707_104054_V06,2,0.879,1.200,17502,0,26083.511,1923,0,22764.742
KNQA20150707-1,KNQA20150707_104054_V06,4,1.318,1.200,17510,0,18300.940,2954,0,14741.937
KNQA20150707-1,KNQA20150707_104054_V06,8,1.802,1.200,8762,0,6682.820,1280,0,4260.209
KNQA20150707-1,KNQA20150707_104054_V06,9,2.417,1.200,8761,0,5439.346,1194,0,3261.762
KNQA20150707-1,KNQA20150707_104054_V06,10,3.120,1.200,8762,0,2435.238,1114,0,1048.714
KNQA20150707-1,KNQA20150707_104054_V06,11,3.999,1.200,8776,0,654.340,835,0,360.070
KNQA20150707-1,KNQA20150707_104054_V06,12,5.098,1.200,8800,0,96.594,539,0,51.691
KNQA20150707-1,KNQA20150707_104054_V06,13,6.416,1.200,8814,0,12.858,402,0,8.661
KNQA20150707-1,KNQA20150707_104454_V06,0,0.483,1.200,29319,9,49106.676,3178,6,41430.825
KNQA20150707-1,KNQA20150707_104454_V06,2,0.879,1.200,29330,0,20323.194,3801,0,16682.005
KNQA20150707-1,KNQA20150707_104454_V06,4,1.318,1.200,29322,0,11847.530,5423,0,9131.958
KNQA20150707-1,KNQA20150707_104454_V06,8,1.802,1.200,14646,0,5154.262,2928,0,3126.473
KNQA20150707-1,KNQA20150707_104454_V06,9,2.417,1.200,14672,0,4742.514,2626,0,2913.610
KNQA20150707-1,KNQA20150707_104454_V06,10,3.120,1.200,14688,0,4033.332,2632,0,2049.096
KNQA20150707-1,KNQA20150707_104454_V06,11,3.999,1.200,14693,0,2359.415,2464,0,1213.077
KNQA20150707-1,KNQA20150707_104454_V06,12,5.098,1.200,14723,0,268.261,1745,0,166.862
KNQA20150707-1,KNQA20150707_104454_V06,13,6.416,1.200,14765,0,104.789,1548,0,47.788
KNQA20150708-2,KNQA20150708_102305_V06,0,0.483,1.200,1245,0,17950.905,129,0,16185.787
KNQA20150708-2,KNQA20150708_102305_V06,2,0.879,1.200,1248,0,4881.223,149,0,4343.032
KNQA20150708-2,KNQA20150708_102305_V06,4,1.318,1.200,1246,0,531.598,239,0,396.518
KNQA20150708-2,KNQA20150708_102305_V06,8,1.802,1.200,619,0,39.884,40,0,33.691
KNQA20150708-2,KNQA20150708_102305_V06,9,2.417,1.200,619,0,5.427,17,0,4.286
KNQA20150708-2,KNQA20150708_102305_V06,10,3.120,1.200,620,0,2.051,2,0,1.982
KNQA20150708-2,KNQA20150708_102305_V06,11,3.999,1.200,623,0,1.712,1,0,1.663
KNQA20150708-2,KNQA20150708_102305_V06,12,5.098,1.200,622,0,0.782,0,0,0.782
KNQA20150708-2,KNQA20150708_102305_V06,13,6.416,1.200,628,0,0.195,0,0,0.195
KNQA20150708-2,KNQA20150708_102703_V06,0,0.483,1.200,3682,0,79751.407,317,0,71318.065
KNQA20150708-2,KNQA20150708_102703_V06,2,0.879,1.200,3681,0,21433.771,406,0,19051.002
KNQA20150708-2,KNQA20150708_102703_V06,4,1.318,1.200,3683,0,5650.043,556,0,4706.937
KNQA20150708-2,KNQA20150708_102703_V06,8,1.802,1.200,1845,0,1567.132,141,0,1148.025
KNQA20150708-2,KNQA20150708_102703_V06,9,2.417,1.200,1847,0,43.001,66,0,27.448
KNQA20150708-2,KNQA20150708_102703_V06,10,3.120,1.200,1846,0,6.485,34,0,4.798
KNQA20150708-2,KNQA20150708_102703_V06,11,3.999,1.200,1850,0,3.317,18,0,2.811
KNQA20150708-2,KNQA20150708_102703_V06,12,5.098,1.200,1847,0,1.355,1,0,1.276
KNQA20150708-2,KNQA20150708_102703_V06,13,6.416,1.200,1847,0,0.752,3,0,0.694
KNQA20150708-2,KNQA20150708_103101_V06,0,0.483,1.200,5914,0,115565.552,466,0,110831.437
KNQA20150708-2,KNQA20150708_103101_V06,2,0.879,1.200,5908,0,43257.606,487,0,40933.540
KNQA20150708-2,KNQA20150708_103101_V06,4,1.318,1.200,5908,0,21468.528,768,0,18829.419
KNQA20150708-2,KNQA20150708_103101_V06,8,1.802,1.200,2957,0,10498.624,281,0,7870.395
KNQA20150708-2,KNQA20150708_103101_V06,9,2.417,1.200,2958,0,2181.410,215,0,1452.307
KNQA20150708-2,KNQA20150708_103101_V06,10,3.120,1.200,2961,0,119.524,144,0,75.630
KNQA20150708-2,KNQA20150708_103101_V06,11,3.999,1.200,2967,0,11.499,144,0,6.914
KNQA20150708-2,KNQA20150708_103101_V06,12,5.098,1.200,2968,0,6.337,87,0,4.326
KNQA20150708-2,KNQA20150708_103101_V06,13,6.416,1.200,2972,0,3.750,44,0,2.684
KNQA20150708-2,KNQA20150708_103459_V06,0,0.483,1.200,8734,0,90312.906,637,0,85753.838
KNQA20150708-2,KNQA20150708_103459_V06,2,0.879,1.200,8730,0,47698.889,667,0,44581.252
KNQA20150708-2,KNQA20150708_103459_V06,4,1.318,1.200,8733,0,31143.307,1064,0,27524.996
KNQA20150708-2,KNQA20150708_103459_V06,8,1.802,1.200,4362,0,15091.919,550,0,11067.315
KNQA20150708-2,KNQA20150708_103459_V06,9,2.417,1.200,4366,0,6835.837,478,0,4028.637
KNQA20150708-2,KNQA20150708_103459_V06,10,3.120,1.200,4367,0,1829.487,362,0,958.434
KNQA20150708-2,KNQA20150708_103459_V06,11,3.999,1.200,4378,0,187.516,227,0,84.892
KNQA20150708-2,KNQA20150708_103459_V06,12,5.098,1.200,4385,0,57.470,203,0,26.077
KNQA20150708-2,KNQA20150708_103459_V06,13,6.416,1.200,4395,0,13.001,195,0,9.051
KNQA20150708-2,KNQA20150708_103858_V06,0,0.483,1.200,14520,0,93492.039,1235,0,89480.715
KNQA20150708-2,KNQA20150708_103858_V06,2,0.879,1.200,14526,0,43608.294,1297,0,40128.944
KNQA20150708-2,KNQA20150708_103858_V06,4,1.318,1.200,14532,0,29473.119,1900,0,25297.318
KNQA20150708-2,KNQA20150708_103858_V06,8,1.802,1.200,7259,0,13173.555,1120,0,9432.818
KNQA20150708-2,KNQA20150708_103858_V06,9,2.417,1.200,7254,0,7414.489,1004,0,4385.749
KNQA20150708-2,KNQA20150708_103858_V06,10,3.120,1.200,7271,0,1982.043,821,0,902.149
KNQA20150708-2,KNQA20150708_103858_V06,11,3.999,1.200,7286,0,847.997,683,0,390.570
KNQA20150708-2,KNQA20150708_103858_V06,12,5.098,1.200,7299,0,266.928,545,0,118.307
KNQA20150708-2,KNQA20150708_103858_V06,13,6.416,1.200,7319,0,85.084,437,0,29.765
KNQA20150709-1,KNQA20150709_102437_V06,0,0.483,1.200,1802,0,19337.215,168,0,17266.361
KNQA20150709-1,KNQA20150709_102437_V06,2,0.879,1.200,1802,0,6704.984,170,0,5858.636
KNQA20150709-1,KNQA20150709_102437_V06,4,1.318,1.200,1803,0,776.239,332,0,604.652
KNQA20150709-1,KNQA20150709_102437_V06,8,1.802,1.200,905,0,36.854,54,0,22.573
KNQA20150709-1,KNQA20150709_102437_V06,9,2.417,1.200,904,0,4.375,9,0,3.493
KNQA20150709-1,KNQA20150709_102437_V06,10,3.120,1.200,903,0,2.370,2,0,2.285
KNQA20150709-1,KNQA20150709_102437_V06,11,3.999,1.200,903,0,1.501,1,0,1.439
KNQA20150709-1,KNQA20150709_102437_V06,12,5.098,1.200,907,0,0.427,1,0,0.406
KNQA20150709-1,KNQA20150709_102437_V06,13,6.416,1.200,908,0,0.588,0,0,0.588
KNQA20150709-1,KNQA20150709_102855_V06,0,0.483,1.200,4555,2,113248.301,380,2,106126.794
KNQA20150709-1,KNQA20150709_102855_V06,2,0.879,1.200,4555,0,35562.171,514,0,32401.382
KNQA20150709-1,KNQA20150709_102855_V06,4,1.318,1.200,4558,0,9489.027,745,0,8134.217
KNQA20150709-1,KNQA20150709_102855_V06,8,1.802,1.200,2280,0,1482.356,152,0,866.126
KNQA20150709-1,KNQA20150709_102855_V06,9,2.417,1.200,2277,0,19.499,52,0,16.599
KNQA20150709-1,KNQA20150709_102855_V06,10,3.120,1.200,2283,0,4.115,5,0,3.803
KNQA20150709-1,KNQA20150709_102855_V06,11,3.999,1.200,2284,0,2.266,0,0,2.266
KNQA20150709-1,KNQA20150709_102855_V06,12,5.098,1.200,2286,0,1.089,0,0,1.089
KNQA20150709-1,KNQA20150709_102855_V06,13,6.416,1.200,2295,0,1.078,0,0,1.078
KNQA20150709-1,KNQA20150709_103313_V06,0,0.483,1.200,6096,0,142615.196,414,0,136872.125
KNQA20150709-1,KNQA20150709_103313_V06,2,0.879,1.200,6097,0,84839.523,606,0,80003.052
KNQA20150709-1,KNQA20150709_103313_V06,4,1.318,1.200,6094,0,47951.414,683,0,43654.111
KNQA20150709-1,KNQA20150709_103313_V06,8,1.802,1.200,3044,0,8517.961,201,0,6367.455
KNQA20150709-1,KNQA20150709_103313_V06,9,2.417,1.200,3051,0,630.655,99,0,516.489
KNQA20150709-1,KNQA20150709_103313_V06,10,3.120,1.200,3053,0,15.763,31,0,9.361
KNQA20150709-1,KNQA20150709_103313_V06,11,3.999,1.200,3063,0,2.962,5,0,2.816
KNQA20150709-1,KNQA20150709_103313_V06,12,5.098,1.200,3065,0,1.688,1,0,1.618
KNQA20150709-1,KNQA20150709_103313_V06,13,6.416,1.200,3070,0,1.170,1,0,1.155
KNQA20150709-1,KNQA20150709_103732_V06,0,0.483,1.200,7440,0,100415.467,519,0,93364.713
KNQA20150709-1,KNQA20150709_103732_V06,2,0.879,1.200,7442,0,66059.166,710,0,60340.183
KNQA20150709-1,KNQA20150709_103732_V06,4,1.318,1.200,7441,0,44382.290,1044,0,38706.230
KNQA20150709-1,KNQA20150709_103732_V06,8,1.802,1.200,3734,0,9732.540,430,0,6635.625
KNQA20150709-1,KNQA20150709_103732_V06,9,2.417,1.200,3725,0,2127.754,270,0,1524.926
KNQA20150709-1,KNQA20150709_103732_V06,10,3.120,1.200,3725,0,333.239,145,0,246.484
KNQA20150709-1,KNQA20150709_103732_V06,11,3.999,1.200,3729,0,38.802,42,0,29.522
KNQA20150709-1,KNQA20150709_103732_V06,12,5.098,1.200,3733,0,3.501,17,0,2.965
KNQA20150709-1,KNQA20150709_103732_V06,13,6.416,1.200,3744,0,1.251,5,0,1.208
KNQA20150709-1,KNQA20150709_104150_V06,0,0.483,1.200,16302,0,72999.990,1486,0,66446.473
KNQA20150709-1,KNQA20150709_104150_V06,2,0.879,1.200,16299,0,40272.520,1614,0,36080.411
KNQA20150709-1,KNQA20150709_104150_V06,4,1.318,1.200,16302,0,33460.820,2364,0,28319.599
KNQA20150709-1,KNQA20150709_104150_V06,8,1.802,1.200,8153,0,10973.887,1357,0,6594.143
KNQA20150709-1,KNQA20150709_104150_V06,9,2.417,1.200,8150,0,8547.708,1302,0,4459.335
KNQA20150709-1,KNQA20150709_104150_V06,10,3.120,1.200,8164,0,2159.461,1018,0,1097.284
KNQA20150709-1,KNQA20150709_104150_V06,11,3.999,1.200,8168,0,360.129,681,0,130.397
KNQA20150709-1,KNQA20150709_104150_V06,12,5.098,1.200,8179,0,75.226,392,0,32.224
KNQA20150709-1,KNQA20150709_104150_V06,13,6.416,1.200,8207,0,21.553,299,0,6.412
KNQA20150709-1,KNQA20150709_104602_V06,0,0.483,1.200,26954,5,76808.148,3045,3,67258.954
KNQA20150709-1,KNQA20150709_104602_V06,2,0.879,1.200,26957,0,34583.201,3296,0,29824.679
KNQA20150709-1,KNQA20150709_104602_V06,4,1.318,1.200,26963,0,22923.626,4285,0,19589.080
KNQA20150709-1,KNQA20150709_104602_V06,8,1.802,1.200,13481,0,12701.561,2783,0,8230.580
KNQA20150709-1,KNQA20150709_104602_V06,9,2.417,1.200,13487,0,11256.045,2733,0,6112.262
KNQA20150709-1,KNQA20150709_104602_V06,10,3.120,1.200,13489,0,7598.349,2521,0,4178.044
KNQA20150709-1,KNQA20150709_104602_V06,11,3.999,1.200,13508,0,737.478,1969,0,369.320
KNQA20150709-1,KNQA20150709_104602_V06,12,5.098,1.200,13531,0,211.553,1292,0,74.773
KNQA20150709-1,KNQA20150709_104602_V06,13,6.416,1.200,13573,0,40.440,1103,0,19.291
KNQA20150709-1,KNQA20150709_105013_V06,0,0.483,1.200,29568,19,84483.864,3330,16,73947.663
KNQA20150709-1,KNQA20150709_105013_V06,2,0.879,1.200,29566,2,34115.612,3628,1,28884.404
KNQA20150709-1,KNQA20150709_105013_V06,4,1.318,1.200,29581,0,18751.371,4789,0,15613.163
KNQA20150709-1,KNQA20150709_105013_V06,8,1.802,1.200,14800,0,8102.023,3365,0,4838.953
KNQA20150709-1,KNQA20150709_105013_V06,9,2.417,1.200,14801,0,6869.081,3112,0,3800.989
KNQA20150709-1,KNQA20150709_105013_V06,10,3.120,1.200,14812,0,4000.194,2755,0,2167.119
KNQA20150709-1,KNQA20150709_105013_V06,11,3.999,1.200,14836,0,410.305,2299,0,207.817
KNQA20150709-1,KNQA20150709_105013_V06,12,5.098,1.200,14857,0,128.648,1783,0,58.536
KNQA20150709-1,KNQA20150709_105013_V06,13,6.416,1.200,14912,0,100.165,1463,0,46.949
KNQA20150710-1,KNQA20150710_102551_V06,0,0.483,1.200,1480,0,114818.813,60,0,112629.098
KNQA20150710-1,KNQA20150710_102551_V06,2,1.450,1.200,1481,0,450.464,132,0,402.324
KNQA20150710-1,KNQA20150710_102551_V06,4,2.417,1.200,742,0,8.583,10,0,6.429
KNQA20150710-1,KNQA20150710_102551_V06,5,3.384,1.200,742,0,1.281,0,0,1.281
KNQA20150710-1,KNQA20150710_102551_V06,6,4.307,1.200,744,0,0.675,0,0,0.675
KNQA20150710-1,KNQA20150710_102551_V06,7,6.021,1.200,743,0,0.454,0,0,0.454
KNQA20150710-1,KNQA20150710_102551_V06,8,9.888,1.200,751,0,0.675,1,0,0.537
KNQA20150710-1,KNQA20150710_103045_V06,0,0.483,1.200,5102,0,109277.253,236,0,103969.478
KNQA20150710-1,KNQA20150710_103045_V06,2,1.450,1.200,5106,0,30431.238,494,0,28154.757
KNQA20150710-1,KNQA20150710_103045_V06,4,2.417,1.200,2556,0,654.342,77,0,637.833
KNQA20150710-1,KNQA20150710_103045_V06,5,3.384,1.200,2556,0,20.189,53,0,11.759
KNQA20150710-1,KNQA20150710_103045_V06,6,4.307,1.200,2563,0,3.294,5,0,2.042
KNQA20150710-1,KNQA20150710_103045_V06,7,6.021,1.200,2569,0,1.199,0,0,1.199
KNQA20150710-1,KNQA20150710_103045_V06,8,9.888,1.200,2594,0,1.115,1,0,0.889
KNQA20150710-1,KNQA20150710_103541_V06,0,0.483,1.200,6547,0,75905.869,262,0,72396.731
KNQA20150710-1,KNQA20150710_103541_V06,2,1.450,1.200,6546,0,43279.753,659,0,40080.688
KNQA20150710-1,KNQA20150710_103541_V06,4,2.417,1.200,3270,0,2475.214,205,0,1957.561
KNQA20150710-1,KNQA20150710_103541_V06,5,3.384,1.200,3272,0,54.925,144,0,34.591
KNQA20150710-1,KNQA20150710_103541_V06,6,4.307,1.200,3281,0,8.634,62,0,6.243
KNQA20150710-1,KNQA20150710_103541_V06,7,6.021,1.200,3295,0,1.194,5,0,1.126
KNQA20150710-1,KNQA20150710_103541_V06,8,9.888,1.200,3321,0,1.923,6,0,1.228
KNQA20150710-1,KNQA20150710_104035_V06,0,0.483,1.200,8773,0,96923.111,443,0,93735.714
KNQA20150710-1,KNQA20150710_104035_V06,2,1.450,1.200,8777,0,37016.339,870,0,34476.668
KNQA20150710-1,KNQA20150710_104035_V06,4,2.417,1.200,4389,0,10702.367,353,0,9087.452
KNQA20150710-1,KNQA20150710_104035_V06,5,3.384,1.200,4397,0,589.318,268,0,458.366
KNQA20150710-1,KNQA20150710_104035_V06,6,4.307,1.200,4399,0,80.381,238,0,33.186
KNQA20150710-1,KNQA20150710_104035_V06,7,6.021,1.200,4410,0,8.158,67,0,3.022
KNQA20150710-1,KNQA20150710_104035_V06,8,9.888,1.200,4458,0,2.077,20,0,1.374
KNQA20150710-1,KNQA20150710_104529_V06,0,0.483,1.200,11634,0,87546.620,649,0,85015.974
KNQA20150710-1,KNQA20150710_104529_V06,2,1.450,1.200,11636,0,39663.376,1422,0,36823.185
KNQA20150710-1,KNQA20150710_104529_V06,4,2.417,1.200,5814,0,20399.698,568,0,17116.052
KNQA20150710-1,KNQA20150710_104529_V06,5,3.384,1.200,5817,0,2245.671,443,0,1737.705
KNQA20150710-1,KNQA20150710_104529_V06,6,4.307,1.200,5830,0,375.370,400,0,280.625
KNQA20150710-1,KNQA20150710_104529_V06,7,6.021,1.200,5846,0,66.192,333,0,37.534
KNQA20150710-1,KNQA20150710_104529_V06,8,9.888,1.200,5901,0,2.814,69,0,2.033
KNQA20150710-1,KNQA20150710_105024_V06,0,0.483,1.200,15108,0,62978.024,965,0,58624.984
KNQA20150710-1,KNQA20150710_105024_V06,2,1.450,1.200,15114,0,31275.328,1805,0,28902.098
KNQA20150710-1,KNQA20150710_105024_V06,4,2.417,1.200,7567,0,22532.238,883,0,19132.496
KNQA20150710-1,KNQA20150710_105024_V06,5,3.384,1.200,7570,0,6590.286,804,0,5243.083
KNQA20150710-1,KNQA20150710_105024_V06,6,4.307,1.200,7569,0,699.276,664,0,466.306
KNQA20150710-1,KNQA20150710_105024_V06,7,6.021,1.200,7595,0,75.443,633,0,40.533
KNQA20150710-1,KNQA20150710_105024_V06,8,9.888,1.200,7674,0,5.527,291,0,3.235
KNQA20150710-1,KNQA20150710_105518_V06,0,0.483,1.200,22621,3,54352.119,1438,2,49416.262
KNQA20150710-1,KNQA20150710_105518_V06,2,1.450,1.200,22634,0,20001.647,2659,0,17917.875
KNQA20150710-1,KNQA20150710_105518_V06,4,2.417,1.200,11328,0,13971.305,1272,0,11860.441
KNQA20150710-1,KNQA20150710_105518_V06,5,3.384,1.200,11335,0,2483.259,1240,0,1973.961
KNQA20150710-1,KNQA20150710_105518_V06,6,4.307,1.200,11346,0,631.965,956,0,432.170
KNQA20150710-1,KNQA20150710_105518_V06,7,6.021,1.200,11368,0,220.009,981,0,119.858
KNQA20150710-1,KNQA20150710_105518_V06,8,9.888,1.200,11483,0,25.809,757,0,11.205
KNQA20150710-3,KNQA20150710_104529_V06,0,0.483,1.200,5966,0,78916.750,200,0,77276.065
KNQA20150710-3,KNQA20150710_104529_V06,2,1.450,1.200,5966,0,29566.518,750,0,27672.570
KNQA20150710-3,KNQA20150710_104529_V06,4,2.417,1.200,2990,0,4497.585,208,0,3868.244
KNQA20150710-3,KNQA20150710_104529_V06,5,3.384,1.200,2989,0,237.291,122,0,211.635
KNQA20150710-3,KNQA20150710_104529_V06,6,4.307,1.200,2994,0,10.954,107,0,7.595
KNQA20150710-3,KNQA20150710_104529_V06,7,6.021,1.200,3002,0,1.926,32,0,1.535
KNQA20150710-3,KNQA20150710_104529_V06,8,9.888,1.200,3033,0,1.319,4,0,1.137
KNQA20150710-3,KNQA20150710_105024_V06,0,0.483,1.200,12546,0,61548.941,648,0,57687.451
KNQA20150710-3,KNQA20150710_105024_V06,2,1.450,1.200,12554,0,27920.131,1681,0,25772.627
KNQA20150710-3,KNQA20150710_105024_V06,4,2.417,1.200,6280,0,11986.233,613,0,9960.015
KNQA20150710-3,KNQA20150710_105024_V06,5,3.384,1.200,6287,0,1762.212,462,0,1406.355
KNQA20150710-3,KNQA20150710_105024_V06,6,4.307,1.200,6291,0,282.244,420,0,194.481
KNQA20150710-3,KNQA20150710_105024_V06,7,6.021,1.200,6311,0,31.450,380,0,18.064
KNQA20150710-3,KNQA20150710_105024_V06,8,9.888,1.200,6374,0,2.687,44,0,2.202
KNQA20150711-1,KNQA20150711_102857_V06,0,0.483,1.200,2894,0,51661.718,149,0,50464.229
KNQA20150711-1,KNQA20150711_102857_V06,2,1.494,1.200,2894,0,4253.699,294,0,3980.518
KNQA20150711-1,KNQA20150711_102857_V06,4,2.505,1.200,1454,0,28.748,44,0,26.305
KNQA20150711-1,KNQA20150711_102857_V06,5,3.516,1.200,1451,0,3.014,6,0,2.912
KNQA20150711-1,KNQA20150711_102857_V06,6,4.482,1.200,1454,0,3.631,3,0,3.441
KNQA20150711-1,KNQA20150711_103839_V06,0,0.483,1.200,7555,1,188670.173,148,1,187410.296
KNQA20150711-1,KNQA20150711_103839_V06,2,1.494,1.200,7559,0,60217.704,428,0,58861.317
KNQA20150711-1,KNQA20150711_103839_V06,4,2.505,1.200,3784,0,7148.377,110,0,6764.361
KNQA20150711-1,KNQA20150711_103839_V06,5,3.516,1.200,3786,0,533.355,106,0,500.144
KNQA20150711-1,KNQA20150711_103839_V06,6,4.482,1.200,3795,0,85.302,50,0,77.577
KNQA20150711-1,KNQA20150711_104821_V06,0,0.483,1.200,8176,0,106627.859,81,0,106047.339
KNQA20150711-1,KNQA20150711_104821_V06,2,1.494,1.200,8182,0,95745.262,175,0,94990.850
KNQA20150711-1,KNQA20150711_104821_V06,4,2.505,1.200,4090,0,27281.478,197,0,26580.549
KNQA20150711-1,KNQA20150711_104821_V06,5,3.516,1.200,4101,0,1876.014,212,0,1801.613
KNQA20150711-1,KNQA20150711_104821_V06,6,4.482,1.200,4108,0,222.452,151,0,179.035
KNQA20150711-1,KNQA20150711_105803_V06,0,0.483,1.200,12503,0,64332.153,113,0,63669.200
KNQA20150711-1,KNQA20150711_105803_V06,2,1.494,1.200,12506,0,56138.295,233,0,55523.896
KNQA20150711-1,KNQA20150711_105803_V06,4,2.505,1.200,6264,0,36832.507,184,0,36197.730
KNQA20150711-1,KNQA20150711_105803_V06,5,3.516,1.200,6268,0,7544.100,429,0,7097.342
KNQA20150711-1,KNQA20150711_105803_V06,6,4.482,1.200,6273,0,744.928,449,0,619.181
KNQA20150712-2,KNQA20150712_102737_V06,0,0.483,1.200,1643,0,53377.773,21,0,52769.097
KNQA20150712-2,KNQA20150712_102737_V06,2,1.494,1.200,1645,0,1084.148,102,0,1027.693
KNQA20150712-2,KNQA20150712_102737_V06,4,2.505,1.200,818,0,8.212,12,0,7.348
KNQA20150712-2,KNQA20150712_102737_V06,5,3.516,1.200,824,0,0.391,0,0,0.391
KNQA20150712-2,KNQA20150712_102737_V06,6,4.482,1.200,823,0,0.949,1,0,0.899
KNQA20150712-2,KNQA20150712_103720_V06,0,0.483,1.200,4663,0,190524.861,24,0,189727.521
KNQA20150712-2,KNQA20150712_103720_V06,2,1.494,1.200,4666,0,44997.680,234,0,44528.078
KNQA20150712-2,KNQA20150712_103720_V06,4,2.505,1.200,2329,0,991.884,44,0,985.797
KNQA20150712-2,KNQA20150712_103720_V06,5,3.516,1.200,2330,0,22.516,16,0,22.174
KNQA20150712-2,KNQA20150712_103720_V06,6,4.482,1.200,2338,0,1.816,1,0,1.703
KNQA20150712-2,KNQA20150712_104702_V06,0,0.483,1.200,14210,0,109198.169,310,0,107022.753
KNQA20150712-2,KNQA20150712_104702_V06,2,1.494,1.200,14214,0,73286.191,874,0,71838.784
KNQA20150712-2,KNQA20150712_104702_V06,4,2.505,1.200,7110,0,11922.094,434,0,11209.385
KNQA20150712-2,KNQA20150712_104702_V06,5,3.516,1.200,7114,0,3949.861,371,0,3300.303
KNQA20150712-2,KNQA20150712_104702_V06,6,4.482,1.200,7116,0,1277.635,209,0,1117.414
KNQA20150712-2,KNQA20150712_105644_V06,0,0.483,1.200,27651,0,127876.027,806,0,123900.611
KNQA20150712-2,KNQA20150712_105644_V06,2,1.494,1.200,27658,0,42804.986,1571,0,41216.843
KNQA20150712-2,KNQA20150712_105644_V06,4,2.505,1.200,13845,0,13723.106,935,0,12622.801
KNQA20150712-2,KNQA20150712_105644_V06,5,3.516,1.200,13850,0,3842.966,979,0,3305.991
KNQA20150712-2,KNQA20150712_105644_V06,6,4.482,1.200,13866,0,1613.784,835,0,1297.503
KNQA20150712-1,KNQA20150712_095831_V06,0,0.483,1.200,2928,0,237308.649,377,0,192327.685
KNQA20150712-3,KNQA20150712_110626_V06,0,0.483,1.200,2675,0,29756.525,13,0,29665.744
KNQA20150712-3,KNQA20150712_110626_V06,2,1.494,1.200,2674,0,2309.572,420,0,2008.170
KNQA20150712-3,KNQA20150712_110626_V06,4,2.505,1.200,1339,0,177.209,22,0,167.107
KNQA20150712-3,KNQA20150712_110626_V06,5,3.516,1.200,1340,0,35.413,2,0,35.008
KNQA20150712-3,KNQA20150712_110626_V06,6,4.482,1.200,1339,0,1.607,0,0,1.607
KNQA20150713-1,KNQA20150713_102334_V06,0,0.483,1.200,2271,0,20746.473,80,0,20051.170
KNQA20150713-1,KNQA20150713_102334_V06,2,1.494,1.200,2271,0,1036.410,242,0,942.695
KNQA20150713-1,KNQA20150713_102334_V06,4,2.505,1.200,1137,0,29.405,69,0,21.563
KNQA20150713-1,KNQA20150713_102334_V06,5,3.516,1.200,1136,0,1.931,0,0,1.931
KNQA20150713-1,KNQA20150713_102334_V06,6,4.482,1.200,1136,0,1.772,2,0,1.261
KNQA20150713-1,KNQA20150713_103317_V06,0,0.483,1.200,7159,0,206073.421,113,0,202215.587
KNQA20150713-1,KNQA20150713_103317_V06,2,1.494,1.200,7160,0,30046.911,359,0,29177.423
KNQA20150713-1,KNQA20150713_103317_V06,4,2.505,1.200,3578,0,958.507,138,0,914.504
KNQA20150713-1,KNQA20150713_103317_V06,5,3.516,1.200,3582,0,87.592,62,0,81.158
KNQA20150713-1,KNQA20150713_103317_V06,6,4.482,1.200,3588,0,24.058,11,0,23.852
KNQA20150713-1,KNQA20150713_104300_V06,0,0.483,1.200,9274,0,104156.368,207,0,103192.118
KNQA20150713-1,KNQA20150713_104300_V06,2,1.494,1.200,9273,0,106059.347,448,0,104808.916
KNQA20150713-1,KNQA20150713_104300_V06,4,2.505,1.200,4656,0,12534.698,233,0,11829.780
KNQA20150713-1,KNQA20150713_104300_V06,5,3.516,1.200,4654,0,4184.441,132,0,3830.966
KNQA20150713-1,KNQA20150713_104300_V06,6,4.482,1.200,4660,0,1111.271,61,0,948.005
KNQA20150713-1,KNQA20150713_105243_V06,0,0.483,1.200,17080,0,100939.737,388,0,98643.631
KNQA20150713-1,KNQA20150713_105243_V06,2,1.494,1.200,17083,0,51151.274,797,0,50038.284
KNQA20150713-1,KNQA20150713_105243_V06,4,2.505,1.200,8547,0,19066.809,540,0,17713.534
KNQA20150713-1,KNQA20150713_105243_V06,5,3.516,1.200,8551,0,6573.787,694,0,5799.999
KNQA20150713-1,KNQA20150713_105243_V06,6,4.482,1.200,8565,0,3609.369,586,0,3076.674
KNQA20150713-3,KNQA20150713_120241_V06,0,0.483,1.200,2885,0,109650.463,845,0,60736.323
KNQA20150713-3,KNQA20150713_120241_V06,2,1.494,1.200,2880,0,11.890,0,0,11.890
KNQA20150713-4,KNQA20150713_120241_V06,0,0.483,1.200,12270,0,213824.754,1775,0,138836.037
KNQA20150714-1,KNQA20150714_102917_V06,0,0.483,1.200,10211,0,10588.109,168,0,10207.944
KNQA20150714-1,KNQA20150714_102917_V06,2,1.494,1.200,10217,0,811.024,298,0,771.795
KNQA20150714-1,KNQA20150714_102917_V06,4,2.505,1.200,5121,0,240.983,137,0,227.901
KNQA20150714-1,KNQA20150714_102917_V06,5,3.516,1.200,5114,0,91.072,316,0,75.745
KNQA20150714-1,KNQA20150714_102917_V06,6,4.482,1.200,5122,0,39.676,304,0,33.712
KNQA20150714-1,KNQA20150714_103858_V06,0,0.483,1.200,29997,4,32560.014,990,4,30795.498
KNQA20150714-1,KNQA20150714_103858_V06,2,1.494,1.200,30008,0,9754.591,2146,0,9186.602
KNQA20150714-1,KNQA20150714_103858_V06,4,2.505,1.200,15010,0,4143.820,768,0,3962.558
KNQA20150714-1,KNQA20150714_103858_V06,5,3.516,1.200,15030,0,1185.745,863,0,1087.515
KNQA20150714-1,KNQA20150714_103858_V06,6,4.482,1.200,15051,0,244.300,948,0,176.206
KNQA20150714-2,KNQA20150714_102917_V06,0,0.483,1.200,882,0,24635.629,13,0,24365.986
KNQA20150714-2,KNQA20150714_102917_V06,2,1.494,1.200,883,0,277.503,56,0,257.504
KNQA20150714-2,KNQA20150714_102917_V06,4,2.505,1.200,440,0,8.513,8,0,8.068
KNQA20150714-2,KNQA20150714_102917_V06,5,3.516,1.200,441,0,1.678,0,0,1.678
KNQA20150714-2,KNQA20150714_102917_V06,6,4.482,1.200,442,0,0.224,0,0,0.224
KNQA20150714-2,KNQA20150714_103858_V06,0,0.483,1.200,7455,0,92519.940,112,0,91420.559
KNQA20150714-2,KNQA20150714_103858_V06,2,1.494,1.200,7457,0,41190.331,290,0,40790.207
KNQA20150714-2,KNQA20150714_103858_V06,4,2.505,1.200,3728,0,2422.681,115,0,2384.775
KNQA20150714-2,KNQA20150714_103858_V06,5,3.516,1.200,3736,0,366.766,86,0,356.137
KNQA20150714-2,KNQA20150714_103858_V06,6,4.482,1.200,3743,0,8.705,50,0,7.518
KNQA20150714-2,KNQA20150714_104841_V06,0,0.483,1.200,4791,0,102116.002,34,0,101648.004
KNQA20150714-2,KNQA20150714_104841_V06,2,1.494,1.200,4794,0,22342.967,224,0,21956.653
KNQA20150714-2,KNQA20150714_104841_V06,4,2.505,1.200,2401,0,4389.029,118,0,4314.818
KNQA20150714-2,KNQA20150714_104841_V06,5,3.516,1.200,2405,0,1098.690,90,0,1043.905
KNQA20150714-2,KNQA20150714_104841_V06,6,4.482,1.200,2405,0,142.510,31,0,129.785
KNQA20150715-1,KNQA20150715_102849_V06,0,0.483,1.200,1436,0,25404.295,115,0,21465.090
KNQA20150715-1,KNQA20150715_102849_V06,2,0.879,1.200,1434,0,7981.579,142,0,6605.026
KNQA20150715-1,KNQA20150715_102849_V06,4,1.318,1.200,1434,0,614.955,201,0,495.068
KNQA20150715-1,KNQA20150715_102849_V06,8,1.802,1.200,714,0,28.454,58,0,19.581
KNQA20150715-1,KNQA20150715_102849_V06,9,2.417,1.200,715,0,8.010,8,0,4.597
KNQA20150715-1,KNQA20150715_102849_V06,10,3.120,1.200,713,0,1.189,0,0,1.189
KNQA20150715-1,KNQA20150715_102849_V06,11,3.999,1.200,716,0,0.436,1,0,0.310
KNQA20150715-1,KNQA20150715_102849_V06,12,5.098,1.200,717,0,0.549,1,0,0.472
KNQA20150715-1,KNQA20150715_102849_V06,13,6.416,1.200,722,0,1.419,0,0,1.419
KNQA20150715-1,KNQA20150715_103309_V06,0,0.483,1.200,4170,0,54338.924,346,0,49228.585
KNQA20150715-1,KNQA20150715_103309_V06,2,0.879,1.200,4167,0,25131.678,475,0,21761.023
KNQA20150715-1,KNQA20150715_103309_V06,4,1.318,1.200,4165,0,5026.648,567,0,4123.363
KNQA20150715-1,KNQA20150715_103309_V06,8,1.802,1.200,2082,0,281.097,218,0,183.770
KNQA20150715-1,KNQA20150715_103309_V06,9,2.417,1.200,2082,0,24.719,62,0,18.493
KNQA20150715-1,KNQA20150715_103309_V06,10,3.120,1.200,2086,0,6.581,24,0,5.241
KNQA20150715-1,KNQA20150715_103309_V06,11,3.999,1.200,2087,0,1.813,4,0,1.738
KNQA20150715-1,KNQA20150715_103309_V06,12,5.098,1.200,2093,0,0.732,0,0,0.732
KNQA20150715-1,KNQA20150715_103309_V06,13,6.416,1.200,2093,0,3.389,1,0,3.295
KNQA20150715-1,KNQA20150715_103728_V06,0,0.483,1.200,4995,0,178509.844,284,0,163967.146
KNQA20150715-1,KNQA20150715_103728_V06,2,0.879,1.200,4996,0,87208.996,428,0,78392.079
KNQA20150715-1,KNQA20150715_103728_V06,4,1.318,1.200,4998,0,22010.028,667,0,19201.663
KNQA20150715-1,KNQA20150715_103728_V06,8,1.802,1.200,2496,0,3235.428,301,0,2108.425
KNQA20150715-1,KNQA20150715_103728_V06,9,2.417,1.200,2502,0,95.436,111,0,52.448
KNQA20150715-1,KNQA20150715_103728_V06,10,3.120,1.200,2501,0,12.391,51,0,9.156
KNQA20150715-1,KNQA20150715_103728_V06,11,3.999,1.200,2502,0,2.609,2,0,2.504
KNQA20150715-1,KNQA20150715_103728_V06,12,5.098,1.200,2510,0,2.257,0,0,2.257
KNQA20150715-1,KNQA20150715_103728_V06,13,6.416,1.200,2520,0,9.663,16,0,7.059
KNQA20150715-1,KNQA20150715_104148_V06,0,0.483,1.200,6553,0,138576.116,401,0,129521.990
KNQA20150715-1,KNQA20150715_104148_V06,2,0.879,1.200,6562,0,141857.362,467,0,127183.137
KNQA20150715-1,KNQA20150715_104148_V06,4,1.318,1.200,6559,0,69588.899,712,0,60036.924
KNQA20150715-1,KNQA20150715_104148_V06,8,1.802,1.200,3291,0,14183.661,499,0,9477.125
KNQA20150715-1,KNQA20150715_104148_V06,9,2.417,1.200,3290,0,2029.569,269,0,1360.119
KNQA20150715-1,KNQA20150715_104148_V06,10,3.120,1.200,3290,0,223.561,148,0,161.939
KNQA20150715-1,KNQA20150715_104148_V06,11,3.999,1.200,3291,0,12.785,59,0,9.699
KNQA20150715-1,KNQA20150715_104148_V06,12,5.098,1.200,3297,0,2.205,0,0,2.205
KNQA20150715-1,KNQA20150715_104148_V06,13,6.416,1.200,3304,0,12.866,20,0,10.114
KNQA20150715-1,KNQA20150715_104607_V06,0,0.483,1.200,9457,0,108211.863,617,0,102667.675
KNQA20150715-1,KNQA20150715_104607_V06,2,0.879,1.200,9463,0,107857.989,685,0,100661.261
KNQA20150715-1,KNQA20150715_104607_V06,4,1.318,1.200,9466,0,88153.384,910,0,76358.999
KNQA20150715-1,KNQA20150715_104607_V06,8,1.802,1.200,4732,0,31081.431,993,0,20886.806
KNQA20150715-1,KNQA20150715_104607_V06,9,2.417,1.200,4734,0,9542.328,691,0,6433.934
KNQA20150715-1,KNQA20150715_104607_V06,10,3.120,1.200,4734,0,2924.175,487,0,1993.317
KNQA20150715-1,KNQA20150715_104607_V06,11,3.999,1.200,4741,0,649.075,290,0,477.861
KNQA20150715-1,KNQA20150715_104607_V06,12,5.098,1.200,4750,0,16.686,47,0,14.099
KNQA20150715-1,KNQA20150715_104607_V06,13,6.416,1.200,4759,0,24.782,61,0,17.650
KNQA20150715-1,KNQA20150715_105026_V06,0,0.483,1.200,15497,0,103327.907,1493,0,95864.179
KNQA20150715-1,KNQA20150715_105026_V06,2,0.879,1.200,15502,0,92607.319,1307,0,86368.067
KNQA20150715-1,KNQA20150715_105026_V06,4,1.318,1.200,15502,0,83496.645,1694,0,73410.984
KNQA20150715-1,KNQA20150715_105026_V06,8,1.802,1.200,7762,0,38246.218,1880,0,26105.934
KNQA20150715-1,KNQA20150715_105026_V06,9,2.417,1.200,7764,0,12572.672,1538,0,7942.203
KNQA20150715-1,KNQA20150715_105026_V06,10,3.120,1.200,7767,0,5590.633,1186,0,3079.455
KNQA20150715-1,KNQA20150715_105026_V06,11,3.999,1.200,7775,0,2291.283,925,0,1445.310
KNQA20150715-1,KNQA20150715_105026_V06,12,5.098,1.200,7791,0,947.059,504,0,670.313
KNQA20150715-1,KNQA20150715_105026_V06,13,6.416,1.200,7802,0,152.333,331,0,91.937
KNQA20150715-1,KNQA20150715_105445_V06,0,0.483,1.200,21537,0,89961.549,2305,0,81967.638
KNQA20150715-1,KNQA20150715_105445_V06,2,0.879,1.200,21537,0,72430.673,1941,0,66928.429
KNQA20150715-1,KNQA20150715_105445_V06,4,1.318,1.200,21551,0,58918.134,2513,0,51996.302
KNQA20150715-1,KNQA20150715_105445_V06,8,1.802,1.200,10772,0,23794.649,2909,0,15927.461
KNQA20150715-1,KNQA20150715_105445_V06,9,2.417,1.200,10781,0,10575.698,2557,0,6795.145
KNQA20150715-1,KNQA20150715_105445_V06,10,3.120,1.200,10794,0,6142.625,2053,0,3569.581
KNQA20150715-1,KNQA20150715_105445_V06,11,3.999,1.200,10806,0,3717.022,1717,0,2004.976
KNQA20150715-1,KNQA20150715_105445_V06,12,5.098,1.200,10817,0,1372.922,1260,0,718.535
KNQA20150715-1,KNQA20150715_105445_V06,13,6.416,1.200,10843,0,786.074,961,0,432.779
KNQA20150715-4,KNQA20150715_104148_V06,0,0.483,1.200,415,0,12902.174,13,0,12478.648
KNQA20150715-4,KNQA20150715_104148_V06,2,0.879,1.200,411,0,2155.953,14,0,2075.767
KNQA20150715-4,KNQA20150715_104148_V06,4,1.318,1.200,412,0,227.355,46,0,199.200
KNQA20150715-4,KNQA20150715_104148_V06,8,1.802,1.200,207,0,56.801,59,0,30.988
KNQA20150715-4,KNQA20150715_104148_V06,9,2.417,1.200,205,0,9.285,16,0,7.310
KNQA20150715-4,KNQA20150715_104148_V06,10,3.120,1.200,209,0,0.754,0,0,0.754
KNQA20150715-4,KNQA20150715_104148_V06,11,3.999,1.200,211,0,0.253,2,0,0.065
KNQA20150715-4,KNQA20150715_104148_V06,12,5.098,1.200,208,0,0.108,0,0,0.108
KNQA20150715-4,KNQA20150715_104148_V06,13,6.416,1.200,208,0,5.752,14,0,3.863
KNQA20150715-6,KNQA20150715_110743_V06,0,0.483,1.200,4923,0,132472.910,410,0,99873.304
KNQA20150715-6,KNQA20150715_110743_V06,2,0.879,1.200,4925,0,18500.696,131,0,11930.259
KNQA20150715-6,KNQA20150715_110743_V06,4,1.318,1.200,4924,0,111.248,1,0,92.529
KNQA20150716-1,KNQA20150716_103006_V06,0,0.483,1.200,3070,0,71595.071,197,0,69679.723
KNQA20150716-1,KNQA20150716_103006_V06,2,1.494,1.200,3068,0,6069.045,214,0,5766.812
KNQA20150716-1,KNQA20150716_103006_V06,4,2.505,1.200,1539,0,212.248,80,0,197.562
KNQA20150716-1,KNQA20150716_103006_V06,5,3.516,1.200,1539,0,29.151,46,0,23.562
KNQA20150716-1,KNQA20150716_103006_V06,6,4.482,1.200,1539,0,7.282,8,0,5.955
KNQA20150716-1,KNQA20150716_103948_V06,0,0.483,1.200,5936,0,292656.069,105,0,290953.652
KNQA20150716-1,KNQA20150716_103948_V06,2,1.494,1.200,5932,0,126743.448,153,0,124067.784
KNQA20150716-1,KNQA20150716_103948_V06,4,2.505,1.200,2973,0,8772.396,120,0,8680.719
KNQA20150716-1,KNQA20150716_103948_V06,5,3.516,1.200,2972,0,497.517,125,0,472.302
KNQA20150716-1,KNQA20150716_103948_V06,6,4.482,1.200,2980,0,17.643,55,0,16.082
KNQA20150716-1,KNQA20150716_104932_V06,0,0.483,1.200,9758,0,193571.195,37,0,192578.146
KNQA20150716-1,KNQA20150716_104932_V06,2,1.494,1.200,9757,0,132975.547,106,0,132316.445
KNQA20150716-1,KNQA20150716_104932_V06,4,2.505,1.200,4886,0,35290.524,153,0,33850.087
KNQA20150716-1,KNQA20150716_104932_V06,5,3.516,1.200,4889,0,11320.482,156,0,10906.653
KNQA20150716-1,KNQA20150716_104932_V06,6,4.482,1.200,4896,0,2997.242,144,0,2604.492
KNQA20150716-6,KNQA20150716_110857_V06,0,0.483,1.200,9635,0,146194.688,396,0,124377.991
KNQA20150716-6,KNQA20150716_111839_V06,0,0.483,1.200,15983,0,300924.850,990,0,255026.250
KNQA20150716-6,KNQA20150716_111839_V06,2,1.494,1.200,16000,0,1877.350,27,0,1442.760
KNQA20150716-6,KNQA20150716_112822_V06,0,0.483,1.200,20041,0,346867.708,1281,0,303429.457
KNQA20150716-6,KNQA20150716_112822_V06,2,1.494,1.200,20056,0,7795.297,112,0,5224.809
KNQA20150716-5,KNQA20150716_105915_V06,0,0.483,1.200,140,0,10849.236,0,0,10849.236
KNQA20150716-5,KNQA20150716_105915_V06,2,1.494,1.200,143,0,305.868,8,0,294.407
KNQA20150716-5,KNQA20150716_105915_V06,4,2.505,1.200,71,0,0.949,0,0,0.949
KNQA20150716-5,KNQA20150716_105915_V06,5,3.516,1.200,69,0,0.787,0,0,0.787
KNQA20150716-5,KNQA20150716_105915_V06,6,4.482,1.200,71,0,0.074,0,0,0.074
KNQA20150716-5,KNQA20150716_110857_V06,0,0.483,1.200,1670,0,38525.150,0,0,38525.150
KNQA20150716-5,KNQA20150716_110857_V06,2,1.494,1.200,1671,0,12511.979,85,0,12220.461
KNQA20150716-5,KNQA20150716_110857_V06,4,2.505,1.200,837,0,5051.602,21,0,4996.184
KNQA20150716-5,KNQA20150716_110857_V06,5,3.516,1.200,837,0,370.644,6,0,362.763
KNQA20150716-5,KNQA20150716_110857_V06,6,4.482,1.200,837,0,0.867,0,0,0.867
KNQA20150716-4,KNQA20150716_105915_V06,0,0.483,1.200,1568,0,38204.240,44,0,37141.425
KNQA20150716-4,KNQA20150716_105915_V06,2,1.494,1.200,1568,0,2741.244,339,0,1993.787
KNQA20150716-4,KNQA20150716_105915_V06,4,2.505,1.200,779,0,1.306,0,0,1.306
KNQA20150716-4,KNQA20150716_105915_V06,5,3.516,1.200,777,0,7.802,0,0,7.802
KNQA20150716-7,KNQA20150716_112822_V06,0,0.483,1.200,10351,0,93423.988,1274,0,64064.336
KNQA20150716-7,KNQA20150716_112822_V06,2,1.494,1.200,10351,0,40.420,0,0,40.420
KNQA20150716-8,KNQA20150716_113803_V06,0,0.483,1.200,3064,0,53671.396,16,0,53443.619
KNQA20150716-8,KNQA20150716_113803_V06,2,1.494,1.200,3067,0,12908.027,535,0,10886.432
KNQA20150716-8,KNQA20150716_113803_V06,4,2.505,1.200,1533,0,4826.717,172,0,4357.498
KNQA20150716-8,KNQA20150716_113803_V06,5,3.516,1.200,1535,0,482.590,29,0,433.242
KNQA20150716-8,KNQA20150716_113803_V06,6,4.482,1.200,1539,0,4.973,0,0,4.973
KNQA20150717-1,KNQA20150717_102931_V06,0,0.483,1.200,1421,0,26682.384,16,0,26512.128
KNQA20150717-1,KNQA20150717_102931_V06,2,1.494,1.200,1423,0,273.776,133,0,248.398
KNQA20150717-1,KNQA20150717_102931_V06,4,2.505,1.200,706,0,48.756,81,0,41.017
KNQA20150717-1,KNQA20150717_102931_V06,5,3.516,1.200,707,0,52.584,147,0,39.510
KNQA20150717-1,KNQA20150717_102931_V06,6,4.482,1.200,711,0,57.371,206,0,35.096
KNQA20150717-1,KNQA20150717_103913_V06,0,0.483,1.200,4966,0,183091.380,45,0,181003.477
KNQA20150717-1,KNQA20150717_103913_V06,2,1.494,1.200,4969,0,39444.412,275,0,38510.934
KNQA20150717-1,KNQA20150717_103913_V06,4,2.505,1.200,2483,0,425.433,156,0,408.480
KNQA20150717-1,KNQA20150717_103913_V06,5,3.516,1.200,2488,0,118.852,268,0,90.301
KNQA20150717-1,KNQA20150717_103913_V06,6,4.482,1.200,2492,0,144.151,368,0,102.509
KNQA20150717-1,KNQA20150717_104857_V06,0,0.483,1.200,7419,0,131485.784,43,0,130389.437
KNQA20150717-1,KNQA20150717_104857_V06,2,1.494,1.200,7422,0,68796.461,154,0,68037.345
KNQA20150717-1,KNQA20150717_104857_V06,4,2.505,1.200,3707,0,8283.264,160,0,8054.296
KNQA20150717-1,KNQA20150717_104857_V06,5,3.516,1.200,3710,0,641.338,253,0,559.414
KNQA20150717-1,KNQA20150717_104857_V06,6,4.482,1.200,3722,0,198.498,378,0,146.693
KNQA20150717-1,KNQA20150717_105839_V06,0,0.483,1.200,13959,0,97180.794,106,0,96162.239
KNQA20150717-1,KNQA20150717_105839_V06,2,1.494,1.200,13967,0,66207.971,253,0,64953.986
KNQA20150717-1,KNQA20150717_105839_V06,4,2.505,1.200,6984,0,20142.076,356,0,19182.569
KNQA20150717-1,KNQA20150717_105839_V06,5,3.516,1.200,6995,0,6663.275,598,0,5802.083
KNQA20150717-1,KNQA20150717_105839_V06,6,4.482,1.200,7002,0,1737.773,877,0,1388.877
KNQA20150717-2,KNQA20150717_102931_V06,0,0.483,1.200,3425,0,9360.530,31,0,9079.419
KNQA20150717-2,KNQA20150717_102931_V06,2,1.494,1.200,3427,0,290.617,71,0,272.985
KNQA20150717-2,KNQA20150717_102931_V06,4,2.505,1.200,1715,0,99.726,103,0,82.998
KNQA20150717-2,KNQA20150717_102931_V06,5,3.516,1.200,1718,0,22.592,182,0,17.093
KNQA20150717-2,KNQA20150717_102931_V06,6,4.482,1.200,1725,0,9.824,270,0,6.525
KNQA20150717-5,KNQA20150717_110821_V06,0,0.483,1.200,935,0,19956.269,2,0,19906.651
KNQA20150717-5,KNQA20150717_110821_V06,2,1.494,1.200,938,0,3635.958,96,0,3200.484
KNQA20150717-5,KNQA20150717_110821_V06,4,2.505,1.200,471,0,640.505,78,0,527.025
KNQA20150717-5,KNQA20150717_110821_V06,5,3.516,1.200,470,0,19.270,2,0,18.270
KNQA20150717-5,KNQA20150717_110821_V06,6,4.482,1.200,470,0,5.703,2,0,5.042
KNQA20150717-6,KNQA20150717_112746_V06,0,0.483,1.200,3092,0,20115.886,241,0,12218.827
KNQA20150717-6,KNQA20150717_112746_V06,2,1.494,1.200,3103,0,116.839,2,0,58.857
KNQA20150718-2,KNQA20150718_103532_V06,0,0.483,1.200,2584,0,160544.037,33,0,157186.023
KNQA20150718-2,KNQA20150718_103532_V06,2,1.494,1.200,2585,0,6227.329,121,0,6100.757
KNQA20150718-2,KNQA20150718_103532_V06,4,2.505,1.200,1294,0,110.944,143,0,94.403
KNQA20150718-2,KNQA20150718_103532_V06,5,3.516,1.200,1294,0,94.945,242,0,67.605
KNQA20150718-2,KNQA20150718_103532_V06,6,4.482,1.200,1300,0,101.391,306,0,67.340
KNQA20150718-2,KNQA20150718_104515_V06,0,0.483,1.200,7950,0,213975.810,86,0,210754.976
KNQA20150718-2,KNQA20150718_104515_V06,2,1.494,1.200,7950,0,118724.963,227,0,117553.999
KNQA20150718-2,KNQA20150718_104515_V06,4,2.505,1.200,3974,0,19898.258,145,0,19160.334
KNQA20150718-2,KNQA20150718_104515_V06,5,3.516,1.200,3984,0,1826.096,324,0,1740.955
KNQA20150718-2,KNQA20150718_104515_V06,6,4.482,1.200,3988,0,393.655,560,0,310.891
KNQA20150718-2,KNQA20150718_105457_V06,0,0.483,1.200,19723,0,155898.087,421,0,151846.807
KNQA20150718-2,KNQA20150718_105457_V06,2,1.494,1.200,19741,0,100256.784,504,0,98234.376
KNQA20150718-2,KNQA20150718_105457_V06,4,2.505,1.200,9874,0,50591.855,464,0,48765.641
KNQA20150718-2,KNQA20150718_105457_V06,5,3.516,1.200,9882,0,16278.036,679,0,14986.528
KNQA20150718-2,KNQA20150718_105457_V06,6,4.482,1.200,9900,0,7669.421,879,0,6963.146
KNQA20150718-2,KNQA20150718_110439_V06,0,0.483,1.200,41093,11,156830.170,1092,11,152803.720
KNQA20150718-2,KNQA20150718_110439_V06,2,1.494,1.200,41108,0,85734.468,2109,0,83484.991
KNQA20150718-2,KNQA20150718_110439_V06,4,2.505,1.200,20572,0,58848.364,1554,0,56254.335
KNQA20150718-2,KNQA20150718_110439_V06,5,3.516,1.200,20593,0,24554.684,2030,0,22862.615
KNQA20150718-2,KNQA20150718_110439_V06,6,4.482,1.200,20620,0,7767.807,2289,0,6736.416
KNQA20150718-2,KNQA20150718_111420_V06,0,0.483,1.200,70777,12,254920.464,1805,8,248806.720
KNQA20150718-2,KNQA20150718_111420_V06,2,1.494,1.200,70808,0,116216.594,3980,0,110436.516
KNQA20150718-2,KNQA20150718_111420_V06,4,2.505,1.200,35430,0,67729.705,3047,0,63081.493
KNQA20150718-2,KNQA20150718_111420_V06,5,3.516,1.200,35468,0,41377.354,3744,0,38654.044
KNQA20150718-2,KNQA20150718_111420_V06,6,4.482,1.200,35526,0,15562.620,4231,0,13437.445
KNQA20150718-1,KNQA20150718_102551_V06,0,0.483,1.200,2587,0,13776.377,426,0,11885.383
KNQA20150718-1,KNQA20150718_102551_V06,2,1.494,1.200,2587,0,11.372,8,0,5.872
KNQA20150718-1,KNQA20150718_102551_V06,4,2.505,1.200,1298,0,7.307,0,0,7.307
KNQA20150718-1,KNQA20150718_102551_V06,5,3.516,1.200,1294,0,3.735,0,0,3.735
KNQA20150718-1,KNQA20150718_102551_V06,6,4.482,1.200,1295,0,1.684,0,0,1.684
KNQA20150719-2,KNQA20150719_103632_V06,0,0.483,1.200,4117,0,154199.850,46,0,151546.212
KNQA20150719-2,KNQA20150719_103632_V06,2,1.494,1.200,4121,0,22470.748,166,0,22132.197
KNQA20150719-2,KNQA20150719_103632_V06,4,2.505,1.200,2056,0,278.534,99,0,241.648
KNQA20150719-2,KNQA20150719_103632_V06,5,3.516,1.200,2065,0,42.424,146,0,29.832
KNQA20150719-2,KNQA20150719_103632_V06,6,4.482,1.200,2067,0,64.321,212,0,40.631
KNQA20150719-2,KNQA20150719_104614_V06,0,0.483,1.200,9650,0,157644.450,159,0,156940.849
KNQA20150719-2,KNQA20150719_104614_V06,2,1.494,1.200,9654,0,139046.561,345,0,137852.866
KNQA20150719-2,KNQA20150719_104614_V06,4,2.505,1.200,4829,0,35156.160,123,0,34350.922
KNQA20150719-2,KNQA20150719_104614_V06,5,3.516,1.200,4831,0,5215.065,151,0,4997.035
KNQA20150719-2,KNQA20150719_104614_V06,6,4.482,1.200,4840,0,930.729,461,0,792.791
KNQA20150719-2,KNQA20150719_105556_V06,0,0.483,1.200,25899,5,157874.692,741,5,153384.886
KNQA20150719-2,KNQA20150719_105556_V06,2,1.494,1.200,25911,0,96840.128,1260,0,94281.260
KNQA20150719-2,KNQA20150719_105556_V06,4,2.505,1.200,12953,0,57536.306,693,0,55930.970
KNQA20150719-2,KNQA20150719_105556_V06,5,3.516,1.200,12968,0,18181.409,805,0,16800.580
KNQA20150719-2,KNQA20150719_105556_V06,6,4.482,1.200,12987,0,6386.436,1139,0,5477.801
KNQA20150719-2,KNQA20150719_110537_V06,0,0.483,1.200,49801,16,198600.359,1390,16,193459.267
KNQA20150719-2,KNQA20150719_110537_V06,2,1.494,1.200,49816,0,105563.151,2388,0,102611.654
KNQA20150719-2,KNQA20150719_110537_V06,4,2.505,1.200,24937,0,51474.269,1561,0,49161.356
KNQA20150719-2,KNQA20150719_110537_V06,5,3.516,1.200,24963,0,36018.866,1988,0,34370.362
KNQA20150719-2,KNQA20150719_110537_V06,6,4.482,1.200,24991,0,11174.078,2462,0,9835.740
KNQA20150719-5,KNQA20150719_111519_V06,0,0.483,1.200,11874,0,123236.522,895,0,88931.446
KNQA20150720-3,KNQA20150720_102951_V06,0,0.483,1.200,799,0,16428.272,84,0,12561.199
KNQA20150720-3,KNQA20150720_102951_V06,2,0.879,1.200,791,0,4326.196,97,0,3724.315
KNQA20150720-3,KNQA20150720_102951_V06,4,1.318,1.200,791,0,622.301,152,0,479.830
KNQA20150720-3,KNQA20150720_102951_V06,8,1.802,1.200,400,0,11.776,9,0,9.683
KNQA20150720-3,KNQA20150720_102951_V06,9,2.417,1.200,399,0,2.386,4,0,1.606
KNQA20150720-3,KNQA20150720_102951_V06,10,3.120,1.200,399,0,0.607,1,0,0.554
KNQA20150720-3,KNQA20150720_102951_V06,11,3.999,1.200,400,0,0.135,0,0,0.135
KNQA20150720-3,KNQA20150720_102951_V06,12,5.098,1.200,397,0,0.922,0,0,0.922
KNQA20150720-3,KNQA20150720_102951_V06,13,6.416,1.200,398,0,0.348,0,0,0.348
KNQA20150720-3,KNQA20150720_102951_V06,14,7.998,1.200,401,0,0.721,2,0,0.216
KNQA20150720-3,KNQA20150720_103423_V06,0,0.483,1.200,2956,0,55515.138,237,0,48203.271
KNQA20150720-3,KNQA20150720_103423_V06,2,0.879,1.200,2951,0,24784.178,320,0,21600.050
KNQA20150720-3,KNQA20150720_103423_V06,4,1.318,1.200,2960,0,5984.250,413,0,4388.654
KNQA20150720-3,KNQA20150720_103423_V06,8,1.802,1.200,1482,0,654.401,238,0,415.986
KNQA20150720-3,KNQA20150720_103423_V06,9,2.417,1.200,1483,0,19.435,46,0,14.984
KNQA20150720-3,KNQA20150720_103423_V06,10,3.120,1.200,1483,0,2.478,1,0,2.355
KNQA20150720-3,KNQA20150720_103423_V06,11,3.999,1.200,1482,0,2.340,0,0,2.340
KNQA20150720-3,KNQA20150720_103423_V06,12,5.098,1.200,1486,0,0.763,0,0,0.763
KNQA20150720-3,KNQA20150720_103423_V06,13,6.416,1.200,1487,0,0.539,0,0,0.539
KNQA20150720-3,KNQA20150720_103423_V06,14,7.998,1.200,1499,0,2.489,7,0,0.665
KNQA20150720-3,KNQA20150720_104115_V06,0,0.483,1.200,4290,0,207020.844,208,0,190343.455
KNQA20150720-3,KNQA20150720_104115_V06,2,0.879,1.200,4291,0,102315.227,257,0,90995.892
KNQA20150720-3,KNQA20150720_104115_V06,4,1.318,1.200,4291,0,48538.750,407,0,42354.435
KNQA20150720-3,KNQA20150720_104115_V06,8,1.802,1.200,2149,0,13348.282,405,0,8361.979
KNQA20150720-3,KNQA20150720_104115_V06,9,2.417,1.200,2144,0,893.512,127,0,704.222
KNQA20150720-3,KNQA20150720_104115_V06,10,3.120,1.200,2149,0,61.656,40,0,43.102
KNQA20150720-3,KNQA20150720_104115_V06,11,3.999,1.200,2151,0,1.225,3,0,1.187
KNQA20150720-3,KNQA20150720_104115_V06,12,5.098,1.200,2154,0,1.126,0,0,1.126
KNQA20150720-3,KNQA20150720_104115_V06,13,6.416,1.200,2161,0,9.460,0,0,9.460
KNQA20150720-3,KNQA20150720_104115_V06,14,7.998,1.200,2170,0,6.222,12,0,1.411
KNQA20150720-3,KNQA20150720_104115_V06,15,10.020,1.200,2182,0,1.549,4,0,0.851
KNQA20150720-3,KNQA20150720_104601_V06,0,0.483,1.200,4547,0,172749.389,170,0,162037.657
KNQA20150720-3,KNQA20150720_104601_V06,2,0.879,1.200,4545,0,158231.685,190,0,143709.491
KNQA20150720-3,KNQA20150720_104601_V06,4,1.318,1.200,4543,0,90474.621,367,0,81202.048
KNQA20150720-3,KNQA20150720_104601_V06,6,1.802,1.200,2278,0,22267.454,410,0,15560.166
KNQA20150720-3,KNQA20150720_104601_V06,9,2.417,1.200,2278,0,5086.137,198,0,3710.033
KNQA20150720-3,KNQA20150720_104601_V06,10,3.120,1.200,2280,0,704.142,82,0,356.614
KNQA20150720-3,KNQA20150720_104601_V06,11,3.999,1.200,2287,0,8.938,18,0,7.666
KNQA20150720-3,KNQA20150720_104601_V06,12,5.098,1.200,2284,0,3.168,3,0,1.878
KNQA20150720-3,KNQA20150720_104601_V06,13,6.416,1.200,2288,0,1.729,3,0,1.339
KNQA20150720-3,KNQA20150720_104601_V06,14,7.998,1.200,2298,0,3.033,14,0,1.512
KNQA20150720-3,KNQA20150720_105014_V06,0,0.483,1.200,6735,0,156377.955,426,0,151500.087
KNQA20150720-3,KNQA20150720_105014_V06,2,0.879,1.200,6738,0,135077.708,253,0,129140.748
KNQA20150720-3,KNQA20150720_105014_V06,4,1.318,1.200,6742,0,115096.819,476,0,105945.917
KNQA20150720-3,KNQA20150720_105014_V06,8,1.802,1.200,3375,0,53511.099,709,0,33325.259
KNQA20150720-3,KNQA20150720_105014_V06,9,2.417,1.200,3372,0,15980.295,517,0,10638.556
KNQA20150720-3,KNQA20150720_105014_V06,10,3.120,1.200,3376,0,5630.352,279,0,3255.977
KNQA20150720-3,KNQA20150720_105014_V06,11,3.999,1.200,3378,0,1480.716,143,0,994.976
KNQA20150720-3,KNQA20150720_105014_V06,12,5.098,1.200,3389,0,61.966,28,0,47.865
KNQA20150720-3,KNQA20150720_105014_V06,13,6.416,1.200,3400,0,1.437,0,0,1.437
KNQA20150720-3,KNQA20150720_105014_V06,14,7.998,1.200,3403,0,4.452,21,0,3.043
KNQA20150720-3,KNQA20150720_105014_V06,15,10.020,1.200,3423,0,2.853,10,0,1.677
KNQA20150720-3,KNQA20150720_105441_V06,0,0.483,1.200,13666,0,143478.240,1352,0,134784.057
KNQA20150720-3,KNQA20150720_105441_V06,2,0.879,1.200,13669,0,128905.832,850,0,123633.508
KNQA20150720-3,KNQA20150720_105441_V06,4,1.318,1.200,13675,0,129214.411,1245,0,120086.406
KNQA20150720-3,KNQA20150720_105441_V06,8,1.802,1.200,6832,0,70581.446,1579,0,49726.293
KNQA20150720-3,KNQA20150720_105441_V06,9,2.417,1.200,6835,0,30901.723,1353,0,21356.821
KNQA20150720-3,KNQA20150720_105441_V06,10,3.120,1.200,6849,0,10022.881,867,0,6175.794
KNQA20150720-3,KNQA20150720_105441_V06,11,3.999,1.200,6853,0,5256.439,661,0,2706.293
KNQA20150720-3,KNQA20150720_105441_V06,12,5.098,1.200,6862,0,2549.682,391,0,1525.987
KNQA20150720-3,KNQA20150720_105441_V06,13,6.416,1.200,6881,0,802.593,279,0,470.088
KNQA20150720-3,KNQA20150720_105441_V06,14,7.998,1.200,6905,0,124.534,224,0,50.832
KNQA20150720-3,KNQA20150720_105913_V06,0,0.483,1.200,22313,0,144763.225,2173,0,134234.679
KNQA20150720-3,KNQA20150720_105913_V06,2,0.879,1.200,22318,0,103800.302,1823,0,97269.799
KNQA20150720-3,KNQA20150720_105913_V06,4,1.318,1.200,22323,0,106207.446,2114,0,97485.353
KNQA20150720-3,KNQA20150720_105913_V06,8,1.802,1.200,11163,0,66015.100,3030,0,44347.351
KNQA20150720-3,KNQA20150720_105913_V06,9,2.417,1.200,11167,0,35059.824,2549,0,22557.589
KNQA20150720-3,KNQA20150720_105913_V06,10,3.120,1.200,11170,0,12283.876,2054,0,7378.061
KNQA20150720-3,KNQA20150720_105913_V06,11,3.999,1.200,11184,0,6044.102,1569,0,3462.452
KNQA20150720-3,KNQA20150720_105913_V06,12,5.098,1.200,11198,0,3439.327,1372,0,1539.153
KNQA20150720-3,KNQA20150720_105913_V06,13,6.416,1.200,11237,0,1981.949,1049,0,778.996
KNQA20150720-3,KNQA20150720_105913_V06,14,7.998,1.200,11274,0,881.283,937,0,428.024
KNQA20150720-3,KNQA20150720_110325_V06,0,0.483,1.200,25495,0,144769.612,2391,0,130618.467
KNQA20150720-3,KNQA20150720_110325_V06,2,0.879,1.200,25496,0,101424.808,2081,0,94178.772
KNQA20150720-3,KNQA20150720_110325_V06,4,1.318,1.200,25511,0,101782.675,2655,0,91474.175
KNQA20150720-3,KNQA20150720_110325_V06,8,1.802,1.200,12749,0,60296.637,3660,0,38752.930
KNQA20150720-3,KNQA20150720_110325_V06,9,2.417,1.200,12766,0,30368.473,3079,0,19301.645
KNQA20150720-3,KNQA20150720_110325_V06,10,3.120,1.200,12767,0,13712.727,2438,0,7645.765
KNQA20150720-3,KNQA20150720_110325_V06,11,3.999,1.200,12793,0,6147.587,1889,0,3293.801
KNQA20150720-3,KNQA20150720_110325_V06,12,5.098,1.200,12809,0,2972.432,1568,0,1277.408
KNQA20150720-3,KNQA20150720_110325_V06,13,6.416,1.200,12843,0,1685.471,1397,0,714.104
KNQA20150720-3,KNQA20150720_110325_V06,14,7.998,1.200,12891,0,1081.420,1266,0,381.228
KNQA20150720-3,KNQA20150720_110325_V06,15,10.020,1.200,12968,0,415.431,1089,0,133.251
KNQA20150720-3,KNQA20150720_110804_V06,0,0.483,1.200,39450,11,190938.969,3627,7,171411.171
KNQA20150720-3,KNQA20150720_110804_V06,2,0.879,1.200,39453,2,113335.358,3585,0,104011.509
KNQA20150720-3,KNQA20150720_110804_V06,4,1.318,1.200,39465,0,104103.927,4194,0,92446.419
KNQA20150720-3,KNQA20150720_110804_V06,6,1.802,1.200,19734,0,58685.684,5561,0,38520.130
KNQA20150720-3,KNQA20150720_110804_V06,9,2.417,1.200,19748,0,35444.861,4774,0,21469.526
KNQA20150720-3,KNQA20150720_110804_V06,10,3.120,1.200,19757,0,18932.956,4196,0,11147.621
KNQA20150720-3,KNQA20150720_110804_V06,11,3.999,1.200,19774,0,8430.682,3680,0,4145.377
KNQA20150720-3,KNQA20150720_110804_V06,12,5.098,1.200,19812,0,3967.095,3296,0,1812.842
KNQA20150720-3,KNQA20150720_110804_V06,13,6.416,1.200,19866,0,2386.558,3055,0,955.690
KNQA20150720-3,KNQA20150720_110804_V06,14,7.998,1.200,19933,0,1122.516,2855,0,341.747
KNQA20150721-3,KNQA20150721_103357_V06,0,0.483,1.200,504,0,16265.091,2,0,16211.982
KNQA20150721-3,KNQA20150721_103357_V06,2,1.494,1.200,504,0,192.841,68,0,140.585
KNQA20150721-3,KNQA20150721_103357_V06,4,2.505,1.200,252,0,3.331,1,0,3.238
KNQA20150721-3,KNQA20150721_103357_V06,5,3.516,1.200,250,0,0.098,0,0,0.098
KNQA20150721-3,KNQA20150721_103357_V06,6,4.482,1.200,253,0,0.130,0,0,0.130
KNQA20150721-3,KNQA20150721_104552_V06,0,0.483,1.200,6397,0,263386.980,29,0,261016.747
KNQA20150721-3,KNQA20150721_104552_V06,2,1.494,1.200,6405,0,153781.839,200,0,149951.681
KNQA20150721-3,KNQA20150721_104552_V06,4,2.505,1.200,3203,0,18429.851,49,0,17617.782
KNQA20150721-3,KNQA20150721_104552_V06,5,3.516,1.200,3213,0,2160.754,19,0,2073.868
KNQA20150721-3,KNQA20150721_104552_V06,6,4.482,1.200,3214,0,109.708,29,0,106.932
KNQA20150721-3,KNQA20150721_105532_V06,0,0.483,1.200,12074,0,258635.750,65,0,255337.327
KNQA20150721-3,KNQA20150721_105532_V06,2,1.494,1.200,12082,26,264915.705,527,0,186662.247
KNQA20150721-3,KNQA20150721_105532_V06,4,2.505,1.200,6044,5,224560.699,300,0,51939.270
KNQA20150721-3,KNQA20150721_105532_V06,5,3.516,1.200,6052,0,85390.606,327,0,13799.558
KNQA20150721-3,KNQA20150721_105532_V06,6,4.482,1.200,6067,4,103921.886,414,0,5756.658
KNQA20150721-3,KNQA20150721_110513_V06,0,0.483,1.200,29660,27,739472.994,740,0,262268.714
KNQA20150721-3,KNQA20150721_110513_V06,2,1.494,1.200,29674,29,545498.269,1784,0,155056.331
KNQA20150721-3,KNQA20150721_110513_V06,4,2.505,1.200,14840,17,344012.555,1082,0,97399.553
KNQA20150721-3,KNQA20150721_110513_V06,5,3.516,1.200,14862,22,238516.526,1204,0,22989.322
KNQA20150721-3,KNQA20150721_110513_V06,6,4.482,1.200,14878,19,253696.331,1309,0,8156.814
KNQA20150721-3,KNQA20150721_111454_V06,0,0.483,1.200,1725,35,344982.698,301,3,63036.408
KNQA20150721-3,KNQA20150721_111454_V06,2,1.494,1.200,1727,39,186041.508,381,0,11668.245
KNQA20150721-3,KNQA20150721_111454_V06,4,2.505,1.200,868,0,48061.637,133,0,2464.929
KNQA20150721-3,KNQA20150721_111454_V06,5,3.516,1.200,866,0,7260.816,73,0,957.253
KNQA20150721-3,KNQA20150721_111454_V06,6,4.482,1.200,867,0,428.220,47,0,14.545
KNQA20150721-10,KNQA20150721_110513_V06,0,0.483,1.200,5991,0,47550.809,84,0,42278.278
KNQA20150721-10,KNQA20150721_111454_V06,0,0.483,1.200,9646,0,130511.009,198,0,118086.713
KNQA20150721-10,KNQA20150721_112436_V06,0,0.483,1.200,12497,0,214545.285,323,0,192415.736
KNQA20150721-10,KNQA20150721_113416_V06,0,0.483,1.200,19632,0,272722.635,658,0,235130.706
KNQA20150721-10,KNQA20150721_113416_V06,2,1.494,1.200,19652,0,5681.934,31,0,5312.828
KNQA20150721-5,KNQA20150721_104552_V06,0,0.483,1.200,931,0,29488.619,317,0,1812.435
KNQA20150721-5,KNQA20150721_104552_V06,2,1.494,1.200,935,0,223749.014,546,0,4765.956
KNQA20150721-5,KNQA20150721_105532_V06,0,0.483,1.200,2644,0,47785.800,432,0,2451.264
KNQA20150721-5,KNQA20150721_105532_V06,2,1.494,1.200,2644,0,64522.835,599,0,5954.884
KNQA20150721-5,KNQA20150721_110513_V06,0,0.483,1.200,3228,0,15541.997,294,0,2997.004
KNQA20150721-5,KNQA20150721_110513_V06,2,1.494,1.200,3231,0,18766.997,380,0,2968.028
KNQA20150721-8,KNQA20150721_105532_V06,0,0.483,1.200,2406,0,22373.976,81,0,21787.711
KNQA20150721-8,KNQA20150721_105532_V06,2,1.494,1.200,2409,0,280.027,62,0,192.577
KNQA20150721-8,KNQA20150721_105532_V06,4,2.505,1.200,1203,0,1.757,0,0,1.757
KNQA20150721-8,KNQA20150721_105532_V06,5,3.516,1.200,1202,0,1.762,0,0,1.762
KNQA20150721-8,KNQA20150721_105532_V06,6,4.482,1.200,1208,0,1.776,0,0,1.776
KNQA20150721-11,KNQA20150721_110513_V06,0,0.483,1.200,111,0,11923.247,0,0,11923.247
KNQA20150721-11,KNQA20150721_110513_V06,2,1.494,1.200,111,0,0.120,0,0,0.120
KNQA20150721-11,KNQA20150721_110513_V06,4,2.505,1.200,57,0,0.123,0,0,0.123
KNQA20150721-11,KNQA20150721_110513_V06,5,3.516,1.200,56,0,0.121,0,0,0.121
KNQA20150721-17,KNQA20150721_115340_V06,0,0.483,1.200,1306,0,14953.817,300,0,12716.504
KNQA20150721-17,KNQA20150721_115340_V06,2,1.450,1.200,1311,0,306.552,16,0,211.734
KNQA20150721-17,KNQA20150721_115340_V06,4,2.417,1.200,652,0,1.691,0,0,1.691
KNQA20150722-10,KNQA20150722_104530_V06,0,0.483,1.200,1146,0,111907.555,27,0,108225.818
KNQA20150722-10,KNQA20150722_104530_V06,2,0.879,1.200,1147,0,28497.703,32,0,26788.357
KNQA20150722-10,KNQA20150722_104530_V06,4,1.318,1.200,1144,0,2297.746,86,0,2106.990
KNQA20150722-10,KNQA20150722_104530_V06,6,1.802,1.200,575,0,23.378,15,0,18.494
KNQA20150722-10,KNQA20150722_104530_V06,7,2.417,1.200,574,0,1.435,0,0,1.435
KNQA20150722-10,KNQA20150722_104530_V06,10,3.120,1.200,577,0,0.453,0,0,0.453
KNQA20150722-10,KNQA20150722_104530_V06,11,3.999,1.200,573,0,0.434,2,0,0.218
KNQA20150722-10,KNQA20150722_104530_V06,12,5.098,1.200,575,0,2.567,3,0,2.332
KNQA20150722-10,KNQA20150722_104530_V06,13,6.416,1.200,583,0,2.288,9,0,0.608
KNQA20150722-10,KNQA20150722_104530_V06,14,7.998,1.200,577,0,0.909,7,0,0.300
KNQA20150722-10,KNQA20150722_105309_V06,0,0.483,1.200,6027,0,423325.336,296,0,411931.090
KNQA20150722-10,KNQA20150722_105309_V06,2,0.879,1.200,6028,0,208528.437,244,0,200204.618
KNQA20150722-10,KNQA20150722_105309_V06,4,1.318,1.200,6024,0,84638.932,531,0,77060.547
KNQA20150722-10,KNQA20150722_105309_V06,6,1.802,1.200,3019,0,10028.474,498,0,5554.484
KNQA20150722-10,KNQA20150722_105309_V06,7,2.417,1.200,3015,0,596.613,166,0,273.572
KNQA20150722-10,KNQA20150722_105309_V06,10,3.120,1.200,3020,0,11.521,14,0,7.469
KNQA20150722-10,KNQA20150722_105309_V06,11,3.999,1.200,3029,0,3.263,6,0,2.434
KNQA20150722-10,KNQA20150722_105309_V06,12,5.098,1.200,3033,0,9.653,20,0,6.051
KNQA20150722-10,KNQA20150722_105309_V06,13,6.416,1.200,3034,0,16.969,56,0,8.346
KNQA20150722-10,KNQA20150722_105309_V06,14,7.998,1.200,3046,0,468.827,243,0,47.496
KNQA20150722-10,KNQA20150722_105837_V06,0,0.483,1.200,7800,0,442543.141,209,0,433457.994
KNQA20150722-10,KNQA20150722_105837_V06,2,0.879,1.200,7799,0,259578.342,224,0,252251.528
KNQA20150722-10,KNQA20150722_105837_V06,4,1.318,1.200,7801,0,149908.137,425,0,141804.947
KNQA20150722-10,KNQA20150722_105837_V06,6,1.802,1.200,3905,0,44763.716,778,0,26182.209
KNQA20150722-10,KNQA20150722_105837_V06,7,2.417,1.200,3910,0,6736.854,423,0,4266.770
KNQA20150722-10,KNQA20150722_105837_V06,10,3.120,1.200,3915,0,613.902,174,0,357.740
KNQA20150722-10,KNQA20150722_105837_V06,11,3.999,1.200,3914,0,9.477,9,0,9.077
KNQA20150722-10,KNQA20150722_105837_V06,12,5.098,1.200,3917,0,17.087,40,0,11.159
KNQA20150722-10,KNQA20150722_105837_V06,13,6.416,1.200,3930,0,14.596,57,0,6.212
KNQA20150722-10,KNQA20150722_105837_V06,14,7.998,1.200,3945,0,448.307,253,0,44.032
KNQA20150722-10,KNQA20150722_110406_V06,0,0.483,1.200,10893,0,378780.453,285,0,369919.966
KNQA20150722-10,KNQA20150722_110406_V06,2,0.879,1.200,10896,0,250934.384,302,0,244415.032
KNQA20150722-10,KNQA20150722_110406_V06,4,1.318,1.200,10895,0,150391.079,512,0,143824.598
KNQA20150722-10,KNQA20150722_110406_V06,6,1.802,1.200,5462,0,70977.462,1171,0,42389.947
KNQA20150722-10,KNQA20150722_110406_V06,7,2.417,1.200,5452,0,24624.638,938,0,16080.945
KNQA20150722-10,KNQA20150722_110406_V06,10,3.120,1.200,5457,0,2135.012,435,0,1397.139
KNQA20150722-10,KNQA20150722_110406_V06,11,3.999,1.200,5471,0,413.267,165,0,204.462
KNQA20150722-10,KNQA20150722_110406_V06,12,5.098,1.200,5470,0,82.612,60,0,55.579
KNQA20150722-10,KNQA20150722_110406_V06,13,6.416,1.200,5483,0,26.055,90,0,12.591
KNQA20150722-10,KNQA20150722_110406_V06,14,7.998,1.200,5505,0,150.518,172,0,27.748
KNQA20150722-10,KNQA20150722_110907_V06,0,0.483,1.200,19955,1,450218.535,777,0,436265.298
KNQA20150722-10,KNQA20150722_110907_V06,2,0.879,1.200,19961,0,266799.149,787,0,260574.211
KNQA20150722-10,KNQA20150722_110907_V06,4,1.318,1.200,19961,0,142571.224,1345,0,135139.087
KNQA20150722-10,KNQA20150722_110907_V06,6,1.802,1.200,9977,0,91408.717,2305,0,57954.596
KNQA20150722-10,KNQA20150722_110907_V06,9,2.417,1.200,9978,0,57757.210,1987,0,39327.305
KNQA20150722-10,KNQA20150722_110907_V06,10,3.120,1.200,9987,0,11022.808,1544,0,6255.262
KNQA20150722-10,KNQA20150722_110907_V06,11,3.999,1.200,10000,0,2752.540,815,0,1154.932
KNQA20150722-10,KNQA20150722_110907_V06,12,5.098,1.200,10020,0,1013.828,499,0,368.749
KNQA20150722-10,KNQA20150722_110907_V06,13,6.416,1.200,10042,0,390.684,486,0,120.629
KNQA20150722-10,KNQA20150722_110907_V06,14,7.998,1.200,10083,0,136.340,511,0,59.840
KNQA20150722-10,KNQA20150722_111407_V06,0,0.483,1.200,37536,4,482080.980,2186,4,468707.592
KNQA20150722-10,KNQA20150722_111407_V06,2,0.879,1.200,37546,0,258510.840,2704,0,250273.717
KNQA20150722-10,KNQA20150722_111407_V06,4,1.318,1.200,37558,0,142778.111,3710,0,134995.651
KNQA20150722-10,KNQA20150722_111407_V06,6,1.802,1.200,18787,0,89697.268,5037,0,56676.555
KNQA20150722-10,KNQA20150722_111407_V06,9,2.417,1.200,18791,0,83337.302,4858,0,55371.241
KNQA20150722-10,KNQA20150722_111407_V06,10,3.120,1.200,18801,0,28423.221,4215,0,16845.758
KNQA20150722-10,KNQA20150722_111407_V06,11,3.999,1.200,18818,0,4263.176,2910,0,2199.997
KNQA20150722-10,KNQA20150722_111407_V06,12,5.098,1.200,18843,0,1979.347,2302,0,810.913
KNQA20150722-10,KNQA20150722_111407_V06,13,6.416,1.200,18899,0,1228.183,2094,0,364.740
KNQA20150722-10,KNQA20150722_111407_V06,14,7.998,1.200,18985,0,594.036,1991,0,181.781
KNQA20150722-13,KNQA20150722_110406_V06,0,0.483,1.200,795,0,61427.137,259,0,1277.481
KNQA20150722-13,KNQA20150722_110406_V06,2,0.879,1.200,796,0,52353.751,275,0,2409.409
KNQA20150722-13,KNQA20150722_110406_V06,4,1.318,1.200,801,0,14166.064,164,0,874.868
KNQA20150723-4,KNQA20150723_104507_V06,0,0.483,1.200,1815,0,175951.095,93,0,160861.990
KNQA20150723-4,KNQA20150723_104507_V06,2,0.879,1.200,1815,0,35362.594,89,0,32084.057
KNQA20150723-4,KNQA20150723_104507_V06,4,1.318,1.200,1818,0,2340.787,165,0,2047.791
KNQA20150723-4,KNQA20150723_104507_V06,6,1.802,1.200,913,0,8.766,7,0,7.923
KNQA20150723-4,KNQA20150723_104507_V06,7,2.417,1.200,913,0,2.250,0,0,2.250
KNQA20150723-4,KNQA20150723_104507_V06,10,3.120,1.200,914,0,1.937,3,0,0.588
KNQA20150723-4,KNQA20150723_104507_V06,11,3.999,1.200,916,0,0.291,0,0,0.291
KNQA20150723-4,KNQA20150723_104507_V06,12,5.098,1.200,912,0,1.209,0,0,1.209
KNQA20150723-4,KNQA20150723_104507_V06,13,6.416,1.200,913,0,3.392,0,0,3.392
KNQA20150723-4,KNQA20150723_104507_V06,14,7.998,1.200,918,0,5.435,25,0,2.785
KNQA20150723-4,KNQA20150723_104507_V06,15,10.020,1.200,922,0,1.414,7,0,0.456
KNQA20150723-4,KNQA20150723_105035_V06,0,0.483,1.200,6476,0,223079.197,401,0,206991.807
KNQA20150723-4,KNQA20150723_105035_V06,2,0.879,1.200,6480,0,107063.578,492,0,95892.206
KNQA20150723-4,KNQA20150723_105035_V06,4,1.318,1.200,6486,0,50217.585,695,0,41933.907
KNQA20150723-4,KNQA20150723_105035_V06,6,1.802,1.200,3241,0,8488.715,364,0,5395.813
KNQA20150723-4,KNQA20150723_105035_V06,7,2.417,1.200,3246,0,668.788,146,0,382.157
KNQA20150723-4,KNQA20150723_105035_V06,8,3.120,1.200,3246,0,44.620,31,0,35.105
KNQA20150723-4,KNQA20150723_105035_V06,11,3.999,1.200,3250,0,2.736,1,0,2.711
KNQA20150723-4,KNQA20150723_105035_V06,12,5.098,1.200,3254,0,2.783,0,0,2.783
KNQA20150723-4,KNQA20150723_105035_V06,13,6.416,1.200,3269,0,1.781,0,0,1.781
KNQA20150723-4,KNQA20150723_105035_V06,14,7.998,1.200,3273,0,3.845,12,0,1.691
KNQA20150723-4,KNQA20150723_105035_V06,15,10.020,1.200,3296,0,2.485,11,0,1.240
KNQA20150723-4,KNQA20150723_105755_V06,0,0.483,1.200,16237,0,247883.511,1103,0,232140.313
KNQA20150723-4,KNQA20150723_105755_V06,2,0.879,1.200,16245,0,125276.923,1312,0,113276.194
KNQA20150723-4,KNQA20150723_105755_V06,4,1.318,1.200,16246,0,82371.013,1843,0,70990.722
KNQA20150723-4,KNQA20150723_105755_V06,6,1.802,1.200,8120,0,43627.002,1311,0,28738.532
KNQA20150723-4,KNQA20150723_105755_V06,7,2.417,1.200,8120,0,16487.009,1007,0,9666.331
KNQA20150723-4,KNQA20150723_105755_V06,8,3.120,1.200,8130,0,6184.344,611,0,3159.258
KNQA20150723-4,KNQA20150723_105755_V06,11,3.999,1.200,8143,0,2500.238,481,0,1147.871
KNQA20150723-4,KNQA20150723_105755_V06,12,5.098,1.200,8160,0,563.981,264,0,116.206
KNQA20150723-4,KNQA20150723_105755_V06,13,6.416,1.200,8170,0,50.364,89,0,18.319
KNQA20150723-4,KNQA20150723_105755_V06,14,7.998,1.200,8199,0,6.179,81,0,4.297
KNQA20150723-4,KNQA20150723_105755_V06,15,10.020,1.200,8249,0,3.575,66,0,2.781
KNQA20150723-4,KNQA20150723_110303_V06,0,0.483,1.200,24763,6,212271.900,1861,6,190231.530
KNQA20150723-4,KNQA20150723_110303_V06,2,0.879,1.200,24771,0,84823.669,1963,0,75768.774
KNQA20150723-4,KNQA20150723_110303_V06,4,1.318,1.200,24766,0,56767.988,2753,0,47167.754
KNQA20150723-4,KNQA20150723_110303_V06,6,1.802,1.200,12387,0,39505.475,2421,0,23493.289
KNQA20150723-4,KNQA20150723_110303_V06,7,2.417,1.200,12391,0,20494.542,2110,0,12593.857
KNQA20150723-4,KNQA20150723_110303_V06,8,3.120,1.200,12405,0,9170.891,1607,0,4759.798
KNQA20150723-4,KNQA20150723_110303_V06,11,3.999,1.200,12419,0,4497.531,1298,0,2018.988
KNQA20150723-4,KNQA20150723_110303_V06,12,5.098,1.200,12434,0,2359.804,942,0,912.930
KNQA20150723-4,KNQA20150723_110303_V06,13,6.416,1.200,12475,0,969.942,823,0,338.166
KNQA20150723-4,KNQA20150723_110303_V06,14,7.998,1.200,12511,0,299.193,655,0,95.560
KNQA20150723-4,KNQA20150723_110303_V06,15,10.020,1.200,12589,0,112.325,477,0,43.840
KNQA20150723-4,KNQA20150723_110817_V06,0,0.483,1.200,36655,13,162469.362,2684,9,148290.714
KNQA20150723-4,KNQA20150723_110817_V06,2,0.879,1.200,36655,2,67428.691,3356,1,61111.262
KNQA20150723-4,KNQA20150723_110817_V06,4,1.318,1.200,36671,0,45669.048,4412,0,38523.083
KNQA20150723-4,KNQA20150723_110817_V06,6,1.802,1.200,18340,0,28200.176,3974,0,18001.923
KNQA20150723-4,KNQA20150723_110817_V06,7,2.417,1.200,18347,0,16258.000,3890,0,9852.814
KNQA20150723-4,KNQA20150723_110817_V06,8,3.120,1.200,18366,0,7607.236,3472,0,4230.178
KNQA20150723-4,KNQA20150723_110817_V06,11,3.999,1.200,18389,0,3479.467,2907,0,1649.695
KNQA20150723-4,KNQA20150723_110817_V06,12,5.098,1.200,18423,0,1861.395,2315,0,734.051
KNQA20150723-4,KNQA20150723_110817_V06,13,6.416,1.200,18469,0,770.857,1768,0,343.618
KNQA20150723-4,KNQA20150723_110817_V06,14,7.998,1.200,18546,0,565.879,1713,0,196.228
KNQA20150723-4,KNQA20150723_110817_V06,15,10.020,1.200,18664,0,248.139,1519,0,61.174
KNQA20150723-4,KNQA20150723_110817_V06,16,12.480,1.200,18846,0,130.312,1270,0,24.843
KNQA20150723-4,KNQA20150723_111325_V06,0,0.483,1.200,54528,22,160391.125,4322,19,147011.364
KNQA20150723-4,KNQA20150723_111325_V06,2,0.879,1.200,54537,1,75317.671,5176,0,67385.098
KNQA20150723-4,KNQA20150723_111325_V06,4,1.318,1.200,54542,2,50346.912,6865,1,42793.220
KNQA20150723-4,KNQA20150723_111325_V06,6,1.802,1.200,27284,0,30471.622,6042,0,20389.265
KNQA20150723-4,KNQA20150723_111325_V06,7,2.417,1.200,27298,1,16492.271,6023,0,10244.375
KNQA20150723-4,KNQA20150723_111325_V06,8,3.120,1.200,27314,0,7826.075,5449,0,4415.071
KNQA20150723-4,KNQA20150723_111325_V06,11,3.999,1.200,27346,0,3645.673,4779,0,1829.071
KNQA20150723-4,KNQA20150723_111325_V06,12,5.098,1.200,27385,0,2027.619,4096,0,1006.666
KNQA20150723-4,KNQA20150723_111325_V06,13,6.416,1.200,27464,0,965.124,3803,0,386.771
KNQA20150723-4,KNQA20150723_111325_V06,14,7.998,1.200,27573,0,431.443,3254,0,172.115
KNQA20150723-4,KNQA20150723_111325_V06,15,10.020,1.200,27756,0,283.514,3032,0,94.811
KNQA20150723-4,KNQA20150723_111325_V06,16,12.480,1.200,28032,0,100.568,2564,0,26.152
KNQA20150723-5,KNQA20150723_104507_V06,0,0.483,1.200,3165,102,1841192.131,656,0,276.727
KNQA20150723-5,KNQA20150723_104507_V06,2,0.879,1.200,3161,117,1755083.513,737,0,98.698
KNQA20150723-5,KNQA20150723_104507_V06,4,1.318,1.200,3158,99,1887184.343,826,0,184.135
KNQA20150723-5,KNQA20150723_104507_V06,6,1.802,1.200,1581,51,1981870.733,360,3,685.043
KNQA20150723-5,KNQA20150723_104507_V06,7,2.417,1.200,1575,39,2273668.291,310,0,5893.647
KNQA20150723-5,KNQA20150723_104507_V06,10,3.120,1.200,1571,10,1170252.714,276,0,4817.503
KNQA20150723-5,KNQA20150723_105035_V06,0,0.483,1.200,5260,82,1995445.845,1127,0,24601.652
KNQA20150723-5,KNQA20150723_105035_V06,2,0.879,1.200,5248,74,2349861.751,1213,0,3974.904
KNQA20150723-5,KNQA20150723_105035_V06,4,1.318,1.200,5253,62,2107592.645,1349,0,201.017
KNQA20150723-5,KNQA20150723_105035_V06,6,1.802,1.200,2626,10,1899454.426,559,0,30211.050
KNQA20150723-5,KNQA20150723_105035_V06,7,2.417,1.200,2643,3,1393868.789,576,0,551.782
KNQA20150723-5,KNQA20150723_105035_V06,8,3.120,1.200,2641,0,337300.452,547,0,1651.604
KNQA20150723-5,KNQA20150723_105755_V06,0,0.483,1.200,2894,9,1927805.911,816,0,966.705
KNQA20150723-5,KNQA20150723_105755_V06,2,0.879,1.200,2895,5,1562725.297,771,0,242.898
KNQA20150723-5,KNQA20150723_105755_V06,4,1.318,1.200,2890,0,1162632.088,796,0,172.662
KNQA20150723-5,KNQA20150723_105755_V06,6,1.802,1.200,1448,0,577614.525,328,0,385.384
KNQA20150723-5,KNQA20150723_105755_V06,7,2.417,1.200,1446,0,341045.773,292,0,3373.101
KNQA20150723-5,KNQA20150723_105755_V06,8,3.120,1.200,1443,0,48363.047,204,0,79.728
KNQA20150724-5,KNQA20150724_103505_V06,0,0.483,1.200,1270,0,121987.681,92,0,112460.118
KNQA20150724-5,KNQA20150724_103505_V06,2,0.879,1.200,1269,0,23360.311,105,0,20350.715
KNQA20150724-5,KNQA20150724_103505_V06,4,1.318,1.200,1271,0,1495.213,137,0,1325.367
KNQA20150724-5,KNQA20150724_103505_V06,6,1.802,1.200,639,0,110.516,46,0,88.830
KNQA20150724-5,KNQA20150724_103505_V06,7,2.417,1.200,641,0,18.782,6,0,15.174
KNQA20150724-5,KNQA20150724_103505_V06,8,3.120,1.200,639,0,2.378,1,0,2.270
KNQA20150724-5,KNQA20150724_103505_V06,11,3.999,1.200,640,0,1.317,0,0,1.317
KNQA20150724-5,KNQA20150724_103505_V06,12,5.098,1.200,643,0,0.496,0,0,0.496
KNQA20150724-5,KNQA20150724_103505_V06,13,6.416,1.200,638,0,0.233,0,0,0.233
KNQA20150724-5,KNQA20150724_103505_V06,14,7.998,1.200,646,0,1.286,5,0,0.236
KNQA20150724-5,KNQA20150724_103959_V06,0,0.483,1.200,4625,0,280964.014,360,0,255931.019
KNQA20150724-5,KNQA20150724_103959_V06,2,0.879,1.200,4624,0,129042.471,344,0,115500.168
KNQA20150724-5,KNQA20150724_103959_V06,4,1.318,1.200,4620,0,45097.046,511,0,37534.365
KNQA20150724-5,KNQA20150724_103959_V06,6,1.802,1.200,2313,0,2677.831,335,0,1771.845
KNQA20150724-5,KNQA20150724_103959_V06,7,2.417,1.200,2317,0,92.977,95,0,68.364
KNQA20150724-5,KNQA20150724_103959_V06,10,3.120,1.200,2313,0,13.764,53,0,10.070
KNQA20150724-5,KNQA20150724_103959_V06,11,3.999,1.200,2318,0,19.554,29,0,7.820
KNQA20150724-5,KNQA20150724_103959_V06,12,5.098,1.200,2322,0,0.973,2,0,0.942
KNQA20150724-5,KNQA20150724_103959_V06,13,6.416,1.200,2323,0,0.933,0,0,0.933
KNQA20150724-5,KNQA20150724_103959_V06,14,7.998,1.200,2337,0,0.926,2,0,0.825
KNQA20150724-5,KNQA20150724_104511_V06,0,0.483,1.200,6066,1,298836.872,297,0,267142.827
KNQA20150724-5,KNQA20150724_104511_V06,2,0.879,1.200,6069,0,210663.515,317,0,186369.498
KNQA20150724-5,KNQA20150724_104511_V06,4,1.318,1.200,6070,0,92743.388,616,0,78056.655
KNQA20150724-5,KNQA20150724_104511_V06,6,1.802,1.200,3033,0,12380.872,578,0,7279.078
KNQA20150724-5,KNQA20150724_104511_V06,7,2.417,1.200,3031,0,1441.395,224,0,682.890
KNQA20150724-5,KNQA20150724_104511_V06,10,3.120,1.200,3033,0,125.409,79,0,90.727
KNQA20150724-5,KNQA20150724_104511_V06,11,3.999,1.200,3044,0,53.289,61,0,26.753
KNQA20150724-5,KNQA20150724_104511_V06,12,5.098,1.200,3047,0,26.390,17,0,8.413
KNQA20150724-5,KNQA20150724_104511_V06,13,6.416,1.200,3054,0,1.320,1,0,1.304
KNQA20150724-5,KNQA20150724_104511_V06,14,7.998,1.200,3057,0,2.074,4,0,1.253
KNQA20150724-5,KNQA20150724_105003_V06,0,0.483,1.200,11203,0,238398.290,648,0,227778.115
KNQA20150724-5,KNQA20150724_105003_V06,2,0.879,1.200,11207,0,188976.333,629,0,177445.229
KNQA20150724-5,KNQA20150724_105003_V06,4,1.318,1.200,11208,0,160705.315,977,0,141935.355
KNQA20150724-5,KNQA20150724_105003_V06,6,1.802,1.200,5614,0,62634.572,1145,0,39765.921
KNQA20150724-5,KNQA20150724_105003_V06,7,2.417,1.200,5610,0,15075.150,785,0,8967.336
KNQA20150724-5,KNQA20150724_105003_V06,10,3.120,1.200,5618,0,4767.589,556,0,2901.959
KNQA20150724-5,KNQA20150724_105003_V06,11,3.999,1.200,5628,0,1743.005,495,0,466.465
KNQA20150724-5,KNQA20150724_105003_V06,12,5.098,1.200,5635,0,867.429,218,0,143.833
KNQA20150724-5,KNQA20150724_105003_V06,13,6.416,1.200,5643,0,168.232,67,0,14.578
KNQA20150724-5,KNQA20150724_105003_V06,14,7.998,1.200,5665,0,3.152,28,0,2.533
KNQA20150724-5,KNQA20150724_105516_V06,0,0.483,1.200,17585,0,206269.570,921,0,198330.130
KNQA20150724-5,KNQA20150724_105516_V06,2,0.879,1.200,17593,0,151735.266,1065,0,143672.676
KNQA20150724-5,KNQA20150724_105516_V06,4,1.318,1.200,17593,0,147047.978,1445,0,135024.716
KNQA20150724-5,KNQA20150724_105516_V06,6,1.802,1.200,8795,0,92848.129,1694,0,54498.704
KNQA20150724-5,KNQA20150724_105516_V06,7,2.417,1.200,8810,0,28554.763,1267,0,18812.904
KNQA20150724-5,KNQA20150724_105516_V06,10,3.120,1.200,8807,0,12384.745,1059,0,6359.638
KNQA20150724-5,KNQA20150724_105516_V06,11,3.999,1.200,8821,0,13819.738,904,0,3381.322
KNQA20150724-5,KNQA20150724_105516_V06,12,5.098,1.200,8834,0,16121.973,727,0,1014.859
KNQA20150724-5,KNQA20150724_105516_V06,13,6.416,1.200,8860,0,368.422,370,0,200.672
KNQA20150724-5,KNQA20150724_105516_V06,14,7.998,1.200,8898,0,125.581,260,0,45.948
KNQA20150724-5,KNQA20150724_110009_V06,0,0.483,1.200,23355,1,237973.573,1028,1,229059.654
KNQA20150724-5,KNQA20150724_110009_V06,2,0.879,1.200,23365,0,152956.285,1180,0,139953.156
KNQA20150724-5,KNQA20150724_110009_V06,4,1.318,1.200,23368,0,134318.650,1889,0,116184.221
KNQA20150724-5,KNQA20150724_110009_V06,6,1.802,1.200,11679,0,63549.609,2865,0,37269.732
KNQA20150724-5,KNQA20150724_110009_V06,7,2.417,1.200,11687,0,29823.076,2503,0,15716.518
KNQA20150724-5,KNQA20150724_110009_V06,10,3.120,1.200,11698,0,17139.699,2184,0,5976.549
KNQA20150724-5,KNQA20150724_110009_V06,11,3.999,1.200,11709,0,10237.415,1870,0,2775.856
KNQA20150724-5,KNQA20150724_110009_V06,12,5.098,1.200,11729,0,6008.353,1349,0,1570.093
KNQA20150724-5,KNQA20150724_110009_V06,13,6.416,1.200,11757,0,1813.178,1067,0,816.895
KNQA20150724-5,KNQA20150724_110009_V06,14,7.998,1.200,11802,0,1069.447,995,0,315.583
KNQA20150724-5,KNQA20150724_110009_V06,15,10.020,1.200,11876,0,9293.848,962,0,84.274
KNQA20150724-10,KNQA20150724_110718_V06,0,0.483,1.200,512,0,15447.597,66,0,11810.861
KNQA20150724-10,KNQA20150724_110718_V06,2,0.879,1.200,514,0,3288.804,23,0,2457.319
KNQA20150724-10,KNQA20150724_110718_V06,4,1.318,1.200,513,0,1.964,0,0,1.964
KNQA20150724-12,KNQA20150724_113329_V06,0,0.483,1.200,458,187,3607249.001,379,9,12138.441
KNQA20150724-12,KNQA20150724_113329_V06,2,0.879,1.200,459,175,3842456.948,401,6,1538.869
KNQA20150724-12,KNQA20150724_113329_V06,4,1.318,1.200,462,127,6304147.235,399,6,343395.619
KNQA20150725-4,KNQA20150725_103138_V06,0,0.483,1.200,704,0,69997.324,29,0,64605.886
KNQA20150725-4,KNQA20150725_103138_V06,2,1.450,1.200,705,0,1038.847,59,0,950.089
KNQA20150725-4,KNQA20150725_103138_V06,4,2.417,1.200,355,0,79.743,33,0,50.115
KNQA20150725-4,KNQA20150725_103138_V06,5,3.384,1.200,353,0,3.580,6,0,0.952
KNQA20150725-4,KNQA20150725_103138_V06,6,4.307,1.200,354,0,0.138,0,0,0.138
KNQA20150725-4,KNQA20150725_103138_V06,7,6.021,1.200,353,0,0.352,0,0,0.352
KNQA20150725-4,KNQA20150725_103633_V06,0,0.483,1.200,2933,0,185309.619,197,0,177540.387
KNQA20150725-4,KNQA20150725_103633_V06,2,1.450,1.200,2935,0,6787.565,225,0,6208.693
KNQA20150725-4,KNQA20150725_103633_V06,4,2.417,1.200,1470,0,210.574,137,0,148.721
KNQA20150725-4,KNQA20150725_103633_V06,5,3.384,1.200,1471,0,33.148,35,0,27.010
KNQA20150725-4,KNQA20150725_103633_V06,6,4.307,1.200,1471,0,4.135,0,0,4.135
KNQA20150725-4,KNQA20150725_103633_V06,7,6.021,1.200,1474,0,5.050,0,0,5.050
KNQA20150725-4,KNQA20150725_104127_V06,0,0.483,1.200,4360,0,251770.010,172,0,245464.023
KNQA20150725-4,KNQA20150725_104127_V06,2,1.450,1.200,4361,0,30443.134,286,0,27619.889
KNQA20150725-4,KNQA20150725_104127_V06,4,2.417,1.200,2185,0,364.317,198,0,311.577
KNQA20150725-4,KNQA20150725_104127_V06,5,3.384,1.200,2186,0,31.175,71,0,25.375
KNQA20150725-4,KNQA20150725_104127_V06,6,4.307,1.200,2188,0,8.428,14,0,7.757
KNQA20150725-4,KNQA20150725_104127_V06,7,6.021,1.200,2200,0,3.396,2,0,2.601
KNQA20150725-4,KNQA20150725_104622_V06,0,0.483,1.200,6306,0,314657.234,170,0,305934.923
KNQA20150725-4,KNQA20150725_104622_V06,2,1.450,1.200,6305,0,87421.558,374,0,78483.296
KNQA20150725-4,KNQA20150725_104622_V06,4,2.417,1.200,3163,0,3716.776,232,0,3386.096
KNQA20150725-4,KNQA20150725_104622_V06,5,3.384,1.200,3163,0,153.468,121,0,135.271
KNQA20150725-4,KNQA20150725_104622_V06,6,4.307,1.200,3162,0,26.465,33,0,25.089
KNQA20150725-4,KNQA20150725_104622_V06,7,6.021,1.200,3167,0,16.173,0,0,16.173
KNQA20150725-4,KNQA20150725_105117_V06,0,0.483,1.200,10835,0,307166.004,124,0,303273.329
KNQA20150725-4,KNQA20150725_105117_V06,2,1.494,1.200,10838,0,136272.118,238,0,133966.949
KNQA20150725-4,KNQA20150725_105117_V06,4,2.505,1.200,5429,0,25947.124,233,0,24871.064
KNQA20150725-4,KNQA20150725_105117_V06,5,3.516,1.200,5426,0,5799.592,166,0,5300.004
KNQA20150725-4,KNQA20150725_105117_V06,6,4.482,1.200,5438,0,1982.255,170,0,1851.980
KNQA20150725-4,KNQA20150725_110100_V06,0,0.483,1.200,30748,0,351640.624,348,0,349083.768
KNQA20150725-4,KNQA20150725_110100_V06,2,1.494,1.200,30751,0,155235.551,720,0,153088.377
KNQA20150725-4,KNQA20150725_110100_V06,4,2.505,1.200,15402,0,59874.504,566,0,57263.148
KNQA20150725-4,KNQA20150725_110100_V06,5,3.516,1.200,15413,0,27239.180,783,0,24019.742
KNQA20150725-4,KNQA20150725_110100_V06,6,4.482,1.200,15431,0,11378.826,727,0,9838.898
KNQA20150725-4,KNQA20150725_111258_V06,0,0.483,1.200,51874,18,388575.953,705,17,384165.401
KNQA20150725-4,KNQA20150725_111258_V06,2,1.494,1.200,51890,0,155964.875,1792,0,152583.522
KNQA20150725-4,KNQA20150725_111258_V06,4,2.505,1.200,25959,0,62113.630,1562,0,58478.766
KNQA20150725-4,KNQA20150725_111258_V06,5,3.516,1.200,26002,0,25873.106,1958,0,23095.813
KNQA20150725-4,KNQA20150725_111258_V06,6,4.482,1.200,26024,0,12616.196,2078,0,10661.845
KNQA20150725-8,KNQA20150725_112240_V06,0,0.483,1.200,20831,0,287381.140,1174,0,247594.433
KNQA20150725-8,KNQA20150725_112240_V06,2,1.494,1.200,20860,0,17978.142,183,0,15498.117
KNQA20150725-8,KNQA20150725_113223_V06,0,0.483,1.200,27956,0,260065.150,1631,0,225313.902
KNQA20150725-8,KNQA20150725_113223_V06,2,1.494,1.200,27981,0,39598.167,439,0,32288.281
KNQA20150725-6,KNQA20150725_111258_V06,0,0.483,1.200,2763,0,60804.255,4,0,60674.116
KNQA20150725-6,KNQA20150725_111258_V06,2,1.494,1.200,2764,0,5823.771,42,0,5729.858
KNQA20150725-6,KNQA20150725_111258_V06,4,2.505,1.200,1379,0,720.833,37,0,670.015
KNQA20150725-6,KNQA20150725_111258_V06,5,3.516,1.200,1379,0,64.231,29,0,39.004
KNQA20150725-6,KNQA20150725_111258_V06,6,4.482,1.200,1383,0,6.060,5,0,3.649
KNQA20150725-7,KNQA20150725_111258_V06,0,0.483,1.200,3187,0,66900.888,134,0,60824.515
KNQA20150725-7,KNQA20150725_111258_V06,2,1.494,1.200,3194,0,824.949,11,0,647.478
KNQA20150725-10,KNQA20150725_115146_V06,0,0.483,1.200,293,0,4939.182,45,0,3296.247
KNQA20150725-13,KNQA20150725_120127_V06,0,0.483,1.200,4377,0,249332.253,199,0,241759.497
KNQA20150725-13,KNQA20150725_120127_V06,2,1.494,1.200,4380,0,20963.192,158,0,18611.724
KNQA20150726-1,KNQA20150726_102939_V06,0,0.483,1.200,631,0,45031.890,28,0,41602.535
KNQA20150726-1,KNQA20150726_102939_V06,2,1.494,1.200,631,0,269.526,58,0,188.417
KNQA20150726-1,KNQA20150726_102939_V06,4,2.505,1.200,315,0,33.434,65,0,20.801
KNQA20150726-1,KNQA20150726_102939_V06,5,3.516,1.200,316,0,5.050,25,0,3.024
KNQA20150726-1,KNQA20150726_102939_V06,6,4.482,1.200,315,0,3.951,10,0,3.460
KNQA20150726-1,KNQA20150726_103921_V06,0,0.483,1.200,4888,0,211441.665,258,0,208520.282
KNQA20150726-1,KNQA20150726_103921_V06,2,1.494,1.200,4891,0,30273.416,270,0,29287.373
KNQA20150726-1,KNQA20150726_103921_V06,4,2.505,1.200,2447,0,1186.526,164,0,1150.016
KNQA20150726-1,KNQA20150726_103921_V06,5,3.516,1.200,2449,0,136.780,243,0,112.622
KNQA20150726-1,KNQA20150726_103921_V06,6,4.482,1.200,2457,0,75.780,345,0,43.805
KNQA20150726-1,KNQA20150726_104904_V06,0,0.483,1.200,5785,0,243051.086,45,0,241512.598
KNQA20150726-1,KNQA20150726_104904_V06,2,1.494,1.200,5789,0,78179.917,192,0,77085.374
KNQA20150726-1,KNQA20150726_104904_V06,4,2.505,1.200,2901,0,6038.564,152,0,5909.955
KNQA20150726-1,KNQA20150726_104904_V06,5,3.516,1.200,2901,0,241.205,132,0,230.130
KNQA20150726-1,KNQA20150726_104904_V06,6,4.482,1.200,2903,0,68.494,180,0,50.395
KNQA20150726-1,KNQA20150726_105847_V06,0,0.483,1.200,17846,1,183458.699,427,0,179687.546
KNQA20150726-1,KNQA20150726_105847_V06,2,1.494,1.200,17856,0,107866.818,949,0,105433.782
KNQA20150726-1,KNQA20150726_105847_V06,4,2.505,1.200,8935,0,44336.825,486,0,42016.313
KNQA20150726-1,KNQA20150726_105847_V06,5,3.516,1.200,8939,0,16972.437,467,0,15424.067
KNQA20150726-1,KNQA20150726_105847_V06,6,4.482,1.200,8961,0,5925.997,462,0,5514.468
KNQA20150726-1,KNQA20150726_110829_V06,0,0.483,1.200,27281,4,159044.186,642,4,153674.788
KNQA20150726-1,KNQA20150726_110829_V06,2,1.494,1.200,27292,0,73527.208,1849,0,70818.387
KNQA20150726-1,KNQA20150726_110829_V06,4,2.505,1.200,13667,0,34263.480,1068,0,32137.940
KNQA20150726-1,KNQA20150726_110829_V06,5,3.516,1.200,13686,0,15145.541,1471,0,13361.703
KNQA20150726-1,KNQA20150726_110829_V06,6,4.482,1.200,13702,0,4662.973,1372,0,3967.672
KNQA20150726-1,KNQA20150726_111811_V06,0,0.483,1.200,61136,9,258720.734,2051,8,250692.447
KNQA20150726-1,KNQA20150726_111811_V06,2,1.494,1.200,61162,0,72016.189,6349,0,66898.482
KNQA20150726-1,KNQA20150726_111811_V06,4,2.505,1.200,30611,0,38909.637,3771,0,35400.001
KNQA20150726-1,KNQA20150726_111811_V06,5,3.516,1.200,30636,0,23411.281,4505,0,20371.851
KNQA20150726-1,KNQA20150726_111811_V06,6,4.482,1.200,30678,0,11458.434,4835,0,9453.570
KNQA20150726-5,KNQA20150726_105847_V06,0,0.483,1.200,1383,0,49964.665,11,0,49543.069
KNQA20150726-5,KNQA20150726_105847_V06,2,1.494,1.200,1381,0,985.903,153,0,896.725
KNQA20150726-5,KNQA20150726_105847_V06,4,2.505,1.200,696,0,88.206,39,0,71.653
KNQA20150726-5,KNQA20150726_105847_V06,5,3.516,1.200,696,0,16.140,24,0,12.033
KNQA20150726-5,KNQA20150726_105847_V06,6,4.482,1.200,695,0,0.627,0,0,0.627
KNQA20150726-5,KNQA20150726_110829_V06,0,0.483,1.200,4304,0,73539.597,20,0,73453.510
KNQA20150726-5,KNQA20150726_110829_V06,2,1.494,1.200,4301,0,5139.171,442,0,4845.081
KNQA20150726-5,KNQA20150726_110829_V06,4,2.505,1.200,2145,0,473.650,197,0,322.584
KNQA20150726-5,KNQA20150726_110829_V06,5,3.516,1.200,2150,0,146.867,92,0,96.563
KNQA20150726-5,KNQA20150726_110829_V06,6,4.482,1.200,2152,0,39.360,30,0,29.902
KNQA20150726-5,KNQA20150726_111811_V06,0,0.483,1.200,5550,0,57477.211,46,0,57194.719
KNQA20150726-5,KNQA20150726_111811_V06,2,1.494,1.200,5555,0,6968.027,677,0,6510.620
KNQA20150726-5,KNQA20150726_111811_V06,4,2.505,1.200,2781,0,465.760,177,0,361.328
KNQA20150726-5,KNQA20150726_111811_V06,5,3.516,1.200,2787,0,161.606,79,0,112.594
KNQA20150726-5,KNQA20150726_111811_V06,6,4.482,1.200,2784,0,74.461,42,0,61.504
KNQA20150726-6,KNQA20150726_110829_V06,0,0.483,1.200,5756,0,76403.214,196,0,62564.114
KNQA20150726-6,KNQA20150726_111811_V06,0,0.483,1.200,10183,0,85518.124,318,0,67202.124
KNQA20150726-7,KNQA20150726_110829_V06,0,0.483,1.200,1633,0,110312.242,26,0,110019.743
KNQA20150726-7,KNQA20150726_110829_V06,2,1.494,1.200,1633,0,3361.054,128,0,2922.489
KNQA20150726-7,KNQA20150726_110829_V06,4,2.505,1.200,816,0,452.555,7,0,344.374
KNQA20150726-7,KNQA20150726_110829_V06,5,3.516,1.200,814,0,16.165,0,0,16.165
KNQA20150726-7,KNQA20150726_111811_V06,0,0.483,1.200,7812,0,217483.520,719,0,197074.146
KNQA20150726-7,KNQA20150726_111811_V06,2,1.494,1.200,7812,0,39196.537,799,0,34991.352
KNQA20150726-7,KNQA20150726_111811_V06,4,2.505,1.200,3910,0,10910.348,80,0,10438.089
KNQA20150726-7,KNQA20150726_111811_V06,5,3.516,1.200,3915,0,191.463,8,0,183.751
KNQA20150726-3,KNQA20150726_104904_V06,0,0.483,1.200,455,0,26586.298,13,0,26548.364
KNQA20150726-3,KNQA20150726_104904_V06,2,1.494,1.200,452,0,81.080,16,0,62.491
KNQA20150726-3,KNQA20150726_104904_V06,4,2.505,1.200,225,0,60.753,1,0,56.913
KNQA20150726-3,KNQA20150726_104904_V06,5,3.516,1.200,226,0,117.778,16,0,95.384
KNQA20150726-3,KNQA20150726_104904_V06,6,4.482,1.200,229,0,11.416,1,0,10.116
KNQA20150726-8,KNQA20150726_110829_V06,0,0.483,1.200,10294,0,75029.380,183,0,73338.329
KNQA20150726-8,KNQA20150726_110829_V06,2,1.494,1.200,10303,0,18187.705,356,0,17163.499
KNQA20150726-8,KNQA20150726_110829_V06,4,2.505,1.200,5154,0,7229.226,316,0,6352.930
KNQA20150726-8,KNQA20150726_110829_V06,5,3.516,1.200,5161,0,5564.138,551,0,4385.323
KNQA20150726-8,KNQA20150726_110829_V06,6,4.482,1.200,5165,0,4536.576,543,0,3630.633
KNQA20150727-1,KNQA20150727_103647_V06,0,0.483,1.200,2395,1,75876.327,220,1,75356.245
KNQA20150727-1,KNQA20150727_103647_V06,2,1.494,1.200,2390,0,1358.512,259,0,1230.782
KNQA20150727-1,KNQA20150727_103647_V06,4,2.505,1.200,1198,0,33.140,41,0,30.440
KNQA20150727-1,KNQA20150727_103647_V06,5,3.516,1.200,1201,0,8.134,9,0,7.359
KNQA20150727-1,KNQA20150727_103647_V06,6,4.482,1.200,1201,0,4.942,9,0,4.267
KNQA20150727-1,KNQA20150727_104629_V06,0,0.483,1.200,5764,0,241774.319,211,0,237509.960
KNQA20150727-1,KNQA20150727_104629_V06,2,1.494,1.200,5767,0,53885.113,256,0,51884.865
KNQA20150727-1,KNQA20150727_104629_V06,4,2.505,1.200,2887,0,595.891,76,0,570.894
KNQA20150727-1,KNQA20150727_104629_V06,5,3.516,1.200,2888,0,22.513,47,0,20.132
KNQA20150727-1,KNQA20150727_104629_V06,6,4.482,1.200,2897,0,15.491,38,0,13.671
KNQA20150727-1,KNQA20150727_105612_V06,0,0.483,1.200,11020,0,233460.726,107,0,230969.565
KNQA20150727-1,KNQA20150727_105612_V06,2,1.494,1.200,11025,0,113509.999,408,0,111569.301
KNQA20150727-1,KNQA20150727_105612_V06,4,2.505,1.200,5515,0,18610.523,158,0,17772.540
KNQA20150727-1,KNQA20150727_105612_V06,5,3.516,1.200,5516,0,4360.496,181,0,4189.027
KNQA20150727-1,KNQA20150727_105612_V06,6,4.482,1.200,5529,0,638.707,148,0,563.190
KNQA20150727-1,KNQA20150727_110555_V06,0,0.483,1.200,21450,0,211386.675,521,0,208992.960
KNQA20150727-1,KNQA20150727_110555_V06,2,1.494,1.200,21458,0,119114.231,842,0,116757.441
KNQA20150727-1,KNQA20150727_110555_V06,4,2.505,1.200,10739,0,43710.921,668,0,41434.642
KNQA20150727-1,KNQA20150727_110555_V06,5,3.516,1.200,10748,0,10705.649,709,0,9311.170
KNQA20150727-1,KNQA20150727_110555_V06,6,4.482,1.200,10761,0,6049.154,660,0,5111.434
KNQA20150727-1,KNQA20150727_111538_V06,0,0.483,1.200,42821,44,197816.288,1766,43,191193.500
KNQA20150727-1,KNQA20150727_111538_V06,2,1.494,1.200,42845,0,124697.430,3403,0,120247.064
KNQA20150727-1,KNQA20150727_111538_V06,4,2.505,1.200,21442,0,57658.620,2179,0,54108.400
KNQA20150727-1,KNQA20150727_111538_V06,5,3.516,1.200,21465,0,16203.113,2273,0,14230.917
KNQA20150727-1,KNQA20150727_111538_V06,6,4.482,1.200,21497,0,5577.170,2246,0,4508.558
KNQA20150727-1,KNQA20150727_112520_V06,0,0.483,1.200,85967,6,284548.785,4121,6,272991.284
KNQA20150727-1,KNQA20150727_112520_V06,2,1.494,1.200,85995,0,163006.927,7965,0,153766.832
KNQA20150727-1,KNQA20150727_112520_V06,4,2.505,1.200,43020,0,58914.981,4280,0,53593.938
KNQA20150727-1,KNQA20150727_112520_V06,5,3.516,1.200,43076,0,30338.890,4074,0,27222.860
KNQA20150727-1,KNQA20150727_112520_V06,6,4.482,1.200,43147,0,11519.694,4263,0,9560.494
KNQA20150727-5,KNQA20150727_110555_V06,0,0.483,1.200,3377,0,19245.748,49,0,16825.360
KNQA20150727-5,KNQA20150727_111538_V06,0,0.483,1.200,7308,0,45092.956,146,0,34496.967
KNQA20150727-5,KNQA20150727_112520_V06,0,0.483,1.200,12090,0,87070.348,313,0,57395.237
KNQA20150727-7,KNQA20150727_111538_V06,0,0.483,1.200,70,0,9400.893,2,0,9348.624
KNQA20150727-7,KNQA20150727_111538_V06,2,1.494,1.200,70,0,0.117,0,0,0.117
KNQA20150727-7,KNQA20150727_111538_V06,4,2.505,1.200,34,0,0.114,0,0,0.114
KNQA20150727-7,KNQA20150727_112520_V06,0,0.483,1.200,1518,0,82387.651,267,0,75148.420
KNQA20150727-7,KNQA20150727_112520_V06,2,1.494,1.200,1519,0,103.893,2,0,90.719
KNQA20150727-7,KNQA20150727_112520_V06,4,2.505,1.200,759,0,2.442,0,0,2.442
KNQA20150727-4,KNQA20150727_110555_V06,0,0.483,1.200,2784,0,66265.761,60,0,65954.981
KNQA20150727-4,KNQA20150727_110555_V06,2,1.494,1.200,2790,0,3463.319,92,0,3315.863
KNQA20150727-4,KNQA20150727_110555_V06,4,2.505,1.200,1393,0,500.022,177,0,359.600
KNQA20150727-4,KNQA20150727_110555_V06,5,3.516,1.200,1395,0,34.374,16,0,29.201
KNQA20150727-4,KNQA20150727_110555_V06,6,4.482,1.200,1397,0,1.795,0,0,1.795
KNQA20150728-1,KNQA20150728_103737_V06,0,0.483,1.200,3285,0,110534.566,174,0,106592.379
KNQA20150728-1,KNQA20150728_103737_V06,2,1.494,1.200,3284,0,2372.583,290,0,2226.630
KNQA20150728-1,KNQA20150728_103737_V06,4,2.505,1.200,1643,0,83.796,64,0,79.283
KNQA20150728-1,KNQA20150728_103737_V06,5,3.516,1.200,1646,0,15.112,27,0,13.540
KNQA20150728-1,KNQA20150728_103737_V06,6,4.482,1.200,1644,0,5.941,15,0,5.683
KNQA20150728-1,KNQA20150728_104719_V06,0,0.483,1.200,6611,0,197582.156,128,0,193755.204
KNQA20150728-1,KNQA20150728_104719_V06,2,1.494,1.200,6620,0,72552.144,309,0,70789.342
KNQA20150728-1,KNQA20150728_104719_V06,4,2.505,1.200,3309,0,4962.776,114,0,4556.196
KNQA20150728-1,KNQA20150728_104719_V06,5,3.516,1.200,3311,0,196.896,108,0,182.625
KNQA20150728-1,KNQA20150728_104719_V06,6,4.482,1.200,3321,0,48.628,47,0,47.232
KNQA20150728-1,KNQA20150728_105701_V06,0,0.483,1.200,6905,0,185878.614,34,0,184562.475
KNQA20150728-1,KNQA20150728_105701_V06,2,1.494,1.200,6904,0,66456.842,110,0,65730.254
KNQA20150728-1,KNQA20150728_105701_V06,4,2.505,1.200,3454,0,10172.612,236,0,9897.994
KNQA20150728-1,KNQA20150728_105701_V06,5,3.516,1.200,3451,0,1290.298,207,0,1221.701
KNQA20150728-1,KNQA20150728_105701_V06,6,4.482,1.200,3459,0,74.847,109,0,59.567
KNQA20150728-1,KNQA20150728_110642_V06,0,0.483,1.200,13569,0,128742.021,196,0,126739.289
KNQA20150728-1,KNQA20150728_110642_V06,2,1.494,1.200,13585,0,75459.506,393,0,74220.245
KNQA20150728-1,KNQA20150728_110642_V06,4,2.505,1.200,6793,0,27022.708,459,0,25850.107
KNQA20150728-1,KNQA20150728_110642_V06,5,3.516,1.200,6797,0,6019.963,845,0,5123.594
KNQA20150728-1,KNQA20150728_110642_V06,6,4.482,1.200,6809,0,1438.081,666,0,1069.142
KNQA20150728-1,KNQA20150728_111625_V06,0,0.483,1.200,46694,10,256006.603,1648,7,250584.049
KNQA20150728-1,KNQA20150728_111625_V06,2,1.494,1.200,46713,0,108246.527,3014,0,104636.164
KNQA20150728-1,KNQA20150728_111625_V06,4,2.505,1.200,23370,0,57985.875,1971,0,54533.434
KNQA20150728-1,KNQA20150728_111625_V06,5,3.516,1.200,23400,0,25968.896,2446,0,23769.207
KNQA20150728-1,KNQA20150728_111625_V06,6,4.482,1.200,23436,0,9616.887,2360,0,8206.190
KNQA20150728-1,KNQA20150728_112607_V06,0,0.483,1.200,93125,7,395290.772,2940,7,384401.390
KNQA20150728-1,KNQA20150728_112607_V06,2,1.494,1.200,93165,0,166349.571,5390,0,160011.690
KNQA20150728-1,KNQA20150728_112607_V06,4,2.505,1.200,46620,0,83935.791,3284,0,77961.347
KNQA20150728-1,KNQA20150728_112607_V06,5,3.516,1.200,46659,0,47268.517,4077,0,43135.087
KNQA20150728-1,KNQA20150728_112607_V06,6,4.482,1.200,46725,0,20256.791,4463,0,17880.792
KNQA20150728-4,KNQA20150728_110642_V06,0,0.483,1.200,5243,0,49222.510,117,0,41065.380
KNQA20150728-4,KNQA20150728_111625_V06,0,0.483,1.200,9267,0,84917.554,266,0,65519.002
KNQA20150728-4,KNQA20150728_112607_V06,0,0.483,1.200,11427,0,63586.625,295,0,48166.748
KNQA20150728-3,KNQA20150728_105701_V06,0,0.483,1.200,687,0,33261.731,4,0,33244.895
KNQA20150728-3,KNQA20150728_105701_V06,2,1.494,1.200,687,0,293.539,48,0,266.665
KNQA20150728-3,KNQA20150728_105701_V06,4,2.505,1.200,346,0,23.237,19,0,19.769
KNQA20150728-3,KNQA20150728_105701_V06,5,3.516,1.200,345,0,0.264,0,0,0.264
KNQA20150728-3,KNQA20150728_105701_V06,6,4.482,1.200,347,0,0.349,0,0,0.349
KNQA20150728-3,KNQA20150728_110642_V06,0,0.483,1.200,5152,0,65639.799,84,0,65192.656
KNQA20150728-3,KNQA20150728_110642_V06,2,1.494,1.200,5152,0,17237.324,75,0,17160.923
KNQA20150728-3,KNQA20150728_110642_V06,4,2.505,1.200,2584,0,984.860,129,0,911.410
KNQA20150728-3,KNQA20150728_110642_V06,5,3.516,1.200,2587,0,116.298,106,0,95.454
KNQA20150728-3,KNQA20150728_110642_V06,6,4.482,1.200,2589,0,11.823,25,0,10.361
KNQA20150728-5,KNQA20150728_111625_V06,0,0.483,1.200,9938,0,126890.629,437,0,110203.488
KNQA20150729-2,KNQA20150729_103257_V06,0,0.483,1.200,777,0,17740.137,21,0,17594.761
KNQA20150729-2,KNQA20150729_103257_V06,2,1.494,1.200,778,0,155.788,114,0,127.714
KNQA20150729-2,KNQA20150729_103257_V06,4,2.505,1.200,388,0,19.861,14,0,13.174
KNQA20150729-2,KNQA20150729_103257_V06,5,3.516,1.200,391,0,4.259,2,0,1.998
KNQA20150729-2,KNQA20150729_103257_V06,6,4.482,1.200,392,0,4.894,1,0,4.867
KNQA20150729-2,KNQA20150729_104238_V06,0,0.483,1.200,3855,0,168706.762,94,0,163058.534
KNQA20150729-2,KNQA20150729_104238_V06,2,1.494,1.200,3856,0,18372.950,312,0,16452.593
KNQA20150729-2,KNQA20150729_104238_V06,4,2.505,1.200,1934,0,178.447,123,0,154.533
KNQA20150729-2,KNQA20150729_104238_V06,5,3.516,1.200,1932,0,29.206,27,0,28.066
KNQA20150729-2,KNQA20150729_104238_V06,6,4.482,1.200,1934,0,6.437,23,0,5.751
KNQA20150729-2,KNQA20150729_105220_V06,0,0.483,1.200,5072,0,214829.833,41,0,212845.173
KNQA20150729-2,KNQA20150729_105220_V06,2,1.494,1.200,5077,0,63429.148,180,0,61755.487
KNQA20150729-2,KNQA20150729_105220_V06,4,2.505,1.200,2544,0,6062.951,124,0,5742.834
KNQA20150729-2,KNQA20150729_105220_V06,5,3.516,1.200,2550,0,336.077,189,0,312.147
KNQA20150729-2,KNQA20150729_105220_V06,6,4.482,1.200,2552,0,42.618,169,0,16.700
KNQA20150729-2,KNQA20150729_110202_V06,0,0.483,1.200,15028,0,181061.360,355,0,177496.385
KNQA20150729-2,KNQA20150729_110202_V06,2,1.494,1.200,15037,0,104731.832,843,0,102577.883
KNQA20150729-2,KNQA20150729_110202_V06,4,2.505,1.200,7531,0,21887.613,598,0,20268.976
KNQA20150729-2,KNQA20150729_110202_V06,5,3.516,1.200,7525,0,11106.456,695,0,10072.239
KNQA20150729-2,KNQA20150729_110202_V06,6,4.482,1.200,7539,0,5979.365,617,0,5450.156
KNQA20150729-2,KNQA20150729_111143_V06,0,0.483,1.200,37714,7,236647.152,1852,5,227323.926
KNQA20150729-2,KNQA20150729_111143_V06,2,1.494,1.200,37723,0,86164.770,2645,0,82990.372
KNQA20150729-2,KNQA20150729_111143_V06,4,2.505,1.200,18874,0,33147.365,1375,0,30348.794
KNQA20150729-2,KNQA20150729_111143_V06,5,3.516,1.200,18901,0,11710.418,1395,0,9598.001
KNQA20150729-2,KNQA20150729_111143_V06,6,4.482,1.200,18922,0,7838.634,1380,0,7203.824
KNQA20150729-2,KNQA20150729_112125_V06,0,0.483,1.200,65924,14,285042.899,3329,14,276544.520
KNQA20150729-2,KNQA20150729_112125_V06,2,1.494,1.200,65941,0,93328.716,5238,0,89076.063
KNQA20150729-2,KNQA20150729_112125_V06,4,2.505,1.200,32994,0,33377.665,2305,0,30356.870
KNQA20150729-2,KNQA20150729_112125_V06,5,3.516,1.200,33032,0,16352.671,2235,0,14793.399
KNQA20150729-2,KNQA20150729_112125_V06,6,4.482,1.200,33085,0,9894.983,2336,0,8896.027
KNQA20150729-2,KNQA20150729_113108_V06,0,0.483,1.200,84671,14,355229.368,3954,14,345929.732
KNQA20150729-2,KNQA20150729_113108_V06,2,1.494,1.200,84709,1,137095.574,5938,1,130859.457
KNQA20150729-2,KNQA20150729_113108_V06,4,2.505,1.200,42378,0,38216.763,2592,0,34844.139
KNQA20150729-2,KNQA20150729_113108_V06,5,3.516,1.200,42423,0,21051.824,2658,0,18909.489
KNQA20150729-2,KNQA20150729_113108_V06,6,4.482,1.200,42499,0,10673.837,2961,0,9563.684
KNQA20150729-3,KNQA20150729_111143_V06,0,0.483,1.200,7970,0,64035.329,170,0,55024.384
KNQA20150729-3,KNQA20150729_112125_V06,0,0.483,1.200,11741,0,73634.778,278,0,57762.823
KNQA20150729-3,KNQA20150729_113108_V06,0,0.483,1.200,15609,0,85315.130,398,0,58051.849
KNQA20150729-5,KNQA20150729_111143_V06,0,0.483,1.200,1017,0,348393.506,19,0,334965.175
KNQA20150729-5,KNQA20150729_111143_V06,2,1.494,1.200,1018,0,1069.167,61,0,416.947
KNQA20150729-5,KNQA20150729_112125_V06,0,0.483,1.200,4932,0,749220.875,519,0,715032.092
KNQA20150729-5,KNQA20150729_112125_V06,2,1.494,1.200,4937,0,2367.116,111,0,1264.765
KNQA20150729-5,KNQA20150729_113108_V06,0,0.483,1.200,6639,0,496821.875,937,0,458237.509
KNQA20150729-5,KNQA20150729_113108_V06,2,1.494,1.200,6646,0,2107.375,109,0,923.541
KNQA20150729-5,KNQA20150729_114049_V06,0,0.483,1.200,6613,1,618534.427,986,1,588194.686
KNQA20150729-5,KNQA20150729_114049_V06,2,1.494,1.200,6619,0,2146.208,93,0,1344.738
KNQA20150729-1,KNQA20150729_102315_V06,0,0.483,1.200,1227,0,20532.910,69,0,17921.320
KNQA20150729-1,KNQA20150729_102315_V06,2,1.494,1.200,1229,0,851.089,17,0,430.452
KNQA20150729-4,KNQA20150729_111143_V06,0,0.483,1.200,2616,0,112691.148,231,0,109989.156
KNQA20150729-4,KNQA20150729_111143_V06,2,1.494,1.200,2619,0,16.793,2,0,8.632
KNQA20150729-4,KNQA20150729_111143_V06,4,2.505,1.200,1309,0,13.283,0,0,13.283
KNQA20150730-3,KNQA20150730_110104_V06,0,0.483,1.200,7971,0,222617.318,257,0,204933.492
KNQA20150730-3,KNQA20150730_110104_V06,2,1.494,1.200,7984,0,57.966,0,0,57.966
KNQA20150730-3,KNQA20150730_111045_V06,0,0.483,1.200,14269,0,732605.768,829,0,684719.138
KNQA20150730-3,KNQA20150730_111045_V06,2,1.494,1.200,14275,0,8792.841,79,0,7767.301
KNQA20150730-3,KNQA20150730_112028_V06,0,0.483,1.200,17439,0,1262029.756,937,0,1199099.662
KNQA20150730-3,KNQA20150730_112028_V06,2,1.494,1.200,17459,0,36320.926,187,0,33700.018
KNQA20150730-3,KNQA20150730_113010_V06,0,0.483,1.200,22982,0,1613750.309,1536,0,1519215.156
KNQA20150730-3,KNQA20150730_113010_V06,2,1.494,1.200,23000,0,74961.332,359,0,69649.508
KNQA20150730-3,KNQA20150730_113951_V06,0,0.483,1.200,31381,0,1249105.425,2515,0,1168175.928
KNQA20150730-3,KNQA20150730_113951_V06,2,1.494,1.200,31411,0,122720.663,1072,0,108697.235
KNQA20150730-2,KNQA20150730_104141_V06,0,0.483,1.200,1345,0,144027.875,4,0,143969.185
KNQA20150730-2,KNQA20150730_104141_V06,2,1.494,1.200,1348,0,3858.750,52,0,3809.606
KNQA20150730-2,KNQA20150730_104141_V06,4,2.505,1.200,673,0,33.957,21,0,30.783
KNQA20150730-2,KNQA20150730_104141_V06,5,3.516,1.200,671,0,12.848,5,0,12.508
KNQA20150730-2,KNQA20150730_104141_V06,6,4.482,1.200,673,0,1.297,0,0,1.297
KNQA20150730-2,KNQA20150730_105123_V06,0,0.483,1.200,6443,0,284912.199,21,0,284831.892
KNQA20150730-2,KNQA20150730_105123_V06,2,1.494,1.200,6446,0,89910.885,185,0,87763.298
KNQA20150730-2,KNQA20150730_105123_V06,4,2.505,1.200,3233,0,8912.853,74,0,8617.851
KNQA20150730-2,KNQA20150730_105123_V06,5,3.516,1.200,3233,0,747.482,40,0,648.417
KNQA20150730-2,KNQA20150730_105123_V06,6,4.482,1.200,3232,0,46.011,10,0,45.487
KNQA20150730-2,KNQA20150730_110104_V06,0,0.483,1.200,8087,0,230792.280,8,0,230519.628
KNQA20150730-2,KNQA20150730_110104_V06,2,1.494,1.200,8091,0,97893.713,88,0,96957.447
KNQA20150730-2,KNQA20150730_110104_V06,4,2.505,1.200,4056,0,22020.915,121,0,21200.976
KNQA20150730-2,KNQA20150730_110104_V06,5,3.516,1.200,4060,0,6376.717,78,0,5709.640
KNQA20150730-2,KNQA20150730_110104_V06,6,4.482,1.200,4062,0,2118.568,28,0,1920.713
KNQA20150730-2,KNQA20150730_111045_V06,0,0.483,1.200,26363,0,302016.407,121,0,300738.057
KNQA20150730-2,KNQA20150730_111045_V06,2,1.494,1.200,26366,0,146209.005,587,0,143440.649
KNQA20150730-2,KNQA20150730_111045_V06,4,2.505,1.200,13200,0,65552.157,471,0,63350.625
KNQA20150730-2,KNQA20150730_111045_V06,5,3.516,1.200,13208,0,21515.299,610,0,20178.487
KNQA20150730-2,KNQA20150730_111045_V06,6,4.482,1.200,13229,0,8732.523,651,0,7531.553
KNQA20150730-1,KNQA20150730_103200_V06,0,0.483,1.200,9689,0,54823.013,413,0,53258.608
KNQA20150730-1,KNQA20150730_103200_V06,2,1.494,1.200,9691,0,1631.452,261,0,1486.559
KNQA20150730-1,KNQA20150730_103200_V06,4,2.505,1.200,4851,0,436.288,155,0,383.920
KNQA20150730-1,KNQA20150730_103200_V06,5,3.516,1.200,4851,0,199.753,319,0,160.459
KNQA20150730-1,KNQA20150730_103200_V06,6,4.482,1.200,4858,0,94.296,445,0,72.710
KNQA20150730-1,KNQA20150730_104141_V06,0,0.483,1.200,42689,0,42790.790,1864,0,38777.290
KNQA20150730-1,KNQA20150730_104141_V06,2,1.494,1.200,42708,0,3156.434,2859,0,2734.082
KNQA20150730-1,KNQA20150730_104141_V06,4,2.505,1.200,21389,0,1156.813,1319,0,990.924
KNQA20150730-1,KNQA20150730_104141_V06,5,3.516,1.200,21402,0,575.044,2005,0,482.860
KNQA20150730-1,KNQA20150730_104141_V06,6,4.482,1.200,21426,0,345.309,2480,0,265.783
KNQA20150730-1,KNQA20150730_105123_V06,0,0.483,1.200,59058,1,120870.607,2541,1,116737.002
KNQA20150730-1,KNQA20150730_105123_V06,2,1.494,1.200,59086,0,23014.568,2925,0,21662.704
KNQA20150730-1,KNQA20150730_105123_V06,4,2.505,1.200,29566,0,10475.630,2381,0,9417.641
KNQA20150730-1,KNQA20150730_105123_V06,5,3.516,1.200,29598,0,3564.574,4270,0,2767.267
KNQA20150730-1,KNQA20150730_105123_V06,6,4.482,1.200,29650,0,1695.905,4330,0,1190.403
KNQA20150730-4,KNQA20150730_110104_V06,0,0.483,1.200,311,0,49766.044,0,0,49766.044
KNQA20150730-4,KNQA20150730_110104_V06,2,1.494,1.200,312,0,6132.112,1,0,6130.749
KNQA20150730-4,KNQA20150730_110104_V06,4,2.505,1.200,154,0,40.320,14,0,34.923
KNQA20150730-4,KNQA20150730_110104_V06,5,3.516,1.200,156,0,16.097,20,0,14.183
KNQA20150730-4,KNQA20150730_110104_V06,6,4.482,1.200,153,0,0.284,0,0,0.284
KNQA20150730-6,KNQA20150730_112028_V06,0,0.483,1.200,3781,0,43064.258,91,0,40908.694
KNQA20150730-6,KNQA20150730_112028_V06,2,1.494,1.200,3777,0,79.679,0,0,79.679
KNQA20150730-7,KNQA20150730_113010_V06,0,0.483,1.200,3693,0,28723.313,167,0,25704.407
KNQA20150730-7,KNQA20150730_113010_V06,2,1.494,1.200,3698,0,603.851,10,0,300.416
KNQA20150731-3,KNQA20150731_105338_V06,0,0.483,1.200,3944,0,140430.622,168,0,131066.349
KNQA20150731-3,KNQA20150731_105338_V06,2,1.494,1.200,3944,0,16.798,0,0,16.798
KNQA20150731-3,KNQA20150731_110321_V06,0,0.483,1.200,8328,0,870820.180,206,0,855903.049
KNQA20150731-3,KNQA20150731_110321_V06,2,1.494,1.200,8336,0,1205.514,20,0,915.187
KNQA20150731-3,KNQA20150731_111303_V06,0,0.483,1.200,14055,0,1040552.134,517,0,1022536.739
KNQA20150731-3,KNQA20150731_111303_V06,2,1.494,1.200,14071,0,21280.750,236,0,17140.680
KNQA20150731-3,KNQA20150731_112245_V06,0,0.483,1.200,19220,0,766353.874,1060,0,706482.864
KNQA20150731-3,KNQA20150731_112245_V06,2,1.450,1.200,19232,0,57050.355,582,0,43948.737
KNQA20150731-3,KNQA20150731_112741_V06,0,0.483,1.200,21356,0,781747.542,1182,0,711229.376
KNQA20150731-3,KNQA20150731_112741_V06,2,1.450,1.200,21377,0,74802.968,696,0,60585.229
KNQA20150731-3,KNQA20150731_113236_V06,0,0.483,1.200,24484,0,691035.018,1433,0,614933.612
KNQA20150731-3,KNQA20150731_113236_V06,2,1.450,1.200,24510,0,99086.702,959,0,78597.735
KNQA20150731-3,KNQA20150731_113733_V06,0,0.483,1.200,27787,0,633912.894,1565,0,556123.157
KNQA20150731-3,KNQA20150731_113733_V06,2,1.450,1.200,27819,0,115761.989,1049,0,91612.652
KNQA20150731-3,KNQA20150731_114229_V06,0,0.483,1.200,34537,0,715127.252,2134,0,655967.384
KNQA20150731-3,KNQA20150731_114229_V06,2,1.494,1.200,34558,0,113629.433,873,0,101747.112
KNQA20150731-3,KNQA20150731_115211_V06,0,0.483,1.200,37262,0,551790.673,1999,0,494809.258
KNQA20150731-3,KNQA20150731_115211_V06,2,1.494,1.200,37289,0,69556.259,794,0,59768.799
KNQA20150731-4,KNQA20150731_105338_V06,0,0.483,1.200,1867,0,18710.129,52,0,16674.211
KNQA20150731-4,KNQA20150731_105338_V06,2,1.494,1.200,1869,0,6.534,0,0,6.534
KNQA20150731-4,KNQA20150731_110321_V06,0,0.483,1.200,3248,0,48355.900,83,0,45547.653
KNQA20150731-4,KNQA20150731_110321_V06,2,1.494,1.200,3248,0,11.206,0,0,11.206
KNQA20150731-4,KNQA20150731_111303_V06,0,0.483,1.200,3340,0,54765.724,86,0,52571.698
KNQA20150731-4,KNQA20150731_111303_V06,2,1.494,1.200,3341,0,11.465,0,0,11.465
KNQA20150731-4,KNQA20150731_112245_V06,0,0.483,1.200,4771,0,38990.115,124,0,32518.478
KNQA20150731-4,KNQA20150731_112245_V06,2,1.450,1.200,4772,0,54.695,2,0,16.339
KNQA20150731-4,KNQA20150731_112741_V06,0,0.483,1.200,5013,0,26006.282,134,0,19612.971
KNQA20150731-4,KNQA20150731_112741_V06,2,1.450,1.200,5021,0,17.593,0,0,17.593
KNQA20150731-1,KNQA20150731_103414_V06,0,0.483,1.200,890,0,66600.061,23,0,66023.198
KNQA20150731-1,KNQA20150731_103414_V06,2,1.494,1.200,887,0,1216.161,58,0,1195.038
KNQA20150731-1,KNQA20150731_103414_V06,4,2.505,1.200,446,0,75.628,125,0,43.690
KNQA20150731-1,KNQA20150731_103414_V06,5,3.516,1.200,449,0,15.280,54,0,10.301
KNQA20150731-1,KNQA20150731_103414_V06,6,4.482,1.200,447,0,0.467,0,0,0.467
KNQA20150731-1,KNQA20150731_104356_V06,0,0.483,1.200,3762,0,201559.906,115,0,200985.430
KNQA20150731-1,KNQA20150731_104356_V06,2,1.494,1.200,3769,0,60635.054,300,0,59904.310
KNQA20150731-1,KNQA20150731_104356_V06,4,2.505,1.200,1882,0,2705.079,202,0,2657.628
KNQA20150731-1,KNQA20150731_104356_V06,5,3.516,1.200,1886,0,97.497,300,0,60.096
KNQA20150731-1,KNQA20150731_104356_V06,6,4.482,1.200,1887,0,26.942,141,0,18.743
KNQA20150731-1,KNQA20150731_105338_V06,0,0.483,1.200,4405,0,177813.183,44,0,176606.940
KNQA20150731-1,KNQA20150731_105338_V06,2,1.494,1.200,4407,0,104359.931,121,0,103680.822
KNQA20150731-1,KNQA20150731_105338_V06,4,2.505,1.200,2201,0,34491.952,14,0,34487.634
KNQA20150731-1,KNQA20150731_105338_V06,5,3.516,1.200,2205,0,4807.975,54,0,4766.513
KNQA20150731-1,KNQA20150731_105338_V06,6,4.482,1.200,2209,0,64.633,114,0,54.003
KNQA20150731-1,KNQA20150731_110321_V06,0,0.483,1.200,8876,0,89301.173,71,0,87797.447
KNQA20150731-1,KNQA20150731_110321_V06,2,1.494,1.200,8883,0,52541.472,308,0,51801.752
KNQA20150731-1,KNQA20150731_110321_V06,4,2.505,1.200,4448,0,41251.534,107,0,40905.751
KNQA20150731-1,KNQA20150731_110321_V06,5,3.516,1.200,4453,0,26141.776,114,0,26096.179
KNQA20150731-1,KNQA20150731_110321_V06,6,4.482,1.200,4465,0,8417.013,115,0,8355.685
KNQA20150731-7,KNQA20150731_110321_V06,0,0.483,1.200,1256,0,8121.640,45,0,6360.064
KNQA20150731-7,KNQA20150731_110321_V06,2,1.494,1.200,1256,0,4.314,0,0,4.314
KNQA20150731-7,KNQA20150731_111303_V06,0,0.483,1.200,2199,0,37334.330,115,0,31318.111
KNQA20150731-7,KNQA20150731_111303_V06,2,1.494,1.200,2201,0,29.200,1,0,21.450
KNQA20150731-8,KNQA20150731_111303_V06,0,0.483,1.200,1338,1,812732.907,27,1,804589.321
KNQA20150731-8,KNQA20150731_111303_V06,2,1.494,1.200,1338,0,635.825,20,0,477.924
KNQA20150731-8,KNQA20150731_111303_V06,4,2.505,1.200,671,0,1138.710,9,0,973.202
KNQA20150801-2,KNQA20150801_105642_V06,0,0.483,1.200,1505,0,23300.145,27,0,21612.644
KNQA20150801-2,KNQA20150801_110625_V06,0,0.483,1.200,7079,0,188925.979,439,0,150903.365
KNQA20150801-2,KNQA20150801_110625_V06,2,1.450,1.200,7088,0,277.948,3,0,76.498
KNQA20150801-2,KNQA20150801_111120_V06,0,0.483,1.200,9752,0,356513.708,487,0,316517.322
KNQA20150801-2,KNQA20150801_111120_V06,2,1.450,1.200,9766,0,222.918,4,0,118.703
KNQA20150801-2,KNQA20150801_111615_V06,0,0.483,1.200,12966,0,309628.991,611,0,266847.097
KNQA20150801-2,KNQA20150801_111615_V06,2,1.450,1.200,12989,0,2717.170,59,0,1734.600
KNQA20150801-2,KNQA20150801_112111_V06,0,0.483,1.200,15916,0,473887.740,769,0,413619.575
KNQA20150801-2,KNQA20150801_112111_V06,2,1.450,1.200,15920,0,12148.052,151,0,9366.812
KNQA20150801-2,KNQA20150801_112606_V06,0,0.483,1.200,19932,0,332788.319,715,0,283518.650
KNQA20150801-2,KNQA20150801_112606_V06,2,1.450,1.200,19950,0,35183.645,429,0,26067.121
KNQA20150801-2,KNQA20150801_113102_V06,0,0.483,1.200,19344,0,389863.123,863,0,329376.200
KNQA20150801-2,KNQA20150801_113102_V06,2,1.450,1.200,19369,0,54149.798,590,0,41135.174
KNQA20150801-2,KNQA20150801_113558_V06,0,0.483,1.200,19463,0,340315.024,889,0,275972.448
KNQA20150801-2,KNQA20150801_113558_V06,2,1.450,1.200,19482,0,49586.041,518,0,39327.888
KNQA20150801-2,KNQA20150801_114053_V06,0,0.483,1.200,23243,0,475429.329,720,0,449183.659
KNQA20150801-2,KNQA20150801_114053_V06,2,1.494,1.200,23257,0,65226.060,530,0,56662.405
KNQA20150801-2,KNQA20150801_115036_V06,0,0.483,1.200,29560,0,371753.737,965,0,342290.389
KNQA20150801-2,KNQA20150801_115036_V06,2,1.494,1.200,29596,0,54620.592,626,0,46049.817
KNQA20150801-2,KNQA20150801_120019_V06,0,0.483,1.200,34911,0,333993.965,1142,0,297588.295
KNQA20150801-2,KNQA20150801_120019_V06,2,1.494,1.200,34941,0,34663.791,608,0,27601.338
KNQA20150801-1,KNQA20150801_103717_V06,0,0.483,1.200,1412,2,67743.737,22,0,67382.733
KNQA20150801-1,KNQA20150801_103717_V06,2,1.494,1.200,1413,0,10489.755,111,0,10392.050
KNQA20150801-1,KNQA20150801_103717_V06,4,2.505,1.200,706,0,445.051,258,0,336.817
KNQA20150801-1,KNQA20150801_103717_V06,5,3.516,1.200,704,0,346.446,322,0,205.801
KNQA20150801-1,KNQA20150801_103717_V06,6,4.482,1.200,708,0,180.679,301,0,102.004
KNQA20150801-1,KNQA20150801_104659_V06,0,0.483,1.200,5677,3,290113.644,106,3,288609.963
KNQA20150801-1,KNQA20150801_104659_V06,2,1.494,1.200,5675,0,103878.617,276,0,102823.475
KNQA20150801-1,KNQA20150801_104659_V06,4,2.505,1.200,2839,0,21811.993,323,0,21629.350
KNQA20150801-1,KNQA20150801_104659_V06,5,3.516,1.200,2843,0,2076.901,645,0,1676.663
KNQA20150801-1,KNQA20150801_104659_V06,6,4.482,1.200,2846,0,819.762,935,0,483.136
KNQA20150801-1,KNQA20150801_105642_V06,0,0.483,1.200,6789,0,376166.643,85,0,366301.674
KNQA20150801-1,KNQA20150801_105642_V06,2,1.494,1.200,6794,0,96091.130,343,0,93905.512
KNQA20150801-1,KNQA20150801_105642_V06,4,2.505,1.200,3395,0,47450.546,150,0,44372.077
KNQA20150801-1,KNQA20150801_105642_V06,5,3.516,1.200,3402,0,19158.435,325,0,18878.147
KNQA20150801-1,KNQA20150801_105642_V06,6,4.482,1.200,3406,0,9105.514,709,0,8726.021
KNQA20150801-1,KNQA20150801_110625_V06,0,0.483,1.200,11826,1,294153.666,248,1,286683.328
KNQA20150801-1,KNQA20150801_110625_V06,2,1.450,1.200,11837,0,70189.426,1382,0,62626.948
KNQA20150801-1,KNQA20150801_110625_V06,4,2.417,1.200,5923,0,62391.365,495,0,53913.683
KNQA20150801-1,KNQA20150801_110625_V06,5,3.384,1.200,5929,0,42616.986,837,0,37520.518
KNQA20150801-1,KNQA20150801_110625_V06,6,4.307,1.200,5935,0,18984.484,904,0,17387.191
KNQA20150801-1,KNQA20150801_110625_V06,7,6.021,1.200,5955,0,953.804,749,0,653.553
KNQA20150801-3,KNQA20150801_112111_V06,0,0.483,1.200,945,0,6537.468,45,0,5971.407
KNQA20150801-3,KNQA20150801_112111_V06,2,1.450,1.200,947,0,1.974,0,0,1.974
KNQA20150801-3,KNQA20150801_112111_V06,4,2.417,1.200,474,0,1.977,0,0,1.977
KNQA20150801-3,KNQA20150801_112606_V06,0,0.483,1.200,2582,0,2424.793,58,0,1933.473
KNQA20150801-3,KNQA20150801_112606_V06,2,1.450,1.200,2586,0,3023.988,15,0,2848.136
KNQA20150801-3,KNQA20150801_112606_V06,4,2.417,1.200,1291,0,5.387,0,0,5.387
KNQA20150801-3,KNQA20150801_113102_V06,0,0.483,1.200,2923,0,6344.837,117,0,4851.877
KNQA20150801-3,KNQA20150801_113102_V06,2,1.450,1.200,2930,0,10851.757,74,0,9697.024
KNQA20150801-3,KNQA20150801_113102_V06,4,2.417,1.200,1463,0,5.885,0,0,5.885
KNQA20150802-1,KNQA20150802_103236_V06,0,0.483,1.200,1321,0,46946.634,28,0,46162.044
KNQA20150802-1,KNQA20150802_103236_V06,2,1.494,1.200,1323,0,1892.084,53,0,1829.230
KNQA20150802-1,KNQA20150802_103236_V06,4,2.505,1.200,659,0,424.457,220,0,287.317
KNQA20150802-1,KNQA20150802_103236_V06,5,3.516,1.200,660,0,322.356,454,0,78.510
KNQA20150802-1,KNQA20150802_103236_V06,6,4.482,1.200,657,0,314.639,497,0,62.097
KNQA20150802-1,KNQA20150802_104218_V06,0,0.483,1.200,4485,0,145728.832,188,0,142530.816
KNQA20150802-1,KNQA20150802_104218_V06,2,1.494,1.200,4485,0,61059.705,99,0,60453.052
KNQA20150802-1,KNQA20150802_104218_V06,4,2.505,1.200,2246,0,5824.210,667,0,5255.013
KNQA20150802-1,KNQA20150802_104218_V06,5,3.516,1.200,2250,0,1443.378,1382,0,366.944
KNQA20150802-1,KNQA20150802_104218_V06,6,4.482,1.200,2251,0,1160.851,1732,0,146.601
KNQA20150802-1,KNQA20150802_105200_V06,0,0.483,1.200,9121,0,227522.348,647,0,224873.655
KNQA20150802-1,KNQA20150802_105200_V06,2,1.494,1.200,9117,0,148414.098,403,0,144875.410
KNQA20150802-1,KNQA20150802_105200_V06,4,2.505,1.200,4564,0,48468.598,687,0,46273.794
KNQA20150802-1,KNQA20150802_105200_V06,5,3.516,1.200,4565,0,16255.465,1867,0,14293.100
KNQA20150802-1,KNQA20150802_105200_V06,6,4.482,1.200,4570,0,3951.728,2389,0,2283.073
KNQA20150802-1,KNQA20150802_110142_V06,0,0.483,1.200,14240,0,146332.156,635,0,144558.551
KNQA20150802-1,KNQA20150802_110142_V06,2,1.494,1.200,14252,0,137534.307,835,0,132894.189
KNQA20150802-1,KNQA20150802_110142_V06,4,2.505,1.200,7129,0,79995.409,476,0,72510.671
KNQA20150802-1,KNQA20150802_110142_V06,5,3.516,1.200,7132,0,37731.157,1755,0,33493.203
KNQA20150802-1,KNQA20150802_110142_V06,6,4.482,1.200,7147,0,21131.626,2640,0,17840.888
KNQA20150802-1,KNQA20150802_111126_V06,0,0.483,1.200,33694,7,134226.065,1676,5,130034.165
KNQA20150802-1,KNQA20150802_111126_V06,2,1.494,1.200,33717,0,90131.381,3174,0,84362.916
KNQA20150802-1,KNQA20150802_111126_V06,4,2.505,1.200,16874,0,64388.770,1403,0,59363.500
KNQA20150802-1,KNQA20150802_111126_V06,5,3.516,1.200,16888,0,40107.895,2979,0,32705.618
KNQA20150802-1,KNQA20150802_111126_V06,6,4.482,1.200,16916,0,26316.745,4281,0,20070.027
KNQA20150802-1,KNQA20150802_112108_V06,0,0.483,1.200,62721,13,173869.804,2852,11,164901.659
KNQA20150802-1,KNQA20150802_112108_V06,2,1.494,1.200,62748,0,70545.153,6460,0,64015.701
KNQA20150802-1,KNQA20150802_112108_V06,4,2.505,1.200,31411,0,58649.168,3277,0,53682.139
KNQA20150802-1,KNQA20150802_112108_V06,5,3.516,1.200,31444,0,34183.827,5576,0,25602.940
KNQA20150802-1,KNQA20150802_112108_V06,6,4.482,1.200,31483,0,25376.139,7099,0,18768.039
KNQA20150802-4,KNQA20150802_110142_V06,0,0.483,1.200,4152,0,59012.308,76,0,54224.981
KNQA20150802-4,KNQA20150802_111126_V06,0,0.483,1.200,7905,0,304674.848,181,0,289583.965
KNQA20150802-4,KNQA20150802_112108_V06,0,0.483,1.200,12464,0,428682.030,419,0,398685.547
KNQA20150802-4,KNQA20150802_112108_V06,2,1.494,1.200,12465,0,1135.943,11,0,990.984
KNQA20150802-4,KNQA20150802_113051_V06,0,0.483,1.200,17759,0,423454.710,601,0,389514.311
KNQA20150802-4,KNQA20150802_113051_V06,2,1.494,1.200,17778,0,17335.168,96,0,16030.610
KNQA20150802-4,KNQA20150802_114035_V06,0,0.483,1.200,22210,0,333663.988,524,0,311391.185
KNQA20150802-4,KNQA20150802_114035_V06,2,1.494,1.200,22240,0,23106.244,186,0,20500.116
KNQA20150802-4,KNQA20150802_115017_V06,0,0.483,1.200,24191,0,226757.293,544,0,204929.442
KNQA20150802-4,KNQA20150802_115017_V06,2,1.494,1.200,24203,0,22292.248,247,0,18862.041
KNQA20150802-5,KNQA20150802_115017_V06,0,0.483,1.200,5220,0,8567.145,55,0,6860.737
KNQA20150802-5,KNQA20150802_115017_V06,2,1.494,1.200,5227,0,52.283,2,0,21.449
KNQA20150802-5,KNQA20150802_120000_V06,0,0.483,1.200,10239,0,19130.599,223,0,13629.733
KNQA20150802-5,KNQA20150802_120000_V06,2,1.494,1.200,10261,0,201.713,2,0,182.218
KNQA20150803-4,KNQA20150803_110458_V06,0,0.483,1.200,4651,0,56863.787,78,0,53419.305
KNQA20150803-4,KNQA20150803_111441_V06,0,0.483,1.200,8366,0,162996.025,250,0,141264.919
KNQA20150803-4,KNQA20150803_112424_V06,0,0.483,1.200,12110,0,141861.866,368,0,118184.355
KNQA20150803-4,KNQA20150803_113406_V06,0,0.483,1.200,14915,0,167014.075,447,0,144066.105
KNQA20150803-4,KNQA20150803_114348_V06,0,0.483,1.200,18722,0,105921.598,458,0,86907.995
KNQA20150803-1,KNQA20150803_103549_V06,0,0.483,1.200,1875,0,117820.026,50,0,113227.024
KNQA20150803-1,KNQA20150803_103549_V06,2,1.494,1.200,1880,0,22291.529,72,0,21727.386
KNQA20150803-1,KNQA20150803_103549_V06,4,2.505,1.200,940,0,609.245,245,0,483.023
KNQA20150803-1,KNQA20150803_103549_V06,5,3.516,1.200,938,0,424.984,334,0,277.209
KNQA20150803-1,KNQA20150803_103549_V06,6,4.482,1.200,940,0,390.961,422,0,225.173
KNQA20150803-1,KNQA20150803_104532_V06,0,0.483,1.200,6429,9,163724.251,265,6,152210.316
KNQA20150803-1,KNQA20150803_104532_V06,2,1.494,1.200,6436,0,125119.235,439,0,121563.148
KNQA20150803-1,KNQA20150803_104532_V06,4,2.505,1.200,3219,0,26363.950,567,0,24888.375
KNQA20150803-1,KNQA20150803_104532_V06,5,3.516,1.200,3220,0,7861.866,924,0,7204.192
KNQA20150803-1,KNQA20150803_104532_V06,6,4.482,1.200,3229,0,1938.313,1049,0,1420.368
KNQA20150803-1,KNQA20150803_105514_V06,0,0.483,1.200,14554,0,388855.900,527,0,375935.949
KNQA20150803-1,KNQA20150803_105514_V06,2,1.494,1.200,14559,0,198521.367,1408,0,194226.514
KNQA20150803-1,KNQA20150803_105514_V06,4,2.505,1.200,7276,0,69999.326,617,0,66451.779
KNQA20150803-1,KNQA20150803_105514_V06,5,3.516,1.200,7281,0,26641.498,1670,0,23661.455
KNQA20150803-1,KNQA20150803_105514_V06,6,4.482,1.200,7298,0,15162.385,1890,0,13750.508
KNQA20150803-1,KNQA20150803_110458_V06,0,0.483,1.200,15718,9,450715.547,269,6,432662.715
KNQA20150803-1,KNQA20150803_110458_V06,2,1.494,1.200,15728,0,119775.776,926,0,116979.709
KNQA20150803-1,KNQA20150803_110458_V06,4,2.505,1.200,7867,0,69449.726,547,0,65932.138
KNQA20150803-1,KNQA20150803_110458_V06,5,3.516,1.200,7876,0,35450.500,756,0,32511.251
KNQA20150803-1,KNQA20150803_110458_V06,6,4.482,1.200,7881,0,21667.665,1401,0,18047.176
KNQA20150803-1,KNQA20150803_111441_V06,0,0.483,1.200,30815,14,497434.225,894,10,438686.262
KNQA20150803-1,KNQA20150803_111441_V06,2,1.494,1.200,30828,0,90388.836,2137,0,85585.819
KNQA20150803-1,KNQA20150803_111441_V06,4,2.505,1.200,15414,0,48086.146,1663,0,43626.950
KNQA20150803-1,KNQA20150803_111441_V06,5,3.516,1.200,15436,0,41203.949,2078,0,36448.139
KNQA20150803-1,KNQA20150803_111441_V06,6,4.482,1.200,15455,0,23254.813,2932,0,18341.127
KNQA20150803-5,KNQA20150803_112424_V06,0,0.483,1.200,3672,0,58894.487,467,0,54012.076
KNQA20150803-5,KNQA20150803_112424_V06,2,1.494,1.200,3672,0,13383.401,194,0,12814.922
KNQA20150803-5,KNQA20150803_112424_V06,4,2.505,1.200,1842,0,32411.371,57,0,32142.485
KNQA20150803-5,KNQA20150803_112424_V06,5,3.516,1.200,1840,0,6001.262,399,0,5459.459
KNQA20150803-5,KNQA20150803_112424_V06,6,4.482,1.200,1845,0,505.757,471,0,120.095
KNQA20150803-5,KNQA20150803_113406_V06,0,0.483,1.200,12382,7,163680.908,1928,2,134779.564
KNQA20150803-5,KNQA20150803_113406_V06,2,1.494,1.200,12387,0,32673.279,1477,0,30456.181
KNQA20150803-5,KNQA20150803_113406_V06,4,2.505,1.200,6194,0,38420.013,558,0,36985.811
KNQA20150803-5,KNQA20150803_113406_V06,5,3.516,1.200,6205,0,8618.291,1364,0,6550.260
KNQA20150803-5,KNQA20150803_113406_V06,6,4.482,1.200,6207,0,2847.005,1148,0,1496.923
KNQA20150803-3,KNQA20150803_105514_V06,0,0.483,1.200,4605,0,276567.079,53,0,270404.387
KNQA20150803-3,KNQA20150803_105514_V06,2,1.494,1.200,4606,0,108766.320,129,0,107349.966
KNQA20150803-3,KNQA20150803_105514_V06,4,2.505,1.200,2304,0,23492.319,194,0,23053.577
KNQA20150803-3,KNQA20150803_105514_V06,5,3.516,1.200,2302,0,5203.384,489,0,4997.000
KNQA20150803-3,KNQA20150803_105514_V06,6,4.482,1.200,2306,0,2219.863,846,0,1742.036
KNQA20150803-6,KNQA20150803_120313_V06,0,0.483,1.200,4165,0,64589.868,249,0,60463.309
KNQA20150803-6,KNQA20150803_120313_V06,2,1.494,1.200,4170,0,8521.814,804,0,7067.670
KNQA20150803-6,KNQA20150803_120313_V06,4,2.505,1.200,2087,0,279.045,113,0,227.658
KNQA20150803-6,KNQA20150803_120313_V06,5,3.516,1.200,2085,0,3579.343,1225,0,204.897
KNQA20150803-6,KNQA20150803_120313_V06,6,4.482,1.200,2091,0,3560.254,1575,0,253.258
KNQA20150804-3,KNQA20150804_110523_V06,0,0.483,1.200,3630,0,46867.025,91,0,41734.448
KNQA20150804-3,KNQA20150804_111504_V06,0,0.483,1.200,7783,0,205358.639,144,0,193450.250
KNQA20150804-3,KNQA20150804_112447_V06,0,0.483,1.200,10289,0,171689.236,215,0,155635.571
KNQA20150804-3,KNQA20150804_113428_V06,0,0.483,1.200,13198,0,141273.928,275,0,120991.194
KNQA20150804-3,KNQA20150804_114411_V06,0,0.483,1.200,15650,0,69794.153,371,0,52984.498
KNQA20150804-3,KNQA20150804_115354_V06,0,0.483,1.200,10664,0,58022.267,356,0,44798.245
KNQA20150804-3,KNQA20150804_115354_V06,2,1.494,1.200,10675,0,36124.537,40,0,35277.675
KNQA20150804-2,KNQA20150804_104556_V06,0,0.483,1.200,962,2,198561.421,9,2,196213.815
KNQA20150804-2,KNQA20150804_104556_V06,2,1.494,1.200,964,0,4607.688,38,0,4381.600
KNQA20150804-2,KNQA20150804_104556_V06,4,2.505,1.200,481,0,276.624,97,0,222.068
KNQA20150804-2,KNQA20150804_104556_V06,5,3.516,1.200,481,0,62.984,155,0,46.038
KNQA20150804-2,KNQA20150804_104556_V06,6,4.482,1.200,483,0,54.762,164,0,38.047
KNQA20150804-2,KNQA20150804_105539_V06,0,0.483,1.200,6873,15,259101.974,174,7,244627.037
KNQA20150804-2,KNQA20150804_105539_V06,2,1.494,1.200,6874,0,168545.287,200,0,165746.791
KNQA20150804-2,KNQA20150804_105539_V06,4,2.505,1.200,3441,0,42378.271,196,0,41515.062
KNQA20150804-2,KNQA20150804_105539_V06,5,3.516,1.200,3445,0,3552.107,466,0,3380.563
KNQA20150804-2,KNQA20150804_105539_V06,6,4.482,1.200,3446,0,1378.505,1005,0,1132.047
KNQA20150804-2,KNQA20150804_110523_V06,0,0.483,1.200,13195,11,253303.245,207,11,248563.189
KNQA20150804-2,KNQA20150804_110523_V06,2,1.494,1.200,13201,0,127114.811,594,0,125182.831
KNQA20150804-2,KNQA20150804_110523_V06,4,2.505,1.200,6601,0,79802.340,373,0,78188.893
KNQA20150804-2,KNQA20150804_110523_V06,5,3.516,1.200,6602,0,32038.853,684,0,31184.581
KNQA20150804-2,KNQA20150804_110523_V06,6,4.482,1.200,6615,0,5897.524,1261,0,5269.499
KNQA20150804-2,KNQA20150804_111504_V06,0,0.483,1.200,21673,4,308088.765,573,2,292749.435
KNQA20150804-2,KNQA20150804_111504_V06,2,1.494,1.200,21687,0,97799.893,1659,0,94829.303
KNQA20150804-2,KNQA20150804_111504_V06,4,2.505,1.200,10846,0,79083.921,821,0,77129.803
KNQA20150804-2,KNQA20150804_111504_V06,5,3.516,1.200,10852,0,43631.190,1284,0,41712.313
KNQA20150804-2,KNQA20150804_111504_V06,6,4.482,1.200,10868,0,13702.140,1983,0,12376.853
KNQA20150804-4,KNQA20150804_111504_V06,0,0.483,1.200,900,0,17519.300,62,0,16577.400
KNQA20150804-4,KNQA20150804_111504_V06,2,1.494,1.200,903,0,979.442,92,0,458.389
KNQA20150804-5,KNQA20150804_113428_V06,0,0.483,1.200,3594,3,251123.925,634,3,206066.226
KNQA20150804-5,KNQA20150804_113428_V06,2,1.494,1.200,3592,0,21750.954,682,0,16478.677
KNQA20150804-5,KNQA20150804_113428_V06,4,2.505,1.200,1801,0,75.127,1,0,57.168
KNQA20150805-11,KNQA20150805_111104_V06,0,0.483,1.200,4974,1,124020.620,471,0,83121.428
KNQA20150805-11,KNQA20150805_111104_V06,2,1.450,1.200,4970,0,93108.412,1323,0,40756.958
KNQA20150805-11,KNQA20150805_111104_V06,4,2.417,1.200,2484,0,73586.762,985,0,33801.410
KNQA20150805-11,KNQA20150805_111104_V06,5,3.384,1.200,2490,0,52843.959,1159,0,19878.936
KNQA20150805-11,KNQA20150805_111104_V06,6,4.307,1.200,2491,0,33741.192,1231,0,4392.295
KNQA20150805-11,KNQA20150805_111104_V06,7,6.021,1.200,2504,0,34312.870,1495,0,109.509
KNQA20150805-11,KNQA20150805_111104_V06,8,9.888,1.200,2523,0,21419.795,1330,0,35.099
KNQA20150805-11,KNQA20150805_111625_V06,0,0.483,1.200,14418,0,139396.458,931,0,125095.928
KNQA20150805-11,KNQA20150805_111625_V06,2,1.450,1.200,14426,0,53325.468,2936,0,37577.609
KNQA20150805-11,KNQA20150805_111625_V06,4,2.417,1.200,7219,0,65700.348,1870,0,44233.911
KNQA20150805-11,KNQA20150805_111625_V06,5,3.384,1.200,7226,0,69239.417,2206,0,44658.517
KNQA20150805-11,KNQA20150805_111625_V06,6,4.307,1.200,7242,0,44425.246,2335,0,21538.777
KNQA20150805-11,KNQA20150805_111625_V06,7,6.021,1.200,7257,0,27482.733,2437,0,312.164
KNQA20150805-11,KNQA20150805_111625_V06,8,9.888,1.200,7321,0,29796.762,2576,0,68.542
KNQA20150805-11,KNQA20150805_112147_V06,0,0.483,1.200,27807,4,127956.689,2035,4,118044.972
KNQA20150805-11,KNQA20150805_112147_V06,2,1.450,1.200,27821,0,44781.275,4670,0,33838.789
KNQA20150805-11,KNQA20150805_112147_V06,4,2.417,1.200,13921,0,50347.262,2595,0,37419.298
KNQA20150805-11,KNQA20150805_112147_V06,5,3.384,1.200,13933,0,76133.185,3005,0,56802.958
KNQA20150805-11,KNQA20150805_112147_V06,6,4.307,1.200,13948,0,55794.170,3080,0,38925.328
KNQA20150805-11,KNQA20150805_112147_V06,7,6.021,1.200,13994,0,20114.079,3210,0,2489.037
KNQA20150805-11,KNQA20150805_112147_V06,8,9.888,1.200,14137,0,21241.021,3785,0,133.162
KNQA20150805-8,KNQA20150805_110544_V06,0,0.483,1.200,778,0,28793.921,12,0,28453.526
KNQA20150805-8,KNQA20150805_110544_V06,2,1.450,1.200,778,0,101.581,316,0,50.640
KNQA20150805-8,KNQA20150805_110544_V06,4,2.417,1.200,388,0,8.593,6,0,6.543
KNQA20150805-8,KNQA20150805_110544_V06,5,3.384,1.200,389,0,0.282,0,0,0.282
KNQA20150805-8,KNQA20150805_110544_V06,6,4.307,1.200,388,0,0.137,0,0,0.137
KNQA20150805-8,KNQA20150805_110544_V06,7,6.021,1.200,390,0,0.139,0,0,0.139
KNQA20150805-8,KNQA20150805_111104_V06,0,0.483,1.200,3308,0,41568.799,165,0,41369.858
KNQA20150805-8,KNQA20150805_111104_V06,2,1.450,1.200,3310,0,794.872,1150,0,489.733
KNQA20150805-8,KNQA20150805_111104_V06,4,2.417,1.200,1657,0,113.668,86,0,93.177
KNQA20150805-8,KNQA20150805_111104_V06,5,3.384,1.200,1656,0,12.077,34,0,5.402
KNQA20150805-8,KNQA20150805_111104_V06,6,4.307,1.200,1664,0,0.856,0,0,0.856
KNQA20150805-8,KNQA20150805_111104_V06,7,6.021,1.200,1661,0,2.635,2,0,2.502
KNQA20150805-1,KNQA20150805_101309_V06,0,0.483,1.200,1062,12,236526.055,396,0,9727.204
KNQA20150805-1,KNQA20150805_101309_V06,2,1.450,1.200,1066,20,309315.386,574,0,3479.839
KNQA20150805-1,KNQA20150805_101309_V06,4,2.417,1.200,534,11,290803.284,303,0,148.272
KNQA20150805-1,KNQA20150805_101309_V06,5,3.384,1.200,533,18,421637.666,342,0,2555.404
KNQA20150805-1,KNQA20150805_101309_V06,6,4.307,1.200,537,27,478057.961,347,0,9.956
KNQA20150805-9,KNQA20150805_111104_V06,0,0.483,1.200,897,0,5796.238,70,0,5739.336
KNQA20150805-9,KNQA20150805_111104_V06,2,1.450,1.200,899,0,71.827,126,0,36.535
KNQA20150805-9,KNQA20150805_111104_V06,4,2.417,1.200,451,0,2.399,0,0,2.399
KNQA20150805-9,KNQA20150805_111104_V06,5,3.384,1.200,449,0,0.280,0,0,0.280
KNQA20150805-9,KNQA20150805_111104_V06,6,4.307,1.200,453,0,1.887,0,0,1.887
KNQA20150805-9,KNQA20150805_111104_V06,7,6.021,1.200,452,0,0.284,0,0,0.284
KNQA20150806-8,KNQA20150806_104648_V06,0,0.483,1.200,564,0,89829.001,9,0,87571.215
KNQA20150806-8,KNQA20150806_104648_V06,2,0.879,1.200,561,0,92975.048,10,0,87398.483
KNQA20150806-8,KNQA20150806_104648_V06,4,1.318,1.200,559,0,77343.258,20,0,73441.154
KNQA20150806-8,KNQA20150806_104648_V06,6,1.802,1.200,281,0,14356.166,44,0,12036.952
KNQA20150806-8,KNQA20150806_104648_V06,7,2.417,1.200,284,0,1053.130,57,0,497.794
KNQA20150806-8,KNQA20150806_104648_V06,10,3.120,1.200,284,0,15.920,16,0,14.188
KNQA20150806-8,KNQA20150806_104648_V06,11,3.999,1.200,283,0,6.223,7,0,4.996
KNQA20150806-8,KNQA20150806_104648_V06,12,5.098,1.200,282,0,0.965,0,0,0.965
KNQA20150806-8,KNQA20150806_104648_V06,13,6.416,1.200,282,0,0.545,1,0,0.351
KNQA20150806-8,KNQA20150806_104648_V06,14,7.998,1.200,287,0,0.154,0,0,0.154
KNQA20150806-8,KNQA20150806_105201_V06,0,0.483,1.200,3164,0,106863.351,509,0,105026.055
KNQA20150806-8,KNQA20150806_105201_V06,2,0.879,1.200,3165,0,69998.949,373,0,68376.452
KNQA20150806-8,KNQA20150806_105201_V06,4,1.318,1.200,3167,0,54903.605,378,0,53050.481
KNQA20150806-8,KNQA20150806_105201_V06,6,1.802,1.200,1587,0,32861.338,159,0,26456.068
KNQA20150806-8,KNQA20150806_105201_V06,7,2.417,1.200,1591,0,29936.843,161,0,22513.626
KNQA20150806-8,KNQA20150806_105201_V06,10,3.120,1.200,1587,0,11554.563,106,0,10010.936
KNQA20150806-8,KNQA20150806_105201_V06,11,3.999,1.200,1589,0,1235.889,101,0,805.042
KNQA20150806-8,KNQA20150806_105201_V06,12,5.098,1.200,1588,0,25.391,21,0,3.247
KNQA20150806-8,KNQA20150806_105201_V06,13,6.416,1.200,1605,0,27.850,27,0,5.354
KNQA20150806-8,KNQA20150806_105201_V06,14,7.998,1.200,1601,0,18.433,80,0,2.158
KNQA20150806-8,KNQA20150806_105730_V06,0,0.483,1.200,5667,0,146252.864,1008,0,143523.746
KNQA20150806-8,KNQA20150806_105730_V06,2,0.879,1.200,5668,0,87563.388,733,0,83520.183
KNQA20150806-8,KNQA20150806_105730_V06,4,1.318,1.200,5667,0,59664.053,690,0,57204.161
KNQA20150806-8,KNQA20150806_105730_V06,6,1.802,1.200,2838,0,29240.820,310,0,24567.076
KNQA20150806-8,KNQA20150806_105730_V06,7,2.417,1.200,2837,0,20080.808,327,0,14888.232
KNQA20150806-8,KNQA20150806_105730_V06,10,3.120,1.200,2837,0,11994.760,352,0,8458.704
KNQA20150806-8,KNQA20150806_105730_V06,11,3.999,1.200,2841,0,6110.976,298,0,4580.812
KNQA20150806-8,KNQA20150806_105730_V06,12,5.098,1.200,2843,0,2215.331,198,0,1480.212
KNQA20150806-8,KNQA20150806_105730_V06,13,6.416,1.200,2852,0,533.272,115,0,368.657
KNQA20150806-8,KNQA20150806_105730_V06,14,7.998,1.200,2863,0,41.460,183,0,4.484
KNQA20150806-8,KNQA20150806_105730_V06,15,10.020,1.200,2878,0,18.078,141,0,2.672
KNQA20150806-8,KNQA20150806_110258_V06,0,0.483,1.200,7186,0,94467.639,1084,0,92107.125
KNQA20150806-8,KNQA20150806_110258_V06,2,0.879,1.200,7187,0,53584.422,956,0,50560.550
KNQA20150806-8,KNQA20150806_110258_V06,4,1.318,1.200,7187,0,42979.956,1084,0,39248.282
KNQA20150806-8,KNQA20150806_110258_V06,6,1.802,1.200,3594,0,29087.312,609,0,20002.823
KNQA20150806-8,KNQA20150806_110258_V06,7,2.417,1.200,3600,0,38261.745,812,0,14223.758
KNQA20150806-8,KNQA20150806_110258_V06,10,3.120,1.200,3601,1,75386.547,931,0,6904.093
KNQA20150806-8,KNQA20150806_110258_V06,11,3.999,1.200,3602,0,71465.195,818,0,3081.159
KNQA20150806-8,KNQA20150806_110258_V06,12,5.098,1.200,3611,0,67823.924,744,0,1790.641
KNQA20150806-8,KNQA20150806_110258_V06,13,6.416,1.200,3625,0,41481.313,522,0,784.547
KNQA20150806-8,KNQA20150806_110258_V06,14,7.998,1.200,3629,0,27255.319,558,0,615.383
KNQA20150806-8,KNQA20150806_110258_V06,15,10.020,1.200,3656,0,3767.802,426,0,35.742
KNQA20150806-8,KNQA20150806_110827_V06,0,0.483,1.200,16905,0,312379.218,3552,0,96040.767
KNQA20150806-8,KNQA20150806_110827_V06,2,0.879,1.200,16903,24,306639.032,3926,0,23886.616
KNQA20150806-8,KNQA20150806_110827_V06,4,1.318,1.200,16912,48,299461.670,4305,0,14101.665
KNQA20150806-8,KNQA20150806_110827_V06,6,1.802,1.200,8464,15,308742.252,2074,0,12930.445
KNQA20150806-8,KNQA20150806_110827_V06,7,2.417,1.200,8461,10,280293.285,2397,0,13695.133
KNQA20150806-8,KNQA20150806_110827_V06,10,3.120,1.200,8469,3,192725.713,2933,0,8370.353
KNQA20150806-8,KNQA20150806_110827_V06,11,3.999,1.200,8474,0,124701.256,2954,0,6625.451
KNQA20150806-8,KNQA20150806_110827_V06,12,5.098,1.200,8493,0,95826.153,2716,0,3624.890
KNQA20150806-8,KNQA20150806_110827_V06,13,6.416,1.200,8508,0,56755.938,2567,0,1860.703
KNQA20150806-8,KNQA20150806_110827_V06,14,7.998,1.200,8544,0,41283.019,2433,0,1774.329
KNQA20150806-8,KNQA20150806_110827_V06,15,10.020,1.200,8591,0,5951.684,1874,0,732.085
KNQA20150806-3,KNQA20150806_101956_V06,0,0.483,1.200,2581,0,45744.068,855,0,10028.207
KNQA20150806-3,KNQA20150806_101956_V06,2,0.879,1.200,2587,0,38506.130,748,0,3076.001
KNQA20150806-3,KNQA20150806_101956_V06,4,1.318,1.200,2588,0,31133.733,568,0,886.447
KNQA20150806-3,KNQA20150806_101956_V06,6,1.802,1.200,1316,0,34133.348,203,0,876.915
KNQA20150806-3,KNQA20150806_101956_V06,7,2.417,1.200,1305,0,37316.569,163,0,4007.520
KNQA20150806-3,KNQA20150806_101956_V06,10,3.120,1.200,1312,0,39097.312,123,0,2590.719
KNQA20150806-10,KNQA20150806_105730_V06,0,0.483,1.200,2285,0,413216.925,301,0,1206.188
KNQA20150806-10,KNQA20150806_105730_V06,2,0.879,1.200,2282,0,532380.951,387,0,831.362
KNQA20150806-10,KNQA20150806_105730_V06,4,1.318,1.200,2288,0,301005.168,402,0,1267.257
KNQA20150806-17,KNQA20150806_121254_V06,0,0.483,1.200,11866,0,18580.342,1973,0,8606.563
KNQA20150806-17,KNQA20150806_121254_V06,2,0.879,1.200,11869,0,28773.049,2374,0,10507.290
KNQA20150806-17,KNQA20150806_121254_V06,4,1.318,1.200,11872,0,33552.013,2447,0,6626.913
KNQA20150806-17,KNQA20150806_121254_V06,6,1.802,1.200,5940,0,45756.369,326,0,1234.519
KNQA20150806-17,KNQA20150806_121254_V06,7,2.417,1.200,5950,0,41308.353,202,0,306.729
KNQA20150806-17,KNQA20150806_121254_V06,8,3.120,1.200,5937,0,37144.218,236,0,401.330
KNQA20150806-17,KNQA20150806_121254_V06,11,3.999,1.200,5958,0,59853.469,332,0,3142.002
KNQA20150806-23,KNQA20150806_122337_V06,0,0.483,1.200,1060,44,2433935.864,271,6,173593.666
KNQA20150806-23,KNQA20150806_122337_V06,2,0.879,1.200,1060,16,2967363.185,315,2,209777.407
KNQA20150806-25,KNQA20150806_122859_V06,0,0.483,1.200,12633,193,579164.699,6358,0,29168.545
KNQA20150806-25,KNQA20150806_122859_V06,2,0.879,1.200,12635,207,462642.688,7494,0,6208.611
KNQA20150806-25,KNQA20150806_122859_V06,4,1.318,1.200,12637,198,369776.622,8203,1,3652.001
KNQA20150806-25,KNQA20150806_122859_V06,6,1.802,1.200,6326,83,320617.274,3582,0,13681.885
KNQA20150806-25,KNQA20150806_122859_V06,7,2.417,1.200,6337,78,289990.671,3492,3,12546.378
KNQA20150806-25,KNQA20150806_122859_V06,10,3.120,1.200,6332,71,267501.398,3247,0,843.300
KNQA20150806-25,KNQA20150806_122859_V06,11,3.999,1.200,6338,53,261250.996,3088,0,943.754
KNQA20150806-25,KNQA20150806_122859_V06,12,5.098,1.200,6349,41,232982.211,3077,0,844.240
KNQA20150806-25,KNQA20150806_122859_V06,13,6.416,1.200,6368,43,247407.744,3033,0,293.936
KNQA20150806-25,KNQA20150806_122859_V06,14,7.998,1.200,6383,38,222319.117,3262,0,2191.914
KNQA20150807-7,KNQA20150807_110158_V06,0,0.483,1.200,3915,0,77382.377,238,0,55100.215
KNQA20150807-7,KNQA20150807_110158_V06,2,0.879,1.200,3913,0,14703.324,102,0,10117.530
KNQA20150807-7,KNQA20150807_110158_V06,4,1.318,1.200,3910,0,18.045,0,0,18.045
KNQA20150807-7,KNQA20150807_110638_V06,0,0.483,1.200,5658,0,374579.565,577,0,289196.582
KNQA20150807-7,KNQA20150807_110638_V06,2,0.879,1.200,5665,0,115380.901,398,0,80210.638
KNQA20150807-7,KNQA20150807_110638_V06,4,1.318,1.200,5661,0,325.449,4,0,158.662
KNQA20150807-7,KNQA20150807_111105_V06,0,0.483,1.200,7770,0,767176.964,710,0,597343.719
KNQA20150807-7,KNQA20150807_111105_V06,2,0.879,1.200,7778,0,320548.484,691,0,234306.217
KNQA20150807-7,KNQA20150807_111105_V06,4,1.318,1.200,7775,0,3198.195,43,0,2190.889
KNQA20150807-7,KNQA20150807_111546_V06,0,0.483,1.200,10003,0,1091332.147,945,0,888344.553
KNQA20150807-7,KNQA20150807_111546_V06,2,0.879,1.200,10001,0,527597.422,889,0,422937.298
KNQA20150807-7,KNQA20150807_111546_V06,4,1.318,1.200,10007,0,31673.325,238,0,22689.719
KNQA20150807-7,KNQA20150807_112039_V06,0,0.483,1.200,11802,0,1105907.618,1203,0,895202.112
KNQA20150807-7,KNQA20150807_112039_V06,2,0.879,1.200,11801,0,602713.574,1188,0,464775.393
KNQA20150807-7,KNQA20150807_112039_V06,4,1.318,1.200,11805,0,32711.983,339,0,22077.054
KNQA20150807-7,KNQA20150807_112553_V06,0,0.483,1.200,14625,0,859589.879,1385,0,671991.457
KNQA20150807-7,KNQA20150807_112553_V06,2,0.879,1.200,14634,0,841081.223,1504,0,633473.000
KNQA20150807-7,KNQA20150807_112553_V06,4,1.318,1.200,14636,0,95861.520,690,0,67143.427
KNQA20150807-7,KNQA20150807_113121_V06,0,0.483,1.200,17546,0,1084833.285,1488,0,854707.766
KNQA20150807-7,KNQA20150807_113121_V06,2,0.879,1.200,17544,0,1016970.440,1867,0,797312.856
KNQA20150807-7,KNQA20150807_113121_V06,4,1.318,1.200,17558,0,187203.341,1098,0,132722.041
KNQA20150807-7,KNQA20150807_113634_V06,0,0.483,1.200,19966,0,938490.940,1648,0,751458.053
KNQA20150807-7,KNQA20150807_113634_V06,2,0.879,1.200,19960,0,720956.707,1973,0,554059.917
KNQA20150807-7,KNQA20150807_113634_V06,4,1.318,1.200,19967,0,169255.942,923,0,127118.431
KNQA20150807-7,KNQA20150807_114148_V06,0,0.483,1.200,25486,0,759069.343,1305,0,623704.597
KNQA20150807-7,KNQA20150807_114148_V06,2,0.879,1.200,25488,0,791346.445,2244,0,624608.456
KNQA20150807-7,KNQA20150807_114148_V06,4,1.318,1.200,25505,0,186987.188,1292,0,139852.688
KNQA20150807-7,KNQA20150807_114716_V06,0,0.483,1.200,35240,0,1095761.942,2481,0,867672.605
KNQA20150807-7,KNQA20150807_114716_V06,2,0.879,1.200,35238,0,998672.480,3283,0,763357.612
KNQA20150807-7,KNQA20150807_114716_V06,4,1.318,1.200,35254,0,271762.621,2312,0,182886.441
KNQA20150807-4,KNQA20150807_104852_V06,0,0.483,1.200,948,0,219388.453,25,0,206311.937
KNQA20150807-4,KNQA20150807_104852_V06,2,0.879,1.200,950,0,115733.117,28,0,107796.643
KNQA20150807-4,KNQA20150807_104852_V06,4,1.318,1.200,949,0,22628.483,25,0,22033.943
KNQA20150807-4,KNQA20150807_104852_V06,8,1.802,1.200,475,0,2569.353,115,0,1453.637
KNQA20150807-4,KNQA20150807_104852_V06,9,2.417,1.200,477,0,177.125,36,0,84.835
KNQA20150807-4,KNQA20150807_104852_V06,10,3.120,1.200,475,0,10.775,2,0,10.233
KNQA20150807-4,KNQA20150807_104852_V06,11,3.999,1.200,473,0,1.029,0,0,1.029
KNQA20150807-4,KNQA20150807_104852_V06,12,5.098,1.200,476,0,0.204,0,0,0.204
KNQA20150807-4,KNQA20150807_104852_V06,13,6.416,1.200,476,0,0.205,0,0,0.205
KNQA20150807-4,KNQA20150807_104852_V06,14,7.998,1.200,482,0,1.023,1,0,0.770
KNQA20150807-4,KNQA20150807_105304_V06,0,0.483,1.200,3664,0,203162.448,298,0,191152.862
KNQA20150807-4,KNQA20150807_105304_V06,2,0.879,1.200,3661,0,258700.989,230,0,237375.488
KNQA20150807-4,KNQA20150807_105304_V06,4,1.318,1.200,3665,0,185494.345,208,0,170671.496
KNQA20150807-4,KNQA20150807_105304_V06,8,1.802,1.200,1831,0,46691.718,325,0,33215.197
KNQA20150807-4,KNQA20150807_105304_V06,9,2.417,1.200,1833,0,2967.887,231,0,2175.552
KNQA20150807-4,KNQA20150807_105304_V06,10,3.120,1.200,1829,0,87.516,20,0,68.372
KNQA20150807-4,KNQA20150807_105304_V06,11,3.999,1.200,1833,0,5.890,8,0,5.478
KNQA20150807-4,KNQA20150807_105304_V06,12,5.098,1.200,1841,0,1.981,2,0,1.703
KNQA20150807-4,KNQA20150807_105304_V06,13,6.416,1.200,1847,0,0.978,0,0,0.978
KNQA20150807-4,KNQA20150807_105304_V06,14,7.998,1.200,1849,0,1.672,2,0,1.243
KNQA20150807-4,KNQA20150807_105731_V06,0,0.483,1.200,6506,0,230510.397,613,0,219364.593
KNQA20150807-4,KNQA20150807_105731_V06,2,0.879,1.200,6515,0,209871.190,474,0,195155.467
KNQA20150807-4,KNQA20150807_105731_V06,4,1.318,1.200,6512,0,203737.415,500,0,189811.689
KNQA20150807-4,KNQA20150807_105731_V06,6,1.802,1.200,3261,0,79183.002,696,0,53901.087
KNQA20150807-4,KNQA20150807_105731_V06,9,2.417,1.200,3267,0,19590.123,587,0,13372.417
KNQA20150807-4,KNQA20150807_105731_V06,10,3.120,1.200,3265,0,3205.896,236,0,2153.362
KNQA20150807-4,KNQA20150807_105731_V06,11,3.999,1.200,3263,0,427.611,95,0,269.501
KNQA20150807-4,KNQA20150807_105731_V06,12,5.098,1.200,3264,0,9.577,8,0,8.451
KNQA20150807-4,KNQA20150807_105731_V06,13,6.416,1.200,3280,0,4.021,31,0,2.455
KNQA20150807-4,KNQA20150807_105731_V06,14,7.998,1.200,3290,0,5.697,27,0,2.133
KNQA20150807-4,KNQA20150807_110158_V06,0,0.483,1.200,6461,0,163416.476,268,0,156353.810
KNQA20150807-4,KNQA20150807_110158_V06,2,0.879,1.200,6470,0,178623.758,255,0,165558.682
KNQA20150807-4,KNQA20150807_110158_V06,4,1.318,1.200,6465,0,171593.594,389,0,159017.037
KNQA20150807-4,KNQA20150807_110158_V06,6,1.802,1.200,3225,0,79723.064,625,0,53372.521
KNQA20150807-4,KNQA20150807_110158_V06,9,2.417,1.200,3231,0,30157.883,682,0,19447.421
KNQA20150807-4,KNQA20150807_110158_V06,10,3.120,1.200,3234,0,6245.535,411,0,4504.864
KNQA20150807-4,KNQA20150807_110158_V06,11,3.999,1.200,3241,0,959.011,250,0,426.587
KNQA20150807-4,KNQA20150807_110158_V06,12,5.098,1.200,3247,0,146.238,86,0,56.239
KNQA20150807-4,KNQA20150807_110158_V06,13,6.416,1.200,3256,0,3.416,7,0,1.795
KNQA20150807-4,KNQA20150807_110158_V06,14,7.998,1.200,3265,0,2.746,4,0,2.050
KNQA20150807-4,KNQA20150807_110638_V06,0,0.483,1.200,8482,0,124360.261,246,0,121953.892
KNQA20150807-4,KNQA20150807_110638_V06,2,0.879,1.200,8486,0,125965.471,233,0,121616.373
KNQA20150807-4,KNQA20150807_110638_V06,4,1.318,1.200,8484,0,129414.196,459,0,122761.556
KNQA20150807-4,KNQA20150807_110638_V06,6,1.802,1.200,4240,0,72116.254,843,0,51310.872
KNQA20150807-4,KNQA20150807_110638_V06,7,2.417,1.200,4245,0,40754.195,811,0,28666.252
KNQA20150807-4,KNQA20150807_110638_V06,10,3.120,1.200,4247,0,18729.782,662,0,12817.533
KNQA20150807-4,KNQA20150807_110638_V06,11,3.999,1.200,4249,0,6214.426,596,0,3594.578
KNQA20150807-4,KNQA20150807_110638_V06,12,5.098,1.200,4261,0,1076.550,404,0,498.473
KNQA20150807-4,KNQA20150807_110638_V06,13,6.416,1.200,4268,0,158.304,76,0,61.501
KNQA20150807-4,KNQA20150807_110638_V06,14,7.998,1.200,4289,0,40.944,86,0,30.827
KNQA20150807-4,KNQA20150807_111105_V06,0,0.483,1.200,18595,0,199531.936,516,0,195184.314
KNQA20150807-4,KNQA20150807_111105_V06,2,0.879,1.200,18587,0,134000.919,508,0,130811.124
KNQA20150807-4,KNQA20150807_111105_V06,4,1.318,1.200,18602,0,114865.405,1036,0,109646.532
KNQA20150807-4,KNQA20150807_111105_V06,6,1.802,1.200,9288,0,81212.147,2247,0,60876.479
KNQA20150807-4,KNQA20150807_111105_V06,9,2.417,1.200,9297,0,64127.281,2027,0,49077.701
KNQA20150807-4,KNQA20150807_111105_V06,10,3.120,1.200,9312,0,30586.471,1815,0,22623.306
KNQA20150807-4,KNQA20150807_111105_V06,11,3.999,1.200,9322,0,16096.928,1456,0,10039.957
KNQA20150807-4,KNQA20150807_111105_V06,12,5.098,1.200,9344,0,6035.518,1178,0,3431.377
KNQA20150807-4,KNQA20150807_111105_V06,13,6.416,1.200,9362,0,3553.644,1011,0,1336.456
KNQA20150807-4,KNQA20150807_111105_V06,14,7.998,1.200,9390,0,1269.052,855,0,489.177
KNQA20150807-4,KNQA20150807_111546_V06,0,0.483,1.200,38091,15,354484.671,1649,14,343677.431
KNQA20150807-4,KNQA20150807_111546_V06,2,0.879,1.200,38104,2,171498.688,1903,1,165195.280
KNQA20150807-4,KNQA20150807_111546_V06,4,1.318,1.200,38103,0,121340.245,2864,0,113486.799
KNQA20150807-4,KNQA20150807_111546_V06,6,1.802,1.200,19057,0,88003.931,4825,0,69705.451
KNQA20150807-4,KNQA20150807_111546_V06,7,2.417,1.200,19067,0,78363.682,4704,0,60192.974
KNQA20150807-4,KNQA20150807_111546_V06,10,3.120,1.200,19076,0,46535.220,4481,0,34956.488
KNQA20150807-4,KNQA20150807_111546_V06,11,3.999,1.200,19104,0,20661.666,4042,0,13566.257
KNQA20150807-4,KNQA20150807_111546_V06,12,5.098,1.200,19126,0,8282.035,3660,0,4771.521
KNQA20150807-4,KNQA20150807_111546_V06,13,6.416,1.200,19190,0,4249.651,3433,0,2295.862
KNQA20150807-4,KNQA20150807_111546_V06,14,7.998,1.200,19273,0,2206.833,3337,0,769.040
KNQA20150807-4,KNQA20150807_111546_V06,15,10.020,1.200,19407,0,1318.744,2845,0,474.478
KNQA20150807-4,KNQA20150807_112039_V06,0,0.483,1.200,58302,28,469645.339,2870,21,450090.002
KNQA20150807-4,KNQA20150807_112039_V06,2,0.879,1.200,58314,0,214314.985,3486,0,205039.122
KNQA20150807-4,KNQA20150807_112039_V06,4,1.318,1.200,58323,1,130980.571,4544,0,121488.536
KNQA20150807-4,KNQA20150807_112039_V06,6,1.802,1.200,29181,1,98516.947,7355,0,76011.062
KNQA20150807-4,KNQA20150807_112039_V06,7,2.417,1.200,29200,0,82463.856,7139,0,62478.231
KNQA20150807-4,KNQA20150807_112039_V06,10,3.120,1.200,29219,0,58311.907,7478,0,43181.654
KNQA20150807-4,KNQA20150807_112039_V06,11,3.999,1.200,29238,0,25081.748,7546,0,16202.846
KNQA20150807-4,KNQA20150807_112039_V06,12,5.098,1.200,29293,0,10530.330,6728,0,6435.181
KNQA20150807-4,KNQA20150807_112039_V06,13,6.416,1.200,29362,0,4658.774,6534,0,2513.680
KNQA20150807-4,KNQA20150807_112039_V06,14,7.998,1.200,29478,0,2832.722,6204,0,1353.950
KNQA20150807-4,KNQA20150807_112039_V06,15,10.020,1.200,29680,0,1583.291,5668,0,585.589
KNQA20150807-2,KNQA20150807_103615_V06,0,0.483,1.200,975,0,44329.063,26,0,42062.141
KNQA20150807-2,KNQA20150807_103615_V06,2,0.879,1.200,977,0,37990.494,25,0,37139.001
KNQA20150807-2,KNQA20150807_103615_V06,4,1.318,1.200,975,0,16917.973,15,0,16634.771
KNQA20150807-2,KNQA20150807_103615_V06,8,1.802,1.200,481,0,3744.936,80,0,2640.942
KNQA20150807-2,KNQA20150807_103615_V06,9,2.417,1.200,485,0,229.539,68,0,129.496
KNQA20150807-2,KNQA20150807_103615_V06,10,3.120,1.200,485,0,9.923,9,0,3.832
KNQA20150807-2,KNQA20150807_103615_V06,11,3.999,1.200,491,0,0.526,2,0,0.212
KNQA20150807-2,KNQA20150807_103615_V06,12,5.098,1.200,490,0,0.707,0,0,0.707
KNQA20150807-2,KNQA20150807_103615_V06,13,6.416,1.200,488,0,0.213,0,0,0.213
KNQA20150807-2,KNQA20150807_103615_V06,14,7.998,1.200,489,0,0.215,0,0,0.215
KNQA20150807-2,KNQA20150807_104028_V06,0,0.483,1.200,3231,0,55563.126,169,0,53175.435
KNQA20150807-2,KNQA20150807_104028_V06,2,0.879,1.200,3230,0,64938.631,143,0,60970.675
KNQA20150807-2,KNQA20150807_104028_V06,4,1.318,1.200,3227,0,45366.709,190,0,41881.483
KNQA20150807-2,KNQA20150807_104028_V06,8,1.802,1.200,1618,0,10331.600,302,0,7679.158
KNQA20150807-2,KNQA20150807_104028_V06,9,2.417,1.200,1619,0,635.591,193,0,367.034
KNQA20150807-2,KNQA20150807_104028_V06,10,3.120,1.200,1621,0,68.692,42,0,24.340
KNQA20150807-2,KNQA20150807_104028_V06,11,3.999,1.200,1628,0,5.653,3,0,5.388
KNQA20150807-2,KNQA20150807_104028_V06,12,5.098,1.200,1626,0,8.402,19,0,4.808
KNQA20150807-2,KNQA20150807_104028_V06,13,6.416,1.200,1627,0,5.171,4,0,1.968
KNQA20150807-2,KNQA20150807_104028_V06,14,7.998,1.200,1635,0,2.475,8,0,0.882
KNQA20150807-10,KNQA20150807_115759_V06,0,0.483,1.200,2319,140,5305912.015,1035,10,277543.630
KNQA20150807-10,KNQA20150807_115759_V06,2,0.879,1.200,2321,124,5718710.392,963,16,1204408.969
KNQA20150807-10,KNQA20150807_115759_V06,4,1.318,1.200,2321,106,7110392.439,922,11,1085536.678
KNQA20150807-10,KNQA20150807_120314_V06,0,0.483,1.200,3995,138,5459591.621,1119,11,264273.844
KNQA20150807-10,KNQA20150807_120314_V06,2,0.879,1.200,3994,138,7419538.482,1043,12,1136069.814
KNQA20150807-10,KNQA20150807_120314_V06,4,1.318,1.200,4001,124,6925085.006,1125,8,966244.074
KNQA20150807-1,KNQA20150807_101619_V06,0,0.483,1.200,1571,0,40161.869,11,0,39529.204
KNQA20150807-1,KNQA20150807_101619_V06,2,0.879,1.200,1571,0,44097.544,15,0,43682.844
KNQA20150807-1,KNQA20150807_101619_V06,4,1.318,1.200,1573,0,24495.646,40,0,24050.461
KNQA20150807-1,KNQA20150807_101619_V06,8,1.802,1.200,789,0,5120.276,118,0,3956.871
KNQA20150807-1,KNQA20150807_101619_V06,9,2.417,1.200,785,0,361.430,98,0,196.960
KNQA20150807-1,KNQA20150807_101619_V06,10,3.120,1.200,791,0,44.226,27,0,32.434
KNQA20150807-1,KNQA20150807_101619_V06,11,3.999,1.200,790,0,9.651,8,0,8.047
KNQA20150807-1,KNQA20150807_101619_V06,12,5.098,1.200,788,0,1.082,0,0,1.082
KNQA20150807-1,KNQA20150807_101619_V06,13,6.416,1.200,791,0,0.547,0,0,0.547
KNQA20150807-5,KNQA20150807_105304_V06,0,0.483,1.200,164,0,8563.349,13,0,7555.050
KNQA20150807-5,KNQA20150807_105304_V06,2,0.879,1.200,164,0,502.983,13,0,426.268
KNQA20150807-5,KNQA20150807_105304_V06,4,1.318,1.200,165,0,61.104,30,0,30.526
KNQA20150807-5,KNQA20150807_105304_V06,8,1.802,1.200,81,0,6.650,11,0,4.958
KNQA20150807-5,KNQA20150807_105304_V06,9,2.417,1.200,83,0,2.469,4,0,0.431
KNQA20150807-5,KNQA20150807_105304_V06,10,3.120,1.200,82,0,0.359,0,0,0.359
KNQA20150807-5,KNQA20150807_105304_V06,11,3.999,1.200,81,0,0.317,0,0,0.317
KNQA20150807-5,KNQA20150807_105304_V06,12,5.098,1.200,83,0,0.635,2,0,0.027
KNQA20150807-5,KNQA20150807_105304_V06,13,6.416,1.200,83,0,0.028,0,0,0.028
KNQA20150807-5,KNQA20150807_105304_V06,14,7.998,1.200,83,0,0.028,0,0,0.028
KNQA20150808-1,KNQA20150808_103737_V06,0,0.483,1.200,1220,2,147858.520,41,2,140571.812
KNQA20150808-1,KNQA20150808_103737_V06,2,0.879,1.200,1222,0,49198.457,46,0,46861.618
KNQA20150808-1,KNQA20150808_103737_V06,4,1.318,1.200,1219,0,10000.893,56,0,9479.110
KNQA20150808-1,KNQA20150808_103737_V06,8,1.802,1.200,608,0,1860.833,105,0,1469.965
KNQA20150808-1,KNQA20150808_103737_V06,9,2.417,1.200,606,0,192.123,93,0,127.176
KNQA20150808-1,KNQA20150808_103737_V06,10,3.120,1.200,606,0,38.951,53,0,28.414
KNQA20150808-1,KNQA20150808_103737_V06,11,3.999,1.200,609,0,44.168,70,0,22.561
KNQA20150808-1,KNQA20150808_103737_V06,12,5.098,1.200,613,0,6.753,11,0,5.408
KNQA20150808-1,KNQA20150808_103737_V06,13,6.416,1.200,615,0,3.620,0,0,3.620
KNQA20150808-1,KNQA20150808_104156_V06,0,0.483,1.200,3464,2,302233.375,182,1,277084.772
KNQA20150808-1,KNQA20150808_104156_V06,2,0.879,1.200,3467,0,242570.606,202,0,222516.649
KNQA20150808-1,KNQA20150808_104156_V06,4,1.318,1.200,3468,0,67387.082,260,0,61678.813
KNQA20150808-1,KNQA20150808_104156_V06,8,1.802,1.200,1738,0,10057.852,244,0,9133.728
KNQA20150808-1,KNQA20150808_104156_V06,9,2.417,1.200,1738,0,578.710,250,0,439.031
KNQA20150808-1,KNQA20150808_104156_V06,10,3.120,1.200,1739,0,128.672,112,0,68.095
KNQA20150808-1,KNQA20150808_104156_V06,11,3.999,1.200,1739,0,67.280,132,0,43.542
KNQA20150808-1,KNQA20150808_104156_V06,12,5.098,1.200,1740,0,22.356,34,0,19.290
KNQA20150808-1,KNQA20150808_104156_V06,13,6.416,1.200,1746,0,12.994,10,0,12.207
KNQA20150808-1,KNQA20150808_104616_V06,0,0.483,1.200,4180,0,180370.669,206,0,172171.204
KNQA20150808-1,KNQA20150808_104616_V06,2,0.879,1.200,4181,0,330282.868,288,0,299755.930
KNQA20150808-1,KNQA20150808_104616_V06,4,1.318,1.200,4182,0,205131.527,295,0,184568.919
KNQA20150808-1,KNQA20150808_104616_V06,8,1.802,1.200,2094,0,51750.864,319,0,41128.382
KNQA20150808-1,KNQA20150808_104616_V06,9,2.417,1.200,2096,0,2961.897,233,0,1994.809
KNQA20150808-1,KNQA20150808_104616_V06,10,3.120,1.200,2096,0,467.255,117,0,331.061
KNQA20150808-1,KNQA20150808_104616_V06,11,3.999,1.200,2099,0,49.232,116,0,29.779
KNQA20150808-1,KNQA20150808_104616_V06,12,5.098,1.200,2101,0,34.014,34,0,31.541
KNQA20150808-1,KNQA20150808_104616_V06,13,6.416,1.200,2108,0,19.979,21,0,17.825
KNQA20150808-1,KNQA20150808_105035_V06,0,0.483,1.200,5458,0,150459.551,376,0,143024.266
KNQA20150808-1,KNQA20150808_105035_V06,2,0.879,1.200,5453,0,242138.651,327,0,228972.755
KNQA20150808-1,KNQA20150808_105035_V06,4,1.318,1.200,5457,0,197707.397,339,0,182292.938
KNQA20150808-1,KNQA20150808_105035_V06,8,1.802,1.200,2733,0,45885.867,376,0,36356.355
KNQA20150808-1,KNQA20150808_105035_V06,9,2.417,1.200,2729,0,9115.267,289,0,6791.996
KNQA20150808-1,KNQA20150808_105035_V06,10,3.120,1.200,2736,0,1808.929,158,0,1460.483
KNQA20150808-1,KNQA20150808_105035_V06,11,3.999,1.200,2741,0,121.180,100,0,87.196
KNQA20150808-1,KNQA20150808_105035_V06,12,5.098,1.200,2739,0,35.350,44,0,29.842
KNQA20150808-1,KNQA20150808_105035_V06,13,6.416,1.200,2749,0,29.678,34,0,26.394
KNQA20150808-1,KNQA20150808_105433_V06,0,0.483,1.200,5883,0,192665.102,318,0,186454.559
KNQA20150808-1,KNQA20150808_105433_V06,2,0.879,1.200,5886,0,215272.652,260,0,207743.819
KNQA20150808-1,KNQA20150808_105433_V06,4,1.318,1.200,5885,0,169155.713,337,0,158722.045
KNQA20150808-1,KNQA20150808_105433_V06,8,1.802,1.200,2946,0,59000.229,488,0,44928.150
KNQA20150808-1,KNQA20150808_105433_V06,9,2.417,1.200,2950,0,7329.363,334,0,5408.202
KNQA20150808-1,KNQA20150808_105433_V06,10,3.120,1.200,2946,0,725.753,177,0,500.689
KNQA20150808-1,KNQA20150808_105433_V06,11,3.999,1.200,2948,0,82.669,93,0,60.907
KNQA20150808-1,KNQA20150808_105433_V06,12,5.098,1.200,2950,0,34.373,22,0,31.631
KNQA20150808-1,KNQA20150808_105433_V06,13,6.416,1.200,2965,0,46.691,58,0,34.357
KNQA20150808-1,KNQA20150808_105834_V06,0,0.483,1.200,7832,0,215086.287,384,0,210375.355
KNQA20150808-1,KNQA20150808_105834_V06,2,0.879,1.200,7842,0,189776.663,394,0,178070.904
KNQA20150808-1,KNQA20150808_105834_V06,4,1.318,1.200,7838,0,150906.696,516,0,138903.947
KNQA20150808-1,KNQA20150808_105834_V06,8,1.802,1.200,3917,0,83398.698,690,0,65351.613
KNQA20150808-1,KNQA20150808_105834_V06,9,2.417,1.200,3926,0,16768.130,627,0,11902.558
KNQA20150808-1,KNQA20150808_105834_V06,10,3.120,1.200,3929,0,1209.184,222,0,812.247
KNQA20150808-1,KNQA20150808_105834_V06,11,3.999,1.200,3932,0,280.467,119,0,194.090
KNQA20150808-1,KNQA20150808_105834_V06,12,5.098,1.200,3933,0,80.771,48,0,65.135
KNQA20150808-1,KNQA20150808_105834_V06,13,6.416,1.200,3945,0,70.176,93,0,47.041
KNQA20150808-1,KNQA20150808_110233_V06,0,0.483,1.200,10154,0,176629.238,525,0,172989.163
KNQA20150808-1,KNQA20150808_110233_V06,2,0.879,1.200,10154,0,137756.019,559,0,130561.673
KNQA20150808-1,KNQA20150808_110233_V06,4,1.318,1.200,10157,0,127942.022,759,0,118086.858
KNQA20150808-1,KNQA20150808_110233_V06,8,1.802,1.200,5082,0,82425.407,1043,0,63824.021
KNQA20150808-1,KNQA20150808_110233_V06,9,2.417,1.200,5084,0,33449.156,896,0,24712.516
KNQA20150808-1,KNQA20150808_110233_V06,10,3.120,1.200,5085,0,5672.467,535,0,3736.356
KNQA20150808-1,KNQA20150808_110233_V06,11,3.999,1.200,5094,0,995.753,264,0,736.819
KNQA20150808-1,KNQA20150808_110233_V06,12,5.098,1.200,5108,0,375.325,148,0,230.678
KNQA20150808-1,KNQA20150808_110233_V06,13,6.416,1.200,5115,0,135.782,121,0,94.901
KNQA20150808-1,KNQA20150808_110633_V06,0,0.483,1.200,12556,0,134867.238,457,0,131235.320
KNQA20150808-1,KNQA20150808_110633_V06,2,0.879,1.200,12554,0,101475.971,516,0,96935.994
KNQA20150808-1,KNQA20150808_110633_V06,4,1.318,1.200,12551,0,101452.831,854,0,94886.480
KNQA20150808-1,KNQA20150808_110633_V06,8,1.802,1.200,6288,0,74284.309,1617,0,52746.996
KNQA20150808-1,KNQA20150808_110633_V06,9,2.417,1.200,6285,0,50514.862,1495,0,35156.776
KNQA20150808-1,KNQA20150808_110633_V06,10,3.120,1.200,6293,0,10890.342,1005,0,7451.507
KNQA20150808-1,KNQA20150808_110633_V06,11,3.999,1.200,6304,0,2480.560,487,0,1654.654
KNQA20150808-1,KNQA20150808_110633_V06,12,5.098,1.200,6308,0,840.103,339,0,576.940
KNQA20150808-1,KNQA20150808_110633_V06,13,6.416,1.200,6320,0,419.700,210,0,337.269
KNQA20150808-1,KNQA20150808_111051_V06,0,0.483,1.200,18365,0,140855.486,736,0,136431.724
KNQA20150808-1,KNQA20150808_111051_V06,2,0.879,1.200,18372,0,88761.350,649,0,85766.204
KNQA20150808-1,KNQA20150808_111051_V06,4,1.318,1.200,18376,0,83091.768,1092,0,78732.851
KNQA20150808-1,KNQA20150808_111051_V06,8,1.802,1.200,9193,0,56872.328,2750,0,40837.267
KNQA20150808-1,KNQA20150808_111051_V06,9,2.417,1.200,9188,0,44249.287,2622,0,30355.968
KNQA20150808-1,KNQA20150808_111051_V06,10,3.120,1.200,9201,0,17388.132,2186,0,11049.463
KNQA20150808-1,KNQA20150808_111051_V06,11,3.999,1.200,9204,0,8032.244,1583,0,4485.328
KNQA20150808-1,KNQA20150808_111051_V06,12,5.098,1.200,9234,0,4251.041,1169,0,2540.335
KNQA20150808-1,KNQA20150808_111051_V06,13,6.416,1.200,9247,0,1552.419,936,0,778.490
KNQA20150808-1,KNQA20150808_111512_V06,0,0.483,1.200,18970,0,138389.756,66,0,137405.257
KNQA20150808-1,KNQA20150808_111512_V06,2,1.494,1.200,18977,0,64163.848,375,0,63084.297
KNQA20150808-1,KNQA20150808_111512_V06,4,2.505,1.200,9499,0,46836.771,189,0,46153.471
KNQA20150808-1,KNQA20150808_111512_V06,5,3.516,1.200,9509,0,20075.376,365,0,19204.342
KNQA20150808-1,KNQA20150808_111512_V06,6,4.482,1.200,9520,0,9101.900,648,0,8147.497
KNQA20150808-5,KNQA20150808_110233_V06,0,0.483,1.200,4198,0,142113.191,244,0,119113.137
KNQA20150808-5,KNQA20150808_110233_V06,2,0.879,1.200,4204,0,53528.678,172,0,43675.783
KNQA20150808-5,KNQA20150808_110233_V06,4,1.318,1.200,4204,0,320.891,2,0,168.361
KNQA20150808-5,KNQA20150808_110633_V06,0,0.483,1.200,6242,0,267971.145,464,0,203350.785
KNQA20150808-5,KNQA20150808_110633_V06,2,0.879,1.200,6248,0,148372.749,403,0,113979.363
KNQA20150808-5,KNQA20150808_110633_V06,4,1.318,1.200,6248,0,3696.901,51,0,1869.923
KNQA20150808-5,KNQA20150808_111051_V06,0,0.483,1.200,7527,0,493551.186,627,0,374575.575
KNQA20150808-5,KNQA20150808_111051_V06,2,0.879,1.200,7534,0,231879.852,601,0,178247.221
KNQA20150808-5,KNQA20150808_111051_V06,4,1.318,1.200,7530,0,5667.354,78,0,3972.619
KNQA20150808-5,KNQA20150808_111512_V06,0,0.483,1.200,9546,0,770404.788,270,0,723669.459
KNQA20150808-5,KNQA20150808_111512_V06,2,1.494,1.200,9549,0,14654.913,70,0,13418.731
KNQA20150808-5,KNQA20150808_112452_V06,0,0.483,1.200,13734,0,890992.422,436,0,848699.158
KNQA20150808-5,KNQA20150808_112452_V06,2,1.494,1.200,13753,0,75397.565,163,0,71708.184
KNQA20150808-5,KNQA20150808_113433_V06,0,0.483,1.200,16711,0,509992.384,571,0,470467.250
KNQA20150808-5,KNQA20150808_113433_V06,2,1.494,1.200,16717,0,137458.677,335,0,127847.334
KNQA20150808-5,KNQA20150808_114413_V06,0,0.483,1.200,22805,0,377396.805,750,0,339292.903
KNQA20150808-5,KNQA20150808_114413_V06,2,1.494,1.200,22825,0,154107.132,595,0,135799.483
KNQA20150808-6,KNQA20150808_110233_V06,0,0.483,1.200,5838,0,62529.464,95,0,61282.832
KNQA20150808-6,KNQA20150808_110233_V06,2,0.879,1.200,5840,0,40605.404,159,0,38452.616
KNQA20150808-6,KNQA20150808_110233_V06,4,1.318,1.200,5843,0,31188.235,312,0,27383.445
KNQA20150808-6,KNQA20150808_110233_V06,8,1.802,1.200,2918,0,17080.944,603,0,12580.679
KNQA20150808-6,KNQA20150808_110233_V06,9,2.417,1.200,2920,0,15489.381,659,0,10188.993
KNQA20150808-6,KNQA20150808_110233_V06,10,3.120,1.200,2926,0,13031.281,680,0,7879.082
KNQA20150808-6,KNQA20150808_110233_V06,11,3.999,1.200,2924,0,6542.309,554,0,3312.444
KNQA20150808-6,KNQA20150808_110233_V06,12,5.098,1.200,2931,0,3349.763,304,0,1716.046
KNQA20150808-6,KNQA20150808_110233_V06,13,6.416,1.200,2939,0,1812.978,268,0,832.162
KNQA20150808-7,KNQA20150808_110633_V06,0,0.483,1.200,4678,0,90226.377,109,0,88029.969
KNQA20150808-7,KNQA20150808_110633_V06,2,0.879,1.200,4678,0,69295.588,147,0,66532.871
KNQA20150808-7,KNQA20150808_110633_V06,4,1.318,1.200,4682,0,69506.923,236,0,65710.441
KNQA20150808-7,KNQA20150808_110633_V06,8,1.802,1.200,2344,0,46810.144,488,0,34147.698
KNQA20150808-7,KNQA20150808_110633_V06,9,2.417,1.200,2343,0,19114.086,461,0,13646.962
KNQA20150808-7,KNQA20150808_110633_V06,10,3.120,1.200,2339,0,1556.493,162,0,993.298
KNQA20150808-7,KNQA20150808_110633_V06,11,3.999,1.200,2346,0,81.165,26,0,52.057
KNQA20150808-7,KNQA20150808_110633_V06,12,5.098,1.200,2348,0,95.545,39,0,77.552
KNQA20150808-7,KNQA20150808_110633_V06,13,6.416,1.200,2359,0,36.947,35,0,26.789
KNQA20150808-8,KNQA20150808_113433_V06,0,0.483,1.200,2412,0,123468.222,393,0,93650.018
KNQA20150809-2,KNQA20150809_103845_V06,0,0.483,1.200,608,0,71916.104,4,0,71361.730
KNQA20150809-2,KNQA20150809_103845_V06,2,1.494,1.200,610,0,2328.996,3,0,2310.649
KNQA20150809-2,KNQA20150809_103845_V06,4,2.505,1.200,303,0,79.906,18,0,76.346
KNQA20150809-2,KNQA20150809_103845_V06,5,3.516,1.200,302,0,26.519,50,0,18.770
KNQA20150809-2,KNQA20150809_103845_V06,6,4.482,1.200,303,0,11.260,24,0,8.812
KNQA20150809-2,KNQA20150809_104828_V06,0,0.483,1.200,4051,0,99481.539,222,0,97797.394
KNQA20150809-2,KNQA20150809_104828_V06,2,1.494,1.200,4053,0,63397.532,130,0,62512.653
KNQA20150809-2,KNQA20150809_104828_V06,4,2.505,1.200,2027,0,1729.384,109,0,1657.261
KNQA20150809-2,KNQA20150809_104828_V06,5,3.516,1.200,2034,0,159.635,121,0,93.889
KNQA20150809-2,KNQA20150809_104828_V06,6,4.482,1.200,2036,0,46.524,137,0,36.291
KNQA20150809-2,KNQA20150809_105810_V06,0,0.483,1.200,5655,0,130623.901,323,0,129051.201
KNQA20150809-2,KNQA20150809_105810_V06,2,1.494,1.200,5659,0,65727.899,194,0,63696.734
KNQA20150809-2,KNQA20150809_105810_V06,4,2.505,1.200,2834,0,5635.031,119,0,5331.641
KNQA20150809-2,KNQA20150809_105810_V06,5,3.516,1.200,2838,0,676.026,95,0,655.888
KNQA20150809-2,KNQA20150809_105810_V06,6,4.482,1.200,2842,0,96.556,106,0,82.766
KNQA20150809-2,KNQA20150809_110755_V06,0,0.483,1.200,14452,0,91074.516,323,0,89877.977
KNQA20150809-2,KNQA20150809_110755_V06,2,1.494,1.200,14464,0,61855.421,678,0,60184.188
KNQA20150809-2,KNQA20150809_110755_V06,4,2.505,1.200,7244,0,26643.661,419,0,25002.911
KNQA20150809-2,KNQA20150809_110755_V06,5,3.516,1.200,7242,0,9728.163,445,0,8648.523
KNQA20150809-2,KNQA20150809_110755_V06,6,4.482,1.200,7248,0,5570.610,331,0,4603.209
KNQA20150809-2,KNQA20150809_111736_V06,0,0.483,1.200,21522,0,88021.402,500,0,86213.009
KNQA20150809-2,KNQA20150809_111736_V06,2,1.494,1.200,21524,0,53744.852,996,0,51979.692
KNQA20150809-2,KNQA20150809_111736_V06,4,2.505,1.200,10774,0,28183.991,646,0,26586.849
KNQA20150809-2,KNQA20150809_111736_V06,5,3.516,1.200,10784,0,9665.245,884,0,8326.117
KNQA20150809-2,KNQA20150809_111736_V06,6,4.482,1.200,10799,0,4902.450,758,0,4152.308
KNQA20150809-2,KNQA20150809_112719_V06,0,0.483,1.200,41864,5,146431.083,1519,5,142056.633
KNQA20150809-2,KNQA20150809_112719_V06,2,1.494,1.200,41878,0,66009.901,2742,0,63186.140
KNQA20150809-2,KNQA20150809_112719_V06,4,2.505,1.200,20955,0,34208.030,1800,0,31459.881
KNQA20150809-2,KNQA20150809_112719_V06,5,3.516,1.200,20973,0,12297.911,2252,0,10788.341
KNQA20150809-2,KNQA20150809_112719_V06,6,4.482,1.200,21002,0,5714.566,2179,0,4743.389
KNQA20150809-3,KNQA20150809_110755_V06,0,0.483,1.200,4047,0,143250.676,116,0,132708.642
KNQA20150809-3,KNQA20150809_111736_V06,0,0.483,1.200,8014,0,298186.804,266,0,271498.524
KNQA20150809-3,KNQA20150809_112719_V06,0,0.483,1.200,12454,0,429070.671,473,0,388653.775
KNQA20150809-4,KNQA20150809_110755_V06,0,0.483,1.200,2187,0,45589.483,209,0,42998.712
KNQA20150809-4,KNQA20150809_110755_V06,2,1.494,1.200,2191,0,390.127,30,0,243.827
KNQA20150809-4,KNQA20150809_110755_V06,4,2.505,1.200,1094,0,352.812,10,0,203.348
KNQA20150810-13,KNQA20150810_105851_V06,0,0.483,1.200,2367,3,82820.355,122,3,80577.348
KNQA20150810-13,KNQA20150810_105851_V06,2,0.879,1.200,2368,0,82855.599,85,0,80760.881
KNQA20150810-13,KNQA20150810_105851_V06,4,1.318,1.200,2366,0,68361.649,125,0,66475.179
KNQA20150810-13,KNQA20150810_105851_V06,6,1.802,1.200,1180,0,21409.055,128,0,20095.953
KNQA20150810-13,KNQA20150810_105851_V06,7,2.417,1.200,1181,0,11733.225,153,0,6881.018
KNQA20150810-13,KNQA20150810_105851_V06,8,3.120,1.200,1185,0,1031.769,461,0,775.012
KNQA20150810-13,KNQA20150810_105851_V06,11,3.999,1.200,1184,0,541.313,824,0,50.944
KNQA20150810-13,KNQA20150810_105851_V06,12,5.098,1.200,1189,0,1065.805,1071,0,38.102
KNQA20150810-13,KNQA20150810_105851_V06,13,6.416,1.200,1192,0,925.139,992,0,43.769
KNQA20150810-13,KNQA20150810_105851_V06,14,7.998,1.200,1194,0,455.496,626,0,9.484
KNQA20150810-13,KNQA20150810_110405_V06,0,0.483,1.200,6502,0,94556.924,632,0,87942.181
KNQA20150810-13,KNQA20150810_110405_V06,2,0.879,1.200,6500,0,83668.421,614,0,80104.274
KNQA20150810-13,KNQA20150810_110405_V06,4,1.318,1.200,6499,0,53792.981,939,0,50863.121
KNQA20150810-13,KNQA20150810_110405_V06,6,1.802,1.200,3255,0,28936.760,514,0,27752.871
KNQA20150810-13,KNQA20150810_110405_V06,7,2.417,1.200,3251,0,15477.551,482,0,14893.919
KNQA20150810-13,KNQA20150810_110405_V06,8,3.120,1.200,3260,0,1194.612,1166,0,369.989
KNQA20150810-13,KNQA20150810_110405_V06,11,3.999,1.200,3261,0,1216.937,1823,0,139.530
KNQA20150810-13,KNQA20150810_110405_V06,12,5.098,1.200,3262,0,2160.568,2538,0,122.091
KNQA20150810-13,KNQA20150810_110405_V06,13,6.416,1.200,3275,0,1697.895,2125,0,112.560
KNQA20150810-13,KNQA20150810_110405_V06,14,7.998,1.200,3285,0,1487.953,1777,0,22.490
KNQA20150810-13,KNQA20150810_110913_V06,0,0.483,1.200,7114,0,158418.962,805,0,153377.117
KNQA20150810-13,KNQA20150810_110913_V06,2,0.879,1.200,7117,0,77206.003,888,0,73975.742
KNQA20150810-13,KNQA20150810_110913_V06,4,1.318,1.200,7117,0,30747.503,1237,0,28809.928
KNQA20150810-13,KNQA20150810_110913_V06,6,1.802,1.200,3557,0,10025.578,360,0,8729.968
KNQA20150810-13,KNQA20150810_110913_V06,7,2.417,1.200,3566,0,1935.460,365,0,1471.163
KNQA20150810-13,KNQA20150810_110913_V06,10,3.120,1.200,3562,0,560.867,648,0,205.667
KNQA20150810-13,KNQA20150810_110913_V06,11,3.999,1.200,3571,0,868.135,1215,0,195.397
KNQA20150810-13,KNQA20150810_110913_V06,12,5.098,1.200,3577,0,1495.020,1898,0,208.047
KNQA20150810-13,KNQA20150810_110913_V06,13,6.416,1.200,3586,0,3063.008,1525,0,122.052
KNQA20150810-13,KNQA20150810_110913_V06,14,7.998,1.200,3598,3,45656.271,1403,0,42.859
KNQA20150810-13,KNQA20150810_111440_V06,0,0.483,1.200,8910,0,126357.434,1090,0,123021.166
KNQA20150810-13,KNQA20150810_111440_V06,2,0.879,1.200,8910,0,57639.453,1370,0,54658.241
KNQA20150810-13,KNQA20150810_111440_V06,4,1.318,1.200,8917,0,14616.303,1976,0,12722.252
KNQA20150810-13,KNQA20150810_111440_V06,6,1.802,1.200,4467,0,5499.212,340,0,3113.492
KNQA20150810-13,KNQA20150810_111440_V06,7,2.417,1.200,4470,0,7739.541,702,0,459.269
KNQA20150810-13,KNQA20150810_111440_V06,8,3.120,1.200,4472,1,49507.325,1246,0,300.332
KNQA20150810-13,KNQA20150810_111440_V06,11,3.999,1.200,4478,29,77911.647,2195,0,282.135
KNQA20150810-13,KNQA20150810_111440_V06,12,5.098,1.200,4479,45,95852.017,2558,0,668.180
KNQA20150810-13,KNQA20150810_111440_V06,13,6.416,1.200,4484,64,160931.088,2124,0,3128.340
KNQA20150810-13,KNQA20150810_111948_V06,0,0.483,1.200,10243,57,237182.996,1914,0,138379.186
KNQA20150810-13,KNQA20150810_111948_V06,2,0.879,1.200,10239,80,215478.366,2320,1,55617.975
KNQA20150810-13,KNQA20150810_111948_V06,4,1.318,1.200,10251,153,167445.894,2709,1,13790.640
KNQA20150810-13,KNQA20150810_111948_V06,6,1.802,1.200,5134,89,112157.595,835,1,1270.176
KNQA20150810-13,KNQA20150810_111948_V06,7,2.417,1.200,5130,72,107861.037,1077,2,2785.547
KNQA20150810-13,KNQA20150810_111948_V06,8,3.120,1.200,5134,54,150318.922,1685,1,3465.913
KNQA20150810-13,KNQA20150810_111948_V06,11,3.999,1.200,5143,31,229497.563,2646,0,1918.993
KNQA20150810-13,KNQA20150810_111948_V06,12,5.098,1.200,5145,30,331380.806,2778,0,555.250
KNQA20150810-13,KNQA20150810_111948_V06,13,6.416,1.200,5162,45,470583.560,2630,0,6628.025
KNQA20150810-9,KNQA20150810_104316_V06,0,0.483,1.200,570,0,44284.227,31,0,42249.298
KNQA20150810-9,KNQA20150810_104316_V06,2,0.879,1.200,571,0,34241.832,39,0,33232.303
KNQA20150810-9,KNQA20150810_104316_V06,4,1.318,1.200,567,0,22230.192,39,0,20718.078
KNQA20150810-9,KNQA20150810_104316_V06,6,1.802,1.200,283,0,3681.580,70,0,3097.662
KNQA20150810-9,KNQA20150810_104316_V06,7,2.417,1.200,285,0,1505.913,69,0,1311.810
KNQA20150810-9,KNQA20150810_104316_V06,8,3.120,1.200,285,0,154.774,58,0,110.207
KNQA20150810-9,KNQA20150810_104316_V06,11,3.999,1.200,286,0,10.751,15,0,7.355
KNQA20150810-9,KNQA20150810_104316_V06,12,5.098,1.200,285,0,2.533,2,0,2.231
KNQA20150810-9,KNQA20150810_104316_V06,13,6.416,1.200,285,0,8.475,20,0,4.263
KNQA20150810-9,KNQA20150810_104316_V06,14,7.998,1.200,289,0,98.926,92,0,5.421
KNQA20150810-9,KNQA20150810_104836_V06,0,0.483,1.200,3083,0,20621.396,329,0,18659.650
KNQA20150810-9,KNQA20150810_104836_V06,2,0.879,1.200,3085,0,32957.866,344,0,29213.466
KNQA20150810-9,KNQA20150810_104836_V06,4,1.318,1.200,3082,0,42433.394,352,0,37838.393
KNQA20150810-9,KNQA20150810_104836_V06,6,1.802,1.200,1543,0,33904.704,281,0,28072.261
KNQA20150810-9,KNQA20150810_104836_V06,7,2.417,1.200,1547,0,22389.291,285,0,19632.968
KNQA20150810-9,KNQA20150810_104836_V06,8,3.120,1.200,1548,0,2508.002,204,0,2187.178
KNQA20150810-9,KNQA20150810_104836_V06,11,3.999,1.200,1546,0,299.035,423,0,106.774
KNQA20150810-9,KNQA20150810_104836_V06,12,5.098,1.200,1548,0,414.992,735,0,28.164
KNQA20150810-9,KNQA20150810_104836_V06,13,6.416,1.200,1559,0,960.154,1037,0,36.454
KNQA20150810-9,KNQA20150810_104836_V06,14,7.998,1.200,1558,0,677.537,857,0,17.129
KNQA20150810-9,KNQA20150810_105344_V06,0,0.483,1.200,7774,1,74819.403,984,1,73138.422
KNQA20150810-9,KNQA20150810_105344_V06,2,0.879,1.200,7772,0,52250.142,844,0,50313.536
KNQA20150810-9,KNQA20150810_105344_V06,4,1.318,1.200,7767,0,36021.353,806,0,34292.514
KNQA20150810-9,KNQA20150810_105344_V06,6,1.802,1.200,3888,0,34543.751,684,0,28982.846
KNQA20150810-9,KNQA20150810_105344_V06,7,2.417,1.200,3883,0,26003.288,718,0,21631.196
KNQA20150810-9,KNQA20150810_105344_V06,8,3.120,1.200,3892,0,4555.858,911,0,3469.590
KNQA20150810-9,KNQA20150810_105344_V06,11,3.999,1.200,3900,0,852.224,1666,0,113.280
KNQA20150810-9,KNQA20150810_105344_V06,12,5.098,1.200,3904,0,1681.865,2491,0,118.752
KNQA20150810-9,KNQA20150810_105344_V06,13,6.416,1.200,3910,0,2271.293,2947,0,62.149
KNQA20150810-9,KNQA20150810_105344_V06,14,7.998,1.200,3935,0,1496.611,2403,0,24.290
KNQA20150810-9,KNQA20150810_105851_V06,0,0.483,1.200,14844,3,104027.311,2179,3,98698.025
KNQA20150810-9,KNQA20150810_105851_V06,2,0.879,1.200,14839,0,98245.966,2060,0,94435.267
KNQA20150810-9,KNQA20150810_105851_V06,4,1.318,1.200,14842,0,81223.445,2317,0,77064.384
KNQA20150810-9,KNQA20150810_105851_V06,6,1.802,1.200,7417,0,32071.308,1521,0,28657.827
KNQA20150810-9,KNQA20150810_105851_V06,7,2.417,1.200,7422,0,28518.843,1521,0,18723.768
KNQA20150810-9,KNQA20150810_105851_V06,8,3.120,1.200,7438,0,8029.896,2101,0,4835.650
KNQA20150810-9,KNQA20150810_105851_V06,11,3.999,1.200,7436,0,1717.000,3220,0,221.360
KNQA20150810-9,KNQA20150810_105851_V06,12,5.098,1.200,7446,0,3542.083,4545,0,187.669
KNQA20150810-9,KNQA20150810_105851_V06,13,6.416,1.200,7464,0,3827.214,4874,0,173.707
KNQA20150810-9,KNQA20150810_105851_V06,14,7.998,1.200,7491,0,11550.109,4399,0,34.114
KNQA20150810-9,KNQA20150810_110405_V06,0,0.483,1.200,25225,1,149239.717,5458,0,111507.909
KNQA20150810-9,KNQA20150810_110405_V06,2,0.879,1.200,25226,6,135855.116,5832,0,93131.583
KNQA20150810-9,KNQA20150810_110405_V06,4,1.318,1.200,25231,4,96081.388,6867,0,56311.576
KNQA20150810-9,KNQA20150810_110405_V06,6,1.802,1.200,12615,2,59056.455,3002,0,30806.540
KNQA20150810-9,KNQA20150810_110405_V06,7,2.417,1.200,12608,1,57949.466,2957,0,20458.298
KNQA20150810-9,KNQA20150810_110405_V06,8,3.120,1.200,12625,1,44894.939,3905,0,7933.265
KNQA20150810-9,KNQA20150810_110405_V06,11,3.999,1.200,12648,22,74373.182,5482,0,1312.893
KNQA20150810-9,KNQA20150810_110405_V06,12,5.098,1.200,12668,37,128960.240,7098,0,344.383
KNQA20150810-9,KNQA20150810_110405_V06,13,6.416,1.200,12700,50,150862.553,7090,0,250.813
KNQA20150810-9,KNQA20150810_110405_V06,14,7.998,1.200,12745,34,184869.806,6966,0,70.637
KNQA20150810-9,KNQA20150810_110913_V06,0,0.483,1.200,39901,776,472546.857,12902,190,209606.326
KNQA20150810-9,KNQA20150810_110913_V06,2,0.879,1.200,39897,819,407768.367,15205,94,104449.451
KNQA20150810-9,KNQA20150810_110913_V06,4,1.318,1.200,39908,808,410817.937,15375,7,44382.229
KNQA20150810-9,KNQA20150810_110913_V06,6,1.802,1.200,19965,367,381175.118,6250,11,12055.173
KNQA20150810-9,KNQA20150810_110913_V06,7,2.417,1.200,19960,318,341624.197,6062,7,4811.085
KNQA20150810-9,KNQA20150810_110913_V06,10,3.120,1.200,19988,268,341933.830,6675,8,6128.682
KNQA20150810-9,KNQA20150810_110913_V06,11,3.999,1.200,20000,233,350166.677,8375,4,4373.837
KNQA20150810-9,KNQA20150810_110913_V06,12,5.098,1.200,20039,208,381530.570,10076,8,1269.774
KNQA20150810-9,KNQA20150810_110913_V06,13,6.416,1.200,20075,193,475479.894,10184,2,1038.301
KNQA20150810-9,KNQA20150810_110913_V06,14,7.998,1.200,20161,137,454687.422,10611,4,708.526
KNQA20150810-9,KNQA20150810_111440_V06,0,0.483,1.200,57320,1759,1449382.872,25233,225,229765.910
KNQA20150810-9,KNQA20150810_111440_V06,2,0.879,1.200,57329,2446,1616107.139,25708,261,128063.823
KNQA20150810-9,KNQA20150810_111440_V06,4,1.318,1.200,57334,2738,1527025.039,28621,39,44384.241
KNQA20150810-9,KNQA20150810_111440_V06,6,1.802,1.200,28682,1245,1692552.836,12297,9,11878.319
KNQA20150810-9,KNQA20150810_111440_V06,7,2.417,1.200,28700,1250,1688658.223,12936,21,33710.794
KNQA20150810-9,KNQA20150810_111440_V06,8,3.120,1.200,28708,1260,2105879.371,14762,13,21346.994
KNQA20150810-9,KNQA20150810_111440_V06,11,3.999,1.200,28752,1297,2153087.402,17256,11,29823.987
KNQA20150810-9,KNQA20150810_111440_V06,12,5.098,1.200,28806,1283,2286607.112,18053,10,18769.380
KNQA20150810-9,KNQA20150810_111440_V06,13,6.416,1.200,28869,1108,3154269.107,17866,9,80978.966
KNQA20150810-9,KNQA20150810_111440_V06,14,7.998,1.200,28996,898,3363547.447,18416,23,30809.934
KNQA20150810-9,KNQA20150810_111948_V06,0,0.483,1.200,74614,6982,5073278.204,37798,915,357244.754
KNQA20150810-9,KNQA20150810_111948_V06,2,0.879,1.200,74616,8565,4946273.432,39513,1017,261073.846
KNQA20150810-9,KNQA20150810_111948_V06,4,1.318,1.200,74638,8477,5012632.927,43595,196,71740.183
KNQA20150810-9,KNQA20150810_111948_V06,6,1.802,1.200,37322,4016,5577224.185,19695,55,122841.752
KNQA20150810-9,KNQA20150810_111948_V06,7,2.417,1.200,37348,3861,5698035.274,20513,79,124796.642
KNQA20150810-9,KNQA20150810_111948_V06,8,3.120,1.200,37369,3730,5648264.213,22390,47,98258.121
KNQA20150810-9,KNQA20150810_111948_V06,11,3.999,1.200,37410,3744,6667266.459,24387,32,94387.042
KNQA20150810-9,KNQA20150810_111948_V06,12,5.098,1.200,37483,3452,7201978.420,24565,26,78560.845
KNQA20150810-9,KNQA20150810_111948_V06,13,6.416,1.200,37593,3202,6895068.025,24562,55,113410.258
KNQA20150810-9,KNQA20150810_111948_V06,14,7.998,1.200,37747,2907,5954807.682,24872,33,106010.655
KNQA20150810-9,KNQA20150810_112455_V06,0,0.483,1.200,86762,18123,7423058.564,52338,2131,379067.140
KNQA20150810-9,KNQA20150810_112455_V06,2,0.879,1.200,86776,20607,8112815.154,54283,1947,314528.231
KNQA20150810-9,KNQA20150810_112455_V06,4,1.318,1.200,86787,20665,8926449.908,59419,236,109574.869
KNQA20150810-9,KNQA20150810_112455_V06,6,1.802,1.200,43414,9359,10074551.246,28252,110,134977.794
KNQA20150810-9,KNQA20150810_112455_V06,7,2.417,1.200,43423,9030,10426788.617,29364,83,144216.485
KNQA20150810-9,KNQA20150810_112455_V06,8,3.120,1.200,43450,8715,10396892.661,30834,50,97417.674
KNQA20150810-9,KNQA20150810_112455_V06,11,3.999,1.200,43503,8665,11195148.387,32347,49,114052.452
KNQA20150810-9,KNQA20150810_112455_V06,12,5.098,1.200,43583,8116,12448593.999,32905,44,89266.690
KNQA20150810-9,KNQA20150810_112455_V06,13,6.416,1.200,43697,7757,13095791.110,32901,47,93446.572
KNQA20150810-9,KNQA20150810_112455_V06,14,7.998,1.200,43857,7327,10988010.227,33517,59,83716.640
KNQA20150810-9,KNQA20150810_112455_V06,15,10.020,1.200,44137,6529,8048610.255,32073,54,94767.533
KNQA20150810-9,KNQA20150810_112455_V06,16,12.480,1.200,44551,5855,5867981.132,31554,71,83953.636
KNQA20150810-8,KNQA20150810_102658_V06,0,0.483,1.200,217,0,8827.590,17,0,7778.583
KNQA20150810-8,KNQA20150810_102658_V06,2,0.879,1.200,220,0,2429.221,18,0,2334.411
KNQA20150810-8,KNQA20150810_102658_V06,4,1.318,1.200,217,0,285.260,21,0,245.735
KNQA20150810-8,KNQA20150810_102658_V06,6,1.802,1.200,113,0,24.431,31,0,16.723
KNQA20150810-8,KNQA20150810_102658_V06,7,2.417,1.200,112,0,22.630,33,0,12.812
KNQA20150810-8,KNQA20150810_102658_V06,10,3.120,1.200,111,0,4.392,4,0,3.955
KNQA20150810-8,KNQA20150810_102658_V06,11,3.999,1.200,111,0,1.548,3,0,1.198
KNQA20150810-8,KNQA20150810_102658_V06,12,5.098,1.200,108,0,3.002,0,0,3.002
KNQA20150810-8,KNQA20150810_102658_V06,13,6.416,1.200,110,0,0.041,0,0,0.041
KNQA20150810-8,KNQA20150810_102658_V06,14,7.998,1.200,111,0,0.041,0,0,0.041
KNQA20150810-18,KNQA20150810_111440_V06,0,0.483,1.200,5048,0,109070.769,531,0,106652.618
KNQA20150810-18,KNQA20150810_111440_V06,2,0.879,1.200,5048,0,47724.291,591,0,46230.393
KNQA20150810-18,KNQA20150810_111440_V06,4,1.318,1.200,5048,0,11063.955,930,0,10378.855
KNQA20150810-18,KNQA20150810_111440_V06,6,1.802,1.200,2526,0,3237.587,123,0,2788.221
KNQA20150810-18,KNQA20150810_111440_V06,7,2.417,1.200,2525,0,1161.039,299,0,278.499
KNQA20150810-18,KNQA20150810_111440_V06,8,3.120,1.200,2529,0,5347.469,751,0,174.312
KNQA20150810-18,KNQA20150810_111440_V06,11,3.999,1.200,2529,0,2631.903,1377,0,147.570
KNQA20150810-18,KNQA20150810_111440_V06,12,5.098,1.200,2533,0,3212.579,1656,0,167.637
KNQA20150810-18,KNQA20150810_111440_V06,13,6.416,1.200,2542,0,17031.099,1382,0,77.330
KNQA20150811-2,KNQA20150811_104721_V06,0,0.483,1.200,699,0,103958.854,25,0,95264.956
KNQA20150811-2,KNQA20150811_104721_V06,2,1.450,1.200,693,0,3240.300,44,0,2960.617
KNQA20150811-2,KNQA20150811_104721_V06,4,2.417,1.200,350,0,43.223,28,0,28.273
KNQA20150811-2,KNQA20150811_104721_V06,5,3.384,1.200,349,0,14.694,36,0,6.795
KNQA20150811-2,KNQA20150811_104721_V06,6,4.307,1.200,351,0,8.387,30,0,3.872
KNQA20150811-2,KNQA20150811_104721_V06,7,6.021,1.200,348,0,0.150,0,0,0.150
KNQA20150811-2,KNQA20150811_105215_V06,0,0.483,1.200,2834,0,163474.266,107,0,157864.320
KNQA20150811-2,KNQA20150811_105215_V06,2,1.450,1.200,2834,0,27289.320,188,0,25464.906
KNQA20150811-2,KNQA20150811_105215_V06,4,2.417,1.200,1419,0,1209.822,167,0,811.930
KNQA20150811-2,KNQA20150811_105215_V06,5,3.384,1.200,1417,0,88.552,198,0,42.417
KNQA20150811-2,KNQA20150811_105215_V06,6,4.307,1.200,1420,0,77.938,202,0,37.363
KNQA20150811-2,KNQA20150811_105215_V06,7,6.021,1.200,1422,0,7.571,13,0,6.661
KNQA20150811-2,KNQA20150811_105710_V06,0,0.483,1.200,3530,0,186030.581,76,0,179518.779
KNQA20150811-2,KNQA20150811_105710_V06,2,1.450,1.200,3536,0,63712.001,233,0,57461.045
KNQA20150811-2,KNQA20150811_105710_V06,4,2.417,1.200,1773,0,4574.803,164,0,3398.653
KNQA20150811-2,KNQA20150811_105710_V06,5,3.384,1.200,1771,0,280.554,233,0,149.068
KNQA20150811-2,KNQA20150811_105710_V06,6,4.307,1.200,1768,0,102.938,222,0,46.950
KNQA20150811-2,KNQA20150811_105710_V06,7,6.021,1.200,1782,0,6.756,8,0,6.225
KNQA20150811-2,KNQA20150811_110205_V06,0,0.483,1.200,5251,0,184674.326,116,0,182912.204
KNQA20150811-2,KNQA20150811_110205_V06,2,1.450,1.200,5251,0,90518.684,262,0,84089.282
KNQA20150811-2,KNQA20150811_110205_V06,4,2.417,1.200,2634,0,13204.962,168,0,11085.940
KNQA20150811-2,KNQA20150811_110205_V06,5,3.384,1.200,2632,0,1125.796,329,0,809.955
KNQA20150811-2,KNQA20150811_110205_V06,6,4.307,1.200,2638,0,226.893,257,0,119.742
KNQA20150811-2,KNQA20150811_110205_V06,7,6.021,1.200,2645,0,14.454,29,0,12.259
KNQA20150811-2,KNQA20150811_110659_V06,0,0.483,1.200,9426,0,152488.561,237,0,151099.045
KNQA20150811-2,KNQA20150811_110659_V06,2,1.450,1.200,9435,0,105738.453,525,0,100944.567
KNQA20150811-2,KNQA20150811_110659_V06,4,2.417,1.200,4725,0,38609.898,318,0,30845.984
KNQA20150811-2,KNQA20150811_110659_V06,5,3.384,1.200,4727,0,12735.323,549,0,9517.760
KNQA20150811-2,KNQA20150811_110659_V06,6,4.307,1.200,4733,0,2547.661,507,0,1902.462
KNQA20150811-2,KNQA20150811_110659_V06,7,6.021,1.200,4739,0,187.400,158,0,153.000
KNQA20150811-2,KNQA20150811_111154_V06,0,0.483,1.200,11575,0,163812.056,339,0,162341.893
KNQA20150811-2,KNQA20150811_111154_V06,2,1.450,1.200,11588,0,85893.316,766,0,82288.407
KNQA20150811-2,KNQA20150811_111154_V06,4,2.417,1.200,5792,0,40022.684,480,0,34471.467
KNQA20150811-2,KNQA20150811_111154_V06,5,3.384,1.200,5799,0,20974.754,543,0,15636.364
KNQA20150811-2,KNQA20150811_111154_V06,6,4.307,1.200,5813,0,8596.718,534,0,5966.025
KNQA20150811-2,KNQA20150811_111154_V06,7,6.021,1.200,5830,0,1109.933,205,0,951.028
KNQA20150811-2,KNQA20150811_111649_V06,0,0.483,1.200,11606,0,126819.784,151,0,125825.259
KNQA20150811-2,KNQA20150811_111649_V06,2,1.494,1.200,11609,0,55915.867,510,0,54436.895
KNQA20150811-2,KNQA20150811_111649_V06,4,2.505,1.200,5805,0,18793.886,391,0,17873.826
KNQA20150811-2,KNQA20150811_111649_V06,5,3.516,1.200,5816,0,13454.553,357,0,12715.921
KNQA20150811-2,KNQA20150811_111649_V06,6,4.482,1.200,5824,0,9690.832,326,0,8959.105
KNQA20150811-2,KNQA20150811_112631_V06,0,0.483,1.200,19675,0,198002.854,205,0,195770.580
KNQA20150811-2,KNQA20150811_112631_V06,2,1.494,1.200,19684,0,77906.785,1209,0,74653.356
KNQA20150811-2,KNQA20150811_112631_V06,4,2.505,1.200,9855,0,35787.722,840,0,33760.926
KNQA20150811-2,KNQA20150811_112631_V06,5,3.516,1.200,9855,0,28259.192,803,0,26713.535
KNQA20150811-2,KNQA20150811_112631_V06,6,4.482,1.200,9868,0,14180.780,615,0,13112.147
KNQA20150811-9,KNQA20150811_110659_V06,0,0.483,1.200,5303,0,69822.829,105,0,61704.229
KNQA20150811-9,KNQA20150811_110659_V06,2,1.450,1.200,5310,0,23.260,0,0,23.260
KNQA20150811-9,KNQA20150811_111154_V06,0,0.483,1.200,7498,0,271492.773,262,0,235827.519
KNQA20150811-9,KNQA20150811_111154_V06,2,1.450,1.200,7498,0,720.283,1,0,703.074
KNQA20150811-9,KNQA20150811_111649_V06,0,0.483,1.200,10155,0,409712.303,295,0,383990.325
KNQA20150811-9,KNQA20150811_111649_V06,2,1.494,1.200,10164,0,3615.410,20,0,3355.156
KNQA20150811-9,KNQA20150811_112631_V06,0,0.483,1.200,14748,0,659455.814,454,0,609197.244
KNQA20150811-9,KNQA20150811_112631_V06,2,1.494,1.200,14763,0,57857.026,64,0,56497.610
KNQA20150811-9,KNQA20150811_113612_V06,0,0.483,1.200,21140,0,580220.557,661,0,531767.256
KNQA20150811-9,KNQA20150811_113612_V06,2,1.494,1.200,21152,0,146999.220,174,0,143087.141
KNQA20150811-9,KNQA20150811_114554_V06,0,0.483,1.200,25675,0,522160.351,684,0,478922.947
KNQA20150811-9,KNQA20150811_114554_V06,2,1.494,1.200,25699,0,163642.640,332,0,154796.379
KNQA20150811-9,KNQA20150811_115536_V06,0,0.483,1.200,32035,0,340837.437,1014,0,299345.521
KNQA20150811-9,KNQA20150811_115536_V06,2,1.494,1.200,32064,0,156037.822,523,0,142616.346
KNQA20150811-9,KNQA20150811_120518_V06,0,0.483,1.200,27591,0,191202.511,1033,0,159910.407
KNQA20150811-9,KNQA20150811_120518_V06,2,1.494,1.200,27612,0,115114.678,662,0,98562.635
KNQA20150811-18,KNQA20150811_113612_V06,0,0.483,1.200,1614,0,114740.171,12,0,114545.864
KNQA20150811-18,KNQA20150811_113612_V06,2,1.494,1.200,1614,0,16495.302,240,0,14467.858
KNQA20150811-18,KNQA20150811_113612_V06,4,2.505,1.200,809,0,8278.130,1,0,8275.718
KNQA20150811-18,KNQA20150811_113612_V06,5,3.516,1.200,813,0,1.904,0,0,1.904
KNQA20150811-18,KNQA20150811_114554_V06,0,0.483,1.200,4886,0,206936.642,147,0,204339.891
KNQA20150811-18,KNQA20150811_114554_V06,2,1.494,1.200,4889,0,47271.225,779,0,41126.354
KNQA20150811-18,KNQA20150811_114554_V06,4,2.505,1.200,2447,0,25595.053,51,0,25168.938
KNQA20150811-18,KNQA20150811_115536_V06,0,0.483,1.200,5244,0,144715.619,179,0,141947.103
KNQA20150811-18,KNQA20150811_115536_V06,2,1.494,1.200,5241,0,53775.728,953,0,46190.376
KNQA20150811-18,KNQA20150811_115536_V06,4,2.505,1.200,2623,0,17296.412,136,0,16503.168
KNQA20150811-12,KNQA20150811_111154_V06,0,0.483,1.200,2036,0,21697.144,328,0,20148.050
KNQA20150811-12,KNQA20150811_111154_V06,2,1.450,1.200,2036,0,265.974,116,0,135.619
KNQA20150811-12,KNQA20150811_111154_V06,4,2.417,1.200,1021,0,10.161,0,0,10.161
KNQA20150811-12,KNQA20150811_111154_V06,5,3.384,1.200,1021,0,1.295,0,0,1.295
KNQA20150811-12,KNQA20150811_111154_V06,6,4.307,1.200,1019,0,1.295,0,0,1.295
KNQA20150811-12,KNQA20150811_111649_V06,0,0.483,1.200,4467,0,52650.708,203,0,50588.062
KNQA20150811-12,KNQA20150811_111649_V06,2,1.494,1.200,4467,0,2178.508,450,0,1633.412
KNQA20150811-12,KNQA20150811_111649_V06,4,2.505,1.200,2240,0,108.869,8,0,95.364
KNQA20150811-12,KNQA20150811_111649_V06,5,3.516,1.200,2241,0,24.581,0,0,24.581
KNQA20150811-12,KNQA20150811_111649_V06,6,4.482,1.200,2247,0,4.813,0,0,4.813
KNQA20150811-13,KNQA20150811_111154_V06,0,0.483,1.200,4585,0,51989.126,55,0,51384.461
KNQA20150811-13,KNQA20150811_111154_V06,2,1.450,1.200,4587,0,6717.599,162,0,6362.195
KNQA20150811-13,KNQA20150811_111154_V06,4,2.417,1.200,2303,0,513.882,205,0,383.853
KNQA20150811-13,KNQA20150811_111154_V06,5,3.384,1.200,2300,0,99.940,144,0,52.965
KNQA20150811-13,KNQA20150811_111154_V06,6,4.307,1.200,2302,0,15.846,17,0,14.815
KNQA20150811-13,KNQA20150811_111154_V06,7,6.021,1.200,2304,0,26.340,88,0,15.240
KNQA20150811-13,KNQA20150811_111154_V06,8,9.888,1.200,2332,0,5.524,89,0,3.161
KNQA20150811-15,KNQA20150811_111649_V06,0,0.483,1.200,759,0,27048.172,36,0,26457.308
KNQA20150811-15,KNQA20150811_111649_V06,2,1.494,1.200,763,0,545.168,57,0,421.797
KNQA20150811-15,KNQA20150811_111649_V06,4,2.505,1.200,385,0,6.291,0,0,6.291
KNQA20150811-15,KNQA20150811_111649_V06,5,3.516,1.200,387,0,0.816,0,0,0.816
KNQA20150811-17,KNQA20150811_113612_V06,0,0.483,1.200,354,0,38823.417,3,0,38708.529
KNQA20150811-17,KNQA20150811_113612_V06,2,1.494,1.200,355,0,11.495,1,0,6.753
KNQA20150812-3,KNQA20150812_110332_V06,0,0.483,1.200,5039,0,116303.614,99,0,110297.711
KNQA20150812-3,KNQA20150812_110332_V06,2,1.494,1.200,5038,0,161.783,6,0,20.951
KNQA20150812-3,KNQA20150812_111315_V06,0,0.483,1.200,9799,0,526876.393,240,0,507039.608
KNQA20150812-3,KNQA20150812_111315_V06,2,1.494,1.200,9807,0,3010.933,31,0,2501.467
KNQA20150812-3,KNQA20150812_112258_V06,0,0.483,1.200,15139,0,862474.198,444,0,827600.582
KNQA20150812-3,KNQA20150812_112258_V06,2,1.494,1.200,15144,0,47225.089,180,0,43829.914
KNQA20150812-3,KNQA20150812_113241_V06,0,0.483,1.200,17983,0,791872.437,559,0,760390.036
KNQA20150812-3,KNQA20150812_113241_V06,2,1.494,1.200,17997,0,130825.822,411,0,116799.821
KNQA20150812-3,KNQA20150812_114225_V06,0,0.483,1.200,24824,0,826768.717,695,0,789238.322
KNQA20150812-3,KNQA20150812_114225_V06,2,1.494,1.200,24856,0,170015.659,580,0,149788.457
KNQA20150812-3,KNQA20150812_115207_V06,0,0.483,1.200,32819,0,653249.340,921,0,609224.705
KNQA20150812-3,KNQA20150812_115207_V06,2,1.494,1.200,32840,0,159823.938,810,0,138290.759
KNQA20150812-1,KNQA20150812_103421_V06,0,0.483,1.200,548,0,10757.283,7,0,10445.399
KNQA20150812-1,KNQA20150812_103421_V06,2,1.494,1.200,549,0,482.250,29,0,441.423
KNQA20150812-1,KNQA20150812_103421_V06,4,2.505,1.200,271,0,7.987,4,0,7.062
KNQA20150812-1,KNQA20150812_103421_V06,5,3.516,1.200,271,0,0.547,2,0,0.377
KNQA20150812-1,KNQA20150812_103421_V06,6,4.482,1.200,273,0,0.131,0,0,0.131
KNQA20150812-1,KNQA20150812_104406_V06,0,0.483,1.200,3698,0,74243.628,142,0,72973.482
KNQA20150812-1,KNQA20150812_104406_V06,2,1.494,1.200,3699,0,9139.852,226,0,8584.789
KNQA20150812-1,KNQA20150812_104406_V06,4,2.505,1.200,1849,0,210.150,149,0,180.326
KNQA20150812-1,KNQA20150812_104406_V06,5,3.516,1.200,1853,0,19.154,41,0,15.581
KNQA20150812-1,KNQA20150812_104406_V06,6,4.482,1.200,1856,0,5.495,7,0,5.291
KNQA20150812-1,KNQA20150812_105348_V06,0,0.483,1.200,6348,0,223473.895,326,0,220970.448
KNQA20150812-1,KNQA20150812_105348_V06,2,1.494,1.200,6356,0,60186.094,474,0,58586.526
KNQA20150812-1,KNQA20150812_105348_V06,4,2.505,1.200,3182,0,8244.158,129,0,8066.675
KNQA20150812-1,KNQA20150812_105348_V06,5,3.516,1.200,3186,0,971.273,90,0,953.446
KNQA20150812-1,KNQA20150812_105348_V06,6,4.482,1.200,3189,0,104.957,110,0,99.699
KNQA20150812-1,KNQA20150812_110332_V06,0,0.483,1.200,8295,0,123050.360,154,0,122565.515
KNQA20150812-1,KNQA20150812_110332_V06,2,1.494,1.200,8298,0,113835.296,197,0,112472.917
KNQA20150812-1,KNQA20150812_110332_V06,4,2.505,1.200,4159,0,24570.841,71,0,23947.021
KNQA20150812-1,KNQA20150812_110332_V06,5,3.516,1.200,4165,0,3189.010,89,0,3092.870
KNQA20150812-1,KNQA20150812_110332_V06,6,4.482,1.200,4168,0,1173.969,58,0,1162.163
KNQA20150812-1,KNQA20150812_111315_V06,0,0.483,1.200,12789,0,111202.585,45,0,110910.328
KNQA20150812-1,KNQA20150812_111315_V06,2,1.494,1.200,12799,0,64144.918,117,0,63613.381
KNQA20150812-1,KNQA20150812_111315_V06,4,2.505,1.200,6400,0,31855.847,157,0,30858.873
KNQA20150812-1,KNQA20150812_111315_V06,5,3.516,1.200,6405,0,10506.709,166,0,9863.794
KNQA20150812-1,KNQA20150812_111315_V06,6,4.482,1.200,6420,0,3359.041,201,0,3049.165
KNQA20150812-5,KNQA20150812_111315_V06,0,0.483,1.200,2804,0,24431.699,56,0,21993.754
KNQA20150812-5,KNQA20150812_111315_V06,2,1.494,1.200,2811,0,10.011,0,0,10.011
KNQA20150812-5,KNQA20150812_112258_V06,0,0.483,1.200,5204,0,70852.834,155,0,65585.910
KNQA20150812-5,KNQA20150812_112258_V06,2,1.494,1.200,5215,0,18.298,0,0,18.298
KNQA20150812-5,KNQA20150812_113241_V06,0,0.483,1.200,10884,0,77832.549,294,0,71380.412
KNQA20150812-5,KNQA20150812_113241_V06,2,1.494,1.200,10900,0,525.087,10,0,337.713
KNQA20150812-5,KNQA20150812_114225_V06,0,0.483,1.200,8113,0,39599.473,145,0,35623.897
KNQA20150812-5,KNQA20150812_114225_V06,2,1.494,1.200,8113,0,1645.869,11,0,880.204
KNQA20150812-4,KNQA20150812_110332_V06,0,0.483,1.200,641,0,34913.439,23,0,34305.384
KNQA20150812-4,KNQA20150812_110332_V06,2,1.494,1.200,645,0,3.611,2,0,0.820
KNQA20150812-4,KNQA20150812_110332_V06,4,2.505,1.200,317,0,0.809,0,0,0.809
KNQA20150812-4,KNQA20150812_111315_V06,0,0.483,1.200,1902,0,74854.710,9,0,74637.194
KNQA20150812-4,KNQA20150812_111315_V06,2,1.494,1.200,1899,0,235.746,36,0,187.316
KNQA20150812-4,KNQA20150812_111315_V06,4,2.505,1.200,952,0,2.437,0,0,2.437
KNQA20150812-7,KNQA20150812_111315_V06,0,0.483,1.200,754,0,17171.157,2,0,17148.763
KNQA20150812-7,KNQA20150812_111315_V06,2,1.494,1.200,754,0,317.067,64,0,234.633
KNQA20150812-7,KNQA20150812_111315_V06,4,2.505,1.200,383,0,99.333,6,0,89.358
KNQA20150812-7,KNQA20150812_111315_V06,5,3.516,1.200,382,0,7.905,0,0,7.905
KNQA20150812-7,KNQA20150812_112258_V06,0,0.483,1.200,4887,0,185940.851,18,0,184978.561
KNQA20150812-7,KNQA20150812_112258_V06,2,1.494,1.200,4890,0,9258.648,532,0,8669.376
KNQA20150812-7,KNQA20150812_112258_V06,4,2.505,1.200,2448,0,590.435,67,0,480.805
KNQA20150812-7,KNQA20150812_112258_V06,5,3.516,1.200,2449,0,578.113,118,0,458.552
KNQA20150812-7,KNQA20150812_112258_V06,6,4.482,1.200,2451,0,614.285,339,0,405.424
KNQA20150812-10,KNQA20150812_112258_V06,0,0.483,1.200,2398,0,149292.045,3,0,149154.609
KNQA20150812-10,KNQA20150812_112258_V06,2,1.494,1.200,2401,0,12912.529,199,0,12378.727
KNQA20150812-10,KNQA20150812_112258_V06,4,2.505,1.200,1203,0,1059.667,1,0,1058.518
KNQA20150812-10,KNQA20150812_113241_V06,0,0.483,1.200,5309,0,307202.354,40,0,306059.048
KNQA20150812-10,KNQA20150812_113241_V06,2,1.494,1.200,5310,0,48154.130,399,0,45955.135
KNQA20150812-10,KNQA20150812_113241_V06,4,2.505,1.200,2666,0,7524.142,32,0,7350.607
KNQA20150812-6,KNQA20150812_111315_V06,0,0.483,1.200,2146,0,11909.348,266,0,11088.956
KNQA20150812-6,KNQA20150812_111315_V06,2,1.494,1.200,2155,0,360.993,87,0,200.068
KNQA20150812-6,KNQA20150812_111315_V06,4,2.505,1.200,1080,0,10.461,0,0,10.461
KNQA20150812-6,KNQA20150812_111315_V06,5,3.516,1.200,1084,0,3.136,0,0,3.136
KNQA20150812-11,KNQA20150812_112258_V06,0,0.483,1.200,19896,4,136954.859,759,4,134246.081
KNQA20150812-11,KNQA20150812_112258_V06,2,1.494,1.200,19908,0,61307.628,1489,0,59241.874
KNQA20150812-11,KNQA20150812_112258_V06,4,2.505,1.200,9953,0,17670.166,1018,0,15950.649
KNQA20150812-11,KNQA20150812_112258_V06,5,3.516,1.200,9968,0,5719.908,1437,0,4694.500
KNQA20150812-11,KNQA20150812_112258_V06,6,4.482,1.200,9993,0,2220.994,1737,0,1666.602
KNQA20150813-2,KNQA20150813_105804_V06,0,0.483,1.200,1348,0,7251.080,6,0,7136.754
KNQA20150813-2,KNQA20150813_105804_V06,2,1.494,1.200,1352,0,5.262,0,0,5.262
KNQA20150813-2,KNQA20150813_110748_V06,0,0.483,1.200,6673,0,98100.763,63,0,96506.094
KNQA20150813-2,KNQA20150813_110748_V06,2,1.494,1.200,6672,0,26.468,0,0,26.468
KNQA20150813-2,KNQA20150813_111731_V06,0,0.483,1.200,11150,0,307553.880,131,0,301811.092
KNQA20150813-2,KNQA20150813_111731_V06,2,1.494,1.200,11158,0,3478.309,15,0,3363.253
KNQA20150813-2,KNQA20150813_112715_V06,0,0.483,1.200,12706,0,355328.740,278,0,346029.019
KNQA20150813-2,KNQA20150813_112715_V06,2,1.494,1.200,12730,0,26250.963,92,0,24593.749
KNQA20150813-2,KNQA20150813_113659_V06,0,0.483,1.200,18478,0,279469.787,409,0,267300.324
KNQA20150813-2,KNQA20150813_113659_V06,2,1.494,1.200,18493,0,64964.455,244,0,60712.101
KNQA20150813-2,KNQA20150813_114642_V06,0,0.483,1.200,21570,0,207830.174,609,0,192885.488
KNQA20150813-2,KNQA20150813_114642_V06,2,1.494,1.200,21590,0,70615.572,300,0,66364.844
KNQA20150813-10,KNQA20150813_112715_V06,0,0.483,1.200,1551,0,241408.391,67,0,228942.943
KNQA20150813-10,KNQA20150813_112715_V06,2,1.494,1.200,1551,0,1105.494,34,0,723.370
KNQA20150813-10,KNQA20150813_113659_V06,0,0.483,1.200,3491,0,328591.456,109,0,323169.097
KNQA20150813-10,KNQA20150813_113659_V06,2,1.494,1.200,3493,0,12805.381,275,0,10947.073
KNQA20150813-10,KNQA20150813_113659_V06,4,2.505,1.200,1747,0,768.957,7,0,436.996
KNQA20150813-10,KNQA20150813_114642_V06,0,0.483,1.200,6095,0,247528.246,543,0,242071.204
KNQA20150813-10,KNQA20150813_114642_V06,2,1.494,1.200,6101,0,37643.129,852,0,31201.090
KNQA20150813-10,KNQA20150813_114642_V06,4,2.505,1.200,3049,0,1865.407,6,0,1833.020
KNQA20150813-10,KNQA20150813_115626_V06,0,0.483,1.200,7813,0,344508.690,652,0,334672.308
KNQA20150813-10,KNQA20150813_115626_V06,2,1.494,1.200,7823,0,58993.631,1349,0,47475.995
KNQA20150813-10,KNQA20150813_115626_V06,4,2.505,1.200,3921,0,3589.566,49,0,3081.626
KNQA20150813-4,KNQA20150813_110748_V06,0,0.483,1.200,2303,0,53538.385,20,0,53062.161
KNQA20150813-4,KNQA20150813_110748_V06,2,1.494,1.200,2303,0,14249.717,112,0,13536.051
KNQA20150813-4,KNQA20150813_110748_V06,4,2.505,1.200,1148,0,1328.699,16,0,1316.087
KNQA20150813-4,KNQA20150813_110748_V06,5,3.516,1.200,1151,0,179.986,3,0,162.910
KNQA20150813-4,KNQA20150813_110748_V06,6,4.482,1.200,1155,0,82.472,147,0,50.889
KNQA20150813-4,KNQA20150813_111731_V06,0,0.483,1.200,15938,0,115713.035,116,0,114565.352
KNQA20150813-4,KNQA20150813_111731_V06,2,1.494,1.200,15943,0,53890.741,610,0,53116.210
KNQA20150813-4,KNQA20150813_111731_V06,4,2.505,1.200,7976,0,27789.530,377,0,26048.504
KNQA20150813-4,KNQA20150813_111731_V06,5,3.516,1.200,7989,0,16829.769,470,0,14916.534
KNQA20150813-4,KNQA20150813_111731_V06,6,4.482,1.200,7992,0,7642.414,667,0,6731.236
KNQA20150813-7,KNQA20150813_111731_V06,0,0.483,1.200,953,0,174333.201,9,0,174256.598
KNQA20150813-7,KNQA20150813_111731_V06,2,1.494,1.200,953,0,418.706,16,0,194.212
KNQA20150813-7,KNQA20150813_112715_V06,0,0.483,1.200,3199,0,295569.547,132,0,288013.445
KNQA20150813-7,KNQA20150813_112715_V06,2,1.494,1.200,3193,0,917.051,24,0,619.682
KNQA20150813-1,KNQA20150813_103837_V06,0,0.483,1.200,1073,0,18324.520,40,0,17616.777
KNQA20150813-1,KNQA20150813_103837_V06,2,1.494,1.200,1073,0,641.977,104,0,531.222
KNQA20150813-1,KNQA20150813_103837_V06,4,2.505,1.200,539,0,4.577,5,0,3.950
KNQA20150813-1,KNQA20150813_103837_V06,5,3.516,1.200,537,0,0.979,1,0,0.898
KNQA20150813-1,KNQA20150813_103837_V06,6,4.482,1.200,538,0,1.947,1,0,1.836
KNQA20150813-5,KNQA20150813_110748_V06,0,0.483,1.200,502,0,4171.697,96,0,3749.249
KNQA20150813-5,KNQA20150813_110748_V06,2,1.494,1.200,498,0,176.901,60,0,110.663
KNQA20150813-5,KNQA20150813_110748_V06,4,2.505,1.200,257,0,970.998,127,0,445.499
KNQA20150813-5,KNQA20150813_110748_V06,5,3.516,1.200,255,0,0.528,0,0,0.528
KNQA20150813-12,KNQA20150813_113659_V06,0,0.483,1.200,15610,0,24520.258,306,0,19128.427
KNQA20150813-12,KNQA20150813_113659_V06,2,1.494,1.200,15618,0,260.582,2,0,247.563
KNQA20150814-4,KNQA20150814_110252_V06,0,0.483,1.200,2595,0,43069.193,38,0,41010.114
KNQA20150814-4,KNQA20150814_110252_V06,2,1.494,1.200,2597,0,61.845,4,0,10.632
KNQA20150814-4,KNQA20150814_111235_V06,0,0.483,1.200,5470,0,202214.155,89,0,198682.912
KNQA20150814-4,KNQA20150814_111235_V06,2,1.494,1.200,5474,0,40.967,0,0,40.967
KNQA20150814-4,KNQA20150814_112219_V06,0,0.483,1.200,8478,0,375630.953,195,0,367933.467
KNQA20150814-4,KNQA20150814_112219_V06,2,1.494,1.200,8488,0,8809.135,27,0,8529.942
KNQA20150814-4,KNQA20150814_113203_V06,0,0.483,1.200,11789,0,381581.707,245,0,370793.127
KNQA20150814-4,KNQA20150814_113203_V06,2,1.494,1.200,11789,0,38974.961,63,0,38099.906
KNQA20150814-4,KNQA20150814_114147_V06,0,0.483,1.200,16377,0,267806.868,421,0,253812.179
KNQA20150814-4,KNQA20150814_114147_V06,2,1.494,1.200,16389,0,69951.701,142,0,67226.973
KNQA20150814-4,KNQA20150814_115130_V06,0,0.483,1.200,19603,0,207065.144,706,0,179647.907
KNQA20150814-4,KNQA20150814_115130_V06,2,1.494,1.200,19611,0,95283.277,197,0,91636.748
KNQA20150814-4,KNQA20150814_120114_V06,0,0.483,1.200,22135,0,154675.313,687,0,136679.311
KNQA20150814-4,KNQA20150814_120114_V06,2,1.494,1.200,22152,0,65847.244,322,0,61480.419
KNQA20150814-4,KNQA20150814_121057_V06,0,0.483,1.200,26083,0,92067.188,605,0,73836.773
KNQA20150814-4,KNQA20150814_121057_V06,2,1.450,1.200,26096,0,37123.735,313,0,32217.434
KNQA20150814-2,KNQA20150814_105308_V06,0,0.483,1.200,1038,0,62998.502,29,0,61709.916
KNQA20150814-2,KNQA20150814_105308_V06,2,1.494,1.200,1040,0,2801.133,45,0,2727.172
KNQA20150814-2,KNQA20150814_105308_V06,4,2.505,1.200,519,0,79.273,4,0,70.491
KNQA20150814-2,KNQA20150814_105308_V06,5,3.516,1.200,520,0,9.475,5,0,8.265
KNQA20150814-2,KNQA20150814_105308_V06,6,4.482,1.200,520,0,31.263,89,0,21.493
KNQA20150814-2,KNQA20150814_110252_V06,0,0.483,1.200,5943,0,116397.330,615,0,114558.523
KNQA20150814-2,KNQA20150814_110252_V06,2,1.494,1.200,5947,0,52012.311,335,0,50099.906
KNQA20150814-2,KNQA20150814_110252_V06,4,2.505,1.200,2982,0,12236.442,50,0,11743.910
KNQA20150814-2,KNQA20150814_110252_V06,5,3.516,1.200,2980,0,1595.708,95,0,1548.046
KNQA20150814-2,KNQA20150814_110252_V06,6,4.482,1.200,2984,0,684.619,629,0,552.717
KNQA20150814-2,KNQA20150814_111235_V06,0,0.483,1.200,10401,0,48753.264,466,0,47915.287
KNQA20150814-2,KNQA20150814_111235_V06,2,1.494,1.200,10404,0,44734.823,1008,0,42903.767
KNQA20150814-2,KNQA20150814_111235_V06,4,2.505,1.200,5203,0,22792.745,267,0,21253.446
KNQA20150814-2,KNQA20150814_111235_V06,5,3.516,1.200,5212,0,11521.143,203,0,10967.455
KNQA20150814-2,KNQA20150814_111235_V06,6,4.482,1.200,5219,0,3343.749,416,0,3018.001
KNQA20150814-5,KNQA20150814_111235_V06,0,0.483,1.200,2056,0,413680.381,59,0,409799.942
KNQA20150814-5,KNQA20150814_111235_V06,2,1.494,1.200,2065,0,2409.565,73,0,1316.905
KNQA20150814-5,KNQA20150814_112219_V06,0,0.483,1.200,3652,0,752436.163,61,0,750410.530
KNQA20150814-5,KNQA20150814_112219_V06,2,1.494,1.200,3651,0,2557.433,90,0,1524.098
KNQA20150814-6,KNQA20150814_111235_V06,0,0.483,1.200,952,0,124326.256,4,0,123353.499
KNQA20150814-6,KNQA20150814_111235_V06,2,1.494,1.200,960,0,364.233,31,0,256.890
KNQA20150814-6,KNQA20150814_111235_V06,4,2.505,1.200,478,0,288.659,1,0,191.565
KNQA20150814-6,KNQA20150814_112219_V06,0,0.483,1.200,2919,0,408981.224,69,0,406908.627
KNQA20150814-6,KNQA20150814_112219_V06,2,1.494,1.200,2917,0,2015.504,88,0,1108.032
KNQA20150814-6,KNQA20150814_112219_V06,4,2.505,1.200,1456,0,660.055,6,0,597.838
KNQA20150814-1,KNQA20150814_104325_V06,0,0.483,1.200,3348,0,166782.690,151,0,163513.736
KNQA20150814-1,KNQA20150814_104325_V06,2,1.494,1.200,3349,0,2291.800,65,0,1655.194
KNQA20150814-8,KNQA20150814_112219_V06,0,0.483,1.200,871,17,883810.687,40,9,687189.329
KNQA20150814-8,KNQA20150814_112219_V06,2,1.494,1.200,868,0,814.385,20,0,540.388
KNQA20150814-11,KNQA20150814_121057_V06,0,0.483,1.200,20582,0,42667.236,2205,0,37003.610
KNQA20150814-11,KNQA20150814_121057_V06,2,1.450,1.200,20592,0,2548.056,6956,0,1604.455
KNQA20150814-11,KNQA20150814_121057_V06,4,2.417,1.200,10307,0,1039.309,3370,0,563.545
KNQA20150814-11,KNQA20150814_121057_V06,5,3.384,1.200,10313,0,336.321,2653,0,132.555
KNQA20150814-11,KNQA20150814_121057_V06,6,4.307,1.200,10326,0,405.219,2115,0,227.533
KNQA20150814-11,KNQA20150814_121057_V06,7,6.021,1.200,10355,0,320.128,1704,0,105.749
KNQA20150814-11,KNQA20150814_121057_V06,8,9.888,1.200,10456,0,2086.039,2651,0,113.040
KNQA20150815-4,KNQA20150815_111316_V06,0,0.483,1.200,4866,0,178546.176,85,0,172925.254
KNQA20150815-4,KNQA20150815_111316_V06,2,1.494,1.200,4868,0,20.753,0,0,20.753
KNQA20150815-4,KNQA20150815_112259_V06,0,0.483,1.200,8820,0,350931.363,244,0,325795.154
KNQA20150815-4,KNQA20150815_112259_V06,2,1.494,1.200,8825,0,2591.022,12,0,2422.975
KNQA20150815-4,KNQA20150815_113242_V06,0,0.483,1.200,11164,0,259768.702,375,0,227609.545
KNQA20150815-4,KNQA20150815_113242_V06,2,1.494,1.200,11173,0,61574.856,97,0,57295.125
KNQA20150815-4,KNQA20150815_114225_V06,0,0.483,1.200,14392,0,100671.671,506,0,74761.236
KNQA20150815-4,KNQA20150815_114225_V06,2,1.450,1.200,14402,0,50814.208,344,0,38993.093
KNQA20150815-4,KNQA20150815_114723_V06,0,0.483,1.200,14283,0,101682.557,441,0,77620.121
KNQA20150815-4,KNQA20150815_114723_V06,2,1.450,1.200,14289,0,60241.922,397,0,49266.957
KNQA20150815-3,KNQA20150815_105350_V06,0,0.483,1.200,3418,0,56196.602,328,0,53590.510
KNQA20150815-3,KNQA20150815_105350_V06,2,1.494,1.200,3423,0,19739.756,249,0,19027.220
KNQA20150815-3,KNQA20150815_105350_V06,4,2.505,1.200,1704,0,487.067,25,0,414.728
KNQA20150815-3,KNQA20150815_105350_V06,5,3.516,1.200,1710,0,16.099,22,0,14.812
KNQA20150815-3,KNQA20150815_105350_V06,6,4.482,1.200,1717,0,28.866,76,0,23.232
KNQA20150815-3,KNQA20150815_110334_V06,0,0.483,1.200,4793,0,92914.231,469,0,91535.143
KNQA20150815-3,KNQA20150815_110334_V06,2,1.494,1.200,4797,0,39278.454,267,0,37979.306
KNQA20150815-3,KNQA20150815_110334_V06,4,2.505,1.200,2403,0,7033.340,41,0,6886.395
KNQA20150815-3,KNQA20150815_110334_V06,5,3.516,1.200,2407,0,864.491,26,0,767.962
KNQA20150815-3,KNQA20150815_110334_V06,6,4.482,1.200,2409,0,193.849,193,0,161.568
KNQA20150815-3,KNQA20150815_111316_V06,0,0.483,1.200,6908,0,37153.534,708,0,36347.400
KNQA20150815-3,KNQA20150815_111316_V06,2,1.494,1.200,6909,0,30123.980,648,0,29233.034
KNQA20150815-3,KNQA20150815_111316_V06,4,2.505,1.200,3463,0,12332.727,97,0,12046.671
KNQA20150815-3,KNQA20150815_111316_V06,5,3.516,1.200,3466,0,2563.516,63,0,2340.111
KNQA20150815-3,KNQA20150815_111316_V06,6,4.482,1.200,3471,0,1865.249,384,0,1683.607
KNQA20150815-3,KNQA20150815_112259_V06,0,0.483,1.200,15654,0,30619.970,1715,0,28513.429
KNQA20150815-3,KNQA20150815_112259_V06,2,1.494,1.200,15661,0,11665.584,3748,0,10811.347
KNQA20150815-3,KNQA20150815_112259_V06,4,2.505,1.200,7836,0,14032.772,815,0,13659.659
KNQA20150815-3,KNQA20150815_112259_V06,5,3.516,1.200,7845,0,13995.350,556,0,13693.101
KNQA20150815-3,KNQA20150815_112259_V06,6,4.482,1.200,7849,0,9760.089,773,0,9332.246
KNQA20150815-5,KNQA20150815_111316_V06,0,0.483,1.200,9346,4,121168.643,518,4,119534.147
KNQA20150815-5,KNQA20150815_111316_V06,2,1.494,1.200,9347,0,548.799,1449,0,403.917
KNQA20150815-5,KNQA20150815_111316_V06,4,2.505,1.200,4675,0,229.927,601,0,154.784
KNQA20150815-5,KNQA20150815_111316_V06,5,3.516,1.200,4684,0,63.830,577,0,42.302
KNQA20150815-5,KNQA20150815_111316_V06,6,4.482,1.200,4688,0,133.335,497,0,108.641
KNQA20150815-5,KNQA20150815_112259_V06,0,0.483,1.200,27413,12,173357.319,2778,12,168034.691
KNQA20150815-5,KNQA20150815_112259_V06,2,1.494,1.200,27436,0,1172.843,6411,0,767.586
KNQA20150815-5,KNQA20150815_112259_V06,4,2.505,1.200,13727,0,1123.503,2902,0,861.155
KNQA20150815-5,KNQA20150815_112259_V06,5,3.516,1.200,13744,0,908.345,2888,0,703.238
KNQA20150815-5,KNQA20150815_112259_V06,6,4.482,1.200,13767,0,1057.046,2730,0,867.463
KNQA20150815-5,KNQA20150815_113242_V06,0,0.483,1.200,41408,8,185958.397,4828,8,178570.170
KNQA20150815-5,KNQA20150815_113242_V06,2,1.494,1.200,41429,0,2704.025,9243,0,1903.779
KNQA20150815-5,KNQA20150815_113242_V06,4,2.505,1.200,20725,0,1968.160,3949,0,1360.671
KNQA20150815-5,KNQA20150815_113242_V06,5,3.516,1.200,20747,0,1251.441,4158,0,1022.419
KNQA20150815-5,KNQA20150815_113242_V06,6,4.482,1.200,20773,0,2257.705,3935,0,1962.369
KNQA20150815-2,KNQA20150815_104406_V06,0,0.483,1.200,7962,0,8000.079,791,0,5740.268
KNQA20150815-2,KNQA20150815_104406_V06,2,1.494,1.200,7969,0,3852.055,1977,0,1690.130
KNQA20150815-2,KNQA20150815_104406_V06,4,2.505,1.200,3987,0,251.107,54,0,193.158
KNQA20150815-2,KNQA20150815_104406_V06,5,3.516,1.200,3986,0,12.929,0,0,12.929
KNQA20150815-8,KNQA20150815_120209_V06,0,0.483,1.200,40029,1,136494.157,5601,1,126715.542
KNQA20150815-8,KNQA20150815_120209_V06,2,1.450,1.200,40046,0,4065.658,12218,0,3150.240
KNQA20150815-8,KNQA20150815_120209_V06,4,2.417,1.200,20047,0,778.863,5130,0,430.413
KNQA20150815-8,KNQA20150815_120209_V06,5,3.384,1.200,20067,0,293.729,4510,0,132.125
KNQA20150815-8,KNQA20150815_120209_V06,6,4.307,1.200,20093,0,130.677,4060,0,79.115
KNQA20150815-8,KNQA20150815_120209_V06,7,6.021,1.200,20145,0,146.973,3536,0,35.922
KNQA20150815-8,KNQA20150815_120209_V06,8,9.888,1.200,20371,0,949.690,5865,0,83.978
KNQA20150816-5,KNQA20150816_110444_V06,0,0.483,1.200,1402,0,36835.018,46,0,32181.763
KNQA20150816-5,KNQA20150816_110940_V06,0,0.483,1.200,2714,0,172911.549,86,0,154957.990
KNQA20150816-5,KNQA20150816_111436_V06,0,0.483,1.200,3767,0,218546.915,111,0,193545.422
KNQA20150816-5,KNQA20150816_111931_V06,0,0.483,1.200,4354,0,169756.490,120,0,151626.599
KNQA20150816-5,KNQA20150816_112427_V06,0,0.483,1.200,4719,0,98594.692,157,0,83154.202
KNQA20150816-5,KNQA20150816_112922_V06,0,0.483,1.200,7068,0,66161.643,186,0,53559.721
KNQA20150816-5,KNQA20150816_113418_V06,0,0.483,1.200,10230,0,96441.029,271,0,74230.959
KNQA20150816-5,KNQA20150816_113418_V06,2,1.450,1.200,10244,0,666.465,4,0,551.551
KNQA20150816-5,KNQA20150816_113914_V06,0,0.483,1.200,7717,0,56747.735,256,0,40240.792
KNQA20150816-5,KNQA20150816_114410_V06,0,0.483,1.200,9829,0,69559.950,214,0,52793.648
KNQA20150816-5,KNQA20150816_114905_V06,0,0.483,1.200,12429,0,53128.044,193,0,38855.908
KNQA20150816-5,KNQA20150816_115401_V06,0,0.483,1.200,15346,0,69079.436,208,0,53201.480
KNQA20150816-5,KNQA20150816_115856_V06,0,0.483,1.200,13952,0,40007.833,202,0,26304.071
KNQA20150816-5,KNQA20150816_115856_V06,2,1.450,1.200,13953,0,6376.625,61,0,4738.324
KNQA20150816-3,KNQA20150816_105948_V06,0,0.483,1.200,2857,0,76114.995,363,0,74554.381
KNQA20150816-3,KNQA20150816_105948_V06,2,1.450,1.200,2857,0,31215.249,239,0,30281.753
KNQA20150816-3,KNQA20150816_105948_V06,4,2.417,1.200,1427,0,474.318,49,0,364.904
KNQA20150816-3,KNQA20150816_105948_V06,5,3.384,1.200,1430,0,5.870,4,0,5.629
KNQA20150816-3,KNQA20150816_105948_V06,6,4.307,1.200,1433,0,4.912,5,0,4.243
KNQA20150816-3,KNQA20150816_105948_V06,7,6.021,1.200,1438,0,9.101,21,0,7.709
KNQA20150816-3,KNQA20150816_110444_V06,0,0.483,1.200,5350,0,93007.327,935,0,91490.974
KNQA20150816-3,KNQA20150816_110444_V06,2,1.450,1.200,5353,0,52476.029,473,0,51019.676
KNQA20150816-3,KNQA20150816_110444_V06,4,2.417,1.200,2675,0,6492.941,142,0,4886.439
KNQA20150816-3,KNQA20150816_110444_V06,5,3.384,1.200,2679,0,479.316,38,0,354.625
KNQA20150816-3,KNQA20150816_110444_V06,6,4.307,1.200,2676,0,10.097,4,0,8.760
KNQA20150816-3,KNQA20150816_110444_V06,7,6.021,1.200,2692,0,25.906,71,0,19.387
KNQA20150816-3,KNQA20150816_110940_V06,0,0.483,1.200,9281,0,72269.079,1631,0,70192.598
KNQA20150816-3,KNQA20150816_110940_V06,2,1.450,1.200,9288,0,51790.572,1123,0,47973.902
KNQA20150816-3,KNQA20150816_110940_V06,4,2.417,1.200,4643,0,27096.234,252,0,24158.563
KNQA20150816-3,KNQA20150816_110940_V06,5,3.384,1.200,4645,0,3957.896,208,0,2752.546
KNQA20150816-3,KNQA20150816_110940_V06,6,4.307,1.200,4653,0,600.537,118,0,396.487
KNQA20150816-3,KNQA20150816_110940_V06,7,6.021,1.200,4674,0,109.428,223,0,77.405
KNQA20150816-3,KNQA20150816_111436_V06,0,0.483,1.200,10341,0,40672.409,1754,0,38413.338
KNQA20150816-3,KNQA20150816_111436_V06,2,1.450,1.200,10347,0,30944.546,1481,0,28194.735
KNQA20150816-3,KNQA20150816_111436_V06,4,2.417,1.200,5171,0,34189.883,326,0,30309.836
KNQA20150816-3,KNQA20150816_111436_V06,5,3.384,1.200,5178,0,12959.746,318,0,9973.366
KNQA20150816-3,KNQA20150816_111436_V06,6,4.307,1.200,5189,0,2143.466,248,0,1362.029
KNQA20150816-3,KNQA20150816_111436_V06,7,6.021,1.200,5204,0,321.254,327,0,229.162
KNQA20150816-3,KNQA20150816_111931_V06,0,0.483,1.200,13398,0,28636.129,2169,0,26056.097
KNQA20150816-3,KNQA20150816_111931_V06,2,1.450,1.200,13403,0,18418.562,2383,0,16564.912
KNQA20150816-3,KNQA20150816_111931_V06,4,2.417,1.200,6704,0,28889.255,485,0,24120.736
KNQA20150816-3,KNQA20150816_111931_V06,5,3.384,1.200,6707,0,17578.385,399,0,15435.066
KNQA20150816-3,KNQA20150816_111931_V06,6,4.307,1.200,6712,0,6248.001,369,0,4317.936
KNQA20150816-3,KNQA20150816_111931_V06,7,6.021,1.200,6737,0,1009.808,497,0,636.770
KNQA20150816-3,KNQA20150816_112427_V06,0,0.483,1.200,13373,0,23126.003,1893,0,20906.603
KNQA20150816-3,KNQA20150816_112427_V06,2,1.450,1.200,13387,0,8288.041,1755,0,7121.039
KNQA20150816-3,KNQA20150816_112427_V06,4,2.417,1.200,6696,0,26661.812,264,0,24176.027
KNQA20150816-3,KNQA20150816_112427_V06,5,3.384,1.200,6704,0,21191.825,275,0,19648.528
KNQA20150816-3,KNQA20150816_112427_V06,6,4.307,1.200,6714,0,7618.438,334,0,6252.972
KNQA20150816-3,KNQA20150816_112427_V06,7,6.021,1.200,6729,0,1426.553,395,0,950.711
KNQA20150816-9,KNQA20150816_114905_V06,0,0.483,1.200,7307,0,21963.679,121,0,14123.149
KNQA20150816-9,KNQA20150816_115401_V06,0,0.483,1.200,10358,0,36704.342,159,0,25567.555
KNQA20150816-1,KNQA20150816_102032_V06,0,0.483,1.200,1275,0,39677.062,45,0,39431.674
KNQA20150816-1,KNQA20150816_102032_V06,2,1.494,1.200,1273,0,4649.394,97,0,4451.833
KNQA20150816-1,KNQA20150816_102032_V06,4,2.505,1.200,635,0,114.079,41,0,102.604
KNQA20150816-1,KNQA20150816_102032_V06,5,3.516,1.200,638,0,14.546,28,0,10.641
KNQA20150816-1,KNQA20150816_102032_V06,6,4.482,1.200,638,0,16.717,44,0,9.887
KNQA20150816-4,KNQA20150816_105948_V06,0,0.483,1.200,666,0,728305.212,38,0,720676.032
KNQA20150816-4,KNQA20150816_105948_V06,2,1.450,1.200,665,0,96.663,2,0,54.202
KNQA20150816-6,KNQA20150816_110940_V06,0,0.483,1.200,3763,0,63247.663,324,0,62178.433
KNQA20150816-6,KNQA20150816_110940_V06,2,1.450,1.200,3762,0,36227.089,337,0,34074.065
KNQA20150816-6,KNQA20150816_110940_V06,4,2.417,1.200,1884,0,12610.959,78,0,10886.389
KNQA20150816-6,KNQA20150816_110940_V06,5,3.384,1.200,1888,0,1922.456,74,0,1254.038
KNQA20150816-6,KNQA20150816_110940_V06,6,4.307,1.200,1884,0,32.815,6,0,29.693
KNQA20150816-6,KNQA20150816_110940_V06,7,6.021,1.200,1894,0,23.764,67,0,16.070
KNQA20150816-7,KNQA20150816_110940_V06,0,0.483,1.200,437,0,76150.660,46,0,74825.308
KNQA20150816-7,KNQA20150816_110940_V06,2,1.450,1.200,437,0,22.984,1,0,17.859
KNQA20150816-7,KNQA20150816_110940_V06,4,2.417,1.200,222,0,0.764,0,0,0.764
KNQA20150817-2,KNQA20150817_110458_V06,0,0.483,1.200,1148,0,32734.463,29,0,30123.488
KNQA20150817-2,KNQA20150817_110954_V06,0,0.483,1.200,2314,0,102634.317,79,0,93720.885
KNQA20150817-2,KNQA20150817_111450_V06,0,0.483,1.200,3438,0,167330.322,99,0,146859.152
KNQA20150817-2,KNQA20150817_111945_V06,0,0.483,1.200,4210,0,178232.077,148,0,150329.192
KNQA20150817-2,KNQA20150817_112442_V06,0,0.483,1.200,5344,0,174740.249,188,0,148406.535
KNQA20150817-2,KNQA20150817_112937_V06,0,0.483,1.200,7496,0,128996.870,245,0,99132.847
KNQA20150817-2,KNQA20150817_113431_V06,0,0.483,1.200,10180,0,85384.898,226,0,64260.524
KNQA20150817-2,KNQA20150817_113431_V06,2,1.450,1.200,10192,0,362.314,3,0,219.144
KNQA20150817-3,KNQA20150817_110458_V06,0,0.483,1.200,3010,0,67257.575,313,0,65490.594
KNQA20150817-3,KNQA20150817_110458_V06,2,1.450,1.200,3007,0,35206.687,329,0,32472.277
KNQA20150817-3,KNQA20150817_110458_V06,4,2.417,1.200,1503,0,509.776,33,0,423.179
KNQA20150817-3,KNQA20150817_110458_V06,5,3.384,1.200,1503,0,9.345,0,0,9.345
KNQA20150817-3,KNQA20150817_110458_V06,6,4.307,1.200,1507,0,0.570,0,0,0.570
KNQA20150817-3,KNQA20150817_110458_V06,7,6.021,1.200,1517,0,1.220,0,0,1.220
KNQA20150817-3,KNQA20150817_110954_V06,0,0.483,1.200,7278,0,69471.620,1030,0,65960.973
KNQA20150817-3,KNQA20150817_110954_V06,2,1.450,1.200,7279,0,52490.119,876,0,47296.122
KNQA20150817-3,KNQA20150817_110954_V06,4,2.417,1.200,3646,0,15107.364,215,0,13251.568
KNQA20150817-3,KNQA20150817_110954_V06,5,3.384,1.200,3648,0,289.370,45,0,217.681
KNQA20150817-3,KNQA20150817_110954_V06,6,4.307,1.200,3654,0,46.823,10,0,42.975
KNQA20150817-3,KNQA20150817_110954_V06,7,6.021,1.200,3660,0,5.698,5,0,5.516
KNQA20150817-3,KNQA20150817_111450_V06,0,0.483,1.200,8768,0,56667.805,1170,0,53330.874
KNQA20150817-3,KNQA20150817_111450_V06,2,1.450,1.200,8775,0,35829.724,1117,0,31445.837
KNQA20150817-3,KNQA20150817_111450_V06,4,2.417,1.200,4393,0,29150.091,331,0,25865.391
KNQA20150817-3,KNQA20150817_111450_V06,5,3.384,1.200,4397,0,2210.884,147,0,1845.982
KNQA20150817-3,KNQA20150817_111450_V06,6,4.307,1.200,4407,0,162.760,45,0,110.321
KNQA20150817-3,KNQA20150817_111450_V06,7,6.021,1.200,4421,0,22.742,27,0,20.536
KNQA20150817-3,KNQA20150817_111945_V06,0,0.483,1.200,13070,0,47709.278,1733,0,44842.140
KNQA20150817-3,KNQA20150817_111945_V06,2,1.450,1.200,13079,0,26113.726,2325,0,22052.226
KNQA20150817-3,KNQA20150817_111945_V06,4,2.417,1.200,6548,0,24209.245,594,0,19987.488
KNQA20150817-3,KNQA20150817_111945_V06,5,3.384,1.200,6546,0,10487.382,436,0,8945.215
KNQA20150817-3,KNQA20150817_111945_V06,6,4.307,1.200,6567,0,1089.906,246,0,676.279
KNQA20150817-3,KNQA20150817_111945_V06,7,6.021,1.200,6580,0,286.484,150,0,132.156
KNQA20150817-3,KNQA20150817_111945_V06,8,9.888,1.200,6642,0,534.828,408,0,12.343
KNQA20150817-3,KNQA20150817_112442_V06,0,0.483,1.200,20030,0,64500.623,2980,0,58914.771
KNQA20150817-3,KNQA20150817_112442_V06,2,1.450,1.200,20029,0,23860.131,3974,0,21059.622
KNQA20150817-3,KNQA20150817_112442_V06,4,2.417,1.200,10029,0,23241.480,1081,0,19354.917
KNQA20150817-3,KNQA20150817_112442_V06,5,3.384,1.200,10035,0,18646.584,801,0,16773.010
KNQA20150817-3,KNQA20150817_112442_V06,6,4.307,1.200,10048,0,3616.061,630,0,2672.167
KNQA20150817-3,KNQA20150817_112442_V06,7,6.021,1.200,10068,0,514.264,430,0,405.661
KNQA20150817-3,KNQA20150817_112442_V06,8,9.888,1.200,10171,0,1215.116,942,0,67.817
KNQA20150817-3,KNQA20150817_112937_V06,0,0.483,1.200,18553,0,53778.803,2487,0,48542.584
KNQA20150817-3,KNQA20150817_112937_V06,2,1.450,1.200,18561,0,19128.683,4061,0,16638.246
KNQA20150817-3,KNQA20150817_112937_V06,4,2.417,1.200,9286,0,15205.909,910,0,13066.179
KNQA20150817-3,KNQA20150817_112937_V06,5,3.384,1.200,9290,0,14290.772,485,0,12732.249
KNQA20150817-3,KNQA20150817_112937_V06,6,4.307,1.200,9308,0,4109.902,421,0,3205.033
KNQA20150817-3,KNQA20150817_112937_V06,7,6.021,1.200,9328,0,648.706,279,0,432.992
KNQA20150817-3,KNQA20150817_113431_V06,0,0.483,1.200,18670,0,47434.049,2425,0,42565.411
KNQA20150817-3,KNQA20150817_113431_V06,2,1.450,1.200,18675,0,14492.095,4057,0,12728.943
KNQA20150817-3,KNQA20150817_113431_V06,4,2.417,1.200,9350,0,8288.908,794,0,6650.540
KNQA20150817-3,KNQA20150817_113431_V06,5,3.384,1.200,9354,0,10614.068,389,0,9077.817
KNQA20150817-3,KNQA20150817_113431_V06,6,4.307,1.200,9373,0,4815.849,290,0,4102.932
KNQA20150817-3,KNQA20150817_113431_V06,7,6.021,1.200,9402,0,710.304,218,0,341.544
KNQA20150817-3,KNQA20150817_113926_V06,0,0.483,1.200,17869,0,41980.933,2179,0,36757.175
KNQA20150817-3,KNQA20150817_113926_V06,2,1.450,1.200,17880,0,12545.312,4010,0,10592.157
KNQA20150817-3,KNQA20150817_113926_V06,4,2.417,1.200,8945,0,3772.294,600,0,2742.586
KNQA20150817-3,KNQA20150817_113926_V06,5,3.384,1.200,8955,0,7233.847,288,0,6243.984
KNQA20150817-3,KNQA20150817_113926_V06,6,4.307,1.200,8966,0,4098.537,193,0,3457.054
KNQA20150817-3,KNQA20150817_113926_V06,7,6.021,1.200,8983,0,862.735,159,0,599.597
KNQA20150817-1,KNQA20150817_110003_V06,0,0.483,1.200,6064,0,78644.615,1406,0,75433.213
KNQA20150817-1,KNQA20150817_110003_V06,2,1.450,1.200,6063,0,38351.919,1008,0,33392.591
KNQA20150817-1,KNQA20150817_110003_V06,4,2.417,1.200,3040,0,1183.071,120,0,895.465
KNQA20150817-1,KNQA20150817_110003_V06,5,3.384,1.200,3041,0,38.867,32,0,36.164
KNQA20150817-1,KNQA20150817_110003_V06,6,4.307,1.200,3041,0,5.837,17,0,4.672
KNQA20150817-1,KNQA20150817_110003_V06,7,6.021,1.200,3049,0,6.189,25,0,5.069
KNQA20150817-1,KNQA20150817_110003_V06,8,9.888,1.200,3086,0,9.764,17,0,1.287
KNQA20150818-2,KNQA20150818_111331_V06,0,0.483,1.200,2843,0,91697.873,141,0,80252.463
KNQA20150818-2,KNQA20150818_111828_V06,0,0.483,1.200,4815,0,210616.725,223,0,180227.578
KNQA20150818-2,KNQA20150818_112323_V06,0,0.483,1.200,6392,0,163899.168,296,0,134375.854
KNQA20150818-2,KNQA20150818_112818_V06,0,0.483,1.200,8567,0,151029.490,374,0,120757.027
KNQA20150818-2,KNQA20150818_113314_V06,0,0.483,1.200,11002,0,121472.982,361,0,93784.433
KNQA20150818-2,KNQA20150818_113810_V06,0,0.483,1.200,11876,0,116511.850,329,0,82310.197
KNQA20150818-2,KNQA20150818_113810_V06,2,1.450,1.200,11882,0,181.712,2,0,133.818
KNQA20150818-1,KNQA20150818_110340_V06,0,0.483,1.200,4022,0,97351.948,289,0,91193.686
KNQA20150818-1,KNQA20150818_110340_V06,2,1.450,1.200,4021,0,27877.991,378,0,25672.245
KNQA20150818-1,KNQA20150818_110340_V06,4,2.417,1.200,2008,0,932.718,59,0,674.734
KNQA20150818-1,KNQA20150818_110340_V06,5,3.384,1.200,2012,0,120.493,7,0,18.550
KNQA20150818-1,KNQA20150818_110340_V06,6,4.307,1.200,2016,0,26.240,19,0,22.072
KNQA20150818-1,KNQA20150818_110340_V06,7,6.021,1.200,2019,0,9.826,24,0,7.987
KNQA20150818-1,KNQA20150818_110835_V06,0,0.483,1.200,7754,0,88987.170,605,0,82139.639
KNQA20150818-1,KNQA20150818_110835_V06,2,1.450,1.200,7756,0,53545.255,797,0,48770.240
KNQA20150818-1,KNQA20150818_110835_V06,4,2.417,1.200,3882,0,10649.842,276,0,8860.774
KNQA20150818-1,KNQA20150818_110835_V06,5,3.384,1.200,3889,0,287.465,53,0,226.064
KNQA20150818-1,KNQA20150818_110835_V06,6,4.307,1.200,3894,0,90.608,58,0,81.273
KNQA20150818-1,KNQA20150818_110835_V06,7,6.021,1.200,3900,0,62.643,287,0,25.767
KNQA20150818-1,KNQA20150818_111331_V06,0,0.483,1.200,8049,0,39630.039,648,0,36570.951
KNQA20150818-1,KNQA20150818_111331_V06,2,1.450,1.200,8051,0,44844.379,1076,0,38840.893
KNQA20150818-1,KNQA20150818_111331_V06,4,2.417,1.200,4030,0,10982.862,361,0,8734.675
KNQA20150818-1,KNQA20150818_111331_V06,5,3.384,1.200,4032,0,2822.305,216,0,2086.039
KNQA20150818-1,KNQA20150818_111331_V06,6,4.307,1.200,4039,0,380.496,84,0,274.001
KNQA20150818-1,KNQA20150818_111331_V06,7,6.021,1.200,4054,0,140.376,529,0,48.629
KNQA20150818-1,KNQA20150818_111331_V06,8,9.888,1.200,4089,0,17.991,371,0,3.646
KNQA20150818-1,KNQA20150818_111828_V06,0,0.483,1.200,14156,1,46650.603,1503,0,41974.281
KNQA20150818-1,KNQA20150818_111828_V06,2,1.450,1.200,14164,0,40333.820,2409,0,33725.943
KNQA20150818-1,KNQA20150818_111828_V06,4,2.417,1.200,7092,0,20538.823,961,0,17744.754
KNQA20150818-1,KNQA20150818_111828_V06,5,3.384,1.200,7099,0,9728.590,745,0,8039.468
KNQA20150818-1,KNQA20150818_111828_V06,6,4.307,1.200,7107,0,4113.883,546,0,2861.585
KNQA20150818-1,KNQA20150818_111828_V06,7,6.021,1.200,7121,0,469.073,909,0,262.547
KNQA20150818-1,KNQA20150818_111828_V06,8,9.888,1.200,7195,0,61.837,848,0,20.405
KNQA20150818-1,KNQA20150818_112323_V06,0,0.483,1.200,28238,2,54062.734,4159,2,45502.731
KNQA20150818-1,KNQA20150818_112323_V06,2,1.450,1.200,28258,0,30877.978,6292,0,25465.781
KNQA20150818-1,KNQA20150818_112323_V06,4,2.417,1.200,14133,0,26513.137,2908,0,21102.845
KNQA20150818-1,KNQA20150818_112323_V06,5,3.384,1.200,14145,0,17894.965,2495,0,15025.517
KNQA20150818-1,KNQA20150818_112323_V06,6,4.307,1.200,14156,0,8649.176,2233,0,6904.138
KNQA20150818-1,KNQA20150818_112323_V06,7,6.021,1.200,14207,0,1469.978,2616,0,768.129
KNQA20150818-1,KNQA20150818_112323_V06,8,9.888,1.200,14340,0,162.079,2271,0,39.372
KNQA20150818-3,KNQA20150818_113810_V06,0,0.483,1.200,1773,0,44768.140,61,0,43505.692
KNQA20150818-3,KNQA20150818_113810_V06,2,1.450,1.200,1769,0,3624.949,448,0,2569.846
KNQA20150818-3,KNQA20150818_113810_V06,4,2.417,1.200,889,0,402.546,25,0,333.978
KNQA20150818-3,KNQA20150818_113810_V06,5,3.384,1.200,886,0,26.538,0,0,26.538
KNQA20150818-3,KNQA20150818_113810_V06,6,4.307,1.200,884,0,1.219,0,0,1.219
KNQA20150818-4,KNQA20150818_115255_V06,0,0.483,1.200,2350,0,88260.329,481,0,78529.265
KNQA20150818-4,KNQA20150818_115255_V06,2,1.450,1.200,2349,0,4358.633,309,0,2827.428
KNQA20150818-4,KNQA20150818_115255_V06,4,2.417,1.200,1177,0,3.273,0,0,3.273
KNQA20150818-5,KNQA20150818_120743_V06,0,0.483,1.200,11170,0,35864.506,1179,0,34634.036
KNQA20150818-5,KNQA20150818_120743_V06,2,1.450,1.200,11169,0,7533.175,1472,0,6283.365
KNQA20150818-5,KNQA20150818_120743_V06,4,2.417,1.200,5587,0,1939.575,997,0,1331.472
KNQA20150818-5,KNQA20150818_120743_V06,5,3.384,1.200,5600,0,505.420,1258,0,318.061
KNQA20150818-5,KNQA20150818_120743_V06,6,4.307,1.200,5604,0,217.350,1312,0,114.889
KNQA20150818-5,KNQA20150818_120743_V06,7,6.021,1.200,5625,0,81.551,1103,0,45.213
KNQA20150818-5,KNQA20150818_120743_V06,8,9.888,1.200,5670,0,73.053,1250,0,23.755
KNQA20150818-6,KNQA20150818_121238_V06,0,0.483,1.200,2763,0,73237.982,541,0,63218.713
KNQA20150818-6,KNQA20150818_121238_V06,2,1.450,1.200,2759,0,8997.587,835,0,5036.247
KNQA20150818-6,KNQA20150818_121238_V06,4,2.417,1.200,1379,0,145.818,3,0,139.504
KNQA20150818-6,KNQA20150818_121238_V06,5,3.384,1.200,1384,0,2.923,0,0,2.923
KNQA20150819-6,KNQA20150819_105820_V06,0,0.483,1.200,1750,0,51418.788,278,0,48600.293
KNQA20150819-6,KNQA20150819_105820_V06,2,0.879,1.200,1749,0,7161.117,321,0,6404.278
KNQA20150819-6,KNQA20150819_105820_V06,4,1.318,1.200,1747,0,391.000,353,0,289.254
KNQA20150819-6,KNQA20150819_105820_V06,8,1.802,1.200,880,0,37.391,26,0,24.885
KNQA20150819-6,KNQA20150819_105820_V06,9,2.417,1.200,877,0,1.630,0,0,1.630
KNQA20150819-6,KNQA20150819_105820_V06,10,3.120,1.200,878,0,0.318,0,0,0.318
KNQA20150819-6,KNQA20150819_105820_V06,11,3.999,1.200,881,0,1.037,0,0,1.037
KNQA20150819-6,KNQA20150819_105820_V06,12,5.098,1.200,881,0,0.450,0,0,0.450
KNQA20150819-6,KNQA20150819_105820_V06,13,6.416,1.200,880,0,0.322,0,0,0.322
KNQA20150819-6,KNQA20150819_105820_V06,14,7.998,1.200,885,0,0.817,1,0,0.729
KNQA20150819-6,KNQA20150819_110232_V06,0,0.483,1.200,4806,0,64557.091,902,0,56472.618
KNQA20150819-6,KNQA20150819_110232_V06,2,0.879,1.200,4805,0,11646.377,958,0,10550.125
KNQA20150819-6,KNQA20150819_110232_V06,4,1.318,1.200,4806,0,717.694,877,0,434.863
KNQA20150819-6,KNQA20150819_110232_V06,8,1.802,1.200,2408,0,188.030,93,0,115.045
KNQA20150819-6,KNQA20150819_110232_V06,9,2.417,1.200,2408,0,13.855,20,0,9.487
KNQA20150819-6,KNQA20150819_110232_V06,10,3.120,1.200,2407,0,3.364,3,0,3.297
KNQA20150819-6,KNQA20150819_110232_V06,11,3.999,1.200,2414,0,1.293,0,0,1.293
KNQA20150819-6,KNQA20150819_110232_V06,12,5.098,1.200,2417,0,1.356,0,0,1.356
KNQA20150819-6,KNQA20150819_110232_V06,13,6.416,1.200,2418,0,2.753,5,0,2.582
KNQA20150819-6,KNQA20150819_110232_V06,14,7.998,1.200,2428,0,2.339,34,0,1.377
KNQA20150819-6,KNQA20150819_110643_V06,0,0.483,1.200,7275,0,64812.663,1587,0,59815.828
KNQA20150819-6,KNQA20150819_110643_V06,2,0.879,1.200,7276,0,12177.711,1427,0,10795.590
KNQA20150819-6,KNQA20150819_110643_V06,4,1.318,1.200,7278,0,1149.864,1442,0,819.971
KNQA20150819-6,KNQA20150819_110643_V06,8,1.802,1.200,3639,0,167.628,245,0,127.343
KNQA20150819-6,KNQA20150819_110643_V06,9,2.417,1.200,3647,0,43.807,119,0,28.155
KNQA20150819-6,KNQA20150819_110643_V06,10,3.120,1.200,3648,0,10.965,32,0,9.917
KNQA20150819-6,KNQA20150819_110643_V06,11,3.999,1.200,3647,0,2.136,3,0,1.705
KNQA20150819-6,KNQA20150819_110643_V06,12,5.098,1.200,3651,0,3.452,0,0,3.452
KNQA20150819-6,KNQA20150819_110643_V06,13,6.416,1.200,3663,0,4.714,3,0,4.618
KNQA20150819-6,KNQA20150819_110643_V06,14,7.998,1.200,3677,0,4.526,96,0,2.274
KNQA20150819-6,KNQA20150819_111103_V06,0,0.483,1.200,11313,0,49152.196,2116,0,45008.047
KNQA20150819-6,KNQA20150819_111103_V06,2,0.879,1.200,11319,0,7220.858,1975,0,6454.267
KNQA20150819-6,KNQA20150819_111103_V06,4,1.318,1.200,11320,0,998.645,2207,0,696.710
KNQA20150819-6,KNQA20150819_111103_V06,8,1.802,1.200,5663,0,282.454,486,0,138.396
KNQA20150819-6,KNQA20150819_111103_V06,9,2.417,1.200,5664,0,261.736,440,0,169.473
KNQA20150819-6,KNQA20150819_111103_V06,10,3.120,1.200,5666,0,63.578,229,0,39.786
KNQA20150819-6,KNQA20150819_111103_V06,11,3.999,1.200,5679,0,11.319,88,0,5.174
KNQA20150819-6,KNQA20150819_111103_V06,12,5.098,1.200,5683,0,2.561,10,0,2.500
KNQA20150819-6,KNQA20150819_111103_V06,13,6.416,1.200,5705,0,5.368,8,0,5.147
KNQA20150819-6,KNQA20150819_111103_V06,14,7.998,1.200,5722,0,5.557,112,0,3.064
KNQA20150819-6,KNQA20150819_111515_V06,0,0.483,1.200,13762,0,40969.723,2429,0,36332.285
KNQA20150819-6,KNQA20150819_111515_V06,2,0.879,1.200,13763,0,5451.496,2447,0,4455.251
KNQA20150819-6,KNQA20150819_111515_V06,4,1.318,1.200,13776,0,1410.228,2981,0,924.598
KNQA20150819-6,KNQA20150819_111515_V06,8,1.802,1.200,6883,0,390.264,827,0,237.998
KNQA20150819-6,KNQA20150819_111515_V06,9,2.417,1.200,6877,0,153.199,723,0,99.044
KNQA20150819-6,KNQA20150819_111515_V06,10,3.120,1.200,6894,0,140.421,483,0,73.164
KNQA20150819-6,KNQA20150819_111515_V06,11,3.999,1.200,6883,0,22.099,224,0,16.463
KNQA20150819-6,KNQA20150819_111515_V06,12,5.098,1.200,6895,0,5.781,56,0,5.374
KNQA20150819-6,KNQA20150819_111515_V06,13,6.416,1.200,6923,0,4.860,14,0,4.723
KNQA20150819-6,KNQA20150819_111515_V06,14,7.998,1.200,6939,0,9.131,159,0,3.907
KNQA20150819-6,KNQA20150819_111515_V06,15,10.020,1.200,6981,0,7.299,238,0,3.565
KNQA20150819-2,KNQA20150819_103258_V06,0,0.483,1.200,957,0,29806.749,134,0,28137.448
KNQA20150819-2,KNQA20150819_103258_V06,2,0.879,1.200,959,0,6297.363,153,0,5940.850
KNQA20150819-2,KNQA20150819_103258_V06,4,1.318,1.200,960,0,1048.359,225,0,706.208
KNQA20150819-2,KNQA20150819_103258_V06,8,1.802,1.200,480,0,201.069,64,0,116.462
KNQA20150819-2,KNQA20150819_103258_V06,9,2.417,1.200,478,0,15.107,15,0,8.445
KNQA20150819-2,KNQA20150819_103258_V06,10,3.120,1.200,478,0,9.254,8,0,8.578
KNQA20150819-2,KNQA20150819_103258_V06,11,3.999,1.200,478,0,2.901,3,0,2.684
KNQA20150819-2,KNQA20150819_103258_V06,12,5.098,1.200,481,0,1.294,2,0,1.125
KNQA20150819-2,KNQA20150819_103258_V06,13,6.416,1.200,486,0,0.173,0,0,0.173
KNQA20150819-2,KNQA20150819_103258_V06,14,7.998,1.200,484,0,0.404,1,0,0.315
KNQA20150819-2,KNQA20150819_103711_V06,0,0.483,1.200,3194,0,29568.111,598,0,27061.940
KNQA20150819-2,KNQA20150819_103711_V06,2,0.879,1.200,3197,0,8611.735,590,0,7959.861
KNQA20150819-2,KNQA20150819_103711_V06,4,1.318,1.200,3198,0,1496.109,753,0,980.714
KNQA20150819-2,KNQA20150819_103711_V06,8,1.802,1.200,1602,0,303.705,162,0,169.687
KNQA20150819-2,KNQA20150819_103711_V06,9,2.417,1.200,1601,0,47.488,55,0,26.132
KNQA20150819-2,KNQA20150819_103711_V06,10,3.120,1.200,1602,0,9.308,24,0,8.227
KNQA20150819-2,KNQA20150819_103711_V06,11,3.999,1.200,1604,0,10.125,22,0,7.964
KNQA20150819-2,KNQA20150819_103711_V06,12,5.098,1.200,1606,0,7.031,24,0,5.826
KNQA20150819-2,KNQA20150819_103711_V06,13,6.416,1.200,1607,0,1.087,2,0,0.954
KNQA20150819-2,KNQA20150819_104110_V06,0,0.483,1.200,1839,0,39783.805,256,0,38212.750
KNQA20150819-2,KNQA20150819_104110_V06,2,0.879,1.200,1844,0,9080.052,284,0,8451.437
KNQA20150819-2,KNQA20150819_104110_V06,4,1.318,1.200,1844,0,877.377,396,0,637.817
KNQA20150819-2,KNQA20150819_104110_V06,8,1.802,1.200,921,0,115.474,78,0,63.179
KNQA20150819-2,KNQA20150819_104110_V06,9,2.417,1.200,919,0,11.714,19,0,5.709
KNQA20150819-2,KNQA20150819_104110_V06,10,3.120,1.200,923,0,3.232,0,0,3.232
KNQA20150819-2,KNQA20150819_104110_V06,11,3.999,1.200,921,0,2.557,5,0,2.260
KNQA20150819-2,KNQA20150819_104110_V06,12,5.098,1.200,921,0,3.450,11,0,2.729
KNQA20150819-2,KNQA20150819_104110_V06,13,6.416,1.200,925,0,0.403,0,0,0.403
KNQA20150819-2,KNQA20150819_104110_V06,14,7.998,1.200,933,0,0.992,2,0,0.750
KNQA20150819-2,KNQA20150819_104529_V06,0,0.483,1.200,4300,0,42330.686,741,0,39945.655
KNQA20150819-2,KNQA20150819_104529_V06,2,0.879,1.200,4305,0,14894.503,749,0,13753.860
KNQA20150819-2,KNQA20150819_104529_V06,4,1.318,1.200,4300,0,1638.712,871,0,1277.884
KNQA20150819-2,KNQA20150819_104529_V06,8,1.802,1.200,2160,0,233.403,179,0,151.421
KNQA20150819-2,KNQA20150819_104529_V06,9,2.417,1.200,2157,0,78.652,62,0,56.570
KNQA20150819-2,KNQA20150819_104529_V06,10,3.120,1.200,2157,0,5.220,4,0,4.308
KNQA20150819-2,KNQA20150819_104529_V06,11,3.999,1.200,2161,0,3.770,10,0,3.158
KNQA20150819-2,KNQA20150819_104529_V06,12,5.098,1.200,2164,0,4.966,14,0,3.899
KNQA20150819-2,KNQA20150819_104529_V06,13,6.416,1.200,2176,0,2.814,27,0,1.695
KNQA20150819-2,KNQA20150819_104529_V06,14,7.998,1.200,2173,0,1.636,5,0,1.170
KNQA20150819-2,KNQA20150819_104941_V06,0,0.483,1.200,2402,0,42666.618,368,0,41476.502
KNQA20150819-2,KNQA20150819_104941_V06,2,0.879,1.200,2406,0,8663.960,373,0,8130.798
KNQA20150819-2,KNQA20150819_104941_V06,4,1.318,1.200,2410,0,707.266,513,0,515.868
KNQA20150819-2,KNQA20150819_104941_V06,8,1.802,1.200,1202,0,92.253,74,0,59.957
KNQA20150819-2,KNQA20150819_104941_V06,9,2.417,1.200,1198,0,20.561,9,0,9.358
KNQA20150819-2,KNQA20150819_104941_V06,10,3.120,1.200,1201,0,0.753,0,0,0.753
KNQA20150819-2,KNQA20150819_104941_V06,11,3.999,1.200,1203,0,1.208,0,0,1.208
KNQA20150819-2,KNQA20150819_104941_V06,12,5.098,1.200,1208,0,4.528,13,0,3.728
KNQA20150819-2,KNQA20150819_104941_V06,13,6.416,1.200,1210,0,1.027,2,0,0.955
KNQA20150819-2,KNQA20150819_104941_V06,14,7.998,1.200,1215,0,0.933,2,0,0.832
KNQA20150819-2,KNQA20150819_105408_V06,0,0.483,1.200,5445,0,37553.556,948,0,35209.321
KNQA20150819-2,KNQA20150819_105408_V06,2,0.879,1.200,5445,0,13922.968,997,0,12544.326
KNQA20150819-2,KNQA20150819_105408_V06,4,1.318,1.200,5446,0,1135.048,1163,0,839.355
KNQA20150819-2,KNQA20150819_105408_V06,6,1.802,1.200,2723,0,205.589,195,0,128.586
KNQA20150819-2,KNQA20150819_105408_V06,9,2.417,1.200,2724,0,57.294,103,0,36.868
KNQA20150819-2,KNQA20150819_105408_V06,10,3.120,1.200,2727,0,5.664,17,0,5.122
KNQA20150819-2,KNQA20150819_105408_V06,11,3.999,1.200,2728,0,3.136,0,0,3.136
KNQA20150819-2,KNQA20150819_105408_V06,12,5.098,1.200,2731,0,3.274,3,0,3.113
KNQA20150819-2,KNQA20150819_105408_V06,13,6.416,1.200,2745,0,5.215,31,0,3.800
KNQA20150819-2,KNQA20150819_105408_V06,14,7.998,1.200,2748,0,2.769,36,0,1.842
KNQA20150819-11,KNQA20150819_115419_V06,0,0.483,1.200,1698,0,3229.694,241,0,2221.124
KNQA20150819-11,KNQA20150819_115419_V06,2,0.879,1.200,1700,0,691.490,66,0,492.346
KNQA20150819-11,KNQA20150819_115419_V06,4,1.318,1.200,1703,0,4.040,2,0,1.956
KNQA20150819-11,KNQA20150819_115419_V06,6,1.802,1.200,846,0,1.948,0,0,1.948
KNQA20150819-11,KNQA20150819_115419_V06,7,2.417,1.200,852,0,1.964,0,0,1.964
KNQA20150819-11,KNQA20150819_115419_V06,10,3.120,1.200,854,0,1.972,0,0,1.972
KNQA20150819-11,KNQA20150819_115948_V06,0,0.483,1.200,5448,0,6697.038,383,0,4873.021
KNQA20150819-11,KNQA20150819_115948_V06,2,0.879,1.200,5445,0,1320.122,153,0,850.127
KNQA20150819-11,KNQA20150819_115948_V06,4,1.318,1.200,5450,0,43.024,7,0,26.715
KNQA20150819-11,KNQA20150819_115948_V06,6,1.802,1.200,2722,0,6.456,0,0,6.456
KNQA20150819-11,KNQA20150819_115948_V06,7,2.417,1.200,2789,0,6.644,0,0,6.644
KNQA20150819-11,KNQA20150819_115948_V06,10,3.120,1.200,2790,0,13.679,0,0,13.679
KNQA20150820-1,KNQA20150820_110142_V06,0,0.483,1.200,1314,0,146573.270,50,0,140504.199
KNQA20150820-1,KNQA20150820_110142_V06,2,1.450,1.200,1316,0,11845.578,76,0,11311.061
KNQA20150820-1,KNQA20150820_110142_V06,4,2.417,1.200,656,0,38.814,1,0,30.304
KNQA20150820-1,KNQA20150820_110142_V06,5,3.384,1.200,656,0,0.309,0,0,0.309
KNQA20150820-1,KNQA20150820_110142_V06,6,4.307,1.200,659,0,0.444,2,0,0.311
KNQA20150820-1,KNQA20150820_110142_V06,7,6.021,1.200,662,0,0.315,0,0,0.315
KNQA20150820-1,KNQA20150820_110638_V06,0,0.483,1.200,3798,0,104649.060,531,0,99336.033
KNQA20150820-1,KNQA20150820_110638_V06,2,1.450,1.200,3797,0,69408.630,219,0,67026.229
KNQA20150820-1,KNQA20150820_110638_V06,4,2.417,1.200,1904,0,3763.731,42,0,3390.908
KNQA20150820-1,KNQA20150820_110638_V06,5,3.384,1.200,1904,0,102.499,2,0,101.129
KNQA20150820-1,KNQA20150820_110638_V06,6,4.307,1.200,1906,0,0.931,0,0,0.931
KNQA20150820-1,KNQA20150820_110638_V06,7,6.021,1.200,1909,0,0.938,0,0,0.938
KNQA20150820-1,KNQA20150820_111134_V06,0,0.483,1.200,5658,0,78534.154,545,0,76554.129
KNQA20150820-1,KNQA20150820_111134_V06,2,1.450,1.200,5661,0,103962.910,336,0,99787.245
KNQA20150820-1,KNQA20150820_111134_V06,4,2.417,1.200,2829,0,12390.293,134,0,10094.706
KNQA20150820-1,KNQA20150820_111134_V06,5,3.384,1.200,2844,0,1054.858,32,0,907.909
KNQA20150820-1,KNQA20150820_111134_V06,6,4.307,1.200,2842,0,40.208,2,0,39.862
KNQA20150820-1,KNQA20150820_111134_V06,7,6.021,1.200,2841,0,1.648,0,0,1.648
KNQA20150820-1,KNQA20150820_111629_V06,0,0.483,1.200,7412,0,81082.394,483,0,79023.911
KNQA20150820-1,KNQA20150820_111629_V06,2,1.450,1.200,7413,0,80083.558,510,0,76782.936
KNQA20150820-1,KNQA20150820_111629_V06,4,2.417,1.200,3713,0,28508.858,191,0,26117.844
KNQA20150820-1,KNQA20150820_111629_V06,5,3.384,1.200,3718,0,2483.750,67,0,2086.326
KNQA20150820-1,KNQA20150820_111629_V06,6,4.307,1.200,3719,0,110.149,27,0,79.940
KNQA20150820-1,KNQA20150820_111629_V06,7,6.021,1.200,3729,0,2.212,0,0,2.212
KNQA20150820-1,KNQA20150820_112124_V06,0,0.483,1.200,8621,0,111480.549,259,0,108971.097
KNQA20150820-1,KNQA20150820_112124_V06,2,1.450,1.200,8624,0,51550.550,720,0,49669.954
KNQA20150820-1,KNQA20150820_112124_V06,4,2.417,1.200,4313,0,41332.564,206,0,37815.041
KNQA20150820-1,KNQA20150820_112124_V06,5,3.384,1.200,4319,0,6164.773,114,0,5593.478
KNQA20150820-1,KNQA20150820_112124_V06,6,4.307,1.200,4325,0,541.222,62,0,425.066
KNQA20150820-1,KNQA20150820_112124_V06,7,6.021,1.200,4341,0,29.358,15,0,14.202
KNQA20150820-11,KNQA20150820_110638_V06,0,0.483,1.200,158,0,12538.625,1,0,12497.554
KNQA20150820-11,KNQA20150820_110638_V06,2,1.450,1.200,158,0,82.823,6,0,77.160
KNQA20150820-11,KNQA20150820_110638_V06,4,2.417,1.200,90,0,0.061,0,0,0.061
KNQA20150820-11,KNQA20150820_110638_V06,5,3.384,1.200,90,0,0.061,0,0,0.061
KNQA20150820-11,KNQA20150820_110638_V06,6,4.307,1.200,92,0,0.062,0,0,0.062
KNQA20150820-11,KNQA20150820_110638_V06,7,6.021,1.200,90,0,0.062,0,0,0.062
KNQA20150820-11,KNQA20150820_111134_V06,0,0.483,1.200,1986,0,34849.752,188,0,34302.864
KNQA20150820-11,KNQA20150820_111134_V06,2,1.450,1.200,1989,0,6179.842,94,0,6033.612
KNQA20150820-11,KNQA20150820_111134_V06,4,2.417,1.200,994,0,0.672,0,0,0.672
KNQA20150820-11,KNQA20150820_111134_V06,5,3.384,1.200,996,0,0.674,0,0,0.674
KNQA20150820-11,KNQA20150820_111134_V06,6,4.307,1.200,996,0,0.676,0,0,0.676
KNQA20150820-11,KNQA20150820_111134_V06,7,6.021,1.200,999,0,0.682,0,0,0.682
KNQA20150820-11,KNQA20150820_111629_V06,0,0.483,1.200,5855,0,72519.057,471,0,70974.195
KNQA20150820-11,KNQA20150820_111629_V06,2,1.450,1.200,5863,0,44264.793,299,0,43511.190
KNQA20150820-11,KNQA20150820_111629_V06,4,2.417,1.200,2934,0,2752.494,16,0,2736.902
KNQA20150820-11,KNQA20150820_111629_V06,5,3.384,1.200,2932,0,5.646,1,0,5.387
KNQA20150820-11,KNQA20150820_111629_V06,6,4.307,1.200,2939,0,1.997,0,0,1.997
KNQA20150820-11,KNQA20150820_111629_V06,7,6.021,1.200,2944,0,2.015,0,0,2.015
KNQA20150820-11,KNQA20150820_112124_V06,0,0.483,1.200,5261,0,111192.043,346,0,108786.289
KNQA20150820-11,KNQA20150820_112124_V06,2,1.450,1.200,5267,0,37196.094,276,0,36319.314
KNQA20150820-11,KNQA20150820_112124_V06,4,2.417,1.200,2645,0,8969.090,56,0,8722.558
KNQA20150820-11,KNQA20150820_112124_V06,5,3.384,1.200,2648,0,108.566,12,0,98.693
KNQA20150820-11,KNQA20150820_112124_V06,6,4.307,1.200,2644,0,1.966,0,0,1.966
KNQA20150820-11,KNQA20150820_112124_V06,7,6.021,1.200,2654,0,1.984,0,0,1.984
KNQA20150820-11,KNQA20150820_112620_V06,0,0.483,1.200,5936,0,126731.166,269,0,125352.615
KNQA20150820-11,KNQA20150820_112620_V06,2,1.450,1.200,5941,0,37304.556,324,0,36278.487
KNQA20150820-11,KNQA20150820_112620_V06,4,2.417,1.200,2970,0,13313.433,98,0,12563.072
KNQA20150820-11,KNQA20150820_112620_V06,5,3.384,1.200,2979,0,1496.963,31,0,1398.298
KNQA20150820-11,KNQA20150820_112620_V06,6,4.307,1.200,2979,0,3.253,0,0,3.253
KNQA20150820-11,KNQA20150820_112620_V06,7,6.021,1.200,2989,0,2.360,0,0,2.360
KNQA20150820-11,KNQA20150820_113116_V06,0,0.483,1.200,8725,0,160289.393,358,0,158325.209
KNQA20150820-11,KNQA20150820_113116_V06,2,1.450,1.200,8724,0,49722.070,489,0,47536.483
KNQA20150820-11,KNQA20150820_113116_V06,4,2.417,1.200,4360,0,15740.096,257,0,14559.804
KNQA20150820-11,KNQA20150820_113116_V06,5,3.384,1.200,4362,0,5243.551,182,0,4534.251
KNQA20150820-11,KNQA20150820_113116_V06,6,4.307,1.200,4364,0,216.756,42,0,151.116
KNQA20150820-11,KNQA20150820_113116_V06,7,6.021,1.200,4385,0,3.413,0,0,3.413
KNQA20150820-11,KNQA20150820_113611_V06,0,0.483,1.200,12468,0,200082.122,571,0,196535.542
KNQA20150820-11,KNQA20150820_113611_V06,2,1.450,1.200,12469,0,53972.938,939,0,50786.255
KNQA20150820-11,KNQA20150820_113611_V06,4,2.417,1.200,6239,0,15160.835,452,0,12730.446
KNQA20150820-11,KNQA20150820_113611_V06,5,3.384,1.200,6249,0,6061.020,360,0,4860.797
KNQA20150820-11,KNQA20150820_113611_V06,6,4.307,1.200,6253,0,1453.404,162,0,1069.845
KNQA20150820-11,KNQA20150820_113611_V06,7,6.021,1.200,6271,0,4.369,0,0,4.369
KNQA20150820-32,KNQA20150820_112124_V06,0,0.483,1.200,1874,0,96502.696,69,0,93759.521
KNQA20150820-32,KNQA20150820_112124_V06,2,1.450,1.200,1874,0,11.365,2,0,3.556
KNQA20150820-32,KNQA20150820_112124_V06,4,2.417,1.200,935,0,3.558,0,0,3.558
KNQA20150820-32,KNQA20150820_112620_V06,0,0.483,1.200,3657,0,96997.254,119,0,94657.343
KNQA20150820-32,KNQA20150820_112620_V06,2,1.450,1.200,3659,0,7.005,0,0,7.005
KNQA20150820-32,KNQA20150820_112620_V06,4,2.417,1.200,1825,0,6.995,0,0,6.995
KNQA20150820-32,KNQA20150820_113116_V06,0,0.483,1.200,6124,0,153585.926,209,0,150394.551
KNQA20150820-32,KNQA20150820_113116_V06,2,1.450,1.200,6131,0,123.305,4,0,107.001
KNQA20150820-32,KNQA20150820_113116_V06,4,2.417,1.200,3066,0,11.830,0,0,11.830
KNQA20150820-32,KNQA20150820_113611_V06,0,0.483,1.200,5536,0,197220.640,150,0,195103.319
KNQA20150820-32,KNQA20150820_113611_V06,2,1.450,1.200,5529,0,192.886,8,0,152.998
KNQA20150820-32,KNQA20150820_113611_V06,4,2.417,1.200,2768,0,11.453,0,0,11.453
KNQA20150820-32,KNQA20150820_114106_V06,0,0.483,1.200,7183,0,273403.023,165,0,269240.099
KNQA20150820-32,KNQA20150820_114106_V06,2,1.450,1.200,7187,0,531.889,17,0,476.468
KNQA20150820-32,KNQA20150820_114106_V06,4,2.417,1.200,3600,0,15.228,0,0,15.228
KNQA20150820-32,KNQA20150820_114602_V06,0,0.483,1.200,6931,0,331805.762,129,0,329296.630
KNQA20150820-32,KNQA20150820_114602_V06,2,1.450,1.200,6936,0,2797.484,19,0,313.081
KNQA20150820-32,KNQA20150820_114602_V06,4,2.417,1.200,3478,0,15.307,0,0,15.307
KNQA20150820-33,KNQA20150820_112620_V06,0,0.483,1.200,2597,0,11027.236,69,0,9008.021
KNQA20150820-33,KNQA20150820_112620_V06,2,1.450,1.200,2600,0,8.466,0,0,8.466
KNQA20150820-33,KNQA20150820_113116_V06,0,0.483,1.200,4383,0,29205.863,177,0,23722.085
KNQA20150820-33,KNQA20150820_113116_V06,2,1.450,1.200,4391,0,14.194,0,0,14.194
KNQA20150820-33,KNQA20150820_113611_V06,0,0.483,1.200,4884,0,48052.760,256,0,39183.483
KNQA20150820-33,KNQA20150820_113611_V06,2,1.450,1.200,4891,0,15.556,0,0,15.556
KNQA20150820-33,KNQA20150820_114106_V06,0,0.483,1.200,4801,0,44823.387,254,0,37064.323
KNQA20150820-33,KNQA20150820_114106_V06,2,1.450,1.200,4809,0,53.952,2,0,38.733
KNQA20150820-33,KNQA20150820_114602_V06,0,0.483,1.200,5695,0,44282.449,206,0,36945.314
KNQA20150820-33,KNQA20150820_114602_V06,2,1.450,1.200,5699,0,58.236,3,0,33.423
KNQA20150820-2,KNQA20150820_110638_V06,0,0.483,1.200,1892,0,17999.715,264,0,16231.598
KNQA20150820-2,KNQA20150820_110638_V06,2,1.450,1.200,1891,0,31.138,7,0,21.586
KNQA20150820-2,KNQA20150820_110638_V06,4,2.417,1.200,955,0,1.686,0,0,1.686
KNQA20150820-2,KNQA20150820_110638_V06,5,3.384,1.200,953,0,1.685,0,0,1.685
KNQA20150820-2,KNQA20150820_111134_V06,0,0.483,1.200,3976,0,42558.761,330,0,40806.006
KNQA20150820-2,KNQA20150820_111134_V06,2,1.450,1.200,3978,0,150.900,30,0,108.896
KNQA20150820-2,KNQA20150820_111134_V06,4,2.417,1.200,1986,0,7.971,0,0,7.971
KNQA20150820-2,KNQA20150820_111134_V06,5,3.384,1.200,1990,0,3.498,0,0,3.498
KNQA20150820-2,KNQA20150820_111629_V06,0,0.483,1.200,4431,0,38513.676,425,0,36768.227
KNQA20150820-2,KNQA20150820_111629_V06,2,1.450,1.200,4433,0,1577.100,111,0,1362.694
KNQA20150820-2,KNQA20150820_111629_V06,4,2.417,1.200,2221,0,7.601,0,0,7.601
KNQA20150820-2,KNQA20150820_111629_V06,5,3.384,1.200,2220,0,3.910,0,0,3.910
KNQA20150820-2,KNQA20150820_112124_V06,0,0.483,1.200,5210,0,31609.784,435,0,29858.763
KNQA20150820-2,KNQA20150820_112124_V06,2,1.450,1.200,5210,0,8035.025,263,0,7295.855
KNQA20150820-2,KNQA20150820_112124_V06,4,2.417,1.200,2607,0,4.566,0,0,4.566
KNQA20150820-2,KNQA20150820_112124_V06,5,3.384,1.200,2610,0,4.581,0,0,4.581
KNQA20150820-9,KNQA20150820_110638_V06,0,0.483,1.200,356,0,1191.192,8,0,1157.809
KNQA20150820-9,KNQA20150820_110638_V06,2,1.450,1.200,355,0,12.791,5,0,0.408
KNQA20150820-9,KNQA20150820_110638_V06,4,2.417,1.200,178,0,0.416,0,0,0.416
KNQA20150820-9,KNQA20150820_110638_V06,5,3.384,1.200,178,0,0.417,0,0,0.417
KNQA20150820-9,KNQA20150820_111134_V06,0,0.483,1.200,1742,0,25437.746,61,0,25133.442
KNQA20150820-9,KNQA20150820_111134_V06,2,1.450,1.200,1747,0,68.819,7,0,40.537
KNQA20150820-9,KNQA20150820_111134_V06,4,2.417,1.200,873,0,2.008,0,0,2.008
KNQA20150820-9,KNQA20150820_111134_V06,5,3.384,1.200,876,0,2.019,0,0,2.019
KNQA20150820-9,KNQA20150820_111629_V06,0,0.483,1.200,2429,0,47903.158,120,0,47203.235
KNQA20150820-9,KNQA20150820_111629_V06,2,1.450,1.200,2426,0,635.525,38,0,502.539
KNQA20150820-9,KNQA20150820_111629_V06,4,2.417,1.200,1218,0,2.764,0,0,2.764
KNQA20150820-9,KNQA20150820_111629_V06,5,3.384,1.200,1218,0,2.773,0,0,2.773
KNQA20150820-9,KNQA20150820_112124_V06,0,0.483,1.200,4041,0,45448.223,217,0,44044.572
KNQA20150820-9,KNQA20150820_112124_V06,2,1.450,1.200,4051,0,7779.766,147,0,7282.712
KNQA20150820-9,KNQA20150820_112124_V06,4,2.417,1.200,2019,0,11.593,0,0,11.593
KNQA20150820-9,KNQA20150820_112124_V06,5,3.384,1.200,2027,0,4.472,0,0,4.472
KNQA20150820-17,KNQA20150820_111134_V06,0,0.483,1.200,1126,0,9354.082,21,0,9020.749
KNQA20150820-17,KNQA20150820_111134_V06,2,1.450,1.200,1133,0,22.191,2,0,2.478
KNQA20150820-17,KNQA20150820_111134_V06,4,2.417,1.200,566,0,2.486,0,0,2.486
KNQA20150820-17,KNQA20150820_111629_V06,0,0.483,1.200,2146,0,37064.767,66,0,36106.375
KNQA20150820-17,KNQA20150820_111629_V06,2,1.450,1.200,2146,0,12.095,0,0,12.095
KNQA20150820-17,KNQA20150820_111629_V06,4,2.417,1.200,1075,0,4.710,0,0,4.710
KNQA20150820-17,KNQA20150820_112124_V06,0,0.483,1.200,2098,0,56049.633,85,0,54978.459
KNQA20150820-17,KNQA20150820_112124_V06,2,1.450,1.200,2099,0,24.706,1,0,12.821
KNQA20150820-17,KNQA20150820_112124_V06,4,2.417,1.200,1052,0,4.463,0,0,4.463
KNQA20150820-17,KNQA20150820_112620_V06,0,0.483,1.200,2926,0,62432.467,165,0,60100.373
KNQA20150820-17,KNQA20150820_112620_V06,2,1.450,1.200,2935,0,117.594,5,0,96.865
KNQA20150820-17,KNQA20150820_112620_V06,4,2.417,1.200,1469,0,6.168,0,0,6.168
KNQA20150820-24,KNQA20150820_111134_V06,0,0.483,1.200,1681,0,10372.920,23,0,9983.412
KNQA20150820-24,KNQA20150820_111134_V06,2,1.450,1.200,1687,0,4.497,0,0,4.497
KNQA20150820-24,KNQA20150820_111629_V06,0,0.483,1.200,2753,0,64739.457,54,0,63581.019
KNQA20150820-24,KNQA20150820_111629_V06,2,1.450,1.200,2758,0,7.386,0,0,7.386
KNQA20150820-24,KNQA20150820_112124_V06,0,0.483,1.200,2523,0,86627.337,54,0,85383.786
KNQA20150820-24,KNQA20150820_112124_V06,2,1.450,1.200,2524,0,71.567,0,0,71.567
KNQA20150820-24,KNQA20150820_112620_V06,0,0.483,1.200,3048,0,96813.257,91,0,95151.824
KNQA20150820-24,KNQA20150820_112620_V06,2,1.450,1.200,3040,0,7.869,0,0,7.869
KNQA20150820-34,KNQA20150820_113116_V06,0,0.483,1.200,3061,0,13496.718,77,0,9688.901
KNQA20150820-34,KNQA20150820_113116_V06,2,1.450,1.200,3066,0,12.059,0,0,12.059
KNQA20150820-34,KNQA20150820_113611_V06,0,0.483,1.200,4474,0,17243.980,122,0,12828.691
KNQA20150820-34,KNQA20150820_113611_V06,2,1.450,1.200,4482,0,17.399,0,0,17.399
KNQA20150820-34,KNQA20150820_114106_V06,0,0.483,1.200,6436,0,24103.714,154,0,17326.672
KNQA20150820-34,KNQA20150820_114106_V06,2,1.450,1.200,6433,0,24.803,0,0,24.803
KNQA20150820-34,KNQA20150820_114602_V06,0,0.483,1.200,8767,0,27570.985,230,0,18551.974
KNQA20150820-34,KNQA20150820_114602_V06,2,1.450,1.200,8775,0,33.596,0,0,33.596
KNQA20150820-34,KNQA20150820_115057_V06,0,0.483,1.200,8721,0,28941.689,247,0,17597.451
KNQA20150820-34,KNQA20150820_115057_V06,2,1.450,1.200,8722,0,31.596,0,0,31.596
KNQA20150820-19,KNQA20150820_111134_V06,0,0.483,1.200,411,0,15767.719,26,0,15525.401
KNQA20150820-19,KNQA20150820_111134_V06,2,1.450,1.200,409,0,2.194,0,0,2.194
KNQA20150820-19,KNQA20150820_111134_V06,4,2.417,1.200,205,0,0.357,0,0,0.357
KNQA20150820-19,KNQA20150820_111134_V06,5,3.384,1.200,207,0,0.361,0,0,0.361
KNQA20150820-19,KNQA20150820_111629_V06,0,0.483,1.200,1711,0,18757.189,132,0,17980.424
KNQA20150820-19,KNQA20150820_111629_V06,2,1.450,1.200,1715,0,108.175,22,0,72.465
KNQA20150820-19,KNQA20150820_111629_V06,4,2.417,1.200,858,0,1.495,0,0,1.495
KNQA20150820-19,KNQA20150820_111629_V06,5,3.384,1.200,859,0,1.499,0,0,1.499
KNQA20150820-19,KNQA20150820_112124_V06,0,0.483,1.200,2561,0,19075.879,249,0,17793.511
KNQA20150820-19,KNQA20150820_112124_V06,2,1.450,1.200,2560,0,826.841,53,0,679.132
KNQA20150820-19,KNQA20150820_112124_V06,4,2.417,1.200,1286,0,12.362,0,0,12.362
KNQA20150820-19,KNQA20150820_112124_V06,5,3.384,1.200,1285,0,2.251,0,0,2.251
KNQA20150820-27,KNQA20150820_111629_V06,0,0.483,1.200,2983,0,70090.041,62,0,67718.155
KNQA20150820-27,KNQA20150820_111629_V06,2,1.450,1.200,2988,0,10.870,0,0,10.870
KNQA20150820-27,KNQA20150820_112124_V06,0,0.483,1.200,5201,0,163751.693,177,0,156555.776
KNQA20150820-27,KNQA20150820_112124_V06,2,1.450,1.200,5204,0,18.931,0,0,18.931
KNQA20150820-27,KNQA20150820_112620_V06,0,0.483,1.200,8610,0,292888.972,374,0,271071.642
KNQA20150820-27,KNQA20150820_112620_V06,2,1.450,1.200,8620,0,64.692,2,0,34.698
KNQA20150820-27,KNQA20150820_113116_V06,0,0.483,1.200,12166,0,373580.106,652,0,335967.826
KNQA20150820-27,KNQA20150820_113116_V06,2,1.450,1.200,12178,0,164.101,3,0,105.006
KNQA20150820-40,KNQA20150820_120545_V06,0,0.483,1.200,4836,0,20565.139,96,0,14434.430
KNQA20150820-40,KNQA20150820_121041_V06,0,0.483,1.200,8413,0,42048.890,170,0,28525.562
KNQA20150820-40,KNQA20150820_121536_V06,0,0.483,1.200,9670,0,61215.675,249,0,39408.687
KNQA20150820-4,KNQA20150820_110638_V06,0,0.483,1.200,436,0,5687.241,48,0,4965.227
KNQA20150820-4,KNQA20150820_110638_V06,2,1.450,1.200,436,0,13.433,5,0,9.533
KNQA20150820-4,KNQA20150820_110638_V06,4,2.417,1.200,218,0,0.217,0,0,0.217
KNQA20150820-4,KNQA20150820_110638_V06,5,3.384,1.200,220,0,0.219,0,0,0.219
KNQA20150820-4,KNQA20150820_110638_V06,6,4.307,1.200,218,0,0.217,0,0,0.217
KNQA20150820-4,KNQA20150820_111134_V06,0,0.483,1.200,2195,0,16730.043,289,0,15128.640
KNQA20150820-4,KNQA20150820_111134_V06,2,1.450,1.200,2195,0,145.276,33,0,124.961
KNQA20150820-4,KNQA20150820_111134_V06,4,2.417,1.200,1100,0,1.093,0,0,1.093
KNQA20150820-4,KNQA20150820_111134_V06,5,3.384,1.200,1102,0,1.097,0,0,1.097
KNQA20150820-4,KNQA20150820_111134_V06,6,4.307,1.200,1102,0,1.099,0,0,1.099
KNQA20150820-18,KNQA20150820_111134_V06,0,0.483,1.200,529,0,4842.783,6,0,4781.496
KNQA20150820-18,KNQA20150820_111134_V06,2,1.450,1.200,528,0,0.890,0,0,0.890
KNQA20150820-18,KNQA20150820_111134_V06,4,2.417,1.200,259,0,0.875,0,0,0.875
KNQA20150820-18,KNQA20150820_111629_V06,0,0.483,1.200,1543,0,28002.243,58,0,27256.247
KNQA20150820-18,KNQA20150820_111629_V06,2,1.450,1.200,1541,0,69.484,0,0,69.484
KNQA20150820-18,KNQA20150820_111629_V06,4,2.417,1.200,777,0,2.646,0,0,2.646
KNQA20150820-26,KNQA20150820_111629_V06,0,0.483,1.200,1074,0,35560.222,30,0,34797.063
KNQA20150820-26,KNQA20150820_111629_V06,2,1.450,1.200,1076,0,2.571,0,0,2.571
KNQA20150820-26,KNQA20150820_112124_V06,0,0.483,1.200,2262,0,64686.713,71,0,62845.957
KNQA20150820-26,KNQA20150820_112124_V06,2,1.450,1.200,2265,0,17.188,0,0,17.188
KNQA20150820-30,KNQA20150820_112124_V06,0,0.483,1.200,801,0,19090.379,21,0,17639.580
KNQA20150820-30,KNQA20150820_112124_V06,2,1.450,1.200,804,0,2.231,0,0,2.231
KNQA20150820-30,KNQA20150820_112620_V06,0,0.483,1.200,2080,0,22851.079,65,0,21132.128
KNQA20150820-30,KNQA20150820_112620_V06,2,1.450,1.200,2085,0,5.766,0,0,5.766
KNQA20150820-6,KNQA20150820_110638_V06,0,0.483,1.200,818,0,11222.684,97,0,10644.099
KNQA20150820-6,KNQA20150820_110638_V06,2,1.450,1.200,821,0,249.946,95,0,117.477
KNQA20150820-6,KNQA20150820_110638_V06,4,2.417,1.200,411,0,0.351,0,0,0.351
KNQA20150820-6,KNQA20150820_110638_V06,5,3.384,1.200,413,0,0.353,0,0,0.353
KNQA20150820-6,KNQA20150820_110638_V06,6,4.307,1.200,412,0,0.353,0,0,0.353
KNQA20150820-6,KNQA20150820_110638_V06,7,6.021,1.200,413,0,0.356,0,0,0.356
KNQA20150820-14,KNQA20150820_110638_V06,0,0.483,1.200,2029,0,28898.818,28,0,27689.038
KNQA20150820-14,KNQA20150820_110638_V06,2,1.450,1.200,2031,0,7.422,0,0,7.422
KNQA20150820-16,KNQA20150820_110638_V06,0,0.483,1.200,544,0,23106.755,28,0,22798.245
KNQA20150820-16,KNQA20150820_110638_V06,2,1.450,1.200,547,0,8.178,2,0,3.966
KNQA20150820-16,KNQA20150820_110638_V06,4,2.417,1.200,273,0,0.541,0,0,0.541
KNQA20150820-16,KNQA20150820_110638_V06,5,3.384,1.200,273,0,0.542,0,0,0.542
KNQA20150820-23,KNQA20150820_111134_V06,0,0.483,1.200,1694,0,8757.459,108,0,8078.997
KNQA20150820-23,KNQA20150820_111134_V06,2,1.450,1.200,1695,0,51.357,10,0,35.213
KNQA20150820-23,KNQA20150820_111134_V06,4,2.417,1.200,848,0,1.406,0,0,1.406
KNQA20150820-23,KNQA20150820_111134_V06,5,3.384,1.200,846,0,1.406,0,0,1.406
KNQA20150820-23,KNQA20150820_111629_V06,0,0.483,1.200,1121,0,14580.405,70,0,14307.931
KNQA20150820-23,KNQA20150820_111629_V06,2,1.450,1.200,1120,0,394.571,35,0,284.538
KNQA20150820-23,KNQA20150820_111629_V06,4,2.417,1.200,561,0,0.946,0,0,0.946
KNQA20150820-23,KNQA20150820_111629_V06,5,3.384,1.200,560,0,0.947,0,0,0.947
KNQA20150820-29,KNQA20150820_112124_V06,0,0.483,1.200,5879,1,71492.504,637,1,65660.522
KNQA20150820-29,KNQA20150820_112124_V06,2,1.450,1.200,5880,0,9391.578,923,0,9014.579
KNQA20150820-29,KNQA20150820_112124_V06,4,2.417,1.200,2934,0,2267.498,420,0,2115.519
KNQA20150820-29,KNQA20150820_112124_V06,5,3.384,1.200,2935,0,124.506,248,0,104.395
KNQA20150820-29,KNQA20150820_112124_V06,6,4.307,1.200,2940,0,29.125,552,0,8.537
KNQA20150820-29,KNQA20150820_112124_V06,7,6.021,1.200,2957,0,22.462,616,0,3.700
KNQA20150820-29,KNQA20150820_112124_V06,8,9.888,1.200,2981,0,3.708,287,0,1.606
KNQA20150820-29,KNQA20150820_112620_V06,0,0.483,1.200,18610,8,111620.439,2008,7,104323.078
KNQA20150820-29,KNQA20150820_112620_V06,2,1.450,1.200,18617,0,27644.035,3779,0,26037.651
KNQA20150820-29,KNQA20150820_112620_V06,4,2.417,1.200,9318,0,6807.242,1859,0,6021.329
KNQA20150820-29,KNQA20150820_112620_V06,5,3.384,1.200,9328,0,1072.226,1666,0,838.914
KNQA20150820-29,KNQA20150820_112620_V06,6,4.307,1.200,9341,0,446.783,2129,0,311.154
KNQA20150820-29,KNQA20150820_112620_V06,7,6.021,1.200,9370,0,46.148,1967,0,11.971
KNQA20150820-29,KNQA20150820_112620_V06,8,9.888,1.200,9474,0,9.783,1431,0,3.246
KNQA20150820-29,KNQA20150820_113116_V06,0,0.483,1.200,16672,5,77543.326,1852,4,72788.343
KNQA20150820-29,KNQA20150820_113116_V06,2,1.450,1.200,16685,0,20994.412,3636,0,19271.907
KNQA20150820-29,KNQA20150820_113116_V06,4,2.417,1.200,8350,0,1882.898,1884,0,1371.106
KNQA20150820-29,KNQA20150820_113116_V06,5,3.384,1.200,8362,0,466.935,1693,0,271.240
KNQA20150820-29,KNQA20150820_113116_V06,6,4.307,1.200,8371,0,230.975,1856,0,151.478
KNQA20150820-29,KNQA20150820_113116_V06,7,6.021,1.200,8393,0,122.313,2026,0,70.288
KNQA20150820-29,KNQA20150820_113116_V06,8,9.888,1.200,8495,0,12.012,1447,0,5.697
KNQA20150820-31,KNQA20150820_112124_V06,0,0.483,1.200,279,0,12474.969,5,0,12401.814
KNQA20150820-31,KNQA20150820_112124_V06,2,1.450,1.200,274,0,27.897,2,0,0.630
KNQA20150820-38,KNQA20150820_114602_V06,0,0.483,1.200,5251,0,20223.191,172,0,13927.412
KNQA20150820-38,KNQA20150820_114602_V06,2,1.450,1.200,5256,0,19.564,0,0,19.564
KNQA20150821-1,KNQA20150821_110152_V06,0,0.483,1.200,1399,0,37011.773,23,0,36025.015
KNQA20150821-1,KNQA20150821_110152_V06,2,1.494,1.200,1400,0,5.577,0,0,5.577
KNQA20150821-1,KNQA20150821_111136_V06,0,0.483,1.200,5031,0,122616.143,79,0,119732.679
KNQA20150821-1,KNQA20150821_111136_V06,2,1.494,1.200,5036,0,95.499,3,0,45.199
KNQA20150821-1,KNQA20150821_112120_V06,0,0.483,1.200,7836,0,194850.845,404,0,171394.027
KNQA20150821-1,KNQA20150821_112120_V06,2,1.450,1.200,7841,0,362.553,4,0,236.519
KNQA20150821-3,KNQA20150821_111136_V06,0,0.483,1.200,1482,0,74139.724,15,0,73454.598
KNQA20150821-3,KNQA20150821_111136_V06,2,1.494,1.200,1486,0,12400.192,24,0,12327.462
KNQA20150821-3,KNQA20150821_111136_V06,4,2.505,1.200,744,0,190.911,12,0,178.611
KNQA20150821-3,KNQA20150821_111136_V06,5,3.516,1.200,743,0,19.047,0,0,19.047
KNQA20150821-3,KNQA20150821_111136_V06,6,4.482,1.200,744,0,1.150,0,0,1.150
KNQA20150821-3,KNQA20150821_112120_V06,0,0.483,1.200,8251,0,58828.801,355,0,56514.987
KNQA20150821-3,KNQA20150821_112120_V06,2,1.450,1.200,8253,0,46585.967,787,0,43342.268
KNQA20150821-3,KNQA20150821_112120_V06,4,2.417,1.200,4133,0,13947.678,281,0,11303.341
KNQA20150821-3,KNQA20150821_112120_V06,5,3.384,1.200,4132,0,2050.337,91,0,1688.686
KNQA20150821-3,KNQA20150821_112120_V06,6,4.307,1.200,4132,0,289.447,51,0,253.206
KNQA20150821-3,KNQA20150821_112120_V06,7,6.021,1.200,4151,0,19.470,69,0,11.353
KNQA20150821-3,KNQA20150821_112617_V06,0,0.483,1.200,14183,0,73858.433,750,0,69260.036
KNQA20150821-3,KNQA20150821_112617_V06,2,1.450,1.200,14187,0,31286.363,2002,0,28305.250
KNQA20150821-3,KNQA20150821_112617_V06,4,2.417,1.200,7093,0,21076.990,662,0,17063.247
KNQA20150821-3,KNQA20150821_112617_V06,5,3.384,1.200,7109,0,5289.343,374,0,4330.365
KNQA20150821-3,KNQA20150821_112617_V06,6,4.307,1.200,7114,0,1586.501,262,0,1175.625
KNQA20150821-3,KNQA20150821_112617_V06,7,6.021,1.200,7129,0,319.955,147,0,195.906
KNQA20150821-3,KNQA20150821_113113_V06,0,0.483,1.200,22350,0,105238.230,1635,0,99004.065
KNQA20150821-3,KNQA20150821_113113_V06,2,1.450,1.200,22359,0,17978.273,3859,0,14756.778
KNQA20150821-3,KNQA20150821_113113_V06,4,2.417,1.200,11183,0,16660.751,1230,0,13060.896
KNQA20150821-3,KNQA20150821_113113_V06,5,3.384,1.200,11201,0,8136.545,1029,0,6117.333
KNQA20150821-3,KNQA20150821_113113_V06,6,4.307,1.200,11215,0,2437.215,721,0,1717.649
KNQA20150821-3,KNQA20150821_113113_V06,7,6.021,1.200,11251,0,602.921,407,0,453.033
KNQA20150821-2,KNQA20150821_111136_V06,0,0.483,1.200,2844,0,11090.235,272,0,10038.778
KNQA20150821-2,KNQA20150821_111136_V06,2,1.494,1.200,2848,0,58.688,19,0,37.967
KNQA20150821-2,KNQA20150821_111136_V06,4,2.505,1.200,1421,0,2.507,0,0,2.507
KNQA20150821-2,KNQA20150821_111136_V06,5,3.516,1.200,1426,0,2.524,0,0,2.524
KNQA20150821-4,KNQA20150821_111136_V06,0,0.483,1.200,865,0,28683.459,45,0,28252.355
KNQA20150821-4,KNQA20150821_111136_V06,2,1.494,1.200,867,0,11.514,1,0,9.280
KNQA20150821-4,KNQA20150821_111136_V06,4,2.505,1.200,433,0,0.897,0,0,0.897
KNQA20150821-4,KNQA20150821_111136_V06,5,3.516,1.200,431,0,0.894,0,0,0.894
KNQA20150821-6,KNQA20150821_112617_V06,0,0.483,1.200,4147,0,18705.519,103,0,13376.039
KNQA20150821-6,KNQA20150821_112617_V06,2,1.450,1.200,4152,0,16.131,0,0,16.131
KNQA20150822-3,KNQA20150822_112135_V06,0,0.483,1.200,5543,0,49228.875,631,0,47304.879
KNQA20150822-3,KNQA20150822_112135_V06,2,1.450,1.200,5542,0,11678.179,940,0,10077.639
KNQA20150822-3,KNQA20150822_112135_V06,4,2.417,1.200,2773,0,2479.063,308,0,1089.721
KNQA20150822-3,KNQA20150822_112135_V06,5,3.384,1.200,2774,0,2061.832,321,0,37.083
KNQA20150822-3,KNQA20150822_112135_V06,6,4.307,1.200,2780,0,3341.293,446,0,35.537
KNQA20150822-3,KNQA20150822_112135_V06,7,6.021,1.200,2798,0,3832.193,771,0,28.699
KNQA20150822-3,KNQA20150822_112656_V06,0,0.483,1.200,13054,0,40217.625,2272,0,36629.671
KNQA20150822-3,KNQA20150822_112656_V06,2,1.450,1.200,13064,0,14899.573,2970,0,12024.910
KNQA20150822-3,KNQA20150822_112656_V06,4,2.417,1.200,6534,0,7828.432,1053,0,4535.193
KNQA20150822-3,KNQA20150822_112656_V06,5,3.384,1.200,6547,0,7349.294,1300,0,756.090
KNQA20150822-3,KNQA20150822_112656_V06,6,4.307,1.200,6553,0,10788.410,1543,0,219.078
KNQA20150822-3,KNQA20150822_112656_V06,7,6.021,1.200,6572,0,18969.802,2079,0,144.311
KNQA20150822-7,KNQA20150822_123313_V06,0,0.483,1.200,9550,0,23245.123,3499,0,7969.722
KNQA20150822-7,KNQA20150822_123313_V06,2,1.450,1.200,9553,0,19851.546,5525,0,541.680
KNQA20150822-7,KNQA20150822_123313_V06,4,2.417,1.200,4773,0,17884.873,2492,0,280.827
KNQA20150822-7,KNQA20150822_123313_V06,5,3.384,1.200,4782,0,17577.291,2532,0,177.384
KNQA20150822-7,KNQA20150822_123313_V06,6,4.307,1.200,4791,0,15882.254,2385,0,183.812
KNQA20150822-7,KNQA20150822_123313_V06,7,6.021,1.200,4803,0,19633.207,2468,0,1359.295
KNQA20150822-7,KNQA20150822_123313_V06,8,9.888,1.200,4853,0,9694.721,3046,0,122.871
KNQA20150823-4,KNQA20150823_111035_V06,0,0.483,1.200,2483,0,57545.334,267,0,53552.942
KNQA20150823-4,KNQA20150823_111035_V06,2,0.879,1.200,2483,0,36418.318,329,0,33018.119
KNQA20150823-4,KNQA20150823_111035_V06,4,1.318,1.200,2485,0,16026.377,551,0,13352.481
KNQA20150823-4,KNQA20150823_111035_V06,6,1.802,1.200,1244,0,1463.605,223,0,872.043
KNQA20150823-4,KNQA20150823_111035_V06,7,2.417,1.200,1243,0,48.978,28,0,44.061
KNQA20150823-4,KNQA20150823_111035_V06,8,3.120,1.200,1242,0,2.265,0,0,2.265
KNQA20150823-4,KNQA20150823_111035_V06,11,3.999,1.200,1240,0,1.372,3,0,1.187
KNQA20150823-4,KNQA20150823_111035_V06,12,5.098,1.200,1249,0,8.686,13,0,6.507
KNQA20150823-4,KNQA20150823_111035_V06,13,6.416,1.200,1250,0,19.531,30,0,13.415
KNQA20150823-4,KNQA20150823_111035_V06,14,7.998,1.200,1256,0,3.652,31,0,0.813
KNQA20150823-4,KNQA20150823_111544_V06,0,0.483,1.200,6968,0,68716.286,763,0,62293.256
KNQA20150823-4,KNQA20150823_111544_V06,2,0.879,1.200,6976,0,41831.115,930,0,37712.304
KNQA20150823-4,KNQA20150823_111544_V06,4,1.318,1.200,6978,0,28459.979,1474,0,23914.988
KNQA20150823-4,KNQA20150823_111544_V06,6,1.802,1.200,3490,0,8647.308,748,0,5155.312
KNQA20150823-4,KNQA20150823_111544_V06,7,2.417,1.200,3490,0,1081.126,378,0,500.035
KNQA20150823-4,KNQA20150823_111544_V06,8,3.120,1.200,3489,0,24.247,82,0,17.137
KNQA20150823-4,KNQA20150823_111544_V06,11,3.999,1.200,3497,0,8.059,31,0,6.847
KNQA20150823-4,KNQA20150823_111544_V06,12,5.098,1.200,3507,0,12.265,5,0,11.520
KNQA20150823-4,KNQA20150823_111544_V06,13,6.416,1.200,3510,0,21.589,49,0,13.217
KNQA20150823-4,KNQA20150823_111544_V06,14,7.998,1.200,3530,0,34.737,153,0,3.860
KNQA20150823-4,KNQA20150823_112053_V06,0,0.483,1.200,8230,0,68921.975,892,0,64250.860
KNQA20150823-4,KNQA20150823_112053_V06,2,0.879,1.200,8235,0,51400.461,1022,0,47924.165
KNQA20150823-4,KNQA20150823_112053_V06,4,1.318,1.200,8243,0,35293.968,1522,0,31970.201
KNQA20150823-4,KNQA20150823_112053_V06,6,1.802,1.200,4117,0,15768.099,1005,0,10331.305
KNQA20150823-4,KNQA20150823_112053_V06,7,2.417,1.200,4121,0,4269.176,617,0,2488.458
KNQA20150823-4,KNQA20150823_112053_V06,8,3.120,1.200,4127,0,564.212,296,0,278.376
KNQA20150823-4,KNQA20150823_112053_V06,11,3.999,1.200,4129,0,37.462,82,0,30.152
KNQA20150823-4,KNQA20150823_112053_V06,12,5.098,1.200,4133,0,28.859,30,0,10.153
KNQA20150823-4,KNQA20150823_112053_V06,13,6.416,1.200,4149,0,28.516,63,0,12.963
KNQA20150823-4,KNQA20150823_112053_V06,14,7.998,1.200,4161,0,25.502,104,0,4.106
KNQA20150823-4,KNQA20150823_112602_V06,0,0.483,1.200,9556,0,91323.340,1102,0,86870.131
KNQA20150823-4,KNQA20150823_112602_V06,2,0.879,1.200,9563,0,55935.997,1173,0,53698.688
KNQA20150823-4,KNQA20150823_112602_V06,4,1.318,1.200,9564,0,42218.231,1878,0,39125.706
KNQA20150823-4,KNQA20150823_112602_V06,6,1.802,1.200,4783,0,19247.224,1347,0,12008.326
KNQA20150823-4,KNQA20150823_112602_V06,7,2.417,1.200,4781,0,6700.645,1004,0,3714.408
KNQA20150823-4,KNQA20150823_112602_V06,8,3.120,1.200,4788,0,1383.446,633,0,753.702
KNQA20150823-4,KNQA20150823_112602_V06,11,3.999,1.200,4796,0,265.264,313,0,169.233
KNQA20150823-4,KNQA20150823_112602_V06,12,5.098,1.200,4801,0,39.505,76,0,21.210
KNQA20150823-4,KNQA20150823_112602_V06,13,6.416,1.200,4818,0,20.869,46,0,10.650
KNQA20150823-4,KNQA20150823_112602_V06,14,7.998,1.200,4821,0,18.138,107,0,3.827
KNQA20150823-4,KNQA20150823_113111_V06,0,0.483,1.200,10164,0,72217.921,915,0,68168.790
KNQA20150823-4,KNQA20150823_113111_V06,2,0.879,1.200,10166,0,54390.646,1134,0,51907.730
KNQA20150823-4,KNQA20150823_113111_V06,4,1.318,1.200,10167,0,46628.152,1886,0,43739.863
KNQA20150823-4,KNQA20150823_113111_V06,6,1.802,1.200,5086,0,23922.245,1483,0,16853.764
KNQA20150823-4,KNQA20150823_113111_V06,7,2.417,1.200,5090,0,9991.751,1235,0,6436.595
KNQA20150823-4,KNQA20150823_113111_V06,8,3.120,1.200,5091,0,3142.140,814,0,2017.093
KNQA20150823-4,KNQA20150823_113111_V06,11,3.999,1.200,5101,0,746.226,471,0,391.666
KNQA20150823-4,KNQA20150823_113111_V06,12,5.098,1.200,5095,0,237.032,177,0,122.464
KNQA20150823-4,KNQA20150823_113111_V06,13,6.416,1.200,5120,0,16.966,47,0,11.601
KNQA20150823-4,KNQA20150823_113111_V06,14,7.998,1.200,5134,0,22.494,77,0,7.793
KNQA20150823-4,KNQA20150823_113621_V06,0,0.483,1.200,17484,0,116927.571,1821,0,110670.929
KNQA20150823-4,KNQA20150823_113621_V06,2,0.879,1.200,17472,0,64634.481,2186,0,60297.614
KNQA20150823-4,KNQA20150823_113621_V06,4,1.318,1.200,17486,0,52119.240,3126,0,47589.393
KNQA20150823-4,KNQA20150823_113621_V06,6,1.802,1.200,8765,0,34638.644,2428,0,25749.995
KNQA20150823-4,KNQA20150823_113621_V06,7,2.417,1.200,8770,0,16987.625,2251,0,10701.046
KNQA20150823-4,KNQA20150823_113621_V06,8,3.120,1.200,8778,0,4732.029,1767,0,2735.475
KNQA20150823-4,KNQA20150823_113621_V06,11,3.999,1.200,8776,0,1430.426,1179,0,747.258
KNQA20150823-4,KNQA20150823_113621_V06,12,5.098,1.200,8804,0,449.232,744,0,235.952
KNQA20150823-4,KNQA20150823_113621_V06,13,6.416,1.200,8812,0,171.363,441,0,64.343
KNQA20150823-4,KNQA20150823_113621_V06,14,7.998,1.200,8854,0,37.156,418,0,15.389
KNQA20150823-4,KNQA20150823_113621_V06,15,10.020,1.200,8915,0,12.631,248,0,4.402
KNQA20150823-5,KNQA20150823_112053_V06,0,0.483,1.200,293,0,4272.422,25,0,2969.697
KNQA20150823-5,KNQA20150823_112053_V06,2,0.879,1.200,294,0,543.881,7,0,285.604
KNQA20150823-5,KNQA20150823_112053_V06,4,1.318,1.200,295,0,1.258,0,0,1.258
KNQA20150823-5,KNQA20150823_112602_V06,0,0.483,1.200,990,0,9401.757,54,0,6244.370
KNQA20150823-5,KNQA20150823_112602_V06,2,0.879,1.200,987,0,5224.798,29,0,3275.403
KNQA20150823-5,KNQA20150823_112602_V06,4,1.318,1.200,987,0,4.190,0,0,4.190
KNQA20150823-6,KNQA20150823_113621_V06,0,0.483,1.200,2800,0,47408.478,220,0,44484.659
KNQA20150823-6,KNQA20150823_113621_V06,2,0.879,1.200,2799,0,15301.380,135,0,14393.109
KNQA20150823-6,KNQA20150823_113621_V06,4,1.318,1.200,2800,0,5493.045,265,0,4311.771
KNQA20150823-6,KNQA20150823_113621_V06,6,1.802,1.200,1402,0,1531.967,309,0,828.474
KNQA20150823-6,KNQA20150823_113621_V06,7,2.417,1.200,1407,0,869.250,383,0,467.125
KNQA20150823-6,KNQA20150823_113621_V06,8,3.120,1.200,1407,0,678.835,413,0,389.601
KNQA20150823-6,KNQA20150823_113621_V06,11,3.999,1.200,1409,0,382.296,435,0,198.806
KNQA20150823-6,KNQA20150823_113621_V06,12,5.098,1.200,1412,0,128.444,318,0,76.648
KNQA20150823-6,KNQA20150823_113621_V06,13,6.416,1.200,1414,0,31.261,247,0,15.807
KNQA20150823-6,KNQA20150823_113621_V06,14,7.998,1.200,1420,0,17.306,202,0,3.731
KNQA20150823-6,KNQA20150823_113621_V06,15,10.020,1.200,1432,0,6.407,203,0,2.210
KNQA20150823-6,KNQA20150823_113621_V06,16,12.480,1.200,1435,0,4.536,174,0,1.679
KNQA20150823-6,KNQA20150823_113621_V06,17,15.601,1.200,1465,0,2.775,103,0,1.456
KNQA20150824-2,KNQA20150824_110338_V06,0,0.483,1.200,44,0,970.661,1,0,949.359
KNQA20150824-2,KNQA20150824_110338_V06,2,1.450,1.200,45,0,0.168,0,0,0.168
KNQA20150824-2,KNQA20150824_110833_V06,0,0.483,1.200,416,0,13789.046,4,0,13575.958
KNQA20150824-2,KNQA20150824_110833_V06,2,1.450,1.200,419,0,1.567,0,0,1.567
KNQA20150824-2,KNQA20150824_111328_V06,0,0.483,1.200,871,0,43840.469,29,0,42769.007
KNQA20150824-2,KNQA20150824_111328_V06,2,1.450,1.200,872,0,3.304,0,0,3.304
KNQA20150824-2,KNQA20150824_111824_V06,0,0.483,1.200,2434,0,98170.316,67,0,95297.901
KNQA20150824-2,KNQA20150824_111824_V06,2,1.450,1.200,2433,0,9.390,0,0,9.390
KNQA20150824-2,KNQA20150824_112319_V06,0,0.483,1.200,4324,0,233268.138,160,0,222737.870
KNQA20150824-2,KNQA20150824_112319_V06,2,1.450,1.200,4321,0,64.573,2,0,16.952
KNQA20150824-2,KNQA20150824_112841_V06,0,0.483,1.200,6972,0,394467.221,307,0,374116.379
KNQA20150824-2,KNQA20150824_112841_V06,2,1.450,1.200,6986,0,260.153,2,0,160.200
KNQA20150824-2,KNQA20150824_113337_V06,0,0.483,1.200,6485,0,489393.086,357,0,456712.361
KNQA20150824-2,KNQA20150824_113337_V06,2,1.450,1.200,6487,0,3810.946,33,0,3137.772
KNQA20150824-2,KNQA20150824_113832_V06,0,0.483,1.200,9348,0,533296.881,550,0,492348.950
KNQA20150824-2,KNQA20150824_113832_V06,2,1.450,1.200,9353,0,9630.501,63,0,8504.846
KNQA20150824-2,KNQA20150824_114327_V06,0,0.483,1.200,11734,0,486195.159,869,0,428841.728
KNQA20150824-2,KNQA20150824_114327_V06,2,1.450,1.200,11743,0,18652.292,135,0,16359.117
KNQA20150824-2,KNQA20150824_114825_V06,0,0.483,1.200,11481,0,429197.886,950,0,373440.874
KNQA20150824-2,KNQA20150824_114825_V06,2,1.450,1.200,11491,0,23160.315,158,0,20402.196
KNQA20150824-6,KNQA20150824_110833_V06,0,0.483,1.200,61,0,2851.674,3,0,2667.373
KNQA20150824-6,KNQA20150824_110833_V06,2,1.450,1.200,60,0,0.121,0,0,0.121
KNQA20150824-6,KNQA20150824_110833_V06,4,2.417,1.200,30,0,0.122,0,0,0.122
KNQA20150824-6,KNQA20150824_111328_V06,0,0.483,1.200,791,0,84779.870,23,0,84163.966
KNQA20150824-6,KNQA20150824_111328_V06,2,1.450,1.200,793,0,1.599,0,0,1.599
KNQA20150824-6,KNQA20150824_111328_V06,4,2.417,1.200,395,0,1.595,0,0,1.595
KNQA20150824-6,KNQA20150824_111824_V06,0,0.483,1.200,1912,0,105581.056,64,0,103034.228
KNQA20150824-6,KNQA20150824_111824_V06,2,1.450,1.200,1912,0,60.105,2,0,46.821
KNQA20150824-6,KNQA20150824_111824_V06,4,2.417,1.200,955,0,3.867,0,0,3.867
KNQA20150824-6,KNQA20150824_112319_V06,0,0.483,1.200,3095,0,148968.165,116,0,145392.790
KNQA20150824-6,KNQA20150824_112319_V06,2,1.450,1.200,3098,0,931.325,35,0,736.387
KNQA20150824-6,KNQA20150824_112319_V06,4,2.417,1.200,1551,0,6.263,0,0,6.263
KNQA20150824-10,KNQA20150824_111328_V06,0,0.483,1.200,837,0,46386.673,12,0,46044.996
KNQA20150824-10,KNQA20150824_111328_V06,2,1.450,1.200,833,0,21.670,0,0,21.670
KNQA20150824-10,KNQA20150824_111328_V06,4,2.417,1.200,421,0,1.803,0,0,1.803
KNQA20150824-10,KNQA20150824_111824_V06,0,0.483,1.200,2321,0,151263.047,58,0,148068.094
KNQA20150824-10,KNQA20150824_111824_V06,2,1.450,1.200,2324,0,118.371,3,0,99.397
KNQA20150824-10,KNQA20150824_111824_V06,4,2.417,1.200,1161,0,4.940,0,0,4.940
KNQA20150824-10,KNQA20150824_112319_V06,0,0.483,1.200,4389,0,232977.172,147,0,228037.733
KNQA20150824-10,KNQA20150824_112319_V06,2,1.450,1.200,4397,0,1465.091,63,0,1100.075
KNQA20150824-10,KNQA20150824_112319_V06,4,2.417,1.200,2194,0,9.456,0,0,9.456
KNQA20150824-10,KNQA20150824_112841_V06,0,0.483,1.200,7594,0,409409.072,358,0,396896.981
KNQA20150824-10,KNQA20150824_112841_V06,2,1.450,1.200,7595,0,10455.745,238,0,8985.629
KNQA20150824-10,KNQA20150824_112841_V06,4,2.417,1.200,3798,0,16.438,0,0,16.438
KNQA20150824-10,KNQA20150824_113337_V06,0,0.483,1.200,15916,0,727081.943,923,0,687431.608
KNQA20150824-10,KNQA20150824_113337_V06,2,1.450,1.200,15934,0,44889.419,563,0,38955.892
KNQA20150824-10,KNQA20150824_113832_V06,0,0.483,1.200,6939,0,285593.310,494,0,263330.586
KNQA20150824-10,KNQA20150824_113832_V06,2,1.450,1.200,6943,0,22430.388,223,0,19462.220
KNQA20150824-12,KNQA20150824_111328_V06,0,0.483,1.200,349,0,175875.365,26,0,145841.604
KNQA20150824-12,KNQA20150824_111328_V06,2,1.450,1.200,352,0,1.022,0,0,1.022
KNQA20150824-12,KNQA20150824_111824_V06,0,0.483,1.200,1189,0,279465.955,38,0,271725.015
KNQA20150824-12,KNQA20150824_111824_V06,2,1.450,1.200,1189,0,3.476,0,0,3.476
KNQA20150824-12,KNQA20150824_112319_V06,0,0.483,1.200,2859,0,314210.171,111,0,307219.411
KNQA20150824-12,KNQA20150824_112319_V06,2,1.450,1.200,2858,0,9.034,0,0,9.034
KNQA20150824-12,KNQA20150824_112841_V06,0,0.483,1.200,5275,0,423208.426,280,0,409966.314
KNQA20150824-12,KNQA20150824_112841_V06,2,1.450,1.200,5277,0,77.743,1,0,52.673
KNQA20150824-5,KNQA20150824_110833_V06,0,0.483,1.200,144,0,10871.886,10,0,10715.446
KNQA20150824-5,KNQA20150824_110833_V06,2,1.450,1.200,144,0,10.739,0,0,10.739
KNQA20150824-5,KNQA20150824_110833_V06,4,2.417,1.200,73,0,0.234,0,0,0.234
KNQA20150824-5,KNQA20150824_111328_V06,0,0.483,1.200,1106,0,40482.692,109,0,38665.460
KNQA20150824-5,KNQA20150824_111328_V06,2,1.450,1.200,1104,0,51.462,3,0,27.617
KNQA20150824-5,KNQA20150824_111328_V06,4,2.417,1.200,568,0,1.810,0,0,1.810
KNQA20150824-5,KNQA20150824_111824_V06,0,0.483,1.200,2169,0,67036.480,148,0,64830.838
KNQA20150824-5,KNQA20150824_111824_V06,2,1.450,1.200,2170,0,251.350,20,0,193.676
KNQA20150824-5,KNQA20150824_111824_V06,4,2.417,1.200,1097,0,3.254,0,0,3.254
KNQA20150824-5,KNQA20150824_112319_V06,0,0.483,1.200,2772,0,74573.408,150,0,72503.583
KNQA20150824-5,KNQA20150824_112319_V06,2,1.450,1.200,2772,0,1966.614,67,0,1713.092
KNQA20150824-5,KNQA20150824_112319_V06,4,2.417,1.200,1393,0,3.960,0,0,3.960
KNQA20150824-8,KNQA20150824_111328_V06,0,0.483,1.200,926,0,35951.389,33,0,35438.772
KNQA20150824-8,KNQA20150824_111328_V06,2,1.450,1.200,926,0,2.017,0,0,2.017
KNQA20150824-8,KNQA20150824_111328_V06,4,2.417,1.200,459,0,2.004,0,0,2.004
KNQA20150824-8,KNQA20150824_111824_V06,0,0.483,1.200,2272,0,83109.200,138,0,80855.530
KNQA20150824-8,KNQA20150824_111824_V06,2,1.450,1.200,2276,0,28.887,0,0,28.887
KNQA20150824-8,KNQA20150824_111824_V06,4,2.417,1.200,1140,0,4.969,0,0,4.969
KNQA20150824-8,KNQA20150824_112319_V06,0,0.483,1.200,2781,0,140578.180,201,0,136166.857
KNQA20150824-8,KNQA20150824_112319_V06,2,1.450,1.200,2785,0,31.991,0,0,31.991
KNQA20150824-8,KNQA20150824_112319_V06,4,2.417,1.200,1392,0,5.862,0,0,5.862
KNQA20150824-16,KNQA20150824_111824_V06,0,0.483,1.200,1400,0,62277.428,25,0,61294.774
KNQA20150824-16,KNQA20150824_111824_V06,2,1.450,1.200,1402,0,4.289,0,0,4.289
KNQA20150824-16,KNQA20150824_112319_V06,0,0.483,1.200,2642,0,116768.648,38,0,115760.185
KNQA20150824-16,KNQA20150824_112319_V06,2,1.450,1.200,2635,0,8.039,0,0,8.039
KNQA20150824-16,KNQA20150824_112841_V06,0,0.483,1.200,6011,0,339305.945,196,0,332731.013
KNQA20150824-16,KNQA20150824_112841_V06,2,1.450,1.200,6010,0,18.880,0,0,18.880
KNQA20150824-16,KNQA20150824_113337_V06,0,0.483,1.200,4788,0,348350.993,133,0,344064.423
KNQA20150824-16,KNQA20150824_113337_V06,2,1.450,1.200,4800,0,104.931,2,0,29.043
KNQA20150824-16,KNQA20150824_113832_V06,0,0.483,1.200,7488,0,468848.840,243,0,460923.232
KNQA20150824-16,KNQA20150824_113832_V06,2,1.450,1.200,7494,0,23.282,0,0,23.282
KNQA20150824-19,KNQA20150824_111824_V06,0,0.483,1.200,1514,0,127450.772,118,0,116351.861
KNQA20150824-19,KNQA20150824_111824_V06,2,1.450,1.200,1511,0,98.495,3,0,78.642
KNQA20150824-19,KNQA20150824_111824_V06,4,2.417,1.200,758,0,3.314,0,0,3.314
KNQA20150824-19,KNQA20150824_112319_V06,0,0.483,1.200,2806,0,182936.782,244,0,169712.895
KNQA20150824-19,KNQA20150824_112319_V06,2,1.450,1.200,2805,0,452.595,16,0,344.825
KNQA20150824-19,KNQA20150824_112319_V06,4,2.417,1.200,1406,0,5.929,0,0,5.929
KNQA20150824-19,KNQA20150824_112841_V06,0,0.483,1.200,3528,0,165410.758,325,0,154153.071
KNQA20150824-19,KNQA20150824_112841_V06,2,1.450,1.200,3530,0,1245.408,67,0,877.257
KNQA20150824-19,KNQA20150824_112841_V06,4,2.417,1.200,1766,0,6.900,0,0,6.900
KNQA20150824-1,KNQA20150824_110338_V06,0,0.483,1.200,450,0,8194.068,42,0,7921.172
KNQA20150824-1,KNQA20150824_110338_V06,2,1.450,1.200,449,0,82.353,14,0,51.460
KNQA20150824-1,KNQA20150824_110338_V06,4,2.417,1.200,226,0,0.467,0,0,0.467
KNQA20150824-1,KNQA20150824_110338_V06,5,3.384,1.200,226,0,0.468,0,0,0.468
KNQA20150824-1,KNQA20150824_110833_V06,0,0.483,1.200,1841,0,40614.453,168,0,39012.982
KNQA20150824-1,KNQA20150824_110833_V06,2,1.450,1.200,1838,0,481.742,46,0,379.959
KNQA20150824-1,KNQA20150824_110833_V06,4,2.417,1.200,920,0,7.488,0,0,7.488
KNQA20150824-1,KNQA20150824_110833_V06,5,3.384,1.200,919,0,1.894,0,0,1.894
KNQA20150824-1,KNQA20150824_111328_V06,0,0.483,1.200,1122,0,49424.742,31,0,49005.591
KNQA20150824-1,KNQA20150824_111328_V06,2,1.450,1.200,1121,0,576.956,31,0,474.234
KNQA20150824-1,KNQA20150824_111328_V06,4,2.417,1.200,559,0,10.175,0,0,10.175
KNQA20150824-1,KNQA20150824_111328_V06,5,3.384,1.200,563,0,1.164,0,0,1.164
KNQA20150824-1,KNQA20150824_111824_V06,0,0.483,1.200,2750,0,73061.597,93,0,72204.182
KNQA20150824-1,KNQA20150824_111824_V06,2,1.450,1.200,2755,0,6035.586,139,0,5423.889
KNQA20150824-1,KNQA20150824_111824_V06,4,2.417,1.200,1382,0,18.770,0,0,18.770
KNQA20150824-1,KNQA20150824_111824_V06,5,3.384,1.200,1379,0,2.837,0,0,2.837
KNQA20150824-13,KNQA20150824_111824_V06,0,0.483,1.200,709,0,19009.485,49,0,17860.202
KNQA20150824-13,KNQA20150824_111824_V06,2,1.450,1.200,713,0,1.715,0,0,1.715
KNQA20150824-13,KNQA20150824_112319_V06,0,0.483,1.200,1827,0,40996.543,117,0,38546.918
KNQA20150824-13,KNQA20150824_112319_V06,2,1.450,1.200,1832,0,4.384,0,0,4.384
KNQA20150824-14,KNQA20150824_111824_V06,0,0.483,1.200,1964,0,129170.285,50,0,126997.971
KNQA20150824-14,KNQA20150824_111824_V06,2,1.450,1.200,1962,0,5.047,0,0,5.047
KNQA20150824-14,KNQA20150824_112319_V06,0,0.483,1.200,3416,0,212469.056,162,0,206773.073
KNQA20150824-14,KNQA20150824_112319_V06,2,1.450,1.200,3415,0,63.576,2,0,8.693
KNQA20150824-21,KNQA20150824_112319_V06,0,0.483,1.200,2573,0,100446.071,126,0,95034.358
KNQA20150824-21,KNQA20150824_112319_V06,2,1.450,1.200,2573,0,85.253,2,0,37.633
KNQA20150824-21,KNQA20150824_112841_V06,0,0.483,1.200,5526,0,336194.018,312,0,322315.818
KNQA20150824-21,KNQA20150824_112841_V06,2,1.450,1.200,5530,0,530.828,14,0,405.421
KNQA20150824-27,KNQA20150824_113337_V06,0,0.483,1.200,1362,0,94561.251,69,0,90190.535
KNQA20150824-27,KNQA20150824_113337_V06,2,1.450,1.200,1368,0,4.721,0,0,4.721
KNQA20150824-27,KNQA20150824_113832_V06,0,0.483,1.200,2738,0,182650.589,192,0,170177.626
KNQA20150824-27,KNQA20150824_113832_V06,2,1.450,1.200,2733,0,9.403,0,0,9.403
KNQA20150824-11,KNQA20150824_111328_V06,0,0.483,1.200,8047,0,173794.025,206,0,172478.080
KNQA20150824-11,KNQA20150824_111328_V06,2,1.450,1.200,8056,0,46991.904,648,0,45463.054
KNQA20150824-11,KNQA20150824_111328_V06,4,2.417,1.200,4028,0,489.212,55,0,339.090
KNQA20150824-11,KNQA20150824_111328_V06,5,3.384,1.200,4030,0,9.144,1,0,8.905
KNQA20150824-11,KNQA20150824_111328_V06,6,4.307,1.200,4040,0,4.733,6,0,4.270
KNQA20150824-11,KNQA20150824_111328_V06,7,6.021,1.200,4048,0,4.246,0,0,4.246
KNQA20150824-11,KNQA20150824_111824_V06,0,0.483,1.200,1456,0,52111.543,6,0,51942.121
KNQA20150824-11,KNQA20150824_111824_V06,2,1.450,1.200,1454,0,8808.567,95,0,8676.658
KNQA20150824-11,KNQA20150824_111824_V06,4,2.417,1.200,724,0,425.065,16,0,402.195
KNQA20150824-11,KNQA20150824_111824_V06,5,3.384,1.200,727,0,27.948,1,0,15.993
KNQA20150824-11,KNQA20150824_111824_V06,6,4.307,1.200,729,0,3.365,0,0,3.365
KNQA20150824-11,KNQA20150824_111824_V06,7,6.021,1.200,730,0,0.450,0,0,0.450
KNQA20150824-17,KNQA20150824_111824_V06,0,0.483,1.200,2096,0,156374.425,69,0,152597.010
KNQA20150824-17,KNQA20150824_111824_V06,2,1.450,1.200,2092,0,184.609,11,0,128.110
KNQA20150824-17,KNQA20150824_111824_V06,4,2.417,1.200,1048,0,3.780,0,0,3.780
KNQA20150824-22,KNQA20150824_112319_V06,0,0.483,1.200,1704,0,141119.945,52,0,136220.373
KNQA20150824-22,KNQA20150824_112319_V06,2,1.450,1.200,1702,0,5.584,0,0,5.584
KNQA20150824-23,KNQA20150824_112319_V06,0,0.483,1.200,15544,21,147688.464,646,17,141996.677
KNQA20150824-23,KNQA20150824_112319_V06,2,1.450,1.200,15548,0,44224.816,953,0,42373.172
KNQA20150824-23,KNQA20150824_112319_V06,4,2.417,1.200,7790,0,22197.853,863,0,19984.372
KNQA20150824-23,KNQA20150824_112319_V06,5,3.384,1.200,7796,0,13499.659,1061,0,11307.596
KNQA20150824-23,KNQA20150824_112319_V06,6,4.307,1.200,7797,0,8057.324,1235,0,5914.180
KNQA20150824-23,KNQA20150824_112319_V06,7,6.021,1.200,7822,0,5296.168,1392,0,3557.235
KNQA20150824-23,KNQA20150824_112319_V06,8,9.888,1.200,7902,0,277.011,2211,0,128.607
KNQA20150824-23,KNQA20150824_112319_V06,9,14.590,1.200,8066,0,75.722,2007,0,29.405
KNQA20150824-24,KNQA20150824_112841_V06,0,0.483,1.200,319,0,71192.461,2,0,71142.699
KNQA20150824-24,KNQA20150824_112841_V06,2,1.450,1.200,321,0,1.281,0,0,1.281
KNQA20150825-1,KNQA20150825_110137_V06,0,0.483,1.200,194,0,13927.719,13,0,11001.148
KNQA20150825-1,KNQA20150825_110137_V06,2,1.450,1.200,194,0,0.593,0,0,0.593
KNQA20150825-1,KNQA20150825_110634_V06,0,0.483,1.200,1037,0,24714.393,37,0,19230.863
KNQA20150825-1,KNQA20150825_110634_V06,2,1.450,1.200,1038,0,3.177,0,0,3.177
KNQA20150825-1,KNQA20150825_111131_V06,0,0.483,1.200,1630,0,85656.572,111,0,75509.012
KNQA20150825-1,KNQA20150825_111131_V06,2,1.450,1.200,1630,0,5.219,0,0,5.219
KNQA20150825-1,KNQA20150825_111626_V06,0,0.483,1.200,2596,0,268496.262,254,0,221239.557
KNQA20150825-1,KNQA20150825_111626_V06,2,1.450,1.200,2596,0,8.588,0,0,8.588
KNQA20150825-1,KNQA20150825_112122_V06,0,0.483,1.200,4432,0,293921.697,349,0,257678.090
KNQA20150825-1,KNQA20150825_112122_V06,2,1.450,1.200,4442,0,85.674,2,0,15.938
KNQA20150825-1,KNQA20150825_112618_V06,0,0.483,1.200,7902,0,248726.323,490,0,222145.121
KNQA20150825-1,KNQA20150825_112618_V06,2,1.450,1.200,7908,0,156.254,3,0,49.377
KNQA20150825-1,KNQA20150825_113113_V06,0,0.483,1.200,10046,0,366269.129,401,0,343593.453
KNQA20150825-1,KNQA20150825_113113_V06,2,1.450,1.200,10060,0,89.735,1,0,65.570
KNQA20150825-1,KNQA20150825_113610_V06,0,0.483,1.200,11995,0,438640.747,360,0,416777.462
KNQA20150825-1,KNQA20150825_113610_V06,2,1.450,1.200,12000,0,253.650,5,0,210.540
KNQA20150825-1,KNQA20150825_114106_V06,0,0.483,1.200,14399,0,569718.908,546,0,542259.539
KNQA20150825-1,KNQA20150825_114106_V06,2,1.450,1.200,14409,0,4586.409,43,0,4199.774
KNQA20150825-1,KNQA20150825_114601_V06,0,0.483,1.200,10727,0,488764.559,538,0,464381.819
KNQA20150825-1,KNQA20150825_114601_V06,2,1.450,1.200,10736,0,11120.382,62,0,10233.058
KNQA20150825-3,KNQA20150825_110634_V06,0,0.483,1.200,918,0,25936.708,64,0,23946.324
KNQA20150825-3,KNQA20150825_110634_V06,2,1.450,1.200,920,0,2.018,0,0,2.018
KNQA20150825-3,KNQA20150825_110634_V06,4,2.417,1.200,464,0,2.039,0,0,2.039
KNQA20150825-3,KNQA20150825_111131_V06,0,0.483,1.200,2167,0,52165.225,149,0,48647.825
KNQA20150825-3,KNQA20150825_111131_V06,2,1.450,1.200,2167,0,107.496,4,0,84.323
KNQA20150825-3,KNQA20150825_111131_V06,4,2.417,1.200,1093,0,4.753,0,0,4.753
KNQA20150825-2,KNQA20150825_110634_V06,0,0.483,1.200,1892,0,61240.006,123,0,59812.616
KNQA20150825-2,KNQA20150825_110634_V06,2,1.450,1.200,1895,0,3655.997,105,0,3433.315
KNQA20150825-2,KNQA20150825_110634_V06,4,2.417,1.200,949,0,71.632,0,0,71.632
KNQA20150825-2,KNQA20150825_110634_V06,5,3.384,1.200,948,0,1.842,0,0,1.842
KNQA20150825-4,KNQA20150825_112122_V06,0,0.483,1.200,4784,0,155181.124,314,0,139349.978
KNQA20150825-4,KNQA20150825_112122_V06,2,1.450,1.200,4783,0,503.119,15,0,170.377
KNQA20150826-2,KNQA20150826_110451_V06,0,0.483,1.200,1466,0,55887.015,61,0,55513.900
KNQA20150826-2,KNQA20150826_110451_V06,2,1.494,1.200,1465,0,1518.540,128,0,1346.586
KNQA20150826-2,KNQA20150826_110451_V06,4,2.505,1.200,737,0,85.541,9,0,73.107
KNQA20150826-2,KNQA20150826_110451_V06,5,3.516,1.200,732,0,1.421,0,0,1.421
KNQA20150826-2,KNQA20150826_111436_V06,0,0.483,1.200,4919,0,138021.589,184,0,136881.018
KNQA20150826-2,KNQA20150826_111436_V06,2,1.494,1.200,4925,0,40811.077,90,0,40648.912
KNQA20150826-2,KNQA20150826_111436_V06,4,2.505,1.200,2459,0,417.938,33,0,380.645
KNQA20150826-2,KNQA20150826_111436_V06,5,3.516,1.200,2463,0,22.271,0,0,22.271
KNQA20150826-2,KNQA20150826_112421_V06,0,0.483,1.200,8600,0,90971.495,413,0,89427.835
KNQA20150826-2,KNQA20150826_112421_V06,2,1.494,1.200,8599,0,161490.728,119,0,160973.939
KNQA20150826-2,KNQA20150826_112421_V06,4,2.505,1.200,4308,0,8463.480,12,0,8427.340
KNQA20150826-2,KNQA20150826_112421_V06,5,3.516,1.200,4310,0,523.634,237,0,330.396
KNQA20150826-6,KNQA20150826_110451_V06,0,0.483,1.200,249,0,7078.449,3,0,6681.674
KNQA20150826-6,KNQA20150826_110451_V06,2,1.494,1.200,246,0,0.749,0,0,0.749
KNQA20150826-6,KNQA20150826_111436_V06,0,0.483,1.200,2692,0,93859.887,84,0,85004.983
KNQA20150826-6,KNQA20150826_111436_V06,2,1.494,1.200,2692,0,8.196,0,0,8.196
KNQA20150826-6,KNQA20150826_112421_V06,0,0.483,1.200,6746,0,221515.263,105,0,216565.129
KNQA20150826-6,KNQA20150826_112421_V06,2,1.494,1.200,6757,0,52.340,1,0,44.874
KNQA20150826-6,KNQA20150826_113405_V06,0,0.483,1.200,12358,0,396739.560,104,0,392421.710
KNQA20150826-6,KNQA20150826_113405_V06,2,1.494,1.200,12374,0,50.558,0,0,50.558
KNQA20150826-14,KNQA20150826_113405_V06,0,0.483,1.200,2961,0,64667.433,86,0,62117.675
KNQA20150826-14,KNQA20150826_113405_V06,2,1.494,1.200,2965,0,32.655,1,0,24.790
KNQA20150826-14,KNQA20150826_114351_V06,0,0.483,1.200,5973,0,87490.018,178,0,82200.487
KNQA20150826-14,KNQA20150826_114351_V06,2,1.494,1.200,5987,0,620.643,47,0,269.243
KNQA20150826-14,KNQA20150826_115336_V06,0,0.483,1.200,11228,0,92475.514,363,0,80690.473
KNQA20150826-14,KNQA20150826_115336_V06,2,1.494,1.200,11239,0,4525.251,292,0,2240.414
KNQA20150826-10,KNQA20150826_111436_V06,0,0.483,1.200,2428,0,97748.546,32,0,97329.242
KNQA20150826-10,KNQA20150826_111436_V06,2,1.494,1.200,2436,0,478.862,29,0,397.545
KNQA20150826-10,KNQA20150826_111436_V06,4,2.505,1.200,1220,0,4.166,0,0,4.166
KNQA20150826-10,KNQA20150826_112421_V06,0,0.483,1.200,6597,0,179599.096,82,0,178654.334
KNQA20150826-10,KNQA20150826_112421_V06,2,1.494,1.200,6600,0,26253.808,87,0,25912.523
KNQA20150826-10,KNQA20150826_112421_V06,4,2.505,1.200,3308,0,63.337,1,0,61.301
KNQA20150826-7,KNQA20150826_111436_V06,0,0.483,1.200,214,0,1375.289,5,0,1245.727
KNQA20150826-7,KNQA20150826_111436_V06,2,1.494,1.200,212,0,0.814,0,0,0.814
KNQA20150826-7,KNQA20150826_112421_V06,0,0.483,1.200,2372,0,193143.325,33,0,192039.013
KNQA20150826-7,KNQA20150826_112421_V06,2,1.494,1.200,2376,0,9.121,0,0,9.121
KNQA20150826-7,KNQA20150826_113405_V06,0,0.483,1.200,6879,0,491702.979,134,0,487583.351
KNQA20150826-7,KNQA20150826_113405_V06,2,1.494,1.200,6881,0,1539.963,17,0,1387.541
KNQA20150826-7,KNQA20150826_114351_V06,0,0.483,1.200,13504,0,245043.896,402,0,234844.001
KNQA20150826-7,KNQA20150826_114351_V06,2,1.494,1.200,13512,0,42963.959,154,0,41454.938
KNQA20150826-1,KNQA20150826_110451_V06,0,0.483,1.200,325,0,2791.057,40,0,2714.219
KNQA20150826-1,KNQA20150826_110451_V06,2,1.494,1.200,323,0,8.390,4,0,6.134
KNQA20150826-1,KNQA20150826_110451_V06,4,2.505,1.200,159,0,18.676,0,0,18.676
KNQA20150826-1,KNQA20150826_110451_V06,5,3.516,1.200,161,0,0.245,0,0,0.245
KNQA20150826-1,KNQA20150826_110451_V06,6,4.482,1.200,159,0,0.243,0,0,0.243
KNQA20150826-4,KNQA20150826_110451_V06,0,0.483,1.200,286,0,17782.540,0,0,17782.540
KNQA20150826-4,KNQA20150826_110451_V06,2,1.494,1.200,287,0,21.582,2,0,19.658
KNQA20150826-4,KNQA20150826_110451_V06,4,2.505,1.200,143,0,0.303,0,0,0.303
KNQA20150826-4,KNQA20150826_110451_V06,5,3.516,1.200,143,0,0.304,0,0,0.304
KNQA20150826-5,KNQA20150826_110451_V06,0,0.483,1.200,85,0,3675.545,1,0,3567.128
KNQA20150826-5,KNQA20150826_110451_V06,2,1.494,1.200,88,0,34.107,10,0,24.384
KNQA20150826-5,KNQA20150826_110451_V06,4,2.505,1.200,40,0,9.535,0,0,9.535
KNQA20150826-5,KNQA20150826_110451_V06,5,3.516,1.200,43,0,0.087,0,0,0.087
KNQA20150826-8,KNQA20150826_111436_V06,0,0.483,1.200,1671,0,23337.734,42,0,23143.286
KNQA20150826-8,KNQA20150826_111436_V06,2,1.494,1.200,1671,0,31014.065,43,0,30847.845
KNQA20150826-8,KNQA20150826_111436_V06,4,2.505,1.200,837,0,3190.304,6,0,3180.575
KNQA20150826-8,KNQA20150826_111436_V06,5,3.516,1.200,839,0,14.610,0,0,14.610
KNQA20150826-8,KNQA20150826_111436_V06,6,4.482,1.200,839,0,81.022,100,0,59.938
KNQA20150826-9,KNQA20150826_111436_V06,0,0.483,1.200,2443,0,116007.977,17,0,115631.760
KNQA20150826-9,KNQA20150826_111436_V06,2,1.494,1.200,2442,0,21309.957,29,0,21218.973
KNQA20150826-9,KNQA20150826_111436_V06,4,2.505,1.200,1216,0,32.712,0,0,32.712
KNQA20150826-9,KNQA20150826_111436_V06,5,3.516,1.200,1220,0,2.084,0,0,2.084
KNQA20150826-11,KNQA20150826_112421_V06,0,0.483,1.200,2835,0,101337.808,39,0,100780.011
KNQA20150826-11,KNQA20150826_112421_V06,2,1.494,1.200,2835,0,1877.097,27,0,1772.189
KNQA20150826-12,KNQA20150826_112421_V06,0,0.483,1.200,2853,0,73786.276,64,0,72725.148
KNQA20150826-12,KNQA20150826_112421_V06,2,1.494,1.200,2853,0,2588.834,50,0,2401.578
KNQA20150826-13,KNQA20150826_112421_V06,0,0.483,1.200,28810,0,115315.218,404,0,111789.633
KNQA20150826-13,KNQA20150826_112421_V06,2,1.494,1.200,28830,0,25173.147,2584,0,12841.823
KNQA20150826-15,KNQA20150826_113405_V06,0,0.483,1.200,3496,0,43584.823,59,0,41713.697
KNQA20150826-15,KNQA20150826_113405_V06,2,1.494,1.200,3500,0,13.889,0,0,13.889
KNQA20150827-3,KNQA20150827_112155_V06,0,0.483,1.200,1294,0,40532.151,37,0,39480.796
KNQA20150827-3,KNQA20150827_112155_V06,2,1.494,1.200,1295,0,29.067,2,0,4.038
KNQA20150827-3,KNQA20150827_113140_V06,0,0.483,1.200,2994,0,164450.705,149,0,158813.647
KNQA20150827-3,KNQA20150827_113140_V06,2,1.494,1.200,2999,0,9.333,0,0,9.333
KNQA20150827-3,KNQA20150827_114125_V06,0,0.483,1.200,7586,0,253651.052,279,0,241760.365
KNQA20150827-3,KNQA20150827_114125_V06,2,1.494,1.200,7585,0,45.949,0,0,45.949
KNQA20150827-2,KNQA20150827_111210_V06,0,0.483,1.200,2010,0,46933.739,30,0,46667.549
KNQA20150827-2,KNQA20150827_111210_V06,2,1.494,1.200,2009,0,137.268,21,0,106.616
KNQA20150827-2,KNQA20150827_111210_V06,4,2.505,1.200,1006,0,202.197,23,0,169.038
KNQA20150827-2,KNQA20150827_111210_V06,5,3.516,1.200,1001,0,1.815,0,0,1.815
KNQA20150827-2,KNQA20150827_112155_V06,0,0.483,1.200,5121,0,56950.369,163,0,56007.073
KNQA20150827-2,KNQA20150827_112155_V06,2,1.494,1.200,5128,0,24931.827,120,0,24627.847
KNQA20150827-2,KNQA20150827_112155_V06,4,2.505,1.200,2569,0,203.927,2,0,198.911
KNQA20150827-2,KNQA20150827_112155_V06,5,3.516,1.200,2574,0,440.168,161,0,263.813
KNQA20150827-8,KNQA20150827_112155_V06,0,0.483,1.200,1157,0,22446.160,14,0,22113.796
KNQA20150827-8,KNQA20150827_112155_V06,2,1.494,1.200,1156,0,3.395,0,0,3.395
KNQA20150827-8,KNQA20150827_113140_V06,0,0.483,1.200,4947,0,215265.476,68,0,212287.796
KNQA20150827-8,KNQA20150827_113140_V06,2,1.494,1.200,4956,0,59.094,0,0,59.094
KNQA20150827-1,KNQA20150827_111210_V06,0,0.483,1.200,1993,0,66083.274,59,0,65630.524
KNQA20150827-1,KNQA20150827_111210_V06,2,1.494,1.200,1993,0,299.707,9,0,286.971
KNQA20150827-1,KNQA20150827_111210_V06,4,2.505,1.200,998,0,174.565,13,0,152.409
KNQA20150827-1,KNQA20150827_111210_V06,5,3.516,1.200,997,0,2.191,0,0,2.191
KNQA20150827-4,KNQA20150827_112155_V06,0,0.483,1.200,2397,0,63487.916,27,0,60032.959
KNQA20150827-4,KNQA20150827_112155_V06,2,1.494,1.200,2399,0,18.353,1,0,15.222
KNQA20150827-5,KNQA20150827_112155_V06,0,0.483,1.200,1965,0,21225.419,96,0,19990.806
KNQA20150827-5,KNQA20150827_112155_V06,2,1.494,1.200,1961,0,130.919,6,0,116.186
KNQA20150827-5,KNQA20150827_112155_V06,4,2.505,1.200,982,0,3.316,0,0,3.316
KNQA20150827-7,KNQA20150827_112155_V06,0,0.483,1.200,2977,0,17628.518,25,0,17127.343
KNQA20150827-7,KNQA20150827_112155_V06,2,1.494,1.200,2974,0,10.125,0,0,10.125
KNQA20150827-9,KNQA20150827_112155_V06,0,0.483,1.200,1741,0,34051.409,27,0,33678.353
KNQA20150827-9,KNQA20150827_112155_V06,2,1.494,1.200,1740,0,10.145,1,0,7.014
KNQA20150827-10,KNQA20150827_112155_V06,0,0.483,1.200,1295,0,38096.557,3,0,38056.063
KNQA20150827-10,KNQA20150827_112155_V06,2,1.494,1.200,1292,0,210.192,6,0,187.346
KNQA20150827-10,KNQA20150827_112155_V06,4,2.505,1.200,650,0,2.515,0,0,2.515
KNQA20150827-11,KNQA20150827_112155_V06,0,0.483,1.200,1703,0,25715.997,45,0,23679.023
KNQA20150827-11,KNQA20150827_112155_V06,2,1.494,1.200,1695,0,6.184,0,0,6.184
KNQA20150827-12,KNQA20150827_112155_V06,0,0.483,1.200,9013,0,327500.172,310,0,318933.848
KNQA20150827-12,KNQA20150827_112155_V06,2,1.494,1.200,9006,0,3097.659,62,0,2908.277
KNQA20150827-12,KNQA20150827_112155_V06,4,2.505,1.200,4505,0,2459.643,225,0,1774.241
KNQA20150827-13,KNQA20150827_112155_V06,0,0.483,1.200,360,0,3729.245,10,0,3451.728
KNQA20150827-13,KNQA20150827_112155_V06,2,1.494,1.200,360,0,1.246,0,0,1.246
KNQA20150827-14,KNQA20150827_113140_V06,0,0.483,1.200,7788,0,241090.798,132,0,224244.818
KNQA20150827-14,KNQA20150827_113140_V06,2,1.494,1.200,7787,0,244.764,3,0,131.800
KNQA20150827-15,KNQA20150827_113140_V06,0,0.483,1.200,9367,0,109295.508,279,0,103373.580
KNQA20150827-15,KNQA20150827_113140_V06,2,1.494,1.200,9380,0,13001.398,761,0,7530.040
KNQA20150827-16,KNQA20150827_114125_V06,0,0.483,1.200,9195,0,91932.968,175,0,86485.071
KNQA20150827-16,KNQA20150827_114125_V06,2,1.494,1.200,9209,0,3599.852,32,0,3295.300
KNQA20150828-11,KNQA20150828_113809_V06,0,0.483,1.200,3841,0,36098.584,114,0,31051.277
KNQA20150828-11,KNQA20150828_114754_V06,0,0.483,1.200,8360,0,24461.244,125,0,19657.355
KNQA20150828-1,KNQA20150828_110855_V06,0,0.483,1.200,1615,0,13254.187,106,0,13104.349
KNQA20150828-1,KNQA20150828_110855_V06,2,1.494,1.200,1615,0,69.341,21,0,60.735
KNQA20150828-1,KNQA20150828_110855_V06,4,2.505,1.200,808,0,4.300,0,0,4.300
KNQA20150828-1,KNQA20150828_110855_V06,5,3.516,1.200,811,0,71.797,45,0,57.662
KNQA20150828-1,KNQA20150828_110855_V06,6,4.482,1.200,811,0,103.956,171,0,57.393
KNQA20150828-2,KNQA20150828_110855_V06,0,0.483,1.200,406,0,10609.233,9,0,10599.206
KNQA20150828-2,KNQA20150828_110855_V06,2,1.494,1.200,407,0,164.708,14,0,158.320
KNQA20150828-2,KNQA20150828_110855_V06,4,2.505,1.200,203,0,0.114,0,0,0.114
KNQA20150828-2,KNQA20150828_110855_V06,5,3.516,1.200,202,0,4.743,4,0,4.005
KNQA20150828-2,KNQA20150828_110855_V06,6,4.482,1.200,206,0,41.870,106,0,15.159
KNQA20150828-3,KNQA20150828_110855_V06,0,0.483,1.200,435,0,6083.096,26,0,5858.240
KNQA20150828-3,KNQA20150828_110855_V06,2,1.494,1.200,435,0,0.342,0,0,0.342
KNQA20150828-3,KNQA20150828_110855_V06,4,2.505,1.200,217,0,15.270,0,0,15.270
KNQA20150828-3,KNQA20150828_110855_V06,5,3.516,1.200,220,0,0.347,0,0,0.347
KNQA20150828-4,KNQA20150828_110855_V06,0,0.483,1.200,80,0,7503.921,0,0,7503.921
KNQA20150828-4,KNQA20150828_110855_V06,2,1.494,1.200,80,0,1.464,2,0,1.121
KNQA20150828-4,KNQA20150828_110855_V06,4,2.505,1.200,38,0,0.037,0,0,0.037
KNQA20150828-4,KNQA20150828_110855_V06,5,3.516,1.200,39,0,17.154,9,0,11.614
KNQA20150828-4,KNQA20150828_110855_V06,6,4.482,1.200,39,0,0.407,0,0,0.407
KNQA20150828-6,KNQA20150828_110855_V06,0,0.483,1.200,560,0,19459.825,38,0,19331.415
KNQA20150828-6,KNQA20150828_110855_V06,2,1.494,1.200,565,0,1908.667,50,0,1832.197
KNQA20150828-6,KNQA20150828_110855_V06,4,2.505,1.200,283,0,3.487,3,0,3.233
KNQA20150828-6,KNQA20150828_110855_V06,5,3.516,1.200,284,0,12.614,34,0,7.578
KNQA20150828-6,KNQA20150828_110855_V06,6,4.482,1.200,283,0,62.448,198,0,9.604
KNQA20150828-9,KNQA20150828_111840_V06,0,0.483,1.200,62,0,1057.196,1,0,1056.423
KNQA20150828-9,KNQA20150828_111840_V06,2,1.494,1.200,62,0,15.884,3,0,5.207
KNQA20150828-9,KNQA20150828_111840_V06,4,2.505,1.200,34,0,6.950,0,0,6.950
KNQA20150828-9,KNQA20150828_111840_V06,5,3.516,1.200,35,0,2.814,0,0,2.814
KNQA20150828-9,KNQA20150828_111840_V06,6,4.482,1.200,35,0,2.087,0,0,2.087
KNQA20150828-10,KNQA20150828_112824_V06,0,0.483,1.200,4935,0,8613.461,332,0,8230.786
KNQA20150828-10,KNQA20150828_112824_V06,2,1.494,1.200,4936,0,443.386,426,0,348.293
KNQA20150828-10,KNQA20150828_112824_V06,4,2.505,1.200,2467,0,100.292,68,0,91.670
KNQA20150828-10,KNQA20150828_112824_V06,5,3.516,1.200,2475,0,13.899,9,0,11.627
KNQA20150828-10,KNQA20150828_112824_V06,6,4.482,1.200,2477,0,8.012,0,0,8.012
KNQA20150830-13,KNQA20150830_122104_V06,0,0.483,1.200,63084,179,1693414.187,15408,6,85009.577
KNQA20150830-13,KNQA20150830_122104_V06,2,1.450,1.200,63105,134,1664041.737,23197,2,4063.158
KNQA20150830-13,KNQA20150830_122104_V06,4,2.417,1.200,31577,60,1592606.553,10123,1,13231.891
KNQA20150830-13,KNQA20150830_122104_V06,5,3.384,1.200,31613,66,1550914.408,9712,0,4032.433
KNQA20150830-13,KNQA20150830_122104_V06,6,4.307,1.200,31646,59,1855909.232,9454,2,89579.531
KNQA20150830-13,KNQA20150830_122104_V06,7,6.021,1.200,31746,41,1510001.419,9410,0,76455.790
KNQA20150830-13,KNQA20150830_122104_V06,8,9.888,1.200,32092,0,675402.626,12412,0,73.519
KNQA20150831-1,KNQA20150831_113910_V06,0,0.483,1.200,2756,0,25316.736,42,0,22811.859
KNQA20150831-1,KNQA20150831_114854_V06,0,0.483,1.200,4532,0,34747.794,62,0,30966.269
KNQA20150831-1,KNQA20150831_115838_V06,0,0.483,1.200,5865,0,34400.678,50,0,31442.466
KNQA20150831-2,KNQA20150831_121805_V06,0,0.483,1.200,6594,0,46261.488,396,0,32675.867
KNQA20150831-2,KNQA20150831_122749_V06,0,0.483,1.200,12191,0,69366.685,876,0,46886.709
KNQA20150901-5,KNQA20150901_114215_V06,0,0.483,1.200,4340,0,99349.770,100,0,92651.030
KNQA20150901-5,KNQA20150901_115158_V06,0,0.483,1.200,6171,0,122540.708,144,0,112601.187
KNQA20150901-5,KNQA20150901_120142_V06,0,0.483,1.200,7598,0,80938.436,235,0,69921.443
KNQA20150901-1,KNQA20150901_112041_V06,0,0.483,1.200,299,0,9528.889,51,0,7291.401
KNQA20150901-1,KNQA20150901_112041_V06,2,1.494,1.200,295,0,0.452,0,0,0.452
KNQA20150901-1,KNQA20150901_112041_V06,4,2.505,1.200,151,0,0.464,0,0,0.464
KNQA20150901-1,KNQA20150901_113231_V06,0,0.483,1.200,1897,0,26950.185,274,0,23997.663
KNQA20150901-1,KNQA20150901_113231_V06,2,1.494,1.200,1903,0,465.361,28,0,378.179
KNQA20150901-1,KNQA20150901_113231_V06,4,2.505,1.200,951,0,2.892,0,0,2.892
KNQA20150901-8,KNQA20150901_120142_V06,0,0.483,1.200,5243,0,12108.515,119,0,10196.627
KNQA20150901-8,KNQA20150901_120142_V06,2,1.494,1.200,5252,0,34.789,3,0,22.039
KNQA20150901-8,KNQA20150901_121126_V06,0,0.483,1.200,8158,0,10911.853,217,0,8983.329
KNQA20150901-8,KNQA20150901_121126_V06,2,1.494,1.200,8163,0,87.159,7,0,49.197
KNQA20150901-2,KNQA20150901_112041_V06,0,0.483,1.200,136,0,2359.531,29,0,1443.256
KNQA20150901-2,KNQA20150901_112041_V06,2,1.494,1.200,137,0,0.410,0,0,0.410
KNQA20150901-3,KNQA20150901_112041_V06,0,0.483,1.200,461,0,17470.993,36,0,15240.461
KNQA20150901-3,KNQA20150901_112041_V06,2,1.494,1.200,462,0,986.994,85,0,639.526
KNQA20150901-3,KNQA20150901_112041_V06,4,2.505,1.200,230,0,12.014,5,0,6.551
KNQA20150901-3,KNQA20150901_112041_V06,5,3.516,1.200,233,0,1.018,0,0,1.018
KNQA20150901-3,KNQA20150901_112041_V06,6,4.482,1.200,237,0,5.582,0,0,5.582
KNQA20150901-4,KNQA20150901_112041_V06,0,0.483,1.200,894,0,8100.285,134,0,7738.544
KNQA20150901-4,KNQA20150901_112041_V06,2,1.494,1.200,893,0,2086.824,359,0,1645.634
KNQA20150901-4,KNQA20150901_112041_V06,4,2.505,1.200,445,0,237.750,111,0,131.931
KNQA20150901-4,KNQA20150901_112041_V06,5,3.516,1.200,446,0,94.097,277,0,24.468
KNQA20150901-4,KNQA20150901_112041_V06,6,4.482,1.200,442,0,202.159,422,0,6.489
KNQA20150901-6,KNQA20150901_114215_V06,0,0.483,1.200,309,0,18239.200,14,0,15912.023
KNQA20150901-6,KNQA20150901_114215_V06,2,1.494,1.200,299,0,0.941,0,0,0.941
KNQA20150901-9,KNQA20150901_122108_V06,0,0.483,1.200,6840,0,44789.310,331,0,42584.137
KNQA20150901-9,KNQA20150901_122108_V06,2,1.494,1.200,6842,0,3658.219,1032,0,3097.342
KNQA20150901-9,KNQA20150901_122108_V06,4,2.505,1.200,3428,0,2962.412,731,0,2182.298
KNQA20150901-9,KNQA20150901_122108_V06,5,3.516,1.200,3430,0,4982.601,854,0,3965.505
KNQA20150901-9,KNQA20150901_122108_V06,6,4.482,1.200,3439,0,4219.298,859,0,3187.568
KNQA20150902-6,KNQA20150902_112852_V06,0,0.483,1.200,261,0,27382.352,4,0,24361.566
KNQA20150902-6,KNQA20150902_112852_V06,2,1.450,1.200,260,0,176.887,55,0,132.937
KNQA20150902-6,KNQA20150902_112852_V06,4,2.417,1.200,128,0,55.465,13,0,35.954
KNQA20150902-6,KNQA20150902_112852_V06,5,3.384,1.200,130,0,2.849,0,0,2.849
KNQA20150902-6,KNQA20150902_112852_V06,6,4.307,1.200,132,0,0.706,0,0,0.706
KNQA20150902-6,KNQA20150902_112852_V06,7,6.021,1.200,131,0,5.270,6,0,0.705
KNQA20150902-6,KNQA20150902_113346_V06,0,0.483,1.200,1970,2,43389.232,156,0,29900.662
KNQA20150902-6,KNQA20150902_113346_V06,2,1.450,1.200,1972,0,2701.039,607,0,1970.273
KNQA20150902-6,KNQA20150902_113346_V06,4,2.417,1.200,988,0,566.541,65,0,502.325
KNQA20150902-6,KNQA20150902_113346_V06,5,3.384,1.200,990,0,21.665,2,0,19.836
KNQA20150902-6,KNQA20150902_113346_V06,6,4.307,1.200,990,0,6.479,1,0,6.172
KNQA20150902-6,KNQA20150902_113346_V06,7,6.021,1.200,996,0,68.387,28,0,27.002
KNQA20150902-6,KNQA20150902_113842_V06,0,0.483,1.200,4078,1,33423.635,346,1,30712.705
KNQA20150902-6,KNQA20150902_113842_V06,2,1.450,1.200,4080,0,6101.452,1437,0,4398.034
KNQA20150902-6,KNQA20150902_113842_V06,4,2.417,1.200,2047,0,3356.654,285,0,2807.033
KNQA20150902-6,KNQA20150902_113842_V06,5,3.384,1.200,2051,0,617.317,149,0,473.220
KNQA20150902-6,KNQA20150902_113842_V06,6,4.307,1.200,2056,0,36.489,10,0,32.409
KNQA20150902-6,KNQA20150902_113842_V06,7,6.021,1.200,2060,0,35.715,22,0,27.492
KNQA20150902-11,KNQA20150902_113842_V06,0,0.483,1.200,3383,0,45356.478,106,0,39521.082
KNQA20150902-11,KNQA20150902_115035_V06,0,0.483,1.200,6143,0,76594.257,243,0,65451.989
KNQA20150902-11,KNQA20150902_115035_V06,2,1.450,1.200,6148,0,26.927,0,0,26.927
KNQA20150902-11,KNQA20150902_115531_V06,0,0.483,1.200,6567,0,85517.929,276,0,71599.527
KNQA20150902-11,KNQA20150902_115531_V06,2,1.450,1.200,6572,0,183.952,2,0,116.606
KNQA20150902-3,KNQA20150902_112356_V06,0,0.483,1.200,145,0,6145.063,24,0,4760.372
KNQA20150902-3,KNQA20150902_112356_V06,2,1.450,1.200,143,0,0.296,0,0,0.296
KNQA20150902-3,KNQA20150902_112356_V06,4,2.417,1.200,73,0,0.303,0,0,0.303
KNQA20150902-3,KNQA20150902_112852_V06,0,0.483,1.200,778,0,14227.703,70,0,11632.759
KNQA20150902-3,KNQA20150902_112852_V06,2,1.450,1.200,781,0,12.205,0,0,12.205
KNQA20150902-3,KNQA20150902_112852_V06,4,2.417,1.200,390,0,1.593,0,0,1.593
KNQA20150902-3,KNQA20150902_113346_V06,0,0.483,1.200,370,0,17418.623,24,0,16778.246
KNQA20150902-3,KNQA20150902_113346_V06,2,1.450,1.200,370,0,610.940,9,0,528.608
KNQA20150902-3,KNQA20150902_113346_V06,4,2.417,1.200,183,0,0.702,0,0,0.702
KNQA20150902-9,KNQA20150902_113346_V06,0,0.483,1.200,472,0,10326.175,37,0,8494.881
KNQA20150902-9,KNQA20150902_113346_V06,2,1.450,1.200,474,0,1.636,0,0,1.636
KNQA20150902-9,KNQA20150902_113842_V06,0,0.483,1.200,1215,0,26927.504,102,0,20676.788
KNQA20150902-9,KNQA20150902_113842_V06,2,1.450,1.200,1209,0,4.116,0,0,4.116
KNQA20150902-9,KNQA20150902_115035_V06,0,0.483,1.200,4719,0,95475.290,286,0,79887.161
KNQA20150902-9,KNQA20150902_115035_V06,2,1.450,1.200,4713,0,27.645,0,0,27.645
KNQA20150902-9,KNQA20150902_115531_V06,0,0.483,1.200,2800,0,66259.433,218,0,56303.447
KNQA20150902-9,KNQA20150902_115531_V06,2,1.450,1.200,2809,0,253.210,4,0,194.202
KNQA20150902-1,KNQA20150902_111901_V06,0,0.483,1.200,1259,0,17084.255,225,0,16130.059
KNQA20150902-1,KNQA20150902_111901_V06,2,1.450,1.200,1256,0,4074.280,418,0,3584.179
KNQA20150902-1,KNQA20150902_111901_V06,4,2.417,1.200,627,0,167.400,42,0,70.262
KNQA20150902-1,KNQA20150902_111901_V06,5,3.384,1.200,626,0,97.671,57,0,62.545
KNQA20150902-1,KNQA20150902_111901_V06,6,4.307,1.200,629,0,246.129,316,0,98.047
KNQA20150902-1,KNQA20150902_111901_V06,7,6.021,1.200,633,0,204.689,295,0,40.961
KNQA20150902-4,KNQA20150902_112852_V06,0,0.483,1.200,179,0,8365.987,47,0,3303.894
KNQA20150902-4,KNQA20150902_112852_V06,2,1.450,1.200,176,0,0.503,0,0,0.503
KNQA20150902-5,KNQA20150902_112852_V06,0,0.483,1.200,143,0,17632.931,32,0,6911.941
KNQA20150902-5,KNQA20150902_112852_V06,2,1.450,1.200,143,0,0.381,0,0,0.381
KNQA20150902-7,KNQA20150902_112852_V06,0,0.483,1.200,1762,0,24283.437,357,0,19886.339
KNQA20150902-7,KNQA20150902_112852_V06,2,1.450,1.200,1763,0,288.947,23,0,177.192
KNQA20150902-7,KNQA20150902_112852_V06,4,2.417,1.200,889,0,2.702,0,0,2.702
KNQA20150903-5,KNQA20150903_112755_V06,0,0.483,1.200,2476,0,28241.356,67,0,27406.429
KNQA20150903-5,KNQA20150903_112755_V06,2,1.494,1.200,2480,0,47.773,2,0,38.325
KNQA20150903-5,KNQA20150903_112755_V06,4,2.505,1.200,1247,0,4.995,0,0,4.995
KNQA20150903-5,KNQA20150903_113738_V06,0,0.483,1.200,8113,0,80233.743,504,0,76946.018
KNQA20150903-5,KNQA20150903_113738_V06,2,1.494,1.200,8115,0,4791.848,89,0,4491.118
KNQA20150903-5,KNQA20150903_113738_V06,4,2.505,1.200,4066,0,16.280,0,0,16.280
KNQA20150903-5,KNQA20150903_114722_V06,0,0.483,1.200,19396,0,230021.152,1169,0,207818.377
KNQA20150903-5,KNQA20150903_114722_V06,2,1.494,1.200,19408,0,18514.071,204,0,17729.078
KNQA20150903-7,KNQA20150903_113738_V06,0,0.483,1.200,3435,0,49486.758,114,0,43740.745
KNQA20150903-7,KNQA20150903_114722_V06,0,0.483,1.200,6926,0,108288.404,196,0,97567.089
KNQA20150903-1,KNQA20150903_111812_V06,0,0.483,1.200,369,0,15888.144,51,0,12964.119
KNQA20150903-1,KNQA20150903_111812_V06,2,1.494,1.200,370,0,1.142,0,0,1.142
KNQA20150903-3,KNQA20150903_112755_V06,0,0.483,1.200,139,0,16482.734,25,0,12130.275
KNQA20150903-3,KNQA20150903_112755_V06,2,1.494,1.200,136,0,0.359,0,0,0.359
KNQA20150903-3,KNQA20150903_113738_V06,0,0.483,1.200,2402,0,23379.648,191,0,19046.803
KNQA20150903-3,KNQA20150903_113738_V06,2,1.494,1.200,2411,0,6.371,0,0,6.371
KNQA20150903-3,KNQA20150903_114722_V06,0,0.483,1.200,1636,0,58887.870,163,0,54693.719
KNQA20150903-3,KNQA20150903_114722_V06,2,1.494,1.200,1639,0,21.130,0,0,21.130
KNQA20150903-4,KNQA20150903_112755_V06,0,0.483,1.200,1637,0,234535.483,22,0,230599.556
KNQA20150903-4,KNQA20150903_112755_V06,2,1.494,1.200,1635,0,5909.389,92,0,5371.666
KNQA20150903-4,KNQA20150903_112755_V06,4,2.505,1.200,820,0,1.858,0,0,1.858
KNQA20150903-4,KNQA20150903_112755_V06,5,3.516,1.200,823,0,1.870,0,0,1.870
KNQA20150903-8,KNQA20150903_113738_V06,0,0.483,1.200,450,0,6647.311,10,0,6452.174
KNQA20150903-8,KNQA20150903_113738_V06,2,1.494,1.200,454,0,1.272,0,0,1.272
KNQA20150903-9,KNQA20150903_113738_V06,0,0.483,1.200,1978,0,41334.623,117,0,40507.406
KNQA20150903-9,KNQA20150903_113738_V06,2,1.494,1.200,1978,0,3120.823,36,0,2990.844
KNQA20150903-9,KNQA20150903_113738_V06,4,2.505,1.200,992,0,3.358,0,0,3.358
KNQA20150903-13,KNQA20150903_124747_V06,0,0.483,1.200,4965,0,1444771.526,234,0,1388732.388
KNQA20150903-13,KNQA20150903_124747_V06,2,1.494,1.200,4967,0,181946.084,1276,0,105400.949
KNQA20150904-2,KNQA20150904_112502_V06,0,0.483,1.200,1619,2,75566.018,4,2,74525.120
KNQA20150904-2,KNQA20150904_112502_V06,2,1.494,1.200,1617,0,1688.251,292,0,1488.559
KNQA20150904-2,KNQA20150904_112502_V06,4,2.505,1.200,812,0,475.355,134,0,353.908
KNQA20150904-2,KNQA20150904_112502_V06,5,3.516,1.200,815,0,46.369,14,0,43.354
KNQA20150904-2,KNQA20150904_112502_V06,6,4.482,1.200,813,0,99.781,81,0,79.365
KNQA20150904-2,KNQA20150904_113445_V06,0,0.483,1.200,7550,5,107855.838,42,5,86868.059
KNQA20150904-2,KNQA20150904_113445_V06,2,1.494,1.200,7550,0,17900.130,421,0,16829.823
KNQA20150904-2,KNQA20150904_113445_V06,4,2.505,1.200,3780,0,10701.323,256,0,10245.592
KNQA20150904-2,KNQA20150904_113445_V06,5,3.516,1.200,3789,0,4990.922,225,0,4764.838
KNQA20150904-2,KNQA20150904_113445_V06,6,4.482,1.200,3795,0,1243.743,373,0,1092.089
KNQA20150904-5,KNQA20150904_113445_V06,0,0.483,1.200,133,0,5882.892,7,0,5636.642
KNQA20150904-5,KNQA20150904_113445_V06,2,1.494,1.200,134,0,0.346,0,0,0.346
KNQA20150904-5,KNQA20150904_114427_V06,0,0.483,1.200,1470,0,20112.312,118,0,18380.844
KNQA20150904-5,KNQA20150904_114427_V06,2,1.494,1.200,1471,0,246.924,3,0,230.357
KNQA20150904-9,KNQA20150904_115410_V06,0,0.483,1.200,989,0,148153.136,25,0,147129.961
KNQA20150904-9,KNQA20150904_115410_V06,2,1.494,1.200,992,0,21471.457,234,0,14795.045
KNQA20150904-9,KNQA20150904_120352_V06,0,0.483,1.200,3166,0,282497.976,270,0,263940.194
KNQA20150904-9,KNQA20150904_120352_V06,2,1.494,1.200,3165,0,118982.576,808,0,81146.351
KNQA20150904-11,KNQA20150904_122526_V06,0,0.483,1.200,2872,0,22805.879,202,0,19535.148
KNQA20150904-11,KNQA20150904_122526_V06,2,1.494,1.200,2873,0,1017.265,42,0,747.907
KNQA20150904-11,KNQA20150904_122526_V06,4,2.505,1.200,1442,0,5.946,0,0,5.946
KNQA20150904-11,KNQA20150904_123509_V06,0,0.483,1.200,6529,0,44298.079,380,0,40387.291
KNQA20150904-11,KNQA20150904_123509_V06,2,1.494,1.200,6541,0,1819.430,83,0,1402.467
KNQA20150904-11,KNQA20150904_123509_V06,4,2.505,1.200,3270,0,12.707,0,0,12.707
KNQA20150904-11,KNQA20150904_124453_V06,0,0.483,1.200,4415,0,35265.698,281,0,31870.025
KNQA20150904-11,KNQA20150904_124453_V06,2,1.494,1.200,4419,0,1387.104,97,0,922.625
KNQA20150904-11,KNQA20150904_124453_V06,4,2.505,1.200,2207,0,7.338,0,0,7.338
KNQA20150904-11,KNQA20150904_125436_V06,0,0.483,1.200,10499,0,80288.716,845,0,72534.044
KNQA20150904-11,KNQA20150904_125436_V06,2,1.494,1.200,10503,0,5264.495,340,0,3811.312
KNQA20150904-11,KNQA20150904_125436_V06,4,2.505,1.200,5260,0,59.848,0,0,59.848
KNQA20150904-1,KNQA20150904_111519_V06,0,0.483,1.200,764,0,11352.170,81,0,11144.304
KNQA20150904-1,KNQA20150904_111519_V06,2,1.494,1.200,766,0,1648.919,176,0,1367.697
KNQA20150904-1,KNQA20150904_111519_V06,4,2.505,1.200,389,0,39.643,26,0,31.188
KNQA20150904-1,KNQA20150904_111519_V06,5,3.516,1.200,387,0,18.841,23,0,15.323
KNQA20150904-1,KNQA20150904_111519_V06,6,4.482,1.200,387,0,87.768,191,0,38.258
KNQA20150904-3,KNQA20150904_113445_V06,0,0.483,1.200,270,0,5100.536,19,0,4596.481
KNQA20150904-3,KNQA20150904_113445_V06,2,1.494,1.200,271,0,0.764,0,0,0.764
KNQA20150904-7,KNQA20150904_114427_V06,0,0.483,1.200,5999,0,79958.610,221,0,70388.253
KNQA20150904-7,KNQA20150904_114427_V06,2,1.494,1.200,6007,0,77.887,0,0,77.887
KNQA20150904-8,KNQA20150904_114427_V06,0,0.483,1.200,7200,0,50690.460,1150,0,43041.495
KNQA20150904-8,KNQA20150904_114427_V06,2,1.494,1.200,7204,0,5860.841,394,0,4729.261
KNQA20150904-8,KNQA20150904_114427_V06,4,2.505,1.200,3601,0,11.395,0,0,11.395
KNQA20150905-1,KNQA20150905_112112_V06,0,0.483,1.200,706,0,16395.130,60,0,14381.574
KNQA20150905-1,KNQA20150905_112112_V06,2,1.494,1.200,708,0,528.769,151,0,360.512
KNQA20150905-1,KNQA20150905_112112_V06,4,2.505,1.200,355,0,45.741,11,0,26.667
KNQA20150905-1,KNQA20150905_112112_V06,5,3.516,1.200,354,0,2.315,3,0,1.835
KNQA20150905-1,KNQA20150905_112112_V06,6,4.482,1.200,353,0,41.979,58,0,29.638
KNQA20150905-2,KNQA20150905_120944_V06,0,0.483,1.200,2407,0,18322.418,270,0,13217.761
KNQA20150905-2,KNQA20150905_120944_V06,2,1.494,1.200,2407,0,644.558,17,0,503.094
KNQA20150905-2,KNQA20150905_121927_V06,0,0.483,1.200,1853,0,12292.907,274,0,8164.674
KNQA20150905-2,KNQA20150905_121927_V06,2,1.494,1.200,1855,0,876.707,30,0,648.826
KNQA20150906-4,KNQA20150906_114356_V06,0,0.483,1.200,388,0,5395.739,39,0,4581.432
KNQA20150906-4,KNQA20150906_114356_V06,2,1.494,1.200,387,0,26.678,0,0,26.678
KNQA20150906-4,KNQA20150906_115339_V06,0,0.483,1.200,1391,0,7511.512,69,0,5475.205
KNQA20150906-4,KNQA20150906_115339_V06,2,1.494,1.200,1395,0,3.768,0,0,3.768
KNQA20150906-3,KNQA20150906_114356_V06,0,0.483,1.200,2031,0,27344.144,70,0,19601.564
KNQA20150907-1,KNQA20150907_115351_V06,0,0.483,1.200,2899,0,7936.249,30,0,6744.843
KNQA20150908-1,KNQA20150908_112613_V06,0,0.483,1.200,1625,0,23709.546,26,0,23196.824
KNQA20150908-1,KNQA20150908_112613_V06,2,1.494,1.200,1620,0,336.675,298,0,252.554
KNQA20150908-1,KNQA20150908_112613_V06,4,2.505,1.200,810,0,19.657,9,0,16.138
KNQA20150908-1,KNQA20150908_112613_V06,5,3.516,1.200,810,0,0.538,1,0,0.494
KNQA20150908-1,KNQA20150908_112613_V06,6,4.482,1.200,815,0,13.141,12,0,11.151
KNQA20150908-1,KNQA20150908_113556_V06,0,0.483,1.200,9439,0,11976.419,833,0,11216.189
KNQA20150908-1,KNQA20150908_113556_V06,2,1.494,1.200,9443,0,4358.781,2063,0,3588.306
KNQA20150908-1,KNQA20150908_113556_V06,4,2.505,1.200,4724,0,2938.495,657,0,2356.413
KNQA20150908-1,KNQA20150908_113556_V06,5,3.516,1.200,4734,0,1176.139,381,0,888.990
KNQA20150908-1,KNQA20150908_113556_V06,6,4.482,1.200,4741,0,253.712,182,0,201.186
KNQA20150908-3,KNQA20150908_114540_V06,0,0.483,1.200,2314,0,14855.346,40,0,10131.802
KNQA20150909-3,KNQA20150909_111741_V06,0,0.483,1.200,140,0,11934.168,17,0,9356.863
KNQA20150909-3,KNQA20150909_111741_V06,2,1.450,1.200,140,0,172.364,24,0,114.303
KNQA20150909-3,KNQA20150909_111741_V06,4,2.417,1.200,71,0,0.054,0,0,0.054
KNQA20150909-3,KNQA20150909_111741_V06,5,3.384,1.200,70,0,0.054,0,0,0.054
KNQA20150909-3,KNQA20150909_111741_V06,6,4.307,1.200,71,0,0.054,0,0,0.054
KNQA20150909-3,KNQA20150909_111741_V06,7,6.021,1.200,72,0,0.056,0,0,0.056
KNQA20150909-3,KNQA20150909_112236_V06,0,0.483,1.200,1811,0,39573.264,364,0,30555.418
KNQA20150909-3,KNQA20150909_112236_V06,2,1.450,1.200,1810,0,534.857,131,0,374.189
KNQA20150909-3,KNQA20150909_112236_V06,4,2.417,1.200,907,0,0.693,0,0,0.693
KNQA20150909-3,KNQA20150909_112236_V06,5,3.384,1.200,905,0,0.693,0,0,0.693
KNQA20150909-3,KNQA20150909_112236_V06,6,4.307,1.200,909,0,0.698,0,0,0.698
KNQA20150909-3,KNQA20150909_112236_V06,7,6.021,1.200,912,0,0.704,0,0,0.704
KNQA20150909-3,KNQA20150909_112731_V06,0,0.483,1.200,3773,0,39357.907,480,0,34911.667
KNQA20150909-3,KNQA20150909_112731_V06,2,1.450,1.200,3776,0,4655.215,181,0,3294.703
KNQA20150909-3,KNQA20150909_112731_V06,4,2.417,1.200,1886,0,1.319,0,0,1.319
KNQA20150909-3,KNQA20150909_112731_V06,5,3.384,1.200,1894,0,1.327,0,0,1.327
KNQA20150909-3,KNQA20150909_112731_V06,6,4.307,1.200,1895,0,1.331,0,0,1.331
KNQA20150909-3,KNQA20150909_112731_V06,7,6.021,1.200,1900,0,1.342,0,0,1.342
KNQA20150909-4,KNQA20150909_112731_V06,0,0.483,1.200,379,0,2648.370,87,0,1990.833
KNQA20150909-4,KNQA20150909_112731_V06,2,1.450,1.200,380,0,0.301,0,0,0.301
KNQA20150909-4,KNQA20150909_112731_V06,4,2.417,1.200,191,0,0.302,0,0,0.302
KNQA20150909-4,KNQA20150909_112731_V06,5,3.384,1.200,187,0,0.297,0,0,0.297
KNQA20150909-4,KNQA20150909_112731_V06,6,4.307,1.200,187,0,0.297,0,0,0.297
KNQA20150909-4,KNQA20150909_113225_V06,0,0.483,1.200,2011,0,9972.537,420,0,8512.404
KNQA20150909-4,KNQA20150909_113225_V06,2,1.450,1.200,2016,0,11.317,1,0,9.606
KNQA20150909-4,KNQA20150909_113225_V06,4,2.417,1.200,1016,0,1.612,0,0,1.612
KNQA20150909-4,KNQA20150909_113225_V06,5,3.384,1.200,1011,0,1.608,0,0,1.608
KNQA20150909-4,KNQA20150909_113225_V06,6,4.307,1.200,1014,0,30.692,4,0,8.992
KNQA20150909-4,KNQA20150909_113721_V06,0,0.483,1.200,4987,0,38741.287,1009,0,33315.907
KNQA20150909-4,KNQA20150909_113721_V06,2,1.450,1.200,4985,0,30.236,20,0,16.974
KNQA20150909-4,KNQA20150909_113721_V06,4,2.417,1.200,2500,0,3.968,0,0,3.968
KNQA20150909-4,KNQA20150909_113721_V06,5,3.384,1.200,2503,0,3.981,0,0,3.981
KNQA20150909-4,KNQA20150909_113721_V06,6,4.307,1.200,2504,0,1299.344,77,0,189.578
KNQA20150909-4,KNQA20150909_114216_V06,0,0.483,1.200,9309,0,79919.757,1387,0,69623.758
KNQA20150909-4,KNQA20150909_114216_V06,2,1.450,1.200,9319,0,243.476,197,0,105.400
KNQA20150909-4,KNQA20150909_114216_V06,4,2.417,1.200,4667,0,11.119,0,0,11.119
KNQA20150909-4,KNQA20150909_114216_V06,5,3.384,1.200,4669,0,7.428,0,0,7.428
KNQA20150909-4,KNQA20150909_114216_V06,6,4.307,1.200,4673,0,3089.937,180,0,536.285
KNQA20150909-4,KNQA20150909_114710_V06,0,0.483,1.200,15021,0,137201.443,1900,0,118123.643
KNQA20150909-4,KNQA20150909_114710_V06,2,1.450,1.200,15029,0,1100.698,864,0,709.407
KNQA20150909-4,KNQA20150909_114710_V06,4,2.417,1.200,7522,0,11.960,0,0,11.960
KNQA20150909-4,KNQA20150909_114710_V06,5,3.384,1.200,7523,0,260.625,11,0,51.538
KNQA20150909-4,KNQA20150909_114710_V06,6,4.307,1.200,7538,0,3663.552,201,0,1318.886
KNQA20150909-4,KNQA20150909_115205_V06,0,0.483,1.200,13297,0,104624.809,1307,0,91166.512
KNQA20150909-4,KNQA20150909_115205_V06,2,1.450,1.200,13317,0,1725.347,268,0,667.634
KNQA20150909-4,KNQA20150909_115205_V06,4,2.417,1.200,6660,0,4593.674,25,0,76.373
KNQA20150909-4,KNQA20150909_115205_V06,5,3.384,1.200,6671,0,4009.675,133,0,1214.567
KNQA20150909-6,KNQA20150909_113721_V06,0,0.483,1.200,11198,1,157605.068,806,1,147150.316
KNQA20150909-6,KNQA20150909_113721_V06,2,1.450,1.200,11203,0,28190.897,1262,0,19063.207
KNQA20150909-6,KNQA20150909_113721_V06,4,2.417,1.200,5607,0,6766.726,916,0,3041.931
KNQA20150909-6,KNQA20150909_113721_V06,5,3.384,1.200,5610,0,622.007,1327,0,288.626
KNQA20150909-6,KNQA20150909_113721_V06,6,4.307,1.200,5616,0,176.185,1069,0,81.216
KNQA20150909-6,KNQA20150909_113721_V06,7,6.021,1.200,5624,0,50.933,774,0,15.544
KNQA20150909-6,KNQA20150909_113721_V06,8,9.888,1.200,5681,0,6.534,573,0,3.532
KNQA20150909-12,KNQA20150909_125130_V06,0,0.483,1.200,2249,0,31265.877,47,0,31120.875
KNQA20150909-12,KNQA20150909_125130_V06,2,1.450,1.200,2251,0,370.947,308,0,214.048
KNQA20150909-12,KNQA20150909_125130_V06,4,2.417,1.200,1125,0,1.256,0,0,1.256
KNQA20150909-12,KNQA20150909_125130_V06,5,3.384,1.200,1123,0,1.256,0,0,1.256
KNQA20150909-12,KNQA20150909_125130_V06,6,4.307,1.200,1125,0,1.259,0,0,1.259
KNQA20150910-1,KNQA20150910_113717_V06,0,0.483,1.200,1696,0,375954.487,15,0,374739.224
KNQA20150910-1,KNQA20150910_113717_V06,2,1.494,1.200,1696,0,596.830,34,0,480.811
KNQA20150910-1,KNQA20150910_113717_V06,4,2.505,1.200,851,0,3.285,0,0,3.285
KNQA20150910-1,KNQA20150910_114700_V06,0,0.483,1.200,7865,0,992921.399,172,0,982997.343
KNQA20150910-1,KNQA20150910_114700_V06,2,1.494,1.200,7866,0,20359.881,172,0,19650.806
KNQA20150911-9,KNQA20150911_113925_V06,0,0.483,1.200,861,169,318276.704,328,5,62559.251
KNQA20150911-9,KNQA20150911_113925_V06,2,0.879,1.200,861,161,399703.815,400,10,37765.710
KNQA20150911-9,KNQA20150911_113925_V06,4,1.318,1.200,864,191,333961.107,424,9,16677.029
KNQA20150911-9,KNQA20150911_113925_V06,6,1.802,1.200,426,94,322422.979,264,4,9136.778
KNQA20150911-9,KNQA20150911_113925_V06,7,2.417,1.200,425,99,249661.890,275,7,10603.174
KNQA20150911-9,KNQA20150911_113925_V06,10,3.120,1.200,430,83,231145.742,262,9,2522.850
KNQA20150911-9,KNQA20150911_113925_V06,11,3.999,1.200,431,87,191262.835,261,6,9505.715
KNQA20150911-9,KNQA20150911_113925_V06,12,5.098,1.200,429,87,196488.398,250,5,4217.125
KNQA20150911-9,KNQA20150911_113925_V06,13,6.416,1.200,430,57,192183.456,206,5,1482.460
KNQA20150911-9,KNQA20150911_114454_V06,0,0.483,1.200,3133,209,407617.336,564,6,112253.545
KNQA20150911-9,KNQA20150911_114454_V06,2,0.879,1.200,3129,184,320281.859,703,3,69050.643
KNQA20150911-9,KNQA20150911_114454_V06,4,1.318,1.200,3131,140,344803.682,903,4,35494.016
KNQA20150911-9,KNQA20150911_114454_V06,6,1.802,1.200,1565,63,330924.966,661,2,18152.494
KNQA20150911-9,KNQA20150911_114454_V06,7,2.417,1.200,1569,66,301037.925,757,2,10760.831
KNQA20150911-9,KNQA20150911_114454_V06,10,3.120,1.200,1575,52,377359.135,770,0,10971.253
KNQA20150911-9,KNQA20150911_114454_V06,11,3.999,1.200,1574,71,304481.303,834,3,13326.141
KNQA20150911-9,KNQA20150911_114454_V06,12,5.098,1.200,1574,65,343428.512,753,2,9214.842
KNQA20150911-9,KNQA20150911_114454_V06,13,6.416,1.200,1574,39,283730.555,562,2,7106.258
KNQA20150911-9,KNQA20150911_115023_V06,0,0.483,1.200,1271,149,342668.812,464,0,32805.801
KNQA20150911-9,KNQA20150911_115023_V06,2,0.879,1.200,1272,144,329049.638,514,0,31728.818
KNQA20150911-9,KNQA20150911_115023_V06,4,1.318,1.200,1273,127,361915.264,603,0,13028.727
KNQA20150911-9,KNQA20150911_115023_V06,6,1.802,1.200,638,58,316649.404,375,0,4567.116
KNQA20150911-9,KNQA20150911_115023_V06,7,2.417,1.200,641,51,312796.788,402,1,8960.818
KNQA20150911-9,KNQA20150911_115023_V06,10,3.120,1.200,640,34,242395.152,456,0,578.850
KNQA20150911-9,KNQA20150911_115023_V06,11,3.999,1.200,635,26,220103.715,488,0,39.645
KNQA20150911-9,KNQA20150911_115023_V06,12,5.098,1.200,639,13,251746.860,427,0,4509.485
KNQA20150911-9,KNQA20150911_115023_V06,13,6.416,1.200,643,5,146258.811,377,0,6388.675
KNQA20150911-9,KNQA20150911_115023_V06,14,7.998,1.200,648,0,42543.439,235,0,2.433
KNQA20150911-11,KNQA20150911_114454_V06,0,0.483,1.200,770,0,15751.066,87,0,11451.521
KNQA20150911-11,KNQA20150911_114454_V06,2,0.879,1.200,769,0,2662.187,32,0,226.371
KNQA20150911-11,KNQA20150911_114454_V06,4,1.318,1.200,767,0,22041.860,145,0,431.024
KNQA20150911-11,KNQA20150911_114454_V06,6,1.802,1.200,383,0,39581.144,133,0,2686.049
KNQA20150911-11,KNQA20150911_115023_V06,0,0.483,1.200,2263,0,149380.374,372,0,43307.104
KNQA20150911-11,KNQA20150911_115023_V06,2,0.879,1.200,2259,0,128426.369,339,0,14129.403
KNQA20150911-11,KNQA20150911_115023_V06,4,1.318,1.200,2264,0,92519.047,367,0,6547.397
KNQA20150911-11,KNQA20150911_115023_V06,6,1.802,1.200,1127,0,49848.929,230,0,5186.604
KNQA20150911-13,KNQA20150911_114454_V06,0,0.483,1.200,223,12,945875.331,94,0,363182.080
KNQA20150911-13,KNQA20150911_114454_V06,2,0.879,1.200,219,23,991782.238,126,0,98072.249
KNQA20150911-13,KNQA20150911_114454_V06,4,1.318,1.200,220,16,970759.350,145,0,120400.850
KNQA20150911-13,KNQA20150911_114454_V06,6,1.802,1.200,107,6,539198.272,49,3,121657.200
KNQA20150911-13,KNQA20150911_115023_V06,0,0.483,1.200,909,33,963416.734,205,0,17208.216
KNQA20150911-13,KNQA20150911_115023_V06,2,0.879,1.200,912,38,726398.852,194,1,5015.563
KNQA20150911-13,KNQA20150911_115023_V06,4,1.318,1.200,916,36,736821.310,203,0,182.226
KNQA20150911-13,KNQA20150911_115023_V06,6,1.802,1.200,455,2,1062648.329,82,0,596.789
KNQA20150911-27,KNQA20150911_123234_V06,0,0.483,1.200,7537,0,110533.631,645,0,98271.779
KNQA20150911-27,KNQA20150911_123234_V06,2,0.879,1.200,7540,0,7615.917,340,0,5835.251
KNQA20150911-27,KNQA20150911_123234_V06,4,1.318,1.200,7535,0,230.239,32,0,106.644
KNQA20150911-27,KNQA20150911_123234_V06,6,1.802,1.200,3782,0,11.608,0,0,11.608
KNQA20150911-27,KNQA20150911_123234_V06,7,2.417,1.200,3784,0,11.635,0,0,11.635
KNQA20150911-27,KNQA20150911_123716_V06,0,0.483,1.200,10798,0,134586.380,771,0,121418.812
KNQA20150911-27,KNQA20150911_123716_V06,2,0.879,1.200,10803,0,23648.800,597,0,19634.713
KNQA20150911-27,KNQA20150911_123716_V06,4,1.318,1.200,10811,0,2022.177,192,0,924.586
KNQA20150911-27,KNQA20150911_123716_V06,6,1.802,1.200,5404,0,153.140,4,0,134.920
KNQA20150911-27,KNQA20150911_123716_V06,9,2.417,1.200,5417,0,16.513,0,0,16.513
KNQA20150911-5,KNQA20150911_112906_V06,0,0.483,1.200,1683,0,101371.801,39,0,100262.486
KNQA20150911-5,KNQA20150911_112906_V06,2,0.879,1.200,1680,0,26428.800,90,0,25383.094
KNQA20150911-5,KNQA20150911_112906_V06,4,1.318,1.200,1684,0,2639.043,129,0,1506.435
KNQA20150911-5,KNQA20150911_112906_V06,6,1.802,1.200,838,0,929.291,14,0,26.949
KNQA20150911-5,KNQA20150911_112906_V06,7,2.417,1.200,839,0,1159.936,15,0,89.090
KNQA20150911-5,KNQA20150911_112906_V06,8,3.120,1.200,837,0,2234.027,10,0,22.215
KNQA20150911-6,KNQA20150911_113416_V06,0,0.483,1.200,287,0,6290.168,49,0,3869.260
KNQA20150911-6,KNQA20150911_113416_V06,2,0.879,1.200,290,0,341.351,8,0,232.196
KNQA20150911-6,KNQA20150911_113416_V06,4,1.318,1.200,288,0,0.682,0,0,0.682
KNQA20150911-6,KNQA20150911_113416_V06,6,1.802,1.200,146,0,683.461,6,0,257.617
KNQA20150911-7,KNQA20150911_113925_V06,0,0.483,1.200,1130,201,511323.210,416,7,63728.140
KNQA20150911-7,KNQA20150911_113925_V06,2,0.879,1.200,1130,192,564291.516,461,1,36266.183
KNQA20150911-7,KNQA20150911_113925_V06,4,1.318,1.200,1128,184,587707.334,512,3,16473.446
KNQA20150911-7,KNQA20150911_113925_V06,6,1.802,1.200,565,96,453819.106,300,0,4017.218
KNQA20150911-7,KNQA20150911_113925_V06,7,2.417,1.200,565,96,517745.414,262,0,27991.216
KNQA20150911-7,KNQA20150911_113925_V06,10,3.120,1.200,566,104,507105.585,254,0,10.299
KNQA20150911-7,KNQA20150911_113925_V06,11,3.999,1.200,569,95,589552.136,259,1,34443.693
KNQA20150911-7,KNQA20150911_113925_V06,12,5.098,1.200,563,42,586944.340,260,1,3.114
KNQA20150911-8,KNQA20150911_113925_V06,0,0.483,1.200,510,0,11302.543,78,0,3521.002
KNQA20150911-8,KNQA20150911_113925_V06,2,0.879,1.200,516,0,104.290,5,0,32.223
KNQA20150911-8,KNQA20150911_113925_V06,4,1.318,1.200,515,0,619.397,26,0,104.857
KNQA20150911-8,KNQA20150911_113925_V06,6,1.802,1.200,258,0,6804.158,49,0,1351.392
KNQA20150911-10,KNQA20150911_113925_V06,0,0.483,1.200,1082,0,7425.689,102,0,5585.347
KNQA20150911-10,KNQA20150911_113925_V06,2,0.879,1.200,1083,0,2213.329,52,0,1584.590
KNQA20150911-10,KNQA20150911_113925_V06,4,1.318,1.200,1083,0,1.987,0,0,1.987
KNQA20150911-10,KNQA20150911_113925_V06,6,1.802,1.200,541,0,1.987,0,0,1.987
KNQA20150911-10,KNQA20150911_113925_V06,7,2.417,1.200,543,0,1.996,0,0,1.996
KNQA20150911-17,KNQA20150911_120648_V06,0,0.483,1.200,1930,92,1020170.689,746,0,74227.421
KNQA20150911-17,KNQA20150911_120648_V06,2,0.879,1.200,1932,66,837999.319,886,0,24123.819
KNQA20150911-17,KNQA20150911_120648_V06,4,1.318,1.200,1936,50,861520.233,1183,0,4153.743
KNQA20150911-17,KNQA20150911_120648_V06,6,1.802,1.200,962,16,616664.936,624,0,190.922
KNQA20150911-17,KNQA20150911_120648_V06,7,2.417,1.200,964,13,489470.533,573,0,317.083
KNQA20150911-17,KNQA20150911_120648_V06,8,3.120,1.200,971,6,489150.997,544,0,151.978
KNQA20150911-17,KNQA20150911_120648_V06,11,3.999,1.200,966,0,278560.061,483,0,555.712
KNQA20150911-17,KNQA20150911_120648_V06,12,5.098,1.200,970,0,57162.586,396,0,39.552
KNQA20150911-18,KNQA20150911_120648_V06,0,0.483,1.200,1608,0,11775.847,114,0,6589.211
KNQA20150911-18,KNQA20150911_120648_V06,2,0.879,1.200,1615,0,3649.801,38,0,2533.977
KNQA20150911-18,KNQA20150911_120648_V06,4,1.318,1.200,1614,0,84.839,3,0,31.572
KNQA20150911-22,KNQA20150911_120648_V06,0,0.483,1.200,2245,9,387086.588,410,0,54427.657
KNQA20150911-22,KNQA20150911_120648_V06,2,0.879,1.200,2248,12,310824.221,500,0,39978.712
KNQA20150911-22,KNQA20150911_120648_V06,4,1.318,1.200,2247,12,274739.090,534,0,28400.152
KNQA20150911-22,KNQA20150911_120648_V06,6,1.802,1.200,1120,3,249129.891,378,0,13602.559
KNQA20150911-22,KNQA20150911_120648_V06,7,2.417,1.200,1121,4,279164.009,442,0,4217.414
KNQA20150911-22,KNQA20150911_120648_V06,8,3.120,1.200,1127,9,191547.351,487,0,374.080
KNQA20150911-22,KNQA20150911_120648_V06,11,3.999,1.200,1125,10,194180.072,451,0,503.862
KNQA20150911-22,KNQA20150911_120648_V06,12,5.098,1.200,1131,3,121607.183,384,0,958.024
KNQA20150911-22,KNQA20150911_120648_V06,13,6.416,1.200,1127,0,7576.190,264,0,81.661
KNQA20150911-28,KNQA20150911_124217_V06,0,0.483,1.200,4292,0,165213.664,643,0,70223.589
KNQA20150911-28,KNQA20150911_124217_V06,2,0.879,1.200,4285,0,79290.187,255,0,8626.762
KNQA20150911-28,KNQA20150911_124217_V06,4,1.318,1.200,4287,0,41967.323,290,0,4357.865
KNQA20150912-5,KNQA20150912_112919_V06,0,0.483,1.200,1460,0,7627.802,9,0,7459.167
KNQA20150912-5,KNQA20150912_112919_V06,2,1.494,1.200,1459,0,4.841,0,0,4.841
KNQA20150912-5,KNQA20150912_113904_V06,0,0.483,1.200,4722,0,30888.831,40,0,30232.294
KNQA20150912-5,KNQA20150912_113904_V06,2,1.494,1.200,4726,0,16.058,0,0,16.058
KNQA20150912-5,KNQA20150912_114848_V06,0,0.483,1.200,10017,0,171993.242,37,0,170896.959
KNQA20150912-5,KNQA20150912_114848_V06,2,1.494,1.200,10031,0,38.229,0,0,38.229
KNQA20150912-10,KNQA20150912_114848_V06,0,0.483,1.200,3922,0,143464.397,112,0,139337.018
KNQA20150912-10,KNQA20150912_114848_V06,2,1.494,1.200,3913,0,12.168,0,0,12.168
KNQA20150912-10,KNQA20150912_115832_V06,0,0.483,1.200,11271,0,265889.748,668,0,245729.186
KNQA20150912-10,KNQA20150912_115832_V06,2,1.494,1.200,11283,0,680.649,15,0,605.402
KNQA20150912-10,KNQA20150912_120817_V06,0,0.483,1.200,14956,0,214890.993,973,0,193133.081
KNQA20150912-10,KNQA20150912_120817_V06,2,1.494,1.200,14968,0,2887.459,121,0,2228.905
KNQA20150912-3,KNQA20150912_111935_V06,0,0.483,1.200,1076,0,38344.118,47,0,37867.863
KNQA20150912-3,KNQA20150912_111935_V06,2,1.494,1.200,1079,0,15.492,6,0,2.732
KNQA20150912-3,KNQA20150912_111935_V06,4,2.505,1.200,535,0,1.222,0,0,1.222
KNQA20150912-3,KNQA20150912_111935_V06,5,3.516,1.200,535,0,1.224,0,0,1.224
KNQA20150912-3,KNQA20150912_112919_V06,0,0.483,1.200,4174,0,115740.523,103,0,114914.936
KNQA20150912-3,KNQA20150912_112919_V06,2,1.494,1.200,4167,0,550.822,59,0,481.471
KNQA20150912-3,KNQA20150912_112919_V06,4,2.505,1.200,2111,0,4.747,0,0,4.747
KNQA20150912-3,KNQA20150912_112919_V06,5,3.516,1.200,2109,0,4.754,0,0,4.754
KNQA20150912-4,KNQA20150912_112919_V06,0,0.483,1.200,636,0,20715.800,28,0,19998.331
KNQA20150912-4,KNQA20150912_112919_V06,2,1.494,1.200,642,0,1.370,0,0,1.370
KNQA20150912-4,KNQA20150912_113904_V06,0,0.483,1.200,3480,0,108827.236,121,0,103920.075
KNQA20150912-4,KNQA20150912_113904_V06,2,1.494,1.200,3479,0,12.887,2,0,7.203
KNQA20150912-4,KNQA20150912_113904_V06,4,2.505,1.200,1742,0,7.227,0,0,7.227
KNQA20150912-11,KNQA20150912_115832_V06,0,0.483,1.200,4692,0,148731.047,358,0,138549.333
KNQA20150912-11,KNQA20150912_115832_V06,2,1.494,1.200,4692,0,411.965,13,0,342.688
KNQA20150912-11,KNQA20150912_120817_V06,0,0.483,1.200,13646,0,209223.554,1107,0,185326.849
KNQA20150912-11,KNQA20150912_120817_V06,2,1.494,1.200,13651,0,3922.152,158,0,3064.552
KNQA20150912-1,KNQA20150912_111935_V06,0,0.483,1.200,579,0,17262.674,22,0,17066.839
KNQA20150912-1,KNQA20150912_111935_V06,2,1.494,1.200,578,0,43.472,22,0,20.309
KNQA20150912-1,KNQA20150912_111935_V06,4,2.505,1.200,271,0,0.383,0,0,0.383
KNQA20150912-1,KNQA20150912_111935_V06,5,3.516,1.200,272,0,0.385,0,0,0.385
KNQA20150912-1,KNQA20150912_111935_V06,6,4.482,1.200,275,0,0.391,0,0,0.391
KNQA20150912-2,KNQA20150912_111935_V06,0,0.483,1.200,2219,0,35565.725,143,0,35025.520
KNQA20150912-2,KNQA20150912_111935_V06,2,1.494,1.200,2215,0,4654.738,344,0,4537.498
KNQA20150912-2,KNQA20150912_111935_V06,4,2.505,1.200,1113,0,459.032,612,0,192.178
KNQA20150912-2,KNQA20150912_111935_V06,5,3.516,1.200,1117,0,124.580,329,0,37.702
KNQA20150912-2,KNQA20150912_111935_V06,6,4.482,1.200,1114,0,0.702,0,0,0.702
KNQA20150912-6,KNQA20150912_112919_V06,0,0.483,1.200,1149,0,127969.787,2,0,127918.283
KNQA20150912-6,KNQA20150912_112919_V06,2,1.494,1.200,1154,0,8862.322,26,0,8808.294
KNQA20150912-6,KNQA20150912_112919_V06,4,2.505,1.200,575,0,1.340,0,0,1.340
KNQA20150912-6,KNQA20150912_112919_V06,5,3.516,1.200,579,0,0.538,0,0,0.538
KNQA20150912-6,KNQA20150912_112919_V06,6,4.482,1.200,580,0,0.309,0,0,0.309
KNQA20150912-7,KNQA20150912_112919_V06,0,0.483,1.200,1756,0,18219.813,86,0,17657.352
KNQA20150912-7,KNQA20150912_112919_V06,2,1.494,1.200,1751,0,58.405,14,0,47.037
KNQA20150912-7,KNQA20150912_112919_V06,4,2.505,1.200,872,0,1.319,0,0,1.319
KNQA20150912-7,KNQA20150912_112919_V06,5,3.516,1.200,880,0,1.336,0,0,1.336
KNQA20150912-7,KNQA20150912_112919_V06,6,4.482,1.200,878,0,1.335,0,0,1.335
KNQA20150913-1,KNQA20150913_111758_V06,0,0.483,1.200,43,0,1772.473,2,0,1736.350
KNQA20150913-1,KNQA20150913_111758_V06,2,1.494,1.200,45,0,0.043,0,0,0.043
KNQA20150913-1,KNQA20150913_111758_V06,4,2.505,1.200,20,0,0.038,0,0,0.038
KNQA20150913-1,KNQA20150913_111758_V06,5,3.516,1.200,20,0,0.038,0,0,0.038
KNQA20150913-1,KNQA20150913_112743_V06,0,0.483,1.200,1179,0,10729.236,87,0,9831.846
KNQA20150913-1,KNQA20150913_112743_V06,2,1.494,1.200,1178,0,27.507,13,0,11.881
KNQA20150913-1,KNQA20150913_112743_V06,4,2.505,1.200,590,0,1.088,0,0,1.088
KNQA20150913-1,KNQA20150913_112743_V06,5,3.516,1.200,585,0,1.081,0,0,1.081
KNQA20150913-3,KNQA20150913_112743_V06,0,0.483,1.200,891,0,97990.846,26,0,97787.430
KNQA20150913-3,KNQA20150913_112743_V06,2,1.494,1.200,893,0,1186.766,53,0,1112.269
KNQA20150913-3,KNQA20150913_112743_V06,4,2.505,1.200,450,0,4.622,2,0,4.404
KNQA20150913-3,KNQA20150913_112743_V06,5,3.516,1.200,452,0,5.706,5,0,5.117
KNQA20150913-3,KNQA20150913_112743_V06,6,4.482,1.200,452,0,0.267,0,0,0.267
KNQA20150913-3,KNQA20150913_113727_V06,0,0.483,1.200,6158,0,83872.545,211,0,82858.994
KNQA20150913-3,KNQA20150913_113727_V06,2,1.494,1.200,6158,0,13238.184,289,0,12911.439
KNQA20150913-3,KNQA20150913_113727_V06,4,2.505,1.200,3077,0,1192.306,31,0,1180.566
KNQA20150913-3,KNQA20150913_113727_V06,5,3.516,1.200,3082,0,95.151,7,0,94.708
KNQA20150913-3,KNQA20150913_113727_V06,6,4.482,1.200,3088,0,37.168,111,0,28.264
KNQA20150913-6,KNQA20150913_113727_V06,0,0.483,1.200,887,0,36973.979,116,0,36555.219
KNQA20150913-6,KNQA20150913_113727_V06,2,1.494,1.200,885,0,27.445,13,0,16.797
KNQA20150913-6,KNQA20150913_113727_V06,4,2.505,1.200,444,0,0.720,0,0,0.720
KNQA20150913-6,KNQA20150913_113727_V06,5,3.516,1.200,448,0,0.728,0,0,0.728
KNQA20150913-6,KNQA20150913_114712_V06,0,0.483,1.200,3617,0,42761.754,643,0,37494.032
KNQA20150913-6,KNQA20150913_114712_V06,2,1.494,1.200,3622,0,51.240,13,0,36.183
KNQA20150913-6,KNQA20150913_114712_V06,4,2.505,1.200,1810,0,8.705,0,0,8.705
KNQA20150913-6,KNQA20150913_114712_V06,5,3.516,1.200,1818,0,3.195,0,0,3.195
KNQA20150913-6,KNQA20150913_114712_V06,6,4.482,1.200,1811,0,2.767,0,0,2.767
KNQA20150913-2,KNQA20150913_112743_V06,0,0.483,1.200,1106,0,15674.154,67,0,15084.875
KNQA20150913-2,KNQA20150913_112743_V06,2,1.494,1.200,1104,0,28.604,13,0,15.578
KNQA20150913-2,KNQA20150913_112743_V06,4,2.505,1.200,566,0,0.931,0,0,0.931
KNQA20150913-2,KNQA20150913_112743_V06,5,3.516,1.200,566,0,0.932,0,0,0.932
KNQA20150913-4,KNQA20150913_112743_V06,0,0.483,1.200,1471,0,15905.100,15,0,15535.552
KNQA20150913-4,KNQA20150913_112743_V06,2,1.494,1.200,1471,0,4.652,0,0,4.652
KNQA20150913-4,KNQA20150913_113727_V06,0,0.483,1.200,5498,0,143395.452,207,0,138450.484
KNQA20150913-4,KNQA20150913_113727_V06,2,1.494,1.200,5512,0,17.431,0,0,17.431
KNQA20150913-4,KNQA20150913_114712_V06,0,0.483,1.200,1886,0,142779.433,22,0,141926.200
KNQA20150913-4,KNQA20150913_114712_V06,2,1.494,1.200,1887,0,5.569,0,0,5.569
KNQA20150913-5,KNQA20150913_112743_V06,0,0.483,1.200,1008,0,4474.266,56,0,4073.129
KNQA20150913-5,KNQA20150913_112743_V06,2,1.494,1.200,1010,0,30.771,2,0,25.280
KNQA20150913-5,KNQA20150913_112743_V06,4,2.505,1.200,507,0,0.794,0,0,0.794
KNQA20150913-5,KNQA20150913_112743_V06,5,3.516,1.200,505,0,0.792,0,0,0.792
KNQA20150914-1,KNQA20150914_112712_V06,0,0.483,1.200,1174,0,16936.232,68,0,16712.724
KNQA20150914-1,KNQA20150914_112712_V06,2,1.494,1.200,1172,0,11.067,15,0,7.774
KNQA20150914-1,KNQA20150914_112712_V06,4,2.505,1.200,587,0,0.319,0,0,0.319
KNQA20150914-1,KNQA20150914_112712_V06,5,3.516,1.200,584,0,0.318,0,0,0.318
KNQA20150914-1,KNQA20150914_112712_V06,6,4.482,1.200,586,0,0.320,0,0,0.320
KNQA20150914-1,KNQA20150914_113658_V06,0,0.483,1.200,5297,0,19445.424,247,0,19156.446
KNQA20150914-1,KNQA20150914_113658_V06,2,1.494,1.200,5301,0,2970.582,856,0,2448.162
KNQA20150914-1,KNQA20150914_113658_V06,4,2.505,1.200,2653,0,482.560,142,0,398.593
KNQA20150914-1,KNQA20150914_113658_V06,5,3.516,1.200,2658,0,40.158,29,0,31.353
KNQA20150914-1,KNQA20150914_113658_V06,6,4.482,1.200,2657,0,5.414,5,0,4.827
KNQA20150914-1,KNQA20150914_114644_V06,0,0.483,1.200,8392,0,13882.372,967,0,12623.546
KNQA20150914-1,KNQA20150914_114644_V06,2,1.494,1.200,8393,0,5373.295,2317,0,3175.869
KNQA20150914-1,KNQA20150914_114644_V06,4,2.505,1.200,4199,0,1146.780,372,0,851.105
KNQA20150914-1,KNQA20150914_114644_V06,5,3.516,1.200,4200,0,532.159,196,0,399.354
KNQA20150914-1,KNQA20150914_114644_V06,6,4.482,1.200,4209,0,217.096,151,0,170.293
KNQA20150914-3,KNQA20150914_112712_V06,0,0.483,1.200,75,0,14129.043,1,0,14120.836
KNQA20150914-3,KNQA20150914_112712_V06,2,1.494,1.200,78,0,0.220,0,0,0.220
KNQA20150916-1,KNQA20150916_113314_V06,0,0.483,1.200,916,0,13957.096,19,0,13891.401
KNQA20150916-1,KNQA20150916_113314_V06,2,1.494,1.200,918,0,11.876,50,0,7.877
KNQA20150916-1,KNQA20150916_113314_V06,4,2.505,1.200,457,0,0.218,0,0,0.218
KNQA20150916-1,KNQA20150916_113314_V06,5,3.516,1.200,460,0,0.220,0,0,0.220
KNQA20150916-1,KNQA20150916_113314_V06,6,4.482,1.200,459,0,0.221,0,0,0.221
KNQA20150916-1,KNQA20150916_114259_V06,0,0.483,1.200,6369,0,5270.911,825,0,4587.807
KNQA20150916-1,KNQA20150916_114259_V06,2,1.494,1.200,6368,0,660.121,635,0,509.602
KNQA20150916-1,KNQA20150916_114259_V06,4,2.505,1.200,3187,0,178.343,73,0,152.359
KNQA20150916-1,KNQA20150916_114259_V06,5,3.516,1.200,3192,0,41.725,25,0,19.421
KNQA20150916-1,KNQA20150916_114259_V06,6,4.482,1.200,3201,0,2.755,3,0,2.473
KNQA20150917-3,KNQA20150917_130350_V06,0,0.483,1.200,3125,0,5484.498,53,0,3932.939
KNQA20150917-3,KNQA20150917_130350_V06,2,1.494,1.200,3122,0,12.551,0,0,12.551
KNQA20150917-3,KNQA20150917_131333_V06,0,0.483,1.200,4367,0,5963.000,61,0,4347.388
KNQA20150917-3,KNQA20150917_131333_V06,2,1.494,1.200,4371,0,37.195,2,0,17.556
KNQA20150917-1,KNQA20150917_113613_V06,0,0.483,1.200,1304,0,32384.914,24,0,32354.490
KNQA20150917-1,KNQA20150917_113613_V06,2,1.494,1.200,1303,0,206.931,152,0,166.399
KNQA20150917-1,KNQA20150917_113613_V06,4,2.505,1.200,648,0,7.436,3,0,6.766
KNQA20150917-1,KNQA20150917_113613_V06,5,3.516,1.200,649,0,0.510,0,0,0.510
KNQA20150917-1,KNQA20150917_113613_V06,6,4.482,1.200,657,0,0.726,0,0,0.726
KNQA20150919-3,KNQA20150919_113652_V06,0,0.483,1.200,1089,1,68360.869,91,1,64437.648
KNQA20150919-3,KNQA20150919_113652_V06,2,0.879,1.200,1089,0,2181.253,107,0,2101.825
KNQA20150919-3,KNQA20150919_113652_V06,4,1.318,1.200,1087,0,170.092,261,0,115.580
KNQA20150919-3,KNQA20150919_113652_V06,8,1.802,1.200,548,0,44.208,17,0,32.597
KNQA20150919-3,KNQA20150919_113652_V06,9,2.417,1.200,548,0,7.764,2,0,6.698
KNQA20150919-3,KNQA20150919_113652_V06,10,3.120,1.200,546,0,2.247,1,0,2.035
KNQA20150919-3,KNQA20150919_113652_V06,11,3.999,1.200,550,0,0.849,0,0,0.849
KNQA20150919-3,KNQA20150919_113652_V06,12,5.098,1.200,550,0,0.611,0,0,0.611
KNQA20150919-3,KNQA20150919_113652_V06,13,6.416,1.200,550,0,0.303,0,0,0.303
KNQA20150919-3,KNQA20150919_114112_V06,0,0.483,1.200,3269,0,15773.387,194,0,15188.569
KNQA20150919-3,KNQA20150919_114112_V06,2,0.879,1.200,3269,0,3224.718,385,0,2881.953
KNQA20150919-3,KNQA20150919_114112_V06,4,1.318,1.200,3269,0,1487.886,920,0,1047.414
KNQA20150919-3,KNQA20150919_114112_V06,8,1.802,1.200,1631,0,460.046,294,0,279.117
KNQA20150919-3,KNQA20150919_114112_V06,9,2.417,1.200,1636,0,130.801,99,0,94.944
KNQA20150919-3,KNQA20150919_114112_V06,10,3.120,1.200,1636,0,10.000,4,0,8.753
KNQA20150919-3,KNQA20150919_114112_V06,11,3.999,1.200,1636,0,6.426,2,0,4.035
KNQA20150919-3,KNQA20150919_114112_V06,12,5.098,1.200,1644,0,27.809,55,0,16.199
KNQA20150919-3,KNQA20150919_114112_V06,13,6.416,1.200,1638,0,16.853,29,0,2.969
KNQA20150919-3,KNQA20150919_114524_V06,0,0.483,1.200,9748,0,26466.400,1246,0,23078.002
KNQA20150919-3,KNQA20150919_114524_V06,2,0.879,1.200,9745,0,8801.154,1625,0,7414.235
KNQA20150919-3,KNQA20150919_114524_V06,4,1.318,1.200,9754,0,5547.806,2434,0,4162.613
KNQA20150919-3,KNQA20150919_114524_V06,8,1.802,1.200,4876,0,2391.244,1254,0,1415.793
KNQA20150919-3,KNQA20150919_114524_V06,9,2.417,1.200,4882,0,943.856,880,0,560.198
KNQA20150919-3,KNQA20150919_114524_V06,10,3.120,1.200,4887,0,430.866,466,0,220.987
KNQA20150919-3,KNQA20150919_114524_V06,11,3.999,1.200,4891,0,514.315,288,0,88.233
KNQA20150919-3,KNQA20150919_114524_V06,12,5.098,1.200,4894,0,197.753,302,0,51.600
KNQA20150919-3,KNQA20150919_114524_V06,13,6.416,1.200,4905,0,259.064,681,0,36.677
KNQA20150919-7,KNQA20150919_130105_V06,0,0.483,1.200,2263,0,84140.485,798,0,34689.250
KNQA20150919-7,KNQA20150919_130105_V06,2,0.879,1.200,2262,0,87450.635,914,0,28472.939
KNQA20150919-7,KNQA20150919_130105_V06,4,1.318,1.200,2266,0,74651.304,858,0,13248.593
KNQA20150919-7,KNQA20150919_130105_V06,8,1.802,1.200,1128,0,50100.517,341,0,1366.894
KNQA20150919-7,KNQA20150919_130105_V06,9,2.417,1.200,1134,0,32916.871,292,0,514.535
KNQA20150919-7,KNQA20150919_130105_V06,10,3.120,1.200,1136,0,66813.202,207,0,13101.998
KNQA20150919-7,KNQA20150919_130105_V06,11,3.999,1.200,1134,0,8827.397,162,0,1152.408
KNQA20150919-7,KNQA20150919_130505_V06,0,0.483,1.200,3992,0,109047.195,1340,0,56879.203
KNQA20150919-7,KNQA20150919_130505_V06,2,0.879,1.200,3999,0,103440.653,1443,0,45871.014
KNQA20150919-7,KNQA20150919_130505_V06,4,1.318,1.200,4002,0,79575.214,1377,0,28265.679
KNQA20150919-7,KNQA20150919_130505_V06,8,1.802,1.200,2004,0,40143.111,547,0,5305.044
KNQA20150919-7,KNQA20150919_130505_V06,9,2.417,1.200,2006,0,23831.307,390,0,960.944
KNQA20150919-7,KNQA20150919_130505_V06,10,3.120,1.200,2005,0,40367.662,245,0,9233.029
KNQA20150919-7,KNQA20150919_130505_V06,11,3.999,1.200,2003,0,7632.937,158,0,1393.619
KNQA20150919-7,KNQA20150919_130925_V06,0,0.483,1.200,2301,0,54412.975,717,0,28477.100
KNQA20150919-7,KNQA20150919_130925_V06,2,0.879,1.200,2298,0,55558.988,759,0,29737.456
KNQA20150919-7,KNQA20150919_130925_V06,4,1.318,1.200,2301,0,40591.146,769,0,21167.905
KNQA20150919-7,KNQA20150919_130925_V06,8,1.802,1.200,1153,0,16742.584,354,0,3924.141
KNQA20150919-7,KNQA20150919_130925_V06,9,2.417,1.200,1151,0,7797.445,179,0,665.814
KNQA20150919-7,KNQA20150919_130925_V06,10,3.120,1.200,1152,0,10365.525,99,0,2619.621
KNQA20150919-7,KNQA20150919_130925_V06,11,3.999,1.200,1154,0,2724.694,84,0,1290.487
KNQA20150919-7,KNQA20150919_131344_V06,0,0.483,1.200,4512,0,93192.299,1345,0,60045.107
KNQA20150919-7,KNQA20150919_131344_V06,2,0.879,1.200,4518,0,74843.778,1439,0,46092.559
KNQA20150919-7,KNQA20150919_131344_V06,4,1.318,1.200,4517,0,51386.132,1354,0,31559.445
KNQA20150919-7,KNQA20150919_131344_V06,8,1.802,1.200,2258,0,20267.879,518,0,8684.485
KNQA20150919-7,KNQA20150919_131344_V06,9,2.417,1.200,2256,0,6422.093,305,0,1003.321
KNQA20150919-7,KNQA20150919_131344_V06,10,3.120,1.200,2258,0,4996.659,184,0,776.903
KNQA20150919-7,KNQA20150919_131344_V06,11,3.999,1.200,2262,0,4465.468,85,0,1506.330
KNQA20150920-2,KNQA20150920_114447_V06,0,0.483,1.200,696,0,81504.666,0,0,81504.666
KNQA20150920-2,KNQA20150920_114447_V06,2,1.494,1.200,693,0,16.055,0,0,16.055
KNQA20150920-2,KNQA20150920_114447_V06,4,2.505,1.200,346,0,1.165,0,0,1.165
KNQA20150920-2,KNQA20150920_115431_V06,0,0.483,1.200,1577,0,271905.311,0,0,271905.311
KNQA20150920-2,KNQA20150920_115431_V06,2,1.494,1.200,1575,0,202.490,5,0,192.563
KNQA20150920-2,KNQA20150920_115431_V06,4,2.505,1.200,792,0,2.714,0,0,2.714
KNQA20150920-2,KNQA20150920_120416_V06,0,0.483,1.200,2047,0,188299.901,17,0,186803.013
KNQA20150920-2,KNQA20150920_120416_V06,2,1.494,1.200,2052,0,5767.730,200,0,4874.163
KNQA20150920-2,KNQA20150920_120416_V06,4,2.505,1.200,1024,0,3.473,0,0,3.473
KNQA20150920-4,KNQA20150920_115431_V06,0,0.483,1.200,7988,0,82869.882,116,0,78212.365
KNQA20150920-4,KNQA20150920_115431_V06,2,1.494,1.200,7996,0,26.950,0,0,26.950
KNQA20150920-4,KNQA20150920_120416_V06,0,0.483,1.200,10681,0,71185.316,295,0,63059.141
KNQA20150920-4,KNQA20150920_120416_V06,2,1.494,1.200,10680,0,314.855,7,0,268.093
KNQA20150920-4,KNQA20150920_121359_V06,0,0.483,1.200,16616,0,64249.975,570,0,53280.546
KNQA20150920-4,KNQA20150920_121359_V06,2,1.494,1.200,16630,0,3437.761,64,0,3162.631
KNQA20150920-1,KNQA20150920_113503_V06,0,0.483,1.200,89,0,33310.183,0,0,33310.183
KNQA20150920-1,KNQA20150920_113503_V06,2,1.494,1.200,90,0,12.112,3,0,8.187
KNQA20150920-1,KNQA20150920_113503_V06,4,2.505,1.200,43,0,133.476,28,0,39.587
KNQA20150920-1,KNQA20150920_113503_V06,5,3.516,1.200,42,0,0.081,0,0,0.081
KNQA20150920-1,KNQA20150920_114447_V06,0,0.483,1.200,1827,0,247065.021,6,0,244548.323
KNQA20150920-1,KNQA20150920_114447_V06,2,1.494,1.200,1825,0,17780.900,395,0,14282.628
KNQA20150920-1,KNQA20150920_114447_V06,4,2.505,1.200,914,0,1894.948,391,0,717.537
KNQA20150920-1,KNQA20150920_114447_V06,5,3.516,1.200,918,0,547.494,171,0,196.165
KNQA20150920-3,KNQA20150920_114447_V06,0,0.483,1.200,1804,0,36204.416,123,0,34713.064
KNQA20150920-3,KNQA20150920_114447_V06,2,1.494,1.200,1808,0,17.865,0,0,17.865
KNQA20150920-3,KNQA20150920_114447_V06,4,2.505,1.200,904,0,3.477,0,0,3.477
KNQA20150920-3,KNQA20150920_115431_V06,0,0.483,1.200,4660,0,102242.649,269,0,98828.288
KNQA20150920-3,KNQA20150920_115431_V06,2,1.494,1.200,4661,0,568.061,33,0,476.711
KNQA20150920-3,KNQA20150920_115431_V06,4,2.505,1.200,2335,0,8.723,0,0,8.723
KNQA20150920-5,KNQA20150920_115431_V06,0,0.483,1.200,9135,0,366258.242,219,0,347898.022
KNQA20150920-5,KNQA20150920_115431_V06,2,1.494,1.200,9141,0,24653.644,845,0,21297.414
KNQA20150920-5,KNQA20150920_115431_V06,4,2.505,1.200,4575,0,4222.631,149,0,3795.335
KNQA20150920-5,KNQA20150920_115431_V06,5,3.516,1.200,4582,0,1242.295,174,0,1089.028
KNQA20150920-5,KNQA20150920_115431_V06,6,4.482,1.200,4591,0,847.814,777,0,486.967
KNQA20150920-6,KNQA20150920_120416_V06,0,0.483,1.200,3235,0,49171.420,332,0,46799.091
KNQA20150920-6,KNQA20150920_120416_V06,2,1.494,1.200,3237,0,3124.096,572,0,2359.114
KNQA20150920-6,KNQA20150920_120416_V06,4,2.505,1.200,1587,0,2150.936,75,0,2021.446
KNQA20150920-6,KNQA20150920_120416_V06,5,3.516,1.200,1585,0,249.644,19,0,216.605
KNQA20150920-6,KNQA20150920_120416_V06,6,4.482,1.200,1590,0,226.474,282,0,145.368
KNQA20150920-7,KNQA20150920_121359_V06,0,0.483,1.200,7499,0,76993.411,378,0,70028.609
KNQA20150920-7,KNQA20150920_121359_V06,2,1.494,1.200,7514,0,1054.155,20,0,945.200
KNQA20150921-8,KNQA20150921_121235_V06,0,0.483,1.200,5098,1,46077.047,522,0,43781.977
KNQA20150921-8,KNQA20150921_121235_V06,2,1.450,1.200,5099,0,1317.775,995,0,1058.940
KNQA20150921-8,KNQA20150921_121235_V06,4,2.417,1.200,2552,0,370.026,905,0,168.624
KNQA20150921-8,KNQA20150921_121235_V06,5,3.384,1.200,2559,0,888.484,856,0,553.249
KNQA20150921-8,KNQA20150921_121235_V06,6,4.307,1.200,2559,0,413.609,669,0,245.300
KNQA20150921-8,KNQA20150921_121235_V06,7,6.021,1.200,2567,0,126.278,460,0,40.451
KNQA20150921-8,KNQA20150921_121235_V06,8,9.888,1.200,2593,0,79.706,666,0,15.772
KNQA20150921-8,KNQA20150921_121731_V06,0,0.483,1.200,15027,1,75012.166,1757,1,69512.790
KNQA20150921-8,KNQA20150921_121731_V06,2,1.450,1.200,15022,0,3395.475,3839,0,2338.310
KNQA20150921-8,KNQA20150921_121731_V06,4,2.417,1.200,7519,0,1656.347,2516,0,869.652
KNQA20150921-8,KNQA20150921_121731_V06,5,3.384,1.200,7527,0,1456.156,2561,0,862.078
KNQA20150921-8,KNQA20150921_121731_V06,6,4.307,1.200,7538,0,1447.038,2104,0,1046.662
KNQA20150921-8,KNQA20150921_121731_V06,7,6.021,1.200,7550,0,151.813,1586,0,49.100
KNQA20150921-8,KNQA20150921_121731_V06,8,9.888,1.200,7626,0,173.899,1989,0,38.550
KNQA20150921-6,KNQA20150921_113738_V06,0,0.483,1.200,726,0,9499.232,31,0,7466.356
KNQA20150921-6,KNQA20150921_113738_V06,2,1.450,1.200,724,0,2.262,0,0,2.262
KNQA20150922-1,KNQA20150922_115235_V06,0,0.483,1.200,2593,79,597051.682,121,15,370512.405
KNQA20150922-1,KNQA20150922_115235_V06,2,1.494,1.200,2594,0,21932.294,505,0,17544.727
KNQA20150922-1,KNQA20150922_115235_V06,4,2.505,1.200,1299,0,2352.060,99,0,1939.813
KNQA20150922-1,KNQA20150922_115235_V06,5,3.516,1.200,1299,0,320.602,8,0,240.786
KNQA20150922-1,KNQA20150922_120218_V06,0,0.483,1.200,6026,30,906668.473,258,4,597359.672
KNQA20150922-1,KNQA20150922_120218_V06,2,1.494,1.200,6027,0,88051.221,989,0,76825.467
KNQA20150922-1,KNQA20150922_120218_V06,4,2.505,1.200,3010,0,10098.939,257,0,9021.539
KNQA20150922-1,KNQA20150922_120218_V06,5,3.516,1.200,3012,0,985.718,107,0,862.896
KNQA20150923-2,KNQA20150923_114245_V06,0,0.483,1.200,283,0,28399.246,25,0,26249.857
KNQA20150923-2,KNQA20150923_114245_V06,2,1.494,1.200,285,0,46.931,15,0,28.119
KNQA20150923-2,KNQA20150923_114245_V06,4,2.505,1.200,143,0,268.338,61,0,119.173
KNQA20150923-2,KNQA20150923_114245_V06,5,3.516,1.200,143,0,26.405,2,0,22.773
KNQA20150923-2,KNQA20150923_115229_V06,0,0.483,1.200,2490,0,55387.469,356,0,49591.843
KNQA20150923-2,KNQA20150923_115229_V06,2,1.494,1.200,2495,0,7853.010,1117,0,3789.593
KNQA20150923-2,KNQA20150923_115229_V06,4,2.505,1.200,1246,0,1093.809,126,0,709.163
KNQA20150923-2,KNQA20150923_115229_V06,5,3.516,1.200,1251,0,1523.162,413,0,657.104
KNQA20150923-1,KNQA20150923_110346_V06,0,0.483,1.200,41,0,1676.538,13,0,526.834
KNQA20150923-1,KNQA20150923_110346_V06,2,1.494,1.200,41,0,4.034,2,0,1.096
KNQA20150923-1,KNQA20150923_110346_V06,4,2.505,1.200,20,0,0.046,0,0,0.046
KNQA20150923-1,KNQA20150923_110346_V06,5,3.516,1.200,18,0,0.042,0,0,0.042
KNQA20150924-1,KNQA20150924_130610_V06,0,0.483,1.200,286,0,5758.809,11,0,5544.876
KNQA20150924-1,KNQA20150924_130610_V06,2,1.494,1.200,293,0,57.971,6,0,14.949
KNQA20150925-1,KNQA20150925_114216_V06,0,0.483,1.200,72,0,48579.668,2,0,48523.402
KNQA20150925-1,KNQA20150925_114216_V06,2,1.494,1.200,73,0,0.209,0,0,0.209
KNQA20150925-2,KNQA20150925_114216_V06,0,0.483,1.200,118,0,16212.229,2,0,16152.712
KNQA20150925-2,KNQA20150925_114216_V06,2,1.494,1.200,117,0,0.434,0,0,0.434
KNQA20150925-5,KNQA20150925_114216_V06,0,0.483,1.200,24,0,38322.701,6,0,4929.158
KNQA20150925-5,KNQA20150925_114216_V06,2,1.494,1.200,23,0,66.024,2,0,21.993
KNQA20150926-4,KNQA20150926_114608_V06,0,0.483,1.200,443,0,17250.598,8,0,17174.633
KNQA20150926-4,KNQA20150926_114608_V06,2,1.494,1.200,440,0,76.412,40,0,66.379
KNQA20150926-4,KNQA20150926_114608_V06,4,2.505,1.200,222,0,55.257,26,0,32.789
KNQA20150926-4,KNQA20150926_114608_V06,5,3.516,1.200,222,0,3.744,7,0,1.946
KNQA20150926-4,KNQA20150926_114608_V06,6,4.482,1.200,222,0,0.571,2,0,0.518
KNQA20150926-7,KNQA20150926_121519_V06,0,0.483,1.200,95,0,3295.676,0,0,3295.676
KNQA20150926-7,KNQA20150926_121519_V06,2,1.494,1.200,93,0,43.156,29,0,31.940
KNQA20150926-7,KNQA20150926_121519_V06,4,2.505,1.200,46,0,0.480,0,0,0.480
KNQA20150926-7,KNQA20150926_121519_V06,5,3.516,1.200,46,0,0.029,0,0,0.029
KNQA20150926-7,KNQA20150926_121519_V06,6,4.482,1.200,46,0,0.029,0,0,0.029
KNQA20150927-7,KNQA20150927_115644_V06,0,0.483,1.200,9330,0,67953.385,663,0,64689.782
KNQA20150927-7,KNQA20150927_115644_V06,2,1.494,1.200,9332,0,4103.806,1748,0,3318.724
KNQA20150927-7,KNQA20150927_115644_V06,4,2.505,1.200,4674,0,76.717,380,0,48.333
KNQA20150927-7,KNQA20150927_115644_V06,5,3.516,1.200,4675,0,36.627,265,0,29.826
KNQA20150927-7,KNQA20150927_115644_V06,6,4.482,1.200,4678,0,23.486,82,0,16.961
KNQA20150928-1,KNQA20150928_111118_V06,0,0.483,1.200,18403,0,157783.711,4348,0,26653.559
KNQA20150928-1,KNQA20150928_111118_V06,2,1.450,1.200,18413,0,187512.745,3914,0,4407.062
KNQA20150928-1,KNQA20150928_111118_V06,4,2.417,1.200,9208,0,172605.559,1137,0,2284.188
KNQA20150928-1,KNQA20150928_111118_V06,5,3.384,1.200,9223,0,157161.723,950,0,7492.924
KNQA20150928-1,KNQA20150928_111118_V06,6,4.307,1.200,9237,0,74963.990,670,0,6004.620
KNQA20150928-2,KNQA20150928_111639_V06,0,0.483,1.200,18911,0,210517.721,3892,0,46535.538
KNQA20150928-2,KNQA20150928_111639_V06,2,1.450,1.200,18915,0,228046.923,5856,0,5822.131
KNQA20150928-2,KNQA20150928_111639_V06,4,2.417,1.200,9466,0,202228.101,3042,0,1608.642
KNQA20150928-2,KNQA20150928_111639_V06,5,3.384,1.200,9473,0,205163.354,2658,0,11935.152
KNQA20150928-2,KNQA20150928_111639_V06,6,4.307,1.200,9489,0,87509.831,1952,0,6198.208
KNQA20150928-3,KNQA20150928_111639_V06,0,0.483,1.200,4488,0,340994.463,1364,0,7914.026
KNQA20150928-3,KNQA20150928_111639_V06,2,1.450,1.200,4490,0,399821.332,1202,0,7788.440
KNQA20150928-3,KNQA20150928_111639_V06,4,2.417,1.200,2240,0,448789.123,301,0,29633.033
KNQA20150929-6,KNQA20150929_125038_V06,0,0.483,1.200,2392,0,14489.187,195,0,13886.265
KNQA20150929-6,KNQA20150929_125038_V06,2,1.450,1.200,2391,0,12.958,23,0,8.426
KNQA20150929-6,KNQA20150929_125038_V06,4,2.417,1.200,1188,0,1.007,0,0,1.007
KNQA20150929-6,KNQA20150929_125038_V06,5,3.384,1.200,1189,0,46.992,0,0,46.992
KNQA20150929-6,KNQA20150929_125038_V06,6,4.307,1.200,1193,0,0.846,0,0,0.846
KNQA20150929-6,KNQA20150929_125038_V06,7,6.021,1.200,1198,0,0.853,0,0,0.853
KNQA20150929-6,KNQA20150929_125533_V06,0,0.483,1.200,5622,0,18607.207,702,0,17112.067
KNQA20150929-6,KNQA20150929_125533_V06,2,1.450,1.200,5631,0,92.759,229,0,21.934
KNQA20150929-6,KNQA20150929_125533_V06,4,2.417,1.200,2821,0,57.058,55,0,10.583
KNQA20150929-6,KNQA20150929_125533_V06,5,3.384,1.200,2830,0,8.541,7,0,6.629
KNQA20150929-6,KNQA20150929_125533_V06,6,4.307,1.200,2831,0,13.712,0,0,13.712
KNQA20150929-6,KNQA20150929_125533_V06,7,6.021,1.200,2830,0,2.386,0,0,2.386
KNQA20150929-6,KNQA20150929_130029_V06,0,0.483,1.200,6192,0,16939.282,752,0,15939.074
KNQA20150929-6,KNQA20150929_130029_V06,2,1.450,1.200,6195,0,114.767,219,0,26.274
KNQA20150929-6,KNQA20150929_130029_V06,4,2.417,1.200,3092,0,99.454,56,0,8.147
KNQA20150929-6,KNQA20150929_130029_V06,5,3.384,1.200,3102,0,8.977,10,0,6.436
KNQA20150929-6,KNQA20150929_130029_V06,6,4.307,1.200,3111,0,2.334,0,0,2.334
KNQA20150929-6,KNQA20150929_130029_V06,7,6.021,1.200,3118,0,2.350,0,0,2.350
KNQA20150929-1,KNQA20150929_120126_V06,0,0.483,1.200,345,0,5849.578,41,0,5779.954
KNQA20150929-1,KNQA20150929_120126_V06,2,1.450,1.200,343,0,27.491,10,0,13.068
KNQA20150929-1,KNQA20150929_120126_V06,4,2.417,1.200,169,0,0.204,0,0,0.204
KNQA20150929-1,KNQA20150929_120126_V06,5,3.384,1.200,170,0,0.206,0,0,0.206
KNQA20150929-1,KNQA20150929_120126_V06,6,4.307,1.200,174,0,0.211,0,0,0.211
KNQA20150929-1,KNQA20150929_120622_V06,0,0.483,1.200,1455,0,5523.013,152,0,5336.983
KNQA20150929-1,KNQA20150929_120622_V06,2,1.450,1.200,1455,0,209.793,36,0,165.889
KNQA20150929-1,KNQA20150929_120622_V06,4,2.417,1.200,728,0,0.884,0,0,0.884
KNQA20150929-1,KNQA20150929_120622_V06,5,3.384,1.200,731,0,0.889,0,0,0.889
KNQA20150929-1,KNQA20150929_120622_V06,6,4.307,1.200,732,0,0.892,0,0,0.892
KNQA20150929-5,KNQA20150929_124543_V06,0,0.483,1.200,3533,0,15529.462,387,0,14966.691
KNQA20150929-5,KNQA20150929_124543_V06,2,1.450,1.200,3530,0,98.268,241,0,16.525
KNQA20150929-5,KNQA20150929_124543_V06,4,2.417,1.200,1763,0,30.222,37,0,4.778
KNQA20150929-5,KNQA20150929_124543_V06,5,3.384,1.200,1759,0,1.210,0,0,1.210
KNQA20150929-5,KNQA20150929_124543_V06,6,4.307,1.200,1764,0,1.216,0,0,1.216
KNQA20150929-5,KNQA20150929_124543_V06,7,6.021,1.200,1772,0,1.228,0,0,1.228
KNQA20150930-1,KNQA20150930_114718_V06,0,0.483,1.200,685,0,51533.872,25,0,51428.782
KNQA20150930-1,KNQA20150930_114718_V06,2,1.494,1.200,682,0,4.027,4,0,0.629
KNQA20150930-1,KNQA20150930_114718_V06,4,2.505,1.200,341,0,0.632,0,0,0.632
KNQA20150930-1,KNQA20150930_114718_V06,5,3.516,1.200,342,0,0.635,0,0,0.635
KNQA20150930-1,KNQA20150930_115700_V06,0,0.483,1.200,4612,0,60478.968,322,0,58678.723
KNQA20150930-1,KNQA20150930_115700_V06,2,1.494,1.200,4619,0,759.724,111,0,560.870
KNQA20150930-1,KNQA20150930_115700_V06,4,2.505,1.200,2307,0,4.562,0,0,4.562
KNQA20150930-1,KNQA20150930_115700_V06,5,3.516,1.200,2306,0,20.203,0,0,20.203
KNQA20150930-5,KNQA20150930_115700_V06,0,0.483,1.200,1329,0,50928.332,45,0,50590.127
KNQA20150930-5,KNQA20150930_115700_V06,2,1.494,1.200,1331,0,299.424,175,0,135.741
KNQA20150930-5,KNQA20150930_115700_V06,4,2.505,1.200,664,0,411.279,44,0,303.451
KNQA20150930-5,KNQA20150930_115700_V06,5,3.516,1.200,669,0,11.712,5,0,10.429
KNQA20150930-5,KNQA20150930_115700_V06,6,4.482,1.200,672,0,3.353,4,0,2.327
KNQA20151001-14,KNQA20151001_120504_V06,0,0.483,1.200,3328,0,40472.294,20,0,39822.411
KNQA20151001-14,KNQA20151001_120504_V06,2,1.494,1.200,3326,0,28.500,0,0,28.500
KNQA20151001-14,KNQA20151001_121449_V06,0,0.483,1.200,6719,0,77840.855,111,0,76054.837
KNQA20151001-14,KNQA20151001_121449_V06,2,1.494,1.200,6727,0,17.925,0,0,17.925
KNQA20151001-14,KNQA20151001_122433_V06,0,0.483,1.200,10398,0,59533.937,219,0,56583.102
KNQA20151001-14,KNQA20151001_122433_V06,2,1.494,1.200,10414,0,802.870,17,0,730.241
KNQA20151001-14,KNQA20151001_123417_V06,0,0.483,1.200,15330,0,48654.648,395,0,45096.248
KNQA20151001-14,KNQA20151001_123417_V06,2,1.494,1.200,15342,0,5555.688,95,0,5067.820
KNQA20151001-14,KNQA20151001_124401_V06,0,0.483,1.200,21372,0,36921.644,710,0,32420.100
KNQA20151001-14,KNQA20151001_124401_V06,2,1.494,1.200,21391,0,5722.985,157,0,5143.961
KNQA20151001-13,KNQA20151001_120504_V06,0,0.483,1.200,7054,0,69320.841,370,0,64083.178
KNQA20151001-13,KNQA20151001_120504_V06,2,1.494,1.200,7074,0,151.911,19,0,93.384
KNQA20151001-13,KNQA20151001_120504_V06,4,2.505,1.200,3538,0,25.783,0,0,25.783
KNQA20151001-13,KNQA20151001_121449_V06,0,0.483,1.200,13725,0,68479.910,762,0,59830.151
KNQA20151001-13,KNQA20151001_121449_V06,2,1.494,1.200,13726,0,1267.726,74,0,1050.106
KNQA20151001-13,KNQA20151001_121449_V06,4,2.505,1.200,6864,0,55.655,0,0,55.655
KNQA20151001-13,KNQA20151001_122433_V06,0,0.483,1.200,21971,0,67442.203,1422,0,58034.023
KNQA20151001-13,KNQA20151001_122433_V06,2,1.494,1.200,21984,0,4762.746,315,0,3678.464
KNQA20151001-13,KNQA20151001_122433_V06,4,2.505,1.200,11007,0,69.709,2,0,58.580
KNQA20151001-13,KNQA20151001_123417_V06,0,0.483,1.200,19950,0,58223.365,1694,0,50191.615
KNQA20151001-13,KNQA20151001_123417_V06,2,1.494,1.200,19953,0,4417.292,243,0,3749.165
KNQA20151001-13,KNQA20151001_123417_V06,4,2.505,1.200,9986,0,59.829,0,0,59.829
KNQA20151001-6,KNQA20151001_114318_V06,0,0.483,1.200,251,0,6677.269,6,0,6592.495
KNQA20151001-6,KNQA20151001_114318_V06,2,1.494,1.200,254,0,5.273,1,0,4.820
KNQA20151001-6,KNQA20151001_114318_V06,4,2.505,1.200,126,0,0.204,0,0,0.204
KNQA20151001-6,KNQA20151001_114318_V06,5,3.516,1.200,125,0,0.204,0,0,0.204
KNQA20151001-6,KNQA20151001_120504_V06,0,0.483,1.200,5056,0,10780.971,319,0,10010.581
KNQA20151001-6,KNQA20151001_120504_V06,2,1.494,1.200,5055,0,3358.740,680,0,2259.940
KNQA20151001-6,KNQA20151001_120504_V06,4,2.505,1.200,2532,0,91.261,1,0,90.560
KNQA20151001-6,KNQA20151001_120504_V06,5,3.516,1.200,2544,0,6.853,0,0,6.853
KNQA20151001-8,KNQA20151001_114318_V06,0,0.483,1.200,422,0,31902.714,15,0,31862.494
KNQA20151001-8,KNQA20151001_114318_V06,2,1.494,1.200,422,0,0.354,0,0,0.354
KNQA20151001-8,KNQA20151001_114318_V06,4,2.505,1.200,212,0,0.356,0,0,0.356
KNQA20151001-8,KNQA20151001_114318_V06,5,3.516,1.200,212,0,0.357,0,0,0.357
KNQA20151001-8,KNQA20151001_120504_V06,0,0.483,1.200,10059,0,102363.153,1261,0,89742.589
KNQA20151001-8,KNQA20151001_120504_V06,2,1.494,1.200,10063,0,45746.324,1671,0,38162.271
KNQA20151001-8,KNQA20151001_120504_V06,4,2.505,1.200,5044,0,30384.295,637,0,26112.270
KNQA20151001-8,KNQA20151001_120504_V06,5,3.516,1.200,5044,0,13945.244,548,0,11561.387
KNQA20151001-8,KNQA20151001_120504_V06,6,4.482,1.200,5056,0,5801.586,359,0,4636.445
KNQA20151001-15,KNQA20151001_120504_V06,0,0.483,1.200,4827,0,13323.707,45,0,12409.623
KNQA20151001-15,KNQA20151001_120504_V06,2,1.494,1.200,4835,0,16.242,0,0,16.242
KNQA20151001-15,KNQA20151001_121449_V06,0,0.483,1.200,10003,0,15721.248,124,0,13413.978
KNQA20151001-15,KNQA20151001_121449_V06,2,1.494,1.200,10011,0,33.689,0,0,33.689
KNQA20151001-16,KNQA20151001_121449_V06,0,0.483,1.200,9099,0,29958.368,150,0,27464.684
KNQA20151001-16,KNQA20151001_121449_V06,2,1.494,1.200,9104,0,26.551,0,0,26.551
KNQA20151001-16,KNQA20151001_122433_V06,0,0.483,1.200,16239,0,37104.817,299,0,33139.892
KNQA20151001-16,KNQA20151001_122433_V06,2,1.494,1.200,16250,0,164.176,8,0,117.968
KNQA20151001-1,KNQA20151001_114318_V06,0,0.483,1.200,1183,0,4842.592,7,0,4731.470
KNQA20151001-1,KNQA20151001_114318_V06,2,1.494,1.200,1182,0,9.564,1,0,5.190
KNQA20151001-1,KNQA20151001_114318_V06,4,2.505,1.200,596,0,2.136,0,0,2.136
KNQA20151001-2,KNQA20151001_114318_V06,0,0.483,1.200,260,0,1907.898,2,0,1902.867
KNQA20151001-2,KNQA20151001_114318_V06,2,1.494,1.200,260,0,87.359,49,0,20.234
KNQA20151001-2,KNQA20151001_114318_V06,4,2.505,1.200,133,0,4.733,0,0,4.733
KNQA20151001-2,KNQA20151001_114318_V06,5,3.516,1.200,130,0,0.297,0,0,0.297
KNQA20151001-3,KNQA20151001_114318_V06,0,0.483,1.200,615,0,23287.283,25,0,23138.636
KNQA20151001-3,KNQA20151001_114318_V06,2,1.494,1.200,615,0,107.733,46,0,53.454
KNQA20151001-3,KNQA20151001_114318_V06,4,2.505,1.200,313,0,4.299,0,0,4.299
KNQA20151001-3,KNQA20151001_114318_V06,5,3.516,1.200,319,0,0.704,0,0,0.704
KNQA20151001-4,KNQA20151001_114318_V06,0,0.483,1.200,76,0,7508.080,0,0,7508.080
KNQA20151001-4,KNQA20151001_114318_V06,2,1.494,1.200,77,0,8.804,6,0,1.873
KNQA20151001-4,KNQA20151001_114318_V06,4,2.505,1.200,40,0,20.652,2,0,17.548
KNQA20151001-4,KNQA20151001_114318_V06,5,3.516,1.200,40,0,0.079,0,0,0.079
KNQA20151001-12,KNQA20151001_114318_V06,0,0.483,1.200,7978,0,69168.186,283,0,68195.262
KNQA20151001-12,KNQA20151001_114318_V06,2,1.494,1.200,7980,0,412.916,157,0,361.911
KNQA20151001-12,KNQA20151001_114318_V06,4,2.505,1.200,3991,0,21.361,1,0,20.958
KNQA20151001-12,KNQA20151001_114318_V06,5,3.516,1.200,3997,0,11.690,0,0,11.690
KNQA20151001-12,KNQA20151001_114318_V06,6,4.482,1.200,3999,0,19.385,13,0,17.258
KNQA20151001-17,KNQA20151001_125346_V06,0,0.483,1.200,5386,0,114005.769,1057,0,61870.882
KNQA20151001-17,KNQA20151001_125346_V06,2,1.494,1.200,5397,0,20.964,0,0,20.964
KNQA20151002-1,KNQA20151002_114454_V06,0,0.483,1.200,257,0,2537.437,4,0,2304.227
KNQA20151002-1,KNQA20151002_114454_V06,2,1.494,1.200,257,0,0.143,0,0,0.143
KNQA20151002-1,KNQA20151002_114454_V06,4,2.505,1.200,129,0,0.143,0,0,0.143
KNQA20151002-1,KNQA20151002_114454_V06,5,3.516,1.200,128,0,0.143,0,0,0.143
KNQA20151002-1,KNQA20151002_114454_V06,6,4.482,1.200,128,0,0.143,0,0,0.143
KNQA20151002-3,KNQA20151002_121618_V06,0,0.483,1.200,10972,0,119123.725,538,0,117615.883
KNQA20151002-3,KNQA20151002_121618_V06,2,1.494,1.200,10978,0,1171.240,130,0,1145.697
KNQA20151002-3,KNQA20151002_121618_V06,4,2.505,1.200,5500,0,7.441,6,0,7.091
KNQA20151002-3,KNQA20151002_121618_V06,5,3.516,1.200,5509,0,4.545,1,0,4.458
KNQA20151002-3,KNQA20151002_121618_V06,6,4.482,1.200,5512,0,7.019,0,0,7.019
KNQA20151005-1,KNQA20151005_114823_V06,0,0.483,1.200,840,0,42826.036,10,0,42812.734
KNQA20151005-1,KNQA20151005_114823_V06,2,1.494,1.200,840,0,6.669,9,0,4.420
KNQA20151005-1,KNQA20151005_114823_V06,4,2.505,1.200,421,0,0.160,0,0,0.160
KNQA20151005-1,KNQA20151005_114823_V06,5,3.516,1.200,419,0,0.159,0,0,0.159
KNQA20151005-1,KNQA20151005_114823_V06,6,4.482,1.200,419,0,0.159,0,0,0.159
KNQA20151005-1,KNQA20151005_115808_V06,0,0.483,1.200,4708,0,54901.364,256,0,54297.997
KNQA20151005-1,KNQA20151005_115808_V06,2,1.494,1.200,4708,0,463.250,611,0,361.000
KNQA20151005-1,KNQA20151005_115808_V06,4,2.505,1.200,2352,0,101.200,77,0,82.328
KNQA20151005-1,KNQA20151005_115808_V06,5,3.516,1.200,2359,0,7.476,7,0,6.996
KNQA20151005-1,KNQA20151005_115808_V06,6,4.482,1.200,2358,0,2.158,5,0,1.984
KNQA20151005-1,KNQA20151005_120753_V06,0,0.483,1.200,6879,0,141759.288,193,0,141170.434
KNQA20151005-1,KNQA20151005_120753_V06,2,1.494,1.200,6885,0,213.269,621,0,131.276
KNQA20151005-1,KNQA20151005_120753_V06,4,2.505,1.200,3451,0,160.610,103,0,110.052
KNQA20151005-1,KNQA20151005_120753_V06,5,3.516,1.200,3452,0,54.643,48,0,41.741
KNQA20151005-1,KNQA20151005_120753_V06,6,4.482,1.200,3456,0,27.114,62,0,21.539
KNQA20151005-1,KNQA20151005_121739_V06,0,0.483,1.200,8655,0,83808.614,402,0,82462.106
KNQA20151005-1,KNQA20151005_121739_V06,2,1.494,1.200,8663,0,240.741,536,0,145.489
KNQA20151005-1,KNQA20151005_121739_V06,4,2.505,1.200,4330,0,49.496,19,0,45.272
KNQA20151005-1,KNQA20151005_121739_V06,5,3.516,1.200,4334,0,19.025,18,0,15.279
KNQA20151005-1,KNQA20151005_121739_V06,6,4.482,1.200,4345,0,13.724,2,0,13.500
KNQA20151005-1,KNQA20151005_122724_V06,0,0.483,1.200,9800,0,28744.191,916,0,26712.005
KNQA20151005-1,KNQA20151005_122724_V06,2,1.494,1.200,9808,0,215.956,328,0,118.367
KNQA20151005-1,KNQA20151005_122724_V06,4,2.505,1.200,4904,0,86.115,3,0,85.328
KNQA20151005-1,KNQA20151005_122724_V06,5,3.516,1.200,4911,0,6.907,0,0,6.907
KNQA20151005-1,KNQA20151005_122724_V06,6,4.482,1.200,4923,0,89.784,7,0,85.477
KNQA20151005-1,KNQA20151005_123710_V06,0,0.483,1.200,15958,0,116680.833,1139,0,112532.972
KNQA20151005-1,KNQA20151005_123710_V06,2,1.494,1.200,15972,0,1175.351,2444,0,540.625
KNQA20151005-1,KNQA20151005_123710_V06,4,2.505,1.200,7985,0,190.478,274,0,104.295
KNQA20151005-1,KNQA20151005_123710_V06,5,3.516,1.200,7997,0,35.288,83,0,24.873
KNQA20151005-1,KNQA20151005_123710_V06,6,4.482,1.200,8003,0,16.833,35,0,15.335
KNQA20151005-1,KNQA20151005_124655_V06,0,0.483,1.200,17843,0,51971.772,2147,0,47529.248
KNQA20151005-1,KNQA20151005_124655_V06,2,1.494,1.200,17846,0,1503.725,2800,0,709.608
KNQA20151005-1,KNQA20151005_124655_V06,4,2.505,1.200,8919,0,277.145,291,0,187.692
KNQA20151005-1,KNQA20151005_124655_V06,5,3.516,1.200,8931,0,36.075,98,0,25.392
KNQA20151005-1,KNQA20151005_124655_V06,6,4.482,1.200,8947,0,29.923,35,0,27.269
KNQA20151005-3,KNQA20151005_120753_V06,0,0.483,1.200,6660,0,148717.853,264,0,147136.220
KNQA20151005-3,KNQA20151005_120753_V06,2,1.494,1.200,6672,0,94.917,519,0,60.640
KNQA20151005-3,KNQA20151005_120753_V06,4,2.505,1.200,3341,0,82.644,92,0,59.508
KNQA20151005-3,KNQA20151005_120753_V06,5,3.516,1.200,3343,0,35.830,38,0,25.463
KNQA20151005-3,KNQA20151005_120753_V06,6,4.482,1.200,3341,0,22.208,71,0,16.442
KNQA20151006-6,KNQA20151006_120533_V06,0,0.483,1.200,272,0,1297.543,9,0,1254.995
KNQA20151006-6,KNQA20151006_120533_V06,2,1.494,1.200,272,0,0.438,0,0,0.438
KNQA20151006-6,KNQA20151006_120533_V06,4,2.505,1.200,136,0,0.438,0,0,0.438
KNQA20151006-6,KNQA20151006_121517_V06,0,0.483,1.200,5045,0,13254.748,62,0,12907.682
KNQA20151006-6,KNQA20151006_121517_V06,2,1.494,1.200,5046,0,47.131,3,0,37.024
KNQA20151006-6,KNQA20151006_121517_V06,4,2.505,1.200,2526,0,8.509,0,0,8.509
KNQA20151006-6,KNQA20151006_122501_V06,0,0.483,1.200,6893,0,11373.596,134,0,10800.682
KNQA20151006-6,KNQA20151006_122501_V06,2,1.494,1.200,6899,0,221.397,18,0,198.204
KNQA20151006-6,KNQA20151006_122501_V06,4,2.505,1.200,3460,0,30.988,0,0,30.988
KNQA20151006-6,KNQA20151006_123445_V06,0,0.483,1.200,18908,0,14424.757,480,0,13132.649
KNQA20151006-6,KNQA20151006_123445_V06,2,1.494,1.200,18928,0,450.656,56,0,391.873
KNQA20151006-6,KNQA20151006_123445_V06,4,2.505,1.200,9471,0,475.780,27,0,415.974
KNQA20151006-3,KNQA20151006_114603_V06,0,0.483,1.200,860,1,49381.202,13,1,48874.952
KNQA20151006-3,KNQA20151006_114603_V06,2,1.494,1.200,859,0,499.254,100,0,471.930
KNQA20151006-3,KNQA20151006_114603_V06,4,2.505,1.200,425,0,45.422,50,0,36.428
KNQA20151006-3,KNQA20151006_114603_V06,5,3.516,1.200,426,0,0.268,0,0,0.268
KNQA20151006-3,KNQA20151006_114603_V06,6,4.482,1.200,429,0,0.159,0,0,0.159
KNQA20151006-3,KNQA20151006_115548_V06,0,0.483,1.200,4135,0,67339.946,43,0,67196.409
KNQA20151006-3,KNQA20151006_115548_V06,2,1.494,1.200,4134,0,1506.051,769,0,1272.758
KNQA20151006-3,KNQA20151006_115548_V06,4,2.505,1.200,2060,0,336.130,268,0,233.870
KNQA20151006-3,KNQA20151006_115548_V06,5,3.516,1.200,2069,0,19.667,48,0,16.406
KNQA20151006-3,KNQA20151006_115548_V06,6,4.482,1.200,2069,0,1.423,10,0,1.172
KNQA20151006-1,KNQA20151006_113619_V06,0,0.483,1.200,83,0,5531.361,0,0,5531.361
KNQA20151006-1,KNQA20151006_113619_V06,2,1.494,1.200,83,0,0.113,0,0,0.113
KNQA20151006-1,KNQA20151006_113619_V06,4,2.505,1.200,30,0,0.082,0,0,0.082
KNQA20151006-4,KNQA20151006_115548_V06,0,0.483,1.200,524,0,2842.409,24,0,2160.717
KNQA20151006-4,KNQA20151006_115548_V06,2,1.494,1.200,526,0,1.062,0,0,1.062
KNQA20151006-4,KNQA20151006_115548_V06,4,2.505,1.200,261,0,1.055,0,0,1.055
KNQA20151006-5,KNQA20151006_115548_V06,0,0.483,1.200,1295,0,51162.648,187,0,44995.247
KNQA20151006-5,KNQA20151006_115548_V06,2,1.494,1.200,1295,0,5.897,4,0,1.308
KNQA20151006-5,KNQA20151006_115548_V06,4,2.505,1.200,649,0,1.317,0,0,1.317
KNQA20151006-5,KNQA20151006_115548_V06,5,3.516,1.200,647,0,1.316,0,0,1.316
KNQA20151006-8,KNQA20151006_120533_V06,0,0.483,1.200,28376,0,238821.210,1186,0,231947.449
KNQA20151006-8,KNQA20151006_120533_V06,2,1.494,1.200,28381,0,9807.012,4241,0,8016.573
KNQA20151006-8,KNQA20151006_120533_V06,4,2.505,1.200,14204,0,2692.210,1593,0,1925.942
KNQA20151006-8,KNQA20151006_120533_V06,5,3.516,1.200,14221,0,664.102,1458,0,457.547
KNQA20151006-8,KNQA20151006_120533_V06,6,4.482,1.200,14240,0,433.081,1293,0,206.577
KNQA20151006-9,KNQA20151006_122501_V06,0,0.483,1.200,868,0,1238.989,15,0,1151.046
KNQA20151006-9,KNQA20151006_122501_V06,2,1.494,1.200,870,0,1.302,0,0,1.302
KNQA20151006-9,KNQA20151006_122501_V06,4,2.505,1.200,434,0,1.301,0,0,1.301
KNQA20151007-1,KNQA20151007_115140_V06,0,0.483,1.200,51,0,3564.812,2,0,3558.029
KNQA20151007-1,KNQA20151007_115140_V06,2,1.494,1.200,51,0,3.697,1,0,1.092
KNQA20151007-1,KNQA20151007_115140_V06,4,2.505,1.200,26,0,0.050,0,0,0.050
KNQA20151007-1,KNQA20151007_115140_V06,5,3.516,1.200,26,0,0.050,0,0,0.050
KNQA20151007-2,KNQA20151007_115140_V06,0,0.483,1.200,3655,0,113545.496,251,0,112001.687
KNQA20151007-2,KNQA20151007_115140_V06,2,1.494,1.200,3657,0,19635.352,956,0,18656.620
KNQA20151007-2,KNQA20151007_115140_V06,4,2.505,1.200,1833,0,566.093,323,0,259.734
KNQA20151007-2,KNQA20151007_115140_V06,5,3.516,1.200,1835,0,47.048,103,0,17.178
KNQA20151007-2,KNQA20151007_115140_V06,6,4.482,1.200,1835,0,1.028,0,0,1.028
KNQA20151007-4,KNQA20151007_115140_V06,0,0.483,1.200,170,0,5530.037,10,0,5253.782
KNQA20151007-4,KNQA20151007_115140_V06,2,1.494,1.200,168,0,0.341,0,0,0.341
KNQA20151007-4,KNQA20151007_115140_V06,4,2.505,1.200,84,0,0.341,0,0,0.341
KNQA20151007-5,KNQA20151007_115140_V06,0,0.483,1.200,943,0,12039.251,82,0,11776.165
KNQA20151007-5,KNQA20151007_115140_V06,2,1.494,1.200,942,0,17.136,5,0,6.315
KNQA20151007-5,KNQA20151007_115140_V06,4,2.505,1.200,473,0,28.581,0,0,28.581
KNQA20151007-5,KNQA20151007_115140_V06,5,3.516,1.200,472,0,0.892,0,0,0.892
KNQA20151007-6,KNQA20151007_120123_V06,0,0.483,1.200,226,0,1708.567,33,0,1151.850
KNQA20151007-6,KNQA20151007_120123_V06,2,1.494,1.200,229,0,0.617,0,0,0.617
KNQA20151007-8,KNQA20151007_120123_V06,0,0.483,1.200,2059,0,25851.054,321,0,23358.351
KNQA20151007-8,KNQA20151007_120123_V06,2,1.494,1.200,2064,0,93.476,18,0,50.466
KNQA20151007-8,KNQA20151007_120123_V06,4,2.505,1.200,1036,0,2110.940,278,0,854.149
KNQA20151007-8,KNQA20151007_120123_V06,5,3.516,1.200,1036,0,367.245,109,0,153.027
KNQA20151008-1,KNQA20151008_115636_V06,0,0.483,1.200,526,0,18735.985,3,0,18735.582
KNQA20151008-1,KNQA20151008_115636_V06,2,1.494,1.200,531,0,32.715,59,0,25.632
KNQA20151008-1,KNQA20151008_115636_V06,4,2.505,1.200,265,0,0.145,0,0,0.145
KNQA20151008-1,KNQA20151008_115636_V06,5,3.516,1.200,265,0,0.146,0,0,0.146
KNQA20151008-1,KNQA20151008_115636_V06,6,4.482,1.200,266,0,0.147,0,0,0.147
KNQA20151008-3,KNQA20151008_115636_V06,0,0.483,1.200,281,0,5928.145,12,0,5776.880
KNQA20151008-3,KNQA20151008_115636_V06,2,1.494,1.200,286,0,12.753,3,0,9.857
KNQA20151008-3,KNQA20151008_115636_V06,4,2.505,1.200,144,0,0.194,0,0,0.194
KNQA20151008-3,KNQA20151008_115636_V06,5,3.516,1.200,140,0,0.189,0,0,0.189
KNQA20151008-3,KNQA20151008_115636_V06,6,4.482,1.200,142,0,0.192,0,0,0.192
KNQA20151009-1,KNQA20151009_115957_V06,0,0.483,1.200,2303,0,28929.759,95,0,28122.093
KNQA20151009-1,KNQA20151009_115957_V06,2,1.450,1.200,2303,0,238.983,543,0,155.871
KNQA20151009-1,KNQA20151009_115957_V06,4,2.417,1.200,1147,0,9.122,3,0,8.173
KNQA20151009-1,KNQA20151009_115957_V06,5,3.384,1.200,1149,0,2.703,0,0,2.703
KNQA20151009-1,KNQA20151009_115957_V06,6,4.307,1.200,1153,0,0.581,0,0,0.581
KNQA20151009-1,KNQA20151009_115957_V06,7,6.021,1.200,1156,0,0.840,0,0,0.840
KNQA20151009-1,KNQA20151009_120453_V06,0,0.483,1.200,20977,1,158991.835,1834,0,145693.024
KNQA20151009-1,KNQA20151009_120453_V06,2,1.450,1.200,20985,0,6242.510,4433,0,5103.597
KNQA20151009-1,KNQA20151009_120453_V06,4,2.417,1.200,10506,0,1065.416,1231,0,826.562
KNQA20151009-1,KNQA20151009_120453_V06,5,3.384,1.200,10518,0,497.196,1028,0,257.808
KNQA20151009-1,KNQA20151009_120453_V06,6,4.307,1.200,10530,0,170.411,733,0,116.055
KNQA20151009-1,KNQA20151009_120453_V06,7,6.021,1.200,10548,0,50.787,421,0,31.769
KNQA20151009-1,KNQA20151009_120453_V06,8,9.888,1.200,10660,0,35.501,699,0,7.557
KNQA20151010-5,KNQA20151010_115847_V06,0,0.483,1.200,15521,0,222835.711,696,0,220168.901
KNQA20151010-5,KNQA20151010_115847_V06,2,1.494,1.200,15529,0,13930.650,984,0,13376.450
KNQA20151010-5,KNQA20151010_115847_V06,4,2.505,1.200,7775,0,103.229,207,0,93.393
KNQA20151010-5,KNQA20151010_115847_V06,5,3.516,1.200,7779,0,9.636,61,0,9.253
KNQA20151010-5,KNQA20151010_115847_V06,6,4.482,1.200,7786,0,17.341,28,0,16.581
KNQA20151010-5,KNQA20151010_120831_V06,0,0.483,1.200,18482,0,309271.684,1009,0,304223.707
KNQA20151010-5,KNQA20151010_120831_V06,2,1.494,1.200,18495,0,9842.243,1458,0,8733.779
KNQA20151010-5,KNQA20151010_120831_V06,4,2.505,1.200,9253,0,714.663,175,0,639.511
KNQA20151010-5,KNQA20151010_120831_V06,5,3.516,1.200,9264,0,48.054,78,0,36.831
KNQA20151010-5,KNQA20151010_120831_V06,6,4.482,1.200,9283,0,11.276,52,0,10.319
KNQA20151010-5,KNQA20151010_121815_V06,0,0.483,1.200,17396,0,301932.882,1120,0,295159.041
KNQA20151010-5,KNQA20151010_121815_V06,2,1.494,1.200,17401,0,5138.164,1352,0,4384.790
KNQA20151010-5,KNQA20151010_121815_V06,4,2.505,1.200,8708,0,1542.257,193,0,1237.384
KNQA20151010-5,KNQA20151010_121815_V06,5,3.516,1.200,8719,0,323.860,126,0,312.407
KNQA20151010-5,KNQA20151010_121815_V06,6,4.482,1.200,8728,0,131.644,158,0,127.892
KNQA20151010-10,KNQA20151010_121815_V06,0,0.483,1.200,2402,0,6497.295,77,0,5989.878
KNQA20151010-10,KNQA20151010_121815_V06,2,1.494,1.200,2404,0,80.035,7,0,58.680
KNQA20151010-10,KNQA20151010_121815_V06,4,2.505,1.200,1201,0,139.265,1,0,137.763
KNQA20151010-10,KNQA20151010_122800_V06,0,0.483,1.200,4796,0,8845.067,238,0,7239.848
KNQA20151010-10,KNQA20151010_122800_V06,2,1.494,1.200,4791,0,78.323,14,0,62.183
KNQA20151010-10,KNQA20151010_122800_V06,4,2.505,1.200,2410,0,215.112,2,0,211.804
KNQA20151010-10,KNQA20151010_122800_V06,5,3.516,1.200,2398,0,47.646,1,0,46.592
KNQA20151010-10,KNQA20151010_123745_V06,0,0.483,1.200,9406,0,7141.017,345,0,5218.325
KNQA20151010-10,KNQA20151010_123745_V06,2,1.494,1.200,9416,0,337.391,66,0,232.375
KNQA20151010-10,KNQA20151010_123745_V06,4,2.505,1.200,4754,0,294.443,1,0,291.489
KNQA20151010-10,KNQA20151010_123745_V06,5,3.516,1.200,4760,0,88.383,5,0,81.297
KNQA20151010-9,KNQA20151010_121815_V06,0,0.483,1.200,1580,0,2209.208,43,0,1723.809
KNQA20151010-9,KNQA20151010_121815_V06,2,1.494,1.200,1587,0,14.343,1,0,12.419
KNQA20151010-9,KNQA20151010_121815_V06,4,2.505,1.200,794,0,108.738,1,0,107.077
KNQA20151010-9,KNQA20151010_121815_V06,5,3.516,1.200,791,0,1.759,0,0,1.759
KNQA20151010-9,KNQA20151010_122800_V06,0,0.483,1.200,6402,0,2600.583,125,0,1859.638
KNQA20151010-9,KNQA20151010_122800_V06,2,1.494,1.200,6409,0,103.370,24,0,51.197
KNQA20151010-9,KNQA20151010_122800_V06,4,2.505,1.200,3209,0,423.495,11,0,369.701
KNQA20151010-9,KNQA20151010_122800_V06,5,3.516,1.200,3209,0,34.748,0,0,34.748
KNQA20151010-1,KNQA20151010_114903_V06,0,0.483,1.200,80,0,923.926,0,0,923.926
KNQA20151010-1,KNQA20151010_114903_V06,2,1.494,1.200,81,0,2.482,0,0,2.482
KNQA20151010-1,KNQA20151010_114903_V06,4,2.505,1.200,40,0,0.056,0,0,0.056
KNQA20151010-1,KNQA20151010_114903_V06,5,3.516,1.200,40,0,0.056,0,0,0.056
KNQA20151010-1,KNQA20151010_114903_V06,6,4.482,1.200,39,0,0.055,0,0,0.055
KNQA20151010-3,KNQA20151010_115847_V06,0,0.483,1.200,588,0,1029.475,9,0,1022.167
KNQA20151010-3,KNQA20151010_115847_V06,2,1.494,1.200,586,0,0.386,0,0,0.386
KNQA20151010-3,KNQA20151010_115847_V06,4,2.505,1.200,297,0,79.685,14,0,66.317
KNQA20151010-3,KNQA20151010_115847_V06,5,3.516,1.200,294,0,6.731,4,0,3.803
KNQA20151010-3,KNQA20151010_115847_V06,6,4.482,1.200,294,0,0.389,0,0,0.389
KNQA20151010-6,KNQA20151010_115847_V06,0,0.483,1.200,449,0,7195.489,4,0,6875.757
KNQA20151010-6,KNQA20151010_115847_V06,2,1.494,1.200,446,0,0.960,0,0,0.960
KNQA20151011-4,KNQA20151011_114831_V06,0,0.483,1.200,33,0,2927.702,0,0,2927.702
KNQA20151011-4,KNQA20151011_114831_V06,2,1.494,1.200,31,0,0.031,0,0,0.031
KNQA20151011-4,KNQA20151011_114831_V06,4,2.505,1.200,20,0,0.040,0,0,0.040
KNQA20151011-4,KNQA20151011_114831_V06,5,3.516,1.200,19,0,0.038,0,0,0.038
KNQA20151011-4,KNQA20151011_115815_V06,0,0.483,1.200,2863,0,16619.835,473,0,14688.244
KNQA20151011-4,KNQA20151011_115815_V06,2,1.494,1.200,2865,0,55.545,10,0,39.371
KNQA20151011-4,KNQA20151011_115815_V06,4,2.505,1.200,1439,0,2.896,0,0,2.896
KNQA20151011-4,KNQA20151011_115815_V06,5,3.516,1.200,1434,0,2.894,0,0,2.894
KNQA20151011-4,KNQA20151011_120802_V06,0,0.483,1.200,8328,0,22287.462,550,0,20084.940
KNQA20151011-4,KNQA20151011_120802_V06,2,1.494,1.200,8331,0,1996.074,468,0,1375.219
KNQA20151011-4,KNQA20151011_120802_V06,4,2.505,1.200,4175,0,11.082,0,0,11.082
KNQA20151011-1,KNQA20151011_114831_V06,0,0.483,1.200,701,0,16824.324,17,0,12896.255
KNQA20151011-1,KNQA20151011_114831_V06,2,1.494,1.200,700,0,19.180,29,0,11.854
KNQA20151011-1,KNQA20151011_114831_V06,4,2.505,1.200,352,0,3.939,0,0,3.939
KNQA20151011-1,KNQA20151011_114831_V06,5,3.516,1.200,353,0,0.218,0,0,0.218
KNQA20151011-1,KNQA20151011_114831_V06,6,4.482,1.200,352,0,0.218,0,0,0.218
KNQA20151011-2,KNQA20151011_114831_V06,0,0.483,1.200,395,0,24239.721,8,0,24231.886
KNQA20151011-2,KNQA20151011_114831_V06,2,1.494,1.200,396,0,10.651,12,0,6.765
KNQA20151011-2,KNQA20151011_114831_V06,4,2.505,1.200,197,0,5.657,1,0,3.818
KNQA20151011-2,KNQA20151011_114831_V06,5,3.516,1.200,197,0,3.363,0,0,3.363
KNQA20151011-2,KNQA20151011_114831_V06,6,4.482,1.200,198,0,8.644,4,0,7.376
KNQA20151011-3,KNQA20151011_114831_V06,0,0.483,1.200,615,0,32795.238,63,0,32762.057
KNQA20151011-3,KNQA20151011_114831_V06,2,1.494,1.200,616,0,14229.996,41,0,14221.877
KNQA20151011-3,KNQA20151011_114831_V06,4,2.505,1.200,307,0,7.299,3,0,7.100
KNQA20151011-3,KNQA20151011_114831_V06,5,3.516,1.200,309,0,0.447,1,0,0.391
KNQA20151011-3,KNQA20151011_114831_V06,6,4.482,1.200,309,0,0.119,0,0,0.119
KNQA20151011-12,KNQA20151011_121748_V06,0,0.483,1.200,22572,0,69493.601,2430,0,66304.545
KNQA20151011-12,KNQA20151011_121748_V06,2,1.494,1.200,22581,0,13695.798,2089,0,12720.254
KNQA20151011-12,KNQA20151011_121748_V06,4,2.505,1.200,11290,0,5753.304,1376,0,4231.834
KNQA20151011-12,KNQA20151011_121748_V06,5,3.516,1.200,11305,0,3535.236,1763,0,1926.997
KNQA20151011-12,KNQA20151011_121748_V06,6,4.482,1.200,11331,0,1452.158,1620,0,691.117
KNQA20151012-1,KNQA20151012_115722_V06,0,0.483,1.200,12113,2,189097.464,321,2,184631.107
KNQA20151012-1,KNQA20151012_115722_V06,2,1.494,1.200,12115,0,568.527,1553,0,435.348
KNQA20151012-1,KNQA20151012_115722_V06,4,2.505,1.200,6064,0,156.272,361,0,118.367
KNQA20151012-1,KNQA20151012_115722_V06,5,3.516,1.200,6063,0,54.300,280,0,40.742
KNQA20151012-1,KNQA20151012_115722_V06,6,4.482,1.200,6072,0,20.891,176,0,14.090
KNQA20151012-1,KNQA20151012_120707_V06,0,0.483,1.200,29223,0,81653.833,2695,0,75292.654
KNQA20151012-1,KNQA20151012_120707_V06,2,1.494,1.200,29238,0,2521.610,5389,0,1752.519
KNQA20151012-1,KNQA20151012_120707_V06,4,2.505,1.200,14622,0,675.016,1276,0,439.362
KNQA20151012-1,KNQA20151012_120707_V06,5,3.516,1.200,14643,0,272.712,1138,0,175.069
KNQA20151012-1,KNQA20151012_120707_V06,6,4.482,1.200,14655,0,103.012,974,0,67.816
KNQA20151013-1,KNQA20151013_114921_V06,0,0.483,1.200,481,0,87897.933,1,0,87891.226
KNQA20151013-1,KNQA20151013_114921_V06,2,1.494,1.200,479,0,105.557,14,0,96.426
KNQA20151013-1,KNQA20151013_114921_V06,4,2.505,1.200,241,0,0.218,0,0,0.218
KNQA20151013-1,KNQA20151013_114921_V06,5,3.516,1.200,242,0,0.219,0,0,0.219
KNQA20151013-1,KNQA20151013_114921_V06,6,4.482,1.200,242,0,0.220,0,0,0.220
KNQA20151013-1,KNQA20151013_115905_V06,0,0.483,1.200,3466,0,120397.963,19,0,120268.667
KNQA20151013-1,KNQA20151013_115905_V06,2,1.494,1.200,3463,0,26954.063,158,0,26762.920
KNQA20151013-1,KNQA20151013_115905_V06,4,2.505,1.200,1736,0,31.964,10,0,27.695
KNQA20151013-1,KNQA20151013_115905_V06,5,3.516,1.200,1737,0,2.205,0,0,2.205
KNQA20151013-1,KNQA20151013_115905_V06,6,4.482,1.200,1739,0,2.558,0,0,2.558
KNQA20151013-1,KNQA20151013_120848_V06,0,0.483,1.200,5195,0,48151.042,62,0,47800.042
KNQA20151013-1,KNQA20151013_120848_V06,2,1.494,1.200,5203,0,43887.225,114,0,43738.447
KNQA20151013-1,KNQA20151013_120848_V06,4,2.505,1.200,2600,0,1226.991,45,0,1170.230
KNQA20151013-1,KNQA20151013_120848_V06,5,3.516,1.200,2600,0,19.035,6,0,17.451
KNQA20151013-1,KNQA20151013_120848_V06,6,4.482,1.200,2601,0,1.845,0,0,1.845
KNQA20151013-2,KNQA20151013_114921_V06,0,0.483,1.200,620,0,36491.441,14,0,36253.905
KNQA20151013-2,KNQA20151013_114921_V06,2,1.494,1.200,620,0,1.046,0,0,1.046
KNQA20151013-2,KNQA20151013_114921_V06,4,2.505,1.200,315,0,1.063,0,0,1.063
KNQA20151013-2,KNQA20151013_115905_V06,0,0.483,1.200,2575,0,139888.808,77,0,139099.703
KNQA20151013-2,KNQA20151013_115905_V06,2,1.494,1.200,2577,0,79.367,4,0,63.677
KNQA20151013-2,KNQA20151013_115905_V06,4,2.505,1.200,1277,0,4.333,0,0,4.333
KNQA20151013-2,KNQA20151013_120848_V06,0,0.483,1.200,4312,0,374436.962,140,0,368055.535
KNQA20151013-2,KNQA20151013_120848_V06,2,1.494,1.200,4317,0,126.469,8,0,101.956
KNQA20151013-2,KNQA20151013_120848_V06,4,2.505,1.200,2156,0,16.005,0,0,16.005
KNQA20151013-4,KNQA20151013_114921_V06,0,0.483,1.200,1532,0,48537.402,81,0,48242.047
KNQA20151013-4,KNQA20151013_114921_V06,2,1.494,1.200,1533,0,6214.917,83,0,5792.206
KNQA20151013-4,KNQA20151013_114921_V06,4,2.505,1.200,768,0,6.811,4,0,4.804
KNQA20151013-4,KNQA20151013_114921_V06,5,3.516,1.200,768,0,0.766,0,0,0.766
KNQA20151013-4,KNQA20151013_114921_V06,6,4.482,1.200,768,0,0.757,0,0,0.757
KNQA20151013-6,KNQA20151013_115905_V06,0,0.483,1.200,3437,0,113400.169,35,0,107317.191
KNQA20151013-6,KNQA20151013_115905_V06,2,1.494,1.200,3439,0,2587.560,198,0,2517.229
KNQA20151013-6,KNQA20151013_115905_V06,4,2.505,1.200,1718,0,41.947,8,0,38.430
KNQA20151013-6,KNQA20151013_115905_V06,5,3.516,1.200,1720,0,3.518,2,0,2.774
KNQA20151013-6,KNQA20151013_115905_V06,6,4.482,1.200,1724,0,2.419,0,0,2.419
KNQA20151014-1,KNQA20151014_114722_V06,0,0.483,1.200,167,0,3909.119,1,0,3908.984
KNQA20151014-1,KNQA20151014_114722_V06,2,1.494,1.200,166,0,7.603,10,0,4.845
KNQA20151014-1,KNQA20151014_114722_V06,4,2.505,1.200,86,0,1.171,0,0,1.171
KNQA20151014-1,KNQA20151014_114722_V06,5,3.516,1.200,87,0,0.696,1,0,0.431
KNQA20151014-1,KNQA20151014_114722_V06,6,4.482,1.200,86,0,0.164,0,0,0.164
KNQA20151014-1,KNQA20151014_115708_V06,0,0.483,1.200,6658,4,242123.363,101,3,234629.606
KNQA20151014-1,KNQA20151014_115708_V06,2,1.494,1.200,6662,0,3626.390,792,0,3324.225
KNQA20151014-1,KNQA20151014_115708_V06,4,2.505,1.200,3331,0,593.928,144,0,553.525
KNQA20151014-1,KNQA20151014_115708_V06,5,3.516,1.200,3335,0,48.692,37,0,36.205
KNQA20151014-1,KNQA20151014_115708_V06,6,4.482,1.200,3340,0,21.840,8,0,20.176
KNQA20151014-1,KNQA20151014_120654_V06,0,0.483,1.200,24011,5,437761.029,668,4,399956.524
KNQA20151014-1,KNQA20151014_120654_V06,2,1.494,1.200,24022,0,11687.174,5393,0,10591.841
KNQA20151014-1,KNQA20151014_120654_V06,4,2.505,1.200,12027,0,5112.643,1564,0,4775.180
KNQA20151014-1,KNQA20151014_120654_V06,5,3.516,1.200,12026,0,3111.653,1392,0,2839.540
KNQA20151014-1,KNQA20151014_120654_V06,6,4.482,1.200,12053,0,2394.817,1116,0,2194.656
KNQA20151014-3,KNQA20151014_115708_V06,0,0.483,1.200,408,0,10480.893,27,0,10286.633
KNQA20151014-3,KNQA20151014_115708_V06,2,1.494,1.200,409,0,57.394,25,0,26.492
KNQA20151014-3,KNQA20151014_115708_V06,4,2.505,1.200,206,0,0.352,0,0,0.352
KNQA20151014-3,KNQA20151014_115708_V06,5,3.516,1.200,205,0,0.352,0,0,0.352
KNQA20151014-4,KNQA20151014_115708_V06,0,0.483,1.200,65,15,141386.983,30,1,40976.339
KNQA20151014-4,KNQA20151014_115708_V06,2,1.494,1.200,65,0,144.463,11,0,62.800
KNQA20151014-4,KNQA20151014_115708_V06,4,2.505,1.200,26,0,0.056,0,0,0.056
KNQA20151014-4,KNQA20151014_115708_V06,5,3.516,1.200,24,0,0.052,0,0,0.052
KNQA20151014-5,KNQA20151014_120654_V06,0,0.483,1.200,1398,0,16012.105,53,0,15633.553
KNQA20151014-5,KNQA20151014_120654_V06,2,1.494,1.200,1396,0,3091.541,111,0,3021.774
KNQA20151014-5,KNQA20151014_120654_V06,4,2.505,1.200,697,0,3.750,0,0,3.750
KNQA20151014-5,KNQA20151014_120654_V06,5,3.516,1.200,698,0,4.219,0,0,4.219
KNQA20151014-5,KNQA20151014_120654_V06,6,4.482,1.200,700,0,0.631,0,0,0.631
KNQA20151014-6,KNQA20151014_120654_V06,0,0.483,1.200,4591,0,46186.226,318,0,42935.780
KNQA20151014-6,KNQA20151014_120654_V06,2,1.494,1.200,4596,0,42.700,4,0,30.640
KNQA20151014-6,KNQA20151014_120654_V06,4,2.505,1.200,2295,0,7.020,0,0,7.020
KNQA20151014-7,KNQA20151014_123610_V06,0,0.483,1.200,13484,0,48075.262,378,0,40043.566
KNQA20151014-7,KNQA20151014_123610_V06,2,1.494,1.200,13503,0,54.819,0,0,54.819
KNQA20151015-2,KNQA20151015_115548_V06,0,0.483,1.200,514,22,205875.852,36,2,179991.478
KNQA20151015-2,KNQA20151015_115548_V06,2,1.494,1.200,513,0,72.507,19,0,28.727
KNQA20151015-2,KNQA20151015_115548_V06,4,2.505,1.200,258,0,98.636,5,0,86.927
KNQA20151015-2,KNQA20151015_115548_V06,5,3.516,1.200,256,0,0.528,0,0,0.528
KNQA20151015-2,KNQA20151015_120534_V06,0,0.483,1.200,3408,26,1050644.409,212,16,808554.811
KNQA20151015-2,KNQA20151015_120534_V06,2,1.450,1.200,3407,0,677.853,74,0,420.348
KNQA20151015-2,KNQA20151015_120534_V06,4,2.417,1.200,1709,0,147.800,1,0,146.413
KNQA20151015-2,KNQA20151015_120534_V06,5,3.384,1.200,1707,0,3.554,0,0,3.554
KNQA20151015-1,KNQA20151015_115548_V06,0,0.483,1.200,2230,31,1212336.535,20,31,1211067.408
KNQA20151015-1,KNQA20151015_115548_V06,2,1.494,1.200,2231,0,72.686,70,0,40.554
KNQA20151015-1,KNQA20151015_115548_V06,4,2.505,1.200,1118,0,94.808,13,0,48.590
KNQA20151015-1,KNQA20151015_115548_V06,5,3.516,1.200,1118,0,42.212,5,0,40.960
KNQA20151015-1,KNQA20151015_115548_V06,6,4.482,1.200,1118,0,27.664,4,0,26.728
KNQA20151016-2,KNQA20151016_114730_V06,0,0.483,1.200,22050,0,1724026.233,3195,0,555380.518
KNQA20151016-2,KNQA20151016_114730_V06,2,1.494,1.200,22062,0,691936.867,4749,0,70095.869
KNQA20151016-2,KNQA20151016_115714_V06,0,0.483,1.200,25844,0,962001.781,2750,0,250822.795
KNQA20151016-2,KNQA20151016_115714_V06,2,1.494,1.200,25864,0,426158.262,3385,0,67082.881
KNQA20151016-2,KNQA20151016_120657_V06,0,0.483,1.200,23440,0,411163.549,2194,0,130819.153
KNQA20151016-2,KNQA20151016_120657_V06,2,1.494,1.200,23441,0,169487.266,2033,0,52576.571
KNQA20151016-2,KNQA20151016_121640_V06,0,0.483,1.200,22733,0,140943.782,1744,0,93935.642
KNQA20151016-2,KNQA20151016_121640_V06,2,1.494,1.200,22730,0,61705.865,1310,0,12910.464
KNQA20151016-1,KNQA20151016_111608_V06,0,0.483,1.200,35267,0,3369730.288,8443,0,336471.732
KNQA20151016-1,KNQA20151016_111608_V06,2,1.494,1.200,35299,0,2044498.462,11439,0,128802.826
KNQA20151016-1,KNQA20151016_112552_V06,0,0.483,1.200,47588,0,1841336.690,6742,0,405218.304
KNQA20151016-1,KNQA20151016_112552_V06,2,1.494,1.200,47615,0,1664627.374,11807,0,163178.316
KNQA20151016-1,KNQA20151016_113535_V06,0,0.483,1.200,57137,0,1767302.492,5721,0,411554.161
KNQA20151016-1,KNQA20151016_113535_V06,2,1.494,1.200,57194,0,1554511.810,10924,0,139056.049
KNQA20151016-1,KNQA20151016_113535_V06,4,2.505,1.200,28614,0,386707.369,4387,0,41602.527
KNQA20151016-1,KNQA20151016_114730_V06,0,0.483,1.200,54010,0,465610.640,6884,0,163257.146
KNQA20151016-1,KNQA20151016_114730_V06,2,1.494,1.200,54047,0,571545.016,8511,0,51092.139
KNQA20151016-1,KNQA20151016_114730_V06,4,2.505,1.200,27052,0,320700.684,4054,0,32762.175
KNQA20151016-1,KNQA20151016_114730_V06,5,3.516,1.200,27084,0,77210.010,3446,0,4430.817
KNQA20151016-5,KNQA20151016_115714_V06,0,0.483,1.200,991,0,129980.241,10,0,129710.180
KNQA20151016-5,KNQA20151016_115714_V06,2,1.494,1.200,990,0,880.343,46,0,829.563
KNQA20151016-5,KNQA20151016_115714_V06,4,2.505,1.200,502,0,1.504,0,0,1.504
KNQA20151016-5,KNQA20151016_115714_V06,5,3.516,1.200,502,0,0.393,0,0,0.393
KNQA20151016-5,KNQA20151016_115714_V06,6,4.482,1.200,505,0,0.396,0,0,0.396
KNQA20151016-5,KNQA20151016_120657_V06,0,0.483,1.200,3199,0,82041.109,132,0,81422.981
KNQA20151016-5,KNQA20151016_120657_V06,2,1.494,1.200,3205,0,1680.711,204,0,1533.914
KNQA20151016-5,KNQA20151016_120657_V06,4,2.505,1.200,1603,0,18.594,8,0,13.604
KNQA20151016-5,KNQA20151016_120657_V06,5,3.516,1.200,1605,0,1.581,0,0,1.581
KNQA20151016-5,KNQA20151016_120657_V06,6,4.482,1.200,1603,0,1.583,0,0,1.583
KNQA20151016-6,KNQA20151016_115714_V06,0,0.483,1.200,1034,0,53793.973,23,0,53650.054
KNQA20151016-6,KNQA20151016_115714_V06,2,1.494,1.200,1035,0,28.447,16,0,17.889
KNQA20151016-6,KNQA20151016_115714_V06,4,2.505,1.200,518,0,0.643,0,0,0.643
KNQA20151016-6,KNQA20151016_115714_V06,5,3.516,1.200,519,0,0.646,0,0,0.646
KNQA20151016-6,KNQA20151016_115714_V06,6,4.482,1.200,521,0,0.649,0,0,0.649
KNQA20151016-7,KNQA20151016_115714_V06,0,0.483,1.200,136,0,20458.031,0,0,20458.031
KNQA20151016-7,KNQA20151016_115714_V06,2,1.494,1.200,135,0,675.411,0,0,675.411
KNQA20151016-7,KNQA20151016_115714_V06,4,2.505,1.200,68,0,0.026,0,0,0.026
KNQA20151016-7,KNQA20151016_115714_V06,5,3.516,1.200,69,0,0.026,0,0,0.026
KNQA20151016-7,KNQA20151016_115714_V06,6,4.482,1.200,69,0,0.027,0,0,0.027
KNQA20151016-16,KNQA20151016_122625_V06,0,0.483,1.200,7270,0,53847.157,416,0,50916.845
KNQA20151016-16,KNQA20151016_122625_V06,2,1.494,1.200,7276,0,104.873,17,0,75.809
KNQA20151016-16,KNQA20151016_122625_V06,4,2.505,1.200,3634,0,19.845,0,0,19.845
KNQA20151017-1,KNQA20151017_115048_V06,0,0.483,1.200,249,0,19618.536,12,0,18067.338
KNQA20151017-1,KNQA20151017_115048_V06,2,1.494,1.200,248,0,18.230,9,0,10.654
KNQA20151017-1,KNQA20151017_115048_V06,4,2.505,1.200,123,0,0.177,0,0,0.177
KNQA20151017-1,KNQA20151017_115048_V06,5,3.516,1.200,125,0,0.180,0,0,0.180
KNQA20151017-1,KNQA20151017_115048_V06,6,4.482,1.200,125,0,0.181,0,0,0.181
KNQA20151017-1,KNQA20151017_120034_V06,0,0.483,1.200,1978,0,36960.827,117,0,34829.460
KNQA20151017-1,KNQA20151017_120034_V06,2,1.494,1.200,1978,0,266.890,20,0,250.606
KNQA20151017-1,KNQA20151017_120034_V06,4,2.505,1.200,992,0,1.399,0,0,1.399
KNQA20151017-1,KNQA20151017_120034_V06,5,3.516,1.200,991,0,1.398,0,0,1.398
KNQA20151017-1,KNQA20151017_120034_V06,6,4.482,1.200,992,0,1.404,0,0,1.404
KNQA20151017-1,KNQA20151017_121021_V06,0,0.483,1.200,13633,0,59590.193,823,0,57411.856
KNQA20151017-1,KNQA20151017_121021_V06,2,1.494,1.200,13638,0,754.186,181,0,622.602
KNQA20151017-1,KNQA20151017_121021_V06,4,2.505,1.200,6831,0,10.992,0,0,10.992
KNQA20151017-1,KNQA20151017_121021_V06,5,3.516,1.200,6834,0,11.022,0,0,11.022
KNQA20151017-2,KNQA20151017_115048_V06,0,0.483,1.200,752,0,61158.610,47,0,61061.678
KNQA20151017-2,KNQA20151017_115048_V06,2,1.494,1.200,751,0,231.062,43,0,203.616
KNQA20151017-2,KNQA20151017_115048_V06,4,2.505,1.200,382,0,2.382,0,0,2.382
KNQA20151017-2,KNQA20151017_115048_V06,5,3.516,1.200,381,0,0.336,0,0,0.336
KNQA20151017-2,KNQA20151017_115048_V06,6,4.482,1.200,381,0,0.337,0,0,0.337
KNQA20151017-2,KNQA20151017_120034_V06,0,0.483,1.200,2565,0,115233.343,138,0,114170.023
KNQA20151017-2,KNQA20151017_120034_V06,2,1.494,1.200,2554,0,14573.965,103,0,14178.121
KNQA20151017-2,KNQA20151017_120034_V06,4,2.505,1.200,1283,0,4.711,0,0,4.711
KNQA20151017-2,KNQA20151017_120034_V06,5,3.516,1.200,1287,0,0.990,0,0,0.990
KNQA20151017-2,KNQA20151017_120034_V06,6,4.482,1.200,1289,0,0.994,0,0,0.994
KNQA20151017-2,KNQA20151017_121021_V06,0,0.483,1.200,4255,0,63037.909,259,0,62139.449
KNQA20151017-2,KNQA20151017_121021_V06,2,1.494,1.200,4254,0,23060.374,171,0,22628.969
KNQA20151017-2,KNQA20151017_121021_V06,4,2.505,1.200,2123,0,55.666,5,0,49.853
KNQA20151017-2,KNQA20151017_121021_V06,5,3.516,1.200,2134,0,1.395,0,0,1.395
KNQA20151017-2,KNQA20151017_121021_V06,6,4.482,1.200,2139,0,1.401,0,0,1.401
KNQA20151017-3,KNQA20151017_115048_V06,0,0.483,1.200,473,0,7230.586,40,0,6440.843
KNQA20151017-3,KNQA20151017_115048_V06,2,1.494,1.200,474,0,139.241,54,0,97.714
KNQA20151017-3,KNQA20151017_115048_V06,4,2.505,1.200,235,0,0.114,0,0,0.114
KNQA20151017-3,KNQA20151017_115048_V06,5,3.516,1.200,237,0,0.310,0,0,0.310
KNQA20151017-3,KNQA20151017_115048_V06,6,4.482,1.200,235,0,0.115,0,0,0.115
KNQA20151017-10,KNQA20151017_122006_V06,0,0.483,1.200,9330,0,51707.617,223,0,47777.614
KNQA20151017-10,KNQA20151017_122006_V06,2,1.494,1.200,9338,0,36.050,2,0,19.828
KNQA20151017-11,KNQA20151017_122952_V06,0,0.483,1.200,2500,0,21615.037,136,0,18355.721
KNQA20151017-11,KNQA20151017_122952_V06,2,1.494,1.200,2508,0,6.024,0,0,6.024
KNQA20151017-12,KNQA20151017_124924_V06,0,0.483,1.200,426,0,3688.406,17,0,2738.582
KNQA20151017-12,KNQA20151017_124924_V06,2,1.494,1.200,425,0,1.379,0,0,1.379
KNQA20151018-1,KNQA20151018_115222_V06,0,0.483,1.200,106,0,24450.509,3,0,23281.937
KNQA20151018-1,KNQA20151018_115222_V06,2,1.494,1.200,105,0,0.810,4,0,0.164
KNQA20151018-1,KNQA20151018_115222_V06,4,2.505,1.200,52,0,0.047,0,0,0.047
KNQA20151018-1,KNQA20151018_115222_V06,5,3.516,1.200,50,0,0.045,0,0,0.045
KNQA20151018-1,KNQA20151018_115222_V06,6,4.482,1.200,52,0,0.047,0,0,0.047
KNQA20151018-1,KNQA20151018_120208_V06,0,0.483,1.200,4553,0,40587.535,184,0,39021.604
KNQA20151018-1,KNQA20151018_120208_V06,2,1.494,1.200,4557,0,1100.676,84,0,951.117
KNQA20151018-1,KNQA20151018_120208_V06,4,2.505,1.200,2242,0,4.042,0,0,4.042
KNQA20151018-1,KNQA20151018_120208_V06,5,3.516,1.200,2245,0,1.940,0,0,1.940
KNQA20151018-1,KNQA20151018_120208_V06,6,4.482,1.200,2249,0,1.949,0,0,1.949
KNQA20151018-1,KNQA20151018_121153_V06,0,0.483,1.200,13600,0,41741.237,459,0,40260.262
KNQA20151018-1,KNQA20151018_121153_V06,2,1.494,1.200,13602,0,9285.397,186,0,8655.753
KNQA20151018-1,KNQA20151018_121153_V06,4,2.505,1.200,6804,0,18.879,8,0,17.420
KNQA20151018-1,KNQA20151018_121153_V06,5,3.516,1.200,6811,0,7.019,0,0,7.019
KNQA20151018-1,KNQA20151018_121153_V06,6,4.482,1.200,6828,0,7.061,0,0,7.061
KNQA20151018-1,KNQA20151018_122140_V06,0,0.483,1.200,11905,0,19013.129,363,0,17974.294
KNQA20151018-1,KNQA20151018_122140_V06,2,1.494,1.200,11910,0,1540.130,102,0,1451.621
KNQA20151018-1,KNQA20151018_122140_V06,4,2.505,1.200,5971,0,7.628,0,0,7.628
KNQA20151018-1,KNQA20151018_122140_V06,5,3.516,1.200,5986,0,7.664,0,0,7.664
KNQA20151018-1,KNQA20151018_122140_V06,6,4.482,1.200,5985,0,7.679,0,0,7.679
KNQA20151018-1,KNQA20151018_123126_V06,0,0.483,1.200,14338,0,12771.298,660,0,11129.755
KNQA20151018-1,KNQA20151018_123126_V06,2,1.494,1.200,14358,0,420.625,204,0,337.006
KNQA20151018-1,KNQA20151018_123126_V06,4,2.505,1.200,7194,0,10.469,0,0,10.469
KNQA20151018-1,KNQA20151018_123126_V06,5,3.516,1.200,7201,0,8.263,0,0,8.263
KNQA20151018-1,KNQA20151018_123126_V06,6,4.482,1.200,7213,0,8.300,0,0,8.300
KNQA20151018-5,KNQA20151018_124113_V06,0,0.483,1.200,2334,0,4294.322,83,0,3694.854
KNQA20151018-5,KNQA20151018_124113_V06,2,1.494,1.200,2334,0,4.286,0,0,4.286
KNQA20151018-5,KNQA20151018_124113_V06,4,2.505,1.200,1160,0,4.267,0,0,4.267
KNQA20151018-5,KNQA20151018_125059_V06,0,0.483,1.200,6975,0,12509.066,292,0,10293.962
KNQA20151018-5,KNQA20151018_125059_V06,2,1.494,1.200,6979,0,52.032,12,0,30.695
KNQA20151018-5,KNQA20151018_125059_V06,4,2.505,1.200,3493,0,12.625,0,0,12.625
KNQA20151019-1,KNQA20151019_115359_V06,0,0.483,1.200,141,0,848.105,6,0,837.531
KNQA20151019-1,KNQA20151019_115359_V06,2,1.494,1.200,141,0,3.623,10,0,1.513
KNQA20151019-1,KNQA20151019_115359_V06,4,2.505,1.200,73,0,0.046,0,0,0.046
KNQA20151019-1,KNQA20151019_115359_V06,5,3.516,1.200,72,0,0.046,0,0,0.046
KNQA20151019-1,KNQA20151019_115359_V06,6,4.482,1.200,74,0,0.047,0,0,0.047
KNQA20151019-1,KNQA20151019_120345_V06,0,0.483,1.200,2430,0,23886.292,138,0,23588.637
KNQA20151019-1,KNQA20151019_120345_V06,2,1.494,1.200,2428,0,26.500,66,0,11.853
KNQA20151019-1,KNQA20151019_120345_V06,4,2.505,1.200,1214,0,3.195,3,0,2.356
KNQA20151019-1,KNQA20151019_120345_V06,5,3.516,1.200,1216,0,1.382,0,0,1.382
KNQA20151019-1,KNQA20151019_120345_V06,6,4.482,1.200,1216,0,1.402,0,0,1.402
KNQA20151020-2,KNQA20151020_120427_V06,0,0.483,1.200,7139,0,90980.850,283,0,84130.890
KNQA20151020-2,KNQA20151020_120427_V06,2,1.494,1.200,7150,0,16.859,322,0,11.490
KNQA20151020-2,KNQA20151020_120427_V06,4,2.505,1.200,3579,0,5.795,22,0,3.797
KNQA20151020-2,KNQA20151020_120427_V06,5,3.516,1.200,3578,0,2.669,16,0,2.436
KNQA20151020-2,KNQA20151020_120427_V06,6,4.482,1.200,3586,0,3.427,35,0,3.005
KNQA20151020-2,KNQA20151020_121412_V06,0,0.483,1.200,24080,11,85418.124,2186,10,80313.680
KNQA20151020-2,KNQA20151020_121412_V06,2,1.494,1.200,24088,0,561.140,1754,0,502.283
KNQA20151020-2,KNQA20151020_121412_V06,4,2.505,1.200,12051,0,11.930,230,0,9.075
KNQA20151020-2,KNQA20151020_121412_V06,5,3.516,1.200,12067,0,4.589,233,0,4.115
KNQA20151020-2,KNQA20151020_121412_V06,6,4.482,1.200,12081,0,5.916,215,0,5.030
KNQA20151020-1,KNQA20151020_114456_V06,0,0.483,1.200,410,0,1139.406,25,0,1054.518
KNQA20151020-1,KNQA20151020_114456_V06,2,1.494,1.200,412,0,35.842,10,0,17.780
KNQA20151020-1,KNQA20151020_114456_V06,4,2.505,1.200,205,0,7.063,0,0,7.063
KNQA20151020-1,KNQA20151020_114456_V06,5,3.516,1.200,203,0,0.395,0,0,0.395
KNQA20151021-1,KNQA20151021_120329_V06,0,0.483,1.200,15865,6,122350.947,1158,6,120662.595
KNQA20151021-1,KNQA20151021_120329_V06,2,1.494,1.200,15871,0,127.503,1626,0,91.981
KNQA20151021-1,KNQA20151021_120329_V06,4,2.505,1.200,7938,0,73.395,681,0,36.788
KNQA20151021-1,KNQA20151021_120329_V06,5,3.516,1.200,7955,0,53.995,1059,0,19.919
KNQA20151021-1,KNQA20151021_120329_V06,6,4.482,1.200,7963,0,24.367,814,0,10.740
KNQA20151021-1,KNQA20151021_121314_V06,0,0.483,1.200,31361,2,165947.235,2319,2,159256.469
KNQA20151021-1,KNQA20151021_121314_V06,2,1.494,1.200,31366,0,1005.887,3444,0,813.824
KNQA20151021-1,KNQA20151021_121314_V06,4,2.505,1.200,15697,0,242.191,2327,0,93.947
KNQA20151021-1,KNQA20151021_121314_V06,5,3.516,1.200,15717,0,105.975,2581,0,40.412
KNQA20151021-1,KNQA20151021_121314_V06,6,4.482,1.200,15743,0,51.357,1947,0,18.233
KNQA20151022-1,KNQA20151022_115956_V06,0,0.483,1.200,583,0,42158.193,3,0,41820.143
KNQA20151022-1,KNQA20151022_115956_V06,2,1.494,1.200,584,0,4.129,6,0,2.414
KNQA20151022-1,KNQA20151022_115956_V06,4,2.505,1.200,291,0,0.150,0,0,0.150
KNQA20151022-1,KNQA20151022_115956_V06,5,3.516,1.200,289,0,0.150,0,0,0.150
KNQA20151022-1,KNQA20151022_115956_V06,6,4.482,1.200,290,0,0.151,0,0,0.151
KNQA20151022-1,KNQA20151022_120941_V06,0,0.483,1.200,5457,0,37044.875,281,0,36311.583
KNQA20151022-1,KNQA20151022_120941_V06,2,1.494,1.200,5455,0,602.049,627,0,441.601
KNQA20151022-1,KNQA20151022_120941_V06,4,2.505,1.200,2730,0,217.000,151,0,170.307
KNQA20151022-1,KNQA20151022_120941_V06,5,3.516,1.200,2728,0,26.643,24,0,23.820
KNQA20151022-1,KNQA20151022_120941_V06,6,4.482,1.200,2728,0,1.601,0,0,1.601
KNQA20151023-1,KNQA20151023_120703_V06,0,0.483,1.200,7749,0,26283.364,639,0,22352.198
KNQA20151023-1,KNQA20151023_120703_V06,2,1.450,1.200,7751,0,13.806,64,0,6.961
KNQA20151023-1,KNQA20151023_120703_V06,4,2.417,1.200,3876,0,2.100,0,0,2.100
KNQA20151023-1,KNQA20151023_120703_V06,5,3.384,1.200,3879,0,3.381,0,0,3.381
KNQA20151023-1,KNQA20151023_120703_V06,6,4.307,1.200,3881,0,14.439,21,0,10.997
KNQA20151023-1,KNQA20151023_120703_V06,7,6.021,1.200,3893,0,2.283,0,0,2.283
KNQA20151023-1,KNQA20151023_121159_V06,0,0.483,1.200,13043,0,21268.864,893,0,18959.522
KNQA20151023-1,KNQA20151023_121159_V06,2,1.450,1.200,13050,0,22.451,189,0,16.667
KNQA20151023-1,KNQA20151023_121159_V06,4,2.417,1.200,6527,0,5.676,6,0,4.956
KNQA20151023-1,KNQA20151023_121159_V06,5,3.384,1.200,6527,0,4.075,1,0,4.044
KNQA20151023-1,KNQA20151023_121159_V06,6,4.307,1.200,6538,0,8.984,7,0,8.064
KNQA20151023-1,KNQA20151023_121159_V06,7,6.021,1.200,6557,0,6.912,31,0,5.300
KNQA20151023-2,KNQA20151023_121654_V06,0,0.483,1.200,14844,1,85175.637,1632,0,71744.190
KNQA20151023-2,KNQA20151023_121654_V06,2,1.450,1.200,14852,0,119.365,1928,0,80.109
KNQA20151023-2,KNQA20151023_121654_V06,4,2.417,1.200,7434,0,17.805,422,0,14.486
KNQA20151023-2,KNQA20151023_121654_V06,5,3.384,1.200,7444,0,5.485,281,0,4.414
KNQA20151023-2,KNQA20151023_121654_V06,6,4.307,1.200,7450,0,4.925,135,0,4.325
KNQA20151023-2,KNQA20151023_121654_V06,7,6.021,1.200,7463,0,11.536,154,0,5.370
KNQA20151023-2,KNQA20151023_121654_V06,8,9.888,1.200,7542,0,3.727,143,0,2.311
KNQA20151025-14,KNQA20151025_122529_V06,0,0.483,1.200,8516,0,380402.533,2395,0,5195.760
KNQA20151025-14,KNQA20151025_122529_V06,2,1.450,1.200,8526,0,632196.467,3966,0,67388.216
KNQA20151026-2,KNQA20151026_120943_V06,0,0.483,1.200,313,0,23680.951,96,0,22193.508
KNQA20151026-2,KNQA20151026_120943_V06,2,1.450,1.200,314,0,340.752,213,0,35.950
KNQA20151026-2,KNQA20151026_120943_V06,4,2.417,1.200,157,0,351.156,123,0,17.833
KNQA20151026-2,KNQA20151026_120943_V06,5,3.384,1.200,156,0,1817.388,59,0,874.680
KNQA20151026-2,KNQA20151026_120943_V06,6,4.307,1.200,156,0,244.194,73,0,63.130
KNQA20151026-2,KNQA20151026_121533_V06,0,0.483,1.200,1683,0,13787.903,503,0,11539.503
KNQA20151026-2,KNQA20151026_121533_V06,2,1.450,1.200,1685,0,1592.705,1061,0,92.228
KNQA20151026-2,KNQA20151026_121533_V06,4,2.417,1.200,845,0,1459.022,364,0,156.120
KNQA20151026-2,KNQA20151026_121533_V06,5,3.384,1.200,846,0,4636.803,229,0,2394.174
KNQA20151026-2,KNQA20151026_121533_V06,6,4.307,1.200,847,0,1120.527,166,0,528.146
KNQA20151026-2,KNQA20151026_122123_V06,0,0.483,1.200,3146,0,44933.356,566,0,43207.380
KNQA20151026-2,KNQA20151026_122123_V06,2,1.450,1.200,3151,0,830.234,942,0,67.812
KNQA20151026-2,KNQA20151026_122123_V06,4,2.417,1.200,1575,0,580.861,256,0,141.341
KNQA20151026-2,KNQA20151026_122123_V06,5,3.384,1.200,1570,0,1477.738,340,0,611.858
KNQA20151026-2,KNQA20151026_122123_V06,6,4.307,1.200,1571,0,1474.086,372,0,590.710
KNQA20151026-2,KNQA20151026_122713_V06,0,0.483,1.200,9905,0,62967.273,1267,0,59088.864
KNQA20151026-2,KNQA20151026_122713_V06,2,1.450,1.200,9911,0,1555.383,2384,0,109.148
KNQA20151026-2,KNQA20151026_122713_V06,4,2.417,1.200,4962,0,1254.242,940,0,200.035
KNQA20151026-2,KNQA20151026_122713_V06,5,3.384,1.200,4969,0,3278.305,1425,0,856.325
KNQA20151026-2,KNQA20151026_122713_V06,6,4.307,1.200,4970,0,5297.017,1803,0,895.042
KNQA20151026-2,KNQA20151026_123303_V06,0,0.483,1.200,15298,0,77426.320,2095,0,73224.774
KNQA20151026-2,KNQA20151026_123303_V06,2,1.450,1.200,15305,0,2504.042,3605,0,126.877
KNQA20151026-2,KNQA20151026_123303_V06,4,2.417,1.200,7663,0,3511.546,1483,0,315.209
KNQA20151026-2,KNQA20151026_123303_V06,5,3.384,1.200,7672,0,5873.118,2450,0,1011.014
KNQA20151026-2,KNQA20151026_123303_V06,6,4.307,1.200,7679,0,13278.339,3328,0,1703.876
KNQA20151026-2,KNQA20151026_123854_V06,0,0.483,1.200,23991,0,80317.539,3259,0,74289.936
KNQA20151026-2,KNQA20151026_123854_V06,2,1.450,1.200,24007,0,3869.411,5846,0,263.930
KNQA20151026-2,KNQA20151026_123854_V06,4,2.417,1.200,12009,0,7692.516,3551,0,864.859
KNQA20151026-2,KNQA20151026_123854_V06,5,3.384,1.200,12032,0,16571.124,4833,0,1045.776
KNQA20151026-2,KNQA20151026_123854_V06,6,4.307,1.200,12039,0,55822.934,5318,0,2793.061
KNQA20151028-1,KNQA20151028_121431_V06,0,0.483,1.200,130,0,37181.222,0,0,37181.222
KNQA20151028-1,KNQA20151028_121431_V06,2,1.494,1.200,129,0,0.642,1,0,0.278
KNQA20151028-1,KNQA20151028_121431_V06,4,2.505,1.200,65,0,0.047,0,0,0.047
KNQA20151028-1,KNQA20151028_121431_V06,5,3.516,1.200,65,0,0.047,0,0,0.047
KNQA20151028-1,KNQA20151028_121431_V06,6,4.482,1.200,65,0,0.048,0,0,0.048
KNQA20151028-1,KNQA20151028_122416_V06,0,0.483,1.200,1996,0,36450.599,54,0,36324.543
KNQA20151028-1,KNQA20151028_122416_V06,2,1.494,1.200,2000,0,35.657,110,0,9.977
KNQA20151028-1,KNQA20151028_122416_V06,4,2.505,1.200,1001,0,0.870,0,0,0.870
KNQA20151028-1,KNQA20151028_122416_V06,5,3.516,1.200,1002,0,0.873,0,0,0.873
KNQA20151028-1,KNQA20151028_122416_V06,6,4.482,1.200,1005,0,0.878,0,0,0.878
KNQA20151028-1,KNQA20151028_123401_V06,0,0.483,1.200,3174,0,19953.922,105,0,19294.203
KNQA20151028-1,KNQA20151028_123401_V06,2,1.494,1.200,3176,0,47.436,70,0,18.199
KNQA20151028-1,KNQA20151028_123401_V06,4,2.505,1.200,1588,0,1.759,0,0,1.759
KNQA20151028-1,KNQA20151028_123401_V06,5,3.516,1.200,1596,0,1.772,0,0,1.772
KNQA20151028-1,KNQA20151028_123401_V06,6,4.482,1.200,1593,0,1.772,0,0,1.772
KNQA20151028-11,KNQA20151028_130315_V06,0,0.483,1.200,9801,0,48832.287,73,0,44570.942
KNQA20151028-11,KNQA20151028_130315_V06,2,1.494,1.200,9812,0,62.129,0,0,62.129
KNQA20151028-11,KNQA20151028_131259_V06,0,0.483,1.200,18111,0,59461.507,129,0,52264.940
KNQA20151028-11,KNQA20151028_131259_V06,2,1.494,1.200,18119,0,56.810,0,0,56.810
KNQA20151028-3,KNQA20151028_121431_V06,0,0.483,1.200,5748,0,34612.523,124,0,34091.357
KNQA20151028-3,KNQA20151028_121431_V06,2,1.494,1.200,5753,0,98.268,318,0,49.459
KNQA20151028-3,KNQA20151028_121431_V06,4,2.505,1.200,2880,0,43.707,19,0,14.732
KNQA20151028-3,KNQA20151028_121431_V06,5,3.516,1.200,2885,0,3.175,3,0,3.122
KNQA20151028-3,KNQA20151028_121431_V06,6,4.482,1.200,2895,0,2.788,5,0,2.587
KNQA20151028-7,KNQA20151028_124345_V06,0,0.483,1.200,528,0,6328.172,18,0,6130.074
KNQA20151028-7,KNQA20151028_124345_V06,2,1.494,1.200,527,0,6.606,5,0,5.546
KNQA20151028-7,KNQA20151028_124345_V06,4,2.505,1.200,264,0,0.226,0,0,0.226
KNQA20151028-7,KNQA20151028_124345_V06,5,3.516,1.200,265,0,0.227,0,0,0.227
KNQA20151028-7,KNQA20151028_124345_V06,6,4.482,1.200,265,0,0.228,0,0,0.228
KNQA20151029-1,KNQA20151029_120430_V06,0,0.483,1.200,524,0,67071.014,41,0,65293.553
KNQA20151029-1,KNQA20151029_120430_V06,2,1.494,1.200,528,0,33.863,20,0,18.153
KNQA20151029-1,KNQA20151029_120430_V06,4,2.505,1.200,258,0,0.272,0,0,0.272
KNQA20151029-1,KNQA20151029_120430_V06,5,3.516,1.200,263,0,0.278,0,0,0.278
KNQA20151029-1,KNQA20151029_120430_V06,6,4.482,1.200,261,0,0.276,0,0,0.276
KNQA20151029-1,KNQA20151029_121416_V06,0,0.483,1.200,3540,0,96650.765,319,0,91899.756
KNQA20151029-1,KNQA20151029_121416_V06,2,1.494,1.200,3537,0,114.079,81,0,54.474
KNQA20151029-1,KNQA20151029_121416_V06,4,2.505,1.200,1777,0,1.776,0,0,1.776
KNQA20151029-1,KNQA20151029_121416_V06,5,3.516,1.200,1763,0,1.766,0,0,1.766
KNQA20151029-1,KNQA20151029_121416_V06,6,4.482,1.200,1766,0,1.774,0,0,1.774
KNQA20151029-1,KNQA20151029_122401_V06,0,0.483,1.200,7965,0,64127.655,1054,0,55528.527
KNQA20151029-1,KNQA20151029_122401_V06,2,1.450,1.200,7966,0,1684.597,240,0,1290.608
KNQA20151029-1,KNQA20151029_122401_V06,4,2.417,1.200,3975,0,3.718,0,0,3.718
KNQA20151029-1,KNQA20151029_122401_V06,5,3.384,1.200,3976,0,3.726,0,0,3.726
KNQA20151029-1,KNQA20151029_122401_V06,6,4.307,1.200,3984,0,3.741,0,0,3.741
KNQA20151029-8,KNQA20151029_122859_V06,0,0.483,1.200,2042,0,805854.054,126,0,699594.118
KNQA20151029-8,KNQA20151029_122859_V06,2,1.450,1.200,2045,0,47.568,7,0,20.146
KNQA20151029-8,KNQA20151029_122859_V06,4,2.417,1.200,1029,0,1.735,0,0,1.735
KNQA20151029-8,KNQA20151029_122859_V06,5,3.384,1.200,1026,0,1.734,0,0,1.734
KNQA20151029-8,KNQA20151029_123356_V06,0,0.483,1.200,5609,1,745869.297,583,1,677383.263
KNQA20151029-8,KNQA20151029_123356_V06,2,1.450,1.200,5609,0,213.475,56,0,108.967
KNQA20151029-8,KNQA20151029_123356_V06,4,2.417,1.200,2814,0,35.566,1,0,20.856
KNQA20151029-8,KNQA20151029_123356_V06,5,3.384,1.200,2825,0,4.892,0,0,4.892
KNQA20151029-8,KNQA20151029_123852_V06,0,0.483,1.200,10724,0,516132.145,1451,0,444965.582
KNQA20151029-8,KNQA20151029_123852_V06,2,1.450,1.200,10731,0,392.372,68,0,193.548
KNQA20151029-8,KNQA20151029_123852_V06,4,2.417,1.200,5368,0,45.500,0,0,45.500
KNQA20151029-8,KNQA20151029_123852_V06,5,3.384,1.200,5378,0,9.472,0,0,9.472
KNQA20151029-8,KNQA20151029_124349_V06,0,0.483,1.200,18711,0,677936.550,2758,0,499247.728
KNQA20151029-8,KNQA20151029_124349_V06,2,1.450,1.200,18716,0,1390.963,233,0,1024.710
KNQA20151029-8,KNQA20151029_124349_V06,4,2.417,1.200,9368,0,22.927,0,0,22.927
KNQA20151029-8,KNQA20151029_124349_V06,5,3.384,1.200,9381,0,21.065,0,0,21.065
KNQA20151029-4,KNQA20151029_121416_V06,0,0.483,1.200,558,0,223791.526,16,0,222136.190
KNQA20151029-4,KNQA20151029_121416_V06,2,1.494,1.200,559,0,90.501,34,0,51.490
KNQA20151029-4,KNQA20151029_121416_V06,4,2.505,1.200,287,0,3.647,0,0,3.647
KNQA20151029-4,KNQA20151029_121416_V06,5,3.516,1.200,283,0,0.427,0,0,0.427
KNQA20151029-4,KNQA20151029_121416_V06,6,4.482,1.200,285,0,0.431,0,0,0.431
KNQA20151029-4,KNQA20151029_122401_V06,0,0.483,1.200,3451,0,186711.965,235,0,173522.769
KNQA20151029-4,KNQA20151029_122401_V06,2,1.450,1.200,3455,0,421.240,80,0,304.289
KNQA20151029-4,KNQA20151029_122401_V06,4,2.417,1.200,1718,0,5.561,1,0,4.301
KNQA20151029-4,KNQA20151029_122401_V06,5,3.384,1.200,1723,0,2.557,0,0,2.557
KNQA20151029-4,KNQA20151029_122401_V06,6,4.307,1.200,1731,0,2.575,0,0,2.575
KNQA20151029-5,KNQA20151029_121416_V06,0,0.483,1.200,565,0,147036.193,10,0,144570.052
KNQA20151029-5,KNQA20151029_121416_V06,2,1.494,1.200,565,0,9.097,0,0,9.097
KNQA20151029-5,KNQA20151029_121416_V06,4,2.505,1.200,294,0,0.837,0,0,0.837
KNQA20151029-5,KNQA20151029_122401_V06,0,0.483,1.200,2757,0,421500.005,223,0,399167.261
KNQA20151029-5,KNQA20151029_122401_V06,2,1.450,1.200,2751,0,52.678,7,0,29.115
KNQA20151029-5,KNQA20151029_122401_V06,4,2.417,1.200,1366,0,3.958,0,0,3.958
KNQA20151029-10,KNQA20151029_123852_V06,0,0.483,1.200,14672,0,643880.165,1833,0,525282.099
KNQA20151029-10,KNQA20151029_123852_V06,2,1.450,1.200,14679,0,985.763,93,0,374.587
KNQA20151029-10,KNQA20151029_123852_V06,4,2.417,1.200,7359,0,77.987,0,0,77.987
KNQA20151029-10,KNQA20151029_123852_V06,5,3.384,1.200,7362,0,33.342,0,0,33.342
KNQA20151029-10,KNQA20151029_124349_V06,0,0.483,1.200,21233,0,733355.715,3058,0,535245.612
KNQA20151029-10,KNQA20151029_124349_V06,2,1.450,1.200,21246,0,1469.369,191,0,786.861
KNQA20151029-10,KNQA20151029_124349_V06,4,2.417,1.200,10643,0,29.507,0,0,29.507
KNQA20151029-10,KNQA20151029_124349_V06,5,3.384,1.200,10653,0,27.659,0,0,27.659
KNQA20151029-10,KNQA20151029_124846_V06,0,0.483,1.200,32726,2,770555.065,4384,0,606305.235
KNQA20151029-10,KNQA20151029_124846_V06,2,1.450,1.200,32745,0,2430.136,483,0,1509.275
KNQA20151029-10,KNQA20151029_124846_V06,4,2.417,1.200,16391,0,62.518,8,0,51.402
KNQA20151029-10,KNQA20151029_124846_V06,5,3.384,1.200,16415,0,35.685,0,0,35.685
KNQA20151029-2,KNQA20151029_120430_V06,0,0.483,1.200,200,0,143474.968,9,0,143443.279
KNQA20151029-2,KNQA20151029_120430_V06,2,1.494,1.200,201,0,25.541,6,0,4.279
KNQA20151029-2,KNQA20151029_120430_V06,4,2.505,1.200,96,0,0.251,0,0,0.251
KNQA20151029-7,KNQA20151029_122401_V06,0,0.483,1.200,336,5,1089757.182,10,5,1084604.737
KNQA20151029-7,KNQA20151029_122401_V06,2,1.450,1.200,339,0,590.558,11,0,297.822
KNQA20151029-9,KNQA20151029_123356_V06,0,0.483,1.200,14985,1,590157.957,1678,0,550647.935
KNQA20151029-9,KNQA20151029_123356_V06,2,1.450,1.200,15003,0,18432.849,4078,0,14821.226
KNQA20151029-9,KNQA20151029_123356_V06,4,2.417,1.200,7510,0,1865.181,1244,0,875.088
KNQA20151029-9,KNQA20151029_123356_V06,5,3.384,1.200,7517,0,719.297,848,0,265.229
KNQA20151029-9,KNQA20151029_123356_V06,6,4.307,1.200,7528,0,193.340,311,0,76.092
KNQA20151029-9,KNQA20151029_123356_V06,7,6.021,1.200,7549,0,9.909,2,0,9.613
KNQA20151029-9,KNQA20151029_123356_V06,8,9.888,1.200,7626,0,20.333,42,0,5.962
KNQA20151029-11,KNQA20151029_124846_V06,0,0.483,1.200,21422,0,849525.089,1666,0,730540.974
KNQA20151029-11,KNQA20151029_124846_V06,2,1.450,1.200,21436,0,595.923,56,0,378.746
KNQA20151029-12,KNQA20151029_125840_V06,0,0.483,1.200,14369,2,371805.666,1283,1,334705.808
KNQA20151029-12,KNQA20151029_125840_V06,2,1.450,1.200,14382,0,9110.682,2294,0,7045.961
KNQA20151029-12,KNQA20151029_125840_V06,4,2.417,1.200,7198,0,646.835,145,0,580.235
KNQA20151029-12,KNQA20151029_125840_V06,5,3.384,1.200,7200,0,28.138,16,0,24.791
KNQA20151029-12,KNQA20151029_125840_V06,6,4.307,1.200,7209,0,16.297,5,0,12.957
KNQA20151029-12,KNQA20151029_125840_V06,7,6.021,1.200,7232,0,16.759,0,0,16.759
KNQA20151030-7,KNQA20151030_121101_V06,0,0.483,1.200,1210,0,176461.294,51,0,174796.439
KNQA20151030-7,KNQA20151030_121101_V06,2,1.494,1.200,1210,0,3264.042,24,0,3174.180
KNQA20151030-7,KNQA20151030_121101_V06,4,2.505,1.200,604,0,6.588,0,0,6.588
KNQA20151030-7,KNQA20151030_121101_V06,5,3.516,1.200,602,0,0.516,0,0,0.516
KNQA20151030-7,KNQA20151030_121101_V06,6,4.482,1.200,606,0,0.522,0,0,0.522
KNQA20151030-7,KNQA20151030_122048_V06,0,0.483,1.200,3380,0,89355.081,145,0,87994.270
KNQA20151030-7,KNQA20151030_122048_V06,2,1.494,1.200,3383,0,21348.428,64,0,21143.438
KNQA20151030-7,KNQA20151030_122048_V06,4,2.505,1.200,1697,0,3.069,0,0,3.069
KNQA20151030-7,KNQA20151030_122048_V06,5,3.516,1.200,1691,0,1.417,0,0,1.417
KNQA20151030-7,KNQA20151030_122048_V06,6,4.482,1.200,1696,0,1.422,0,0,1.422
KNQA20151030-7,KNQA20151030_123035_V06,0,0.483,1.200,6531,0,36346.809,418,0,34913.727
KNQA20151030-7,KNQA20151030_123035_V06,2,1.494,1.200,6539,0,8551.772,149,0,8368.200
KNQA20151030-7,KNQA20151030_123035_V06,4,2.505,1.200,3274,0,3.424,1,0,2.946
KNQA20151030-7,KNQA20151030_123035_V06,5,3.516,1.200,3271,0,2.950,0,0,2.950
KNQA20151030-7,KNQA20151030_123035_V06,6,4.482,1.200,3278,0,2.965,0,0,2.965
KNQA20151030-7,KNQA20151030_124022_V06,0,0.483,1.200,21398,0,17303.967,1349,0,13928.150
KNQA20151030-7,KNQA20151030_124022_V06,2,1.494,1.200,21415,0,8449.281,718,0,7355.974
KNQA20151030-7,KNQA20151030_124022_V06,4,2.505,1.200,10707,0,110.353,15,0,54.825
KNQA20151030-7,KNQA20151030_124022_V06,5,3.516,1.200,10732,0,14.346,0,0,14.346
KNQA20151030-7,KNQA20151030_124022_V06,6,4.482,1.200,10748,0,13.830,0,0,13.830
KNQA20151030-11,KNQA20151030_123035_V06,0,0.483,1.200,984,0,205200.961,73,0,177663.538
KNQA20151030-11,KNQA20151030_123035_V06,2,1.494,1.200,985,0,5.777,1,0,5.222
KNQA20151030-11,KNQA20151030_123035_V06,4,2.505,1.200,494,0,0.794,0,0,0.794
KNQA20151030-11,KNQA20151030_123035_V06,5,3.516,1.200,492,0,0.793,0,0,0.793
KNQA20151030-11,KNQA20151030_124022_V06,0,0.483,1.200,6954,0,179155.383,737,0,137931.343
KNQA20151030-11,KNQA20151030_124022_V06,2,1.494,1.200,6953,0,455.125,155,0,247.718
KNQA20151030-11,KNQA20151030_124022_V06,4,2.505,1.200,3485,0,9.745,0,0,9.745
KNQA20151030-11,KNQA20151030_124022_V06,5,3.516,1.200,3495,0,5.274,0,0,5.274
KNQA20151030-11,KNQA20151030_124022_V06,6,4.482,1.200,3489,0,5.283,0,0,5.283
KNQA20151030-11,KNQA20151030_125008_V06,0,0.483,1.200,18893,0,76783.849,1728,0,52814.723
KNQA20151030-11,KNQA20151030_125008_V06,2,1.494,1.200,18895,0,1680.431,550,0,993.553
KNQA20151030-11,KNQA20151030_125008_V06,4,2.505,1.200,9463,0,92.795,10,0,84.622
KNQA20151030-11,KNQA20151030_125008_V06,5,3.516,1.200,9469,0,14.692,0,0,14.692
KNQA20151030-11,KNQA20151030_125008_V06,6,4.482,1.200,9478,0,14.208,0,0,14.208
KNQA20151030-11,KNQA20151030_125954_V06,0,0.483,1.200,24461,0,41581.251,2458,0,24079.255
KNQA20151030-11,KNQA20151030_125954_V06,2,1.494,1.200,24473,0,2247.012,843,0,969.115
KNQA20151030-11,KNQA20151030_125954_V06,4,2.505,1.200,12242,0,68.417,23,0,50.569
KNQA20151030-11,KNQA20151030_125954_V06,5,3.516,1.200,12260,0,23.455,20,0,21.405
KNQA20151030-11,KNQA20151030_125954_V06,6,4.482,1.200,12272,0,17.084,0,0,17.084
KNQA20151030-2,KNQA20151030_120114_V06,0,0.483,1.200,61,0,4827.044,3,0,4809.447
KNQA20151030-2,KNQA20151030_120114_V06,2,1.494,1.200,62,0,0.590,0,0,0.590
KNQA20151030-2,KNQA20151030_120114_V06,4,2.505,1.200,26,0,0.037,0,0,0.037
KNQA20151030-2,KNQA20151030_120114_V06,5,3.516,1.200,28,0,0.040,0,0,0.040
KNQA20151030-2,KNQA20151030_120114_V06,6,4.482,1.200,26,0,0.038,0,0,0.038
KNQA20151030-2,KNQA20151030_121101_V06,0,0.483,1.200,3556,0,45747.832,76,0,45440.571
KNQA20151030-2,KNQA20151030_121101_V06,2,1.494,1.200,3562,0,56.317,48,0,24.259
KNQA20151030-2,KNQA20151030_121101_V06,4,2.505,1.200,1793,0,2.257,0,0,2.257
KNQA20151030-2,KNQA20151030_121101_V06,5,3.516,1.200,1794,0,1.799,0,0,1.799
KNQA20151030-2,KNQA20151030_121101_V06,6,4.482,1.200,1790,0,1.798,0,0,1.798
KNQA20151030-1,KNQA20151030_120114_V06,0,0.483,1.200,334,0,8089.029,30,0,8001.500
KNQA20151030-1,KNQA20151030_120114_V06,2,1.494,1.200,334,0,0.411,0,0,0.411
KNQA20151030-1,KNQA20151030_120114_V06,4,2.505,1.200,177,0,0.435,0,0,0.435
KNQA20151030-3,KNQA20151030_120114_V06,0,0.483,1.200,534,0,14061.514,16,0,14042.990
KNQA20151030-3,KNQA20151030_120114_V06,2,1.494,1.200,535,0,12.069,13,0,10.032
KNQA20151030-3,KNQA20151030_120114_V06,4,2.505,1.200,256,0,0.434,0,0,0.434
KNQA20151030-3,KNQA20151030_120114_V06,5,3.516,1.200,255,0,0.122,0,0,0.122
KNQA20151030-3,KNQA20151030_120114_V06,6,4.482,1.200,257,0,0.123,0,0,0.123
KNQA20151030-6,KNQA20151030_120114_V06,0,0.483,1.200,138,0,7658.495,0,0,7658.495
KNQA20151030-6,KNQA20151030_120114_V06,2,1.494,1.200,137,0,0.755,1,0,0.479
KNQA20151030-6,KNQA20151030_120114_V06,4,2.505,1.200,69,0,0.044,0,0,0.044
KNQA20151030-6,KNQA20151030_120114_V06,5,3.516,1.200,69,0,0.044,0,0,0.044
KNQA20151030-6,KNQA20151030_120114_V06,6,4.482,1.200,69,0,0.044,0,0,0.044
KNQA20151030-9,KNQA20151030_122048_V06,0,0.483,1.200,271,0,1342.780,24,0,1178.610
KNQA20151030-9,KNQA20151030_122048_V06,2,1.494,1.200,274,0,0.312,0,0,0.312
KNQA20151030-9,KNQA20151030_122048_V06,4,2.505,1.200,136,0,0.310,0,0,0.310
KNQA20151030-9,KNQA20151030_122048_V06,5,3.516,1.200,136,0,0.311,0,0,0.311
KNQA20151030-10,KNQA20151030_122048_V06,0,0.483,1.200,267,0,24980.179,2,0,24976.480
KNQA20151030-10,KNQA20151030_122048_V06,2,1.494,1.200,266,0,0.297,0,0,0.297
KNQA20151030-10,KNQA20151030_122048_V06,4,2.505,1.200,133,0,0.297,0,0,0.297
KNQA20151030-10,KNQA20151030_122048_V06,5,3.516,1.200,133,0,0.298,0,0,0.298
KNQA20151030-12,KNQA20151030_130940_V06,0,0.483,1.200,7217,0,19185.265,229,0,11172.864
KNQA20151030-12,KNQA20151030_130940_V06,2,1.494,1.200,7214,0,27.968,0,0,27.968
KNQA20151030-12,KNQA20151030_131928_V06,0,0.483,1.200,4867,0,22359.723,191,0,12813.073
KNQA20151030-12,KNQA20151030_131928_V06,2,1.494,1.200,4871,0,19.133,0,0,19.133
KNQA20151030-12,KNQA20151030_132915_V06,0,0.483,1.200,10812,0,15518.919,177,0,11193.611
KNQA20151030-12,KNQA20151030_132915_V06,2,1.494,1.200,10827,0,42.513,0,0,42.513
KNQA20151030-12,KNQA20151030_133902_V06,0,0.483,1.200,5735,0,7432.973,99,0,5407.705
KNQA20151030-12,KNQA20151030_133902_V06,2,1.494,1.200,5756,0,22.271,0,0,22.271
KNQA20151102-1,KNQA20151102_121757_V06,0,0.483,1.200,17530,0,31812.150,1195,0,31579.759
KNQA20151102-1,KNQA20151102_121757_V06,2,1.494,1.200,17533,0,43.025,473,0,28.499
KNQA20151102-1,KNQA20151102_121757_V06,4,2.505,1.200,8774,0,24.028,21,0,23.640
KNQA20151102-1,KNQA20151102_121757_V06,5,3.516,1.200,8789,0,6.881,9,0,6.356
KNQA20151102-1,KNQA20151102_121757_V06,6,4.482,1.200,8801,0,5.251,2,0,5.242
KNQA20151103-2,KNQA20151103_120735_V06,0,0.483,1.200,90,0,13666.731,3,0,11671.270
KNQA20151103-2,KNQA20151103_120735_V06,2,1.494,1.200,90,0,4.280,1,0,3.535
KNQA20151103-2,KNQA20151103_120735_V06,4,2.505,1.200,50,0,0.047,0,0,0.047
KNQA20151103-2,KNQA20151103_120735_V06,5,3.516,1.200,49,0,0.046,0,0,0.046
KNQA20151103-2,KNQA20151103_120735_V06,6,4.482,1.200,48,0,0.046,0,0,0.046
KNQA20151103-2,KNQA20151103_121720_V06,0,0.483,1.200,1748,0,91112.812,98,0,88797.362
KNQA20151103-2,KNQA20151103_121720_V06,2,1.494,1.200,1751,0,330.965,77,0,269.382
KNQA20151103-2,KNQA20151103_121720_V06,4,2.505,1.200,873,0,2.416,0,0,2.416
KNQA20151103-2,KNQA20151103_121720_V06,5,3.516,1.200,877,0,0.775,0,0,0.775
KNQA20151103-2,KNQA20151103_121720_V06,6,4.482,1.200,877,0,0.777,0,0,0.777
KNQA20151103-2,KNQA20151103_122704_V06,0,0.483,1.200,8667,0,106213.132,638,0,99099.082
KNQA20151103-2,KNQA20151103_122704_V06,2,1.494,1.200,8668,0,14908.300,336,0,14086.400
KNQA20151103-2,KNQA20151103_122704_V06,4,2.505,1.200,4343,0,1379.931,32,0,1253.155
KNQA20151103-2,KNQA20151103_122704_V06,5,3.516,1.200,4345,0,6.903,6,0,3.850
KNQA20151103-2,KNQA20151103_122704_V06,6,4.482,1.200,4348,0,3.293,0,0,3.293
KNQA20151103-2,KNQA20151103_123649_V06,0,0.483,1.200,26206,0,107229.154,1767,0,96444.733
KNQA20151103-2,KNQA20151103_123649_V06,2,1.494,1.200,26210,0,7746.109,1453,0,5911.605
KNQA20151103-2,KNQA20151103_123649_V06,4,2.505,1.200,13115,0,2789.863,171,0,2349.133
KNQA20151103-2,KNQA20151103_123649_V06,5,3.516,1.200,13136,0,2892.089,152,0,2472.748
KNQA20151103-2,KNQA20151103_123649_V06,6,4.482,1.200,13151,0,2497.556,161,0,2002.065
KNQA20151103-2,KNQA20151103_124635_V06,0,0.483,1.200,40117,0,108516.091,3170,0,95377.231
KNQA20151103-2,KNQA20151103_124635_V06,2,1.494,1.200,40129,0,6785.282,2135,0,4456.131
KNQA20151103-2,KNQA20151103_124635_V06,4,2.505,1.200,20088,0,1115.356,164,0,744.079
KNQA20151103-2,KNQA20151103_124635_V06,5,3.516,1.200,20098,0,1282.458,170,0,887.011
KNQA20151103-2,KNQA20151103_124635_V06,6,4.482,1.200,20134,0,1668.427,249,0,1059.208
KNQA20151103-2,KNQA20151103_125621_V06,0,0.483,1.200,58437,0,116099.762,4619,0,99604.794
KNQA20151103-2,KNQA20151103_125621_V06,2,1.494,1.200,58476,0,9392.452,3092,0,7039.020
KNQA20151103-2,KNQA20151103_125621_V06,4,2.505,1.200,29263,0,1617.700,146,0,1381.169
KNQA20151103-2,KNQA20151103_125621_V06,5,3.516,1.200,29296,0,1027.029,215,0,612.584
KNQA20151103-2,KNQA20151103_125621_V06,6,4.482,1.200,29329,0,1146.100,340,0,421.211
KNQA20151103-1,KNQA20151103_120735_V06,0,0.483,1.200,1309,0,19843.159,86,0,19087.259
KNQA20151103-1,KNQA20151103_120735_V06,2,1.494,1.200,1314,0,24.452,25,0,21.774
KNQA20151103-1,KNQA20151103_120735_V06,4,2.505,1.200,655,0,1.453,0,0,1.453
KNQA20151103-1,KNQA20151103_120735_V06,5,3.516,1.200,654,0,0.312,0,0,0.312
KNQA20151103-1,KNQA20151103_120735_V06,6,4.482,1.200,658,0,0.315,0,0,0.315
KNQA20151103-1,KNQA20151103_121720_V06,0,0.483,1.200,6318,0,147047.898,179,0,145343.155
KNQA20151103-1,KNQA20151103_121720_V06,2,1.494,1.200,6316,0,205.448,128,0,156.533
KNQA20151103-1,KNQA20151103_121720_V06,4,2.505,1.200,3155,0,20.829,10,0,12.397
KNQA20151103-1,KNQA20151103_121720_V06,5,3.516,1.200,3161,0,1.849,1,0,1.804
KNQA20151103-1,KNQA20151103_121720_V06,6,4.482,1.200,3164,0,1.714,0,0,1.714
KNQA20151103-3,KNQA20151103_121720_V06,0,0.483,1.200,848,0,86774.792,8,0,86501.056
KNQA20151103-3,KNQA20151103_121720_V06,2,1.494,1.200,852,0,5.481,12,0,2.148
KNQA20151103-3,KNQA20151103_121720_V06,4,2.505,1.200,425,0,1.063,0,0,1.063
KNQA20151103-3,KNQA20151103_121720_V06,5,3.516,1.200,424,0,0.286,0,0,0.286
KNQA20151103-3,KNQA20151103_121720_V06,6,4.482,1.200,425,0,0.287,0,0,0.287
KNQA20151103-3,KNQA20151103_122704_V06,0,0.483,1.200,3996,0,96284.467,207,0,94533.546
KNQA20151103-3,KNQA20151103_122704_V06,2,1.494,1.200,4001,0,169.882,89,0,105.199
KNQA20151103-3,KNQA20151103_122704_V06,4,2.505,1.200,2004,0,75.939,6,0,23.729
KNQA20151103-3,KNQA20151103_122704_V06,5,3.516,1.200,2005,0,2.306,0,0,2.306
KNQA20151103-3,KNQA20151103_122704_V06,6,4.482,1.200,2010,0,1.390,0,0,1.390
KNQA20151103-7,KNQA20151103_121720_V06,0,0.483,1.200,97,0,19241.915,1,0,19241.874
KNQA20151103-7,KNQA20151103_121720_V06,2,1.494,1.200,96,0,19.162,14,0,14.171
KNQA20151103-7,KNQA20151103_121720_V06,4,2.505,1.200,47,0,4.569,2,0,1.387
KNQA20151103-7,KNQA20151103_121720_V06,5,3.516,1.200,50,0,0.026,0,0,0.026
KNQA20151103-7,KNQA20151103_121720_V06,6,4.482,1.200,47,0,0.720,0,0,0.720
KNQA20151103-8,KNQA20151103_122704_V06,0,0.483,1.200,1220,0,155428.627,81,0,129876.659
KNQA20151103-8,KNQA20151103_122704_V06,2,1.494,1.200,1219,0,45.219,60,0,34.345
KNQA20151103-8,KNQA20151103_122704_V06,4,2.505,1.200,613,0,8.868,0,0,8.868
KNQA20151103-8,KNQA20151103_122704_V06,5,3.516,1.200,612,0,0.320,0,0,0.320
KNQA20151103-8,KNQA20151103_122704_V06,6,4.482,1.200,611,0,0.320,0,0,0.320
KNQA20151104-2,KNQA20151104_121633_V06,0,0.483,1.200,10662,0,72589.967,734,0,71089.771
KNQA20151104-2,KNQA20151104_121633_V06,2,1.494,1.200,10672,0,74.642,435,0,51.715
KNQA20151104-2,KNQA20151104_121633_V06,4,2.505,1.200,5339,0,35.791,13,0,32.095
KNQA20151104-2,KNQA20151104_121633_V06,5,3.516,1.200,5340,0,60.230,239,0,39.111
KNQA20151104-2,KNQA20151104_121633_V06,6,4.482,1.200,5350,0,53.943,560,0,20.815
KNQA20151104-2,KNQA20151104_122618_V06,0,0.483,1.200,32064,92,363507.216,1947,92,354971.921
KNQA20151104-2,KNQA20151104_122618_V06,2,1.494,1.200,32073,0,910.826,2259,0,854.031
KNQA20151104-2,KNQA20151104_122618_V06,4,2.505,1.200,16052,0,56.569,232,0,52.322
KNQA20151104-2,KNQA20151104_122618_V06,5,3.516,1.200,16065,0,86.450,569,0,63.565
KNQA20151104-2,KNQA20151104_122618_V06,6,4.482,1.200,16081,0,80.570,1162,0,35.542
KNQA20151104-5,KNQA20151104_121633_V06,0,0.483,1.200,68,0,8032.908,0,0,8032.908
KNQA20151104-5,KNQA20151104_121633_V06,2,1.494,1.200,67,0,0.033,0,0,0.033
KNQA20151104-5,KNQA20151104_121633_V06,4,2.505,1.200,33,0,0.032,0,0,0.032
KNQA20151104-5,KNQA20151104_121633_V06,5,3.516,1.200,32,0,0.031,0,0,0.031
KNQA20151104-5,KNQA20151104_121633_V06,6,4.482,1.200,32,0,0.031,0,0,0.031
KNQA20151104-7,KNQA20151104_122618_V06,0,0.483,1.200,5019,0,104033.680,1529,0,274.371
KNQA20151104-7,KNQA20151104_122618_V06,2,1.494,1.200,5028,0,3377.488,992,0,346.146
KNQA20151104-7,KNQA20151104_122618_V06,4,2.505,1.200,2516,0,4.972,0,0,4.972
KNQA20151104-7,KNQA20151104_122618_V06,5,3.516,1.200,2520,0,4.987,0,0,4.987
KNQA20151105-2,KNQA20151105_121031_V06,0,0.483,1.200,1910,0,9194.990,79,0,8881.490
KNQA20151105-2,KNQA20151105_121031_V06,2,1.494,1.200,1914,0,4.718,51,0,3.081
KNQA20151105-2,KNQA20151105_121031_V06,4,2.505,1.200,953,0,1.301,0,0,1.301
KNQA20151105-2,KNQA20151105_121031_V06,5,3.516,1.200,954,0,0.721,2,0,0.586
KNQA20151105-2,KNQA20151105_121031_V06,6,4.482,1.200,961,0,1.193,2,0,1.081
KNQA20151105-2,KNQA20151105_122016_V06,0,0.483,1.200,18000,14,489959.881,598,14,483667.968
KNQA20151105-2,KNQA20151105_122016_V06,2,1.494,1.200,18011,0,543.727,1207,0,482.927
KNQA20151105-2,KNQA20151105_122016_V06,4,2.505,1.200,9006,0,24.791,134,0,20.403
KNQA20151105-2,KNQA20151105_122016_V06,5,3.516,1.200,9016,0,12.723,85,0,11.120
KNQA20151105-2,KNQA20151105_122016_V06,6,4.482,1.200,9035,0,13.591,92,0,9.042
KNQA20151105-2,KNQA20151105_123000_V06,0,0.483,1.200,38308,83,740898.825,1187,82,722270.164
KNQA20151105-2,KNQA20151105_123000_V06,2,1.494,1.200,38328,48,52434.036,2607,45,50623.556
KNQA20151105-2,KNQA20151105_123000_V06,4,2.505,1.200,19175,7,5573.550,734,7,5240.882
KNQA20151105-2,KNQA20151105_123000_V06,5,3.516,1.200,19193,0,822.279,738,0,755.162
KNQA20151105-2,KNQA20151105_123000_V06,6,4.482,1.200,19216,0,139.737,749,0,113.619
KNQA20151105-2,KNQA20151105_123944_V06,0,0.483,1.200,90610,66,687868.690,7191,56,652198.592
KNQA20151105-2,KNQA20151105_123944_V06,2,1.494,1.200,90649,14,42821.041,11468,13,38158.106
KNQA20151105-2,KNQA20151105_123944_V06,4,2.505,1.200,45358,1,4954.486,4710,1,4469.745
KNQA20151105-2,KNQA20151105_123944_V06,5,3.516,1.200,45421,0,1379.056,4356,0,1267.033
KNQA20151105-2,KNQA20151105_123944_V06,6,4.482,1.200,45476,0,225.545,4610,0,178.405
KNQA20151105-4,KNQA20151105_121031_V06,0,0.483,1.200,4942,0,6038.516,213,0,5643.949
KNQA20151105-4,KNQA20151105_121031_V06,2,1.494,1.200,4949,0,9.300,19,0,4.582
KNQA20151105-4,KNQA20151105_121031_V06,4,2.505,1.200,2473,0,4.127,1,0,3.808
KNQA20151105-4,KNQA20151105_121031_V06,5,3.516,1.200,2480,0,2.210,0,0,2.210
KNQA20151105-4,KNQA20151105_121031_V06,6,4.482,1.200,2486,0,2.631,1,0,2.403
KNQA20151106-6,KNQA20151106_123159_V06,0,0.483,1.200,15022,0,1791394.009,2915,0,565212.453
KNQA20151106-6,KNQA20151106_123159_V06,2,0.879,1.200,15027,0,2497732.179,3615,0,280150.274
KNQA20151106-6,KNQA20151106_123159_V06,4,1.318,1.200,15031,0,4364921.015,5382,0,273849.297
KNQA20151106-6,KNQA20151106_123631_V06,0,0.483,1.200,19750,0,2019031.181,3369,0,750278.959
KNQA20151106-6,KNQA20151106_123631_V06,2,0.879,1.200,19761,0,2465932.273,4008,0,239683.878
KNQA20151106-6,KNQA20151106_123631_V06,4,1.318,1.200,19752,0,4097801.315,5479,0,169392.691
KNQA20151106-7,KNQA20151106_123631_V06,0,0.483,1.200,169,0,12628.741,20,0,11413.371
KNQA20151106-7,KNQA20151106_123631_V06,2,0.879,1.200,172,0,576.981,4,0,269.062
KNQA20151106-7,KNQA20151106_123631_V06,4,1.318,1.200,170,0,156.044,4,0,50.702
KNQA20151106-15,KNQA20151106_134931_V06,0,0.483,1.200,3769,0,442629.991,694,0,93234.475
KNQA20151106-15,KNQA20151106_134931_V06,2,0.879,1.200,3779,0,714634.098,831,0,89599.340
KNQA20151107-3,KNQA20151107_133422_V06,0,0.483,1.200,3040,0,1150079.647,1871,0,45370.153
KNQA20151107-3,KNQA20151107_133918_V06,0,0.483,1.200,5245,0,3489944.316,3058,0,106633.505
KNQA20151107-3,KNQA20151107_134415_V06,0,0.483,1.200,8668,0,7984879.181,4475,0,278330.646
KNQA20151107-1,KNQA20151107_121522_V06,0,0.483,1.200,570,0,22119.109,49,0,21549.282
KNQA20151107-1,KNQA20151107_121522_V06,2,1.450,1.200,569,0,172.394,54,0,121.109
KNQA20151107-1,KNQA20151107_121522_V06,4,2.417,1.200,285,0,0.246,0,0,0.246
KNQA20151107-1,KNQA20151107_121522_V06,5,3.384,1.200,281,0,0.243,0,0,0.243
KNQA20151107-1,KNQA20151107_121522_V06,6,4.307,1.200,284,0,0.246,0,0,0.246
KNQA20151107-1,KNQA20151107_121522_V06,7,6.021,1.200,286,0,0.249,0,0,0.249
KNQA20151107-2,KNQA20151107_123507_V06,0,0.483,1.200,776,0,112995.151,61,0,93554.917
KNQA20151107-2,KNQA20151107_123507_V06,2,1.450,1.200,776,0,31.178,14,0,16.052
KNQA20151107-2,KNQA20151107_123507_V06,4,2.417,1.200,389,0,0.544,0,0,0.544
KNQA20151107-2,KNQA20151107_123507_V06,5,3.384,1.200,387,0,0.542,0,0,0.542
KNQA20151107-2,KNQA20151107_123507_V06,6,4.307,1.200,393,0,0.552,0,0,0.552
KNQA20151108-1,KNQA20151108_114055_V06,0,0.483,1.200,1448,0,32269.195,45,0,31771.004
KNQA20151108-1,KNQA20151108_114055_V06,2,1.494,1.200,1448,0,729.574,327,0,488.101
KNQA20151108-1,KNQA20151108_114055_V06,4,2.505,1.200,725,0,145.938,36,0,134.234
KNQA20151108-1,KNQA20151108_114055_V06,5,3.516,1.200,727,0,2.514,0,0,2.514
KNQA20151108-1,KNQA20151108_114055_V06,6,4.482,1.200,728,0,0.313,0,0,0.313
KNQA20151108-4,KNQA20151108_115041_V06,0,0.483,1.200,1330,0,39232.849,8,0,39174.305
KNQA20151108-4,KNQA20151108_115041_V06,2,1.494,1.200,1332,0,322.073,80,0,238.542
KNQA20151108-4,KNQA20151108_115041_V06,4,2.505,1.200,671,0,15.637,1,0,15.167
KNQA20151108-4,KNQA20151108_115041_V06,5,3.516,1.200,668,0,0.736,0,0,0.736
KNQA20151108-4,KNQA20151108_115041_V06,6,4.482,1.200,669,0,0.739,0,0,0.739
KNQA20151108-5,KNQA20151108_122947_V06,0,0.483,1.200,882,0,144383.812,41,0,128701.668
KNQA20151108-5,KNQA20151108_122947_V06,2,1.450,1.200,883,0,1.591,3,0,0.963
KNQA20151108-5,KNQA20151108_122947_V06,4,2.417,1.200,442,0,0.266,0,0,0.266
KNQA20151108-5,KNQA20151108_122947_V06,5,3.384,1.200,441,0,0.266,0,0,0.266
KNQA20151108-5,KNQA20151108_122947_V06,6,4.307,1.200,443,0,0.268,0,0,0.268
KNQA20151108-5,KNQA20151108_122947_V06,7,6.021,1.200,444,0,0.270,0,0,0.270
KNQA20151108-6,KNQA20151108_122947_V06,0,0.483,1.200,17992,0,115688.807,1256,0,86169.610
KNQA20151108-6,KNQA20151108_122947_V06,2,1.450,1.200,18003,0,560.306,45,0,440.216
KNQA20151108-6,KNQA20151108_122947_V06,4,2.417,1.200,9005,0,18.240,0,0,18.240
KNQA20151108-6,KNQA20151108_122947_V06,5,3.384,1.200,9012,0,18.293,0,0,18.293
KNQA20151108-7,KNQA20151108_123445_V06,0,0.483,1.200,11592,0,470773.812,694,0,444312.658
KNQA20151108-7,KNQA20151108_123445_V06,2,1.450,1.200,11597,0,158.848,58,0,56.290
KNQA20151108-7,KNQA20151108_123445_V06,4,2.417,1.200,5805,0,6.569,0,0,6.569
KNQA20151108-7,KNQA20151108_123445_V06,5,3.384,1.200,5820,0,6.601,0,0,6.601
KNQA20151108-7,KNQA20151108_123445_V06,6,4.307,1.200,5821,0,6.611,0,0,6.611
KNQA20151108-8,KNQA20151108_124937_V06,0,0.483,1.200,14252,0,93629.001,1411,0,61433.232
KNQA20151108-8,KNQA20151108_124937_V06,2,1.450,1.200,14258,0,207.127,89,0,77.290
KNQA20151108-8,KNQA20151108_124937_V06,4,2.417,1.200,7132,0,11.170,0,0,11.170
KNQA20151108-8,KNQA20151108_124937_V06,5,3.384,1.200,7151,0,11.224,0,0,11.224
KNQA20151108-8,KNQA20151108_124937_V06,6,4.307,1.200,7154,0,11.254,0,0,11.254
KNQA20151109-6,KNQA20151109_124159_V06,0,0.483,1.200,720,0,36874.509,89,0,29589.732
KNQA20151109-6,KNQA20151109_124159_V06,2,1.450,1.200,719,0,2.215,2,0,0.513
KNQA20151109-6,KNQA20151109_124159_V06,4,2.417,1.200,362,0,0.519,0,0,0.519
KNQA20151109-6,KNQA20151109_124159_V06,5,3.384,1.200,360,0,0.517,0,0,0.517
KNQA20151109-6,KNQA20151109_124159_V06,6,4.307,1.200,360,0,0.519,0,0,0.519
KNQA20151109-6,KNQA20151109_124656_V06,0,0.483,1.200,2802,0,102714.297,269,0,84255.451
KNQA20151109-6,KNQA20151109_124656_V06,2,1.450,1.200,2801,0,5.670,3,0,3.483
KNQA20151109-6,KNQA20151109_124656_V06,4,2.417,1.200,1408,0,2.020,0,0,2.020
KNQA20151109-6,KNQA20151109_124656_V06,5,3.384,1.200,1406,0,2.021,0,0,2.021
KNQA20151109-6,KNQA20151109_124656_V06,6,4.307,1.200,1407,0,2.026,0,0,2.026
KNQA20151109-6,KNQA20151109_125153_V06,0,0.483,1.200,8147,0,78872.504,627,0,56449.513
KNQA20151109-6,KNQA20151109_125153_V06,2,1.450,1.200,8160,0,25.405,11,0,13.489
KNQA20151109-6,KNQA20151109_125153_V06,4,2.417,1.200,4088,0,6.127,0,0,6.127
KNQA20151109-6,KNQA20151109_125153_V06,5,3.384,1.200,4094,0,6.150,0,0,6.150
KNQA20151109-6,KNQA20151109_125153_V06,6,4.307,1.200,4094,0,6.161,0,0,6.161
KNQA20151109-6,KNQA20151109_125651_V06,0,0.483,1.200,16732,0,61266.254,1062,0,44085.422
KNQA20151109-6,KNQA20151109_125651_V06,2,1.450,1.200,16745,0,71.947,35,0,56.543
KNQA20151109-6,KNQA20151109_125651_V06,4,2.417,1.200,8378,0,12.937,0,0,12.937
KNQA20151109-6,KNQA20151109_125651_V06,5,3.384,1.200,8385,0,12.970,0,0,12.970
KNQA20151109-6,KNQA20151109_125651_V06,6,4.307,1.200,8403,0,13.036,0,0,13.036
KNQA20151109-6,KNQA20151109_130149_V06,0,0.483,1.200,22152,0,60658.980,1593,0,51284.501
KNQA20151109-6,KNQA20151109_130149_V06,2,1.494,1.200,22165,0,688.130,113,0,650.851
KNQA20151109-6,KNQA20151109_130149_V06,4,2.505,1.200,11094,0,18.629,0,0,18.629
KNQA20151109-6,KNQA20151109_130149_V06,5,3.516,1.200,11110,0,15.150,0,0,15.150
KNQA20151109-6,KNQA20151109_130149_V06,6,4.482,1.200,11117,0,15.193,0,0,15.193
KNQA20151109-6,KNQA20151109_131136_V06,0,0.483,1.200,23720,0,32713.383,1578,0,25032.528
KNQA20151109-6,KNQA20151109_131136_V06,2,1.494,1.200,23735,0,81.239,81,0,50.678
KNQA20151109-6,KNQA20151109_131136_V06,4,2.505,1.200,11880,0,15.927,1,0,15.892
KNQA20151109-6,KNQA20151109_131136_V06,5,3.516,1.200,11888,0,15.672,0,0,15.672
KNQA20151109-6,KNQA20151109_131136_V06,6,4.482,1.200,11907,0,15.553,0,0,15.553
KNQA20151109-4,KNQA20151109_123213_V06,0,0.483,1.200,6345,0,279500.653,105,0,278855.113
KNQA20151109-4,KNQA20151109_123213_V06,2,1.494,1.200,6346,0,30.779,30,0,22.680
KNQA20151109-4,KNQA20151109_123213_V06,4,2.505,1.200,3179,0,3.154,0,0,3.154
KNQA20151109-4,KNQA20151109_123213_V06,5,3.516,1.200,3183,0,2.634,0,0,2.634
KNQA20151109-4,KNQA20151109_123213_V06,6,4.482,1.200,3182,0,2.477,0,0,2.477
KNQA20151109-4,KNQA20151109_124159_V06,0,0.483,1.200,18497,0,254749.033,1203,0,241249.467
KNQA20151109-4,KNQA20151109_124159_V06,2,1.450,1.200,18506,0,111.648,238,0,67.970
KNQA20151109-4,KNQA20151109_124159_V06,4,2.417,1.200,9256,0,12.237,10,0,11.342
KNQA20151109-4,KNQA20151109_124159_V06,5,3.384,1.200,9271,0,8.372,1,0,8.247
KNQA20151109-4,KNQA20151109_124159_V06,6,4.307,1.200,9276,0,8.290,2,0,7.790
KNQA20151109-4,KNQA20151109_124159_V06,7,6.021,1.200,9310,0,8.089,0,0,8.089
KNQA20151109-1,KNQA20151109_121239_V06,0,0.483,1.200,2212,0,10287.519,203,0,9940.296
KNQA20151109-1,KNQA20151109_121239_V06,2,1.494,1.200,2210,0,30.685,43,0,22.491
KNQA20151109-1,KNQA20151109_121239_V06,4,2.505,1.200,1111,0,3.008,4,0,2.721
KNQA20151109-1,KNQA20151109_121239_V06,5,3.516,1.200,1109,0,0.607,0,0,0.607
KNQA20151109-1,KNQA20151109_121239_V06,6,4.482,1.200,1109,0,0.528,0,0,0.528
KNQA20151109-3,KNQA20151109_122226_V06,0,0.483,1.200,1561,0,33909.609,106,0,33693.569
KNQA20151109-3,KNQA20151109_122226_V06,2,1.494,1.200,1565,0,18.268,58,0,9.691
KNQA20151109-3,KNQA20151109_122226_V06,4,2.505,1.200,781,0,0.568,0,0,0.568
KNQA20151109-3,KNQA20151109_122226_V06,5,3.516,1.200,786,0,0.479,0,0,0.479
KNQA20151109-3,KNQA20151109_122226_V06,6,4.482,1.200,783,0,0.478,0,0,0.478
KNQA20151109-5,KNQA20151109_123213_V06,0,0.483,1.200,17761,133,371312.457,524,132,362367.546
KNQA20151109-5,KNQA20151109_123213_V06,2,1.494,1.200,17774,30,18574.498,1854,30,18374.376
KNQA20151109-5,KNQA20151109_123213_V06,4,2.505,1.200,8891,0,33.793,162,0,27.903
KNQA20151109-5,KNQA20151109_123213_V06,5,3.516,1.200,8896,0,39.998,777,0,17.749
KNQA20151109-5,KNQA20151109_123213_V06,6,4.482,1.200,8905,0,24.797,951,0,12.787
KNQA20151110-2,KNQA20151110_121426_V06,0,0.483,1.200,6861,3,559476.425,143,1,555721.375
KNQA20151110-2,KNQA20151110_121426_V06,2,1.494,1.200,6861,0,458.194,572,0,294.315
KNQA20151110-2,KNQA20151110_121426_V06,4,2.505,1.200,3432,0,67.006,54,0,58.256
KNQA20151110-2,KNQA20151110_121426_V06,5,3.516,1.200,3438,0,33.875,25,0,27.074
KNQA20151110-2,KNQA20151110_121426_V06,6,4.482,1.200,3446,0,16.153,35,0,14.084
KNQA20151110-2,KNQA20151110_122413_V06,0,0.483,1.200,18713,2,1517837.989,198,1,1504114.033
KNQA20151110-2,KNQA20151110_122413_V06,2,1.494,1.200,18721,0,13707.398,1128,0,13030.576
KNQA20151110-2,KNQA20151110_122413_V06,4,2.505,1.200,9374,0,272.666,95,0,199.686
KNQA20151110-2,KNQA20151110_122413_V06,5,3.516,1.200,9385,0,65.684,93,0,57.766
KNQA20151110-2,KNQA20151110_122413_V06,6,4.482,1.200,9388,0,62.953,122,0,48.693
KNQA20151110-2,KNQA20151110_123359_V06,0,0.483,1.200,20039,3,1255946.776,512,3,1218331.676
KNQA20151110-2,KNQA20151110_123359_V06,2,1.450,1.200,20048,0,42914.369,1412,0,37007.944
KNQA20151110-2,KNQA20151110_123359_V06,4,2.417,1.200,10031,0,161.868,81,0,110.151
KNQA20151110-2,KNQA20151110_123359_V06,5,3.384,1.200,10039,0,26.062,10,0,24.822
KNQA20151110-2,KNQA20151110_123359_V06,6,4.307,1.200,10059,0,33.672,31,0,26.026
KNQA20151110-2,KNQA20151110_123359_V06,7,6.021,1.200,10081,0,29.491,38,0,27.910
KNQA20151110-8,KNQA20151110_122413_V06,0,0.483,1.200,1075,0,54334.592,52,0,53921.979
KNQA20151110-8,KNQA20151110_122413_V06,2,1.494,1.200,1074,0,3.711,1,0,1.706
KNQA20151110-8,KNQA20151110_122413_V06,4,2.505,1.200,542,0,0.912,0,0,0.912
KNQA20151110-8,KNQA20151110_122413_V06,5,3.516,1.200,544,0,0.917,0,0,0.917
KNQA20151110-8,KNQA20151110_123359_V06,0,0.483,1.200,3405,0,124843.406,286,0,117092.390
KNQA20151110-8,KNQA20151110_123359_V06,2,1.450,1.200,3401,0,16.728,11,0,5.246
KNQA20151110-8,KNQA20151110_123359_V06,4,2.417,1.200,1703,0,2.968,0,0,2.968
KNQA20151110-8,KNQA20151110_123359_V06,5,3.384,1.200,1705,0,2.976,0,0,2.976
KNQA20151110-8,KNQA20151110_123857_V06,0,0.483,1.200,4627,0,115786.452,455,0,108061.096
KNQA20151110-8,KNQA20151110_123857_V06,2,1.450,1.200,4632,0,64.769,15,0,15.071
KNQA20151110-8,KNQA20151110_123857_V06,4,2.417,1.200,2318,0,3.747,0,0,3.747
KNQA20151110-8,KNQA20151110_123857_V06,5,3.384,1.200,2324,0,3.760,0,0,3.760
KNQA20151110-8,KNQA20151110_123857_V06,6,4.307,1.200,2329,0,3.779,0,0,3.779
KNQA20151110-4,KNQA20151110_121426_V06,0,0.483,1.200,79,0,8869.647,2,0,8850.793
KNQA20151110-4,KNQA20151110_121426_V06,2,1.494,1.200,79,0,0.173,0,0,0.173
KNQA20151110-4,KNQA20151110_122413_V06,0,0.483,1.200,1086,0,33983.505,51,0,33127.388
KNQA20151110-4,KNQA20151110_122413_V06,2,1.494,1.200,1088,0,79.006,5,0,31.247
KNQA20151110-6,KNQA20151110_122413_V06,0,0.483,1.200,210,0,27203.140,4,0,27044.095
KNQA20151110-6,KNQA20151110_122413_V06,2,1.494,1.200,212,0,0.707,0,0,0.707
KNQA20151110-6,KNQA20151110_123359_V06,0,0.483,1.200,1167,0,18876.167,16,0,18315.634
KNQA20151110-6,KNQA20151110_123359_V06,2,1.450,1.200,1170,0,3.886,0,0,3.886
KNQA20151110-7,KNQA20151110_122413_V06,0,0.483,1.200,5046,0,91704.248,631,0,83742.151
KNQA20151110-7,KNQA20151110_122413_V06,2,1.494,1.200,5046,0,82.880,14,0,58.008
KNQA20151110-7,KNQA20151110_122413_V06,4,2.505,1.200,2537,0,6.247,0,0,6.247
KNQA20151110-7,KNQA20151110_123359_V06,0,0.483,1.200,10768,0,145754.274,1985,0,103560.441
KNQA20151110-7,KNQA20151110_123359_V06,2,1.450,1.200,10771,0,574.546,93,0,366.281
KNQA20151110-7,KNQA20151110_123359_V06,4,2.417,1.200,5394,0,20.009,0,0,20.009
KNQA20151110-7,KNQA20151110_123359_V06,5,3.384,1.200,5401,0,13.338,0,0,13.338
KNQA20151110-9,KNQA20151110_122413_V06,0,0.483,1.200,610,0,77810.422,10,0,77762.458
KNQA20151110-9,KNQA20151110_122413_V06,2,1.494,1.200,616,0,0.881,0,0,0.881
KNQA20151110-9,KNQA20151110_122413_V06,4,2.505,1.200,291,0,0.833,0,0,0.833
KNQA20151110-9,KNQA20151110_123359_V06,0,0.483,1.200,3095,0,70626.505,195,0,65038.557
KNQA20151110-9,KNQA20151110_123359_V06,2,1.450,1.200,3101,0,4.413,0,0,4.413
KNQA20151110-9,KNQA20151110_123359_V06,4,2.417,1.200,1540,0,4.393,0,0,4.393
KNQA20151110-1,KNQA20151110_121426_V06,0,0.483,1.200,102,0,26861.292,4,0,26849.662
KNQA20151110-1,KNQA20151110_121426_V06,2,1.494,1.200,101,0,0.071,0,0,0.071
KNQA20151110-1,KNQA20151110_121426_V06,4,2.505,1.200,57,0,0.080,0,0,0.080
KNQA20151110-1,KNQA20151110_121426_V06,5,3.516,1.200,56,0,0.079,0,0,0.079
KNQA20151110-1,KNQA20151110_121426_V06,6,4.482,1.200,56,0,0.079,0,0,0.079
KNQA20151110-3,KNQA20151110_121426_V06,0,0.483,1.200,470,0,63174.888,1,0,63174.608
KNQA20151110-3,KNQA20151110_121426_V06,2,1.494,1.200,471,0,21.811,25,0,1.568
KNQA20151110-3,KNQA20151110_121426_V06,4,2.505,1.200,234,0,6.038,3,0,2.074
KNQA20151110-3,KNQA20151110_121426_V06,5,3.516,1.200,235,0,17.146,7,0,10.646
KNQA20151110-3,KNQA20151110_121426_V06,6,4.482,1.200,234,0,10.337,7,0,8.123
KNQA20151110-11,KNQA20151110_122413_V06,0,0.483,1.200,2413,0,42798.847,248,0,42372.911
KNQA20151110-11,KNQA20151110_122413_V06,2,1.494,1.200,2414,0,29.738,45,0,6.983
KNQA20151110-11,KNQA20151110_122413_V06,4,2.505,1.200,1197,0,0.645,0,0,0.645
KNQA20151110-11,KNQA20151110_122413_V06,5,3.516,1.200,1205,0,0.916,0,0,0.916
KNQA20151110-11,KNQA20151110_122413_V06,6,4.482,1.200,1207,0,0.654,0,0,0.654
KNQA20151110-12,KNQA20151110_122413_V06,0,0.483,1.200,545,0,7280.912,7,0,6671.260
KNQA20151110-12,KNQA20151110_122413_V06,2,1.494,1.200,548,0,0.953,0,0,0.953
KNQA20151110-12,KNQA20151110_122413_V06,4,2.505,1.200,278,0,0.967,0,0,0.967
KNQA20151110-13,KNQA20151110_122413_V06,0,0.483,1.200,2141,0,211027.107,137,0,209888.638
KNQA20151110-13,KNQA20151110_122413_V06,2,1.494,1.200,2143,0,121.295,19,0,55.494
KNQA20151110-13,KNQA20151110_122413_V06,4,2.505,1.200,1076,0,2.682,0,0,2.682
KNQA20151110-14,KNQA20151110_122413_V06,0,0.483,1.200,317,0,178456.968,3,0,178075.373
KNQA20151110-14,KNQA20151110_122413_V06,2,1.494,1.200,316,0,578.603,35,0,112.283
KNQA20151111-2,KNQA20151111_122128_V06,0,0.483,1.200,11082,0,156718.958,353,0,154085.844
KNQA20151111-2,KNQA20151111_122128_V06,2,1.494,1.200,11086,0,38.483,346,0,20.392
KNQA20151111-2,KNQA20151111_122128_V06,4,2.505,1.200,5548,0,19.255,23,0,18.386
KNQA20151111-2,KNQA20151111_122128_V06,5,3.516,1.200,5556,0,16.866,67,0,8.647
KNQA20151111-2,KNQA20151111_122128_V06,6,4.482,1.200,5568,0,4.529,20,0,4.176
KNQA20151111-2,KNQA20151111_123114_V06,0,0.483,1.200,32178,224,436574.690,1515,216,422991.158
KNQA20151111-2,KNQA20151111_123114_V06,2,1.494,1.200,32181,2,4254.905,2230,2,4040.290
KNQA20151111-2,KNQA20151111_123114_V06,4,2.505,1.200,16101,0,27.490,324,0,25.480
KNQA20151111-2,KNQA20151111_123114_V06,5,3.516,1.200,16106,0,22.597,319,0,11.854
KNQA20151111-2,KNQA20151111_123114_V06,6,4.482,1.200,16137,0,24.704,375,0,12.442
KNQA20151111-1,KNQA20151111_121142_V06,0,0.483,1.200,11374,0,17751.477,517,0,16301.776
KNQA20151111-1,KNQA20151111_121142_V06,2,1.494,1.200,11375,0,15.768,78,0,11.035
KNQA20151111-1,KNQA20151111_121142_V06,4,2.505,1.200,5693,0,5.321,1,0,5.069
KNQA20151111-1,KNQA20151111_121142_V06,5,3.516,1.200,5705,0,4.246,1,0,4.136
KNQA20151111-1,KNQA20151111_121142_V06,6,4.482,1.200,5711,0,3.432,0,0,3.432
KNQA20151111-3,KNQA20151111_133009_V06,0,0.483,1.200,388,0,2613.956,1,0,2612.505
KNQA20151111-3,KNQA20151111_133009_V06,2,1.494,1.200,385,0,0.534,0,0,0.534
KNQA20151111-3,KNQA20151111_133009_V06,4,2.505,1.200,190,0,0.527,0,0,0.527
KNQA20151112-1,KNQA20151112_114250_V06,0,0.483,1.200,39,0,1608.620,4,0,1541.500
KNQA20151112-1,KNQA20151112_114250_V06,2,1.494,1.200,38,0,0.045,0,0,0.045
KNQA20151112-1,KNQA20151112_114250_V06,4,2.505,1.200,20,0,0.047,0,0,0.047
KNQA20151112-1,KNQA20151112_114250_V06,5,3.516,1.200,20,0,0.047,0,0,0.047
KNQA20151112-1,KNQA20151112_115449_V06,0,0.483,1.200,1164,0,5681.587,37,0,5463.059
KNQA20151112-1,KNQA20151112_115449_V06,2,1.494,1.200,1165,0,3.374,0,0,3.374
KNQA20151112-1,KNQA20151112_115449_V06,4,2.505,1.200,584,0,1.268,0,0,1.268
KNQA20151112-1,KNQA20151112_115449_V06,5,3.516,1.200,589,0,1.281,0,0,1.281
KNQA20151112-1,KNQA20151112_120432_V06,0,0.483,1.200,1304,0,45224.411,25,0,45056.488
KNQA20151112-1,KNQA20151112_120432_V06,2,1.494,1.200,1310,0,1.184,0,0,1.184
KNQA20151112-1,KNQA20151112_120432_V06,4,2.505,1.200,651,0,1.180,0,0,1.180
KNQA20151112-1,KNQA20151112_120432_V06,5,3.516,1.200,659,0,1.197,0,0,1.197
KNQA20151112-1,KNQA20151112_121416_V06,0,0.483,1.200,533,0,72400.126,5,0,72368.862
KNQA20151112-1,KNQA20151112_121416_V06,2,1.494,1.200,531,0,0.485,0,0,0.485
KNQA20151112-1,KNQA20151112_121416_V06,4,2.505,1.200,266,0,0.488,0,0,0.488
KNQA20151112-1,KNQA20151112_121416_V06,5,3.516,1.200,269,0,0.494,0,0,0.494
KNQA20151112-6,KNQA20151112_124327_V06,0,0.483,1.200,108,0,14654.851,6,0,11985.847
KNQA20151112-6,KNQA20151112_124327_V06,2,1.494,1.200,108,0,0.106,0,0,0.106
KNQA20151112-6,KNQA20151112_124327_V06,4,2.505,1.200,52,0,0.102,0,0,0.102
KNQA20151112-6,KNQA20151112_124327_V06,5,3.516,1.200,52,0,0.102,0,0,0.102
KNQA20151112-6,KNQA20151112_125312_V06,0,0.483,1.200,2455,0,1670.768,19,0,1623.166
KNQA20151112-6,KNQA20151112_125312_V06,2,1.494,1.200,2460,0,2.396,0,0,2.396
KNQA20151112-6,KNQA20151112_125312_V06,4,2.505,1.200,1234,0,2.408,0,0,2.408
KNQA20151112-6,KNQA20151112_125312_V06,5,3.516,1.200,1236,0,2.416,0,0,2.416
KNQA20151112-4,KNQA20151112_122400_V06,0,0.483,1.200,5863,0,18531.613,238,0,17895.782
KNQA20151112-4,KNQA20151112_122400_V06,2,1.494,1.200,5867,0,12.983,40,0,11.043
KNQA20151112-4,KNQA20151112_122400_V06,4,2.505,1.200,2939,0,2.007,0,0,2.007
KNQA20151112-4,KNQA20151112_122400_V06,5,3.516,1.200,2947,0,1.527,0,0,1.527
KNQA20151112-4,KNQA20151112_122400_V06,6,4.482,1.200,2946,0,1.331,0,0,1.331
KNQA20151112-5,KNQA20151112_122400_V06,0,0.483,1.200,442,0,2471.556,14,0,2467.862
KNQA20151112-5,KNQA20151112_122400_V06,2,1.494,1.200,443,0,0.109,0,0,0.109
KNQA20151112-5,KNQA20151112_122400_V06,4,2.505,1.200,224,0,0.111,0,0,0.111
KNQA20151112-5,KNQA20151112_122400_V06,5,3.516,1.200,228,0,0.113,0,0,0.113
KNQA20151112-5,KNQA20151112_122400_V06,6,4.482,1.200,223,0,0.111,0,0,0.111
KNQA20151113-9,KNQA20151113_125326_V06,0,0.483,1.200,26996,0,748178.778,4124,0,647281.304
KNQA20151113-9,KNQA20151113_125326_V06,2,1.450,1.200,27014,0,18050.806,1477,0,13374.323
KNQA20151113-9,KNQA20151113_125326_V06,4,2.417,1.200,13515,0,39.441,8,0,35.618
KNQA20151113-9,KNQA20151113_125326_V06,5,3.384,1.200,13543,0,15.300,0,0,15.300
KNQA20151113-9,KNQA20151113_125326_V06,6,4.307,1.200,13562,0,15.108,0,0,15.108
KNQA20151113-9,KNQA20151113_125824_V06,0,0.483,1.200,39586,0,746586.593,6033,0,565782.601
KNQA20151113-9,KNQA20151113_125824_V06,2,1.450,1.200,39598,0,35046.487,2273,0,26899.736
KNQA20151113-9,KNQA20151113_125824_V06,4,2.417,1.200,19815,0,503.973,24,0,405.278
KNQA20151113-9,KNQA20151113_125824_V06,5,3.384,1.200,19845,0,27.562,0,0,27.562
KNQA20151113-9,KNQA20151113_125824_V06,6,4.307,1.200,19863,0,22.990,0,0,22.990
KNQA20151113-9,KNQA20151113_130321_V06,0,0.483,1.200,54356,0,734038.505,7635,0,518386.507
KNQA20151113-9,KNQA20151113_130321_V06,2,1.450,1.200,54379,0,66831.698,2983,0,38071.654
KNQA20151113-9,KNQA20151113_130321_V06,4,2.417,1.200,27225,0,465.226,62,0,414.329
KNQA20151113-9,KNQA20151113_130321_V06,5,3.384,1.200,27235,0,36.648,3,0,36.530
KNQA20151113-9,KNQA20151113_130321_V06,6,4.307,1.200,27289,0,36.214,0,0,36.214
KNQA20151113-4,KNQA20151113_123337_V06,0,0.483,1.200,3864,0,434084.907,115,0,409469.679
KNQA20151113-4,KNQA20151113_123337_V06,2,1.450,1.200,3865,0,288.357,47,0,256.540
KNQA20151113-4,KNQA20151113_123337_V06,4,2.417,1.200,1932,0,5.380,0,0,5.380
KNQA20151113-4,KNQA20151113_123337_V06,5,3.384,1.200,1940,0,1.923,0,0,1.923
KNQA20151113-4,KNQA20151113_123337_V06,6,4.307,1.200,1944,0,1.932,0,0,1.932
KNQA20151113-4,KNQA20151113_123834_V06,0,0.483,1.200,9672,0,758357.802,464,0,705663.752
KNQA20151113-4,KNQA20151113_123834_V06,2,1.450,1.200,9678,0,5076.937,311,0,3125.810
KNQA20151113-4,KNQA20151113_123834_V06,4,2.417,1.200,4843,0,4.602,0,0,4.602
KNQA20151113-4,KNQA20151113_123834_V06,5,3.384,1.200,4846,0,4.617,0,0,4.617
KNQA20151113-4,KNQA20151113_123834_V06,6,4.307,1.200,4856,0,4.641,0,0,4.641
KNQA20151113-6,KNQA20151113_124829_V06,0,0.483,1.200,471,0,96690.555,56,0,96073.629
KNQA20151113-6,KNQA20151113_124829_V06,2,1.450,1.200,473,0,0.567,0,0,0.567
KNQA20151113-6,KNQA20151113_124829_V06,4,2.417,1.200,236,0,0.567,0,0,0.567
KNQA20151113-6,KNQA20151113_124829_V06,5,3.384,1.200,238,0,0.572,0,0,0.572
KNQA20151113-6,KNQA20151113_125326_V06,0,0.483,1.200,2016,0,153888.637,205,0,149363.612
KNQA20151113-6,KNQA20151113_125326_V06,2,1.450,1.200,2019,0,5.916,0,0,5.916
KNQA20151113-6,KNQA20151113_125326_V06,4,2.417,1.200,1009,0,2.408,0,0,2.408
KNQA20151113-6,KNQA20151113_125326_V06,5,3.384,1.200,1012,0,2.420,0,0,2.420
KNQA20151113-1,KNQA20151113_120418_V06,0,0.483,1.200,396,0,149178.860,35,0,147780.518
KNQA20151113-1,KNQA20151113_120418_V06,2,1.494,1.200,392,0,25.342,11,0,9.559
KNQA20151113-1,KNQA20151113_120418_V06,4,2.505,1.200,194,0,0.340,0,0,0.340
KNQA20151113-1,KNQA20151113_120418_V06,5,3.516,1.200,197,0,0.346,0,0,0.346
KNQA20151113-3,KNQA20151113_121405_V06,0,0.483,1.200,640,0,12662.141,19,0,12626.489
KNQA20151113-3,KNQA20151113_121405_V06,2,1.494,1.200,641,0,109.296,26,0,97.889
KNQA20151113-3,KNQA20151113_121405_V06,4,2.505,1.200,314,0,0.693,0,0,0.693
KNQA20151113-3,KNQA20151113_121405_V06,5,3.516,1.200,314,0,0.162,0,0,0.162
KNQA20151113-3,KNQA20151113_121405_V06,6,4.482,1.200,315,0,0.163,0,0,0.163
KNQA20151113-5,KNQA20151113_124331_V06,0,0.483,1.200,156,0,5065.054,48,0,1557.213
KNQA20151113-5,KNQA20151113_124331_V06,2,1.450,1.200,156,0,0.365,0,0,0.365
KNQA20151113-10,KNQA20151113_134735_V06,0,0.483,1.200,756,0,158948.038,49,0,158471.262
KNQA20151113-10,KNQA20151113_134735_V06,2,1.494,1.200,759,0,30.688,1,0,29.499
KNQA20151113-10,KNQA20151113_134735_V06,4,2.505,1.200,380,0,0.718,0,0,0.718
KNQA20151113-10,KNQA20151113_134735_V06,5,3.516,1.200,380,0,0.719,0,0,0.719
KNQA20151114-2,KNQA20151114_122236_V06,0,0.483,1.200,16267,25,627900.435,218,22,611292.986
KNQA20151114-2,KNQA20151114_122236_V06,2,1.494,1.200,16277,0,1332.855,1223,0,892.538
KNQA20151114-2,KNQA20151114_122236_V06,4,2.505,1.200,8144,0,292.904,117,0,193.282
KNQA20151114-2,KNQA20151114_122236_V06,5,3.516,1.200,8151,0,81.382,67,0,56.144
KNQA20151114-2,KNQA20151114_122236_V06,6,4.482,1.200,8160,0,53.963,51,0,47.112
KNQA20151114-2,KNQA20151114_123224_V06,0,0.483,1.200,21017,25,811394.011,625,20,763481.561
KNQA20151114-2,KNQA20151114_123224_V06,2,1.450,1.200,21035,0,1704.420,1421,0,924.104
KNQA20151114-2,KNQA20151114_123224_V06,4,2.417,1.200,10534,0,193.028,98,0,151.923
KNQA20151114-2,KNQA20151114_123224_V06,5,3.384,1.200,10537,0,79.799,27,0,73.715
KNQA20151114-2,KNQA20151114_123224_V06,6,4.307,1.200,10549,0,27.836,20,0,17.692
KNQA20151114-2,KNQA20151114_123224_V06,7,6.021,1.200,10577,0,15.541,12,0,14.237
KNQA20151114-2,KNQA20151114_123721_V06,0,0.483,1.200,18752,3,460193.455,857,2,433472.624
KNQA20151114-2,KNQA20151114_123721_V06,2,1.450,1.200,18767,0,1921.891,838,0,1533.835
KNQA20151114-2,KNQA20151114_123721_V06,4,2.417,1.200,9395,0,206.130,76,0,97.002
KNQA20151114-2,KNQA20151114_123721_V06,5,3.384,1.200,9402,0,59.557,24,0,49.855
KNQA20151114-2,KNQA20151114_123721_V06,6,4.307,1.200,9413,0,19.239,11,0,13.867
KNQA20151114-2,KNQA20151114_123721_V06,7,6.021,1.200,9446,0,14.246,5,0,13.905
KNQA20151114-1,KNQA20151114_115109_V06,0,0.483,1.200,1303,0,169162.489,97,0,168878.554
KNQA20151114-1,KNQA20151114_115109_V06,2,1.494,1.200,1306,0,289.486,77,0,166.236
KNQA20151114-1,KNQA20151114_115109_V06,4,2.505,1.200,657,0,1.244,0,0,1.244
KNQA20151114-1,KNQA20151114_115109_V06,5,3.516,1.200,655,0,1.243,0,0,1.243
KNQA20151114-1,KNQA20151114_120056_V06,0,0.483,1.200,4426,0,623233.371,449,0,622114.964
KNQA20151114-1,KNQA20151114_120056_V06,2,1.494,1.200,4429,0,603.885,224,0,282.443
KNQA20151114-1,KNQA20151114_120056_V06,4,2.505,1.200,2219,0,4.182,0,0,4.182
KNQA20151114-1,KNQA20151114_120056_V06,5,3.516,1.200,2213,0,4.181,0,0,4.181
KNQA20151114-4,KNQA20151114_122236_V06,0,0.483,1.200,1120,0,36032.805,76,0,35804.953
KNQA20151114-4,KNQA20151114_122236_V06,2,1.494,1.200,1120,0,114.176,112,0,47.969
KNQA20151114-4,KNQA20151114_122236_V06,4,2.505,1.200,559,0,2.478,0,0,2.478
KNQA20151114-4,KNQA20151114_122236_V06,5,3.516,1.200,558,0,0.310,0,0,0.310
KNQA20151114-4,KNQA20151114_122236_V06,6,4.482,1.200,558,0,0.311,0,0,0.311
KNQA20151115-9,KNQA20151115_132608_V06,0,0.483,1.200,170,0,8341.146,2,0,8330.735
KNQA20151115-9,KNQA20151115_132608_V06,2,1.494,1.200,173,0,0.256,0,0,0.256
KNQA20151115-9,KNQA20151115_132608_V06,4,2.505,1.200,87,0,0.259,0,0,0.259
KNQA20151115-9,KNQA20151115_133555_V06,0,0.483,1.200,1318,0,94716.354,34,0,94473.002
KNQA20151115-9,KNQA20151115_133555_V06,2,1.494,1.200,1321,0,3.677,2,0,1.754
KNQA20151115-9,KNQA20151115_133555_V06,4,2.505,1.200,662,0,1.761,0,0,1.761
KNQA20151115-1,KNQA20151115_113606_V06,0,0.483,1.200,291,0,30755.184,11,0,30679.000
KNQA20151115-1,KNQA20151115_113606_V06,2,1.494,1.200,295,0,6.036,2,0,2.738
KNQA20151115-1,KNQA20151115_113606_V06,4,2.505,1.200,147,0,0.291,0,0,0.291
KNQA20151115-1,KNQA20151115_113606_V06,5,3.516,1.200,148,0,0.294,0,0,0.294
KNQA20151115-3,KNQA20151115_115539_V06,0,0.483,1.200,562,0,5822.066,9,0,5800.398
KNQA20151115-3,KNQA20151115_115539_V06,2,1.494,1.200,564,0,18.302,11,0,9.708
KNQA20151115-3,KNQA20151115_115539_V06,4,2.505,1.200,279,0,0.228,0,0,0.228
KNQA20151115-3,KNQA20151115_115539_V06,5,3.516,1.200,281,0,0.229,0,0,0.229
KNQA20151115-3,KNQA20151115_115539_V06,6,4.482,1.200,282,0,0.231,0,0,0.231
KNQA20151115-4,KNQA20151115_121718_V06,0,0.483,1.200,2757,0,45976.723,182,0,45665.553
KNQA20151115-4,KNQA20151115_121718_V06,2,1.494,1.200,2756,0,35.561,107,0,20.471
KNQA20151115-4,KNQA20151115_121718_V06,4,2.505,1.200,1379,0,12.922,19,0,5.497
KNQA20151115-4,KNQA20151115_121718_V06,5,3.516,1.200,1384,0,2.556,4,0,2.246
KNQA20151115-4,KNQA20151115_121718_V06,6,4.482,1.200,1386,0,4.866,6,0,4.430
KNQA20151115-4,KNQA20151115_122704_V06,0,0.483,1.200,18115,14,588619.664,457,13,582104.699
KNQA20151115-4,KNQA20151115_122704_V06,2,1.494,1.200,18130,0,321.913,1004,0,213.809
KNQA20151115-4,KNQA20151115_122704_V06,4,2.505,1.200,9077,0,114.907,102,0,80.025
KNQA20151115-4,KNQA20151115_122704_V06,5,3.516,1.200,9089,0,42.880,67,0,37.186
KNQA20151115-4,KNQA20151115_122704_V06,6,4.482,1.200,9092,0,19.560,62,0,18.159
KNQA20151115-4,KNQA20151115_123651_V06,0,0.483,1.200,10152,0,443253.741,158,0,430380.339
KNQA20151115-4,KNQA20151115_123651_V06,2,1.494,1.200,10151,0,606.822,445,0,536.472
KNQA20151115-4,KNQA20151115_123651_V06,4,2.505,1.200,5071,0,107.981,48,0,92.230
KNQA20151115-4,KNQA20151115_123651_V06,5,3.516,1.200,5074,0,17.559,12,0,15.287
KNQA20151115-4,KNQA20151115_123651_V06,6,4.482,1.200,5089,0,11.405,7,0,10.697
KNQA20151115-6,KNQA20151115_122704_V06,0,0.483,1.200,665,0,11421.789,41,0,11246.218
KNQA20151115-6,KNQA20151115_122704_V06,2,1.494,1.200,665,0,0.723,0,0,0.723
KNQA20151115-6,KNQA20151115_122704_V06,4,2.505,1.200,337,0,0.735,0,0,0.735
KNQA20151115-6,KNQA20151115_122704_V06,5,3.516,1.200,338,0,165.744,4,0,134.795
KNQA20151115-7,KNQA20151115_123651_V06,0,0.483,1.200,813,0,88699.767,33,0,88581.866
KNQA20151115-7,KNQA20151115_123651_V06,2,1.494,1.200,814,0,1.185,2,0,0.958
KNQA20151115-7,KNQA20151115_123651_V06,4,2.505,1.200,405,0,0.219,0,0,0.219
KNQA20151115-7,KNQA20151115_123651_V06,5,3.516,1.200,407,0,0.221,0,0,0.221
KNQA20151115-7,KNQA20151115_123651_V06,6,4.482,1.200,408,0,0.222,0,0,0.222
KNQA20151115-10,KNQA20151115_134542_V06,0,0.483,1.200,1158,0,80753.508,53,0,80548.713
KNQA20151115-10,KNQA20151115_134542_V06,2,1.494,1.200,1160,0,1.163,0,0,1.163
KNQA20151115-10,KNQA20151115_134542_V06,4,2.505,1.200,579,0,1.163,0,0,1.163
KNQA20151115-10,KNQA20151115_134542_V06,5,3.516,1.200,584,0,1.175,0,0,1.175
KNQA20151116-1,KNQA20151116_122607_V06,0,0.483,1.200,10319,0,533647.659,1451,0,11387.846
KNQA20151116-1,KNQA20151116_123158_V06,0,0.483,1.200,13607,0,2365761.286,2722,0,150509.029
KNQA20151116-1,KNQA20151116_123749_V06,0,0.483,1.200,15662,0,4398809.523,3481,0,401076.071
KNQA20151116-1,KNQA20151116_123749_V06,2,1.450,1.200,15681,0,406453.457,2841,0,46951.021
KNQA20151116-1,KNQA20151116_124339_V06,0,0.483,1.200,17776,0,5476887.999,4663,0,359157.535
KNQA20151116-1,KNQA20151116_124339_V06,2,1.450,1.200,17803,0,722672.941,4894,0,57751.615
KNQA20151117-2,KNQA20151117_113651_V06,0,0.483,1.200,3080,0,80487.691,806,0,1406.346
KNQA20151117-2,KNQA20151117_113651_V06,2,0.879,1.200,3090,0,134516.275,808,0,4144.189
KNQA20151117-2,KNQA20151117_113651_V06,4,1.318,1.200,3086,0,368882.722,697,0,33622.002
KNQA20151117-2,KNQA20151117_113651_V06,6,1.802,1.200,1543,0,275882.694,264,0,18314.542
KNQA20151117-10,KNQA20151117_123043_V06,0,0.483,1.200,15132,0,14101.304,2783,0,6629.819
KNQA20151117-10,KNQA20151117_123043_V06,2,0.879,1.200,15139,0,6402.977,2478,0,475.645
KNQA20151117-10,KNQA20151117_123043_V06,4,1.318,1.200,15149,0,4499.792,1816,0,84.328
KNQA20151117-10,KNQA20151117_123043_V06,6,1.802,1.200,7572,0,2680.964,590,0,55.939
KNQA20151117-10,KNQA20151117_123043_V06,7,2.417,1.200,7573,0,1907.686,455,0,45.093
KNQA20151117-10,KNQA20151117_123043_V06,8,3.120,1.200,7580,0,958.267,336,0,27.651
KNQA20151117-10,KNQA20151117_123043_V06,9,3.999,1.200,7594,0,20173.060,1285,0,433.045
KNQA20151117-10,KNQA20151117_123043_V06,10,5.098,1.200,7611,0,61730.605,3039,0,997.131
KNQA20151117-10,KNQA20151117_123043_V06,11,6.416,1.200,7628,0,30475.930,2515,0,383.973
KNQA20151117-14,KNQA20151117_132823_V06,0,0.483,1.200,6111,0,747.169,340,0,344.751
KNQA20151117-14,KNQA20151117_132823_V06,2,0.879,1.200,6103,0,228.024,267,0,28.781
KNQA20151117-14,KNQA20151117_132823_V06,4,1.318,1.200,6109,0,333.366,284,0,13.262
KNQA20151117-14,KNQA20151117_132823_V06,6,1.802,1.200,3049,0,735.945,114,0,30.226
KNQA20151117-14,KNQA20151117_132823_V06,7,2.417,1.200,3047,0,1572.870,185,0,98.282
KNQA20151117-14,KNQA20151117_132823_V06,8,3.120,1.200,3056,0,3524.685,376,0,211.697
KNQA20151117-14,KNQA20151117_132823_V06,9,3.999,1.200,3059,0,12090.017,950,0,783.941
KNQA20151117-14,KNQA20151117_132823_V06,10,5.098,1.200,3070,0,18261.115,1217,0,284.506
KNQA20151118-2,KNQA20151118_122412_V06,0,0.483,1.200,2100,0,6962.276,544,0,6250.315
KNQA20151118-2,KNQA20151118_122412_V06,2,0.879,1.200,2102,0,306.556,477,0,271.214
KNQA20151118-2,KNQA20151118_122412_V06,4,1.318,1.200,2102,0,41.312,669,0,15.431
KNQA20151118-2,KNQA20151118_122412_V06,6,1.802,1.200,1054,0,6.401,7,0,6.214
KNQA20151118-2,KNQA20151118_122412_V06,7,2.417,1.200,1055,0,0.592,0,0,0.592
KNQA20151118-2,KNQA20151118_122412_V06,10,3.120,1.200,1053,0,0.246,0,0,0.246
KNQA20151118-2,KNQA20151118_122412_V06,11,3.999,1.200,1054,0,0.247,0,0,0.247
KNQA20151118-2,KNQA20151118_122412_V06,12,5.098,1.200,1055,0,0.248,0,0,0.248
KNQA20151118-2,KNQA20151118_122412_V06,13,6.416,1.200,1059,0,0.251,0,0,0.251
KNQA20151118-2,KNQA20151118_122412_V06,14,7.998,1.200,1061,0,0.252,0,0,0.252
KNQA20151118-2,KNQA20151118_122412_V06,15,10.020,1.200,1068,0,1298.881,233,0,1.165
KNQA20151118-4,KNQA20151118_124005_V06,0,0.483,1.200,12726,0,47796.688,1662,0,42965.244
KNQA20151118-4,KNQA20151118_124005_V06,2,0.879,1.200,12734,0,2597.830,1596,0,2060.572
KNQA20151118-4,KNQA20151118_124005_V06,4,1.318,1.200,12735,0,170.857,2065,0,99.341
KNQA20151118-4,KNQA20151118_124005_V06,6,1.802,1.200,6365,0,33.125,22,0,31.009
KNQA20151118-4,KNQA20151118_124005_V06,7,2.417,1.200,6373,0,7.076,1,0,7.044
KNQA20151118-4,KNQA20151118_124005_V06,10,3.120,1.200,6378,0,5.122,6,0,3.615
KNQA20151118-4,KNQA20151118_124005_V06,11,3.999,1.200,6382,0,2.819,0,0,2.819
KNQA20151118-4,KNQA20151118_124005_V06,12,5.098,1.200,6397,0,2.805,0,0,2.805
KNQA20151118-4,KNQA20151118_124005_V06,13,6.416,1.200,6415,0,649.107,142,0,40.659
KNQA20151118-4,KNQA20151118_124005_V06,14,7.998,1.200,6427,0,18495.335,1237,0,32.101
KNQA20151118-4,KNQA20151118_124448_V06,0,0.483,1.200,50428,670,603315.044,6841,584,533729.641
KNQA20151118-4,KNQA20151118_124448_V06,2,0.879,1.200,50441,441,194448.236,8042,379,166590.471
KNQA20151118-4,KNQA20151118_124448_V06,4,1.318,1.200,50452,253,52814.147,10175,215,44827.929
KNQA20151118-4,KNQA20151118_124448_V06,6,1.802,1.200,25239,31,17421.476,2746,14,11956.250
KNQA20151118-4,KNQA20151118_124448_V06,7,2.417,1.200,25245,31,6087.688,2117,12,3376.829
KNQA20151118-4,KNQA20151118_124448_V06,10,3.120,1.200,25262,2,722.703,1983,0,314.482
KNQA20151118-4,KNQA20151118_124448_V06,11,3.999,1.200,25294,0,68.084,3407,0,31.603
KNQA20151118-4,KNQA20151118_124448_V06,12,5.098,1.200,25343,0,20.686,3425,0,8.983
KNQA20151118-4,KNQA20151118_124448_V06,13,6.416,1.200,25406,0,12.289,2840,0,6.123
KNQA20151118-4,KNQA20151118_124448_V06,14,7.998,1.200,25506,0,92.292,2183,0,8.881
KNQA20151118-4,KNQA20151118_124448_V06,15,10.020,1.200,25670,0,16788.502,3677,0,30.063
KNQA20151118-4,KNQA20151118_124448_V06,16,12.480,1.200,25933,0,20375.794,5168,0,38.151
KNQA20151119-9,KNQA20151119_123246_V06,0,0.483,1.200,1443,0,105452.952,43,0,105201.512
KNQA20151119-9,KNQA20151119_123246_V06,2,1.494,1.200,1443,0,19.852,28,0,11.889
KNQA20151119-9,KNQA20151119_123246_V06,4,2.505,1.200,709,0,0.614,0,0,0.614
KNQA20151119-9,KNQA20151119_123246_V06,5,3.516,1.200,711,0,0.377,0,0,0.377
KNQA20151119-9,KNQA20151119_123246_V06,6,4.482,1.200,715,0,0.380,0,0,0.380
KNQA20151119-9,KNQA20151119_124441_V06,0,0.483,1.200,2836,0,50820.936,338,0,44430.980
KNQA20151119-9,KNQA20151119_124441_V06,2,1.450,1.200,2835,0,34.777,23,0,16.467
KNQA20151119-9,KNQA20151119_124441_V06,4,2.417,1.200,1434,0,1.854,0,0,1.854
KNQA20151119-9,KNQA20151119_124441_V06,5,3.384,1.200,1436,0,1.862,0,0,1.862
KNQA20151119-9,KNQA20151119_124441_V06,6,4.307,1.200,1437,0,1.867,0,0,1.867
KNQA20151119-9,KNQA20151119_124938_V06,0,0.483,1.200,3528,0,216374.943,313,0,201425.585
KNQA20151119-9,KNQA20151119_124938_V06,2,1.450,1.200,3532,0,41.696,9,0,28.210
KNQA20151119-9,KNQA20151119_124938_V06,4,2.417,1.200,1779,0,3.013,0,0,3.013
KNQA20151119-9,KNQA20151119_124938_V06,5,3.384,1.200,1778,0,3.014,0,0,3.014
KNQA20151119-9,KNQA20151119_125434_V06,0,0.483,1.200,10295,0,491139.450,1037,0,453316.239
KNQA20151119-9,KNQA20151119_125434_V06,2,1.450,1.200,10305,0,285.745,100,0,179.625
KNQA20151119-9,KNQA20151119_125434_V06,4,2.417,1.200,5157,0,8.411,0,0,8.411
KNQA20151119-9,KNQA20151119_125434_V06,5,3.384,1.200,5167,0,8.444,0,0,8.444
KNQA20151119-9,KNQA20151119_125434_V06,6,4.307,1.200,5169,0,8.473,0,0,8.473
KNQA20151119-9,KNQA20151119_125931_V06,0,0.483,1.200,17830,0,380560.640,1923,0,334008.720
KNQA20151119-9,KNQA20151119_125931_V06,2,1.450,1.200,17827,0,1744.875,342,0,1145.595
KNQA20151119-9,KNQA20151119_125931_V06,4,2.417,1.200,8924,0,23.843,0,0,23.843
KNQA20151119-9,KNQA20151119_125931_V06,5,3.384,1.200,8929,0,13.941,0,0,13.941
KNQA20151119-9,KNQA20151119_125931_V06,6,4.307,1.200,8946,0,14.001,0,0,14.001
KNQA20151119-9,KNQA20151119_130427_V06,0,0.483,1.200,23076,0,273638.000,2676,0,242237.775
KNQA20151119-9,KNQA20151119_130427_V06,2,1.450,1.200,23089,0,3760.808,760,0,2874.973
KNQA20151119-9,KNQA20151119_130427_V06,4,2.417,1.200,11553,0,14.508,0,0,14.508
KNQA20151119-9,KNQA20151119_130427_V06,5,3.384,1.200,11564,0,14.550,0,0,14.550
KNQA20151119-9,KNQA20151119_130427_V06,6,4.307,1.200,11584,0,14.616,0,0,14.616
KNQA20151119-3,KNQA20151119_115342_V06,0,0.483,1.200,1181,0,11501.852,68,0,11124.207
KNQA20151119-3,KNQA20151119_115342_V06,2,1.494,1.200,1177,0,114.072,31,0,77.888
KNQA20151119-3,KNQA20151119_115342_V06,4,2.505,1.200,592,0,4.336,1,0,3.949
KNQA20151119-3,KNQA20151119_115342_V06,5,3.516,1.200,588,0,0.483,0,0,0.483
KNQA20151119-3,KNQA20151119_115342_V06,6,4.482,1.200,590,0,0.486,0,0,0.486
KNQA20151119-3,KNQA20151119_120327_V06,0,0.483,1.200,5385,0,65093.738,447,0,63836.718
KNQA20151119-3,KNQA20151119_120327_V06,2,1.494,1.200,5390,0,541.048,194,0,434.767
KNQA20151119-3,KNQA20151119_120327_V06,4,2.505,1.200,2694,0,70.660,4,0,42.378
KNQA20151119-3,KNQA20151119_120327_V06,5,3.516,1.200,2695,0,3.457,0,0,3.457
KNQA20151119-3,KNQA20151119_120327_V06,6,4.482,1.200,2697,0,2.129,0,0,2.129
KNQA20151119-3,KNQA20151119_121314_V06,0,0.483,1.200,10166,0,23004.913,1046,0,21053.476
KNQA20151119-3,KNQA20151119_121314_V06,2,1.494,1.200,10169,0,666.949,305,0,514.196
KNQA20151119-3,KNQA20151119_121314_V06,4,2.505,1.200,5084,0,99.219,5,0,94.242
KNQA20151119-3,KNQA20151119_121314_V06,5,3.516,1.200,5093,0,4.821,2,0,4.469
KNQA20151119-3,KNQA20151119_121314_V06,6,4.482,1.200,5103,0,3.718,0,0,3.718
KNQA20151119-3,KNQA20151119_122301_V06,0,0.483,1.200,17360,1,260716.147,823,1,258918.297
KNQA20151119-3,KNQA20151119_122301_V06,2,1.494,1.200,17369,0,489.586,403,0,374.231
KNQA20151119-3,KNQA20151119_122301_V06,4,2.505,1.200,8693,0,29.404,11,0,26.998
KNQA20151119-3,KNQA20151119_122301_V06,5,3.516,1.200,8703,0,9.306,9,0,7.883
KNQA20151119-3,KNQA20151119_122301_V06,6,4.482,1.200,8719,0,6.925,3,0,6.888
KNQA20151119-3,KNQA20151119_123246_V06,0,0.483,1.200,6483,0,371789.902,104,0,371011.474
KNQA20151119-3,KNQA20151119_123246_V06,2,1.494,1.200,6483,0,67.598,65,0,56.942
KNQA20151119-3,KNQA20151119_123246_V06,4,2.505,1.200,3239,0,3.872,2,0,3.708
KNQA20151119-3,KNQA20151119_123246_V06,5,3.516,1.200,3247,0,2.666,2,0,2.401
KNQA20151119-3,KNQA20151119_123246_V06,6,4.482,1.200,3247,0,2.078,0,0,2.078
KNQA20151119-5,KNQA20151119_120327_V06,0,0.483,1.200,750,77,989641.704,17,77,987171.132
KNQA20151119-5,KNQA20151119_120327_V06,2,1.494,1.200,752,0,178.363,10,0,168.138
KNQA20151119-5,KNQA20151119_120327_V06,4,2.505,1.200,369,0,0.646,0,0,0.646
KNQA20151119-5,KNQA20151119_120327_V06,5,3.516,1.200,370,0,0.649,0,0,0.649
KNQA20151119-5,KNQA20151119_121314_V06,0,0.483,1.200,2540,9,1071462.726,210,9,1069214.511
KNQA20151119-5,KNQA20151119_121314_V06,2,1.494,1.200,2543,0,107.138,20,0,83.908
KNQA20151119-5,KNQA20151119_121314_V06,4,2.505,1.200,1274,0,2.181,0,0,2.181
KNQA20151119-5,KNQA20151119_121314_V06,5,3.516,1.200,1275,0,2.189,0,0,2.189
KNQA20151119-8,KNQA20151119_122301_V06,0,0.483,1.200,3157,0,146521.645,74,0,146191.875
KNQA20151119-8,KNQA20151119_122301_V06,2,1.494,1.200,3156,0,59.539,95,0,48.308
KNQA20151119-8,KNQA20151119_122301_V06,4,2.505,1.200,1584,0,3.973,4,0,3.643
KNQA20151119-8,KNQA20151119_122301_V06,5,3.516,1.200,1582,0,1.233,4,0,0.921
KNQA20151119-8,KNQA20151119_122301_V06,6,4.482,1.200,1581,0,1.320,0,0,1.320
KNQA20151119-8,KNQA20151119_123246_V06,0,0.483,1.200,8932,0,460423.066,55,0,455989.355
KNQA20151119-8,KNQA20151119_123246_V06,2,1.494,1.200,8940,0,159.042,271,0,134.062
KNQA20151119-8,KNQA20151119_123246_V06,4,2.505,1.200,4470,0,9.471,16,0,7.853
KNQA20151119-8,KNQA20151119_123246_V06,5,3.516,1.200,4469,0,6.274,7,0,5.667
KNQA20151119-8,KNQA20151119_123246_V06,6,4.482,1.200,4478,0,3.523,2,0,3.306
KNQA20151119-1,KNQA20151119_114354_V06,0,0.483,1.200,103,0,29788.785,3,0,28940.870
KNQA20151119-1,KNQA20151119_114354_V06,2,1.494,1.200,101,0,7.055,1,0,6.009
KNQA20151119-1,KNQA20151119_114354_V06,4,2.505,1.200,52,0,0.089,0,0,0.089
KNQA20151119-1,KNQA20151119_114354_V06,5,3.516,1.200,51,0,0.088,0,0,0.088
KNQA20151120-1,KNQA20151120_114657_V06,0,0.483,1.200,365,0,52886.384,24,0,52787.848
KNQA20151120-1,KNQA20151120_114657_V06,2,1.494,1.200,363,0,68.739,12,0,36.503
KNQA20151120-1,KNQA20151120_114657_V06,4,2.505,1.200,181,0,0.353,0,0,0.353
KNQA20151120-1,KNQA20151120_114657_V06,5,3.516,1.200,181,0,0.354,0,0,0.354
KNQA20151120-1,KNQA20151120_115644_V06,0,0.483,1.200,1709,0,541082.662,66,0,540455.677
KNQA20151120-1,KNQA20151120_115644_V06,2,1.494,1.200,1716,0,150.115,33,0,96.611
KNQA20151120-1,KNQA20151120_115644_V06,4,2.505,1.200,861,0,1.617,0,0,1.617
KNQA20151120-1,KNQA20151120_115644_V06,5,3.516,1.200,858,0,1.614,0,0,1.614
KNQA20151120-1,KNQA20151120_120631_V06,0,0.483,1.200,2662,0,395668.531,210,0,394550.901
KNQA20151120-1,KNQA20151120_120631_V06,2,1.494,1.200,2661,0,193.480,66,0,110.619
KNQA20151120-1,KNQA20151120_120631_V06,4,2.505,1.200,1330,0,2.330,0,0,2.330
KNQA20151120-1,KNQA20151120_120631_V06,5,3.516,1.200,1333,0,2.343,0,0,2.343
KNQA20151120-1,KNQA20151120_121617_V06,0,0.483,1.200,3508,0,37026.047,585,0,34291.055
KNQA20151120-1,KNQA20151120_121617_V06,2,1.494,1.200,3506,0,133.757,54,0,77.328
KNQA20151120-1,KNQA20151120_121617_V06,4,2.505,1.200,1770,0,8.251,0,0,8.251
KNQA20151120-1,KNQA20151120_121617_V06,5,3.516,1.200,1762,0,3.154,0,0,3.154
KNQA20151120-2,KNQA20151120_114657_V06,0,0.483,1.200,1045,0,142240.536,15,0,141790.216
KNQA20151120-2,KNQA20151120_114657_V06,2,1.494,1.200,1045,0,725.275,73,0,625.226
KNQA20151120-2,KNQA20151120_114657_V06,4,2.505,1.200,524,0,9.608,2,0,8.975
KNQA20151120-2,KNQA20151120_114657_V06,5,3.516,1.200,526,0,0.447,0,0,0.447
KNQA20151120-2,KNQA20151120_114657_V06,6,4.482,1.200,523,0,0.445,0,0,0.445
KNQA20151120-2,KNQA20151120_115644_V06,0,0.483,1.200,6658,0,371847.200,76,0,369571.334
KNQA20151120-2,KNQA20151120_115644_V06,2,1.494,1.200,6665,0,4683.305,472,0,4112.985
KNQA20151120-2,KNQA20151120_115644_V06,4,2.505,1.200,3333,0,356.635,8,0,335.431
KNQA20151120-2,KNQA20151120_115644_V06,5,3.516,1.200,3338,0,3.843,0,0,3.843
KNQA20151120-2,KNQA20151120_115644_V06,6,4.482,1.200,3345,0,3.696,0,0,3.696
KNQA20151120-2,KNQA20151120_120631_V06,0,0.483,1.200,11650,0,387952.044,224,0,380746.992
KNQA20151120-2,KNQA20151120_120631_V06,2,1.494,1.200,11652,0,5047.220,634,0,4330.098
KNQA20151120-2,KNQA20151120_120631_V06,4,2.505,1.200,5837,0,55.663,7,0,52.135
KNQA20151120-2,KNQA20151120_120631_V06,5,3.516,1.200,5843,0,8.686,0,0,8.686
KNQA20151120-2,KNQA20151120_120631_V06,6,4.482,1.200,5847,0,6.716,0,0,6.716
KNQA20151120-6,KNQA20151120_124047_V06,0,0.483,1.200,2621,0,342755.269,282,0,293948.941
KNQA20151120-6,KNQA20151120_124047_V06,2,1.450,1.200,2620,0,27.503,7,0,19.080
KNQA20151120-6,KNQA20151120_124047_V06,4,2.417,1.200,1307,0,1.976,0,0,1.976
KNQA20151120-6,KNQA20151120_124047_V06,5,3.384,1.200,1311,0,1.984,0,0,1.984
KNQA20151120-6,KNQA20151120_124047_V06,6,4.307,1.200,1315,0,1.997,0,0,1.997
KNQA20151120-6,KNQA20151120_124752_V06,0,0.483,1.200,6750,0,956983.701,955,0,753100.719
KNQA20151120-6,KNQA20151120_124752_V06,2,1.450,1.200,6755,0,626.928,107,0,471.408
KNQA20151120-6,KNQA20151120_124752_V06,4,2.417,1.200,3378,0,8.716,0,0,8.716
KNQA20151120-6,KNQA20151120_124752_V06,5,3.384,1.200,3380,0,4.892,0,0,4.892
KNQA20151120-6,KNQA20151120_124752_V06,6,4.307,1.200,3387,0,4.916,0,0,4.916
KNQA20151120-6,KNQA20151120_125249_V06,0,0.483,1.200,7529,2,683019.296,1137,1,532347.318
KNQA20151120-6,KNQA20151120_125249_V06,2,1.450,1.200,7537,0,620.701,90,0,505.149
KNQA20151120-6,KNQA20151120_125249_V06,4,2.417,1.200,3771,0,5.166,0,0,5.166
KNQA20151120-6,KNQA20151120_125249_V06,5,3.384,1.200,3773,0,5.176,0,0,5.176
KNQA20151120-6,KNQA20151120_125249_V06,6,4.307,1.200,3773,0,5.190,0,0,5.190
KNQA20151120-5,KNQA20151120_124047_V06,0,0.483,1.200,14072,14,2154152.825,414,10,1964620.513
KNQA20151120-5,KNQA20151120_124047_V06,2,1.450,1.200,14078,0,5686.842,528,0,3054.948
KNQA20151120-5,KNQA20151120_124047_V06,4,2.417,1.200,7043,0,19.374,2,0,18.956
KNQA20151120-5,KNQA20151120_124047_V06,5,3.384,1.200,7050,0,6.446,0,0,6.446
KNQA20151120-5,KNQA20151120_124047_V06,6,4.307,1.200,7059,0,6.295,0,0,6.295
KNQA20151120-5,KNQA20151120_124047_V06,7,6.021,1.200,7078,0,6.197,0,0,6.197
KNQA20151121-2,KNQA20151121_114050_V06,0,0.483,1.200,91,0,46357.567,1,0,46356.787
KNQA20151121-2,KNQA20151121_114050_V06,2,1.450,1.200,90,0,6.000,4,0,4.223
KNQA20151121-2,KNQA20151121_114050_V06,4,2.417,1.200,52,0,0.057,0,0,0.057
KNQA20151121-2,KNQA20151121_114050_V06,5,3.384,1.200,52,0,0.057,0,0,0.057
KNQA20151121-2,KNQA20151121_114050_V06,6,4.307,1.200,50,0,0.055,0,0,0.055
KNQA20151121-2,KNQA20151121_114547_V06,0,0.483,1.200,1386,1,118151.459,99,1,117279.983
KNQA20151121-2,KNQA20151121_114547_V06,2,1.450,1.200,1384,0,3.795,7,0,1.114
KNQA20151121-2,KNQA20151121_114547_V06,4,2.417,1.200,697,0,0.716,0,0,0.716
KNQA20151121-2,KNQA20151121_114547_V06,5,3.384,1.200,695,0,0.715,0,0,0.715
KNQA20151121-2,KNQA20151121_114547_V06,6,4.307,1.200,700,0,0.722,0,0,0.722
KNQA20151121-2,KNQA20151121_115044_V06,0,0.483,1.200,4109,0,221101.829,370,0,219585.749
KNQA20151121-2,KNQA20151121_115044_V06,2,1.450,1.200,4116,0,2329.323,43,0,2291.467
KNQA20151121-2,KNQA20151121_115044_V06,4,2.417,1.200,2060,0,1.688,0,0,1.688
KNQA20151121-2,KNQA20151121_115044_V06,5,3.384,1.200,2065,0,1.695,0,0,1.695
KNQA20151121-2,KNQA20151121_115044_V06,6,4.307,1.200,2067,0,1.701,0,0,1.701
KNQA20151121-2,KNQA20151121_115044_V06,7,6.021,1.200,2071,0,1.714,0,0,1.714
KNQA20151121-2,KNQA20151121_115542_V06,0,0.483,1.200,6839,3,372968.393,792,3,361506.896
KNQA20151121-2,KNQA20151121_115542_V06,2,1.450,1.200,6844,0,13774.609,176,0,13174.597
KNQA20151121-2,KNQA20151121_115542_V06,4,2.417,1.200,3426,0,2.045,0,0,2.045
KNQA20151121-2,KNQA20151121_115542_V06,5,3.384,1.200,3429,0,1.934,0,0,1.934
KNQA20151121-2,KNQA20151121_115542_V06,6,4.307,1.200,3432,0,1.940,0,0,1.940
KNQA20151121-2,KNQA20151121_115542_V06,7,6.021,1.200,3447,0,1.961,0,0,1.961
KNQA20151121-2,KNQA20151121_120039_V06,0,0.483,1.200,10837,0,115608.338,1371,0,99868.421
KNQA20151121-2,KNQA20151121_120039_V06,2,1.450,1.200,10839,0,634.229,245,0,375.544
KNQA20151121-2,KNQA20151121_120039_V06,4,2.417,1.200,5418,0,8.161,4,0,3.694
KNQA20151121-2,KNQA20151121_120039_V06,5,3.384,1.200,5435,0,2.689,0,0,2.689
KNQA20151121-2,KNQA20151121_120039_V06,6,4.307,1.200,5438,0,2.695,0,0,2.695
KNQA20151121-2,KNQA20151121_120039_V06,7,6.021,1.200,5451,0,2.720,0,0,2.720
KNQA20151121-9,KNQA20151121_122029_V06,0,0.483,1.200,1965,22,1340821.394,60,22,1339292.330
KNQA20151121-9,KNQA20151121_122029_V06,2,1.450,1.200,1970,0,38.808,3,0,34.433
KNQA20151121-9,KNQA20151121_122029_V06,4,2.417,1.200,981,0,1.951,0,0,1.951
KNQA20151121-9,KNQA20151121_122029_V06,5,3.384,1.200,981,0,1.955,0,0,1.955
KNQA20151121-9,KNQA20151121_122527_V06,0,0.483,1.200,4054,28,1638043.678,116,28,1634142.417
KNQA20151121-9,KNQA20151121_122527_V06,2,1.450,1.200,4063,0,175.350,13,0,114.633
KNQA20151121-9,KNQA20151121_122527_V06,4,2.417,1.200,2031,0,3.994,0,0,3.994
KNQA20151121-9,KNQA20151121_122527_V06,5,3.384,1.200,2042,0,4.028,0,0,4.028
KNQA20151121-9,KNQA20151121_123023_V06,0,0.483,1.200,4288,14,1831458.195,121,14,1825535.574
KNQA20151121-9,KNQA20151121_123023_V06,2,1.450,1.200,4285,0,440.803,17,0,366.697
KNQA20151121-9,KNQA20151121_123023_V06,4,2.417,1.200,2147,0,4.047,0,0,4.047
KNQA20151121-9,KNQA20151121_123023_V06,5,3.384,1.200,2153,0,4.069,0,0,4.069
KNQA20151121-9,KNQA20151121_123521_V06,0,0.483,1.200,2924,6,1181278.129,105,6,1158453.636
KNQA20151121-9,KNQA20151121_123521_V06,2,1.450,1.200,2920,0,259.220,13,0,231.390
KNQA20151121-9,KNQA20151121_123521_V06,4,2.417,1.200,1463,0,2.587,0,0,2.587
KNQA20151121-9,KNQA20151121_123521_V06,5,3.384,1.200,1464,0,2.593,0,0,2.593
KNQA20151121-9,KNQA20151121_124019_V06,0,0.483,1.200,5115,0,808610.134,221,0,800900.483
KNQA20151121-9,KNQA20151121_124019_V06,2,1.450,1.200,5112,0,188.645,16,0,152.300
KNQA20151121-9,KNQA20151121_124019_V06,4,2.417,1.200,2586,0,4.567,0,0,4.567
KNQA20151121-9,KNQA20151121_124019_V06,5,3.384,1.200,2589,0,4.584,0,0,4.584
KNQA20151121-12,KNQA20151121_123023_V06,0,0.483,1.200,64918,1068,1341798.334,5282,991,1271590.115
KNQA20151121-12,KNQA20151121_123023_V06,2,1.450,1.200,64961,573,115619.261,5196,520,105397.022
KNQA20151121-12,KNQA20151121_123023_V06,4,2.417,1.200,32492,137,44274.499,1122,117,39611.163
KNQA20151121-12,KNQA20151121_123023_V06,5,3.384,1.200,32535,84,15759.531,694,67,13780.170
KNQA20151121-12,KNQA20151121_123023_V06,6,4.307,1.200,32580,11,4340.379,519,8,3363.965
KNQA20151121-12,KNQA20151121_123023_V06,7,6.021,1.200,32689,1,844.811,313,1,471.473
KNQA20151121-12,KNQA20151121_123023_V06,8,9.888,1.200,33030,0,6.051,380,0,5.048
KNQA20151121-12,KNQA20151121_123521_V06,0,0.483,1.200,77736,899,1786754.109,5789,787,1686004.148
KNQA20151121-12,KNQA20151121_123521_V06,2,1.450,1.200,77767,401,133420.012,5896,333,118415.997
KNQA20151121-12,KNQA20151121_123521_V06,4,2.417,1.200,38914,60,31839.625,1312,47,27434.108
KNQA20151121-12,KNQA20151121_123521_V06,5,3.384,1.200,38948,35,8672.426,915,29,7031.854
KNQA20151121-12,KNQA20151121_123521_V06,6,4.307,1.200,38991,12,5105.895,713,10,3649.754
KNQA20151121-12,KNQA20151121_123521_V06,7,6.021,1.200,39128,1,525.857,454,1,382.155
KNQA20151121-12,KNQA20151121_123521_V06,8,9.888,1.200,39527,0,8.814,365,0,7.688
KNQA20151121-12,KNQA20151121_124019_V06,0,0.483,1.200,86044,655,1547494.821,7334,540,1449708.767
KNQA20151121-12,KNQA20151121_124019_V06,2,1.450,1.200,86080,157,90771.234,7086,117,77551.221
KNQA20151121-12,KNQA20151121_124019_V06,4,2.417,1.200,43068,9,16420.282,1452,7,13150.892
KNQA20151121-12,KNQA20151121_124019_V06,5,3.384,1.200,43114,5,3275.568,976,3,2574.061
KNQA20151121-12,KNQA20151121_124019_V06,6,4.307,1.200,43159,0,577.160,827,0,420.123
KNQA20151121-12,KNQA20151121_124019_V06,7,6.021,1.200,43291,0,66.300,660,0,36.093
KNQA20151121-12,KNQA20151121_124019_V06,8,9.888,1.200,43749,0,8.591,502,0,7.984
KNQA20151121-1,KNQA20151121_114050_V06,0,0.483,1.200,2260,4,1581868.579,128,4,1578812.215
KNQA20151121-1,KNQA20151121_114050_V06,2,1.450,1.200,2261,0,2392.369,48,0,1999.276
KNQA20151121-1,KNQA20151121_114050_V06,4,2.417,1.200,1137,0,2.272,0,0,2.272
KNQA20151121-1,KNQA20151121_114050_V06,5,3.384,1.200,1138,0,2.280,0,0,2.280
KNQA20151121-1,KNQA20151121_114547_V06,0,0.483,1.200,3775,18,1718150.926,177,18,1705851.558
KNQA20151121-1,KNQA20151121_114547_V06,2,1.450,1.200,3774,0,3058.106,48,0,2935.862
KNQA20151121-1,KNQA20151121_114547_V06,4,2.417,1.200,1890,0,3.778,0,0,3.778
KNQA20151121-1,KNQA20151121_114547_V06,5,3.384,1.200,1892,0,3.790,0,0,3.790
KNQA20151121-1,KNQA20151121_115044_V06,0,0.483,1.200,5988,19,1758529.336,209,19,1752451.328
KNQA20151121-1,KNQA20151121_115044_V06,2,1.450,1.200,5987,0,2906.005,43,0,2374.148
KNQA20151121-1,KNQA20151121_115044_V06,4,2.417,1.200,2977,0,5.939,0,0,5.939
KNQA20151121-1,KNQA20151121_115044_V06,5,3.384,1.200,2978,0,5.955,0,0,5.955
KNQA20151121-1,KNQA20151121_115542_V06,0,0.483,1.200,1520,0,1217628.347,99,0,1208852.124
KNQA20151121-1,KNQA20151121_115542_V06,2,1.450,1.200,1518,0,607.327,18,0,509.439
KNQA20151121-1,KNQA20151121_115542_V06,4,2.417,1.200,758,0,1.445,0,0,1.445
KNQA20151121-1,KNQA20151121_115542_V06,5,3.384,1.200,762,0,1.457,0,0,1.457
KNQA20151121-10,KNQA20151121_122029_V06,0,0.483,1.200,641,0,5437.265,51,0,4841.062
KNQA20151121-10,KNQA20151121_122029_V06,2,1.450,1.200,639,0,0.508,0,0,0.508
KNQA20151121-10,KNQA20151121_122029_V06,4,2.417,1.200,322,0,5.111,0,0,5.111
KNQA20151121-10,KNQA20151121_122029_V06,5,3.384,1.200,319,0,0.509,0,0,0.509
KNQA20151121-10,KNQA20151121_122029_V06,6,4.307,1.200,321,0,0.514,0,0,0.514
KNQA20151121-10,KNQA20151121_122527_V06,0,0.483,1.200,2585,0,8366.809,92,0,7744.340
KNQA20151121-10,KNQA20151121_122527_V06,2,1.450,1.200,2592,0,2.040,0,0,2.040
KNQA20151121-10,KNQA20151121_122527_V06,4,2.417,1.200,1292,0,2.037,0,0,2.037
KNQA20151121-10,KNQA20151121_122527_V06,5,3.384,1.200,1297,0,2.050,0,0,2.050
KNQA20151121-10,KNQA20151121_122527_V06,6,4.307,1.200,1294,0,2.047,0,0,2.047
KNQA20151121-11,KNQA20151121_122029_V06,0,0.483,1.200,7408,9,54077.176,592,8,49833.623
KNQA20151121-11,KNQA20151121_122029_V06,2,1.450,1.200,7409,0,60.166,200,0,32.871
KNQA20151121-11,KNQA20151121_122029_V06,4,2.417,1.200,3704,0,3.658,11,0,3.031
KNQA20151121-11,KNQA20151121_122029_V06,5,3.384,1.200,3705,0,1.772,2,0,1.734
KNQA20151121-11,KNQA20151121_122029_V06,6,4.307,1.200,3705,0,1.561,2,0,1.519
KNQA20151121-11,KNQA20151121_122029_V06,7,6.021,1.200,3723,0,1.498,0,0,1.498
KNQA20151121-11,KNQA20151121_122029_V06,8,9.888,1.200,3760,0,1.312,0,0,1.312
KNQA20151121-11,KNQA20151121_122527_V06,0,0.483,1.200,14156,25,276398.910,803,19,262463.910
KNQA20151121-11,KNQA20151121_122527_V06,2,1.450,1.200,14166,0,580.966,372,0,523.204
KNQA20151121-11,KNQA20151121_122527_V06,4,2.417,1.200,7082,0,7.417,11,0,6.581
KNQA20151121-11,KNQA20151121_122527_V06,5,3.384,1.200,7090,0,3.704,2,0,3.521
KNQA20151121-11,KNQA20151121_122527_V06,6,4.307,1.200,7101,0,2.869,0,0,2.869
KNQA20151121-11,KNQA20151121_122527_V06,7,6.021,1.200,7115,0,2.677,0,0,2.677
KNQA20151121-11,KNQA20151121_122527_V06,8,9.888,1.200,7190,0,2.697,8,0,2.464
KNQA20151121-4,KNQA20151121_114050_V06,0,0.483,1.200,2090,0,45165.418,329,0,37893.181
KNQA20151121-4,KNQA20151121_114050_V06,2,1.450,1.200,2087,0,1064.717,91,0,943.942
KNQA20151121-4,KNQA20151121_114050_V06,4,2.417,1.200,1047,0,1.137,0,0,1.137
KNQA20151121-4,KNQA20151121_114050_V06,5,3.384,1.200,1050,0,0.484,0,0,0.484
KNQA20151121-4,KNQA20151121_114050_V06,6,4.307,1.200,1052,0,0.486,0,0,0.486
KNQA20151121-4,KNQA20151121_114050_V06,7,6.021,1.200,1059,0,0.492,0,0,0.492
KNQA20151121-13,KNQA20151121_123023_V06,0,0.483,1.200,9727,0,337421.750,644,0,236022.814
KNQA20151121-13,KNQA20151121_123023_V06,2,1.450,1.200,9728,0,4300.396,145,0,315.836
KNQA20151121-13,KNQA20151121_123521_V06,0,0.483,1.200,5678,0,716090.755,117,0,709452.620
KNQA20151121-13,KNQA20151121_123521_V06,2,1.450,1.200,5678,0,510.667,17,0,40.862
KNQA20151121-13,KNQA20151121_123521_V06,4,2.417,1.200,2846,0,11.258,0,0,11.258
KNQA20151121-16,KNQA20151121_125220_V06,0,0.483,1.200,3713,0,12809.409,264,0,3126.534
KNQA20151121-16,KNQA20151121_125220_V06,2,1.450,1.200,3710,0,15.130,0,0,15.130
KNQA20151121-17,KNQA20151121_133157_V06,0,0.483,1.200,34436,0,9092223.305,12268,0,579691.096
KNQA20151121-17,KNQA20151121_133157_V06,2,1.450,1.200,34458,0,1439966.606,11081,0,35647.428
KNQA20151121-18,KNQA20151121_133654_V06,0,0.483,1.200,16417,0,8719559.242,9682,0,179377.013
KNQA20151121-18,KNQA20151121_133654_V06,2,1.450,1.200,16420,0,456882.357,3608,0,9024.498
KNQA20151121-19,KNQA20151121_134151_V06,0,0.483,1.200,5685,0,313387.588,816,0,270369.331
KNQA20151121-19,KNQA20151121_134151_V06,2,1.450,1.200,5694,0,20695.140,885,0,5651.643
KNQA20151121-19,KNQA20151121_134151_V06,4,2.417,1.200,2846,0,35.349,0,0,35.349
KNQA20151121-19,KNQA20151121_134151_V06,5,3.384,1.200,2850,0,5.081,0,0,5.081
KNQA20151121-21,KNQA20151121_140138_V06,0,0.483,1.200,71835,0,26599928.339,39216,0,5388178.390
KNQA20151121-21,KNQA20151121_140138_V06,2,1.450,1.200,71880,0,3507312.167,37550,0,174932.770
KNQA20151122-1,KNQA20151122_115627_V06,0,0.483,1.200,1144,9,722434.737,20,9,722321.728
KNQA20151122-1,KNQA20151122_115627_V06,2,1.494,1.200,1145,0,5368.487,48,0,5307.850
KNQA20151122-1,KNQA20151122_115627_V06,4,2.505,1.200,562,0,7.729,1,0,7.541
KNQA20151122-1,KNQA20151122_115627_V06,5,3.516,1.200,564,0,0.410,0,0,0.410
KNQA20151122-1,KNQA20151122_115627_V06,6,4.482,1.200,564,0,0.411,0,0,0.411
KNQA20151122-1,KNQA20151122_120614_V06,0,0.483,1.200,8392,20,676113.843,581,20,673367.227
KNQA20151122-1,KNQA20151122_120614_V06,2,1.494,1.200,8398,0,1208.570,538,0,685.195
KNQA20151122-1,KNQA20151122_120614_V06,4,2.505,1.200,4208,0,42.792,15,0,21.920
KNQA20151122-1,KNQA20151122_120614_V06,5,3.516,1.200,4210,0,3.200,0,0,3.200
KNQA20151122-1,KNQA20151122_120614_V06,6,4.482,1.200,4215,0,2.914,0,0,2.914
KNQA20151122-2,KNQA20151122_115627_V06,0,0.483,1.200,3509,0,615405.510,262,0,613160.226
KNQA20151122-2,KNQA20151122_115627_V06,2,1.494,1.200,3513,0,85.989,19,0,63.602
KNQA20151122-2,KNQA20151122_115627_V06,4,2.505,1.200,1751,0,2.743,0,0,2.743
KNQA20151122-2,KNQA20151122_115627_V06,5,3.516,1.200,1752,0,2.750,0,0,2.750
KNQA20151122-3,KNQA20151122_122549_V06,0,0.483,1.200,70,0,11780.733,4,0,11765.376
KNQA20151122-3,KNQA20151122_122549_V06,2,1.494,1.200,72,0,0.042,0,0,0.042
KNQA20151122-3,KNQA20151122_122549_V06,4,2.505,1.200,35,0,0.041,0,0,0.041
KNQA20151122-3,KNQA20151122_122549_V06,5,3.516,1.200,34,0,0.040,0,0,0.040
KNQA20151122-3,KNQA20151122_122549_V06,6,4.482,1.200,36,0,0.042,0,0,0.042
KNQA20151122-6,KNQA20151122_124534_V06,0,0.483,1.200,86809,306,1913230.017,8105,260,1744198.937
KNQA20151122-6,KNQA20151122_124534_V06,2,1.450,1.200,86849,1,8780.734,8298,1,5816.020
KNQA20151122-6,KNQA20151122_124534_V06,4,2.417,1.200,43450,0,1003.827,1727,0,548.311
KNQA20151122-6,KNQA20151122_124534_V06,5,3.384,1.200,43500,0,340.545,1888,0,225.927
KNQA20151122-6,KNQA20151122_124534_V06,6,4.307,1.200,43562,0,181.725,1774,0,79.746
KNQA20151122-6,KNQA20151122_124534_V06,7,6.021,1.200,43680,0,151.997,1020,0,127.006
KNQA20151122-7,KNQA20151122_125032_V06,0,0.483,1.200,30,0,4790.358,3,0,4332.902
KNQA20151122-7,KNQA20151122_125032_V06,2,1.450,1.200,31,0,0.033,0,0,0.033
KNQA20151122-7,KNQA20151122_125032_V06,4,2.417,1.200,15,0,0.032,0,0,0.032
KNQA20151122-7,KNQA20151122_125032_V06,5,3.384,1.200,14,0,0.030,0,0,0.030
KNQA20151122-8,KNQA20151122_131235_V06,0,0.483,1.200,3536,0,106294.118,116,0,53600.364
KNQA20151122-8,KNQA20151122_131235_V06,2,1.494,1.200,3534,0,35.579,2,0,7.054
KNQA20151122-8,KNQA20151122_131235_V06,4,2.505,1.200,1745,0,6.969,0,0,6.969
KNQA20151123-11,KNQA20151123_125738_V06,0,0.483,1.200,11195,0,138512.455,155,0,128607.153
KNQA20151123-11,KNQA20151123_125738_V06,2,1.450,1.200,11200,0,21.616,0,0,21.616
KNQA20151123-11,KNQA20151123_125738_V06,4,2.417,1.200,5599,0,21.645,0,0,21.645
KNQA20151123-11,KNQA20151123_130236_V06,0,0.483,1.200,15229,0,162001.604,286,0,142417.077
KNQA20151123-11,KNQA20151123_130236_V06,2,1.450,1.200,15235,0,46.999,4,0,34.805
KNQA20151123-11,KNQA20151123_130236_V06,4,2.417,1.200,7617,0,28.805,0,0,28.805
KNQA20151123-11,KNQA20151123_130733_V06,0,0.483,1.200,20128,0,117626.013,372,0,102263.330
KNQA20151123-11,KNQA20151123_130733_V06,2,1.450,1.200,20149,0,235.406,6,0,225.008
KNQA20151123-11,KNQA20151123_130733_V06,4,2.417,1.200,10080,0,224.830,0,0,224.830
KNQA20151123-11,KNQA20151123_131448_V06,0,0.483,1.200,21312,0,123979.258,453,0,104711.475
KNQA20151123-11,KNQA20151123_131448_V06,2,1.450,1.200,21327,0,54.522,4,0,51.463
KNQA20151123-11,KNQA20151123_131448_V06,4,2.417,1.200,10674,0,34.364,0,0,34.364
KNQA20151123-11,KNQA20151123_131947_V06,0,0.483,1.200,23495,0,162194.381,386,0,151883.369
KNQA20151123-11,KNQA20151123_131947_V06,2,1.494,1.200,23512,0,92.372,5,0,86.889
KNQA20151123-11,KNQA20151123_131947_V06,4,2.505,1.200,11758,0,33.669,0,0,33.669
KNQA20151123-1,KNQA20151123_115337_V06,0,0.483,1.200,4160,48,651670.732,201,48,650075.135
KNQA20151123-1,KNQA20151123_115337_V06,2,1.494,1.200,4161,14,339944.709,64,14,339554.682
KNQA20151123-1,KNQA20151123_115337_V06,4,2.505,1.200,2083,0,96.451,2,0,94.721
KNQA20151123-1,KNQA20151123_115337_V06,5,3.516,1.200,2086,0,0.963,0,0,0.963
KNQA20151123-1,KNQA20151123_115337_V06,6,4.482,1.200,2084,0,0.963,0,0,0.963
KNQA20151123-1,KNQA20151123_120325_V06,0,0.483,1.200,11513,55,481164.227,674,55,467747.505
KNQA20151123-1,KNQA20151123_120325_V06,2,1.494,1.200,11518,0,2186.943,144,0,1998.666
KNQA20151123-1,KNQA20151123_120325_V06,4,2.505,1.200,5769,0,3.269,4,0,2.779
KNQA20151123-1,KNQA20151123_120325_V06,5,3.516,1.200,5776,0,2.648,0,0,2.648
KNQA20151123-1,KNQA20151123_120325_V06,6,4.482,1.200,5777,0,2.474,0,0,2.474
KNQA20151123-3,KNQA20151123_115337_V06,0,0.483,1.200,353,22,741623.506,25,22,737170.238
KNQA20151123-3,KNQA20151123_115337_V06,2,1.494,1.200,354,0,9.954,3,0,7.116
KNQA20151123-3,KNQA20151123_115337_V06,4,2.505,1.200,179,0,0.321,0,0,0.321
KNQA20151123-3,KNQA20151123_115337_V06,5,3.516,1.200,176,0,0.317,0,0,0.317
KNQA20151123-3,KNQA20151123_120325_V06,0,0.483,1.200,2547,0,312063.664,56,0,311462.103
KNQA20151123-3,KNQA20151123_120325_V06,2,1.494,1.200,2553,0,6.524,7,0,3.468
KNQA20151123-3,KNQA20151123_120325_V06,4,2.505,1.200,1278,0,1.708,0,0,1.708
KNQA20151123-3,KNQA20151123_120325_V06,5,3.516,1.200,1275,0,1.709,0,0,1.709
KNQA20151123-3,KNQA20151123_120325_V06,6,4.482,1.200,1283,0,1.723,0,0,1.723
KNQA20151123-5,KNQA20151123_120325_V06,0,0.483,1.200,408,0,45051.674,16,0,44613.901
KNQA20151123-5,KNQA20151123_120325_V06,2,1.494,1.200,406,0,1.347,4,0,0.194
KNQA20151123-5,KNQA20151123_120325_V06,4,2.505,1.200,201,0,0.194,0,0,0.194
KNQA20151123-5,KNQA20151123_120325_V06,5,3.516,1.200,202,0,0.195,0,0,0.195
KNQA20151123-5,KNQA20151123_120325_V06,6,4.482,1.200,204,0,0.198,0,0,0.198
KNQA20151123-5,KNQA20151123_121313_V06,0,0.483,1.200,3993,0,3108.998,207,0,2831.019
KNQA20151123-5,KNQA20151123_121313_V06,2,1.494,1.200,3997,0,17.324,12,0,11.268
KNQA20151123-5,KNQA20151123_121313_V06,4,2.505,1.200,2001,0,4.028,0,0,4.028
KNQA20151123-5,KNQA20151123_121313_V06,5,3.516,1.200,1999,0,1.857,0,0,1.857
KNQA20151123-5,KNQA20151123_121313_V06,6,4.482,1.200,2005,0,1.867,0,0,1.867
KNQA20151123-8,KNQA20151123_123248_V06,0,0.483,1.200,17921,50,230861.545,1051,47,220081.213
KNQA20151123-8,KNQA20151123_123248_V06,2,1.450,1.200,17929,0,198.549,577,0,168.515
KNQA20151123-8,KNQA20151123_123248_V06,4,2.417,1.200,8981,0,10.294,18,0,9.865
KNQA20151123-8,KNQA20151123_123248_V06,5,3.384,1.200,8987,0,4.444,6,0,4.346
KNQA20151123-8,KNQA20151123_123248_V06,6,4.307,1.200,8996,0,4.999,20,0,4.139
KNQA20151123-8,KNQA20151123_123248_V06,7,6.021,1.200,9015,0,2.825,3,0,2.763
KNQA20151123-8,KNQA20151123_123248_V06,8,9.888,1.200,9112,0,4.390,43,0,2.728
KNQA20151123-9,KNQA20151123_123745_V06,0,0.483,1.200,364,0,24429.103,20,0,23961.411
KNQA20151123-9,KNQA20151123_123745_V06,2,1.450,1.200,364,0,0.132,0,0,0.132
KNQA20151123-9,KNQA20151123_123745_V06,4,2.417,1.200,179,0,0.130,0,0,0.130
KNQA20151123-9,KNQA20151123_123745_V06,5,3.384,1.200,180,0,0.131,0,0,0.131
KNQA20151123-9,KNQA20151123_123745_V06,6,4.307,1.200,177,0,0.129,0,0,0.129
KNQA20151123-9,KNQA20151123_123745_V06,7,6.021,1.200,177,0,0.130,0,0,0.130
KNQA20151123-10,KNQA20151123_124245_V06,0,0.483,1.200,18165,0,38441.078,73,0,36400.244
KNQA20151123-10,KNQA20151123_124245_V06,2,1.450,1.200,18180,0,46.876,0,0,46.876
KNQA20151123-12,KNQA20151123_130733_V06,0,0.483,1.200,14291,0,173555.226,369,0,147204.402
KNQA20151123-12,KNQA20151123_130733_V06,2,1.450,1.200,14302,0,42.554,1,0,41.920
KNQA20151123-12,KNQA20151123_130733_V06,4,2.417,1.200,7152,0,22.892,0,0,22.892
KNQA20151124-10,KNQA20151124_122342_V06,0,0.483,1.200,4638,0,89928.048,390,0,85816.037
KNQA20151124-10,KNQA20151124_122342_V06,2,1.450,1.200,4640,0,137.393,185,0,59.879
KNQA20151124-10,KNQA20151124_122342_V06,4,2.417,1.200,2324,0,5.210,12,0,3.264
KNQA20151124-10,KNQA20151124_122342_V06,5,3.384,1.200,2321,0,3.693,0,0,3.693
KNQA20151124-10,KNQA20151124_122342_V06,6,4.307,1.200,2323,0,1.296,0,0,1.296
KNQA20151124-10,KNQA20151124_122342_V06,7,6.021,1.200,2337,0,0.805,0,0,0.805
KNQA20151124-10,KNQA20151124_122342_V06,8,9.888,1.200,2357,0,1.749,4,0,1.085
KNQA20151124-10,KNQA20151124_122839_V06,0,0.483,1.200,10119,0,339907.072,653,0,326577.543
KNQA20151124-10,KNQA20151124_122839_V06,2,1.450,1.200,10121,0,184.691,350,0,102.680
KNQA20151124-10,KNQA20151124_122839_V06,4,2.417,1.200,5063,0,12.946,7,0,11.187
KNQA20151124-10,KNQA20151124_122839_V06,5,3.384,1.200,5070,0,4.999,0,0,4.999
KNQA20151124-10,KNQA20151124_122839_V06,6,4.307,1.200,5076,0,3.077,2,0,3.037
KNQA20151124-10,KNQA20151124_122839_V06,7,6.021,1.200,5093,0,3.341,0,0,3.341
KNQA20151124-10,KNQA20151124_122839_V06,8,9.888,1.200,5137,0,3.715,8,0,2.032
KNQA20151124-10,KNQA20151124_123337_V06,0,0.483,1.200,12239,7,746152.961,320,7,728915.512
KNQA20151124-10,KNQA20151124_123337_V06,2,1.450,1.200,12244,0,352.529,574,0,257.729
KNQA20151124-10,KNQA20151124_123337_V06,4,2.417,1.200,6132,0,15.654,24,0,7.991
KNQA20151124-10,KNQA20151124_123337_V06,5,3.384,1.200,6131,0,3.935,0,0,3.935
KNQA20151124-10,KNQA20151124_123337_V06,6,4.307,1.200,6132,0,4.709,4,0,4.225
KNQA20151124-10,KNQA20151124_123337_V06,7,6.021,1.200,6154,0,3.698,1,0,3.659
KNQA20151124-10,KNQA20151124_123337_V06,8,9.888,1.200,6225,0,4.769,19,0,2.410
KNQA20151124-10,KNQA20151124_123836_V06,0,0.483,1.200,23207,127,1256847.575,683,119,1225676.239
KNQA20151124-10,KNQA20151124_123836_V06,2,1.450,1.200,23214,12,23762.017,1485,11,21321.246
KNQA20151124-10,KNQA20151124_123836_V06,4,2.417,1.200,11602,0,5266.434,84,0,4381.550
KNQA20151124-10,KNQA20151124_123836_V06,5,3.384,1.200,11619,0,23.858,32,0,14.778
KNQA20151124-10,KNQA20151124_123836_V06,6,4.307,1.200,11635,0,11.214,11,0,11.095
KNQA20151124-10,KNQA20151124_123836_V06,7,6.021,1.200,11669,0,7.056,1,0,7.052
KNQA20151124-10,KNQA20151124_123836_V06,8,9.888,1.200,11786,0,6.915,46,0,3.790
KNQA20151124-10,KNQA20151124_124333_V06,0,0.483,1.200,35946,328,1347379.636,1990,306,1280624.219
KNQA20151124-10,KNQA20151124_124333_V06,2,1.450,1.200,35957,282,59271.975,2652,246,54566.636
KNQA20151124-10,KNQA20151124_124333_V06,4,2.417,1.200,18007,3,6081.399,317,0,5200.199
KNQA20151124-10,KNQA20151124_124333_V06,5,3.384,1.200,18025,0,112.378,108,0,59.416
KNQA20151124-10,KNQA20151124_124333_V06,6,4.307,1.200,18042,0,11.567,52,0,10.046
KNQA20151124-10,KNQA20151124_124333_V06,7,6.021,1.200,18086,0,10.829,29,0,9.426
KNQA20151124-10,KNQA20151124_124333_V06,8,9.888,1.200,18258,0,7.885,77,0,6.157
KNQA20151124-10,KNQA20151124_124830_V06,0,0.483,1.200,25446,3,696634.374,1922,3,655612.462
KNQA20151124-10,KNQA20151124_124830_V06,2,1.450,1.200,25453,0,6602.493,1762,0,4865.208
KNQA20151124-10,KNQA20151124_124830_V06,4,2.417,1.200,12739,0,837.120,72,0,813.739
KNQA20151124-10,KNQA20151124_124830_V06,5,3.384,1.200,12747,0,24.510,13,0,18.667
KNQA20151124-10,KNQA20151124_124830_V06,6,4.307,1.200,12762,0,14.018,8,0,13.451
KNQA20151124-10,KNQA20151124_124830_V06,7,6.021,1.200,12809,0,6.118,5,0,5.988
KNQA20151124-10,KNQA20151124_125328_V06,0,0.483,1.200,15368,0,311710.639,1254,0,288367.031
KNQA20151124-10,KNQA20151124_125328_V06,2,1.450,1.200,15376,0,420.456,417,0,200.811
KNQA20151124-10,KNQA20151124_125328_V06,4,2.417,1.200,7688,0,60.030,13,0,45.283
KNQA20151124-10,KNQA20151124_125328_V06,5,3.384,1.200,7701,0,12.712,3,0,10.684
KNQA20151124-10,KNQA20151124_125328_V06,6,4.307,1.200,7698,0,14.837,4,0,13.458
KNQA20151124-10,KNQA20151124_125328_V06,7,6.021,1.200,7730,0,7.594,1,0,7.493
KNQA20151124-2,KNQA20151124_114433_V06,0,0.483,1.200,2677,50,612490.232,156,50,608580.931
KNQA20151124-2,KNQA20151124_114433_V06,2,1.494,1.200,2684,13,350858.796,27,13,350483.209
KNQA20151124-2,KNQA20151124_114433_V06,4,2.505,1.200,1341,0,9.928,1,0,9.797
KNQA20151124-2,KNQA20151124_114433_V06,5,3.516,1.200,1348,0,1.264,0,0,1.264
KNQA20151124-2,KNQA20151124_114433_V06,6,4.482,1.200,1344,0,0.670,0,0,0.670
KNQA20151124-2,KNQA20151124_115420_V06,0,0.483,1.200,7349,29,514614.304,410,29,507551.145
KNQA20151124-2,KNQA20151124_115420_V06,2,1.494,1.200,7361,0,9587.022,295,0,9277.034
KNQA20151124-2,KNQA20151124_115420_V06,4,2.505,1.200,3678,0,15.331,1,0,15.222
KNQA20151124-2,KNQA20151124_115420_V06,5,3.516,1.200,3681,0,3.278,8,0,2.576
KNQA20151124-2,KNQA20151124_115420_V06,6,4.482,1.200,3686,0,2.385,3,0,2.228
KNQA20151124-2,KNQA20151124_120407_V06,0,0.483,1.200,14821,85,763337.646,1226,85,757899.828
KNQA20151124-2,KNQA20151124_120407_V06,2,1.494,1.200,14832,0,8070.499,526,0,7611.871
KNQA20151124-2,KNQA20151124_120407_V06,4,2.505,1.200,7420,0,29.533,13,0,14.120
KNQA20151124-2,KNQA20151124_120407_V06,5,3.516,1.200,7431,0,10.101,7,0,9.091
KNQA20151124-2,KNQA20151124_120407_V06,6,4.482,1.200,7440,0,4.277,3,0,4.092
KNQA20151124-14,KNQA20151124_123337_V06,0,0.483,1.200,870,0,36423.776,38,0,34862.408
KNQA20151124-14,KNQA20151124_123337_V06,2,1.450,1.200,870,0,9.168,17,0,4.034
KNQA20151124-14,KNQA20151124_123337_V06,4,2.417,1.200,438,0,0.297,0,0,0.297
KNQA20151124-14,KNQA20151124_123337_V06,5,3.384,1.200,436,0,0.296,0,0,0.296
KNQA20151124-14,KNQA20151124_123337_V06,6,4.307,1.200,437,0,0.297,0,0,0.297
KNQA20151124-14,KNQA20151124_123337_V06,7,6.021,1.200,440,0,0.301,0,0,0.301
KNQA20151124-14,KNQA20151124_123836_V06,0,0.483,1.200,3476,0,132669.837,191,0,129236.715
KNQA20151124-14,KNQA20151124_123836_V06,2,1.450,1.200,3480,0,24.270,14,0,19.423
KNQA20151124-14,KNQA20151124_123836_V06,4,2.417,1.200,1744,0,1.211,0,0,1.211
KNQA20151124-14,KNQA20151124_123836_V06,5,3.384,1.200,1744,0,1.214,0,0,1.214
KNQA20151124-14,KNQA20151124_123836_V06,6,4.307,1.200,1742,0,1.214,0,0,1.214
KNQA20151124-14,KNQA20151124_123836_V06,7,6.021,1.200,1749,0,1.227,0,0,1.227
KNQA20151124-14,KNQA20151124_124333_V06,0,0.483,1.200,5007,0,93192.399,366,0,87306.971
KNQA20151124-14,KNQA20151124_124333_V06,2,1.450,1.200,5013,0,53.301,41,0,36.564
KNQA20151124-14,KNQA20151124_124333_V06,4,2.417,1.200,2504,0,1.739,0,0,1.739
KNQA20151124-14,KNQA20151124_124333_V06,5,3.384,1.200,2513,0,1.748,0,0,1.748
KNQA20151124-14,KNQA20151124_124333_V06,6,4.307,1.200,2516,0,1.755,0,0,1.755
KNQA20151124-14,KNQA20151124_124333_V06,7,6.021,1.200,2519,0,1.766,0,0,1.766
KNQA20151124-4,KNQA20151124_114433_V06,0,0.483,1.200,1503,0,29838.294,88,0,29350.309
KNQA20151124-4,KNQA20151124_114433_V06,2,1.494,1.200,1501,0,3.849,4,0,1.982
KNQA20151124-4,KNQA20151124_114433_V06,4,2.505,1.200,754,0,1.061,0,0,1.061
KNQA20151124-4,KNQA20151124_114433_V06,5,3.516,1.200,753,0,1.063,0,0,1.063
KNQA20151124-4,KNQA20151124_114433_V06,6,4.482,1.200,752,0,1.064,0,0,1.064
KNQA20151124-4,KNQA20151124_115420_V06,0,0.483,1.200,5554,0,110993.511,364,0,109808.529
KNQA20151124-4,KNQA20151124_115420_V06,2,1.494,1.200,5559,0,216.245,41,0,190.167
KNQA20151124-4,KNQA20151124_115420_V06,4,2.505,1.200,2775,0,10.748,0,0,10.748
KNQA20151124-4,KNQA20151124_115420_V06,5,3.516,1.200,2783,0,3.008,0,0,3.008
KNQA20151124-4,KNQA20151124_115420_V06,6,4.482,1.200,2789,0,3.025,0,0,3.025
KNQA20151124-12,KNQA20151124_122839_V06,0,0.483,1.200,228,0,4641.926,17,0,4590.888
KNQA20151124-12,KNQA20151124_122839_V06,2,1.450,1.200,225,0,0.233,0,0,0.233
KNQA20151124-12,KNQA20151124_122839_V06,4,2.417,1.200,114,0,0.237,0,0,0.237
KNQA20151124-12,KNQA20151124_122839_V06,5,3.384,1.200,116,0,0.241,0,0,0.241
KNQA20151124-12,KNQA20151124_123337_V06,0,0.483,1.200,1349,0,4113.387,123,0,3387.569
KNQA20151124-12,KNQA20151124_123337_V06,2,1.450,1.200,1349,0,5.398,1,0,3.611
KNQA20151124-12,KNQA20151124_123337_V06,4,2.417,1.200,667,0,1.366,0,0,1.366
KNQA20151124-12,KNQA20151124_123337_V06,5,3.384,1.200,674,0,1.385,0,0,1.385
KNQA20151124-17,KNQA20151124_130821_V06,0,0.483,1.200,5116,0,45677.630,411,0,42772.382
KNQA20151124-17,KNQA20151124_130821_V06,2,1.450,1.200,5119,0,9.504,1,0,8.645
KNQA20151124-17,KNQA20151124_130821_V06,4,2.417,1.200,2554,0,3.501,0,0,3.501
KNQA20151124-17,KNQA20151124_130821_V06,5,3.384,1.200,2556,0,3.510,0,0,3.510
KNQA20151124-17,KNQA20151124_130821_V06,6,4.307,1.200,2563,0,3.531,0,0,3.531
KNQA20151124-17,KNQA20151124_131317_V06,0,0.483,1.200,9328,0,62620.622,783,0,56732.848
KNQA20151124-17,KNQA20151124_131317_V06,2,1.450,1.200,9328,0,16.005,7,0,11.640
KNQA20151124-17,KNQA20151124_131317_V06,4,2.417,1.200,4661,0,7.033,0,0,7.033
KNQA20151124-17,KNQA20151124_131317_V06,5,3.384,1.200,4669,0,6.313,0,0,6.313
KNQA20151124-17,KNQA20151124_131317_V06,6,4.307,1.200,4673,0,6.336,0,0,6.336
KNQA20151124-1,KNQA20151124_114433_V06,0,0.483,1.200,1402,9,704089.050,52,9,703144.027
KNQA20151124-1,KNQA20151124_114433_V06,2,1.494,1.200,1407,0,327.710,13,0,305.996
KNQA20151124-1,KNQA20151124_114433_V06,4,2.505,1.200,698,0,1.288,0,0,1.288
KNQA20151124-1,KNQA20151124_114433_V06,5,3.516,1.200,706,0,1.306,0,0,1.306
KNQA20151124-1,KNQA20151124_115420_V06,0,0.483,1.200,697,38,914919.459,8,38,914396.364
KNQA20151124-1,KNQA20151124_115420_V06,2,1.494,1.200,696,0,522.283,6,0,511.963
KNQA20151124-1,KNQA20151124_115420_V06,4,2.505,1.200,355,0,0.676,0,0,0.676
KNQA20151124-1,KNQA20151124_115420_V06,5,3.516,1.200,351,0,0.671,0,0,0.671
KNQA20151124-5,KNQA20151124_115420_V06,0,0.483,1.200,86,1,63079.047,0,1,63079.047
KNQA20151124-5,KNQA20151124_115420_V06,2,1.494,1.200,86,0,1.394,4,0,0.039
KNQA20151124-5,KNQA20151124_115420_V06,4,2.505,1.200,41,0,0.039,0,0,0.039
KNQA20151124-5,KNQA20151124_115420_V06,5,3.516,1.200,42,0,0.040,0,0,0.040
KNQA20151124-5,KNQA20151124_115420_V06,6,4.482,1.200,42,0,0.040,0,0,0.040
KNQA20151124-9,KNQA20151124_120407_V06,0,0.483,1.200,1706,0,193723.213,63,0,191908.875
KNQA20151124-9,KNQA20151124_120407_V06,2,1.494,1.200,1702,0,2.506,0,0,2.506
KNQA20151124-9,KNQA20151124_120407_V06,4,2.505,1.200,853,0,2.515,0,0,2.515
KNQA20151124-13,KNQA20151124_122839_V06,0,0.483,1.200,332,0,20687.670,11,0,19521.034
KNQA20151124-13,KNQA20151124_122839_V06,2,1.450,1.200,333,0,0.892,0,0,0.892
KNQA20151124-13,KNQA20151124_122839_V06,4,2.417,1.200,170,0,0.114,0,0,0.114
KNQA20151124-13,KNQA20151124_122839_V06,5,3.384,1.200,169,0,0.114,0,0,0.114
KNQA20151124-13,KNQA20151124_122839_V06,6,4.307,1.200,167,0,0.113,0,0,0.113
KNQA20151124-13,KNQA20151124_122839_V06,7,6.021,1.200,169,0,0.114,0,0,0.114
KNQA20151124-18,KNQA20151124_133029_V06,0,0.483,1.200,5718,0,113099.568,322,0,108379.346
KNQA20151124-18,KNQA20151124_133029_V06,2,1.494,1.200,5724,0,11.911,4,0,6.963
KNQA20151124-18,KNQA20151124_133029_V06,4,2.505,1.200,2870,0,5.219,0,0,5.219
KNQA20151124-18,KNQA20151124_133029_V06,5,3.516,1.200,2869,0,5.234,0,0,5.234
KNQA20151125-6,KNQA20151125_122314_V06,0,0.483,1.200,1786,5,42817.618,36,5,42432.640
KNQA20151125-6,KNQA20151125_122314_V06,2,1.494,1.200,1789,0,18.877,116,0,16.036
KNQA20151125-6,KNQA20151125_122314_V06,4,2.505,1.200,892,0,1.598,3,0,1.257
KNQA20151125-6,KNQA20151125_122314_V06,5,3.516,1.200,893,0,0.320,0,0,0.320
KNQA20151125-6,KNQA20151125_122314_V06,6,4.482,1.200,898,0,0.426,0,0,0.426
KNQA20151125-6,KNQA20151125_123301_V06,0,0.483,1.200,9476,37,300718.357,221,36,297642.781
KNQA20151125-6,KNQA20151125_123301_V06,2,1.494,1.200,9481,0,94.483,626,0,77.616
KNQA20151125-6,KNQA20151125_123301_V06,4,2.505,1.200,4762,0,9.489,91,0,8.621
KNQA20151125-6,KNQA20151125_123301_V06,5,3.516,1.200,4758,0,2.030,14,0,1.950
KNQA20151125-6,KNQA20151125_123301_V06,6,4.482,1.200,4760,0,1.934,5,0,1.842
KNQA20151125-6,KNQA20151125_124248_V06,0,0.483,1.200,39685,424,873140.714,2992,392,839097.091
KNQA20151125-6,KNQA20151125_124248_V06,2,1.450,1.200,39709,103,65481.255,3128,94,60844.309
KNQA20151125-6,KNQA20151125_124248_V06,4,2.417,1.200,19858,2,5220.314,702,1,3859.999
KNQA20151125-6,KNQA20151125_124248_V06,5,3.384,1.200,19884,1,882.875,884,0,557.896
KNQA20151125-6,KNQA20151125_124248_V06,6,4.307,1.200,19909,0,220.568,873,0,112.357
KNQA20151125-6,KNQA20151125_124248_V06,7,6.021,1.200,19957,0,6.767,876,0,5.299
KNQA20151125-6,KNQA20151125_124248_V06,8,9.888,1.200,20176,0,6.056,764,0,4.279
KNQA20151125-6,KNQA20151125_124745_V06,0,0.483,1.200,70879,253,1068798.274,8286,215,985142.274
KNQA20151125-6,KNQA20151125_124745_V06,2,1.450,1.200,70901,22,67338.841,8307,17,56959.573
KNQA20151125-6,KNQA20151125_124745_V06,4,2.417,1.200,35465,1,4100.620,1903,1,2339.295
KNQA20151125-6,KNQA20151125_124745_V06,5,3.384,1.200,35501,0,464.026,1834,0,304.074
KNQA20151125-6,KNQA20151125_124745_V06,6,4.307,1.200,35533,4,413.130,2099,4,287.077
KNQA20151125-6,KNQA20151125_124745_V06,7,6.021,1.200,35666,0,13.015,2434,0,8.888
KNQA20151125-6,KNQA20151125_124745_V06,8,9.888,1.200,36034,0,6.560,1734,0,5.318
KNQA20151125-9,KNQA20151125_132716_V06,0,0.483,1.200,12452,0,96332.057,1029,0,6993.249
KNQA20151125-9,KNQA20151125_133918_V06,0,0.483,1.200,17458,0,132138.664,1566,0,8396.588
KNQA20151125-9,KNQA20151125_134904_V06,0,0.483,1.200,15937,0,120147.945,1436,0,8705.496
KNQA20151125-1,KNQA20151125_115354_V06,0,0.483,1.200,163,0,1346.789,2,0,1346.155
KNQA20151125-1,KNQA20151125_115354_V06,2,1.494,1.200,163,0,0.060,0,0,0.060
KNQA20151125-1,KNQA20151125_115354_V06,4,2.505,1.200,82,0,0.060,0,0,0.060
KNQA20151125-1,KNQA20151125_115354_V06,5,3.516,1.200,83,0,0.061,0,0,0.061
KNQA20151125-1,KNQA20151125_115354_V06,6,4.482,1.200,84,0,0.062,0,0,0.062
KNQA20151125-1,KNQA20151125_120341_V06,0,0.483,1.200,5137,0,6604.101,281,0,6082.082
KNQA20151125-1,KNQA20151125_120341_V06,2,1.494,1.200,5129,0,10.796,5,0,8.892
KNQA20151125-1,KNQA20151125_120341_V06,4,2.505,1.200,2570,0,1.820,0,0,1.820
KNQA20151125-1,KNQA20151125_120341_V06,5,3.516,1.200,2574,0,1.827,0,0,1.827
KNQA20151125-1,KNQA20151125_120341_V06,6,4.482,1.200,2574,0,1.833,0,0,1.833
KNQA20151125-7,KNQA20151125_124248_V06,0,0.483,1.200,2602,0,936839.404,17,0,936698.543
KNQA20151125-7,KNQA20151125_124248_V06,2,1.450,1.200,2605,0,47.107,1,0,45.439
KNQA20151125-7,KNQA20151125_124248_V06,4,2.417,1.200,1306,0,2.472,0,0,2.472
KNQA20151125-7,KNQA20151125_124248_V06,5,3.384,1.200,1308,0,2.482,0,0,2.482
KNQA20151125-7,KNQA20151125_124745_V06,0,0.483,1.200,4860,0,676549.764,29,0,676190.436
KNQA20151125-7,KNQA20151125_124745_V06,2,1.450,1.200,4863,0,31.930,1,0,28.762
KNQA20151125-7,KNQA20151125_124745_V06,4,2.417,1.200,2435,0,4.596,0,0,4.596
KNQA20151125-7,KNQA20151125_124745_V06,5,3.384,1.200,2440,0,4.616,0,0,4.616
KNQA20151125-3,KNQA20151125_115354_V06,0,0.483,1.200,4459,0,995668.164,105,0,991804.492
KNQA20151125-3,KNQA20151125_115354_V06,2,1.494,1.200,4477,0,3657.850,18,0,3515.772
KNQA20151125-3,KNQA20151125_115354_V06,4,2.505,1.200,2228,0,4.299,0,0,4.299
KNQA20151125-3,KNQA20151125_115354_V06,5,3.516,1.200,2233,0,4.318,0,0,4.318
KNQA20151125-4,KNQA20151125_120341_V06,0,0.483,1.200,2580,2,139884.270,187,2,138037.216
KNQA20151125-4,KNQA20151125_120341_V06,2,1.494,1.200,2584,0,17.079,13,0,11.195
KNQA20151125-4,KNQA20151125_120341_V06,4,2.505,1.200,1291,0,0.759,0,0,0.759
KNQA20151125-4,KNQA20151125_120341_V06,5,3.516,1.200,1286,0,0.572,0,0,0.572
KNQA20151125-4,KNQA20151125_120341_V06,6,4.482,1.200,1289,0,0.574,0,0,0.574
KNQA20151125-10,KNQA20151125_135850_V06,0,0.483,1.200,1599,0,5226.863,12,0,5208.348
KNQA20151125-10,KNQA20151125_135850_V06,2,1.494,1.200,1598,0,1.545,0,0,1.545
KNQA20151125-10,KNQA20151125_135850_V06,4,2.505,1.200,800,0,1.548,0,0,1.548
KNQA20151125-10,KNQA20151125_135850_V06,5,3.516,1.200,802,0,1.557,0,0,1.557
KNQA20151126-4,KNQA20151126_122923_V06,0,0.483,1.200,2020,0,18200.423,83,0,17144.761
KNQA20151126-4,KNQA20151126_122923_V06,2,1.494,1.200,2022,0,3.211,20,0,2.415
KNQA20151126-4,KNQA20151126_122923_V06,4,2.505,1.200,1010,0,1.786,3,0,1.565
KNQA20151126-4,KNQA20151126_122923_V06,5,3.516,1.200,1015,0,0.445,1,0,0.434
KNQA20151126-4,KNQA20151126_122923_V06,6,4.482,1.200,1015,0,0.539,1,0,0.430
KNQA20151126-4,KNQA20151126_123909_V06,0,0.483,1.200,23728,186,348725.341,1014,185,342605.778
KNQA20151126-4,KNQA20151126_123909_V06,2,1.494,1.200,23741,0,157.462,1421,0,135.961
KNQA20151126-4,KNQA20151126_123909_V06,4,2.505,1.200,11876,0,14.922,110,0,14.379
KNQA20151126-4,KNQA20151126_123909_V06,5,3.516,1.200,11882,0,6.592,54,0,6.432
KNQA20151126-4,KNQA20151126_123909_V06,6,4.482,1.200,11904,0,18.838,116,0,17.361
KNQA20151126-4,KNQA20151126_124853_V06,0,0.483,1.200,80532,150,887159.115,8845,124,818132.093
KNQA20151126-4,KNQA20151126_124853_V06,2,1.450,1.200,80564,22,60413.561,6634,14,51252.218
KNQA20151126-4,KNQA20151126_124853_V06,4,2.417,1.200,40293,6,2696.510,1336,3,1657.890
KNQA20151126-4,KNQA20151126_124853_V06,5,3.384,1.200,40346,0,700.580,881,0,483.391
KNQA20151126-4,KNQA20151126_124853_V06,6,4.307,1.200,40405,0,47.516,943,0,35.120
KNQA20151126-4,KNQA20151126_124853_V06,7,6.021,1.200,40520,0,44.970,1671,0,30.370
KNQA20151126-4,KNQA20151126_124853_V06,8,9.888,1.200,40936,0,36.775,3037,0,12.843
KNQA20151126-5,KNQA20151126_123909_V06,0,0.483,1.200,1143,0,446203.636,162,0,442232.345
KNQA20151126-5,KNQA20151126_123909_V06,2,1.494,1.200,1144,0,4363.040,376,0,187.864
KNQA20151126-5,KNQA20151126_123909_V06,4,2.505,1.200,580,0,1.539,0,0,1.539
KNQA20151126-5,KNQA20151126_124853_V06,0,0.483,1.200,4740,0,841188.641,301,0,832269.695
KNQA20151126-5,KNQA20151126_124853_V06,2,1.450,1.200,4745,0,5416.017,522,0,666.550
KNQA20151126-5,KNQA20151126_124853_V06,4,2.417,1.200,2374,0,6.724,0,0,6.724
KNQA20151126-5,KNQA20151126_125350_V06,0,0.483,1.200,5712,0,843111.668,339,0,834161.306
KNQA20151126-5,KNQA20151126_125350_V06,2,1.450,1.200,5707,0,7459.083,731,0,826.754
KNQA20151126-5,KNQA20151126_125350_V06,4,2.417,1.200,2836,0,8.519,0,0,8.519
KNQA20151126-1,KNQA20151126_115024_V06,0,0.483,1.200,2873,1,437420.038,127,1,435712.472
KNQA20151126-1,KNQA20151126_115024_V06,2,1.494,1.200,2872,0,41.313,19,0,38.565
KNQA20151126-1,KNQA20151126_115024_V06,4,2.505,1.200,1432,0,0.860,0,0,0.860
KNQA20151126-1,KNQA20151126_115024_V06,5,3.516,1.200,1437,0,0.865,0,0,0.865
KNQA20151126-1,KNQA20151126_115024_V06,6,4.482,1.200,1437,0,5.707,0,0,5.707
KNQA20151126-1,KNQA20151126_120009_V06,0,0.483,1.200,7526,0,118009.599,295,0,117489.846
KNQA20151126-1,KNQA20151126_120009_V06,2,1.494,1.200,7532,0,9.788,8,0,8.603
KNQA20151126-1,KNQA20151126_120009_V06,4,2.505,1.200,3771,0,2.360,0,0,2.360
KNQA20151126-1,KNQA20151126_120009_V06,5,3.516,1.200,3781,0,2.753,0,0,2.753
KNQA20151126-1,KNQA20151126_120009_V06,6,4.482,1.200,3776,0,8.173,0,0,8.173
KNQA20151126-1,KNQA20151126_120954_V06,0,0.483,1.200,14842,0,108084.089,572,0,107539.278
KNQA20151126-1,KNQA20151126_120954_V06,2,1.494,1.200,14850,0,14.009,15,0,12.983
KNQA20151126-1,KNQA20151126_120954_V06,4,2.505,1.200,7435,0,5.617,1,0,5.582
KNQA20151126-1,KNQA20151126_120954_V06,5,3.516,1.200,7443,0,5.106,0,0,5.106
KNQA20151126-1,KNQA20151126_120954_V06,6,4.482,1.200,7447,0,12.353,13,0,9.956
KNQA20151126-1,KNQA20151126_121938_V06,0,0.483,1.200,2524,0,68048.285,65,0,67898.931
KNQA20151126-1,KNQA20151126_121938_V06,2,1.494,1.200,2522,0,3.057,2,0,2.899
KNQA20151126-1,KNQA20151126_121938_V06,4,2.505,1.200,1259,0,0.785,0,0,0.785
KNQA20151126-1,KNQA20151126_121938_V06,5,3.516,1.200,1261,0,1.049,0,0,1.049
KNQA20151126-1,KNQA20151126_121938_V06,6,4.482,1.200,1262,0,0.791,0,0,0.791
KNQA20151126-2,KNQA20151126_115024_V06,0,0.483,1.200,522,0,20659.015,182,0,396.527
KNQA20151126-2,KNQA20151126_115024_V06,2,1.494,1.200,520,0,1.751,0,0,1.751
KNQA20151126-2,KNQA20151126_120009_V06,0,0.483,1.200,2649,0,23390.941,232,0,501.387
KNQA20151126-2,KNQA20151126_120009_V06,2,1.494,1.200,2659,0,9.050,0,0,9.050
KNQA20151126-6,KNQA20151126_140434_V06,0,0.483,1.200,469,0,9095.586,14,0,9075.444
KNQA20151126-6,KNQA20151126_140434_V06,2,1.494,1.200,472,0,0.141,0,0,0.141
KNQA20151126-6,KNQA20151126_140434_V06,4,2.505,1.200,237,0,0.142,0,0,0.142
KNQA20151126-6,KNQA20151126_140434_V06,5,3.516,1.200,236,0,0.142,0,0,0.142
KNQA20151126-6,KNQA20151126_140434_V06,6,4.482,1.200,236,0,1.116,0,0,1.116
KNQA20151127-1,KNQA20151127_120902_V06,0,0.483,1.200,4379,0,533037.591,1056,0,28557.963
KNQA20151127-1,KNQA20151127_121452_V06,0,0.483,1.200,6411,0,1113444.798,2018,0,57478.695
KNQA20151127-2,KNQA20151127_120902_V06,0,0.483,1.200,15764,0,401591.805,1543,0,36773.744
KNQA20151127-2,KNQA20151127_120902_V06,2,1.450,1.200,15779,0,2110776.252,8643,0,93360.995
KNQA20151127-2,KNQA20151127_121452_V06,0,0.483,1.200,18466,0,880793.711,2400,0,67754.734
KNQA20151127-2,KNQA20151127_121452_V06,2,1.450,1.200,18481,0,2543704.908,10525,0,114722.001
KNQA20151127-2,KNQA20151127_122042_V06,0,0.483,1.200,10184,0,924316.813,1874,0,45365.671
KNQA20151127-2,KNQA20151127_122632_V06,0,0.483,1.200,12715,0,1700577.088,2912,0,66958.099
KNQA20151127-8,KNQA20151127_134038_V06,0,0.483,1.200,828,0,943214.574,667,0,10711.523
KNQA20151127-8,KNQA20151127_134629_V06,0,0.483,1.200,2034,0,724034.531,1232,0,28753.503
KNQA20151127-8,KNQA20151127_135218_V06,0,0.483,1.200,3822,0,777488.678,1923,0,24903.904
KNQA20151127-8,KNQA20151127_135807_V06,0,0.483,1.200,3146,0,517342.757,1889,0,15664.814
KNQA20151127-8,KNQA20151127_135807_V06,2,1.450,1.200,3151,0,103778.808,700,0,13687.530
KNQA20151127-14,KNQA20151127_140357_V06,0,0.483,1.200,8962,0,139735.126,2619,0,16467.252
KNQA20151127-14,KNQA20151127_140357_V06,2,1.450,1.200,8955,0,368980.554,4887,0,7805.690
KNQA20151127-14,KNQA20151127_140357_V06,4,2.417,1.200,4483,0,283004.769,2043,0,58450.692
KNQA20151127-14,KNQA20151127_140947_V06,0,0.483,1.200,14132,0,205424.249,4035,0,18269.182
KNQA20151127-14,KNQA20151127_140947_V06,2,1.450,1.200,14151,0,380130.323,6970,0,8426.269
KNQA20151127-14,KNQA20151127_140947_V06,4,2.417,1.200,7083,0,304512.142,2943,0,46630.680
KNQA20151127-15,KNQA20151127_140357_V06,0,0.483,1.200,2784,0,26992.804,962,0,1291.592
KNQA20151127-15,KNQA20151127_140357_V06,2,1.450,1.200,2793,0,40272.583,1124,0,102.168
KNQA20151127-15,KNQA20151127_140357_V06,4,2.417,1.200,1398,0,44718.831,591,0,102.736
KNQA20151127-15,KNQA20151127_140357_V06,5,3.384,1.200,1397,0,46134.597,890,0,2311.660
KNQA20151127-15,KNQA20151127_140357_V06,6,4.307,1.200,1398,0,31337.849,784,0,9862.109
KNQA20151127-15,KNQA20151127_140947_V06,0,0.483,1.200,7068,0,35589.991,2424,0,2802.098
KNQA20151127-15,KNQA20151127_140947_V06,2,1.450,1.200,7069,0,38726.203,2527,0,573.243
KNQA20151127-15,KNQA20151127_140947_V06,4,2.417,1.200,3545,0,54158.261,1711,0,377.343
KNQA20151127-15,KNQA20151127_140947_V06,5,3.384,1.200,3548,0,74069.996,2496,0,5289.132
KNQA20151127-15,KNQA20151127_140947_V06,6,4.307,1.200,3550,0,57802.351,2035,0,11057.346
KNQA20151127-5,KNQA20151127_124954_V06,0,0.483,1.200,22054,1,152638.052,1788,1,142400.753
KNQA20151127-5,KNQA20151127_124954_V06,2,1.450,1.200,22065,0,94.718,1472,0,57.810
KNQA20151127-5,KNQA20151127_124954_V06,4,2.417,1.200,11036,0,16.838,118,0,9.457
KNQA20151127-5,KNQA20151127_124954_V06,5,3.384,1.200,11044,0,65.158,125,0,25.340
KNQA20151127-5,KNQA20151127_124954_V06,6,4.307,1.200,11064,0,3187.121,693,0,130.238
KNQA20151127-5,KNQA20151127_124954_V06,7,6.021,1.200,11100,0,61184.126,3325,0,431.571
KNQA20151127-5,KNQA20151127_124954_V06,8,9.888,1.200,11199,0,32388.211,7847,0,426.740
KNQA20151129-3,KNQA20151129_123830_V06,0,0.483,1.200,4110,0,944272.556,135,0,931633.457
KNQA20151129-3,KNQA20151129_123830_V06,2,1.450,1.200,4117,0,4789.975,68,0,3564.880
KNQA20151129-3,KNQA20151129_123830_V06,4,2.417,1.200,2058,0,3.743,0,0,3.743
KNQA20151129-3,KNQA20151129_123830_V06,5,3.384,1.200,2063,0,3.761,0,0,3.761
KNQA20151129-3,KNQA20151129_124354_V06,0,0.483,1.200,7951,0,1075789.023,239,0,1059090.619
KNQA20151129-3,KNQA20151129_124354_V06,2,1.450,1.200,7966,0,9049.615,135,0,7841.308
KNQA20151129-3,KNQA20151129_124354_V06,4,2.417,1.200,3955,0,7.095,0,0,7.095
KNQA20151129-3,KNQA20151129_124354_V06,5,3.384,1.200,3958,0,7.116,0,0,7.116
KNQA20151129-3,KNQA20151129_124851_V06,0,0.483,1.200,9215,0,1119694.745,236,0,1096537.762
KNQA20151129-3,KNQA20151129_124851_V06,2,1.450,1.200,9213,0,13860.204,179,0,12286.007
KNQA20151129-3,KNQA20151129_124851_V06,4,2.417,1.200,4662,0,7.679,0,0,7.679
KNQA20151129-3,KNQA20151129_124851_V06,5,3.384,1.200,4671,0,7.712,0,0,7.712
KNQA20151129-3,KNQA20151129_124851_V06,6,4.307,1.200,4675,0,7.736,0,0,7.736
KNQA20151129-3,KNQA20151129_125347_V06,0,0.483,1.200,9075,0,975623.097,291,0,952302.923
KNQA20151129-3,KNQA20151129_125347_V06,2,1.450,1.200,9092,0,18153.987,231,0,16819.822
KNQA20151129-3,KNQA20151129_125347_V06,4,2.417,1.200,4557,0,10.080,0,0,10.080
KNQA20151129-3,KNQA20151129_125347_V06,5,3.384,1.200,4556,0,7.155,0,0,7.155
KNQA20151129-3,KNQA20151129_125347_V06,6,4.307,1.200,4560,0,7.176,0,0,7.176
KNQA20151129-6,KNQA20151129_125844_V06,0,0.483,1.200,83,0,10481.371,4,0,10268.932
KNQA20151129-6,KNQA20151129_125844_V06,2,1.450,1.200,84,0,0.066,0,0,0.066
KNQA20151129-6,KNQA20151129_125844_V06,4,2.417,1.200,44,0,0.070,0,0,0.070
KNQA20151129-6,KNQA20151129_125844_V06,5,3.384,1.200,44,0,0.070,0,0,0.070
KNQA20151129-6,KNQA20151129_125844_V06,6,4.307,1.200,44,0,0.070,0,0,0.070
KNQA20151129-6,KNQA20151129_130341_V06,0,0.483,1.200,925,0,22411.371,15,0,22130.346
KNQA20151129-6,KNQA20151129_130341_V06,2,1.450,1.200,925,0,3.001,1,0,1.484
KNQA20151129-6,KNQA20151129_130341_V06,4,2.417,1.200,463,0,0.733,0,0,0.733
KNQA20151129-6,KNQA20151129_130341_V06,5,3.384,1.200,462,0,0.733,0,0,0.733
KNQA20151129-6,KNQA20151129_130341_V06,6,4.307,1.200,461,0,0.733,0,0,0.733
KNQA20151129-10,KNQA20151129_132328_V06,0,0.483,1.200,3894,0,66742.668,1085,0,314.169
KNQA20151129-10,KNQA20151129_132328_V06,2,1.450,1.200,3897,0,31025.651,692,0,223.166
KNQA20151129-10,KNQA20151129_132328_V06,4,2.417,1.200,1947,0,31213.883,165,0,2943.699
KNQA20151129-10,KNQA20151129_132328_V06,5,3.384,1.200,1947,0,11570.454,96,0,777.772
KNQA20151129-10,KNQA20151129_132824_V06,0,0.483,1.200,7370,0,123564.522,1384,0,587.047
KNQA20151129-10,KNQA20151129_132824_V06,2,1.450,1.200,7377,0,102581.224,827,0,314.680
KNQA20151129-10,KNQA20151129_132824_V06,4,2.417,1.200,3704,0,123091.485,185,0,8179.464
KNQA20151129-10,KNQA20151129_132824_V06,5,3.384,1.200,3704,0,33445.995,201,0,91.217
KNQA20151129-10,KNQA20151129_133321_V06,0,0.483,1.200,9287,0,103346.898,1200,0,694.520
KNQA20151129-10,KNQA20151129_133321_V06,2,1.450,1.200,9284,0,90060.022,643,0,1576.717
KNQA20151129-10,KNQA20151129_133321_V06,4,2.417,1.200,4639,0,111353.336,187,0,7749.041
KNQA20151129-2,KNQA20151129_120635_V06,0,0.483,1.200,1570,0,20621.982,115,0,19656.515
KNQA20151129-2,KNQA20151129_120635_V06,2,1.450,1.200,1573,0,184.676,14,0,178.190
KNQA20151129-2,KNQA20151129_120635_V06,4,2.417,1.200,787,0,0.374,0,0,0.374
KNQA20151129-2,KNQA20151129_120635_V06,5,3.384,1.200,787,0,0.375,0,0,0.375
KNQA20151129-2,KNQA20151129_120635_V06,6,4.307,1.200,790,0,3.372,0,0,3.372
KNQA20151129-2,KNQA20151129_120635_V06,7,6.021,1.200,788,0,13.469,6,0,1.682
KNQA20151129-4,KNQA20151129_123830_V06,0,0.483,1.200,388,0,76953.130,21,0,75863.497
KNQA20151129-4,KNQA20151129_123830_V06,2,1.450,1.200,390,0,395.152,37,0,340.085
KNQA20151129-4,KNQA20151129_123830_V06,4,2.417,1.200,194,0,0.132,0,0,0.132
KNQA20151129-4,KNQA20151129_123830_V06,5,3.384,1.200,193,0,0.131,0,0,0.131
KNQA20151129-4,KNQA20151129_123830_V06,6,4.307,1.200,193,0,0.132,0,0,0.132
KNQA20151129-4,KNQA20151129_123830_V06,7,6.021,1.200,194,0,0.133,0,0,0.133
KNQA20151129-15,KNQA20151129_134812_V06,0,0.483,1.200,37942,52,34738.364,4162,45,29950.961
KNQA20151129-15,KNQA20151129_134812_V06,2,1.450,1.200,37961,2,92.148,9135,0,51.405
KNQA20151129-15,KNQA20151129_134812_V06,4,2.417,1.200,18992,0,17.544,3742,0,12.431
KNQA20151129-15,KNQA20151129_134812_V06,5,3.384,1.200,19017,0,8.462,4535,0,4.811
KNQA20151129-15,KNQA20151129_134812_V06,6,4.307,1.200,19039,0,8.396,4322,0,6.213
KNQA20151129-15,KNQA20151129_134812_V06,7,6.021,1.200,19105,0,3.968,3435,0,2.922
KNQA20151129-15,KNQA20151129_134812_V06,8,9.888,1.200,19337,0,4.164,1691,0,2.442
KNQA20151130-7,KNQA20151130_123239_V06,0,0.483,1.200,2315,0,558237.481,79,0,548226.387
KNQA20151130-7,KNQA20151130_123239_V06,2,1.450,1.200,2319,0,31.981,1,0,28.895
KNQA20151130-7,KNQA20151130_123239_V06,4,2.417,1.200,1166,0,2.821,0,0,2.821
KNQA20151130-7,KNQA20151130_123239_V06,5,3.384,1.200,1167,0,2.831,0,0,2.831
KNQA20151130-7,KNQA20151130_123802_V06,0,0.483,1.200,4757,0,1107188.411,186,0,1081043.442
KNQA20151130-7,KNQA20151130_123802_V06,2,1.450,1.200,4765,0,282.196,8,0,233.819
KNQA20151130-7,KNQA20151130_123802_V06,4,2.417,1.200,2392,0,5.829,0,0,5.829
KNQA20151130-7,KNQA20151130_123802_V06,5,3.384,1.200,2389,0,5.830,0,0,5.830
KNQA20151130-7,KNQA20151130_124258_V06,0,0.483,1.200,6248,0,1372905.498,240,0,1352053.736
KNQA20151130-7,KNQA20151130_124258_V06,2,1.450,1.200,6255,0,1011.111,25,0,914.714
KNQA20151130-7,KNQA20151130_124258_V06,4,2.417,1.200,3113,0,7.876,0,0,7.876
KNQA20151130-7,KNQA20151130_124258_V06,5,3.384,1.200,3117,0,7.901,0,0,7.901
KNQA20151130-7,KNQA20151130_124755_V06,0,0.483,1.200,8346,0,1708264.210,310,0,1672791.856
KNQA20151130-7,KNQA20151130_124755_V06,2,1.450,1.200,8349,0,3011.228,36,0,2800.814
KNQA20151130-7,KNQA20151130_124755_V06,4,2.417,1.200,4143,0,10.830,0,0,10.830
KNQA20151130-7,KNQA20151130_125251_V06,0,0.483,1.200,10645,0,1806833.879,340,0,1772480.381
KNQA20151130-7,KNQA20151130_125251_V06,2,1.450,1.200,10649,0,4043.063,54,0,3758.448
KNQA20151130-7,KNQA20151130_125251_V06,4,2.417,1.200,5387,0,14.452,0,0,14.452
KNQA20151130-7,KNQA20151130_125747_V06,0,0.483,1.200,21555,0,2137795.901,521,0,2099400.676
KNQA20151130-7,KNQA20151130_125747_V06,2,1.450,1.200,21572,0,9057.594,116,0,8365.616
KNQA20151130-7,KNQA20151130_125747_V06,4,2.417,1.200,10798,0,23.276,0,0,23.276
KNQA20151130-7,KNQA20151130_125747_V06,5,3.384,1.200,10808,0,23.336,0,0,23.336
KNQA20151130-2,KNQA20151130_120659_V06,0,0.483,1.200,401,0,26686.342,26,0,26259.665
KNQA20151130-2,KNQA20151130_120659_V06,2,1.450,1.200,402,0,0.220,0,0,0.220
KNQA20151130-2,KNQA20151130_120659_V06,4,2.417,1.200,191,0,0.210,0,0,0.210
KNQA20151130-2,KNQA20151130_120659_V06,5,3.384,1.200,191,0,0.211,0,0,0.211
KNQA20151130-2,KNQA20151130_120659_V06,6,4.307,1.200,193,0,0.213,0,0,0.213
KNQA20151130-2,KNQA20151130_121223_V06,0,0.483,1.200,1800,0,20947.670,81,0,18908.657
KNQA20151130-2,KNQA20151130_121223_V06,2,1.450,1.200,1797,0,3.814,2,0,3.051
KNQA20151130-2,KNQA20151130_121223_V06,4,2.417,1.200,905,0,0.975,0,0,0.975
KNQA20151130-2,KNQA20151130_121223_V06,5,3.384,1.200,906,0,0.977,0,0,0.977
KNQA20151130-2,KNQA20151130_121223_V06,6,4.307,1.200,914,0,0.989,0,0,0.989
KNQA20151130-2,KNQA20151130_121748_V06,0,0.483,1.200,4840,0,26370.297,187,0,24130.057
KNQA20151130-2,KNQA20151130_121748_V06,2,1.450,1.200,4847,0,26.261,49,0,9.770
KNQA20151130-2,KNQA20151130_121748_V06,4,2.417,1.200,2432,0,25.846,5,0,5.006
KNQA20151130-2,KNQA20151130_121748_V06,5,3.384,1.200,2431,0,1817.606,84,0,132.587
KNQA20151130-2,KNQA20151130_121748_V06,6,4.307,1.200,2434,0,6189.651,290,0,66.599
KNQA20151130-5,KNQA20151130_122742_V06,0,0.483,1.200,3283,0,68401.173,155,0,64789.532
KNQA20151130-5,KNQA20151130_122742_V06,2,1.450,1.200,3283,0,6.299,7,0,3.400
KNQA20151130-5,KNQA20151130_122742_V06,4,2.417,1.200,1645,0,1.761,0,0,1.761
KNQA20151130-5,KNQA20151130_122742_V06,5,3.384,1.200,1641,0,1.758,0,0,1.758
KNQA20151130-5,KNQA20151130_122742_V06,6,4.307,1.200,1642,0,1.762,0,0,1.762
KNQA20151130-5,KNQA20151130_123239_V06,0,0.483,1.200,15666,0,27153.317,469,0,24995.753
KNQA20151130-5,KNQA20151130_123239_V06,2,1.450,1.200,15666,0,34.270,18,0,28.915
KNQA20151130-5,KNQA20151130_123239_V06,4,2.417,1.200,7842,0,6.725,0,0,6.725
KNQA20151130-5,KNQA20151130_123239_V06,5,3.384,1.200,7846,0,6.198,0,0,6.198
KNQA20151130-5,KNQA20151130_123239_V06,6,4.307,1.200,7863,0,10.856,3,0,6.225
KNQA20151130-5,KNQA20151130_123239_V06,7,6.021,1.200,7881,0,3822.174,88,0,60.688
KNQA20151130-6,KNQA20151130_123239_V06,0,0.483,1.200,3646,1,89841.234,162,1,87505.641
KNQA20151130-6,KNQA20151130_123239_V06,2,1.450,1.200,3657,0,57.546,326,0,13.633
KNQA20151130-6,KNQA20151130_123239_V06,4,2.417,1.200,1830,0,179.111,90,0,15.083
KNQA20151130-6,KNQA20151130_123239_V06,5,3.384,1.200,1835,0,290.421,89,0,2.973
KNQA20151130-6,KNQA20151130_123239_V06,6,4.307,1.200,1833,0,1613.258,115,0,437.335
KNQA20151130-6,KNQA20151130_123239_V06,7,6.021,1.200,1838,0,226.901,158,0,51.419
KNQA20151130-13,KNQA20151130_124755_V06,0,0.483,1.200,15098,0,1736957.936,413,0,1698528.370
KNQA20151130-13,KNQA20151130_124755_V06,2,1.450,1.200,15113,0,3031.478,39,0,2813.418
KNQA20151130-13,KNQA20151130_124755_V06,4,2.417,1.200,7568,0,22.822,0,0,22.822
KNQA20151201-2,KNQA20151201_123544_V06,0,0.483,1.200,12601,3,39323.107,5107,3,32283.825
KNQA20151201-2,KNQA20151201_123544_V06,2,1.450,1.200,12606,0,541.718,2027,0,373.533
KNQA20151201-2,KNQA20151201_123544_V06,4,2.417,1.200,6301,0,108.348,39,0,94.763
KNQA20151201-2,KNQA20151201_123544_V06,5,3.384,1.200,6307,0,37.369,250,0,17.415
KNQA20151201-2,KNQA20151201_123544_V06,6,4.307,1.200,6320,0,10.185,130,0,6.661
KNQA20151201-2,KNQA20151201_123544_V06,7,6.021,1.200,6338,0,4.106,10,0,3.724
KNQA20151201-2,KNQA20151201_123544_V06,8,9.888,1.200,6407,0,1128.981,812,0,9.276
KNQA20151201-2,KNQA20151201_124041_V06,0,0.483,1.200,19989,1,52954.422,6664,1,41921.498
KNQA20151201-2,KNQA20151201_124041_V06,2,1.450,1.200,20002,0,1380.538,2498,0,1242.206
KNQA20151201-2,KNQA20151201_124041_V06,4,2.417,1.200,10008,0,81.315,178,0,75.413
KNQA20151201-2,KNQA20151201_124041_V06,5,3.384,1.200,10013,0,69.833,502,0,50.683
KNQA20151201-2,KNQA20151201_124041_V06,6,4.307,1.200,10029,0,18.227,299,0,12.370
KNQA20151201-2,KNQA20151201_124041_V06,7,6.021,1.200,10052,0,8.854,55,0,8.382
KNQA20151201-2,KNQA20151201_124041_V06,8,9.888,1.200,10148,0,2089.403,1508,0,30.722
KNQA20151201-2,KNQA20151201_124538_V06,0,0.483,1.200,13586,2,51249.172,3873,1,39893.033
KNQA20151201-2,KNQA20151201_124538_V06,2,1.450,1.200,13597,0,236.898,1216,0,152.360
KNQA20151201-2,KNQA20151201_124538_V06,4,2.417,1.200,6800,0,56.273,50,0,52.363
KNQA20151201-2,KNQA20151201_124538_V06,5,3.384,1.200,6811,0,25.365,100,0,11.775
KNQA20151201-2,KNQA20151201_124538_V06,6,4.307,1.200,6813,0,5.365,35,0,4.935
KNQA20151201-2,KNQA20151201_124538_V06,7,6.021,1.200,6825,0,4.025,8,0,3.661
KNQA20151201-3,KNQA20151201_124538_V06,0,0.483,1.200,4345,0,421274.900,254,0,412059.946
KNQA20151201-3,KNQA20151201_124538_V06,2,1.450,1.200,4346,0,4.045,0,0,4.045
KNQA20151201-3,KNQA20151201_124538_V06,4,2.417,1.200,2174,0,4.052,0,0,4.052
KNQA20151201-3,KNQA20151201_124538_V06,5,3.384,1.200,2178,0,4.067,0,0,4.067
KNQA20151201-3,KNQA20151201_125035_V06,0,0.483,1.200,7002,0,406624.387,404,0,383670.113
KNQA20151201-3,KNQA20151201_125035_V06,2,1.450,1.200,7002,0,20.010,6,0,13.104
KNQA20151201-3,KNQA20151201_125035_V06,4,2.417,1.200,3515,0,6.552,0,0,6.552
KNQA20151201-3,KNQA20151201_125035_V06,5,3.384,1.200,3518,0,6.569,0,0,6.569
KNQA20151201-1,KNQA20151201_122054_V06,0,0.483,1.200,2222,0,324133.565,202,0,316057.492
KNQA20151201-1,KNQA20151201_122054_V06,2,1.450,1.200,2224,0,17.282,4,0,12.966
KNQA20151201-1,KNQA20151201_122054_V06,4,2.417,1.200,1120,0,2.103,0,0,2.103
KNQA20151201-1,KNQA20151201_122054_V06,5,3.384,1.200,1120,0,2.109,0,0,2.109
KNQA20151202-3,KNQA20151202_115815_V06,0,0.483,1.200,391,0,5048.462,9,0,5040.631
KNQA20151202-3,KNQA20151202_115815_V06,2,1.494,1.200,390,0,14.925,3,0,13.367
KNQA20151202-3,KNQA20151202_115815_V06,4,2.505,1.200,195,0,0.148,0,0,0.148
KNQA20151202-3,KNQA20151202_115815_V06,5,3.516,1.200,193,0,0.146,0,0,0.146
KNQA20151202-3,KNQA20151202_115815_V06,6,4.482,1.200,194,0,0.148,0,0,0.148
KNQA20151202-3,KNQA20151202_120802_V06,0,0.483,1.200,6616,0,41836.961,497,0,40354.461
KNQA20151202-3,KNQA20151202_120802_V06,2,1.494,1.200,6618,0,162.152,163,0,100.408
KNQA20151202-3,KNQA20151202_120802_V06,4,2.505,1.200,3313,0,3.599,0,0,3.599
KNQA20151202-3,KNQA20151202_120802_V06,5,3.516,1.200,3323,0,2.518,0,0,2.518
KNQA20151202-3,KNQA20151202_120802_V06,6,4.482,1.200,3322,0,2.524,0,0,2.524
KNQA20151202-3,KNQA20151202_121748_V06,0,0.483,1.200,6573,0,44850.278,535,0,41893.617
KNQA20151202-3,KNQA20151202_121748_V06,2,1.494,1.200,6567,0,164.947,134,0,108.382
KNQA20151202-3,KNQA20151202_121748_V06,4,2.505,1.200,3286,0,9.507,3,0,7.073
KNQA20151202-3,KNQA20151202_121748_V06,5,3.516,1.200,3290,0,2.560,0,0,2.560
KNQA20151202-3,KNQA20151202_121748_V06,6,4.482,1.200,3295,0,2.570,0,0,2.570
KNQA20151202-3,KNQA20151202_122736_V06,0,0.483,1.200,15039,0,44090.259,1234,0,41866.270
KNQA20151202-3,KNQA20151202_122736_V06,2,1.494,1.200,15047,0,208.754,201,0,166.452
KNQA20151202-3,KNQA20151202_122736_V06,4,2.505,1.200,7532,0,14.158,4,0,10.892
KNQA20151202-3,KNQA20151202_122736_V06,5,3.516,1.200,7535,0,6.377,3,0,6.225
KNQA20151202-3,KNQA20151202_122736_V06,6,4.482,1.200,7551,0,5.732,0,0,5.732
KNQA20151202-1,KNQA20151202_115815_V06,0,0.483,1.200,2736,0,830319.603,108,0,810596.658
KNQA20151202-1,KNQA20151202_115815_V06,2,1.494,1.200,2733,0,70.120,15,0,40.777
KNQA20151202-1,KNQA20151202_115815_V06,4,2.505,1.200,1368,0,2.407,0,0,2.407
KNQA20151202-1,KNQA20151202_115815_V06,5,3.516,1.200,1370,0,2.419,0,0,2.419
KNQA20151202-1,KNQA20151202_120802_V06,0,0.483,1.200,5886,2,1406445.472,291,2,1376241.267
KNQA20151202-1,KNQA20151202_120802_V06,2,1.494,1.200,5897,0,54.766,8,0,42.896
KNQA20151202-1,KNQA20151202_120802_V06,4,2.505,1.200,2953,0,5.292,0,0,5.292
KNQA20151202-1,KNQA20151202_120802_V06,5,3.516,1.200,2957,0,5.313,0,0,5.313
KNQA20151202-6,KNQA20151202_120802_V06,0,0.483,1.200,71,0,1574.253,2,0,1534.733
KNQA20151202-6,KNQA20151202_120802_V06,2,1.494,1.200,69,0,0.053,0,0,0.053
KNQA20151202-6,KNQA20151202_120802_V06,4,2.505,1.200,36,0,0.055,0,0,0.055
KNQA20151202-6,KNQA20151202_120802_V06,5,3.516,1.200,36,0,0.055,0,0,0.055
KNQA20151202-6,KNQA20151202_120802_V06,6,4.482,1.200,37,0,0.057,0,0,0.057
KNQA20151202-6,KNQA20151202_121748_V06,0,0.483,1.200,3539,0,21180.178,257,0,18357.247
KNQA20151202-6,KNQA20151202_121748_V06,2,1.494,1.200,3545,0,24.779,10,0,16.134
KNQA20151202-6,KNQA20151202_121748_V06,4,2.505,1.200,1794,0,2.741,0,0,2.741
KNQA20151202-6,KNQA20151202_121748_V06,5,3.516,1.200,1798,0,2.754,0,0,2.754
KNQA20151202-6,KNQA20151202_121748_V06,6,4.482,1.200,1797,0,2.759,0,0,2.759
KNQA20151202-6,KNQA20151202_122736_V06,0,0.483,1.200,5270,0,8063.650,256,0,7347.954
KNQA20151202-6,KNQA20151202_122736_V06,2,1.494,1.200,5272,0,14.730,5,0,11.301
KNQA20151202-6,KNQA20151202_122736_V06,4,2.505,1.200,2636,0,3.582,0,0,3.582
KNQA20151202-6,KNQA20151202_122736_V06,5,3.516,1.200,2640,0,3.596,0,0,3.596
KNQA20151202-6,KNQA20151202_122736_V06,6,4.482,1.200,2643,0,3.607,0,0,3.607
KNQA20151202-11,KNQA20151202_130201_V06,0,0.483,1.200,976,0,148918.767,49,0,147477.737
KNQA20151202-11,KNQA20151202_130201_V06,2,1.450,1.200,975,0,1.083,0,0,1.083
KNQA20151202-11,KNQA20151202_130201_V06,4,2.417,1.200,492,0,0.486,0,0,0.486
KNQA20151202-11,KNQA20151202_130201_V06,5,3.384,1.200,490,0,0.485,0,0,0.485
KNQA20151202-11,KNQA20151202_130201_V06,6,4.307,1.200,491,0,0.487,0,0,0.487
KNQA20151202-11,KNQA20151202_130659_V06,0,0.483,1.200,3716,0,85933.555,199,0,78587.554
KNQA20151202-11,KNQA20151202_130659_V06,2,1.450,1.200,3715,0,10.032,5,0,7.049
KNQA20151202-11,KNQA20151202_130659_V06,4,2.417,1.200,1870,0,1.799,0,0,1.799
KNQA20151202-11,KNQA20151202_130659_V06,5,3.384,1.200,1864,0,1.796,0,0,1.796
KNQA20151202-11,KNQA20151202_130659_V06,6,4.307,1.200,1871,0,1.808,0,0,1.808
KNQA20151202-4,KNQA20151202_120802_V06,0,0.483,1.200,1892,0,121210.517,101,0,120679.629
KNQA20151202-4,KNQA20151202_120802_V06,2,1.494,1.200,1892,0,81.154,42,0,64.519
KNQA20151202-4,KNQA20151202_120802_V06,4,2.505,1.200,946,0,0.514,0,0,0.514
KNQA20151202-4,KNQA20151202_120802_V06,5,3.516,1.200,944,0,0.514,0,0,0.514
KNQA20151202-4,KNQA20151202_120802_V06,6,4.482,1.200,946,0,0.516,0,0,0.516
KNQA20151202-5,KNQA20151202_120802_V06,0,0.483,1.200,566,0,42654.890,23,0,42583.866
KNQA20151202-5,KNQA20151202_120802_V06,2,1.494,1.200,566,0,4.069,6,0,1.926
KNQA20151202-5,KNQA20151202_120802_V06,4,2.505,1.200,284,0,0.270,0,0,0.270
KNQA20151202-5,KNQA20151202_120802_V06,5,3.516,1.200,283,0,0.269,0,0,0.269
KNQA20151202-5,KNQA20151202_120802_V06,6,4.482,1.200,283,0,0.270,0,0,0.270
KNQA20151202-7,KNQA20151202_121748_V06,0,0.483,1.200,386,0,47623.025,5,0,47614.857
KNQA20151202-7,KNQA20151202_121748_V06,2,1.494,1.200,388,0,0.296,0,0,0.296
KNQA20151202-7,KNQA20151202_121748_V06,4,2.505,1.200,194,0,0.296,0,0,0.296
KNQA20151202-7,KNQA20151202_121748_V06,5,3.516,1.200,192,0,0.294,0,0,0.294
KNQA20151202-7,KNQA20151202_121748_V06,6,4.482,1.200,194,0,0.297,0,0,0.297
KNQA20151202-8,KNQA20151202_123723_V06,0,0.483,1.200,532,0,10921.292,21,0,10873.931
KNQA20151202-8,KNQA20151202_123723_V06,2,1.494,1.200,535,0,0.147,0,0,0.147
KNQA20151202-8,KNQA20151202_123723_V06,4,2.505,1.200,265,0,0.145,0,0,0.145
KNQA20151202-8,KNQA20151202_123723_V06,5,3.516,1.200,263,0,0.145,0,0,0.145
KNQA20151202-8,KNQA20151202_123723_V06,6,4.482,1.200,260,0,0.144,0,0,0.144
KNQA20151202-9,KNQA20151202_124709_V06,0,0.483,1.200,71607,2158,1119869.136,5404,1964,1042468.475
KNQA20151202-9,KNQA20151202_124709_V06,2,1.450,1.200,71635,155,34326.382,6639,124,30850.941
KNQA20151202-9,KNQA20151202_124709_V06,4,2.417,1.200,35861,0,315.900,1445,0,263.916
KNQA20151202-9,KNQA20151202_124709_V06,5,3.384,1.200,35889,0,26.287,1183,0,12.993
KNQA20151202-9,KNQA20151202_124709_V06,6,4.307,1.200,35937,0,14.526,1143,0,13.365
KNQA20151202-9,KNQA20151202_124709_V06,7,6.021,1.200,36053,0,8.003,709,0,7.577
KNQA20151202-9,KNQA20151202_124709_V06,8,9.888,1.200,36426,0,7.663,389,0,6.676
KNQA20151202-10,KNQA20151202_125207_V06,0,0.483,1.200,4469,5,1731847.884,279,5,1634514.023
KNQA20151202-10,KNQA20151202_125207_V06,2,1.450,1.200,4473,0,37.991,4,0,31.538
KNQA20151202-10,KNQA20151202_125207_V06,4,2.417,1.200,2236,0,3.725,0,0,3.725
KNQA20151202-10,KNQA20151202_125207_V06,5,3.384,1.200,2240,0,3.742,0,0,3.742
KNQA20151202-12,KNQA20151202_140604_V06,0,0.483,1.200,6083,0,95912.767,91,0,79399.278
KNQA20151202-12,KNQA20151202_140604_V06,2,1.494,1.200,6092,0,5.057,0,0,5.057
KNQA20151202-12,KNQA20151202_140604_V06,4,2.505,1.200,3045,0,5.056,0,0,5.056
KNQA20151202-12,KNQA20151202_140604_V06,5,3.516,1.200,3050,0,5.076,0,0,5.076
KNQA20151203-4,KNQA20151203_123351_V06,0,0.483,1.200,3833,0,199717.539,117,0,193974.037
KNQA20151203-4,KNQA20151203_123351_V06,2,1.494,1.200,3833,0,329.119,173,0,253.765
KNQA20151203-4,KNQA20151203_123351_V06,4,2.505,1.200,1923,0,4.794,4,0,4.288
KNQA20151203-4,KNQA20151203_123351_V06,5,3.516,1.200,1924,0,1.256,0,0,1.256
KNQA20151203-4,KNQA20151203_123351_V06,6,4.482,1.200,1922,0,1.476,3,0,0.870
KNQA20151203-4,KNQA20151203_124339_V06,0,0.483,1.200,18327,8,1372370.461,306,6,1334296.808
KNQA20151203-4,KNQA20151203_124339_V06,2,1.494,1.200,18338,0,27294.127,727,0,25973.260
KNQA20151203-4,KNQA20151203_124339_V06,4,2.505,1.200,9172,0,497.323,52,0,481.551
KNQA20151203-4,KNQA20151203_124339_V06,5,3.516,1.200,9182,0,4.929,6,0,4.879
KNQA20151203-4,KNQA20151203_124339_V06,6,4.482,1.200,9195,0,5.849,7,0,5.493
KNQA20151203-4,KNQA20151203_125327_V06,0,0.483,1.200,46903,45,1795635.109,3514,38,1648864.649
KNQA20151203-4,KNQA20151203_125327_V06,2,1.450,1.200,46913,37,191822.267,4182,21,156385.624
KNQA20151203-4,KNQA20151203_125327_V06,4,2.417,1.200,23480,5,38179.639,489,2,31349.186
KNQA20151203-4,KNQA20151203_125327_V06,5,3.384,1.200,23498,0,2125.894,225,0,1238.528
KNQA20151203-4,KNQA20151203_125327_V06,6,4.307,1.200,23516,1,1803.557,147,0,1078.766
KNQA20151203-4,KNQA20151203_125327_V06,7,6.021,1.200,23589,0,11.187,37,0,10.857
KNQA20151203-4,KNQA20151203_125824_V06,0,0.483,1.200,66342,150,1613698.188,6258,124,1462355.245
KNQA20151203-4,KNQA20151203_125824_V06,2,1.450,1.200,66380,7,86609.180,5973,5,70211.538
KNQA20151203-4,KNQA20151203_125824_V06,4,2.417,1.200,33202,0,3674.252,546,0,2658.271
KNQA20151203-4,KNQA20151203_125824_V06,5,3.384,1.200,33248,1,1093.301,330,0,937.246
KNQA20151203-4,KNQA20151203_125824_V06,6,4.307,1.200,33282,0,54.057,198,0,37.591
KNQA20151203-4,KNQA20151203_125824_V06,7,6.021,1.200,33376,0,24.491,112,0,21.018
KNQA20151203-4,KNQA20151203_130323_V06,0,0.483,1.200,59274,4,985152.262,6241,3,878506.997
KNQA20151203-4,KNQA20151203_130323_V06,2,1.450,1.200,59297,0,16228.291,3989,0,13291.919
KNQA20151203-4,KNQA20151203_130323_V06,4,2.417,1.200,29675,0,251.060,312,0,184.142
KNQA20151203-4,KNQA20151203_130323_V06,5,3.384,1.200,29702,0,46.059,63,0,28.792
KNQA20151203-4,KNQA20151203_130323_V06,6,4.307,1.200,29730,0,22.548,43,0,21.407
KNQA20151203-4,KNQA20151203_130323_V06,7,6.021,1.200,29825,0,20.269,14,0,20.068
KNQA20151203-1,KNQA20151203_120428_V06,0,0.483,1.200,2282,0,11901.060,285,0,10979.046
KNQA20151203-1,KNQA20151203_120428_V06,2,1.494,1.200,2277,0,79.922,27,0,57.667
KNQA20151203-1,KNQA20151203_120428_V06,4,2.505,1.200,1143,0,1.492,0,0,1.492
KNQA20151203-1,KNQA20151203_120428_V06,5,3.516,1.200,1139,0,1.490,0,0,1.490
KNQA20151203-1,KNQA20151203_120428_V06,6,4.482,1.200,1142,0,1.497,0,0,1.497
KNQA20151203-1,KNQA20151203_121416_V06,0,0.483,1.200,10373,0,33137.409,1448,0,28565.326
KNQA20151203-1,KNQA20151203_121416_V06,2,1.494,1.200,10379,0,1202.540,333,0,942.153
KNQA20151203-1,KNQA20151203_121416_V06,4,2.505,1.200,5198,0,9.961,0,0,9.961
KNQA20151203-1,KNQA20151203_121416_V06,5,3.516,1.200,5210,0,6.811,0,0,6.811
KNQA20151203-1,KNQA20151203_121416_V06,6,4.482,1.200,5219,0,6.845,0,0,6.845
KNQA20151203-1,KNQA20151203_122403_V06,0,0.483,1.200,16234,0,22539.144,2192,0,17534.910
KNQA20151203-1,KNQA20151203_122403_V06,2,1.494,1.200,16251,0,1315.007,524,0,863.809
KNQA20151203-1,KNQA20151203_122403_V06,4,2.505,1.200,8097,0,31.693,5,0,23.961
KNQA20151203-1,KNQA20151203_122403_V06,5,3.516,1.200,8110,0,10.807,0,0,10.807
KNQA20151203-1,KNQA20151203_122403_V06,6,4.482,1.200,8118,0,10.853,0,0,10.853
KNQA20151203-3,KNQA20151203_121416_V06,0,0.483,1.200,1832,0,59534.185,31,0,58935.059
KNQA20151203-3,KNQA20151203_121416_V06,2,1.494,1.200,1830,0,167.583,54,0,127.034
KNQA20151203-3,KNQA20151203_121416_V06,4,2.505,1.200,920,0,1.425,0,0,1.425
KNQA20151203-3,KNQA20151203_121416_V06,5,3.516,1.200,923,0,0.851,0,0,0.851
KNQA20151203-3,KNQA20151203_121416_V06,6,4.482,1.200,915,0,0.847,0,0,0.847
KNQA20151203-3,KNQA20151203_122403_V06,0,0.483,1.200,7475,0,51862.219,526,0,47748.556
KNQA20151203-3,KNQA20151203_122403_V06,2,1.494,1.200,7481,0,545.297,195,0,416.724
KNQA20151203-3,KNQA20151203_122403_V06,4,2.505,1.200,3744,0,10.069,0,0,10.069
KNQA20151203-3,KNQA20151203_122403_V06,5,3.516,1.200,3747,0,3.598,0,0,3.598
KNQA20151203-3,KNQA20151203_122403_V06,6,4.482,1.200,3744,0,3.606,0,0,3.606
KNQA20151203-2,KNQA20151203_120428_V06,0,0.483,1.200,863,0,24944.505,108,0,24594.267
KNQA20151203-2,KNQA20151203_120428_V06,2,1.494,1.200,865,0,39.925,24,0,24.167
KNQA20151203-2,KNQA20151203_120428_V06,4,2.505,1.200,433,0,0.438,0,0,0.438
KNQA20151203-2,KNQA20151203_120428_V06,5,3.516,1.200,433,0,2.519,0,0,2.519
KNQA20151203-2,KNQA20151203_120428_V06,6,4.482,1.200,434,0,0.441,0,0,0.441
KNQA20151203-5,KNQA20151203_124339_V06,0,0.483,1.200,2441,0,81745.592,169,0,78561.505
KNQA20151203-5,KNQA20151203_124339_V06,2,1.494,1.200,2443,0,340.148,61,0,297.134
KNQA20151203-5,KNQA20151203_124339_V06,4,2.505,1.200,1224,0,0.688,0,0,0.688
KNQA20151203-5,KNQA20151203_124339_V06,5,3.516,1.200,1220,0,0.689,0,0,0.689
KNQA20151203-5,KNQA20151203_124339_V06,6,4.482,1.200,1222,0,0.691,0,0,0.691
KNQA20151203-6,KNQA20151203_124339_V06,0,0.483,1.200,2166,1,608992.951,7,1,607698.716
KNQA20151203-6,KNQA20151203_124339_V06,2,1.494,1.200,2168,0,1000.934,62,0,980.569
KNQA20151203-6,KNQA20151203_124339_V06,4,2.505,1.200,1081,0,1.850,2,0,1.499
KNQA20151203-6,KNQA20151203_124339_V06,5,3.516,1.200,1087,0,0.502,0,0,0.502
KNQA20151203-6,KNQA20151203_124339_V06,6,4.482,1.200,1085,0,1.303,0,0,1.303
KNQA20151203-7,KNQA20151203_125824_V06,0,0.483,1.200,419,4,590780.077,15,4,575793.150
KNQA20151203-7,KNQA20151203_125824_V06,2,1.450,1.200,420,0,28.481,4,0,20.666
KNQA20151203-7,KNQA20151203_125824_V06,4,2.417,1.200,213,0,0.374,0,0,0.374
KNQA20151203-7,KNQA20151203_125824_V06,5,3.384,1.200,213,0,0.375,0,0,0.375
KNQA20151204-7,KNQA20151204_123531_V06,0,0.483,1.200,4936,0,230886.615,105,0,227647.034
KNQA20151204-7,KNQA20151204_123531_V06,2,1.494,1.200,4938,0,21.525,72,0,10.368
KNQA20151204-7,KNQA20151204_123531_V06,4,2.505,1.200,2471,0,4.457,1,0,4.309
KNQA20151204-7,KNQA20151204_123531_V06,5,3.516,1.200,2471,0,3.680,0,0,3.680
KNQA20151204-7,KNQA20151204_123531_V06,6,4.482,1.200,2473,0,2.201,0,0,2.201
KNQA20151204-7,KNQA20151204_124519_V06,0,0.483,1.200,15886,1,519094.663,495,1,510368.932
KNQA20151204-7,KNQA20151204_124519_V06,2,1.494,1.200,15900,0,99.994,267,0,58.134
KNQA20151204-7,KNQA20151204_124519_V06,4,2.505,1.200,7957,0,9.949,13,0,9.312
KNQA20151204-7,KNQA20151204_124519_V06,5,3.516,1.200,7964,0,5.213,1,0,5.208
KNQA20151204-7,KNQA20151204_124519_V06,6,4.482,1.200,7968,0,4.424,0,0,4.424
KNQA20151204-7,KNQA20151204_125506_V06,0,0.483,1.200,40266,4,357343.583,4120,3,312842.052
KNQA20151204-7,KNQA20151204_125506_V06,2,1.450,1.200,40297,0,876.041,1318,0,510.449
KNQA20151204-7,KNQA20151204_125506_V06,4,2.417,1.200,20153,0,17.773,45,0,16.867
KNQA20151204-7,KNQA20151204_125506_V06,5,3.384,1.200,20182,0,12.593,20,0,11.615
KNQA20151204-7,KNQA20151204_125506_V06,6,4.307,1.200,20204,0,11.699,12,0,11.302
KNQA20151204-7,KNQA20151204_125506_V06,7,6.021,1.200,20278,0,10.136,11,0,10.096
KNQA20151204-1,KNQA20151204_115620_V06,0,0.483,1.200,373,0,31605.148,7,0,31533.557
KNQA20151204-1,KNQA20151204_115620_V06,2,1.494,1.200,376,0,0.593,0,0,0.593
KNQA20151204-1,KNQA20151204_115620_V06,4,2.505,1.200,185,0,0.586,0,0,0.586
KNQA20151204-1,KNQA20151204_120608_V06,0,0.483,1.200,4456,0,847058.105,142,0,845281.733
KNQA20151204-1,KNQA20151204_120608_V06,2,1.494,1.200,4460,0,6112.324,35,0,6007.273
KNQA20151204-1,KNQA20151204_120608_V06,4,2.505,1.200,2225,0,5.456,0,0,5.456
KNQA20151204-2,KNQA20151204_115620_V06,0,0.483,1.200,4421,2,1875946.172,182,2,1873410.760
KNQA20151204-2,KNQA20151204_115620_V06,2,1.494,1.200,4422,0,55332.499,44,0,55190.083
KNQA20151204-2,KNQA20151204_115620_V06,4,2.505,1.200,2166,0,11.463,0,0,11.463
KNQA20151204-2,KNQA20151204_115620_V06,5,3.516,1.200,2171,0,4.006,0,0,4.006
KNQA20151204-4,KNQA20151204_120608_V06,0,0.483,1.200,483,0,153948.087,12,0,153902.955
KNQA20151204-4,KNQA20151204_120608_V06,2,1.494,1.200,486,0,45.974,10,0,39.784
KNQA20151204-4,KNQA20151204_120608_V06,4,2.505,1.200,240,0,0.254,0,0,0.254
KNQA20151204-4,KNQA20151204_120608_V06,5,3.516,1.200,242,0,0.257,0,0,0.257
KNQA20151204-4,KNQA20151204_120608_V06,6,4.482,1.200,242,0,0.257,0,0,0.257
KNQA20151204-5,KNQA20151204_122543_V06,0,0.483,1.200,6451,0,388061.492,372,0,386423.833
KNQA20151204-5,KNQA20151204_122543_V06,2,1.494,1.200,6451,0,296.641,85,0,237.881
KNQA20151204-5,KNQA20151204_122543_V06,4,2.505,1.200,3227,0,3.718,0,0,3.718
KNQA20151204-5,KNQA20151204_122543_V06,5,3.516,1.200,3230,0,2.666,0,0,2.666
KNQA20151204-5,KNQA20151204_122543_V06,6,4.482,1.200,3233,0,2.677,0,0,2.677
KNQA20151204-8,KNQA20151204_124519_V06,0,0.483,1.200,4143,0,134377.575,277,0,123423.057
KNQA20151204-8,KNQA20151204_124519_V06,2,1.494,1.200,4145,0,58.650,37,0,52.231
KNQA20151204-8,KNQA20151204_124519_V06,4,2.505,1.200,2074,0,1.680,0,0,1.680
KNQA20151204-8,KNQA20151204_124519_V06,5,3.516,1.200,2080,0,1.396,0,0,1.396
KNQA20151204-8,KNQA20151204_124519_V06,6,4.482,1.200,2078,0,1.397,0,0,1.397
KNQA20151205-2,KNQA20151205_123205_V06,0,0.483,1.200,3797,0,56062.977,127,0,55026.397
KNQA20151205-2,KNQA20151205_123205_V06,2,1.494,1.200,3800,0,11.211,55,0,7.482
KNQA20151205-2,KNQA20151205_123205_V06,4,2.505,1.200,1901,0,2.827,3,0,2.068
KNQA20151205-2,KNQA20151205_123205_V06,5,3.516,1.200,1906,0,1.235,0,0,1.235
KNQA20151205-2,KNQA20151205_123205_V06,6,4.482,1.200,1906,0,1.662,3,0,1.343
KNQA20151205-2,KNQA20151205_124151_V06,0,0.483,1.200,19326,4,538327.128,733,3,525814.087
KNQA20151205-2,KNQA20151205_124151_V06,2,1.494,1.200,19341,0,91.613,496,0,68.086
KNQA20151205-2,KNQA20151205_124151_V06,4,2.505,1.200,9681,0,10.901,14,0,9.671
KNQA20151205-2,KNQA20151205_124151_V06,5,3.516,1.200,9685,0,5.110,11,0,5.041
KNQA20151205-2,KNQA20151205_124151_V06,6,4.482,1.200,9697,0,4.665,10,0,4.337
KNQA20151205-2,KNQA20151205_125138_V06,0,0.483,1.200,65727,116,891007.465,7113,93,812849.292
KNQA20151205-2,KNQA20151205_125138_V06,2,1.450,1.200,65758,36,65797.103,5500,24,51344.749
KNQA20151205-2,KNQA20151205_125138_V06,4,2.417,1.200,32904,4,7538.020,1233,1,4730.222
KNQA20151205-2,KNQA20151205_125138_V06,5,3.384,1.200,32927,1,320.246,484,0,161.241
KNQA20151205-2,KNQA20151205_125138_V06,6,4.307,1.200,32972,0,44.415,278,0,28.029
KNQA20151205-2,KNQA20151205_125138_V06,7,6.021,1.200,33060,0,7.764,148,0,6.480
KNQA20151205-2,KNQA20151205_125138_V06,8,9.888,1.200,33434,0,8.227,350,0,6.651
KNQA20151205-1,KNQA20151205_120225_V06,0,0.483,1.200,4630,0,245415.900,209,0,241265.120
KNQA20151205-1,KNQA20151205_120225_V06,2,1.450,1.200,4632,0,5113.316,129,0,4407.510
KNQA20151205-1,KNQA20151205_120225_V06,4,2.417,1.200,2315,0,3.979,0,0,3.979
KNQA20151205-1,KNQA20151205_120225_V06,5,3.384,1.200,2318,0,3.990,0,0,3.990
KNQA20151205-1,KNQA20151205_120723_V06,0,0.483,1.200,8140,0,118460.701,467,0,108186.960
KNQA20151205-1,KNQA20151205_120723_V06,2,1.450,1.200,8145,0,4867.602,151,0,4248.665
KNQA20151205-1,KNQA20151205_120723_V06,4,2.417,1.200,4069,0,29.853,0,0,29.853
KNQA20151205-1,KNQA20151205_120723_V06,5,3.384,1.200,4076,0,10.361,0,0,10.361
KNQA20151205-3,KNQA20151205_125138_V06,0,0.483,1.200,2288,0,13985.934,30,0,12231.669
KNQA20151205-3,KNQA20151205_125138_V06,2,1.450,1.200,2288,0,6.995,0,0,6.995
KNQA20151205-4,KNQA20151205_125635_V06,0,0.483,1.200,665,0,41361.765,33,0,39318.013
KNQA20151205-4,KNQA20151205_125635_V06,2,1.450,1.200,666,0,71.565,3,0,70.905
KNQA20151205-4,KNQA20151205_125635_V06,4,2.417,1.200,329,0,0.226,0,0,0.226
KNQA20151205-4,KNQA20151205_125635_V06,5,3.384,1.200,332,0,0.228,0,0,0.228
KNQA20151205-4,KNQA20151205_125635_V06,6,4.307,1.200,330,0,0.227,0,0,0.227
KNQA20151205-4,KNQA20151205_125635_V06,7,6.021,1.200,332,0,0.230,0,0,0.230
KNQA20151206-5,KNQA20151206_124641_V06,0,0.483,1.200,23341,329,593340.789,735,324,584267.388
KNQA20151206-5,KNQA20151206_124641_V06,2,1.494,1.200,23353,0,4537.129,1984,0,4251.272
KNQA20151206-5,KNQA20151206_124641_V06,4,2.505,1.200,11684,0,354.031,1777,0,113.062
KNQA20151206-5,KNQA20151206_124641_V06,5,3.516,1.200,11704,0,311.752,2718,0,56.197
KNQA20151206-5,KNQA20151206_124641_V06,6,4.482,1.200,11714,0,204.136,2866,0,37.867
KNQA20151206-5,KNQA20151206_125627_V06,0,0.483,1.200,70873,590,813616.569,7684,498,743800.612
KNQA20151206-5,KNQA20151206_125627_V06,2,1.450,1.200,70898,50,17491.398,7315,37,13726.968
KNQA20151206-5,KNQA20151206_125627_V06,4,2.417,1.200,35488,5,2715.146,3153,5,1480.450
KNQA20151206-5,KNQA20151206_125627_V06,5,3.384,1.200,35513,0,822.571,5864,0,203.353
KNQA20151206-5,KNQA20151206_125627_V06,6,4.307,1.200,35563,1,559.960,7249,1,73.411
KNQA20151206-5,KNQA20151206_125627_V06,7,6.021,1.200,35667,0,262.276,6898,0,62.980
KNQA20151206-5,KNQA20151206_125627_V06,8,9.888,1.200,36055,0,57.947,4905,0,13.634
KNQA20151206-1,KNQA20151206_115746_V06,0,0.483,1.200,984,0,78413.729,27,0,77603.073
KNQA20151206-1,KNQA20151206_115746_V06,2,1.494,1.200,982,0,110.466,7,0,101.861
KNQA20151206-1,KNQA20151206_115746_V06,4,2.505,1.200,494,0,0.886,0,0,0.886
KNQA20151206-1,KNQA20151206_115746_V06,5,3.516,1.200,494,0,0.887,0,0,0.887
KNQA20151206-3,KNQA20151206_120733_V06,0,0.483,1.200,85,0,2652.389,1,0,2652.212
KNQA20151206-3,KNQA20151206_120733_V06,2,1.494,1.200,88,0,1.438,7,0,0.649
KNQA20151206-3,KNQA20151206_120733_V06,4,2.505,1.200,43,0,0.032,0,0,0.032
KNQA20151206-3,KNQA20151206_120733_V06,5,3.516,1.200,42,0,0.032,0,0,0.032
KNQA20151206-3,KNQA20151206_120733_V06,6,4.482,1.200,44,0,0.033,0,0,0.033
KNQA20151206-4,KNQA20151206_122707_V06,0,0.483,1.200,1233,2,148926.517,69,2,148557.528
KNQA20151206-4,KNQA20151206_122707_V06,2,1.494,1.200,1237,0,161.419,620,0,55.904
KNQA20151206-4,KNQA20151206_122707_V06,4,2.505,1.200,617,0,55.372,182,0,8.454
KNQA20151206-4,KNQA20151206_122707_V06,5,3.516,1.200,615,0,0.303,0,0,0.303
KNQA20151206-4,KNQA20151206_122707_V06,6,4.482,1.200,619,0,0.306,0,0,0.306
KNQA20151206-6,KNQA20151206_125627_V06,0,0.483,1.200,752,0,49451.871,23,0,48790.154
KNQA20151206-6,KNQA20151206_125627_V06,2,1.450,1.200,756,0,0.526,0,0,0.526
KNQA20151206-6,KNQA20151206_125627_V06,4,2.417,1.200,376,0,0.523,0,0,0.523
KNQA20151206-6,KNQA20151206_125627_V06,5,3.384,1.200,378,0,0.527,0,0,0.527
KNQA20151206-6,KNQA20151206_125627_V06,6,4.307,1.200,378,0,0.528,0,0,0.528
KNQA20151207-1,KNQA20151207_120625_V06,0,0.483,1.200,177,0,6736.994,12,0,6559.287
KNQA20151207-1,KNQA20151207_120625_V06,2,1.494,1.200,180,0,3.295,2,0,3.012
KNQA20151207-1,KNQA20151207_120625_V06,4,2.505,1.200,88,0,0.045,0,0,0.045
KNQA20151207-1,KNQA20151207_120625_V06,5,3.516,1.200,89,0,0.046,0,0,0.046
KNQA20151207-1,KNQA20151207_120625_V06,6,4.482,1.200,89,0,0.046,0,0,0.046
KNQA20151207-1,KNQA20151207_121613_V06,0,0.483,1.200,5786,1,213941.727,381,1,212751.502
KNQA20151207-1,KNQA20151207_121613_V06,2,1.494,1.200,5791,0,49.513,68,0,26.682
KNQA20151207-1,KNQA20151207_121613_V06,4,2.505,1.200,2899,0,16.871,5,0,2.488
KNQA20151207-1,KNQA20151207_121613_V06,5,3.516,1.200,2894,0,1.859,0,0,1.859
KNQA20151207-1,KNQA20151207_121613_V06,6,4.482,1.200,2902,0,1.868,0,0,1.868
KNQA20151207-1,KNQA20151207_122600_V06,0,0.483,1.200,8642,0,73426.248,557,0,72532.600
KNQA20151207-1,KNQA20151207_122600_V06,2,1.494,1.200,8650,0,28.992,67,0,13.835
KNQA20151207-1,KNQA20151207_122600_V06,4,2.505,1.200,4331,0,3.145,0,0,3.145
KNQA20151207-1,KNQA20151207_122600_V06,5,3.516,1.200,4329,0,3.304,0,0,3.304
KNQA20151207-1,KNQA20151207_122600_V06,6,4.482,1.200,4341,0,3.171,0,0,3.171
KNQA20151207-5,KNQA20151207_124533_V06,0,0.483,1.200,11410,2,544369.788,238,2,538044.642
KNQA20151207-5,KNQA20151207_124533_V06,2,1.494,1.200,11418,0,389.217,230,0,373.005
KNQA20151207-5,KNQA20151207_124533_V06,4,2.505,1.200,5706,0,10.947,10,0,10.460
KNQA20151207-5,KNQA20151207_124533_V06,5,3.516,1.200,5713,0,8.883,2,0,8.844
KNQA20151207-5,KNQA20151207_124533_V06,6,4.482,1.200,5729,0,4.767,7,0,3.824
KNQA20151207-5,KNQA20151207_125519_V06,0,0.483,1.200,25422,0,417415.940,2365,0,385745.883
KNQA20151207-5,KNQA20151207_125519_V06,2,1.450,1.200,25441,0,945.274,469,0,729.989
KNQA20151207-5,KNQA20151207_125519_V06,4,2.417,1.200,12740,0,17.648,15,0,16.074
KNQA20151207-5,KNQA20151207_125519_V06,5,3.384,1.200,12746,0,8.857,6,0,8.403
KNQA20151207-5,KNQA20151207_125519_V06,6,4.307,1.200,12756,0,7.230,4,0,7.171
KNQA20151207-5,KNQA20151207_125519_V06,7,6.021,1.200,12794,0,7.296,1,0,7.293
KNQA20151207-5,KNQA20151207_130017_V06,0,0.483,1.200,39379,4,298192.323,4296,4,267282.334
KNQA20151207-5,KNQA20151207_130017_V06,2,1.450,1.200,39397,0,456.888,978,0,292.683
KNQA20151207-5,KNQA20151207_130017_V06,4,2.417,1.200,19706,0,28.933,24,0,26.766
KNQA20151207-5,KNQA20151207_130017_V06,5,3.384,1.200,19728,0,41.013,20,0,11.748
KNQA20151207-5,KNQA20151207_130017_V06,6,4.307,1.200,19751,0,11.577,10,0,11.462
KNQA20151207-5,KNQA20151207_130017_V06,7,6.021,1.200,19817,0,10.350,4,0,10.325
KNQA20151207-2,KNQA20151207_120625_V06,0,0.483,1.200,583,0,4583.813,31,0,4542.460
KNQA20151207-2,KNQA20151207_120625_V06,2,1.494,1.200,584,0,2.925,2,0,2.045
KNQA20151207-2,KNQA20151207_120625_V06,4,2.505,1.200,292,0,0.356,0,0,0.356
KNQA20151207-2,KNQA20151207_120625_V06,5,3.516,1.200,295,0,0.360,0,0,0.360
KNQA20151207-2,KNQA20151207_120625_V06,6,4.482,1.200,296,0,0.363,0,0,0.363
KNQA20151207-4,KNQA20151207_120625_V06,0,0.483,1.200,54,0,973.027,0,0,973.027
KNQA20151207-4,KNQA20151207_120625_V06,2,1.494,1.200,53,0,0.036,0,0,0.036
KNQA20151207-4,KNQA20151207_120625_V06,4,2.505,1.200,28,0,0.038,0,0,0.038
KNQA20151207-4,KNQA20151207_120625_V06,5,3.516,1.200,27,0,0.037,0,0,0.037
KNQA20151207-4,KNQA20151207_120625_V06,6,4.482,1.200,28,0,0.039,0,0,0.039
KNQA20151207-7,KNQA20151207_135921_V06,0,0.483,1.200,8008,6,38716.988,624,6,37484.977
KNQA20151207-7,KNQA20151207_135921_V06,2,1.494,1.200,8011,0,163.051,631,0,142.885
KNQA20151207-7,KNQA20151207_135921_V06,4,2.505,1.200,4003,0,34.315,95,0,32.156
KNQA20151207-7,KNQA20151207_135921_V06,5,3.516,1.200,4008,0,1.991,70,0,1.818
KNQA20151207-7,KNQA20151207_135921_V06,6,4.482,1.200,4013,0,0.910,48,0,0.873
KNQA20151208-1,KNQA20151208_121106_V06,0,0.483,1.200,576,30,187464.231,47,30,184889.517
KNQA20151208-1,KNQA20151208_121106_V06,2,1.450,1.200,576,0,37.704,13,0,34.536
KNQA20151208-1,KNQA20151208_121106_V06,4,2.417,1.200,287,0,0.140,0,0,0.140
KNQA20151208-1,KNQA20151208_121106_V06,5,3.384,1.200,288,0,0.141,0,0,0.141
KNQA20151208-1,KNQA20151208_121106_V06,6,4.307,1.200,289,0,0.142,0,0,0.142
KNQA20151208-1,KNQA20151208_121106_V06,7,6.021,1.200,288,0,0.142,0,0,0.142
KNQA20151208-1,KNQA20151208_121604_V06,0,0.483,1.200,3195,83,342679.386,306,82,332103.363
KNQA20151208-1,KNQA20151208_121604_V06,2,1.450,1.200,3198,0,1814.470,35,0,1790.317
KNQA20151208-1,KNQA20151208_121604_V06,4,2.417,1.200,1605,0,0.771,0,0,0.771
KNQA20151208-1,KNQA20151208_121604_V06,5,3.384,1.200,1603,0,0.771,0,0,0.771
KNQA20151208-1,KNQA20151208_121604_V06,6,4.307,1.200,1601,0,0.772,0,0,0.772
KNQA20151208-1,KNQA20151208_121604_V06,7,6.021,1.200,1604,0,0.779,0,0,0.779
KNQA20151208-12,KNQA20151208_124549_V06,0,0.483,1.200,51345,944,783436.966,4851,867,724148.094
KNQA20151208-12,KNQA20151208_124549_V06,2,1.450,1.200,51360,550,74735.015,3657,477,69709.850
KNQA20151208-12,KNQA20151208_124549_V06,4,2.417,1.200,25691,27,5887.973,588,18,4675.845
KNQA20151208-12,KNQA20151208_124549_V06,5,3.384,1.200,25718,0,571.848,229,0,399.142
KNQA20151208-12,KNQA20151208_124549_V06,6,4.307,1.200,25754,0,69.643,158,0,39.272
KNQA20151208-12,KNQA20151208_124549_V06,7,6.021,1.200,25844,0,14.784,261,0,12.778
KNQA20151208-12,KNQA20151208_124549_V06,8,9.888,1.200,26112,0,3.651,191,0,3.022
KNQA20151208-12,KNQA20151208_125046_V06,0,0.483,1.200,64828,881,782291.370,6310,755,721813.495
KNQA20151208-12,KNQA20151208_125046_V06,2,1.450,1.200,64846,494,49131.414,4263,421,42627.266
KNQA20151208-12,KNQA20151208_125046_V06,4,2.417,1.200,32449,6,2614.199,611,5,1998.843
KNQA20151208-12,KNQA20151208_125046_V06,5,3.384,1.200,32480,0,25.062,215,0,17.476
KNQA20151208-12,KNQA20151208_125046_V06,6,4.307,1.200,32513,0,81.328,252,0,53.447
KNQA20151208-12,KNQA20151208_125046_V06,7,6.021,1.200,32620,0,5.766,186,0,5.485
KNQA20151208-12,KNQA20151208_125046_V06,8,9.888,1.200,32947,0,5.316,236,0,4.708
KNQA20151208-2,KNQA20151208_121106_V06,0,0.483,1.200,139,0,7913.257,9,0,7242.605
KNQA20151208-2,KNQA20151208_121106_V06,2,1.450,1.200,139,0,8.186,2,0,2.267
KNQA20151208-2,KNQA20151208_121106_V06,4,2.417,1.200,73,0,0.055,0,0,0.055
KNQA20151208-2,KNQA20151208_121106_V06,5,3.384,1.200,72,0,0.055,0,0,0.055
KNQA20151208-2,KNQA20151208_121106_V06,6,4.307,1.200,69,0,0.052,0,0,0.052
KNQA20151208-2,KNQA20151208_121106_V06,7,6.021,1.200,74,0,0.057,0,0,0.057
KNQA20151208-9,KNQA20151208_123056_V06,0,0.483,1.200,3310,0,14229.094,347,0,13560.997
KNQA20151208-9,KNQA20151208_123056_V06,2,1.450,1.200,3320,0,5.771,65,0,3.282
KNQA20151208-9,KNQA20151208_123056_V06,4,2.417,1.200,1679,0,0.630,2,0,0.582
KNQA20151208-9,KNQA20151208_123056_V06,5,3.384,1.200,1680,0,0.614,0,0,0.614
KNQA20151208-9,KNQA20151208_123056_V06,6,4.307,1.200,1682,0,0.523,0,0,0.523
KNQA20151208-9,KNQA20151208_123056_V06,7,6.021,1.200,1690,0,0.460,0,0,0.460
KNQA20151208-9,KNQA20151208_123056_V06,8,9.888,1.200,1702,0,0.472,0,0,0.472
KNQA20151208-10,KNQA20151208_124549_V06,0,0.483,1.200,416,0,5831.570,24,0,5764.798
KNQA20151208-10,KNQA20151208_124549_V06,2,1.450,1.200,417,0,0.140,0,0,0.140
KNQA20151208-10,KNQA20151208_124549_V06,4,2.417,1.200,214,0,0.144,0,0,0.144
KNQA20151208-10,KNQA20151208_124549_V06,5,3.384,1.200,215,0,0.145,0,0,0.145
KNQA20151208-10,KNQA20151208_124549_V06,6,4.307,1.200,216,0,0.146,0,0,0.146
KNQA20151208-10,KNQA20151208_124549_V06,7,6.021,1.200,210,0,0.143,0,0,0.143
KNQA20151208-14,KNQA20151208_130537_V06,0,0.483,1.200,6884,0,75377.903,169,0,72248.648
KNQA20151208-14,KNQA20151208_130537_V06,2,1.450,1.200,6891,0,8.516,1,0,8.164
KNQA20151208-14,KNQA20151208_130537_V06,4,2.417,1.200,3449,0,4.760,0,0,4.760
KNQA20151208-14,KNQA20151208_130537_V06,5,3.384,1.200,3448,0,4.768,0,0,4.768
KNQA20151208-14,KNQA20151208_130537_V06,6,4.307,1.200,3455,0,4.788,0,0,4.788
KNQA20151208-14,KNQA20151208_131035_V06,0,0.483,1.200,12165,0,53421.907,302,0,49842.104
KNQA20151208-14,KNQA20151208_131035_V06,2,1.450,1.200,12170,0,24.535,9,0,20.552
KNQA20151208-14,KNQA20151208_131035_V06,4,2.417,1.200,6091,0,8.393,0,0,8.393
KNQA20151208-14,KNQA20151208_131035_V06,5,3.384,1.200,6103,0,8.429,0,0,8.429
KNQA20151208-14,KNQA20151208_131035_V06,6,4.307,1.200,6108,0,8.455,0,0,8.455
KNQA20151208-14,KNQA20151208_131532_V06,0,0.483,1.200,6520,0,12871.837,224,0,10058.214
KNQA20151208-14,KNQA20151208_131532_V06,2,1.450,1.200,6517,0,13.922,4,0,12.393
KNQA20151208-14,KNQA20151208_131532_V06,4,2.417,1.200,3263,0,4.053,0,0,4.053
KNQA20151208-14,KNQA20151208_131532_V06,5,3.384,1.200,3262,0,4.061,0,0,4.061
KNQA20151208-14,KNQA20151208_131532_V06,6,4.307,1.200,3274,0,4.087,0,0,4.087
KNQA20151209-4,KNQA20151209_125338_V06,0,0.483,1.200,55770,984,606944.767,4968,886,575598.037
KNQA20151209-4,KNQA20151209_125338_V06,2,1.450,1.200,55798,21,8184.774,5398,18,6584.511
KNQA20151209-4,KNQA20151209_125338_V06,4,2.417,1.200,27911,0,143.047,877,0,64.877
KNQA20151209-4,KNQA20151209_125338_V06,5,3.384,1.200,27942,1,221.821,945,1,213.135
KNQA20151209-4,KNQA20151209_125338_V06,6,4.307,1.200,27987,0,14.841,1005,0,14.130
KNQA20151209-4,KNQA20151209_125338_V06,7,6.021,1.200,28067,0,16.593,859,0,16.052
KNQA20151209-4,KNQA20151209_125338_V06,8,9.888,1.200,28379,0,5.368,701,0,3.904
KNQA20151209-4,KNQA20151209_125835_V06,0,0.483,1.200,69377,558,492681.069,7831,485,448025.655
KNQA20151209-4,KNQA20151209_125835_V06,2,1.450,1.200,69396,16,3729.275,5712,15,2803.066
KNQA20151209-4,KNQA20151209_125835_V06,4,2.417,1.200,34726,0,295.491,775,0,221.073
KNQA20151209-4,KNQA20151209_125835_V06,5,3.384,1.200,34756,0,39.053,982,0,33.021
KNQA20151209-4,KNQA20151209_125835_V06,6,4.307,1.200,34799,0,7.855,1442,0,7.056
KNQA20151209-4,KNQA20151209_125835_V06,7,6.021,1.200,34921,0,6.888,1239,0,6.293
KNQA20151209-4,KNQA20151209_125835_V06,8,9.888,1.200,35278,0,7.444,946,0,5.782
KNQA20151209-1,KNQA20151209_121436_V06,0,0.483,1.200,956,24,250873.177,42,24,250198.815
KNQA20151209-1,KNQA20151209_121436_V06,2,1.494,1.200,956,0,8.444,9,0,7.228
KNQA20151209-1,KNQA20151209_121436_V06,4,2.505,1.200,475,0,0.198,0,0,0.198
KNQA20151209-1,KNQA20151209_121436_V06,5,3.516,1.200,477,0,0.199,0,0,0.199
KNQA20151209-1,KNQA20151209_121436_V06,6,4.482,1.200,478,0,0.200,0,0,0.200
KNQA20151210-1,KNQA20151210_115717_V06,0,0.483,1.200,701,0,94650.849,6,0,94637.040
KNQA20151210-1,KNQA20151210_115717_V06,2,1.494,1.200,701,0,0.668,0,0,0.668
KNQA20151210-1,KNQA20151210_115717_V06,4,2.505,1.200,354,0,0.674,0,0,0.674
KNQA20151210-1,KNQA20151210_115717_V06,5,3.516,1.200,352,0,0.672,0,0,0.672
KNQA20151210-1,KNQA20151210_120703_V06,0,0.483,1.200,2794,0,12438.436,28,0,12276.616
KNQA20151210-1,KNQA20151210_120703_V06,2,1.450,1.200,2789,0,4.505,1,0,3.624
KNQA20151210-1,KNQA20151210_120703_V06,4,2.417,1.200,1398,0,2.654,0,0,2.654
KNQA20151210-1,KNQA20151210_120703_V06,5,3.384,1.200,1397,0,2.657,0,0,2.657
KNQA20151210-3,KNQA20151210_122652_V06,0,0.483,1.200,370,0,40380.540,29,0,39679.329
KNQA20151210-3,KNQA20151210_122652_V06,2,1.450,1.200,369,0,4.883,0,0,4.883
KNQA20151210-3,KNQA20151210_122652_V06,4,2.417,1.200,185,0,0.247,0,0,0.247
KNQA20151210-3,KNQA20151210_122652_V06,5,3.384,1.200,181,0,0.242,0,0,0.242
KNQA20151210-3,KNQA20151210_122652_V06,6,4.307,1.200,182,0,0.244,0,0,0.244
KNQA20151210-4,KNQA20151210_124145_V06,0,0.483,1.200,9392,1,231656.119,519,1,216319.745
KNQA20151210-4,KNQA20151210_124145_V06,2,1.450,1.200,9394,0,369.858,66,0,328.603
KNQA20151210-4,KNQA20151210_124145_V06,4,2.417,1.200,4703,0,4.172,0,0,4.172
KNQA20151210-4,KNQA20151210_124145_V06,5,3.384,1.200,4700,0,4.176,0,0,4.176
KNQA20151210-4,KNQA20151210_124145_V06,6,4.307,1.200,4719,0,4.205,0,0,4.205
KNQA20151210-4,KNQA20151210_124145_V06,7,6.021,1.200,4728,0,4.234,0,0,4.234
KNQA20151210-5,KNQA20151210_125140_V06,0,0.483,1.200,184,0,4191.714,10,0,4183.438
KNQA20151210-5,KNQA20151210_125140_V06,2,1.450,1.200,184,0,0.062,0,0,0.062
KNQA20151210-5,KNQA20151210_125140_V06,4,2.417,1.200,96,0,0.065,0,0,0.065
KNQA20151210-5,KNQA20151210_125140_V06,5,3.384,1.200,96,0,0.065,0,0,0.065
KNQA20151210-5,KNQA20151210_125140_V06,6,4.307,1.200,98,0,0.066,0,0,0.066
KNQA20151210-5,KNQA20151210_125140_V06,7,6.021,1.200,96,0,0.065,0,0,0.065
KNQA20151210-7,KNQA20151210_130136_V06,0,0.483,1.200,28130,57,168211.924,3296,45,148276.817
KNQA20151210-7,KNQA20151210_130136_V06,2,1.450,1.200,28143,0,2107.180,2982,0,1869.331
KNQA20151210-7,KNQA20151210_130136_V06,4,2.417,1.200,14083,0,27.908,371,0,16.376
KNQA20151210-7,KNQA20151210_130136_V06,5,3.384,1.200,14094,0,17.755,187,0,2.640
KNQA20151210-7,KNQA20151210_130136_V06,6,4.307,1.200,14114,0,2.200,154,0,2.065
KNQA20151210-7,KNQA20151210_130136_V06,7,6.021,1.200,14163,0,2.604,148,0,1.941
KNQA20151210-7,KNQA20151210_130136_V06,8,9.888,1.200,14327,0,2.043,188,0,1.774
KNQA20151211-3,KNQA20151211_120952_V06,0,0.483,1.200,309,0,4228.900,7,0,4222.598
KNQA20151211-3,KNQA20151211_120952_V06,2,1.494,1.200,310,0,15.740,42,0,8.424
KNQA20151211-3,KNQA20151211_120952_V06,4,2.505,1.200,152,0,9.916,15,0,5.026
KNQA20151211-3,KNQA20151211_120952_V06,5,3.516,1.200,152,0,0.106,0,0,0.106
KNQA20151211-3,KNQA20151211_120952_V06,6,4.482,1.200,156,0,0.110,0,0,0.110
KNQA20151211-3,KNQA20151211_121937_V06,0,0.483,1.200,2204,0,46356.964,93,0,45612.434
KNQA20151211-3,KNQA20151211_121937_V06,2,1.494,1.200,2206,0,58.750,164,0,30.370
KNQA20151211-3,KNQA20151211_121937_V06,4,2.505,1.200,1106,0,63.989,149,0,29.454
KNQA20151211-3,KNQA20151211_121937_V06,5,3.516,1.200,1104,0,0.764,0,0,0.764
KNQA20151211-3,KNQA20151211_121937_V06,6,4.482,1.200,1104,0,0.766,0,0,0.766
KNQA20151211-3,KNQA20151211_122921_V06,0,0.483,1.200,5963,0,84070.108,183,0,82504.794
KNQA20151211-3,KNQA20151211_122921_V06,2,1.494,1.200,5968,0,1057.704,533,0,887.490
KNQA20151211-3,KNQA20151211_122921_V06,4,2.505,1.200,2985,0,19.062,16,0,14.733
KNQA20151211-3,KNQA20151211_122921_V06,5,3.516,1.200,2993,0,2.948,2,0,2.588
KNQA20151211-3,KNQA20151211_122921_V06,6,4.482,1.200,3007,0,2.536,0,0,2.536
KNQA20151211-1,KNQA20151211_120007_V06,0,0.483,1.200,909,0,7227.438,19,0,7002.622
KNQA20151211-1,KNQA20151211_120007_V06,2,1.494,1.200,910,0,2.116,2,0,1.691
KNQA20151211-1,KNQA20151211_120007_V06,4,2.505,1.200,457,0,0.414,0,0,0.414
KNQA20151211-1,KNQA20151211_120007_V06,5,3.516,1.200,458,0,0.416,0,0,0.416
KNQA20151211-1,KNQA20151211_120007_V06,6,4.482,1.200,456,0,0.415,0,0,0.415
KNQA20151211-1,KNQA20151211_120952_V06,0,0.483,1.200,10498,0,3931.274,131,0,3397.549
KNQA20151211-1,KNQA20151211_120952_V06,2,1.494,1.200,10503,0,94.828,781,0,29.634
KNQA20151211-1,KNQA20151211_120952_V06,4,2.505,1.200,5265,0,339.028,757,0,95.283
KNQA20151211-1,KNQA20151211_120952_V06,5,3.516,1.200,5271,0,136.502,441,0,13.852
KNQA20151211-1,KNQA20151211_120952_V06,6,4.482,1.200,5272,0,6.030,18,0,4.950
KNQA20151211-6,KNQA20151211_124853_V06,0,0.483,1.200,781,0,54160.490,8,0,53747.687
KNQA20151211-6,KNQA20151211_124853_V06,2,1.494,1.200,781,0,0.767,0,0,0.767
KNQA20151211-6,KNQA20151211_124853_V06,4,2.505,1.200,387,0,0.762,0,0,0.762
KNQA20151211-6,KNQA20151211_124853_V06,5,3.516,1.200,391,0,0.771,0,0,0.771
KNQA20151211-6,KNQA20151211_125838_V06,0,0.483,1.200,3326,0,63843.437,61,0,60485.158
KNQA20151211-6,KNQA20151211_125838_V06,2,1.494,1.200,3326,0,25.864,4,0,24.354
KNQA20151211-6,KNQA20151211_125838_V06,4,2.505,1.200,1666,0,3.171,0,0,3.171
KNQA20151211-6,KNQA20151211_125838_V06,5,3.516,1.200,1673,0,3.191,0,0,3.191
KNQA20151211-7,KNQA20151211_124853_V06,0,0.483,1.200,3562,0,13730.117,752,0,339.025
KNQA20151211-7,KNQA20151211_124853_V06,2,1.494,1.200,3571,0,5695.316,500,0,31.300
KNQA20151211-7,KNQA20151211_124853_V06,4,2.505,1.200,1784,0,1552.360,271,0,26.448
KNQA20151211-7,KNQA20151211_124853_V06,5,3.516,1.200,1786,0,2.217,0,0,2.217
KNQA20151211-7,KNQA20151211_124853_V06,6,4.482,1.200,1790,0,1.614,0,0,1.614
KNQA20151211-7,KNQA20151211_125838_V06,0,0.483,1.200,8034,0,23045.624,1848,0,1306.856
KNQA20151211-7,KNQA20151211_125838_V06,2,1.494,1.200,8042,0,10478.787,1091,0,31.399
KNQA20151211-7,KNQA20151211_125838_V06,4,2.505,1.200,4028,0,2677.584,667,0,48.411
KNQA20151211-7,KNQA20151211_125838_V06,5,3.516,1.200,4027,0,479.319,381,0,11.401
KNQA20151211-7,KNQA20151211_125838_V06,6,4.482,1.200,4034,0,3.096,0,0,3.096
KNQA20151211-8,KNQA20151211_124853_V06,0,0.483,1.200,920,0,94130.006,13,0,93956.842
KNQA20151211-8,KNQA20151211_124853_V06,2,1.494,1.200,921,0,8.677,3,0,7.615
KNQA20151211-8,KNQA20151211_124853_V06,4,2.505,1.200,462,0,0.584,0,0,0.584
KNQA20151211-8,KNQA20151211_124853_V06,5,3.516,1.200,460,0,0.583,0,0,0.583
KNQA20151211-8,KNQA20151211_124853_V06,6,4.482,1.200,465,0,0.591,0,0,0.591
KNQA20151211-12,KNQA20151211_124853_V06,0,0.483,1.200,1437,0,1635.569,41,0,289.305
KNQA20151211-12,KNQA20151211_124853_V06,2,1.494,1.200,1438,0,5.975,0,0,5.975
KNQA20151212-5,KNQA20151212_124722_V06,0,0.483,1.200,628,0,132519.379,12,0,132327.866
KNQA20151212-5,KNQA20151212_124722_V06,2,1.494,1.200,634,0,0.612,0,0,0.612
KNQA20151212-5,KNQA20151212_124722_V06,4,2.505,1.200,318,0,0.615,0,0,0.615
KNQA20151212-5,KNQA20151212_124722_V06,5,3.516,1.200,317,0,0.614,0,0,0.614
KNQA20151212-5,KNQA20151212_125706_V06,0,0.483,1.200,2884,0,184860.339,52,0,183449.611
KNQA20151212-5,KNQA20151212_125706_V06,2,1.494,1.200,2883,0,20.664,1,0,18.804
KNQA20151212-5,KNQA20151212_125706_V06,4,2.505,1.200,1442,0,2.703,0,0,2.703
KNQA20151212-5,KNQA20151212_125706_V06,5,3.516,1.200,1442,0,2.709,0,0,2.709
KNQA20151212-5,KNQA20151212_130651_V06,0,0.483,1.200,7086,0,235775.076,236,0,228075.080
KNQA20151212-5,KNQA20151212_130651_V06,2,1.450,1.200,7083,0,64.038,21,0,46.569
KNQA20151212-5,KNQA20151212_130651_V06,4,2.417,1.200,3549,0,6.434,0,0,6.434
KNQA20151212-5,KNQA20151212_130651_V06,5,3.384,1.200,3564,0,6.472,0,0,6.472
KNQA20151212-5,KNQA20151212_131146_V06,0,0.483,1.200,3793,0,312780.060,88,0,309432.316
KNQA20151212-5,KNQA20151212_131146_V06,2,1.450,1.200,3792,0,57.361,10,0,44.992
KNQA20151212-5,KNQA20151212_131146_V06,4,2.417,1.200,1899,0,3.378,0,0,3.378
KNQA20151212-5,KNQA20151212_131146_V06,5,3.384,1.200,1894,0,3.379,0,0,3.379
KNQA20151212-6,KNQA20151212_124722_V06,0,0.483,1.200,610,0,48518.072,3,0,48509.792
KNQA20151212-6,KNQA20151212_124722_V06,2,1.494,1.200,610,0,0.754,0,0,0.754
KNQA20151212-6,KNQA20151212_124722_V06,4,2.505,1.200,304,0,0.753,0,0,0.753
KNQA20151212-6,KNQA20151212_125706_V06,0,0.483,1.200,2501,0,141416.025,44,0,140361.297
KNQA20151212-6,KNQA20151212_125706_V06,2,1.494,1.200,2504,0,16.169,1,0,14.309
KNQA20151212-6,KNQA20151212_125706_V06,4,2.505,1.200,1254,0,3.054,0,0,3.054
KNQA20151212-13,KNQA20151212_135548_V06,0,0.483,1.200,3952,0,213145.756,90,0,210853.105
KNQA20151212-13,KNQA20151212_135548_V06,2,1.494,1.200,3958,0,188.917,9,0,181.925
KNQA20151212-13,KNQA20151212_135548_V06,4,2.505,1.200,2001,0,3.794,0,0,3.794
KNQA20151212-13,KNQA20151212_135548_V06,5,3.516,1.200,1999,0,3.798,0,0,3.798
KNQA20151212-13,KNQA20151212_140533_V06,0,0.483,1.200,7416,0,197769.656,150,0,194066.593
KNQA20151212-13,KNQA20151212_140533_V06,2,1.494,1.200,7418,0,569.913,312,0,397.701
KNQA20151212-13,KNQA20151212_140533_V06,4,2.505,1.200,3725,0,7.146,0,0,7.146
KNQA20151212-13,KNQA20151212_140533_V06,5,3.516,1.200,3719,0,7.150,0,0,7.150
KNQA20151212-1,KNQA20151212_120826_V06,0,0.483,1.200,1097,0,92090.505,9,0,92011.321
KNQA20151212-1,KNQA20151212_120826_V06,2,1.494,1.200,1097,0,11.555,4,0,6.760
KNQA20151212-1,KNQA20151212_120826_V06,4,2.505,1.200,548,0,1.144,0,0,1.144
KNQA20151212-1,KNQA20151212_120826_V06,5,3.516,1.200,551,0,1.154,0,0,1.154
KNQA20151212-3,KNQA20151212_120826_V06,0,0.483,1.200,3755,0,85914.962,323,0,80928.126
KNQA20151212-3,KNQA20151212_120826_V06,2,1.494,1.200,3761,0,161.305,631,0,99.131
KNQA20151212-3,KNQA20151212_120826_V06,4,2.505,1.200,1881,0,251.274,994,0,21.472
KNQA20151212-3,KNQA20151212_120826_V06,5,3.516,1.200,1875,0,58.736,294,0,4.922
KNQA20151212-3,KNQA20151212_120826_V06,6,4.482,1.200,1878,0,0.648,0,0,0.648
KNQA20151212-8,KNQA20151212_124722_V06,0,0.483,1.200,922,0,14828.462,6,0,14816.191
KNQA20151212-8,KNQA20151212_124722_V06,2,1.494,1.200,920,0,0.569,0,0,0.569
KNQA20151212-8,KNQA20151212_124722_V06,4,2.505,1.200,464,0,0.574,0,0,0.574
KNQA20151212-8,KNQA20151212_124722_V06,5,3.516,1.200,464,0,0.575,0,0,0.575
KNQA20151212-8,KNQA20151212_124722_V06,6,4.482,1.200,466,0,0.581,0,0,0.581
KNQA20151212-9,KNQA20151212_125706_V06,0,0.483,1.200,19332,73,212959.257,1168,66,208148.212
KNQA20151212-9,KNQA20151212_125706_V06,2,1.494,1.200,19338,0,188.818,4235,0,103.179
KNQA20151212-9,KNQA20151212_125706_V06,4,2.505,1.200,9668,0,293.103,3337,0,100.225
KNQA20151212-9,KNQA20151212_125706_V06,5,3.516,1.200,9685,0,303.135,3514,0,78.483
KNQA20151212-9,KNQA20151212_125706_V06,6,4.482,1.200,9705,0,299.309,3288,0,51.316
KNQA20151212-12,KNQA20151212_134604_V06,0,0.483,1.200,5916,0,413841.370,146,0,405607.660
KNQA20151212-12,KNQA20151212_134604_V06,2,1.494,1.200,5917,0,833.274,171,0,734.724
KNQA20151212-12,KNQA20151212_134604_V06,4,2.505,1.200,2960,0,12.933,0,0,12.933
KNQA20151212-12,KNQA20151212_134604_V06,5,3.516,1.200,2967,0,5.049,0,0,5.049
KNQA20151213-1,KNQA20151213_120036_V06,0,0.483,1.200,200,0,9018.951,13,0,8731.484
KNQA20151213-1,KNQA20151213_120036_V06,2,1.450,1.200,201,0,4.433,32,0,0.897
KNQA20151213-1,KNQA20151213_120036_V06,4,2.417,1.200,99,0,0.058,0,0,0.058
KNQA20151213-1,KNQA20151213_120036_V06,5,3.384,1.200,99,0,0.058,0,0,0.058
KNQA20151213-1,KNQA20151213_120036_V06,6,4.307,1.200,99,0,0.058,0,0,0.058
KNQA20151213-1,KNQA20151213_120036_V06,7,6.021,1.200,100,0,6.549,6,0,4.734
KNQA20151213-1,KNQA20151213_120626_V06,0,0.483,1.200,2056,0,16492.216,103,0,15861.480
KNQA20151213-1,KNQA20151213_120626_V06,2,1.450,1.200,2059,0,25.184,172,0,7.595
KNQA20151213-1,KNQA20151213_120626_V06,4,2.417,1.200,1028,0,0.921,0,0,0.921
KNQA20151213-1,KNQA20151213_120626_V06,5,3.384,1.200,1024,0,0.593,0,0,0.593
KNQA20151213-1,KNQA20151213_120626_V06,6,4.307,1.200,1031,0,1.536,0,0,1.536
KNQA20151213-1,KNQA20151213_120626_V06,7,6.021,1.200,1037,0,149.227,139,0,36.864
KNQA20151213-5,KNQA20151213_125709_V06,0,0.483,1.200,8413,0,22818.696,935,0,19314.588
KNQA20151213-5,KNQA20151213_125709_V06,2,1.450,1.200,8416,0,17.517,364,0,10.451
KNQA20151213-5,KNQA20151213_125709_V06,4,2.417,1.200,4209,0,11.118,51,0,8.997
KNQA20151213-5,KNQA20151213_125709_V06,5,3.384,1.200,4220,0,17.387,181,0,9.421
KNQA20151213-5,KNQA20151213_125709_V06,6,4.307,1.200,4235,0,13.120,248,0,4.897
KNQA20151213-5,KNQA20151213_125709_V06,7,6.021,1.200,4246,0,4.788,110,0,3.231
KNQA20151213-5,KNQA20151213_125709_V06,8,9.888,1.200,4281,0,5.807,50,0,1.761
KNQA20151213-5,KNQA20151213_130300_V06,0,0.483,1.200,25517,279,228024.044,2905,275,217585.368
KNQA20151213-5,KNQA20151213_130300_V06,2,1.450,1.200,25522,7,7572.753,2269,7,6854.447
KNQA20151213-5,KNQA20151213_130300_V06,4,2.417,1.200,12767,0,199.854,280,0,159.085
KNQA20151213-5,KNQA20151213_130300_V06,5,3.384,1.200,12784,0,31.435,556,0,20.522
KNQA20151213-5,KNQA20151213_130300_V06,6,4.307,1.200,12790,0,37.493,1071,0,19.284
KNQA20151213-5,KNQA20151213_130300_V06,7,6.021,1.200,12826,0,78.734,1360,0,21.345
KNQA20151213-5,KNQA20151213_130300_V06,8,9.888,1.200,12953,0,4227.288,2304,0,508.579
KNQA20151214-1,KNQA20151214_124558_V06,0,0.483,1.200,4483,2,20424.550,188,2,20066.313
KNQA20151214-1,KNQA20151214_124558_V06,2,1.494,1.200,4484,0,20.747,299,0,11.594
KNQA20151214-1,KNQA20151214_124558_V06,4,2.505,1.200,2239,0,4.467,3,0,4.389
KNQA20151214-1,KNQA20151214_124558_V06,5,3.516,1.200,2240,0,1.008,0,0,1.008
KNQA20151214-1,KNQA20151214_124558_V06,6,4.482,1.200,2255,0,1.120,0,0,1.120
KNQA20151214-1,KNQA20151214_125541_V06,0,0.483,1.200,25961,32,180818.575,1545,27,176424.581
KNQA20151214-1,KNQA20151214_125541_V06,2,1.494,1.200,25966,0,162.286,5692,0,94.698
KNQA20151214-1,KNQA20151214_125541_V06,4,2.505,1.200,13001,0,78.670,2106,0,52.945
KNQA20151214-1,KNQA20151214_125541_V06,5,3.516,1.200,13015,0,80.668,2280,0,42.396
KNQA20151214-1,KNQA20151214_125541_V06,6,4.482,1.200,13029,0,64.260,2411,0,27.991
KNQA20151214-1,KNQA20151214_130525_V06,0,0.483,1.200,60063,115,330984.705,7598,99,300256.642
KNQA20151214-1,KNQA20151214_130525_V06,2,1.450,1.200,60088,1,4145.436,14721,0,2419.494
KNQA20151214-1,KNQA20151214_130525_V06,4,2.417,1.200,30060,0,315.064,6693,0,189.978
KNQA20151214-1,KNQA20151214_130525_V06,5,3.384,1.200,30097,0,190.163,7750,0,118.896
KNQA20151214-1,KNQA20151214_130525_V06,6,4.307,1.200,30140,0,142.611,8770,0,67.190
KNQA20151214-1,KNQA20151214_130525_V06,7,6.021,1.200,30237,0,63.537,8903,0,26.882
KNQA20151214-1,KNQA20151214_130525_V06,8,9.888,1.200,30547,0,21.135,7018,0,10.897
KNQA20151214-2,KNQA20151214_125541_V06,0,0.483,1.200,1434,0,53823.205,12,0,53035.943
KNQA20151214-2,KNQA20151214_125541_V06,2,1.494,1.200,1439,0,1.540,0,0,1.540
KNQA20151214-2,KNQA20151214_125541_V06,4,2.505,1.200,723,0,1.551,0,0,1.551
KNQA20151214-2,KNQA20151214_125541_V06,5,3.516,1.200,723,0,1.553,0,0,1.553
KNQA20151214-4,KNQA20151214_133453_V06,0,0.483,1.200,2244,0,14726.230,509,0,1029.316
KNQA20151214-4,KNQA20151214_133453_V06,2,1.494,1.200,2251,0,6.926,0,0,6.926
KNQA20151215-3,KNQA20151215_124333_V06,0,0.483,1.200,1328,0,33303.999,131,0,31269.307
KNQA20151215-3,KNQA20151215_124333_V06,2,1.450,1.200,1331,0,60.846,29,0,48.841
KNQA20151215-3,KNQA20151215_124333_V06,4,2.417,1.200,664,0,1.075,0,0,1.075
KNQA20151215-3,KNQA20151215_124333_V06,5,3.384,1.200,672,0,0.420,0,0,0.420
KNQA20151215-3,KNQA20151215_124333_V06,6,4.307,1.200,670,0,0.420,0,0,0.420
KNQA20151215-3,KNQA20151215_124333_V06,7,6.021,1.200,668,0,0.421,0,0,0.421
KNQA20151215-3,KNQA20151215_124830_V06,0,0.483,1.200,3347,0,131444.225,268,0,123504.295
KNQA20151215-3,KNQA20151215_124830_V06,2,1.450,1.200,3348,0,336.277,116,0,220.847
KNQA20151215-3,KNQA20151215_124830_V06,4,2.417,1.200,1678,0,1.041,0,0,1.041
KNQA20151215-3,KNQA20151215_124830_V06,5,3.384,1.200,1681,0,1.045,0,0,1.045
KNQA20151215-3,KNQA20151215_124830_V06,6,4.307,1.200,1677,0,1.044,0,0,1.044
KNQA20151215-3,KNQA20151215_124830_V06,7,6.021,1.200,1684,0,1.055,0,0,1.055
KNQA20151215-3,KNQA20151215_125327_V06,0,0.483,1.200,4304,0,133671.250,371,0,121895.600
KNQA20151215-3,KNQA20151215_125327_V06,2,1.450,1.200,4309,0,1252.646,125,0,1091.067
KNQA20151215-3,KNQA20151215_125327_V06,4,2.417,1.200,2155,0,1.292,0,0,1.292
KNQA20151215-3,KNQA20151215_125327_V06,5,3.384,1.200,2162,0,1.299,0,0,1.299
KNQA20151215-3,KNQA20151215_125327_V06,6,4.307,1.200,2163,0,1.302,0,0,1.302
KNQA20151215-3,KNQA20151215_125327_V06,7,6.021,1.200,2169,0,1.313,0,0,1.313
KNQA20151215-1,KNQA20151215_121357_V06,0,0.483,1.200,99,0,41176.378,1,0,41169.823
KNQA20151215-1,KNQA20151215_121357_V06,2,1.494,1.200,101,0,1.263,0,0,1.263
KNQA20151215-1,KNQA20151215_121357_V06,4,2.505,1.200,51,0,0.057,0,0,0.057
KNQA20151215-1,KNQA20151215_121357_V06,5,3.516,1.200,49,0,0.055,0,0,0.055
KNQA20151215-1,KNQA20151215_121357_V06,6,4.482,1.200,48,0,0.054,0,0,0.054
KNQA20151215-2,KNQA20151215_123340_V06,0,0.483,1.200,3775,0,27606.113,398,0,21895.025
KNQA20151215-2,KNQA20151215_123340_V06,2,1.450,1.200,3779,0,383.960,148,0,220.280
KNQA20151215-2,KNQA20151215_123340_V06,4,2.417,1.200,1890,0,50.165,3,0,48.244
KNQA20151215-2,KNQA20151215_123340_V06,5,3.384,1.200,1891,0,25.756,1,0,25.167
KNQA20151215-2,KNQA20151215_123340_V06,6,4.307,1.200,1884,0,18.815,2,0,17.009
KNQA20151215-4,KNQA20151215_124333_V06,0,0.483,1.200,716,0,1897.585,41,0,1848.317
KNQA20151215-4,KNQA20151215_124333_V06,2,1.450,1.200,717,0,3.981,9,0,2.972
KNQA20151215-4,KNQA20151215_124333_V06,4,2.417,1.200,358,0,0.342,0,0,0.342
KNQA20151215-4,KNQA20151215_124333_V06,5,3.384,1.200,359,0,0.134,0,0,0.134
KNQA20151215-4,KNQA20151215_124333_V06,6,4.307,1.200,357,0,0.134,0,0,0.134
KNQA20151215-4,KNQA20151215_124333_V06,7,6.021,1.200,363,0,0.137,0,0,0.137
KNQA20151216-5,KNQA20151216_124936_V06,0,0.483,1.200,28439,528,565782.372,9278,203,162837.304
KNQA20151216-5,KNQA20151216_124936_V06,2,0.879,1.200,28453,393,477789.672,10188,43,82856.842
KNQA20151216-5,KNQA20151216_124936_V06,4,1.318,1.200,28457,351,454414.999,10943,9,24868.900
KNQA20151216-5,KNQA20151216_124936_V06,6,1.802,1.200,14229,153,391080.259,5025,3,6495.205
KNQA20151216-5,KNQA20151216_124936_V06,7,2.417,1.200,14239,143,400462.191,5407,1,7751.680
KNQA20151216-5,KNQA20151216_124936_V06,8,3.120,1.200,14252,154,363589.334,6140,0,2401.669
KNQA20151216-5,KNQA20151216_124936_V06,11,3.999,1.200,14269,121,388665.106,6395,0,1083.891
KNQA20151216-5,KNQA20151216_124936_V06,12,5.098,1.200,14286,122,339940.212,6699,3,5347.187
KNQA20151216-5,KNQA20151216_124936_V06,13,6.416,1.200,14317,128,314133.992,6986,1,3282.487
KNQA20151216-5,KNQA20151216_124936_V06,14,7.998,1.200,14369,136,303142.709,7624,4,763.254
KNQA20151216-5,KNQA20151216_124936_V06,15,10.020,1.200,14469,105,286586.392,7265,2,1662.471
KNQA20151216-5,KNQA20151216_124936_V06,16,12.480,1.200,14592,61,227080.263,6855,1,145.000
KNQA20151216-5,KNQA20151216_124936_V06,17,15.601,1.200,14810,31,107363.471,6870,0,101.310
KNQA20151217-3,KNQA20151217_123856_V06,0,0.483,1.200,16727,33,86245.499,2220,32,77894.167
KNQA20151217-3,KNQA20151217_123856_V06,2,1.450,1.200,16737,0,472.636,702,0,367.622
KNQA20151217-3,KNQA20151217_123856_V06,4,2.417,1.200,8371,0,9.064,54,0,7.761
KNQA20151217-3,KNQA20151217_123856_V06,5,3.384,1.200,8382,0,3.692,13,0,3.326
KNQA20151217-3,KNQA20151217_123856_V06,6,4.307,1.200,8392,0,2.285,7,0,2.263
KNQA20151217-3,KNQA20151217_123856_V06,7,6.021,1.200,8408,0,1.872,3,0,1.853
KNQA20151217-3,KNQA20151217_123856_V06,8,9.888,1.200,8495,0,2.282,21,0,2.013
KNQA20151217-3,KNQA20151217_124354_V06,0,0.483,1.200,25453,199,326063.471,3290,194,298557.708
KNQA20151217-3,KNQA20151217_124354_V06,2,1.450,1.200,25466,14,17648.435,1150,14,16618.543
KNQA20151217-3,KNQA20151217_124354_V06,4,2.417,1.200,12741,0,38.939,75,0,28.383
KNQA20151217-3,KNQA20151217_124354_V06,5,3.384,1.200,12743,0,5.517,24,0,5.332
KNQA20151217-3,KNQA20151217_124354_V06,6,4.307,1.200,12762,0,4.866,23,0,4.597
KNQA20151217-3,KNQA20151217_124354_V06,7,6.021,1.200,12797,0,3.265,8,0,3.262
KNQA20151217-3,KNQA20151217_124354_V06,8,9.888,1.200,12924,0,3.361,34,0,3.112
KNQA20151217-3,KNQA20151217_124851_V06,0,0.483,1.200,23537,8,361082.572,2188,8,331274.073
KNQA20151217-3,KNQA20151217_124851_V06,2,1.450,1.200,23546,0,9829.127,914,0,8689.566
KNQA20151217-3,KNQA20151217_124851_V06,4,2.417,1.200,11780,0,88.090,38,0,41.583
KNQA20151217-3,KNQA20151217_124851_V06,5,3.384,1.200,11792,0,8.142,19,0,7.493
KNQA20151217-3,KNQA20151217_124851_V06,6,4.307,1.200,11807,0,8.434,5,0,8.339
KNQA20151217-3,KNQA20151217_124851_V06,7,6.021,1.200,11841,0,3.948,1,0,3.887
KNQA20151217-3,KNQA20151217_124851_V06,8,9.888,1.200,11965,0,4.694,28,0,3.945
KNQA20151217-3,KNQA20151217_125348_V06,0,0.483,1.200,57514,357,899587.623,5160,318,833955.540
KNQA20151217-3,KNQA20151217_125348_V06,2,1.450,1.200,57536,18,59264.911,3746,14,51853.225
KNQA20151217-3,KNQA20151217_125348_V06,4,2.417,1.200,28790,1,13855.799,464,1,10284.377
KNQA20151217-3,KNQA20151217_125348_V06,5,3.384,1.200,28815,1,4625.122,287,1,3958.609
KNQA20151217-3,KNQA20151217_125348_V06,6,4.307,1.200,28847,0,557.193,193,0,510.413
KNQA20151217-3,KNQA20151217_125348_V06,7,6.021,1.200,28945,0,8.118,121,0,7.616
KNQA20151217-3,KNQA20151217_125348_V06,8,9.888,1.200,29258,0,8.625,239,0,7.871
KNQA20151217-3,KNQA20151217_125846_V06,0,0.483,1.200,75433,324,785526.542,7845,280,712627.146
KNQA20151217-3,KNQA20151217_125846_V06,2,1.450,1.200,75462,13,41475.983,5477,6,34325.696
KNQA20151217-3,KNQA20151217_125846_V06,4,2.417,1.200,37747,0,3491.199,724,0,2029.049
KNQA20151217-3,KNQA20151217_125846_V06,5,3.384,1.200,37792,0,1817.786,443,0,826.171
KNQA20151217-3,KNQA20151217_125846_V06,6,4.307,1.200,37842,0,184.518,315,0,140.042
KNQA20151217-3,KNQA20151217_125846_V06,7,6.021,1.200,37958,0,12.123,134,0,10.879
KNQA20151217-3,KNQA20151217_125846_V06,8,9.888,1.200,38360,0,11.348,255,0,10.243
KNQA20151217-3,KNQA20151217_130342_V06,0,0.483,1.200,93881,230,640068.303,10974,201,574066.452
KNQA20151217-3,KNQA20151217_130342_V06,2,1.450,1.200,93916,19,14206.420,5744,11,9406.528
KNQA20151217-3,KNQA20151217_130342_V06,4,2.417,1.200,46995,0,945.928,722,0,511.322
KNQA20151217-3,KNQA20151217_130342_V06,5,3.384,1.200,47035,0,342.676,365,0,160.700
KNQA20151217-3,KNQA20151217_130342_V06,6,4.307,1.200,47097,0,29.098,266,0,27.009
KNQA20151217-3,KNQA20151217_130342_V06,7,6.021,1.200,47248,0,27.151,165,0,26.214
KNQA20151217-3,KNQA20151217_130342_V06,8,9.888,1.200,47745,0,17.496,190,0,16.442
KNQA20151217-3,KNQA20151217_130840_V06,0,0.483,1.200,106188,205,666989.507,13278,175,601248.466
KNQA20151217-3,KNQA20151217_130840_V06,2,1.450,1.200,106232,1,5896.579,6187,1,4119.644
KNQA20151217-3,KNQA20151217_130840_V06,4,2.417,1.200,53147,0,784.694,704,0,617.056
KNQA20151217-3,KNQA20151217_130840_V06,5,3.384,1.200,53214,0,53.311,437,0,41.006
KNQA20151217-3,KNQA20151217_130840_V06,6,4.307,1.200,53285,0,37.751,304,0,29.737
KNQA20151217-3,KNQA20151217_130840_V06,7,6.021,1.200,53434,0,24.761,177,0,24.042
KNQA20151217-3,KNQA20151217_130840_V06,8,9.888,1.200,53997,0,25.803,212,0,24.836
KNQA20151217-1,KNQA20151217_121427_V06,0,0.483,1.200,941,0,14925.471,36,0,14829.216
KNQA20151217-1,KNQA20151217_121427_V06,2,1.494,1.200,938,0,3.022,4,0,0.579
KNQA20151217-1,KNQA20151217_121427_V06,4,2.505,1.200,473,0,0.589,0,0,0.589
KNQA20151217-1,KNQA20151217_121427_V06,5,3.516,1.200,480,0,0.600,0,0,0.600
KNQA20151217-1,KNQA20151217_121427_V06,6,4.482,1.200,484,0,0.605,0,0,0.605
KNQA20151217-1,KNQA20151217_122414_V06,0,0.483,1.200,7336,0,102284.034,405,0,99145.678
KNQA20151217-1,KNQA20151217_122414_V06,2,1.494,1.200,7343,0,18.350,15,0,10.222
KNQA20151217-1,KNQA20151217_122414_V06,4,2.505,1.200,3675,0,4.950,0,0,4.950
KNQA20151217-1,KNQA20151217_122414_V06,5,3.516,1.200,3689,0,4.982,0,0,4.982
KNQA20151217-1,KNQA20151217_122414_V06,6,4.482,1.200,3684,0,4.985,0,0,4.985
KNQA20151217-5,KNQA20151217_132828_V06,0,0.483,1.200,5656,0,104420.845,189,0,103604.283
KNQA20151217-5,KNQA20151217_132828_V06,2,1.494,1.200,5661,0,10.132,1,0,9.839
KNQA20151217-5,KNQA20151217_132828_V06,4,2.505,1.200,2834,0,5.045,0,0,5.045
KNQA20151217-5,KNQA20151217_132828_V06,5,3.516,1.200,2841,0,5.071,0,0,5.071
KNQA20151218-1,KNQA20151218_120516_V06,0,0.483,1.200,1228,0,15701.166,18,0,15628.099
KNQA20151218-1,KNQA20151218_120516_V06,2,1.494,1.200,1226,0,1.017,0,0,1.017
KNQA20151218-1,KNQA20151218_120516_V06,4,2.505,1.200,616,0,1.023,0,0,1.023
KNQA20151218-1,KNQA20151218_120516_V06,5,3.516,1.200,615,0,1.025,0,0,1.025
KNQA20151218-2,KNQA20151218_124933_V06,0,0.483,1.200,1095,0,5706.526,131,0,4641.873
KNQA20151218-2,KNQA20151218_124933_V06,2,1.450,1.200,1093,0,2.038,1,0,1.660
KNQA20151218-2,KNQA20151218_124933_V06,4,2.417,1.200,547,0,0.325,0,0,0.325
KNQA20151218-2,KNQA20151218_124933_V06,5,3.384,1.200,548,0,0.326,0,0,0.326
KNQA20151218-2,KNQA20151218_124933_V06,6,4.307,1.200,547,0,0.327,0,0,0.327
KNQA20151218-2,KNQA20151218_124933_V06,7,6.021,1.200,546,0,0.328,0,0,0.328
KNQA20151218-3,KNQA20151218_141817_V06,0,0.483,1.200,1022,0,45447.696,22,0,43102.285
KNQA20151218-3,KNQA20151218_141817_V06,2,1.494,1.200,1020,0,0.455,0,0,0.455
KNQA20151218-3,KNQA20151218_141817_V06,4,2.505,1.200,508,0,0.453,0,0,0.453
KNQA20151218-3,KNQA20151218_141817_V06,5,3.516,1.200,509,0,0.456,0,0,0.456
KNQA20151218-3,KNQA20151218_141817_V06,6,4.482,1.200,508,0,0.456,0,0,0.456
KNQA20151219-7,KNQA20151219_125157_V06,0,0.483,1.200,41638,1246,1015684.124,3610,990,957488.543
KNQA20151219-7,KNQA20151219_125157_V06,2,1.450,1.200,41654,747,103064.788,3685,640,94172.189
KNQA20151219-7,KNQA20151219_125157_V06,4,2.417,1.200,20839,5,1388.878,667,3,1149.399
KNQA20151219-7,KNQA20151219_125157_V06,5,3.384,1.200,20849,0,31.831,465,0,20.943
KNQA20151219-7,KNQA20151219_125157_V06,6,4.307,1.200,20889,0,5.920,803,0,5.079
KNQA20151219-7,KNQA20151219_125157_V06,7,6.021,1.200,20962,0,3.853,799,0,3.139
KNQA20151219-7,KNQA20151219_125157_V06,8,9.888,1.200,21186,0,4.421,387,0,3.624
KNQA20151219-7,KNQA20151219_125655_V06,0,0.483,1.200,58669,1520,995582.795,5291,1251,929472.867
KNQA20151219-7,KNQA20151219_125655_V06,2,1.450,1.200,58696,419,48456.734,4848,326,41908.315
KNQA20151219-7,KNQA20151219_125655_V06,4,2.417,1.200,29361,6,1327.818,659,5,956.947
KNQA20151219-7,KNQA20151219_125655_V06,5,3.384,1.200,29396,0,34.170,498,0,26.764
KNQA20151219-7,KNQA20151219_125655_V06,6,4.307,1.200,29427,0,7.668,664,0,7.036
KNQA20151219-7,KNQA20151219_125655_V06,7,6.021,1.200,29542,0,5.422,840,0,5.013
KNQA20151219-7,KNQA20151219_125655_V06,8,9.888,1.200,29838,0,4.731,456,0,4.055
KNQA20151219-8,KNQA20151219_132641_V06,0,0.483,1.200,4153,0,199950.533,292,0,180437.395
KNQA20151219-8,KNQA20151219_132641_V06,2,1.450,1.200,4158,0,230.063,34,0,217.627
KNQA20151219-8,KNQA20151219_132641_V06,4,2.417,1.200,2083,0,1.761,0,0,1.761
KNQA20151219-8,KNQA20151219_132641_V06,5,3.384,1.200,2081,0,1.762,0,0,1.762
KNQA20151219-8,KNQA20151219_132641_V06,6,4.307,1.200,2081,0,1.764,0,0,1.764
KNQA20151219-8,KNQA20151219_132641_V06,7,6.021,1.200,2091,0,1.785,0,0,1.785
KNQA20151219-8,KNQA20151219_133138_V06,0,0.483,1.200,9007,0,227715.597,816,0,201934.514
KNQA20151219-8,KNQA20151219_133138_V06,2,1.450,1.200,9007,0,919.960,82,0,848.591
KNQA20151219-8,KNQA20151219_133138_V06,4,2.417,1.200,4510,0,3.729,0,0,3.729
KNQA20151219-8,KNQA20151219_133138_V06,5,3.384,1.200,4514,0,3.740,0,0,3.740
KNQA20151219-8,KNQA20151219_133138_V06,6,4.307,1.200,4515,0,3.748,0,0,3.748
KNQA20151219-8,KNQA20151219_133138_V06,7,6.021,1.200,4527,0,3.781,0,0,3.781
KNQA20151219-1,KNQA20151219_120714_V06,0,0.483,1.200,1590,0,95715.881,81,0,87550.238
KNQA20151219-1,KNQA20151219_120714_V06,2,1.450,1.200,1594,0,147.582,10,0,111.542
KNQA20151219-1,KNQA20151219_120714_V06,4,2.417,1.200,794,0,1.212,0,0,1.212
KNQA20151219-1,KNQA20151219_120714_V06,5,3.384,1.200,798,0,1.221,0,0,1.221
KNQA20151219-1,KNQA20151219_120714_V06,6,4.307,1.200,796,0,1.222,0,0,1.222
KNQA20151219-2,KNQA20151219_121212_V06,0,0.483,1.200,1064,0,29774.524,83,0,28674.674
KNQA20151219-2,KNQA20151219_121212_V06,2,1.450,1.200,1068,0,17.475,1,0,16.354
KNQA20151219-2,KNQA20151219_121212_V06,4,2.417,1.200,530,0,0.411,0,0,0.411
KNQA20151219-2,KNQA20151219_121212_V06,5,3.384,1.200,533,0,0.414,0,0,0.414
KNQA20151219-2,KNQA20151219_121212_V06,6,4.307,1.200,529,0,0.412,0,0,0.412
KNQA20151219-2,KNQA20151219_121212_V06,7,6.021,1.200,535,0,0.419,0,0,0.419
KNQA20151219-3,KNQA20151219_121212_V06,0,0.483,1.200,170,0,64212.689,12,0,61995.239
KNQA20151219-3,KNQA20151219_121212_V06,2,1.450,1.200,168,0,4.979,1,0,4.885
KNQA20151219-3,KNQA20151219_121212_V06,4,2.417,1.200,85,0,0.045,0,0,0.045
KNQA20151219-3,KNQA20151219_121212_V06,5,3.384,1.200,86,0,0.045,0,0,0.045
KNQA20151219-3,KNQA20151219_121212_V06,6,4.307,1.200,86,0,0.046,0,0,0.046
KNQA20151219-3,KNQA20151219_121212_V06,7,6.021,1.200,85,0,0.045,0,0,0.045
KNQA20151219-6,KNQA20151219_124700_V06,0,0.483,1.200,909,0,64261.118,56,0,52929.476
KNQA20151219-6,KNQA20151219_124700_V06,2,1.450,1.200,908,0,0.821,2,0,0.530
KNQA20151219-6,KNQA20151219_124700_V06,4,2.417,1.200,453,0,0.285,0,0,0.285
KNQA20151219-6,KNQA20151219_124700_V06,5,3.384,1.200,454,0,0.286,0,0,0.286
KNQA20151219-6,KNQA20151219_124700_V06,6,4.307,1.200,462,0,0.292,0,0,0.292
KNQA20151219-6,KNQA20151219_124700_V06,7,6.021,1.200,454,0,0.289,0,0,0.289
KNQA20151220-1,KNQA20151220_125252_V06,0,0.483,1.200,39216,785,597390.806,3913,741,555344.523
KNQA20151220-1,KNQA20151220_125252_V06,2,1.450,1.200,39238,676,79450.177,2547,598,74728.076
KNQA20151220-1,KNQA20151220_125252_V06,4,2.417,1.200,19628,68,9815.091,404,59,8160.084
KNQA20151220-1,KNQA20151220_125252_V06,5,3.384,1.200,19658,2,1017.185,227,2,736.509
KNQA20151220-1,KNQA20151220_125252_V06,6,4.307,1.200,19683,0,59.543,104,0,16.449
KNQA20151220-1,KNQA20151220_125252_V06,7,6.021,1.200,19732,0,4.133,60,0,3.741
KNQA20151220-1,KNQA20151220_125252_V06,8,9.888,1.200,19965,0,4.113,182,0,3.075
KNQA20151220-1,KNQA20151220_125751_V06,0,0.483,1.200,58463,988,729892.378,5819,834,666178.497
KNQA20151220-1,KNQA20151220_125751_V06,2,1.450,1.200,58478,331,51127.690,4387,262,43831.111
KNQA20151220-1,KNQA20151220_125751_V06,4,2.417,1.200,29261,7,4734.825,747,4,3665.424
KNQA20151220-1,KNQA20151220_125751_V06,5,3.384,1.200,29290,3,581.439,380,1,342.910
KNQA20151220-1,KNQA20151220_125751_V06,6,4.307,1.200,29330,0,27.402,157,0,22.653
KNQA20151220-1,KNQA20151220_125751_V06,7,6.021,1.200,29430,0,5.782,65,0,5.554
KNQA20151220-1,KNQA20151220_125751_V06,8,9.888,1.200,29745,0,54.462,237,0,8.702
KNQA20151220-1,KNQA20151220_130248_V06,0,0.483,1.200,50734,476,545440.384,6013,379,488729.786
KNQA20151220-1,KNQA20151220_130248_V06,2,1.450,1.200,50755,12,9537.244,5784,7,7035.016
KNQA20151220-1,KNQA20151220_130248_V06,4,2.417,1.200,25393,0,590.727,818,0,329.886
KNQA20151220-1,KNQA20151220_130248_V06,5,3.384,1.200,25421,0,20.456,587,0,16.711
KNQA20151220-1,KNQA20151220_130248_V06,6,4.307,1.200,25458,0,19.709,236,0,8.046
KNQA20151220-1,KNQA20151220_130248_V06,7,6.021,1.200,25530,0,3.205,126,0,3.053
KNQA20151220-1,KNQA20151220_130248_V06,8,9.888,1.200,25803,0,4.962,308,0,2.961
KNQA20151221-20,KNQA20151221_140529_V06,0,0.483,1.200,3064,0,744672.240,698,0,6030.907
KNQA20151221-20,KNQA20151221_141027_V06,0,0.483,1.200,5150,0,644297.747,798,0,6234.643
KNQA20151221-20,KNQA20151221_141523_V06,0,0.483,1.200,5997,0,1021502.969,1003,0,4805.742
KNQA20151221-20,KNQA20151221_142020_V06,0,0.483,1.200,7211,0,1122640.362,1135,0,5376.805
KNQA20151221-20,KNQA20151221_142517_V06,0,0.483,1.200,10662,0,1265258.050,1381,0,6218.134
KNQA20151221-20,KNQA20151221_143014_V06,0,0.483,1.200,13959,0,1299078.085,1707,0,4971.682
KNQA20151221-20,KNQA20151221_143014_V06,2,1.450,1.200,13969,0,1451.013,29,0,223.752
KNQA20151221-3,KNQA20151221_122202_V06,0,0.483,1.200,2281,0,61373.794,192,0,842.039
KNQA20151221-3,KNQA20151221_122202_V06,2,1.450,1.200,2277,0,9.699,0,0,9.699
KNQA20151221-3,KNQA20151221_122728_V06,0,0.483,1.200,4525,0,107924.754,312,0,2177.353
KNQA20151221-3,KNQA20151221_122728_V06,2,1.450,1.200,4527,0,73.309,3,0,31.317
KNQA20151221-6,KNQA20151221_123319_V06,0,0.483,1.200,4186,0,479693.261,456,0,1649.330
KNQA20151221-6,KNQA20151221_123319_V06,2,1.450,1.200,4193,0,137.042,4,0,18.473
KNQA20151221-15,KNQA20151221_132056_V06,0,0.483,1.200,3524,0,18969.784,575,0,450.211
KNQA20151221-15,KNQA20151221_132056_V06,2,1.450,1.200,3523,0,10055.185,314,0,82.376
KNQA20151221-15,KNQA20151221_132056_V06,4,2.417,1.200,1762,0,1255.361,33,0,123.793
KNQA20151222-8,KNQA20151222_125816_V06,0,0.483,1.200,902,0,243543.421,27,0,238760.152
KNQA20151222-8,KNQA20151222_125816_V06,2,1.494,1.200,899,0,0.824,0,0,0.824
KNQA20151222-8,KNQA20151222_125816_V06,4,2.505,1.200,452,0,0.830,0,0,0.830
KNQA20151222-8,KNQA20151222_125816_V06,5,3.516,1.200,451,0,0.830,0,0,0.830
KNQA20151222-8,KNQA20151222_130801_V06,0,0.483,1.200,3943,0,228618.546,195,0,220863.850
KNQA20151222-8,KNQA20151222_130801_V06,2,1.450,1.200,3943,0,7.213,2,0,5.087
KNQA20151222-8,KNQA20151222_130801_V06,4,2.417,1.200,1975,0,3.611,0,0,3.611
KNQA20151222-8,KNQA20151222_130801_V06,5,3.384,1.200,1973,0,3.615,0,0,3.615
KNQA20151222-8,KNQA20151222_131257_V06,0,0.483,1.200,6402,0,496884.751,261,0,479910.719
KNQA20151222-8,KNQA20151222_131257_V06,2,1.450,1.200,6398,0,62.705,7,0,52.445
KNQA20151222-8,KNQA20151222_131257_V06,4,2.417,1.200,3204,0,5.847,0,0,5.847
KNQA20151222-8,KNQA20151222_131257_V06,5,3.384,1.200,3212,0,5.870,0,0,5.870
KNQA20151222-8,KNQA20151222_131753_V06,0,0.483,1.200,9425,0,855384.222,342,0,834491.281
KNQA20151222-8,KNQA20151222_131753_V06,2,1.450,1.200,9429,0,61.865,12,0,48.488
KNQA20151222-8,KNQA20151222_131753_V06,4,2.417,1.200,4789,0,8.716,0,0,8.716
KNQA20151222-8,KNQA20151222_131753_V06,5,3.384,1.200,4796,0,8.749,0,0,8.749
KNQA20151222-8,KNQA20151222_132251_V06,0,0.483,1.200,10152,0,885762.155,350,0,824602.728
KNQA20151222-8,KNQA20151222_132251_V06,2,1.450,1.200,10153,0,40.348,6,0,36.610
KNQA20151222-8,KNQA20151222_132251_V06,4,2.417,1.200,5081,0,9.600,0,0,9.600
KNQA20151222-8,KNQA20151222_132251_V06,5,3.384,1.200,5079,0,9.613,0,0,9.613
KNQA20151222-8,KNQA20151222_132747_V06,0,0.483,1.200,11989,1,1045829.921,569,1,976776.719
KNQA20151222-8,KNQA20151222_132747_V06,2,1.450,1.200,12003,0,107.325,17,0,92.596
KNQA20151222-8,KNQA20151222_132747_V06,4,2.417,1.200,6004,0,10.725,0,0,10.725
KNQA20151222-8,KNQA20151222_132747_V06,5,3.384,1.200,6013,0,10.771,0,0,10.771
KNQA20151222-8,KNQA20151222_133244_V06,0,0.483,1.200,18040,2,742525.040,871,1,687258.385
KNQA20151222-8,KNQA20151222_133244_V06,2,1.450,1.200,18050,0,220.230,47,0,177.488
KNQA20151222-8,KNQA20151222_133244_V06,4,2.417,1.200,9034,0,15.711,0,0,15.711
KNQA20151222-8,KNQA20151222_133244_V06,5,3.384,1.200,9039,0,15.761,0,0,15.761
KNQA20151222-8,KNQA20151222_133740_V06,0,0.483,1.200,20739,2,727186.476,1063,1,656083.635
KNQA20151222-8,KNQA20151222_133740_V06,2,1.450,1.200,20750,0,311.559,74,0,221.522
KNQA20151222-8,KNQA20151222_133740_V06,4,2.417,1.200,10384,0,18.076,0,0,18.076
KNQA20151222-8,KNQA20151222_133740_V06,5,3.384,1.200,10394,0,18.130,0,0,18.130
KNQA20151222-1,KNQA20151222_120931_V06,0,0.483,1.200,126,0,35668.533,4,0,35665.096
KNQA20151222-1,KNQA20151222_120931_V06,2,1.494,1.200,128,0,0.076,0,0,0.076
KNQA20151222-1,KNQA20151222_120931_V06,4,2.505,1.200,66,0,0.079,0,0,0.079
KNQA20151222-1,KNQA20151222_120931_V06,5,3.516,1.200,64,0,0.077,0,0,0.077
KNQA20151222-1,KNQA20151222_120931_V06,6,4.482,1.200,66,0,0.079,0,0,0.079
KNQA20151222-1,KNQA20151222_121916_V06,0,0.483,1.200,3215,0,50194.670,102,0,49273.858
KNQA20151222-1,KNQA20151222_121916_V06,2,1.494,1.200,3219,0,68.530,5,0,63.773
KNQA20151222-1,KNQA20151222_121916_V06,4,2.505,1.200,1609,0,2.399,0,0,2.399
KNQA20151222-1,KNQA20151222_121916_V06,5,3.516,1.200,1616,0,2.415,0,0,2.415
KNQA20151222-1,KNQA20151222_121916_V06,6,4.482,1.200,1614,0,2.418,0,0,2.418
KNQA20151222-3,KNQA20151222_120931_V06,0,0.483,1.200,773,0,59061.504,9,0,57884.131
KNQA20151222-3,KNQA20151222_120931_V06,2,1.494,1.200,774,0,274.363,9,0,260.535
KNQA20151222-3,KNQA20151222_120931_V06,4,2.505,1.200,389,0,0.725,0,0,0.725
KNQA20151222-3,KNQA20151222_120931_V06,5,3.516,1.200,389,0,0.727,0,0,0.727
KNQA20151222-4,KNQA20151222_121916_V06,0,0.483,1.200,503,0,18313.028,11,0,18194.160
KNQA20151222-4,KNQA20151222_121916_V06,2,1.494,1.200,503,0,0.624,0,0,0.624
KNQA20151222-4,KNQA20151222_121916_V06,4,2.505,1.200,250,0,0.621,0,0,0.621
KNQA20151222-6,KNQA20151222_122900_V06,0,0.483,1.200,71,0,1396.359,0,0,1396.359
KNQA20151222-6,KNQA20151222_122900_V06,2,1.494,1.200,71,0,0.026,0,0,0.026
KNQA20151222-6,KNQA20151222_122900_V06,4,2.505,1.200,34,0,0.025,0,0,0.025
KNQA20151222-6,KNQA20151222_122900_V06,5,3.516,1.200,35,0,0.026,0,0,0.026
KNQA20151222-6,KNQA20151222_122900_V06,6,4.482,1.200,36,0,0.026,0,0,0.026
KNQA20151222-7,KNQA20151222_125816_V06,0,0.483,1.200,383,0,114717.835,31,0,105654.023
KNQA20151222-7,KNQA20151222_125816_V06,2,1.494,1.200,381,0,2.118,11,0,0.882
KNQA20151222-7,KNQA20151222_125816_V06,4,2.505,1.200,177,0,0.115,0,0,0.115
KNQA20151222-7,KNQA20151222_125816_V06,5,3.516,1.200,177,0,0.115,0,0,0.115
KNQA20151222-7,KNQA20151222_125816_V06,6,4.482,1.200,176,0,0.115,0,0,0.115
KNQA20151222-9,KNQA20151222_125816_V06,0,0.483,1.200,9852,0,12037.226,135,0,5815.701
KNQA20151222-9,KNQA20151222_125816_V06,2,1.494,1.200,9853,0,306.074,7,0,100.002
KNQA20151223-2,KNQA20151223_122132_V06,0,0.483,1.200,554,0,19837.937,62,0,17874.524
KNQA20151223-2,KNQA20151223_122132_V06,2,0.879,1.200,557,0,531.548,29,0,485.461
KNQA20151223-2,KNQA20151223_122132_V06,4,1.318,1.200,554,0,0.198,0,0,0.198
KNQA20151223-2,KNQA20151223_122132_V06,6,1.802,1.200,278,0,0.199,0,0,0.199
KNQA20151223-2,KNQA20151223_122132_V06,7,2.417,1.200,277,0,0.198,0,0,0.198
KNQA20151223-2,KNQA20151223_122132_V06,8,3.120,1.200,280,0,0.200,0,0,0.200
KNQA20151223-2,KNQA20151223_122132_V06,11,3.999,1.200,278,0,0.199,0,0,0.199
KNQA20151223-2,KNQA20151223_122132_V06,12,5.098,1.200,281,0,0.202,0,0,0.202
KNQA20151223-2,KNQA20151223_122132_V06,13,6.416,1.200,284,0,0.205,0,0,0.205
KNQA20151224-2,KNQA20151224_120818_V06,0,0.483,1.200,437,0,247092.549,3,0,247072.997
KNQA20151224-2,KNQA20151224_120818_V06,2,1.494,1.200,439,0,0.439,0,0,0.439
KNQA20151224-2,KNQA20151224_120818_V06,4,2.505,1.200,220,0,0.441,0,0,0.441
KNQA20151224-2,KNQA20151224_120818_V06,5,3.516,1.200,222,0,0.446,0,0,0.446
KNQA20151224-2,KNQA20151224_121803_V06,0,0.483,1.200,2589,0,298379.715,48,0,295241.410
KNQA20151224-2,KNQA20151224_121803_V06,2,1.494,1.200,2587,0,2.538,0,0,2.538
KNQA20151224-2,KNQA20151224_121803_V06,4,2.505,1.200,1295,0,2.546,0,0,2.546
KNQA20151224-2,KNQA20151224_121803_V06,5,3.516,1.200,1303,0,2.567,0,0,2.567
KNQA20151224-2,KNQA20151224_122748_V06,0,0.483,1.200,2668,0,754632.098,32,0,754023.332
KNQA20151224-2,KNQA20151224_122748_V06,2,1.494,1.200,2668,0,2.694,0,0,2.694
KNQA20151224-2,KNQA20151224_122748_V06,4,2.505,1.200,1335,0,2.701,0,0,2.701
KNQA20151224-2,KNQA20151224_122748_V06,5,3.516,1.200,1337,0,2.711,0,0,2.711
KNQA20151224-2,KNQA20151224_123733_V06,0,0.483,1.200,6024,0,1538387.258,87,0,1537869.660
KNQA20151224-2,KNQA20151224_123733_V06,2,1.494,1.200,6032,0,20.763,5,0,15.641
KNQA20151224-2,KNQA20151224_123733_V06,4,2.505,1.200,3009,0,6.011,0,0,6.011
KNQA20151224-2,KNQA20151224_123733_V06,5,3.516,1.200,3008,0,6.028,0,0,6.028
KNQA20151224-3,KNQA20151224_120818_V06,0,0.483,1.200,53,0,7335.876,1,0,7335.077
KNQA20151224-3,KNQA20151224_120818_V06,2,1.494,1.200,54,0,0.036,0,0,0.036
KNQA20151224-3,KNQA20151224_120818_V06,4,2.505,1.200,25,0,0.033,0,0,0.033
KNQA20151224-3,KNQA20151224_120818_V06,5,3.516,1.200,26,0,0.034,0,0,0.034
KNQA20151224-3,KNQA20151224_120818_V06,6,4.482,1.200,26,0,0.034,0,0,0.034
KNQA20151224-6,KNQA20151224_123733_V06,0,0.483,1.200,2266,15,298036.911,73,15,297900.251
KNQA20151224-6,KNQA20151224_123733_V06,2,1.494,1.200,2268,0,22.253,11,0,19.728
KNQA20151224-6,KNQA20151224_123733_V06,4,2.505,1.200,1136,0,1.909,0,0,1.909
KNQA20151224-6,KNQA20151224_123733_V06,5,3.516,1.200,1134,0,0.779,0,0,0.779
KNQA20151224-6,KNQA20151224_123733_V06,6,4.482,1.200,1138,0,0.785,0,0,0.785
KNQA20151224-7,KNQA20151224_133619_V06,0,0.483,1.200,73,0,167260.293,0,0,167260.293
KNQA20151224-8,KNQA20151224_133619_V06,0,0.483,1.200,8530,0,67367.678,217,0,66162.486
KNQA20151224-8,KNQA20151224_133619_V06,2,1.494,1.200,8531,0,10.068,0,0,10.068
KNQA20151224-8,KNQA20151224_133619_V06,4,2.505,1.200,4271,0,6.230,0,0,6.230
KNQA20151224-8,KNQA20151224_133619_V06,5,3.516,1.200,4274,0,6.251,0,0,6.251
KNQA20151224-8,KNQA20151224_133619_V06,6,4.482,1.200,4276,0,6.268,0,0,6.268
KNQA20151225-4,KNQA20151225_123830_V06,0,0.483,1.200,1476,0,93346.930,47,0,91849.719
KNQA20151225-4,KNQA20151225_123830_V06,2,0.879,1.200,1473,0,3455.943,36,0,3302.070
KNQA20151225-4,KNQA20151225_123830_V06,4,1.318,1.200,1477,0,1.550,0,0,1.550
KNQA20151225-4,KNQA20151225_123830_V06,6,1.802,1.200,741,0,1.559,0,0,1.559
KNQA20151225-4,KNQA20151225_123830_V06,7,2.417,1.200,742,0,1.562,0,0,1.562
KNQA20151225-4,KNQA20151225_123830_V06,8,3.120,1.200,743,0,1.567,0,0,1.567
KNQA20151225-4,KNQA20151225_124340_V06,0,0.483,1.200,3713,0,175734.003,63,0,171634.404
KNQA20151225-4,KNQA20151225_124340_V06,2,0.879,1.200,3709,0,7050.050,37,0,6862.010
KNQA20151225-4,KNQA20151225_124340_V06,4,1.318,1.200,3712,0,3.788,0,0,3.788
KNQA20151225-4,KNQA20151225_124340_V06,6,1.802,1.200,1867,0,3.817,0,0,3.817
KNQA20151225-4,KNQA20151225_124340_V06,7,2.417,1.200,1863,0,8.327,0,0,8.327
KNQA20151225-4,KNQA20151225_124340_V06,8,3.120,1.200,1860,0,3.809,0,0,3.809
KNQA20151225-6,KNQA20151225_124850_V06,0,0.483,1.200,25072,33,57070443.696,11092,1,2527071.039
KNQA20151225-6,KNQA20151225_124850_V06,2,0.879,1.200,25075,95,72439960.989,10679,4,10272430.726
KNQA20151225-6,KNQA20151225_124850_V06,4,1.318,1.200,25094,349,66966277.926,10375,39,12868364.075
KNQA20151225-6,KNQA20151225_124850_V06,6,1.802,1.200,12555,51,35188446.345,3900,2,6216549.577
KNQA20151226-13,KNQA20151226_130430_V06,0,0.483,1.200,741,0,4919.444,30,0,4365.205
KNQA20151226-13,KNQA20151226_130430_V06,2,0.879,1.200,746,0,95.518,3,0,49.447
KNQA20151226-13,KNQA20151226_130430_V06,4,1.318,1.200,747,0,0.513,0,0,0.513
KNQA20151226-13,KNQA20151226_130430_V06,6,1.802,1.200,371,0,0.510,0,0,0.510
KNQA20151226-13,KNQA20151226_130430_V06,7,2.417,1.200,376,0,0.518,0,0,0.518
KNQA20151226-13,KNQA20151226_130430_V06,8,3.120,1.200,373,0,0.514,0,0,0.514
KNQA20151226-13,KNQA20151226_130430_V06,11,3.999,1.200,372,0,0.514,0,0,0.514
KNQA20151226-13,KNQA20151226_130953_V06,0,0.483,1.200,2335,0,105441.514,115,0,103197.477
KNQA20151226-13,KNQA20151226_130953_V06,2,0.879,1.200,2334,0,3044.984,50,0,2894.098
KNQA20151226-13,KNQA20151226_130953_V06,4,1.318,1.200,2337,0,3.148,0,0,3.148
KNQA20151226-13,KNQA20151226_130953_V06,6,1.802,1.200,1173,0,1.568,0,0,1.568
KNQA20151226-13,KNQA20151226_130953_V06,7,2.417,1.200,1166,0,1.558,0,0,1.558
KNQA20151226-13,KNQA20151226_130953_V06,8,3.120,1.200,1169,0,1.565,0,0,1.565
KNQA20151226-13,KNQA20151226_130953_V06,11,3.999,1.200,1170,0,1.570,0,0,1.570
KNQA20151227-3,KNQA20151227_123544_V06,0,0.483,1.200,2192,0,393665.762,160,0,290764.491
KNQA20151227-3,KNQA20151227_123544_V06,2,0.879,1.200,2189,6,596248.845,235,0,35190.200
KNQA20151227-3,KNQA20151227_123544_V06,4,1.318,1.200,2195,21,568050.599,261,0,610.349
KNQA20151227-3,KNQA20151227_123544_V06,6,1.802,1.200,1108,8,233888.716,68,0,566.429
KNQA20151227-3,KNQA20151227_123544_V06,7,2.417,1.200,1115,0,217066.230,26,0,2670.472
KNQA20151227-3,KNQA20151227_124011_V06,0,0.483,1.200,4564,50,2565779.098,576,0,465198.420
KNQA20151227-3,KNQA20151227_124011_V06,2,0.879,1.200,4563,50,2447963.635,726,0,83354.625
KNQA20151227-3,KNQA20151227_124011_V06,4,1.318,1.200,4563,47,1792670.868,830,0,6557.442
KNQA20151227-3,KNQA20151227_124011_V06,6,1.802,1.200,2228,13,1341479.217,227,0,26168.957
KNQA20151227-3,KNQA20151227_124011_V06,9,2.417,1.200,2219,1,550587.883,66,0,4145.797
KNQA20151227-3,KNQA20151227_124438_V06,0,0.483,1.200,5976,69,3645739.167,895,0,557687.180
KNQA20151227-3,KNQA20151227_124438_V06,2,0.879,1.200,5981,53,3208751.169,1133,0,114535.895
KNQA20151227-3,KNQA20151227_124438_V06,4,1.318,1.200,5965,36,2381524.753,1215,1,29001.063
KNQA20151227-3,KNQA20151227_124438_V06,6,1.802,1.200,2975,13,803474.409,301,4,156025.662
KNQA20151227-3,KNQA20151227_124438_V06,9,2.417,1.200,2974,0,168854.579,120,0,13440.741
KNQA20151227-8,KNQA20151227_130929_V06,0,0.483,1.200,3140,0,576194.413,131,0,568642.825
KNQA20151227-8,KNQA20151227_130929_V06,2,0.879,1.200,3133,0,209875.326,116,0,204427.381
KNQA20151227-8,KNQA20151227_130929_V06,4,1.318,1.200,3149,0,11069.967,84,0,9439.823
KNQA20151227-8,KNQA20151227_130929_V06,8,1.802,1.200,1577,0,3491.933,9,0,418.404
KNQA20151227-8,KNQA20151227_130929_V06,9,2.417,1.200,1587,0,4816.395,18,0,488.482
KNQA20151227-8,KNQA20151227_130929_V06,10,3.120,1.200,1578,0,90.767,2,0,65.190
KNQA20151227-8,KNQA20151227_131329_V06,0,0.483,1.200,5127,16,857639.370,354,0,557559.340
KNQA20151227-8,KNQA20151227_131329_V06,2,0.879,1.200,5128,12,427710.199,326,0,165323.827
KNQA20151227-8,KNQA20151227_131329_V06,4,1.318,1.200,5126,8,303827.257,275,0,5180.830
KNQA20151227-8,KNQA20151227_131329_V06,8,1.802,1.200,2508,0,84271.666,75,0,544.437
KNQA20151227-8,KNQA20151227_131329_V06,9,2.417,1.200,2509,0,35715.967,75,0,2124.443
KNQA20151227-8,KNQA20151227_131329_V06,10,3.120,1.200,2514,0,1081.386,12,0,354.530
KNQA20151227-8,KNQA20151227_131729_V06,0,0.483,1.200,5785,0,558549.262,375,0,523160.484
KNQA20151227-8,KNQA20151227_131729_V06,2,0.879,1.200,5797,0,178544.128,327,0,122966.777
KNQA20151227-8,KNQA20151227_131729_V06,4,1.318,1.200,5800,0,74252.797,283,0,4737.830
KNQA20151227-8,KNQA20151227_131729_V06,8,1.802,1.200,2882,0,65201.167,82,0,777.800
KNQA20151227-8,KNQA20151227_131729_V06,9,2.417,1.200,2889,0,142288.375,77,0,2173.056
KNQA20151227-8,KNQA20151227_131729_V06,10,3.120,1.200,2901,0,10737.707,33,0,922.191
KNQA20151227-9,KNQA20151227_130929_V06,0,0.483,1.200,8627,2,415311.704,1221,1,327758.216
KNQA20151227-9,KNQA20151227_130929_V06,2,0.879,1.200,8620,0,49671.428,873,0,35101.213
KNQA20151227-9,KNQA20151227_130929_V06,4,1.318,1.200,8617,0,227.661,314,0,133.761
KNQA20151227-9,KNQA20151227_130929_V06,8,1.802,1.200,4314,0,76.140,28,0,64.592
KNQA20151227-9,KNQA20151227_130929_V06,9,2.417,1.200,4321,0,32.043,34,0,21.758
KNQA20151227-9,KNQA20151227_130929_V06,10,3.120,1.200,4314,0,15.847,19,0,8.441
KNQA20151227-9,KNQA20151227_130929_V06,11,3.999,1.200,4316,0,37.559,9,0,30.776
KNQA20151227-9,KNQA20151227_130929_V06,12,5.098,1.200,4324,0,5.726,0,0,5.726
KNQA20151227-9,KNQA20151227_131329_V06,0,0.483,1.200,13393,0,324345.240,1946,0,225659.038
KNQA20151227-9,KNQA20151227_131329_V06,2,0.879,1.200,13387,0,35863.618,1381,0,19856.319
KNQA20151227-9,KNQA20151227_131329_V06,4,1.318,1.200,13392,0,684.895,684,0,308.302
KNQA20151227-9,KNQA20151227_131329_V06,8,1.802,1.200,6701,0,118.461,52,0,77.447
KNQA20151227-9,KNQA20151227_131329_V06,9,2.417,1.200,6707,0,214.628,86,0,115.309
KNQA20151227-9,KNQA20151227_131329_V06,10,3.120,1.200,6713,0,260.910,71,0,40.596
KNQA20151227-9,KNQA20151227_131329_V06,11,3.999,1.200,6726,0,130.824,6,0,128.053
KNQA20151227-9,KNQA20151227_131329_V06,12,5.098,1.200,6718,0,13.978,2,0,12.831
KNQA20151227-4,KNQA20151227_124438_V06,0,0.483,1.200,9113,4,37153.053,1065,4,32448.163
KNQA20151227-4,KNQA20151227_124438_V06,2,0.879,1.200,9114,0,1002.993,477,0,891.665
KNQA20151227-4,KNQA20151227_124438_V06,4,1.318,1.200,9115,0,39.520,206,0,22.593
KNQA20151227-4,KNQA20151227_124438_V06,6,1.802,1.200,4564,0,8.341,2,0,8.127
KNQA20151227-4,KNQA20151227_124438_V06,9,2.417,1.200,4565,0,5.510,0,0,5.510
KNQA20151227-4,KNQA20151227_124438_V06,10,3.120,1.200,4565,0,4.891,0,0,4.891
KNQA20151227-4,KNQA20151227_124438_V06,11,3.999,1.200,4567,0,6.009,3,0,5.499
KNQA20151227-4,KNQA20151227_124438_V06,12,5.098,1.200,4571,0,3.464,0,0,3.464
KNQA20151227-4,KNQA20151227_124438_V06,13,6.416,1.200,4585,0,2.728,0,0,2.728
KNQA20151227-5,KNQA20151227_124852_V06,0,0.483,1.200,9883,31,119597.229,1764,24,107200.766
KNQA20151227-5,KNQA20151227_124852_V06,2,0.879,1.200,9880,2,22862.189,1643,1,20202.453
KNQA20151227-5,KNQA20151227_124852_V06,4,1.318,1.200,9891,0,223.516,1383,0,180.010
KNQA20151227-5,KNQA20151227_124852_V06,8,1.802,1.200,4942,0,20.149,138,0,16.276
KNQA20151227-5,KNQA20151227_124852_V06,9,2.417,1.200,4941,0,10.775,67,0,9.366
KNQA20151227-5,KNQA20151227_124852_V06,10,3.120,1.200,4953,0,6.601,29,0,5.929
KNQA20151227-5,KNQA20151227_124852_V06,11,3.999,1.200,4952,0,6.385,21,0,5.046
KNQA20151227-5,KNQA20151227_124852_V06,12,5.098,1.200,4962,0,8.385,65,0,5.811
KNQA20151227-5,KNQA20151227_124852_V06,13,6.416,1.200,4974,0,5.390,35,0,4.390
KNQA20151227-5,KNQA20151227_124852_V06,14,7.998,1.200,4987,0,2.587,78,0,1.758
KNQA20151227-6,KNQA20151227_130130_V06,0,0.483,1.200,12910,0,254561.974,1541,0,174550.656
KNQA20151227-6,KNQA20151227_130130_V06,2,0.879,1.200,12907,0,14997.139,924,0,10984.467
KNQA20151227-6,KNQA20151227_130130_V06,4,1.318,1.200,12910,0,255.778,470,0,149.855
KNQA20151227-6,KNQA20151227_130130_V06,8,1.802,1.200,6462,0,56.209,20,0,45.763
KNQA20151227-6,KNQA20151227_130130_V06,9,2.417,1.200,6462,0,52.305,53,0,19.538
KNQA20151227-6,KNQA20151227_130130_V06,10,3.120,1.200,6469,0,7.204,0,0,7.204
KNQA20151227-6,KNQA20151227_130130_V06,11,3.999,1.200,6467,0,24.849,6,0,13.238
KNQA20151227-6,KNQA20151227_130130_V06,12,5.098,1.200,6479,0,5.752,0,0,5.752
KNQA20151227-6,KNQA20151227_130530_V06,0,0.483,1.200,8993,5,362220.109,1241,0,248298.478
KNQA20151227-6,KNQA20151227_130530_V06,2,0.879,1.200,8988,0,27129.634,848,0,18459.819
KNQA20151227-6,KNQA20151227_130530_V06,4,1.318,1.200,8996,0,252.470,363,0,116.616
KNQA20151227-6,KNQA20151227_130530_V06,8,1.802,1.200,4507,0,45.891,16,0,38.207
KNQA20151227-6,KNQA20151227_130530_V06,9,2.417,1.200,4514,0,20.103,27,0,10.384
KNQA20151227-6,KNQA20151227_130530_V06,10,3.120,1.200,4513,0,8.688,7,0,5.243
KNQA20151227-6,KNQA20151227_130530_V06,11,3.999,1.200,4508,0,20.007,5,0,12.858
KNQA20151227-6,KNQA20151227_130530_V06,12,5.098,1.200,4515,0,3.858,0,0,3.858
KNQA20151227-10,KNQA20151227_130929_V06,0,0.483,1.200,1539,0,17085.546,90,0,16320.838
KNQA20151227-10,KNQA20151227_130929_V06,2,0.879,1.200,1537,0,956.135,37,0,840.377
KNQA20151227-10,KNQA20151227_130929_V06,4,1.318,1.200,1537,0,9.374,6,0,4.514
KNQA20151227-10,KNQA20151227_130929_V06,8,1.802,1.200,769,0,4.368,0,0,4.368
KNQA20151227-10,KNQA20151227_130929_V06,9,2.417,1.200,770,0,0.997,0,0,0.997
KNQA20151227-10,KNQA20151227_130929_V06,10,3.120,1.200,773,0,1.001,0,0,1.001
KNQA20151227-10,KNQA20151227_130929_V06,11,3.999,1.200,767,0,0.997,0,0,0.997
KNQA20151229-2,KNQA20151229_122243_V06,0,0.483,1.200,2132,0,667918.883,58,0,665943.918
KNQA20151229-2,KNQA20151229_122243_V06,2,1.494,1.200,2132,0,7.857,1,0,6.954
KNQA20151229-2,KNQA20151229_122243_V06,4,2.505,1.200,1065,0,1.948,0,0,1.948
KNQA20151229-2,KNQA20151229_122243_V06,5,3.516,1.200,1067,0,1.955,0,0,1.955
KNQA20151229-2,KNQA20151229_123229_V06,0,0.483,1.200,5496,0,418803.155,84,0,417302.929
KNQA20151229-2,KNQA20151229_123229_V06,2,1.494,1.200,5494,0,4.901,0,0,4.901
KNQA20151229-2,KNQA20151229_123229_V06,4,2.505,1.200,2755,0,4.911,0,0,4.911
KNQA20151229-2,KNQA20151229_123229_V06,5,3.516,1.200,2749,0,4.911,0,0,4.911
KNQA20151229-1,KNQA20151229_121256_V06,0,0.483,1.200,3516,0,360136.291,75,0,358508.784
KNQA20151229-1,KNQA20151229_121256_V06,2,1.494,1.200,3516,0,3.136,0,0,3.136
KNQA20151229-1,KNQA20151229_121256_V06,4,2.505,1.200,1713,0,3.062,0,0,3.062
KNQA20151229-1,KNQA20151229_121256_V06,5,3.516,1.200,1715,0,3.072,0,0,3.072
KNQA20151229-4,KNQA20151229_122243_V06,0,0.483,1.200,942,0,15568.878,39,0,15363.955
KNQA20151229-4,KNQA20151229_122243_V06,2,1.494,1.200,943,0,0.358,0,0,0.358
KNQA20151229-4,KNQA20151229_122243_V06,4,2.505,1.200,469,0,0.357,0,0,0.357
KNQA20151229-4,KNQA20151229_122243_V06,5,3.516,1.200,472,0,0.360,0,0,0.360
KNQA20151229-4,KNQA20151229_122243_V06,6,4.482,1.200,474,0,0.363,0,0,0.363
KNQA20151229-6,KNQA20151229_125203_V06,0,0.483,1.200,15389,455,204644.456,808,450,201273.906
KNQA20151229-6,KNQA20151229_125203_V06,2,1.494,1.200,15400,13,3943.360,1454,12,3570.273
KNQA20151229-6,KNQA20151229_125203_V06,4,2.505,1.200,7703,0,228.639,203,0,207.223
KNQA20151229-6,KNQA20151229_125203_V06,5,3.516,1.200,7711,0,5.990,271,0,4.863
KNQA20151229-6,KNQA20151229_125203_V06,6,4.482,1.200,7730,0,1.484,352,0,1.207
KNQA20151229-7,KNQA20151229_130149_V06,0,0.483,1.200,206,0,17353.591,9,0,16741.806
KNQA20151229-7,KNQA20151229_130149_V06,2,1.494,1.200,205,0,0.066,0,0,0.066
KNQA20151229-7,KNQA20151229_130149_V06,4,2.505,1.200,95,0,0.061,0,0,0.061
KNQA20151229-7,KNQA20151229_130149_V06,5,3.516,1.200,93,0,0.060,0,0,0.060
KNQA20151229-7,KNQA20151229_130149_V06,6,4.482,1.200,92,0,0.060,0,0,0.060
KNQA20151229-8,KNQA20151229_132129_V06,0,0.483,1.200,2363,0,32719.149,106,0,31521.143
KNQA20151229-8,KNQA20151229_132129_V06,2,1.450,1.200,2358,0,1.012,0,0,1.012
KNQA20151229-8,KNQA20151229_132129_V06,4,2.417,1.200,1183,0,1.017,0,0,1.017
KNQA20151229-8,KNQA20151229_132129_V06,5,3.384,1.200,1179,0,1.014,0,0,1.014
KNQA20151229-8,KNQA20151229_132129_V06,6,4.307,1.200,1181,0,1.020,0,0,1.020
KNQA20151229-8,KNQA20151229_132129_V06,7,6.021,1.200,1187,0,1.031,0,0,1.031
KNQA20151230-8,KNQA20151230_124658_V06,0,0.483,1.200,2594,0,141089.935,108,0,140266.902
KNQA20151230-8,KNQA20151230_124658_V06,2,1.494,1.200,2597,0,29.045,5,0,24.396
KNQA20151230-8,KNQA20151230_124658_V06,4,2.505,1.200,1303,0,2.141,0,0,2.141
KNQA20151230-8,KNQA20151230_124658_V06,5,3.516,1.200,1304,0,2.146,0,0,2.146
KNQA20151230-8,KNQA20151230_125644_V06,0,0.483,1.200,5017,0,247260.972,239,0,246185.917
KNQA20151230-8,KNQA20151230_125644_V06,2,1.494,1.200,5013,0,75.505,1,0,74.747
KNQA20151230-8,KNQA20151230_125644_V06,4,2.505,1.200,2516,0,4.278,0,0,4.278
KNQA20151230-8,KNQA20151230_125644_V06,5,3.516,1.200,2519,0,4.296,0,0,4.296
KNQA20151230-8,KNQA20151230_130631_V06,0,0.483,1.200,4811,0,63484.289,95,0,63107.743
KNQA20151230-8,KNQA20151230_130631_V06,2,1.494,1.200,4820,0,97.509,6,0,93.746
KNQA20151230-8,KNQA20151230_130631_V06,4,2.505,1.200,2420,0,4.593,0,0,4.593
KNQA20151230-8,KNQA20151230_130631_V06,5,3.516,1.200,2415,0,4.591,0,0,4.591
KNQA20151230-8,KNQA20151230_131620_V06,0,0.483,1.200,8094,0,18675.051,222,0,18039.599
KNQA20151230-8,KNQA20151230_131620_V06,2,1.494,1.200,8098,0,102.132,1,0,100.526
KNQA20151230-8,KNQA20151230_131620_V06,4,2.505,1.200,4047,0,7.805,0,0,7.805
KNQA20151230-8,KNQA20151230_131620_V06,5,3.516,1.200,4046,0,7.819,0,0,7.819
KNQA20151230-8,KNQA20151230_132606_V06,0,0.483,1.200,11438,0,14935.617,566,0,14456.002
KNQA20151230-8,KNQA20151230_132606_V06,2,1.494,1.200,11445,0,553.501,10,0,539.083
KNQA20151230-8,KNQA20151230_132606_V06,4,2.505,1.200,5726,0,9.182,0,0,9.182
KNQA20151230-8,KNQA20151230_132606_V06,5,3.516,1.200,5729,0,9.204,0,0,9.204
KNQA20151230-3,KNQA20151230_122724_V06,0,0.483,1.200,888,0,25673.785,31,0,24600.054
KNQA20151230-3,KNQA20151230_122724_V06,2,1.494,1.200,885,0,4.409,0,0,4.409
KNQA20151230-3,KNQA20151230_122724_V06,4,2.505,1.200,443,0,0.765,0,0,0.765
KNQA20151230-3,KNQA20151230_122724_V06,5,3.516,1.200,445,0,0.770,0,0,0.770
KNQA20151230-3,KNQA20151230_123711_V06,0,0.483,1.200,3811,0,23246.879,167,0,21874.678
KNQA20151230-3,KNQA20151230_123711_V06,2,1.494,1.200,3811,0,22.951,3,0,19.878
KNQA20151230-3,KNQA20151230_123711_V06,4,2.505,1.200,1912,0,3.493,0,0,3.493
KNQA20151230-3,KNQA20151230_123711_V06,5,3.516,1.200,1913,0,3.505,0,0,3.505
KNQA20151230-5,KNQA20151230_123711_V06,0,0.483,1.200,5550,0,290141.830,110,0,288654.568
KNQA20151230-5,KNQA20151230_123711_V06,2,1.494,1.200,5546,0,3.276,0,0,3.276
KNQA20151230-5,KNQA20151230_123711_V06,4,2.505,1.200,2780,0,3.288,0,0,3.288
KNQA20151230-5,KNQA20151230_123711_V06,5,3.516,1.200,2785,0,3.302,0,0,3.302
KNQA20151230-5,KNQA20151230_123711_V06,6,4.482,1.200,2786,0,3.312,0,0,3.312
KNQA20151230-5,KNQA20151230_124658_V06,0,0.483,1.200,11674,2,331704.317,843,2,330486.785
KNQA20151230-5,KNQA20151230_124658_V06,2,1.494,1.200,11677,0,31.745,50,0,28.858
KNQA20151230-5,KNQA20151230_124658_V06,4,2.505,1.200,5836,0,7.660,0,0,7.660
KNQA20151230-5,KNQA20151230_124658_V06,5,3.516,1.200,5847,0,5.433,0,0,5.433
KNQA20151230-5,KNQA20151230_124658_V06,6,4.482,1.200,5864,0,5.465,0,0,5.465
KNQA20151230-1,KNQA20151230_121738_V06,0,0.483,1.200,64,0,3035.785,3,0,2922.607
KNQA20151230-1,KNQA20151230_121738_V06,2,1.494,1.200,63,0,0.057,0,0,0.057
KNQA20151230-1,KNQA20151230_121738_V06,4,2.505,1.200,31,0,0.057,0,0,0.057
KNQA20151230-1,KNQA20151230_121738_V06,5,3.516,1.200,34,0,0.062,0,0,0.062
KNQA20151231-1,KNQA20151231_122647_V06,0,0.483,1.200,3577,0,18715.936,104,0,18123.134
KNQA20151231-1,KNQA20151231_122647_V06,2,1.494,1.200,3574,0,2.681,0,0,2.681
KNQA20151231-1,KNQA20151231_122647_V06,4,2.505,1.200,1792,0,2.693,0,0,2.693
KNQA20151231-1,KNQA20151231_122647_V06,5,3.516,1.200,1798,0,2.710,0,0,2.710
KNQA20151231-1,KNQA20151231_122647_V06,6,4.482,1.200,1797,0,2.714,0,0,2.714
KNQA20151231-1,KNQA20151231_123634_V06,0,0.483,1.200,12333,0,78858.460,343,0,76464.709
KNQA20151231-1,KNQA20151231_123634_V06,2,1.494,1.200,12336,0,21.140,3,0,18.144
KNQA20151231-1,KNQA20151231_123634_V06,4,2.505,1.200,6170,0,9.062,0,0,9.062
KNQA20151231-1,KNQA20151231_123634_V06,5,3.516,1.200,6185,0,9.113,0,0,9.113
KNQA20151231-1,KNQA20151231_123634_V06,6,4.482,1.200,6192,0,9.144,0,0,9.144
KNQA20151231-1,KNQA20151231_124622_V06,0,0.483,1.200,25098,0,82120.784,584,0,79269.218
KNQA20151231-1,KNQA20151231_124622_V06,2,1.494,1.200,25111,0,34.243,14,0,24.257
KNQA20151231-1,KNQA20151231_124622_V06,4,2.505,1.200,12574,0,18.225,0,0,18.225
KNQA20151231-1,KNQA20151231_124622_V06,5,3.516,1.200,12590,0,18.280,0,0,18.280
KNQA20151231-1,KNQA20151231_124622_V06,6,4.482,1.200,12599,0,18.354,0,0,18.354
KNQA20151231-2,KNQA20151231_130558_V06,0,0.483,1.200,302,0,18347.535,1,0,18345.983
KNQA20151231-2,KNQA20151231_130558_V06,2,1.494,1.200,299,0,0.169,0,0,0.169
KNQA20151231-2,KNQA20151231_130558_V06,4,2.505,1.200,148,0,0.167,0,0,0.167
KNQA20151231-2,KNQA20151231_130558_V06,5,3.516,1.200,149,0,0.169,0,0,0.169
KNQA20151231-2,KNQA20151231_130558_V06,6,4.482,1.200,148,0,0.168,0,0,0.168
