track_id,filename,sweep_idx,sweep_angle,count_scaling,n_roost_pixels,n_refAbove40_pixels,n_refBelow40_animals,n_xcorrAbove0.95_pixels,n_xcorrBelow0.95_refAbove40_pixels,n_xcorrBelow0.95_refBelow40_animals
KCCX20190601-1,KCCX20190601_085100_V06,0,0.483,1.200,561,0,8430.340,19,0,8369.562
KCCX20190601-1,KCCX20190601_085100_V06,2,0.879,1.200,559,0,357.962,9,0,331.905
KCCX20190601-1,KCCX20190601_085100_V06,4,1.318,1.200,559,0,65.452,5,0,56.773
KCCX20190601-1,KCCX20190601_085100_V06,6,1.802,1.200,278,0,0.685,0,0,0.685
KCCX20190601-1,KCCX20190601_085100_V06,7,2.417,1.200,279,0,0.687,0,0,0.687
KCCX20190601-1,KCCX20190601_085100_V06,8,3.120,1.200,280,0,0.692,0,0,0.692
KCCX20190601-3,KCCX20190601_103956_V06,0,0.483,1.200,290,5,40372.444,6,5,38298.749
KCCX20190601-3,KCCX20190601_103956_V06,2,0.879,1.200,290,0,3311.674,14,0,2961.461
KCCX20190601-3,KCCX20190601_103956_V06,4,1.318,1.200,291,0,1166.862,15,0,808.754
KCCX20190601-3,KCCX20190601_103956_V06,8,1.802,1.200,144,0,101.278,7,0,26.621
KCCX20190601-3,KCCX20190601_103956_V06,9,2.417,1.200,144,0,59.214,4,0,41.357
KCCX20190601-3,KCCX20190601_103956_V06,10,3.120,1.200,145,0,96.083,3,0,38.957
KCCX20190602-3,KCCX20190602_085117_V06,0,0.483,1.200,56,1,37749.318,12,0,26875.336
KCCX20190602-3,KCCX20190602_085117_V06,2,0.879,1.200,56,0,597.954,8,0,502.352
KCCX20190602-3,KCCX20190602_085117_V06,6,1.318,1.200,55,0,486.594,6,0,413.250
KCCX20190602-3,KCCX20190602_085117_V06,10,1.802,1.200,27,0,2.135,0,0,2.135
KCCX20190602-3,KCCX20190602_085117_V06,11,2.417,1.200,27,0,0.041,0,0,0.041
KCCX20190602-3,KCCX20190602_085117_V06,12,3.120,1.200,29,0,0.044,0,0,0.044
KCCX20190602-3,KCCX20190602_085117_V06,15,3.999,1.200,27,0,0.041,0,0,0.041
KCCX20190603-2,KCCX20190603_092808_V06,0,0.483,1.200,8110,0,35.665,3676,0,12.307
KCCX20190603-2,KCCX20190603_092808_V06,2,1.494,1.200,8116,0,7.331,2237,0,4.479
KCCX20190603-2,KCCX20190603_092808_V06,4,2.505,1.200,8121,0,3.072,1945,0,2.031
KCCX20190603-2,KCCX20190603_092808_V06,6,3.516,1.200,4060,0,2.110,690,0,1.553
KCCX20190603-2,KCCX20190603_092808_V06,7,4.482,1.200,4072,0,5.896,901,0,3.798
KCCX20190603-4,KCCX20190603_094723_V06,0,0.483,1.200,20391,0,43.534,9404,0,23.273
KCCX20190603-4,KCCX20190603_094723_V06,2,1.494,1.200,20401,0,14.763,4408,0,10.674
KCCX20190603-4,KCCX20190603_094723_V06,4,2.505,1.200,20415,0,18.365,3884,0,14.752
KCCX20190603-4,KCCX20190603_094723_V06,6,3.516,1.200,10217,0,47.924,3128,0,17.993
KCCX20190603-4,KCCX20190603_094723_V06,7,4.482,1.200,10230,0,115.753,3390,0,50.136
KCCX20190604-2,KCCX20190604_102819_V06,0,0.483,1.200,6684,0,14331.238,515,0,12150.456
KCCX20190604-2,KCCX20190604_102819_V06,2,1.494,1.200,6686,0,16.601,462,0,10.206
KCCX20190604-2,KCCX20190604_102819_V06,4,2.505,1.200,6693,0,42.244,77,0,40.764
KCCX20190604-2,KCCX20190604_102819_V06,6,3.516,1.200,3351,0,5.561,29,0,4.600
KCCX20190604-2,KCCX20190604_102819_V06,7,4.482,1.200,3363,0,22.624,56,0,17.127
KCCX20190604-2,KCCX20190604_103757_V06,0,0.483,1.200,2977,0,48.805,511,0,41.308
KCCX20190604-2,KCCX20190604_103757_V06,2,1.494,1.200,2976,0,6.197,84,0,4.309
KCCX20190604-2,KCCX20190604_103757_V06,4,2.505,1.200,2975,0,8.381,82,0,2.830
KCCX20190604-2,KCCX20190604_103757_V06,6,3.516,1.200,1486,0,5.287,41,0,3.748
KCCX20190604-2,KCCX20190604_103757_V06,7,4.482,1.200,1487,0,4.523,30,0,3.737
KCCX20190605-13,KCCX20190605_103615_V06,0,0.483,1.200,1706,0,4487.084,362,0,1195.885
KCCX20190605-13,KCCX20190605_103615_V06,2,0.879,1.200,1708,0,3809.500,347,0,258.361
KCCX20190605-13,KCCX20190605_103615_V06,4,1.318,1.200,1708,0,3581.246,301,0,91.034
KCCX20190605-13,KCCX20190605_103615_V06,8,1.802,1.200,860,0,2672.024,100,0,28.440
KCCX20190605-13,KCCX20190605_103615_V06,9,2.417,1.200,860,0,6649.438,77,0,131.851
KCCX20190605-13,KCCX20190605_103615_V06,10,3.120,1.200,858,0,6947.583,112,0,490.217
KCCX20190605-13,KCCX20190605_103615_V06,11,3.999,1.200,860,0,1412.418,174,0,44.095
KCCX20190605-13,KCCX20190605_103615_V06,12,5.098,1.200,860,0,2056.503,226,0,73.408
KCCX20190605-13,KCCX20190605_104125_V06,0,0.483,1.200,5443,0,3743.082,495,0,1161.728
KCCX20190605-13,KCCX20190605_104125_V06,2,0.879,1.200,5445,0,3157.877,435,0,418.608
KCCX20190605-13,KCCX20190605_104125_V06,4,1.318,1.200,5450,0,3172.970,378,0,170.601
KCCX20190605-13,KCCX20190605_104125_V06,8,1.802,1.200,2733,0,1580.624,57,0,53.652
KCCX20190605-13,KCCX20190605_104125_V06,9,2.417,1.200,2735,0,7096.434,119,0,973.111
KCCX20190605-13,KCCX20190605_104125_V06,10,3.120,1.200,2738,0,2191.753,176,0,96.091
KCCX20190605-13,KCCX20190605_104125_V06,11,3.999,1.200,2737,0,4720.204,354,0,141.029
KCCX20190605-13,KCCX20190605_104125_V06,12,5.098,1.200,2742,0,517.769,187,0,74.705
KCCX20190605-13,KCCX20190605_104634_V06,0,0.483,1.200,7844,0,4330.035,602,0,635.787
KCCX20190605-13,KCCX20190605_104634_V06,2,0.879,1.200,7847,0,3183.606,505,0,424.247
KCCX20190605-13,KCCX20190605_104634_V06,4,1.318,1.200,7847,0,3040.886,483,0,246.053
KCCX20190605-13,KCCX20190605_104634_V06,8,1.802,1.200,3926,0,4371.910,94,0,445.615
KCCX20190605-13,KCCX20190605_104634_V06,9,2.417,1.200,3927,0,5720.643,162,0,981.831
KCCX20190605-13,KCCX20190605_104634_V06,10,3.120,1.200,3924,0,7571.847,349,0,101.836
KCCX20190605-13,KCCX20190605_104634_V06,11,3.999,1.200,3927,0,5786.711,575,0,362.109
KCCX20190605-13,KCCX20190605_104634_V06,12,5.098,1.200,3936,0,79.112,51,0,23.274
KCCX20190605-13,KCCX20190605_105149_V06,0,0.483,1.200,9768,0,4900.689,655,0,976.941
KCCX20190605-13,KCCX20190605_105149_V06,2,0.879,1.200,9768,0,7549.191,678,0,476.875
KCCX20190605-13,KCCX20190605_105149_V06,4,1.318,1.200,9771,0,9799.023,566,0,1412.579
KCCX20190605-13,KCCX20190605_105149_V06,8,1.802,1.200,4885,0,14543.455,79,0,2803.135
KCCX20190605-13,KCCX20190605_105149_V06,9,2.417,1.200,4884,0,17279.571,294,0,1278.437
KCCX20190605-13,KCCX20190605_105149_V06,10,3.120,1.200,4886,0,12030.648,550,0,299.979
KCCX20190605-13,KCCX20190605_105149_V06,11,3.999,1.200,4895,0,3055.414,409,0,378.450
KCCX20190605-12,KCCX20190605_103615_V06,0,0.483,1.200,2107,0,45664.299,171,0,2067.654
KCCX20190605-12,KCCX20190605_103615_V06,2,0.879,1.200,2110,0,33411.321,127,0,6525.322
KCCX20190605-12,KCCX20190605_103615_V06,4,1.318,1.200,2110,0,6317.202,89,0,875.936
KCCX20190605-12,KCCX20190605_104125_V06,0,0.483,1.200,3680,0,26256.849,152,0,1422.085
KCCX20190605-12,KCCX20190605_104125_V06,2,0.879,1.200,3683,0,25247.539,119,0,4686.190
KCCX20190605-12,KCCX20190605_104125_V06,4,1.318,1.200,3680,0,6426.242,78,0,1083.972
KCCX20190605-6,KCCX20190605_092904_V06,0,0.483,1.200,9928,2,148443.787,1474,2,89039.293
KCCX20190605-6,KCCX20190605_092904_V06,2,0.879,1.200,9931,0,143380.293,1617,0,4225.658
KCCX20190605-6,KCCX20190605_092904_V06,4,1.318,1.200,9933,0,200811.922,1646,0,1561.547
KCCX20190605-6,KCCX20190605_092904_V06,8,1.802,1.200,4964,0,245205.909,680,0,16965.923
KCCX20190605-6,KCCX20190605_092904_V06,9,2.417,1.200,4969,0,409530.616,653,0,28199.184
KCCX20190605-6,KCCX20190605_092904_V06,10,3.120,1.200,4968,0,64188.309,720,0,1013.153
KCCX20190605-6,KCCX20190605_092904_V06,11,3.999,1.200,4975,0,9233.335,380,0,728.983
KCCX20190605-6,KCCX20190605_092904_V06,12,5.098,1.200,4982,0,2614.770,202,0,24.052
KCCX20190605-8,KCCX20190605_094049_V06,0,0.483,1.200,14052,25,113564.280,1751,22,87525.949
KCCX20190605-8,KCCX20190605_094049_V06,2,0.879,1.200,14058,1,31778.616,1828,1,13620.906
KCCX20190605-8,KCCX20190605_094049_V06,4,1.318,1.200,14057,0,23844.673,2108,0,4278.331
KCCX20190605-8,KCCX20190605_094049_V06,8,1.802,1.200,7024,0,18366.283,1014,0,555.160
KCCX20190605-8,KCCX20190605_094049_V06,9,2.417,1.200,7029,0,28512.938,1188,0,234.357
KCCX20190605-8,KCCX20190605_094049_V06,10,3.120,1.200,7041,0,41955.633,1339,0,436.314
KCCX20190605-8,KCCX20190605_094049_V06,11,3.999,1.200,7044,0,34541.011,1189,0,1946.409
KCCX20190605-8,KCCX20190605_094049_V06,12,5.098,1.200,7056,0,24756.372,993,0,471.297
KCCX20190605-9,KCCX20190605_094641_V06,0,0.483,1.200,12563,0,5288.200,1118,0,1183.029
KCCX20190605-9,KCCX20190605_094641_V06,2,0.879,1.200,12566,0,6547.099,1231,0,805.347
KCCX20190605-9,KCCX20190605_094641_V06,4,1.318,1.200,12568,0,10269.535,1454,0,520.946
KCCX20190605-9,KCCX20190605_094641_V06,8,1.802,1.200,6293,0,15415.032,707,0,137.070
KCCX20190605-9,KCCX20190605_094641_V06,9,2.417,1.200,6294,0,26015.120,1001,0,169.225
KCCX20190605-9,KCCX20190605_094641_V06,10,3.120,1.200,6298,0,49251.638,1271,0,328.922
KCCX20190605-9,KCCX20190605_094641_V06,11,3.999,1.200,6302,0,40213.443,1065,0,4320.492
KCCX20190605-16,KCCX20190605_110241_V06,0,0.483,1.200,28409,0,871330.378,4015,0,37545.886
KCCX20190605-16,KCCX20190605_110241_V06,2,0.879,1.200,28410,6,826336.041,4030,0,22972.520
KCCX20190605-16,KCCX20190605_110241_V06,4,1.318,1.200,28424,2,727679.068,4035,0,18247.165
KCCX20190605-16,KCCX20190605_110241_V06,8,1.802,1.200,14216,0,444510.619,1764,0,5672.509
KCCX20190605-16,KCCX20190605_110241_V06,9,2.417,1.200,14219,4,283096.203,1587,0,3556.979
KCCX20190605-16,KCCX20190605_110241_V06,10,3.120,1.200,14232,2,266429.289,1214,0,8043.752
KCCX20190605-16,KCCX20190605_110241_V06,11,3.999,1.200,14260,6,429013.889,1048,0,21548.650
KCCX20190606-24,KCCX20190606_110340_V06,0,0.483,1.200,5797,0,62277.436,616,0,459.424
KCCX20190606-24,KCCX20190606_110340_V06,2,0.879,1.200,5797,0,18766.847,367,0,226.935
KCCX20190606-24,KCCX20190606_110340_V06,6,1.318,1.200,5794,0,1622.287,147,0,114.379
KCCX20190606-24,KCCX20190606_110340_V06,10,1.802,1.200,2902,0,10.488,0,0,10.488
KCCX20190606-24,KCCX20190606_110340_V06,11,2.417,1.200,2904,0,10.505,0,0,10.505
KCCX20190606-24,KCCX20190606_110903_V06,0,0.483,1.200,8781,0,77697.373,815,0,525.872
KCCX20190606-24,KCCX20190606_110903_V06,2,0.879,1.200,8784,0,25570.228,556,0,335.601
KCCX20190606-24,KCCX20190606_110903_V06,6,1.318,1.200,8786,0,1880.674,186,0,115.926
KCCX20190606-24,KCCX20190606_110903_V06,10,1.802,1.200,4397,0,15.693,0,0,15.693
KCCX20190606-24,KCCX20190606_110903_V06,11,2.417,1.200,4396,0,15.703,0,0,15.703
KCCX20190606-25,KCCX20190606_110340_V06,0,0.483,1.200,10845,0,101349.131,3026,0,12572.205
KCCX20190606-25,KCCX20190606_110340_V06,2,0.879,1.200,10845,0,101857.535,3020,0,29695.141
KCCX20190606-25,KCCX20190606_110340_V06,6,1.318,1.200,10855,0,68079.988,2266,0,13019.643
KCCX20190606-25,KCCX20190606_110340_V06,10,1.802,1.200,5414,0,35456.190,1116,0,3408.069
KCCX20190606-25,KCCX20190606_110340_V06,11,2.417,1.200,5416,0,37551.167,1109,0,2020.688
KCCX20190606-25,KCCX20190606_110340_V06,12,3.120,1.200,5429,0,23625.230,913,0,1666.265
KCCX20190606-25,KCCX20190606_110340_V06,15,3.999,1.200,5428,0,11513.571,690,0,861.886
KCCX20190606-25,KCCX20190606_110340_V06,16,5.098,1.200,5431,0,3592.869,513,0,444.557
KCCX20190606-25,KCCX20190606_110340_V06,17,6.416,1.200,5448,0,407.454,303,0,126.425
KCCX20190606-25,KCCX20190606_110903_V06,0,0.483,1.200,15958,0,54793.490,4295,0,5798.192
KCCX20190606-25,KCCX20190606_110903_V06,2,0.879,1.200,15959,0,53635.445,3582,0,8838.488
KCCX20190606-25,KCCX20190606_110903_V06,6,1.318,1.200,15955,0,33686.195,2534,0,7982.726
KCCX20190606-25,KCCX20190606_110903_V06,10,1.802,1.200,7987,0,22792.576,1457,0,5415.901
KCCX20190606-25,KCCX20190606_110903_V06,11,2.417,1.200,7992,0,19955.937,1393,0,2029.358
KCCX20190606-25,KCCX20190606_110903_V06,12,3.120,1.200,7997,0,14021.265,1180,0,1256.783
KCCX20190606-25,KCCX20190606_110903_V06,15,3.999,1.200,8008,0,12360.374,1120,0,795.210
KCCX20190606-25,KCCX20190606_110903_V06,16,5.098,1.200,8019,0,5282.409,940,0,542.317
KCCX20190606-25,KCCX20190606_110903_V06,17,6.416,1.200,8033,0,1369.107,670,0,267.223
KCCX20190606-2,KCCX20190606_084532_V06,0,0.483,1.200,1188,0,157680.709,299,0,744.400
KCCX20190606-2,KCCX20190606_084532_V06,2,0.879,1.200,1191,0,33461.109,191,0,255.169
KCCX20190606-2,KCCX20190606_084532_V06,6,1.318,1.200,1190,0,909.493,25,0,96.562
KCCX20190606-2,KCCX20190606_084532_V06,10,1.802,1.200,597,0,3.525,0,0,3.525
KCCX20190606-10,KCCX20190606_095053_V06,0,0.483,1.200,2418,0,22784.916,758,0,3116.486
KCCX20190606-10,KCCX20190606_095053_V06,2,0.879,1.200,2420,0,20989.878,926,0,1850.977
KCCX20190606-10,KCCX20190606_095053_V06,6,1.318,1.200,2421,0,13708.413,866,0,1531.901
KCCX20190606-10,KCCX20190606_095053_V06,10,1.802,1.200,1213,0,4639.829,247,0,399.929
KCCX20190606-10,KCCX20190606_095053_V06,11,2.417,1.200,1216,0,250.735,62,0,78.001
KCCX20190606-10,KCCX20190606_095053_V06,12,3.120,1.200,1211,0,4.937,0,0,4.937
KCCX20190606-10,KCCX20190606_095053_V06,15,3.999,1.200,1219,0,5.309,0,0,5.309
KCCX20190606-11,KCCX20190606_100216_V06,0,0.483,1.200,8244,0,147472.932,1705,0,4153.280
KCCX20190606-11,KCCX20190606_100216_V06,2,0.879,1.200,8239,0,56539.941,777,0,1474.360
KCCX20190606-11,KCCX20190606_100216_V06,6,1.318,1.200,8252,0,4099.699,118,0,218.990
KCCX20190606-11,KCCX20190606_100216_V06,10,1.802,1.200,4124,0,20.795,0,0,20.795
KCCX20190606-26,KCCX20190606_110340_V06,0,0.483,1.200,8574,4,30704.884,2059,0,2519.917
KCCX20190606-26,KCCX20190606_110340_V06,2,0.879,1.200,8580,0,25373.382,1973,0,1136.246
KCCX20190606-26,KCCX20190606_110340_V06,6,1.318,1.200,8584,0,22005.340,2085,0,1155.228
KCCX20190606-26,KCCX20190606_110340_V06,10,1.802,1.200,4287,0,20319.124,820,0,447.956
KCCX20190606-26,KCCX20190606_110340_V06,11,2.417,1.200,4290,0,13801.151,830,0,96.701
KCCX20190606-26,KCCX20190606_110340_V06,12,3.120,1.200,4295,0,15606.071,795,0,119.226
KCCX20190606-26,KCCX20190606_110340_V06,15,3.999,1.200,4300,0,9926.748,659,0,41.174
KCCX20190606-26,KCCX20190606_110340_V06,16,5.098,1.200,4309,0,7976.690,489,0,16.313
KCCX20190606-26,KCCX20190606_110340_V06,17,6.416,1.200,4317,0,2235.621,269,0,45.115
KCCX20190607-4,KCCX20190607_084134_V06,0,0.483,1.200,94,18,6476.436,6,12,6476.436
KCCX20190607-4,KCCX20190607_084134_V06,2,1.494,1.200,95,0,1012.229,5,0,176.801
KCCX20190607-4,KCCX20190607_084134_V06,4,2.505,1.200,93,0,41.142,7,0,40.540
KCCX20190607-4,KCCX20190607_084134_V06,6,3.516,1.200,47,0,0.491,0,0,0.491
KCCX20190607-4,KCCX20190607_084134_V06,7,4.482,1.200,47,0,0.133,0,0,0.133
KCCX20190607-4,KCCX20190607_090049_V06,0,0.483,1.200,1383,75,92833.791,8,71,91861.239
KCCX20190607-4,KCCX20190607_090049_V06,2,1.494,1.200,1382,0,2252.088,95,0,2167.395
KCCX20190607-4,KCCX20190607_090049_V06,4,2.505,1.200,1386,0,124.433,251,0,94.548
KCCX20190607-4,KCCX20190607_090049_V06,6,3.516,1.200,692,0,15.949,49,0,12.941
KCCX20190607-4,KCCX20190607_090049_V06,7,4.482,1.200,690,0,5.899,15,0,5.488
KCCX20190607-4,KCCX20190607_091027_V06,0,0.483,1.200,2685,98,72112.328,16,94,71869.055
KCCX20190607-4,KCCX20190607_091027_V06,2,1.494,1.200,2686,0,2136.980,280,0,2039.876
KCCX20190607-4,KCCX20190607_091027_V06,4,2.505,1.200,2685,0,107.265,481,0,83.781
KCCX20190607-4,KCCX20190607_091027_V06,6,3.516,1.200,1341,0,17.451,91,0,16.534
KCCX20190607-4,KCCX20190607_091027_V06,7,4.482,1.200,1345,0,5.029,39,0,4.266
KCCX20190607-4,KCCX20190607_092004_V06,0,0.483,1.200,4409,66,99907.118,25,66,99766.043
KCCX20190607-4,KCCX20190607_092004_V06,2,1.494,1.200,4406,0,1576.623,498,0,1501.575
KCCX20190607-4,KCCX20190607_092004_V06,4,2.505,1.200,4409,0,209.358,763,0,144.250
KCCX20190607-4,KCCX20190607_092004_V06,6,3.516,1.200,2215,0,38.190,166,0,31.067
KCCX20190607-4,KCCX20190607_092004_V06,7,4.482,1.200,2211,0,7.465,65,0,6.246
KCCX20190607-4,KCCX20190607_092943_V06,0,0.483,1.200,6577,70,185118.727,0,70,185118.727
KCCX20190607-4,KCCX20190607_092943_V06,2,1.494,1.200,6583,0,1944.489,400,0,1899.319
KCCX20190607-4,KCCX20190607_092943_V06,4,2.505,1.200,6587,0,158.158,975,0,128.904
KCCX20190607-4,KCCX20190607_092943_V06,6,3.516,1.200,3292,0,34.610,269,0,28.744
KCCX20190607-4,KCCX20190607_092943_V06,7,4.482,1.200,3294,0,9.286,126,0,7.913
KCCX20190607-4,KCCX20190607_093921_V06,0,0.483,1.200,9184,64,274786.281,6,58,274786.281
KCCX20190607-4,KCCX20190607_093921_V06,2,1.494,1.200,9191,0,10367.759,529,0,10190.652
KCCX20190607-4,KCCX20190607_093921_V06,4,2.505,1.200,9197,0,261.475,1387,0,209.356
KCCX20190607-4,KCCX20190607_093921_V06,6,3.516,1.200,4604,0,48.567,486,0,41.407
KCCX20190607-4,KCCX20190607_093921_V06,7,4.482,1.200,4608,0,21.802,331,0,17.494
KCCX20190607-4,KCCX20190607_094858_V06,0,0.483,1.200,12280,70,362931.603,6,68,362599.487
KCCX20190607-4,KCCX20190607_094858_V06,2,1.494,1.200,12284,0,25504.594,761,0,25260.516
KCCX20190607-4,KCCX20190607_094858_V06,4,2.505,1.200,12296,0,500.366,1722,0,417.144
KCCX20190607-4,KCCX20190607_094858_V06,6,3.516,1.200,6148,0,83.807,667,0,66.992
KCCX20190607-4,KCCX20190607_094858_V06,7,4.482,1.200,6166,0,32.362,570,0,25.436
KCCX20190607-4,KCCX20190607_100814_V06,0,0.483,1.200,20079,90,555306.615,19,86,554798.048
KCCX20190607-4,KCCX20190607_100814_V06,2,1.494,1.200,20083,0,45829.379,1721,0,45073.937
KCCX20190607-4,KCCX20190607_100814_V06,4,2.505,1.200,20101,0,1418.253,3296,0,1151.163
KCCX20190607-4,KCCX20190607_100814_V06,6,3.516,1.200,10052,0,248.328,1382,0,113.596
KCCX20190607-4,KCCX20190607_100814_V06,7,4.482,1.200,10067,0,112.430,1201,0,48.096
KCCX20190607-4,KCCX20190607_101753_V06,0,0.483,1.200,24963,106,755373.844,36,102,754172.709
KCCX20190607-4,KCCX20190607_101753_V06,2,1.494,1.200,24974,0,49155.380,2168,0,48369.994
KCCX20190607-4,KCCX20190607_101753_V06,4,2.505,1.200,24991,0,3636.284,4261,0,3106.627
KCCX20190607-4,KCCX20190607_101753_V06,6,3.516,1.200,12510,0,427.627,1852,0,293.631
KCCX20190607-4,KCCX20190607_101753_V06,7,4.482,1.200,12524,0,178.501,1623,0,62.724
KCCX20190607-4,KCCX20190607_102730_V06,0,0.483,1.200,73825,112,1043150.821,1841,108,1032251.084
KCCX20190607-4,KCCX20190607_102730_V06,2,1.494,1.200,73847,0,62528.563,6955,0,60527.120
KCCX20190607-4,KCCX20190607_102730_V06,4,2.505,1.200,73900,0,9881.634,12205,0,8540.611
KCCX20190607-4,KCCX20190607_102730_V06,6,3.516,1.200,36993,0,2713.314,6984,0,1569.711
KCCX20190607-4,KCCX20190607_102730_V06,7,4.482,1.200,37055,0,1273.341,7088,0,636.559
KCCX20190607-16,KCCX20190607_104646_V06,0,0.483,1.200,560,0,76966.274,22,0,61322.956
KCCX20190607-16,KCCX20190607_104646_V06,2,1.494,1.200,559,0,3.024,1,0,1.916
KCCX20190607-16,KCCX20190607_110601_V06,0,0.483,1.200,1531,0,140386.701,75,0,116290.532
KCCX20190607-16,KCCX20190607_110601_V06,2,1.494,1.200,1539,0,5.262,0,0,5.262
KCCX20190607-1,KCCX20190607_084134_V06,0,0.483,1.200,1179,0,170164.021,42,0,156670.960
KCCX20190607-1,KCCX20190607_084134_V06,2,1.494,1.200,1176,0,65.490,14,0,38.421
KCCX20190607-1,KCCX20190607_090049_V06,0,0.483,1.200,628,0,87314.397,23,0,83468.013
KCCX20190607-1,KCCX20190607_090049_V06,2,1.494,1.200,630,0,39.223,14,0,15.535
KCCX20190607-10,KCCX20190607_092943_V06,0,0.483,1.200,4946,0,1189.480,360,0,890.370
KCCX20190607-10,KCCX20190607_092943_V06,2,1.494,1.200,4953,0,27.694,4,0,14.749
KCCX20190607-11,KCCX20190607_093921_V06,0,0.483,1.200,247,0,201216.318,4,0,199151.333
KCCX20190607-11,KCCX20190607_093921_V06,2,1.494,1.200,246,0,41.508,17,0,36.869
KCCX20190607-11,KCCX20190607_093921_V06,4,2.505,1.200,246,0,39.334,6,0,38.281
KCCX20190607-11,KCCX20190607_093921_V06,6,3.516,1.200,119,0,4.814,1,0,4.448
KCCX20190607-11,KCCX20190607_094858_V06,0,0.483,1.200,4045,0,289615.933,12,0,289337.951
KCCX20190607-11,KCCX20190607_094858_V06,2,1.494,1.200,4051,0,534.825,548,0,199.184
KCCX20190607-11,KCCX20190607_094858_V06,4,2.505,1.200,4054,0,981.793,180,0,146.186
KCCX20190607-11,KCCX20190607_094858_V06,6,3.516,1.200,2030,0,71.210,46,0,24.679
KCCX20190607-11,KCCX20190607_100814_V06,0,0.483,1.200,715,4,381713.721,0,4,381713.721
KCCX20190607-11,KCCX20190607_100814_V06,2,1.494,1.200,715,0,167.251,63,0,136.963
KCCX20190607-11,KCCX20190607_100814_V06,4,2.505,1.200,712,0,244.695,22,0,160.476
KCCX20190607-11,KCCX20190607_100814_V06,6,3.516,1.200,358,0,10.208,14,0,6.316
KCCX20190607-12,KCCX20190607_093921_V06,0,0.483,1.200,882,2,374619.938,16,2,373617.897
KCCX20190607-12,KCCX20190607_093921_V06,2,1.494,1.200,884,0,86.163,11,0,82.109
KCCX20190607-12,KCCX20190607_093921_V06,4,2.505,1.200,880,0,60.773,51,0,33.513
KCCX20190609-9,KCCX20190609_101456_V06,0,0.483,1.200,19717,0,2357618.330,9112,0,123699.638
KCCX20190609-9,KCCX20190609_101456_V06,2,1.494,1.200,19734,0,2140054.905,8178,0,303152.862
KCCX20190609-9,KCCX20190609_102432_V06,0,0.483,1.200,20944,0,2849036.809,6900,0,25500.261
KCCX20190609-9,KCCX20190609_102432_V06,2,1.494,1.200,20955,0,2385138.398,8369,0,429269.455
KCCX20190609-9,KCCX20190609_103409_V06,0,0.483,1.200,21951,0,2601273.492,6783,0,17683.122
KCCX20190609-9,KCCX20190609_103409_V06,2,1.494,1.200,21967,0,1452129.795,8771,0,285026.711
KCCX20190609-1,KCCX20190609_084511_V06,0,0.483,1.200,75,0,26707.209,7,0,26287.863
KCCX20190609-1,KCCX20190609_084511_V06,2,0.879,1.200,76,0,380.322,5,0,295.089
KCCX20190609-1,KCCX20190609_084511_V06,4,1.318,1.200,74,0,72.354,5,0,60.781
KCCX20190609-1,KCCX20190609_084511_V06,8,1.802,1.200,35,0,0.064,0,0,0.064
KCCX20190609-1,KCCX20190609_084511_V06,9,2.417,1.200,36,0,0.066,0,0,0.066
KCCX20190609-1,KCCX20190609_084511_V06,10,3.120,1.200,36,0,3.039,0,0,3.039
KCCX20190609-1,KCCX20190609_084511_V06,13,3.999,1.200,35,0,0.065,0,0,0.065
KCCX20190609-1,KCCX20190609_084956_V06,0,0.483,1.200,706,0,20519.669,46,0,16291.643
KCCX20190609-1,KCCX20190609_084956_V06,2,0.879,1.200,708,0,833.056,29,0,394.968
KCCX20190609-1,KCCX20190609_084956_V06,6,1.318,1.200,704,0,218.592,20,0,151.728
KCCX20190609-1,KCCX20190609_084956_V06,10,1.802,1.200,351,0,18.308,3,0,10.810
KCCX20190609-1,KCCX20190609_084956_V06,11,2.417,1.200,351,0,11.144,0,0,11.144
KCCX20190609-1,KCCX20190609_084956_V06,12,3.120,1.200,353,0,6.333,0,0,6.333
KCCX20190609-1,KCCX20190609_084956_V06,15,3.999,1.200,353,0,0.656,0,0,0.656
KCCX20190609-11,KCCX20190609_103409_V06,0,0.483,1.200,7354,0,1414.040,1569,0,798.827
KCCX20190609-11,KCCX20190609_103409_V06,2,1.494,1.200,7362,0,808.862,1679,0,440.341
KCCX20190609-11,KCCX20190609_103409_V06,4,2.505,1.200,7373,0,61.556,223,0,35.035
KCCX20190609-11,KCCX20190609_104347_V06,0,0.483,1.200,16817,0,3372.208,3824,0,2119.073
KCCX20190609-11,KCCX20190609_104347_V06,2,1.494,1.200,16833,0,1353.877,2790,0,747.973
KCCX20190609-11,KCCX20190609_104347_V06,4,2.505,1.200,16841,0,655.697,1047,0,447.740
KCCX20190609-11,KCCX20190609_110303_V06,0,0.483,1.200,17738,0,3823.490,1836,0,2477.863
KCCX20190609-11,KCCX20190609_110303_V06,2,1.494,1.200,17751,0,1278.315,1808,0,726.463
KCCX20190609-3,KCCX20190609_084511_V06,0,0.483,1.200,52,0,4599.945,2,0,3990.296
KCCX20190609-3,KCCX20190609_084511_V06,2,0.879,1.200,52,0,198.193,5,0,193.994
KCCX20190609-3,KCCX20190609_084511_V06,4,1.318,1.200,53,0,34.980,2,0,32.913
KCCX20190609-3,KCCX20190609_084511_V06,8,1.802,1.200,25,0,0.037,0,0,0.037
KCCX20190609-3,KCCX20190609_084511_V06,9,2.417,1.200,25,0,0.037,0,0,0.037
KCCX20190609-3,KCCX20190609_084511_V06,10,3.120,1.200,24,0,0.036,0,0,0.036
KCCX20190609-3,KCCX20190609_084511_V06,13,3.999,1.200,25,0,0.038,0,0,0.038
KCCX20190609-4,KCCX20190609_093441_V06,0,0.483,1.200,1227,0,711.830,19,0,700.256
KCCX20190609-4,KCCX20190609_093441_V06,2,1.494,1.200,1225,0,93.679,169,0,87.983
KCCX20190609-4,KCCX20190609_093441_V06,4,2.505,1.200,1227,0,10.042,342,0,7.328
KCCX20190609-4,KCCX20190609_093441_V06,6,3.516,1.200,618,0,12.338,132,0,9.474
KCCX20190609-4,KCCX20190609_093441_V06,7,4.482,1.200,616,0,9.069,124,0,7.130
KCCX20190610-2,KCCX20190610_085206_V06,0,0.483,1.200,18535,0,19637.047,8350,0,4135.794
KCCX20190610-2,KCCX20190610_085206_V06,2,0.879,1.200,18530,0,14369.069,7233,0,2262.834
KCCX20190610-2,KCCX20190610_085206_V06,6,1.318,1.200,18533,0,8381.923,5549,0,1292.295
KCCX20190610-2,KCCX20190610_085206_V06,10,1.802,1.200,9266,0,3597.146,1715,0,418.154
KCCX20190610-2,KCCX20190610_085206_V06,11,2.417,1.200,9273,0,1052.620,1010,0,194.976
KCCX20190610-2,KCCX20190610_085206_V06,12,3.120,1.200,9285,0,196.013,473,0,70.368
KCCX20190610-2,KCCX20190610_085206_V06,15,3.999,1.200,9300,0,149.093,87,0,54.792
KCCX20190610-2,KCCX20190610_085206_V06,16,5.098,1.200,9301,0,2900.687,567,0,244.000
KCCX20190610-2,KCCX20190610_085206_V06,17,6.416,1.200,9333,0,3609.200,1222,0,338.908
KCCX20190610-2,KCCX20190610_090341_V06,0,0.483,1.200,18315,0,17079.554,8290,0,3215.766
KCCX20190610-2,KCCX20190610_090341_V06,2,0.879,1.200,18315,0,13737.520,8412,0,1170.798
KCCX20190610-2,KCCX20190610_090341_V06,6,1.318,1.200,18322,0,9720.817,7660,0,743.332
KCCX20190610-2,KCCX20190610_090341_V06,10,1.802,1.200,9165,0,5177.624,3153,0,193.340
KCCX20190610-2,KCCX20190610_090341_V06,11,2.417,1.200,9173,0,2345.675,2669,0,124.687
KCCX20190610-2,KCCX20190610_090341_V06,12,3.120,1.200,9180,0,779.595,2042,0,66.012
KCCX20190610-2,KCCX20190610_090341_V06,15,3.999,1.200,9186,0,171.035,1077,0,36.067
KCCX20190610-2,KCCX20190610_090341_V06,16,5.098,1.200,9204,0,604.735,394,0,35.110
KCCX20190610-2,KCCX20190610_090341_V06,17,6.416,1.200,9227,0,3667.784,1029,0,140.047
KCCX20190610-7,KCCX20190610_092643_V06,0,0.483,1.200,9252,0,11246.620,2150,0,2917.383
KCCX20190610-7,KCCX20190610_092643_V06,2,0.879,1.200,9251,0,3624.674,891,0,1215.430
KCCX20190610-7,KCCX20190610_092643_V06,6,1.318,1.200,9256,0,976.116,369,0,317.039
KCCX20190610-7,KCCX20190610_092643_V06,10,1.802,1.200,4621,0,51.505,17,0,16.657
KCCX20190610-7,KCCX20190610_092643_V06,11,2.417,1.200,4625,0,326.966,22,0,128.279
KCCX20190610-7,KCCX20190610_092643_V06,12,3.120,1.200,4623,0,1976.470,137,0,516.777
KCCX20190610-7,KCCX20190610_092643_V06,15,3.999,1.200,4630,0,1681.197,159,0,564.209
KCCX20190610-12,KCCX20190610_094911_V06,0,0.483,1.200,23359,0,38402.646,3110,0,12414.619
KCCX20190610-12,KCCX20190610_094911_V06,2,0.879,1.200,23364,0,29333.759,3155,0,7609.278
KCCX20190610-12,KCCX20190610_094911_V06,6,1.318,1.200,23365,0,17054.390,3107,0,2340.032
KCCX20190610-12,KCCX20190610_094911_V06,10,1.802,1.200,11679,0,6525.830,928,0,806.468
KCCX20190610-12,KCCX20190610_094911_V06,11,2.417,1.200,11688,0,1787.268,308,0,280.688
KCCX20190610-12,KCCX20190610_094911_V06,12,3.120,1.200,11698,0,115.558,33,0,69.901
KCCX20190610-12,KCCX20190610_094911_V06,15,3.999,1.200,11714,0,728.458,156,0,155.996
KCCX20190610-13,KCCX20190610_100626_V06,0,0.483,1.200,6006,0,107961.320,903,0,2694.958
KCCX20190610-13,KCCX20190610_100626_V06,2,0.879,1.200,6012,0,40384.416,530,0,1550.162
KCCX20190610-13,KCCX20190610_100626_V06,6,1.318,1.200,6017,0,2248.835,61,0,113.605
KCCX20190610-13,KCCX20190610_100626_V06,10,1.802,1.200,3008,0,17.464,0,0,17.464
KCCX20190611-2,KCCX20190611_090112_V06,0,0.483,1.200,2684,4,297061.898,252,4,295243.369
KCCX20190611-2,KCCX20190611_090112_V06,2,1.494,1.200,2685,0,55.399,14,0,52.981
KCCX20190611-2,KCCX20190611_090112_V06,4,2.505,1.200,2694,0,56.490,28,0,49.728
KCCX20190611-2,KCCX20190611_090112_V06,6,3.516,1.200,1347,0,12.959,12,0,9.076
KCCX20190611-4,KCCX20190611_093004_V06,0,0.483,1.200,1522,0,234437.738,261,0,234204.829
KCCX20190611-4,KCCX20190611_093004_V06,2,1.494,1.200,1519,0,35.605,6,0,34.815
KCCX20190611-4,KCCX20190611_093004_V06,4,2.505,1.200,1525,0,63.015,32,0,48.166
KCCX20190611-4,KCCX20190611_093004_V06,6,3.516,1.200,762,0,12.124,12,0,10.061
KCCX20190611-5,KCCX20190611_094919_V06,0,0.483,1.200,4329,0,7.545,288,0,1.584
KCCX20190611-5,KCCX20190611_094919_V06,2,1.494,1.200,4333,0,0.428,420,0,0.365
KCCX20190611-5,KCCX20190611_094919_V06,4,2.505,1.200,4337,0,0.414,602,0,0.332
KCCX20190611-5,KCCX20190611_094919_V06,6,3.516,1.200,2182,0,0.541,491,0,0.252
KCCX20190611-5,KCCX20190611_094919_V06,7,4.482,1.200,2186,0,0.327,557,0,0.230
KCCX20190612-2,KCCX20190612_084318_V06,0,0.483,1.200,95,0,82282.657,0,0,82282.657
KCCX20190612-2,KCCX20190612_084318_V06,2,1.494,1.200,93,0,14.486,2,0,14.040
KCCX20190612-2,KCCX20190612_084318_V06,4,2.505,1.200,95,0,9.947,10,0,4.891
KCCX20190612-2,KCCX20190612_090232_V06,0,0.483,1.200,1330,0,66567.080,160,0,66253.093
KCCX20190612-2,KCCX20190612_090232_V06,2,1.494,1.200,1331,0,30.177,20,0,23.869
KCCX20190612-2,KCCX20190612_090232_V06,4,2.505,1.200,1334,0,31.259,35,0,18.566
KCCX20190613-5,KCCX20190613_091133_V06,0,0.483,1.200,22068,18,47744525.227,9139,0,11013144.555
KCCX20190613-5,KCCX20190613_091133_V06,2,0.879,1.200,22062,101,49506607.599,9234,4,8818963.540
KCCX20190613-5,KCCX20190613_091133_V06,6,1.318,1.200,22075,2,16595248.808,13392,0,435844.072
KCCX20190613-5,KCCX20190613_091133_V06,10,1.802,1.200,11026,0,8338309.822,6254,0,2559880.883
KCCX20190613-5,KCCX20190613_091133_V06,11,2.417,1.200,11031,0,4161795.722,7277,0,601638.435
KCCX20190613-5,KCCX20190613_091636_V06,0,0.483,1.200,25732,10,52078419.497,11429,1,7692669.077
KCCX20190613-5,KCCX20190613_091636_V06,2,0.879,1.200,25740,50,50594298.177,11202,1,5860071.668
KCCX20190613-5,KCCX20190613_091636_V06,6,1.318,1.200,25748,0,17202037.463,15300,0,272568.251
KCCX20190613-5,KCCX20190613_091636_V06,10,1.802,1.200,12894,0,9217109.958,6784,0,3351010.599
KCCX20190613-5,KCCX20190613_091636_V06,11,2.417,1.200,12898,0,4699641.688,7813,0,661742.043
KCCX20190613-5,KCCX20190613_092140_V06,0,0.483,1.200,13718,0,2673056.511,4794,0,263993.064
KCCX20190613-5,KCCX20190613_092140_V06,2,0.879,1.200,13713,0,3913131.919,5348,0,432919.804
KCCX20190613-5,KCCX20190613_092140_V06,6,1.318,1.200,13716,0,2939001.160,7592,0,18956.917
KCCX20190613-5,KCCX20190613_092140_V06,10,1.802,1.200,6848,0,3699056.665,4457,0,310870.640
KCCX20190613-5,KCCX20190613_092140_V06,11,2.417,1.200,6853,0,2602850.371,5366,0,87022.324
KCCX20190613-5,KCCX20190613_092644_V06,0,0.483,1.200,11037,0,515632.207,4010,0,32598.343
KCCX20190613-5,KCCX20190613_092644_V06,2,0.879,1.200,11035,0,841251.143,4018,0,45585.119
KCCX20190613-5,KCCX20190613_092644_V06,6,1.318,1.200,11046,0,1663648.008,5972,0,3301.563
KCCX20190613-5,KCCX20190613_092644_V06,10,1.802,1.200,5508,0,2826791.137,3750,0,21777.821
KCCX20190613-5,KCCX20190613_092644_V06,11,2.417,1.200,5512,0,2335543.374,4598,0,19703.729
KCCX20190613-3,KCCX20190613_090630_V06,0,0.483,1.200,13680,0,200020.842,4040,0,10753.546
KCCX20190613-3,KCCX20190613_090630_V06,2,0.879,1.200,13684,0,88534.222,1358,0,3024.274
KCCX20190613-3,KCCX20190613_090630_V06,6,1.318,1.200,13702,0,30340.607,1032,0,697.233
KCCX20190613-3,KCCX20190613_090630_V06,10,1.802,1.200,6845,0,252438.502,429,0,3267.265
KCCX20190613-3,KCCX20190613_090630_V06,11,2.417,1.200,6854,0,938075.206,1097,0,16128.268
KCCX20190613-3,KCCX20190613_090630_V06,12,3.120,1.200,6859,0,441297.850,4192,0,22640.980
KCCX20190613-15,KCCX20190613_100746_V06,0,0.483,1.200,9262,0,8165.331,624,0,844.907
KCCX20190613-15,KCCX20190613_100746_V06,2,0.879,1.200,9266,0,3351.468,457,0,454.730
KCCX20190613-15,KCCX20190613_100746_V06,6,1.318,1.200,9268,0,738.324,365,0,348.340
KCCX20190613-15,KCCX20190613_100746_V06,10,1.802,1.200,4640,0,252.169,50,0,171.608
KCCX20190613-15,KCCX20190613_100746_V06,11,2.417,1.200,4649,0,42.139,7,0,35.203
KCCX20190613-15,KCCX20190613_100746_V06,12,3.120,1.200,4649,0,16.029,2,0,13.359
KCCX20190613-15,KCCX20190613_100746_V06,15,3.999,1.200,4654,0,13.271,1,0,12.843
KCCX20190615-1,KCCX20190615_102808_V06,0,0.483,1.200,3409,0,112914.672,2192,0,2664.876
KCCX20190615-1,KCCX20190615_103745_V06,0,0.483,1.200,6653,0,245009.975,3366,0,7586.690
KCCX20190616-3,KCCX20190616_102008_V06,0,0.483,1.200,29780,0,3322545.091,10081,0,68413.366
KCCX20190616-3,KCCX20190616_102008_V06,2,0.879,1.200,29768,0,3073715.192,8882,0,94884.614
KCCX20190616-3,KCCX20190616_102008_V06,6,1.318,1.200,29773,0,2864823.055,7431,0,198002.093
KCCX20190616-3,KCCX20190616_102008_V06,8,1.802,1.200,14895,0,1516553.096,2789,0,79700.637
KCCX20190616-3,KCCX20190616_102705_V06,0,0.483,1.200,37676,0,2301641.938,10970,0,30268.413
KCCX20190616-3,KCCX20190616_102705_V06,2,0.879,1.200,37683,0,2056585.058,9491,0,72345.905
KCCX20190616-3,KCCX20190616_102705_V06,6,1.318,1.200,37697,0,1952514.125,7976,0,129619.201
KCCX20190616-3,KCCX20190616_102705_V06,8,1.802,1.200,18861,0,1587371.406,3059,0,86158.123
KCCX20190616-3,KCCX20190616_103400_V06,0,0.483,1.200,43912,0,2153461.199,13200,0,80022.702
KCCX20190616-3,KCCX20190616_103400_V06,2,0.879,1.200,43915,0,1665130.160,11086,0,76724.233
KCCX20190616-3,KCCX20190616_103400_V06,6,1.318,1.200,43932,0,1451245.166,9147,0,76753.406
KCCX20190616-3,KCCX20190616_103400_V06,8,1.802,1.200,21967,0,1182980.304,3705,0,65252.995
KCCX20190617-8,KCCX20190617_103505_V06,0,0.483,1.200,13923,0,147194.987,5453,0,33286.009
KCCX20190617-8,KCCX20190617_103505_V06,2,0.879,1.200,13930,0,135767.351,5289,0,23952.416
KCCX20190617-8,KCCX20190617_103505_V06,6,1.318,1.200,13927,0,112591.899,4259,0,16874.898
KCCX20190617-8,KCCX20190617_103505_V06,8,1.802,1.200,6963,0,98144.913,2332,0,12326.370
KCCX20190617-8,KCCX20190617_103505_V06,9,2.417,1.200,6973,0,97462.523,2489,0,11552.058
KCCX20190617-8,KCCX20190617_103505_V06,12,3.120,1.200,6983,0,75833.630,2117,0,6619.880
KCCX20190617-8,KCCX20190617_103505_V06,13,3.999,1.200,6989,0,69621.166,1903,0,8520.836
KCCX20190617-8,KCCX20190617_103505_V06,14,5.098,1.200,6996,0,52200.571,1512,0,6057.728
KCCX20190617-8,KCCX20190617_103505_V06,17,6.416,1.200,7010,0,31020.496,1303,0,4700.219
KCCX20190617-8,KCCX20190617_104116_V06,0,0.483,1.200,22193,0,81188.654,6464,0,26768.141
KCCX20190617-8,KCCX20190617_104116_V06,2,0.879,1.200,22184,0,69280.607,5786,0,21627.304
KCCX20190617-8,KCCX20190617_104116_V06,6,1.318,1.200,22194,0,57811.456,4861,0,13358.540
KCCX20190617-8,KCCX20190617_104116_V06,8,1.802,1.200,11096,0,49638.144,2997,0,10355.634
KCCX20190617-8,KCCX20190617_104116_V06,9,2.417,1.200,11104,0,52504.190,3039,0,5871.439
KCCX20190617-8,KCCX20190617_104116_V06,12,3.120,1.200,11119,0,41064.818,2693,0,6049.706
KCCX20190617-8,KCCX20190617_104116_V06,13,3.999,1.200,11132,0,31193.024,2196,0,4976.211
KCCX20190617-8,KCCX20190617_104116_V06,14,5.098,1.200,11145,0,20910.376,2070,0,3605.225
KCCX20190617-8,KCCX20190617_104116_V06,15,6.416,1.200,11173,0,34375.784,2317,0,2254.326
KCCX20190617-8,KCCX20190617_104116_V06,16,7.998,1.200,11202,0,27363.335,3180,0,1951.491
KCCX20190617-8,KCCX20190617_104746_V06,0,0.483,1.200,13842,0,30049.345,4803,0,7965.504
KCCX20190617-8,KCCX20190617_104746_V06,2,0.879,1.200,13837,0,28423.299,3832,0,7972.572
KCCX20190617-8,KCCX20190617_104746_V06,6,1.318,1.200,13845,0,17602.880,2792,0,7320.105
KCCX20190617-8,KCCX20190617_104746_V06,8,1.802,1.200,6918,0,17751.709,2396,0,2777.887
KCCX20190617-8,KCCX20190617_104746_V06,11,2.417,1.200,6921,0,15644.783,1877,0,2715.377
KCCX20190617-8,KCCX20190617_104746_V06,12,3.120,1.200,6927,0,16859.935,1605,0,3591.027
KCCX20190617-8,KCCX20190617_104746_V06,13,3.999,1.200,6940,0,13693.210,1600,0,2749.079
KCCX20190617-8,KCCX20190617_104746_V06,14,5.098,1.200,6952,0,9058.451,1489,0,2006.217
KCCX20190617-8,KCCX20190617_104746_V06,17,6.416,1.200,6971,0,4097.494,998,0,1056.390
KCCX20190617-8,KCCX20190617_104746_V06,18,7.998,1.200,6999,0,6238.712,1190,0,608.690
KCCX20190617-11,KCCX20190617_110110_V06,0,0.483,1.200,1647,0,6647.140,57,0,902.041
KCCX20190617-11,KCCX20190617_110110_V06,2,0.879,1.200,1652,0,3803.252,43,0,968.449
KCCX20190618-6,KCCX20190618_094437_V06,0,0.483,1.200,6688,0,262087.937,1576,0,19004.607
KCCX20190618-6,KCCX20190618_094437_V06,2,0.879,1.200,6695,0,664855.794,2803,0,48699.695
KCCX20190618-6,KCCX20190618_094437_V06,6,1.318,1.200,6692,0,640997.299,3765,0,39606.949
KCCX20190619-8,KCCX20190619_102129_V06,0,0.483,1.200,2798,0,41533.801,1031,0,1826.782
KCCX20190619-8,KCCX20190619_102129_V06,2,1.494,1.200,2806,0,1248.694,591,0,84.778
KCCX20190619-8,KCCX20190619_102129_V06,4,2.505,1.200,2810,0,26.954,35,0,13.124
KCCX20190619-9,KCCX20190619_102129_V06,0,0.483,1.200,4842,0,87004.728,1659,0,5152.572
KCCX20190619-9,KCCX20190619_102129_V06,2,1.494,1.200,4849,0,291.769,222,0,46.778
KCCX20190620-3,KCCX20190620_084011_V06,0,0.483,1.200,71,2,30061.629,10,1,24840.542
KCCX20190620-3,KCCX20190620_084011_V06,2,0.879,1.200,71,0,1792.029,16,0,743.878
KCCX20190620-3,KCCX20190620_084011_V06,6,1.318,1.200,70,0,99.267,8,0,91.679
KCCX20190620-3,KCCX20190620_084011_V06,10,1.802,1.200,35,0,0.053,0,0,0.053
KCCX20190620-3,KCCX20190620_084011_V06,11,2.417,1.200,35,0,1.730,1,0,0.051
KCCX20190620-3,KCCX20190620_084011_V06,12,3.120,1.200,35,0,0.053,0,0,0.053
KCCX20190620-3,KCCX20190620_084011_V06,15,3.999,1.200,36,0,0.054,0,0,0.054
KCCX20190620-7,KCCX20190620_085018_V06,0,0.483,1.200,10800,0,24691.453,1263,0,7134.974
KCCX20190620-7,KCCX20190620_085018_V06,2,0.879,1.200,10810,0,19900.993,1112,0,5662.069
KCCX20190620-7,KCCX20190620_085018_V06,6,1.318,1.200,10809,0,10166.847,937,0,2050.943
KCCX20190620-7,KCCX20190620_085018_V06,10,1.802,1.200,5413,0,4742.055,291,0,850.031
KCCX20190620-7,KCCX20190620_085018_V06,11,2.417,1.200,5417,0,29193.290,753,0,1421.743
KCCX20190620-7,KCCX20190620_085018_V06,12,3.120,1.200,5414,0,91461.944,1647,0,2410.344
KCCX20190620-7,KCCX20190620_085018_V06,15,3.999,1.200,5423,0,61959.167,2059,0,3793.199
KCCX20190621-42,KCCX20190621_103840_V06,0,0.483,1.200,4205,0,85140.287,546,0,2718.043
KCCX20190621-42,KCCX20190621_103840_V06,2,0.879,1.200,4200,0,11909.408,177,0,1392.940
KCCX20190621-42,KCCX20190621_103840_V06,6,1.318,1.200,4210,0,16.595,0,0,16.595
KCCX20190621-42,KCCX20190621_104357_V06,0,0.483,1.200,5933,0,178644.379,807,0,3165.513
KCCX20190621-42,KCCX20190621_104357_V06,2,0.879,1.200,5937,0,22533.246,333,0,1781.153
KCCX20190621-42,KCCX20190621_104357_V06,6,1.318,1.200,5951,0,23.552,0,0,23.552
KCCX20190621-42,KCCX20190621_104902_V06,0,0.483,1.200,6775,0,183513.504,874,0,3140.247
KCCX20190621-42,KCCX20190621_104902_V06,2,0.879,1.200,6775,0,27376.601,370,0,2129.186
KCCX20190621-42,KCCX20190621_104902_V06,6,1.318,1.200,6783,0,26.258,0,0,26.258
KCCX20190621-42,KCCX20190621_105407_V06,0,0.483,1.200,8157,0,142881.057,762,0,3284.601
KCCX20190621-42,KCCX20190621_105407_V06,2,0.879,1.200,8165,0,24729.496,373,0,2148.051
KCCX20190621-42,KCCX20190621_105407_V06,6,1.318,1.200,8169,0,30.593,0,0,30.593
KCCX20190621-42,KCCX20190621_110413_V06,0,0.483,1.200,8726,0,105430.038,778,0,4205.682
KCCX20190621-42,KCCX20190621_110413_V06,2,0.879,1.200,8726,0,10341.970,227,0,1256.589
KCCX20190621-42,KCCX20190621_110413_V06,6,1.318,1.200,8731,0,101.608,2,0,32.280
KCCX20190621-42,KCCX20190621_110917_V06,0,0.483,1.200,10706,0,123972.673,965,0,4325.467
KCCX20190621-42,KCCX20190621_110917_V06,2,0.879,1.200,10716,0,21457.363,441,0,1614.177
KCCX20190621-42,KCCX20190621_110917_V06,6,1.318,1.200,10720,0,133.808,5,0,38.483
KCCX20190621-14,KCCX20190621_093402_V06,0,0.483,1.200,20218,11,31045479.348,8709,0,3505626.753
KCCX20190621-14,KCCX20190621_093402_V06,2,0.879,1.200,20223,13,22050052.003,7214,0,2652719.631
KCCX20190621-14,KCCX20190621_093402_V06,6,1.318,1.200,20244,0,3194554.082,5348,0,164256.721
KCCX20190621-14,KCCX20190621_093936_V06,0,0.483,1.200,24021,23,36156870.312,9206,0,4241913.668
KCCX20190621-14,KCCX20190621_093936_V06,2,0.879,1.200,24040,24,23924983.578,7616,0,2724165.158
KCCX20190621-14,KCCX20190621_093936_V06,6,1.318,1.200,24054,0,3176349.651,6158,0,176106.611
KCCX20190621-6,KCCX20190621_090733_V06,0,0.483,1.200,2868,0,14390.158,218,0,530.024
KCCX20190621-6,KCCX20190621_090733_V06,2,0.879,1.200,2869,0,2323.047,56,0,539.363
KCCX20190621-6,KCCX20190621_090733_V06,6,1.318,1.200,2875,0,10.965,0,0,10.965
KCCX20190621-11,KCCX20190621_092859_V06,0,0.483,1.200,9281,0,32445.812,557,0,1662.211
KCCX20190621-11,KCCX20190621_092859_V06,2,0.879,1.200,9284,0,11322.509,301,0,1110.412
KCCX20190621-11,KCCX20190621_092859_V06,6,1.318,1.200,9284,0,255.509,14,0,78.897
KCCX20190621-11,KCCX20190621_092859_V06,10,1.802,1.200,4641,0,31.069,0,0,31.069
KCCX20190621-11,KCCX20190621_093402_V06,0,0.483,1.200,13170,0,33266.209,575,0,1916.606
KCCX20190621-11,KCCX20190621_093402_V06,2,0.879,1.200,13179,0,15011.187,415,0,1280.083
KCCX20190621-11,KCCX20190621_093402_V06,6,1.318,1.200,13182,0,259.088,17,0,71.843
KCCX20190621-11,KCCX20190621_093402_V06,10,1.802,1.200,6594,0,44.137,0,0,44.137
KCCX20190621-11,KCCX20190621_093936_V06,0,0.483,1.200,9873,0,31767.896,592,0,963.949
KCCX20190621-11,KCCX20190621_093936_V06,2,0.879,1.200,9872,0,11580.598,353,0,905.320
KCCX20190621-11,KCCX20190621_093936_V06,6,1.318,1.200,9882,0,345.057,12,0,77.916
KCCX20190621-11,KCCX20190621_093936_V06,10,1.802,1.200,4944,0,30.975,0,0,30.975
KCCX20190621-13,KCCX20190621_092859_V06,0,0.483,1.200,117724,7,27653072.534,54380,0,766550.883
KCCX20190621-13,KCCX20190621_092859_V06,2,0.879,1.200,117749,157,30623599.113,53083,15,3179746.906
KCCX20190621-13,KCCX20190621_092859_V06,6,1.318,1.200,117780,717,34063738.203,49915,69,7393146.618
KCCX20190621-13,KCCX20190621_092859_V06,10,1.802,1.200,58896,288,34430086.955,21005,12,3375799.000
KCCX20190621-13,KCCX20190621_092859_V06,11,2.417,1.200,58936,26,11527344.936,19502,2,860910.405
KCCX20190621-13,KCCX20190621_092859_V06,12,3.120,1.200,58975,28,4416758.642,18609,1,306679.563
KCCX20190621-13,KCCX20190621_092859_V06,15,3.999,1.200,59039,0,812084.950,15833,0,15727.936
KCCX20190621-13,KCCX20190621_092859_V06,16,5.098,1.200,59136,0,217327.293,13036,0,3113.447
KCCX20190621-13,KCCX20190621_092859_V06,17,6.416,1.200,59298,0,60154.660,10170,0,1441.474
KCCX20190621-23,KCCX20190621_094440_V06,0,0.483,1.200,34102,0,50255.855,12566,0,1543.605
KCCX20190621-23,KCCX20190621_094440_V06,2,0.879,1.200,34105,0,36727.431,12372,0,2086.359
KCCX20190621-23,KCCX20190621_094440_V06,6,1.318,1.200,34115,0,22896.203,11722,0,1697.661
KCCX20190621-23,KCCX20190621_094440_V06,10,1.802,1.200,17061,0,13605.628,5015,0,537.827
KCCX20190621-23,KCCX20190621_094440_V06,11,2.417,1.200,17069,0,11237.813,4490,0,299.310
KCCX20190621-23,KCCX20190621_094440_V06,12,3.120,1.200,17074,0,5462.152,3763,0,176.800
KCCX20190621-23,KCCX20190621_094440_V06,15,3.999,1.200,17098,0,1320.180,2788,0,50.615
KCCX20190621-23,KCCX20190621_094440_V06,16,5.098,1.200,17131,0,135.045,1787,0,23.047
KCCX20190621-23,KCCX20190621_094440_V06,17,6.416,1.200,17165,0,35.263,1275,0,14.843
KCCX20190621-29,KCCX20190621_100633_V06,0,0.483,1.200,18849,0,21608.913,1169,0,3193.025
KCCX20190621-29,KCCX20190621_100633_V06,2,0.879,1.200,18854,0,12193.012,891,0,2105.019
KCCX20190621-29,KCCX20190621_100633_V06,6,1.318,1.200,18866,0,2430.229,394,0,416.880
KCCX20190621-29,KCCX20190621_100633_V06,10,1.802,1.200,9435,0,104.800,5,0,72.769
KCCX20190621-29,KCCX20190621_101147_V06,0,0.483,1.200,25007,0,21456.328,1377,0,3120.034
KCCX20190621-29,KCCX20190621_101147_V06,2,0.879,1.200,24998,0,11137.258,1034,0,2354.717
KCCX20190621-29,KCCX20190621_101147_V06,6,1.318,1.200,25006,0,5365.523,719,0,651.809
KCCX20190621-29,KCCX20190621_101147_V06,10,1.802,1.200,12520,0,220.840,14,0,123.371
KCCX20190621-29,KCCX20190621_101720_V06,0,0.483,1.200,20080,0,13280.782,1144,0,2409.822
KCCX20190621-29,KCCX20190621_101720_V06,2,0.879,1.200,20084,0,11271.915,993,0,2642.364
KCCX20190621-29,KCCX20190621_101720_V06,6,1.318,1.200,20095,0,5862.259,807,0,772.994
KCCX20190621-29,KCCX20190621_101720_V06,10,1.802,1.200,10052,0,316.949,19,0,160.200
KCCX20190621-29,KCCX20190621_101720_V06,11,2.417,1.200,10064,0,52.743,0,0,52.743
KCCX20190621-29,KCCX20190621_102232_V06,0,0.483,1.200,26650,0,14071.036,1166,0,2529.159
KCCX20190621-29,KCCX20190621_102232_V06,2,0.879,1.200,26652,0,11568.886,1104,0,1577.731
KCCX20190621-29,KCCX20190621_102232_V06,6,1.318,1.200,26666,0,5843.154,973,0,846.305
KCCX20190621-29,KCCX20190621_102232_V06,10,1.802,1.200,13349,0,381.788,20,0,262.793
KCCX20190621-29,KCCX20190621_102232_V06,11,2.417,1.200,13357,0,58.201,0,0,58.201
KCCX20190621-29,KCCX20190621_102755_V06,0,0.483,1.200,18606,0,10515.493,968,0,2334.571
KCCX20190621-29,KCCX20190621_102755_V06,2,0.879,1.200,18597,0,10045.362,1059,0,1210.501
KCCX20190621-29,KCCX20190621_102755_V06,6,1.318,1.200,18619,0,4746.179,847,0,639.949
KCCX20190621-29,KCCX20190621_102755_V06,10,1.802,1.200,9314,0,640.258,52,0,222.045
KCCX20190621-29,KCCX20190621_102755_V06,11,2.417,1.200,9320,0,48.152,0,0,48.152
KCCX20190621-36,KCCX20190621_102755_V06,0,0.483,1.200,5753,0,72858.130,1729,0,6085.255
KCCX20190621-36,KCCX20190621_102755_V06,2,0.879,1.200,5758,0,30597.763,1658,0,3617.327
KCCX20190621-36,KCCX20190621_102755_V06,6,1.318,1.200,5759,0,5501.043,760,0,1492.826
KCCX20190621-36,KCCX20190621_102755_V06,10,1.802,1.200,2882,0,189.991,64,0,102.373
KCCX20190621-36,KCCX20190621_102755_V06,11,2.417,1.200,2880,0,44.074,6,0,39.254
KCCX20190621-36,KCCX20190621_102755_V06,12,3.120,1.200,2880,0,26.982,3,0,23.408
KCCX20190621-36,KCCX20190621_102755_V06,15,3.999,1.200,2884,0,35.005,2,0,33.511
KCCX20190621-36,KCCX20190621_102755_V06,16,5.098,1.200,2892,0,23.587,1,0,22.994
KCCX20190621-43,KCCX20190621_104902_V06,0,0.483,1.200,3312,0,5482.758,471,0,671.104
KCCX20190621-43,KCCX20190621_104902_V06,2,0.879,1.200,3311,0,1446.107,245,0,99.693
KCCX20190621-43,KCCX20190621_104902_V06,6,1.318,1.200,3306,0,430.679,98,0,37.757
KCCX20190621-43,KCCX20190621_104902_V06,10,1.802,1.200,1651,0,26.123,3,0,14.731
KCCX20190621-43,KCCX20190621_104902_V06,11,2.417,1.200,1653,0,2.864,0,0,2.864
KCCX20190621-43,KCCX20190621_104902_V06,12,3.120,1.200,1656,0,2.871,0,0,2.871
KCCX20190621-43,KCCX20190621_104902_V06,15,3.999,1.200,1661,0,2.887,0,0,2.887
KCCX20190623-1,KCCX20190623_090532_V06,0,0.483,1.200,423,2,364667.962,8,2,364666.427
KCCX20190623-1,KCCX20190623_090532_V06,2,1.494,1.200,422,0,84.488,12,0,66.183
KCCX20190623-1,KCCX20190623_090532_V06,4,2.505,1.200,426,0,56.967,19,0,36.303
KCCX20190623-2,KCCX20190623_100316_V06,0,0.483,1.200,39895,0,791.369,6513,0,646.624
KCCX20190623-2,KCCX20190623_100316_V06,2,1.494,1.200,39921,0,512.545,7409,0,423.774
KCCX20190623-2,KCCX20190623_100316_V06,4,2.505,1.200,39949,0,142.320,7473,0,101.800
KCCX20190623-2,KCCX20190623_100316_V06,6,3.516,1.200,19994,0,50.709,3294,0,36.772
KCCX20190623-2,KCCX20190623_100316_V06,7,4.482,1.200,20020,0,28.061,2848,0,20.273
KCCX20190624-1,KCCX20190624_090712_V06,0,0.483,1.200,584,0,41637.644,11,0,41534.818
KCCX20190624-1,KCCX20190624_090712_V06,2,1.494,1.200,587,0,12.664,14,0,7.893
KCCX20190624-1,KCCX20190624_090712_V06,4,2.505,1.200,588,0,44.973,9,0,8.740
KCCX20190624-3,KCCX20190624_105325_V06,0,0.483,1.200,74,0,21343.111,14,0,15288.879
KCCX20190624-3,KCCX20190624_105325_V06,2,0.879,1.200,77,0,933.883,12,0,910.544
KCCX20190624-3,KCCX20190624_105325_V06,6,1.318,1.200,74,0,25.387,2,0,24.191
KCCX20190624-3,KCCX20190624_105325_V06,10,1.802,1.200,37,0,6.667,1,0,3.374
KCCX20190624-3,KCCX20190624_105325_V06,11,2.417,1.200,37,0,14.481,1,0,9.790
KCCX20190624-3,KCCX20190624_105325_V06,12,3.120,1.200,39,0,0.059,0,0,0.059
KCCX20190624-3,KCCX20190624_105325_V06,15,3.999,1.200,38,0,0.057,0,0,0.057
KCCX20190625-2,KCCX20190625_084402_V06,0,0.483,1.200,54,0,10389.432,5,0,9301.500
KCCX20190625-2,KCCX20190625_084402_V06,2,0.879,1.200,54,0,269.047,2,0,258.592
KCCX20190625-2,KCCX20190625_084402_V06,6,1.318,1.200,53,0,41.839,1,0,41.371
KCCX20190625-2,KCCX20190625_084402_V06,10,1.802,1.200,27,0,0.040,0,0,0.040
KCCX20190625-2,KCCX20190625_084402_V06,11,2.417,1.200,27,0,0.040,0,0,0.040
KCCX20190625-2,KCCX20190625_084402_V06,12,3.120,1.200,27,0,2.384,0,0,2.384
KCCX20190625-2,KCCX20190625_084402_V06,15,3.999,1.200,28,0,0.042,0,0,0.042
KCCX20190625-2,KCCX20190625_084916_V06,0,0.483,1.200,761,0,6402.285,27,0,6356.857
KCCX20190625-2,KCCX20190625_084916_V06,2,0.879,1.200,759,0,192.648,22,0,164.476
KCCX20190625-2,KCCX20190625_084916_V06,6,1.318,1.200,762,0,184.050,12,0,51.928
KCCX20190625-2,KCCX20190625_084916_V06,10,1.802,1.200,381,0,4.536,0,0,4.536
KCCX20190625-2,KCCX20190625_084916_V06,11,2.417,1.200,383,0,9.197,0,0,9.197
KCCX20190625-2,KCCX20190625_084916_V06,12,3.120,1.200,382,0,0.572,0,0,0.572
KCCX20190625-2,KCCX20190625_084916_V06,15,3.999,1.200,382,0,0.572,0,0,0.572
KCCX20190625-16,KCCX20190625_094309_V06,0,0.483,1.200,3528,0,54076.337,1178,0,5185.745
KCCX20190625-16,KCCX20190625_094309_V06,2,0.879,1.200,3525,0,21136.703,1128,0,2711.902
KCCX20190625-16,KCCX20190625_094309_V06,6,1.318,1.200,3529,0,2850.033,668,0,582.851
KCCX20190625-16,KCCX20190625_094309_V06,10,1.802,1.200,1765,0,65.263,12,0,51.693
KCCX20190625-16,KCCX20190625_094309_V06,11,2.417,1.200,1769,0,8.550,1,0,8.342
KCCX20190625-16,KCCX20190625_094309_V06,12,3.120,1.200,1770,0,13.718,0,0,13.718
KCCX20190625-16,KCCX20190625_094309_V06,15,3.999,1.200,1769,0,10.459,3,0,6.483
KCCX20190625-16,KCCX20190625_094309_V06,16,5.098,1.200,1770,0,5.078,0,0,5.078
KCCX20190625-16,KCCX20190625_094823_V06,0,0.483,1.200,6878,0,24203.851,1495,0,5325.231
KCCX20190625-16,KCCX20190625_094823_V06,2,0.879,1.200,6881,0,10005.965,1377,0,1666.578
KCCX20190625-16,KCCX20190625_094823_V06,6,1.318,1.200,6886,0,1628.735,687,0,654.831
KCCX20190625-16,KCCX20190625_094823_V06,10,1.802,1.200,3447,0,39.558,7,0,35.286
KCCX20190625-16,KCCX20190625_094823_V06,11,2.417,1.200,3446,0,23.307,3,0,20.308
KCCX20190625-16,KCCX20190625_094823_V06,12,3.120,1.200,3447,0,31.324,6,0,26.391
KCCX20190625-16,KCCX20190625_094823_V06,15,3.999,1.200,3450,0,25.830,5,0,21.380
KCCX20190625-16,KCCX20190625_094823_V06,16,5.098,1.200,3456,0,21.101,1,0,18.281
KCCX20190625-1,KCCX20190625_084402_V06,0,0.483,1.200,64,0,17433.331,4,0,17412.659
KCCX20190625-1,KCCX20190625_084402_V06,2,0.879,1.200,63,0,350.006,17,0,289.851
KCCX20190625-1,KCCX20190625_084402_V06,6,1.318,1.200,65,0,200.834,3,0,154.161
KCCX20190625-1,KCCX20190625_084402_V06,10,1.802,1.200,32,0,0.059,0,0,0.059
KCCX20190625-1,KCCX20190625_084402_V06,11,2.417,1.200,32,0,0.059,0,0,0.059
KCCX20190625-1,KCCX20190625_084402_V06,12,3.120,1.200,31,0,0.057,0,0,0.057
KCCX20190625-1,KCCX20190625_084402_V06,15,3.999,1.200,30,0,0.056,0,0,0.056
KCCX20190625-10,KCCX20190625_092658_V06,0,0.483,1.200,64,0,3261.814,14,0,3087.836
KCCX20190625-10,KCCX20190625_092658_V06,2,0.879,1.200,64,0,281.002,23,0,233.931
KCCX20190625-10,KCCX20190625_092658_V06,6,1.318,1.200,65,0,261.801,15,0,145.081
KCCX20190625-10,KCCX20190625_092658_V06,10,1.802,1.200,33,0,0.061,0,0,0.061
KCCX20190625-10,KCCX20190625_092658_V06,11,2.417,1.200,33,0,0.061,0,0,0.061
KCCX20190625-10,KCCX20190625_092658_V06,12,3.120,1.200,31,0,0.057,0,0,0.057
KCCX20190625-10,KCCX20190625_092658_V06,15,3.999,1.200,33,0,0.061,0,0,0.061
KCCX20190625-17,KCCX20190625_094823_V06,0,0.483,1.200,63,0,11198.481,2,0,10646.679
KCCX20190625-17,KCCX20190625_094823_V06,2,0.879,1.200,64,0,339.893,4,0,334.887
KCCX20190625-17,KCCX20190625_094823_V06,6,1.318,1.200,64,0,348.169,13,0,75.962
KCCX20190625-17,KCCX20190625_094823_V06,10,1.802,1.200,31,0,11.250,1,0,6.637
KCCX20190625-17,KCCX20190625_094823_V06,11,2.417,1.200,30,0,0.045,0,0,0.045
KCCX20190625-17,KCCX20190625_094823_V06,12,3.120,1.200,32,0,0.048,0,0,0.048
KCCX20190625-17,KCCX20190625_094823_V06,15,3.999,1.200,32,0,0.048,0,0,0.048
KCCX20190625-18,KCCX20190625_094823_V06,0,0.483,1.200,1255,0,4163.059,287,0,1609.790
KCCX20190625-18,KCCX20190625_094823_V06,2,0.879,1.200,1250,0,1098.428,121,0,672.578
KCCX20190625-18,KCCX20190625_094823_V06,6,1.318,1.200,1253,0,42.852,16,0,25.623
KCCX20190625-18,KCCX20190625_094823_V06,10,1.802,1.200,631,0,7.311,0,0,7.311
KCCX20190625-18,KCCX20190625_094823_V06,11,2.417,1.200,629,0,14.446,2,0,6.038
KCCX20190625-18,KCCX20190625_094823_V06,12,3.120,1.200,624,0,0.901,0,0,0.901
KCCX20190625-18,KCCX20190625_094823_V06,15,3.999,1.200,631,0,0.914,0,0,0.914
KCCX20190625-20,KCCX20190625_100346_V06,0,0.483,1.200,56,0,9694.570,3,0,9684.577
KCCX20190625-20,KCCX20190625_100346_V06,2,0.879,1.200,57,0,216.196,4,0,211.306
KCCX20190625-20,KCCX20190625_100346_V06,6,1.318,1.200,56,0,45.579,4,0,18.197
KCCX20190625-20,KCCX20190625_100346_V06,10,1.802,1.200,28,0,0.052,0,0,0.052
KCCX20190625-20,KCCX20190625_100346_V06,11,2.417,1.200,28,0,0.053,0,0,0.053
KCCX20190625-20,KCCX20190625_100346_V06,12,3.120,1.200,28,0,0.053,0,0,0.053
KCCX20190625-20,KCCX20190625_100346_V06,15,3.999,1.200,29,0,0.055,0,0,0.055
KCCX20190625-21,KCCX20190625_100852_V06,0,0.483,1.200,61,0,7495.608,5,0,7490.772
KCCX20190625-21,KCCX20190625_100852_V06,2,0.879,1.200,62,0,99.139,1,0,98.236
KCCX20190625-21,KCCX20190625_100852_V06,6,1.318,1.200,62,0,90.193,13,0,8.150
KCCX20190625-21,KCCX20190625_100852_V06,10,1.802,1.200,29,0,17.638,1,0,12.947
KCCX20190625-21,KCCX20190625_100852_V06,11,2.417,1.200,30,0,4.089,0,0,4.089
KCCX20190625-21,KCCX20190625_100852_V06,12,3.120,1.200,30,0,0.045,0,0,0.045
KCCX20190625-21,KCCX20190625_100852_V06,15,3.999,1.200,31,0,0.047,0,0,0.047
KCCX20190625-22,KCCX20190625_100852_V06,0,0.483,1.200,1507,0,4785.459,261,0,1427.397
KCCX20190625-22,KCCX20190625_100852_V06,2,0.879,1.200,1505,0,1479.687,196,0,494.607
KCCX20190625-22,KCCX20190625_100852_V06,6,1.318,1.200,1505,0,213.371,37,0,153.499
KCCX20190625-22,KCCX20190625_100852_V06,10,1.802,1.200,750,0,6.626,0,0,6.626
KCCX20190625-22,KCCX20190625_100852_V06,11,2.417,1.200,754,0,6.142,0,0,6.142
KCCX20190625-22,KCCX20190625_100852_V06,12,3.120,1.200,753,0,11.739,0,0,11.739
KCCX20190625-22,KCCX20190625_100852_V06,15,3.999,1.200,754,0,1.208,0,0,1.208
KCCX20190625-23,KCCX20190625_102411_V06,0,0.483,1.200,64,0,27817.151,4,0,27813.955
KCCX20190625-23,KCCX20190625_102411_V06,2,0.879,1.200,63,0,138.238,19,0,100.389
KCCX20190625-23,KCCX20190625_102411_V06,6,1.318,1.200,64,0,149.966,26,0,44.781
KCCX20190625-23,KCCX20190625_102411_V06,10,1.802,1.200,30,0,2.824,0,0,2.824
KCCX20190625-23,KCCX20190625_102411_V06,11,2.417,1.200,31,0,26.793,2,0,7.290
KCCX20190625-23,KCCX20190625_102411_V06,12,3.120,1.200,32,0,0.049,0,0,0.049
KCCX20190625-23,KCCX20190625_102411_V06,15,3.999,1.200,32,0,0.049,0,0,0.049
KCCX20190625-24,KCCX20190625_103940_V06,0,0.483,1.200,4313,0,22869.035,512,0,2085.498
KCCX20190625-24,KCCX20190625_103940_V06,2,0.879,1.200,4316,0,351.654,35,0,113.391
KCCX20190625-24,KCCX20190625_103940_V06,6,1.318,1.200,4320,0,8.574,0,0,8.574
KCCX20190625-24,KCCX20190625_103940_V06,10,1.802,1.200,2159,0,8.580,0,0,8.580
KCCX20190625-24,KCCX20190625_103940_V06,11,2.417,1.200,2160,0,8.588,0,0,8.588
KCCX20190625-28,KCCX20190625_110052_V06,0,0.483,1.200,57,0,7220.606,1,0,7219.540
KCCX20190625-28,KCCX20190625_110052_V06,2,0.879,1.200,57,0,131.426,1,0,130.289
KCCX20190625-28,KCCX20190625_110052_V06,6,1.318,1.200,57,0,141.806,6,0,23.719
KCCX20190625-28,KCCX20190625_110052_V06,10,1.802,1.200,29,0,3.895,0,0,3.895
KCCX20190625-28,KCCX20190625_110052_V06,11,2.417,1.200,29,0,0.044,0,0,0.044
KCCX20190625-28,KCCX20190625_110052_V06,12,3.120,1.200,28,0,0.042,0,0,0.042
KCCX20190625-28,KCCX20190625_110052_V06,15,3.999,1.200,29,0,0.044,0,0,0.044
KCCX20190626-1,KCCX20190626_085009_V06,0,0.483,1.200,459,6,501708.266,2,6,501707.874
KCCX20190626-1,KCCX20190626_085009_V06,2,1.494,1.200,463,0,195.280,16,0,88.897
KCCX20190626-1,KCCX20190626_085009_V06,4,2.505,1.200,460,0,45.999,12,0,41.867
KCCX20190626-4,KCCX20190626_094754_V06,0,0.483,1.200,2349,0,237683.658,143,0,237636.519
KCCX20190626-4,KCCX20190626_094754_V06,2,1.494,1.200,2348,0,63.964,22,0,60.157
KCCX20190626-4,KCCX20190626_094754_V06,4,2.505,1.200,2356,0,56.021,19,0,48.447
KCCX20190627-1,KCCX20190627_084231_V06,0,0.483,1.200,371,0,205970.180,0,0,205970.180
KCCX20190627-1,KCCX20190627_084231_V06,2,1.494,1.200,369,0,26.649,11,0,23.084
KCCX20190627-1,KCCX20190627_084231_V06,4,2.505,1.200,365,0,21.938,17,0,13.625
KCCX20190627-1,KCCX20190627_090146_V06,0,0.483,1.200,1598,2,113440.674,138,2,111990.029
KCCX20190627-1,KCCX20190627_090146_V06,2,1.494,1.200,1597,0,58.558,44,0,43.622
KCCX20190627-1,KCCX20190627_090146_V06,4,2.505,1.200,1599,0,33.385,40,0,23.391
KCCX20190627-3,KCCX20190627_101857_V06,0,0.483,1.200,13510,0,2374.079,827,0,1541.493
KCCX20190627-3,KCCX20190627_101857_V06,2,1.494,1.200,13527,0,562.275,217,0,92.966
KCCX20190627-4,KCCX20190627_103815_V06,0,0.483,1.200,18654,0,2457.716,878,0,1475.416
KCCX20190627-4,KCCX20190627_103815_V06,2,1.494,1.200,18662,0,507.458,369,0,265.302
KCCX20190628-1,KCCX20190628_090702_V06,0,0.483,1.200,477,0,202115.219,12,0,202108.367
KCCX20190628-1,KCCX20190628_090702_V06,2,1.494,1.200,476,0,132.265,8,0,54.208
KCCX20190628-1,KCCX20190628_090702_V06,4,2.505,1.200,477,0,31.041,15,0,25.586
KCCX20190628-3,KCCX20190628_100450_V06,0,0.483,1.200,54735,0,102708.430,1800,0,98759.265
KCCX20190628-3,KCCX20190628_100450_V06,2,1.494,1.200,54765,0,10289.989,4046,0,9246.788
KCCX20190628-3,KCCX20190628_100450_V06,4,2.505,1.200,54805,0,2841.938,4076,0,2236.616
KCCX20190628-3,KCCX20190628_100450_V06,6,3.516,1.200,27445,0,913.329,2563,0,575.268
KCCX20190628-3,KCCX20190628_100450_V06,7,4.482,1.200,27482,0,495.439,2654,0,261.198
KCCX20190628-4,KCCX20190628_101428_V06,0,0.483,1.200,2016,0,140800.147,150,0,140694.229
KCCX20190628-4,KCCX20190628_101428_V06,2,1.494,1.200,2025,0,107.139,26,0,100.120
KCCX20190628-4,KCCX20190628_101428_V06,4,2.505,1.200,2021,0,56.992,34,0,42.862
KCCX20190629-13,KCCX20190629_094539_V06,0,0.483,1.200,26743,5,1041671.277,5879,4,177614.634
KCCX20190629-13,KCCX20190629_094539_V06,2,0.879,1.200,26764,0,1113405.012,5418,0,66525.973
KCCX20190629-13,KCCX20190629_094539_V06,6,1.318,1.200,26762,0,1248359.260,4468,0,22645.276
KCCX20190629-13,KCCX20190629_094539_V06,8,1.802,1.200,13351,1,1402768.990,2159,0,6961.848
KCCX20190629-13,KCCX20190629_094539_V06,9,2.417,1.200,13349,3,1883668.788,2291,0,59455.703
KCCX20190629-13,KCCX20190629_094539_V06,12,3.120,1.200,13364,71,3156793.725,2060,10,672254.511
KCCX20190629-13,KCCX20190629_094539_V06,13,3.999,1.200,13377,29,2581081.443,2226,0,348220.036
KCCX20190629-13,KCCX20190629_095235_V06,0,0.483,1.200,42620,8,1504098.885,7938,6,291528.483
KCCX20190629-13,KCCX20190629_095235_V06,2,0.879,1.200,42621,3,1852392.615,6504,0,211947.007
KCCX20190629-13,KCCX20190629_095235_V06,6,1.318,1.200,42638,2,2042006.889,6034,0,35131.425
KCCX20190629-13,KCCX20190629_095235_V06,8,1.802,1.200,21314,1,2073906.857,2695,0,14968.000
KCCX20190629-13,KCCX20190629_095235_V06,9,2.417,1.200,21327,5,2404847.499,2689,0,89446.362
KCCX20190629-13,KCCX20190629_095235_V06,12,3.120,1.200,21343,42,2982442.110,2502,2,554009.269
KCCX20190629-13,KCCX20190629_095235_V06,13,3.999,1.200,21364,38,2907781.692,2772,1,343824.328
KCCX20190629-13,KCCX20190629_100529_V06,0,0.483,1.200,39997,3,1405011.806,7547,1,296795.808
KCCX20190629-13,KCCX20190629_100529_V06,2,0.879,1.200,40006,0,1496827.505,7569,0,281794.276
KCCX20190629-13,KCCX20190629_100529_V06,6,1.318,1.200,40011,0,1409921.430,8078,0,16394.248
KCCX20190629-13,KCCX20190629_100529_V06,8,1.802,1.200,20011,0,1425195.035,2987,0,7093.389
KCCX20190629-13,KCCX20190629_100529_V06,9,2.417,1.200,20018,0,1417315.709,3134,0,28525.480
KCCX20190629-13,KCCX20190629_100529_V06,12,3.120,1.200,20033,8,2245647.827,3131,0,169613.136
KCCX20190629-13,KCCX20190629_100529_V06,13,3.999,1.200,20054,6,1876320.762,3124,0,183950.877
KCCX20190629-13,KCCX20190629_100529_V06,14,5.098,1.200,20089,42,1458185.384,3202,0,183582.662
KCCX20190629-13,KCCX20190629_101126_V06,0,0.483,1.200,39938,0,1133026.626,7849,0,72584.469
KCCX20190629-13,KCCX20190629_101126_V06,2,0.879,1.200,39941,0,1130278.264,8008,0,49169.392
KCCX20190629-13,KCCX20190629_101126_V06,6,1.318,1.200,39948,0,1231793.167,8361,0,15155.809
KCCX20190629-13,KCCX20190629_101126_V06,8,1.802,1.200,19989,0,1156354.358,2926,0,8649.446
KCCX20190629-13,KCCX20190629_101126_V06,9,2.417,1.200,19992,0,1110982.186,3111,0,15581.129
KCCX20190629-13,KCCX20190629_101126_V06,12,3.120,1.200,20007,1,1508366.980,3154,0,60719.835
KCCX20190629-13,KCCX20190629_101126_V06,13,3.999,1.200,20029,5,1388933.567,2945,0,171988.566
KCCX20190629-13,KCCX20190629_101126_V06,14,5.098,1.200,20054,52,1202675.794,2956,4,178347.218
KCCX20190629-13,KCCX20190629_101657_V06,0,0.483,1.200,57683,0,912324.806,10068,0,50220.644
KCCX20190629-13,KCCX20190629_101657_V06,2,0.879,1.200,57704,2,1112765.855,9806,0,63649.192
KCCX20190629-13,KCCX20190629_101657_V06,6,1.318,1.200,57713,4,1313893.197,9514,0,34240.788
KCCX20190629-13,KCCX20190629_101657_V06,8,1.802,1.200,28865,1,971727.088,3016,0,13945.230
KCCX20190629-13,KCCX20190629_101657_V06,11,2.417,1.200,28885,0,784433.163,2993,0,21365.953
KCCX20190629-13,KCCX20190629_101657_V06,12,3.120,1.200,28907,3,1124449.780,2958,0,29210.443
KCCX20190629-13,KCCX20190629_101657_V06,13,3.999,1.200,28922,2,985936.469,2882,0,89982.989
KCCX20190629-13,KCCX20190629_101657_V06,14,5.098,1.200,28981,17,994138.956,2676,2,130801.957
KCCX20190629-13,KCCX20190629_102213_V06,0,0.483,1.200,53467,1,994820.616,8392,0,62391.691
KCCX20190629-13,KCCX20190629_102213_V06,2,0.879,1.200,53479,0,1077144.931,7868,0,107682.819
KCCX20190629-13,KCCX20190629_102213_V06,6,1.318,1.200,53489,1,1122417.683,7886,0,43451.578
KCCX20190629-13,KCCX20190629_102213_V06,10,1.802,1.200,26760,0,677781.413,2364,0,17602.475
KCCX20190629-13,KCCX20190629_102213_V06,11,2.417,1.200,26773,0,518553.249,2552,0,15923.430
KCCX20190629-13,KCCX20190629_102213_V06,12,3.120,1.200,26788,0,716232.138,2513,0,27257.594
KCCX20190629-13,KCCX20190629_102213_V06,13,3.999,1.200,26824,1,457487.077,2384,0,49102.222
KCCX20190629-13,KCCX20190629_102213_V06,16,5.098,1.200,26868,6,485971.781,2199,0,33469.642
KCCX20190629-13,KCCX20190629_102730_V06,0,0.483,1.200,63829,23,2323903.299,9093,0,110956.021
KCCX20190629-13,KCCX20190629_102730_V06,2,0.879,1.200,63843,21,1957105.320,8624,0,129273.789
KCCX20190629-13,KCCX20190629_102730_V06,6,1.318,1.200,63847,12,2025925.321,8158,0,42442.561
KCCX20190629-13,KCCX20190629_102730_V06,10,1.802,1.200,31932,4,1453937.661,3080,0,67651.700
KCCX20190629-13,KCCX20190629_102730_V06,11,2.417,1.200,31950,0,834015.412,2986,0,18915.856
KCCX20190629-13,KCCX20190629_102730_V06,12,3.120,1.200,31973,0,520199.164,2303,0,20277.792
KCCX20190629-13,KCCX20190629_102730_V06,13,3.999,1.200,32020,0,213259.258,1995,0,22447.165
KCCX20190629-13,KCCX20190629_102730_V06,16,5.098,1.200,32064,0,172687.422,1869,0,9493.839
KCCX20190629-1,KCCX20190629_084601_V06,0,0.483,1.200,250,1,20628.335,27,1,16452.304
KCCX20190629-1,KCCX20190629_084601_V06,2,0.879,1.200,248,0,462.201,8,0,417.925
KCCX20190629-1,KCCX20190629_084601_V06,6,1.318,1.200,249,0,315.690,11,0,133.734
KCCX20190629-1,KCCX20190629_084601_V06,8,1.802,1.200,122,0,29.728,2,0,21.003
KCCX20190629-1,KCCX20190629_084601_V06,11,2.417,1.200,123,0,30.295,5,0,18.019
KCCX20190629-1,KCCX20190629_084601_V06,12,3.120,1.200,123,0,0.230,0,0,0.230
KCCX20190629-1,KCCX20190629_084601_V06,13,3.999,1.200,123,0,0.231,0,0,0.231
KCCX20190629-1,KCCX20190629_090546_V06,0,0.483,1.200,1208,0,11920.752,64,0,11675.810
KCCX20190629-1,KCCX20190629_090546_V06,2,0.879,1.200,1206,0,2133.564,27,0,1755.954
KCCX20190629-1,KCCX20190629_090546_V06,6,1.318,1.200,1209,0,660.981,36,0,415.068
KCCX20190629-1,KCCX20190629_090546_V06,8,1.802,1.200,602,0,16.638,2,0,10.411
KCCX20190629-1,KCCX20190629_090546_V06,9,2.417,1.200,602,0,16.359,0,0,16.359
KCCX20190629-1,KCCX20190629_090546_V06,12,3.120,1.200,602,0,4.933,0,0,4.933
KCCX20190629-1,KCCX20190629_090546_V06,13,3.999,1.200,605,0,1.135,0,0,1.135
KCCX20190629-16,KCCX20190629_102213_V06,0,0.483,1.200,74,0,10348.465,14,0,5639.715
KCCX20190629-16,KCCX20190629_102213_V06,2,0.879,1.200,73,0,694.932,5,0,581.281
KCCX20190629-16,KCCX20190629_102213_V06,6,1.318,1.200,74,0,155.384,1,0,153.777
KCCX20190629-16,KCCX20190629_102213_V06,10,1.802,1.200,37,0,0.069,0,0,0.069
KCCX20190629-16,KCCX20190629_102213_V06,11,2.417,1.200,37,0,215.783,2,0,5.431
KCCX20190629-16,KCCX20190629_102213_V06,12,3.120,1.200,38,0,0.071,0,0,0.071
KCCX20190629-16,KCCX20190629_102213_V06,13,3.999,1.200,38,0,0.072,0,0,0.072
KCCX20190629-16,KCCX20190629_102730_V06,0,0.483,1.200,904,3,57516.638,110,0,20216.615
KCCX20190629-16,KCCX20190629_102730_V06,2,0.879,1.200,900,0,984.221,42,0,897.511
KCCX20190629-16,KCCX20190629_102730_V06,6,1.318,1.200,901,0,445.346,28,0,331.687
KCCX20190629-16,KCCX20190629_102730_V06,10,1.802,1.200,451,0,29.756,1,0,27.163
KCCX20190629-16,KCCX20190629_102730_V06,11,2.417,1.200,448,0,43.118,1,0,34.981
KCCX20190629-16,KCCX20190629_102730_V06,12,3.120,1.200,450,0,18.127,0,0,18.127
KCCX20190629-16,KCCX20190629_102730_V06,13,3.999,1.200,455,0,200.873,12,0,45.621
KCCX20190629-4,KCCX20190629_084601_V06,0,0.483,1.200,58,0,4336.837,2,0,4335.767
KCCX20190629-4,KCCX20190629_084601_V06,2,0.879,1.200,57,0,238.366,6,0,232.501
KCCX20190629-4,KCCX20190629_084601_V06,6,1.318,1.200,57,0,32.100,4,0,23.236
KCCX20190629-4,KCCX20190629_084601_V06,8,1.802,1.200,30,0,4.368,0,0,4.368
KCCX20190629-4,KCCX20190629_084601_V06,11,2.417,1.200,29,0,0.043,0,0,0.043
KCCX20190629-4,KCCX20190629_084601_V06,12,3.120,1.200,29,0,0.043,0,0,0.043
KCCX20190629-4,KCCX20190629_084601_V06,13,3.999,1.200,29,0,0.043,0,0,0.043
KCCX20190629-12,KCCX20190629_093846_V06,0,0.483,1.200,65,0,25072.573,1,0,25070.447
KCCX20190629-12,KCCX20190629_093846_V06,2,0.879,1.200,65,0,2364.080,3,0,690.131
KCCX20190629-12,KCCX20190629_093846_V06,6,1.318,1.200,65,0,3.881,3,0,1.726
KCCX20190629-12,KCCX20190629_093846_V06,8,1.802,1.200,34,0,0.051,0,0,0.051
KCCX20190629-12,KCCX20190629_093846_V06,9,2.417,1.200,33,0,0.050,0,0,0.050
KCCX20190629-12,KCCX20190629_093846_V06,12,3.120,1.200,33,0,0.050,0,0,0.050
KCCX20190629-12,KCCX20190629_093846_V06,13,3.999,1.200,33,0,0.050,0,0,0.050
KCCX20190629-19,KCCX20190629_110050_V06,0,0.483,1.200,10748,0,19293.316,1592,0,6089.312
KCCX20190629-19,KCCX20190629_110050_V06,2,0.879,1.200,10758,0,21337.002,1734,0,5739.654
KCCX20190629-19,KCCX20190629_110050_V06,6,1.318,1.200,10760,0,28450.547,1757,0,2242.936
KCCX20190629-19,KCCX20190629_110050_V06,10,1.802,1.200,5381,0,62932.011,602,0,7789.347
KCCX20190629-19,KCCX20190629_110050_V06,11,2.417,1.200,5383,0,184585.776,663,0,14011.368
KCCX20190629-19,KCCX20190629_110050_V06,12,3.120,1.200,5383,0,65583.795,760,0,3787.184
KCCX20190629-19,KCCX20190629_110050_V06,15,3.999,1.200,5391,0,6036.077,590,0,570.427
KCCX20190629-19,KCCX20190629_110050_V06,16,5.098,1.200,5403,0,246.721,94,0,61.098
KCCX20190630-15,KCCX20190630_103438_V06,0,0.483,1.200,48,1,17191.585,2,1,10727.298
KCCX20190630-15,KCCX20190630_103438_V06,2,0.879,1.200,48,0,122.361,2,0,115.654
KCCX20190630-15,KCCX20190630_103438_V06,4,1.318,1.200,49,0,529.819,8,0,203.676
KCCX20190630-15,KCCX20190630_103438_V06,8,1.802,1.200,25,0,0.047,0,0,0.047
KCCX20190630-15,KCCX20190630_103438_V06,9,2.417,1.200,25,0,0.047,0,0,0.047
KCCX20190630-15,KCCX20190630_103438_V06,10,3.120,1.200,24,0,0.045,0,0,0.045
KCCX20190630-15,KCCX20190630_103438_V06,13,3.999,1.200,25,0,0.047,0,0,0.047
KCCX20190630-15,KCCX20190630_103924_V06,0,0.483,1.200,635,0,43707.638,68,0,30884.487
KCCX20190630-15,KCCX20190630_103924_V06,2,0.879,1.200,633,0,9314.795,26,0,8804.925
KCCX20190630-15,KCCX20190630_103924_V06,6,1.318,1.200,632,0,343.165,34,0,227.916
KCCX20190630-15,KCCX20190630_103924_V06,10,1.802,1.200,316,0,19.570,0,0,19.570
KCCX20190630-15,KCCX20190630_103924_V06,11,2.417,1.200,318,0,22.607,0,0,22.607
KCCX20190630-15,KCCX20190630_103924_V06,12,3.120,1.200,320,0,21.066,0,0,21.066
KCCX20190630-15,KCCX20190630_103924_V06,15,3.999,1.200,317,0,12.532,0,0,12.532
KCCX20190630-3,KCCX20190630_084455_V06,0,0.483,1.200,60,0,29226.031,4,0,29220.233
KCCX20190630-3,KCCX20190630_084455_V06,2,0.879,1.200,60,0,1466.119,3,0,1463.181
KCCX20190630-3,KCCX20190630_084455_V06,6,1.318,1.200,61,0,81.312,4,0,72.190
KCCX20190630-3,KCCX20190630_084455_V06,10,1.802,1.200,29,0,0.044,0,0,0.044
KCCX20190630-3,KCCX20190630_084455_V06,11,2.417,1.200,29,0,5.160,0,0,5.160
KCCX20190630-3,KCCX20190630_084455_V06,12,3.120,1.200,29,0,0.044,0,0,0.044
KCCX20190630-3,KCCX20190630_084455_V06,15,3.999,1.200,30,0,0.045,0,0,0.045
KCCX20190630-7,KCCX20190630_092522_V06,0,0.483,1.200,855,4,218392.875,226,2,217866.920
KCCX20190630-7,KCCX20190630_092522_V06,2,1.494,1.200,853,0,56.028,11,0,47.534
KCCX20190630-7,KCCX20190630_092522_V06,4,2.505,1.200,854,0,44.252,15,0,26.023
KCCX20190630-10,KCCX20190630_092522_V06,0,0.483,1.200,37415,0,774.158,4554,0,679.166
KCCX20190630-10,KCCX20190630_092522_V06,2,1.494,1.200,37431,0,174.923,9135,0,106.756
KCCX20190630-10,KCCX20190630_092522_V06,4,2.505,1.200,37467,0,66.525,9631,0,41.238
KCCX20190630-10,KCCX20190630_092522_V06,6,3.516,1.200,18746,0,38.168,3943,0,23.928
KCCX20190630-10,KCCX20190630_092522_V06,7,4.482,1.200,18771,0,26.890,3782,0,17.430
KCCX20190630-11,KCCX20190630_093500_V06,0,0.483,1.200,9018,0,1116.352,1823,0,636.664
KCCX20190630-11,KCCX20190630_093500_V06,2,1.494,1.200,9027,0,48.579,66,0,41.342
KCCX20190630-11,KCCX20190630_093500_V06,4,2.505,1.200,9041,0,28.303,44,0,24.486
KCCX20190630-11,KCCX20190630_093500_V06,6,3.516,1.200,4520,0,33.745,57,0,21.475
KCCX20190630-11,KCCX20190630_094439_V06,0,0.483,1.200,7085,0,1621.884,1414,0,1243.137
KCCX20190630-11,KCCX20190630_094439_V06,2,1.494,1.200,7088,0,38.568,42,0,32.781
KCCX20190630-11,KCCX20190630_094439_V06,4,2.505,1.200,7095,0,30.716,92,0,20.842
KCCX20190630-11,KCCX20190630_094439_V06,6,3.516,1.200,3555,0,21.480,42,0,13.744
KCCX20190630-13,KCCX20190630_094439_V06,0,0.483,1.200,8336,0,1026.728,1240,0,680.060
KCCX20190630-13,KCCX20190630_094439_V06,2,1.494,1.200,8339,0,660.567,106,0,28.524
KCCX20190630-13,KCCX20190630_094439_V06,4,2.505,1.200,8348,0,18.407,18,0,17.294
KCCX20190630-13,KCCX20190630_094439_V06,6,3.516,1.200,4178,0,15.544,4,0,14.988
KCCX20190630-14,KCCX20190630_095428_V06,0,0.483,1.200,46,1,36335.696,0,1,36335.696
KCCX20190630-14,KCCX20190630_095428_V06,2,0.879,1.200,46,0,12088.649,4,0,12081.986
KCCX20190630-14,KCCX20190630_095428_V06,4,1.318,1.200,45,0,81.225,3,0,73.389
KCCX20190630-14,KCCX20190630_095428_V06,8,1.802,1.200,24,0,4.520,0,0,4.520
KCCX20190630-14,KCCX20190630_095428_V06,9,2.417,1.200,23,0,0.042,0,0,0.042
KCCX20190630-14,KCCX20190630_095428_V06,10,3.120,1.200,22,0,0.040,0,0,0.040
KCCX20190630-14,KCCX20190630_095428_V06,13,3.999,1.200,23,0,0.042,0,0,0.042
KCCX20190630-17,KCCX20190630_110015_V06,0,0.483,1.200,470,22,34753.516,27,22,34740.571
KCCX20190630-17,KCCX20190630_110015_V06,2,0.879,1.200,471,0,5527.551,31,0,5523.633
KCCX20190630-17,KCCX20190630_110015_V06,6,1.318,1.200,472,0,381.109,21,0,349.642
KCCX20190630-17,KCCX20190630_110015_V06,10,1.802,1.200,236,0,2.854,3,0,1.818
KCCX20190630-17,KCCX20190630_110015_V06,11,2.417,1.200,235,0,0.784,0,0,0.784
KCCX20190630-17,KCCX20190630_110015_V06,12,3.120,1.200,234,0,0.909,0,0,0.909
KCCX20190630-17,KCCX20190630_110015_V06,15,3.999,1.200,236,0,0.687,0,0,0.687
KCCX20190630-17,KCCX20190630_110015_V06,16,5.098,1.200,236,0,0.622,0,0,0.622
KCCX20190630-17,KCCX20190630_110015_V06,17,6.416,1.200,239,0,0.739,0,0,0.739
KCCX20190701-1,KCCX20190701_091405_V06,0,0.483,1.200,601,2,318065.278,62,0,192794.046
KCCX20190701-1,KCCX20190701_091405_V06,2,1.494,1.200,603,0,28.482,22,0,18.332
KCCX20190701-1,KCCX20190701_091405_V06,4,2.505,1.200,603,0,50.221,19,0,39.386
KCCX20190702-4,KCCX20190702_102435_V06,0,0.483,1.200,2034,0,116033.231,601,0,37454.289
KCCX20190702-4,KCCX20190702_102435_V06,2,0.879,1.200,2038,0,106963.821,561,0,40978.504
KCCX20190702-4,KCCX20190702_102435_V06,6,1.318,1.200,2037,0,15562.667,236,0,4806.246
KCCX20190702-4,KCCX20190702_102938_V06,0,0.483,1.200,3134,0,153194.928,792,0,50430.776
KCCX20190702-4,KCCX20190702_102938_V06,2,0.879,1.200,3137,0,139444.268,731,0,53816.855
KCCX20190702-4,KCCX20190702_102938_V06,6,1.318,1.200,3133,0,17499.587,243,0,6706.612
KCCX20190702-5,KCCX20190702_103442_V06,0,0.483,1.200,2085,0,165573.207,348,0,89597.021
KCCX20190702-5,KCCX20190702_103442_V06,2,0.879,1.200,2094,0,141877.711,347,0,89050.315
KCCX20190702-5,KCCX20190702_103442_V06,6,1.318,1.200,2093,0,7379.086,82,0,3727.898
KCCX20190702-5,KCCX20190702_103945_V06,0,0.483,1.200,3359,0,111177.447,498,0,31579.564
KCCX20190702-5,KCCX20190702_103945_V06,2,0.879,1.200,3353,0,67032.635,356,0,39607.915
KCCX20190702-5,KCCX20190702_103945_V06,6,1.318,1.200,3358,0,3658.966,54,0,1416.415
KCCX20190702-1,KCCX20190702_091257_V06,0,0.483,1.200,550,0,12.506,50,0,9.544
KCCX20190702-1,KCCX20190702_091257_V06,2,1.494,1.200,548,0,0.447,0,0,0.447
KCCX20190702-1,KCCX20190702_091257_V06,4,2.505,1.200,547,0,0.446,0,0,0.446
KCCX20190702-1,KCCX20190702_091257_V06,6,3.516,1.200,272,0,0.445,0,0,0.445
KCCX20190702-3,KCCX20190702_100409_V06,0,0.483,1.200,1382,6,9803.247,132,5,8036.852
KCCX20190702-3,KCCX20190702_100409_V06,2,0.879,1.200,1375,0,2097.240,155,0,226.637
KCCX20190702-3,KCCX20190702_100409_V06,6,1.318,1.200,1385,0,506.277,215,0,56.582
KCCX20190702-3,KCCX20190702_100409_V06,10,1.802,1.200,688,0,709.726,105,0,26.123
KCCX20190702-3,KCCX20190702_100409_V06,11,2.417,1.200,691,0,3292.162,111,0,7.598
KCCX20190702-3,KCCX20190702_100409_V06,12,3.120,1.200,694,0,1731.118,106,0,11.442
KCCX20190702-3,KCCX20190702_100409_V06,15,3.999,1.200,694,0,1983.964,147,0,21.634
KCCX20190702-3,KCCX20190702_100409_V06,16,5.098,1.200,694,0,3333.363,47,0,6.192
KCCX20190702-3,KCCX20190702_100409_V06,17,6.416,1.200,694,0,46.802,26,0,2.571
KCCX20190702-7,KCCX20190702_110503_V06,0,0.483,1.200,69,0,6637.503,3,0,6486.561
KCCX20190702-7,KCCX20190702_110503_V06,2,0.879,1.200,70,0,54.176,4,0,48.228
KCCX20190702-7,KCCX20190702_110503_V06,6,1.318,1.200,71,0,98.314,6,0,16.214
KCCX20190702-7,KCCX20190702_110503_V06,10,1.802,1.200,34,0,0.051,0,0,0.051
KCCX20190702-7,KCCX20190702_110503_V06,11,2.417,1.200,34,0,4.142,1,0,1.207
KCCX20190702-7,KCCX20190702_110503_V06,12,3.120,1.200,35,0,0.053,0,0,0.053
KCCX20190702-7,KCCX20190702_110503_V06,15,3.999,1.200,35,0,0.053,0,0,0.053
KCCX20190703-10,KCCX20190703_095010_V06,0,0.483,1.200,4366,0,11576.079,1002,0,1192.426
KCCX20190703-10,KCCX20190703_095010_V06,2,0.879,1.200,4366,0,17655.859,1076,0,11783.346
KCCX20190703-10,KCCX20190703_095010_V06,6,1.318,1.200,4366,0,11609.378,683,0,6911.461
KCCX20190703-10,KCCX20190703_095010_V06,8,1.802,1.200,2191,0,8815.887,328,0,1976.091
KCCX20190703-10,KCCX20190703_095010_V06,11,2.417,1.200,2191,0,12183.480,448,0,4210.528
KCCX20190703-10,KCCX20190703_095010_V06,12,3.120,1.200,2191,0,7510.352,467,0,1204.126
KCCX20190703-10,KCCX20190703_095010_V06,13,3.999,1.200,2189,0,13359.959,566,0,1536.418
KCCX20190703-10,KCCX20190703_095010_V06,16,5.098,1.200,2194,0,17956.168,627,0,3112.386
KCCX20190703-10,KCCX20190703_095010_V06,17,6.416,1.200,2199,0,1135.243,381,0,494.850
KCCX20190703-10,KCCX20190703_100132_V06,0,0.483,1.200,9494,0,10364.886,1656,0,2471.441
KCCX20190703-10,KCCX20190703_100132_V06,2,0.879,1.200,9497,0,8772.010,1775,0,1349.466
KCCX20190703-10,KCCX20190703_100132_V06,6,1.318,1.200,9504,0,5831.870,1606,0,3187.006
KCCX20190703-10,KCCX20190703_100132_V06,10,1.802,1.200,4760,0,4905.400,745,0,1308.735
KCCX20190703-10,KCCX20190703_100132_V06,11,2.417,1.200,4757,0,5245.105,981,0,1850.898
KCCX20190703-10,KCCX20190703_100132_V06,12,3.120,1.200,4755,0,6152.326,1107,0,1597.469
KCCX20190703-10,KCCX20190703_100132_V06,13,3.999,1.200,4766,0,12127.299,1417,0,3672.152
KCCX20190703-10,KCCX20190703_100132_V06,16,5.098,1.200,4769,0,19687.758,1351,0,6011.253
KCCX20190703-10,KCCX20190703_100132_V06,17,6.416,1.200,4779,0,4289.351,839,0,1256.298
KCCX20190703-10,KCCX20190703_100717_V06,0,0.483,1.200,7777,0,2590.368,1244,0,952.917
KCCX20190703-10,KCCX20190703_100717_V06,2,0.879,1.200,7784,0,2989.767,1516,0,698.740
KCCX20190703-10,KCCX20190703_100717_V06,6,1.318,1.200,7785,0,3255.115,1165,0,2479.971
KCCX20190703-10,KCCX20190703_100717_V06,10,1.802,1.200,3896,0,2076.357,616,0,850.746
KCCX20190703-10,KCCX20190703_100717_V06,11,2.417,1.200,3900,0,2821.547,943,0,1116.123
KCCX20190703-10,KCCX20190703_100717_V06,12,3.120,1.200,3902,0,4320.361,985,0,1536.940
KCCX20190703-10,KCCX20190703_100717_V06,13,3.999,1.200,3903,0,7862.160,1228,0,2578.690
KCCX20190703-10,KCCX20190703_100717_V06,16,5.098,1.200,3905,0,7282.965,1043,0,2292.499
KCCX20190703-10,KCCX20190703_100717_V06,17,6.416,1.200,3920,0,1730.786,564,0,736.429
KCCX20190703-15,KCCX20190703_101251_V06,0,0.483,1.200,4256,0,7462.400,556,0,176.562
KCCX20190703-15,KCCX20190703_101251_V06,2,0.879,1.200,4255,0,6461.781,509,0,149.936
KCCX20190703-15,KCCX20190703_101251_V06,6,1.318,1.200,4267,0,3793.350,455,0,50.027
KCCX20190703-15,KCCX20190703_101251_V06,10,1.802,1.200,2135,0,3166.162,145,0,30.805
KCCX20190703-15,KCCX20190703_101251_V06,11,2.417,1.200,2135,0,1871.086,129,0,50.390
KCCX20190703-15,KCCX20190703_101251_V06,12,3.120,1.200,2130,0,2237.784,133,0,11.877
KCCX20190703-15,KCCX20190703_101251_V06,15,3.999,1.200,2132,0,1677.502,130,0,177.270
KCCX20190703-15,KCCX20190703_101251_V06,16,5.098,1.200,2142,0,1899.064,79,0,330.182
KCCX20190703-15,KCCX20190703_101839_V06,0,0.483,1.200,8753,0,3521.604,678,0,320.410
KCCX20190703-15,KCCX20190703_101839_V06,2,0.879,1.200,8760,0,3038.110,609,0,241.437
KCCX20190703-15,KCCX20190703_101839_V06,6,1.318,1.200,8764,0,2691.250,463,0,228.264
KCCX20190703-15,KCCX20190703_101839_V06,10,1.802,1.200,4375,0,1710.488,152,0,77.050
KCCX20190703-15,KCCX20190703_101839_V06,11,2.417,1.200,4374,0,1136.314,157,0,35.588
KCCX20190703-15,KCCX20190703_101839_V06,12,3.120,1.200,4374,0,1213.723,152,0,32.391
KCCX20190703-15,KCCX20190703_101839_V06,15,3.999,1.200,4385,0,2022.843,162,0,29.575
KCCX20190703-15,KCCX20190703_101839_V06,16,5.098,1.200,4394,0,1252.686,77,0,192.165
KCCX20190703-15,KCCX20190703_102427_V06,0,0.483,1.200,4318,0,1289.472,379,0,171.399
KCCX20190703-15,KCCX20190703_102427_V06,2,0.879,1.200,4325,0,1051.646,388,0,233.782
KCCX20190703-15,KCCX20190703_102427_V06,6,1.318,1.200,4321,0,640.188,281,0,69.081
KCCX20190703-15,KCCX20190703_102427_V06,10,1.802,1.200,2166,0,535.228,97,0,19.172
KCCX20190703-15,KCCX20190703_102427_V06,11,2.417,1.200,2167,0,375.197,89,0,14.439
KCCX20190703-15,KCCX20190703_102427_V06,12,3.120,1.200,2166,0,740.799,92,0,45.442
KCCX20190703-15,KCCX20190703_102427_V06,15,3.999,1.200,2172,0,841.953,106,0,17.335
KCCX20190703-15,KCCX20190703_102427_V06,16,5.098,1.200,2174,0,1188.529,74,0,159.443
KCCX20190703-2,KCCX20190703_085111_V06,0,0.483,1.200,1328,0,7289.093,251,0,255.794
KCCX20190703-2,KCCX20190703_085111_V06,2,0.879,1.200,1333,0,17815.121,372,0,136.915
KCCX20190703-2,KCCX20190703_085111_V06,4,1.318,1.200,1331,0,35628.000,489,0,795.910
KCCX20190703-2,KCCX20190703_085111_V06,8,1.802,1.200,667,0,112132.612,222,0,5545.008
KCCX20190703-2,KCCX20190703_085111_V06,9,2.417,1.200,668,0,37942.307,249,0,2551.519
KCCX20190703-6,KCCX20190703_091703_V06,0,0.483,1.200,6983,0,472339.839,1620,0,56163.475
KCCX20190703-6,KCCX20190703_091703_V06,2,0.879,1.200,6991,0,564410.214,1765,0,76963.079
KCCX20190703-6,KCCX20190703_091703_V06,6,1.318,1.200,6976,0,265664.723,1449,0,33915.007
KCCX20190703-18,KCCX20190703_103617_V06,0,0.483,1.200,12213,0,18113.501,1120,0,1674.371
KCCX20190703-18,KCCX20190703_103617_V06,2,0.879,1.200,12227,0,20509.187,1289,0,872.072
KCCX20190703-18,KCCX20190703_103617_V06,6,1.318,1.200,12216,0,22475.171,1365,0,932.270
KCCX20190703-18,KCCX20190703_103617_V06,10,1.802,1.200,6113,0,19191.066,362,0,1574.407
KCCX20190703-18,KCCX20190703_103617_V06,11,2.417,1.200,6118,0,13969.173,328,0,1162.128
KCCX20190703-18,KCCX20190703_104207_V06,0,0.483,1.200,7618,0,10096.923,735,0,1223.941
KCCX20190703-18,KCCX20190703_104207_V06,2,0.879,1.200,7619,0,9359.779,768,0,461.297
KCCX20190703-18,KCCX20190703_104207_V06,6,1.318,1.200,7625,0,10365.986,773,0,387.575
KCCX20190703-18,KCCX20190703_104207_V06,10,1.802,1.200,3817,0,12007.046,221,0,1155.542
KCCX20190703-18,KCCX20190703_104207_V06,11,2.417,1.200,3820,0,21708.812,271,0,984.191
KCCX20190703-22,KCCX20190703_104207_V06,0,0.483,1.200,1422,0,15357.168,204,0,340.829
KCCX20190703-22,KCCX20190703_104207_V06,2,0.879,1.200,1421,0,4255.790,106,0,205.344
KCCX20190703-22,KCCX20190703_104207_V06,6,1.318,1.200,1373,0,207.539,25,0,63.433
KCCX20190703-22,KCCX20190703_104207_V06,10,1.802,1.200,707,0,100.030,5,0,30.722
KCCX20190703-22,KCCX20190703_104207_V06,11,2.417,1.200,706,0,756.154,18,0,71.589
KCCX20190704-10,KCCX20190704_100636_V06,0,0.483,1.200,2486,0,618348.884,892,0,33963.692
KCCX20190704-10,KCCX20190704_101613_V06,0,0.483,1.200,4363,0,290245.714,1061,0,14045.766
KCCX20190704-10,KCCX20190704_102550_V06,0,0.483,1.200,4333,0,122373.103,872,0,6789.002
KCCX20190704-10,KCCX20190704_103528_V06,0,0.483,1.200,4826,0,42230.798,782,0,1072.248
KCCX20190704-10,KCCX20190704_104506_V06,0,0.483,1.200,5198,0,15997.184,640,0,593.001
KCCX20190704-17,KCCX20190704_104506_V06,0,0.483,1.200,1530,0,82781.898,389,0,1121.055
KCCX20190704-17,KCCX20190704_104506_V06,2,1.494,1.200,1533,14,113669.422,791,0,159.625
KCCX20190704-17,KCCX20190704_104506_V06,4,2.505,1.200,1532,0,148025.785,883,0,324.349
KCCX20190704-17,KCCX20190704_104506_V06,6,3.516,1.200,767,2,307636.011,421,0,23.664
KCCX20190704-17,KCCX20190704_104506_V06,7,4.482,1.200,768,0,32220.931,395,0,18.132
KCCX20190704-17,KCCX20190704_110421_V06,0,0.483,1.200,2768,18,368581.119,716,0,2322.442
KCCX20190704-17,KCCX20190704_110421_V06,2,1.494,1.200,2770,38,394767.926,1057,0,228.347
KCCX20190704-17,KCCX20190704_110421_V06,4,2.505,1.200,2774,16,298954.194,1309,0,144.568
KCCX20190704-17,KCCX20190704_110421_V06,6,3.516,1.200,1387,0,267919.118,630,0,36.537
KCCX20190704-17,KCCX20190704_110421_V06,7,4.482,1.200,1390,0,32903.780,539,0,18.890
KCCX20190704-17,KCCX20190704_111359_V06,0,0.483,1.200,2633,14,290521.195,748,0,3562.480
KCCX20190704-17,KCCX20190704_111359_V06,2,1.494,1.200,2636,26,240240.061,1143,0,162.621
KCCX20190704-17,KCCX20190704_111359_V06,4,2.505,1.200,2630,6,236930.696,1307,0,115.999
KCCX20190704-17,KCCX20190704_111359_V06,6,3.516,1.200,1317,0,69153.198,629,0,33.534
KCCX20190704-17,KCCX20190704_111359_V06,7,4.482,1.200,1318,0,11870.782,462,0,35.154
KCCX20190704-1,KCCX20190704_090618_V06,0,0.483,1.200,657,0,8629.628,174,0,364.817
KCCX20190704-1,KCCX20190704_090618_V06,2,1.494,1.200,656,0,5843.224,360,0,99.197
KCCX20190704-1,KCCX20190704_090618_V06,4,2.505,1.200,655,0,92.973,125,0,6.104
KCCX20190704-1,KCCX20190704_090618_V06,6,3.516,1.200,338,0,0.723,0,0,0.723
KCCX20190704-4,KCCX20190704_092535_V06,0,0.483,1.200,9098,0,141.629,899,0,129.228
KCCX20190704-4,KCCX20190704_092535_V06,2,1.494,1.200,9099,0,61.894,983,0,56.005
KCCX20190704-4,KCCX20190704_092535_V06,4,2.505,1.200,9104,0,54.282,936,0,49.072
KCCX20190704-4,KCCX20190704_092535_V06,6,3.516,1.200,4558,0,53.537,606,0,44.719
KCCX20190704-4,KCCX20190704_092535_V06,7,4.482,1.200,4567,0,51.783,752,0,40.865
KCCX20190704-4,KCCX20190704_093741_V06,0,0.483,1.200,1789,0,136.949,261,0,98.607
KCCX20190704-4,KCCX20190704_093741_V06,2,1.494,1.200,1788,0,26.335,267,0,18.933
KCCX20190704-4,KCCX20190704_093741_V06,4,2.505,1.200,1788,0,14.571,225,0,12.203
KCCX20190704-4,KCCX20190704_093741_V06,6,3.516,1.200,898,0,13.170,177,0,10.627
KCCX20190704-4,KCCX20190704_093741_V06,7,4.482,1.200,896,0,7.639,168,0,6.051
KCCX20190704-11,KCCX20190704_100636_V06,0,0.483,1.200,392,0,256.409,6,0,254.774
KCCX20190704-11,KCCX20190704_100636_V06,2,1.494,1.200,392,0,4.429,8,0,3.251
KCCX20190704-11,KCCX20190704_100636_V06,4,2.505,1.200,392,0,0.796,0,0,0.796
KCCX20190704-11,KCCX20190704_100636_V06,6,3.516,1.200,197,0,0.357,0,0,0.357
KCCX20190705-3,KCCX20190705_091101_V06,0,0.483,1.200,291,0,114436.266,4,0,114435.596
KCCX20190705-3,KCCX20190705_091101_V06,2,1.494,1.200,291,0,9.692,4,0,9.025
KCCX20190705-3,KCCX20190705_091101_V06,4,2.505,1.200,291,0,11.311,6,0,9.263
KCCX20190705-3,KCCX20190705_092052_V06,0,0.483,1.200,1772,0,106823.479,46,0,75903.775
KCCX20190705-3,KCCX20190705_092052_V06,2,0.879,1.200,1773,0,878.712,49,0,714.556
KCCX20190705-3,KCCX20190705_092052_V06,4,1.318,1.200,1772,0,350.099,23,0,224.196
KCCX20190705-3,KCCX20190705_092052_V06,8,1.802,1.200,884,0,15.458,0,0,15.458
KCCX20190705-3,KCCX20190705_092052_V06,9,2.417,1.200,888,0,74.818,3,0,47.283
KCCX20190705-3,KCCX20190705_092052_V06,10,3.120,1.200,892,0,2.257,0,0,2.257
KCCX20190705-6,KCCX20190705_093049_V06,0,0.483,1.200,74,0,8511.436,4,0,8495.830
KCCX20190705-6,KCCX20190705_093049_V06,2,0.879,1.200,73,0,325.942,7,0,172.921
KCCX20190705-6,KCCX20190705_093049_V06,6,1.318,1.200,73,0,278.147,10,0,160.301
KCCX20190705-6,KCCX20190705_093049_V06,10,1.802,1.200,36,0,24.220,0,0,24.220
KCCX20190705-6,KCCX20190705_093049_V06,11,2.417,1.200,37,0,0.069,0,0,0.069
KCCX20190705-6,KCCX20190705_093049_V06,12,3.120,1.200,37,0,0.069,0,0,0.069
KCCX20190705-6,KCCX20190705_093049_V06,15,3.999,1.200,36,0,0.067,0,0,0.067
KCCX20190705-6,KCCX20190705_093602_V06,0,0.483,1.200,786,0,18194.100,26,0,18075.178
KCCX20190705-6,KCCX20190705_093602_V06,2,0.879,1.200,784,0,409.485,8,0,398.902
KCCX20190705-6,KCCX20190705_093602_V06,6,1.318,1.200,790,0,241.925,19,0,157.561
KCCX20190705-6,KCCX20190705_093602_V06,10,1.802,1.200,391,0,7.761,0,0,7.761
KCCX20190705-6,KCCX20190705_093602_V06,11,2.417,1.200,392,0,8.619,0,0,8.619
KCCX20190705-6,KCCX20190705_093602_V06,12,3.120,1.200,396,0,14.631,0,0,14.631
KCCX20190705-6,KCCX20190705_093602_V06,15,3.999,1.200,396,0,0.738,0,0,0.738
KCCX20190705-11,KCCX20190705_104543_V06,0,0.483,1.200,75,0,14482.404,0,0,14482.404
KCCX20190705-11,KCCX20190705_104543_V06,2,0.879,1.200,73,0,134.371,4,0,128.704
KCCX20190705-11,KCCX20190705_104543_V06,6,1.318,1.200,73,0,20.437,7,0,11.711
KCCX20190705-11,KCCX20190705_104543_V06,10,1.802,1.200,38,0,0.056,0,0,0.056
KCCX20190705-11,KCCX20190705_104543_V06,11,2.417,1.200,37,0,4.093,1,0,1.499
KCCX20190705-11,KCCX20190705_104543_V06,12,3.120,1.200,37,0,0.055,0,0,0.055
KCCX20190705-11,KCCX20190705_104543_V06,15,3.999,1.200,36,0,0.054,0,0,0.054
KCCX20190705-11,KCCX20190705_105048_V06,0,0.483,1.200,823,0,8693.286,23,0,8643.095
KCCX20190705-11,KCCX20190705_105048_V06,2,0.879,1.200,823,0,208.564,15,0,197.523
KCCX20190705-11,KCCX20190705_105048_V06,6,1.318,1.200,825,0,32.622,9,0,26.121
KCCX20190705-11,KCCX20190705_105048_V06,10,1.802,1.200,410,0,3.614,0,0,3.614
KCCX20190705-11,KCCX20190705_105048_V06,11,2.417,1.200,411,0,5.204,0,0,5.204
KCCX20190705-11,KCCX20190705_105048_V06,12,3.120,1.200,412,0,0.617,0,0,0.617
KCCX20190705-11,KCCX20190705_105048_V06,15,3.999,1.200,413,0,0.619,0,0,0.619
KCCX20190705-4,KCCX20190705_091101_V06,0,0.483,1.200,335,0,39.663,38,0,37.011
KCCX20190705-4,KCCX20190705_091101_V06,2,1.494,1.200,337,0,3.527,2,0,3.384
KCCX20190705-4,KCCX20190705_091101_V06,4,2.505,1.200,337,0,3.007,2,0,2.424
KCCX20190705-4,KCCX20190705_091101_V06,6,3.516,1.200,167,0,4.604,6,0,3.997
KCCX20190705-4,KCCX20190705_091101_V06,7,4.482,1.200,168,0,3.588,4,0,2.930
KCCX20190705-9,KCCX20190705_101512_V06,0,0.483,1.200,72,0,4649.988,4,0,4647.446
KCCX20190705-9,KCCX20190705_101512_V06,2,0.879,1.200,71,0,298.049,0,0,298.049
KCCX20190705-9,KCCX20190705_101512_V06,6,1.318,1.200,72,0,20.246,3,0,13.923
KCCX20190705-9,KCCX20190705_101512_V06,10,1.802,1.200,36,0,0.054,0,0,0.054
KCCX20190705-9,KCCX20190705_101512_V06,11,2.417,1.200,36,0,0.054,0,0,0.054
KCCX20190705-9,KCCX20190705_101512_V06,12,3.120,1.200,36,0,0.054,0,0,0.054
KCCX20190705-9,KCCX20190705_101512_V06,15,3.999,1.200,36,0,0.054,0,0,0.054
KCCX20190705-10,KCCX20190705_103534_V06,0,0.483,1.200,68,0,13191.684,0,0,13191.684
KCCX20190705-10,KCCX20190705_103534_V06,2,0.879,1.200,70,0,175.324,3,0,171.932
KCCX20190705-10,KCCX20190705_103534_V06,6,1.318,1.200,69,0,69.716,3,0,65.664
KCCX20190705-10,KCCX20190705_103534_V06,10,1.802,1.200,34,0,0.051,0,0,0.051
KCCX20190705-10,KCCX20190705_103534_V06,11,2.417,1.200,33,0,27.216,4,0,18.432
KCCX20190705-10,KCCX20190705_103534_V06,12,3.120,1.200,34,0,0.051,0,0,0.051
KCCX20190705-10,KCCX20190705_103534_V06,15,3.999,1.200,34,0,0.051,0,0,0.051
KCCX20190706-6,KCCX20190706_110054_V06,0,0.483,1.200,1340,0,140547.193,63,0,131584.790
KCCX20190706-6,KCCX20190706_110054_V06,2,1.494,1.200,1344,0,57.226,21,0,48.855
KCCX20190706-6,KCCX20190706_110054_V06,4,2.505,1.200,1346,0,62.717,38,0,49.199
KCCX20190706-6,KCCX20190706_111031_V06,0,0.483,1.200,3370,0,129362.815,352,0,129098.156
KCCX20190706-6,KCCX20190706_111031_V06,2,1.494,1.200,3373,0,120.308,22,0,116.527
KCCX20190706-6,KCCX20190706_111031_V06,4,2.505,1.200,3380,0,59.411,34,0,47.617
KCCX20190706-1,KCCX20190706_091239_V06,0,0.483,1.200,585,0,104835.583,28,0,104825.126
KCCX20190706-1,KCCX20190706_091239_V06,2,1.494,1.200,584,0,46.106,4,0,45.155
KCCX20190706-1,KCCX20190706_091239_V06,4,2.505,1.200,585,0,22.217,24,0,16.986
KCCX20190706-2,KCCX20190706_094130_V06,0,0.483,1.200,542,2,112053.024,28,0,84166.976
KCCX20190706-2,KCCX20190706_094130_V06,2,1.494,1.200,542,0,76.683,27,0,65.474
KCCX20190706-2,KCCX20190706_094130_V06,4,2.505,1.200,540,0,73.950,23,0,70.693
KCCX20190706-2,KCCX20190706_094130_V06,6,3.516,1.200,273,0,9.254,16,0,7.254
KCCX20190706-4,KCCX20190706_094130_V06,0,0.483,1.200,9291,0,9909.921,713,0,9252.447
KCCX20190706-4,KCCX20190706_094130_V06,2,1.494,1.200,9293,0,320.267,983,0,205.312
KCCX20190706-4,KCCX20190706_094130_V06,4,2.505,1.200,9301,0,38.289,419,0,26.252
KCCX20190706-4,KCCX20190706_094130_V06,6,3.516,1.200,4655,0,31.321,321,0,21.536
KCCX20190706-4,KCCX20190706_094130_V06,7,4.482,1.200,4669,0,26.911,273,0,19.655
KCCX20190706-5,KCCX20190706_103200_V06,0,0.483,1.200,3353,0,161478.626,333,0,161300.999
KCCX20190706-5,KCCX20190706_103200_V06,2,1.494,1.200,3357,0,100.047,38,0,84.208
KCCX20190706-5,KCCX20190706_103200_V06,4,2.505,1.200,3358,0,56.885,36,0,39.801
KCCX20190707-5,KCCX20190707_092352_V06,0,0.483,1.200,61,0,11897.246,1,0,11895.050
KCCX20190707-5,KCCX20190707_092352_V06,2,0.879,1.200,59,0,83.119,0,0,83.119
KCCX20190707-5,KCCX20190707_092352_V06,6,1.318,1.200,62,0,5.319,2,0,4.415
KCCX20190707-5,KCCX20190707_092352_V06,10,1.802,1.200,30,0,0.045,0,0,0.045
KCCX20190707-5,KCCX20190707_092352_V06,11,2.417,1.200,30,0,0.045,0,0,0.045
KCCX20190707-5,KCCX20190707_092352_V06,12,3.120,1.200,30,0,0.045,0,0,0.045
KCCX20190707-5,KCCX20190707_092352_V06,15,3.999,1.200,29,0,0.044,0,0,0.044
KCCX20190708-3,KCCX20190708_085250_V06,0,0.483,1.200,4259,8,122109.704,1304,0,11360.324
KCCX20190708-3,KCCX20190708_085250_V06,2,0.879,1.200,4258,4,91610.060,1544,0,6834.938
KCCX20190708-3,KCCX20190708_085250_V06,6,1.318,1.200,4259,6,105416.007,1592,0,1264.846
KCCX20190708-3,KCCX20190708_085250_V06,10,1.802,1.200,2127,3,122910.226,603,0,294.385
KCCX20190708-3,KCCX20190708_085250_V06,11,2.417,1.200,2126,0,96385.492,532,0,349.765
KCCX20190708-3,KCCX20190708_085250_V06,12,3.120,1.200,2132,0,133617.074,570,0,404.908
KCCX20190708-3,KCCX20190708_085250_V06,15,3.999,1.200,2136,1,96609.808,640,0,774.436
KCCX20190708-3,KCCX20190708_085250_V06,16,5.098,1.200,2142,0,79595.943,734,0,323.205
KCCX20190708-3,KCCX20190708_085250_V06,17,6.416,1.200,2145,0,24687.951,597,0,386.108
KCCX20190708-3,KCCX20190708_090257_V06,0,0.483,1.200,8887,0,117407.922,2234,0,40251.337
KCCX20190708-3,KCCX20190708_090257_V06,2,0.879,1.200,8889,0,100833.389,2366,0,27408.806
KCCX20190708-3,KCCX20190708_090257_V06,6,1.318,1.200,8887,0,77742.116,2502,0,2443.182
KCCX20190708-3,KCCX20190708_090257_V06,10,1.802,1.200,4438,0,49035.622,787,0,751.587
KCCX20190708-3,KCCX20190708_090257_V06,11,2.417,1.200,4442,0,56944.449,748,0,389.620
KCCX20190708-3,KCCX20190708_090257_V06,12,3.120,1.200,4447,0,53673.598,765,0,558.134
KCCX20190708-3,KCCX20190708_090257_V06,15,3.999,1.200,4451,0,40392.668,779,0,387.662
KCCX20190708-3,KCCX20190708_090257_V06,16,5.098,1.200,4463,0,25267.490,834,0,397.508
KCCX20190708-3,KCCX20190708_090257_V06,17,6.416,1.200,4477,0,12718.042,720,0,394.083
KCCX20190708-3,KCCX20190708_090800_V06,0,0.483,1.200,4246,0,71360.107,1544,0,24143.406
KCCX20190708-3,KCCX20190708_090800_V06,2,0.879,1.200,4236,0,69304.127,1563,0,17099.214
KCCX20190708-3,KCCX20190708_090800_V06,6,1.318,1.200,4241,0,52267.102,1652,0,2573.554
KCCX20190708-3,KCCX20190708_090800_V06,10,1.802,1.200,2122,0,29736.318,444,0,619.711
KCCX20190708-3,KCCX20190708_090800_V06,11,2.417,1.200,2123,0,28427.152,428,0,394.311
KCCX20190708-3,KCCX20190708_090800_V06,12,3.120,1.200,2125,0,24090.612,493,0,370.772
KCCX20190708-3,KCCX20190708_090800_V06,15,3.999,1.200,2132,0,16312.825,534,0,355.408
KCCX20190708-3,KCCX20190708_090800_V06,16,5.098,1.200,2131,0,15562.913,582,0,316.258
KCCX20190708-3,KCCX20190708_090800_V06,17,6.416,1.200,2136,0,6702.423,569,0,281.300
KCCX20190708-3,KCCX20190708_091305_V06,0,0.483,1.200,9253,0,54267.065,2467,0,19217.430
KCCX20190708-3,KCCX20190708_091305_V06,2,0.879,1.200,9252,0,37284.512,2025,0,9928.128
KCCX20190708-3,KCCX20190708_091305_V06,6,1.318,1.200,9252,0,23273.150,2031,0,3082.990
KCCX20190708-3,KCCX20190708_091305_V06,10,1.802,1.200,4626,0,16308.435,604,0,702.275
KCCX20190708-3,KCCX20190708_091305_V06,11,2.417,1.200,4627,0,9422.629,435,0,287.934
KCCX20190708-3,KCCX20190708_091305_V06,12,3.120,1.200,4631,0,14187.852,504,0,404.873
KCCX20190708-3,KCCX20190708_091305_V06,15,3.999,1.200,4634,0,11429.293,562,0,380.552
KCCX20190708-3,KCCX20190708_091305_V06,16,5.098,1.200,4643,0,12140.165,588,0,290.996
KCCX20190708-3,KCCX20190708_091305_V06,17,6.416,1.200,4653,0,9473.164,656,0,287.011
KCCX20190708-23,KCCX20190708_110753_V06,0,0.483,1.200,1478,1,68861.574,642,0,3141.017
KCCX20190708-23,KCCX20190708_110753_V06,2,0.879,1.200,1481,2,41862.242,656,0,1049.066
KCCX20190708-23,KCCX20190708_110753_V06,6,1.318,1.200,1479,1,35961.295,630,0,186.585
KCCX20190708-23,KCCX20190708_110753_V06,10,1.802,1.200,740,0,18153.402,202,0,120.656
KCCX20190708-23,KCCX20190708_110753_V06,11,2.417,1.200,736,0,39318.219,257,0,178.037
KCCX20190708-23,KCCX20190708_110753_V06,12,3.120,1.200,740,0,18673.111,219,0,95.199
KCCX20190708-23,KCCX20190708_110753_V06,13,3.999,1.200,742,0,12292.990,253,0,30.732
KCCX20190708-23,KCCX20190708_110753_V06,16,5.098,1.200,741,0,4570.338,207,0,64.788
KCCX20190708-23,KCCX20190708_110753_V06,17,6.416,1.200,743,0,665.375,158,0,21.293
KCCX20190708-23,KCCX20190708_110753_V06,18,7.998,1.200,744,0,70.256,135,0,12.763
KCCX20190708-24,KCCX20190708_110753_V06,0,0.483,1.200,5595,30,395763.325,1583,0,29506.433
KCCX20190708-24,KCCX20190708_110753_V06,2,0.879,1.200,5598,38,348754.527,1442,0,16576.624
KCCX20190708-24,KCCX20190708_110753_V06,6,1.318,1.200,5599,37,440088.148,1619,0,6559.411
KCCX20190708-24,KCCX20190708_110753_V06,10,1.802,1.200,2797,18,446050.488,655,0,3234.972
KCCX20190708-24,KCCX20190708_110753_V06,11,2.417,1.200,2799,14,507650.977,698,0,7852.737
KCCX20190708-24,KCCX20190708_110753_V06,12,3.120,1.200,2800,9,427470.267,752,0,1868.139
KCCX20190708-24,KCCX20190708_110753_V06,13,3.999,1.200,2804,3,382585.553,721,0,1739.078
KCCX20190708-24,KCCX20190708_110753_V06,16,5.098,1.200,2812,2,142339.829,626,0,1086.900
KCCX20190708-24,KCCX20190708_110753_V06,17,6.416,1.200,2816,1,44144.888,419,0,304.463
KCCX20190709-1,KCCX20190709_090954_V06,0,0.483,1.200,618,0,201035.724,14,0,193945.299
KCCX20190709-1,KCCX20190709_090954_V06,2,1.494,1.200,619,0,51.680,51,0,43.563
KCCX20190709-1,KCCX20190709_090954_V06,4,2.505,1.200,617,0,35.909,12,0,33.529
KCCX20190709-3,KCCX20190709_090954_V06,0,0.483,1.200,150,0,71.424,4,0,70.047
KCCX20190709-3,KCCX20190709_090954_V06,2,1.494,1.200,149,0,73.993,87,0,27.865
KCCX20190709-3,KCCX20190709_090954_V06,4,2.505,1.200,147,0,0.259,0,0,0.259
KCCX20190709-5,KCCX20190709_090954_V06,0,0.483,1.200,303,0,31547.374,3,0,31543.973
KCCX20190709-5,KCCX20190709_090954_V06,2,1.494,1.200,302,0,20.311,25,0,17.670
KCCX20190709-5,KCCX20190709_090954_V06,4,2.505,1.200,301,0,14.888,29,0,11.852
KCCX20190709-5,KCCX20190709_090954_V06,6,3.516,1.200,152,0,6.382,11,0,2.975
KCCX20190709-6,KCCX20190709_104839_V06,0,0.483,1.200,1162,0,89743.574,143,0,79871.205
KCCX20190709-6,KCCX20190709_104839_V06,2,1.494,1.200,1162,0,54.800,13,0,50.624
KCCX20190709-6,KCCX20190709_104839_V06,4,2.505,1.200,1166,0,27.734,14,0,22.557
KCCX20190710-1,KCCX20190710_090652_V06,0,0.483,1.200,726,0,115165.076,31,0,114935.935
KCCX20190710-1,KCCX20190710_090652_V06,2,1.494,1.200,726,0,2.434,0,0,2.434
KCCX20190710-1,KCCX20190710_091631_V06,0,0.483,1.200,2143,0,270122.788,50,0,250739.503
KCCX20190710-1,KCCX20190710_091631_V06,2,1.494,1.200,2147,0,43.038,4,0,36.114
KCCX20190710-8,KCCX20190710_110500_V06,0,0.483,1.200,7920,0,1605.611,854,0,1034.511
KCCX20190710-8,KCCX20190710_110500_V06,2,1.494,1.200,7932,0,83.079,12,0,70.091
KCCX20190710-8,KCCX20190710_111437_V06,0,0.483,1.200,11334,0,3290.010,1677,0,2016.407
KCCX20190710-8,KCCX20190710_111437_V06,2,1.494,1.200,11350,0,97.889,0,0,97.889
KCCX20190710-2,KCCX20190710_091631_V06,0,0.483,1.200,373,12,667772.055,75,2,278379.783
KCCX20190710-2,KCCX20190710_091631_V06,2,1.494,1.200,372,0,93.678,12,0,88.639
KCCX20190710-2,KCCX20190710_091631_V06,4,2.505,1.200,372,0,85.435,35,0,67.609
KCCX20190710-3,KCCX20190710_094528_V06,0,0.483,1.200,3614,0,4242.454,57,0,4141.041
KCCX20190710-3,KCCX20190710_094528_V06,2,1.494,1.200,3614,0,462.363,390,0,385.409
KCCX20190710-3,KCCX20190710_094528_V06,4,2.505,1.200,3622,0,48.173,533,0,37.207
KCCX20190710-3,KCCX20190710_094528_V06,6,3.516,1.200,1815,0,80.677,396,0,63.307
KCCX20190710-3,KCCX20190710_094528_V06,7,4.482,1.200,1821,0,41.779,351,0,30.249
KCCX20190710-4,KCCX20190710_100444_V06,0,0.483,1.200,6137,0,7417.200,555,0,6374.488
KCCX20190710-4,KCCX20190710_100444_V06,2,1.494,1.200,6137,0,33.410,4,0,21.269
KCCX20190710-5,KCCX20190710_100444_V06,0,0.483,1.200,11016,0,3121.983,1188,0,2470.502
KCCX20190710-5,KCCX20190710_100444_V06,2,1.494,1.200,11022,0,103.213,43,0,94.690
KCCX20190710-6,KCCX20190710_102359_V06,0,0.483,1.200,646,6,433873.148,114,0,233816.341
KCCX20190710-6,KCCX20190710_102359_V06,2,1.494,1.200,646,0,58.278,36,0,40.485
KCCX20190710-6,KCCX20190710_102359_V06,4,2.505,1.200,648,0,28.361,10,0,26.272
KCCX20190710-7,KCCX20190710_104544_V06,0,0.483,1.200,14856,0,5175.456,1877,0,3572.968
KCCX20190710-7,KCCX20190710_104544_V06,2,1.494,1.200,14870,0,249.704,14,0,207.447
KCCX20190710-7,KCCX20190710_110500_V06,0,0.483,1.200,6908,0,2261.517,856,0,1475.856
KCCX20190710-7,KCCX20190710_110500_V06,2,1.494,1.200,6905,0,98.563,12,0,82.590
KCCX20190711-6,KCCX20190711_093551_V06,0,0.483,1.200,11764,686,62189216.661,3894,145,23839681.112
KCCX20190711-6,KCCX20190711_093551_V06,2,0.879,1.200,11769,915,54462695.953,4610,320,25428487.445
KCCX20190711-6,KCCX20190711_094104_V06,0,0.483,1.200,14559,642,83961488.509,4839,96,25533126.958
KCCX20190711-6,KCCX20190711_094104_V06,2,0.879,1.200,14563,1121,71881105.425,5594,409,34317133.191
KCCX20190711-6,KCCX20190711_094607_V06,0,0.483,1.200,13674,393,62583865.681,4076,79,18944782.788
KCCX20190711-6,KCCX20190711_094607_V06,2,0.879,1.200,13675,648,60429737.853,5004,236,29116558.254
KCCX20190711-6,KCCX20190711_095124_V06,0,0.483,1.200,10819,186,34127672.556,3099,13,7961793.859
KCCX20190711-6,KCCX20190711_095124_V06,2,0.879,1.200,10833,341,34563853.226,4333,91,12089827.408
KCCX20190711-3,KCCX20190711_085345_V06,0,0.483,1.200,66,0,14556.663,1,0,14552.928
KCCX20190711-3,KCCX20190711_085345_V06,2,0.879,1.200,67,0,92.891,1,0,91.371
KCCX20190711-3,KCCX20190711_085345_V06,6,1.318,1.200,68,0,301.827,10,0,268.100
KCCX20190711-3,KCCX20190711_085345_V06,10,1.802,1.200,31,0,0.057,0,0,0.057
KCCX20190711-3,KCCX20190711_085345_V06,11,2.417,1.200,32,0,0.059,0,0,0.059
KCCX20190711-3,KCCX20190711_085345_V06,12,3.120,1.200,33,0,0.061,0,0,0.061
KCCX20190711-3,KCCX20190711_085345_V06,15,3.999,1.200,32,0,0.059,0,0,0.059
KCCX20190711-7,KCCX20190711_093551_V06,0,0.483,1.200,71,0,33608.586,4,0,32528.892
KCCX20190711-7,KCCX20190711_093551_V06,2,0.879,1.200,70,0,1388.521,6,0,1118.627
KCCX20190711-7,KCCX20190711_093551_V06,6,1.318,1.200,71,0,406.417,8,0,125.665
KCCX20190711-7,KCCX20190711_093551_V06,10,1.802,1.200,35,0,4.862,0,0,4.862
KCCX20190711-7,KCCX20190711_093551_V06,11,2.417,1.200,33,0,0.061,0,0,0.061
KCCX20190711-7,KCCX20190711_093551_V06,12,3.120,1.200,34,0,0.063,0,0,0.063
KCCX20190711-7,KCCX20190711_093551_V06,15,3.999,1.200,34,0,0.063,0,0,0.063
KCCX20190712-1,KCCX20190712_094837_V06,0,0.483,1.200,8598,0,2210.244,264,0,1970.306
KCCX20190712-1,KCCX20190712_094837_V06,2,1.494,1.200,8604,0,59.922,18,0,39.221
KCCX20190712-2,KCCX20190712_100752_V06,0,0.483,1.200,45649,0,71160.607,2399,0,69401.512
KCCX20190712-2,KCCX20190712_100752_V06,2,1.494,1.200,45671,0,6858.338,7507,0,4866.957
KCCX20190712-2,KCCX20190712_100752_V06,4,2.505,1.200,45716,0,2933.830,11123,0,1566.095
KCCX20190712-2,KCCX20190712_100752_V06,6,3.516,1.200,22879,0,1044.108,5254,0,582.360
KCCX20190712-2,KCCX20190712_100752_V06,7,4.482,1.200,22911,0,386.066,5092,0,192.317
KCCX20190712-2,KCCX20190712_101730_V06,0,0.483,1.200,79134,2,108770.509,8801,2,106096.235
KCCX20190712-2,KCCX20190712_101730_V06,2,1.494,1.200,79159,0,9423.122,14279,0,6429.679
KCCX20190712-2,KCCX20190712_101730_V06,4,2.505,1.200,79232,0,5476.449,21125,0,2340.457
KCCX20190712-2,KCCX20190712_101730_V06,6,3.516,1.200,39662,0,1891.427,9107,0,980.135
KCCX20190712-2,KCCX20190712_101730_V06,7,4.482,1.200,39712,0,949.492,8250,0,540.015
KCCX20190712-2,KCCX20190712_102709_V06,0,0.483,1.200,12881,4,65166.218,125,2,58036.627
KCCX20190712-2,KCCX20190712_102709_V06,2,1.494,1.200,12883,0,1722.576,2380,0,1222.769
KCCX20190712-2,KCCX20190712_102709_V06,4,2.505,1.200,12899,0,792.289,3227,0,351.785
KCCX20190712-2,KCCX20190712_102709_V06,6,3.516,1.200,6457,0,814.403,2654,0,405.343
KCCX20190712-2,KCCX20190712_102709_V06,7,4.482,1.200,6460,0,448.752,2394,0,218.046
KCCX20190712-3,KCCX20190712_101730_V06,0,0.483,1.200,24108,0,53952.312,1665,0,51144.644
KCCX20190712-3,KCCX20190712_101730_V06,2,1.494,1.200,24115,0,1834.557,1052,0,1597.501
KCCX20190712-3,KCCX20190712_101730_V06,4,2.505,1.200,24123,0,203.312,596,0,145.346
KCCX20190712-3,KCCX20190712_101730_V06,6,3.516,1.200,12082,0,136.373,424,0,103.734
KCCX20190712-5,KCCX20190712_110807_V06,0,0.483,1.200,247,0,90254.866,0,0,90254.866
KCCX20190712-5,KCCX20190712_110807_V06,2,1.494,1.200,246,0,35.542,9,0,26.704
KCCX20190712-5,KCCX20190712_110807_V06,4,2.505,1.200,249,0,33.368,6,0,32.701
KCCX20190712-5,KCCX20190712_110807_V06,6,3.516,1.200,123,0,5.746,6,0,4.889
KCCX20190713-1,KCCX20190713_100005_V06,0,0.483,1.200,3807,0,7164.714,345,0,5962.111
KCCX20190713-1,KCCX20190713_100005_V06,2,1.494,1.200,3804,0,320.249,309,0,262.855
KCCX20190713-1,KCCX20190713_100005_V06,4,2.505,1.200,3810,0,858.277,1650,0,451.230
KCCX20190713-1,KCCX20190713_100005_V06,6,3.516,1.200,1908,0,97.148,135,0,78.361
KCCX20190714-1,KCCX20190714_104611_V06,0,0.483,1.200,617,0,111622.857,45,0,111588.941
KCCX20190714-1,KCCX20190714_104611_V06,2,1.494,1.200,616,0,60.505,6,0,59.758
KCCX20190714-1,KCCX20190714_104611_V06,4,2.505,1.200,614,0,60.163,14,0,55.860
KCCX20190714-3,KCCX20190714_110525_V06,0,0.483,1.200,47800,0,32959.852,2124,0,31370.302
KCCX20190714-3,KCCX20190714_110525_V06,2,1.494,1.200,47824,0,2059.364,7760,0,1347.368
KCCX20190714-3,KCCX20190714_110525_V06,4,2.505,1.200,47868,0,443.799,9619,0,271.677
KCCX20190714-3,KCCX20190714_110525_V06,6,3.516,1.200,23957,0,232.311,5225,0,147.852
KCCX20190714-3,KCCX20190714_110525_V06,7,4.482,1.200,23987,0,239.885,5423,0,98.640
KCCX20190714-4,KCCX20190714_110525_V06,0,0.483,1.200,8619,0,700.374,456,0,508.946
KCCX20190714-4,KCCX20190714_110525_V06,2,1.494,1.200,8625,0,44.131,10,0,39.753
KCCX20190715-1,KCCX20190715_094038_V06,0,0.483,1.200,568,0,41432.530,16,0,38480.320
KCCX20190715-1,KCCX20190715_094038_V06,2,1.494,1.200,565,0,40.919,57,0,33.000
KCCX20190715-1,KCCX20190715_094038_V06,4,2.505,1.200,565,0,37.114,18,0,30.858
KCCX20190715-3,KCCX20190715_095015_V06,0,0.483,1.200,8209,0,25290.851,312,0,24832.947
KCCX20190715-3,KCCX20190715_095015_V06,2,1.494,1.200,8212,0,6363.613,427,0,6086.318
KCCX20190715-3,KCCX20190715_095015_V06,4,2.505,1.200,8214,0,762.372,1226,0,640.390
KCCX20190715-3,KCCX20190715_095015_V06,6,3.516,1.200,4113,0,259.879,639,0,167.196
KCCX20190715-3,KCCX20190715_095015_V06,7,4.482,1.200,4117,0,404.892,712,0,247.369
KCCX20190715-4,KCCX20190715_100929_V06,0,0.483,1.200,5227,0,16389.929,1296,0,12664.507
KCCX20190715-4,KCCX20190715_100929_V06,2,1.494,1.200,5226,0,710.649,450,0,294.678
KCCX20190715-5,KCCX20190715_102845_V06,0,0.483,1.200,77824,0,146725.841,3964,0,141771.827
KCCX20190715-5,KCCX20190715_102845_V06,2,1.494,1.200,77858,0,11311.372,12712,0,8847.934
KCCX20190715-5,KCCX20190715_102845_V06,4,2.505,1.200,77930,0,8174.522,22931,0,3549.059
KCCX20190715-5,KCCX20190715_102845_V06,6,3.516,1.200,38992,0,3292.809,9449,0,1883.871
KCCX20190715-5,KCCX20190715_102845_V06,7,4.482,1.200,39051,0,1912.064,8682,0,877.391
KCCX20190715-5,KCCX20190715_103823_V06,0,0.483,1.200,18263,0,35806.153,1321,0,34080.742
KCCX20190715-5,KCCX20190715_103823_V06,2,1.494,1.200,18264,0,2381.922,2313,0,1798.425
KCCX20190715-5,KCCX20190715_103823_V06,4,2.505,1.200,18282,0,709.877,3382,0,480.660
KCCX20190715-5,KCCX20190715_103823_V06,6,3.516,1.200,9157,0,131.849,2021,0,79.560
KCCX20190715-5,KCCX20190715_103823_V06,7,4.482,1.200,9163,0,111.101,1927,0,71.775
KCCX20190716-1,KCCX20190716_091217_V06,0,0.483,1.200,594,8,393490.077,26,2,299160.140
KCCX20190716-1,KCCX20190716_091217_V06,2,1.494,1.200,596,0,43.967,10,0,40.202
KCCX20190716-1,KCCX20190716_091217_V06,4,2.505,1.200,596,0,47.892,17,0,42.592
KCCX20190716-1,KCCX20190716_092155_V06,0,0.483,1.200,5233,4,233934.158,208,2,174136.470
KCCX20190716-1,KCCX20190716_092155_V06,2,1.494,1.200,5237,0,101.084,69,0,68.480
KCCX20190716-1,KCCX20190716_092155_V06,4,2.505,1.200,5238,0,96.260,56,0,70.296
KCCX20190716-2,KCCX20190716_100023_V06,0,0.483,1.200,1288,0,167.954,78,0,145.498
KCCX20190716-2,KCCX20190716_100023_V06,2,1.494,1.200,1288,0,24.296,226,0,19.490
KCCX20190716-2,KCCX20190716_100023_V06,4,2.505,1.200,1290,0,30.896,334,0,15.602
KCCX20190716-2,KCCX20190716_100023_V06,6,3.516,1.200,643,0,26.413,169,0,17.626
KCCX20190716-2,KCCX20190716_100023_V06,7,4.482,1.200,645,0,1.302,72,0,0.953
KCCX20190716-3,KCCX20190716_101000_V06,0,0.483,1.200,4307,6,370756.591,333,0,304101.534
KCCX20190716-3,KCCX20190716_101000_V06,2,1.494,1.200,4310,0,142.136,48,0,91.256
KCCX20190716-3,KCCX20190716_101000_V06,4,2.505,1.200,4314,0,139.418,93,0,66.799
KCCX20190716-5,KCCX20190716_104828_V06,0,0.483,1.200,3866,0,2215.827,254,0,453.606
KCCX20190716-5,KCCX20190716_104828_V06,2,1.494,1.200,3866,0,437.754,155,0,98.093
KCCX20190717-1,KCCX20190717_090015_V06,0,0.483,1.200,62,0,14544.772,3,0,14504.788
KCCX20190717-1,KCCX20190717_090015_V06,2,0.879,1.200,62,0,365.774,3,0,361.575
KCCX20190717-1,KCCX20190717_090015_V06,6,1.318,1.200,62,0,120.905,6,0,106.768
KCCX20190717-1,KCCX20190717_090015_V06,10,1.802,1.200,30,0,0.045,0,0,0.045
KCCX20190717-1,KCCX20190717_090015_V06,11,2.417,1.200,30,0,0.045,0,0,0.045
KCCX20190717-1,KCCX20190717_090015_V06,12,3.120,1.200,31,0,0.047,0,0,0.047
KCCX20190717-1,KCCX20190717_090015_V06,13,3.999,1.200,31,0,0.047,0,0,0.047
KCCX20190717-1,KCCX20190717_090518_V06,0,0.483,1.200,770,0,57662.808,52,0,56661.546
KCCX20190717-1,KCCX20190717_090518_V06,2,0.879,1.200,771,0,1672.968,48,0,869.882
KCCX20190717-1,KCCX20190717_090518_V06,6,1.318,1.200,770,0,783.808,18,0,741.266
KCCX20190717-1,KCCX20190717_090518_V06,10,1.802,1.200,386,0,31.314,2,0,22.602
KCCX20190717-1,KCCX20190717_090518_V06,11,2.417,1.200,386,0,7.646,0,0,7.646
KCCX20190717-1,KCCX20190717_090518_V06,12,3.120,1.200,383,0,10.644,0,0,10.644
KCCX20190717-1,KCCX20190717_090518_V06,15,3.999,1.200,385,0,6.003,0,0,6.003
KCCX20190717-12,KCCX20190717_102706_V06,0,0.483,1.200,20886,0,6737.077,1249,0,6110.014
KCCX20190717-12,KCCX20190717_102706_V06,2,0.879,1.200,20904,0,2102.797,1081,0,1645.911
KCCX20190717-12,KCCX20190717_102706_V06,6,1.318,1.200,20891,0,884.446,813,0,577.762
KCCX20190717-12,KCCX20190717_102706_V06,10,1.802,1.200,10463,0,107.123,67,0,87.253
KCCX20190717-12,KCCX20190717_102706_V06,11,2.417,1.200,10471,0,94.499,36,0,76.903
KCCX20190717-12,KCCX20190717_102706_V06,12,3.120,1.200,10481,0,45.815,11,0,36.991
KCCX20190717-12,KCCX20190717_102706_V06,15,3.999,1.200,10488,0,23.403,2,0,23.319
KCCX20190717-12,KCCX20190717_102706_V06,16,5.098,1.200,10508,0,24.032,2,0,23.934
KCCX20190717-16,KCCX20190717_111737_V06,0,0.483,1.200,48,0,15734.383,1,0,13649.271
KCCX20190717-16,KCCX20190717_111737_V06,2,0.879,1.200,49,0,177.274,1,0,175.831
KCCX20190717-16,KCCX20190717_111737_V06,6,1.318,1.200,49,0,22.816,4,0,17.342
KCCX20190717-16,KCCX20190717_111737_V06,10,1.802,1.200,25,0,1.839,1,0,0.045
KCCX20190717-16,KCCX20190717_111737_V06,11,2.417,1.200,24,0,0.045,0,0,0.045
KCCX20190717-16,KCCX20190717_111737_V06,12,3.120,1.200,24,0,0.045,0,0,0.045
KCCX20190717-16,KCCX20190717_111737_V06,15,3.999,1.200,25,0,0.047,0,0,0.047
KCCX20190718-4,KCCX20190718_090627_V06,0,0.483,1.200,1029,0,734.373,29,0,701.664
KCCX20190718-4,KCCX20190718_090627_V06,2,1.494,1.200,1029,0,104.298,89,0,95.701
KCCX20190718-4,KCCX20190718_090627_V06,4,2.505,1.200,1028,0,35.407,100,0,30.580
KCCX20190718-4,KCCX20190718_090627_V06,6,3.516,1.200,516,0,6.750,47,0,5.607
KCCX20190718-4,KCCX20190718_090627_V06,7,4.482,1.200,516,0,2.179,5,0,2.024
KCCX20190718-9,KCCX20190718_091604_V06,0,0.483,1.200,195,0,274.502,29,0,256.072
KCCX20190718-9,KCCX20190718_091604_V06,2,1.494,1.200,196,0,59.907,105,0,26.116
KCCX20190718-9,KCCX20190718_091604_V06,4,2.505,1.200,193,0,0.282,0,0,0.282
KCCX20190719-1,KCCX20190719_092731_V06,0,0.483,1.200,16525,0,3298.704,1140,0,2361.671
KCCX20190719-1,KCCX20190719_092731_V06,2,1.494,1.200,16536,0,122.876,66,0,92.134
KCCX20190719-4,KCCX20190719_101537_V06,0,0.483,1.200,49927,0,687.118,2318,0,525.362
KCCX20190719-4,KCCX20190719_101537_V06,2,1.494,1.200,49945,0,557.485,5159,0,404.021
KCCX20190719-4,KCCX20190719_101537_V06,4,2.505,1.200,49994,0,446.540,7582,0,289.379
KCCX20190719-4,KCCX20190719_101537_V06,6,3.516,1.200,25015,0,428.660,4181,0,228.914
KCCX20190719-4,KCCX20190719_101537_V06,7,4.482,1.200,25051,0,337.289,4341,0,178.640
KCCX20190720-13,KCCX20190720_100249_V06,0,0.483,1.200,5860,0,66442.537,1791,0,3278.380
KCCX20190720-13,KCCX20190720_100249_V06,2,0.879,1.200,5861,0,63879.647,1952,0,822.430
KCCX20190720-13,KCCX20190720_100249_V06,6,1.318,1.200,5864,0,59174.684,2072,0,196.005
KCCX20190720-13,KCCX20190720_100249_V06,10,1.802,1.200,2929,0,40474.335,867,0,259.051
KCCX20190720-13,KCCX20190720_100249_V06,11,2.417,1.200,2932,0,44685.006,957,0,118.658
KCCX20190720-13,KCCX20190720_100249_V06,12,3.120,1.200,2937,0,35303.551,1028,0,123.197
KCCX20190720-13,KCCX20190720_100249_V06,15,3.999,1.200,2939,0,24366.679,967,0,262.869
KCCX20190720-13,KCCX20190720_100249_V06,16,5.098,1.200,2945,0,42547.305,857,0,3056.812
KCCX20190720-13,KCCX20190720_100249_V06,17,6.416,1.200,2953,0,11833.525,1013,0,546.822
KCCX20190720-13,KCCX20190720_100753_V06,0,0.483,1.200,10623,0,38125.933,2177,0,3352.214
KCCX20190720-13,KCCX20190720_100753_V06,2,0.879,1.200,10625,0,31431.123,2069,0,1927.591
KCCX20190720-13,KCCX20190720_100753_V06,6,1.318,1.200,10623,0,22086.869,2038,0,618.508
KCCX20190720-13,KCCX20190720_100753_V06,10,1.802,1.200,5299,0,12925.117,737,0,179.428
KCCX20190720-13,KCCX20190720_100753_V06,11,2.417,1.200,5301,0,12949.196,801,0,221.992
KCCX20190720-13,KCCX20190720_100753_V06,12,3.120,1.200,5301,0,9221.939,867,0,123.749
KCCX20190720-13,KCCX20190720_100753_V06,15,3.999,1.200,5312,0,7935.790,750,0,577.525
KCCX20190720-13,KCCX20190720_100753_V06,16,5.098,1.200,5322,0,9028.675,790,0,340.763
KCCX20190720-13,KCCX20190720_100753_V06,17,6.416,1.200,5333,0,4326.709,814,0,238.840
KCCX20190720-3,KCCX20190720_090307_V06,0,0.483,1.200,60,0,12320.869,3,0,12318.868
KCCX20190720-3,KCCX20190720_090307_V06,2,0.879,1.200,60,0,269.459,1,0,221.484
KCCX20190720-3,KCCX20190720_090307_V06,4,1.318,1.200,60,0,564.984,5,0,349.827
KCCX20190720-3,KCCX20190720_090307_V06,8,1.802,1.200,32,0,0.048,0,0,0.048
KCCX20190720-3,KCCX20190720_090307_V06,9,2.417,1.200,32,0,7.192,0,0,7.192
KCCX20190720-3,KCCX20190720_090307_V06,10,3.120,1.200,32,0,0.048,0,0,0.048
KCCX20190720-3,KCCX20190720_090307_V06,13,3.999,1.200,31,0,0.047,0,0,0.047
KCCX20190720-5,KCCX20190720_091630_V06,0,0.483,1.200,42601,1,2196149.558,12544,0,478205.665
KCCX20190720-5,KCCX20190720_091630_V06,2,0.879,1.200,42610,0,2107585.136,13104,0,135151.448
KCCX20190720-5,KCCX20190720_091630_V06,4,1.318,1.200,42616,0,2208727.211,13634,0,75091.224
KCCX20190720-5,KCCX20190720_091630_V06,8,1.802,1.200,21319,0,2829159.984,6820,0,253171.846
KCCX20190720-5,KCCX20190720_091630_V06,9,2.417,1.200,21335,0,3075989.248,7154,0,337713.670
KCCX20190720-5,KCCX20190720_091630_V06,10,3.120,1.200,21342,0,1348973.484,7481,0,38934.301
KCCX20190720-5,KCCX20190720_091630_V06,13,3.999,1.200,21366,0,1211965.641,7404,0,61076.300
KCCX20190720-5,KCCX20190720_091630_V06,14,5.098,1.200,21401,0,444919.854,7002,0,18025.841
KCCX20190720-15,KCCX20190720_100249_V06,0,0.483,1.200,47,0,8032.469,2,0,7715.492
KCCX20190720-15,KCCX20190720_100249_V06,2,0.879,1.200,49,0,1729.445,6,0,1166.082
KCCX20190720-15,KCCX20190720_100249_V06,6,1.318,1.200,46,0,230.914,6,0,101.276
KCCX20190720-15,KCCX20190720_100249_V06,10,1.802,1.200,24,0,8.401,0,0,8.401
KCCX20190720-15,KCCX20190720_100249_V06,11,2.417,1.200,23,0,0.042,0,0,0.042
KCCX20190720-15,KCCX20190720_100249_V06,12,3.120,1.200,24,0,0.044,0,0,0.044
KCCX20190720-15,KCCX20190720_100249_V06,15,3.999,1.200,24,0,0.044,0,0,0.044
KCCX20190720-17,KCCX20190720_101759_V06,0,0.483,1.200,62,1,26311.222,6,1,23257.444
KCCX20190720-17,KCCX20190720_101759_V06,2,0.879,1.200,62,0,1777.529,7,0,1768.037
KCCX20190720-17,KCCX20190720_101759_V06,6,1.318,1.200,63,0,50.433,3,0,41.832
KCCX20190720-17,KCCX20190720_101759_V06,10,1.802,1.200,31,0,20.449,2,0,13.664
KCCX20190720-17,KCCX20190720_101759_V06,11,2.417,1.200,32,0,0.048,0,0,0.048
KCCX20190720-17,KCCX20190720_101759_V06,12,3.120,1.200,32,0,0.048,0,0,0.048
KCCX20190720-17,KCCX20190720_101759_V06,15,3.999,1.200,31,0,0.047,0,0,0.047
KCCX20190720-22,KCCX20190720_110419_V06,0,0.483,1.200,8884,0,385316.985,829,0,66409.416
KCCX20190720-22,KCCX20190720_110419_V06,2,0.879,1.200,8889,0,434015.734,911,0,50283.305
KCCX20190720-22,KCCX20190720_110419_V06,6,1.318,1.200,8893,0,1166814.031,1853,0,27527.578
KCCX20190721-1,KCCX20190721_090027_V06,0,0.483,1.200,61,1,12002.066,0,1,12002.066
KCCX20190721-1,KCCX20190721_090027_V06,2,0.879,1.200,59,0,483.318,1,0,481.546
KCCX20190721-1,KCCX20190721_090027_V06,6,1.318,1.200,59,0,51.047,0,0,51.047
KCCX20190721-1,KCCX20190721_090027_V06,10,1.802,1.200,31,0,0.046,0,0,0.046
KCCX20190721-1,KCCX20190721_090027_V06,11,2.417,1.200,30,0,0.045,0,0,0.045
KCCX20190721-1,KCCX20190721_090027_V06,12,3.120,1.200,30,0,0.045,0,0,0.045
KCCX20190721-1,KCCX20190721_090027_V06,15,3.999,1.200,29,0,0.044,0,0,0.044
KCCX20190721-1,KCCX20190721_090615_V06,0,0.483,1.200,874,0,9615.741,38,0,9572.455
KCCX20190721-1,KCCX20190721_090615_V06,2,0.879,1.200,875,0,546.891,16,0,487.783
KCCX20190721-1,KCCX20190721_090615_V06,6,1.318,1.200,881,0,54.668,10,0,39.430
KCCX20190721-1,KCCX20190721_090615_V06,10,1.802,1.200,440,0,7.612,1,0,5.990
KCCX20190721-1,KCCX20190721_090615_V06,11,2.417,1.200,439,0,0.661,0,0,0.661
KCCX20190721-1,KCCX20190721_090615_V06,12,3.120,1.200,441,0,0.665,0,0,0.665
KCCX20190721-1,KCCX20190721_090615_V06,15,3.999,1.200,440,0,0.665,0,0,0.665
KCCX20190721-2,KCCX20190721_090027_V06,0,0.483,1.200,276,4,31796.062,20,2,19006.784
KCCX20190721-2,KCCX20190721_090027_V06,2,0.879,1.200,275,0,1185.515,12,0,1055.431
KCCX20190721-2,KCCX20190721_090027_V06,6,1.318,1.200,275,0,1248.274,11,0,1203.581
KCCX20190721-2,KCCX20190721_090027_V06,10,1.802,1.200,138,0,20.327,3,0,9.284
KCCX20190721-2,KCCX20190721_090027_V06,11,2.417,1.200,138,0,28.474,2,0,14.678
KCCX20190721-2,KCCX20190721_090027_V06,12,3.120,1.200,138,0,59.030,2,0,36.909
KCCX20190721-2,KCCX20190721_090615_V06,0,0.483,1.200,1302,1,62543.270,55,0,43401.519
KCCX20190721-2,KCCX20190721_090615_V06,2,0.879,1.200,1301,0,2742.948,46,0,2350.216
KCCX20190721-2,KCCX20190721_090615_V06,6,1.318,1.200,1301,0,675.977,22,0,520.153
KCCX20190721-2,KCCX20190721_090615_V06,10,1.802,1.200,648,0,157.443,2,0,151.347
KCCX20190721-2,KCCX20190721_090615_V06,11,2.417,1.200,652,0,56.980,2,0,47.346
KCCX20190721-2,KCCX20190721_090615_V06,12,3.120,1.200,654,0,11.281,0,0,11.281
KCCX20190721-2,KCCX20190721_090615_V06,15,3.999,1.200,653,0,7.568,0,0,7.568
KCCX20190721-8,KCCX20190721_093928_V06,0,0.483,1.200,93,2,26104.234,4,1,23790.118
KCCX20190721-8,KCCX20190721_093928_V06,2,0.879,1.200,95,0,678.392,4,0,658.567
KCCX20190721-8,KCCX20190721_093928_V06,6,1.318,1.200,95,0,480.527,6,0,462.440
KCCX20190721-8,KCCX20190721_093928_V06,10,1.802,1.200,45,0,17.176,3,0,7.201
KCCX20190721-8,KCCX20190721_093928_V06,11,2.417,1.200,46,0,16.465,0,0,16.465
KCCX20190721-8,KCCX20190721_093928_V06,12,3.120,1.200,46,0,4.469,0,0,4.469
KCCX20190721-8,KCCX20190721_093928_V06,15,3.999,1.200,47,0,4.525,0,0,4.525
KCCX20190721-8,KCCX20190721_094516_V06,0,0.483,1.200,889,1,54153.954,39,1,52138.193
KCCX20190721-8,KCCX20190721_094516_V06,2,0.879,1.200,891,0,393.935,27,0,353.874
KCCX20190721-8,KCCX20190721_094516_V06,6,1.318,1.200,887,0,687.894,32,0,525.120
KCCX20190721-8,KCCX20190721_094516_V06,10,1.802,1.200,447,0,36.488,2,0,27.343
KCCX20190721-8,KCCX20190721_094516_V06,11,2.417,1.200,448,0,20.441,0,0,20.441
KCCX20190721-8,KCCX20190721_094516_V06,12,3.120,1.200,448,0,47.283,2,0,13.999
KCCX20190721-8,KCCX20190721_094516_V06,15,3.999,1.200,447,0,0.830,0,0,0.830
KCCX20190721-13,KCCX20190721_095049_V06,0,0.483,1.200,8154,0,73101.233,1051,0,19843.954
KCCX20190721-13,KCCX20190721_095049_V06,2,0.879,1.200,8160,0,107707.074,1042,0,15712.443
KCCX20190721-13,KCCX20190721_095049_V06,6,1.318,1.200,8168,0,76031.908,1128,0,2124.761
KCCX20190721-13,KCCX20190721_095049_V06,10,1.802,1.200,4081,0,60271.641,392,0,413.383
KCCX20190721-13,KCCX20190721_095049_V06,11,2.417,1.200,4085,0,65615.334,390,0,5111.940
KCCX20190721-13,KCCX20190721_095049_V06,12,3.120,1.200,4087,0,28591.950,274,0,2358.180
KCCX20190721-13,KCCX20190721_100224_V06,0,0.483,1.200,13714,0,68313.778,1179,0,3255.291
KCCX20190721-13,KCCX20190721_100224_V06,2,0.879,1.200,13717,0,108510.084,963,0,1037.226
KCCX20190721-13,KCCX20190721_100224_V06,6,1.318,1.200,13725,0,182766.053,841,0,6250.933
KCCX20190721-13,KCCX20190721_100224_V06,10,1.802,1.200,6872,0,222544.308,291,0,12543.632
KCCX20190721-13,KCCX20190721_100224_V06,11,2.417,1.200,6869,0,142285.131,372,0,602.167
KCCX20190721-13,KCCX20190721_100224_V06,12,3.120,1.200,6873,1,72614.095,411,1,3179.027
KCCX20190721-6,KCCX20190721_092205_V06,0,0.483,1.200,88,0,56499.723,14,0,46542.609
KCCX20190721-6,KCCX20190721_092205_V06,2,0.879,1.200,88,0,1239.890,10,0,697.923
KCCX20190721-6,KCCX20190721_092205_V06,6,1.318,1.200,89,0,186.045,5,0,171.844
KCCX20190721-6,KCCX20190721_092205_V06,10,1.802,1.200,45,0,6.982,1,0,4.689
KCCX20190721-6,KCCX20190721_092205_V06,11,2.417,1.200,44,0,2.480,0,0,2.480
KCCX20190721-6,KCCX20190721_092205_V06,12,3.120,1.200,43,0,4.676,0,0,4.676
KCCX20190721-6,KCCX20190721_092205_V06,15,3.999,1.200,42,0,0.076,0,0,0.076
KCCX20190721-11,KCCX20190721_094516_V06,0,0.483,1.200,63,0,14890.762,5,0,14887.206
KCCX20190721-11,KCCX20190721_094516_V06,2,0.879,1.200,63,0,247.871,0,0,247.871
KCCX20190721-11,KCCX20190721_094516_V06,6,1.318,1.200,63,0,8.594,0,0,8.594
KCCX20190721-11,KCCX20190721_094516_V06,10,1.802,1.200,32,0,1.402,0,0,1.402
KCCX20190721-11,KCCX20190721_094516_V06,11,2.417,1.200,31,0,4.372,0,0,4.372
KCCX20190721-11,KCCX20190721_094516_V06,12,3.120,1.200,32,0,0.048,0,0,0.048
KCCX20190721-11,KCCX20190721_094516_V06,15,3.999,1.200,32,0,0.048,0,0,0.048
KCCX20190721-19,KCCX20190721_111003_V06,0,0.483,1.200,4103,28,1011963.823,224,0,2033.524
KCCX20190721-19,KCCX20190721_111003_V06,2,0.879,1.200,4114,11,1449220.273,222,0,753.663
KCCX20190721-19,KCCX20190721_111003_V06,6,1.318,1.200,4107,0,542234.652,184,0,6038.693
KCCX20190722-11,KCCX20190722_102619_V06,0,0.483,1.200,3498,14,343078.581,703,0,1923.113
KCCX20190722-11,KCCX20190722_102619_V06,2,0.879,1.200,3503,12,296737.718,645,0,631.601
KCCX20190722-11,KCCX20190722_102619_V06,4,1.318,1.200,3509,4,486953.265,604,0,79.234
KCCX20190722-11,KCCX20190722_102619_V06,8,1.802,1.200,1753,8,300886.797,225,0,767.521
KCCX20190722-11,KCCX20190722_102619_V06,9,2.417,1.200,1754,5,302551.864,220,0,5039.682
KCCX20190722-11,KCCX20190722_102619_V06,10,3.120,1.200,1754,1,220467.948,216,0,532.070
KCCX20190722-11,KCCX20190722_103229_V06,0,0.483,1.200,5956,15,354151.023,889,0,17266.004
KCCX20190722-11,KCCX20190722_103229_V06,2,0.879,1.200,5962,5,462733.602,795,0,4168.169
KCCX20190722-11,KCCX20190722_103229_V06,4,1.318,1.200,5962,12,386153.289,771,0,1127.818
KCCX20190722-11,KCCX20190722_103229_V06,8,1.802,1.200,2978,3,299014.364,321,0,254.185
KCCX20190722-11,KCCX20190722_103229_V06,9,2.417,1.200,2981,3,281432.653,325,0,935.354
KCCX20190722-11,KCCX20190722_103229_V06,10,3.120,1.200,2981,0,100093.661,259,0,865.781
KCCX20190722-11,KCCX20190722_103229_V06,13,3.999,1.200,2982,0,5149.160,59,0,152.981
KCCX20190722-17,KCCX20190722_110934_V06,0,0.483,1.200,2159,0,51587.093,437,0,13660.437
KCCX20190722-17,KCCX20190722_110934_V06,2,0.879,1.200,2167,0,94053.780,357,0,51816.628
KCCX20190722-17,KCCX20190722_110934_V06,4,1.318,1.200,2161,0,113278.047,614,0,31784.891
KCCX20190723-2,KCCX20190723_095324_V06,0,0.483,1.200,82,0,27743.691,0,0,27743.691
KCCX20190723-2,KCCX20190723_095324_V06,2,0.879,1.200,82,0,1048.779,14,0,614.801
KCCX20190723-2,KCCX20190723_095324_V06,6,1.318,1.200,81,0,34.892,5,0,23.837
KCCX20190723-2,KCCX20190723_095324_V06,10,1.802,1.200,40,0,0.060,0,0,0.060
KCCX20190723-2,KCCX20190723_095324_V06,11,2.417,1.200,40,0,0.061,0,0,0.061
KCCX20190723-2,KCCX20190723_095324_V06,12,3.120,1.200,40,0,0.061,0,0,0.061
KCCX20190723-2,KCCX20190723_095324_V06,15,3.999,1.200,40,0,0.061,0,0,0.061
KCCX20190724-5,KCCX20190724_100037_V06,0,0.483,1.200,1358,0,24856.964,421,0,23213.073
KCCX20190724-5,KCCX20190724_100037_V06,2,1.494,1.200,1358,0,3.252,0,0,3.252
KCCX20190724-5,KCCX20190724_101015_V06,0,0.483,1.200,3156,0,55959.123,668,0,53243.985
KCCX20190724-5,KCCX20190724_101015_V06,2,1.494,1.200,3165,0,9.891,2,0,9.267
KCCX20190724-5,KCCX20190724_101954_V06,0,0.483,1.200,4544,0,34755.837,1596,0,27431.163
KCCX20190724-5,KCCX20190724_101954_V06,2,1.494,1.200,4546,0,20.828,12,0,17.255
KCCX20190724-1,KCCX20190724_091225_V06,0,0.483,1.200,606,0,925680.654,58,0,925566.910
KCCX20190724-1,KCCX20190724_091225_V06,2,1.494,1.200,605,0,224.607,4,0,191.263
KCCX20190724-2,KCCX20190724_091225_V06,0,0.483,1.200,70,0,28229.256,0,0,28229.256
KCCX20190724-2,KCCX20190724_091225_V06,2,1.494,1.200,71,0,9.830,18,0,8.187
KCCX20190724-2,KCCX20190724_091225_V06,4,2.505,1.200,71,0,0.404,0,0,0.404
KCCX20190724-2,KCCX20190724_091225_V06,6,3.516,1.200,34,0,0.063,0,0,0.063
KCCX20190724-6,KCCX20190724_101015_V06,0,0.483,1.200,1187,0,36006.135,1,0,36005.586
KCCX20190724-6,KCCX20190724_101015_V06,2,1.494,1.200,1185,0,123.426,30,0,117.524
KCCX20190724-6,KCCX20190724_101015_V06,4,2.505,1.200,1180,0,11.488,16,0,8.470
KCCX20190725-5,KCCX20190725_100836_V06,0,0.483,1.200,1473,0,12877.949,22,0,12849.225
KCCX20190725-5,KCCX20190725_100836_V06,2,1.494,1.200,1469,0,1486.394,102,0,1421.470
KCCX20190725-5,KCCX20190725_100836_V06,4,2.505,1.200,1470,0,498.234,267,0,430.704
KCCX20190725-5,KCCX20190725_100836_V06,6,3.516,1.200,735,0,419.826,128,0,397.481
KCCX20190725-5,KCCX20190725_100836_V06,7,4.482,1.200,741,0,26.275,155,0,19.542
KCCX20190725-5,KCCX20190725_101813_V06,0,0.483,1.200,5385,0,23847.294,91,0,23586.215
KCCX20190725-5,KCCX20190725_101813_V06,2,1.494,1.200,5385,0,5137.026,474,0,4709.539
KCCX20190725-5,KCCX20190725_101813_V06,4,2.505,1.200,5389,0,697.097,1067,0,550.288
KCCX20190725-5,KCCX20190725_101813_V06,6,3.516,1.200,2699,0,287.327,561,0,221.376
KCCX20190725-5,KCCX20190725_101813_V06,7,4.482,1.200,2705,0,132.503,585,0,93.187
KCCX20190725-5,KCCX20190725_102750_V06,0,0.483,1.200,12462,0,25579.617,486,0,24773.585
KCCX20190725-5,KCCX20190725_102750_V06,2,1.494,1.200,12472,0,7716.010,1342,0,6779.098
KCCX20190725-5,KCCX20190725_102750_V06,4,2.505,1.200,12488,0,1501.785,3181,0,1023.772
KCCX20190725-5,KCCX20190725_102750_V06,6,3.516,1.200,6247,0,332.269,1129,0,263.702
KCCX20190725-5,KCCX20190725_102750_V06,7,4.482,1.200,6254,0,238.796,1179,0,158.024
KCCX20190725-5,KCCX20190725_103727_V06,0,0.483,1.200,22822,0,30360.513,1323,0,28799.250
KCCX20190725-5,KCCX20190725_103727_V06,2,1.494,1.200,22834,0,8690.610,2679,0,7486.254
KCCX20190725-5,KCCX20190725_103727_V06,4,2.505,1.200,22849,0,3032.443,5353,0,2143.178
KCCX20190725-5,KCCX20190725_103727_V06,6,3.516,1.200,11433,0,610.265,2472,0,395.084
KCCX20190725-5,KCCX20190725_103727_V06,7,4.482,1.200,11450,0,382.214,2868,0,194.622
KCCX20190725-5,KCCX20190725_104706_V06,0,0.483,1.200,48362,0,61005.068,3115,0,57998.545
KCCX20190725-5,KCCX20190725_104706_V06,2,1.494,1.200,48389,0,10207.687,9375,0,7550.816
KCCX20190725-5,KCCX20190725_104706_V06,4,2.505,1.200,48426,0,4297.745,10851,0,3111.915
KCCX20190725-5,KCCX20190725_104706_V06,6,3.516,1.200,24240,0,1185.135,5268,0,713.620
KCCX20190725-5,KCCX20190725_104706_V06,7,4.482,1.200,24279,0,668.371,4813,0,351.907
KCCX20190725-1,KCCX20190725_091052_V06,0,0.483,1.200,873,2,297980.780,0,2,297980.780
KCCX20190725-1,KCCX20190725_091052_V06,2,1.494,1.200,875,0,103.724,8,0,99.045
KCCX20190725-1,KCCX20190725_091052_V06,4,2.505,1.200,873,0,53.419,18,0,50.006
KCCX20190725-2,KCCX20190725_092029_V06,0,0.483,1.200,110,27,37726.413,9,18,37726.413
KCCX20190725-2,KCCX20190725_092029_V06,2,1.494,1.200,110,0,2025.566,8,0,1929.372
KCCX20190725-2,KCCX20190725_092029_V06,4,2.505,1.200,112,0,51.947,10,0,50.618
KCCX20190725-2,KCCX20190725_092029_V06,6,3.516,1.200,55,0,2.085,7,0,1.959
KCCX20190725-2,KCCX20190725_092029_V06,7,4.482,1.200,54,0,1.169,3,0,1.143
KCCX20190725-3,KCCX20190725_094921_V06,0,0.483,1.200,6297,0,3730.216,1210,0,1947.862
KCCX20190725-3,KCCX20190725_094921_V06,2,1.494,1.200,6301,0,31.100,2,0,27.071
KCCX20190725-4,KCCX20190725_100836_V06,0,0.483,1.200,1581,0,51446.213,4,0,51445.498
KCCX20190725-4,KCCX20190725_100836_V06,2,1.494,1.200,1578,0,470.545,33,0,459.850
KCCX20190725-4,KCCX20190725_100836_V06,4,2.505,1.200,1575,0,24.738,42,0,9.183
KCCX20190725-6,KCCX20190725_103727_V06,0,0.483,1.200,1428,0,36368.126,65,0,36346.418
KCCX20190725-6,KCCX20190725_103727_V06,2,1.494,1.200,1428,0,319.248,422,0,206.310
KCCX20190725-6,KCCX20190725_103727_V06,4,2.505,1.200,1427,0,27.272,22,0,18.720
KCCX20190726-1,KCCX20190726_090740_V06,0,0.483,1.200,398,2,85248.368,2,2,85245.848
KCCX20190726-1,KCCX20190726_090740_V06,2,1.494,1.200,396,0,112.853,67,0,102.371
KCCX20190726-1,KCCX20190726_090740_V06,4,2.505,1.200,402,0,10.643,20,0,8.943
KCCX20190726-1,KCCX20190726_090740_V06,6,3.516,1.200,200,0,19.524,15,0,10.877
KCCX20190726-1,KCCX20190726_090740_V06,7,4.482,1.200,201,0,9.775,8,0,8.725
KCCX20190726-2,KCCX20190726_092654_V06,0,0.483,1.200,1174,0,92144.451,12,0,92085.291
KCCX20190726-2,KCCX20190726_092654_V06,2,1.494,1.200,1172,0,137.762,75,0,64.220
KCCX20190726-2,KCCX20190726_092654_V06,4,2.505,1.200,1177,0,14.713,10,0,10.334
KCCX20190726-5,KCCX20190726_104353_V06,0,0.483,1.200,444,0,590.590,24,0,537.563
KCCX20190726-5,KCCX20190726_104353_V06,2,1.494,1.200,444,0,12.196,113,0,8.230
KCCX20190726-5,KCCX20190726_104353_V06,4,2.505,1.200,440,0,149.921,88,0,108.438
KCCX20190726-5,KCCX20190726_104353_V06,6,3.516,1.200,223,0,102.432,94,0,51.555
KCCX20190726-5,KCCX20190726_104353_V06,7,4.482,1.200,223,0,1.213,7,0,1.076
KCCX20190727-1,KCCX20190727_091053_V06,0,0.483,1.200,241,16,1973879.249,12,16,1902054.069
KCCX20190727-1,KCCX20190727_091053_V06,2,1.494,1.200,242,0,667.700,4,0,661.782
KCCX20190727-2,KCCX20190727_092029_V06,0,0.483,1.200,284,0,100911.011,50,0,55491.254
KCCX20190727-2,KCCX20190727_092029_V06,2,1.494,1.200,284,0,77.849,12,0,71.807
KCCX20190727-4,KCCX20190727_093944_V06,0,0.483,1.200,483,0,121246.549,8,0,115137.633
KCCX20190727-4,KCCX20190727_093944_V06,2,1.494,1.200,484,0,111.406,22,0,53.962
KCCX20190727-4,KCCX20190727_093944_V06,4,2.505,1.200,487,0,15.205,8,0,11.963
KCCX20190727-5,KCCX20190727_100837_V06,0,0.483,1.200,544,0,453146.441,8,0,452683.034
KCCX20190727-5,KCCX20190727_100837_V06,2,1.494,1.200,545,0,20.442,0,0,20.442
KCCX20190727-6,KCCX20190727_100837_V06,0,0.483,1.200,1810,0,282.256,96,0,242.497
KCCX20190727-6,KCCX20190727_100837_V06,2,1.494,1.200,1811,0,1758.751,1153,0,784.300
KCCX20190727-6,KCCX20190727_100837_V06,4,2.505,1.200,1815,0,15.951,35,0,13.513
KCCX20190727-6,KCCX20190727_100837_V06,6,3.516,1.200,907,0,1.852,0,0,1.852
KCCX20190727-7,KCCX20190727_100837_V06,0,0.483,1.200,7221,0,13185.432,863,0,11601.193
KCCX20190727-7,KCCX20190727_100837_V06,2,1.494,1.200,7224,0,259.047,132,0,207.407
KCCX20190727-8,KCCX20190727_101813_V06,0,0.483,1.200,1483,6,470240.916,46,2,361694.036
KCCX20190727-8,KCCX20190727_101813_V06,2,1.494,1.200,1480,0,156.893,42,0,101.279
KCCX20190727-8,KCCX20190727_101813_V06,4,2.505,1.200,1478,0,52.472,36,0,37.851
KCCX20190727-9,KCCX20190727_104704_V06,0,0.483,1.200,10260,0,10549.138,853,0,9523.008
KCCX20190727-9,KCCX20190727_104704_V06,2,1.494,1.200,10270,0,338.710,528,0,280.233
KCCX20190727-9,KCCX20190727_104704_V06,4,2.505,1.200,10274,0,372.827,309,0,335.930
KCCX20190727-9,KCCX20190727_104704_V06,6,3.516,1.200,5142,0,81.140,147,0,59.533
KCCX20190727-9,KCCX20190727_104704_V06,7,4.482,1.200,5153,0,92.853,174,0,58.002
KCCX20190727-10,KCCX20190727_110617_V06,0,0.483,1.200,387,6,391012.248,34,0,343722.300
KCCX20190727-10,KCCX20190727_110617_V06,2,1.494,1.200,389,0,132.942,36,0,91.156
KCCX20190727-10,KCCX20190727_110617_V06,4,2.505,1.200,390,0,273.322,19,0,136.640
KCCX20190728-2,KCCX20190728_090808_V06,0,0.483,1.200,62,0,30021.832,11,0,17782.569
KCCX20190728-2,KCCX20190728_090808_V06,2,0.879,1.200,63,0,2898.806,13,0,553.191
KCCX20190728-2,KCCX20190728_090808_V06,6,1.318,1.200,63,0,163.451,10,0,152.388
KCCX20190728-2,KCCX20190728_090808_V06,10,1.802,1.200,29,0,0.043,0,0,0.043
KCCX20190728-2,KCCX20190728_090808_V06,11,2.417,1.200,29,0,0.043,0,0,0.043
KCCX20190728-2,KCCX20190728_090808_V06,12,3.120,1.200,30,0,3.560,0,0,3.560
KCCX20190728-2,KCCX20190728_090808_V06,15,3.999,1.200,31,0,0.046,0,0,0.046
KCCX20190728-2,KCCX20190728_091311_V06,0,0.483,1.200,759,3,26689.277,48,0,17399.098
KCCX20190728-2,KCCX20190728_091311_V06,2,0.879,1.200,756,0,2190.776,53,0,1476.355
KCCX20190728-2,KCCX20190728_091311_V06,6,1.318,1.200,759,0,227.899,75,0,134.074
KCCX20190728-2,KCCX20190728_091311_V06,10,1.802,1.200,382,0,21.866,2,0,14.375
KCCX20190728-2,KCCX20190728_091311_V06,11,2.417,1.200,380,0,6.513,2,0,1.875
KCCX20190728-2,KCCX20190728_091311_V06,12,3.120,1.200,378,0,0.566,0,0,0.566
KCCX20190728-2,KCCX20190728_091311_V06,15,3.999,1.200,376,0,0.565,0,0,0.565
KCCX20190728-8,KCCX20190728_093828_V06,0,0.483,1.200,74,1,33983.113,11,1,32272.837
KCCX20190728-8,KCCX20190728_093828_V06,2,0.879,1.200,75,0,490.728,6,0,370.375
KCCX20190728-8,KCCX20190728_093828_V06,6,1.318,1.200,74,0,91.486,16,0,43.953
KCCX20190728-8,KCCX20190728_093828_V06,10,1.802,1.200,35,0,9.401,0,0,9.401
KCCX20190728-8,KCCX20190728_093828_V06,11,2.417,1.200,34,0,5.193,0,0,5.193
KCCX20190728-8,KCCX20190728_093828_V06,12,3.120,1.200,35,0,0.066,0,0,0.066
KCCX20190728-8,KCCX20190728_093828_V06,15,3.999,1.200,35,0,0.066,0,0,0.066
KCCX20190728-8,KCCX20190728_094416_V06,0,0.483,1.200,828,1,46203.285,51,0,25115.517
KCCX20190728-8,KCCX20190728_094416_V06,2,0.879,1.200,827,0,1040.785,32,0,856.814
KCCX20190728-8,KCCX20190728_094416_V06,6,1.318,1.200,829,0,568.958,37,0,161.071
KCCX20190728-8,KCCX20190728_094416_V06,10,1.802,1.200,415,0,7.175,0,0,7.175
KCCX20190728-8,KCCX20190728_094416_V06,11,2.417,1.200,413,0,50.679,1,0,49.056
KCCX20190728-8,KCCX20190728_094416_V06,12,3.120,1.200,414,0,11.285,1,0,8.712
KCCX20190728-8,KCCX20190728_094416_V06,15,3.999,1.200,417,0,0.780,0,0,0.780
KCCX20190728-11,KCCX20190728_100616_V06,0,0.483,1.200,85,1,27145.512,12,0,26141.564
KCCX20190728-11,KCCX20190728_100616_V06,2,0.879,1.200,84,0,1205.377,7,0,1132.058
KCCX20190728-11,KCCX20190728_100616_V06,6,1.318,1.200,84,0,252.894,9,0,232.248
KCCX20190728-11,KCCX20190728_100616_V06,10,1.802,1.200,40,0,0.074,0,0,0.074
KCCX20190728-11,KCCX20190728_100616_V06,11,2.417,1.200,40,0,28.671,2,0,17.307
KCCX20190728-11,KCCX20190728_100616_V06,12,3.120,1.200,41,0,0.076,0,0,0.076
KCCX20190728-11,KCCX20190728_100616_V06,15,3.999,1.200,39,0,0.072,0,0,0.072
KCCX20190728-12,KCCX20190728_100616_V06,0,0.483,1.200,66,1,30480.730,13,1,19892.523
KCCX20190728-12,KCCX20190728_100616_V06,2,0.879,1.200,67,0,579.419,5,0,353.997
KCCX20190728-12,KCCX20190728_100616_V06,6,1.318,1.200,66,0,446.759,10,0,189.711
KCCX20190728-12,KCCX20190728_100616_V06,10,1.802,1.200,33,0,2.144,0,0,2.144
KCCX20190728-12,KCCX20190728_100616_V06,11,2.417,1.200,33,0,0.050,0,0,0.050
KCCX20190728-12,KCCX20190728_100616_V06,12,3.120,1.200,33,0,0.050,0,0,0.050
KCCX20190728-12,KCCX20190728_100616_V06,15,3.999,1.200,33,0,0.050,0,0,0.050
KCCX20190728-13,KCCX20190728_104237_V06,0,0.483,1.200,78,2,41207.873,15,0,26449.296
KCCX20190728-13,KCCX20190728_104237_V06,2,0.879,1.200,78,0,302.828,1,0,300.997
KCCX20190728-13,KCCX20190728_104237_V06,6,1.318,1.200,76,0,308.663,4,0,141.764
KCCX20190728-13,KCCX20190728_104237_V06,10,1.802,1.200,35,0,6.957,0,0,6.957
KCCX20190728-13,KCCX20190728_104237_V06,11,2.417,1.200,36,0,0.066,0,0,0.066
KCCX20190728-13,KCCX20190728_104237_V06,12,3.120,1.200,36,0,0.066,0,0,0.066
KCCX20190728-13,KCCX20190728_104237_V06,15,3.999,1.200,37,0,0.068,0,0,0.068
KCCX20190728-14,KCCX20190728_111815_V06,0,0.483,1.200,67,0,38377.926,4,0,5614.049
KCCX20190728-14,KCCX20190728_111815_V06,2,0.879,1.200,66,0,1128.122,1,0,1121.674
KCCX20190728-14,KCCX20190728_111815_V06,6,1.318,1.200,66,0,144.805,7,0,131.963
KCCX20190728-14,KCCX20190728_111815_V06,10,1.802,1.200,34,0,6.563,0,0,6.563
KCCX20190728-14,KCCX20190728_111815_V06,11,2.417,1.200,34,0,11.078,0,0,11.078
KCCX20190728-14,KCCX20190728_111815_V06,12,3.120,1.200,33,0,0.061,0,0,0.061
KCCX20190728-14,KCCX20190728_111815_V06,15,3.999,1.200,32,0,0.059,0,0,0.059
KCCX20190729-2,KCCX20190729_101053_V06,0,0.483,1.200,16443,0,11143.646,461,0,10720.762
KCCX20190729-2,KCCX20190729_101053_V06,2,1.494,1.200,16460,0,1372.429,1446,0,789.794
KCCX20190729-2,KCCX20190729_102030_V06,0,0.483,1.200,24491,0,14353.604,772,0,13589.480
KCCX20190729-2,KCCX20190729_102030_V06,2,1.494,1.200,24515,0,4667.371,2713,0,3354.484
KCCX20190729-4,KCCX20190729_102030_V06,0,0.483,1.200,926,4,783486.545,32,4,783455.015
KCCX20190729-4,KCCX20190729_102030_V06,2,1.494,1.200,928,0,140.503,16,0,137.274
KCCX20190729-4,KCCX20190729_102030_V06,4,2.505,1.200,926,0,58.722,19,0,48.466
KCCX20190729-4,KCCX20190729_103008_V06,0,0.483,1.200,4173,2,719433.017,385,2,719037.074
KCCX20190729-4,KCCX20190729_103008_V06,2,1.494,1.200,4176,0,256.896,74,0,193.486
KCCX20190729-4,KCCX20190729_103008_V06,4,2.505,1.200,4179,0,93.416,79,0,74.160
KCCX20190729-1,KCCX20190729_094202_V06,0,0.483,1.200,7620,0,258.287,102,0,255.401
KCCX20190729-1,KCCX20190729_094202_V06,2,1.494,1.200,7624,0,357.371,482,0,309.814
KCCX20190729-1,KCCX20190729_094202_V06,4,2.505,1.200,7636,0,185.343,981,0,159.568
KCCX20190729-1,KCCX20190729_094202_V06,6,3.516,1.200,3820,0,169.474,722,0,130.085
KCCX20190729-1,KCCX20190729_094202_V06,7,4.482,1.200,3827,0,115.084,725,0,89.123
KCCX20190730-12,KCCX20190730_112540_V06,0,0.483,1.200,67,0,29162.167,5,0,19278.088
KCCX20190730-12,KCCX20190730_112540_V06,2,0.879,1.200,67,0,882.486,6,0,828.674
KCCX20190730-12,KCCX20190730_112540_V06,6,1.318,1.200,66,0,16.457,3,0,14.057
KCCX20190730-12,KCCX20190730_112540_V06,10,1.802,1.200,35,0,7.722,0,0,7.722
KCCX20190730-12,KCCX20190730_112540_V06,11,2.417,1.200,34,0,0.051,0,0,0.051
KCCX20190730-12,KCCX20190730_112540_V06,12,3.120,1.200,32,0,0.048,0,0,0.048
KCCX20190730-12,KCCX20190730_112540_V06,15,3.999,1.200,33,0,0.050,0,0,0.050
KCCX20190730-12,KCCX20190730_113043_V06,0,0.483,1.200,783,0,30191.695,40,0,26533.365
KCCX20190730-12,KCCX20190730_113043_V06,2,0.879,1.200,786,0,301.704,12,0,261.133
KCCX20190730-12,KCCX20190730_113043_V06,6,1.318,1.200,785,0,109.685,18,0,61.480
KCCX20190730-12,KCCX20190730_113043_V06,10,1.802,1.200,393,0,4.061,0,0,4.061
KCCX20190730-12,KCCX20190730_113043_V06,11,2.417,1.200,395,0,0.596,0,0,0.596
KCCX20190730-12,KCCX20190730_113043_V06,12,3.120,1.200,395,0,0.596,0,0,0.596
KCCX20190730-12,KCCX20190730_113043_V06,15,3.999,1.200,393,0,0.595,0,0,0.595
KCCX20190731-1,KCCX20190731_091029_V06,0,0.483,1.200,70,8,42070.393,14,2,38091.607
KCCX20190731-1,KCCX20190731_091029_V06,2,0.879,1.200,70,0,5929.656,9,0,936.061
KCCX20190731-1,KCCX20190731_091029_V06,6,1.318,1.200,70,0,284.122,15,0,56.065
KCCX20190731-1,KCCX20190731_091029_V06,8,1.802,1.200,32,0,12.178,0,0,12.178
KCCX20190731-1,KCCX20190731_091029_V06,9,2.417,1.200,33,0,1.582,0,0,1.582
KCCX20190731-1,KCCX20190731_091029_V06,12,3.120,1.200,34,0,0.051,0,0,0.051
KCCX20190731-1,KCCX20190731_091029_V06,13,3.999,1.200,36,0,0.055,0,0,0.055
KCCX20190731-3,KCCX20190731_091842_V06,0,0.483,1.200,305,1,256735.497,114,0,408.715
KCCX20190731-3,KCCX20190731_091842_V06,2,0.879,1.200,305,5,285125.859,107,0,534.636
KCCX20190731-3,KCCX20190731_091842_V06,6,1.318,1.200,305,0,452300.949,123,0,21089.480
KCCX20190731-3,KCCX20190731_091842_V06,8,1.802,1.200,153,0,213799.773,40,0,823.271
KCCX20190731-3,KCCX20190731_091842_V06,9,2.417,1.200,153,0,4316.306,18,0,58.006
KCCX20190801-5,KCCX20190801_112433_V06,0,0.483,1.200,716,0,416707.123,49,0,416641.172
KCCX20190801-5,KCCX20190801_112433_V06,2,1.494,1.200,713,0,189.844,13,0,111.605
KCCX20190801-5,KCCX20190801_113410_V06,0,0.483,1.200,1913,4,1025207.022,96,4,1025052.177
KCCX20190801-5,KCCX20190801_113410_V06,2,1.494,1.200,1914,0,426.522,34,0,391.598
KCCX20190801-1,KCCX20190801_092636_V06,0,0.483,1.200,48,0,21787.369,0,0,21787.369
KCCX20190801-1,KCCX20190801_092636_V06,2,1.494,1.200,48,0,52.879,0,0,52.879
KCCX20190801-1,KCCX20190801_092636_V06,4,2.505,1.200,49,0,0.787,0,0,0.787
KCCX20190801-1,KCCX20190801_092636_V06,6,3.516,1.200,25,0,0.038,0,0,0.038
KCCX20190801-1,KCCX20190801_092636_V06,7,4.482,1.200,23,0,0.035,0,0,0.035
KCCX20190801-2,KCCX20190801_094819_V06,0,0.483,1.200,2003,0,186.955,61,0,169.449
KCCX20190801-2,KCCX20190801_094819_V06,2,1.494,1.200,2003,0,357.065,76,0,333.606
KCCX20190801-2,KCCX20190801_094819_V06,4,2.505,1.200,1999,0,234.090,139,0,219.512
KCCX20190801-2,KCCX20190801_094819_V06,6,3.516,1.200,1004,0,272.759,74,0,252.302
KCCX20190801-2,KCCX20190801_094819_V06,7,4.482,1.200,1006,0,273.917,97,0,247.993
KCCX20190801-3,KCCX20190801_100735_V06,0,0.483,1.200,318,0,65567.656,1,0,65562.891
KCCX20190801-3,KCCX20190801_100735_V06,2,1.494,1.200,318,0,346.216,66,0,293.381
KCCX20190801-3,KCCX20190801_100735_V06,4,2.505,1.200,316,0,15.335,2,0,14.124
KCCX20190801-4,KCCX20190801_100735_V06,0,0.483,1.200,15563,0,78828.590,29,0,78753.751
KCCX20190801-4,KCCX20190801_100735_V06,2,1.494,1.200,15567,0,5454.930,768,0,5317.757
KCCX20190801-4,KCCX20190801_100735_V06,4,2.505,1.200,15582,0,2035.720,2140,0,1678.250
KCCX20190801-4,KCCX20190801_100735_V06,6,3.516,1.200,7800,0,1138.533,1020,0,967.281
KCCX20190801-4,KCCX20190801_100735_V06,7,4.482,1.200,7809,0,579.869,1048,0,490.193
KCCX20190802-21,KCCX20190802_101346_V06,0,0.483,1.200,1892,0,58543.196,46,0,56642.483
KCCX20190802-21,KCCX20190802_101346_V06,2,0.879,1.200,1892,0,13190.244,52,0,12797.691
KCCX20190802-21,KCCX20190802_101346_V06,6,1.318,1.200,1890,0,703.065,31,0,587.694
KCCX20190802-21,KCCX20190802_101346_V06,10,1.802,1.200,947,0,27.869,1,0,21.043
KCCX20190802-21,KCCX20190802_101346_V06,11,2.417,1.200,947,0,2.281,0,0,2.281
KCCX20190802-21,KCCX20190802_101346_V06,12,3.120,1.200,948,0,2.286,0,0,2.286
KCCX20190802-21,KCCX20190802_101936_V06,0,0.483,1.200,3802,0,63061.071,140,0,59289.831
KCCX20190802-21,KCCX20190802_101936_V06,2,0.879,1.200,3803,0,20126.446,161,0,19494.239
KCCX20190802-21,KCCX20190802_101936_V06,6,1.318,1.200,3805,0,3470.344,117,0,3047.422
KCCX20190802-21,KCCX20190802_101936_V06,10,1.802,1.200,1899,0,28.256,0,0,28.256
KCCX20190802-21,KCCX20190802_101936_V06,11,2.417,1.200,1904,0,9.920,0,0,9.920
KCCX20190802-21,KCCX20190802_101936_V06,12,3.120,1.200,1901,0,4.515,0,0,4.515
KCCX20190802-21,KCCX20190802_102524_V06,0,0.483,1.200,3994,0,45448.851,162,0,43584.562
KCCX20190802-21,KCCX20190802_102524_V06,2,0.879,1.200,3992,0,18382.429,188,0,17527.273
KCCX20190802-21,KCCX20190802_102524_V06,6,1.318,1.200,3994,0,6355.143,167,0,5667.702
KCCX20190802-21,KCCX20190802_102524_V06,10,1.802,1.200,1996,0,197.083,5,0,167.094
KCCX20190802-21,KCCX20190802_102524_V06,11,2.417,1.200,2001,0,13.886,0,0,13.886
KCCX20190802-21,KCCX20190802_102524_V06,12,3.120,1.200,2000,0,9.361,0,0,9.361
KCCX20190802-1,KCCX20190802_091021_V06,0,0.483,1.200,71,1,42017.398,1,1,42016.511
KCCX20190802-1,KCCX20190802_091021_V06,2,0.879,1.200,70,0,1723.862,6,0,589.558
KCCX20190802-1,KCCX20190802_091021_V06,6,1.318,1.200,72,0,48.915,5,0,44.377
KCCX20190802-1,KCCX20190802_091021_V06,10,1.802,1.200,36,0,0.054,0,0,0.054
KCCX20190802-1,KCCX20190802_091021_V06,11,2.417,1.200,36,0,0.054,0,0,0.054
KCCX20190802-1,KCCX20190802_091021_V06,12,3.120,1.200,34,0,0.051,0,0,0.051
KCCX20190802-1,KCCX20190802_091021_V06,15,3.999,1.200,35,0,0.053,0,0,0.053
KCCX20190802-2,KCCX20190802_091021_V06,0,0.483,1.200,99,0,11023.979,5,0,10994.229
KCCX20190802-2,KCCX20190802_091021_V06,2,0.879,1.200,99,0,797.959,7,0,779.491
KCCX20190802-2,KCCX20190802_091021_V06,6,1.318,1.200,99,0,74.188,7,0,62.778
KCCX20190802-2,KCCX20190802_091021_V06,10,1.802,1.200,49,0,0.089,0,0,0.089
KCCX20190802-2,KCCX20190802_091021_V06,11,2.417,1.200,49,0,0.089,0,0,0.089
KCCX20190802-2,KCCX20190802_091021_V06,12,3.120,1.200,50,0,0.091,0,0,0.091
KCCX20190802-2,KCCX20190802_091021_V06,15,3.999,1.200,52,0,0.095,0,0,0.095
KCCX20190802-8,KCCX20190802_092557_V06,0,0.483,1.200,574,0,327196.915,2,0,327184.364
KCCX20190802-8,KCCX20190802_092557_V06,2,1.494,1.200,573,0,271.341,36,0,192.769
KCCX20190802-8,KCCX20190802_092557_V06,4,2.505,1.200,572,0,178.738,42,0,33.348
KCCX20190802-13,KCCX20190802_100211_V06,0,0.483,1.200,876,0,8706.456,33,0,8547.150
KCCX20190802-13,KCCX20190802_100211_V06,2,0.879,1.200,875,0,3548.169,66,0,3387.234
KCCX20190802-13,KCCX20190802_100211_V06,6,1.318,1.200,877,0,804.571,73,0,736.691
KCCX20190802-13,KCCX20190802_100211_V06,10,1.802,1.200,438,0,53.681,27,0,39.163
KCCX20190802-13,KCCX20190802_100211_V06,11,2.417,1.200,436,0,12.100,5,0,5.566
KCCX20190802-13,KCCX20190802_100211_V06,12,3.120,1.200,437,0,7.408,10,0,5.332
KCCX20190802-13,KCCX20190802_100211_V06,15,3.999,1.200,439,0,13.725,22,0,11.287
KCCX20190802-13,KCCX20190802_100211_V06,16,5.098,1.200,441,0,3.425,5,0,2.786
KCCX20190802-13,KCCX20190802_100211_V06,17,6.416,1.200,444,0,0.804,1,0,0.764
KCCX20190802-14,KCCX20190802_100211_V06,0,0.483,1.200,1319,0,16881.329,68,0,16825.959
KCCX20190802-14,KCCX20190802_100211_V06,2,0.879,1.200,1322,0,7125.110,100,0,7090.065
KCCX20190802-14,KCCX20190802_100211_V06,6,1.318,1.200,1322,0,2398.099,121,0,2352.916
KCCX20190802-14,KCCX20190802_100211_V06,10,1.802,1.200,664,0,379.481,48,0,340.319
KCCX20190802-14,KCCX20190802_100211_V06,11,2.417,1.200,664,0,4.950,7,0,3.869
KCCX20190802-14,KCCX20190802_100211_V06,12,3.120,1.200,664,0,21.577,55,0,10.077
KCCX20190802-14,KCCX20190802_100211_V06,15,3.999,1.200,663,0,120.524,249,0,42.402
KCCX20190802-14,KCCX20190802_100211_V06,16,5.098,1.200,661,0,155.858,278,0,42.593
KCCX20190802-14,KCCX20190802_100211_V06,17,6.416,1.200,665,0,24.691,77,0,2.557
KCCX20190802-15,KCCX20190802_100211_V06,0,0.483,1.200,5796,0,30706.686,513,0,30196.411
KCCX20190802-15,KCCX20190802_100211_V06,2,0.879,1.200,5802,0,10480.760,378,0,10294.106
KCCX20190802-15,KCCX20190802_100211_V06,6,1.318,1.200,5804,0,4634.115,259,0,4482.360
KCCX20190802-15,KCCX20190802_100211_V06,10,1.802,1.200,2903,0,1623.534,83,0,1341.838
KCCX20190802-15,KCCX20190802_100211_V06,11,2.417,1.200,2909,0,243.993,130,0,141.232
KCCX20190802-15,KCCX20190802_100211_V06,12,3.120,1.200,2910,0,456.088,524,0,154.739
KCCX20190802-15,KCCX20190802_100211_V06,15,3.999,1.200,2908,0,373.576,607,0,121.073
KCCX20190802-15,KCCX20190802_100211_V06,16,5.098,1.200,2919,0,149.327,212,0,51.293
KCCX20190802-15,KCCX20190802_100211_V06,17,6.416,1.200,2928,0,3.211,0,0,3.211
KCCX20190802-18,KCCX20190802_100211_V06,0,0.483,1.200,1098,0,8734.326,48,0,8533.711
KCCX20190802-18,KCCX20190802_100211_V06,2,0.879,1.200,1095,0,1171.221,66,0,1110.627
KCCX20190802-18,KCCX20190802_100211_V06,6,1.318,1.200,1097,0,74.516,36,0,50.293
KCCX20190802-18,KCCX20190802_100211_V06,10,1.802,1.200,541,0,5.166,0,0,5.166
KCCX20190802-18,KCCX20190802_100211_V06,11,2.417,1.200,544,0,14.423,8,0,10.297
KCCX20190802-18,KCCX20190802_100211_V06,12,3.120,1.200,548,0,24.082,21,0,16.968
KCCX20190802-18,KCCX20190802_100211_V06,15,3.999,1.200,549,0,1.749,0,0,1.749
KCCX20190802-18,KCCX20190802_100211_V06,16,5.098,1.200,548,0,0.379,0,0,0.379
KCCX20190802-18,KCCX20190802_100211_V06,17,6.416,1.200,547,0,0.381,0,0,0.381
KCCX20190802-19,KCCX20190802_100211_V06,0,0.483,1.200,48,1,47725.577,1,1,47661.099
KCCX20190802-19,KCCX20190802_100211_V06,2,0.879,1.200,47,0,95.093,0,0,95.093
KCCX20190802-19,KCCX20190802_100211_V06,6,1.318,1.200,48,0,565.858,5,0,553.054
KCCX20190802-19,KCCX20190802_100211_V06,10,1.802,1.200,24,0,0.044,0,0,0.044
KCCX20190802-19,KCCX20190802_100211_V06,11,2.417,1.200,24,0,4.833,0,0,4.833
KCCX20190802-19,KCCX20190802_100211_V06,12,3.120,1.200,24,0,0.044,0,0,0.044
KCCX20190802-19,KCCX20190802_100211_V06,15,3.999,1.200,24,0,0.044,0,0,0.044
KCCX20190802-22,KCCX20190802_101346_V06,0,0.483,1.200,2337,0,24185.306,177,0,22277.137
KCCX20190802-22,KCCX20190802_101346_V06,2,0.879,1.200,2341,0,2077.129,181,0,938.157
KCCX20190802-22,KCCX20190802_101346_V06,6,1.318,1.200,2345,0,556.297,56,0,264.317
KCCX20190802-22,KCCX20190802_101346_V06,10,1.802,1.200,1171,0,5.244,0,0,5.244
KCCX20190802-23,KCCX20190802_101346_V06,0,0.483,1.200,1153,0,3008.218,33,0,2291.809
KCCX20190802-23,KCCX20190802_101346_V06,2,0.879,1.200,1146,0,1.791,0,0,1.791
KCCX20190802-23,KCCX20190802_101346_V06,6,1.318,1.200,1146,0,1.792,0,0,1.792
KCCX20190802-23,KCCX20190802_101346_V06,10,1.802,1.200,575,0,1.800,0,0,1.800
KCCX20190802-23,KCCX20190802_101346_V06,11,2.417,1.200,577,0,1.808,0,0,1.808
KCCX20190803-1,KCCX20190803_093735_V06,0,0.483,1.200,1455,8,343514.727,107,4,227279.777
KCCX20190803-1,KCCX20190803_093735_V06,2,1.494,1.200,1455,0,91.660,54,0,48.490
KCCX20190803-1,KCCX20190803_093735_V06,4,2.505,1.200,1458,0,106.460,48,0,75.983
KCCX20190803-2,KCCX20190803_104725_V06,0,0.483,1.200,13533,0,15448.674,991,0,12541.787
KCCX20190804-1,KCCX20190804_100021_V06,0,0.483,1.200,183,0,6652.374,0,0,6652.374
KCCX20190804-1,KCCX20190804_100021_V06,2,1.494,1.200,183,0,227.520,84,0,111.069
KCCX20190804-1,KCCX20190804_100021_V06,4,2.505,1.200,182,0,0.282,0,0,0.282
KCCX20190804-1,KCCX20190804_101229_V06,0,0.483,1.200,1579,0,24691.138,12,0,24659.442
KCCX20190804-1,KCCX20190804_101229_V06,2,1.494,1.200,1579,0,4052.751,918,0,1508.929
KCCX20190804-1,KCCX20190804_101229_V06,4,2.505,1.200,1584,0,6.223,2,0,5.488
KCCX20190804-1,KCCX20190804_102206_V06,0,0.483,1.200,941,0,25643.342,0,0,25643.342
KCCX20190804-1,KCCX20190804_102206_V06,2,1.494,1.200,944,0,3279.632,585,0,971.704
KCCX20190804-1,KCCX20190804_102206_V06,4,2.505,1.200,945,0,1.454,0,0,1.454
KCCX20190804-5,KCCX20190804_101229_V06,0,0.483,1.200,3261,0,39598.872,2,0,39588.635
KCCX20190804-5,KCCX20190804_101229_V06,2,1.494,1.200,3261,0,8089.267,51,0,8082.082
KCCX20190804-5,KCCX20190804_101229_V06,4,2.505,1.200,3271,0,3068.479,600,0,3041.379
KCCX20190804-5,KCCX20190804_101229_V06,6,3.516,1.200,1635,0,383.346,495,0,227.344
KCCX20190804-5,KCCX20190804_101229_V06,7,4.482,1.200,1637,0,316.017,518,0,209.666
KCCX20190804-6,KCCX20190804_101229_V06,0,0.483,1.200,1017,0,16724.074,0,0,16724.074
KCCX20190804-6,KCCX20190804_101229_V06,2,1.494,1.200,1017,0,497.748,57,0,493.544
KCCX20190804-6,KCCX20190804_101229_V06,4,2.505,1.200,1019,0,108.381,297,0,77.770
KCCX20190804-6,KCCX20190804_101229_V06,6,3.516,1.200,512,0,181.946,281,0,67.730
KCCX20190804-6,KCCX20190804_101229_V06,7,4.482,1.200,509,0,32.416,142,0,16.458
KCCX20190805-1,KCCX20190805_100242_V06,0,0.483,1.200,644,0,23313.454,1,0,23313.062
KCCX20190805-1,KCCX20190805_100242_V06,2,1.494,1.200,648,0,528.502,132,0,433.843
KCCX20190805-1,KCCX20190805_100242_V06,4,2.505,1.200,649,0,25.396,12,0,19.903
KCCX20190805-1,KCCX20190805_101219_V06,0,0.483,1.200,1976,0,56060.302,10,0,55912.546
KCCX20190805-1,KCCX20190805_101219_V06,2,1.494,1.200,1980,0,1493.461,863,0,883.359
KCCX20190805-1,KCCX20190805_101219_V06,4,2.505,1.200,1980,0,98.653,107,0,81.918
KCCX20190805-1,KCCX20190805_102426_V06,0,0.483,1.200,2823,0,71427.949,0,0,71427.949
KCCX20190805-1,KCCX20190805_102426_V06,2,1.494,1.200,2820,0,2799.996,770,0,2147.897
KCCX20190805-1,KCCX20190805_102426_V06,4,2.505,1.200,2825,0,256.611,363,0,151.259
KCCX20190805-2,KCCX20190805_100242_V06,0,0.483,1.200,443,0,11029.958,2,0,11029.417
KCCX20190805-2,KCCX20190805_100242_V06,2,1.494,1.200,447,0,35.709,48,0,29.251
KCCX20190805-2,KCCX20190805_100242_V06,4,2.505,1.200,449,0,2.503,2,0,2.333
KCCX20190805-2,KCCX20190805_101219_V06,0,0.483,1.200,2727,0,72788.672,13,0,72773.076
KCCX20190805-2,KCCX20190805_101219_V06,2,1.494,1.200,2730,0,480.693,212,0,438.888
KCCX20190805-2,KCCX20190805_101219_V06,4,2.505,1.200,2730,0,30.540,36,0,21.891
KCCX20190805-2,KCCX20190805_102426_V06,0,0.483,1.200,4085,0,67811.857,10,0,67806.508
KCCX20190805-2,KCCX20190805_102426_V06,2,1.494,1.200,4094,0,8907.716,335,0,8831.748
KCCX20190805-2,KCCX20190805_102426_V06,4,2.505,1.200,4095,0,51.731,114,0,31.735
KCCX20190805-2,KCCX20190805_102426_V06,6,3.516,1.200,2054,0,4.854,0,0,4.854
KCCX20190805-11,KCCX20190805_104342_V06,0,0.483,1.200,9230,0,7574.058,143,0,7049.880
KCCX20190805-11,KCCX20190805_110257_V06,0,0.483,1.200,14441,0,17425.018,449,0,15976.780
KCCX20190805-11,KCCX20190805_110257_V06,2,1.494,1.200,14460,0,1499.132,225,0,320.906
KCCX20190805-14,KCCX20190805_113148_V06,0,0.483,1.200,541,0,88619.230,5,0,88599.325
KCCX20190805-14,KCCX20190805_113148_V06,2,1.494,1.200,538,0,1112.753,366,0,346.511
KCCX20190805-14,KCCX20190805_114125_V06,0,0.483,1.200,1860,0,128238.957,46,0,127878.604
KCCX20190805-14,KCCX20190805_114125_V06,2,1.494,1.200,1860,0,2635.288,1229,0,805.591
KCCX20190805-3,KCCX20190805_100242_V06,0,0.483,1.200,1550,0,17566.982,20,0,17545.291
KCCX20190805-3,KCCX20190805_100242_V06,2,1.494,1.200,1554,0,331.579,261,0,197.367
KCCX20190805-4,KCCX20190805_101219_V06,0,0.483,1.200,704,0,29861.375,4,0,29803.054
KCCX20190805-4,KCCX20190805_101219_V06,2,1.494,1.200,703,0,345.790,37,0,338.227
KCCX20190805-4,KCCX20190805_101219_V06,4,2.505,1.200,703,0,53.840,213,0,42.882
KCCX20190805-4,KCCX20190805_101219_V06,6,3.516,1.200,352,0,44.162,154,0,26.825
KCCX20190805-4,KCCX20190805_101219_V06,7,4.482,1.200,354,0,5.722,12,0,5.314
KCCX20190805-5,KCCX20190805_101219_V06,0,0.483,1.200,7423,0,23898.139,200,0,23330.158
KCCX20190805-5,KCCX20190805_101219_V06,2,1.494,1.200,7428,0,4052.793,347,0,3807.138
KCCX20190805-5,KCCX20190805_101219_V06,4,2.505,1.200,7434,0,690.412,527,0,531.517
KCCX20190805-5,KCCX20190805_101219_V06,6,3.516,1.200,3715,0,80.823,442,0,40.694
KCCX20190805-5,KCCX20190805_101219_V06,7,4.482,1.200,3722,0,85.238,565,0,52.896
KCCX20190805-6,KCCX20190805_101219_V06,0,0.483,1.200,882,0,127748.674,21,0,127724.006
KCCX20190805-6,KCCX20190805_101219_V06,2,1.494,1.200,880,0,11.578,6,0,8.904
KCCX20190805-7,KCCX20190805_101219_V06,0,0.483,1.200,4577,0,40217.004,6,0,40199.456
KCCX20190805-7,KCCX20190805_101219_V06,2,1.494,1.200,4580,0,7127.193,54,0,7069.197
KCCX20190805-7,KCCX20190805_101219_V06,4,2.505,1.200,4583,0,1628.043,303,0,1590.437
KCCX20190805-7,KCCX20190805_101219_V06,6,3.516,1.200,2298,0,98.074,382,0,74.832
KCCX20190805-7,KCCX20190805_101219_V06,7,4.482,1.200,2298,0,243.809,432,0,157.981
KCCX20190805-13,KCCX20190805_104342_V06,0,0.483,1.200,1405,0,118504.287,24,0,118148.685
KCCX20190805-13,KCCX20190805_104342_V06,2,1.494,1.200,1407,0,339.719,251,0,157.333
KCCX20190806-8,KCCX20190806_103212_V06,0,0.483,1.200,4155,0,13226.832,20,0,13136.615
KCCX20190806-8,KCCX20190806_103212_V06,2,1.494,1.200,4156,0,31.618,4,0,16.957
KCCX20190806-8,KCCX20190806_104149_V06,0,0.483,1.200,7981,0,26146.024,43,0,26042.315
KCCX20190806-8,KCCX20190806_104149_V06,2,1.494,1.200,7992,0,92.201,2,0,74.975
KCCX20190806-11,KCCX20190806_111042_V06,0,0.483,1.200,2163,3,242344.677,152,3,242278.391
KCCX20190806-11,KCCX20190806_111042_V06,2,1.494,1.200,2168,0,77.932,47,0,68.374
KCCX20190806-11,KCCX20190806_111042_V06,4,2.505,1.200,2163,0,88.656,46,0,62.249
KCCX20190806-11,KCCX20190806_112020_V06,0,0.483,1.200,4399,0,336432.928,416,0,333182.659
KCCX20190806-11,KCCX20190806_112020_V06,2,1.494,1.200,4396,0,139.575,84,0,101.415
KCCX20190806-11,KCCX20190806_112020_V06,4,2.505,1.200,4402,0,96.268,59,0,62.393
KCCX20190806-1,KCCX20190806_091452_V06,0,0.483,1.200,69,1,52770.081,6,1,48578.775
KCCX20190806-1,KCCX20190806_091452_V06,2,0.879,1.200,67,0,623.747,12,0,168.618
KCCX20190806-1,KCCX20190806_091452_V06,6,1.318,1.200,69,0,388.299,5,0,43.285
KCCX20190806-1,KCCX20190806_091452_V06,8,1.802,1.200,33,0,6.445,0,0,6.445
KCCX20190806-1,KCCX20190806_091452_V06,9,2.417,1.200,33,0,0.061,0,0,0.061
KCCX20190806-1,KCCX20190806_091452_V06,12,3.120,1.200,33,0,0.061,0,0,0.061
KCCX20190806-1,KCCX20190806_091452_V06,13,3.999,1.200,32,0,3.857,0,0,3.857
KCCX20190806-3,KCCX20190806_095121_V06,0,0.483,1.200,98,5,8343.354,17,0,6113.671
KCCX20190806-3,KCCX20190806_095121_V06,2,0.879,1.200,98,0,1268.212,4,0,1019.401
KCCX20190806-3,KCCX20190806_095121_V06,6,1.318,1.200,101,0,259.484,8,0,219.594
KCCX20190806-3,KCCX20190806_095121_V06,8,1.802,1.200,47,0,12.815,2,0,8.010
KCCX20190806-3,KCCX20190806_095121_V06,9,2.417,1.200,48,0,0.090,0,0,0.090
KCCX20190806-3,KCCX20190806_095121_V06,12,3.120,1.200,49,0,8.690,0,0,8.690
KCCX20190806-3,KCCX20190806_095121_V06,13,3.999,1.200,50,0,4.937,0,0,4.937
KCCX20190806-9,KCCX20190806_104149_V06,0,0.483,1.200,1162,6,469176.421,60,2,415332.942
KCCX20190806-9,KCCX20190806_104149_V06,2,1.494,1.200,1166,0,140.721,14,0,124.109
KCCX20190806-9,KCCX20190806_104149_V06,4,2.505,1.200,1165,0,42.169,34,0,34.131
KCCX20190806-9,KCCX20190806_110105_V06,0,0.483,1.200,15439,16,1067032.438,1097,14,1048627.315
KCCX20190806-9,KCCX20190806_110105_V06,2,1.494,1.200,15451,0,436.062,224,0,354.850
KCCX20190806-9,KCCX20190806_110105_V06,4,2.505,1.200,15462,0,182.017,195,0,148.999
KCCX20190806-9,KCCX20190806_111042_V06,0,0.483,1.200,549,2,201474.393,23,2,201467.468
KCCX20190806-9,KCCX20190806_111042_V06,2,1.494,1.200,551,0,47.710,17,0,42.183
KCCX20190806-9,KCCX20190806_111042_V06,4,2.505,1.200,552,0,33.391,11,0,24.497
KCCX20190806-13,KCCX20190806_112020_V06,0,0.483,1.200,455,4,138467.698,20,4,138073.695
KCCX20190806-13,KCCX20190806_112020_V06,2,1.494,1.200,454,0,63.713,10,0,55.318
KCCX20190806-13,KCCX20190806_112020_V06,4,2.505,1.200,458,0,43.065,8,0,41.329
KCCX20190806-13,KCCX20190806_112020_V06,6,3.516,1.200,230,0,10.621,4,0,7.088
KCCX20190807-1,KCCX20190807_091702_V06,0,0.483,1.200,62,7,163754.861,31,1,13829.150
KCCX20190807-1,KCCX20190807_091702_V06,2,0.879,1.200,63,0,17019.076,14,0,5869.119
KCCX20190807-1,KCCX20190807_091702_V06,6,1.318,1.200,63,0,4204.393,19,0,2367.703
KCCX20190807-1,KCCX20190807_091702_V06,8,1.802,1.200,29,0,7.947,0,0,7.947
KCCX20190807-1,KCCX20190807_091702_V06,9,2.417,1.200,30,0,7.994,0,0,7.994
KCCX20190807-1,KCCX20190807_091702_V06,12,3.120,1.200,30,0,4.638,0,0,4.638
KCCX20190807-1,KCCX20190807_091702_V06,13,3.999,1.200,32,0,0.048,0,0,0.048
KCCX20190807-2,KCCX20190807_091702_V06,0,0.483,1.200,56,0,35945.673,12,0,32696.771
KCCX20190807-2,KCCX20190807_091702_V06,2,0.879,1.200,54,0,243.278,3,0,239.333
KCCX20190807-2,KCCX20190807_091702_V06,6,1.318,1.200,54,0,170.574,0,0,170.574
KCCX20190807-2,KCCX20190807_091702_V06,8,1.802,1.200,27,0,0.050,0,0,0.050
KCCX20190807-2,KCCX20190807_091702_V06,9,2.417,1.200,27,0,0.050,0,0,0.050
KCCX20190807-2,KCCX20190807_091702_V06,12,3.120,1.200,28,0,0.052,0,0,0.052
KCCX20190807-2,KCCX20190807_091702_V06,13,3.999,1.200,26,0,0.048,0,0,0.048
KCCX20190808-1,KCCX20190808_091625_V06,0,0.483,1.200,53,1,5563.326,3,1,5554.783
KCCX20190808-1,KCCX20190808_091625_V06,2,0.879,1.200,53,0,269.048,11,0,250.829
KCCX20190808-1,KCCX20190808_091625_V06,6,1.318,1.200,54,0,292.982,7,0,205.332
KCCX20190808-1,KCCX20190808_091625_V06,8,1.802,1.200,26,0,0.048,0,0,0.048
KCCX20190808-1,KCCX20190808_091625_V06,9,2.417,1.200,27,0,26.369,1,0,22.230
KCCX20190808-1,KCCX20190808_091625_V06,12,3.120,1.200,28,0,0.051,0,0,0.051
KCCX20190808-1,KCCX20190808_091625_V06,13,3.999,1.200,28,0,0.052,0,0,0.052
KCCX20190808-1,KCCX20190808_092053_V06,0,0.483,1.200,611,1,11429.230,83,1,11193.625
KCCX20190808-1,KCCX20190808_092053_V06,2,0.879,1.200,611,0,1942.036,57,0,1845.603
KCCX20190808-1,KCCX20190808_092053_V06,6,1.318,1.200,614,0,436.303,24,0,372.360
KCCX20190808-1,KCCX20190808_092053_V06,8,1.802,1.200,306,0,0.559,0,0,0.559
KCCX20190808-1,KCCX20190808_092053_V06,9,2.417,1.200,303,0,41.022,1,0,38.429
KCCX20190808-1,KCCX20190808_092053_V06,12,3.120,1.200,303,0,30.326,2,0,20.518
KCCX20190808-1,KCCX20190808_092053_V06,13,3.999,1.200,306,0,0.562,0,0,0.562
KCCX20190808-8,KCCX20190808_103229_V06,0,0.483,1.200,11173,0,2753.542,51,0,2588.851
KCCX20190808-8,KCCX20190808_104207_V06,0,0.483,1.200,13946,0,21257.817,114,0,20800.378
KCCX20190808-8,KCCX20190808_104207_V06,2,1.494,1.200,13958,0,80.406,6,0,61.464
KCCX20190808-2,KCCX20190808_092053_V06,0,0.483,1.200,64,2,78391.667,4,2,74182.396
KCCX20190808-2,KCCX20190808_092053_V06,2,0.879,1.200,63,0,720.337,6,0,714.705
KCCX20190808-2,KCCX20190808_092053_V06,6,1.318,1.200,63,0,37.481,4,0,33.141
KCCX20190808-2,KCCX20190808_092053_V06,8,1.802,1.200,32,0,10.817,1,0,7.060
KCCX20190808-2,KCCX20190808_092053_V06,9,2.417,1.200,33,0,1.519,0,0,1.519
KCCX20190808-2,KCCX20190808_092053_V06,12,3.120,1.200,31,0,9.123,2,0,3.769
KCCX20190808-2,KCCX20190808_092053_V06,13,3.999,1.200,32,0,0.048,0,0,0.048
KCCX20190808-3,KCCX20190808_093444_V06,0,0.483,1.200,110,11,28432.219,12,5,22619.447
KCCX20190808-3,KCCX20190808_093444_V06,2,1.494,1.200,110,0,19.232,5,0,17.842
KCCX20190808-3,KCCX20190808_093444_V06,4,2.505,1.200,112,0,94.912,6,0,46.200
KCCX20190808-3,KCCX20190808_093444_V06,6,3.516,1.200,55,0,5.075,0,0,5.075
KCCX20190808-5,KCCX20190808_100338_V06,0,0.483,1.200,679,0,233158.774,18,0,233063.492
KCCX20190808-5,KCCX20190808_100338_V06,2,1.494,1.200,677,0,60.776,14,0,45.240
KCCX20190808-5,KCCX20190808_100338_V06,4,2.505,1.200,677,0,28.946,18,0,24.560
KCCX20190808-9,KCCX20190808_112302_V06,0,0.483,1.200,1597,0,234424.825,31,0,234390.897
KCCX20190808-9,KCCX20190808_112302_V06,2,1.494,1.200,1593,0,41.432,30,0,37.810
KCCX20190808-9,KCCX20190808_112302_V06,4,2.505,1.200,1593,0,39.748,18,0,35.826
KCCX20190808-9,KCCX20190808_113240_V06,0,0.483,1.200,1076,0,185379.530,11,0,185349.209
KCCX20190808-9,KCCX20190808_113240_V06,2,1.494,1.200,1078,0,25.034,4,0,23.402
KCCX20190808-9,KCCX20190808_113240_V06,4,2.505,1.200,1081,0,41.534,24,0,33.007
KCCX20190809-1,KCCX20190809_091715_V06,0,0.483,1.200,259,1,56946.803,23,0,56874.314
KCCX20190809-1,KCCX20190809_091715_V06,2,0.879,1.200,258,0,1181.208,39,0,1090.542
KCCX20190809-1,KCCX20190809_091715_V06,6,1.318,1.200,257,0,456.027,23,0,422.368
KCCX20190809-1,KCCX20190809_091715_V06,8,1.802,1.200,131,0,34.508,0,0,34.508
KCCX20190809-1,KCCX20190809_091715_V06,9,2.417,1.200,130,0,26.174,0,0,26.174
KCCX20190809-1,KCCX20190809_091715_V06,12,3.120,1.200,130,0,0.249,0,0,0.249
KCCX20190809-1,KCCX20190809_092208_V06,0,0.483,1.200,1177,2,36636.634,240,2,28496.967
KCCX20190809-1,KCCX20190809_092208_V06,2,0.879,1.200,1177,0,1805.319,154,0,1584.938
KCCX20190809-1,KCCX20190809_092208_V06,6,1.318,1.200,1175,0,841.249,142,0,576.911
KCCX20190809-1,KCCX20190809_092208_V06,8,1.802,1.200,589,0,120.651,5,0,100.244
KCCX20190809-1,KCCX20190809_092208_V06,9,2.417,1.200,591,0,18.156,0,0,18.156
KCCX20190809-1,KCCX20190809_092208_V06,12,3.120,1.200,592,0,16.340,0,0,16.340
KCCX20190809-1,KCCX20190809_092208_V06,13,3.999,1.200,591,0,5.551,0,0,5.551
KCCX20190809-4,KCCX20190809_093726_V06,0,0.483,1.200,594,4,101712.941,0,4,101712.941
KCCX20190809-4,KCCX20190809_093726_V06,2,1.494,1.200,597,0,242.877,115,0,213.323
KCCX20190809-4,KCCX20190809_093726_V06,4,2.505,1.200,594,0,133.034,27,0,78.118
KCCX20190809-4,KCCX20190809_093726_V06,6,3.516,1.200,298,0,23.394,12,0,11.940
KCCX20190809-4,KCCX20190809_094716_V06,0,0.483,1.200,3125,1,35962.678,249,1,20103.077
KCCX20190809-4,KCCX20190809_094716_V06,2,0.879,1.200,3122,0,1727.813,119,0,1326.540
KCCX20190809-4,KCCX20190809_094716_V06,4,1.318,1.200,3124,0,670.131,87,0,536.258
KCCX20190809-4,KCCX20190809_094716_V06,8,1.802,1.200,1561,0,46.013,5,0,29.707
KCCX20190809-4,KCCX20190809_094716_V06,9,2.417,1.200,1561,0,25.106,3,0,17.932
KCCX20190809-4,KCCX20190809_094716_V06,10,3.120,1.200,1562,0,26.545,3,0,22.066
KCCX20190809-4,KCCX20190809_094716_V06,11,3.999,1.200,1568,0,30.036,1,0,22.409
KCCX20190809-20,KCCX20190809_113925_V06,0,0.483,1.200,65,0,11484.145,1,0,11483.693
KCCX20190809-20,KCCX20190809_113925_V06,2,0.879,1.200,64,0,140.675,0,0,140.675
KCCX20190809-20,KCCX20190809_113925_V06,6,1.318,1.200,64,0,6.526,1,0,5.923
KCCX20190809-20,KCCX20190809_113925_V06,8,1.802,1.200,33,0,0.049,0,0,0.049
KCCX20190809-20,KCCX20190809_113925_V06,9,2.417,1.200,31,0,1.233,0,0,1.233
KCCX20190809-20,KCCX20190809_113925_V06,12,3.120,1.200,32,0,0.048,0,0,0.048
KCCX20190809-20,KCCX20190809_113925_V06,13,3.999,1.200,32,0,0.048,0,0,0.048
KCCX20190809-20,KCCX20190809_114353_V06,0,0.483,1.200,694,0,9664.013,64,0,9596.608
KCCX20190809-20,KCCX20190809_114353_V06,2,0.879,1.200,693,0,180.772,29,0,159.739
KCCX20190809-20,KCCX20190809_114353_V06,6,1.318,1.200,694,0,161.183,14,0,115.879
KCCX20190809-20,KCCX20190809_114353_V06,8,1.802,1.200,344,0,0.516,0,0,0.516
KCCX20190809-20,KCCX20190809_114353_V06,9,2.417,1.200,345,0,13.720,0,0,13.720
KCCX20190809-20,KCCX20190809_114353_V06,12,3.120,1.200,349,0,0.525,0,0,0.525
KCCX20190809-20,KCCX20190809_114353_V06,13,3.999,1.200,349,0,0.527,0,0,0.527
KCCX20190809-3,KCCX20190809_092208_V06,0,0.483,1.200,60,0,13773.939,7,0,10012.113
KCCX20190809-3,KCCX20190809_092208_V06,2,0.879,1.200,57,0,237.873,3,0,235.605
KCCX20190809-3,KCCX20190809_092208_V06,6,1.318,1.200,60,0,19.683,4,0,16.673
KCCX20190809-3,KCCX20190809_092208_V06,8,1.802,1.200,30,0,1.222,0,0,1.222
KCCX20190809-3,KCCX20190809_092208_V06,9,2.417,1.200,29,0,0.044,0,0,0.044
KCCX20190809-3,KCCX20190809_092208_V06,12,3.120,1.200,28,0,0.042,0,0,0.042
KCCX20190809-3,KCCX20190809_092208_V06,13,3.999,1.200,29,0,2.989,0,0,2.989
KCCX20190809-6,KCCX20190809_093726_V06,0,0.483,1.200,1066,0,350877.229,20,0,350844.759
KCCX20190809-6,KCCX20190809_093726_V06,2,1.494,1.200,1070,0,79.322,47,0,53.907
KCCX20190809-6,KCCX20190809_093726_V06,4,2.505,1.200,1071,0,50.302,10,0,48.297
KCCX20190809-8,KCCX20190809_101655_V06,0,0.483,1.200,3886,28,29380.023,503,26,28940.851
KCCX20190809-8,KCCX20190809_101655_V06,2,0.879,1.200,3880,2,4959.521,268,2,4785.952
KCCX20190809-8,KCCX20190809_101655_V06,4,1.318,1.200,3883,0,576.888,181,0,382.929
KCCX20190809-8,KCCX20190809_101655_V06,8,1.802,1.200,1941,0,57.606,22,0,40.918
KCCX20190809-8,KCCX20190809_101655_V06,9,2.417,1.200,1941,0,40.681,43,0,29.176
KCCX20190809-8,KCCX20190809_101655_V06,10,3.120,1.200,1943,0,7.358,9,0,6.197
KCCX20190809-8,KCCX20190809_101655_V06,11,3.999,1.200,1942,0,3.031,3,0,2.669
KCCX20190809-8,KCCX20190809_101655_V06,12,5.098,1.200,1947,0,2.105,2,0,1.881
KCCX20190809-8,KCCX20190809_101655_V06,15,6.416,1.200,1949,0,4.416,0,0,4.416
KCCX20190809-9,KCCX20190809_101655_V06,0,0.483,1.200,625,1,267187.053,66,1,223319.186
KCCX20190809-9,KCCX20190809_101655_V06,2,0.879,1.200,627,0,1703.884,26,0,1549.068
KCCX20190809-9,KCCX20190809_101655_V06,4,1.318,1.200,625,0,571.193,22,0,322.621
KCCX20190809-9,KCCX20190809_101655_V06,8,1.802,1.200,313,0,0.746,0,0,0.746
KCCX20190809-9,KCCX20190809_101655_V06,9,2.417,1.200,312,0,80.668,1,0,77.095
KCCX20190809-9,KCCX20190809_101655_V06,10,3.120,1.200,315,0,0.753,0,0,0.753
KCCX20190809-9,KCCX20190809_102140_V06,0,0.483,1.200,490,0,139074.852,21,0,139010.282
KCCX20190809-9,KCCX20190809_102140_V06,2,0.879,1.200,491,0,3578.479,12,0,3368.648
KCCX20190809-9,KCCX20190809_102140_V06,6,1.318,1.200,494,0,607.684,20,0,517.201
KCCX20190809-9,KCCX20190809_102140_V06,8,1.802,1.200,247,0,0.600,0,0,0.600
KCCX20190809-9,KCCX20190809_102140_V06,9,2.417,1.200,247,0,20.339,0,0,20.339
KCCX20190809-9,KCCX20190809_102140_V06,12,3.120,1.200,246,0,0.600,0,0,0.600
KCCX20190809-13,KCCX20190809_102140_V06,0,0.483,1.200,264,4,57620.473,24,3,56889.456
KCCX20190809-13,KCCX20190809_102140_V06,2,0.879,1.200,260,0,1401.141,16,0,1341.611
KCCX20190809-13,KCCX20190809_102140_V06,6,1.318,1.200,262,0,207.487,17,0,117.566
KCCX20190809-13,KCCX20190809_102140_V06,8,1.802,1.200,132,0,16.035,1,0,13.810
KCCX20190809-13,KCCX20190809_102140_V06,9,2.417,1.200,131,0,0.247,0,0,0.247
KCCX20190809-13,KCCX20190809_102140_V06,12,3.120,1.200,133,0,0.251,0,0,0.251
KCCX20190809-13,KCCX20190809_102140_V06,13,3.999,1.200,134,0,5.454,0,0,5.454
KCCX20190809-16,KCCX20190809_110721_V06,0,0.483,1.200,57,0,19026.137,3,0,11947.320
KCCX20190809-16,KCCX20190809_110721_V06,2,0.879,1.200,58,0,217.865,3,0,193.123
KCCX20190809-16,KCCX20190809_110721_V06,6,1.318,1.200,58,0,127.626,6,0,112.148
KCCX20190809-16,KCCX20190809_110721_V06,8,1.802,1.200,29,0,4.996,0,0,4.996
KCCX20190809-16,KCCX20190809_110721_V06,9,2.417,1.200,28,0,0.052,0,0,0.052
KCCX20190809-16,KCCX20190809_110721_V06,12,3.120,1.200,30,0,0.056,0,0,0.056
KCCX20190809-16,KCCX20190809_110721_V06,13,3.999,1.200,29,0,0.054,0,0,0.054
KCCX20190809-16,KCCX20190809_111225_V06,0,0.483,1.200,1082,0,33815.153,95,0,33559.038
KCCX20190809-16,KCCX20190809_111225_V06,2,0.879,1.200,1085,0,549.924,77,0,434.284
KCCX20190809-16,KCCX20190809_111225_V06,6,1.318,1.200,1079,0,450.516,33,0,358.090
KCCX20190809-16,KCCX20190809_111225_V06,8,1.802,1.200,541,0,30.998,2,0,26.711
KCCX20190809-16,KCCX20190809_111225_V06,9,2.417,1.200,544,0,6.463,0,0,6.463
KCCX20190809-16,KCCX20190809_111225_V06,12,3.120,1.200,544,0,1.009,0,0,1.009
KCCX20190809-16,KCCX20190809_111225_V06,13,3.999,1.200,543,0,1.009,0,0,1.009
KCCX20190809-16,KCCX20190809_111652_V06,0,0.483,1.200,839,0,26394.826,59,0,25594.955
KCCX20190809-16,KCCX20190809_111652_V06,2,0.879,1.200,841,0,1274.609,49,0,862.832
KCCX20190809-16,KCCX20190809_111652_V06,6,1.318,1.200,840,0,334.246,21,0,151.053
KCCX20190809-16,KCCX20190809_111652_V06,8,1.802,1.200,423,0,13.080,0,0,13.080
KCCX20190809-16,KCCX20190809_111652_V06,9,2.417,1.200,422,0,13.539,0,0,13.539
KCCX20190809-16,KCCX20190809_111652_V06,12,3.120,1.200,423,0,5.662,0,0,5.662
KCCX20190809-17,KCCX20190809_111652_V06,0,0.483,1.200,48,0,25261.208,0,0,25261.208
KCCX20190809-17,KCCX20190809_111652_V06,2,0.879,1.200,48,0,108.580,1,0,107.908
KCCX20190809-17,KCCX20190809_111652_V06,6,1.318,1.200,49,0,21.778,1,0,21.239
KCCX20190809-17,KCCX20190809_111652_V06,8,1.802,1.200,24,0,0.036,0,0,0.036
KCCX20190809-17,KCCX20190809_111652_V06,9,2.417,1.200,24,0,2.629,0,0,2.629
KCCX20190809-17,KCCX20190809_111652_V06,12,3.120,1.200,22,0,0.033,0,0,0.033
KCCX20190809-17,KCCX20190809_111652_V06,13,3.999,1.200,23,0,0.035,0,0,0.035
KCCX20190809-19,KCCX20190809_113021_V06,0,0.483,1.200,61,0,9628.284,2,0,9625.439
KCCX20190809-19,KCCX20190809_113021_V06,2,0.879,1.200,60,0,87.720,1,0,86.940
KCCX20190809-19,KCCX20190809_113021_V06,6,1.318,1.200,61,0,15.345,1,0,13.959
KCCX20190809-19,KCCX20190809_113021_V06,8,1.802,1.200,29,0,0.043,0,0,0.043
KCCX20190809-19,KCCX20190809_113021_V06,9,2.417,1.200,28,0,0.042,0,0,0.042
KCCX20190809-19,KCCX20190809_113021_V06,12,3.120,1.200,30,0,0.045,0,0,0.045
KCCX20190809-19,KCCX20190809_113021_V06,13,3.999,1.200,31,0,0.047,0,0,0.047
KCCX20190810-6,KCCX20190810_101415_V06,0,0.483,1.200,2077,0,12896.158,56,0,12815.743
KCCX20190810-6,KCCX20190810_101415_V06,2,1.494,1.200,2074,0,8285.634,74,0,8269.886
KCCX20190810-6,KCCX20190810_101415_V06,4,2.505,1.200,2077,0,4707.363,77,0,4700.143
KCCX20190810-6,KCCX20190810_101415_V06,6,3.516,1.200,1049,0,36.231,109,0,33.476
KCCX20190810-6,KCCX20190810_101415_V06,7,4.482,1.200,1049,0,21.736,199,0,17.518
KCCX20190810-6,KCCX20190810_102353_V06,0,0.483,1.200,6647,0,25681.744,111,0,25571.104
KCCX20190810-6,KCCX20190810_102353_V06,2,1.494,1.200,6650,0,6786.169,340,0,6638.417
KCCX20190810-6,KCCX20190810_102353_V06,4,2.505,1.200,6656,0,6106.109,787,0,6052.952
KCCX20190810-6,KCCX20190810_102353_V06,6,3.516,1.200,3333,0,301.023,592,0,278.638
KCCX20190810-6,KCCX20190810_102353_V06,7,4.482,1.200,3335,0,105.007,842,0,76.540
KCCX20190810-8,KCCX20190810_102353_V06,0,0.483,1.200,3136,0,18118.840,8,0,18111.489
KCCX20190810-8,KCCX20190810_102353_V06,2,1.494,1.200,3137,0,2046.881,252,0,2007.558
KCCX20190810-8,KCCX20190810_102353_V06,4,2.505,1.200,3138,0,638.889,497,0,608.064
KCCX20190810-8,KCCX20190810_102353_V06,6,3.516,1.200,1574,0,53.664,419,0,37.229
KCCX20190810-8,KCCX20190810_102353_V06,7,4.482,1.200,1575,0,14.897,234,0,8.689
KCCX20190810-8,KCCX20190810_103330_V06,0,0.483,1.200,8464,0,35953.814,97,0,35814.668
KCCX20190810-8,KCCX20190810_103330_V06,2,1.494,1.200,8467,0,7605.004,437,0,7466.496
KCCX20190810-8,KCCX20190810_103330_V06,4,2.505,1.200,8480,0,3692.259,840,0,3648.332
KCCX20190810-8,KCCX20190810_103330_V06,6,3.516,1.200,4250,0,488.894,876,0,426.079
KCCX20190810-8,KCCX20190810_103330_V06,7,4.482,1.200,4250,0,177.753,1044,0,113.492
KCCX20190810-1,KCCX20190810_093549_V06,0,0.483,1.200,724,0,1466.086,66,0,1406.916
KCCX20190810-1,KCCX20190810_093549_V06,2,1.494,1.200,722,0,3.180,4,0,1.230
KCCX20190810-1,KCCX20190810_093549_V06,4,2.505,1.200,721,0,1.237,0,0,1.237
KCCX20190810-2,KCCX20190810_093549_V06,0,0.483,1.200,1103,0,141.252,28,0,116.213
KCCX20190810-2,KCCX20190810_093549_V06,2,1.494,1.200,1103,0,46.168,22,0,42.146
KCCX20190810-2,KCCX20190810_093549_V06,4,2.505,1.200,1104,0,8.820,130,0,8.116
KCCX20190810-2,KCCX20190810_093549_V06,6,3.516,1.200,550,0,6.301,42,0,6.072
KCCX20190810-2,KCCX20190810_093549_V06,7,4.482,1.200,551,0,8.546,58,0,7.329
KCCX20190810-4,KCCX20190810_100439_V06,0,0.483,1.200,1391,0,1423.160,189,0,1391.294
KCCX20190810-4,KCCX20190810_100439_V06,2,1.494,1.200,1395,0,95.840,557,0,47.139
KCCX20190810-4,KCCX20190810_100439_V06,4,2.505,1.200,1396,0,2.862,6,0,2.350
KCCX20190810-4,KCCX20190810_100439_V06,6,3.516,1.200,698,0,1.208,0,0,1.208
KCCX20190810-4,KCCX20190810_101415_V06,0,0.483,1.200,594,0,158.152,113,0,144.325
KCCX20190810-4,KCCX20190810_101415_V06,2,1.494,1.200,600,0,41.723,249,0,21.398
KCCX20190810-4,KCCX20190810_101415_V06,4,2.505,1.200,599,0,0.828,0,0,0.828
KCCX20190810-4,KCCX20190810_101415_V06,6,3.516,1.200,300,0,0.524,0,0,0.524
KCCX20190810-7,KCCX20190810_101415_V06,0,0.483,1.200,46873,0,16729.408,3544,0,16243.900
KCCX20190810-7,KCCX20190810_101415_V06,2,1.494,1.200,46884,0,9363.424,5984,0,9123.862
KCCX20190810-7,KCCX20190810_101415_V06,4,2.505,1.200,46932,0,5000.592,9104,0,4923.272
KCCX20190810-7,KCCX20190810_101415_V06,6,3.516,1.200,23489,0,261.587,4854,0,189.651
KCCX20190810-7,KCCX20190810_101415_V06,7,4.482,1.200,23520,0,200.570,5020,0,144.904
KCCX20190810-10,KCCX20190810_110222_V06,0,0.483,1.200,7408,0,11833.026,292,0,11179.382
KCCX20190810-11,KCCX20190810_112408_V06,0,0.483,1.200,7470,0,233556.154,434,0,233360.831
KCCX20190810-11,KCCX20190810_112408_V06,2,1.494,1.200,7471,0,806.514,1835,0,434.643
KCCX20190810-11,KCCX20190810_112408_V06,4,2.505,1.200,7480,0,230.303,582,0,168.457
KCCX20190811-7,KCCX20190811_101517_V06,0,0.483,1.200,312,0,302.912,88,0,197.182
KCCX20190811-7,KCCX20190811_101517_V06,2,1.494,1.200,311,0,0.943,0,0,0.943
KCCX20190811-7,KCCX20190811_102454_V06,0,0.483,1.200,4882,0,7374.476,337,0,6885.642
KCCX20190811-7,KCCX20190811_102454_V06,2,1.494,1.200,4886,0,16.161,0,0,16.161
KCCX20190811-7,KCCX20190811_103432_V06,0,0.483,1.200,7207,0,16053.162,434,0,15388.388
KCCX20190811-7,KCCX20190811_103432_V06,2,1.494,1.200,7216,0,213.464,144,0,146.960
KCCX20190811-7,KCCX20190811_104408_V06,0,0.483,1.200,10862,0,19892.756,772,0,18782.769
KCCX20190811-7,KCCX20190811_104408_V06,2,1.494,1.200,10873,0,1906.044,1008,0,1049.493
KCCX20190811-7,KCCX20190811_110323_V06,0,0.483,1.200,20164,0,14198.873,2555,0,9841.563
KCCX20190811-7,KCCX20190811_110323_V06,2,1.494,1.200,20178,0,11761.089,5263,0,3045.676
KCCX20190811-7,KCCX20190811_111301_V06,0,0.483,1.200,21886,0,11093.103,2584,0,6321.602
KCCX20190811-7,KCCX20190811_111301_V06,2,1.494,1.200,21907,0,18923.359,7500,0,4881.941
KCCX20190811-3,KCCX20190811_100540_V06,0,0.483,1.200,234,0,20798.699,0,0,20798.699
KCCX20190811-3,KCCX20190811_100540_V06,2,1.494,1.200,236,0,6397.840,4,0,6394.667
KCCX20190811-3,KCCX20190811_100540_V06,4,2.505,1.200,234,0,764.985,11,0,753.829
KCCX20190811-3,KCCX20190811_100540_V06,6,3.516,1.200,111,0,50.599,15,0,47.187
KCCX20190811-3,KCCX20190811_100540_V06,7,4.482,1.200,111,0,55.459,65,0,18.199
KCCX20190811-3,KCCX20190811_101517_V06,0,0.483,1.200,2596,0,23346.399,32,0,23321.301
KCCX20190811-3,KCCX20190811_101517_V06,2,1.494,1.200,2597,0,17699.802,84,0,17675.995
KCCX20190811-3,KCCX20190811_101517_V06,4,2.505,1.200,2596,0,4656.488,199,0,4645.871
KCCX20190811-3,KCCX20190811_101517_V06,6,3.516,1.200,1301,0,2452.935,125,0,2424.769
KCCX20190811-3,KCCX20190811_101517_V06,7,4.482,1.200,1302,0,562.612,460,0,263.573
KCCX20190811-3,KCCX20190811_102454_V06,0,0.483,1.200,3338,0,16141.245,60,0,16043.196
KCCX20190811-3,KCCX20190811_102454_V06,2,1.494,1.200,3341,0,10150.542,165,0,10056.735
KCCX20190811-3,KCCX20190811_102454_V06,4,2.505,1.200,3346,0,2212.033,265,0,2189.652
KCCX20190811-3,KCCX20190811_102454_V06,6,3.516,1.200,1666,0,2818.189,206,0,2723.295
KCCX20190811-3,KCCX20190811_102454_V06,7,4.482,1.200,1669,0,980.638,573,0,492.968
KCCX20190811-6,KCCX20190811_101517_V06,0,0.483,1.200,2182,0,20044.236,80,0,20022.907
KCCX20190811-6,KCCX20190811_101517_V06,2,1.494,1.200,2184,0,2485.102,952,0,1268.803
KCCX20190811-6,KCCX20190811_101517_V06,4,2.505,1.200,2194,0,6.057,4,0,5.559
KCCX20190811-6,KCCX20190811_102454_V06,0,0.483,1.200,3072,0,38118.827,64,0,38064.589
KCCX20190811-6,KCCX20190811_102454_V06,2,1.494,1.200,3075,0,3277.720,1215,0,1835.895
KCCX20190811-6,KCCX20190811_102454_V06,4,2.505,1.200,3083,0,15.957,4,0,15.551
KCCX20190811-6,KCCX20190811_103432_V06,0,0.483,1.200,2906,0,24418.258,55,0,24333.132
KCCX20190811-6,KCCX20190811_103432_V06,2,1.494,1.200,2906,0,3210.715,1090,0,1860.543
KCCX20190811-6,KCCX20190811_103432_V06,4,2.505,1.200,2910,0,31.390,40,0,19.105
KCCX20190811-1,KCCX20190811_092711_V06,0,0.483,1.200,60,0,19744.465,0,0,19744.465
KCCX20190811-1,KCCX20190811_092711_V06,2,1.494,1.200,59,0,7.275,4,0,4.719
KCCX20190811-2,KCCX20190811_094626_V06,0,0.483,1.200,328,0,212345.236,11,0,212329.387
KCCX20190811-2,KCCX20190811_094626_V06,2,1.494,1.200,330,0,99.210,10,0,27.809
KCCX20190811-5,KCCX20190811_101517_V06,0,0.483,1.200,7347,0,60791.652,132,0,60685.889
KCCX20190811-5,KCCX20190811_101517_V06,2,1.494,1.200,7352,0,15708.364,558,0,15656.908
KCCX20190811-5,KCCX20190811_101517_V06,4,2.505,1.200,7360,0,5610.198,2372,0,4514.631
KCCX20190811-5,KCCX20190811_101517_V06,6,3.516,1.200,3688,0,2697.594,1603,0,1283.461
KCCX20190811-5,KCCX20190811_101517_V06,7,4.482,1.200,3695,0,1127.023,1299,0,375.744
KCCX20190811-11,KCCX20190811_101517_V06,0,0.483,1.200,2258,0,13814.956,14,0,13813.901
KCCX20190811-11,KCCX20190811_101517_V06,2,1.494,1.200,2261,0,2052.847,341,0,2024.813
KCCX20190811-11,KCCX20190811_101517_V06,4,2.505,1.200,2252,0,221.777,661,0,157.275
KCCX20190811-11,KCCX20190811_101517_V06,6,3.516,1.200,1130,0,67.022,204,0,51.943
KCCX20190811-11,KCCX20190811_101517_V06,7,4.482,1.200,1134,0,12.322,63,0,10.115
KCCX20190811-17,KCCX20190811_101517_V06,0,0.483,1.200,875,0,6173.344,36,0,6126.038
KCCX20190811-17,KCCX20190811_101517_V06,2,1.494,1.200,873,0,1151.029,454,0,519.260
KCCX20190811-17,KCCX20190811_101517_V06,4,2.505,1.200,868,0,12.260,44,0,6.409
KCCX20190811-17,KCCX20190811_101517_V06,6,3.516,1.200,437,0,1.025,0,0,1.025
KCCX20190811-19,KCCX20190811_102454_V06,0,0.483,1.200,3995,0,13302.408,172,0,13066.147
KCCX20190811-19,KCCX20190811_102454_V06,2,1.494,1.200,4009,0,24.961,0,0,24.961
KCCX20190811-21,KCCX20190811_103432_V06,0,0.483,1.200,7662,0,28236.561,1971,0,25255.088
KCCX20190811-21,KCCX20190811_103432_V06,2,1.494,1.200,7668,0,3474.520,1782,0,844.651
KCCX20190811-22,KCCX20190811_110323_V06,0,0.483,1.200,6687,0,18315.790,961,0,14999.424
KCCX20190812-1,KCCX20190812_094701_V06,0,0.483,1.200,912,0,364.185,81,0,327.970
KCCX20190812-1,KCCX20190812_094701_V06,2,1.494,1.200,915,0,18.116,198,0,9.587
KCCX20190812-1,KCCX20190812_094701_V06,4,2.505,1.200,915,0,9.277,100,0,6.967
KCCX20190812-1,KCCX20190812_094701_V06,6,3.516,1.200,457,0,8.995,50,0,7.511
KCCX20190812-1,KCCX20190812_094701_V06,7,4.482,1.200,460,0,2.528,6,0,2.330
KCCX20190812-1,KCCX20190812_100615_V06,0,0.483,1.200,3567,0,15259.234,167,0,15231.125
KCCX20190812-1,KCCX20190812_100615_V06,2,1.494,1.200,3567,0,210.346,659,0,192.211
KCCX20190812-1,KCCX20190812_100615_V06,4,2.505,1.200,3570,0,37.252,517,0,28.824
KCCX20190812-1,KCCX20190812_100615_V06,6,3.516,1.200,1785,0,106.711,522,0,64.799
KCCX20190812-1,KCCX20190812_100615_V06,7,4.482,1.200,1785,0,36.814,199,0,24.335
KCCX20190812-7,KCCX20190812_101553_V06,0,0.483,1.200,1091,0,16383.215,36,0,16374.976
KCCX20190812-7,KCCX20190812_101553_V06,2,1.494,1.200,1096,0,814.945,374,0,565.533
KCCX20190812-7,KCCX20190812_101553_V06,4,2.505,1.200,1099,0,7.375,6,0,4.910
KCCX20190812-7,KCCX20190812_102530_V06,0,0.483,1.200,3785,0,39115.840,67,0,39072.017
KCCX20190812-7,KCCX20190812_102530_V06,2,1.494,1.200,3784,0,4596.226,940,0,3925.223
KCCX20190812-7,KCCX20190812_102530_V06,4,2.505,1.200,3789,0,8.969,20,0,6.575
KCCX20190812-11,KCCX20190812_102530_V06,0,0.483,1.200,2959,0,43333.601,30,0,43305.489
KCCX20190812-11,KCCX20190812_102530_V06,2,1.494,1.200,2958,0,209.690,159,0,133.310
KCCX20190812-11,KCCX20190812_103507_V06,0,0.483,1.200,6862,0,36647.354,109,0,36446.809
KCCX20190812-11,KCCX20190812_103507_V06,2,1.494,1.200,6868,0,2135.905,756,0,1546.545
KCCX20190812-2,KCCX20190812_100615_V06,0,0.483,1.200,2534,0,24060.866,45,0,24014.594
KCCX20190812-2,KCCX20190812_100615_V06,2,1.494,1.200,2538,0,16179.910,111,0,16094.214
KCCX20190812-2,KCCX20190812_100615_V06,4,2.505,1.200,2537,0,3866.874,121,0,3862.454
KCCX20190812-2,KCCX20190812_100615_V06,6,3.516,1.200,1273,0,183.485,171,0,180.756
KCCX20190812-2,KCCX20190812_100615_V06,7,4.482,1.200,1273,0,34.136,176,0,28.355
KCCX20190812-5,KCCX20190812_101553_V06,0,0.483,1.200,1010,2,119401.130,18,2,119398.659
KCCX20190812-5,KCCX20190812_101553_V06,2,1.494,1.200,1008,0,103.064,276,0,75.977
KCCX20190812-5,KCCX20190812_101553_V06,4,2.505,1.200,1008,0,61.951,104,0,52.861
KCCX20190812-5,KCCX20190812_101553_V06,6,3.516,1.200,505,0,26.374,25,0,11.987
KCCX20190812-6,KCCX20190812_101553_V06,0,0.483,1.200,309,2,179679.473,10,0,85387.575
KCCX20190812-6,KCCX20190812_101553_V06,2,1.494,1.200,308,0,10.638,14,0,6.709
KCCX20190812-6,KCCX20190812_101553_V06,4,2.505,1.200,306,0,29.663,17,0,13.166
KCCX20190812-8,KCCX20190812_101553_V06,0,0.483,1.200,16552,0,22386.985,715,0,22207.139
KCCX20190812-8,KCCX20190812_101553_V06,2,1.494,1.200,16551,0,1530.084,2332,0,1120.050
KCCX20190812-8,KCCX20190812_101553_V06,4,2.505,1.200,16573,0,689.555,2659,0,406.947
KCCX20190812-8,KCCX20190812_101553_V06,6,3.516,1.200,8301,0,191.007,687,0,117.587
KCCX20190812-10,KCCX20190812_101553_V06,0,0.483,1.200,6505,0,36052.534,172,0,35927.992
KCCX20190812-10,KCCX20190812_101553_V06,2,1.494,1.200,6502,0,2248.501,619,0,2209.073
KCCX20190812-10,KCCX20190812_101553_V06,4,2.505,1.200,6502,0,370.997,1536,0,249.364
KCCX20190812-10,KCCX20190812_101553_V06,6,3.516,1.200,3256,0,356.131,863,0,220.316
KCCX20190812-10,KCCX20190812_101553_V06,7,4.482,1.200,3261,0,107.245,376,0,69.809
KCCX20190812-12,KCCX20190812_102530_V06,0,0.483,1.200,4861,0,33240.562,14,0,33203.411
KCCX20190812-12,KCCX20190812_102530_V06,2,1.494,1.200,4865,0,4231.474,70,0,4193.703
KCCX20190812-12,KCCX20190812_102530_V06,4,2.505,1.200,4871,0,46.261,102,0,27.845
KCCX20190812-12,KCCX20190812_102530_V06,6,3.516,1.200,2437,0,6.379,2,0,5.714
KCCX20190812-13,KCCX20190812_103507_V06,0,0.483,1.200,8783,0,23057.781,335,0,22784.980
KCCX20190812-13,KCCX20190812_103507_V06,2,1.494,1.200,8785,0,2169.354,1219,0,1808.386
KCCX20190812-13,KCCX20190812_103507_V06,4,2.505,1.200,8798,0,109.943,405,0,67.261
KCCX20190813-2,KCCX20190813_092127_V06,0,0.483,1.200,1199,0,15640.557,129,0,1489.850
KCCX20190813-2,KCCX20190813_092127_V06,2,0.879,1.200,1202,0,75.383,1,0,38.834
KCCX20190813-5,KCCX20190813_093350_V06,0,0.483,1.200,6981,0,61412.013,2395,0,12581.012
KCCX20190813-5,KCCX20190813_093350_V06,2,0.879,1.200,6976,0,65059.662,2814,0,9178.062
KCCX20190813-5,KCCX20190813_093350_V06,4,1.318,1.200,6987,0,61617.522,2884,0,3675.325
KCCX20190813-5,KCCX20190813_093350_V06,8,1.802,1.200,3498,0,50430.285,888,0,1027.229
KCCX20190813-5,KCCX20190813_093350_V06,9,2.417,1.200,3497,0,41189.722,1053,0,1270.999
KCCX20190813-5,KCCX20190813_093350_V06,10,3.120,1.200,3500,0,25159.074,771,0,2617.890
KCCX20190813-5,KCCX20190813_093350_V06,11,3.999,1.200,3506,0,6501.528,426,0,1049.180
KCCX20190813-9,KCCX20190813_101017_V06,0,0.483,1.200,9245,0,67765.450,1168,0,8263.716
KCCX20190813-9,KCCX20190813_101017_V06,2,0.879,1.200,9255,0,53205.800,1093,0,2534.405
KCCX20190813-9,KCCX20190813_101017_V06,4,1.318,1.200,9255,0,89690.143,793,0,44633.292
KCCX20190813-9,KCCX20190813_101017_V06,8,1.802,1.200,4623,0,117265.090,276,0,27968.603
KCCX20190813-9,KCCX20190813_101017_V06,9,2.417,1.200,4626,0,11237.112,191,0,1742.141
KCCX20190813-10,KCCX20190813_102621_V06,0,0.483,1.200,15978,0,229436.251,3714,0,42190.536
KCCX20190813-10,KCCX20190813_102621_V06,2,0.879,1.200,15984,0,184257.140,4188,0,2792.353
KCCX20190813-10,KCCX20190813_102621_V06,4,1.318,1.200,15984,0,191923.493,3960,0,1630.368
KCCX20190813-10,KCCX20190813_102621_V06,8,1.802,1.200,7999,0,230764.103,1690,0,4542.689
KCCX20190813-10,KCCX20190813_102621_V06,9,2.417,1.200,8004,0,432255.251,1563,0,44042.760
KCCX20190813-10,KCCX20190813_102621_V06,10,3.120,1.200,8011,0,78071.935,1191,0,4721.905
KCCX20190813-10,KCCX20190813_102621_V06,13,3.999,1.200,8017,0,1668.847,165,0,369.116
KCCX20190813-15,KCCX20190813_111612_V06,0,0.483,1.200,5090,11,31377887.902,3910,0,435976.370
KCCX20190813-15,KCCX20190813_111612_V06,2,0.879,1.200,5095,0,11253825.609,3248,0,2467912.075
KCCX20190813-16,KCCX20190813_111612_V06,0,0.483,1.200,1251,0,4840.420,484,0,501.615
KCCX20190813-16,KCCX20190813_111612_V06,2,0.879,1.200,1250,0,3473.067,355,0,1098.119
KCCX20190813-16,KCCX20190813_111612_V06,6,1.318,1.200,1250,0,867.935,203,0,226.517
KCCX20190813-16,KCCX20190813_111612_V06,8,1.802,1.200,627,0,30.653,9,0,14.825
KCCX20190813-16,KCCX20190813_111612_V06,9,2.417,1.200,627,0,10.004,0,0,10.004
KCCX20190813-16,KCCX20190813_111612_V06,12,3.120,1.200,627,0,43.036,13,0,13.297
KCCX20190813-16,KCCX20190813_111612_V06,13,3.999,1.200,626,0,38.923,6,0,20.764
KCCX20190813-17,KCCX20190813_112608_V06,0,0.483,1.200,5162,0,142427.800,1883,0,31644.888
KCCX20190813-17,KCCX20190813_112608_V06,2,0.879,1.200,5168,0,123963.357,2102,0,15692.837
KCCX20190813-17,KCCX20190813_112608_V06,6,1.318,1.200,5170,0,265324.796,1940,0,69917.797
KCCX20190813-17,KCCX20190813_112608_V06,8,1.802,1.200,2576,0,383789.250,832,0,62762.217
KCCX20190813-17,KCCX20190813_112608_V06,9,2.417,1.200,2580,0,69920.513,694,0,9609.484
KCCX20190813-17,KCCX20190813_112608_V06,12,3.120,1.200,2587,0,2310.452,112,0,451.406
KCCX20190814-11,KCCX20190814_102947_V06,0,0.483,1.200,1427,0,2215.598,7,0,1985.909
KCCX20190814-11,KCCX20190814_102947_V06,2,0.879,1.200,1416,0,6.035,0,0,6.035
KCCX20190814-11,KCCX20190814_102947_V06,6,1.318,1.200,1419,0,6.047,0,0,6.047
KCCX20190814-11,KCCX20190814_103414_V06,0,0.483,1.200,2396,0,7299.367,28,0,6171.797
KCCX20190814-11,KCCX20190814_103414_V06,2,0.879,1.200,2395,0,10.226,0,0,10.226
KCCX20190814-11,KCCX20190814_103414_V06,6,1.318,1.200,2403,0,10.270,0,0,10.270
KCCX20190814-11,KCCX20190814_103843_V06,0,0.483,1.200,2571,0,10850.836,32,0,8975.782
KCCX20190814-11,KCCX20190814_103843_V06,2,0.879,1.200,2573,0,153.651,1,0,37.109
KCCX20190814-11,KCCX20190814_103843_V06,6,1.318,1.200,2578,0,10.964,0,0,10.964
KCCX20190814-11,KCCX20190814_104310_V06,0,0.483,1.200,4384,0,13837.591,69,0,11222.457
KCCX20190814-11,KCCX20190814_104310_V06,2,0.879,1.200,4381,0,373.335,2,0,345.617
KCCX20190814-11,KCCX20190814_104310_V06,6,1.318,1.200,4380,0,133.431,2,0,18.387
KCCX20190814-11,KCCX20190814_104737_V06,0,0.483,1.200,6084,0,7639.637,62,0,5595.143
KCCX20190814-11,KCCX20190814_104737_V06,2,0.879,1.200,6089,0,1858.231,24,0,1455.541
KCCX20190814-11,KCCX20190814_104737_V06,6,1.318,1.200,6094,0,25.393,0,0,25.393
KCCX20190814-11,KCCX20190814_105212_V06,0,0.483,1.200,6556,0,16318.092,79,0,14120.161
KCCX20190814-11,KCCX20190814_105212_V06,2,0.879,1.200,6549,0,4607.929,37,0,3749.934
KCCX20190814-11,KCCX20190814_105212_V06,6,1.318,1.200,6555,0,27.000,0,0,27.000
KCCX20190814-11,KCCX20190814_110123_V06,0,0.483,1.200,10505,0,9966.459,94,0,7444.736
KCCX20190814-11,KCCX20190814_110123_V06,2,0.879,1.200,10517,0,8845.832,72,0,7233.882
KCCX20190814-11,KCCX20190814_110123_V06,6,1.318,1.200,10510,0,167.601,2,0,145.033
KCCX20190814-11,KCCX20190814_110628_V06,0,0.483,1.200,12892,0,7123.414,66,0,5164.122
KCCX20190814-11,KCCX20190814_110628_V06,2,0.879,1.200,12905,0,5319.692,52,0,4383.572
KCCX20190814-11,KCCX20190814_110628_V06,6,1.318,1.200,12914,0,209.397,5,0,99.693
KCCX20190814-10,KCCX20190814_102518_V06,0,0.483,1.200,536,0,2620.964,8,0,2460.915
KCCX20190814-10,KCCX20190814_102518_V06,2,0.879,1.200,539,0,1.288,0,0,1.288
KCCX20190814-10,KCCX20190814_102518_V06,6,1.318,1.200,540,0,14.118,1,0,6.982
KCCX20190814-10,KCCX20190814_102518_V06,8,1.802,1.200,251,0,1.200,0,0,1.200
KCCX20190814-10,KCCX20190814_102947_V06,0,0.483,1.200,1279,0,5521.235,9,0,5394.522
KCCX20190814-10,KCCX20190814_102947_V06,2,0.879,1.200,1278,0,79.940,1,0,72.895
KCCX20190814-10,KCCX20190814_102947_V06,6,1.318,1.200,1282,0,3.087,0,0,3.087
KCCX20190814-10,KCCX20190814_102947_V06,8,1.802,1.200,651,0,3.137,0,0,3.137
KCCX20190814-10,KCCX20190814_103414_V06,0,0.483,1.200,1576,0,7691.937,16,0,7429.343
KCCX20190814-10,KCCX20190814_103414_V06,2,0.879,1.200,1575,0,268.125,6,0,214.501
KCCX20190814-10,KCCX20190814_103414_V06,6,1.318,1.200,1575,0,3.813,0,0,3.813
KCCX20190814-10,KCCX20190814_103414_V06,8,1.802,1.200,829,0,4.022,0,0,4.022
KCCX20190814-10,KCCX20190814_103843_V06,0,0.483,1.200,2200,0,7916.072,23,0,7713.107
KCCX20190814-10,KCCX20190814_103843_V06,2,0.879,1.200,2182,0,223.017,3,0,202.188
KCCX20190814-10,KCCX20190814_103843_V06,6,1.318,1.200,2210,0,5.255,0,0,5.255
KCCX20190814-10,KCCX20190814_103843_V06,8,1.802,1.200,1080,0,5.145,0,0,5.145
KCCX20190814-10,KCCX20190814_104310_V06,0,0.483,1.200,3057,0,7058.241,45,0,6642.625
KCCX20190814-10,KCCX20190814_104310_V06,2,0.879,1.200,3060,0,323.516,7,0,244.352
KCCX20190814-10,KCCX20190814_104310_V06,6,1.318,1.200,3075,0,46.970,1,0,18.582
KCCX20190814-10,KCCX20190814_104310_V06,8,1.802,1.200,1549,0,7.306,0,0,7.306
KCCX20190814-10,KCCX20190814_104737_V06,0,0.483,1.200,3677,0,5287.203,26,0,5055.992
KCCX20190814-10,KCCX20190814_104737_V06,2,0.879,1.200,3683,0,141.379,4,0,124.360
KCCX20190814-10,KCCX20190814_104737_V06,6,1.318,1.200,3686,0,32.531,0,0,32.531
KCCX20190814-10,KCCX20190814_104737_V06,8,1.802,1.200,1840,0,8.815,0,0,8.815
KCCX20190814-8,KCCX20190814_101546_V06,0,0.483,1.200,438,0,1223.511,9,0,1063.853
KCCX20190814-8,KCCX20190814_101546_V06,2,0.879,1.200,438,0,1.158,0,0,1.158
KCCX20190814-8,KCCX20190814_101546_V06,6,1.318,1.200,438,0,1.159,0,0,1.159
KCCX20190814-8,KCCX20190814_101546_V06,8,1.802,1.200,208,0,1.101,0,0,1.101
KCCX20190814-8,KCCX20190814_102050_V06,0,0.483,1.200,1274,0,4026.530,22,0,3160.478
KCCX20190814-8,KCCX20190814_102050_V06,2,0.879,1.200,1276,0,66.294,2,0,28.678
KCCX20190814-8,KCCX20190814_102050_V06,6,1.318,1.200,1269,0,3.317,0,0,3.317
KCCX20190814-8,KCCX20190814_102050_V06,8,1.802,1.200,646,0,3.377,0,0,3.377
KCCX20190814-14,KCCX20190814_111105_V06,0,0.483,1.200,80,1,24211.259,1,1,24210.620
KCCX20190814-14,KCCX20190814_111105_V06,2,0.879,1.200,80,0,1225.604,9,0,1199.232
KCCX20190814-14,KCCX20190814_111105_V06,6,1.318,1.200,80,0,91.136,3,0,86.559
KCCX20190814-14,KCCX20190814_111105_V06,8,1.802,1.200,38,0,0.057,0,0,0.057
KCCX20190814-14,KCCX20190814_111105_V06,9,2.417,1.200,39,0,4.546,0,0,4.546
KCCX20190814-14,KCCX20190814_111105_V06,12,3.120,1.200,39,0,0.059,0,0,0.059
KCCX20190814-14,KCCX20190814_111105_V06,13,3.999,1.200,41,0,0.062,0,0,0.062
KCCX20190814-14,KCCX20190814_111541_V06,0,0.483,1.200,761,0,22675.846,36,0,22613.654
KCCX20190814-14,KCCX20190814_111541_V06,2,0.879,1.200,761,0,529.128,22,0,504.309
KCCX20190814-14,KCCX20190814_111541_V06,6,1.318,1.200,762,0,80.575,15,0,59.170
KCCX20190814-14,KCCX20190814_111541_V06,8,1.802,1.200,380,0,3.585,0,0,3.585
KCCX20190814-14,KCCX20190814_111541_V06,9,2.417,1.200,378,0,11.233,0,0,11.233
KCCX20190814-14,KCCX20190814_111541_V06,12,3.120,1.200,381,0,0.574,0,0,0.574
KCCX20190814-14,KCCX20190814_111541_V06,13,3.999,1.200,383,0,0.578,0,0,0.578
KCCX20190814-1,KCCX20190814_092717_V06,0,0.483,1.200,70,0,53855.913,0,0,53855.913
KCCX20190814-1,KCCX20190814_092717_V06,2,1.494,1.200,71,0,29.464,0,0,29.464
KCCX20190814-1,KCCX20190814_092717_V06,4,2.505,1.200,69,0,8.262,8,0,7.845
KCCX20190814-1,KCCX20190814_092717_V06,6,3.516,1.200,33,0,1.493,3,0,1.243
KCCX20190814-1,KCCX20190814_092717_V06,7,4.482,1.200,36,0,0.055,0,0,0.055
KCCX20190814-4,KCCX20190814_092717_V06,0,0.483,1.200,56,0,22107.379,0,0,22107.379
KCCX20190814-4,KCCX20190814_092717_V06,2,1.494,1.200,54,0,20.452,8,0,18.928
KCCX20190814-4,KCCX20190814_092717_V06,4,2.505,1.200,55,0,4.740,15,0,3.654
KCCX20190814-4,KCCX20190814_092717_V06,6,3.516,1.200,29,0,2.934,0,0,2.934
KCCX20190814-6,KCCX20190814_094630_V06,0,0.483,1.200,155,0,202.727,8,0,198.248
KCCX20190814-6,KCCX20190814_094630_V06,2,1.494,1.200,153,0,0.242,0,0,0.242
KCCX20190814-6,KCCX20190814_094630_V06,4,2.505,1.200,153,0,1.578,3,0,0.676
KCCX20190814-7,KCCX20190814_101053_V06,0,0.483,1.200,47,1,17113.723,3,1,17109.873
KCCX20190814-7,KCCX20190814_101053_V06,2,0.879,1.200,48,0,413.099,2,0,410.588
KCCX20190814-7,KCCX20190814_101053_V06,6,1.318,1.200,48,0,9.143,1,0,3.300
KCCX20190814-7,KCCX20190814_101053_V06,8,1.802,1.200,24,0,0.036,0,0,0.036
KCCX20190814-7,KCCX20190814_101053_V06,9,2.417,1.200,25,0,0.038,0,0,0.038
KCCX20190814-7,KCCX20190814_101053_V06,12,3.120,1.200,25,0,0.038,0,0,0.038
KCCX20190814-7,KCCX20190814_101053_V06,13,3.999,1.200,25,0,0.038,0,0,0.038
KCCX20190814-9,KCCX20190814_101546_V06,0,0.483,1.200,635,0,2340.384,35,0,2186.489
KCCX20190814-9,KCCX20190814_101546_V06,2,0.879,1.200,638,0,1626.880,65,0,1496.174
KCCX20190814-9,KCCX20190814_101546_V06,6,1.318,1.200,639,0,294.769,70,0,219.417
KCCX20190814-9,KCCX20190814_101546_V06,8,1.802,1.200,316,0,11.097,0,0,11.097
KCCX20190814-9,KCCX20190814_101546_V06,9,2.417,1.200,317,0,11.002,0,0,11.002
KCCX20190814-9,KCCX20190814_101546_V06,12,3.120,1.200,319,0,0.528,0,0,0.528
KCCX20190814-9,KCCX20190814_101546_V06,13,3.999,1.200,319,0,0.528,0,0,0.528
KCCX20190814-13,KCCX20190814_104737_V06,0,0.483,1.200,9058,0,3214.046,33,0,2203.118
KCCX20190814-13,KCCX20190814_104737_V06,2,0.879,1.200,9070,0,1304.792,15,0,1061.246
KCCX20190814-13,KCCX20190814_104737_V06,6,1.318,1.200,9076,0,39.544,0,0,39.544
KCCX20190815-7,KCCX20190815_112617_V06,0,0.483,1.200,800,0,41078.628,68,0,32948.163
KCCX20190815-7,KCCX20190815_112617_V06,2,1.494,1.200,796,0,996.006,8,0,982.947
KCCX20190815-7,KCCX20190815_112617_V06,4,2.505,1.200,798,0,393.196,457,0,147.835
KCCX20190815-7,KCCX20190815_112617_V06,6,3.516,1.200,401,0,0.762,0,0,0.762
KCCX20190815-7,KCCX20190815_113554_V06,0,0.483,1.200,3578,0,57980.911,120,0,52170.964
KCCX20190815-7,KCCX20190815_113554_V06,2,1.494,1.200,3584,0,4167.311,207,0,3893.136
KCCX20190815-7,KCCX20190815_113554_V06,4,2.505,1.200,3590,0,1281.758,1687,0,592.217
KCCX20190815-7,KCCX20190815_113554_V06,6,3.516,1.200,1796,0,13.014,75,0,6.931
KCCX20190815-7,KCCX20190815_114531_V06,0,0.483,1.200,3644,0,34221.087,59,0,32256.608
KCCX20190815-7,KCCX20190815_114531_V06,2,1.494,1.200,3644,0,3647.197,178,0,3469.028
KCCX20190815-7,KCCX20190815_114531_V06,4,2.505,1.200,3653,0,1228.598,1712,0,570.790
KCCX20190815-7,KCCX20190815_114531_V06,6,3.516,1.200,1827,0,8.059,22,0,6.527
KCCX20190815-2,KCCX20190815_101312_V06,0,0.483,1.200,5715,0,23610.176,676,0,22919.572
KCCX20190815-2,KCCX20190815_101312_V06,2,0.879,1.200,5716,0,11742.174,810,0,10655.143
KCCX20190815-2,KCCX20190815_101312_V06,6,1.318,1.200,5714,0,1864.303,795,0,1745.651
KCCX20190815-2,KCCX20190815_101312_V06,8,1.802,1.200,2857,0,20.891,70,0,16.297
KCCX20190815-2,KCCX20190815_101312_V06,9,2.417,1.200,2860,0,9.345,96,0,5.646
KCCX20190815-2,KCCX20190815_101312_V06,12,3.120,1.200,2858,0,21.582,120,0,12.358
KCCX20190815-2,KCCX20190815_101312_V06,13,3.999,1.200,2858,0,128.944,341,0,48.513
KCCX20190815-2,KCCX20190815_101312_V06,14,5.098,1.200,2860,0,121.118,641,0,51.388
KCCX20190815-2,KCCX20190815_101312_V06,15,6.416,1.200,2874,0,87.416,803,0,25.890
KCCX20190815-4,KCCX20190815_101312_V06,0,0.483,1.200,553,0,4608.987,20,0,4570.703
KCCX20190815-4,KCCX20190815_101312_V06,2,0.879,1.200,553,0,280.983,12,0,266.555
KCCX20190815-4,KCCX20190815_101312_V06,6,1.318,1.200,551,0,1.138,1,0,0.979
KCCX20190815-4,KCCX20190815_101312_V06,8,1.802,1.200,273,0,0.202,0,0,0.202
KCCX20190815-4,KCCX20190815_101312_V06,9,2.417,1.200,274,0,10.612,5,0,8.217
KCCX20190815-4,KCCX20190815_101312_V06,12,3.120,1.200,275,0,28.257,26,0,15.504
KCCX20190815-4,KCCX20190815_101312_V06,13,3.999,1.200,276,0,0.205,0,0,0.205
KCCX20190815-4,KCCX20190815_101312_V06,14,5.098,1.200,279,0,0.208,0,0,0.208
KCCX20190815-4,KCCX20190815_101312_V06,15,6.416,1.200,275,0,0.206,0,0,0.206
KCCX20190815-6,KCCX20190815_111640_V06,0,0.483,1.200,1022,0,32055.605,34,0,29107.621
KCCX20190815-6,KCCX20190815_111640_V06,2,1.494,1.200,1020,0,1833.784,171,0,1465.954
KCCX20190815-6,KCCX20190815_111640_V06,4,2.505,1.200,1027,0,394.043,587,0,108.335
KCCX20190815-6,KCCX20190815_111640_V06,6,3.516,1.200,513,0,1.103,0,0,1.103
KCCX20190816-5,KCCX20190816_093822_V06,0,0.483,1.200,305,4,220885.219,5,4,220807.279
KCCX20190816-5,KCCX20190816_093822_V06,2,1.494,1.200,306,0,78.905,12,0,77.254
KCCX20190816-5,KCCX20190816_093822_V06,4,2.505,1.200,305,0,71.616,4,0,71.164
KCCX20190816-5,KCCX20190816_093822_V06,6,3.516,1.200,154,0,8.139,8,0,3.098
KCCX20190816-6,KCCX20190816_103605_V06,0,0.483,1.200,1231,2,323687.411,92,0,221996.858
KCCX20190816-6,KCCX20190816_103605_V06,2,1.494,1.200,1236,0,104.374,62,0,67.253
KCCX20190816-6,KCCX20190816_103605_V06,4,2.505,1.200,1240,0,56.686,29,0,45.269
KCCX20190816-7,KCCX20190816_110456_V06,0,0.483,1.200,4887,0,3781.222,1036,0,2714.249
KCCX20190816-7,KCCX20190816_110456_V06,2,1.494,1.200,4893,0,22.633,10,0,19.001
KCCX20190816-7,KCCX20190816_110456_V06,4,2.505,1.200,4897,0,14.345,4,0,9.629
KCCX20190817-1,KCCX20190817_095219_V06,0,0.483,1.200,88,1,34546.474,12,0,13526.016
KCCX20190817-1,KCCX20190817_095219_V06,2,0.879,1.200,88,0,1006.377,6,0,612.395
KCCX20190817-1,KCCX20190817_095219_V06,6,1.318,1.200,86,0,100.532,11,0,69.990
KCCX20190817-1,KCCX20190817_095219_V06,10,1.802,1.200,43,0,3.264,0,0,3.264
KCCX20190817-1,KCCX20190817_095219_V06,11,2.417,1.200,43,0,0.066,0,0,0.066
KCCX20190817-1,KCCX20190817_095219_V06,12,3.120,1.200,45,0,0.069,0,0,0.069
KCCX20190817-1,KCCX20190817_095219_V06,15,3.999,1.200,45,0,0.069,0,0,0.069
KCCX20190817-2,KCCX20190817_100858_V06,0,0.483,1.200,200,0,1053.831,10,0,949.485
KCCX20190817-2,KCCX20190817_100858_V06,2,0.879,1.200,200,0,6.695,1,0,4.125
KCCX20190817-2,KCCX20190817_100858_V06,6,1.318,1.200,198,0,0.218,0,0,0.218
KCCX20190817-2,KCCX20190817_100858_V06,10,1.802,1.200,91,0,0.200,0,0,0.200
KCCX20190817-2,KCCX20190817_100858_V06,11,2.417,1.200,91,0,0.200,0,0,0.200
KCCX20190817-2,KCCX20190817_100858_V06,12,3.120,1.200,94,0,0.206,0,0,0.206
KCCX20190817-3,KCCX20190817_102538_V06,0,0.483,1.200,66,0,33145.310,15,0,11477.440
KCCX20190817-3,KCCX20190817_102538_V06,2,0.879,1.200,67,0,499.150,3,0,291.427
KCCX20190817-3,KCCX20190817_102538_V06,6,1.318,1.200,67,0,80.711,3,0,72.877
KCCX20190817-3,KCCX20190817_102538_V06,10,1.802,1.200,36,0,0.054,0,0,0.054
KCCX20190817-3,KCCX20190817_102538_V06,11,2.417,1.200,35,0,3.318,0,0,3.318
KCCX20190817-3,KCCX20190817_102538_V06,12,3.120,1.200,34,0,0.052,0,0,0.052
KCCX20190817-3,KCCX20190817_102538_V06,15,3.999,1.200,33,0,0.050,0,0,0.050
KCCX20190817-4,KCCX20190817_105230_V06,0,0.483,1.200,68,2,24250.008,7,0,9471.177
KCCX20190817-4,KCCX20190817_105230_V06,2,0.879,1.200,68,0,730.607,6,0,202.321
KCCX20190817-4,KCCX20190817_105230_V06,6,1.318,1.200,67,0,52.806,9,0,33.841
KCCX20190817-4,KCCX20190817_105230_V06,10,1.802,1.200,36,0,0.055,0,0,0.055
KCCX20190817-4,KCCX20190817_105230_V06,11,2.417,1.200,35,0,0.053,0,0,0.053
KCCX20190817-4,KCCX20190817_105230_V06,12,3.120,1.200,35,0,0.053,0,0,0.053
KCCX20190817-4,KCCX20190817_105230_V06,15,3.999,1.200,34,0,0.052,0,0,0.052
KCCX20190818-2,KCCX20190818_101829_V06,0,0.483,1.200,86,1,18396.678,19,0,14150.479
KCCX20190818-2,KCCX20190818_101829_V06,2,0.879,1.200,82,0,1174.282,2,0,1169.939
KCCX20190818-2,KCCX20190818_101829_V06,6,1.318,1.200,84,0,265.931,11,0,161.423
KCCX20190818-2,KCCX20190818_101829_V06,10,1.802,1.200,44,0,7.809,1,0,4.618
KCCX20190818-2,KCCX20190818_101829_V06,11,2.417,1.200,43,0,0.079,0,0,0.079
KCCX20190818-2,KCCX20190818_101829_V06,12,3.120,1.200,44,0,0.081,0,0,0.081
KCCX20190818-2,KCCX20190818_101829_V06,15,3.999,1.200,43,0,0.079,0,0,0.079
KCCX20190818-2,KCCX20190818_102331_V06,0,0.483,1.200,835,1,104604.226,89,1,92167.867
KCCX20190818-2,KCCX20190818_102331_V06,2,0.879,1.200,838,0,921.728,30,0,540.642
KCCX20190818-2,KCCX20190818_102331_V06,6,1.318,1.200,836,0,412.416,19,0,223.165
KCCX20190818-2,KCCX20190818_102331_V06,10,1.802,1.200,419,0,17.543,0,0,17.543
KCCX20190818-2,KCCX20190818_102331_V06,11,2.417,1.200,419,0,16.713,0,0,16.713
KCCX20190818-2,KCCX20190818_102331_V06,12,3.120,1.200,419,0,8.424,0,0,8.424
KCCX20190818-2,KCCX20190818_102331_V06,15,3.999,1.200,420,0,0.773,0,0,0.773
KCCX20190818-1,KCCX20190818_092739_V06,0,0.483,1.200,54,0,9453.122,2,0,8365.513
KCCX20190818-1,KCCX20190818_092739_V06,2,0.879,1.200,56,0,172.620,8,0,158.989
KCCX20190818-1,KCCX20190818_092739_V06,6,1.318,1.200,54,0,103.324,9,0,91.365
KCCX20190818-1,KCCX20190818_092739_V06,10,1.802,1.200,28,0,10.478,1,0,7.818
KCCX20190818-1,KCCX20190818_092739_V06,11,2.417,1.200,27,0,2.808,0,0,2.808
KCCX20190818-1,KCCX20190818_092739_V06,12,3.120,1.200,28,0,0.042,0,0,0.042
KCCX20190818-1,KCCX20190818_092739_V06,15,3.999,1.200,26,0,0.039,0,0,0.039
KCCX20190818-4,KCCX20190818_103336_V06,0,0.483,1.200,55,0,18690.258,0,0,18690.258
KCCX20190818-4,KCCX20190818_103336_V06,2,0.879,1.200,54,0,210.224,3,0,208.379
KCCX20190818-4,KCCX20190818_103336_V06,6,1.318,1.200,55,0,31.812,4,0,29.228
KCCX20190818-4,KCCX20190818_103336_V06,10,1.802,1.200,28,0,0.042,0,0,0.042
KCCX20190818-4,KCCX20190818_103336_V06,11,2.417,1.200,27,0,0.041,0,0,0.041
KCCX20190818-4,KCCX20190818_103336_V06,12,3.120,1.200,27,0,0.041,0,0,0.041
KCCX20190818-4,KCCX20190818_103336_V06,15,3.999,1.200,28,0,0.042,0,0,0.042
KCCX20190818-4,KCCX20190818_103841_V06,0,0.483,1.200,1165,0,42156.471,79,0,42029.954
KCCX20190818-4,KCCX20190818_103841_V06,2,0.879,1.200,1167,0,562.625,51,0,474.732
KCCX20190818-4,KCCX20190818_103841_V06,6,1.318,1.200,1160,0,103.277,15,0,75.032
KCCX20190818-4,KCCX20190818_103841_V06,10,1.802,1.200,586,0,0.886,0,0,0.886
KCCX20190818-4,KCCX20190818_103841_V06,11,2.417,1.200,584,0,26.656,2,0,10.177
KCCX20190818-4,KCCX20190818_103841_V06,12,3.120,1.200,583,0,0.884,0,0,0.884
KCCX20190818-4,KCCX20190818_103841_V06,15,3.999,1.200,583,0,0.885,0,0,0.885
KCCX20190818-4,KCCX20190818_104343_V06,0,0.483,1.200,51,1,16027.662,1,1,16024.349
KCCX20190818-4,KCCX20190818_104343_V06,2,0.879,1.200,52,0,626.129,6,0,343.437
KCCX20190818-4,KCCX20190818_104343_V06,6,1.318,1.200,51,0,31.099,0,0,31.099
KCCX20190818-4,KCCX20190818_104343_V06,10,1.802,1.200,27,0,0.041,0,0,0.041
KCCX20190818-4,KCCX20190818_104343_V06,11,2.417,1.200,26,0,3.037,0,0,3.037
KCCX20190818-4,KCCX20190818_104343_V06,12,3.120,1.200,25,0,0.038,0,0,0.038
KCCX20190818-4,KCCX20190818_104343_V06,15,3.999,1.200,25,0,0.038,0,0,0.038
KCCX20190819-14,KCCX20190819_110826_V06,0,0.483,1.200,5048,4,120006.908,574,4,22922.580
KCCX20190819-14,KCCX20190819_110826_V06,2,1.494,1.200,5057,0,5202.745,605,0,1224.892
KCCX20190819-14,KCCX20190819_110826_V06,4,2.505,1.200,5066,0,136.667,236,0,89.371
KCCX20190819-14,KCCX20190819_110826_V06,6,3.516,1.200,2533,0,83.455,112,0,50.692
KCCX20190819-14,KCCX20190819_111804_V06,0,0.483,1.200,9877,18,198932.816,587,8,197487.054
KCCX20190819-14,KCCX20190819_111804_V06,2,1.494,1.200,9881,0,674.671,756,0,481.406
KCCX20190819-14,KCCX20190819_111804_V06,4,2.505,1.200,9886,0,196.780,316,0,151.027
KCCX20190819-14,KCCX20190819_111804_V06,6,3.516,1.200,4953,0,145.967,121,0,115.134
KCCX20190819-2,KCCX20190819_092606_V06,0,0.483,1.200,1179,0,51562.270,256,0,4158.533
KCCX20190819-2,KCCX20190819_092606_V06,2,0.879,1.200,1178,0,59305.745,260,0,2305.909
KCCX20190819-2,KCCX20190819_092606_V06,6,1.318,1.200,1186,0,39952.333,187,0,4959.121
KCCX20190819-2,KCCX20190819_092606_V06,10,1.802,1.200,593,0,6926.564,61,0,397.747
KCCX20190819-5,KCCX20190819_100836_V06,0,0.483,1.200,12456,187,8051927.053,1398,6,473901.418
KCCX20190819-5,KCCX20190819_100836_V06,2,0.879,1.200,12465,170,7474710.076,1675,6,539192.145
KCCX20190819-5,KCCX20190819_100836_V06,6,1.318,1.200,12474,104,6836252.308,1898,2,113855.087
KCCX20190819-7,KCCX20190819_102717_V06,0,0.483,1.200,810,0,6437.385,13,0,5661.835
KCCX20190819-7,KCCX20190819_102717_V06,2,0.879,1.200,811,0,345.194,20,0,257.149
KCCX20190819-7,KCCX20190819_102717_V06,6,1.318,1.200,814,0,146.539,17,0,83.086
KCCX20190819-7,KCCX20190819_102717_V06,10,1.802,1.200,405,0,1.079,0,0,1.079
KCCX20190819-7,KCCX20190819_102717_V06,11,2.417,1.200,409,0,1.091,0,0,1.091
KCCX20190819-7,KCCX20190819_102717_V06,12,3.120,1.200,410,0,23.453,0,0,23.453
KCCX20190819-9,KCCX20190819_103318_V06,0,0.483,1.200,18378,0,775891.782,4725,0,174048.451
KCCX20190819-9,KCCX20190819_103318_V06,2,0.879,1.200,18386,0,1623952.559,5936,0,592890.389
KCCX20190819-9,KCCX20190819_103318_V06,6,1.318,1.200,18384,0,2914953.015,7345,0,756528.863
KCCX20190819-9,KCCX20190819_103318_V06,10,1.802,1.200,9194,0,1708507.436,4086,0,141465.718
KCCX20190819-9,KCCX20190819_103318_V06,11,2.417,1.200,9198,0,1020866.811,3902,0,136308.739
KCCX20190819-9,KCCX20190819_103318_V06,12,3.120,1.200,9205,0,354863.546,3504,0,27860.494
KCCX20190819-18,KCCX20190819_111804_V06,0,0.483,1.200,1047,0,59006.567,60,0,58961.756
KCCX20190819-18,KCCX20190819_111804_V06,2,1.494,1.200,1048,0,160.098,62,0,113.848
KCCX20190819-18,KCCX20190819_111804_V06,4,2.505,1.200,1049,0,124.189,38,0,39.080
KCCX20190819-18,KCCX20190819_111804_V06,6,3.516,1.200,526,0,46.638,36,0,29.447
KCCX20190819-19,KCCX20190819_111804_V06,0,0.483,1.200,2715,0,349154.526,1291,0,45268.848
KCCX20190819-19,KCCX20190819_111804_V06,2,1.494,1.200,2711,0,730840.779,1691,0,124775.017
KCCX20190819-22,KCCX20190819_113729_V06,0,0.483,1.200,935,0,4805.875,233,0,1366.087
KCCX20190819-22,KCCX20190819_113729_V06,2,0.879,1.200,938,0,3279.070,349,0,954.117
KCCX20190819-22,KCCX20190819_113729_V06,4,1.318,1.200,937,0,4804.009,477,0,734.892
KCCX20190819-22,KCCX20190819_113729_V06,8,1.802,1.200,466,0,7506.803,175,0,1338.368
KCCX20190819-22,KCCX20190819_113729_V06,9,2.417,1.200,467,0,13623.737,224,0,3205.554
KCCX20190819-22,KCCX20190819_113729_V06,10,3.120,1.200,467,0,3615.115,285,0,485.664
KCCX20190819-22,KCCX20190819_113729_V06,13,3.999,1.200,470,0,742.347,104,0,226.821
KCCX20190820-5,KCCX20190820_101859_V06,0,0.483,1.200,1503,0,9594.401,2,0,9594.034
KCCX20190820-5,KCCX20190820_101859_V06,2,1.494,1.200,1504,0,2155.808,61,0,2108.102
KCCX20190820-5,KCCX20190820_101859_V06,4,2.505,1.200,1506,0,247.507,148,0,244.450
KCCX20190820-5,KCCX20190820_101859_V06,6,3.516,1.200,749,0,8.385,114,0,6.781
KCCX20190820-5,KCCX20190820_101859_V06,7,4.482,1.200,741,0,40.320,170,0,26.996
KCCX20190820-5,KCCX20190820_102837_V06,0,0.483,1.200,4521,0,50149.994,0,0,50149.994
KCCX20190820-5,KCCX20190820_102837_V06,2,1.494,1.200,4525,0,4498.157,180,0,4430.395
KCCX20190820-5,KCCX20190820_102837_V06,4,2.505,1.200,4526,0,1530.514,238,0,1441.644
KCCX20190820-5,KCCX20190820_102837_V06,6,3.516,1.200,2270,0,223.375,554,0,168.734
KCCX20190820-5,KCCX20190820_102837_V06,7,4.482,1.200,2274,0,567.044,803,0,108.017
KCCX20190820-5,KCCX20190820_103815_V06,0,0.483,1.200,3744,0,58699.749,2,0,58679.057
KCCX20190820-5,KCCX20190820_103815_V06,2,1.494,1.200,3749,0,1115.742,200,0,1079.476
KCCX20190820-5,KCCX20190820_103815_V06,4,2.505,1.200,3741,0,140.612,464,0,109.181
KCCX20190820-5,KCCX20190820_103815_V06,6,3.516,1.200,1870,0,342.553,647,0,184.649
KCCX20190820-5,KCCX20190820_103815_V06,7,4.482,1.200,1878,0,170.449,577,0,80.840
KCCX20190820-5,KCCX20190820_104751_V06,0,0.483,1.200,4763,0,50513.948,6,0,50469.802
KCCX20190820-5,KCCX20190820_104751_V06,2,1.494,1.200,4762,0,688.531,348,0,618.678
KCCX20190820-5,KCCX20190820_104751_V06,4,2.505,1.200,4756,0,265.681,685,0,195.088
KCCX20190820-5,KCCX20190820_104751_V06,6,3.516,1.200,2383,0,3218.781,720,0,274.743
KCCX20190820-5,KCCX20190820_104751_V06,7,4.482,1.200,2385,0,188.087,596,0,106.215
KCCX20190820-3,KCCX20190820_101859_V06,0,0.483,1.200,588,0,5361.565,2,0,5354.917
KCCX20190820-3,KCCX20190820_101859_V06,2,1.494,1.200,589,0,1172.740,17,0,1167.390
KCCX20190820-3,KCCX20190820_101859_V06,4,2.505,1.200,588,0,6.951,47,0,6.485
KCCX20190820-3,KCCX20190820_101859_V06,6,3.516,1.200,292,0,36.560,79,0,25.380
KCCX20190820-3,KCCX20190820_101859_V06,7,4.482,1.200,295,0,4.809,50,0,3.271
KCCX20190820-3,KCCX20190820_102837_V06,0,0.483,1.200,1613,0,13216.932,0,0,13216.932
KCCX20190820-3,KCCX20190820_102837_V06,2,1.494,1.200,1614,0,2671.880,109,0,2651.322
KCCX20190820-3,KCCX20190820_102837_V06,4,2.505,1.200,1618,0,65.745,119,0,51.421
KCCX20190820-3,KCCX20190820_102837_V06,6,3.516,1.200,806,0,94.847,248,0,64.320
KCCX20190820-3,KCCX20190820_102837_V06,7,4.482,1.200,810,0,36.339,174,0,26.534
KCCX20190820-3,KCCX20190820_103815_V06,0,0.483,1.200,2088,0,15584.833,2,0,15546.800
KCCX20190820-3,KCCX20190820_103815_V06,2,1.494,1.200,2089,0,3436.238,122,0,3310.125
KCCX20190820-3,KCCX20190820_103815_V06,4,2.505,1.200,2089,0,610.935,283,0,537.079
KCCX20190820-3,KCCX20190820_103815_V06,6,3.516,1.200,1049,0,149.193,343,0,100.732
KCCX20190820-3,KCCX20190820_103815_V06,7,4.482,1.200,1048,0,42.256,169,0,32.768
KCCX20190820-2,KCCX20190820_101859_V06,0,0.483,1.200,4621,0,25849.598,10,0,25791.406
KCCX20190820-2,KCCX20190820_101859_V06,2,1.494,1.200,4624,0,2759.024,242,0,2705.573
KCCX20190820-2,KCCX20190820_101859_V06,4,2.505,1.200,4624,0,696.418,481,0,683.937
KCCX20190820-2,KCCX20190820_101859_V06,6,3.516,1.200,2316,0,280.004,686,0,191.048
KCCX20190820-2,KCCX20190820_101859_V06,7,4.482,1.200,2319,0,215.500,692,0,97.287
KCCX20190820-9,KCCX20190820_102837_V06,0,0.483,1.200,151,0,13205.238,0,0,13205.238
KCCX20190820-9,KCCX20190820_102837_V06,2,1.494,1.200,154,0,37.486,2,0,37.462
KCCX20190820-9,KCCX20190820_102837_V06,4,2.505,1.200,160,0,2.833,27,0,2.232
KCCX20190820-9,KCCX20190820_102837_V06,6,3.516,1.200,80,0,13.850,13,0,11.478
KCCX20190820-9,KCCX20190820_102837_V06,7,4.482,1.200,75,0,2.174,19,0,1.464
KCCX20190820-10,KCCX20190820_102837_V06,0,0.483,1.200,1490,0,10057.790,2,0,10050.790
KCCX20190820-10,KCCX20190820_102837_V06,2,1.494,1.200,1490,0,1877.320,31,0,1865.469
KCCX20190820-10,KCCX20190820_102837_V06,4,2.505,1.200,1491,0,1138.493,100,0,1109.498
KCCX20190820-10,KCCX20190820_102837_V06,6,3.516,1.200,749,0,105.254,34,0,103.483
KCCX20190820-10,KCCX20190820_102837_V06,7,4.482,1.200,748,0,16.320,206,0,11.129
KCCX20190820-11,KCCX20190820_102837_V06,0,0.483,1.200,144,0,13303.982,0,0,13303.982
KCCX20190820-11,KCCX20190820_102837_V06,2,1.494,1.200,139,0,33.981,1,0,33.969
KCCX20190820-11,KCCX20190820_102837_V06,4,2.505,1.200,142,0,4.242,40,0,3.298
KCCX20190820-11,KCCX20190820_102837_V06,6,3.516,1.200,77,0,14.476,10,0,12.478
KCCX20190820-11,KCCX20190820_102837_V06,7,4.482,1.200,75,0,1.448,10,0,0.984
KCCX20190820-13,KCCX20190820_103815_V06,0,0.483,1.200,5839,0,11574.907,58,0,11492.687
KCCX20190820-13,KCCX20190820_103815_V06,2,1.494,1.200,5843,0,50.705,0,0,50.705
KCCX20190822-3,KCCX20190822_093258_V06,0,0.483,1.200,50,0,15025.628,5,0,10912.007
KCCX20190822-3,KCCX20190822_093258_V06,2,0.879,1.200,52,0,195.164,5,0,148.982
KCCX20190822-3,KCCX20190822_093258_V06,6,1.318,1.200,52,0,48.992,6,0,30.415
KCCX20190822-3,KCCX20190822_093258_V06,10,1.802,1.200,27,0,4.206,0,0,4.206
KCCX20190822-3,KCCX20190822_093258_V06,11,2.417,1.200,27,0,3.695,0,0,3.695
KCCX20190822-3,KCCX20190822_093258_V06,12,3.120,1.200,26,0,0.039,0,0,0.039
KCCX20190822-3,KCCX20190822_093258_V06,15,3.999,1.200,25,0,0.038,0,0,0.038
KCCX20190822-3,KCCX20190822_093801_V06,0,0.483,1.200,739,0,13712.159,80,0,9499.051
KCCX20190822-3,KCCX20190822_093801_V06,2,0.879,1.200,737,0,526.631,84,0,433.458
KCCX20190822-3,KCCX20190822_093801_V06,6,1.318,1.200,737,0,390.320,85,0,244.947
KCCX20190822-3,KCCX20190822_093801_V06,10,1.802,1.200,368,0,79.706,9,0,52.438
KCCX20190822-3,KCCX20190822_093801_V06,11,2.417,1.200,369,0,19.495,2,0,5.900
KCCX20190822-3,KCCX20190822_093801_V06,12,3.120,1.200,370,0,3.350,0,0,3.350
KCCX20190822-3,KCCX20190822_093801_V06,15,3.999,1.200,369,0,0.559,0,0,0.559
KCCX20190822-8,KCCX20190822_105433_V06,0,0.483,1.200,11302,0,6549.731,31,0,5270.671
KCCX20190822-8,KCCX20190822_105433_V06,2,0.879,1.200,11308,0,111.979,1,0,97.394
KCCX20190822-8,KCCX20190822_105433_V06,6,1.318,1.200,11316,0,82.200,0,0,82.200
KCCX20190822-8,KCCX20190822_110439_V06,0,0.483,1.200,17005,0,18806.931,86,0,16168.998
KCCX20190822-8,KCCX20190822_110439_V06,2,0.879,1.200,17014,0,3804.156,35,0,2867.920
KCCX20190822-8,KCCX20190822_110439_V06,6,1.318,1.200,17021,0,70.842,0,0,70.842
KCCX20190822-1,KCCX20190822_093258_V06,0,0.483,1.200,48,0,18889.912,3,0,18829.289
KCCX20190822-1,KCCX20190822_093258_V06,2,0.879,1.200,49,0,1029.931,8,0,979.595
KCCX20190822-1,KCCX20190822_093258_V06,6,1.318,1.200,48,0,386.432,7,0,376.796
KCCX20190822-1,KCCX20190822_093258_V06,10,1.802,1.200,24,0,30.664,2,0,14.468
KCCX20190822-1,KCCX20190822_093258_V06,11,2.417,1.200,23,0,10.251,2,0,4.145
KCCX20190822-1,KCCX20190822_093258_V06,12,3.120,1.200,24,0,0.044,0,0,0.044
KCCX20190822-1,KCCX20190822_093258_V06,15,3.999,1.200,24,0,0.044,0,0,0.044
KCCX20190822-5,KCCX20190822_101825_V06,0,0.483,1.200,90,0,57914.741,15,0,14359.152
KCCX20190822-5,KCCX20190822_101825_V06,2,0.879,1.200,90,0,886.081,10,0,667.287
KCCX20190822-5,KCCX20190822_101825_V06,6,1.318,1.200,91,0,107.096,3,0,103.696
KCCX20190822-5,KCCX20190822_101825_V06,10,1.802,1.200,43,0,11.874,0,0,11.874
KCCX20190822-5,KCCX20190822_101825_V06,11,2.417,1.200,44,0,22.218,2,0,13.133
KCCX20190822-5,KCCX20190822_101825_V06,12,3.120,1.200,46,0,0.085,0,0,0.085
KCCX20190822-5,KCCX20190822_101825_V06,15,3.999,1.200,44,0,0.081,0,0,0.081
KCCX20190822-5,KCCX20190822_102329_V06,0,0.483,1.200,1211,0,53595.951,45,0,53116.787
KCCX20190822-5,KCCX20190822_102329_V06,2,0.879,1.200,1213,0,656.779,32,0,294.943
KCCX20190822-5,KCCX20190822_102329_V06,6,1.318,1.200,1212,0,409.035,26,0,270.542
KCCX20190822-5,KCCX20190822_102329_V06,10,1.802,1.200,605,0,26.119,0,0,26.119
KCCX20190822-5,KCCX20190822_102329_V06,11,2.417,1.200,607,0,27.059,1,0,22.701
KCCX20190822-5,KCCX20190822_102329_V06,12,3.120,1.200,612,0,4.055,0,0,4.055
KCCX20190822-5,KCCX20190822_102329_V06,15,3.999,1.200,608,0,10.769,0,0,10.769
KCCX20190822-5,KCCX20190822_102917_V06,0,0.483,1.200,77,3,44214.244,14,1,10684.476
KCCX20190822-5,KCCX20190822_102917_V06,2,0.879,1.200,76,0,608.706,4,0,456.632
KCCX20190822-5,KCCX20190822_102917_V06,6,1.318,1.200,77,0,112.803,8,0,66.653
KCCX20190822-5,KCCX20190822_102917_V06,10,1.802,1.200,39,0,16.503,1,0,12.868
KCCX20190822-5,KCCX20190822_102917_V06,11,2.417,1.200,38,0,0.071,0,0,0.071
KCCX20190822-5,KCCX20190822_102917_V06,12,3.120,1.200,39,0,0.073,0,0,0.073
KCCX20190822-5,KCCX20190822_102917_V06,15,3.999,1.200,40,0,0.075,0,0,0.075
KCCX20190823-2,KCCX20190823_103325_V06,0,0.483,1.200,1225,0,11916.257,36,0,11742.293
KCCX20190823-2,KCCX20190823_103325_V06,2,0.879,1.200,1231,0,577.723,8,0,557.910
KCCX20190823-2,KCCX20190823_103325_V06,6,1.318,1.200,1230,0,1.582,0,0,1.582
KCCX20190823-2,KCCX20190823_103325_V06,10,1.802,1.200,617,0,38.777,3,0,1.583
KCCX20190823-2,KCCX20190823_103325_V06,11,2.417,1.200,616,0,165.257,11,0,75.669
KCCX20190823-2,KCCX20190823_103325_V06,12,3.120,1.200,614,0,1600.679,71,0,152.770
KCCX20190823-2,KCCX20190823_103854_V06,0,0.483,1.200,3644,0,21395.129,110,0,20761.619
KCCX20190823-2,KCCX20190823_103854_V06,2,0.879,1.200,3649,0,1987.243,77,0,1759.098
KCCX20190823-2,KCCX20190823_103854_V06,6,1.318,1.200,3647,0,860.544,114,0,54.869
KCCX20190823-2,KCCX20190823_103854_V06,8,1.802,1.200,1820,0,1563.567,42,0,88.476
KCCX20190823-2,KCCX20190823_103854_V06,11,2.417,1.200,1823,0,741.121,35,0,82.793
KCCX20190823-2,KCCX20190823_103854_V06,12,3.120,1.200,1824,0,14738.315,255,0,572.930
KCCX20190823-2,KCCX20190823_104438_V06,0,0.483,1.200,9190,0,102325.147,344,0,99478.053
KCCX20190823-2,KCCX20190823_104438_V06,2,0.879,1.200,9196,0,23088.925,243,0,21312.481
KCCX20190823-2,KCCX20190823_104438_V06,6,1.318,1.200,9192,0,2375.112,132,0,1104.827
KCCX20190823-2,KCCX20190823_104438_V06,8,1.802,1.200,4599,0,344.908,14,0,136.488
KCCX20190823-2,KCCX20190823_104438_V06,9,2.417,1.200,4604,0,2414.429,63,0,912.154
KCCX20190823-2,KCCX20190823_104438_V06,12,3.120,1.200,4606,0,68792.682,907,0,6433.435
KCCX20190823-2,KCCX20190823_105035_V06,0,0.483,1.200,12635,0,151494.778,473,0,148256.245
KCCX20190823-2,KCCX20190823_105035_V06,2,0.879,1.200,12629,0,33591.798,291,0,32150.474
KCCX20190823-2,KCCX20190823_105035_V06,6,1.318,1.200,12658,0,1781.211,87,0,1518.742
KCCX20190823-2,KCCX20190823_105035_V06,8,1.802,1.200,6321,0,49.986,0,0,49.986
KCCX20190823-2,KCCX20190823_105035_V06,9,2.417,1.200,6325,0,29611.711,410,0,2666.446
KCCX20190823-2,KCCX20190823_105035_V06,12,3.120,1.200,6329,0,149407.108,1631,0,6729.073
KCCX20190823-4,KCCX20190823_103325_V06,0,0.483,1.200,2293,0,28828.583,168,0,28371.700
KCCX20190823-4,KCCX20190823_103325_V06,2,0.879,1.200,2296,0,20628.603,144,0,20377.270
KCCX20190823-4,KCCX20190823_103325_V06,6,1.318,1.200,2289,0,16490.278,134,0,16263.941
KCCX20190823-4,KCCX20190823_103325_V06,10,1.802,1.200,1138,0,1865.040,35,0,1608.616
KCCX20190823-4,KCCX20190823_103325_V06,11,2.417,1.200,1140,0,1.918,1,0,1.711
KCCX20190823-4,KCCX20190823_103325_V06,12,3.120,1.200,1141,0,0.822,0,0,0.822
KCCX20190823-4,KCCX20190823_103325_V06,13,3.999,1.200,1140,0,0.822,0,0,0.822
KCCX20190823-4,KCCX20190823_103325_V06,16,5.098,1.200,1144,0,50.526,29,0,10.828
KCCX20190823-4,KCCX20190823_103325_V06,17,6.416,1.200,1146,0,20466.688,596,0,47.327
KCCX20190824-12,KCCX20190824_102820_V06,0,0.483,1.200,1257,0,187438.803,6,0,187432.500
KCCX20190824-12,KCCX20190824_102820_V06,2,1.494,1.200,1257,0,7.300,4,0,5.522
KCCX20190824-12,KCCX20190824_103757_V06,0,0.483,1.200,3671,0,276484.326,72,0,276374.828
KCCX20190824-12,KCCX20190824_103757_V06,2,1.494,1.200,3674,0,11.055,0,0,11.055
KCCX20190824-12,KCCX20190824_104733_V06,0,0.483,1.200,5069,0,182783.227,134,0,182570.106
KCCX20190824-12,KCCX20190824_104733_V06,2,1.494,1.200,5069,0,96.858,99,0,63.672
KCCX20190824-12,KCCX20190824_110650_V06,0,0.483,1.200,7664,0,100660.945,739,0,99199.344
KCCX20190824-12,KCCX20190824_110650_V06,2,1.494,1.200,7668,0,1155.848,1240,0,574.581
KCCX20190824-12,KCCX20190824_111627_V06,0,0.483,1.200,9532,0,69163.268,1540,0,65976.931
KCCX20190824-12,KCCX20190824_111627_V06,2,1.494,1.200,9542,0,1964.389,1515,0,1183.955
KCCX20190824-2,KCCX20190824_101842_V06,0,0.483,1.200,1229,0,38871.600,2,0,38858.426
KCCX20190824-2,KCCX20190824_101842_V06,2,1.494,1.200,1228,0,2856.893,10,0,2853.474
KCCX20190824-2,KCCX20190824_101842_V06,4,2.505,1.200,1230,0,34.620,131,0,31.667
KCCX20190824-2,KCCX20190824_101842_V06,6,3.516,1.200,618,0,5.534,36,0,4.768
KCCX20190824-2,KCCX20190824_101842_V06,7,4.482,1.200,620,0,2.521,21,0,2.180
KCCX20190824-2,KCCX20190824_102820_V06,0,0.483,1.200,1753,0,39256.985,0,0,39256.985
KCCX20190824-2,KCCX20190824_102820_V06,2,1.494,1.200,1755,0,12353.765,6,0,12350.704
KCCX20190824-2,KCCX20190824_102820_V06,4,2.505,1.200,1753,0,85.038,179,0,77.170
KCCX20190824-2,KCCX20190824_102820_V06,6,3.516,1.200,874,0,11.244,92,0,8.545
KCCX20190824-2,KCCX20190824_102820_V06,7,4.482,1.200,879,0,7.542,73,0,5.419
KCCX20190824-2,KCCX20190824_103757_V06,0,0.483,1.200,2680,0,40596.516,2,0,40582.550
KCCX20190824-2,KCCX20190824_103757_V06,2,1.494,1.200,2679,0,12437.516,38,0,12394.382
KCCX20190824-2,KCCX20190824_103757_V06,4,2.505,1.200,2682,0,268.195,398,0,227.058
KCCX20190824-2,KCCX20190824_103757_V06,6,3.516,1.200,1343,0,17.355,127,0,13.899
KCCX20190824-2,KCCX20190824_103757_V06,7,4.482,1.200,1344,0,12.032,97,0,8.813
KCCX20190824-2,KCCX20190824_104733_V06,0,0.483,1.200,4107,0,41991.068,8,0,41976.309
KCCX20190824-2,KCCX20190824_104733_V06,2,1.494,1.200,4111,0,4658.430,123,0,4614.625
KCCX20190824-2,KCCX20190824_104733_V06,4,2.505,1.200,4123,0,683.181,1369,0,367.435
KCCX20190824-2,KCCX20190824_104733_V06,6,3.516,1.200,2063,0,79.809,652,0,52.836
KCCX20190824-2,KCCX20190824_104733_V06,7,4.482,1.200,2060,0,34.273,474,0,21.008
KCCX20190824-3,KCCX20190824_101842_V06,0,0.483,1.200,2076,0,44794.726,12,0,44768.064
KCCX20190824-3,KCCX20190824_101842_V06,2,1.494,1.200,2079,0,22664.179,8,0,22651.242
KCCX20190824-3,KCCX20190824_101842_V06,4,2.505,1.200,2082,0,3110.871,140,0,3081.251
KCCX20190824-3,KCCX20190824_101842_V06,6,3.516,1.200,1040,0,150.981,209,0,106.142
KCCX20190824-3,KCCX20190824_101842_V06,7,4.482,1.200,1047,0,19.968,137,0,15.447
KCCX20190824-3,KCCX20190824_102820_V06,0,0.483,1.200,5197,0,30768.932,81,0,30633.493
KCCX20190824-3,KCCX20190824_102820_V06,2,1.494,1.200,5198,0,43675.649,84,0,43592.794
KCCX20190824-3,KCCX20190824_102820_V06,4,2.505,1.200,5201,0,5356.542,337,0,5277.882
KCCX20190824-3,KCCX20190824_102820_V06,6,3.516,1.200,2602,0,472.009,659,0,289.409
KCCX20190824-3,KCCX20190824_102820_V06,7,4.482,1.200,2607,0,168.364,696,0,79.667
KCCX20190824-3,KCCX20190824_103757_V06,0,0.483,1.200,4408,0,26852.302,61,0,26781.201
KCCX20190824-3,KCCX20190824_103757_V06,2,1.494,1.200,4408,0,24722.701,82,0,24629.254
KCCX20190824-3,KCCX20190824_103757_V06,4,2.505,1.200,4412,0,3806.352,421,0,3686.821
KCCX20190824-3,KCCX20190824_103757_V06,6,3.516,1.200,2206,0,478.520,712,0,276.080
KCCX20190824-3,KCCX20190824_103757_V06,7,4.482,1.200,2210,0,164.234,576,0,85.425
KCCX20190824-3,KCCX20190824_104733_V06,0,0.483,1.200,8067,0,20577.180,212,0,20398.152
KCCX20190824-3,KCCX20190824_104733_V06,2,1.494,1.200,8067,0,11042.394,302,0,10857.565
KCCX20190824-3,KCCX20190824_104733_V06,4,2.505,1.200,8069,0,1504.105,1643,0,1054.387
KCCX20190824-3,KCCX20190824_104733_V06,6,3.516,1.200,4040,0,726.581,1293,0,405.130
KCCX20190824-3,KCCX20190824_104733_V06,7,4.482,1.200,4049,0,356.629,1435,0,141.119
KCCX20190824-5,KCCX20190824_101842_V06,0,0.483,1.200,589,0,36701.235,0,0,36701.235
KCCX20190824-5,KCCX20190824_101842_V06,2,1.494,1.200,587,0,17357.911,2,0,17350.836
KCCX20190824-5,KCCX20190824_101842_V06,4,2.505,1.200,588,0,2414.560,14,0,2412.884
KCCX20190824-5,KCCX20190824_101842_V06,6,3.516,1.200,294,0,38.867,41,0,32.782
KCCX20190824-5,KCCX20190824_101842_V06,7,4.482,1.200,293,0,2.392,23,0,2.161
KCCX20190824-5,KCCX20190824_102820_V06,0,0.483,1.200,3683,0,38439.706,6,0,38428.994
KCCX20190824-5,KCCX20190824_102820_V06,2,1.494,1.200,3682,0,30665.040,61,0,30579.814
KCCX20190824-5,KCCX20190824_102820_V06,4,2.505,1.200,3686,0,2298.775,499,0,2214.821
KCCX20190824-5,KCCX20190824_102820_V06,6,3.516,1.200,1847,0,61.310,214,0,51.890
KCCX20190824-5,KCCX20190824_102820_V06,7,4.482,1.200,1850,0,16.769,353,0,10.062
KCCX20190824-5,KCCX20190824_103757_V06,0,0.483,1.200,2821,0,41326.736,2,0,41326.180
KCCX20190824-5,KCCX20190824_103757_V06,2,1.494,1.200,2824,0,8780.874,24,0,8743.253
KCCX20190824-5,KCCX20190824_103757_V06,4,2.505,1.200,2828,0,259.565,550,0,173.258
KCCX20190824-5,KCCX20190824_103757_V06,6,3.516,1.200,1418,0,31.560,242,0,24.602
KCCX20190824-5,KCCX20190824_103757_V06,7,4.482,1.200,1420,0,15.894,266,0,9.449
KCCX20190824-10,KCCX20190824_102820_V06,0,0.483,1.200,1228,0,28595.544,26,0,28543.909
KCCX20190824-10,KCCX20190824_102820_V06,2,1.494,1.200,1228,0,9.235,8,0,2.719
KCCX20190824-10,KCCX20190824_103757_V06,0,0.483,1.200,2333,0,34827.026,20,0,34795.291
KCCX20190824-10,KCCX20190824_103757_V06,2,1.494,1.200,2333,0,45.029,16,0,5.327
KCCX20190824-11,KCCX20190824_102820_V06,0,0.483,1.200,1268,0,98379.524,4,0,98377.958
KCCX20190824-11,KCCX20190824_102820_V06,2,1.494,1.200,1272,0,65.876,10,0,61.302
KCCX20190824-11,KCCX20190824_102820_V06,4,2.505,1.200,1272,0,45.469,38,0,24.889
KCCX20190824-11,KCCX20190824_103757_V06,0,0.483,1.200,3172,0,97609.245,16,0,97478.553
KCCX20190824-11,KCCX20190824_103757_V06,2,1.494,1.200,3169,0,191.360,98,0,160.595
KCCX20190824-11,KCCX20190824_103757_V06,4,2.505,1.200,3173,0,69.790,52,0,34.814
KCCX20190824-14,KCCX20190824_102820_V06,0,0.483,1.200,1174,0,14259.493,0,0,14259.493
KCCX20190824-14,KCCX20190824_102820_V06,2,1.494,1.200,1172,0,1884.507,103,0,1863.668
KCCX20190824-14,KCCX20190824_102820_V06,4,2.505,1.200,1179,0,9.015,110,0,7.473
KCCX20190824-14,KCCX20190824_102820_V06,6,3.516,1.200,587,0,2.673,21,0,2.135
KCCX20190824-14,KCCX20190824_102820_V06,7,4.482,1.200,591,0,2.108,8,0,1.882
KCCX20190824-14,KCCX20190824_103757_V06,0,0.483,1.200,4180,0,23411.366,2,0,23405.828
KCCX20190824-14,KCCX20190824_103757_V06,2,1.494,1.200,4181,0,3139.493,187,0,3099.727
KCCX20190824-14,KCCX20190824_103757_V06,4,2.505,1.200,4179,0,134.942,491,0,116.278
KCCX20190824-14,KCCX20190824_103757_V06,6,3.516,1.200,2090,0,12.434,103,0,10.014
KCCX20190824-14,KCCX20190824_103757_V06,7,4.482,1.200,2095,0,9.410,44,0,8.157
KCCX20190824-19,KCCX20190824_103757_V06,0,0.483,1.200,2796,0,153091.004,21,0,153066.109
KCCX20190824-19,KCCX20190824_103757_V06,2,1.494,1.200,2802,0,6.087,0,0,6.087
KCCX20190824-19,KCCX20190824_104733_V06,0,0.483,1.200,6107,0,211204.300,110,0,211017.773
KCCX20190824-19,KCCX20190824_104733_V06,2,1.494,1.200,6111,0,37.729,43,0,29.584
KCCX20190824-19,KCCX20190824_104733_V06,4,2.505,1.200,6125,0,10.889,0,0,10.889
KCCX20190824-21,KCCX20190824_112605_V06,0,0.483,1.200,258,8,186507.659,2,6,186507.659
KCCX20190824-21,KCCX20190824_112605_V06,2,1.494,1.200,257,0,248.040,67,0,225.972
KCCX20190824-21,KCCX20190824_112605_V06,4,2.505,1.200,259,0,140.934,25,0,136.315
KCCX20190824-21,KCCX20190824_112605_V06,6,3.516,1.200,128,0,5.600,3,0,4.984
KCCX20190824-21,KCCX20190824_113543_V06,0,0.483,1.200,1496,8,151951.881,10,4,106243.845
KCCX20190824-21,KCCX20190824_113543_V06,2,1.494,1.200,1493,0,341.693,387,0,296.561
KCCX20190824-21,KCCX20190824_113543_V06,4,2.505,1.200,1502,0,198.998,156,0,182.628
KCCX20190824-21,KCCX20190824_113543_V06,6,3.516,1.200,751,0,26.148,10,0,22.887
KCCX20190824-13,KCCX20190824_102820_V06,0,0.483,1.200,1298,0,21459.537,0,0,21459.537
KCCX20190824-13,KCCX20190824_102820_V06,2,1.494,1.200,1297,0,1786.471,20,0,1775.831
KCCX20190824-13,KCCX20190824_102820_V06,4,2.505,1.200,1295,0,18.472,137,0,15.810
KCCX20190824-13,KCCX20190824_102820_V06,6,3.516,1.200,651,0,8.955,50,0,7.459
KCCX20190824-13,KCCX20190824_102820_V06,7,4.482,1.200,654,0,1.130,10,0,0.987
KCCX20190824-15,KCCX20190824_102820_V06,0,0.483,1.200,563,0,7477.482,0,0,7477.482
KCCX20190824-15,KCCX20190824_102820_V06,2,1.494,1.200,564,0,158.911,80,0,136.808
KCCX20190824-15,KCCX20190824_102820_V06,4,2.505,1.200,566,0,4.982,26,0,3.864
KCCX20190824-15,KCCX20190824_102820_V06,6,3.516,1.200,277,0,2.342,6,0,1.797
KCCX20190824-15,KCCX20190824_102820_V06,7,4.482,1.200,278,0,1.108,9,0,0.374
KCCX20190824-16,KCCX20190824_103757_V06,0,0.483,1.200,603,0,28955.560,6,0,28951.466
KCCX20190824-16,KCCX20190824_103757_V06,2,1.494,1.200,604,0,0.987,0,0,0.987
KCCX20190824-16,KCCX20190824_103757_V06,4,2.505,1.200,602,0,0.985,0,0,0.985
KCCX20190824-17,KCCX20190824_103757_V06,0,0.483,1.200,4175,0,4832.347,182,0,4705.880
KCCX20190824-17,KCCX20190824_103757_V06,2,1.494,1.200,4174,0,726.531,1563,0,305.565
KCCX20190824-17,KCCX20190824_103757_V06,4,2.505,1.200,4185,0,5.514,4,0,5.221
KCCX20190824-17,KCCX20190824_103757_V06,6,3.516,1.200,2096,0,5.540,4,0,4.751
KCCX20190824-20,KCCX20190824_103757_V06,0,0.483,1.200,3178,0,185268.544,22,0,185253.962
KCCX20190824-20,KCCX20190824_103757_V06,2,1.494,1.200,3182,0,21.473,27,0,15.545
KCCX20190824-20,KCCX20190824_103757_V06,4,2.505,1.200,3184,0,4.744,0,0,4.744
KCCX20190825-5,KCCX20190825_102010_V06,0,0.483,1.200,965,0,33769.465,20,0,33741.919
KCCX20190825-5,KCCX20190825_102010_V06,2,1.494,1.200,962,0,110.469,244,0,52.309
KCCX20190825-5,KCCX20190825_102010_V06,4,2.505,1.200,966,0,2.739,4,0,1.406
KCCX20190825-5,KCCX20190825_102946_V06,0,0.483,1.200,2980,0,88244.853,35,0,88222.315
KCCX20190825-5,KCCX20190825_102946_V06,2,1.494,1.200,2979,0,234.110,350,0,134.981
KCCX20190825-5,KCCX20190825_102946_V06,4,2.505,1.200,2988,0,7.755,7,0,5.175
KCCX20190825-5,KCCX20190825_103925_V06,0,0.483,1.200,3147,0,78286.784,4,0,78285.256
KCCX20190825-5,KCCX20190825_103925_V06,2,1.494,1.200,3152,0,278.303,148,0,234.383
KCCX20190825-5,KCCX20190825_103925_V06,4,2.505,1.200,3155,0,16.076,51,0,9.193
KCCX20190825-5,KCCX20190825_104903_V06,0,0.483,1.200,7628,0,113432.976,108,0,113303.663
KCCX20190825-5,KCCX20190825_104903_V06,2,1.494,1.200,7636,0,192.407,110,0,154.523
KCCX20190825-5,KCCX20190825_104903_V06,4,2.505,1.200,7638,0,38.436,108,0,25.556
KCCX20190825-5,KCCX20190825_110817_V06,0,0.483,1.200,6186,0,49001.774,43,0,48962.445
KCCX20190825-5,KCCX20190825_110817_V06,2,1.494,1.200,6197,0,153.650,153,0,72.783
KCCX20190825-5,KCCX20190825_111754_V06,0,0.483,1.200,4625,0,30172.977,30,0,29907.102
KCCX20190825-5,KCCX20190825_111754_V06,2,1.494,1.200,4628,0,142.515,129,0,77.628
KCCX20190825-11,KCCX20190825_102946_V06,0,0.483,1.200,1113,0,21566.772,0,0,21566.772
KCCX20190825-11,KCCX20190825_102946_V06,2,1.494,1.200,1112,0,509.408,22,0,3.325
KCCX20190825-11,KCCX20190825_103925_V06,0,0.483,1.200,2848,0,23748.830,11,0,23722.702
KCCX20190825-11,KCCX20190825_103925_V06,2,1.494,1.200,2846,0,13.750,0,0,13.750
KCCX20190825-11,KCCX20190825_104903_V06,0,0.483,1.200,7271,0,33891.504,40,0,33628.663
KCCX20190825-11,KCCX20190825_104903_V06,2,1.494,1.200,7283,0,81.989,18,0,34.365
KCCX20190825-12,KCCX20190825_102946_V06,0,0.483,1.200,944,0,30748.239,5,0,30745.980
KCCX20190825-12,KCCX20190825_102946_V06,2,1.494,1.200,944,0,5.359,4,0,3.649
KCCX20190825-12,KCCX20190825_102946_V06,4,2.505,1.200,946,0,8.264,0,0,8.264
KCCX20190825-12,KCCX20190825_103925_V06,0,0.483,1.200,1454,0,23753.349,2,0,23752.882
KCCX20190825-12,KCCX20190825_103925_V06,2,1.494,1.200,1458,0,16.785,8,0,11.488
KCCX20190825-12,KCCX20190825_103925_V06,4,2.505,1.200,1458,0,2.843,0,0,2.843
KCCX20190825-12,KCCX20190825_104903_V06,0,0.483,1.200,1405,0,18663.317,4,0,18502.233
KCCX20190825-12,KCCX20190825_104903_V06,2,1.494,1.200,1408,0,53.311,8,0,48.754
KCCX20190825-12,KCCX20190825_104903_V06,4,2.505,1.200,1408,0,7.347,0,0,7.347
KCCX20190825-1,KCCX20190825_093207_V06,0,0.483,1.200,687,0,94500.022,6,0,94461.987
KCCX20190825-1,KCCX20190825_093207_V06,2,1.494,1.200,687,0,117.714,238,0,73.591
KCCX20190825-1,KCCX20190825_093207_V06,4,2.505,1.200,687,0,24.455,59,0,17.015
KCCX20190825-1,KCCX20190825_094143_V06,0,0.483,1.200,2400,0,114068.725,60,0,113997.460
KCCX20190825-1,KCCX20190825_094143_V06,2,1.494,1.200,2398,0,486.633,731,0,317.659
KCCX20190825-1,KCCX20190825_094143_V06,4,2.505,1.200,2401,0,83.969,264,0,52.088
KCCX20190825-4,KCCX20190825_102010_V06,0,0.483,1.200,1215,0,14561.872,107,0,14508.706
KCCX20190825-4,KCCX20190825_102010_V06,2,1.494,1.200,1219,0,234.149,68,0,230.334
KCCX20190825-4,KCCX20190825_102010_V06,4,2.505,1.200,1217,0,26.169,230,0,17.924
KCCX20190825-4,KCCX20190825_102010_V06,6,3.516,1.200,609,0,21.395,177,0,15.175
KCCX20190825-4,KCCX20190825_102010_V06,7,4.482,1.200,610,0,44.832,142,0,32.851
KCCX20190825-4,KCCX20190825_102946_V06,0,0.483,1.200,5776,0,24716.649,538,0,24330.535
KCCX20190825-4,KCCX20190825_102946_V06,2,1.494,1.200,5779,0,9855.158,639,0,9831.048
KCCX20190825-4,KCCX20190825_102946_V06,4,2.505,1.200,5786,0,1786.724,1019,0,1765.097
KCCX20190825-4,KCCX20190825_102946_V06,6,3.516,1.200,2894,0,99.373,472,0,71.572
KCCX20190825-4,KCCX20190825_102946_V06,7,4.482,1.200,2899,0,98.765,658,0,67.122
KCCX20190825-6,KCCX20190825_102010_V06,0,0.483,1.200,615,0,12373.132,2,0,12372.450
KCCX20190825-6,KCCX20190825_102010_V06,2,1.494,1.200,615,0,2604.440,10,0,2602.448
KCCX20190825-6,KCCX20190825_102010_V06,4,2.505,1.200,614,0,168.566,59,0,161.610
KCCX20190825-6,KCCX20190825_102010_V06,6,3.516,1.200,307,0,21.161,88,0,13.111
KCCX20190825-6,KCCX20190825_102010_V06,7,4.482,1.200,306,0,7.301,67,0,4.293
KCCX20190825-6,KCCX20190825_102946_V06,0,0.483,1.200,5199,0,7870.575,430,0,7743.108
KCCX20190825-6,KCCX20190825_102946_V06,2,1.494,1.200,5200,0,9457.476,665,0,9389.200
KCCX20190825-6,KCCX20190825_102946_V06,4,2.505,1.200,5205,0,7472.060,358,0,7333.990
KCCX20190825-6,KCCX20190825_102946_V06,6,3.516,1.200,2600,0,505.957,269,0,472.566
KCCX20190825-6,KCCX20190825_102946_V06,7,4.482,1.200,2607,0,56.574,778,0,31.570
KCCX20190825-10,KCCX20190825_102946_V06,0,0.483,1.200,1853,0,42067.483,32,0,41683.938
KCCX20190825-10,KCCX20190825_102946_V06,2,1.494,1.200,1851,0,76.426,146,0,27.945
KCCX20190825-10,KCCX20190825_103925_V06,0,0.483,1.200,4415,0,105091.082,37,0,104997.227
KCCX20190825-10,KCCX20190825_103925_V06,2,1.494,1.200,4419,0,204.797,176,0,136.447
KCCX20190825-10,KCCX20190825_103925_V06,4,2.505,1.200,4424,0,15.629,8,0,8.917
KCCX20190825-2,KCCX20190825_094143_V06,0,0.483,1.200,632,0,20718.067,29,0,18136.064
KCCX20190825-2,KCCX20190825_094143_V06,2,1.494,1.200,632,0,127.778,223,0,84.504
KCCX20190825-2,KCCX20190825_094143_V06,4,2.505,1.200,637,0,103.622,329,0,45.465
KCCX20190825-2,KCCX20190825_094143_V06,6,3.516,1.200,318,0,1.800,4,0,1.355
KCCX20190825-8,KCCX20190825_102010_V06,0,0.483,1.200,8702,0,10413.905,436,0,9906.434
KCCX20190825-8,KCCX20190825_102010_V06,2,1.494,1.200,8712,0,253.211,44,0,39.423
KCCX20190826-3,KCCX20190826_103047_V06,0,0.483,1.200,1207,0,5751.776,9,0,5739.820
KCCX20190826-3,KCCX20190826_103047_V06,2,1.494,1.200,1207,0,11.672,0,0,11.672
KCCX20190826-3,KCCX20190826_104023_V06,0,0.483,1.200,2657,0,71377.630,9,0,71368.990
KCCX20190826-3,KCCX20190826_104023_V06,2,1.494,1.200,2660,0,85.338,113,0,45.052
KCCX20190826-3,KCCX20190826_105000_V06,0,0.483,1.200,4017,0,139269.677,20,0,139165.584
KCCX20190826-3,KCCX20190826_105000_V06,2,1.494,1.200,4019,0,499.409,491,0,262.052
KCCX20190826-3,KCCX20190826_110915_V06,0,0.483,1.200,7549,0,86954.846,88,0,86565.380
KCCX20190826-3,KCCX20190826_110915_V06,2,1.494,1.200,7553,0,1487.785,1101,0,929.392
KCCX20190826-5,KCCX20190826_105000_V06,0,0.483,1.200,2205,0,39672.284,6,0,39663.306
KCCX20190826-5,KCCX20190826_105000_V06,2,1.494,1.200,2208,0,7.872,0,0,7.872
KCCX20190826-5,KCCX20190826_110915_V06,0,0.483,1.200,4087,0,54685.074,33,0,54514.155
KCCX20190826-5,KCCX20190826_110915_V06,2,1.494,1.200,4091,0,95.033,2,0,93.955
KCCX20190826-5,KCCX20190826_111855_V06,0,0.483,1.200,8689,0,38382.894,112,0,37764.068
KCCX20190826-5,KCCX20190826_111855_V06,2,1.494,1.200,8696,0,476.387,49,0,228.530
KCCX20190826-5,KCCX20190826_112831_V06,0,0.483,1.200,8275,0,27157.527,124,0,26701.730
KCCX20190826-5,KCCX20190826_112831_V06,2,1.494,1.200,8279,0,147.888,58,0,79.202
KCCX20190826-5,KCCX20190826_113808_V06,0,0.483,1.200,6136,0,17165.470,67,0,16846.439
KCCX20190826-5,KCCX20190826_113808_V06,2,1.494,1.200,6139,0,115.108,30,0,55.639
KCCX20190826-4,KCCX20190826_104023_V06,0,0.483,1.200,2028,0,21665.824,16,0,21641.959
KCCX20190826-4,KCCX20190826_104023_V06,2,1.494,1.200,2031,0,1136.346,364,0,996.550
KCCX20190826-4,KCCX20190826_104023_V06,4,2.505,1.200,2030,0,20.305,91,0,9.866
KCCX20190826-4,KCCX20190826_105000_V06,0,0.483,1.200,5686,0,65729.631,94,0,65651.315
KCCX20190826-4,KCCX20190826_105000_V06,2,1.494,1.200,5694,0,5446.556,1852,0,3726.024
KCCX20190826-4,KCCX20190826_105000_V06,4,2.505,1.200,5695,0,91.011,344,0,40.967
KCCX20190826-6,KCCX20190826_110915_V06,0,0.483,1.200,1318,0,227.231,213,0,202.085
KCCX20190826-6,KCCX20190826_110915_V06,2,1.494,1.200,1318,0,2.574,10,0,2.192
KCCX20190826-6,KCCX20190826_110915_V06,4,2.505,1.200,1317,0,155.346,745,0,69.226
KCCX20190826-6,KCCX20190826_110915_V06,6,3.516,1.200,660,0,626.763,450,0,225.315
KCCX20190826-6,KCCX20190826_110915_V06,7,4.482,1.200,662,0,114.160,177,0,66.953
KCCX20190826-6,KCCX20190826_111855_V06,0,0.483,1.200,8612,0,24357.348,639,0,7359.694
KCCX20190826-6,KCCX20190826_111855_V06,2,1.494,1.200,8618,0,145.549,821,0,82.164
KCCX20190826-6,KCCX20190826_111855_V06,4,2.505,1.200,8622,0,969.452,4034,0,409.175
KCCX20190826-6,KCCX20190826_111855_V06,6,3.516,1.200,4313,0,2378.328,2638,0,857.465
KCCX20190826-6,KCCX20190826_111855_V06,7,4.482,1.200,4323,0,1765.514,1166,0,1160.687
KCCX20190826-6,KCCX20190826_112831_V06,0,0.483,1.200,17809,0,15025.640,1420,0,12915.896
KCCX20190826-6,KCCX20190826_112831_V06,2,1.494,1.200,17819,0,432.915,2490,0,257.527
KCCX20190826-6,KCCX20190826_112831_V06,4,2.505,1.200,17830,0,1725.195,7463,0,783.472
KCCX20190826-6,KCCX20190826_112831_V06,6,3.516,1.200,8921,0,2655.174,4082,0,1187.752
KCCX20190826-6,KCCX20190826_112831_V06,7,4.482,1.200,8937,0,2179.551,2708,0,1393.641
KCCX20190826-1,KCCX20190826_102109_V06,0,0.483,1.200,3233,0,10667.222,430,0,10508.915
KCCX20190826-1,KCCX20190826_102109_V06,2,1.494,1.200,3234,0,404.636,450,0,387.081
KCCX20190826-1,KCCX20190826_102109_V06,4,2.505,1.200,3232,0,58.126,391,0,49.876
KCCX20190826-1,KCCX20190826_102109_V06,6,3.516,1.200,1619,0,65.022,330,0,50.760
KCCX20190826-1,KCCX20190826_102109_V06,7,4.482,1.200,1622,0,11.975,188,0,8.701
KCCX20190826-7,KCCX20190826_112831_V06,0,0.483,1.200,6834,0,1709.608,838,0,1249.504
KCCX20190826-7,KCCX20190826_112831_V06,2,1.494,1.200,6837,0,102.378,121,0,83.113
KCCX20190826-7,KCCX20190826_112831_V06,4,2.505,1.200,6836,0,226.000,1238,0,102.392
KCCX20190828-2,KCCX20190828_112952_V06,0,0.483,1.200,21082,8,1602577.395,3209,0,8130.016
KCCX20190828-2,KCCX20190828_112952_V06,2,0.879,1.200,21092,14,936980.752,1985,0,5160.982
KCCX20190828-2,KCCX20190828_112952_V06,6,1.318,1.200,21113,10,566560.711,648,0,14971.379
KCCX20190828-2,KCCX20190828_113647_V06,0,0.483,1.200,27382,126,5199565.628,5110,0,12426.177
KCCX20190828-2,KCCX20190828_113647_V06,2,0.879,1.200,27397,57,4516795.837,3370,0,6923.017
KCCX20190828-2,KCCX20190828_113647_V06,6,1.318,1.200,27415,11,2414171.821,1134,0,57232.035
KCCX20190828-1,KCCX20190828_112310_V06,0,0.483,1.200,28097,285,18510362.798,6726,0,12043.598
KCCX20190828-1,KCCX20190828_112310_V06,2,0.879,1.200,28105,229,15590119.254,4659,0,36882.907
KCCX20190828-1,KCCX20190828_112310_V06,6,1.318,1.200,28097,146,12867644.748,2604,3,1145385.509
KCCX20190829-17,KCCX20190829_104413_V06,0,0.483,1.200,6346,0,6886.532,44,0,6807.275
KCCX20190829-17,KCCX20190829_104413_V06,2,1.494,1.200,6350,0,30.909,4,0,22.038
KCCX20190829-17,KCCX20190829_110327_V06,0,0.483,1.200,5579,0,69732.492,84,0,69332.195
KCCX20190829-17,KCCX20190829_110327_V06,2,1.494,1.200,5584,0,352.871,14,0,19.994
KCCX20190829-17,KCCX20190829_111303_V06,0,0.483,1.200,8015,0,44311.548,111,0,44101.467
KCCX20190829-17,KCCX20190829_111303_V06,2,1.494,1.200,8020,0,167.324,12,0,138.620
KCCX20190829-17,KCCX20190829_112240_V06,0,0.483,1.200,8439,0,27141.370,114,0,26890.745
KCCX20190829-17,KCCX20190829_112240_V06,2,1.494,1.200,8440,0,190.318,30,0,130.691
KCCX20190829-17,KCCX20190829_113217_V06,0,0.483,1.200,6612,0,25034.960,113,0,24709.148
KCCX20190829-17,KCCX20190829_113217_V06,2,1.494,1.200,6617,0,128.485,6,0,117.496
KCCX20190829-16,KCCX20190829_104413_V06,0,0.483,1.200,5198,0,12878.412,63,0,12809.451
KCCX20190829-16,KCCX20190829_104413_V06,2,1.494,1.200,5204,0,15.907,0,0,15.907
KCCX20190829-16,KCCX20190829_110327_V06,0,0.483,1.200,10566,0,10219.958,105,0,9931.332
KCCX20190829-16,KCCX20190829_110327_V06,2,1.494,1.200,10573,0,58.630,15,0,40.378
KCCX20190829-1,KCCX20190829_093652_V06,0,0.483,1.200,254,0,74179.667,6,0,70139.757
KCCX20190829-1,KCCX20190829_093652_V06,2,1.494,1.200,252,0,63.742,44,0,56.920
KCCX20190829-1,KCCX20190829_093652_V06,4,2.505,1.200,253,0,26.006,14,0,24.096
KCCX20190829-1,KCCX20190829_093652_V06,6,3.516,1.200,127,0,8.447,14,0,3.179
KCCX20190829-6,KCCX20190829_102457_V06,0,0.483,1.200,6561,0,2674.294,1821,0,1717.140
KCCX20190829-6,KCCX20190829_102457_V06,2,1.494,1.200,6569,0,4418.721,1043,0,3901.009
KCCX20190829-6,KCCX20190829_102457_V06,4,2.505,1.200,6580,0,3813.626,1032,0,3384.937
KCCX20190829-6,KCCX20190829_102457_V06,6,3.516,1.200,3292,0,3127.627,557,0,2671.273
KCCX20190829-6,KCCX20190829_102457_V06,7,4.482,1.200,3296,0,2125.252,586,0,1709.790
KCCX20190829-7,KCCX20190829_102457_V06,0,0.483,1.200,1106,0,18165.032,10,0,18095.957
KCCX20190829-7,KCCX20190829_102457_V06,2,1.494,1.200,1107,0,1049.015,53,0,1046.997
KCCX20190829-7,KCCX20190829_102457_V06,4,2.505,1.200,1107,0,3.501,40,0,2.929
KCCX20190829-7,KCCX20190829_102457_V06,6,3.516,1.200,554,0,4.232,28,0,3.216
KCCX20190829-7,KCCX20190829_102457_V06,7,4.482,1.200,555,0,3.967,24,0,1.939
KCCX20190829-8,KCCX20190829_102457_V06,0,0.483,1.200,5046,0,31083.713,23,0,30920.817
KCCX20190829-8,KCCX20190829_102457_V06,2,1.494,1.200,5049,0,4607.386,146,0,4550.290
KCCX20190829-8,KCCX20190829_102457_V06,4,2.505,1.200,5053,0,71.218,508,0,66.282
KCCX20190829-8,KCCX20190829_102457_V06,6,3.516,1.200,2528,0,32.424,307,0,24.893
KCCX20190829-8,KCCX20190829_102457_V06,7,4.482,1.200,2539,0,7.328,120,0,6.125
KCCX20190829-9,KCCX20190829_102457_V06,0,0.483,1.200,19222,0,63179.859,396,0,62391.842
KCCX20190829-9,KCCX20190829_102457_V06,2,1.494,1.200,19234,0,5271.046,917,0,5128.442
KCCX20190829-9,KCCX20190829_102457_V06,4,2.505,1.200,19253,0,139.984,2411,0,108.007
KCCX20190829-9,KCCX20190829_102457_V06,6,3.516,1.200,9637,0,71.814,995,0,58.637
KCCX20190829-9,KCCX20190829_102457_V06,7,4.482,1.200,9651,0,41.455,1274,0,26.711
KCCX20190829-13,KCCX20190829_102457_V06,0,0.483,1.200,16355,0,2806.484,821,0,2317.662
KCCX20190829-13,KCCX20190829_102457_V06,2,1.494,1.200,16367,0,91.889,30,0,47.233
KCCX20190829-15,KCCX20190829_103435_V06,0,0.483,1.200,3532,0,7986.377,108,0,7897.527
KCCX20190829-15,KCCX20190829_103435_V06,2,1.494,1.200,3534,0,22.963,6,0,12.410
KCCX20190829-18,KCCX20190829_104413_V06,0,0.483,1.200,3868,0,39596.655,2,0,39592.306
KCCX20190829-18,KCCX20190829_104413_V06,2,1.494,1.200,3870,0,1250.339,15,0,1244.541
KCCX20190829-18,KCCX20190829_104413_V06,4,2.505,1.200,3871,0,20.580,28,0,15.342
KCCX20190829-20,KCCX20190829_104413_V06,0,0.483,1.200,2110,0,5552.055,36,0,5536.063
KCCX20190829-20,KCCX20190829_104413_V06,2,1.494,1.200,2116,0,78.459,10,0,10.305
KCCX20190829-20,KCCX20190829_104413_V06,4,2.505,1.200,2119,0,11.481,12,0,3.870
KCCX20190829-21,KCCX20190829_110327_V06,0,0.483,1.200,24928,0,4521.723,3832,0,3045.291
KCCX20190829-21,KCCX20190829_110327_V06,2,1.494,1.200,24938,0,11240.049,4920,0,8642.205
KCCX20190829-21,KCCX20190829_110327_V06,4,2.505,1.200,24958,0,11273.636,6476,0,7189.603
KCCX20190829-21,KCCX20190829_110327_V06,6,3.516,1.200,12492,0,3920.551,3533,0,1842.061
KCCX20190829-21,KCCX20190829_110327_V06,7,4.482,1.200,12510,0,1209.694,3400,0,469.188
KCCX20190829-22,KCCX20190829_110327_V06,0,0.483,1.200,72,0,15835.817,0,0,15835.817
KCCX20190829-22,KCCX20190829_110327_V06,2,1.494,1.200,73,0,1.066,0,0,1.066
KCCX20190829-22,KCCX20190829_110327_V06,4,2.505,1.200,72,0,2.897,0,0,2.897
KCCX20190829-22,KCCX20190829_110327_V06,6,3.516,1.200,35,0,2.934,2,0,2.182
KCCX20190830-1,KCCX20190830_100748_V06,0,0.483,1.200,497,0,201043.674,16,0,200565.165
KCCX20190830-1,KCCX20190830_100748_V06,2,1.494,1.200,497,0,36.542,25,0,32.437
KCCX20190830-1,KCCX20190830_100748_V06,4,2.505,1.200,497,0,30.162,18,0,26.486
KCCX20190831-5,KCCX20190831_103724_V06,0,0.483,1.200,1677,0,106359.265,10,0,105863.476
KCCX20190831-5,KCCX20190831_103724_V06,2,1.494,1.200,1677,0,8.793,2,0,6.879
KCCX20190831-5,KCCX20190831_104701_V06,0,0.483,1.200,3672,0,192682.553,28,0,192586.602
KCCX20190831-5,KCCX20190831_104701_V06,2,1.494,1.200,3671,0,18.847,4,0,14.898
KCCX20190831-5,KCCX20190831_110616_V06,0,0.483,1.200,5543,0,80487.743,40,0,80387.810
KCCX20190831-5,KCCX20190831_110616_V06,2,1.494,1.200,5555,0,65.040,8,0,52.227
KCCX20190831-5,KCCX20190831_111552_V06,0,0.483,1.200,9525,0,52251.709,110,0,51981.827
KCCX20190831-5,KCCX20190831_111552_V06,2,1.494,1.200,9536,0,68.298,14,0,54.300
KCCX20190831-1,KCCX20190831_094918_V06,0,0.483,1.200,26,0,37191.083,0,0,37191.083
KCCX20190831-1,KCCX20190831_094918_V06,2,1.494,1.200,24,0,3.064,0,0,3.064
KCCX20190831-2,KCCX20190831_100832_V06,0,0.483,1.200,6305,0,722.883,38,0,675.093
KCCX20190831-2,KCCX20190831_100832_V06,2,1.494,1.200,6308,0,57.631,4,0,36.475
KCCX20190831-3,KCCX20190831_102748_V06,0,0.483,1.200,690,0,24012.273,0,0,24012.273
KCCX20190831-3,KCCX20190831_102748_V06,2,1.494,1.200,691,0,798.703,3,0,798.602
KCCX20190831-3,KCCX20190831_102748_V06,4,2.505,1.200,692,0,21.000,66,0,19.174
KCCX20190831-3,KCCX20190831_102748_V06,6,3.516,1.200,344,0,11.371,71,0,8.903
KCCX20190831-3,KCCX20190831_102748_V06,7,4.482,1.200,344,0,4.939,48,0,3.719
KCCX20190831-4,KCCX20190831_102748_V06,0,0.483,1.200,616,0,15467.499,0,0,15467.499
KCCX20190831-4,KCCX20190831_102748_V06,2,1.494,1.200,615,0,520.758,6,0,520.693
KCCX20190831-4,KCCX20190831_102748_V06,4,2.505,1.200,615,0,7.110,118,0,5.800
KCCX20190831-4,KCCX20190831_102748_V06,6,3.516,1.200,306,0,2.386,32,0,1.750
KCCX20190831-4,KCCX20190831_102748_V06,7,4.482,1.200,309,0,1.862,39,0,1.307
KCCX20190831-6,KCCX20190831_103724_V06,0,0.483,1.200,6285,0,13425.238,90,0,13104.811
KCCX20190831-6,KCCX20190831_103724_V06,2,1.494,1.200,6287,0,49.600,2,0,42.660
KCCX20190831-7,KCCX20190831_104701_V06,0,0.483,1.200,2184,0,100822.979,6,0,100806.801
KCCX20190831-7,KCCX20190831_104701_V06,2,1.494,1.200,2190,0,20.901,0,0,20.901
KCCX20190901-3,KCCX20190901_101739_V06,0,0.483,1.200,3174,0,6424.403,314,0,4415.340
KCCX20190901-3,KCCX20190901_101739_V06,2,0.879,1.200,3174,0,4682.807,434,0,2319.344
KCCX20190901-3,KCCX20190901_101739_V06,6,1.318,1.200,3170,0,3555.385,499,0,1407.423
KCCX20190901-3,KCCX20190901_101739_V06,10,1.802,1.200,1580,0,2435.578,236,0,603.005
KCCX20190901-3,KCCX20190901_101739_V06,11,2.417,1.200,1582,0,9177.596,291,0,2274.208
KCCX20190901-3,KCCX20190901_101739_V06,12,3.120,1.200,1583,0,23454.195,487,0,820.734
KCCX20190901-3,KCCX20190901_101739_V06,15,3.999,1.200,1587,0,10556.146,533,0,596.465
KCCX20190901-7,KCCX20190901_115149_V06,0,0.483,1.200,2025,0,50494.114,352,0,3648.927
KCCX20190901-7,KCCX20190901_115149_V06,2,0.879,1.200,2025,0,79253.678,502,0,5873.999
KCCX20190901-7,KCCX20190901_115149_V06,6,1.318,1.200,2021,0,146283.731,886,0,1122.851
KCCX20190901-7,KCCX20190901_115149_V06,8,1.802,1.200,1015,0,242653.107,318,0,168143.642
KCCX20190902-3,KCCX20190902_101948_V06,0,0.483,1.200,7383,0,18967.005,710,0,3064.801
KCCX20190902-3,KCCX20190902_101948_V06,2,0.879,1.200,7383,0,12424.620,617,0,1464.958
KCCX20190902-3,KCCX20190902_101948_V06,4,1.318,1.200,7387,0,6803.365,541,0,677.555
KCCX20190902-3,KCCX20190902_101948_V06,8,1.802,1.200,3697,0,3469.093,101,0,94.846
KCCX20190902-3,KCCX20190902_101948_V06,9,2.417,1.200,3696,0,2779.940,55,0,116.895
KCCX20190902-3,KCCX20190902_101948_V06,10,3.120,1.200,3694,0,3335.354,35,0,55.287
KCCX20190902-3,KCCX20190902_101948_V06,13,3.999,1.200,3695,0,47.185,6,0,32.738
KCCX20190902-3,KCCX20190902_101948_V06,14,5.098,1.200,3703,0,16.806,2,0,14.706
KCCX20190902-4,KCCX20190902_111814_V06,0,0.483,1.200,4269,0,5231.086,674,0,911.223
KCCX20190902-4,KCCX20190902_111814_V06,2,0.879,1.200,4271,0,2565.161,649,0,740.275
KCCX20190902-4,KCCX20190902_111814_V06,6,1.318,1.200,4271,0,1780.124,522,0,1077.579
KCCX20190902-4,KCCX20190902_111814_V06,10,1.802,1.200,2134,0,499.190,188,0,251.358
KCCX20190902-4,KCCX20190902_111814_V06,11,2.417,1.200,2135,0,127.498,141,0,41.159
KCCX20190902-4,KCCX20190902_111814_V06,12,3.120,1.200,2140,0,32.968,38,0,23.770
KCCX20190902-4,KCCX20190902_111814_V06,15,3.999,1.200,2146,0,18.435,2,0,17.467
KCCX20190902-4,KCCX20190902_111814_V06,16,5.098,1.200,2147,0,14.190,4,0,12.796
KCCX20190902-4,KCCX20190902_111814_V06,17,6.416,1.200,2153,0,23.246,3,0,21.821
KCCX20190903-4,KCCX20190903_103930_V06,0,0.483,1.200,1300,0,50269.550,3,0,50264.254
KCCX20190903-4,KCCX20190903_103930_V06,2,1.494,1.200,1295,0,4.376,8,0,3.435
KCCX20190903-4,KCCX20190903_103930_V06,4,2.505,1.200,1299,0,2.008,0,0,2.008
KCCX20190903-4,KCCX20190903_104908_V06,0,0.483,1.200,4677,0,103479.733,103,0,103153.340
KCCX20190903-4,KCCX20190903_104908_V06,2,1.494,1.200,4676,0,265.644,12,0,264.312
KCCX20190903-4,KCCX20190903_104908_V06,4,2.505,1.200,4685,0,7.711,0,0,7.711
KCCX20190903-4,KCCX20190903_110822_V06,0,0.483,1.200,6150,0,106667.710,341,0,104873.555
KCCX20190903-4,KCCX20190903_110822_V06,2,1.494,1.200,6154,0,288.512,77,0,277.944
KCCX20190903-4,KCCX20190903_110822_V06,4,2.505,1.200,6156,0,9.935,0,0,9.935
KCCX20190903-5,KCCX20190903_110822_V06,0,0.483,1.200,412,0,11032.205,17,0,10891.399
KCCX20190903-5,KCCX20190903_110822_V06,2,1.494,1.200,413,0,154.043,23,0,142.553
KCCX20190903-5,KCCX20190903_110822_V06,4,2.505,1.200,412,0,11.054,40,0,9.311
KCCX20190903-5,KCCX20190903_110822_V06,6,3.516,1.200,205,0,6.252,64,0,4.113
KCCX20190903-5,KCCX20190903_110822_V06,7,4.482,1.200,205,0,0.893,17,0,0.531
KCCX20190903-5,KCCX20190903_111758_V06,0,0.483,1.200,2131,0,34310.421,44,0,33626.588
KCCX20190903-5,KCCX20190903_111758_V06,2,1.494,1.200,2134,0,1355.099,149,0,1262.736
KCCX20190903-5,KCCX20190903_111758_V06,4,2.505,1.200,2134,0,67.053,178,0,58.686
KCCX20190903-5,KCCX20190903_111758_V06,6,3.516,1.200,1080,0,33.109,189,0,25.959
KCCX20190903-5,KCCX20190903_111758_V06,7,4.482,1.200,1081,0,12.683,168,0,8.708
KCCX20190903-1,KCCX20190903_100100_V06,0,0.483,1.200,144,0,131697.566,0,0,131697.566
KCCX20190903-1,KCCX20190903_100100_V06,2,1.494,1.200,145,0,220.705,7,0,164.990
KCCX20190903-3,KCCX20190903_100100_V06,0,0.483,1.200,20,0,21083.154,0,0,21083.154
KCCX20190903-3,KCCX20190903_100100_V06,2,1.494,1.200,21,0,0.045,0,0,0.045
KCCX20190904-1,KCCX20190904_094253_V06,0,0.483,1.200,51,1,28476.753,5,1,15679.767
KCCX20190904-1,KCCX20190904_094253_V06,2,0.879,1.200,51,0,705.850,9,0,389.800
KCCX20190904-1,KCCX20190904_094253_V06,6,1.318,1.200,52,0,43.946,6,0,36.233
KCCX20190904-1,KCCX20190904_094253_V06,10,1.802,1.200,26,0,12.641,0,0,12.641
KCCX20190904-1,KCCX20190904_094253_V06,11,2.417,1.200,26,0,46.725,4,0,0.041
KCCX20190904-1,KCCX20190904_094253_V06,12,3.120,1.200,26,0,0.049,0,0,0.049
KCCX20190904-1,KCCX20190904_094253_V06,15,3.999,1.200,26,0,0.049,0,0,0.049
KCCX20190904-3,KCCX20190904_094253_V06,0,0.483,1.200,37,1,15449.694,3,1,15437.730
KCCX20190904-3,KCCX20190904_094253_V06,2,0.879,1.200,39,0,838.930,5,0,568.265
KCCX20190904-3,KCCX20190904_094253_V06,6,1.318,1.200,38,0,48.992,4,0,27.098
KCCX20190904-3,KCCX20190904_094253_V06,10,1.802,1.200,19,0,7.788,0,0,7.788
KCCX20190904-3,KCCX20190904_094253_V06,11,2.417,1.200,20,0,0.036,0,0,0.036
KCCX20190904-3,KCCX20190904_094253_V06,12,3.120,1.200,19,0,0.034,0,0,0.034
KCCX20190904-3,KCCX20190904_094253_V06,15,3.999,1.200,20,0,0.036,0,0,0.036
KCCX20190904-6,KCCX20190904_094854_V06,0,0.483,1.200,2357,0,5283.724,304,0,418.421
KCCX20190904-6,KCCX20190904_094854_V06,2,0.879,1.200,2353,0,3692.255,290,0,222.377
KCCX20190904-6,KCCX20190904_094854_V06,6,1.318,1.200,2349,0,2370.621,258,0,174.609
KCCX20190904-6,KCCX20190904_094854_V06,10,1.802,1.200,1175,0,1253.409,43,0,219.967
KCCX20190904-6,KCCX20190904_094854_V06,11,2.417,1.200,1176,0,1003.247,24,0,73.683
KCCX20190904-6,KCCX20190904_094854_V06,12,3.120,1.200,1181,0,20.769,0,0,20.769
KCCX20190905-1,KCCX20190905_094512_V06,0,0.483,1.200,82,0,127145.667,0,0,127145.667
KCCX20190905-1,KCCX20190905_094512_V06,2,1.494,1.200,80,0,186.162,0,0,186.162
KCCX20190905-1,KCCX20190905_094512_V06,4,2.505,1.200,84,0,56.901,18,0,52.697
KCCX20190905-1,KCCX20190905_094512_V06,6,3.516,1.200,43,0,0.816,0,0,0.816
KCCX20190905-1,KCCX20190905_100427_V06,0,0.483,1.200,722,0,115117.125,0,0,115117.125
KCCX20190905-1,KCCX20190905_100427_V06,2,1.494,1.200,722,0,534.583,34,0,492.302
KCCX20190905-1,KCCX20190905_100427_V06,4,2.505,1.200,725,0,143.227,171,0,119.148
KCCX20190905-1,KCCX20190905_100427_V06,6,3.516,1.200,364,0,21.279,14,0,18.025
KCCX20190905-3,KCCX20190905_094512_V06,0,0.483,1.200,51,0,22233.627,0,0,22233.627
KCCX20190905-3,KCCX20190905_094512_V06,2,1.494,1.200,50,0,71.896,0,0,71.896
KCCX20190905-3,KCCX20190905_094512_V06,4,2.505,1.200,51,0,5.833,13,0,4.751
KCCX20190905-3,KCCX20190905_094512_V06,6,3.516,1.200,26,0,0.039,0,0,0.039
KCCX20190905-3,KCCX20190905_094512_V06,7,4.482,1.200,26,0,0.040,0,0,0.040
KCCX20190905-3,KCCX20190905_100427_V06,0,0.483,1.200,711,0,49333.662,0,0,49333.662
KCCX20190905-3,KCCX20190905_100427_V06,2,1.494,1.200,711,0,316.275,35,0,305.349
KCCX20190905-3,KCCX20190905_100427_V06,4,2.505,1.200,708,0,37.656,83,0,32.199
KCCX20190905-3,KCCX20190905_100427_V06,6,3.516,1.200,357,0,4.981,4,0,4.205
KCCX20190905-3,KCCX20190905_100427_V06,7,4.482,1.200,356,0,0.539,0,0,0.539
KCCX20190905-7,KCCX20190905_103319_V06,0,0.483,1.200,195,0,21837.248,2,0,21412.978
KCCX20190905-7,KCCX20190905_103319_V06,2,1.494,1.200,196,0,7.967,6,0,7.419
KCCX20190905-7,KCCX20190905_103319_V06,4,2.505,1.200,196,0,6.086,11,0,3.182
KCCX20190905-7,KCCX20190905_104256_V06,0,0.483,1.200,4226,0,189174.452,2,0,189083.170
KCCX20190905-7,KCCX20190905_104256_V06,2,1.494,1.200,4227,0,15883.673,128,0,15363.944
KCCX20190905-7,KCCX20190905_104256_V06,4,2.505,1.200,4233,0,101.012,212,0,78.043
KCCX20190905-7,KCCX20190905_104256_V06,6,3.516,1.200,2119,0,52.255,94,0,33.229
KCCX20190905-8,KCCX20190905_104256_V06,0,0.483,1.200,354,2,204112.141,6,2,202233.565
KCCX20190905-8,KCCX20190905_104256_V06,2,1.494,1.200,352,0,377.082,39,0,351.119
KCCX20190905-8,KCCX20190905_104256_V06,4,2.505,1.200,354,0,193.647,63,0,177.183
KCCX20190905-8,KCCX20190905_104256_V06,6,3.516,1.200,176,0,16.989,14,0,6.902
KCCX20190905-8,KCCX20190905_110210_V06,0,0.483,1.200,1391,18,266776.230,8,14,214785.038
KCCX20190905-8,KCCX20190905_110210_V06,2,1.494,1.200,1389,0,48476.917,0,0,48476.917
KCCX20190905-8,KCCX20190905_110210_V06,4,2.505,1.200,1391,0,1888.183,116,0,1763.263
KCCX20190905-8,KCCX20190905_110210_V06,6,3.516,1.200,696,0,78.934,89,0,58.244
KCCX20190905-6,KCCX20190905_102342_V06,0,0.483,1.200,232,0,312.265,0,0,312.265
KCCX20190905-6,KCCX20190905_102342_V06,2,1.494,1.200,231,0,33.157,46,0,25.004
KCCX20190905-6,KCCX20190905_102342_V06,4,2.505,1.200,234,0,31.374,77,0,20.838
KCCX20190905-6,KCCX20190905_102342_V06,6,3.516,1.200,117,0,1.145,2,0,0.644
KCCX20190905-10,KCCX20190905_104256_V06,0,0.483,1.200,1843,0,93075.057,0,0,93075.057
KCCX20190905-10,KCCX20190905_104256_V06,2,1.494,1.200,1842,0,440.710,141,0,362.950
KCCX20190905-10,KCCX20190905_104256_V06,4,2.505,1.200,1842,0,2.716,0,0,2.716
KCCX20190905-13,KCCX20190905_104256_V06,0,0.483,1.200,2039,0,17808.778,22,0,17318.699
KCCX20190905-13,KCCX20190905_104256_V06,2,1.494,1.200,2040,0,1924.285,26,0,1906.673
KCCX20190905-13,KCCX20190905_104256_V06,4,2.505,1.200,2034,0,32.927,118,0,27.294
KCCX20190905-13,KCCX20190905_104256_V06,6,3.516,1.200,1024,0,4.567,10,0,4.334
KCCX20190905-13,KCCX20190905_104256_V06,7,4.482,1.200,1023,0,5.902,43,0,5.146
KCCX20190906-3,KCCX20190906_103026_V06,0,0.483,1.200,558,0,295.434,100,0,248.992
KCCX20190906-3,KCCX20190906_103026_V06,2,1.494,1.200,558,0,9.593,59,0,5.971
KCCX20190906-3,KCCX20190906_103026_V06,4,2.505,1.200,557,0,35.836,271,0,17.362
KCCX20190906-3,KCCX20190906_103026_V06,6,3.516,1.200,284,0,1.652,5,0,0.890
KCCX20190906-3,KCCX20190906_103026_V06,7,4.482,1.200,282,0,4.170,21,0,0.876
KCCX20190906-3,KCCX20190906_104003_V06,0,0.483,1.200,5681,0,4650.122,654,0,4295.426
KCCX20190906-3,KCCX20190906_104003_V06,2,1.494,1.200,5682,0,144.106,574,0,92.858
KCCX20190906-3,KCCX20190906_104003_V06,4,2.505,1.200,5686,0,243.626,2113,0,112.103
KCCX20190906-3,KCCX20190906_104003_V06,6,3.516,1.200,2858,0,70.999,401,0,33.001
KCCX20190906-3,KCCX20190906_104003_V06,7,4.482,1.200,2859,0,16.430,69,0,8.652
KCCX20190906-3,KCCX20190906_104938_V06,0,0.483,1.200,16354,0,24989.955,1920,0,23988.649
KCCX20190906-3,KCCX20190906_104938_V06,2,1.494,1.200,16363,0,6508.712,2766,0,5425.093
KCCX20190906-3,KCCX20190906_104938_V06,4,2.505,1.200,16375,0,1291.210,4267,0,896.206
KCCX20190906-3,KCCX20190906_104938_V06,6,3.516,1.200,8200,0,299.055,1560,0,151.150
KCCX20190906-3,KCCX20190906_104938_V06,7,4.482,1.200,8211,0,107.825,770,0,51.352
KCCX20190906-3,KCCX20190906_110853_V06,0,0.483,1.200,7845,0,27847.095,690,0,26992.799
KCCX20190906-3,KCCX20190906_110853_V06,2,1.494,1.200,7854,0,98.962,179,0,56.720
KCCX20190906-3,KCCX20190906_110853_V06,4,2.505,1.200,7858,0,91.461,26,0,15.937
KCCX20190906-1,KCCX20190906_101113_V06,0,0.483,1.200,61,0,76443.398,0,0,76443.398
KCCX20190906-1,KCCX20190906_101113_V06,2,1.494,1.200,61,0,79.829,6,0,65.859
KCCX20190906-1,KCCX20190906_101113_V06,4,2.505,1.200,61,0,36.042,9,0,31.965
KCCX20190906-1,KCCX20190906_101113_V06,6,3.516,1.200,29,0,2.275,7,0,0.678
KCCX20190906-4,KCCX20190906_104938_V06,0,0.483,1.200,10705,0,190135.334,3794,0,114894.841
KCCX20190906-4,KCCX20190906_104938_V06,2,1.494,1.200,10715,0,203.659,285,0,104.230
KCCX20190906-5,KCCX20190906_104938_V06,0,0.483,1.200,100,6,105323.452,10,6,92968.395
KCCX20190906-5,KCCX20190906_104938_V06,2,1.494,1.200,98,0,54.485,8,0,49.692
KCCX20190906-5,KCCX20190906_104938_V06,4,2.505,1.200,96,0,96.981,19,0,78.674
KCCX20190906-5,KCCX20190906_104938_V06,6,3.516,1.200,49,0,2.789,7,0,0.349
KCCX20190906-7,KCCX20190906_110853_V06,0,0.483,1.200,1093,0,74119.772,37,0,73292.016
KCCX20190906-8,KCCX20190906_110853_V06,0,0.483,1.200,4390,0,1262.826,730,0,834.782
KCCX20190906-8,KCCX20190906_110853_V06,2,1.494,1.200,4392,0,116.221,264,0,56.971
KCCX20190906-8,KCCX20190906_110853_V06,4,2.505,1.200,4391,0,7.304,2,0,7.172
KCCX20190906-8,KCCX20190906_111831_V06,0,0.483,1.200,2802,0,697.814,508,0,350.338
KCCX20190906-8,KCCX20190906_111831_V06,2,1.494,1.200,2801,0,106.241,218,0,56.365
KCCX20190906-8,KCCX20190906_111831_V06,4,2.505,1.200,2798,0,5.816,8,0,5.098
KCCX20190906-9,KCCX20190906_111831_V06,0,0.483,1.200,3710,0,9282.658,25,0,9277.211
KCCX20190906-9,KCCX20190906_111831_V06,2,1.494,1.200,3712,0,4306.291,279,0,4176.413
KCCX20190906-9,KCCX20190906_111831_V06,4,2.505,1.200,3716,0,160.039,1282,0,66.145
KCCX20190906-9,KCCX20190906_111831_V06,6,3.516,1.200,1868,0,7.626,30,0,4.659
KCCX20190906-11,KCCX20190906_111831_V06,0,0.483,1.200,936,0,844.470,35,0,834.722
KCCX20190906-11,KCCX20190906_111831_V06,2,1.494,1.200,934,0,83.292,384,0,30.424
KCCX20190906-11,KCCX20190906_111831_V06,4,2.505,1.200,932,0,7.517,22,0,5.447
KCCX20190906-11,KCCX20190906_111831_V06,6,3.516,1.200,468,0,4.815,8,0,2.588
KCCX20190907-1,KCCX20190907_103634_V06,0,0.483,1.200,1770,0,49469.113,145,0,49412.558
KCCX20190907-1,KCCX20190907_103634_V06,2,1.494,1.200,1769,0,13.580,36,0,7.236
KCCX20190907-1,KCCX20190907_103634_V06,4,2.505,1.200,1765,0,2.934,0,0,2.934
KCCX20190907-1,KCCX20190907_104611_V06,0,0.483,1.200,4417,0,181248.285,148,0,181172.549
KCCX20190907-1,KCCX20190907_104611_V06,2,1.494,1.200,4420,0,130.680,422,0,65.583
KCCX20190907-1,KCCX20190907_104611_V06,4,2.505,1.200,4424,0,7.467,0,0,7.467
KCCX20190907-1,KCCX20190907_110524_V06,0,0.483,1.200,7234,0,150740.685,135,0,150636.600
KCCX20190907-1,KCCX20190907_110524_V06,2,1.494,1.200,7238,0,779.600,1522,0,354.241
KCCX20190907-1,KCCX20190907_110524_V06,4,2.505,1.200,7239,0,148.982,546,0,60.063
KCCX20190907-6,KCCX20190907_112436_V06,0,0.483,1.200,13849,0,261063.471,806,0,230468.083
KCCX20190907-6,KCCX20190907_112436_V06,2,1.494,1.200,13857,0,6518.850,792,0,5919.179
KCCX20190907-6,KCCX20190907_112436_V06,4,2.505,1.200,13867,0,896.632,4598,0,548.397
KCCX20190907-6,KCCX20190907_112436_V06,6,3.516,1.200,6945,0,397.352,3106,0,130.196
KCCX20190907-6,KCCX20190907_112436_V06,7,4.482,1.200,6953,0,218.130,2436,0,67.555
KCCX20190907-6,KCCX20190907_113413_V06,0,0.483,1.200,22544,0,360826.896,1667,0,307237.355
KCCX20190907-6,KCCX20190907_113413_V06,2,1.494,1.200,22544,0,16355.188,1852,0,14032.341
KCCX20190907-6,KCCX20190907_113413_V06,4,2.505,1.200,22569,0,1974.107,6483,0,1267.480
KCCX20190907-6,KCCX20190907_113413_V06,6,3.516,1.200,11298,0,547.538,3958,0,223.686
KCCX20190907-6,KCCX20190907_113413_V06,7,4.482,1.200,11311,0,298.175,3949,0,97.752
KCCX20190907-6,KCCX20190907_114350_V06,0,0.483,1.200,25783,0,466846.783,2419,0,370809.680
KCCX20190907-6,KCCX20190907_114350_V06,2,1.494,1.200,25796,0,29345.967,3175,0,22143.322
KCCX20190907-6,KCCX20190907_114350_V06,4,2.505,1.200,25812,0,2164.141,6725,0,1319.857
KCCX20190907-6,KCCX20190907_114350_V06,6,3.516,1.200,12923,0,842.587,4298,0,404.946
KCCX20190907-6,KCCX20190907_114350_V06,7,4.482,1.200,12941,0,350.600,4406,0,126.740
KCCX20190907-3,KCCX20190907_104611_V06,0,0.483,1.200,2284,0,38088.700,56,0,38026.639
KCCX20190907-3,KCCX20190907_104611_V06,2,1.494,1.200,2293,0,6.940,0,0,6.940
KCCX20190907-3,KCCX20190907_110524_V06,0,0.483,1.200,6024,0,42361.254,158,0,41991.662
KCCX20190907-3,KCCX20190907_110524_V06,2,1.494,1.200,6029,0,170.342,168,0,81.175
KCCX20190907-2,KCCX20190907_104611_V06,0,0.483,1.200,2077,0,78186.081,80,0,78073.220
KCCX20190907-2,KCCX20190907_104611_V06,2,1.494,1.200,2078,0,5.041,0,0,5.041
KCCX20190907-4,KCCX20190907_104611_V06,0,0.483,1.200,5697,0,5876.001,661,0,4795.401
KCCX20190907-4,KCCX20190907_104611_V06,2,1.494,1.200,5702,0,18.902,0,0,18.902
KCCX20190907-5,KCCX20190907_110524_V06,0,0.483,1.200,1779,2,396921.079,4,2,396903.612
KCCX20190907-5,KCCX20190907_110524_V06,2,1.494,1.200,1778,0,248.128,217,0,197.189
KCCX20190907-5,KCCX20190907_110524_V06,4,2.505,1.200,1781,0,53.728,84,0,41.043
KCCX20190908-3,KCCX20190908_104726_V06,0,0.483,1.200,520,0,6193.072,4,0,6192.022
KCCX20190908-3,KCCX20190908_104726_V06,2,1.494,1.200,521,0,0.853,0,0,0.853
KCCX20190908-3,KCCX20190908_104726_V06,4,2.505,1.200,524,0,2.301,4,0,0.851
KCCX20190908-3,KCCX20190908_110641_V06,0,0.483,1.200,2714,0,6662.851,28,0,6652.386
KCCX20190908-3,KCCX20190908_110641_V06,2,1.494,1.200,2714,0,31.261,38,0,24.724
KCCX20190908-3,KCCX20190908_110641_V06,4,2.505,1.200,2717,0,26.345,8,0,4.457
KCCX20190908-1,KCCX20190908_094943_V06,0,0.483,1.200,91,6,159997.420,0,6,159997.420
KCCX20190908-1,KCCX20190908_094943_V06,2,1.494,1.200,90,0,29.426,17,0,27.891
KCCX20190908-1,KCCX20190908_094943_V06,4,2.505,1.200,91,0,50.272,4,0,49.716
KCCX20190908-1,KCCX20190908_094943_V06,6,3.516,1.200,46,0,1.528,2,0,1.313
KCCX20190908-4,KCCX20190908_104726_V06,0,0.483,1.200,620,0,175.249,72,0,81.433
KCCX20190908-4,KCCX20190908_104726_V06,2,1.494,1.200,618,0,5.806,16,0,3.024
KCCX20190908-4,KCCX20190908_104726_V06,4,2.505,1.200,618,0,9.145,2,0,5.176
KCCX20190908-4,KCCX20190908_104726_V06,6,3.516,1.200,313,0,2.057,2,0,1.057
KCCX20190908-6,KCCX20190908_110641_V06,0,0.483,1.200,1940,0,14455.939,71,0,14184.545
KCCX20190908-6,KCCX20190908_110641_V06,2,1.494,1.200,1941,0,7.443,0,0,7.443
KCCX20190909-1,KCCX20190909_103249_V06,0,0.483,1.200,359,0,2646.851,27,0,2439.674
KCCX20190909-1,KCCX20190909_103249_V06,2,0.879,1.200,362,0,0.540,0,0,0.540
KCCX20190909-1,KCCX20190909_103249_V06,4,1.318,1.200,361,0,0.538,0,0,0.538
KCCX20190909-1,KCCX20190909_103249_V06,6,1.802,1.200,185,0,0.550,0,0,0.550
KCCX20190909-1,KCCX20190909_103249_V06,7,2.417,1.200,185,0,0.551,0,0,0.551
KCCX20190909-1,KCCX20190909_103626_V06,0,0.483,1.200,910,0,10703.830,41,0,10336.793
KCCX20190909-1,KCCX20190909_103626_V06,2,0.879,1.200,906,0,1.345,0,0,1.345
KCCX20190909-1,KCCX20190909_103626_V06,4,1.318,1.200,908,0,1.347,0,0,1.347
KCCX20190909-1,KCCX20190909_103626_V06,6,1.802,1.200,456,0,1.354,0,0,1.354
KCCX20190909-1,KCCX20190909_103626_V06,7,2.417,1.200,460,0,15.978,0,0,15.978
KCCX20190909-1,KCCX20190909_104016_V06,0,0.483,1.200,1349,0,12736.208,38,0,12365.926
KCCX20190909-1,KCCX20190909_104016_V06,2,0.879,1.200,1349,0,1.973,0,0,1.973
KCCX20190909-1,KCCX20190909_104016_V06,4,1.318,1.200,1351,0,1.976,0,0,1.976
KCCX20190909-1,KCCX20190909_104016_V06,6,1.802,1.200,683,0,1.995,0,0,1.995
KCCX20190909-1,KCCX20190909_104016_V06,7,2.417,1.200,678,0,15.692,0,0,15.692
KCCX20190909-1,KCCX20190909_104407_V06,0,0.483,1.200,1708,0,15630.235,67,0,14497.890
KCCX20190909-1,KCCX20190909_104407_V06,2,0.879,1.200,1712,0,7.106,1,0,4.777
KCCX20190909-1,KCCX20190909_104407_V06,4,1.318,1.200,1717,0,2.473,0,0,2.473
KCCX20190909-1,KCCX20190909_104407_V06,6,1.802,1.200,845,0,2.439,0,0,2.439
KCCX20190909-1,KCCX20190909_104407_V06,7,2.417,1.200,845,0,18.443,0,0,18.443
KCCX20190909-1,KCCX20190909_104407_V06,8,3.120,1.200,846,0,366.268,7,0,262.306
KCCX20190909-1,KCCX20190909_104745_V06,0,0.483,1.200,3844,0,12007.380,171,0,10207.299
KCCX20190909-1,KCCX20190909_104745_V06,2,0.879,1.200,3851,0,176.759,17,0,115.784
KCCX20190909-1,KCCX20190909_104745_V06,4,1.318,1.200,3849,0,39.707,3,0,12.043
KCCX20190909-1,KCCX20190909_104745_V06,6,1.802,1.200,1923,0,5.759,0,0,5.759
KCCX20190909-1,KCCX20190909_104745_V06,7,2.417,1.200,1928,0,177.662,0,0,177.662
KCCX20190909-1,KCCX20190909_105123_V06,0,0.483,1.200,5981,0,19553.395,451,0,13183.465
KCCX20190909-1,KCCX20190909_105123_V06,2,0.879,1.200,5983,0,727.010,49,0,350.938
KCCX20190909-1,KCCX20190909_105123_V06,4,1.318,1.200,5994,0,25.049,5,0,12.173
KCCX20190909-1,KCCX20190909_105123_V06,6,1.802,1.200,2995,0,8.996,0,0,8.996
KCCX20190909-1,KCCX20190909_105123_V06,7,2.417,1.200,2994,0,264.269,0,0,264.269
KCCX20190909-1,KCCX20190909_105500_V06,0,0.483,1.200,7705,0,16314.071,481,0,10055.645
KCCX20190909-1,KCCX20190909_105500_V06,2,0.879,1.200,7703,0,564.619,47,0,315.850
KCCX20190909-1,KCCX20190909_105500_V06,4,1.318,1.200,7703,0,67.862,14,0,18.879
KCCX20190909-1,KCCX20190909_105500_V06,6,1.802,1.200,3856,0,21.932,0,0,21.932
KCCX20190909-1,KCCX20190909_105500_V06,7,2.417,1.200,3857,0,474.741,3,0,427.180
KCCX20190909-2,KCCX20190909_104407_V06,0,0.483,1.200,1385,0,3138.349,25,0,2572.859
KCCX20190909-2,KCCX20190909_104407_V06,2,0.879,1.200,1381,0,2.970,0,0,2.970
KCCX20190909-2,KCCX20190909_104407_V06,4,1.318,1.200,1381,0,2.974,0,0,2.974
KCCX20190909-2,KCCX20190909_104407_V06,6,1.802,1.200,682,0,2.938,0,0,2.938
KCCX20190909-2,KCCX20190909_104407_V06,7,2.417,1.200,684,0,39.651,0,0,39.651
KCCX20190909-2,KCCX20190909_104745_V06,0,0.483,1.200,2710,0,3911.643,43,0,3482.131
KCCX20190909-2,KCCX20190909_104745_V06,2,0.879,1.200,2699,0,5.810,0,0,5.810
KCCX20190909-2,KCCX20190909_104745_V06,4,1.318,1.200,2708,0,38.008,4,0,5.821
KCCX20190909-2,KCCX20190909_104745_V06,6,1.802,1.200,1329,0,5.719,0,0,5.719
KCCX20190909-2,KCCX20190909_104745_V06,7,2.417,1.200,1327,0,157.393,0,0,157.393
KCCX20190909-2,KCCX20190909_105123_V06,0,0.483,1.200,5362,0,19936.361,282,0,12942.615
KCCX20190909-2,KCCX20190909_105123_V06,2,0.879,1.200,5375,0,608.269,24,0,313.370
KCCX20190909-2,KCCX20190909_105123_V06,4,1.318,1.200,5379,0,50.082,2,0,33.351
KCCX20190909-2,KCCX20190909_105123_V06,6,1.802,1.200,2685,0,11.166,0,0,11.166
KCCX20190909-2,KCCX20190909_105123_V06,7,2.417,1.200,2690,0,417.224,0,0,417.224
KCCX20190909-3,KCCX20190909_104745_V06,0,0.483,1.200,5339,0,13131.987,182,0,10408.207
KCCX20190909-3,KCCX20190909_104745_V06,2,0.879,1.200,5345,0,194.321,12,0,143.572
KCCX20190909-3,KCCX20190909_104745_V06,4,1.318,1.200,5348,0,66.944,5,0,17.150
KCCX20190909-3,KCCX20190909_104745_V06,6,1.802,1.200,2668,0,10.853,0,0,10.853
KCCX20190909-3,KCCX20190909_104745_V06,7,2.417,1.200,2673,0,553.717,5,0,435.107
KCCX20190910-1,KCCX20190910_113115_V06,0,0.483,1.200,2893,0,44114.104,259,0,43724.937
KCCX20190910-1,KCCX20190910_113115_V06,2,1.494,1.200,2895,0,2608.348,1212,0,1439.974
KCCX20190910-1,KCCX20190910_113115_V06,4,2.505,1.200,2897,0,634.783,1199,0,403.538
KCCX20190910-1,KCCX20190910_113115_V06,6,3.516,1.200,1452,0,148.832,565,0,52.202
KCCX20190910-2,KCCX20190910_114058_V06,0,0.483,1.200,1679,0,12138.376,211,0,10708.038
KCCX20190910-2,KCCX20190910_114058_V06,2,1.494,1.200,1680,0,13.910,8,0,8.905
KCCX20190911-4,KCCX20190911_104433_V06,0,0.483,1.200,292,8,63434.099,27,8,43111.743
KCCX20190911-4,KCCX20190911_104433_V06,2,0.879,1.200,290,0,3581.508,44,0,3105.690
KCCX20190911-4,KCCX20190911_104433_V06,4,1.318,1.200,288,0,3029.893,17,0,1053.888
KCCX20190911-4,KCCX20190911_104433_V06,6,1.802,1.200,146,0,49.752,3,0,36.939
KCCX20190911-4,KCCX20190911_104433_V06,7,2.417,1.200,145,0,28.913,0,0,28.913
KCCX20190911-4,KCCX20190911_104433_V06,8,3.120,1.200,147,0,155.476,6,0,9.196
KCCX20190911-5,KCCX20190911_113052_V06,0,0.483,1.200,253,14,227757.142,2,12,227757.142
KCCX20190911-5,KCCX20190911_113052_V06,2,1.494,1.200,254,0,167.609,17,0,155.252
KCCX20190911-5,KCCX20190911_113052_V06,4,2.505,1.200,253,0,185.124,9,0,155.061
KCCX20190911-5,KCCX20190911_113052_V06,6,3.516,1.200,126,0,11.809,10,0,5.428
KCCX20190911-5,KCCX20190911_114029_V06,0,0.483,1.200,4090,20,902010.096,10,18,891090.929
KCCX20190911-5,KCCX20190911_114029_V06,2,1.494,1.200,4089,0,438.127,510,0,347.772
KCCX20190911-5,KCCX20190911_114029_V06,4,2.505,1.200,4090,0,312.034,133,0,275.731
KCCX20190911-5,KCCX20190911_114029_V06,6,3.516,1.200,2048,0,53.999,80,0,32.386
KCCX20190911-5,KCCX20190911_115007_V06,0,0.483,1.200,277,22,305728.478,6,20,261987.916
KCCX20190911-5,KCCX20190911_115007_V06,2,1.494,1.200,278,0,116.503,15,0,113.918
KCCX20190911-5,KCCX20190911_115007_V06,4,2.505,1.200,280,0,74.748,29,0,70.004
KCCX20190911-5,KCCX20190911_115007_V06,6,3.516,1.200,139,0,15.660,18,0,10.383
KCCX20190912-12,KCCX20190912_105201_V06,0,0.483,1.200,30396,0,388918.142,5840,0,315164.885
KCCX20190912-12,KCCX20190912_105201_V06,2,0.879,1.200,30397,0,93195.080,6828,0,71031.439
KCCX20190912-12,KCCX20190912_105201_V06,4,1.318,1.200,30405,0,13809.256,7840,0,8654.217
KCCX20190912-12,KCCX20190912_105201_V06,6,1.802,1.200,15207,0,6244.157,3852,0,2911.269
KCCX20190912-12,KCCX20190912_105201_V06,7,2.417,1.200,15217,0,5316.142,3324,0,2279.547
KCCX20190912-12,KCCX20190912_105201_V06,8,3.120,1.200,15225,0,2199.643,2676,0,922.714
KCCX20190912-12,KCCX20190912_105201_V06,9,3.999,1.200,15242,0,912.467,2117,0,335.054
KCCX20190912-12,KCCX20190912_105201_V06,10,5.098,1.200,15272,0,210.956,1959,0,58.417
KCCX20190912-12,KCCX20190912_105201_V06,11,6.416,1.200,15316,0,72.860,1723,0,19.016
KCCX20190912-12,KCCX20190912_105517_V06,0,0.483,1.200,42811,0,496150.975,9540,0,346099.532
KCCX20190912-12,KCCX20190912_105517_V06,2,0.879,1.200,42815,0,95745.778,10845,0,67392.237
KCCX20190912-12,KCCX20190912_105517_V06,4,1.318,1.200,42827,0,17104.938,11886,0,10335.122
KCCX20190912-12,KCCX20190912_105517_V06,6,1.802,1.200,21408,0,10708.549,6040,0,5275.310
KCCX20190912-12,KCCX20190912_105517_V06,7,2.417,1.200,21422,0,5425.342,5069,0,2327.434
KCCX20190912-12,KCCX20190912_105517_V06,8,3.120,1.200,21441,0,2142.804,4389,0,856.145
KCCX20190912-12,KCCX20190912_105517_V06,9,3.999,1.200,21468,0,751.399,3441,0,260.096
KCCX20190912-12,KCCX20190912_105517_V06,10,5.098,1.200,21506,0,228.287,3095,0,54.438
KCCX20190912-12,KCCX20190912_105517_V06,11,6.416,1.200,21562,0,73.853,2882,0,18.019
KCCX20190912-29,KCCX20190912_120711_V06,0,0.483,1.200,2093,0,221944.700,797,0,141222.575
KCCX20190912-29,KCCX20190912_120711_V06,2,0.879,1.200,2096,0,801.793,28,0,439.455
KCCX20190912-29,KCCX20190912_120711_V06,4,1.318,1.200,2099,0,6.132,0,0,6.132
KCCX20190912-29,KCCX20190912_120711_V06,6,1.802,1.200,1051,0,6.146,0,0,6.146
KCCX20190912-29,KCCX20190912_121026_V06,0,0.483,1.200,3351,0,279514.992,1239,0,169686.426
KCCX20190912-29,KCCX20190912_121026_V06,2,0.879,1.200,3361,0,79.931,2,0,60.565
KCCX20190912-29,KCCX20190912_121026_V06,4,1.318,1.200,3360,0,9.818,0,0,9.818
KCCX20190912-29,KCCX20190912_121026_V06,6,1.802,1.200,1682,0,9.840,0,0,9.840
KCCX20190912-29,KCCX20190912_121342_V06,0,0.483,1.200,4423,0,346672.446,1435,0,216582.698
KCCX20190912-29,KCCX20190912_121342_V06,2,0.879,1.200,4421,0,13.262,0,0,13.262
KCCX20190912-29,KCCX20190912_121342_V06,4,1.318,1.200,4424,0,13.278,0,0,13.278
KCCX20190912-29,KCCX20190912_121342_V06,6,1.802,1.200,2222,0,13.354,0,0,13.354
KCCX20190912-9,KCCX20190912_102456_V06,0,0.483,1.200,75,0,27731.951,4,0,27720.261
KCCX20190912-9,KCCX20190912_102456_V06,2,0.879,1.200,75,0,860.919,7,0,837.699
KCCX20190912-9,KCCX20190912_102456_V06,4,1.318,1.200,74,0,32.943,1,0,31.426
KCCX20190912-9,KCCX20190912_102456_V06,6,1.802,1.200,36,0,0.054,0,0,0.054
KCCX20190912-9,KCCX20190912_102456_V06,7,2.417,1.200,36,0,24.756,3,0,14.503
KCCX20190912-9,KCCX20190912_102456_V06,8,3.120,1.200,37,0,0.056,0,0,0.056
KCCX20190912-9,KCCX20190912_102456_V06,9,3.999,1.200,37,0,0.056,0,0,0.056
KCCX20190912-18,KCCX20190912_110818_V06,0,0.483,1.200,18122,518,30083922.604,5712,1,6229.658
KCCX20190912-18,KCCX20190912_110818_V06,2,0.879,1.200,18124,391,27624631.688,5595,2,342835.488
KCCX20190912-18,KCCX20190912_110818_V06,4,1.318,1.200,18134,299,28245587.217,5036,23,2718214.894
KCCX20190912-18,KCCX20190912_110818_V06,6,1.802,1.200,9069,68,20937538.219,1992,3,2275780.947
KCCX20190912-26,KCCX20190912_120039_V06,0,0.483,1.200,10190,0,1310603.357,1544,0,1016674.627
KCCX20190912-26,KCCX20190912_120039_V06,2,0.879,1.200,10193,0,103093.987,2181,0,73500.073
KCCX20190912-26,KCCX20190912_120039_V06,4,1.318,1.200,10188,0,793.844,320,0,422.439
KCCX20190912-26,KCCX20190912_120039_V06,6,1.802,1.200,5097,0,2352.705,5,0,18.445
KCCX20190912-26,KCCX20190912_120039_V06,7,2.417,1.200,5107,0,3650.708,7,0,28.796
KCCX20190912-26,KCCX20190912_120039_V06,8,3.120,1.200,5112,0,26.400,1,0,18.561
KCCX20190912-31,KCCX20190912_121026_V06,0,0.483,1.200,14794,0,1536626.698,4752,0,950484.579
KCCX20190912-31,KCCX20190912_121026_V06,2,0.879,1.200,14800,0,16299.971,456,0,3229.337
KCCX20190912-31,KCCX20190912_121026_V06,4,1.318,1.200,14801,0,12382.370,179,0,220.334
KCCX20190912-31,KCCX20190912_121026_V06,6,1.802,1.200,7396,0,23551.988,67,0,455.874
KCCX20190913-3,KCCX20190913_110104_V06,0,0.483,1.200,6902,0,6639.108,621,0,5798.235
KCCX20190913-3,KCCX20190913_110104_V06,2,1.494,1.200,6911,0,1963.987,2194,0,608.453
KCCX20190913-3,KCCX20190913_111046_V06,0,0.483,1.200,9547,0,51377.836,989,0,49906.513
KCCX20190913-3,KCCX20190913_111046_V06,2,1.494,1.200,9555,0,3361.615,3098,0,1120.554
KCCX20190913-4,KCCX20190913_110104_V06,0,0.483,1.200,3029,0,15927.337,354,0,15452.136
KCCX20190913-4,KCCX20190913_110104_V06,2,1.494,1.200,3026,0,72.406,52,0,43.749
KCCX20190913-4,KCCX20190913_111046_V06,0,0.483,1.200,5169,0,95465.545,417,0,94549.904
KCCX20190913-4,KCCX20190913_111046_V06,2,1.494,1.200,5174,0,264.168,384,0,131.809
KCCX20190913-1,KCCX20190913_102213_V06,0,0.483,1.200,1549,0,146290.802,14,0,146278.759
KCCX20190913-1,KCCX20190913_102213_V06,2,1.494,1.200,1548,0,205.878,396,0,127.459
KCCX20190913-1,KCCX20190913_102213_V06,4,2.505,1.200,1547,0,53.198,30,0,32.813
KCCX20190913-2,KCCX20190913_104140_V06,0,0.483,1.200,1623,0,13891.781,403,0,3428.106
KCCX20190913-2,KCCX20190913_104140_V06,2,1.494,1.200,1622,0,12.072,2,0,10.947
KCCX20190913-5,KCCX20190913_110104_V06,0,0.483,1.200,1150,0,171646.390,23,0,171038.414
KCCX20190913-5,KCCX20190913_110104_V06,2,1.494,1.200,1152,0,202.523,161,0,152.475
KCCX20190913-5,KCCX20190913_110104_V06,4,2.505,1.200,1150,0,42.596,53,0,26.340
KCCX20190913-6,KCCX20190913_111046_V06,0,0.483,1.200,6885,0,7781.462,993,0,5182.857
KCCX20190913-6,KCCX20190913_111046_V06,2,1.494,1.200,6891,0,1762.984,2519,0,780.636
KCCX20190913-6,KCCX20190913_111046_V06,4,2.505,1.200,6893,0,1137.272,2713,0,334.925
KCCX20190913-7,KCCX20190913_111046_V06,0,0.483,1.200,29546,0,2642.740,10729,0,1305.691
KCCX20190913-7,KCCX20190913_111046_V06,2,1.494,1.200,29556,0,1150.101,13853,0,701.295
KCCX20190913-7,KCCX20190913_111046_V06,4,2.505,1.200,29565,0,885.632,16031,0,595.200
KCCX20190913-7,KCCX20190913_111046_V06,6,3.516,1.200,14799,0,586.493,8629,0,395.585
KCCX20190913-7,KCCX20190913_111046_V06,7,4.482,1.200,14816,0,201.933,8498,0,102.819
KCCX20190913-8,KCCX20190913_112028_V06,0,0.483,1.200,6384,0,671069.495,100,0,652532.967
KCCX20190913-8,KCCX20190913_112028_V06,2,1.494,1.200,6384,0,40494.032,1475,0,36549.081
KCCX20190913-8,KCCX20190913_112028_V06,4,2.505,1.200,6388,0,355.944,898,0,189.030
KCCX20190914-11,KCCX20190914_102301_V06,0,0.483,1.200,9473,0,19120.936,1159,0,550.236
KCCX20190914-11,KCCX20190914_102301_V06,2,0.879,1.200,9474,0,14394.985,856,0,207.485
KCCX20190914-11,KCCX20190914_102301_V06,4,1.318,1.200,9483,0,13332.359,660,0,162.828
KCCX20190914-11,KCCX20190914_102301_V06,6,1.802,1.200,4758,0,14443.869,197,0,253.133
KCCX20190914-11,KCCX20190914_102301_V06,7,2.417,1.200,4761,0,21295.761,172,0,472.594
KCCX20190914-11,KCCX20190914_102301_V06,10,3.120,1.200,4770,0,50903.227,168,0,1263.314
KCCX20190914-11,KCCX20190914_102301_V06,11,3.999,1.200,4771,0,10866.988,215,0,156.333
KCCX20190914-11,KCCX20190914_102746_V06,0,0.483,1.200,12896,0,38364.294,1696,0,1619.354
KCCX20190914-11,KCCX20190914_102746_V06,2,0.879,1.200,12906,0,35947.618,1284,0,534.018
KCCX20190914-11,KCCX20190914_102746_V06,4,1.318,1.200,12909,0,34143.212,1067,0,307.106
KCCX20190914-11,KCCX20190914_102746_V06,6,1.802,1.200,6457,0,31111.292,358,0,1592.043
KCCX20190914-11,KCCX20190914_102746_V06,7,2.417,1.200,6459,0,17045.725,295,0,502.420
KCCX20190914-11,KCCX20190914_102746_V06,10,3.120,1.200,6461,0,40707.178,256,0,645.466
KCCX20190914-11,KCCX20190914_102746_V06,11,3.999,1.200,6473,0,5439.554,214,0,108.757
KCCX20190914-11,KCCX20190914_103233_V06,0,0.483,1.200,7981,0,22990.779,809,0,1825.015
KCCX20190914-11,KCCX20190914_103233_V06,2,0.879,1.200,7992,0,16108.096,612,0,302.622
KCCX20190914-11,KCCX20190914_103233_V06,4,1.318,1.200,7985,0,16916.117,613,0,332.063
KCCX20190914-11,KCCX20190914_103233_V06,6,1.802,1.200,4001,0,14269.970,260,0,441.126
KCCX20190914-11,KCCX20190914_103233_V06,7,2.417,1.200,3997,0,7952.904,230,0,315.751
KCCX20190914-11,KCCX20190914_103233_V06,10,3.120,1.200,3998,0,12514.189,198,0,1509.720
KCCX20190914-15,KCCX20190914_103233_V06,0,0.483,1.200,15826,0,56444.730,4712,0,607.136
KCCX20190914-15,KCCX20190914_103233_V06,2,0.879,1.200,15820,0,42468.725,3937,0,238.797
KCCX20190914-15,KCCX20190914_103233_V06,4,1.318,1.200,15836,0,34796.578,3364,0,236.660
KCCX20190914-15,KCCX20190914_103233_V06,6,1.802,1.200,7923,0,28629.589,1129,0,269.479
KCCX20190914-15,KCCX20190914_103233_V06,7,2.417,1.200,7925,0,27056.569,1082,0,159.606
KCCX20190914-15,KCCX20190914_103233_V06,10,3.120,1.200,7926,0,48400.289,955,0,2789.497
KCCX20190914-15,KCCX20190914_103233_V06,11,3.999,1.200,7929,0,55813.897,1078,0,878.335
KCCX20190914-15,KCCX20190914_103233_V06,12,5.098,1.200,7946,0,45283.894,1151,0,965.535
KCCX20190914-15,KCCX20190914_103233_V06,13,6.416,1.200,7966,0,6119.482,878,0,560.120
KCCX20190914-29,KCCX20190914_114721_V06,0,0.483,1.200,2698,0,387747.990,798,0,3545.213
KCCX20190914-29,KCCX20190914_114721_V06,2,0.879,1.200,2691,0,595479.245,814,0,22369.254
KCCX20190914-29,KCCX20190914_114721_V06,4,1.318,1.200,2696,0,586600.346,655,0,51512.038
KCCX20190914-29,KCCX20190914_114721_V06,8,1.802,1.200,1348,0,31600.667,97,0,1565.522
KCCX20190915-6,KCCX20190915_110525_V06,0,0.483,1.200,4615,0,84939.384,219,0,84546.897
KCCX20190915-6,KCCX20190915_110525_V06,2,1.494,1.200,4615,0,186.867,177,0,91.162
KCCX20190915-6,KCCX20190915_110525_V06,4,2.505,1.200,4622,0,20.359,8,0,11.697
KCCX20190915-6,KCCX20190915_111508_V06,0,0.483,1.200,7737,0,89765.295,426,0,88575.428
KCCX20190915-6,KCCX20190915_111508_V06,2,1.494,1.200,7741,0,2772.155,777,0,2257.934
KCCX20190915-6,KCCX20190915_111508_V06,4,2.505,1.200,7757,0,30.748,24,0,18.185
KCCX20190915-3,KCCX20190915_104600_V06,0,0.483,1.200,88,0,75720.605,0,0,75720.605
KCCX20190915-3,KCCX20190915_104600_V06,2,1.494,1.200,89,0,15.321,16,0,13.779
KCCX20190915-3,KCCX20190915_104600_V06,4,2.505,1.200,87,0,3.805,3,0,3.658
KCCX20190915-3,KCCX20190915_104600_V06,6,3.516,1.200,44,0,0.066,0,0,0.066
KCCX20190915-3,KCCX20190915_104600_V06,7,4.482,1.200,45,0,0.255,1,0,0.066
KCCX20190915-5,KCCX20190915_110525_V06,0,0.483,1.200,5974,0,130134.199,280,0,129715.449
KCCX20190915-5,KCCX20190915_110525_V06,2,1.494,1.200,5982,0,65.297,25,0,40.523
KCCX20190915-7,KCCX20190915_110525_V06,0,0.483,1.200,3793,0,35628.564,125,0,35404.653
KCCX20190915-7,KCCX20190915_110525_V06,2,1.494,1.200,3797,0,12.844,4,0,10.821
KCCX20190915-9,KCCX20190915_111508_V06,0,0.483,1.200,75,0,54405.760,0,0,54405.760
KCCX20190915-9,KCCX20190915_111508_V06,2,1.494,1.200,76,0,630.863,1,0,624.220
KCCX20190915-9,KCCX20190915_111508_V06,4,2.505,1.200,74,0,34.517,23,0,32.366
KCCX20190915-9,KCCX20190915_111508_V06,6,3.516,1.200,38,0,4.673,5,0,3.089
KCCX20190916-7,KCCX20190916_111108_V06,0,0.483,1.200,1384,0,11479.959,466,0,1638.950
KCCX20190916-7,KCCX20190916_111108_V06,2,0.879,1.200,1387,0,14112.503,753,0,204.787
KCCX20190916-7,KCCX20190916_111108_V06,4,1.318,1.200,1388,0,17039.527,847,0,460.984
KCCX20190916-7,KCCX20190916_111108_V06,8,1.802,1.200,694,0,9189.855,344,0,173.492
KCCX20190916-7,KCCX20190916_111108_V06,9,2.417,1.200,694,0,14112.758,300,0,97.161
KCCX20190916-7,KCCX20190916_111108_V06,10,3.120,1.200,690,0,6842.849,225,0,31.644
KCCX20190916-7,KCCX20190916_111108_V06,11,3.999,1.200,693,0,4995.547,192,0,34.528
KCCX20190916-7,KCCX20190916_111108_V06,12,5.098,1.200,696,0,399.522,92,0,22.808
KCCX20190916-7,KCCX20190916_111108_V06,15,6.416,1.200,695,0,6.611,4,0,5.052
KCCX20190916-9,KCCX20190916_113501_V06,0,0.483,1.200,22607,0,70321.778,14851,0,3307.161
KCCX20190916-9,KCCX20190916_113501_V06,2,0.879,1.200,22609,0,73069.622,16010,0,705.939
KCCX20190916-9,KCCX20190916_113501_V06,4,1.318,1.200,22612,0,68028.630,16158,0,346.860
KCCX20190916-9,KCCX20190916_113501_V06,8,1.802,1.200,11310,0,65258.262,7642,0,153.819
KCCX20190916-9,KCCX20190916_113501_V06,9,2.417,1.200,11314,0,65356.011,7668,0,183.422
KCCX20190916-9,KCCX20190916_113501_V06,10,3.120,1.200,11320,0,73100.598,7966,0,105.726
KCCX20190916-9,KCCX20190916_113501_V06,11,3.999,1.200,11327,0,76893.880,8399,0,132.696
KCCX20190916-9,KCCX20190916_113501_V06,12,5.098,1.200,11345,0,52983.611,8149,0,146.126
KCCX20190916-9,KCCX20190916_113501_V06,15,6.416,1.200,11379,0,36507.811,7344,0,117.221
KCCX20190916-9,KCCX20190916_113501_V06,16,7.998,1.200,11418,0,20198.575,6349,0,67.293
KCCX20190916-9,KCCX20190916_113501_V06,17,10.020,1.200,11498,0,13654.896,5553,0,36.440
KCCX20190916-9,KCCX20190916_113501_V06,18,12.480,1.200,11597,0,7767.437,5173,0,118.404
KCCX20190916-16,KCCX20190916_120327_V06,0,0.483,1.200,2583,2,1176265.865,439,0,8406.933
KCCX20190916-16,KCCX20190916_120327_V06,2,0.879,1.200,2567,2,894918.421,404,0,1500.730
KCCX20190916-16,KCCX20190916_120327_V06,4,1.318,1.200,2580,0,152176.862,239,0,287.355
KCCX20190916-20,KCCX20190916_120854_V06,0,0.483,1.200,6312,0,14148.277,519,0,5727.073
KCCX20190916-20,KCCX20190916_120854_V06,2,0.879,1.200,6315,0,12209.753,283,0,395.291
KCCX20190916-20,KCCX20190916_120854_V06,4,1.318,1.200,6321,0,6741.632,219,0,295.368
KCCX20190916-20,KCCX20190916_120854_V06,8,1.802,1.200,3162,0,2613.627,29,0,71.106
KCCX20190916-20,KCCX20190916_120854_V06,9,2.417,1.200,3162,0,396.253,17,0,134.414
KCCX20190916-20,KCCX20190916_120854_V06,10,3.120,1.200,3166,0,13.564,0,0,13.564
KCCX20190917-1,KCCX20190917_104515_V06,0,0.483,1.200,1153,0,145989.518,0,0,145989.518
KCCX20190917-1,KCCX20190917_104515_V06,2,1.494,1.200,1152,0,112.442,195,0,77.314
KCCX20190917-1,KCCX20190917_104515_V06,4,2.505,1.200,1158,0,1.768,0,0,1.768
KCCX20190917-1,KCCX20190917_110441_V06,0,0.483,1.200,6282,0,1734227.227,13,0,1730139.080
KCCX20190917-1,KCCX20190917_110441_V06,2,1.494,1.200,6290,0,15769.640,506,0,15286.901
KCCX20190917-1,KCCX20190917_110441_V06,4,2.505,1.200,6300,0,285.272,1185,0,107.632
KCCX20190917-1,KCCX20190917_111424_V06,0,0.483,1.200,9675,0,1844064.568,73,0,1831484.481
KCCX20190917-1,KCCX20190917_111424_V06,2,1.494,1.200,9678,0,36441.902,827,0,34507.596
KCCX20190917-1,KCCX20190917_111424_V06,4,2.505,1.200,9682,0,678.841,2679,0,272.326
KCCX20190917-1,KCCX20190917_112406_V06,0,0.483,1.200,14556,0,1747603.786,198,0,1720345.909
KCCX20190917-1,KCCX20190917_112406_V06,2,1.494,1.200,14568,0,42405.095,2100,0,37405.698
KCCX20190917-1,KCCX20190917_112406_V06,4,2.505,1.200,14591,0,1308.446,3539,0,665.738
KCCX20190917-2,KCCX20190917_110441_V06,0,0.483,1.200,1419,0,49844.133,2,0,49813.897
KCCX20190917-2,KCCX20190917_110441_V06,2,1.494,1.200,1421,0,4.461,0,0,4.461
KCCX20190917-2,KCCX20190917_111424_V06,0,0.483,1.200,5456,0,124281.748,92,0,123532.808
KCCX20190917-2,KCCX20190917_111424_V06,2,1.494,1.200,5466,0,66.631,8,0,58.739
KCCX20190917-3,KCCX20190917_111424_V06,0,0.483,1.200,229,27,146536.801,2,25,146536.801
KCCX20190917-3,KCCX20190917_111424_V06,2,1.494,1.200,232,0,1419.764,7,0,1361.070
KCCX20190917-3,KCCX20190917_111424_V06,4,2.505,1.200,231,0,166.781,50,0,159.928
KCCX20190917-3,KCCX20190917_111424_V06,6,3.516,1.200,113,0,11.659,33,0,7.480
KCCX20190917-5,KCCX20190917_112406_V06,0,0.483,1.200,11178,0,287184.097,131,0,267855.633
KCCX20190917-5,KCCX20190917_112406_V06,2,1.494,1.200,11181,0,10221.131,1226,0,9492.261
KCCX20190917-5,KCCX20190917_112406_V06,4,2.505,1.200,11183,0,252.212,941,0,158.706
KCCX20190917-5,KCCX20190917_112406_V06,6,3.516,1.200,5602,0,203.588,887,0,89.447
KCCX20190918-4,KCCX20190918_104438_V06,0,0.483,1.200,1074,0,198027.330,19,0,198015.271
KCCX20190918-4,KCCX20190918_104438_V06,2,1.494,1.200,1072,0,85.950,63,0,73.045
KCCX20190918-4,KCCX20190918_104438_V06,4,2.505,1.200,1068,0,1.719,0,0,1.719
KCCX20190918-4,KCCX20190918_110401_V06,0,0.483,1.200,7930,0,654831.439,55,0,654693.325
KCCX20190918-4,KCCX20190918_110401_V06,2,1.494,1.200,7942,0,2320.950,557,0,2181.659
KCCX20190918-4,KCCX20190918_110401_V06,4,2.505,1.200,7944,0,76.617,485,0,35.252
KCCX20190918-4,KCCX20190918_111343_V06,0,0.483,1.200,13785,0,540409.581,253,0,537577.933
KCCX20190918-4,KCCX20190918_111343_V06,2,1.494,1.200,13793,0,3709.390,1319,0,3293.278
KCCX20190918-4,KCCX20190918_111343_V06,4,2.505,1.200,13815,0,382.278,1951,0,185.243
KCCX20190918-4,KCCX20190918_112324_V06,0,0.483,1.200,18687,0,454885.747,554,0,453237.519
KCCX20190918-4,KCCX20190918_112324_V06,2,1.494,1.200,18689,0,4616.428,2364,0,3964.062
KCCX20190918-4,KCCX20190918_112324_V06,4,2.505,1.200,18700,0,825.284,3092,0,452.437
KCCX20190918-4,KCCX20190918_113305_V06,0,0.483,1.200,24735,0,360034.554,1084,0,357969.957
KCCX20190918-4,KCCX20190918_113305_V06,2,1.494,1.200,24737,0,6555.012,2925,0,5858.729
KCCX20190918-4,KCCX20190918_113305_V06,4,2.505,1.200,24764,0,1199.289,4421,0,612.399
KCCX20190918-4,KCCX20190918_114248_V06,0,0.483,1.200,34582,0,300210.683,1775,0,297457.394
KCCX20190918-4,KCCX20190918_114248_V06,2,1.494,1.200,34602,0,5778.926,3624,0,5180.836
KCCX20190918-4,KCCX20190918_114248_V06,4,2.505,1.200,34626,0,1410.988,6410,0,708.413
KCCX20190918-4,KCCX20190918_120214_V06,0,0.483,1.200,48207,0,98007.467,3079,0,94858.703
KCCX20190918-4,KCCX20190918_120214_V06,2,1.494,1.200,48241,0,2818.594,4232,0,2235.613
KCCX20190918-4,KCCX20190918_120214_V06,4,2.505,1.200,48277,0,953.343,6166,0,540.017
KCCX20190918-4,KCCX20190918_120214_V06,6,3.516,1.200,24170,0,467.040,2961,0,249.401
KCCX20190918-7,KCCX20190918_110401_V06,0,0.483,1.200,1326,0,182080.333,28,0,181527.908
KCCX20190918-7,KCCX20190918_110401_V06,2,1.494,1.200,1329,0,4.331,0,0,4.331
KCCX20190918-7,KCCX20190918_111343_V06,0,0.483,1.200,2595,0,193694.242,41,0,193445.191
KCCX20190918-7,KCCX20190918_111343_V06,2,1.494,1.200,2597,0,8.555,0,0,8.555
KCCX20190918-7,KCCX20190918_112324_V06,0,0.483,1.200,3317,0,123049.865,84,0,122493.915
KCCX20190918-7,KCCX20190918_112324_V06,2,1.494,1.200,3320,0,81.967,8,0,75.268
KCCX20190918-1,KCCX20190918_101532_V06,0,0.483,1.200,62,0,18190.804,0,0,18190.804
KCCX20190918-1,KCCX20190918_101532_V06,2,1.494,1.200,61,0,74.815,1,0,70.968
KCCX20190918-1,KCCX20190918_101532_V06,4,2.505,1.200,60,0,32.640,6,0,32.163
KCCX20190918-1,KCCX20190918_101532_V06,6,3.516,1.200,31,0,0.170,1,0,0.056
KCCX20190918-2,KCCX20190918_102514_V06,0,0.483,1.200,55,0,11714.781,0,0,11714.781
KCCX20190918-2,KCCX20190918_102514_V06,2,1.494,1.200,55,0,15.794,36,0,8.359
KCCX20190918-2,KCCX20190918_102514_V06,4,2.505,1.200,55,0,0.063,0,0,0.063
KCCX20190918-2,KCCX20190918_102514_V06,6,3.516,1.200,27,0,2.194,2,0,0.610
KCCX20190918-5,KCCX20190918_104438_V06,0,0.483,1.200,1672,0,104847.697,78,0,104782.144
KCCX20190918-5,KCCX20190918_104438_V06,2,1.494,1.200,1674,0,28.311,2,0,27.434
KCCX20190918-5,KCCX20190918_104438_V06,4,2.505,1.200,1668,0,3.342,0,0,3.342
KCCX20190918-6,KCCX20190918_110401_V06,0,0.483,1.200,4853,0,113269.969,435,0,112712.010
KCCX20190918-6,KCCX20190918_110401_V06,2,1.494,1.200,4850,0,62.337,79,0,39.460
KCCX20190918-8,KCCX20190918_110401_V06,0,0.483,1.200,6804,0,69159.973,617,0,66784.731
KCCX20190918-8,KCCX20190918_110401_V06,2,1.494,1.200,6813,0,59.768,35,0,40.152
KCCX20190918-9,KCCX20190918_110401_V06,0,0.483,1.200,394,6,487833.209,0,6,487833.209
KCCX20190918-9,KCCX20190918_110401_V06,2,1.494,1.200,394,0,1983.981,45,0,1696.828
KCCX20190918-9,KCCX20190918_110401_V06,4,2.505,1.200,396,0,49.651,90,0,40.888
KCCX20190918-9,KCCX20190918_110401_V06,6,3.516,1.200,198,0,5.516,1,0,5.425
KCCX20190918-10,KCCX20190918_110401_V06,0,0.483,1.200,19944,4,54893.247,792,2,28398.132
KCCX20190918-10,KCCX20190918_110401_V06,2,1.494,1.200,19960,0,8221.801,1182,0,7639.354
KCCX20190918-10,KCCX20190918_110401_V06,4,2.505,1.200,19980,0,5290.675,2796,0,4623.587
KCCX20190918-10,KCCX20190918_110401_V06,6,3.516,1.200,9992,0,3459.758,3147,0,2484.875
KCCX20190918-10,KCCX20190918_110401_V06,7,4.482,1.200,10013,0,1367.628,3332,0,712.912
KCCX20190919-2,KCCX20190919_110650_V06,0,0.483,1.200,4530,0,31188.162,65,0,30907.352
KCCX20190919-2,KCCX20190919_110650_V06,2,1.494,1.200,4534,0,38.713,20,0,30.318
KCCX20190919-2,KCCX20190919_110650_V06,4,2.505,1.200,4544,0,10.011,12,0,8.785
KCCX20190919-2,KCCX20190919_111632_V06,0,0.483,1.200,9134,0,16094.864,232,0,15922.636
KCCX20190919-2,KCCX20190919_111632_V06,2,1.494,1.200,9143,0,71.504,77,0,41.466
KCCX20190919-2,KCCX20190919_111632_V06,4,2.505,1.200,9152,0,135.607,818,0,49.141
KCCX20190919-2,KCCX20190919_112615_V06,0,0.483,1.200,11749,0,1286.436,443,0,1138.080
KCCX20190919-2,KCCX20190919_112615_V06,2,1.494,1.200,11769,0,71.817,68,0,48.118
KCCX20190919-2,KCCX20190919_112615_V06,4,2.505,1.200,11770,0,149.529,940,0,62.350
KCCX20190919-1,KCCX20190919_100838_V06,0,0.483,1.200,236,0,250.223,2,0,248.624
KCCX20190919-1,KCCX20190919_100838_V06,2,1.494,1.200,238,0,6.858,28,0,2.508
KCCX20190919-1,KCCX20190919_100838_V06,4,2.505,1.200,236,0,1.665,0,0,1.665
KCCX20190920-1,KCCX20190920_104842_V06,0,0.483,1.200,570,0,149878.983,34,0,143307.942
KCCX20190920-1,KCCX20190920_104842_V06,2,1.494,1.200,568,0,34.247,6,0,32.593
KCCX20190920-1,KCCX20190920_104842_V06,4,2.505,1.200,574,0,84.416,34,0,60.465
KCCX20190920-2,KCCX20190920_113705_V06,0,0.483,1.200,4448,0,902.780,317,0,611.063
KCCX20190920-2,KCCX20190920_113705_V06,2,1.494,1.200,4452,0,52.570,18,0,35.344
KCCX20190921-3,KCCX20190921_110132_V06,0,0.483,1.200,2026,0,1417.049,40,0,1095.371
KCCX20190921-3,KCCX20190921_110132_V06,2,0.879,1.200,2024,0,24.473,2,0,3.641
KCCX20190921-3,KCCX20190921_110132_V06,4,1.318,1.200,2019,0,3.637,0,0,3.637
KCCX20190921-3,KCCX20190921_110132_V06,8,1.802,1.200,1013,0,3.663,0,0,3.663
KCCX20190921-3,KCCX20190921_110132_V06,9,2.417,1.200,1016,0,3.679,0,0,3.679
KCCX20190921-3,KCCX20190921_110559_V06,0,0.483,1.200,3159,0,5217.019,101,0,4424.374
KCCX20190921-3,KCCX20190921_110559_V06,2,0.879,1.200,3158,0,124.007,12,0,65.576
KCCX20190921-3,KCCX20190921_110559_V06,4,1.318,1.200,3167,0,5.715,0,0,5.715
KCCX20190921-3,KCCX20190921_110559_V06,8,1.802,1.200,1590,0,5.744,0,0,5.744
KCCX20190921-3,KCCX20190921_110559_V06,9,2.417,1.200,1590,0,5.752,0,0,5.752
KCCX20190921-3,KCCX20190921_111027_V06,0,0.483,1.200,4009,0,20706.000,136,0,17823.087
KCCX20190921-3,KCCX20190921_111027_V06,2,0.879,1.200,4002,0,1316.460,43,0,935.138
KCCX20190921-3,KCCX20190921_111027_V06,4,1.318,1.200,4009,0,7.366,0,0,7.366
KCCX20190921-3,KCCX20190921_111027_V06,8,1.802,1.200,2007,0,7.383,0,0,7.383
KCCX20190921-3,KCCX20190921_111027_V06,9,2.417,1.200,2012,0,7.410,0,0,7.410
KCCX20190921-3,KCCX20190921_111456_V06,0,0.483,1.200,5681,0,18065.736,209,0,15449.315
KCCX20190921-3,KCCX20190921_111456_V06,2,0.879,1.200,5681,0,1467.255,47,0,1073.321
KCCX20190921-3,KCCX20190921_111456_V06,4,1.318,1.200,5689,0,10.358,0,0,10.358
KCCX20190921-3,KCCX20190921_111456_V06,8,1.802,1.200,2840,0,10.350,0,0,10.350
KCCX20190921-3,KCCX20190921_111456_V06,9,2.417,1.200,2850,0,10.402,0,0,10.402
KCCX20190921-3,KCCX20190921_111925_V06,0,0.483,1.200,6362,0,18280.223,200,0,14973.913
KCCX20190921-3,KCCX20190921_111925_V06,2,0.879,1.200,6363,0,2612.110,74,0,2035.015
KCCX20190921-3,KCCX20190921_111925_V06,4,1.318,1.200,6364,0,11.674,0,0,11.674
KCCX20190921-3,KCCX20190921_111925_V06,8,1.802,1.200,3183,0,11.691,0,0,11.691
KCCX20190921-3,KCCX20190921_111925_V06,9,2.417,1.200,3182,0,11.703,0,0,11.703
KCCX20190921-3,KCCX20190921_112352_V06,0,0.483,1.200,8842,0,15377.971,299,0,11217.942
KCCX20190921-3,KCCX20190921_112352_V06,2,0.879,1.200,8848,0,2465.654,104,0,1532.919
KCCX20190921-3,KCCX20190921_112352_V06,4,1.318,1.200,8851,0,83.789,15,0,33.081
KCCX20190921-3,KCCX20190921_112352_V06,8,1.802,1.200,4420,0,16.646,0,0,16.646
KCCX20190921-3,KCCX20190921_112352_V06,9,2.417,1.200,4431,0,16.702,0,0,16.702
KCCX20190921-3,KCCX20190921_112819_V06,0,0.483,1.200,14845,0,17670.113,713,0,10566.262
KCCX20190921-3,KCCX20190921_112819_V06,2,0.879,1.200,14862,0,973.894,91,0,519.236
KCCX20190921-3,KCCX20190921_112819_V06,4,1.318,1.200,14863,0,124.342,18,0,53.305
KCCX20190921-3,KCCX20190921_112819_V06,8,1.802,1.200,7432,0,48.995,0,0,48.995
KCCX20190921-3,KCCX20190921_112819_V06,9,2.417,1.200,7431,0,58.977,0,0,58.977
KCCX20190921-3,KCCX20190921_113246_V06,0,0.483,1.200,14708,0,15253.966,685,0,8050.364
KCCX20190921-3,KCCX20190921_113246_V06,2,0.879,1.200,14711,0,1591.269,104,0,1080.489
KCCX20190921-3,KCCX20190921_113246_V06,4,1.318,1.200,14715,0,147.430,23,0,57.322
KCCX20190921-3,KCCX20190921_113246_V06,8,1.802,1.200,7361,0,29.129,0,0,29.129
KCCX20190921-3,KCCX20190921_113246_V06,9,2.417,1.200,7364,0,42.497,0,0,42.497
KCCX20190921-1,KCCX20190921_100914_V06,0,0.483,1.200,68,14,193119.803,26,0,99285.288
KCCX20190921-1,KCCX20190921_100914_V06,2,1.494,1.200,69,0,161.442,0,0,161.442
KCCX20190921-1,KCCX20190921_100914_V06,4,2.505,1.200,71,0,28.229,5,0,27.844
KCCX20190921-1,KCCX20190921_100914_V06,6,3.516,1.200,36,0,0.241,1,0,0.053
KCCX20190921-1,KCCX20190921_100914_V06,7,4.482,1.200,32,0,0.049,0,0,0.049
KCCX20190921-1,KCCX20190921_101855_V06,0,0.483,1.200,1292,6,242771.022,16,4,180472.757
KCCX20190921-1,KCCX20190921_101855_V06,2,1.494,1.200,1288,0,469.844,140,0,447.142
KCCX20190921-1,KCCX20190921_101855_V06,4,2.505,1.200,1293,0,78.288,79,0,62.344
KCCX20190921-1,KCCX20190921_101855_V06,6,3.516,1.200,645,0,8.261,18,0,4.589
KCCX20190921-1,KCCX20190921_101855_V06,7,4.482,1.200,647,0,5.617,20,0,2.325
KCCX20190922-1,KCCX20190922_110224_V06,0,0.483,1.200,730,6,174715.430,37,4,162239.499
KCCX20190922-1,KCCX20190922_110224_V06,2,1.494,1.200,729,0,119.383,111,0,94.478
KCCX20190922-1,KCCX20190922_110224_V06,4,2.505,1.200,734,0,285.274,260,0,232.486
KCCX20190922-1,KCCX20190922_110224_V06,6,3.516,1.200,369,0,23.935,32,0,12.536
KCCX20190922-2,KCCX20190922_111208_V06,0,0.483,1.200,8040,0,1133.124,534,0,715.317
KCCX20190922-2,KCCX20190922_111208_V06,2,1.494,1.200,8053,0,219.618,50,0,61.867
KCCX20190922-3,KCCX20190922_113132_V06,0,0.483,1.200,8401,0,2068.780,657,0,1623.478
KCCX20190922-3,KCCX20190922_113132_V06,2,1.494,1.200,8404,0,105.634,34,0,59.781
KCCX20190922-4,KCCX20190922_114113_V06,0,0.483,1.200,9274,0,2137.012,828,0,1182.828
KCCX20190922-4,KCCX20190922_114113_V06,2,1.494,1.200,9281,0,180.802,20,0,68.093
KCCX20190922-5,KCCX20190922_114113_V06,0,0.483,1.200,277,0,93503.124,3,0,92989.780
KCCX20190922-5,KCCX20190922_114113_V06,2,1.494,1.200,277,0,453.423,76,0,356.980
KCCX20190922-5,KCCX20190922_114113_V06,4,2.505,1.200,275,0,75.714,79,0,67.297
KCCX20190922-5,KCCX20190922_114113_V06,6,3.516,1.200,141,0,5.315,5,0,4.335
KCCX20190923-1,KCCX20190923_100700_V06,0,0.483,1.200,71,0,55634.072,8,0,28627.182
KCCX20190923-1,KCCX20190923_100700_V06,2,0.879,1.200,71,0,550.978,9,0,293.505
KCCX20190923-1,KCCX20190923_100700_V06,4,1.318,1.200,72,0,86.100,8,0,4.212
KCCX20190923-1,KCCX20190923_100700_V06,6,1.802,1.200,36,0,0.054,0,0,0.054
KCCX20190923-1,KCCX20190923_100700_V06,7,2.417,1.200,36,0,3.457,0,0,3.457
KCCX20190923-1,KCCX20190923_100700_V06,8,3.120,1.200,36,0,0.055,0,0,0.055
KCCX20190923-1,KCCX20190923_100700_V06,11,3.999,1.200,35,0,0.053,0,0,0.053
KCCX20190923-1,KCCX20190923_101113_V06,0,0.483,1.200,670,1,20761.841,134,0,17586.250
KCCX20190923-1,KCCX20190923_101113_V06,2,0.879,1.200,670,0,1182.249,49,0,785.338
KCCX20190923-1,KCCX20190923_101113_V06,4,1.318,1.200,670,0,247.003,24,0,70.573
KCCX20190923-1,KCCX20190923_101113_V06,8,1.802,1.200,338,0,11.514,1,0,8.583
KCCX20190923-1,KCCX20190923_101113_V06,9,2.417,1.200,338,0,14.251,0,0,14.251
KCCX20190923-1,KCCX20190923_101113_V06,10,3.120,1.200,340,0,2.483,0,0,2.483
KCCX20190923-1,KCCX20190923_101113_V06,11,3.999,1.200,338,0,0.512,0,0,0.512
KCCX20190923-5,KCCX20190923_120320_V06,0,0.483,1.200,10835,0,1427277.438,1681,0,196253.616
KCCX20190923-5,KCCX20190923_120320_V06,2,0.879,1.200,10838,0,1501288.356,2063,0,189246.212
KCCX20190923-5,KCCX20190923_120320_V06,4,1.318,1.200,10843,0,1476892.538,4263,0,55807.650
KCCX20190923-5,KCCX20190923_120716_V06,0,0.483,1.200,13643,0,3331619.101,2210,0,242291.334
KCCX20190923-5,KCCX20190923_120716_V06,2,0.879,1.200,13640,0,4053118.652,2398,0,335224.446
KCCX20190923-5,KCCX20190923_120716_V06,4,1.318,1.200,13648,0,2306493.564,4142,0,74097.478
KCCX20190923-3,KCCX20190923_103504_V06,0,0.483,1.200,53,1,27004.427,13,0,15880.502
KCCX20190923-3,KCCX20190923_103504_V06,2,0.879,1.200,52,0,468.717,13,0,326.195
KCCX20190923-3,KCCX20190923_103504_V06,4,1.318,1.200,51,0,301.677,11,0,55.901
KCCX20190923-3,KCCX20190923_103504_V06,8,1.802,1.200,28,0,13.080,2,0,8.083
KCCX20190923-3,KCCX20190923_103504_V06,9,2.417,1.200,27,0,0.041,0,0,0.041
KCCX20190923-3,KCCX20190923_103504_V06,10,3.120,1.200,27,0,0.041,0,0,0.041
KCCX20190923-3,KCCX20190923_103504_V06,11,3.999,1.200,26,0,0.039,0,0,0.039
KCCX20190923-4,KCCX20190923_103504_V06,0,0.483,1.200,67,1,33532.338,11,0,11110.456
KCCX20190923-4,KCCX20190923_103504_V06,2,0.879,1.200,66,0,411.309,3,0,326.231
KCCX20190923-4,KCCX20190923_103504_V06,4,1.318,1.200,66,0,155.779,14,0,99.458
KCCX20190923-4,KCCX20190923_103504_V06,8,1.802,1.200,32,0,5.283,0,0,5.283
KCCX20190923-4,KCCX20190923_103504_V06,9,2.417,1.200,32,0,0.059,0,0,0.059
KCCX20190923-4,KCCX20190923_103504_V06,10,3.120,1.200,32,0,0.059,0,0,0.059
KCCX20190923-4,KCCX20190923_103504_V06,11,3.999,1.200,31,0,5.037,0,0,5.037
KCCX20190924-2,KCCX20190924_110609_V06,0,0.483,1.200,8284,0,53139.458,58,0,52510.053
KCCX20190924-2,KCCX20190924_110609_V06,2,1.494,1.200,8287,0,10294.030,607,0,9981.770
KCCX20190924-2,KCCX20190924_110609_V06,4,2.505,1.200,8290,0,69.579,1254,0,47.221
KCCX20190924-2,KCCX20190924_110609_V06,6,3.516,1.200,4156,0,15.396,754,0,8.176
KCCX20190924-2,KCCX20190924_110609_V06,7,4.482,1.200,4155,0,12.167,606,0,6.882
KCCX20190924-2,KCCX20190924_111552_V06,0,0.483,1.200,26546,0,87580.789,439,0,85070.449
KCCX20190924-2,KCCX20190924_111552_V06,2,1.494,1.200,26562,0,5785.158,2886,0,5281.415
KCCX20190924-2,KCCX20190924_111552_V06,4,2.505,1.200,26583,0,149.537,5197,0,80.157
KCCX20190924-2,KCCX20190924_111552_V06,6,3.516,1.200,13296,0,51.662,3152,0,26.975
KCCX20190924-2,KCCX20190924_111552_V06,7,4.482,1.200,13323,0,36.482,2674,0,18.115
KCCX20190924-2,KCCX20190924_112534_V06,0,0.483,1.200,41539,0,120467.430,1403,0,112921.631
KCCX20190924-2,KCCX20190924_112534_V06,2,1.494,1.200,41554,0,2068.057,4403,0,1707.593
KCCX20190924-2,KCCX20190924_112534_V06,4,2.505,1.200,41578,0,184.687,6825,0,104.907
KCCX20190924-2,KCCX20190924_112534_V06,6,3.516,1.200,20816,0,79.579,2728,0,41.415
KCCX20190924-2,KCCX20190924_112534_V06,7,4.482,1.200,20847,0,53.024,2291,0,32.977
KCCX20190924-2,KCCX20190924_113517_V06,0,0.483,1.200,48371,0,86339.261,2496,0,79651.850
KCCX20190924-2,KCCX20190924_113517_V06,2,1.494,1.200,48406,0,1818.960,5121,0,1496.319
KCCX20190924-2,KCCX20190924_113517_V06,4,2.505,1.200,48446,0,717.842,7327,0,471.082
KCCX20190924-2,KCCX20190924_113517_V06,6,3.516,1.200,24236,0,297.248,2842,0,178.212
KCCX20190924-2,KCCX20190924_113517_V06,7,4.482,1.200,24272,0,64.995,1984,0,40.180
KCCX20190924-2,KCCX20190924_114459_V06,0,0.483,1.200,57440,0,61993.615,4669,0,55094.130
KCCX20190924-2,KCCX20190924_114459_V06,2,1.494,1.200,57467,0,4595.868,6666,0,3977.820
KCCX20190924-2,KCCX20190924_114459_V06,4,2.505,1.200,57526,0,3674.765,6863,0,2775.619
KCCX20190924-2,KCCX20190924_114459_V06,6,3.516,1.200,28786,0,470.062,2071,0,317.628
KCCX20190924-2,KCCX20190924_114459_V06,7,4.482,1.200,28837,0,112.224,1871,0,69.229
KCCX20190924-2,KCCX20190924_120425_V06,0,0.483,1.200,14592,0,13273.889,678,0,12596.204
KCCX20190924-2,KCCX20190924_120425_V06,2,1.494,1.200,14597,0,5867.138,1933,0,5029.589
KCCX20190924-2,KCCX20190924_120425_V06,4,2.505,1.200,14608,0,184.459,1729,0,124.657
KCCX20190924-2,KCCX20190924_120425_V06,6,3.516,1.200,7317,0,78.002,1402,0,32.537
KCCX20190924-2,KCCX20190924_120425_V06,7,4.482,1.200,7320,0,47.341,902,0,21.662
KCCX20190924-1,KCCX20190924_100752_V06,0,0.483,1.200,46,0,30979.904,0,0,30979.904
KCCX20190924-1,KCCX20190924_100752_V06,2,1.494,1.200,48,0,2.512,0,0,2.512
KCCX20190924-1,KCCX20190924_100752_V06,4,2.505,1.200,47,0,19.459,5,0,18.641
KCCX20190924-1,KCCX20190924_100752_V06,6,3.516,1.200,22,0,2.319,3,0,0.125
KCCX20190924-3,KCCX20190924_111552_V06,0,0.483,1.200,4844,0,58512.378,102,0,56416.138
KCCX20190924-3,KCCX20190924_111552_V06,2,1.494,1.200,4854,0,273.679,658,0,238.087
KCCX20190924-3,KCCX20190924_111552_V06,4,2.505,1.200,4859,0,9.653,70,0,7.414
KCCX20190924-3,KCCX20190924_111552_V06,6,3.516,1.200,2425,0,12.314,83,0,7.348
KCCX20190924-3,KCCX20190924_111552_V06,7,4.482,1.200,2430,0,11.078,49,0,6.758
KCCX20190924-4,KCCX20190924_114459_V06,0,0.483,1.200,5119,0,2951.773,118,0,2929.286
KCCX20190924-4,KCCX20190924_114459_V06,2,1.494,1.200,5125,0,172.457,911,0,136.966
KCCX20190924-4,KCCX20190924_114459_V06,4,2.505,1.200,5121,0,70.922,1070,0,33.934
KCCX20190924-4,KCCX20190924_114459_V06,6,3.516,1.200,2562,0,21.638,374,0,9.110
KCCX20190924-4,KCCX20190924_114459_V06,7,4.482,1.200,2566,0,11.179,108,0,6.734
KCCX20190924-5,KCCX20190924_114459_V06,0,0.483,1.200,740,0,378.630,62,0,356.273
KCCX20190924-5,KCCX20190924_114459_V06,2,1.494,1.200,739,0,24.912,164,0,15.279
KCCX20190924-5,KCCX20190924_114459_V06,4,2.505,1.200,738,0,13.534,178,0,4.549
KCCX20190924-5,KCCX20190924_114459_V06,6,3.516,1.200,373,0,0.555,0,0,0.555
KCCX20190924-5,KCCX20190924_114459_V06,7,4.482,1.200,368,0,0.549,0,0,0.549
KCCX20190924-6,KCCX20190924_120425_V06,0,0.483,1.200,4250,0,827.876,302,0,621.608
KCCX20190924-6,KCCX20190924_120425_V06,2,1.494,1.200,4247,0,17.685,4,0,15.223
KCCX20190924-8,KCCX20190924_121407_V06,0,0.483,1.200,3471,0,3989.177,371,0,3546.802
KCCX20190924-8,KCCX20190924_121407_V06,2,1.494,1.200,3472,0,145.303,488,0,83.135
KCCX20190924-8,KCCX20190924_121407_V06,4,2.505,1.200,3477,0,13.852,67,0,8.895
KCCX20190924-8,KCCX20190924_121407_V06,6,3.516,1.200,1742,0,4.027,4,0,3.784
KCCX20190925-1,KCCX20190925_101049_V06,0,0.483,1.200,65,0,71392.163,3,0,50349.767
KCCX20190925-1,KCCX20190925_101049_V06,2,1.494,1.200,67,0,72.967,1,0,72.880
KCCX20190925-1,KCCX20190925_101049_V06,4,2.505,1.200,66,0,98.271,5,0,97.159
KCCX20190925-1,KCCX20190925_101049_V06,6,3.516,1.200,32,0,2.575,4,0,0.654
KCCX20190925-3,KCCX20190925_104937_V06,0,0.483,1.200,2288,0,163547.560,68,0,163519.149
KCCX20190925-3,KCCX20190925_104937_V06,2,1.494,1.200,2288,0,48.465,48,0,37.134
KCCX20190925-3,KCCX20190925_104937_V06,4,2.505,1.200,2289,0,37.001,58,0,18.991
KCCX20190925-4,KCCX20190925_111844_V06,0,0.483,1.200,755,6,236368.174,6,6,235495.136
KCCX20190925-4,KCCX20190925_111844_V06,2,1.494,1.200,752,0,307.222,216,0,249.113
KCCX20190925-4,KCCX20190925_111844_V06,4,2.505,1.200,756,0,340.927,64,0,283.711
KCCX20190925-4,KCCX20190925_111844_V06,6,3.516,1.200,377,0,18.586,18,0,14.222
KCCX20190926-3,KCCX20190926_103815_V06,0,0.483,1.200,6558,1,18524.217,1426,0,4078.307
KCCX20190926-3,KCCX20190926_103815_V06,2,0.879,1.200,6555,0,14743.749,1434,0,1001.851
KCCX20190926-3,KCCX20190926_103815_V06,4,1.318,1.200,6551,0,11606.574,1173,0,431.641
KCCX20190926-3,KCCX20190926_103815_V06,8,1.802,1.200,3287,0,5055.618,303,0,118.397
KCCX20190926-3,KCCX20190926_103815_V06,9,2.417,1.200,3289,0,2832.766,202,0,67.247
KCCX20190926-3,KCCX20190926_103815_V06,10,3.120,1.200,3294,0,938.173,110,0,39.466
KCCX20190926-3,KCCX20190926_103815_V06,11,3.999,1.200,3293,0,688.801,57,0,43.777
KCCX20190926-3,KCCX20190926_103815_V06,12,5.098,1.200,3305,0,81.250,27,0,25.255
KCCX20190927-3,KCCX20190927_111058_V06,0,0.483,1.200,4919,0,211451.846,222,0,211181.305
KCCX20190927-3,KCCX20190927_111058_V06,2,1.494,1.200,4930,0,17.002,6,0,12.912
KCCX20190927-3,KCCX20190927_111058_V06,4,2.505,1.200,4935,0,9.417,0,0,9.417
KCCX20190927-3,KCCX20190927_112501_V06,0,0.483,1.200,8581,0,88293.397,349,0,84026.338
KCCX20190927-3,KCCX20190927_112501_V06,2,0.879,1.200,8583,0,1936.100,121,0,1554.768
KCCX20190927-3,KCCX20190927_112501_V06,4,1.318,1.200,8586,0,25.197,1,0,20.433
KCCX20190927-3,KCCX20190927_112501_V06,6,1.802,1.200,4303,0,17.140,0,0,17.140
KCCX20190927-3,KCCX20190927_112501_V06,7,2.417,1.200,4303,0,17.160,0,0,17.160
KCCX20190927-3,KCCX20190927_112935_V06,0,0.483,1.200,10889,0,65488.399,370,0,62502.622
KCCX20190927-3,KCCX20190927_112935_V06,2,0.879,1.200,10893,0,1805.605,123,0,1407.138
KCCX20190927-3,KCCX20190927_112935_V06,4,1.318,1.200,10898,0,81.819,3,0,55.628
KCCX20190927-3,KCCX20190927_112935_V06,6,1.802,1.200,5450,0,21.674,0,0,21.674
KCCX20190927-3,KCCX20190927_112935_V06,7,2.417,1.200,5457,0,21.710,0,0,21.710
KCCX20190927-3,KCCX20190927_113434_V06,0,0.483,1.200,18891,0,91493.237,693,0,90876.335
KCCX20190927-3,KCCX20190927_113434_V06,2,1.494,1.200,18906,0,94.142,42,0,61.987
KCCX20190927-3,KCCX20190927_113434_V06,4,2.505,1.200,18929,0,51.827,12,0,44.271
KCCX20190927-2,KCCX20190927_110119_V06,0,0.483,1.200,651,0,3435.572,0,0,3435.572
KCCX20190927-2,KCCX20190927_110119_V06,2,1.494,1.200,649,0,2.313,1,0,1.667
KCCX20190927-2,KCCX20190927_111058_V06,0,0.483,1.200,3834,0,21007.516,18,0,20986.118
KCCX20190927-2,KCCX20190927_111058_V06,2,1.494,1.200,3835,0,15.856,0,0,15.856
KCCX20190927-2,KCCX20190927_112501_V06,0,0.483,1.200,6552,0,5546.976,67,0,4957.936
KCCX20190927-2,KCCX20190927_112501_V06,2,0.879,1.200,6553,0,23.632,0,0,23.632
KCCX20190927-2,KCCX20190927_112501_V06,4,1.318,1.200,6555,0,17.200,0,0,17.200
KCCX20190927-2,KCCX20190927_112501_V06,6,1.802,1.200,3275,0,36.933,0,0,36.933
KCCX20190927-1,KCCX20190927_104156_V06,0,0.483,1.200,64,0,16751.738,0,0,16751.738
KCCX20190927-1,KCCX20190927_104156_V06,2,1.494,1.200,63,0,28.521,0,0,28.521
KCCX20190927-1,KCCX20190927_104156_V06,4,2.505,1.200,64,0,2.171,0,0,2.171
KCCX20190927-1,KCCX20190927_104156_V06,6,3.516,1.200,32,0,0.133,0,0,0.133
KCCX20190927-1,KCCX20190927_104156_V06,7,4.482,1.200,31,0,1.620,4,0,1.101
KCCX20190927-6,KCCX20190927_114414_V06,0,0.483,1.200,2428,0,147785.845,168,0,147669.452
KCCX20190927-6,KCCX20190927_114414_V06,2,1.494,1.200,2429,0,62.710,34,0,54.229
KCCX20190927-6,KCCX20190927_114414_V06,4,2.505,1.200,2419,0,41.860,77,0,18.050
KCCX20190928-4,KCCX20190928_114547_V06,0,0.483,1.200,66,0,4213.677,10,0,4137.910
KCCX20190928-4,KCCX20190928_114547_V06,2,0.879,1.200,68,0,192.496,1,0,191.751
KCCX20190928-4,KCCX20190928_114547_V06,4,1.318,1.200,67,0,117.362,11,0,57.014
KCCX20190928-4,KCCX20190928_114547_V06,8,1.802,1.200,30,0,0.056,0,0,0.056
KCCX20190928-4,KCCX20190928_114547_V06,9,2.417,1.200,32,0,0.060,0,0,0.060
KCCX20190928-4,KCCX20190928_114547_V06,10,3.120,1.200,32,0,3.907,0,0,3.907
KCCX20190928-4,KCCX20190928_114547_V06,11,3.999,1.200,32,0,0.060,0,0,0.060
KCCX20190928-5,KCCX20190928_114547_V06,0,0.483,1.200,1687,8,847399.327,268,0,135.993
KCCX20190928-5,KCCX20190928_114547_V06,2,0.879,1.200,1691,8,637098.544,266,0,265.943
KCCX20190928-5,KCCX20190928_114547_V06,4,1.318,1.200,1693,0,340413.442,244,0,1560.688
KCCX20190928-5,KCCX20190928_114547_V06,8,1.802,1.200,842,0,27647.369,45,0,4.428
KCCX20190928-6,KCCX20190928_115350_V06,0,0.483,1.200,16785,0,222.321,3271,0,32.616
KCCX20190928-6,KCCX20190928_115350_V06,2,0.879,1.200,16790,0,82.562,3362,0,10.350
KCCX20190928-6,KCCX20190928_115350_V06,4,1.318,1.200,16792,0,24.821,3229,0,4.760
KCCX20190928-6,KCCX20190928_115350_V06,8,1.802,1.200,8395,0,1.746,1025,0,0.588
KCCX20190928-6,KCCX20190928_115350_V06,9,2.417,1.200,8403,0,2.929,969,0,1.961
KCCX20190928-6,KCCX20190928_115350_V06,10,3.120,1.200,8416,0,2.501,1204,0,0.636
KCCX20190928-6,KCCX20190928_115350_V06,11,3.999,1.200,8425,0,1.846,1037,0,0.560
KCCX20190928-6,KCCX20190928_115350_V06,12,5.098,1.200,8443,0,0.686,911,0,0.481
KCCX20190928-6,KCCX20190928_115350_V06,13,6.416,1.200,8463,0,0.643,761,0,0.452
KCCX20190929-5,KCCX20190929_111829_V06,0,0.483,1.200,1333,0,11174.001,6,0,11167.170
KCCX20190929-5,KCCX20190929_111829_V06,2,1.494,1.200,1337,0,8.074,4,0,4.145
KCCX20190929-5,KCCX20190929_112811_V06,0,0.483,1.200,4767,0,13174.430,223,0,12943.674
KCCX20190929-5,KCCX20190929_112811_V06,2,1.494,1.200,4766,0,54.391,12,0,20.884
KCCX20190929-5,KCCX20190929_113755_V06,0,0.483,1.200,4673,0,9438.497,176,0,9265.446
KCCX20190929-5,KCCX20190929_113755_V06,2,1.494,1.200,4677,0,87.688,11,0,15.156
KCCX20190929-8,KCCX20190929_112811_V06,0,0.483,1.200,2631,0,16329.004,4,0,16318.315
KCCX20190929-8,KCCX20190929_112811_V06,2,1.494,1.200,2627,0,831.176,324,0,763.643
KCCX20190929-8,KCCX20190929_112811_V06,4,2.505,1.200,2626,0,82.755,648,0,58.542
KCCX20190929-8,KCCX20190929_112811_V06,6,3.516,1.200,1314,0,2.212,28,0,1.568
KCCX20190929-8,KCCX20190929_112811_V06,7,4.482,1.200,1320,0,2.402,42,0,1.584
KCCX20190929-8,KCCX20190929_113755_V06,0,0.483,1.200,5534,0,21544.408,14,0,21508.424
KCCX20190929-8,KCCX20190929_113755_V06,2,1.494,1.200,5536,0,1887.820,968,0,1661.615
KCCX20190929-8,KCCX20190929_113755_V06,4,2.505,1.200,5540,0,80.487,1042,0,53.793
KCCX20190929-8,KCCX20190929_113755_V06,6,3.516,1.200,2771,0,4.348,90,0,2.682
KCCX20190929-8,KCCX20190929_113755_V06,7,4.482,1.200,2776,0,5.430,118,0,3.464
KCCX20190929-9,KCCX20190929_113755_V06,0,0.483,1.200,2106,0,30821.285,319,0,29004.284
KCCX20190929-9,KCCX20190929_113755_V06,2,1.494,1.200,2110,0,421.729,359,0,244.369
KCCX20190929-9,KCCX20190929_113755_V06,4,2.505,1.200,2117,0,18.145,100,0,9.686
KCCX20190929-9,KCCX20190929_113755_V06,6,3.516,1.200,1064,0,2.516,0,0,2.516
KCCX20190929-9,KCCX20190929_114737_V06,0,0.483,1.200,7034,0,45762.549,1117,0,39632.686
KCCX20190929-9,KCCX20190929_114737_V06,2,1.494,1.200,7037,0,716.579,1055,0,406.173
KCCX20190929-9,KCCX20190929_114737_V06,4,2.505,1.200,7047,0,61.651,425,0,30.139
KCCX20190929-1,KCCX20190929_101038_V06,0,0.483,1.200,64,0,78939.780,2,0,74600.915
KCCX20190929-1,KCCX20190929_101038_V06,2,1.494,1.200,64,0,14.165,10,0,13.227
KCCX20190929-1,KCCX20190929_101038_V06,4,2.505,1.200,63,0,15.050,10,0,13.782
KCCX20190929-1,KCCX20190929_101038_V06,6,3.516,1.200,32,0,0.049,0,0,0.049
KCCX20190929-1,KCCX20190929_101038_V06,7,4.482,1.200,32,0,0.049,0,0,0.049
KCCX20190929-2,KCCX20190929_103944_V06,0,0.483,1.200,909,4,193072.978,7,4,193009.184
KCCX20190929-2,KCCX20190929_103944_V06,2,1.494,1.200,911,0,52.975,40,0,38.245
KCCX20190929-2,KCCX20190929_103944_V06,4,2.505,1.200,909,0,74.978,50,0,64.312
KCCX20190929-4,KCCX20190929_110848_V06,0,0.483,1.200,12268,0,56003.901,483,0,55431.731
KCCX20190929-4,KCCX20190929_110848_V06,2,1.494,1.200,12272,0,4983.290,989,0,4721.175
KCCX20190929-4,KCCX20190929_110848_V06,4,2.505,1.200,12286,0,155.903,937,0,100.545
KCCX20190929-4,KCCX20190929_110848_V06,6,3.516,1.200,6154,0,38.150,588,0,20.694
KCCX20190929-4,KCCX20190929_110848_V06,7,4.482,1.200,6161,0,25.453,580,0,15.171
KCCX20190929-7,KCCX20190929_112811_V06,0,0.483,1.200,6152,0,51226.594,1221,0,40260.203
KCCX20190929-7,KCCX20190929_112811_V06,2,1.494,1.200,6155,0,116.362,79,0,83.602
KCCX20190929-7,KCCX20190929_112811_V06,4,2.505,1.200,6158,0,16.591,6,0,14.926
KCCX20190929-12,KCCX20190929_121641_V06,0,0.483,1.200,33070,0,32917.652,653,0,31915.669
KCCX20190929-12,KCCX20190929_121641_V06,2,1.494,1.200,33094,0,11643.719,6373,0,8850.603
KCCX20190929-12,KCCX20190929_121641_V06,4,2.505,1.200,33127,0,1819.398,7812,0,888.781
KCCX20190929-12,KCCX20190929_121641_V06,6,3.516,1.200,16577,0,551.759,3339,0,242.655
KCCX20190929-12,KCCX20190929_121641_V06,7,4.482,1.200,16599,0,222.771,2857,0,95.609
KCCX20190929-13,KCCX20190929_122625_V06,0,0.483,1.200,7444,0,769.193,618,0,486.067
KCCX20190929-13,KCCX20190929_122625_V06,2,1.494,1.200,7447,0,60.942,14,0,46.040
KCCX20190929-14,KCCX20190929_122625_V06,0,0.483,1.200,265,12,227238.599,2,12,227237.381
KCCX20190929-14,KCCX20190929_122625_V06,2,1.494,1.200,266,0,132.139,40,0,127.750
KCCX20190929-14,KCCX20190929_122625_V06,4,2.505,1.200,263,0,329.855,21,0,322.123
KCCX20190929-14,KCCX20190929_122625_V06,6,3.516,1.200,130,0,16.022,21,0,8.466
KCCX20190930-7,KCCX20190930_113538_V06,0,0.483,1.200,989,0,7248.800,188,0,375.340
KCCX20190930-7,KCCX20190930_113538_V06,2,0.879,1.200,986,0,2073.551,201,0,115.127
KCCX20190930-7,KCCX20190930_113538_V06,4,1.318,1.200,986,0,433.968,163,0,37.595
KCCX20190930-7,KCCX20190930_113538_V06,6,1.802,1.200,493,0,776.684,26,0,10.710
KCCX20190930-7,KCCX20190930_113538_V06,9,2.417,1.200,494,0,80.520,17,0,9.619
KCCX20190930-7,KCCX20190930_113538_V06,10,3.120,1.200,496,0,35.135,9,0,6.194
KCCX20190930-7,KCCX20190930_113538_V06,11,3.999,1.200,496,0,0.628,0,0,0.628
KCCX20190930-9,KCCX20190930_114004_V06,0,0.483,1.200,457,0,913.515,101,0,162.035
KCCX20190930-9,KCCX20190930_114004_V06,2,0.879,1.200,455,0,697.626,102,0,55.124
KCCX20190930-9,KCCX20190930_114004_V06,4,1.318,1.200,458,0,717.912,105,0,79.247
KCCX20190930-9,KCCX20190930_114004_V06,6,1.802,1.200,228,0,515.752,28,0,169.735
KCCX20190930-9,KCCX20190930_114004_V06,9,2.417,1.200,226,0,377.444,35,0,17.159
KCCX20190930-9,KCCX20190930_114004_V06,10,3.120,1.200,225,0,191.334,29,0,32.204
KCCX20190930-9,KCCX20190930_114004_V06,11,3.999,1.200,228,0,0.328,0,0,0.328
KCCX20191001-1,KCCX20191001_101417_V06,0,0.483,1.200,76,0,101507.152,0,0,101507.152
KCCX20191001-1,KCCX20191001_101417_V06,2,1.494,1.200,76,0,29.654,15,0,27.099
KCCX20191001-1,KCCX20191001_101417_V06,4,2.505,1.200,77,0,30.647,4,0,29.096
KCCX20191001-1,KCCX20191001_101417_V06,6,3.516,1.200,37,0,4.322,5,0,1.942
KCCX20191001-1,KCCX20191001_102358_V06,0,0.483,1.200,992,6,94413.320,4,6,66120.735
KCCX20191001-1,KCCX20191001_102358_V06,2,1.494,1.200,995,0,177.454,348,0,118.352
KCCX20191001-1,KCCX20191001_102358_V06,4,2.505,1.200,995,0,95.309,73,0,83.964
KCCX20191001-1,KCCX20191001_102358_V06,6,3.516,1.200,497,0,30.275,42,0,15.969
KCCX20191001-4,KCCX20191001_101417_V06,0,0.483,1.200,668,0,519096.076,36,0,339516.747
KCCX20191001-4,KCCX20191001_101417_V06,2,1.494,1.200,664,0,148.979,143,0,89.911
KCCX20191001-4,KCCX20191001_101417_V06,4,2.505,1.200,663,0,112.066,63,0,81.354
KCCX20191001-5,KCCX20191001_101417_V06,0,0.483,1.200,60,0,29670.013,1,0,29404.647
KCCX20191001-5,KCCX20191001_101417_V06,2,1.494,1.200,60,0,35.405,11,0,33.452
KCCX20191001-5,KCCX20191001_101417_V06,4,2.505,1.200,62,0,18.406,16,0,17.540
KCCX20191001-5,KCCX20191001_101417_V06,6,3.516,1.200,31,0,0.046,0,0,0.046
KCCX20191001-5,KCCX20191001_101417_V06,7,4.482,1.200,29,0,0.043,0,0,0.043
KCCX20191002-1,KCCX20191002_101026_V06,0,0.483,1.200,61,1,11956.745,10,1,4717.098
KCCX20191002-1,KCCX20191002_101026_V06,2,0.879,1.200,62,0,414.637,3,0,369.225
KCCX20191002-1,KCCX20191002_101026_V06,4,1.318,1.200,60,0,211.381,2,0,124.979
KCCX20191002-1,KCCX20191002_101026_V06,8,1.802,1.200,31,0,9.153,1,0,6.737
KCCX20191002-1,KCCX20191002_101026_V06,9,2.417,1.200,30,0,5.854,0,0,5.854
KCCX20191002-1,KCCX20191002_101026_V06,10,3.120,1.200,30,0,0.056,0,0,0.056
KCCX20191002-1,KCCX20191002_101026_V06,11,3.999,1.200,30,0,0.056,0,0,0.056
KCCX20191002-3,KCCX20191002_105407_V06,0,0.483,1.200,71,3,35135.215,7,3,17775.114
KCCX20191002-3,KCCX20191002_105407_V06,2,0.879,1.200,71,0,466.850,4,0,300.459
KCCX20191002-3,KCCX20191002_105407_V06,4,1.318,1.200,71,0,423.354,9,0,237.816
KCCX20191002-3,KCCX20191002_105407_V06,8,1.802,1.200,36,0,6.766,0,0,6.766
KCCX20191002-3,KCCX20191002_105407_V06,9,2.417,1.200,35,0,18.769,2,0,9.257
KCCX20191002-3,KCCX20191002_105407_V06,10,3.120,1.200,36,0,0.066,0,0,0.066
KCCX20191002-3,KCCX20191002_105407_V06,11,3.999,1.200,35,0,0.065,0,0,0.065
KCCX20191002-4,KCCX20191002_111755_V06,0,0.483,1.200,245,1,69839.617,26,1,64950.840
KCCX20191002-4,KCCX20191002_111755_V06,2,0.879,1.200,246,0,790.520,18,0,498.389
KCCX20191002-4,KCCX20191002_111755_V06,4,1.318,1.200,246,0,180.390,10,0,116.382
KCCX20191002-4,KCCX20191002_111755_V06,8,1.802,1.200,124,0,14.139,2,0,0.233
KCCX20191002-4,KCCX20191002_111755_V06,9,2.417,1.200,123,0,0.235,0,0,0.235
KCCX20191002-4,KCCX20191002_111755_V06,10,3.120,1.200,124,0,6.834,0,0,6.834
KCCX20191002-6,KCCX20191002_113349_V06,0,0.483,1.200,295,0,52498.654,11,0,31468.530
KCCX20191002-6,KCCX20191002_113349_V06,2,0.879,1.200,295,0,455.808,20,0,323.660
KCCX20191002-6,KCCX20191002_113349_V06,4,1.318,1.200,292,0,322.362,20,0,73.175
KCCX20191002-6,KCCX20191002_113349_V06,8,1.802,1.200,147,0,101.172,4,0,17.283
KCCX20191002-6,KCCX20191002_113349_V06,9,2.417,1.200,148,0,0.282,0,0,0.282
KCCX20191002-6,KCCX20191002_113349_V06,10,3.120,1.200,147,0,5.492,1,0,3.339
KCCX20191002-13,KCCX20191002_120938_V06,0,0.483,1.200,94,0,33811.008,0,0,33811.008
KCCX20191002-13,KCCX20191002_120938_V06,2,0.879,1.200,94,0,548.019,9,0,167.894
KCCX20191002-13,KCCX20191002_120938_V06,4,1.318,1.200,93,0,75.849,22,0,16.884
KCCX20191002-13,KCCX20191002_120938_V06,8,1.802,1.200,45,0,0.084,0,0,0.084
KCCX20191002-13,KCCX20191002_120938_V06,9,2.417,1.200,45,0,6.307,0,0,6.307
KCCX20191002-13,KCCX20191002_120938_V06,10,3.120,1.200,46,0,4.821,0,0,4.821
KCCX20191002-13,KCCX20191002_120938_V06,11,3.999,1.200,45,0,4.924,0,0,4.924
KCCX20191002-13,KCCX20191002_121337_V06,0,0.483,1.200,863,0,38387.091,65,0,38219.897
KCCX20191002-13,KCCX20191002_121337_V06,2,0.879,1.200,863,0,1193.345,63,0,746.725
KCCX20191002-13,KCCX20191002_121337_V06,4,1.318,1.200,864,0,199.688,20,0,84.582
KCCX20191002-13,KCCX20191002_121337_V06,8,1.802,1.200,434,0,28.955,0,0,28.955
KCCX20191002-13,KCCX20191002_121337_V06,9,2.417,1.200,437,0,9.798,0,0,9.798
KCCX20191002-13,KCCX20191002_121337_V06,10,3.120,1.200,434,0,10.971,0,0,10.971
KCCX20191002-13,KCCX20191002_121337_V06,11,3.999,1.200,432,0,9.575,0,0,9.575
KCCX20191002-13,KCCX20191002_121736_V06,0,0.483,1.200,88,1,13862.162,2,0,13859.195
KCCX20191002-13,KCCX20191002_121736_V06,2,0.879,1.200,89,0,684.473,4,0,677.671
KCCX20191002-13,KCCX20191002_121736_V06,4,1.318,1.200,90,0,242.848,4,0,237.685
KCCX20191002-13,KCCX20191002_121736_V06,8,1.802,1.200,43,0,12.041,0,0,12.041
KCCX20191002-13,KCCX20191002_121736_V06,9,2.417,1.200,44,0,0.081,0,0,0.081
KCCX20191002-13,KCCX20191002_121736_V06,10,3.120,1.200,44,0,0.081,0,0,0.081
KCCX20191002-13,KCCX20191002_121736_V06,11,3.999,1.200,44,0,0.081,0,0,0.081
KCCX20191002-15,KCCX20191002_120938_V06,0,0.483,1.200,72,0,19663.130,4,0,14763.758
KCCX20191002-15,KCCX20191002_120938_V06,2,0.879,1.200,72,0,424.173,2,0,422.521
KCCX20191002-15,KCCX20191002_120938_V06,4,1.318,1.200,73,0,647.578,12,0,203.765
KCCX20191002-15,KCCX20191002_120938_V06,8,1.802,1.200,37,0,10.187,0,0,10.187
KCCX20191002-15,KCCX20191002_120938_V06,9,2.417,1.200,37,0,0.055,0,0,0.055
KCCX20191002-15,KCCX20191002_120938_V06,10,3.120,1.200,36,0,1.102,0,0,1.102
KCCX20191002-15,KCCX20191002_120938_V06,11,3.999,1.200,36,0,0.054,0,0,0.054
KCCX20191002-19,KCCX20191002_122930_V06,0,0.483,1.200,64,0,33888.877,2,0,33886.574
KCCX20191002-19,KCCX20191002_122930_V06,2,0.879,1.200,65,0,284.376,2,0,210.295
KCCX20191002-19,KCCX20191002_122930_V06,4,1.318,1.200,65,0,205.085,10,0,50.274
KCCX20191002-19,KCCX20191002_122930_V06,8,1.802,1.200,32,0,7.361,1,0,5.265
KCCX20191002-19,KCCX20191002_122930_V06,9,2.417,1.200,33,0,14.046,1,0,6.673
KCCX20191002-19,KCCX20191002_122930_V06,10,3.120,1.200,32,0,5.041,0,0,5.041
KCCX20191002-19,KCCX20191002_122930_V06,11,3.999,1.200,32,0,0.048,0,0,0.048
KCCX20191003-20,KCCX20191003_121056_V06,0,0.483,1.200,3855,0,4130.176,1724,0,732.262
KCCX20191003-20,KCCX20191003_121056_V06,2,0.879,1.200,3856,0,2806.404,1690,0,311.455
KCCX20191003-20,KCCX20191003_121056_V06,4,1.318,1.200,3859,0,1912.407,1460,0,199.342
KCCX20191003-20,KCCX20191003_121056_V06,6,1.802,1.200,1929,0,1095.084,423,0,107.382
KCCX20191003-20,KCCX20191003_121056_V06,7,2.417,1.200,1926,0,673.951,298,0,83.156
KCCX20191003-20,KCCX20191003_121056_V06,10,3.120,1.200,1927,0,210.887,172,0,24.988
KCCX20191003-20,KCCX20191003_121056_V06,11,3.999,1.200,1923,0,5.698,5,0,4.952
KCCX20191003-20,KCCX20191003_121056_V06,12,5.098,1.200,1932,0,6.364,6,0,3.805
KCCX20191003-20,KCCX20191003_121056_V06,13,6.416,1.200,1941,0,69.518,34,0,5.673
KCCX20191003-20,KCCX20191003_121056_V06,14,7.998,1.200,1942,0,59.053,92,0,22.244
KCCX20191004-1,KCCX20191004_110452_V06,0,0.483,1.200,1599,0,9974.774,0,0,9974.774
KCCX20191004-1,KCCX20191004_110452_V06,2,1.494,1.200,1603,0,3.364,0,0,3.364
KCCX20191004-2,KCCX20191004_110452_V06,0,0.483,1.200,1929,0,4515.563,10,0,4508.418
KCCX20191004-2,KCCX20191004_110452_V06,2,1.494,1.200,1930,0,9.291,4,0,4.493
KCCX20191004-3,KCCX20191004_111436_V06,0,0.483,1.200,132,0,2350.646,0,0,2350.646
KCCX20191004-3,KCCX20191004_111436_V06,2,1.494,1.200,132,0,4.014,10,0,3.606
KCCX20191004-3,KCCX20191004_111436_V06,4,2.505,1.200,132,0,0.140,2,0,0.127
KCCX20191004-3,KCCX20191004_111436_V06,6,3.516,1.200,67,0,0.042,0,0,0.042
KCCX20191004-3,KCCX20191004_111436_V06,7,4.482,1.200,68,0,0.042,0,0,0.042
KCCX20191004-4,KCCX20191004_111436_V06,0,0.483,1.200,67,0,18365.099,0,0,18365.099
KCCX20191004-4,KCCX20191004_111436_V06,2,1.494,1.200,67,0,1.734,0,0,1.734
KCCX20191004-4,KCCX20191004_111436_V06,4,2.505,1.200,68,0,7.610,2,0,7.383
KCCX20191004-4,KCCX20191004_111436_V06,6,3.516,1.200,33,0,3.459,4,0,0.962
KCCX20191004-6,KCCX20191004_114342_V06,0,0.483,1.200,8489,0,25258.521,1912,0,374.688
KCCX20191004-6,KCCX20191004_114342_V06,2,1.494,1.200,8489,0,50.725,7,0,44.118
KCCX20191004-9,KCCX20191004_122230_V06,0,0.483,1.200,2316,0,98531.086,764,0,97947.654
KCCX20191004-9,KCCX20191004_122230_V06,2,1.494,1.200,2319,0,60.409,44,0,14.678
KCCX20191004-9,KCCX20191004_122230_V06,4,2.505,1.200,2323,0,50.069,46,0,27.171
KCCX20191004-10,KCCX20191004_122230_V06,0,0.483,1.200,3704,0,21294.448,1256,0,181.272
KCCX20191004-10,KCCX20191004_122230_V06,2,1.494,1.200,3710,0,11.581,0,0,11.581
KCCX20191005-1,KCCX20191005_104806_V06,0,0.483,1.200,448,0,157710.217,12,0,157707.990
KCCX20191005-1,KCCX20191005_104806_V06,2,1.494,1.200,453,0,24.264,31,0,17.378
KCCX20191005-1,KCCX20191005_104806_V06,4,2.505,1.200,449,0,60.100,16,0,54.630
KCCX20191005-2,KCCX20191005_104806_V06,0,0.483,1.200,359,0,12.559,140,0,8.525
KCCX20191005-2,KCCX20191005_104806_V06,2,1.494,1.200,357,0,0.400,9,0,0.240
KCCX20191005-2,KCCX20191005_104806_V06,4,2.505,1.200,356,0,0.586,2,0,0.571
KCCX20191005-2,KCCX20191005_104806_V06,6,3.516,1.200,180,0,0.365,5,0,0.230
KCCX20191005-2,KCCX20191005_104806_V06,7,4.482,1.200,179,0,0.141,0,0,0.141
KCCX20191006-7,KCCX20191006_122332_V06,0,0.483,1.200,14163,0,30.001,2265,0,5.007
KCCX20191006-7,KCCX20191006_122332_V06,2,0.879,1.200,14164,0,21.113,2581,0,11.646
KCCX20191006-7,KCCX20191006_122332_V06,4,1.318,1.200,14167,0,1.488,2855,0,1.084
KCCX20191006-7,KCCX20191006_122332_V06,8,1.802,1.200,7082,0,0.591,1032,0,0.377
KCCX20191006-7,KCCX20191006_122332_V06,9,2.417,1.200,7086,0,0.884,1269,0,0.443
KCCX20191006-7,KCCX20191006_122332_V06,10,3.120,1.200,7093,0,1.077,1399,0,0.509
KCCX20191006-7,KCCX20191006_122332_V06,11,3.999,1.200,7107,0,1.069,1486,0,0.523
KCCX20191006-7,KCCX20191006_122332_V06,12,5.098,1.200,7115,0,1.077,1620,0,0.516
KCCX20191006-7,KCCX20191006_122332_V06,13,6.416,1.200,7140,0,1.294,1776,0,0.555
KCCX20191006-7,KCCX20191006_122729_V06,0,0.483,1.200,23628,0,10.483,3362,0,3.498
KCCX20191006-7,KCCX20191006_122729_V06,2,0.879,1.200,23630,0,3.153,3920,0,2.095
KCCX20191006-7,KCCX20191006_122729_V06,4,1.318,1.200,23638,0,3.964,4289,0,2.470
KCCX20191006-7,KCCX20191006_122729_V06,8,1.802,1.200,11820,0,1.869,1345,0,1.010
KCCX20191006-7,KCCX20191006_122729_V06,9,2.417,1.200,11829,0,2.651,1735,0,1.295
KCCX20191006-7,KCCX20191006_122729_V06,10,3.120,1.200,11836,0,2.913,1936,0,1.372
KCCX20191006-7,KCCX20191006_122729_V06,11,3.999,1.200,11849,0,2.824,2107,0,1.269
KCCX20191006-7,KCCX20191006_122729_V06,12,5.098,1.200,11864,0,3.390,2452,0,1.411
KCCX20191006-7,KCCX20191006_122729_V06,13,6.416,1.200,11917,0,12.545,3112,0,2.240
KCCX20191006-7,KCCX20191006_123128_V06,0,0.483,1.200,14998,0,5.049,2340,0,2.190
KCCX20191006-7,KCCX20191006_123128_V06,2,0.879,1.200,14998,0,1.314,2695,0,0.915
KCCX20191006-7,KCCX20191006_123128_V06,4,1.318,1.200,15002,0,1.381,2809,0,1.034
KCCX20191006-7,KCCX20191006_123128_V06,8,1.802,1.200,7505,0,0.699,1092,0,0.447
KCCX20191006-7,KCCX20191006_123128_V06,9,2.417,1.200,7510,0,1.104,1466,0,0.494
KCCX20191006-7,KCCX20191006_123128_V06,10,3.120,1.200,7514,0,1.396,1559,0,0.607
KCCX20191006-7,KCCX20191006_123128_V06,11,3.999,1.200,7522,0,1.492,1624,0,0.651
KCCX20191006-7,KCCX20191006_123128_V06,12,5.098,1.200,7545,0,1.445,1853,0,0.618
KCCX20191006-7,KCCX20191006_123128_V06,13,6.416,1.200,7581,0,1.584,1993,0,0.660
KCCX20191006-9,KCCX20191006_123931_V06,0,0.483,1.200,12180,0,12.537,1807,0,6.892
KCCX20191006-9,KCCX20191006_123931_V06,2,0.879,1.200,12179,0,1.945,2116,0,1.692
KCCX20191006-9,KCCX20191006_123931_V06,4,1.318,1.200,12182,0,1.070,2380,0,0.753
KCCX20191006-9,KCCX20191006_123931_V06,8,1.802,1.200,6097,0,0.503,936,0,0.338
KCCX20191006-9,KCCX20191006_123931_V06,9,2.417,1.200,6099,0,0.708,1153,0,0.346
KCCX20191006-9,KCCX20191006_123931_V06,10,3.120,1.200,6106,0,0.958,1387,0,0.409
KCCX20191006-9,KCCX20191006_123931_V06,11,3.999,1.200,6115,0,1.040,1487,0,0.472
KCCX20191006-9,KCCX20191006_123931_V06,12,5.098,1.200,6125,0,1.328,1716,0,0.525
KCCX20191006-9,KCCX20191006_123931_V06,13,6.416,1.200,6142,0,1.304,1927,0,0.494
KCCX20191006-9,KCCX20191006_124329_V06,0,0.483,1.200,22288,0,8.114,3101,0,1.976
KCCX20191006-9,KCCX20191006_124329_V06,2,0.879,1.200,22292,0,2.482,3633,0,1.587
KCCX20191006-9,KCCX20191006_124329_V06,4,1.318,1.200,22297,0,3.265,4121,0,1.994
KCCX20191006-9,KCCX20191006_124329_V06,8,1.802,1.200,11155,0,1.745,1226,0,0.848
KCCX20191006-9,KCCX20191006_124329_V06,9,2.417,1.200,11158,0,2.722,1609,0,1.023
KCCX20191006-9,KCCX20191006_124329_V06,10,3.120,1.200,11163,0,3.539,2029,0,1.363
KCCX20191006-9,KCCX20191006_124329_V06,11,3.999,1.200,11174,0,4.145,2704,0,1.499
KCCX20191006-9,KCCX20191006_124329_V06,12,5.098,1.200,11192,0,3.432,2865,0,1.361
KCCX20191006-9,KCCX20191006_124329_V06,13,6.416,1.200,11231,0,6.932,3096,0,1.877
KCCX20191006-3,KCCX20191006_101755_V06,0,0.483,1.200,55,0,9013.978,3,0,9006.503
KCCX20191006-3,KCCX20191006_101755_V06,2,0.879,1.200,57,0,72.241,3,0,68.820
KCCX20191006-3,KCCX20191006_101755_V06,4,1.318,1.200,57,0,10.528,6,0,5.289
KCCX20191006-3,KCCX20191006_101755_V06,8,1.802,1.200,28,0,0.042,0,0,0.042
KCCX20191006-3,KCCX20191006_101755_V06,9,2.417,1.200,29,0,0.044,0,0,0.044
KCCX20191006-3,KCCX20191006_101755_V06,10,3.120,1.200,30,0,0.045,0,0,0.045
KCCX20191006-3,KCCX20191006_101755_V06,11,3.999,1.200,28,0,0.042,0,0,0.042
KCCX20191006-5,KCCX20191006_113529_V06,0,0.483,1.200,58,0,10924.087,7,0,8417.548
KCCX20191006-5,KCCX20191006_113529_V06,2,0.879,1.200,57,0,441.333,4,0,336.598
KCCX20191006-5,KCCX20191006_113529_V06,4,1.318,1.200,57,0,51.231,3,0,22.699
KCCX20191006-5,KCCX20191006_113529_V06,8,1.802,1.200,30,0,0.045,0,0,0.045
KCCX20191006-5,KCCX20191006_113529_V06,9,2.417,1.200,29,0,0.044,0,0,0.044
KCCX20191006-5,KCCX20191006_113529_V06,10,3.120,1.200,30,0,0.045,0,0,0.045
KCCX20191006-5,KCCX20191006_113529_V06,11,3.999,1.200,28,0,0.042,0,0,0.042
KCCX20191006-6,KCCX20191006_120740_V06,0,0.483,1.200,14107,0,4.278,2509,0,1.167
KCCX20191006-6,KCCX20191006_120740_V06,2,0.879,1.200,14107,0,1.405,2741,0,1.006
KCCX20191006-6,KCCX20191006_120740_V06,4,1.318,1.200,14112,0,1.510,2887,0,1.089
KCCX20191006-6,KCCX20191006_120740_V06,8,1.802,1.200,7056,0,0.596,1087,0,0.395
KCCX20191006-6,KCCX20191006_120740_V06,9,2.417,1.200,7057,0,0.768,1195,0,0.446
KCCX20191006-6,KCCX20191006_120740_V06,10,3.120,1.200,7064,0,0.957,1344,0,0.510
KCCX20191006-6,KCCX20191006_120740_V06,11,3.999,1.200,7074,0,1.024,1496,0,0.516
KCCX20191006-6,KCCX20191006_120740_V06,12,5.098,1.200,7087,0,1.069,1631,0,0.493
KCCX20191006-6,KCCX20191006_120740_V06,13,6.416,1.200,7109,0,1.476,1696,0,0.525
KCCX20191008-1,KCCX20191008_112723_V06,0,0.483,1.200,264,0,4582.340,14,0,3534.754
KCCX20191008-1,KCCX20191008_112723_V06,2,0.879,1.200,265,0,42.047,2,0,30.967
KCCX20191008-1,KCCX20191008_112723_V06,4,1.318,1.200,264,0,2472.658,153,0,205.857
KCCX20191008-1,KCCX20191008_112723_V06,8,1.802,1.200,132,0,8859.834,119,0,168.440
KCCX20191008-1,KCCX20191008_112723_V06,9,2.417,1.200,131,0,26733.227,123,0,488.436
KCCX20191008-1,KCCX20191008_113122_V06,0,0.483,1.200,876,0,5373.303,35,0,5012.617
KCCX20191008-1,KCCX20191008_113122_V06,2,0.879,1.200,877,0,17.046,0,0,17.046
KCCX20191008-1,KCCX20191008_113122_V06,4,1.318,1.200,872,0,2399.141,177,0,243.736
KCCX20191008-1,KCCX20191008_113122_V06,8,1.802,1.200,441,0,31124.262,365,0,1036.827
KCCX20191008-1,KCCX20191008_113122_V06,9,2.417,1.200,440,0,73344.181,391,0,1178.210
KCCX20191008-1,KCCX20191008_113520_V06,0,0.483,1.200,1101,0,8777.021,69,0,7825.332
KCCX20191008-1,KCCX20191008_113520_V06,2,0.879,1.200,1101,0,10.854,1,0,6.226
KCCX20191008-1,KCCX20191008_113520_V06,4,1.318,1.200,1100,0,3356.860,335,0,490.625
KCCX20191008-1,KCCX20191008_113520_V06,8,1.802,1.200,546,0,38527.748,422,0,903.216
KCCX20191008-1,KCCX20191008_113520_V06,9,2.417,1.200,547,0,84178.635,463,0,1332.409
KCCX20191008-1,KCCX20191008_113919_V06,0,0.483,1.200,1601,0,6429.633,87,0,5609.469
KCCX20191008-1,KCCX20191008_113919_V06,2,0.879,1.200,1600,0,59.173,4,0,27.078
KCCX20191008-1,KCCX20191008_113919_V06,4,1.318,1.200,1601,0,7905.139,581,0,640.895
KCCX20191008-1,KCCX20191008_113919_V06,8,1.802,1.200,798,0,71919.322,559,0,1739.964
KCCX20191008-1,KCCX20191008_113919_V06,9,2.417,1.200,797,0,97799.443,687,0,853.877
KCCX20191008-1,KCCX20191008_114317_V06,0,0.483,1.200,2016,0,12999.424,126,0,11310.065
KCCX20191008-1,KCCX20191008_114317_V06,2,0.879,1.200,2015,0,210.312,14,0,142.536
KCCX20191008-1,KCCX20191008_114317_V06,4,1.318,1.200,2018,0,19189.385,874,0,545.374
KCCX20191008-1,KCCX20191008_114317_V06,8,1.802,1.200,1013,0,104369.419,687,0,2149.660
KCCX20191008-1,KCCX20191008_114317_V06,9,2.417,1.200,1013,0,111339.111,838,0,2394.715
KCCX20191008-2,KCCX20191008_112723_V06,0,0.483,1.200,115,0,4572.316,6,0,4538.768
KCCX20191008-2,KCCX20191008_112723_V06,2,0.879,1.200,114,0,0.139,0,0,0.139
KCCX20191008-2,KCCX20191008_112723_V06,4,1.318,1.200,116,0,0.142,0,0,0.142
KCCX20191008-2,KCCX20191008_112723_V06,8,1.802,1.200,56,0,0.137,0,0,0.137
KCCX20191008-2,KCCX20191008_112723_V06,9,2.417,1.200,58,0,0.142,0,0,0.142
KCCX20191008-2,KCCX20191008_112723_V06,10,3.120,1.200,57,0,0.140,0,0,0.140
KCCX20191008-2,KCCX20191008_113122_V06,0,0.483,1.200,685,0,6059.683,32,0,5882.150
KCCX20191008-2,KCCX20191008_113122_V06,2,0.879,1.200,686,0,5.173,0,0,5.173
KCCX20191008-2,KCCX20191008_113122_V06,4,1.318,1.200,684,0,0.832,0,0,0.832
KCCX20191008-2,KCCX20191008_113122_V06,8,1.802,1.200,341,0,0.830,0,0,0.830
KCCX20191008-2,KCCX20191008_113122_V06,9,2.417,1.200,340,0,0.828,0,0,0.828
KCCX20191008-2,KCCX20191008_113122_V06,10,3.120,1.200,340,0,0.830,0,0,0.830
KCCX20191008-6,KCCX20191008_114715_V06,0,0.483,1.200,1578,0,8584.105,109,0,8159.011
KCCX20191008-6,KCCX20191008_114715_V06,2,0.879,1.200,1577,0,355.674,30,0,309.722
KCCX20191008-6,KCCX20191008_114715_V06,4,1.318,1.200,1577,0,97.562,19,0,25.283
KCCX20191008-6,KCCX20191008_114715_V06,8,1.802,1.200,785,0,1.663,0,0,1.663
KCCX20191008-6,KCCX20191008_114715_V06,9,2.417,1.200,789,0,25.572,2,0,4.524
KCCX20191008-6,KCCX20191008_114715_V06,10,3.120,1.200,792,0,1.682,0,0,1.682
KCCX20191008-6,KCCX20191008_115113_V06,0,0.483,1.200,3134,0,7798.571,292,0,6707.999
KCCX20191008-6,KCCX20191008_115113_V06,2,0.879,1.200,3133,0,490.630,85,0,243.965
KCCX20191008-6,KCCX20191008_115113_V06,4,1.318,1.200,3136,0,87.576,42,0,20.306
KCCX20191008-6,KCCX20191008_115113_V06,8,1.802,1.200,1573,0,20.536,0,0,20.536
KCCX20191008-6,KCCX20191008_115113_V06,9,2.417,1.200,1575,0,20.652,1,0,16.933
KCCX20191008-6,KCCX20191008_115113_V06,10,3.120,1.200,1569,0,3.327,0,0,3.327
KCCX20191009-5,KCCX20191009_111326_V06,0,0.483,1.200,799,0,12777.023,23,0,12026.097
KCCX20191009-5,KCCX20191009_111326_V06,2,0.879,1.200,803,0,482.755,6,0,428.660
KCCX20191009-5,KCCX20191009_111326_V06,4,1.318,1.200,800,0,9.789,1,0,5.574
KCCX20191009-5,KCCX20191009_111326_V06,8,1.802,1.200,391,0,63.124,0,0,63.124
KCCX20191009-5,KCCX20191009_111326_V06,9,2.417,1.200,389,0,177.137,2,0,48.635
KCCX20191009-5,KCCX20191009_111725_V06,0,0.483,1.200,2036,0,22385.704,42,0,20528.807
KCCX20191009-5,KCCX20191009_111725_V06,2,0.879,1.200,2038,0,3423.500,53,0,2742.081
KCCX20191009-5,KCCX20191009_111725_V06,4,1.318,1.200,2035,0,3.401,0,0,3.401
KCCX20191009-5,KCCX20191009_111725_V06,8,1.802,1.200,969,0,120.773,3,0,85.407
KCCX20191009-5,KCCX20191009_111725_V06,9,2.417,1.200,970,0,514.335,14,0,114.351
KCCX20191009-5,KCCX20191009_112124_V06,0,0.483,1.200,3241,0,59310.164,65,0,56504.274
KCCX20191009-5,KCCX20191009_112124_V06,2,0.879,1.200,3246,0,9261.612,52,0,7909.252
KCCX20191009-5,KCCX20191009_112124_V06,4,1.318,1.200,3245,0,5.313,0,0,5.313
KCCX20191009-5,KCCX20191009_112124_V06,8,1.802,1.200,1620,0,116.111,3,0,55.805
KCCX20191009-5,KCCX20191009_112124_V06,9,2.417,1.200,1618,0,2289.119,46,0,168.172
KCCX20191009-5,KCCX20191009_112522_V06,0,0.483,1.200,3999,0,87597.950,123,0,81558.096
KCCX20191009-5,KCCX20191009_112522_V06,2,0.879,1.200,3993,0,16320.331,74,0,14659.049
KCCX20191009-5,KCCX20191009_112522_V06,4,1.318,1.200,3999,0,18.928,4,0,6.348
KCCX20191009-5,KCCX20191009_112522_V06,8,1.802,1.200,2002,0,153.748,6,0,33.782
KCCX20191009-5,KCCX20191009_112522_V06,9,2.417,1.200,2006,0,5992.144,103,0,517.018
KCCX20191009-5,KCCX20191009_112926_V06,0,0.483,1.200,4444,0,85131.744,139,0,78425.425
KCCX20191009-5,KCCX20191009_112926_V06,2,0.879,1.200,4438,0,16193.304,105,0,14752.072
KCCX20191009-5,KCCX20191009_112926_V06,4,1.318,1.200,4447,0,36.953,5,0,11.561
KCCX20191009-5,KCCX20191009_112926_V06,8,1.802,1.200,2229,0,681.271,28,0,156.143
KCCX20191009-5,KCCX20191009_112926_V06,9,2.417,1.200,2235,0,5368.240,102,0,882.381
KCCX20191009-5,KCCX20191009_113330_V06,0,0.483,1.200,5006,0,83444.474,143,0,78479.043
KCCX20191009-5,KCCX20191009_113330_V06,2,0.879,1.200,5007,0,14675.034,112,0,12808.779
KCCX20191009-5,KCCX20191009_113330_V06,4,1.318,1.200,5007,0,113.056,23,0,34.065
KCCX20191009-5,KCCX20191009_113330_V06,8,1.802,1.200,2503,0,1316.837,30,0,268.530
KCCX20191009-5,KCCX20191009_113330_V06,9,2.417,1.200,2503,0,10576.060,172,0,548.792
KCCX20191009-5,KCCX20191009_113735_V06,0,0.483,1.200,7059,0,76149.693,239,0,70002.567
KCCX20191009-5,KCCX20191009_113735_V06,2,0.879,1.200,7057,0,14365.277,181,0,12601.366
KCCX20191009-5,KCCX20191009_113735_V06,4,1.318,1.200,7059,0,368.108,72,0,51.718
KCCX20191009-5,KCCX20191009_113735_V06,8,1.802,1.200,3527,0,2342.479,65,0,289.928
KCCX20191009-5,KCCX20191009_113735_V06,9,2.417,1.200,3532,0,12387.580,237,0,853.667
KCCX20191009-5,KCCX20191009_114141_V06,0,0.483,1.200,8920,0,60952.400,327,0,56612.457
KCCX20191009-5,KCCX20191009_114141_V06,2,0.879,1.200,8927,0,13045.330,224,0,10993.851
KCCX20191009-5,KCCX20191009_114141_V06,4,1.318,1.200,8929,0,674.384,78,0,140.255
KCCX20191009-5,KCCX20191009_114141_V06,8,1.802,1.200,4462,0,2713.397,68,0,437.792
KCCX20191009-5,KCCX20191009_114141_V06,9,2.417,1.200,4465,0,15333.737,282,0,1080.332
KCCX20191009-5,KCCX20191009_114539_V06,0,0.483,1.200,11316,0,61441.657,404,0,55632.382
KCCX20191009-5,KCCX20191009_114539_V06,2,0.879,1.200,11313,0,13045.675,277,0,10630.604
KCCX20191009-5,KCCX20191009_114539_V06,4,1.318,1.200,11318,0,668.737,79,0,163.016
KCCX20191009-5,KCCX20191009_114539_V06,8,1.802,1.200,5662,0,2750.864,67,0,575.947
KCCX20191009-5,KCCX20191009_114539_V06,9,2.417,1.200,5663,0,22460.709,366,0,1108.540
KCCX20191009-5,KCCX20191009_114938_V06,0,0.483,1.200,13999,0,59210.239,456,0,53772.041
KCCX20191009-5,KCCX20191009_114938_V06,2,0.879,1.200,14002,0,12198.753,304,0,10293.574
KCCX20191009-5,KCCX20191009_114938_V06,4,1.318,1.200,13998,0,1118.909,111,0,335.851
KCCX20191009-5,KCCX20191009_114938_V06,8,1.802,1.200,7011,0,6829.823,117,0,1107.923
KCCX20191009-5,KCCX20191009_114938_V06,9,2.417,1.200,7013,0,22029.150,407,0,1824.183
KCCX20191009-5,KCCX20191009_115337_V06,0,0.483,1.200,16550,0,57753.162,513,0,52743.578
KCCX20191009-5,KCCX20191009_115337_V06,2,0.879,1.200,16555,0,11337.575,330,0,9323.311
KCCX20191009-5,KCCX20191009_115337_V06,4,1.318,1.200,16560,0,2085.485,149,0,387.052
KCCX20191009-5,KCCX20191009_115337_V06,8,1.802,1.200,8279,0,9450.518,144,0,878.471
KCCX20191009-5,KCCX20191009_115337_V06,9,2.417,1.200,8284,0,22331.640,386,0,2067.989
KCCX20191009-5,KCCX20191009_115337_V06,10,3.120,1.200,8297,0,15608.608,201,0,578.184
KCCX20191009-5,KCCX20191009_120134_V06,0,0.483,1.200,18890,0,52870.604,589,0,47612.475
KCCX20191009-5,KCCX20191009_120134_V06,2,0.879,1.200,18899,0,12138.422,410,0,9642.024
KCCX20191009-5,KCCX20191009_120134_V06,4,1.318,1.200,18904,0,1953.486,165,0,279.553
KCCX20191009-5,KCCX20191009_120134_V06,8,1.802,1.200,9455,0,5288.043,91,0,1097.850
KCCX20191009-5,KCCX20191009_120134_V06,9,2.417,1.200,9463,0,16246.267,278,0,1678.977
KCCX20191009-5,KCCX20191009_120134_V06,10,3.120,1.200,9468,0,17006.526,190,0,622.059
KCCX20191009-5,KCCX20191009_120532_V06,0,0.483,1.200,21312,0,55623.898,675,0,49209.644
KCCX20191009-5,KCCX20191009_120532_V06,2,0.879,1.200,21314,0,13394.711,495,0,10235.865
KCCX20191009-5,KCCX20191009_120532_V06,4,1.318,1.200,21310,0,3367.639,194,0,432.658
KCCX20191009-5,KCCX20191009_120532_V06,8,1.802,1.200,10668,0,9615.475,99,0,1144.571
KCCX20191009-5,KCCX20191009_120532_V06,9,2.417,1.200,10672,0,18755.593,310,0,1677.336
KCCX20191009-5,KCCX20191009_120532_V06,10,3.120,1.200,10677,0,9798.680,130,0,1091.165
KCCX20191009-5,KCCX20191009_120930_V06,0,0.483,1.200,20830,0,50494.606,734,0,43283.577
KCCX20191009-5,KCCX20191009_120930_V06,2,0.879,1.200,20827,0,12481.344,453,0,9659.827
KCCX20191009-5,KCCX20191009_120930_V06,4,1.318,1.200,20829,0,1566.353,125,0,410.668
KCCX20191009-5,KCCX20191009_120930_V06,8,1.802,1.200,10416,0,4255.126,52,0,946.685
KCCX20191009-5,KCCX20191009_120930_V06,9,2.417,1.200,10426,0,12306.639,224,0,1344.224
KCCX20191009-5,KCCX20191009_120930_V06,10,3.120,1.200,10433,0,6998.575,149,0,527.444
KCCX20191009-5,KCCX20191009_121328_V06,0,0.483,1.200,22899,0,46155.785,663,0,40183.773
KCCX20191009-5,KCCX20191009_121328_V06,2,0.879,1.200,22907,0,10939.502,512,0,8436.020
KCCX20191009-5,KCCX20191009_121328_V06,4,1.318,1.200,22904,0,1127.308,116,0,185.171
KCCX20191009-5,KCCX20191009_121328_V06,8,1.802,1.200,11451,0,2652.606,53,0,954.739
KCCX20191009-5,KCCX20191009_121328_V06,9,2.417,1.200,11459,0,9022.143,200,0,1952.509
KCCX20191009-5,KCCX20191009_121328_V06,10,3.120,1.200,11472,0,15456.771,159,0,338.312
KCCX20191009-5,KCCX20191009_121726_V06,0,0.483,1.200,21826,0,39317.865,788,0,33672.896
KCCX20191009-5,KCCX20191009_121726_V06,2,0.879,1.200,21835,0,8594.896,456,0,6474.883
KCCX20191009-5,KCCX20191009_121726_V06,4,1.318,1.200,21842,0,221.893,89,0,102.549
KCCX20191009-5,KCCX20191009_121726_V06,8,1.802,1.200,10920,0,1449.356,22,0,576.042
KCCX20191009-5,KCCX20191009_121726_V06,9,2.417,1.200,10932,0,6349.251,174,0,1012.693
KCCX20191009-5,KCCX20191009_121726_V06,10,3.120,1.200,10942,0,6350.731,131,0,691.854
KCCX20191009-7,KCCX20191009_111725_V06,0,0.483,1.200,67,0,16428.671,0,0,16428.671
KCCX20191009-7,KCCX20191009_111725_V06,2,0.879,1.200,67,0,290.519,5,0,265.901
KCCX20191009-7,KCCX20191009_111725_V06,4,1.318,1.200,67,0,31.510,1,0,24.954
KCCX20191009-7,KCCX20191009_111725_V06,8,1.802,1.200,35,0,0.053,0,0,0.053
KCCX20191009-7,KCCX20191009_111725_V06,9,2.417,1.200,35,0,4.366,0,0,4.366
KCCX20191009-7,KCCX20191009_111725_V06,10,3.120,1.200,35,0,0.053,0,0,0.053
KCCX20191009-7,KCCX20191009_111725_V06,11,3.999,1.200,33,0,0.050,0,0,0.050
KCCX20191009-7,KCCX20191009_112124_V06,0,0.483,1.200,639,0,12978.755,19,0,12702.266
KCCX20191009-7,KCCX20191009_112124_V06,2,0.879,1.200,640,0,215.512,14,0,195.392
KCCX20191009-7,KCCX20191009_112124_V06,4,1.318,1.200,640,0,142.931,20,0,101.781
KCCX20191009-7,KCCX20191009_112124_V06,8,1.802,1.200,320,0,4.014,0,0,4.014
KCCX20191009-7,KCCX20191009_112124_V06,9,2.417,1.200,318,0,12.803,0,0,12.803
KCCX20191009-7,KCCX20191009_112124_V06,10,3.120,1.200,318,0,0.477,0,0,0.477
KCCX20191009-7,KCCX20191009_112124_V06,11,3.999,1.200,323,0,0.487,0,0,0.487
KCCX20191009-8,KCCX20191009_112522_V06,0,0.483,1.200,700,0,5785.660,24,0,5323.888
KCCX20191009-8,KCCX20191009_112522_V06,2,0.879,1.200,700,0,999.043,15,0,903.293
KCCX20191009-8,KCCX20191009_112522_V06,4,1.318,1.200,699,0,0.878,0,0,0.878
KCCX20191009-8,KCCX20191009_112522_V06,8,1.802,1.200,348,0,0.875,0,0,0.875
KCCX20191009-8,KCCX20191009_112522_V06,9,2.417,1.200,352,0,0.886,0,0,0.886
KCCX20191009-8,KCCX20191009_112522_V06,10,3.120,1.200,352,0,21.916,1,0,15.337
KCCX20191009-8,KCCX20191009_112926_V06,0,0.483,1.200,1853,0,4767.935,44,0,4233.021
KCCX20191009-8,KCCX20191009_112926_V06,2,0.879,1.200,1846,0,783.458,18,0,697.773
KCCX20191009-8,KCCX20191009_112926_V06,4,1.318,1.200,1853,0,21.105,1,0,18.858
KCCX20191009-8,KCCX20191009_112926_V06,8,1.802,1.200,930,0,2.334,0,0,2.334
KCCX20191009-8,KCCX20191009_112926_V06,9,2.417,1.200,926,0,2.328,0,0,2.328
KCCX20191009-8,KCCX20191009_112926_V06,10,3.120,1.200,928,0,210.919,6,0,142.046
KCCX20191009-8,KCCX20191009_113330_V06,0,0.483,1.200,1087,0,3517.696,65,0,2664.856
KCCX20191009-8,KCCX20191009_113330_V06,2,0.879,1.200,1088,0,439.040,17,0,372.498
KCCX20191009-8,KCCX20191009_113330_V06,4,1.318,1.200,1089,0,1.363,0,0,1.363
KCCX20191009-8,KCCX20191009_113330_V06,8,1.802,1.200,542,0,1.358,0,0,1.358
KCCX20191009-8,KCCX20191009_113330_V06,9,2.417,1.200,545,0,1.366,0,0,1.366
KCCX20191009-8,KCCX20191009_113330_V06,10,3.120,1.200,546,0,36.328,0,0,36.328
KCCX20191009-3,KCCX20191009_110928_V06,0,0.483,1.200,76,0,20573.626,1,0,18940.618
KCCX20191009-3,KCCX20191009_110928_V06,2,0.879,1.200,78,0,549.039,0,0,549.039
KCCX20191009-3,KCCX20191009_110928_V06,4,1.318,1.200,78,0,42.248,8,0,15.749
KCCX20191009-3,KCCX20191009_110928_V06,8,1.802,1.200,38,0,0.057,0,0,0.057
KCCX20191009-3,KCCX20191009_110928_V06,9,2.417,1.200,36,0,0.054,0,0,0.054
KCCX20191009-3,KCCX20191009_110928_V06,10,3.120,1.200,37,0,0.056,0,0,0.056
KCCX20191009-3,KCCX20191009_110928_V06,11,3.999,1.200,38,0,0.057,0,0,0.057
KCCX20191009-4,KCCX20191009_111326_V06,0,0.483,1.200,432,0,2565.601,18,0,2485.250
KCCX20191009-4,KCCX20191009_111326_V06,2,0.879,1.200,427,0,19.765,0,0,19.765
KCCX20191009-4,KCCX20191009_111326_V06,4,1.318,1.200,428,0,0.498,0,0,0.498
KCCX20191009-4,KCCX20191009_111326_V06,8,1.802,1.200,213,0,0.496,0,0,0.496
KCCX20191009-4,KCCX20191009_111326_V06,9,2.417,1.200,211,0,0.492,0,0,0.492
KCCX20191009-4,KCCX20191009_111326_V06,10,3.120,1.200,215,0,0.502,0,0,0.502
KCCX20191010-2,KCCX20191010_113357_V06,0,0.483,1.200,3943,0,7381.545,30,0,7370.780
KCCX20191010-2,KCCX20191010_113357_V06,2,1.494,1.200,3940,0,10.782,2,0,10.061
KCCX20191010-2,KCCX20191010_113357_V06,4,2.505,1.200,3952,0,6.894,0,0,6.894
KCCX20191010-2,KCCX20191010_114342_V06,0,0.483,1.200,12726,0,10464.380,199,0,10330.647
KCCX20191010-2,KCCX20191010_114342_V06,2,1.494,1.200,12739,0,39.203,55,0,32.496
KCCX20191010-2,KCCX20191010_114342_V06,4,2.505,1.200,12750,0,20.545,0,0,20.545
KCCX20191011-1,KCCX20191011_112630_V06,0,0.483,1.200,606,0,5555.313,28,0,5497.587
KCCX20191011-1,KCCX20191011_112630_V06,2,1.494,1.200,610,0,36.768,36,0,18.198
KCCX20191011-1,KCCX20191011_112630_V06,4,2.505,1.200,607,0,43.061,30,0,29.078
KCCX20191011-3,KCCX20191011_112630_V06,0,0.483,1.200,274,0,361.357,37,0,315.680
KCCX20191011-3,KCCX20191011_112630_V06,2,1.494,1.200,274,0,11.231,20,0,2.764
KCCX20191011-3,KCCX20191011_112630_V06,4,2.505,1.200,274,0,3.204,4,0,1.696
KCCX20191013-1,KCCX20191013_102140_V06,0,0.483,1.200,335,2,443377.046,2,2,443375.464
KCCX20191013-1,KCCX20191013_102140_V06,2,1.494,1.200,333,0,93.929,14,0,76.542
KCCX20191013-3,KCCX20191013_111015_V06,0,0.483,1.200,766,0,1910.842,12,0,1890.442
KCCX20191013-3,KCCX20191013_111015_V06,2,1.494,1.200,766,0,2.575,0,0,2.575
KCCX20191013-4,KCCX20191013_111015_V06,0,0.483,1.200,474,0,207.992,5,0,207.024
KCCX20191013-4,KCCX20191013_111015_V06,2,1.494,1.200,472,0,0.334,0,0,0.334
KCCX20191013-4,KCCX20191013_111015_V06,4,2.505,1.200,474,0,0.336,0,0,0.336
KCCX20191013-4,KCCX20191013_111015_V06,6,3.516,1.200,238,0,0.338,0,0,0.338
KCCX20191013-4,KCCX20191013_111015_V06,7,4.482,1.200,238,0,0.339,0,0,0.339
KCCX20191013-8,KCCX20191013_112941_V06,0,0.483,1.200,3430,20,359862.580,53,20,359780.949
KCCX20191013-8,KCCX20191013_112941_V06,2,1.494,1.200,3437,0,137.585,74,0,108.487
KCCX20191013-8,KCCX20191013_112941_V06,4,2.505,1.200,3437,0,297.126,103,0,273.025
KCCX20191013-8,KCCX20191013_112941_V06,6,3.516,1.200,1721,0,75.369,41,0,41.544
KCCX20191015-1,KCCX20191015_112335_V06,0,0.483,1.200,452,0,112048.953,1,0,112048.813
KCCX20191015-1,KCCX20191015_112335_V06,2,1.494,1.200,453,0,53.621,24,0,46.678
KCCX20191015-1,KCCX20191015_112335_V06,4,2.505,1.200,453,0,75.797,38,0,43.699
KCCX20191016-11,KCCX20191016_120509_V06,0,0.483,1.200,2592,5,8909960.742,1984,0,1956582.873
KCCX20191016-11,KCCX20191016_120509_V06,2,0.879,1.200,2602,0,701492.528,1408,0,123490.493
KCCX20191016-11,KCCX20191016_120907_V06,0,0.483,1.200,3489,0,12117411.571,2648,0,2802591.398
KCCX20191016-11,KCCX20191016_120907_V06,2,0.879,1.200,3491,0,952071.160,2008,0,122446.061
KCCX20191016-1,KCCX20191016_102650_V06,0,0.483,1.200,68,0,5233.390,3,0,5199.120
KCCX20191016-1,KCCX20191016_102650_V06,2,0.879,1.200,68,0,38.886,0,0,38.886
KCCX20191016-1,KCCX20191016_102650_V06,4,1.318,1.200,68,0,16.511,5,0,5.845
KCCX20191016-1,KCCX20191016_102650_V06,8,1.802,1.200,33,0,0.050,0,0,0.050
KCCX20191016-1,KCCX20191016_102650_V06,9,2.417,1.200,32,0,4.145,0,0,4.145
KCCX20191016-1,KCCX20191016_102650_V06,10,3.120,1.200,33,0,0.050,0,0,0.050
KCCX20191016-1,KCCX20191016_102650_V06,11,3.999,1.200,35,0,0.053,0,0,0.053
KCCX20191016-3,KCCX20191016_110240_V06,0,0.483,1.200,54,0,16175.555,2,0,16174.535
KCCX20191016-3,KCCX20191016_110240_V06,2,0.879,1.200,52,0,344.784,3,0,286.171
KCCX20191016-3,KCCX20191016_110240_V06,4,1.318,1.200,53,0,16.148,3,0,10.556
KCCX20191016-3,KCCX20191016_110240_V06,8,1.802,1.200,26,0,0.039,0,0,0.039
KCCX20191016-3,KCCX20191016_110240_V06,9,2.417,1.200,26,0,3.098,0,0,3.098
KCCX20191016-3,KCCX20191016_110240_V06,10,3.120,1.200,27,0,0.041,0,0,0.041
KCCX20191016-3,KCCX20191016_110240_V06,11,3.999,1.200,28,0,0.042,0,0,0.042
KCCX20191016-10,KCCX20191016_114327_V06,0,0.483,1.200,65,0,17221.773,20,0,10613.654
KCCX20191016-10,KCCX20191016_114327_V06,2,0.879,1.200,65,0,173.256,2,0,102.364
KCCX20191016-10,KCCX20191016_114327_V06,4,1.318,1.200,66,0,49.961,8,0,21.903
KCCX20191016-10,KCCX20191016_114327_V06,6,1.802,1.200,32,0,2.409,0,0,2.409
KCCX20191016-10,KCCX20191016_114327_V06,9,2.417,1.200,32,0,5.943,0,0,5.943
KCCX20191016-10,KCCX20191016_114327_V06,10,3.120,1.200,32,0,10.553,3,0,0.043
KCCX20191016-10,KCCX20191016_114327_V06,11,3.999,1.200,31,0,60.193,17,0,9.357
KCCX20191016-12,KCCX20191016_120509_V06,0,0.483,1.200,13672,0,24.231,2486,0,17.370
KCCX20191016-12,KCCX20191016_120509_V06,2,0.879,1.200,13673,0,5.052,2996,0,1.165
KCCX20191016-12,KCCX20191016_120509_V06,4,1.318,1.200,13677,0,3.136,3666,0,1.117
KCCX20191016-12,KCCX20191016_120509_V06,8,1.802,1.200,6841,0,4.061,1631,0,1.220
KCCX20191016-12,KCCX20191016_120509_V06,9,2.417,1.200,6846,0,5.010,2203,0,0.733
KCCX20191016-12,KCCX20191016_120509_V06,10,3.120,1.200,6855,0,3.928,2236,0,0.578
KCCX20191016-12,KCCX20191016_120509_V06,11,3.999,1.200,6864,0,2.765,1919,0,0.593
KCCX20191016-12,KCCX20191016_120509_V06,12,5.098,1.200,6879,0,2.811,1846,0,0.504
KCCX20191016-12,KCCX20191016_120509_V06,13,6.416,1.200,6896,0,1.287,1223,0,0.396
KCCX20191017-7,KCCX20191017_111406_V06,0,0.483,1.200,2759,0,182605.868,678,0,3038.210
KCCX20191017-7,KCCX20191017_111406_V06,2,0.879,1.200,2757,0,36991.012,351,0,1244.775
KCCX20191017-7,KCCX20191017_111406_V06,4,1.318,1.200,2784,0,360.201,17,0,23.642
KCCX20191017-7,KCCX20191017_111824_V06,0,0.483,1.200,4025,0,122851.974,666,0,3375.759
KCCX20191017-7,KCCX20191017_111824_V06,2,0.879,1.200,4028,0,23469.460,310,0,612.285
KCCX20191017-7,KCCX20191017_111824_V06,4,1.318,1.200,4035,0,258.982,14,0,79.416
KCCX20191017-7,KCCX20191017_112235_V06,0,0.483,1.200,4522,0,75546.590,656,0,3102.948
KCCX20191017-7,KCCX20191017_112235_V06,2,0.879,1.200,4495,0,12105.203,279,0,803.211
KCCX20191017-7,KCCX20191017_112235_V06,4,1.318,1.200,4522,0,274.386,19,0,56.204
KCCX20191017-12,KCCX20191017_120644_V06,0,0.483,1.200,12028,0,250761.790,4068,0,82434.305
KCCX20191017-12,KCCX20191017_120644_V06,2,0.879,1.200,12037,0,80124.045,5035,0,20077.883
KCCX20191017-12,KCCX20191017_120644_V06,4,1.318,1.200,12044,0,23884.149,5828,0,2590.340
KCCX20191017-12,KCCX20191017_120644_V06,8,1.802,1.200,6021,0,7075.262,1773,0,707.082
KCCX20191017-12,KCCX20191017_120644_V06,9,2.417,1.200,6025,0,2921.197,849,0,205.004
KCCX20191017-12,KCCX20191017_120644_V06,10,3.120,1.200,6031,0,951.051,307,0,85.968
KCCX20191017-12,KCCX20191017_120644_V06,11,3.999,1.200,6035,0,73.229,81,0,36.750
KCCX20191017-12,KCCX20191017_120644_V06,12,5.098,1.200,6051,0,28.095,41,0,21.668
KCCX20191017-12,KCCX20191017_120644_V06,13,6.416,1.200,6060,0,19.170,4,0,18.814
KCCX20191017-12,KCCX20191017_121111_V06,0,0.483,1.200,18296,0,322885.538,6915,0,137088.270
KCCX20191017-12,KCCX20191017_121111_V06,2,0.879,1.200,18297,0,71766.414,7665,0,23245.778
KCCX20191017-12,KCCX20191017_121111_V06,4,1.318,1.200,18302,0,19701.098,7540,0,2741.112
KCCX20191017-12,KCCX20191017_121111_V06,8,1.802,1.200,9159,0,4017.166,2215,0,502.970
KCCX20191017-12,KCCX20191017_121111_V06,9,2.417,1.200,9160,0,930.695,893,0,157.997
KCCX20191017-12,KCCX20191017_121111_V06,10,3.120,1.200,9167,0,80.518,212,0,48.144
KCCX20191017-12,KCCX20191017_121111_V06,11,3.999,1.200,9174,0,27.990,52,0,24.385
KCCX20191017-12,KCCX20191017_121111_V06,12,5.098,1.200,9191,0,22.300,23,0,18.408
KCCX20191017-12,KCCX20191017_121111_V06,13,6.416,1.200,9218,0,25.653,38,0,24.355
KCCX20191017-11,KCCX20191017_114356_V06,0,0.483,1.200,2050,0,614269.321,1146,0,9749.596
KCCX20191017-11,KCCX20191017_114356_V06,2,0.879,1.200,2049,0,59239.031,365,0,4286.917
KCCX20191017-13,KCCX20191017_121111_V06,0,0.483,1.200,15053,0,325401.377,5569,0,178182.836
KCCX20191017-13,KCCX20191017_121111_V06,2,0.879,1.200,15053,0,152384.764,6315,0,70578.090
KCCX20191017-13,KCCX20191017_121111_V06,4,1.318,1.200,15054,0,40420.969,9552,0,6317.794
KCCX20191017-13,KCCX20191017_121111_V06,8,1.802,1.200,7529,0,13813.699,5488,0,441.806
KCCX20191017-13,KCCX20191017_121111_V06,9,2.417,1.200,7535,0,5987.856,4374,0,213.548
KCCX20191017-13,KCCX20191017_121111_V06,10,3.120,1.200,7540,0,1530.135,2341,0,97.177
KCCX20191017-13,KCCX20191017_121111_V06,11,3.999,1.200,7543,0,291.487,1699,0,45.504
KCCX20191017-13,KCCX20191017_121111_V06,12,5.098,1.200,7558,0,75.898,1015,0,8.477
KCCX20191017-13,KCCX20191017_121111_V06,13,6.416,1.200,7579,0,38.838,794,0,5.400
KCCX20191017-14,KCCX20191017_121608_V06,0,0.483,1.200,8011,0,580202.619,3362,0,1911.312
KCCX20191017-15,KCCX20191017_121608_V06,0,0.483,1.200,514,0,91.620,88,0,56.485
KCCX20191017-15,KCCX20191017_121608_V06,2,1.494,1.200,515,0,127.888,114,0,7.675
KCCX20191017-15,KCCX20191017_121608_V06,4,2.505,1.200,518,0,0.856,0,0,0.856
KCCX20191017-16,KCCX20191017_122548_V06,0,0.483,1.200,3595,0,65522.943,417,0,40319.199
KCCX20191017-16,KCCX20191017_122548_V06,2,1.494,1.200,3594,0,10064.098,2620,0,1609.621
KCCX20191017-16,KCCX20191017_122548_V06,4,2.505,1.200,3599,0,2129.095,3014,0,48.262
KCCX20191017-16,KCCX20191017_122548_V06,6,3.516,1.200,1800,0,160.074,960,0,33.550
KCCX20191017-16,KCCX20191017_122548_V06,7,4.482,1.200,1805,0,35.923,842,0,9.062
KCCX20191017-18,KCCX20191017_122548_V06,0,0.483,1.200,20860,30,776777.321,5509,26,614191.346
KCCX20191017-18,KCCX20191017_122548_V06,2,1.494,1.200,20870,0,48056.432,14963,0,5711.614
KCCX20191017-18,KCCX20191017_122548_V06,4,2.505,1.200,20888,0,7647.289,17001,0,553.526
KCCX20191017-18,KCCX20191017_122548_V06,6,3.516,1.200,10457,0,1033.921,6965,0,176.271
KCCX20191017-18,KCCX20191017_122548_V06,7,4.482,1.200,10466,0,821.909,4936,0,39.972
KCCX20191020-21,KCCX20191020_114529_V06,0,0.483,1.200,7184,0,21923.336,299,0,2157.364
KCCX20191020-21,KCCX20191020_114529_V06,2,0.879,1.200,7197,0,271477.652,1423,0,2930.151
KCCX20191020-21,KCCX20191020_114529_V06,4,1.318,1.200,7188,0,711354.302,2384,0,7533.938
KCCX20191020-21,KCCX20191020_115106_V06,0,0.483,1.200,10935,0,84222.928,775,0,3689.609
KCCX20191020-21,KCCX20191020_115106_V06,2,0.879,1.200,10951,0,600180.449,2384,0,8852.516
KCCX20191020-21,KCCX20191020_115106_V06,4,1.318,1.200,10948,0,1080215.904,3534,0,11283.290
KCCX20191020-21,KCCX20191020_120220_V06,0,0.483,1.200,13753,0,53540.192,607,0,2034.545
KCCX20191020-21,KCCX20191020_120220_V06,2,0.879,1.200,13762,0,447574.857,2310,0,6438.443
KCCX20191020-21,KCCX20191020_120220_V06,4,1.318,1.200,13771,0,949852.681,3860,0,8712.043
KCCX20191020-5,KCCX20191020_103554_V06,0,0.483,1.200,56589,0,325852.661,17690,0,54888.722
KCCX20191020-5,KCCX20191020_103554_V06,2,0.879,1.200,56606,0,393849.997,21944,0,18621.762
KCCX20191020-5,KCCX20191020_103554_V06,4,1.318,1.200,56591,0,671032.674,26682,0,14391.960
KCCX20191020-5,KCCX20191020_103554_V06,6,1.802,1.200,28326,0,777010.544,12615,0,20371.110
KCCX20191020-5,KCCX20191020_103554_V06,7,2.417,1.200,28334,0,644724.264,11722,0,16527.071
KCCX20191020-5,KCCX20191020_103554_V06,8,3.120,1.200,28358,0,755275.033,11491,0,31554.110
KCCX20191020-5,KCCX20191020_103554_V06,11,3.999,1.200,28398,6,1088494.108,11862,0,21657.085
KCCX20191020-5,KCCX20191020_104101_V06,0,0.483,1.200,47081,0,205279.480,14501,0,43077.745
KCCX20191020-5,KCCX20191020_104101_V06,2,0.879,1.200,47088,0,282626.281,19298,0,13018.286
KCCX20191020-5,KCCX20191020_104101_V06,4,1.318,1.200,47089,0,467112.507,22975,0,14867.933
KCCX20191020-5,KCCX20191020_104101_V06,6,1.802,1.200,23562,0,582847.857,10945,0,14342.478
KCCX20191020-5,KCCX20191020_104101_V06,7,2.417,1.200,23581,0,436699.472,10252,0,12098.024
KCCX20191020-5,KCCX20191020_104101_V06,8,3.120,1.200,23587,0,557079.841,9899,0,26424.823
KCCX20191020-5,KCCX20191020_104101_V06,11,3.999,1.200,23611,3,889183.155,10280,0,36516.092
KCCX20191020-18,KCCX20191020_110641_V06,0,0.483,1.200,6073,0,6125416.901,4247,0,707637.284
KCCX20191020-18,KCCX20191020_110641_V06,2,0.879,1.200,6072,0,2051444.035,4050,0,103155.483
KCCX20191021-1,KCCX20191021_103207_V06,0,0.483,1.200,253,39,307941.445,9,37,306341.420
KCCX20191021-1,KCCX20191021_103207_V06,2,1.494,1.200,251,0,1281.803,11,0,1264.205
KCCX20191021-1,KCCX20191021_103207_V06,4,2.505,1.200,252,0,217.724,0,0,217.724
KCCX20191021-1,KCCX20191021_103207_V06,6,3.516,1.200,124,0,47.765,4,0,12.901
KCCX20191021-2,KCCX20191021_112410_V06,0,0.483,1.200,261,6,80094.321,17,6,79953.375
KCCX20191021-2,KCCX20191021_112410_V06,2,0.879,1.200,264,0,11515.444,19,0,10843.244
KCCX20191021-2,KCCX20191021_112410_V06,4,1.318,1.200,262,0,4054.403,29,0,3665.586
KCCX20191021-2,KCCX20191021_112410_V06,8,1.802,1.200,134,0,7.312,0,0,7.312
KCCX20191021-2,KCCX20191021_112410_V06,9,2.417,1.200,133,0,70.684,3,0,42.780
KCCX20191021-2,KCCX20191021_112410_V06,10,3.120,1.200,132,0,0.251,0,0,0.251
KCCX20191021-5,KCCX20191021_120747_V06,0,0.483,1.200,96,5,27387.291,9,5,19621.123
KCCX20191021-5,KCCX20191021_120747_V06,2,0.879,1.200,95,0,6013.948,9,0,2756.223
KCCX20191021-5,KCCX20191021_120747_V06,4,1.318,1.200,97,0,1221.365,10,0,893.446
KCCX20191021-5,KCCX20191021_120747_V06,6,1.802,1.200,48,0,5.937,0,0,5.937
KCCX20191021-5,KCCX20191021_120747_V06,7,2.417,1.200,48,0,179.960,2,0,0.085
KCCX20191021-5,KCCX20191021_120747_V06,8,3.120,1.200,49,0,0.091,0,0,0.091
KCCX20191021-5,KCCX20191021_120747_V06,11,3.999,1.200,49,0,0.091,0,0,0.091
KCCX20191021-8,KCCX20191021_122648_V06,0,0.483,1.200,51,4,16546.083,4,0,16546.083
KCCX20191021-8,KCCX20191021_122648_V06,2,0.879,1.200,49,0,4906.758,4,0,4466.399
KCCX20191021-8,KCCX20191021_122648_V06,4,1.318,1.200,50,0,502.688,8,0,465.030
KCCX20191021-8,KCCX20191021_122648_V06,6,1.802,1.200,25,0,0.045,0,0,0.045
KCCX20191021-8,KCCX20191021_122648_V06,7,2.417,1.200,25,0,0.046,0,0,0.046
KCCX20191021-8,KCCX20191021_122648_V06,8,3.120,1.200,24,0,0.044,0,0,0.044
KCCX20191021-8,KCCX20191021_122648_V06,11,3.999,1.200,25,0,8.904,2,0,0.042
KCCX20191021-9,KCCX20191021_123059_V06,0,0.483,1.200,536,32,35094.359,26,29,33271.438
KCCX20191021-9,KCCX20191021_123059_V06,2,0.879,1.200,534,4,22408.111,35,1,11234.772
KCCX20191021-9,KCCX20191021_123059_V06,4,1.318,1.200,534,0,1053.441,49,0,1044.404
KCCX20191021-9,KCCX20191021_123059_V06,8,1.802,1.200,265,0,4.166,2,0,3.841
KCCX20191021-9,KCCX20191021_123059_V06,9,2.417,1.200,267,0,2.928,8,0,1.861
KCCX20191021-9,KCCX20191021_123059_V06,10,3.120,1.200,268,0,5.820,3,0,5.177
KCCX20191021-9,KCCX20191021_123059_V06,11,3.999,1.200,268,0,0.840,0,0,0.840
KCCX20191021-9,KCCX20191021_123059_V06,12,5.098,1.200,266,0,0.330,0,0,0.330
KCCX20191021-9,KCCX20191021_123059_V06,13,6.416,1.200,268,0,1.805,0,0,1.805
KCCX20191022-3,KCCX20191022_104723_V06,0,0.483,1.200,64,0,22985.663,6,0,22883.506
KCCX20191022-3,KCCX20191022_104723_V06,2,0.879,1.200,64,0,165.952,2,0,162.149
KCCX20191022-3,KCCX20191022_104723_V06,4,1.318,1.200,64,0,64.397,10,0,33.253
KCCX20191022-3,KCCX20191022_104723_V06,8,1.802,1.200,33,0,0.050,0,0,0.050
KCCX20191022-3,KCCX20191022_104723_V06,9,2.417,1.200,33,0,0.050,0,0,0.050
KCCX20191022-3,KCCX20191022_104723_V06,10,3.120,1.200,32,0,0.048,0,0,0.048
KCCX20191022-3,KCCX20191022_104723_V06,11,3.999,1.200,32,0,0.048,0,0,0.048
KCCX20191022-6,KCCX20191022_112000_V06,0,0.483,1.200,75,0,6273.151,8,0,6257.078
KCCX20191022-6,KCCX20191022_112000_V06,2,0.879,1.200,74,0,257.968,5,0,226.479
KCCX20191022-6,KCCX20191022_112000_V06,4,1.318,1.200,76,0,9.672,4,0,3.615
KCCX20191022-6,KCCX20191022_112000_V06,8,1.802,1.200,37,0,5.680,0,0,5.680
KCCX20191022-6,KCCX20191022_112000_V06,9,2.417,1.200,37,0,0.056,0,0,0.056
KCCX20191022-6,KCCX20191022_112000_V06,10,3.120,1.200,36,0,0.054,0,0,0.054
KCCX20191022-6,KCCX20191022_112000_V06,11,3.999,1.200,38,0,0.057,0,0,0.057
KCCX20191022-9,KCCX20191022_121710_V06,0,0.483,1.200,70,0,14566.233,4,0,14563.455
KCCX20191022-9,KCCX20191022_121710_V06,2,0.879,1.200,70,0,100.198,2,0,98.448
KCCX20191022-9,KCCX20191022_121710_V06,4,1.318,1.200,69,0,24.617,9,0,5.311
KCCX20191022-9,KCCX20191022_121710_V06,8,1.802,1.200,36,0,7.281,1,0,3.960
KCCX20191022-9,KCCX20191022_121710_V06,9,2.417,1.200,36,0,8.919,1,0,6.806
KCCX20191022-9,KCCX20191022_121710_V06,10,3.120,1.200,36,0,0.054,0,0,0.054
KCCX20191022-9,KCCX20191022_121710_V06,11,3.999,1.200,35,0,0.053,0,0,0.053
KCCX20191024-1,KCCX20191024_113424_V06,0,0.483,1.200,1322,0,24.041,30,0,20.523
KCCX20191024-1,KCCX20191024_113424_V06,2,1.494,1.200,1322,0,2.992,18,0,2.308
KCCX20191024-1,KCCX20191024_113424_V06,4,2.505,1.200,1323,0,1.999,14,0,1.627
KCCX20191024-1,KCCX20191024_113424_V06,6,3.516,1.200,663,0,1.191,8,0,0.804
KCCX20191024-1,KCCX20191024_113424_V06,7,4.482,1.200,661,0,0.790,0,0,0.790
KCCX20191025-1,KCCX20191025_110317_V06,0,0.483,1.200,87,16,52640.267,0,16,52640.267
KCCX20191025-1,KCCX20191025_110317_V06,2,1.494,1.200,86,0,225.265,0,0,225.265
KCCX20191025-1,KCCX20191025_110317_V06,4,2.505,1.200,85,0,23.583,1,0,23.519
KCCX20191025-1,KCCX20191025_110317_V06,6,3.516,1.200,46,0,3.436,0,0,3.436
KCCX20191025-1,KCCX20191025_110317_V06,7,4.482,1.200,44,0,0.160,0,0,0.160
KCCX20191026-2,KCCX20191026_113956_V06,0,0.483,1.200,6497,0,1033.024,90,0,982.935
KCCX20191026-2,KCCX20191026_113956_V06,2,1.494,1.200,6503,0,27.386,16,0,14.099
KCCX20191026-2,KCCX20191026_114935_V06,0,0.483,1.200,12905,0,1317.609,111,0,1244.929
KCCX20191026-2,KCCX20191026_114935_V06,2,1.494,1.200,12906,0,45.707,6,0,41.886
KCCX20191026-1,KCCX20191026_104156_V06,0,0.483,1.200,74,0,16019.136,0,0,16019.136
KCCX20191026-1,KCCX20191026_104156_V06,2,1.494,1.200,75,0,4.179,0,0,4.179
KCCX20191026-1,KCCX20191026_104156_V06,4,2.505,1.200,74,0,0.056,0,0,0.056
KCCX20191026-1,KCCX20191026_104156_V06,6,3.516,1.200,38,0,0.058,0,0,0.058
KCCX20191026-1,KCCX20191026_104156_V06,7,4.482,1.200,37,0,0.056,0,0,0.056
KCCX20191027-3,KCCX20191027_110534_V06,0,0.483,1.200,3149,0,10443.468,431,0,904.454
KCCX20191027-3,KCCX20191027_110534_V06,2,0.879,1.200,3152,0,391.555,29,0,77.035
KCCX20191027-3,KCCX20191027_110534_V06,4,1.318,1.200,3148,0,9.538,0,0,9.538
KCCX20191027-3,KCCX20191027_110534_V06,6,1.802,1.200,1567,0,9.497,0,0,9.497
KCCX20191027-10,KCCX20191027_121620_V06,0,0.483,1.200,5022,0,44937.379,1424,0,1559.198
KCCX20191027-10,KCCX20191027_121620_V06,2,0.879,1.200,5022,0,10830.918,594,0,609.398
KCCX20191027-10,KCCX20191027_121620_V06,4,1.318,1.200,5022,0,799.290,68,0,87.846
KCCX20191027-10,KCCX20191027_121620_V06,6,1.802,1.200,2510,0,10.345,0,0,10.345
KCCX20191027-10,KCCX20191027_121620_V06,7,2.417,1.200,2508,0,479.532,22,0,86.385
KCCX20191027-13,KCCX20191027_121620_V06,0,0.483,1.200,17458,38,36789228.431,7675,0,2841729.228
KCCX20191027-13,KCCX20191027_121620_V06,2,0.879,1.200,17465,134,39970306.599,7634,18,9616715.115
KCCX20191027-13,KCCX20191027_121620_V06,4,1.318,1.200,17466,61,26248569.931,9413,15,7464864.321
KCCX20191027-13,KCCX20191027_121620_V06,6,1.802,1.200,8728,0,4236298.152,3680,0,607009.307
KCCX20191028-1,KCCX20191028_112302_V06,0,0.483,1.200,10345,2,86118.242,729,2,81299.843
KCCX20191028-1,KCCX20191028_112302_V06,2,1.494,1.200,10355,0,262.684,302,0,182.380
KCCX20191028-1,KCCX20191028_112302_V06,4,2.505,1.200,10364,0,145.048,84,0,35.139
KCCX20191028-1,KCCX20191028_112302_V06,6,3.516,1.200,5193,0,32.485,56,0,14.949
KCCX20191028-1,KCCX20191028_112302_V06,7,4.482,1.200,5196,0,22.942,63,0,14.981
KCCX20191029-1,KCCX20191029_114033_V06,0,0.483,1.200,643,0,67.530,4,0,67.219
KCCX20191029-1,KCCX20191029_114033_V06,2,1.494,1.200,646,0,6.428,198,0,1.272
KCCX20191029-1,KCCX20191029_114033_V06,4,2.505,1.200,643,0,12.863,4,0,5.525
KCCX20191029-1,KCCX20191029_114033_V06,6,3.516,1.200,322,0,0.695,0,0,0.695
KCCX20191029-1,KCCX20191029_114033_V06,7,4.482,1.200,324,0,0.436,5,0,0.286
KCCX20191031-5,KCCX20191031_112912_V06,0,0.483,1.200,2559,4,256224.946,1028,2,251645.011
KCCX20191031-5,KCCX20191031_112912_V06,2,1.494,1.200,2560,0,130.226,52,0,36.227
KCCX20191031-5,KCCX20191031_112912_V06,4,2.505,1.200,2558,0,70.134,64,0,57.219
KCCX20191031-6,KCCX20191031_114826_V06,0,0.483,1.200,10609,0,51289.947,628,0,6111.376
KCCX20191031-9,KCCX20191031_114826_V06,0,0.483,1.200,5282,0,821238.199,4491,0,4469.464
KCCX20191031-10,KCCX20191031_114826_V06,0,0.483,1.200,246,0,15.059,48,0,3.120
KCCX20191031-10,KCCX20191031_114826_V06,2,1.494,1.200,246,0,0.316,0,0,0.316
KCCX20191031-10,KCCX20191031_114826_V06,4,2.505,1.200,246,0,0.316,0,0,0.316
KCCX20191101-1,KCCX20191101_110130_V06,0,0.483,1.200,1504,0,220465.235,142,0,220333.121
KCCX20191101-1,KCCX20191101_110130_V06,2,1.494,1.200,1504,0,49.540,16,0,44.867
KCCX20191101-1,KCCX20191101_110130_V06,4,2.505,1.200,1498,0,59.312,46,0,44.773
KCCX20191101-3,KCCX20191101_114010_V06,0,0.483,1.200,653,0,70.651,232,0,27.737
KCCX20191101-3,KCCX20191101_114010_V06,2,1.494,1.200,652,0,0.662,0,0,0.662
KCCX20191101-3,KCCX20191101_114010_V06,4,2.505,1.200,654,0,0.664,0,0,0.664
KCCX20191101-3,KCCX20191101_114010_V06,6,3.516,1.200,349,0,0.710,0,0,0.710
KCCX20191102-1,KCCX20191102_104704_V06,0,0.483,1.200,98,6,40394.936,0,6,40394.936
KCCX20191102-1,KCCX20191102_104704_V06,2,1.494,1.200,100,0,58.929,0,0,58.929
KCCX20191102-1,KCCX20191102_104704_V06,4,2.505,1.200,100,0,1.504,3,0,1.488
KCCX20191102-1,KCCX20191102_104704_V06,6,3.516,1.200,50,0,0.476,2,0,0.460
KCCX20191102-1,KCCX20191102_104704_V06,7,4.482,1.200,50,0,0.068,0,0,0.068
KCCX20191103-4,KCCX20191103_121414_V06,0,0.483,1.200,15219,0,63842.025,5610,0,3095.862
KCCX20191103-4,KCCX20191103_121414_V06,2,1.494,1.200,15241,0,154.964,22,0,70.502
KCCX20191104-1,KCCX20191104_111448_V06,0,0.483,1.200,292,0,104.786,46,0,63.947
KCCX20191104-1,KCCX20191104_111448_V06,2,1.494,1.200,293,0,0.234,0,0,0.234
KCCX20191104-1,KCCX20191104_111448_V06,4,2.505,1.200,293,0,0.330,1,0,0.284
KCCX20191104-1,KCCX20191104_111448_V06,6,3.516,1.200,140,0,0.223,0,0,0.223
KCCX20191106-1,KCCX20191106_123221_V06,0,0.483,1.200,4208,0,25971.444,610,0,21995.100
KCCX20191106-1,KCCX20191106_123221_V06,2,1.494,1.200,4213,0,9.615,215,0,7.566
KCCX20191106-1,KCCX20191106_123221_V06,4,2.505,1.200,4217,0,20.119,70,0,13.896
KCCX20191106-1,KCCX20191106_123221_V06,6,3.516,1.200,2100,0,10.799,66,0,6.864
KCCX20191106-1,KCCX20191106_123221_V06,7,4.482,1.200,2099,0,6.972,80,0,4.727
KCCX20191106-2,KCCX20191106_124200_V06,0,0.483,1.200,4004,0,106.090,303,0,93.297
KCCX20191106-2,KCCX20191106_124200_V06,2,1.494,1.200,4006,0,13.637,193,0,9.084
KCCX20191106-2,KCCX20191106_124200_V06,4,2.505,1.200,4004,0,9.688,141,0,6.218
KCCX20191106-2,KCCX20191106_124200_V06,6,3.516,1.200,2008,0,6.996,54,0,4.774
KCCX20191106-2,KCCX20191106_124200_V06,7,4.482,1.200,2008,0,7.647,74,0,4.509
KCCX20191107-11,KCCX20191107_122127_V06,0,0.483,1.200,4825,0,238732.110,1045,0,6578.378
KCCX20191107-11,KCCX20191107_122127_V06,2,0.879,1.200,4832,0,98420.944,690,0,7165.542
KCCX20191107-11,KCCX20191107_122547_V06,0,0.483,1.200,7116,0,366206.039,1815,0,15818.214
KCCX20191107-11,KCCX20191107_122547_V06,2,0.879,1.200,7114,0,148082.311,1197,0,8886.583
KCCX20191107-11,KCCX20191107_123008_V06,0,0.483,1.200,3913,0,326701.532,1701,0,7084.170
KCCX20191107-11,KCCX20191107_123008_V06,2,0.879,1.200,3910,0,118362.733,1003,0,5623.593
KCCX20191107-11,KCCX20191107_123008_V06,4,1.318,1.200,3919,0,5834.489,107,0,783.909
KCCX20191107-3,KCCX20191107_111719_V06,0,0.483,1.200,21681,0,7543849.443,11638,0,46462.756
KCCX20191107-3,KCCX20191107_111719_V06,2,0.879,1.200,21684,0,4355137.159,8881,0,30232.795
KCCX20191107-3,KCCX20191107_111719_V06,6,1.318,1.200,21699,0,1727032.355,5057,0,23042.657
KCCX20191108-7,KCCX20191108_112706_V06,0,0.483,1.200,13813,0,245415.003,3312,0,2424.693
KCCX20191108-7,KCCX20191108_112706_V06,2,1.494,1.200,13832,0,62.557,2,0,60.538
KCCX20191108-7,KCCX20191108_113643_V06,0,0.483,1.200,18903,0,292464.881,4750,0,3518.693
KCCX20191108-7,KCCX20191108_113643_V06,2,1.494,1.200,18923,0,77.952,0,0,77.952
KCCX20191108-7,KCCX20191108_114850_V06,0,0.483,1.200,22229,0,318801.721,5807,0,3153.535
KCCX20191108-7,KCCX20191108_114850_V06,2,1.494,1.200,22249,0,83.949,0,0,83.949
KCCX20191108-11,KCCX20191108_124632_V06,0,0.483,1.200,3840,0,19065.322,1517,0,2475.155
KCCX20191108-11,KCCX20191108_124632_V06,2,1.494,1.200,3843,0,76.416,202,0,48.213
KCCX20191108-11,KCCX20191108_124632_V06,4,2.505,1.200,3842,0,32.180,114,0,19.336
KCCX20191108-11,KCCX20191108_124632_V06,6,3.516,1.200,1927,0,27.750,84,0,9.383
KCCX20191109-2,KCCX20191109_111821_V06,0,0.483,1.200,654,0,106.545,21,0,97.256
KCCX20191109-2,KCCX20191109_111821_V06,2,1.494,1.200,657,0,0.732,0,0,0.732
KCCX20191109-2,KCCX20191109_111821_V06,4,2.505,1.200,660,0,1.203,2,0,0.993
KCCX20191109-2,KCCX20191109_111821_V06,6,3.516,1.200,326,0,113.956,237,0,22.232
KCCX20191111-1,KCCX20191111_110037_V06,0,0.483,1.200,707,0,34.346,53,0,23.459
KCCX20191111-1,KCCX20191111_110037_V06,2,1.494,1.200,711,0,3.300,12,0,2.027
KCCX20191111-1,KCCX20191111_110037_V06,4,2.505,1.200,709,0,2.413,9,0,1.737
KCCX20191111-1,KCCX20191111_110037_V06,6,3.516,1.200,357,0,1.165,0,0,1.165
KCCX20191112-9,KCCX20191112_130501_V06,0,0.483,1.200,17951,0,1052.879,5134,0,821.819
KCCX20191112-9,KCCX20191112_130501_V06,2,1.494,1.200,17968,0,63.602,2789,0,30.050
KCCX20191112-9,KCCX20191112_130501_V06,4,2.505,1.200,17985,0,33.148,2666,0,16.672
KCCX20191112-9,KCCX20191112_130501_V06,6,3.516,1.200,9005,0,31.403,1514,0,14.873
KCCX20191112-9,KCCX20191112_130501_V06,7,4.482,1.200,9010,0,24.421,1285,0,13.958
KCCX20191113-1,KCCX20191113_110813_V06,0,0.483,1.200,316,0,13502.469,25,0,13456.254
KCCX20191113-1,KCCX20191113_110813_V06,2,1.494,1.200,317,0,6.289,5,0,5.476
KCCX20191113-1,KCCX20191113_110813_V06,4,2.505,1.200,313,0,19.436,20,0,14.321
KCCX20191113-1,KCCX20191113_110813_V06,6,3.516,1.200,157,0,8.364,15,0,2.319
KCCX20191114-1,KCCX20191114_110900_V06,0,0.483,1.200,743,0,8519.728,6,0,8518.785
KCCX20191114-1,KCCX20191114_110900_V06,2,1.494,1.200,741,0,19.010,31,0,13.536
KCCX20191114-1,KCCX20191114_110900_V06,4,2.505,1.200,741,0,51.628,39,0,20.292
KCCX20191114-1,KCCX20191114_110900_V06,6,3.516,1.200,371,0,20.848,20,0,5.094
KCCX20191117-1,KCCX20191117_111352_V06,0,0.483,1.200,1039,0,113151.986,25,0,113149.600
KCCX20191117-1,KCCX20191117_111352_V06,2,1.494,1.200,1043,0,23.746,24,0,20.938
KCCX20191117-1,KCCX20191117_111352_V06,4,2.505,1.200,1046,0,29.153,24,0,27.129
KCCX20191117-1,KCCX20191117_111352_V06,6,3.516,1.200,521,0,17.489,32,0,8.395
KCCX20191118-1,KCCX20191118_110457_V06,0,0.483,1.200,1361,0,216006.285,24,0,216000.391
KCCX20191118-1,KCCX20191118_110457_V06,2,1.494,1.200,1358,0,30.978,38,0,22.544
KCCX20191118-1,KCCX20191118_110457_V06,4,2.505,1.200,1361,0,26.701,30,0,20.890
KCCX20191120-4,KCCX20191120_131449_V06,0,0.483,1.200,17448,4,20658.123,1022,0,14655.912
KCCX20191120-4,KCCX20191120_131449_V06,2,1.494,1.200,17454,0,61.888,3716,0,17.910
KCCX20191120-4,KCCX20191120_131449_V06,4,2.505,1.200,17462,0,99.242,8999,0,19.799
KCCX20191120-4,KCCX20191120_131449_V06,6,3.516,1.200,8740,0,44.221,3244,0,12.539
KCCX20191120-4,KCCX20191120_131449_V06,7,4.482,1.200,8747,0,27.480,1781,0,13.463
KCCX20191122-8,KCCX20191122_121323_V06,0,0.483,1.200,16791,0,12486699.282,12644,0,2142294.176
KCCX20191122-8,KCCX20191122_121323_V06,2,0.879,1.200,16797,0,3375326.021,13752,0,339574.905
KCCX20191122-8,KCCX20191122_121323_V06,4,1.318,1.200,16795,0,1220917.808,11055,0,98947.216
KCCX20191122-8,KCCX20191122_121740_V06,0,0.483,1.200,27947,0,19090139.802,20095,0,3211401.439
KCCX20191122-8,KCCX20191122_121740_V06,2,0.879,1.200,27970,0,4781056.896,19160,0,559433.672
KCCX20191122-8,KCCX20191122_121740_V06,4,1.318,1.200,27979,0,1670261.505,17445,0,109956.528
KCCX20191123-2,KCCX20191123_124457_V06,0,0.483,1.200,106,4,447338.174,4,4,436430.111
KCCX20191123-2,KCCX20191123_124457_V06,2,1.494,1.200,110,0,119.295,7,0,91.083
KCCX20191123-4,KCCX20191123_131813_V06,0,0.483,1.200,1980,0,31.845,366,0,22.012
KCCX20191123-4,KCCX20191123_131813_V06,2,1.494,1.200,1985,0,2.032,47,0,1.470
KCCX20191123-4,KCCX20191123_131813_V06,4,2.505,1.200,1988,0,2.224,78,0,1.201
KCCX20191123-4,KCCX20191123_131813_V06,6,3.516,1.200,995,0,2.861,48,0,1.371
KCCX20191123-4,KCCX20191123_131813_V06,7,4.482,1.200,991,0,3.102,80,0,1.594
KCCX20191124-1,KCCX20191124_112205_V06,0,0.483,1.200,27160,0,10683465.491,21828,0,66579.548
KCCX20191124-1,KCCX20191124_112205_V06,2,0.879,1.200,27170,0,3598780.870,16014,0,64471.796
KCCX20191124-1,KCCX20191124_112205_V06,4,1.318,1.200,27173,0,330894.506,5616,0,20591.431
KCCX20191124-1,KCCX20191124_112719_V06,0,0.483,1.200,30848,0,13279639.505,24895,0,104603.864
KCCX20191124-1,KCCX20191124_112719_V06,2,0.879,1.200,30858,0,4451847.333,18405,0,68627.950
KCCX20191124-1,KCCX20191124_112719_V06,4,1.318,1.200,30869,0,376923.928,6790,0,23277.951
KCCX20191124-1,KCCX20191124_113220_V06,0,0.483,1.200,18148,0,5359040.065,13235,0,49659.237
KCCX20191124-1,KCCX20191124_113220_V06,2,0.879,1.200,18142,0,2068400.076,7899,0,35872.952
KCCX20191124-1,KCCX20191124_113220_V06,4,1.318,1.200,18154,0,167435.024,2423,0,11945.268
KCCX20191124-1,KCCX20191124_113720_V06,0,0.483,1.200,21776,0,5462169.166,15224,0,65325.317
KCCX20191124-1,KCCX20191124_113720_V06,2,0.879,1.200,21791,0,2174652.638,8862,0,38016.138
KCCX20191124-1,KCCX20191124_113720_V06,4,1.318,1.200,21791,0,190504.633,2692,0,12719.985
KCCX20191124-4,KCCX20191124_113220_V06,0,0.483,1.200,2775,0,660238.013,2035,0,16206.593
KCCX20191124-4,KCCX20191124_113220_V06,2,0.879,1.200,2773,0,33003.468,407,0,5905.812
KCCX20191124-5,KCCX20191124_113220_V06,0,0.483,1.200,3407,0,17727.210,1162,0,979.731
KCCX20191124-5,KCCX20191124_113220_V06,2,0.879,1.200,3408,0,35470.153,1659,0,842.834
KCCX20191124-5,KCCX20191124_113220_V06,4,1.318,1.200,3418,0,17117.250,1809,0,729.482
KCCX20191124-5,KCCX20191124_113220_V06,6,1.802,1.200,1665,0,4119.517,611,0,353.727
KCCX20191124-5,KCCX20191124_113220_V06,9,2.417,1.200,1669,0,1075.358,230,0,245.801
KCCX20191124-5,KCCX20191124_113220_V06,10,3.120,1.200,1672,0,71.641,24,0,29.408
KCCX20191124-5,KCCX20191124_113220_V06,11,3.999,1.200,1665,0,140.134,22,0,25.882
KCCX20191124-8,KCCX20191124_120600_V06,0,0.483,1.200,33171,0,6414526.333,14850,0,29117.999
KCCX20191124-8,KCCX20191124_120600_V06,2,0.879,1.200,33192,0,5354416.546,13306,0,15232.191
KCCX20191124-8,KCCX20191124_120600_V06,4,1.318,1.200,33197,0,2273223.127,10312,0,17310.068
KCCX20191124-12,KCCX20191124_121034_V06,0,0.483,1.200,2108,0,611979.096,1381,0,11871.023
KCCX20191124-12,KCCX20191124_121034_V06,2,0.879,1.200,2108,0,61477.000,452,0,7775.383
KCCX20191124-26,KCCX20191124_133129_V06,0,0.483,1.200,6225,0,60816.601,2085,0,1627.801
KCCX20191124-26,KCCX20191124_133129_V06,2,0.879,1.200,6227,0,104231.930,2338,0,1146.386
KCCX20191124-26,KCCX20191124_133129_V06,4,1.318,1.200,6228,0,100299.573,2526,0,674.733
KCCX20191124-26,KCCX20191124_133129_V06,8,1.802,1.200,3118,0,61406.855,983,0,1095.466
KCCX20191124-26,KCCX20191124_133129_V06,9,2.417,1.200,3119,0,16864.271,575,0,622.389
KCCX20191124-26,KCCX20191124_133129_V06,10,3.120,1.200,3121,0,1808.593,198,0,326.213
KCCX20191124-26,KCCX20191124_133129_V06,11,3.999,1.200,3124,0,2127.159,314,0,392.402
KCCX20191125-5,KCCX20191125_121105_V06,0,0.483,1.200,5326,0,295968.536,4851,0,3287.635
KCCX20191125-5,KCCX20191125_121105_V06,2,1.494,1.200,5326,0,11754.130,890,0,616.369
KCCX20191125-5,KCCX20191125_122042_V06,0,0.483,1.200,10657,0,387084.439,8639,0,17046.998
KCCX20191125-5,KCCX20191125_122042_V06,2,1.494,1.200,10666,0,24889.109,1871,0,888.770
KCCX20191125-1,KCCX20191125_111051_V06,0,0.483,1.200,829,0,305833.977,34,0,300482.012
KCCX20191125-1,KCCX20191125_111051_V06,2,1.494,1.200,828,0,54.899,24,0,49.578
KCCX20191125-1,KCCX20191125_111051_V06,4,2.505,1.200,834,0,28.721,26,0,20.407
KCCX20191125-3,KCCX20191125_114213_V06,0,0.483,1.200,1109,0,256365.928,947,0,208.175
KCCX20191125-3,KCCX20191125_114213_V06,2,1.494,1.200,1107,0,37385.956,517,0,235.738
KCCX20191125-8,KCCX20191125_123020_V06,0,0.483,1.200,312,0,76.848,109,0,11.115
KCCX20191125-8,KCCX20191125_123020_V06,2,1.494,1.200,311,0,12.756,89,0,2.450
KCCX20191125-8,KCCX20191125_123020_V06,4,2.505,1.200,311,0,342.005,275,0,7.935
KCCX20191125-8,KCCX20191125_123020_V06,6,3.516,1.200,172,0,461.403,164,0,11.936
KCCX20191125-8,KCCX20191125_123020_V06,7,4.482,1.200,172,0,56.640,150,0,5.388
KCCX20191125-11,KCCX20191125_132803_V06,0,0.483,1.200,1409,0,164.983,208,0,64.898
KCCX20191125-11,KCCX20191125_132803_V06,2,1.494,1.200,1411,0,0.188,151,0,0.165
KCCX20191125-11,KCCX20191125_132803_V06,4,2.505,1.200,1410,0,0.685,270,0,0.359
KCCX20191125-11,KCCX20191125_132803_V06,6,3.516,1.200,706,0,0.116,29,0,0.110
KCCX20191125-11,KCCX20191125_132803_V06,7,4.482,1.200,708,0,1.043,53,0,0.082
KCCX20191127-2,KCCX20191127_120032_V06,0,0.483,1.200,3177,0,216114.807,601,0,24563.216
KCCX20191127-2,KCCX20191127_120032_V06,2,0.879,1.200,3177,0,50086.281,330,0,10711.210
KCCX20191127-2,KCCX20191127_120032_V06,4,1.318,1.200,3173,0,641.194,22,0,233.479
KCCX20191127-2,KCCX20191127_120612_V06,0,0.483,1.200,5297,0,35098.001,449,0,4588.691
KCCX20191127-2,KCCX20191127_120612_V06,2,0.879,1.200,5307,0,15623.287,241,0,3386.333
KCCX20191127-2,KCCX20191127_120612_V06,4,1.318,1.200,5307,0,668.506,19,0,246.493
KCCX20191127-7,KCCX20191127_123810_V06,0,0.483,1.200,1284,0,610317.056,48,0,610305.020
KCCX20191127-7,KCCX20191127_123810_V06,2,1.494,1.200,1287,0,94.828,10,0,93.519
KCCX20191127-7,KCCX20191127_123810_V06,4,2.505,1.200,1285,0,67.630,40,0,56.654
KCCX20191128-3,KCCX20191128_111558_V06,0,0.483,1.200,1234,8,375854.725,195,8,375762.515
KCCX20191128-3,KCCX20191128_111558_V06,2,1.494,1.200,1230,0,367.634,62,0,336.194
KCCX20191128-3,KCCX20191128_111558_V06,4,2.505,1.200,1235,0,134.813,56,0,86.961
KCCX20191128-3,KCCX20191128_111558_V06,6,3.516,1.200,617,0,34.097,28,0,19.410
KCCX20191207-1,KCCX20191207_112659_V06,0,0.483,1.200,500,0,15450.253,20,0,15446.131
KCCX20191207-1,KCCX20191207_112659_V06,2,1.494,1.200,495,0,10.043,7,0,9.468
KCCX20191207-1,KCCX20191207_112659_V06,4,2.505,1.200,498,0,16.485,35,0,12.529
KCCX20191207-1,KCCX20191207_112659_V06,6,3.516,1.200,248,0,12.344,24,0,5.812
KCCX20191208-1,KCCX20191208_113742_V06,0,0.483,1.200,734,0,49615.465,17,0,49612.759
KCCX20191208-1,KCCX20191208_113742_V06,2,1.494,1.200,734,0,16.955,12,0,15.110
KCCX20191208-1,KCCX20191208_113742_V06,4,2.505,1.200,736,0,17.085,18,0,15.307
KCCX20191208-1,KCCX20191208_113742_V06,6,3.516,1.200,369,0,26.292,16,0,20.549
KCCX20191209-1,KCCX20191209_113933_V06,0,0.483,1.200,12535,0,1673877.409,10140,0,106834.891
KCCX20191209-1,KCCX20191209_113933_V06,2,0.879,1.200,12540,0,874469.928,8765,0,64454.553
KCCX20191209-1,KCCX20191209_113933_V06,4,1.318,1.200,12540,0,289522.628,5779,0,32240.361
KCCX20191209-2,KCCX20191209_121218_V06,0,0.483,1.200,5228,0,2852180.046,4535,0,262510.298
KCCX20191209-2,KCCX20191209_121218_V06,2,0.879,1.200,5231,0,382762.708,4196,0,45696.740
KCCX20191209-2,KCCX20191209_121218_V06,4,1.318,1.200,5233,0,43778.797,1188,0,8688.802
KCCX20191209-3,KCCX20191209_121745_V06,0,0.483,1.200,1903,0,246686.754,1305,0,26814.578
KCCX20191209-3,KCCX20191209_121745_V06,2,0.879,1.200,1914,0,9259.229,235,0,1568.408
KCCX20191209-3,KCCX20191209_121745_V06,4,1.318,1.200,1911,0,8.048,0,0,8.048
KCCX20191209-5,KCCX20191209_134712_V06,0,0.483,1.200,19883,0,8312420.483,13042,0,500960.562
KCCX20191209-5,KCCX20191209_134712_V06,2,0.879,1.200,19896,0,1849651.138,10465,0,90852.208
KCCX20191209-5,KCCX20191209_134712_V06,4,1.318,1.200,19898,0,229491.963,5474,0,18892.397
KCCX20191220-1,KCCX20191220_114115_V06,0,0.483,1.200,81,0,48455.872,0,0,48455.872
KCCX20191220-1,KCCX20191220_114115_V06,2,1.494,1.200,82,0,0.515,0,0,0.515
KCCX20191220-1,KCCX20191220_114115_V06,4,2.505,1.200,80,0,4.221,0,0,4.221
KCCX20191220-1,KCCX20191220_114115_V06,6,3.516,1.200,42,0,1.698,2,0,0.738
KCCX20191220-3,KCCX20191220_121935_V06,0,0.483,1.200,21301,6,15653.878,570,2,8984.551
KCCX20191220-3,KCCX20191220_121935_V06,2,1.494,1.200,21313,0,72.306,1981,0,48.722
KCCX20191220-3,KCCX20191220_121935_V06,4,2.505,1.200,21326,0,91.596,435,0,58.203
KCCX20191220-3,KCCX20191220_121935_V06,6,3.516,1.200,10674,0,64.076,309,0,36.083
KCCX20191220-3,KCCX20191220_121935_V06,7,4.482,1.200,10690,0,54.440,255,0,28.333
KCCX20191221-1,KCCX20191221_120244_V06,0,0.483,1.200,638,4,444898.697,44,2,385664.301
KCCX20191221-1,KCCX20191221_120244_V06,2,1.494,1.200,639,0,31.562,16,0,26.269
KCCX20191221-1,KCCX20191221_120244_V06,4,2.505,1.200,642,0,109.601,33,0,45.262
KCCX20191221-3,KCCX20191221_120244_V06,0,0.483,1.200,285,0,118839.257,8,0,118824.313
KCCX20191221-3,KCCX20191221_120244_V06,2,1.494,1.200,285,0,7.093,18,0,4.431
KCCX20191221-3,KCCX20191221_120244_V06,4,2.505,1.200,284,0,32.511,30,0,26.603
KCCX20191221-3,KCCX20191221_120244_V06,6,3.516,1.200,140,0,22.393,24,0,9.839
KCCX20191224-1,KCCX20191224_113826_V06,0,0.483,1.200,649,0,24823.282,10,0,24817.706
KCCX20191224-1,KCCX20191224_113826_V06,2,1.494,1.200,650,0,25.263,28,0,12.938
KCCX20191224-1,KCCX20191224_113826_V06,4,2.505,1.200,646,0,19.605,27,0,15.855
KCCX20191224-1,KCCX20191224_113826_V06,6,3.516,1.200,324,0,7.604,19,0,3.062
KCCX20191224-4,KCCX20191224_120719_V06,0,0.483,1.200,322,0,68846.529,49,0,63720.572
KCCX20191224-4,KCCX20191224_120719_V06,2,1.494,1.200,324,0,167.777,16,0,63.516
KCCX20191227-10,KCCX20191227_130158_V06,0,0.483,1.200,2432,0,15477.948,258,0,1000.384
KCCX20191227-10,KCCX20191227_130158_V06,2,0.879,1.200,2433,0,104.790,2,0,12.277
KCCX20191229-1,KCCX20191229_113850_V06,0,0.483,1.200,294,0,32062.077,11,0,32058.930
KCCX20191229-1,KCCX20191229_113850_V06,2,1.494,1.200,293,0,4.933,16,0,1.275
KCCX20191229-1,KCCX20191229_113850_V06,4,2.505,1.200,290,0,16.403,18,0,8.068
KCCX20191229-1,KCCX20191229_113850_V06,6,3.516,1.200,147,0,12.502,26,0,5.496
KCCX20191230-2,KCCX20191230_114110_V06,0,0.483,1.200,921,0,1361.168,51,0,175.119
KCCX20191230-2,KCCX20191230_114110_V06,2,0.879,1.200,924,0,50306.479,668,0,2725.926
KCCX20191230-2,KCCX20191230_114110_V06,4,1.318,1.200,922,0,154708.993,899,0,1614.226
KCCX20191230-14,KCCX20191230_122534_V06,0,0.483,1.200,11720,0,6474.757,371,0,464.377
KCCX20191230-14,KCCX20191230_122534_V06,2,0.879,1.200,11729,0,3645.407,251,0,242.753
KCCX20191230-14,KCCX20191230_122534_V06,4,1.318,1.200,11731,0,548.071,61,0,74.761
KCCX20191230-14,KCCX20191230_122534_V06,6,1.802,1.200,5862,0,272.660,0,0,272.660
KCCX20191230-14,KCCX20191230_123101_V06,0,0.483,1.200,8947,0,2236.080,167,0,170.827
KCCX20191230-14,KCCX20191230_123101_V06,2,0.879,1.200,8954,0,1343.161,103,0,179.346
KCCX20191230-14,KCCX20191230_123101_V06,4,1.318,1.200,8954,0,456.957,16,0,39.532
KCCX20191230-14,KCCX20191230_123101_V06,6,1.802,1.200,4485,0,22.151,0,0,22.151
