track_id,filename,from_sunrise,det_score,x,y,r,lon,lat,radius,geo_dist,local_time,n_radar_pixels,n_refAbove40_pixels,n_xcorrAbove0.95_pixels,n_xcorrBelow0.95_refAbove40_pixels
1,KMVX20160601_093723_V06,-58.310,0.134,207.188,347.706,7.120,-97.939,47.312,3559.887,52177.329,20160601_043723,479175,579,99545,62
3,KMVX20160601_095159_V06,-43.710,0.059,43.544,273.763,48.107,-99.031,47.633,24053.673,128897.066,20160601_045159,479177,495,102196,32
4,KMVX20160601_095634_V06,-39.127,0.052,213.627,347.345,11.505,-97.896,47.314,5752.417,49249.043,20160601_045634,479181,478,103504,33
6,KMVX20160601_100544_V06,-29.960,0.051,274.783,406.755,10.330,-97.491,47.048,5164.991,54846.672,20160601_050544,479181,466,106503,49
9,KMVX20160601_101019_V06,-25.377,0.082,47.717,286.174,58.845,-99.002,47.578,29422.718,126330.948,20160601_051019,479188,501,105748,60
19,KMVX20160601_112821_V06,52.656,0.111,95.418,345.024,29.490,-98.678,47.318,14745.154,104738.895,20160601_062821,479182,486,85218,40
5,KMVX20160603_103159_V06,-2.583,0.124,348.880,336.070,31.300,-97.001,47.365,15650.139,30373.914,20160603_053159,479173,2798,117959,324
5,KMVX20160603_103723_V06,2.817,0.083,349.838,335.386,37.474,-96.995,47.368,18737.207,30561.594,20160603_053723,479182,1840,119657,191
8,KMVX20160603_104248_V06,8.234,0.123,273.517,152.063,24.701,-97.503,48.193,12350.674,75144.353,20160603_054248,479183,1610,121820,182
8,KMVX20160603_104812_V06,13.634,0.254,275.390,150.886,30.931,-97.491,48.198,15465.618,75565.536,20160603_054812,479179,1374,125408,113
11,KMVX20160603_110949_V06,35.251,0.056,246.095,384.514,16.950,-97.680,47.147,8475.004,50120.711,20160603_060949,479189,1045,121481,73
11,KMVX20160603_111514_V06,40.667,0.078,246.019,383.468,23.983,-97.681,47.152,11991.438,49701.183,20160603_061514,479180,1115,119451,94
12,KMVX20160603_111514_V06,40.667,0.064,321.732,191.243,17.322,-97.179,48.017,8661.072,55453.481,20160603_061514,479180,1115,119451,94
12,KMVX20160603_112039_V06,46.084,0.053,322.722,190.474,23.616,-97.173,48.020,11808.240,55929.076,20160603_062039,479184,1063,117281,103
12,KMVX20160603_112604_V06,51.501,0.051,329.355,184.489,18.135,-97.128,48.047,9067.307,59591.270,20160603_062604,479176,1216,116925,125
2,KMVX20160603_094318_V06,-51.266,0.063,447.599,232.230,12.709,-96.339,47.829,6354.473,81206.996,20160603_044318,479176,397,67571,31
3,KMVX20160603_095931_V06,-35.049,0.062,192.311,402.503,24.783,-98.034,47.065,12391.415,74336.796,20160603_045931,479179,558,75778,43
4,KMVX20160603_102635_V06,-7.983,0.091,281.332,165.268,25.501,-97.450,48.134,12750.692,68009.354,20160603_052635,479181,1741,114657,190
9,KMVX20160603_105901_V06,24.451,0.122,310.412,199.790,16.807,-97.255,47.979,8403.576,50374.792,20160603_055901,479176,1292,128384,94
1,KMVX20160604_102358_V06,-10.098,0.052,17.019,288.370,25.105,-99.205,47.565,12552.358,141610.116,20160604_052358,479176,5,57709,5
2,KMVX20160604_104203_V06,7.986,0.206,366.649,175.850,13.857,-96.878,48.085,6928.596,70454.393,20160604_054203,479174,7,49399,7
8,KMVX20160604_113618_V06,62.236,0.611,207.449,349.316,8.699,-97.937,47.305,4349.356,52435.101,20160604_063618,479173,7,38381,7
3,KMVX20160605_102636_V06,-7.005,0.273,214.284,352.502,12.591,-97.892,47.291,6295.664,50258.759,20160605_052636,479176,23,30558,21
4,KMVX20160605_102636_V06,-7.005,0.243,22.251,179.922,13.017,-99.188,48.053,6508.498,151297.027,20160605_052636,479176,23,30558,21
24,KMVX20160606_112656_V06,53.746,0.061,155.357,463.474,32.552,-98.272,46.789,16275.995,109138.980,20160606_062656,479179,13,27639,10
24,KMVX20160606_113600_V06,62.813,0.053,159.979,469.583,40.619,-98.241,46.762,20309.652,109959.454,20160606_063600,479175,6,29217,6
1,KMVX20160606_093833_V06,-54.637,0.400,207.169,349.348,5.485,-97.939,47.304,2742.300,52566.184,20160606_043833,479174,20,33401,5
13,KMVX20160606_102340_V06,-9.521,0.265,207.026,347.763,5.933,-97.940,47.312,2966.455,52262.292,20160606_052340,479177,3,31325,2
13,KMVX20160606_103242_V06,-0.487,-1.000,207.026,347.763,20.296,-97.940,47.312,10147.955,52262.292,20160606_053242,479179,7,30059,7
13,KMVX20160606_104144_V06,8.546,0.083,208.033,349.098,8.312,-97.933,47.306,4155.930,52126.470,20160606_054144,479172,6,28594,6
15,KMVX20160606_102340_V06,-9.521,0.079,403.349,339.158,34.853,-96.641,47.350,17426.640,55259.156,20160606_052340,479177,3,31325,2
1,KMVX20160607_100243_V06,-30.095,0.136,130.971,361.112,8.340,-98.441,47.248,4170.212,89868.743,20160607_050243,479174,136,57559,135
10,KMVX20160610_113841_V06,66.743,0.110,364.330,73.990,29.175,-96.889,48.544,14587.368,117493.560,20160610_063841,479180,960,119952,25
2,KMVX20160611_100317_V06,-28.452,0.188,27.799,94.347,38.986,-99.165,48.438,19493.137,170577.465,20160611_050317,479183,22,44808,16
2,KMVX20160611_100752_V06,-23.869,0.051,29.320,96.030,45.995,-99.154,48.431,22997.328,169463.259,20160611_050752,479186,17,45392,11
1,KMVX20160612_095322_V06,-38.206,0.099,222.965,355.665,23.159,-97.834,47.277,11579.433,47520.881,20160612_045322,479195,9207,115977,557
8,KMVX20160612_112940_V06,58.094,0.050,209.700,349.624,8.927,-97.922,47.303,4463.606,51518.509,20160612_062940,479193,9165,134979,493
1,KMVX20160613_103748_V06,6.348,0.217,128.743,377.908,21.678,-98.455,47.172,10838.780,94072.718,20160613_053748,479175,29,34277,29
1,KMVX20160613_104650_V06,15.381,0.276,131.798,381.427,33.561,-98.434,47.156,16780.375,93437.738,20160613_054650,479177,32,37256,32
2,KMVX20160613_103748_V06,6.348,0.067,206.124,349.901,8.615,-97.946,47.302,4307.322,53157.556,20160613_053748,479175,29,34277,29
15,KMVX20160615_111851_V06,47.510,0.081,421.482,455.041,25.683,-96.529,46.828,12841.699,98482.763,20160615_061851,479175,199,153571,12
28,KMVX20160615_115531_V06,84.177,0.074,514.587,390.069,27.396,-95.911,47.114,13697.994,116361.392,20160615_065531,479175,102,129709,5
2,KMVX20160616_104748_V06,16.453,0.198,28.218,427.384,43.695,-99.110,46.941,21847.673,150076.932,20160616_054748,479180,168,31113,167
2,KMVX20160616_105651_V06,25.503,0.093,29.336,425.873,52.661,-99.103,46.948,26330.381,149250.611,20160616_055651,479178,199,31091,199
1,KMVX20160616_103846_V06,7.420,0.055,32.132,440.991,48.836,-99.082,46.880,24418.119,151353.727,20160616_053846,479177,144,30762,144
12,KMVX20160617_113932_V06,68.137,0.150,347.378,284.654,5.746,-97.010,47.597,2873.089,24900.409,20160617_063932,479193,29460,129078,2589
12,KMVX20160617_114439_V06,73.254,0.090,347.408,283.768,13.007,-97.010,47.601,6503.469,25054.863,20160617_064439,479185,29583,134474,2579
1,KMVX20160617_093219_V06,-59.080,0.164,207.568,348.958,7.033,-97.936,47.306,3516.367,52298.653,20160617_043219,479181,941,43380,141
3,KMVX20160617_100929_V06,-21.913,0.061,208.181,348.639,8.287,-97.932,47.308,4143.482,51953.282,20160617_050929,479173,2151,57939,207
8,KMVX20160617_103605_V06,4.687,0.209,170.834,247.919,15.352,-98.186,47.759,7675.901,69635.347,20160617_053605,479185,8233,71536,678
15,KMVX20160617_114946_V06,78.370,0.108,356.270,272.677,6.563,-96.951,47.650,3281.685,31276.693,20160617_064946,479184,29063,138621,2414
3,KMVX20160618_111253_V06,41.395,0.066,114.473,359.901,15.878,-98.550,47.252,7939.139,97478.578,20160618_061253,479176,2690,73244,122
4,KMVX20160618_115346_V06,82.279,0.067,458.351,312.824,17.008,-96.275,47.466,8504.135,79434.831,20160618_065346,479178,8932,93393,481
1,KMVX20160619_093435_V06,-57.038,0.660,207.982,348.732,6.799,-97.933,47.307,3399.405,52062.894,20160619_043435,479187,6472,105228,339
1,KMVX20160619_093942_V06,-51.921,0.108,207.502,348.648,13.281,-97.937,47.308,6640.471,52255.206,20160619_043942,479187,6885,103294,378
6,KMVX20160619_101535_V06,-16.038,0.054,206.495,346.849,8.644,-97.943,47.316,4322.056,52292.475,20160619_051535,479201,7063,90491,915
9,KMVX20160619_103057_V06,-0.671,0.062,207.662,347.704,7.984,-97.936,47.312,3991.795,51966.500,20160619_053057,479195,5760,84401,590
9,KMVX20160619_103604_V06,4.445,-1.000,207.662,347.704,16.119,-97.936,47.312,8059.545,51966.500,20160619_053604,479189,5583,81169,617
9,KMVX20160619_104053_V06,9.262,0.084,207.402,349.563,6.876,-97.937,47.304,3437.838,52513.916,20160619_054053,479190,5002,79017,533
1,KMVX20160620_095831_V06,-33.279,0.060,207.092,348.635,10.655,-97.939,47.308,5327.648,52433.982,20160620_045831,479173,22,23771,22
1,KMVX20160621_094205_V06,-49.929,0.112,284.165,422.005,3.234,-97.429,46.979,1616.804,61514.208,20160621_044205,479176,206,29310,185
4,KMVX20160621_100009_V06,-31.862,0.051,136.856,360.298,25.978,-98.403,47.252,12988.808,86965.357,20160621_050009,479174,225,29488,174
2,KMVX20160622_101152_V06,-20.402,0.151,104.197,309.692,54.216,-98.624,47.477,27108.107,98021.177,20160622_051152,479191,48,61003,44
2,KMVX20160622_101536_V06,-16.669,-1.000,104.197,309.692,60.152,-98.624,47.477,30076.107,98021.177,20160622_051536,479186,52,58371,49
2,KMVX20160622_101920_V06,-12.935,-1.000,104.197,309.692,66.088,-98.624,47.477,33044.107,98021.177,20160622_051920,479201,70,57383,53
2,KMVX20160622_102306_V06,-9.169,-1.000,104.197,309.692,72.077,-98.624,47.477,36038.607,98021.177,20160622_052306,479197,68,56616,64
2,KMVX20160622_102649_V06,-5.452,0.058,105.698,295.427,67.494,-98.616,47.541,33746.775,97177.679,20160622_052649,479182,48,55683,40
3,KMVX20160622_114518_V06,73.031,0.060,208.188,350.073,11.151,-97.932,47.301,5575.623,52289.299,20160622_064518,479180,580,76946,9
3,KMVX20160622_114902_V06,76.765,0.101,208.655,348.556,10.024,-97.929,47.308,5011.848,51724.207,20160622_064902,479190,697,79384,15
1,KMVX20160624_105932_V06,26.630,0.292,24.320,428.066,28.729,-99.135,46.938,14364.273,151987.347,20160624_055932,479175,70,34093,69
11,KMVX20160625_113327_V06,60.170,0.061,178.396,198.838,70.001,-98.139,47.980,35000.347,79090.651,20160625_063327,479198,5,49392,5
11,KMVX20160625_113731_V06,64.237,0.052,178.448,199.271,74.591,-98.139,47.978,37295.740,78932.171,20160625_063731,479197,11,50236,8
5,KMVX20160625_101002_V06,-23.247,0.129,231.857,187.753,8.208,-97.782,48.032,4104.015,65656.145,20160625_051002,479191,306,60500,59
1,KMVX20160626_094325_V06,-50.279,0.109,203.531,350.311,7.991,-97.963,47.300,3995.701,54400.276,20160626_044325,479174,43,22491,15
1,KMVX20160626_095227_V06,-41.246,0.156,205.345,350.436,17.107,-97.951,47.300,8553.353,53626.847,20160626_045227,479173,35,21244,21
1,KMVX20160627_093906_V06,-55.050,0.063,207.004,347.369,6.358,-97.940,47.313,3179.106,52182.804,20160627_043906,479181,1,41246,1
2,KMVX20160627_115444_V06,80.583,0.187,207.687,348.405,8.623,-97.935,47.309,4311.642,52117.265,20160627_065444,479176,6,46185,5
1,KMVX20160628_100714_V06,-27.409,0.103,156.413,362.550,21.079,-98.273,47.243,10539.589,78309.637,20160628_050714,479180,2,20741,0
2,KMVX20160628_103424_V06,-0.242,0.102,177.166,341.817,27.037,-98.138,47.337,13518.328,64878.278,20160628_053424,479181,2,20759,0
3,KMVX20160628_104326_V06,8.791,0.088,227.318,251.413,11.081,-97.810,47.746,5540.371,43713.387,20160628_054326,479175,1,20515,0
4,KMVX20160628_105229_V06,17.841,0.123,183.506,284.011,51.190,-98.100,47.597,25594.944,58793.249,20160628_055229,479177,29,20673,11
1,KMVX20160629_101103_V06,-24.122,0.125,323.196,198.140,2.471,-97.170,47.986,1235.672,52233.848,20160629_051103,479178,295,27437,225
1,KMVX20160629_102006_V06,-15.072,0.159,322.901,195.788,12.381,-97.172,47.997,6190.505,53349.538,20160629_052006,479178,329,26209,243
2,KMVX20160629_101103_V06,-24.122,0.080,323.402,195.366,2.295,-97.168,47.998,1147.648,53609.516,20160629_051103,479178,295,27437,225
2,KMVX20160630_100044_V06,-35.005,0.087,143.954,367.128,13.015,-98.355,47.222,6507.614,84935.991,20160630_050044,479181,49,42483,6
2,KMVX20160630_100520_V06,-30.405,0.236,144.138,367.617,19.086,-98.354,47.219,9543.182,84948.396,20160630_050520,479177,55,42181,8
2,KMVX20160630_100955_V06,-25.821,0.184,145.933,370.456,20.865,-98.342,47.207,10432.273,84706.466,20160630_050955,479183,39,43047,3
2,KMVX20160630_101430_V06,-21.238,0.144,146.688,372.112,21.418,-98.337,47.199,10708.796,84712.287,20160630_051430,479180,56,44577,6
1,KMVX20160630_094225_V06,-53.321,0.065,303.256,159.669,2.427,-97.303,48.159,1213.291,70184.262,20160630_044225,479180,78,42511,3
3,KMVX20160630_103252_V06,-2.871,0.060,284.064,400.376,19.010,-97.430,47.077,9505.100,50816.822,20160630_053252,479186,90,50763,3
1,KMVX20160701_094209_V06,-54.190,0.169,125.283,345.358,11.705,-98.481,47.318,5852.618,90254.392,20160701_044209,479180,130,28076,125
1,KMVX20160701_095112_V06,-45.140,0.345,123.887,345.446,22.018,-98.490,47.318,11008.797,90940.960,20160701_045112,479179,122,24898,113
1,KMVX20160701_100015_V06,-36.090,0.421,119.801,339.235,35.333,-98.517,47.345,17666.382,92210.376,20160701_050015,479175,215,21767,214
1,KMVX20160701_100918_V06,-27.040,0.558,117.959,339.898,41.642,-98.530,47.342,20821.176,93181.028,20160701_050918,479182,263,19624,255
1,KMVX20160701_101822_V06,-17.973,0.148,115.607,333.544,49.741,-98.546,47.371,24870.712,93709.861,20160701_051822,479179,274,19410,270
2,KMVX20160701_100015_V06,-36.090,0.465,199.864,241.557,8.883,-97.993,47.789,4441.446,57971.341,20160701_050015,479175,215,21767,214
2,KMVX20160701_100918_V06,-27.040,0.718,199.922,237.136,18.599,-97.993,47.809,9299.588,59091.981,20160701_050918,479182,263,19624,255
2,KMVX20160701_101822_V06,-17.973,0.308,199.303,234.069,24.373,-97.997,47.823,12186.260,60180.325,20160701_051822,479179,274,19410,270
3,KMVX20160701_100015_V06,-36.090,0.051,153.421,375.918,12.369,-98.292,47.183,6184.521,82536.152,20160701_050015,479175,215,21767,214
2,KMVX20160702_103908_V06,2.157,0.059,166.861,284.662,16.472,-98.210,47.594,8235.960,67009.701,20160702_053908,479175,107,47347,40
2,KMVX20160702_104343_V06,6.740,-1.000,166.861,284.662,23.759,-98.210,47.594,11879.710,67009.701,20160702_054343,479184,114,47157,24
2,KMVX20160702_104818_V06,11.324,0.096,167.284,282.136,25.454,-98.208,47.605,12726.905,66956.502,20160702_054818,479183,116,48010,22
2,KMVX20160702_105253_V06,15.907,0.073,172.596,277.771,25.080,-98.173,47.625,12539.936,64664.221,20160702_055253,479179,153,48420,32
2,KMVX20160702_105728_V06,20.490,0.294,186.640,277.001,17.465,-98.079,47.629,8732.594,57834.926,20160702_055728,479181,186,48104,39
2,KMVX20160702_110203_V06,25.074,0.265,188.399,272.585,14.530,-98.068,47.649,7264.982,57459.472,20160702_060203,479186,221,48546,31
7,KMVX20160702_111550_V06,38.857,0.088,284.784,418.357,2.507,-97.425,46.996,1253.292,59665.422,20160702_061550,479184,346,49447,43
1,KMVX20160704_112336_V06,45.250,0.050,214.072,346.161,17.515,-97.893,47.319,8757.689,48770.860,20160704_062336,479177,4,19782,4
2,KMVX20160705_100520_V06,-33.752,0.217,143.536,351.795,26.891,-98.359,47.290,13445.647,82407.313,20160705_050520,479195,77,49258,74
2,KMVX20160705_100924_V06,-29.686,0.051,144.133,352.225,32.331,-98.355,47.289,16165.607,82191.990,20160705_050924,479184,68,50423,65
2,KMVX20160705_101327_V06,-25.636,0.064,147.234,352.005,33.721,-98.335,47.290,16860.465,80687.759,20160705_051327,479205,63,47369,58
1,KMVX20160705_100117_V06,-37.802,0.404,513.715,119.292,8.315,-95.884,48.332,4157.749,139936.875,20160705_050117,479200,64,48729,62
3,KMVX20160705_102940_V06,-9.419,0.060,243.259,480.169,37.217,-97.696,46.717,18608.259,94446.120,20160705_052940,479183,84,45227,73
4,KMVX20160705_105804_V06,18.981,0.132,285.413,416.662,2.835,-97.421,47.003,1417.562,58785.276,20160705_055804,479177,89,25817,88
1,KMVX20160706_095138_V06,-48.219,0.056,201.580,240.502,8.463,-97.982,47.794,4231.251,57503.539,20160706_045138,479181,235,26668,191
2,KMVX20160706_100942_V06,-30.153,0.073,460.412,266.611,11.422,-96.257,47.673,5710.884,81925.284,20160706_050942,479179,361,30177,285
3,KMVX20160706_114001_V06,60.164,0.087,220.036,390.542,24.024,-97.852,47.120,12011.955,60398.858,20160706_064001,479174,156,24851,123
19,KMVX20160707_105759_V06,17.334,0.103,250.712,279.545,14.182,-97.653,47.620,7091.024,26681.766,20160707_055759,479180,94,91631,74
19,KMVX20160707_110300_V06,22.350,0.081,251.487,278.469,20.195,-97.648,47.624,10097.499,26538.189,20160707_060300,479182,102,95129,81
19,KMVX20160707_110824_V06,27.750,0.263,256.791,272.990,16.392,-97.613,47.649,8195.827,25478.056,20160707_060824,479177,88,99360,61
19,KMVX20160707_111349_V06,33.167,0.266,257.214,270.462,21.967,-97.610,47.661,10983.336,25995.749,20160707_061349,479185,121,103975,83
16,KMVX20160707_104759_V06,7.334,0.123,461.510,251.591,23.881,-96.248,47.741,11940.449,84304.177,20160707_054759,479181,73,87531,59
26,KMVX20160707_120004_V06,79.417,0.050,283.524,243.389,19.094,-97.435,47.783,9546.951,29479.900,20160707_070004,479176,438,120120,142
2,KMVX20160708_110645_V06,25.274,0.095,51.496,282.019,77.327,-98.977,47.597,38663.399,124576.862,20160708_060645,479171,8,25337,8
7,KMVX20160710_102342_V06,-19.512,0.099,12.982,280.708,24.358,-99.234,47.599,12178.814,143832.816,20160710_052342,479173,856,75392,133
7,KMVX20160710_102837_V06,-14.595,0.471,13.687,281.044,29.452,-99.229,47.598,14725.802,143470.155,20160710_052837,479180,719,73975,112
7,KMVX20160710_103332_V06,-9.679,0.087,16.922,278.886,31.674,-99.208,47.608,15837.219,141932.263,20160710_053332,479177,650,71572,122
2,KMVX20160710_095415_V06,-48.962,0.173,526.814,113.296,29.317,-95.795,48.358,14658.520,146886.859,20160710_045415,479176,494,55010,120
2,KMVX20160710_095910_V06,-44.045,0.134,526.131,114.248,35.835,-95.799,48.353,17917.712,146320.682,20160710_045910,479184,621,57072,87
4,KMVX20160710_100405_V06,-39.129,0.222,302.287,127.085,5.524,-97.310,48.306,2761.753,86465.263,20160710_050405,479193,631,59906,103
4,KMVX20160710_100859_V06,-34.229,0.113,303.218,126.659,11.266,-97.303,48.308,5632.800,86685.555,20160710_050859,479193,797,65024,121
3,KMVX20160710_095910_V06,-44.045,0.051,238.995,164.613,7.986,-97.735,48.136,3993.044,74248.245,20160710_045910,479184,621,57072,87
5,KMVX20160710_100859_V06,-34.229,0.058,454.057,259.396,12.581,-96.299,47.706,6290.653,79659.088,20160710_050859,479193,797,65024,121
6,KMVX20160710_102342_V06,-19.512,0.203,419.322,79.712,13.892,-96.517,48.516,6946.133,125264.482,20160710_052342,479173,856,75392,133
9,KMVX20160710_103332_V06,-9.679,0.096,449.605,245.509,21.730,-96.327,47.769,10865.215,79610.153,20160710_053332,479177,650,71572,122
10,KMVX20160710_103827_V06,-4.762,0.433,300.065,130.386,19.260,-97.325,48.291,9630.054,84806.876,20160710_053827,479210,669,70251,153
11,KMVX20160710_111914_V06,36.021,0.079,311.431,145.086,28.277,-97.248,48.225,14138.695,77667.663,20160710_061914,479180,1383,65897,340
12,KMVX20160710_115157_V06,68.738,0.056,256.639,201.865,51.619,-97.615,47.969,25809.347,53643.851,20160710_065157,479189,1669,70139,146
11,KMVX20160711_112028_V06,36.346,0.055,165.336,55.433,11.511,-98.238,48.624,5755.445,139595.415,20160711_062028,479198,6925,248885,823
13,KMVX20160711_112629_V06,42.363,0.068,247.832,96.729,29.756,-97.678,48.442,14878.082,104929.226,20160711_062629,479182,8877,240469,1236
16,KMVX20160711_115701_V06,72.896,0.053,366.860,254.227,67.922,-96.879,47.733,33960.995,40513.753,20160711_065701,479193,6308,230545,806
17,KMVX20160711_120303_V06,78.930,0.082,433.386,43.389,37.797,-96.419,48.678,18898.643,144603.890,20160711_070303,479190,5884,232143,617
2,KMVX20160712_100942_V06,-35.354,0.115,211.367,351.618,14.320,-97.911,47.294,7160.011,51284.295,20160712_050942,479198,78,44327,39
2,KMVX20160712_101506_V06,-29.954,0.101,209.999,348.568,9.260,-97.920,47.308,4629.784,51134.736,20160712_051506,479190,83,44362,51
4,KMVX20160713_110933_V06,23.537,0.057,364.101,202.078,34.619,-96.896,47.968,17309.692,58518.712,20160713_060933,479175,17,27176,15
5,KMVX20160713_111836_V06,32.587,0.065,324.977,82.330,30.625,-97.156,48.507,15312.458,109549.345,20160713_061836,479180,7,29455,6
6,KMVX20160713_112738_V06,41.621,0.061,408.712,202.497,38.359,-96.597,47.964,19179.344,73015.481,20160713_062738,479180,11,30740,8
1,KMVX20160714_094804_V06,-58.928,0.107,208.561,349.119,6.733,-97.930,47.306,3366.299,51898.185,20160714_044804,479181,15,136941,7
1,KMVX20160715_101720_V06,-30.666,0.099,411.637,47.295,25.967,-96.567,48.662,12983.265,138132.772,20160715_051720,479177,439,45059,420
1,KMVX20160715_102623_V06,-21.616,0.064,418.242,58.294,22.026,-96.523,48.612,11013.248,134539.088,20160715_052623,479181,358,40691,336
16,KMVX20160716_120505_V06,76.058,0.176,466.377,431.817,37.615,-96.233,46.930,18807.594,106133.261,20160716_070505,479181,188,52256,132
16,KMVX20160716_120940_V06,80.641,0.087,466.869,430.103,43.865,-96.229,46.938,21932.709,105797.098,20160716_070940,479185,322,51162,258
11,KMVX20160716_110523_V06,16.358,0.081,208.489,61.999,21.814,-97.945,48.597,10907.194,127493.725,20160716_060523,479183,341,51565,175
1,KMVX20160717_103730_V06,-12.573,0.105,25.975,170.890,33.950,-99.164,48.094,16975.002,151458.915,20160717_053730,479191,187,46012,32
4,KMVX20160718_103447_V06,-16.357,0.076,191.463,233.566,9.890,-98.050,47.825,4945.107,63627.634,20160718_053447,479177,19,46248,11
4,KMVX20160718_103922_V06,-11.774,0.197,191.928,234.491,16.762,-98.047,47.820,8381.198,63187.922,20160718_053922,479189,19,42664,17
4,KMVX20160718_104358_V06,-7.174,-1.000,192.292,235.214,23.752,-98.044,47.817,11876.086,62845.486,20160718_054358,479178,17,28372,5
4,KMVX20160718_105300_V06,1.860,0.051,185.099,229.730,26.741,-98.093,47.842,13370.437,67342.472,20160718_055300,479175,63,26232,37
1,KMVX20160720_100306_V06,-50.232,0.553,212.621,348.572,10.617,-97.903,47.308,5308.451,49985.727,20160720_050306,479175,4,32320,4
1,KMVX20160720_101207_V06,-41.215,0.113,212.353,349.713,17.988,-97.904,47.303,8994.225,50382.109,20160720_051207,479179,9,30716,6
2,KMVX20160721_104541_V06,-8.771,0.075,23.621,142.605,11.596,-99.185,48.221,5797.761,159027.089,20160721_054541,479197,38,69962,16
2,KMVX20160721_105102_V06,-3.421,0.063,24.233,143.259,18.210,-99.181,48.218,9104.825,158599.496,20160721_055102,479190,40,67556,23
2,KMVX20160721_105648_V06,2.346,0.076,26.264,146.550,20.993,-99.166,48.203,10496.335,156906.048,20160721_055648,479178,59,66522,29
1,KMVX20160721_095853_V06,-55.571,0.111,208.809,348.243,8.737,-97.928,47.310,4368.702,51583.128,20160721_045853,479184,23,85886,9
3,KMVX20160721_105102_V06,-3.421,0.079,494.802,28.753,26.351,-96.001,48.740,13175.549,166975.139,20160721_055102,479190,40,67556,23
1,KMVX20160722_102607_V06,-29.477,0.239,510.291,129.147,21.357,-95.908,48.288,10678.368,135474.193,20160722_052607,479181,268,43947,223
1,KMVX20160722_103506_V06,-20.494,0.626,511.503,127.645,35.270,-95.900,48.294,17634.960,136418.381,20160722_053506,479178,229,33717,187
1,KMVX20160722_104406_V06,-11.494,0.296,515.163,131.154,42.654,-95.876,48.278,21327.136,136751.577,20160722_054406,479184,243,41654,163
2,KMVX20160723_100619_V06,-50.432,0.094,161.577,54.706,13.234,-98.264,48.627,6616.755,140828.009,20160723_050619,479179,51,87165,26
2,KMVX20160723_101117_V06,-45.465,0.142,161.808,54.626,19.116,-98.262,48.628,9558.004,140806.260,20160723_051117,479175,84,87216,25
5,KMVX20160723_111426_V06,17.685,0.070,466.609,507.161,32.232,-96.238,46.591,16115.765,132923.065,20160723_061426,479180,695,128115,95
1,KMVX20160724_100121_V06,-56.569,0.233,209.528,349.791,8.887,-97.923,47.303,4443.586,51634.167,20160724_050121,479176,5,25831,5
3,KMVX20160724_102824_V06,-29.519,0.150,211.864,350.687,14.775,-97.908,47.299,7387.735,50835.793,20160724_052824,479178,14,22232,14
1,KMVX20160725_103403_V06,-25.054,0.163,332.410,211.533,22.552,-97.108,47.926,11275.917,47108.205,20160725_053403,479184,97,50734,74
2,KMVX20160725_104305_V06,-16.021,0.718,192.829,229.635,8.148,-98.041,47.842,4074.038,64103.131,20160725_054305,479176,152,42717,140
1,KMVX20160726_102954_V06,-30.402,0.131,319.092,206.929,11.216,-97.197,47.947,5608.078,47504.473,20160726_052954,479164,3186,83221,218
1,KMVX20160726_103420_V06,-25.969,0.268,318.406,207.611,17.427,-97.202,47.943,8713.419,47102.335,20160726_053420,479177,3574,82315,227
1,KMVX20160726_103847_V06,-21.519,0.342,316.147,209.903,19.544,-97.217,47.933,9772.178,45766.154,20160726_053847,479193,3680,81151,211
1,KMVX20160726_104314_V06,-17.069,0.119,314.676,211.050,19.977,-97.227,47.928,9988.606,45076.168,20160726_054314,479189,4089,77816,230
4,KMVX20160726_110450_V06,4.531,0.197,152.689,384.911,3.961,-98.296,47.142,1980.682,85015.195,20160726_060450,479184,4808,76004,314
4,KMVX20160726_110915_V06,8.948,0.106,152.272,385.165,9.452,-98.299,47.141,4725.938,85259.311,20160726_060915,479187,4752,78525,289
2,KMVX20160726_103420_V06,-25.969,0.079,208.772,349.894,7.134,-97.928,47.302,3567.013,51990.239,20160726_053420,479177,3574,82315,227
4,KMVX20160727_110431_V06,3.003,0.402,20.089,143.182,11.220,-99.209,48.218,5609.930,160422.814,20160727_060431,479187,1239,55064,69
4,KMVX20160727_110834_V06,7.053,0.677,20.039,143.087,16.157,-99.209,48.218,8078.315,160467.889,20160727_060834,479178,1299,54352,68
4,KMVX20160727_111236_V06,11.086,0.614,19.166,142.892,18.561,-99.215,48.219,9280.511,160896.560,20160727_061236,479201,1285,53228,51
4,KMVX20160727_111638_V06,15.119,0.635,21.104,145.116,19.327,-99.201,48.209,9663.616,159508.833,20160727_061638,479189,1315,53697,84
4,KMVX20160727_112041_V06,19.169,0.500,22.680,144.840,20.516,-99.191,48.211,10257.874,158887.601,20160727_062041,479184,1349,54822,79
4,KMVX20160727_112443_V06,23.203,0.723,23.175,146.367,22.728,-99.187,48.204,11364.215,158299.995,20160727_062443,479186,1453,55527,149
4,KMVX20160727_112845_V06,27.236,0.322,24.287,146.503,23.781,-99.180,48.203,11890.543,157780.985,20160727_062845,479185,1226,56028,138
2,KMVX20160727_104112_V06,-20.314,0.143,315.244,211.781,16.520,-97.223,47.925,8260.113,44763.186,20160727_054112,479192,1498,76630,126
2,KMVX20160727_104456_V06,-16.581,0.490,314.754,211.868,21.474,-97.226,47.924,10737.212,44679.405,20160727_054456,479190,1302,73678,83
2,KMVX20160727_104841_V06,-12.831,0.459,314.863,214.366,24.326,-97.226,47.913,12163.086,43457.067,20160727_054841,479190,1273,68778,57
2,KMVX20160727_105225_V06,-9.097,0.270,314.154,216.402,25.227,-97.230,47.904,12613.541,42394.013,20160727_055225,479201,1300,64238,99
5,KMVX20160727_110431_V06,3.003,0.126,145.447,389.991,10.276,-98.343,47.119,5138.130,89421.613,20160727_060431,479187,1239,55064,69
5,KMVX20160727_110834_V06,7.053,0.351,145.378,390.169,15.161,-98.344,47.118,7580.348,89496.257,20160727_060834,479178,1299,54352,68
5,KMVX20160727_111236_V06,11.086,0.211,143.215,392.008,11.816,-98.358,47.110,5907.955,90894.108,20160727_061236,479201,1285,53228,51
3,KMVX20160727_110029_V06,-1.031,0.364,181.946,235.383,10.158,-98.113,47.816,5078.819,67290.544,20160727_060029,479189,1189,57866,97
6,KMVX20160728_105707_V06,-5.621,0.328,181.415,229.631,9.988,-98.117,47.842,4993.805,68945.909,20160728_055707,479179,7,20234,6
6,KMVX20160728_110610_V06,3.429,0.607,179.063,229.707,17.789,-98.133,47.841,8894.512,69940.700,20160728_060610,479173,25,20929,21
6,KMVX20160728_111512_V06,12.462,0.515,173.330,230.612,18.885,-98.171,47.837,9442.395,72214.881,20160728_061512,479174,14,22264,14
6,KMVX20160728_112414_V06,21.496,0.354,174.828,230.712,18.152,-98.161,47.837,9076.176,71534.985,20160728_062414,479177,18,23868,14
6,KMVX20160728_113316_V06,30.529,0.061,176.200,231.339,21.394,-98.152,47.834,10696.856,70782.591,20160728_063316,479180,13,24292,12
5,KMVX20160728_105707_V06,-5.621,0.412,163.869,134.221,8.948,-98.242,48.270,4474.060,107254.740,20160728_055707,479179,7,20234,6
5,KMVX20160728_110610_V06,3.429,0.633,162.123,136.819,18.972,-98.253,48.258,9486.039,106815.255,20160728_060610,479173,25,20929,21
5,KMVX20160728_111512_V06,12.462,0.717,163.115,137.722,24.016,-98.247,48.254,12008.088,106150.327,20160728_061512,479174,14,22264,14
5,KMVX20160728_112414_V06,21.496,0.510,164.773,137.066,27.752,-98.236,48.257,13875.796,105869.939,20160728_062414,479177,18,23868,14
2,KMVX20160728_104805_V06,-14.654,0.198,251.041,141.734,2.595,-97.655,48.239,1297.571,82833.124,20160728_054805,479182,13,22304,8
2,KMVX20160728_105707_V06,-5.621,0.153,251.190,142.058,11.724,-97.654,48.238,5861.891,82656.023,20160728_055707,479179,7,20234,6
10,KMVX20160728_120923_V06,66.646,0.180,322.217,201.185,15.514,-97.176,47.972,7757.065,50641.122,20160728_070923,479176,30,21203,26
10,KMVX20160728_121826_V06,75.696,0.113,321.573,202.143,24.900,-97.181,47.968,12450.151,50103.579,20160728_071826,479178,5,20201,4
1,KMVX20160728_103903_V06,-23.688,0.094,310.330,196.227,11.337,-97.256,47.995,5668.716,52142.778,20160728_053903,479173,9,22615,9
3,KMVX20160728_104805_V06,-14.654,0.084,218.085,156.717,2.239,-97.876,48.171,1119.446,82522.734,20160728_054805,479182,13,22304,8
7,KMVX20160728_105707_V06,-5.621,0.187,266.500,180.347,2.760,-97.550,48.066,1380.051,62127.347,20160728_055707,479179,7,20234,6
9,KMVX20160728_120022_V06,57.629,0.123,380.658,135.117,4.998,-96.782,48.268,2498.775,91777.141,20160728_070022,479179,19,22583,19
3,KMVX20160729_111940_V06,15.694,0.053,71.122,202.247,29.213,-98.857,47.957,14606.318,124439.747,20160729_061940,479179,132,27399,106
3,KMVX20160729_112840_V06,24.694,0.163,72.875,202.299,38.034,-98.846,47.957,19016.913,123623.643,20160729_062840,479175,164,27783,142
3,KMVX20160729_113742_V06,33.728,-1.000,74.514,202.348,47.268,-98.835,47.957,23633.815,122861.767,20160729_063742,479173,130,27336,107
3,KMVX20160729_114645_V06,42.778,0.162,67.294,213.488,52.931,-98.881,47.907,26465.718,124133.526,20160729_064645,479179,139,27820,114
3,KMVX20160729_115547_V06,51.811,0.139,62.480,222.130,62.258,-98.912,47.867,31129.178,124979.558,20160729_065547,479179,194,26783,142
2,KMVX20160729_104330_V06,-20.472,0.054,255.757,144.799,5.673,-97.623,48.226,2836.742,80691.918,20160729_054330,479176,70,35459,58
2,KMVX20160729_105233_V06,-11.422,0.132,256.525,146.889,15.353,-97.618,48.216,7676.474,79581.685,20160729_055233,479177,86,32484,64
2,KMVX20160729_110134_V06,-2.406,0.060,264.755,152.309,26.908,-97.562,48.192,13453.884,75919.014,20160729_060134,479180,117,29485,98
1,KMVX20160729_104330_V06,-20.472,0.080,315.109,207.224,19.074,-97.224,47.945,9536.922,46999.081,20160729_054330,479176,70,35459,58
4,KMVX20160729_113742_V06,33.728,0.255,76.973,201.395,32.912,-98.818,47.962,16456.238,121926.039,20160729_063742,479173,130,27336,107
5,KMVX20160731_105942_V06,-6.773,0.140,209.305,347.788,9.489,-97.925,47.312,4744.347,51257.552,20160731_055942,479174,8,38238,8
5,KMVX20160731_110417_V06,-2.190,0.180,209.389,347.816,15.807,-97.924,47.311,7903.429,51226.770,20160731_060417,479181,13,39732,10
4,KMVX20160731_101354_V06,-52.573,0.060,207.469,347.568,8.611,-97.937,47.312,4305.735,52020.836,20160731_051354,479177,15,38862,15
7,KMVX20160731_112708_V06,20.660,0.263,209.787,348.979,8.705,-97.921,47.306,4352.465,51325.561,20160731_062708,479180,16,36031,16
9,KMVX20160731_122642_V06,80.227,0.069,209.406,348.983,8.431,-97.924,47.306,4215.343,51494.357,20160731_072642,479184,52,25949,27
8,KMVX20160801_114649_V06,39.079,0.322,388.404,57.812,16.444,-96.726,48.616,8221.844,128909.120,20160801_064649,479178,6,30243,2
10,KMVX20160801_120450_V06,57.096,0.326,209.197,347.249,9.887,-97.925,47.314,4943.443,51180.118,20160801_070450,479175,235,33483,6
13,KMVX20160801_122827_V06,80.712,0.139,209.036,347.518,8.157,-97.927,47.313,4078.451,51313.892,20160801_072827,479180,620,35170,71
1,KMVX20160802_103118_V06,-37.710,0.072,323.244,202.396,6.365,-97.169,47.967,3182.613,50166.803,20160802_053118,479196,74,61361,68
1,KMVX20160802_103519_V06,-33.694,-1.000,323.244,202.396,12.752,-97.169,47.967,6375.863,50166.803,20160802_053519,479191,87,64503,85
1,KMVX20160802_103903_V06,-29.960,0.134,325.557,204.618,16.558,-97.154,47.957,8278.981,49373.113,20160802_053903,479190,131,66257,112
1,KMVX20160802_104248_V06,-26.210,0.069,327.384,206.262,18.194,-97.142,47.949,9096.914,48827.984,20160802_054248,479193,164,65080,122
1,KMVX20160802_104651_V06,-22.160,0.129,330.544,209.700,25.547,-97.121,47.934,12773.568,47662.852,20160802_054651,479183,134,62610,64
2,KMVX20160802_110230_V06,-6.510,0.064,183.081,141.361,11.953,-98.112,48.239,5976.303,98534.525,20160802_060230,479188,102,50976,88
3,KMVX20160802_110632_V06,-2.477,0.124,159.825,394.404,12.617,-98.248,47.100,6308.332,84500.044,20160802_060632,479188,96,49867,91
4,KMVX20160802_111438_V06,5.623,0.051,481.029,464.300,26.541,-96.140,46.783,13270.386,122235.377,20160802_061438,479175,175,50440,164
5,KMVX20160802_111840_V06,9.656,0.071,162.412,404.807,18.622,-98.230,47.053,9310.759,86479.887,20160802_061840,479173,129,50396,121
5,KMVX20160803_111348_V06,3.510,0.067,28.646,426.260,48.595,-99.107,46.946,24297.409,149645.379,20160803_061348,479179,213,45290,142
5,KMVX20160803_111822_V06,8.076,0.175,28.871,426.335,55.293,-99.106,46.946,27646.324,149558.638,20160803_061822,479173,171,44987,113
5,KMVX20160803_112256_V06,12.643,0.053,27.907,415.602,57.345,-99.114,46.994,28672.532,147815.935,20160803_062256,479178,197,45222,136
6,KMVX20160803_113641_V06,26.393,0.050,26.606,406.373,50.236,-99.124,47.035,25117.964,146679.302,20160803_063641,479181,258,47955,155
6,KMVX20160803_114115_V06,30.960,0.091,26.964,407.149,56.584,-99.121,47.032,28291.896,146654.092,20160803_064115,479175,204,47867,121
2,KMVX20160803_103237_V06,-37.674,0.088,372.573,408.146,13.482,-96.848,47.041,6740.984,65120.052,20160803_053237,479174,129,60529,87
4,KMVX20160803_105528_V06,-14.824,0.073,192.272,223.618,10.162,-98.045,47.869,5081.013,66029.475,20160803_055528,479181,127,48634,106
8,KMVX20160803_122225_V06,72.126,0.188,28.619,434.101,47.082,-99.106,46.911,23541.203,151352.769,20160803_072225,479179,402,42406,310
16,KMVX20160804_112155_V06,10.339,0.300,358.674,344.199,19.359,-96.937,47.329,9679.508,36729.555,20160804_062155,479174,850,64052,452
16,KMVX20160804_112622_V06,14.789,0.694,366.693,341.245,23.613,-96.884,47.342,11806.314,39208.146,20160804_062622,479184,854,62941,416
16,KMVX20160804_113036_V06,19.023,0.255,376.417,338.709,28.659,-96.819,47.353,14329.436,42830.748,20160804_063036,479198,752,63066,372
10,KMVX20160804_105715_V06,-14.327,0.568,199.280,227.554,8.993,-97.998,47.852,4496.647,62034.284,20160804_055715,479191,1170,78738,293
10,KMVX20160804_110209_V06,-9.427,0.233,199.591,227.310,15.363,-97.996,47.853,7681.716,61979.394,20160804_060209,479173,1096,77225,357
10,KMVX20160804_110716_V06,-4.311,0.302,202.163,227.108,13.756,-97.979,47.854,6878.130,61002.717,20160804_060716,479187,1137,72261,511
19,KMVX20160804_113450_V06,23.256,0.227,508.520,319.117,26.874,-95.943,47.434,13437.145,104697.423,20160804_063450,479195,773,62125,303
19,KMVX20160804_113905_V06,27.506,0.156,512.124,318.097,32.894,-95.919,47.438,16447.242,106447.210,20160804_063905,479173,764,61238,350
21,KMVX20160804_113450_V06,23.256,0.087,319.503,425.739,23.871,-97.197,46.962,11935.293,63621.164,20160804_063450,479195,773,62125,303
21,KMVX20160804_113905_V06,27.506,0.072,320.661,424.185,30.591,-97.189,46.969,15295.597,62945.841,20160804_063905,479173,764,61238,350
21,KMVX20160804_114306_V06,31.523,0.079,343.122,418.171,29.840,-97.042,46.996,14920.053,62896.240,20160804_064306,479193,659,59548,348
7,KMVX20160804_104257_V06,-28.627,0.066,315.842,363.908,13.735,-97.220,47.241,6867.466,32921.323,20160804_054257,479183,1204,78479,194
12,KMVX20160804_110209_V06,-9.427,0.202,356.418,368.194,50.183,-96.953,47.221,25091.461,44253.414,20160804_060209,479173,1096,77225,357
14,KMVX20160804_111713_V06,5.639,0.094,333.375,355.743,24.417,-97.104,47.277,12208.431,32485.046,20160804_061713,479192,971,66059,500
15,KMVX20160804_111713_V06,5.639,0.065,425.232,337.247,35.774,-96.496,47.358,17886.801,65326.728,20160804_061713,479192,971,66059,500
17,KMVX20160804_112622_V06,14.789,0.065,412.554,449.932,27.632,-96.587,46.851,13816.031,93738.767,20160804_062622,479184,854,62941,416
23,KMVX20160804_114707_V06,35.539,0.081,161.253,415.250,68.265,-98.237,47.006,34132.275,90185.159,20160804_064707,479199,640,57548,285
27,KMVX20160804_121124_V06,59.823,0.191,251.283,551.369,53.693,-97.642,46.397,26846.500,128022.886,20160804_071124,479186,322,50350,118
27,KMVX20160804_121520_V06,63.756,0.066,270.943,547.172,51.725,-97.514,46.416,25862.625,124436.863,20160804_071520,479186,270,51102,104
2,KMVX20160805_111035_V06,-2.287,0.196,157.178,386.901,8.340,-98.266,47.133,4169.981,83591.246,20160805_061035,479176,136,26801,136
2,KMVX20160805_111939_V06,6.780,0.231,157.177,386.929,15.197,-98.266,47.133,7598.403,83598.865,20160805_061939,479175,92,25253,88
2,KMVX20160805_112841_V06,15.813,0.584,161.231,393.049,14.502,-98.239,47.106,7251.159,83538.905,20160805_062841,479180,92,25696,92
2,KMVX20160805_113744_V06,24.863,-1.000,164.690,398.276,14.999,-98.216,47.083,7499.545,83616.397,20160805_063744,479181,88,27357,86
2,KMVX20160805_114646_V06,33.896,0.202,161.443,400.586,16.771,-98.237,47.072,8385.596,85608.980,20160805_064646,479175,89,28554,88
2,KMVX20160805_115549_V06,42.946,0.367,162.703,404.460,19.189,-98.229,47.055,9594.334,86258.652,20160805_065549,479174,200,29984,199
1,KMVX20160805_105230_V06,-20.370,0.106,511.154,527.680,15.787,-95.950,46.496,7893.746,155261.400,20160805_055230,479177,160,34652,155
1,KMVX20160805_110133_V06,-11.320,0.067,510.716,527.780,22.668,-95.953,46.495,11334.148,155149.282,20160805_060133,479175,179,29264,179
3,KMVX20160805_111035_V06,-2.287,0.136,174.579,143.454,10.028,-98.169,48.229,5013.817,100295.654,20160805_061035,479176,136,26801,136
3,KMVX20160805_111939_V06,6.780,0.207,160.502,131.876,18.281,-98.265,48.280,9140.670,109230.753,20160805_061939,479175,92,25253,88
4,KMVX20160805_111035_V06,-2.287,0.098,501.911,465.156,24.837,-96.003,46.778,12418.700,130426.862,20160805_061035,479176,136,26801,136
1,KMVX20160807_104734_V06,-27.906,0.129,218.170,391.520,23.163,-97.864,47.115,11581.657,61384.013,20160807_054734,479180,185,53787,166
2,KMVX20160807_110555_V06,-9.556,0.129,510.092,511.961,19.902,-95.955,46.566,9951.196,149219.541,20160807_060555,479179,234,50365,216
3,KMVX20160807_112851_V06,13.377,0.054,293.699,401.354,4.518,-97.366,47.072,2258.963,50774.995,20160807_062851,479185,563,56716,542
1,KMVX20160808_105504_V06,-21.714,0.547,507.905,494.865,22.021,-95.967,46.644,11010.657,142475.338,20160808_055504,479179,356,26534,350
1,KMVX20160808_110405_V06,-12.698,0.586,509.004,491.403,33.860,-95.960,46.659,16930.227,141701.826,20160808_060405,479179,367,32337,356
1,KMVX20160808_111308_V06,-3.648,0.325,511.812,488.383,37.283,-95.941,46.672,18641.594,141732.575,20160808_061308,479178,368,27694,367
2,KMVX20160808_112208_V06,5.352,0.097,32.898,424.438,56.317,-99.080,46.955,28158.482,147333.269,20160808_062208,479174,280,30737,280
2,KMVX20160808_113109_V06,14.369,0.346,35.458,414.209,62.904,-99.064,47.001,31451.872,144071.341,20160808_063109,479172,149,35965,145
2,KMVX20160808_114011_V06,23.402,0.105,32.220,398.385,59.862,-99.088,47.072,29931.200,142640.928,20160808_064011,479176,79,37228,79
3,KMVX20160808_123420_V06,77.552,0.073,210.956,348.894,10.778,-97.914,47.307,5388.865,50792.487,20160808_073420,479177,28,31488,28
4,KMVX20160809_111159_V06,-6.110,0.234,29.931,171.936,20.194,-99.138,48.090,10097.170,149446.965,20160809_061159,479196,302,51775,265
4,KMVX20160809_111601_V06,-2.077,0.057,28.746,170.613,26.134,-99.146,48.096,13066.889,150266.131,20160809_061601,479210,222,52520,190
4,KMVX20160809_112003_V06,1.957,0.325,31.176,168.658,33.346,-99.130,48.105,16673.100,149597.162,20160809_062003,479194,152,53309,126
4,KMVX20160809_112406_V06,6.007,0.058,35.933,166.471,39.481,-99.098,48.115,19740.549,147953.727,20160809_062406,479195,193,53172,174
4,KMVX20160809_112807_V06,10.023,0.161,63.248,155.957,38.465,-98.916,48.165,19232.616,138564.173,20160809_062807,479193,181,54023,144
4,KMVX20160809_113209_V06,14.057,0.137,64.774,157.237,43.134,-98.906,48.159,21567.235,137579.558,20160809_063209,479209,195,53957,134
4,KMVX20160809_113612_V06,18.107,-1.000,65.893,158.177,48.295,-98.898,48.155,24147.397,136857.379,20160809_063612,479193,174,53471,153
4,KMVX20160809_114014_V06,22.140,0.104,80.429,155.051,50.558,-98.801,48.170,25279.190,131550.118,20160809_064014,479187,143,51991,101
1,KMVX20160809_105149_V06,-26.277,0.076,515.251,517.331,13.824,-95.922,46.542,6911.964,152942.719,20160809_055149,479184,243,53725,230
2,KMVX20160809_105550_V06,-22.260,0.129,329.305,207.479,9.358,-97.129,47.944,4678.818,48525.787,20160809_055550,479172,213,54391,193
7,KMVX20160809_112003_V06,1.957,0.288,128.936,70.598,5.298,-98.484,48.554,2649.120,143080.637,20160809_062003,479194,152,53309,126
1,KMVX20160810_103921_V06,-40.059,0.056,23.874,406.871,33.892,-99.142,47.033,16945.862,148043.316,20160810_053921,479199,9313,310627,1543
1,KMVX20160810_104522_V06,-34.042,0.168,26.196,403.354,41.169,-99.127,47.049,20584.402,146330.866,20160810_054522,479189,9710,300645,1362
10,KMVX20160810_113327_V06,14.041,0.106,206.093,350.710,8.799,-97.946,47.298,4399.302,53361.953,20160810_063327,479197,3508,182440,357
10,KMVX20160810_113955_V06,20.508,-1.000,206.093,350.710,19.081,-97.946,47.298,9540.302,53361.953,20160810_063955,479200,2637,164732,244
10,KMVX20160810_114623_V06,26.974,0.083,203.978,348.753,30.883,-97.960,47.307,15441.404,53844.672,20160810_064623,479187,1988,147271,109
8,KMVX20160810_112725_V06,8.008,0.092,170.077,359.235,21.985,-98.183,47.258,10992.512,71394.560,20160810_062725,479198,4320,201919,339
13,KMVX20160810_122921_V06,69.941,0.092,19.392,225.143,28.564,-99.200,47.849,14281.821,145210.541,20160810_072921,479190,894,75923,113
3,KMVX20160811_111522_V06,-5.361,0.461,508.201,495.913,19.606,-95.965,46.639,9803.240,142941.861,20160811_061522,479177,1,25085,1
3,KMVX20160811_112421_V06,3.622,0.424,511.202,494.326,31.060,-95.946,46.646,15530.207,143499.767,20160811_062421,479180,2,25093,2
3,KMVX20160811_113322_V06,12.639,0.130,512.593,489.220,38.662,-95.936,46.669,19330.845,142302.289,20160811_063322,479178,6,24188,5
1,KMVX20160811_102257_V06,-57.778,0.183,207.413,348.970,6.760,-97.937,47.306,3380.217,52370.001,20160811_052257,479186,4,39507,3
1,KMVX20160812_105922_V06,-22.682,0.225,159.491,57.255,12.638,-98.278,48.616,6319.183,140238.859,20160812_055922,479181,455,37806,429
2,KMVX20160812_110357_V06,-18.099,0.058,508.200,517.045,5.279,-95.968,46.544,2639.487,150379.544,20160812_060357,479175,405,35399,382
3,KMVX20160812_110832_V06,-13.516,0.099,105.303,272.008,8.375,-98.621,47.647,4187.650,98349.223,20160812_060832,479177,372,31770,353
4,KMVX20160812_111742_V06,-4.349,0.095,41.089,159.496,9.529,-99.065,48.147,4764.372,147289.325,20160812_061742,479185,449,30781,435
8,KMVX20160812_113600_V06,13.951,0.108,340.377,525.194,8.519,-97.062,46.515,4259.587,114392.381,20160812_063600,479174,359,35484,333
1,KMVX20160814_110929_V06,-15.215,0.642,522.834,518.832,23.412,-95.873,46.535,11706.207,156159.037,20160814_060929,479177,153,30806,148
1,KMVX20160814_111831_V06,-6.181,0.577,523.631,518.869,33.035,-95.867,46.534,16517.676,156456.357,20160814_061831,479173,177,30644,177
1,KMVX20160814_112733_V06,2.852,0.687,525.833,520.448,39.362,-95.853,46.527,19681.116,157795.418,20160814_062733,479176,171,37193,168
1,KMVX20160814_113634_V06,11.869,0.795,526.677,515.364,42.687,-95.847,46.550,21343.296,156336.388,20160814_063634,479173,129,41973,126
1,KMVX20160814_114536_V06,20.902,0.480,519.899,508.179,42.977,-95.890,46.583,21488.652,151405.074,20160814_064536,479175,126,43072,125
1,KMVX20160814_115439_V06,29.952,-1.000,513.774,501.223,43.563,-95.930,46.614,21781.309,146790.616,20160814_065439,479175,93,44158,92
1,KMVX20160814_120340_V06,38.969,0.246,517.283,502.085,33.114,-95.907,46.610,16557.045,148366.341,20160814_070340,479175,84,43754,84
2,KMVX20160814_110929_V06,-15.215,0.058,31.086,152.811,3.728,-99.133,48.176,1864.162,153280.379,20160814_060929,479177,153,30806,148
2,KMVX20160814_111831_V06,-6.181,0.066,31.993,154.090,13.129,-99.127,48.170,6564.717,152575.636,20160814_061831,479173,177,30644,177
2,KMVX20160814_112733_V06,2.852,-1.000,32.839,155.282,22.870,-99.121,48.165,11435.198,151919.864,20160814_062733,479176,171,37193,168
2,KMVX20160814_113634_V06,11.869,0.215,37.561,140.313,22.960,-99.091,48.233,11480.089,153602.218,20160814_063634,479173,129,41973,126
3,KMVX20160814_112733_V06,2.852,0.152,36.046,152.920,11.460,-99.100,48.176,5729.979,151082.987,20160814_062733,479176,171,37193,168
4,KMVX20160814_114536_V06,20.902,0.084,162.911,380.224,12.375,-98.229,47.164,6187.298,79418.790,20160814_064536,479175,126,43072,125
6,KMVX20160814_120340_V06,38.969,0.117,299.780,305.403,11.390,-97.326,47.504,5694.923,2703.502,20160814_070340,479175,84,43754,84
3,KMVX20160815_110712_V06,-18.825,0.539,514.690,505.333,15.435,-95.924,46.596,7717.744,148537.453,20160815_060712,479183,29,40899,27
3,KMVX20160815_111146_V06,-14.259,0.624,515.705,504.598,21.464,-95.917,46.599,10731.863,148651.694,20160815_061146,479181,35,33114,34
3,KMVX20160815_111620_V06,-9.692,0.471,517.639,503.048,25.906,-95.905,46.606,12952.903,148824.810,20160815_061620,479184,32,28114,32
3,KMVX20160815_112054_V06,-5.125,0.672,523.548,501.270,33.828,-95.866,46.613,16914.223,150401.985,20160815_062054,479175,51,29538,48
3,KMVX20160815_112529_V06,-0.542,0.625,528.498,499.745,41.456,-95.833,46.620,20728.243,151747.655,20160815_062529,479187,64,33170,62
3,KMVX20160815_113003_V06,4.025,0.586,529.287,499.677,45.440,-95.828,46.620,22720.225,152022.644,20160815_063003,479179,85,38375,74
3,KMVX20160815_113438_V06,8.608,0.604,530.683,496.968,50.820,-95.819,46.632,25410.113,151666.497,20160815_063438,479178,86,42205,81
3,KMVX20160815_113914_V06,13.208,0.582,526.151,497.513,53.155,-95.848,46.630,26577.411,150129.879,20160815_063914,479184,101,43118,87
2,KMVX20160815_104213_V06,-43.809,0.074,301.500,182.187,32.933,-97.315,48.058,16466.537,58911.206,20160815_054213,479189,25,42684,21
2,KMVX20160815_104647_V06,-39.242,0.094,300.007,182.201,40.466,-97.325,48.058,20232.807,58899.579,20160815_054647,479178,23,40492,21
2,KMVX20160815_105121_V06,-34.675,0.056,296.007,177.483,48.044,-97.352,48.079,24021.951,61290.851,20160815_055121,479180,16,38052,16
4,KMVX20160815_113003_V06,4.025,0.685,29.266,117.174,29.721,-99.151,48.336,14860.485,163342.135,20160815_063003,479179,85,38375,74
4,KMVX20160815_113438_V06,8.608,0.460,29.515,117.272,35.151,-99.149,48.335,17575.545,163211.488,20160815_063438,479178,86,42205,81
4,KMVX20160815_113914_V06,13.208,0.206,31.048,116.999,34.741,-99.139,48.337,17370.437,162653.651,20160815_063914,479184,101,43118,87
3,KMVX20160816_110614_V06,-21.121,0.331,508.416,513.770,22.758,-95.966,46.558,11379.179,149277.457,20160816_060614,479193,186,66647,32
3,KMVX20160816_111124_V06,-15.954,0.604,508.679,514.843,29.909,-95.964,46.554,14954.622,149753.650,20160816_061124,479199,105,68002,21
3,KMVX20160816_111630_V06,-10.854,0.698,511.912,516.666,34.745,-95.944,46.545,17372.419,151534.775,20160816_061630,479186,28,67164,13
3,KMVX20160816_112136_V06,-5.754,0.708,511.285,515.426,43.073,-95.947,46.551,21536.680,150872.105,20160816_062136,479203,18,66587,14
3,KMVX20160816_112630_V06,-0.854,0.667,513.112,512.905,48.892,-95.935,46.562,24446.109,150619.535,20160816_062630,479206,15,65434,15
3,KMVX20160816_113124_V06,4.046,0.131,514.854,506.424,58.844,-95.923,46.591,29421.794,148974.256,20160816_063124,479187,8,65618,7
10,KMVX20160816_120215_V06,34.896,0.164,222.443,324.930,11.316,-97.839,47.415,5658.115,40732.550,20160816_070215,479174,44,54745,7
10,KMVX20160816_120617_V06,38.929,0.079,222.947,324.674,16.775,-97.836,47.416,8387.656,40453.874,20160816_070617,479190,15,53482,5
1,KMVX20160816_104549_V06,-41.537,0.052,300.371,237.842,29.508,-97.323,47.808,14753.891,31079.380,20160816_054549,479171,596,66441,71
2,KMVX20160816_110108_V06,-26.221,0.082,390.854,213.917,67.709,-96.717,47.914,33854.504,62579.286,20160816_060108,479185,369,65911,32
14,KMVX20160816_121824_V06,51.046,0.071,24.157,228.744,36.268,-99.167,47.834,18134.188,142449.064,20160816_071824,479178,4,42602,3
2,KMVX20160817_111028_V06,-18.217,0.793,509.921,517.473,28.485,-95.957,46.542,14242.402,151129.909,20160817_061028,479176,207,31040,117
2,KMVX20160817_111930_V06,-9.184,0.833,511.234,516.435,35.568,-95.948,46.546,17784.206,151214.801,20160817_061930,479175,368,31666,230
2,KMVX20160817_112830_V06,-0.184,0.710,511.908,518.279,39.226,-95.944,46.538,19613.178,152110.779,20160817_062830,479172,280,58051,174
2,KMVX20160817_113329_V06,4.800,0.528,511.793,517.387,43.367,-95.944,46.542,21683.629,151750.972,20160817_063329,479178,286,66475,187
4,KMVX20160817_113329_V06,4.800,0.121,25.453,168.456,11.494,-99.168,48.105,5746.794,152217.085,20160817_063329,479178,286,66475,187
4,KMVX20160817_113829_V06,9.800,0.104,25.296,169.139,17.376,-99.169,48.102,8687.930,152140.529,20160817_063829,479172,372,69734,212
1,KMVX20160817_110127_V06,-27.234,0.148,211.710,388.846,18.056,-97.907,47.127,9027.842,62627.401,20160817_060127,479174,261,29501,112
3,KMVX20160817_112830_V06,-0.184,0.115,26.495,168.275,13.315,-99.161,48.106,6657.668,151786.390,20160817_062830,479172,280,58051,174
5,KMVX20160817_114328_V06,14.783,0.073,222.580,388.763,19.890,-97.835,47.128,9944.777,58891.313,20160817_064328,479183,401,71205,284
6,KMVX20160817_115828_V06,29.783,0.072,331.711,301.204,24.633,-97.114,47.522,12316.254,15866.924,20160817_065828,479183,471,70723,299
7,KMVX20160817_115828_V06,29.783,0.053,459.605,420.687,30.226,-96.276,46.980,15112.776,100048.897,20160817_065828,479183,471,70723,299
5,KMVX20160818_105938_V06,-30.381,0.529,506.092,509.206,11.575,-95.981,46.579,5787.680,146834.254,20160818_055938,479172,12584,130752,1788
5,KMVX20160818_110606_V06,-23.914,0.599,508.313,508.240,18.832,-95.966,46.583,9416.120,147273.579,20160818_060606,479180,14249,137821,2339
5,KMVX20160818_111233_V06,-17.464,0.633,511.800,506.719,26.831,-95.943,46.590,13415.535,147979.754,20160818_061233,479185,14978,141327,2600
5,KMVX20160818_111900_V06,-11.014,0.735,520.157,506.250,32.503,-95.889,46.591,16251.687,150837.803,20160818_061900,479204,16452,146200,3282
5,KMVX20160818_112527_V06,-4.564,0.733,521.243,505.484,42.966,-95.881,46.595,21482.825,150973.445,20160818_062527,479181,15720,153252,3065
5,KMVX20160818_113153_V06,1.869,0.439,529.099,502.294,52.988,-95.830,46.608,26493.887,152814.702,20160818_063153,479185,16861,163047,3005
5,KMVX20160818_113821_V06,8.336,0.084,531.599,495.364,57.075,-95.813,46.639,28537.664,151497.102,20160818_063821,479189,16137,170483,2616
6,KMVX20160818_113821_V06,8.336,0.061,373.686,58.729,59.623,-96.825,48.612,29811.737,126136.261,20160818_063821,479189,16137,170483,2616
6,KMVX20160818_114439_V06,14.636,0.082,376.338,58.228,64.762,-96.807,48.614,32381.066,126768.564,20160818_064439,479187,16165,182089,1995
12,KMVX20160818_124102_V06,71.019,0.304,29.996,41.647,35.029,-99.158,48.675,17514.568,186848.026,20160818_074102,479197,15006,240012,1807
12,KMVX20160818_124729_V06,77.469,0.087,32.815,41.597,43.219,-99.139,48.676,21609.341,185849.259,20160818_074729,479194,15346,246196,1711
4,KMVX20160818_105311_V06,-36.831,0.058,486.452,144.027,17.842,-96.070,48.223,8920.868,121544.143,20160818_055311,479200,12693,125691,1710
1,KMVX20160819_110705_V06,-24.263,0.067,503.966,522.496,11.459,-95.996,46.520,5729.693,150919.416,20160819_060705,479181,148,31957,133
1,KMVX20160819_111141_V06,-19.663,0.401,504.930,522.910,18.150,-95.990,46.518,9074.886,151397.849,20160819_061141,479180,139,32299,133
1,KMVX20160819_111616_V06,-15.079,0.601,506.631,525.368,21.315,-95.979,46.506,10657.265,152878.344,20160819_061616,479176,185,30179,176
1,KMVX20160819_112051_V06,-10.496,0.639,507.166,526.493,25.580,-95.976,46.501,12789.768,153473.850,20160819_062051,479180,148,28299,130
1,KMVX20160819_112526_V06,-5.913,0.704,508.778,525.142,30.206,-95.965,46.507,15102.930,153522.981,20160819_062526,479174,184,16751,183
1,KMVX20160819_113428_V06,3.121,0.203,510.458,520.664,37.643,-95.953,46.527,18821.284,152467.281,20160819_063428,479175,176,16856,169
2,KMVX20160819_112526_V06,-5.913,0.076,154.782,386.245,5.466,-98.282,47.136,2733.032,84449.140,20160819_062526,479174,184,16751,183
2,KMVX20160819_113428_V06,3.121,0.070,156.147,387.491,13.359,-98.273,47.131,6679.278,84185.129,20160819_063428,479175,176,16856,169
2,KMVX20160819_114330_V06,12.154,0.666,162.057,403.269,21.084,-98.233,47.060,10541.991,86157.808,20160819_064330,479176,234,17037,230
2,KMVX20160819_115231_V06,21.171,0.329,165.115,408.074,23.941,-98.212,47.039,11970.691,86420.626,20160819_065231,479178,215,18709,204
3,KMVX20160819_113428_V06,3.121,0.613,278.269,496.267,21.402,-97.467,46.645,10700.782,98733.283,20160819_063428,479175,176,16856,169
3,KMVX20160819_114330_V06,12.154,0.563,278.111,498.930,27.841,-97.468,46.633,13920.359,100065.528,20160819_064330,479176,234,17037,230
6,KMVX20160819_113428_V06,3.121,0.156,175.326,153.962,17.250,-98.163,48.182,8625.223,96008.877,20160819_063428,479175,176,16856,169
6,KMVX20160819_114330_V06,12.154,0.158,174.588,157.885,27.815,-98.168,48.164,13907.336,94769.196,20160819_064330,479176,234,17037,230
9,KMVX20160819_114330_V06,12.154,0.486,171.291,527.512,18.592,-98.163,46.502,9296.249,130697.789,20160819_064330,479176,234,17037,230
9,KMVX20160819_115231_V06,21.171,0.190,172.456,530.507,28.596,-98.156,46.488,14298.041,131720.199,20160819_065231,479178,215,18709,204
5,KMVX20160819_113428_V06,3.121,0.305,120.881,54.772,14.011,-98.540,48.624,7005.707,151839.275,20160819_063428,479175,176,16856,169
7,KMVX20160819_113428_V06,3.121,0.156,136.558,430.487,17.178,-98.398,46.936,8588.815,104570.807,20160819_063428,479175,176,16856,169
8,KMVX20160819_113428_V06,3.121,0.139,131.334,361.814,9.216,-98.439,47.245,4607.875,89818.012,20160819_063428,479175,176,16856,169
12,KMVX20160819_120131_V06,30.171,0.065,30.021,199.918,38.604,-99.133,47.964,19301.807,143966.407,20160819_070131,479174,255,21118,254
14,KMVX20160819_121935_V06,48.237,0.121,305.462,195.105,112.013,-97.288,48.000,56006.622,52518.476,20160819_071935,479175,297,23496,295
16,KMVX20160819_124641_V06,75.337,0.060,159.346,61.245,6.726,-98.278,48.598,3362.993,138553.024,20160819_074641,479179,434,26639,427
4,KMVX20160820_113216_V06,-0.412,0.744,156.358,400.410,9.110,-98.271,47.073,4554.823,87628.835,20160820_063216,479175,9,27908,3
4,KMVX20160820_114117_V06,8.605,0.880,156.869,403.991,17.345,-98.267,47.056,8672.701,88460.135,20160820_064117,479177,16,34576,4
4,KMVX20160820_114552_V06,13.188,0.725,156.243,405.969,17.941,-98.271,47.048,8970.456,89296.573,20160820_064552,479183,20,34142,11
4,KMVX20160820_115027_V06,17.771,0.646,156.567,408.046,19.918,-98.269,47.038,9958.917,89787.299,20160820_065027,479185,10,33923,5
4,KMVX20160820_115503_V06,22.371,0.271,156.586,412.159,20.856,-98.268,47.020,10428.101,91032.047,20160820_065503,479181,12,33554,3
4,KMVX20160820_115938_V06,26.955,0.084,156.799,416.442,22.671,-98.266,47.000,11335.608,92283.665,20160820_065938,479180,11,33084,4
14,KMVX20160820_115027_V06,17.771,0.279,493.699,505.244,29.688,-96.061,46.598,14843.853,141106.504,20160820_065027,479185,10,33923,5
14,KMVX20160820_115503_V06,22.371,0.210,492.833,505.660,35.945,-96.067,46.596,17972.455,140961.587,20160820_065503,479181,12,33554,3
14,KMVX20160820_115938_V06,26.955,0.253,488.187,512.026,42.270,-96.098,46.568,21135.087,141747.365,20160820_065938,479180,11,33084,4
14,KMVX20160820_120414_V06,31.555,0.221,482.377,513.898,45.591,-96.136,46.560,22795.695,140546.729,20160820_070414,479181,17,32779,7
14,KMVX20160820_120850_V06,36.155,0.118,480.853,512.970,47.611,-96.146,46.564,23805.439,139699.670,20160820_070850,479181,11,32648,7
8,KMVX20160820_113216_V06,-0.412,0.075,182.139,228.999,6.155,-98.112,47.845,3077.616,68797.269,20160820_063216,479175,9,27908,3
8,KMVX20160820_114117_V06,8.605,0.320,183.483,233.127,17.285,-98.103,47.826,8642.486,67171.709,20160820_064117,479177,16,34576,4
8,KMVX20160820_114552_V06,13.188,0.160,185.957,237.488,19.854,-98.086,47.807,9926.905,65026.175,20160820_064552,479183,20,34142,11
8,KMVX20160820_115027_V06,17.771,0.057,187.357,240.745,22.934,-98.077,47.792,11466.782,63638.817,20160820_065027,479185,10,33923,5
6,KMVX20160820_113216_V06,-0.412,0.180,467.095,417.174,13.662,-96.227,46.996,6830.780,102042.232,20160820_063216,479175,9,27908,3
6,KMVX20160820_114117_V06,8.605,0.245,469.287,419.292,22.538,-96.212,46.986,11268.961,103547.977,20160820_064117,479177,16,34576,4
6,KMVX20160820_114552_V06,13.188,0.099,473.381,424.512,24.095,-96.186,46.962,12047.288,106729.023,20160820_064552,479183,20,34142,11
20,KMVX20160820_122236_V06,49.921,0.169,155.023,393.086,8.124,-98.280,47.105,4061.909,86144.171,20160820_072236,479182,14,32838,2
20,KMVX20160820_122711_V06,54.505,0.281,155.015,393.814,13.894,-98.280,47.102,6946.978,86344.834,20160820_072711,479178,14,32820,6
20,KMVX20160820_123146_V06,59.088,0.093,155.097,397.091,15.361,-98.279,47.087,7680.328,87211.726,20160820_073146,479186,7,33033,2
9,KMVX20160820_114117_V06,8.605,0.389,66.418,359.542,10.157,-98.868,47.250,5078.460,120525.502,20160820_064117,479177,16,34576,4
9,KMVX20160820_114552_V06,13.188,0.149,66.473,361.145,17.181,-98.867,47.243,8590.684,120699.523,20160820_064552,479183,20,34142,11
13,KMVX20160820_114117_V06,8.605,0.055,166.158,161.215,17.786,-98.224,48.149,8893.030,96403.895,20160820_064117,479177,16,34576,4
13,KMVX20160820_114552_V06,13.188,-1.000,166.158,161.215,25.074,-98.224,48.149,12536.780,96403.895,20160820_064552,479183,20,34142,11
13,KMVX20160820_115027_V06,17.771,0.128,166.772,162.246,25.593,-98.220,48.144,12796.637,95819.786,20160820_065027,479185,10,33923,5
13,KMVX20160820_115503_V06,22.371,0.097,169.675,161.035,20.291,-98.201,48.150,10145.687,95257.362,20160820_065503,479181,12,33554,3
13,KMVX20160820_115938_V06,26.955,0.259,171.015,161.991,26.852,-98.192,48.145,13425.796,94450.727,20160820_065938,479180,11,33084,4
13,KMVX20160820_120414_V06,31.555,0.111,175.136,163.283,23.498,-98.164,48.140,11749.126,92577.750,20160820_070414,479181,17,32779,7
2,KMVX20160820_105611_V06,-36.495,0.066,23.144,249.021,23.590,-99.171,47.743,11795.147,140754.930,20160820_055611,479182,7,17879,4
3,KMVX20160820_111414_V06,-18.445,0.052,201.124,259.354,18.974,-97.984,47.709,9487.097,53452.104,20160820_061414,479177,12,25364,6
15,KMVX20160820_115027_V06,17.771,0.067,324.678,42.749,23.964,-97.157,48.685,11982.002,129216.220,20160820_065027,479185,10,33923,5
23,KMVX20160820_123146_V06,59.088,0.091,136.653,240.028,20.069,-98.415,47.793,10034.715,87004.273,20160820_073146,479186,7,33033,2
1,KMVX20160821_111450_V06,-19.178,0.086,209.580,239.833,13.932,-97.928,47.797,6965.805,54304.591,20160821_061450,479176,17,46887,7
2,KMVX20160821_112353_V06,-10.128,0.104,157.927,385.672,3.130,-98.261,47.139,1564.919,82952.342,20160821_062353,479178,18,36242,15
6,KMVX20160822_125348_V06,78.454,0.346,207.487,349.340,7.279,-97.937,47.305,3639.469,52424.051,20160822_075348,479175,8,14498,8
6,KMVX20160822_130251_V06,87.504,0.079,205.796,347.475,17.405,-97.948,47.313,8702.495,52745.189,20160822_080251,479179,10,15492,10
1,KMVX20160822_103813_V06,-57.129,0.072,206.039,349.177,10.188,-97.946,47.305,5093.897,53026.172,20160822_053813,479179,29,27271,29
2,KMVX20160822_111421_V06,-20.996,0.809,356.314,218.920,10.047,-96.948,47.892,5023.571,49359.123,20160822_061421,479177,22,22968,19
5,KMVX20160822_115032_V06,15.188,0.269,210.786,345.098,14.345,-97.915,47.324,7172.550,49982.416,20160822_065032,479170,22,20689,22
2,KMVX20160824_112947_V06,-8.231,0.911,174.475,146.644,8.092,-98.170,48.215,4045.757,99089.306,20160824_062947,479173,74,13584,65
2,KMVX20160824_113848_V06,0.785,0.062,175.228,145.656,15.476,-98.165,48.219,7737.807,99234.927,20160824_063848,479182,51,16055,48
2,KMVX20160824_114749_V06,9.802,0.845,186.759,149.708,21.116,-98.087,48.201,10558.165,94089.192,20160824_064749,479176,66,21925,65
2,KMVX20160824_115652_V06,18.852,0.524,195.648,152.882,28.948,-98.027,48.188,14473.935,90184.761,20160824_065652,479178,28,21522,28
10,KMVX20160824_120554_V06,27.885,0.156,77.677,229.120,28.536,-98.810,47.837,14267.925,116674.001,20160824_070554,479177,33,22244,32
10,KMVX20160824_121456_V06,36.919,0.178,82.362,231.658,39.158,-98.778,47.826,19578.988,114058.151,20160824_071456,479175,35,22313,28
1,KMVX20160824_112045_V06,-17.265,0.088,135.830,210.236,8.493,-98.423,47.926,4246.727,93553.889,20160824_062045,479181,68,14756,65
4,KMVX20160824_113848_V06,0.785,0.244,58.160,182.571,29.801,-98.947,48.045,14900.650,134421.177,20160824_063848,479182,51,16055,48
5,KMVX20160824_113848_V06,0.785,0.173,199.295,229.705,11.623,-97.998,47.842,5811.281,61405.889,20160824_063848,479182,51,16055,48
7,KMVX20160824_114749_V06,9.802,0.116,176.228,397.274,18.078,-98.140,47.088,9038.944,78711.106,20160824_064749,479176,66,21925,65
2,KMVX20160825_104826_V06,-50.917,0.070,206.304,348.982,8.327,-97.945,47.306,4163.671,52863.600,20160825_054826,479184,3,35159,3
9,KMVX20160825_112508_V06,-14.217,0.066,290.291,160.966,37.262,-97.390,48.153,18631.178,69686.239,20160825_062508,479183,5,35511,5
9,KMVX20160825_112945_V06,-9.600,-1.000,290.291,160.966,44.603,-97.390,48.153,22301.428,69686.239,20160825_062945,479178,7,36111,4
9,KMVX20160825_113420_V06,-5.017,0.065,297.776,167.400,38.548,-97.340,48.124,19274.063,66309.192,20160825_063420,479173,9,36827,2
10,KMVX20160825_113420_V06,-5.017,0.334,213.632,348.711,11.387,-97.896,47.308,5693.542,49578.555,20160825_063420,479173,9,36827,2
20,KMVX20160825_124309_V06,63.800,0.103,356.549,154.253,10.046,-96.945,48.183,5023.167,78166.429,20160825_074309,479180,5,43537,2
21,KMVX20160825_124745_V06,68.400,0.081,213.945,349.650,11.192,-97.894,47.303,5596.245,49675.579,20160825_074745,479176,15,45832,9
22,KMVX20160825_125646_V06,77.417,0.761,232.807,123.350,42.975,-97.778,48.322,21487.619,94498.933,20160825_075646,479179,7,47888,7
5,KMVX20160826_121545_V06,35.064,0.347,31.841,430.657,12.741,-99.086,46.927,6370.354,149148.117,20160826_071545,479180,292,39669,269
5,KMVX20160826_122449_V06,44.131,0.255,30.178,431.366,22.123,-99.096,46.923,11061.604,150050.625,20160826_072449,479189,251,47516,213
1,KMVX20160826_112123_V06,-19.302,0.297,478.588,519.354,5.146,-96.161,46.536,2572.948,141430.051,20160826_062123,479175,177,42703,165
3,KMVX20160826_113027_V06,-10.236,0.066,187.703,220.694,4.860,-98.076,47.882,2430.235,68738.632,20160826_063027,479178,216,44029,198
4,KMVX20160826_113930_V06,-1.186,0.073,18.398,159.023,13.085,-99.217,48.147,6542.386,157459.796,20160826_063930,479179,217,43396,182
5,KMVX20160827_115238_V06,10.612,0.328,21.269,238.145,31.448,-99.185,47.791,15723.999,142756.084,20160827_065238,479195,10160,163345,796
5,KMVX20160827_115758_V06,15.945,0.291,22.714,240.677,40.713,-99.175,47.780,20356.541,141780.180,20160827_065758,479188,11779,165836,918
1,KMVX20160828_111638_V06,-26.724,0.833,344.276,229.282,5.925,-97.029,47.846,2962.627,41717.763,20160828_061638,479181,1,35464,1
1,KMVX20160828_112114_V06,-22.124,0.950,345.147,225.005,13.066,-97.023,47.865,6533.184,43768.006,20160828_062114,479179,1,32638,1
1,KMVX20160828_112549_V06,-17.541,0.937,345.718,220.713,16.683,-97.019,47.884,8341.350,45761.961,20160828_062549,479184,1,30197,1
1,KMVX20160828_113024_V06,-12.957,0.811,348.488,217.669,21.654,-97.001,47.898,10826.937,47774.203,20160828_063024,479182,1,28281,1
1,KMVX20160828_113459_V06,-8.374,0.190,348.891,213.809,29.112,-96.998,47.915,14555.806,49545.721,20160828_063459,479177,2,29243,2
2,KMVX20160828_122051_V06,37.493,0.083,33.937,273.619,38.822,-99.095,47.633,19411.188,133683.809,20160828_072051,479184,10,29566,1
20,KMVX20160829_121622_V06,31.674,0.174,431.479,286.944,26.779,-96.451,47.583,13389.252,66062.626,20160829_071622,479193,1140,49691,54
20,KMVX20160829_122115_V06,36.557,0.317,435.690,286.936,31.712,-96.423,47.583,15855.951,68158.887,20160829_072115,479178,899,50239,36
20,KMVX20160829_122557_V06,41.257,0.531,448.758,286.948,31.698,-96.336,47.582,15848.983,74664.889,20160829_072557,479191,642,49825,31
20,KMVX20160829_123037_V06,45.924,0.406,460.464,286.191,30.626,-96.258,47.585,15313.187,80528.408,20160829_073037,479181,510,49029,30
20,KMVX20160829_123519_V06,50.624,0.359,470.795,287.210,31.028,-96.190,47.580,15513.869,85636.354,20160829_073519,479170,446,47327,25
20,KMVX20160829_123947_V06,55.090,0.073,469.056,286.640,40.534,-96.201,47.583,20266.903,84791.573,20160829_073947,479191,272,45452,16
1,KMVX20160829_104645_V06,-57.943,0.335,344.137,307.013,12.736,-97.032,47.496,6367.943,22345.312,20160829_054645,479196,1551,41911,230
1,KMVX20160829_105144_V06,-52.960,0.470,347.487,306.695,18.188,-97.010,47.498,9094.112,23978.356,20160829_055144,479184,1237,41920,230
1,KMVX20160829_105634_V06,-48.126,-1.000,350.104,306.448,23.943,-96.993,47.499,11971.420,25258.549,20160829_055634,479190,1102,40502,176
1,KMVX20160829_110142_V06,-42.993,-1.000,352.883,306.184,30.055,-96.974,47.500,15027.320,26621.847,20160829_060142,479201,993,40806,152
1,KMVX20160829_110637_V06,-38.076,-1.000,355.545,305.932,35.908,-96.956,47.501,17954.237,27930.623,20160829_060637,479192,890,42027,79
1,KMVX20160829_111126_V06,-33.260,-1.000,358.153,305.685,41.643,-96.939,47.502,20821.624,29215.257,20160829_061126,479183,703,41099,43
1,KMVX20160829_111621_V06,-28.343,-1.000,360.815,305.433,47.497,-96.921,47.503,23748.541,30528.768,20160829_061621,479189,866,41863,47
1,KMVX20160829_112127_V06,-23.243,0.059,364.106,288.694,46.971,-96.899,47.578,23485.310,32547.813,20160829_062127,479183,958,44378,44
1,KMVX20160829_112635_V06,-18.110,0.276,377.906,285.468,46.921,-96.807,47.592,23460.613,39625.070,20160829_062635,479190,1007,44577,103
1,KMVX20160829_113130_V06,-13.193,0.206,372.601,283.038,56.605,-96.842,47.603,28302.411,37277.903,20160829_063130,479196,1084,43815,153
10,KMVX20160829_113638_V06,-8.060,0.363,162.987,150.230,7.113,-98.247,48.198,3556.435,101493.615,20160829_063638,479202,1159,41409,101
10,KMVX20160829_114145_V06,-2.943,0.405,163.036,152.237,13.162,-98.246,48.189,6580.800,100738.569,20160829_064145,479200,1226,40348,109
10,KMVX20160829_114635_V06,1.890,0.168,163.168,159.425,16.533,-98.245,48.157,8266.280,98087.119,20160829_064635,479195,1148,40693,91
10,KMVX20160829_115130_V06,6.807,0.422,164.673,165.331,18.390,-98.234,48.130,9195.079,95458.427,20160829_065130,479203,1225,42993,112
10,KMVX20160829_115618_V06,11.607,0.549,168.504,167.965,18.750,-98.208,48.118,9375.037,93172.490,20160829_065618,479184,1354,46862,107
13,KMVX20160829_114635_V06,1.890,0.196,365.295,284.044,25.274,-96.891,47.599,12637.180,33608.183,20160829_064635,479195,1148,40693,91
13,KMVX20160829_115130_V06,6.807,0.357,370.029,285.351,30.399,-96.859,47.593,15199.665,35772.287,20160829_065130,479203,1225,42993,112
13,KMVX20160829_115618_V06,11.607,0.056,371.691,282.970,38.382,-96.848,47.604,19191.188,36843.136,20160829_065618,479184,1354,46862,107
2,KMVX20160829_105634_V06,-48.126,0.248,329.061,268.577,17.514,-97.132,47.669,8757.084,21400.544,20160829_055634,479190,1102,40502,176
2,KMVX20160829_110142_V06,-42.993,0.107,329.616,270.240,25.745,-97.128,47.662,12872.629,20992.564,20160829_060142,479201,993,40806,152
12,KMVX20160829_114145_V06,-2.943,0.272,188.363,238.544,10.408,-98.070,47.802,5204.103,63717.595,20160829_064145,479200,1226,40348,109
12,KMVX20160829_114635_V06,1.890,0.061,188.373,238.694,16.850,-98.070,47.801,8425.124,63676.921,20160829_064635,479195,1148,40693,91
14,KMVX20160829_115618_V06,11.607,0.668,128.251,64.676,11.326,-98.489,48.580,5663.129,145666.632,20160829_065618,479184,1354,46862,107
14,KMVX20160829_120126_V06,16.740,0.478,125.205,64.969,20.853,-98.509,48.579,10426.317,146451.889,20160829_070126,479209,1438,48579,80
19,KMVX20160829_120615_V06,21.557,0.249,414.087,286.645,23.305,-96.567,47.586,11652.466,57432.942,20160829_070615,479195,1421,49874,73
19,KMVX20160829_121115_V06,26.557,0.075,415.061,286.591,30.732,-96.560,47.586,15365.793,57919.685,20160829_071115,479208,1256,50201,73
4,KMVX20160829_105634_V06,-48.126,0.054,188.595,346.086,12.301,-98.062,47.318,6150.417,60280.674,20160829_055634,479190,1102,40502,176
5,KMVX20160829_110142_V06,-42.993,0.060,393.575,248.953,29.267,-96.701,47.756,14633.320,53296.477,20160829_060142,479201,993,40806,152
6,KMVX20160829_110637_V06,-38.076,0.128,379.725,169.785,3.672,-96.790,48.112,1836.098,76341.180,20160829_060637,479192,890,42027,79
8,KMVX20160829_112635_V06,-18.110,0.075,453.757,256.447,27.720,-96.300,47.719,13860.077,79903.280,20160829_062635,479190,1007,44577,103
9,KMVX20160829_113130_V06,-13.193,0.107,25.302,206.002,30.276,-99.163,47.936,15137.947,145167.666,20160829_063130,479196,1084,43815,153
11,KMVX20160829_113638_V06,-8.060,0.221,250.206,338.006,16.394,-97.655,47.357,8197.126,31320.440,20160829_063638,479202,1159,41409,101
15,KMVX20160829_115618_V06,11.607,0.323,29.753,179.782,31.899,-99.138,48.054,15949.710,147890.007,20160829_065618,479184,1354,46862,107
15,KMVX20160829_120126_V06,16.740,0.065,38.083,181.414,28.015,-99.082,48.048,14007.266,143756.010,20160829_070126,479209,1438,48579,80
6,KMVX20160830_114925_V06,3.388,0.325,36.187,156.458,11.648,-99.098,48.160,5823.900,150168.152,20160830_064925,479178,359,33468,315
6,KMVX20160830_115827_V06,12.421,0.479,35.738,155.396,29.960,-99.101,48.165,14980.080,150619.363,20160830_065827,479180,302,35604,274
6,KMVX20160830_120730_V06,21.471,0.126,45.952,155.853,48.011,-99.033,48.164,24005.485,146046.835,20160830_070730,479174,238,37825,215
6,KMVX20160830_121632_V06,30.505,0.059,62.415,159.534,53.347,-98.922,48.149,26673.632,138001.091,20160830_071632,479172,179,39714,164
2,KMVX20160830_113121_V06,-14.679,0.171,186.145,222.733,6.133,-98.086,47.873,3066.366,68798.647,20160830_063121,479179,358,27681,314
2,KMVX20160830_114023_V06,-5.645,0.112,187.000,224.550,14.709,-98.080,47.865,7354.565,67937.118,20160830_064023,479174,374,27361,346
2,KMVX20160830_114925_V06,3.388,0.052,187.572,228.523,15.565,-98.076,47.847,7782.470,66612.456,20160830_064925,479178,359,33468,315
4,KMVX20160830_114023_V06,-5.645,0.404,282.263,526.831,6.779,-97.441,46.508,3389.559,113761.825,20160830_064023,479174,374,27361,346
4,KMVX20160830_114925_V06,3.388,0.192,279.861,529.789,19.148,-97.456,46.494,9574.154,115334.834,20160830_064925,479178,359,33468,315
4,KMVX20160830_115827_V06,12.421,0.270,275.249,537.547,27.762,-97.486,46.460,13880.852,119416.668,20160830_065827,479180,302,35604,274
5,KMVX20160830_114925_V06,3.388,0.411,149.393,396.688,15.543,-98.317,47.089,7771.336,89485.914,20160830_064925,479178,359,33468,315
7,KMVX20160830_114925_V06,3.388,0.206,148.769,437.727,13.921,-98.317,46.904,6960.632,102273.542,20160830_064925,479178,359,33468,315
8,KMVX20160831_114249_V06,-4.548,0.146,154.680,140.584,9.639,-98.303,48.241,4819.706,107855.729,20160831_064249,479179,616,45452,238
8,KMVX20160831_114724_V06,0.036,0.519,154.393,140.930,15.412,-98.305,48.239,7706.140,107824.680,20160831_064724,479184,637,50030,271
8,KMVX20160831_115159_V06,4.619,0.379,152.970,141.254,17.668,-98.315,48.238,8834.109,108187.624,20160831_065159,479183,573,52127,241
10,KMVX20160831_115634_V06,9.202,0.148,27.377,184.765,29.381,-99.153,48.032,14690.550,147988.401,20160831_065634,479175,644,53108,266
10,KMVX20160831_120109_V06,13.786,0.052,29.549,184.445,35.911,-99.138,48.033,17955.310,147051.618,20160831_070109,479182,600,52957,207
1,KMVX20160831_104751_V06,-59.514,0.137,209.544,347.545,9.126,-97.923,47.313,4563.059,51094.997,20160831_054751,479185,309,52691,77
1,KMVX20160831_105227_V06,-54.914,-1.000,209.544,347.545,16.440,-97.923,47.313,8220.059,51094.997,20160831_055227,479175,284,51646,70
1,KMVX20160831_105702_V06,-50.331,0.159,212.018,349.539,14.095,-97.907,47.304,7047.401,50485.303,20160831_055702,479180,306,51033,57
2,KMVX20160831_104751_V06,-59.514,0.060,163.132,53.762,14.364,-98.253,48.632,7181.767,140859.840,20160831_054751,479185,309,52691,77
4,KMVX20160831_113339_V06,-13.714,0.063,181.621,223.022,8.288,-98.116,47.872,4143.810,70603.293,20160831_063339,479188,642,46362,252
6,KMVX20160831_113814_V06,-9.131,0.104,250.283,45.473,6.527,-97.662,48.672,3263.535,129668.616,20160831_063814,479179,676,44946,292
7,KMVX20160831_114249_V06,-4.548,0.152,218.171,86.799,3.292,-97.878,48.485,1646.080,114182.521,20160831_064249,479179,616,45452,238
1,KMVX20160901_114458_V06,-3.733,0.093,27.330,414.101,49.985,-99.118,47.001,24992.268,147790.224,20160901_064458,479176,16,33083,14
1,KMVX20160902_105304_V06,-56.968,0.057,209.523,349.007,8.476,-97.923,47.306,4238.094,51448.665,20160902_055304,479181,4,25643,3
1,KMVX20160902_110207_V06,-47.918,0.116,210.435,347.932,17.402,-97.917,47.311,8701.017,50792.235,20160902_060207,479175,13,25063,13
3,KMVX20160902_130836_V06,78.566,0.129,211.003,348.164,9.071,-97.913,47.310,4535.599,50596.996,20160902_080836,479176,15,17736,11
1,KMVX20160904_105849_V06,-53.887,0.080,208.562,348.093,8.393,-97.930,47.310,4196.314,51657.085,20160904_055849,479174,3234,85508,174
2,KMVX20160904_110724_V06,-45.303,0.100,162.647,195.342,23.850,-98.245,47.995,11924.755,86341.309,20160904_060724,479193,3747,82378,281
4,KMVX20160904_113341_V06,-19.020,0.528,350.642,229.785,6.189,-96.987,47.843,3094.662,43286.226,20160904_063341,479187,4148,79770,250
1,KMVX20160905_111151_V06,-42.187,0.105,217.704,148.214,26.670,-97.879,48.209,13335.236,86330.345,20160905_061151,479180,24,71278,3
1,KMVX20160906_115038_V06,-4.737,0.688,166.325,146.884,7.856,-98.224,48.213,3927.984,101628.476,20160906_065038,479181,15,26875,13
1,KMVX20160906_115940_V06,4.296,0.643,173.138,150.242,18.100,-98.178,48.198,9049.843,98134.271,20160906_065940,479177,21,26702,18
1,KMVX20160906_120842_V06,13.329,0.803,184.701,161.578,24.049,-98.100,48.148,12024.508,90075.692,20160906_070842,479179,25,26558,20
1,KMVX20160906_121744_V06,22.363,0.512,197.176,165.195,29.060,-98.016,48.132,14529.800,84771.846,20160906_071744,479180,33,26566,25
1,KMVX20160906_122645_V06,31.379,0.590,208.734,164.306,33.369,-97.938,48.137,16684.280,81765.335,20160906_072645,479172,59,27502,56
1,KMVX20160906_123546_V06,40.396,0.053,216.480,168.636,38.920,-97.886,48.117,19459.939,77833.255,20160906_073546,479177,32,28781,32
1,KMVX20160906_124449_V06,49.446,0.089,229.984,163.158,45.684,-97.795,48.142,22841.972,76857.104,20160906_074449,479177,23,28965,21
9,KMVX20160906_115940_V06,4.296,0.517,56.884,172.576,11.451,-98.957,48.090,5725.285,137242.536,20160906_065940,479177,21,26702,18
9,KMVX20160906_120842_V06,13.329,0.544,59.934,177.479,21.247,-98.936,48.068,10623.327,134762.112,20160906_070842,479179,25,26558,20
9,KMVX20160906_121744_V06,22.363,0.622,68.589,178.853,29.000,-98.877,48.062,14500.216,130601.925,20160906_071744,479180,33,26566,25
9,KMVX20160906_122645_V06,31.379,0.144,77.374,171.970,44.206,-98.819,48.094,22102.809,128407.767,20160906_072645,479172,59,27502,56
9,KMVX20160906_123546_V06,40.396,0.277,79.655,169.544,52.361,-98.804,48.105,26180.735,128033.555,20160906_073546,479177,32,28781,32
8,KMVX20160906_115038_V06,-4.737,0.054,157.054,395.792,8.097,-98.266,47.093,4048.420,86037.166,20160906_065038,479181,15,26875,13
8,KMVX20160906_115940_V06,4.296,0.053,160.433,393.127,18.542,-98.244,47.106,9270.842,83892.213,20160906_065940,479177,21,26702,18
8,KMVX20160906_120842_V06,13.329,0.064,167.268,398.881,22.151,-98.199,47.080,11075.351,82757.624,20160906_070842,479179,25,26558,20
2,KMVX20160906_115038_V06,-4.737,0.255,189.962,222.602,6.926,-98.060,47.874,3463.003,67266.037,20160906_065038,479181,15,26875,13
2,KMVX20160906_115940_V06,4.296,0.221,191.544,225.092,16.295,-98.050,47.863,8147.659,65905.052,20160906_065940,479177,21,26702,18
12,KMVX20160906_115940_V06,4.296,0.074,273.009,480.971,8.591,-97.501,46.714,4295.607,91486.323,20160906_065940,479177,21,26702,18
12,KMVX20160906_120842_V06,13.329,0.067,273.908,482.804,17.793,-97.496,46.706,8896.619,92328.521,20160906_070842,479179,25,26558,20
14,KMVX20160906_123546_V06,40.396,0.139,29.521,186.293,49.714,-99.138,48.025,24857.031,146703.975,20160906_073546,479177,32,28781,32
14,KMVX20160906_124449_V06,49.446,0.130,28.564,193.885,57.517,-99.143,47.991,28758.648,145720.485,20160906_074449,479177,23,28965,21
4,KMVX20160906_115038_V06,-4.737,0.096,123.773,370.678,17.655,-98.488,47.204,8827.501,94935.884,20160906_065038,479181,15,26875,13
4,KMVX20160906_115940_V06,4.296,0.110,111.154,358.645,14.638,-98.573,47.258,7319.169,98871.329,20160906_065940,479177,21,26702,18
7,KMVX20160906_115038_V06,-4.737,0.063,118.538,199.686,8.526,-98.540,47.973,4262.793,103671.830,20160906_065038,479181,15,26875,13
11,KMVX20160906_115940_V06,4.296,0.091,139.014,362.029,13.361,-98.388,47.244,6680.618,86261.208,20160906_065940,479177,21,26702,18
2,KMVX20160907_114757_V06,-8.754,0.289,268.517,516.678,8.034,-97.530,46.553,4016.951,109476.840,20160907_064757,479182,131,38657,125
2,KMVX20160907_115659_V06,0.279,0.527,267.639,517.193,17.046,-97.536,46.551,8523.122,109795.460,20160907_065659,479183,51,38275,40
5,KMVX20160907_124213_V06,45.513,0.187,212.861,350.409,12.476,-97.901,47.300,6237.776,50334.724,20160907_074213,479185,12,23371,12
5,KMVX20160907_125116_V06,54.563,0.206,212.543,349.896,19.993,-97.903,47.302,9996.333,50344.505,20160907_075116,479186,15,23203,14
1,KMVX20160907_112050_V06,-35.871,0.050,460.296,443.982,26.873,-96.274,46.876,13436.621,107733.059,20160907_062050,479187,395,41965,391
3,KMVX20160907_114757_V06,-8.754,0.085,170.744,221.759,5.933,-98.189,47.877,2966.698,75545.974,20160907_064757,479182,131,38657,125
4,KMVX20160907_115659_V06,0.279,0.076,110.151,152.669,10.384,-98.602,48.184,5191.975,120154.981,20160907_065659,479183,51,38275,40
6,KMVX20160908_120732_V06,9.496,0.437,66.993,175.363,16.827,-98.889,48.078,8413.386,132123.781,20160908_070732,479188,48,36474,29
6,KMVX20160908_121635_V06,18.546,0.470,75.099,180.556,29.236,-98.834,48.055,14618.101,127325.566,20160908_071635,479185,35,37696,22
6,KMVX20160908_122537_V06,27.579,0.547,87.351,177.905,47.648,-98.752,48.068,23823.976,122603.954,20160908_072537,479181,46,38383,41
6,KMVX20160908_123440_V06,36.629,0.127,97.380,186.484,55.633,-98.683,48.031,27816.738,116125.550,20160908_073440,479185,27,39371,24
6,KMVX20160908_124343_V06,45.679,0.146,111.961,167.961,69.980,-98.588,48.115,34989.810,114883.507,20160908_074343,479184,30,38479,26
1,KMVX20160908_114926_V06,-8.604,0.822,172.024,145.939,5.949,-98.186,48.218,2974.371,100140.579,20160908_064926,479185,63,32168,40
1,KMVX20160908_115829_V06,0.446,0.825,180.991,155.681,18.934,-98.125,48.174,9467.137,93529.601,20160908_065829,479186,31,33883,18
1,KMVX20160908_120732_V06,9.496,0.559,194.381,165.159,28.515,-98.034,48.132,14257.654,85640.969,20160908_070732,479188,48,36474,29
1,KMVX20160908_121635_V06,18.546,0.162,196.361,171.467,45.190,-98.021,48.104,22595.019,82555.601,20160908_071635,479185,35,37696,22
4,KMVX20160908_115829_V06,0.446,0.308,113.802,325.811,9.135,-98.558,47.405,4567.308,93989.259,20160908_065829,479186,31,33883,18
4,KMVX20160908_120732_V06,9.496,0.211,116.494,327.184,18.531,-98.541,47.399,9265.279,92754.461,20160908_070732,479188,48,36474,29
8,KMVX20160908_120732_V06,9.496,0.089,165.709,85.632,16.029,-98.233,48.488,8014.626,126479.060,20160908_070732,479188,48,36474,29
8,KMVX20160908_121635_V06,18.546,0.064,169.584,88.523,29.798,-98.207,48.476,14898.876,124228.580,20160908_071635,479185,35,37696,22
3,KMVX20160908_114926_V06,-8.604,0.083,190.685,192.610,11.790,-98.058,48.009,5894.890,76619.875,20160908_064926,479185,63,32168,40
5,KMVX20160908_115829_V06,0.446,0.185,501.480,442.546,32.796,-96.003,46.879,16398.243,123403.183,20160908_065829,479186,31,33883,18
7,KMVX20160908_120732_V06,9.496,0.108,166.291,330.842,24.937,-98.210,47.386,12468.689,68609.817,20160908_070732,479188,48,36474,29
3,KMVX20160909_114847_V06,-10.587,0.310,163.984,144.793,6.550,-98.240,48.222,3274.952,103186.185,20160909_064847,479187,31,46425,19
3,KMVX20160909_115321_V06,-6.020,0.924,165.507,146.893,10.519,-98.230,48.213,5259.375,101894.684,20160909_065321,479186,14,46754,14
3,KMVX20160909_115757_V06,-1.420,0.909,170.045,150.830,14.402,-98.199,48.196,7201.117,98919.096,20160909_065757,479184,31,34993,30
3,KMVX20160909_120659_V06,7.613,0.788,175.190,157.153,23.455,-98.164,48.167,11727.460,94845.708,20160909_070659,479185,22,37830,12
3,KMVX20160909_121600_V06,16.630,0.559,181.671,164.825,34.275,-98.120,48.133,17137.654,89825.023,20160909_071600,479180,31,39715,27
3,KMVX20160909_122502_V06,25.663,0.087,190.041,168.570,40.425,-98.063,48.117,20212.512,85680.945,20160909_072502,479186,29,41861,17
4,KMVX20160909_114847_V06,-10.587,0.293,166.222,320.978,7.995,-98.212,47.430,3997.583,67706.642,20160909_064847,479187,31,46425,19
4,KMVX20160909_115321_V06,-6.020,0.121,166.312,321.862,15.159,-98.211,47.426,7579.359,67731.864,20160909_065321,479186,14,46754,14
4,KMVX20160909_115757_V06,-1.420,0.503,168.551,325.482,17.122,-98.196,47.410,8560.923,66948.027,20160909_065757,479184,31,34993,30
4,KMVX20160909_120659_V06,7.613,0.090,178.796,328.915,17.692,-98.128,47.395,8846.060,62302.584,20160909_070659,479185,22,37830,12
2,KMVX20160909_114411_V06,-15.187,0.059,190.213,224.471,6.618,-98.059,47.865,3309.006,66629.162,20160909_064411,479191,30,48583,27
2,KMVX20160909_114847_V06,-10.587,0.346,190.270,225.432,12.302,-98.058,47.861,6151.036,66334.479,20160909_064847,479187,31,46425,19
2,KMVX20160909_115321_V06,-6.020,0.056,190.710,228.455,15.632,-98.055,47.847,7816.186,65312.747,20160909_065321,479186,14,46754,14
6,KMVX20160909_115321_V06,-6.020,0.080,163.497,395.766,13.006,-98.224,47.094,6503.202,83372.953,20160909_065321,479186,14,46754,14
6,KMVX20160909_115757_V06,-1.420,0.185,165.386,395.998,18.695,-98.212,47.093,9347.473,82668.603,20160909_065757,479184,31,34993,30
1,KMVX20160909_114411_V06,-15.187,0.074,220.937,210.169,8.837,-97.854,47.931,4418.434,59834.112,20160909_064411,479191,30,48583,27
7,KMVX20160909_115321_V06,-6.020,0.068,137.829,210.383,8.787,-98.410,47.926,4393.604,92642.610,20160909_065321,479186,14,46754,14
8,KMVX20160909_115757_V06,-1.420,0.219,116.657,333.984,7.412,-98.539,47.369,3705.833,93233.116,20160909_065757,479184,31,34993,30
9,KMVX20160909_115757_V06,-1.420,0.131,232.282,484.423,17.414,-97.768,46.698,8707.216,98231.371,20160909_065757,479184,31,34993,30
8,KMVX20160910_120521_V06,4.647,0.114,44.946,166.645,10.186,-99.038,48.115,5093.095,143906.138,20160910_070521,479185,27,26069,27
8,KMVX20160910_121423_V06,13.680,0.760,46.826,172.730,23.547,-99.024,48.088,11773.374,141681.561,20160910_071423,479180,15,25749,15
8,KMVX20160910_122326_V06,22.730,0.791,57.714,186.161,29.648,-98.949,48.029,14824.085,133848.530,20160910_072326,479180,15,25957,14
8,KMVX20160910_123229_V06,31.780,0.124,52.286,180.932,49.497,-98.986,48.052,24748.726,137422.039,20160910_073229,479186,18,27098,18
8,KMVX20160910_124132_V06,40.830,0.099,45.092,183.846,54.308,-99.034,48.038,27153.892,140062.450,20160910_074132,479183,29,28244,27
8,KMVX20160910_125035_V06,49.880,0.772,63.596,201.528,61.237,-98.908,47.960,30618.565,128046.475,20160910_075035,479183,27,28412,25
8,KMVX20160910_125939_V06,58.947,0.380,73.552,207.370,66.967,-98.840,47.935,33483.494,122330.398,20160910_075939,479188,17,28297,16
8,KMVX20160910_130841_V06,67.980,0.487,88.601,215.514,73.451,-98.739,47.899,36725.497,113828.244,20160910_080841,479186,18,28485,17
8,KMVX20160910_131744_V06,77.030,0.505,98.265,224.617,73.931,-98.673,47.859,36965.253,107679.843,20160910_081744,479184,12,28271,12
5,KMVX20160910_115618_V06,-4.403,0.854,170.112,150.078,11.270,-98.199,48.199,5634.949,99181.032,20160910_065618,479186,47,26781,45
5,KMVX20160910_120521_V06,4.647,0.815,174.676,154.698,21.149,-98.168,48.178,10574.325,95941.206,20160910_070521,479185,27,26069,27
5,KMVX20160910_121423_V06,13.680,0.908,183.012,162.025,29.322,-98.111,48.146,14660.991,90447.873,20160910_071423,479180,15,25749,15
5,KMVX20160910_122326_V06,22.730,0.759,191.844,165.644,35.778,-98.051,48.130,17889.080,86239.794,20160910_072326,479180,15,25957,14
5,KMVX20160910_123229_V06,31.780,0.301,200.134,170.634,41.830,-97.996,48.108,20914.878,81714.156,20160910_073229,479186,18,27098,18
1,KMVX20160910_114715_V06,-13.453,0.180,157.783,387.869,8.006,-98.262,47.129,4002.928,83586.237,20160910_064715,479186,44,27768,43
1,KMVX20160910_115618_V06,-4.403,0.119,159.157,391.178,17.903,-98.253,47.114,8951.385,83890.047,20160910_065618,479186,47,26781,45
1,KMVX20160910_120521_V06,4.647,0.183,170.998,401.480,21.115,-98.174,47.069,10557.576,82066.515,20160910_070521,479185,27,26069,27
6,KMVX20160910_115618_V06,-4.403,0.239,226.508,482.194,12.937,-97.806,46.708,6468.424,98228.831,20160910_065618,479186,47,26781,45
6,KMVX20160910_120521_V06,4.647,0.484,230.689,487.935,23.270,-97.778,46.682,11635.249,100154.350,20160910_070521,479185,27,26069,27
6,KMVX20160910_121423_V06,13.680,0.081,238.495,496.085,31.567,-97.727,46.645,15783.715,102752.566,20160910_071423,479180,15,25749,15
12,KMVX20160910_121423_V06,13.680,0.232,148.950,83.823,17.376,-98.347,48.496,8688.171,131860.419,20160910_071423,479180,15,25749,15
12,KMVX20160910_122326_V06,22.730,0.363,153.034,84.091,27.800,-98.319,48.495,13900.038,130590.644,20160910_072326,479180,15,25957,14
12,KMVX20160910_123229_V06,31.780,0.074,164.735,91.974,31.769,-98.239,48.460,15884.574,124068.121,20160910_073229,479186,18,27098,18
7,KMVX20160910_115618_V06,-4.403,0.186,156.361,318.989,11.511,-98.277,47.439,5755.299,72444.501,20160910_065618,479186,47,26781,45
7,KMVX20160910_120521_V06,4.647,0.163,157.794,321.646,21.399,-98.267,47.427,10699.314,71921.897,20160910_070521,479185,27,26069,27
10,KMVX20160910_120521_V06,4.647,0.065,277.706,533.493,29.536,-97.470,46.478,14767.780,117277.683,20160910_070521,479185,27,26069,27
10,KMVX20160910_121423_V06,13.680,0.061,279.443,528.701,42.952,-97.459,46.499,21476.067,114811.427,20160910_071423,479180,15,25749,15
11,KMVX20160910_121423_V06,13.680,0.325,38.058,355.033,25.217,-99.056,47.267,12608.326,133830.072,20160910_071423,479180,15,25749,15
11,KMVX20160910_122326_V06,22.730,0.200,40.868,355.680,34.456,-99.037,47.265,17227.845,132523.305,20160910_072326,479180,15,25957,14
2,KMVX20160910_114715_V06,-13.453,0.159,205.259,249.803,8.446,-97.957,47.752,4222.870,53608.652,20160910_064715,479186,44,27768,43
4,KMVX20160910_114715_V06,-13.453,0.069,182.016,186.962,13.463,-98.116,48.034,6731.691,81697.345,20160910_064715,479186,44,27768,43
9,KMVX20160910_120521_V06,4.647,0.108,104.279,329.480,13.621,-98.621,47.388,6810.330,98964.505,20160910_070521,479185,27,26069,27
2,KMVX20160911_115125_V06,-10.620,0.467,187.376,176.645,14.410,-98.081,48.080,7205.229,83517.360,20160911_065125,479179,86,27373,71
2,KMVX20160911_120028_V06,-1.570,0.486,190.395,178.447,25.673,-98.060,48.072,12836.302,81835.808,20160911_070028,479181,102,29832,101
2,KMVX20160911_120930_V06,7.464,0.686,196.948,181.395,30.444,-98.016,48.059,15221.867,78560.534,20160911_070930,479182,76,28143,74
2,KMVX20160911_121832_V06,16.497,0.105,213.344,176.304,47.595,-97.907,48.083,23797.463,75514.998,20160911_071832,479188,87,28759,84
2,KMVX20160911_122735_V06,25.547,0.217,209.440,172.600,46.983,-97.933,48.099,23491.364,78153.516,20160911_072735,479181,59,27723,58
1,KMVX20160911_112415_V06,-37.786,0.055,215.265,394.659,11.907,-97.883,47.101,5953.621,63522.431,20160911_062415,479185,64,32252,52
1,KMVX20160911_113319_V06,-28.720,0.092,214.649,391.802,24.561,-97.887,47.114,12280.648,62674.826,20160911_063319,479178,68,25512,68
4,KMVX20160912_115436_V06,-8.770,0.242,154.910,401.574,8.306,-98.280,47.067,4152.956,88555.586,20160912_065436,479182,9,18209,9
4,KMVX20160912_120338_V06,0.264,0.207,151.821,405.445,19.373,-98.300,47.050,9686.559,90933.681,20160912_070338,479185,26,18121,13
7,KMVX20160912_115436_V06,-8.770,0.067,184.514,227.198,6.084,-98.097,47.853,3042.044,68258.994,20160912_065436,479182,9,18209,9
7,KMVX20160912_120338_V06,0.264,0.182,185.741,230.842,14.579,-98.088,47.837,7289.519,66779.476,20160912_070338,479185,26,18121,13
8,KMVX20160912_120338_V06,0.264,0.881,168.166,158.149,10.420,-98.211,48.163,5209.948,96827.319,20160912_070338,479185,26,18121,13
8,KMVX20160912_121240_V06,9.297,0.578,171.677,164.999,19.702,-98.187,48.132,9851.209,93128.963,20160912_071240,479183,5,23766,2
9,KMVX20160912_120338_V06,0.264,0.375,154.841,333.071,11.364,-98.286,47.375,5681.927,74439.123,20160912_070338,479185,26,18121,13
9,KMVX20160912_121240_V06,9.297,0.202,154.167,333.947,20.362,-98.290,47.371,10180.973,74865.902,20160912_071240,479183,5,23766,2
5,KMVX20160912_115436_V06,-8.770,0.084,304.507,150.443,5.160,-97.295,48.201,2580.116,74812.202,20160912_065436,479182,9,18209,9
10,KMVX20160912_120338_V06,0.264,0.205,177.240,200.323,12.532,-98.147,47.973,6266.191,79065.950,20160912_070338,479185,26,18121,13
12,KMVX20160912_121240_V06,9.297,0.464,96.120,346.897,14.777,-98.673,47.309,7388.351,104602.114,20160912_071240,479183,5,23766,2
13,KMVX20160912_122142_V06,18.330,0.087,52.890,69.834,57.778,-98.999,48.551,28888.977,168848.932,20160912_072142,479184,6,29491,3
15,KMVX20160912_131156_V06,68.564,0.057,52.959,126.316,64.255,-98.990,48.297,32127.525,150992.782,20160912_081156,479193,19,50541,7
18,KMVX20160912_132543_V06,82.347,0.089,358.910,70.287,30.844,-96.926,48.560,15421.944,118573.289,20160912_082543,479183,16,48982,3
8,KMVX20160913_121249_V06,8.113,0.258,174.486,157.871,11.469,-98.169,48.164,5734.379,94808.246,20160913_071249,479185,7,16536,6
8,KMVX20160913_122152_V06,17.163,0.164,173.265,154.980,28.973,-98.177,48.177,14486.600,96297.232,20160913_072152,479186,2,18950,2
8,KMVX20160913_123055_V06,26.213,0.652,180.628,170.230,30.327,-98.126,48.109,15163.283,88161.939,20160913_073055,479186,22,20108,12
8,KMVX20160913_123959_V06,35.280,0.177,185.630,176.939,40.610,-98.092,48.079,20305.219,84000.704,20160913_073959,479185,18,21381,5
8,KMVX20160913_124902_V06,44.330,0.370,194.739,185.966,44.438,-98.031,48.039,22219.018,77594.374,20160913_074902,479183,13,20892,12
8,KMVX20160913_125805_V06,53.380,0.142,205.651,198.972,46.922,-97.957,47.981,23460.819,69116.790,20160913_075805,479182,4,21284,4
8,KMVX20160913_130709_V06,62.447,-1.000,216.141,211.272,49.831,-97.886,47.926,24915.437,61043.246,20160913_080709,479186,7,21795,3
8,KMVX20160913_131612_V06,71.497,0.063,228.351,208.946,59.320,-97.804,47.937,29660.152,57931.705,20160913_081612,479187,15,22097,5
3,KMVX20160913_114541_V06,-19.020,0.058,20.613,329.175,26.672,-99.175,47.382,13336.117,140453.018,20160913_064541,479185,7,19484,5
3,KMVX20160913_115444_V06,-9.970,0.842,25.062,333.075,38.572,-99.145,47.365,19285.975,138460.295,20160913_065444,479186,16,16027,16
3,KMVX20160913_120346_V06,-0.937,0.822,30.184,334.590,44.922,-99.111,47.359,22461.204,136012.213,20160913_070346,479181,10,15792,6
3,KMVX20160913_121249_V06,8.113,0.503,41.637,323.819,58.287,-99.037,47.408,29143.511,129729.238,20160913_071249,479185,7,16536,6
3,KMVX20160913_122152_V06,17.163,0.117,53.215,324.336,63.458,-98.960,47.407,31729.028,123991.139,20160913_072152,479186,2,18950,2
1,KMVX20160913_110927_V06,-55.253,0.162,208.829,348.483,7.610,-97.928,47.308,3804.897,51630.335,20160913_060927,479183,9,32760,9
1,KMVX20160913_111830_V06,-46.203,0.200,209.253,348.540,14.797,-97.925,47.308,7398.649,51456.840,20160913_061830,479184,10,33638,6
7,KMVX20160913_121249_V06,8.113,0.767,163.322,324.719,10.355,-98.231,47.413,5177.715,69447.584,20160913_071249,479185,7,16536,6
7,KMVX20160913_122152_V06,17.163,0.097,163.049,327.547,22.969,-98.232,47.401,11484.311,69847.089,20160913_072152,479186,2,18950,2
5,KMVX20160913_120346_V06,-0.937,0.462,191.364,224.951,9.907,-98.051,47.863,4953.251,66019.144,20160913_070346,479181,10,15792,6
1,KMVX20160914_113419_V06,-31.721,0.077,293.615,314.757,11.693,-97.367,47.462,5846.657,8039.494,20160914_063419,479186,259,23661,239
2,KMVX20160914_130455_V06,58.879,0.057,26.834,420.450,41.204,-99.120,46.972,20601.812,149271.364,20160914_080455,479184,286,20738,219
1,KMVX20160915_111306_V06,-54.273,0.380,207.151,349.482,6.719,-97.939,47.304,3359.320,52605.606,20160915_061306,479182,5,29593,4
1,KMVX20160915_112210_V06,-45.206,0.098,207.187,349.173,14.119,-97.939,47.305,7059.529,52517.315,20160915_062210,479181,7,25920,7
10,KMVX20160915_131049_V06,63.444,0.092,209.600,349.521,9.661,-97.923,47.304,4830.482,51537.706,20160915_081049,479183,19,13296,16
10,KMVX20160915_131953_V06,72.510,0.187,209.929,349.684,16.512,-97.921,47.303,8256.042,51432.769,20160915_081953,479183,16,14203,10
1,KMVX20160916_110904_V06,-59.643,0.068,207.483,346.362,7.408,-97.937,47.318,3704.220,51741.923,20160916_060904,479189,3495,65608,989
1,KMVX20160916_111339_V06,-55.059,0.143,207.575,346.560,13.177,-97.936,47.317,6588.733,51744.884,20160916_061339,479182,3973,68175,1224
1,KMVX20160917_115848_V06,-11.247,0.353,506.880,442.389,19.727,-95.968,46.880,9863.443,125572.541,20160917_065848,479182,244,50968,238
1,KMVX20160917_120751_V06,-2.197,0.418,507.037,450.415,27.728,-95.968,46.843,13864.006,127954.211,20160917_070751,479184,273,50140,261
1,KMVX20160917_121654_V06,6.853,0.211,517.059,448.218,42.801,-95.902,46.853,21400.343,131418.256,20160917_071654,479187,258,47059,251
2,KMVX20160917_115848_V06,-11.247,0.080,179.229,182.624,8.256,-98.135,48.053,4127.800,84206.216,20160917_065848,479182,244,50968,238
2,KMVX20160917_120751_V06,-2.197,0.082,178.797,183.785,18.200,-98.138,48.048,9100.221,83958.536,20160917_070751,479184,273,50140,261
3,KMVX20160917_120751_V06,-2.197,0.226,163.323,387.248,8.498,-98.226,47.132,4248.804,81075.246,20160917_070751,479184,273,50140,261
3,KMVX20160917_121654_V06,6.853,0.073,166.815,391.168,20.848,-98.202,47.115,10424.004,80699.881,20160917_071654,479187,258,47059,251
4,KMVX20160917_120751_V06,-2.197,0.163,192.943,226.290,7.596,-98.040,47.857,3797.884,64989.188,20160917_070751,479184,273,50140,261
3,KMVX20160918_121144_V06,0.347,0.386,276.744,505.739,11.834,-97.477,46.603,5917.096,103524.678,20160918_071144,479182,39,77096,38
3,KMVX20160918_122046_V06,9.381,0.094,276.356,505.490,21.535,-97.479,46.604,10767.551,103423.066,20160918_072046,479186,57,78770,45
4,KMVX20160918_121144_V06,0.347,0.086,61.941,481.147,72.306,-98.881,46.703,36152.809,149571.505,20160918_071144,479182,39,77096,38
4,KMVX20160918_122046_V06,9.381,0.306,66.931,482.176,78.613,-98.849,46.698,39306.256,147909.870,20160918_072046,479186,57,78770,45
1,KMVX20160918_115338_V06,-17.753,0.163,195.829,147.309,22.215,-98.026,48.213,11107.744,92420.622,20160918_065338,479186,19,58599,17
5,KMVX20160918_130539_V06,54.264,0.056,474.079,483.549,38.722,-96.187,46.697,19360.870,126484.841,20160918_080539,479184,699,100240,589
1,KMVX20160919_121610_V06,3.439,0.167,171.901,392.303,17.539,-98.169,47.110,8769.590,78945.011,20160919_071610,479190,203,42584,171
3,KMVX20160920_122948_V06,15.729,0.094,24.559,308.979,33.622,-99.152,47.473,16810.886,137793.616,20160920_072948,479183,1508,152640,767
3,KMVX20160920_123514_V06,21.163,0.089,26.701,308.137,44.567,-99.138,47.477,22283.480,136710.266,20160920_073514,479190,1527,155525,645
1,KMVX20160921_112955_V06,-45.500,0.064,69.880,364.528,79.586,-98.844,47.228,39792.793,119498.074,20160921_062955,479186,2672,146738,1337
1,KMVX20160921_113455_V06,-40.500,0.064,72.643,364.937,84.388,-98.826,47.226,42194.113,118224.398,20160921_063455,479192,2487,146986,1174
2,KMVX20160921_114545_V06,-29.667,0.181,479.978,443.261,27.824,-96.144,46.878,13912.193,115016.983,20160921_064545,479191,2020,152517,1027
2,KMVX20160921_115110_V06,-24.250,0.138,484.621,440.482,34.150,-96.114,46.890,17074.923,115995.633,20160921_065110,479179,2328,156160,1270
3,KMVX20160921_120159_V06,-13.433,0.050,245.681,362.042,38.001,-97.684,47.248,19000.435,41230.357,20160921_070159,479191,2327,158007,1296
3,KMVX20160921_120724_V06,-8.017,-1.000,245.681,362.042,46.613,-97.684,47.248,23306.685,41230.357,20160921_070724,479189,2174,151902,1097
3,KMVX20160921_121249_V06,-2.600,0.093,271.676,326.399,56.627,-97.513,47.409,28313.364,19359.644,20160921_071249,479183,1606,145946,833
6,KMVX20160921_122339_V06,8.233,0.128,524.674,459.536,26.251,-95.853,46.801,13125.504,137777.226,20160921_072339,479187,1379,143327,790
7,KMVX20160921_132312_V06,67.783,0.063,273.478,420.980,37.735,-97.499,46.984,18867.439,61926.361,20160921_082312,479186,750,126652,225
5,KMVX20160922_122112_V06,4.435,0.143,86.876,333.772,13.703,-98.736,47.367,6851.573,107891.593,20160922_072112,479188,17,29193,12
5,KMVX20160922_123016_V06,13.501,0.253,82.035,337.112,25.591,-98.768,47.352,12795.277,110550.742,20160922_073016,479181,37,29615,21
5,KMVX20160922_123921_V06,22.585,0.439,57.807,352.050,45.931,-98.926,47.283,22965.612,123861.271,20160922_073921,479180,48,27488,40
5,KMVX20160922_124824_V06,31.635,0.312,49.668,366.133,56.589,-98.978,47.219,28294.525,129460.338,20160922_074824,479184,51,27612,48
1,KMVX20160922_111749_V06,-58.949,0.404,200.104,347.772,8.740,-97.986,47.311,4369.896,55365.528,20160922_061749,479184,17,31440,17
1,KMVX20160922_112653_V06,-49.882,0.050,206.516,349.017,17.342,-97.943,47.306,8670.943,52777.957,20160922_062653,479184,25,29147,18
3,KMVX20160922_121209_V06,-4.615,0.252,177.520,230.681,12.176,-98.143,47.837,6087.799,70367.923,20160922_071209,479190,44,28923,31
4,KMVX20160922_122112_V06,4.435,0.263,140.201,397.356,12.970,-98.377,47.085,6484.982,93559.880,20160922_072112,479188,17,29193,12
12,KMVX20160923_125708_V06,39.017,0.119,207.713,348.039,7.251,-97.935,47.310,3625.648,52020.988,20160923_075708,479185,33,47613,15
1,KMVX20160924_112124_V06,-58.071,0.214,209.518,347.995,8.327,-97.923,47.311,4163.616,51211.385,20160924_062124,479180,3,38668,3
1,KMVX20160924_113026_V06,-49.038,0.355,209.811,349.128,14.713,-97.921,47.306,7356.456,51350.828,20160924_063026,479180,9,36101,9
7,KMVX20160924_125146_V06,32.295,0.102,386.646,336.396,28.802,-96.751,47.363,14401.062,46989.852,20160924_075146,479182,6,16558,6
10,KMVX20160924_132756_V06,68.462,0.251,209.309,348.862,8.312,-97.925,47.307,4156.202,51508.060,20160924_082756,479181,5,17670,4
1,KMVX20160926_112427_V06,-57.740,0.083,208.657,347.792,7.847,-97.929,47.312,3923.601,51545.105,20160926_062427,479182,8,11558,6
5,KMVX20160926_122102_V06,-1.157,0.288,160.847,185.554,12.852,-98.258,48.039,6426.168,90085.385,20160926_072102,479184,15,41535,10
6,KMVX20160926_122102_V06,-1.157,0.161,110.757,342.170,9.539,-98.577,47.332,4769.376,96942.385,20160926_072102,479184,15,41535,10
2,KMVX20160927_122031_V06,-3.038,0.307,104.272,333.001,10.035,-98.621,47.372,5017.344,99245.306,20160927_072031,479187,104,33059,91
2,KMVX20160927_122935_V06,6.028,0.188,105.339,335.195,19.512,-98.614,47.363,9756.216,98908.333,20160927_072935,479186,94,30438,89
2,KMVX20160927_123838_V06,15.078,0.081,111.362,343.067,24.446,-98.573,47.328,12222.955,96745.620,20160927_073838,479186,100,26416,99
1,KMVX20160927_122031_V06,-3.038,0.776,158.117,184.622,10.882,-98.276,48.043,5440.910,91436.789,20160927_072031,479187,104,33059,91
1,KMVX20160927_122935_V06,6.028,0.189,159.397,192.681,24.399,-98.267,48.007,12199.580,88439.986,20160927_072935,479186,94,30438,89
5,KMVX20160927_122935_V06,6.028,0.071,165.454,333.111,15.810,-98.216,47.376,7904.898,69280.269,20160927_072935,479186,94,30438,89
1,KMVX20160928_121756_V06,-6.990,0.398,156.994,316.501,8.444,-98.273,47.450,4221.760,71977.685,20160928_071756,479180,51,30177,37
1,KMVX20160928_122658_V06,2.044,0.826,157.565,320.139,17.902,-98.269,47.434,8950.953,71926.096,20160928_072658,479182,25,25810,19
1,KMVX20160928_123602_V06,11.110,0.644,158.865,321.334,22.834,-98.260,47.428,11416.985,71369.154,20160928_073602,479186,27,23110,26
1,KMVX20160928_124505_V06,20.160,0.070,156.990,327.536,34.726,-98.272,47.400,17362.852,72818.262,20160928_074505,479183,32,21233,26
3,KMVX20160928_121756_V06,-6.990,0.051,156.393,383.532,3.110,-98.272,47.148,1555.195,83067.265,20160928_071756,479180,51,30177,37
3,KMVX20160928_122658_V06,2.044,0.708,156.583,384.338,11.070,-98.270,47.145,5535.103,83188.355,20160928_072658,479182,25,25810,19
6,KMVX20160928_122658_V06,2.044,0.086,154.264,172.885,16.555,-98.303,48.096,8277.744,96691.860,20160928_072658,479182,25,25810,19
6,KMVX20160928_123602_V06,11.110,0.064,155.632,173.101,24.197,-98.294,48.095,12098.604,96106.162,20160928_073602,479186,27,23110,26
8,KMVX20160928_130313_V06,38.294,0.091,170.705,184.134,29.500,-98.192,48.046,14749.828,86807.349,20160928_080313,479185,26,20308,23
8,KMVX20160928_131217_V06,47.360,0.099,172.548,184.237,38.460,-98.180,48.045,19230.123,86088.853,20160928_081217,479192,28,19843,17
4,KMVX20160928_121756_V06,-6.990,0.050,190.308,226.587,4.818,-98.058,47.856,2409.067,65996.036,20160928_071756,479180,51,30177,37
7,KMVX20160928_124505_V06,20.160,0.167,194.056,230.928,15.878,-98.033,47.837,7938.936,63235.898,20160928_074505,479183,32,21233,26
1,KMVX20160929_121523_V06,-10.912,0.328,156.756,308.035,7.828,-98.275,47.488,3914.087,71734.738,20160929_071523,479179,57,28041,54
3,KMVX20160929_121523_V06,-10.912,0.062,190.839,228.831,2.380,-98.054,47.846,1190.044,65156.133,20160929_071523,479179,57,28041,54
2,KMVX20160930_132335_V06,55.913,0.117,209.143,347.523,8.628,-97.926,47.313,4314.137,51267.363,20160930_082335,479184,6,12232,0
2,KMVX20160930_133239_V06,64.980,0.076,208.420,348.137,15.786,-97.931,47.310,7893.133,51730.178,20160930_083239,479182,5,12293,2
1,KMVX20160930_125625_V06,28.746,0.103,208.104,348.272,6.971,-97.933,47.309,3485.317,51901.326,20160930_075625,479183,3,9878,3
5,KMVX20161001_134154_V06,72.850,0.109,457.008,23.675,28.849,-96.257,48.766,14424.709,158907.719,20161001_084154,479180,8,20448,8
5,KMVX20161001_135059_V06,81.933,0.847,463.157,26.372,31.204,-96.216,48.753,15601.789,159289.679,20161001_085059,479183,17,21059,13
1,KMVX20161001_113514_V06,-53.817,0.118,211.100,349.869,8.564,-97.913,47.302,4281.897,50965.940,20161001_063514,479185,8,42121,8
4,KMVX20161001_133251_V06,63.800,0.054,197.844,245.309,8.166,-98.006,47.772,4083.164,57937.334,20161001_083251,479182,12,20843,6
2,KMVX20161002_113051_V06,-59.583,0.462,209.050,349.138,6.849,-97.926,47.305,3424.561,51687.715,20161002_063051,479187,8,40898,8
2,KMVX20161002_113953_V06,-50.550,0.307,209.149,349.020,13.275,-97.926,47.306,6637.660,51615.870,20161002_063953,479181,9,37756,8
13,KMVX20161002_121604_V06,-14.367,0.515,208.113,349.518,6.993,-97.933,47.304,3496.651,52190.121,20161002_071604,479184,4,27841,4
13,KMVX20161002_122507_V06,-5.317,0.153,208.413,349.093,14.205,-97.931,47.306,7102.444,51957.291,20161002_072507,479181,8,24372,8
15,KMVX20161002_121604_V06,-14.367,0.075,404.617,185.116,15.973,-96.623,48.043,7986.595,77690.278,20161002_071604,479184,4,27841,4
8,KMVX20161003_121832_V06,-13.287,0.111,209.292,348.789,7.057,-97.925,47.307,3528.374,51498.219,20161003_071832,479193,74,28191,12
9,KMVX20161003_124449_V06,12.996,0.071,207.798,348.920,6.824,-97.935,47.306,3411.793,52188.149,20161003_074449,479207,18,25729,3
10,KMVX20161003_133515_V06,63.429,0.093,206.755,346.828,9.838,-97.942,47.316,4919.037,52171.843,20161003_083515,479183,24,17717,3
10,KMVX20161003_134416_V06,72.446,0.062,209.133,348.642,6.953,-97.926,47.308,3476.406,51533.419,20161003_084416,479180,14,18364,8
3,KMVX20161005_121455_V06,-19.691,0.081,142.599,402.804,20.006,-98.361,47.061,10002.833,93999.702,20161005_071455,479168,129,27323,100
1,KMVX20161006_121724_V06,-18.608,0.224,205.429,349.276,6.621,-97.950,47.305,3310.623,53319.380,20161006_071724,479154,176,10258,110
2,KMVX20161006_123653_V06,0.876,0.110,182.650,329.434,2.982,-98.102,47.393,1490.944,60492.358,20161006_073653,479167,188,14696,120
1,KMVX20161007_114637_V06,-50.795,0.065,207.477,347.466,7.184,-97.937,47.313,3591.936,51994.332,20161007_064637,479170,26,28149,10
1,KMVX20161007_120607_V06,-31.295,0.074,209.386,349.003,15.808,-97.924,47.306,7903.950,51507.563,20161007_070607,479156,23,24148,15
2,KMVX20161007_122537_V06,-11.795,0.175,182.400,24.426,25.429,-98.125,48.764,12714.373,149809.007,20161007_072537,479166,37,18691,23
2,KMVX20161007_123521_V06,-2.062,0.055,186.327,25.834,33.369,-98.098,48.758,16684.542,148398.629,20161007_073521,479160,48,22641,23
2,KMVX20161008_121953_V06,-18.937,0.249,312.267,202.793,4.635,-97.243,47.965,2317.493,48988.858,20161008_071953,479167,444,85901,26
5,KMVX20161008_122451_V06,-13.971,0.148,23.505,413.819,29.040,-99.143,47.002,14519.852,149502.694,20161008_072451,479170,385,78309,17
1,KMVX20161009_114559_V06,-54.250,0.070,318.546,186.512,2.619,-97.201,48.038,1309.429,57496.825,20161009_064559,479158,115,37499,110
2,KMVX20161010_121818_V06,-23.351,0.129,209.146,349.692,5.749,-97.926,47.303,2874.620,51777.724,20161010_071818,479159,38,48009,33
2,KMVX20161010_122803_V06,-13.601,0.068,210.369,348.473,15.431,-97.918,47.309,7715.658,50949.381,20161010_072803,479170,42,38930,30
2,KMVX20161011_114803_V06,-55.023,0.320,209.328,347.429,5.531,-97.925,47.313,2765.362,51163.508,20161011_064803,479166,40,41356,11
2,KMVX20161011_115259_V06,-50.090,0.106,209.033,347.618,12.066,-97.927,47.312,6032.852,51338.129,20161011_065259,479163,51,40050,20
3,KMVX20161012_124811_V06,3.684,0.105,273.825,179.711,5.495,-97.501,48.069,2747.379,61552.020,20161012_074811,479162,87,20215,66
1,KMVX20161013_120716_V06,-38.664,0.061,209.554,349.256,9.120,-97.923,47.305,4559.990,51494.048,20161013_070716,479163,82,39043,67
3,KMVX20161018_123443_V06,-18.444,0.146,33.751,295.609,71.857,-99.093,47.534,35928.478,133142.578,20161018_073443,479176,15,34892,8
3,KMVX20161018_124426_V06,-8.727,0.095,35.958,296.447,81.782,-99.078,47.531,40891.188,132032.986,20161018_074426,479172,36,33816,20
1,KMVX20161018_120535_V06,-47.577,0.100,209.088,346.696,6.846,-97.926,47.316,3422.918,51101.878,20161018_070535,479167,11,30989,11
2,KMVX20161018_121518_V06,-37.861,0.386,25.440,397.325,35.810,-99.133,47.076,17904.884,145649.526,20161018_071518,479170,15,43618,13
4,KMVX20161018_130351_V06,10.689,0.097,27.105,210.321,40.916,-99.151,47.917,20457.973,143626.259,20161018_080351,479167,41,38297,26
5,KMVX20161018_131334_V06,20.406,0.144,170.335,197.571,3.537,-98.194,47.985,1768.501,82620.862,20161018_081334,479169,53,42481,32
6,KMVX20161018_131334_V06,20.406,0.076,85.631,113.465,22.677,-98.771,48.358,11338.265,142082.084,20161018_081334,479169,53,42481,32
10,KMVX20161018_133258_V06,39.806,0.058,28.000,366.356,30.388,-99.121,47.216,15193.862,139988.370,20161018_083258,479170,32,48534,15
11,KMVX20161018_133258_V06,39.806,0.052,229.751,37.404,18.662,-97.802,48.708,9330.851,135915.011,20161018_083258,479170,32,48534,15
1,KMVX20161019_120417_V06,-50.338,0.218,206.216,348.664,8.333,-97.945,47.308,4166.548,52828.729,20161019_070417,479169,13,37883,12
3,KMVX20161019_124306_V06,-11.522,0.103,210.809,350.020,9.118,-97.915,47.302,4559.196,51129.744,20161019_074306,479168,5,17345,4
4,KMVX20161019_132156_V06,27.312,0.061,145.177,413.135,17.579,-98.343,47.015,8789.639,95877.367,20161019_082156,479168,26,14647,17
1,KMVX20161020_121647_V06,-39.305,0.211,185.446,218.136,5.371,-98.091,47.894,2685.314,70399.236,20161020_071647,479167,51,31682,32
1,KMVX20161020_122630_V06,-29.588,0.060,184.835,218.463,15.097,-98.095,47.892,7548.629,70553.720,20161020_072630,479169,31,28719,14
2,KMVX20161020_122630_V06,-29.588,0.105,217.677,397.154,21.972,-97.867,47.090,10986.229,63671.183,20161020_072630,479169,31,28719,14
2,KMVX20161021_123910_V06,-18.393,0.422,58.853,428.226,79.044,-98.909,46.940,39522.106,136559.271,20161021_073910,479168,21,26105,17
2,KMVX20161021_124852_V06,-8.693,0.175,64.747,439.201,84.841,-98.869,46.892,42420.602,136675.407,20161021_074852,479173,11,27564,10
3,KMVX20161021_123910_V06,-18.393,0.102,26.964,236.116,31.423,-99.148,47.801,15711.508,140204.910,20161021_073910,479168,21,26105,17
3,KMVX20161021_124852_V06,-8.693,0.176,30.695,240.415,53.762,-99.122,47.782,26880.997,137908.908,20161021_074852,479173,11,27564,10
8,KMVX20161021_141615_V06,78.690,0.209,23.135,423.541,32.342,-99.144,46.958,16170.753,151588.876,20161021_091615,479168,12,41361,11
8,KMVX20161021_142557_V06,88.390,0.302,24.519,424.539,40.757,-99.135,46.954,20378.255,151161.802,20161021_092557,479167,16,46856,12
1,KMVX20161021_120019_V06,-57.243,0.174,208.088,347.935,8.265,-97.933,47.311,4132.269,51830.604,20161021_070019,479160,13,32462,9
4,KMVX20161021_124852_V06,-8.693,0.260,28.249,312.840,34.572,-99.127,47.456,17286.011,136027.056,20161021_074852,479173,11,27564,10
7,KMVX20161021_133724_V06,39.840,0.400,24.478,478.561,29.868,-99.127,46.711,14933.779,164161.817,20161021_083724,479174,27,28835,16
4,KMVX20161022_130441_V06,5.647,0.121,271.142,404.610,13.714,-97.515,47.057,6856.962,54258.834,20161022_080441,479175,78,21166,62
4,KMVX20161022_131423_V06,15.347,0.238,269.726,403.162,24.331,-97.524,47.064,12165.386,53755.991,20161022_081423,479171,73,24640,52
5,KMVX20161022_131423_V06,15.347,0.224,213.236,277.181,24.403,-97.902,47.629,12201.408,44857.204,20161022_081423,479171,73,24640,52
5,KMVX20161022_131918_V06,20.264,0.071,213.321,276.409,31.658,-97.902,47.633,15829.190,44916.231,20161022_081918,479167,80,24001,60
1,KMVX20161023_121825_V06,-42.101,0.077,210.042,346.656,8.300,-97.920,47.317,4150.103,50668.585,20161023_071825,479168,6,30404,6
2,KMVX20161023_122808_V06,-32.384,0.084,271.807,39.804,34.213,-97.516,48.698,17106.684,130859.667,20161023_072808,479171,6,32450,6
3,KMVX20161023_124733_V06,-12.968,0.076,314.562,15.789,22.219,-97.226,48.806,11109.695,142291.697,20161023_074733,479171,13,27345,6
1,KMVX20161024_122119_V06,-40.687,0.050,209.192,348.412,8.910,-97.925,47.309,4454.931,51453.490,20161024_072119,479163,44,43046,37
2,KMVX20161024_134856_V06,46.929,0.099,214.033,510.164,6.084,-97.886,46.581,3042.011,113533.229,20161024_084856,479177,57,10958,46
1,KMVX20161025_120644_V06,-56.761,0.102,207.350,349.948,5.984,-97.938,47.302,2991.983,52628.206,20161025_070644,479173,38,45479,36
2,KMVX20161025_124102_V06,-22.461,0.087,208.802,348.395,8.916,-97.928,47.309,4457.882,51621.635,20161025_074102,479161,37,37606,31
1,KMVX20161026_120601_V06,-58.973,0.198,209.264,347.824,8.905,-97.925,47.311,4452.456,51283.849,20161026_070601,479166,13,199310,8
1,KMVX20161026_121122_V06,-53.623,0.095,209.192,347.749,14.931,-97.925,47.312,7465.590,51298.081,20161026_071122,479171,13,194455,11
3,KMVX20161028_131939_V06,11.660,0.098,209.939,346.405,8.147,-97.921,47.318,4073.420,50656.919,20161028_081939,479177,38,14707,25
3,KMVX20161028_132921_V06,21.360,0.145,209.773,347.502,15.319,-97.922,47.313,7659.425,50983.805,20161028_082921,479163,64,15066,44
1,KMVX20161028_121140_V06,-56.323,0.308,207.895,348.535,6.814,-97.934,47.308,3407.215,52055.314,20161028_071140,479163,6,22719,6
1,KMVX20161028_122123_V06,-46.606,0.130,207.770,346.457,5.666,-97.935,47.318,2833.044,51634.686,20161028_072123,479171,12,22478,8
1,KMVX20161029_132244_V06,13.238,0.121,340.959,107.544,5.255,-97.048,48.393,2627.636,98383.083,20161029_082244,479168,94,29861,88
1,KMVX20161029_132739_V06,18.155,0.059,341.391,108.309,12.925,-97.046,48.390,6462.574,98054.448,20161029_082739,479172,126,30415,113
3,KMVX20161029_140205_V06,52.588,0.393,27.484,471.097,37.437,-99.108,46.745,18718.439,160887.465,20161029_090205,479162,79,37880,64
3,KMVX20161029_140701_V06,57.522,0.522,26.646,470.040,41.769,-99.114,46.749,20884.475,160962.725,20161029_090701,479170,62,38872,59
2,KMVX20161029_133234_V06,23.072,0.057,175.227,148.652,15.364,-98.164,48.206,7681.839,98074.935,20161029_083234,479170,113,32226,101
1,KMVX20161030_122039_V06,-50.353,0.055,249.901,289.434,2.385,-97.658,47.575,1192.612,25600.566,20161030_072039,479168,120,39084,58
1,KMVX20161101_121732_V06,-56.492,0.263,209.077,347.886,6.668,-97.926,47.311,3334.129,51380.937,20161101_071732,479168,7,39213,6
1,KMVX20161101_122714_V06,-46.792,0.418,209.612,347.710,12.618,-97.923,47.312,6309.127,51103.571,20161101_072714,479165,4,37944,3
8,KMVX20161101_131547_V06,1.758,0.385,324.368,199.044,14.485,-97.162,47.982,7242.634,51927.597,20161101_081547,479169,21,17699,16
8,KMVX20161101_132530_V06,11.475,0.065,321.652,199.422,23.825,-97.180,47.980,11912.553,51440.974,20161101_082530,479170,17,17268,17
6,KMVX20161101_122714_V06,-46.792,0.067,363.377,128.545,16.129,-96.898,48.298,8064.610,91396.578,20161101_072714,479165,4,37944,3
7,KMVX20161101_122714_V06,-46.792,0.052,377.295,141.345,3.118,-96.805,48.240,1559.196,88241.063,20161101_072714,479165,4,37944,3
9,KMVX20161101_132530_V06,11.475,0.067,211.033,346.878,13.304,-97.913,47.316,6651.802,50280.840,20161101_082530,479170,17,17268,17
10,KMVX20161101_134455_V06,30.891,0.074,253.141,108.192,19.138,-97.641,48.390,9569.088,98724.508,20161101_084455,479173,16,21329,12
1,KMVX20161102_121836_V06,-56.939,0.054,208.012,348.941,8.434,-97.933,47.306,4217.236,52098.706,20161102_071836,479165,12,28933,9
1,KMVX20161102_122818_V06,-47.239,0.060,208.860,349.333,5.953,-97.928,47.305,2976.725,51817.801,20161102_072818,479162,22,28958,12
3,KMVX20161102_124743_V06,-27.822,0.267,205.057,274.666,4.717,-97.957,47.640,2358.740,49132.552,20161102_074743,479173,15,33235,15
1,KMVX20161103_123639_V06,-40.403,0.554,214.476,390.027,11.236,-97.889,47.122,5618.193,62087.117,20161103_073639,479172,106,24581,77
3,KMVX20161103_142318_V06,66.247,0.052,299.150,302.327,11.224,-97.331,47.518,5611.858,1238.893,20161103_092318,479169,17,9698,14
1,KMVX20161104_132640_V06,8.099,0.117,240.442,190.041,2.844,-97.724,48.022,1421.755,62526.513,20161104_082640,479168,213,18126,204
1,KMVX20161104_133621_V06,17.783,0.052,242.467,192.573,13.133,-97.711,48.011,6566.506,60931.514,20161104_083621,479171,188,18626,169
1,KMVX20161106_122941_V06,-51.911,0.390,207.608,347.536,6.992,-97.936,47.313,3496.166,51951.965,20161106_062941,479169,13,11895,13
1,KMVX20161106_123923_V06,-42.211,0.155,208.803,348.043,15.259,-97.928,47.310,7629.490,51539.117,20161106_063923,479175,14,8438,14
9,KMVX20161106_141625_V06,54.822,0.114,208.660,349.506,6.915,-97.929,47.304,3457.645,51946.614,20161106_081625,479163,32,4977,32
9,KMVX20161106_142607_V06,64.522,0.267,209.496,348.995,14.417,-97.923,47.306,7208.284,51457.617,20161106_082607,479172,13,5091,12
3,KMVX20161108_133554_V06,11.284,0.545,233.539,115.709,9.010,-97.773,48.356,4504.854,97954.232,20161108_073554,479176,71,14601,68
3,KMVX20161108_134537_V06,21.001,0.222,234.315,113.818,22.197,-97.768,48.364,11098.546,98714.505,20161108_074537,479165,70,14600,65
1,KMVX20161108_132610_V06,1.551,0.097,329.782,130.684,2.046,-97.124,48.289,1022.820,85957.449,20161108_072610,479171,63,14320,61
2,KMVX20161108_132610_V06,1.551,0.096,331.462,199.705,17.896,-97.114,47.979,8948.025,52557.210,20161108_072610,479171,63,14320,61
2,KMVX20161109_123148_V06,-54.322,0.103,206.832,348.350,8.230,-97.941,47.309,4115.065,52483.189,20161109_063148,479168,91,11845,82
1,KMVX20161110_123632_V06,-51.092,0.153,209.398,349.211,6.902,-97.924,47.305,3451.229,51552.139,20161110_063632,479170,30,29583,18
1,KMVX20161110_124616_V06,-41.358,0.052,209.350,350.085,15.255,-97.924,47.301,7627.375,51782.786,20161110_064616,479173,30,28120,28
1,KMVX20161111_123034_V06,-58.557,0.123,207.370,349.719,5.578,-97.937,47.303,2788.956,52564.728,20161111_063034,479165,45,16951,29
5,KMVX20161112_140150_V06,31.216,0.068,209.056,349.024,7.154,-97.926,47.306,3577.236,51658.139,20161112_080150,479173,19,27849,16
5,KMVX20161113_131713_V06,-14.888,0.068,300.291,304.367,10.894,-97.323,47.508,5446.903,2188.361,20161113_071713,479162,45,9130,44
5,KMVX20161113_132657_V06,-5.155,0.337,300.038,303.722,17.078,-97.325,47.511,8538.798,1861.100,20161113_072657,479170,47,11032,47
1,KMVX20161113_123819_V06,-53.788,0.326,205.558,348.569,7.305,-97.949,47.308,3652.521,53099.227,20161113_063819,479177,51,13142,51
1,KMVX20161113_124803_V06,-44.055,-1.000,205.558,348.569,22.781,-97.949,47.308,11390.521,53099.227,20161113_064803,479168,52,10270,50
1,KMVX20161113_130730_V06,-24.605,0.086,207.497,348.368,6.720,-97.937,47.309,3359.852,52192.524,20161113_070730,479163,34,6011,33
2,KMVX20161113_124803_V06,-44.055,0.396,300.654,303.068,12.263,-97.321,47.514,6131.493,1568.286,20161113_064803,479168,52,10270,50
7,KMVX20161113_133641_V06,4.578,0.060,209.430,350.938,8.485,-97.924,47.297,4242.630,51955.712,20161113_073641,479167,37,10734,37
1,KMVX20161114_124226_V06,-51.153,0.403,207.474,348.466,6.292,-97.937,47.308,3145.805,52225.552,20161114_064226,479167,10,12686,4
1,KMVX20161114_130153_V06,-31.703,0.052,207.519,347.695,12.920,-97.937,47.312,6460.069,52027.798,20161114_070153,479177,5,6282,5
2,KMVX20161114_130153_V06,-31.703,0.050,301.060,303.724,8.217,-97.318,47.511,4108.490,1935.813,20161114_070153,479177,5,6282,5
5,KMVX20161115_132144_V06,-13.327,0.061,209.884,348.870,12.082,-97.921,47.307,6040.792,51257.297,20161115_072144,479171,22,19391,11
5,KMVX20161115_132639_V06,-8.411,0.445,211.259,349.502,10.868,-97.912,47.304,5434.124,50807.166,20161115_072639,479179,20,19876,16
8,KMVX20161115_143515_V06,60.189,0.073,208.460,348.187,8.570,-97.930,47.310,4285.120,51724.265,20161115_083515,479175,34,17680,25
2,KMVX20161116_123829_V06,-58.044,0.242,208.588,347.977,6.035,-97.929,47.311,3017.662,51618.493,20161116_063829,479173,30,61124,28
2,KMVX20161116_124324_V06,-53.127,0.055,208.886,347.818,12.655,-97.928,47.311,6327.332,51449.789,20161116_064324,479174,37,59711,32
4,KMVX20161116_142557_V06,49.423,0.053,207.860,349.523,3.731,-97.934,47.304,1865.532,52302.687,20161116_082557,479178,29,21057,24
4,KMVX20161116_143540_V06,59.139,0.284,207.830,349.462,12.327,-97.934,47.304,6163.595,52301.604,20161116_083540,479168,30,19304,22
8,KMVX20161117_141313_V06,35.232,0.057,43.428,61.775,49.431,-99.064,48.586,24715.353,175057.616,20161117_081313,479169,26,26533,16
9,KMVX20161117_143240_V06,54.682,0.094,28.739,500.304,33.973,-99.096,46.613,16986.515,168600.351,20161117_083240,479171,15,29066,10
7,KMVX20161118_134407_V06,4.683,0.076,209.005,347.863,9.141,-97.927,47.311,4570.616,51407.860,20161118_074407,479167,11,106180,9
7,KMVX20161118_134902_V06,9.600,0.302,209.017,347.596,14.950,-97.927,47.312,7475.034,51340.133,20161118_074902,479173,19,104963,19
11,KMVX20161118_145259_V06,73.550,0.091,208.572,347.594,8.036,-97.930,47.312,4018.013,51536.795,20161118_085259,479168,17,101033,12
11,KMVX20161118_150248_V06,83.367,0.050,208.743,347.848,15.990,-97.928,47.311,7995.216,51520.113,20161118_090248,479167,27,100904,14
9,KMVX20161118_142822_V06,48.933,0.053,207.680,348.067,7.518,-97.935,47.310,3758.751,52041.805,20161118_082822,479175,29,102728,25
9,KMVX20161118_143318_V06,53.867,-1.000,207.680,348.067,15.362,-97.935,47.310,7680.751,52041.805,20161118_083318,479171,14,102784,8
9,KMVX20161118_143813_V06,58.783,0.077,209.615,347.933,9.175,-97.923,47.311,4587.450,51153.949,20161118_083813,479165,16,102071,15
1,KMVX20161119_124713_V06,-53.655,0.179,209.268,348.448,8.986,-97.925,47.309,4493.223,51428.466,20161119_064713,479166,20,7231,19
1,KMVX20161119_130638_V06,-34.238,0.302,208.981,349.606,13.494,-97.927,47.303,6747.142,51829.529,20161119_070638,479170,16,5770,15
5,KMVX20161120_142154_V06,39.602,0.075,62.490,103.910,70.055,-98.929,48.399,35027.340,153998.571,20161120_082154,479165,25,68790,25
1,KMVX20161121_124944_V06,-53.978,0.305,208.853,347.797,8.606,-97.928,47.312,4303.043,51459.531,20161121_064944,479169,29,5809,23
1,KMVX20161121_130909_V06,-34.562,0.154,209.156,347.858,14.529,-97.926,47.311,7264.404,51339.729,20161121_070909,479174,33,4955,24
3,KMVX20161121_133819_V06,-5.395,0.078,208.726,348.726,12.597,-97.929,47.307,6298.269,51732.781,20161121_073819,479175,33,6017,25
4,KMVX20161121_143639_V06,52.938,0.115,208.145,348.825,11.253,-97.932,47.307,5626.556,52012.543,20161121_083639,479166,28,5100,16
6,KMVX20161122_141722_V06,32.255,0.055,282.022,68.526,26.617,-97.447,48.569,13308.620,116085.730,20161122_081722,479171,61,204430,14
6,KMVX20161122_142310_V06,38.055,0.485,286.487,67.051,31.757,-97.417,48.576,15878.468,116670.545,20161122_082310,479171,14,198734,5
8,KMVX20161122_142857_V06,43.838,0.141,491.134,517.650,25.196,-96.079,46.542,12598.190,144830.783,20161122_082857,479176,29,190773,12
8,KMVX20161122_143444_V06,49.621,0.055,492.463,513.929,31.620,-96.070,46.559,15809.976,143881.411,20161122_083444,479164,39,189884,25
8,KMVX20161122_144031_V06,55.405,0.218,497.548,493.549,23.265,-96.035,46.650,11632.676,138280.732,20161122_084031,479177,95,190855,57
3,KMVX20161122_141135_V06,26.471,0.063,222.270,236.763,70.070,-97.844,47.811,35035.164,50102.181,20161122_081135,479174,111,209802,15
7,KMVX20161123_142610_V06,39.669,0.191,209.175,347.688,8.566,-97.926,47.312,4282.902,51291.731,20161123_082610,479174,14,58194,7
7,KMVX20161123_150502_V06,78.535,0.251,211.914,346.123,15.020,-97.908,47.319,7510.161,49715.109,20161123_090502,479169,18,58792,15
1,KMVX20161123_124706_V06,-59.398,0.225,208.252,348.141,8.669,-97.932,47.310,4334.343,51805.371,20161123_064706,479165,15,79119,7
2,KMVX20161123_124706_V06,-59.398,0.077,269.988,495.752,10.964,-97.521,46.647,5482.215,99019.841,20161123_064706,479165,15,79119,7
1,KMVX20161125_130417_V06,-44.938,0.124,207.811,348.850,8.309,-97.935,47.307,4154.356,52166.119,20161125_070417,479163,33,11503,22
1,KMVX20161125_131359_V06,-35.238,-1.000,207.811,348.850,23.732,-97.935,47.307,11865.856,52166.119,20161125_071359,479169,62,10374,47
1,KMVX20161125_132342_V06,-25.521,0.071,209.569,348.650,8.395,-97.923,47.308,4197.697,51343.376,20161125_072342,479173,83,6133,50
3,KMVX20161125_144316_V06,54.045,0.056,61.997,308.129,3.365,-98.904,47.481,1682.372,119070.996,20161125_084316,479166,58,8935,38
1,KMVX20161126_142512_V06,34.643,0.118,238.446,421.962,2.765,-97.729,46.979,1382.423,68307.321,20161126_082512,479171,68,5914,68
1,KMVX20161127_130157_V06,-49.923,0.426,207.448,348.669,6.355,-97.937,47.308,3177.444,52284.402,20161127_070157,479167,7,24461,6
1,KMVX20161127_131140_V06,-40.206,0.385,208.226,348.342,13.590,-97.932,47.309,6794.916,51863.656,20161127_071140,479167,21,25360,20
2,KMVX20161129_134513_V06,-9.225,0.292,227.493,317.263,7.956,-97.806,47.449,3977.789,37266.786,20161129_074513,479175,262,174674,39
3,KMVX20161129_134513_V06,-9.225,0.152,191.233,325.176,15.935,-98.046,47.413,7967.285,55821.216,20161129_074513,479175,262,174674,39
6,KMVX20161129_143347_V06,39.341,0.054,303.935,393.836,19.775,-97.299,47.106,9887.728,46958.986,20161129_083347,479159,119,140160,56
1,KMVX20161202_130949_V06,-48.304,0.097,405.368,242.234,3.016,-96.622,47.786,1508.030,60081.691,20161202_070949,479176,22,30776,20
3,KMVX20161202_143158_V06,33.846,0.187,209.211,347.598,8.393,-97.925,47.312,4196.260,51254.877,20161202_083158,479165,4,8589,2
3,KMVX20161202_144140_V06,43.546,-1.000,209.211,347.598,23.816,-97.925,47.312,11907.760,51254.877,20161202_084140,479175,15,8788,15
3,KMVX20161202_150105_V06,62.962,0.058,211.514,346.383,12.402,-97.910,47.318,6200.783,49953.067,20161202_090105,479168,17,10542,11
4,KMVX20161203_130331_V06,-55.779,0.071,302.067,306.037,8.481,-97.311,47.501,4240.726,3190.439,20161203_070331,479167,18,3680,17
2,KMVX20161204_132754_V06,-32.542,0.198,24.160,274.301,27.023,-99.160,47.629,13511.390,138517.235,20161204_072754,479168,206,227394,128
2,KMVX20161204_133737_V06,-22.826,0.348,28.615,272.563,36.902,-99.131,47.637,18450.874,136384.364,20161204_073737,479177,232,227693,128
1,KMVX20161205_150313_V06,61.657,0.148,208.426,347.254,9.232,-97.931,47.314,4616.074,51523.704,20161205_090313,479175,54,46781,44
4,KMVX20161208_134127_V06,-23.275,0.147,208.937,348.207,9.002,-97.927,47.310,4501.232,51517.761,20161208_074127,479172,20,91907,16
4,KMVX20161208_140052_V06,-3.858,0.499,213.519,347.364,16.507,-97.897,47.314,8253.537,49300.740,20161208_080052,479172,26,114447,23
1,KMVX20161208_131219_V06,-52.408,0.497,212.206,347.129,9.096,-97.906,47.315,4547.928,49821.726,20161208_071219,479165,14,93563,12
1,KMVX20161209_150902_V06,63.320,0.128,262.618,311.686,8.420,-97.573,47.475,4210.125,19583.133,20161209_090902,479167,96,58190,90
1,KMVX20161209_151846_V06,73.053,0.115,263.024,311.685,17.966,-97.570,47.475,8982.859,19389.074,20161209_091846,479171,62,56702,46
1,KMVX20161210_150023_V06,53.716,0.248,206.073,348.041,7.283,-97.946,47.310,3641.691,52750.047,20161210_090023,479162,39,3736,39
2,KMVX20161211_141427_V06,6.865,0.066,34.258,391.180,40.332,-99.076,47.105,20166.182,140474.764,20161211_081427,479170,37,314661,32
2,KMVX20161211_142409_V06,16.565,-1.000,34.258,391.180,55.755,-99.076,47.105,27877.682,140474.764,20161211_082409,479171,19,318395,17
2,KMVX20161211_143352_V06,26.282,0.286,44.251,401.860,58.242,-99.008,47.058,29121.179,137643.787,20161211_083352,479164,22,324847,21
2,KMVX20161211_144334_V06,35.982,0.342,50.984,399.388,59.736,-98.964,47.069,29867.949,134058.620,20161211_084334,479176,11,331608,11
2,KMVX20161211_150300_V06,55.415,0.237,56.214,398.472,63.778,-98.930,47.074,31888.765,131461.513,20161211_090300,479170,18,341445,18
2,KMVX20161211_151242_V06,65.115,0.161,51.042,424.840,85.473,-98.960,46.955,42736.347,139252.369,20161211_091242,479174,36,342461,36
2,KMVX20161211_152225_V06,74.832,0.246,60.026,426.983,90.469,-98.901,46.946,45234.700,135750.182,20161211_092225,479163,37,341945,26
2,KMVX20161211_153207_V06,84.532,0.080,72.541,429.527,99.906,-98.819,46.936,49953.140,130876.762,20161211_093207,479171,20,338767,19
1,KMVX20161211_141427_V06,6.865,0.079,33.675,310.533,48.106,-99.091,47.467,24052.910,133266.810,20161211_081427,479170,37,314661,32
1,KMVX20161212_132831_V06,-39.949,0.059,40.026,365.392,62.765,-99.041,47.221,31382.704,134035.804,20161212_072831,479169,25,238306,14
2,KMVX20161212_142647_V06,18.317,0.189,42.725,212.562,77.672,-99.046,47.908,38836.201,135863.596,20161212_082647,479179,26,255962,22
8,KMVX20161213_144201_V06,32.707,0.258,298.874,303.630,10.046,-97.332,47.512,5023.228,1900.208,20161213_084201,479170,175,7340,92
8,KMVX20161213_150127_V06,52.141,0.060,299.282,306.305,21.770,-97.330,47.500,10884.835,3172.680,20161213_090127,479176,200,8539,117
8,KMVX20161213_151109_V06,61.841,0.262,300.381,303.202,13.997,-97.322,47.514,6998.741,1612.475,20161213_091109,479166,167,8199,96
1,KMVX20161213_131438_V06,-54.676,0.599,298.745,303.551,11.619,-97.333,47.512,5809.444,1883.227,20161213_071438,479170,51,6391,45
1,KMVX20161213_132421_V06,-44.959,-1.000,298.745,303.551,27.068,-97.333,47.512,13534.194,1883.227,20161213_072421,479175,62,7843,45
1,KMVX20161213_133403_V06,-35.259,0.091,298.881,303.679,10.086,-97.332,47.512,5043.144,1922.834,20161213_073403,479176,78,11774,55
7,KMVX20161213_143219_V06,23.007,0.084,207.972,347.140,7.418,-97.934,47.314,3708.879,51699.567,20161213_083219,479164,168,6831,84
1,KMVX20161214_131703_V06,-53.064,0.561,208.081,347.539,8.585,-97.933,47.313,4292.700,51742.310,20161214_071703,479172,20,4632,17
1,KMVX20161214_132645_V06,-43.364,0.307,208.797,347.968,15.092,-97.928,47.311,7546.061,51523.801,20161214_072645,479173,27,6823,17
7,KMVX20161214_142457_V06,14.836,0.199,209.669,349.503,9.932,-97.922,47.304,4965.780,51503.005,20161214_082457,479166,27,3918,14
1,KMVX20161215_131922_V06,-51.513,0.374,205.994,348.127,6.730,-97.947,47.310,3364.946,52804.511,20161215_071922,479179,96,5711,83
3,KMVX20161215_143702_V06,26.154,0.067,206.530,347.737,8.185,-97.943,47.312,4092.407,52477.478,20161215_083702,479179,99,5373,79
2,KMVX20161216_131644_V06,-54.871,0.183,209.120,347.150,4.573,-97.926,47.314,2286.606,51191.680,20161216_071644,479168,37,6297,30
2,KMVX20161216_132626_V06,-45.171,0.236,208.832,348.389,12.911,-97.928,47.309,6455.277,51607.115,20161216_072626,479172,25,11094,23
3,KMVX20161216_140516_V06,-6.338,0.215,208.947,348.220,8.473,-97.927,47.310,4236.464,51516.371,20161216_080516,479165,13,9777,11
3,KMVX20161216_141458_V06,3.362,0.120,209.339,348.061,15.976,-97.924,47.310,7988.061,51306.112,20161216_081458,479170,13,13681,10
1,KMVX20161217_132459_V06,-47.305,0.361,205.885,351.725,10.741,-97.947,47.294,5370.695,53695.829,20161217_072459,479171,24,29528,22
2,KMVX20161218_151645_V06,63.819,0.158,207.209,349.636,6.079,-97.939,47.303,3039.667,52616.227,20161218_091645,479167,54,6398,43
1,KMVX20161219_132300_V06,-50.530,0.229,298.919,303.267,11.381,-97.332,47.513,5690.258,1720.642,20161219_072300,479171,141,93416,72
1,KMVX20161219_133242_V06,-40.830,0.304,298.879,303.291,17.772,-97.332,47.513,8885.891,1738.196,20161219_073242,479168,157,87084,70
4,KMVX20161219_151931_V06,65.986,0.147,299.156,304.108,10.208,-97.331,47.510,5103.790,2096.905,20161219_091931,479163,151,8755,73
4,KMVX20161219_152912_V06,75.670,0.084,299.934,304.701,19.137,-97.325,47.507,9568.455,2350.721,20161219_092912,479169,151,8054,78
2,KMVX20161219_143059_V06,17.453,0.103,299.866,304.202,13.708,-97.326,47.509,6854.195,2102.211,20161219_083059,479162,129,41830,78
3,KMVX20161219_143059_V06,17.453,0.062,207.781,347.305,7.255,-97.935,47.314,3627.295,51822.146,20161219_083059,479162,129,41830,78
4,KMVX20161221_134132_V06,-33.067,0.078,31.127,82.689,47.137,-99.144,48.491,23568.695,172856.136,20161221_074132,479173,178,118195,110
4,KMVX20161221_135114_V06,-23.367,0.072,34.163,85.820,59.790,-99.123,48.477,29895.053,170691.380,20161221_075114,479168,131,123950,67
4,KMVX20161221_140222_V06,-12.233,0.409,40.710,105.423,57.251,-99.076,48.390,28625.533,162089.225,20161221_080222,479168,132,151090,68
4,KMVX20161221_140810_V06,-6.433,0.330,43.041,112.907,59.032,-99.059,48.356,29515.946,158927.378,20161221_080810,479171,113,165886,59
4,KMVX20161221_141357_V06,-0.650,0.099,45.090,112.532,63.824,-99.045,48.358,31912.079,158211.416,20161221_081357,479172,129,177483,60
8,KMVX20161221_143119_V06,16.717,0.080,39.949,115.132,60.691,-99.079,48.346,30345.430,159532.463,20161221_083119,479163,166,202049,97
8,KMVX20161221_143706_V06,22.500,0.085,40.096,119.332,66.936,-99.078,48.327,33467.842,158264.780,20161221_083706,479165,97,202693,55
10,KMVX20161221_143706_V06,22.500,0.069,112.477,361.314,34.053,-98.564,47.246,17026.718,98645.994,20161221_083706,479165,97,202693,55
3,KMVX20161223_131752_V06,-57.625,0.073,299.340,304.294,9.989,-97.329,47.509,4994.713,2172.441,20161223_071752,479168,32,6184,32
3,KMVX20161223_132735_V06,-47.908,0.200,299.238,303.319,17.641,-97.330,47.513,8820.537,1702.822,20161223_072735,479162,42,11139,33
1,KMVX20161223_131752_V06,-57.625,0.308,205.842,349.204,7.448,-97.948,47.305,3724.003,53119.648,20161223_071752,479168,32,6184,32
4,KMVX20161223_134852_V06,-26.625,0.238,212.597,346.955,15.854,-97.903,47.315,7926.857,49608.579,20161223_074852,479178,44,7243,27
4,KMVX20161223_140817_V06,-7.208,-1.000,212.597,346.955,46.726,-97.903,47.315,23363.107,49608.579,20161223_080817,479174,66,5952,44
4,KMVX20161223_141800_V06,2.508,0.094,208.892,348.728,7.289,-97.927,47.307,3644.743,51660.179,20161223_081800,479175,41,5023,36
8,KMVX20161224_143048_V06,14.931,0.092,12.977,438.782,21.554,-99.208,46.888,10777.189,159407.419,20161224_083048,479170,29,13075,25
8,KMVX20161224_144030_V06,24.631,0.089,17.848,442.322,33.457,-99.176,46.873,16728.669,158007.485,20161224_084030,479182,23,14900,23
8,KMVX20161224_145013_V06,34.347,0.250,28.731,456.428,41.538,-99.102,46.811,20769.195,156569.886,20161224_085013,479168,46,16863,46
12,KMVX20161224_152903_V06,73.181,0.068,40.607,414.034,53.027,-99.030,47.002,26513.390,141676.331,20161224_092903,479162,28,24171,26
12,KMVX20161224_153846_V06,82.897,0.073,41.540,403.851,69.698,-99.026,47.048,34849.021,139272.014,20161224_093846,479173,32,28214,28
2,KMVX20161224_132250_V06,-53.036,0.167,288.909,317.375,13.275,-97.399,47.450,6637.413,10306.580,20161224_072250,479167,22,9235,22
5,KMVX20161225_143600_V06,19.799,0.300,31.731,509.539,47.160,-99.075,46.572,23580.086,170202.037,20161225_083600,479162,52,163697,48
5,KMVX20161225_144545_V06,29.549,0.180,34.487,504.681,56.378,-99.058,46.594,28189.188,167624.002,20161225_084545,479165,86,163325,86
5,KMVX20161226_152730_V06,71.014,0.089,65.217,261.728,109.235,-98.889,47.690,54617.317,118941.081,20161226_092730,479154,20,211002,10
1,KMVX20161227_150942_V06,52.975,0.091,201.616,353.362,2.953,-97.975,47.286,1476.614,55961.833,20161227_090942,479167,27,26404,9
1,KMVX20161227_151925_V06,62.692,0.094,202.050,352.900,12.223,-97.972,47.288,6111.561,55660.851,20161227_091925,479175,26,21936,12
1,KMVX20161228_132039_V06,-56.266,0.059,222.428,302.790,1.770,-97.840,47.514,885.117,38810.978,20161228_072039,479172,7,45626,4
7,KMVX20161229_143522_V06,18.306,0.115,209.396,348.288,8.256,-97.924,47.309,4128.229,51334.175,20161229_083522,479162,6,7459,2
1,KMVX20161230_131926_V06,-57.723,0.146,209.000,346.286,8.074,-97.927,47.318,4037.195,51047.570,20161230_071926,479167,28,116047,28
3,KMVX20161230_152540_V06,68.510,0.052,51.757,233.144,93.341,-98.983,47.817,46670.452,128543.946,20161230_092540,479167,32,212419,13
2,KMVX20161231_140547_V06,-11.422,0.067,208.265,346.958,8.216,-97.932,47.315,4107.988,51527.694,20161231_080547,479166,30,9738,20
2,KMVX20161231_141529_V06,-1.722,0.092,209.265,347.270,15.795,-97.925,47.314,7897.665,51154.982,20161231_081529,479176,46,11508,31
1,KMVX20161231_131714_V06,-59.972,0.052,209.679,347.521,6.041,-97.922,47.313,3020.447,51029.964,20161231_071714,479170,12,12054,11
