track_id,filename,from_sunrise,det_score,x,y,r,lon,lat,radius,geo_dist,local_time
6,KAKQ19970601_105838,68.693,0.083,384.242,289.140,28.873,-76.534,37.032,14436.394,42469.532,19970601_065838
6,KAKQ19970601_110436,74.659,-1.000,384.242,289.140,38.360,-76.534,37.032,19179.894,42469.532,19970601_070436
6,KAKQ19970601_111032,80.593,0.103,385.433,284.281,38.191,-76.527,37.054,19095.724,43433.689,19970601_071032
6,KAKQ19970601_111627,86.509,0.059,380.444,276.647,36.445,-76.555,37.088,18222.399,41882.451,19970601_071627
2,KAKQ19970601_101117,21.343,0.132,229.269,403.482,11.457,-77.402,36.517,5728.338,62672.450,19970601_061117
2,KAKQ19970601_101712,27.259,0.112,230.049,404.586,20.027,-77.398,36.512,10013.411,62911.177,19970601_061712
1,KAKQ19970601_092357,-25.991,0.271,346.446,411.972,32.843,-76.748,36.479,16421.282,60611.355,19970601_052357
3,KAKQ19970601_101117,21.343,0.085,352.761,415.232,29.787,-76.713,36.464,14893.692,63368.256,19970601_061117
5,KAKQ19970601_102903,39.109,0.087,345.026,411.747,27.190,-76.756,36.480,13594.849,60238.489,19970601_062903
1,KAKQ19970602_091029,-39.124,0.093,532.583,497.806,32.164,-75.716,36.086,16081.924,152661.718,19970602_051029
1,KAKQ19970602_091624,-33.207,0.078,511.806,499.545,23.580,-75.832,36.079,11789.835,145498.855,19970602_051624
3,KAKQ19970602_103321,43.743,0.063,326.845,405.488,35.818,-76.858,36.509,17908.791,54425.244,19970602_063321
4,KAKQ19970602_110259,73.376,0.142,433.023,550.831,33.567,-76.271,35.851,16783.447,141960.512,19970602_070259
4,KAKQ19970603_101804,28.764,0.070,340.526,374.036,23.724,-76.781,36.650,11861.906,42201.072,19970603_061804
4,KAKQ19970603_102359,34.680,0.100,340.196,373.231,30.927,-76.783,36.654,15463.725,41768.687,19970603_062359
4,KAKQ19970603_102954,40.597,0.364,340.332,368.266,24.939,-76.782,36.676,12469.635,39644.997,19970603_062954
4,KAKQ19970603_103549,46.514,-1.000,340.332,368.266,34.347,-76.782,36.676,17173.385,39644.997,19970603_063549
4,KAKQ19970603_104738,58.330,0.068,342.533,359.882,24.288,-76.769,36.714,12144.125,36725.076,19970603_064738
6,KAKQ19970603_102359,34.680,0.552,218.141,179.791,24.442,-77.471,37.525,12220.768,72717.167,19970603_062359
6,KAKQ19970603_102954,40.597,0.112,219.099,179.546,31.729,-77.465,37.526,15864.271,72550.076,19970603_062954
1,KAKQ19970603_090100,-48.303,0.060,324.356,402.298,13.939,-76.872,36.523,6969.660,52578.702,19970603_050100
2,KAKQ19970603_091249,-36.486,0.133,341.633,282.589,27.458,-76.773,37.062,13729.156,22563.300,19970603_051249
3,KAKQ19970603_093041,-18.620,0.150,171.715,263.941,18.595,-77.729,37.144,9297.646,66628.521,19970603_053041
5,KAKQ19970603_101804,28.764,0.053,197.385,271.233,16.168,-77.585,37.112,8083.855,53285.546,19970603_061804
8,KAKQ19970603_103549,46.514,0.109,183.555,261.803,15.734,-77.663,37.154,7866.766,61274.604,19970603_063549
9,KAKQ19970603_104738,58.330,0.072,299.929,344.429,24.701,-77.008,36.784,12350.674,22214.689,19970603_064738
1,KAKQ19970604_085149,-57.211,0.201,446.184,526.362,16.494,-76.197,35.961,8246.992,134730.701,19970604_045149
1,KAKQ19970604_085740,-51.361,0.080,445.721,526.776,22.809,-76.200,35.959,11404.695,134779.575,19970604_045740
1,KAKQ19970604_090331,-45.511,-1.000,445.327,527.129,29.570,-76.202,35.958,14785.117,134821.708,19970604_050331
1,KAKQ19970604_090923,-39.645,0.125,445.639,533.031,13.844,-76.201,35.931,6922.081,137399.008,19970604_050923
1,KAKQ19970604_091515,-33.778,0.108,445.640,533.315,20.339,-76.201,35.930,10169.422,137519.914,19970604_051515
3,KAKQ19970604_090923,-39.645,0.308,301.704,219.578,14.901,-76.998,37.346,7450.603,40220.188,19970604_050923
3,KAKQ19970604_091515,-33.778,0.117,301.230,220.402,21.056,-77.001,37.343,10527.789,39803.633,19970604_051515
7,KAKQ19970604_093250,-16.195,0.073,298.069,236.619,16.473,-77.018,37.269,8236.412,31705.426,19970604_053250
7,KAKQ19970604_093845,-10.278,0.161,296.740,238.178,22.859,-77.026,37.262,11429.555,30954.200,19970604_053845
7,KAKQ19970604_094440,-4.361,0.198,297.169,245.654,18.571,-77.023,37.229,9285.572,27209.713,19970604_054440
7,KAKQ19970604_095034,1.539,0.166,296.545,245.756,24.660,-77.027,37.228,12330.145,27176.970,19970604_055034
2,KAKQ19970604_090331,-45.511,0.071,165.151,120.827,11.110,-77.773,37.789,5554.825,112123.983,19970604_050331
2,KAKQ19970604_090923,-39.645,-1.000,165.151,120.827,20.438,-77.773,37.789,10218.825,112123.983,19970604_050923
2,KAKQ19970604_091515,-33.778,0.062,161.269,120.605,11.280,-77.795,37.789,5640.249,113389.626,19970604_051515
6,KAKQ19970604_092658,-22.061,0.065,470.543,428.747,15.343,-76.057,36.400,7671.299,106841.830,19970604_052658
8,KAKQ19970604_093250,-16.195,0.053,308.305,306.682,25.679,-76.961,36.954,12839.497,5329.682,19970604_053250
8,KAKQ19970604_093845,-10.278,0.060,305.602,315.822,19.574,-76.976,36.913,9787.201,8392.142,19970604_053845
5,KAKQ19970606_091918,-29.267,0.201,249.047,583.481,21.997,-77.289,35.706,10998.390,144011.911,19970606_051918
5,KAKQ19970606_092513,-23.350,0.160,250.123,582.850,29.447,-77.283,35.709,14723.676,143607.094,19970606_052513
5,KAKQ19970606_093109,-17.417,0.219,261.004,573.107,32.316,-77.223,35.753,16158.102,137938.375,19970606_053109
5,KAKQ19970606_093703,-11.517,0.132,264.903,569.392,31.571,-77.202,35.770,15785.592,135834.418,19970606_053703
5,KAKQ19970606_094259,-5.583,-1.000,270.265,564.448,32.156,-77.172,35.792,16077.972,133057.170,19970606_054259
5,KAKQ19970606_094855,0.350,0.103,277.286,554.050,37.786,-77.133,35.839,18893.245,127531.876,19970606_054855
5,KAKQ19970606_095450,6.267,0.577,292.566,534.887,25.398,-77.049,35.926,12698.968,117502.401,19970606_055450
5,KAKQ19970606_100046,12.200,0.292,294.067,533.221,34.522,-77.040,35.933,17261.058,116648.463,19970606_060046
3,KAKQ19970606_090132,-47.033,0.077,36.048,509.786,42.248,-78.472,36.030,21124.218,168583.009,19970606_050132
3,KAKQ19970606_090727,-41.117,0.069,36.761,508.647,49.235,-78.468,36.035,24617.530,167949.831,19970606_050727
1,KAKQ19970606_085537,-52.950,0.181,374.641,539.658,10.269,-76.594,35.903,5134.605,125506.237,19970606_045537
1,KAKQ19970606_090132,-47.033,0.052,387.070,524.612,29.806,-76.525,35.971,14903.173,120448.857,19970606_050132
6,KAKQ19970606_094259,-5.583,0.335,278.663,550.404,23.697,-77.126,35.856,11848.608,125655.862,19970606_054259
8,KAKQ19970606_101239,24.083,0.121,429.229,520.628,16.634,-76.291,35.988,8316.759,127844.653,19970606_061239
9,KAKQ19970606_103024,41.833,0.098,218.993,465.448,26.305,-77.458,36.238,13152.578,92107.310,19970606_063024
4,KAKQ19970607_092733,-20.830,0.338,206.662,267.787,28.710,-77.533,37.128,14355.202,49370.243,19970607_052733
4,KAKQ19970607_093327,-14.930,0.616,210.115,265.614,32.506,-77.513,37.138,16253.142,48118.867,19970607_053327
4,KAKQ19970607_093919,-9.063,0.205,214.469,265.418,33.705,-77.489,37.139,16852.479,46128.587,19970607_053919
4,KAKQ19970607_094511,-3.196,-1.000,218.585,264.946,35.473,-77.466,37.141,17736.333,44320.548,19970607_054511
4,KAKQ19970607_095107,2.737,0.092,226.957,267.275,32.695,-77.419,37.131,16347.284,40019.243,19970607_055107
2,KAKQ19970607_091548,-32.580,0.099,198.038,267.351,28.646,-77.581,37.130,14322.914,53530.719,19970607_051548
2,KAKQ19970607_092140,-26.713,0.518,201.158,267.682,33.746,-77.564,37.128,16872.939,51995.772,19970607_052140
10,KAKQ19970607_100257,14.570,0.062,336.832,320.601,22.191,-76.801,36.891,11095.375,21100.994,19970607_060257
10,KAKQ19970607_100851,20.470,-1.000,336.832,320.601,31.572,-76.801,36.891,15785.875,21100.994,19970607_060851
10,KAKQ19970607_101446,26.387,0.052,339.333,313.402,32.383,-76.787,36.923,16191.573,20777.033,19970607_061446
10,KAKQ19970607_102043,32.337,-1.000,341.226,307.957,35.342,-76.776,36.948,17670.850,20993.203,19970607_062043
10,KAKQ19970607_102636,38.220,0.074,357.565,301.513,25.001,-76.684,36.977,12500.267,28792.255,19970607_062636
14,KAKQ19970607_103233,44.170,0.098,468.035,432.629,34.967,-76.071,36.383,17483.564,107035.483,19970607_063233
14,KAKQ19970607_103828,50.087,0.063,469.408,431.127,40.834,-76.063,36.389,20416.934,107113.788,19970607_063828
17,KAKQ19970607_110208,73.754,0.082,288.661,214.391,20.607,-77.072,37.370,10303.280,43178.193,19970607_070208
17,KAKQ19970607_110803,79.670,0.424,291.990,211.497,25.808,-77.053,37.383,12904.113,44432.212,19970607_070803
1,KAKQ19970607_090406,-44.280,0.107,378.510,284.819,23.270,-76.566,37.051,11635.086,39982.299,19970607_050406
3,KAKQ19970607_092140,-26.713,0.071,37.622,129.666,42.573,-78.496,37.742,21286.530,156409.888,19970607_052140
5,KAKQ19970607_092733,-20.830,0.098,376.036,281.949,35.477,-76.580,37.064,17738.262,39074.497,19970607_052733
6,KAKQ19970607_092733,-20.830,0.072,21.958,200.449,13.295,-78.578,37.422,6647.682,147663.323,19970607_052733
7,KAKQ19970607_094511,-3.196,0.102,222.184,258.207,29.252,-77.446,37.171,14625.830,44164.464,19970607_054511
8,KAKQ19970607_100257,14.570,0.223,324.111,418.474,23.214,-76.873,36.450,11606.983,60451.190,19970607_060257
11,KAKQ19970607_100851,20.470,0.113,343.274,313.305,18.786,-76.765,36.924,9392.845,22636.473,19970607_060851
12,KAKQ19970607_100851,20.470,0.085,39.402,192.595,32.158,-78.480,37.459,16079.136,140931.754,19970607_060851
15,KAKQ19970607_105019,61.937,0.516,249.946,141.401,14.278,-77.291,37.698,7138.992,83155.189,19970607_065019
15,KAKQ19970607_105613,67.837,-1.000,249.946,141.401,23.659,-77.291,37.698,11829.492,83155.189,19970607_065613
15,KAKQ19970607_110208,73.754,0.076,267.141,116.651,44.833,-77.194,37.810,22416.489,93135.114,19970607_070208
16,KAKQ19970607_110208,73.754,0.443,242.066,262.981,16.518,-77.334,37.150,8259.115,34375.820,19970607_070208
1,KAKQ19970610_084923,-58.610,0.063,211.284,58.826,2.429,-77.513,38.069,1214.405,128486.828,19970610_044923
2,KAKQ19970610_093837,-9.377,0.069,353.392,422.702,7.080,-76.710,36.431,3540.216,66907.695,19970610_053837
1,KAKQ19970611_091702,-30.889,0.054,283.504,407.691,10.084,-77.100,36.499,5042.122,54473.782,19970611_051702
4,KAKQ19970612_101706,29.220,0.293,322.458,391.987,13.672,-76.882,36.569,6836.090,47344.174,19970612_061706
4,KAKQ19970612_102657,39.070,0.654,323.550,390.609,24.568,-76.876,36.576,12283.972,46809.901,19970612_062657
4,KAKQ19970612_103248,44.920,0.104,330.447,387.783,25.043,-76.837,36.588,12521.527,46456.670,19970612_063248
4,KAKQ19970612_103840,50.787,-1.000,336.161,385.342,26.698,-76.805,36.599,13348.965,46343.517,19970612_063840
4,KAKQ19970612_104432,56.654,0.249,344.098,380.658,24.574,-76.761,36.620,12287.118,45962.955,19970612_064432
2,KAKQ19970612_093740,-10.213,0.091,303.871,395.614,16.247,-76.986,36.553,8123.535,47846.140,19970612_053740
2,KAKQ19970612_094732,-0.346,0.162,282.663,400.616,29.714,-77.104,36.531,14857.234,51049.245,19970612_054732
2,KAKQ19970612_095723,9.504,0.090,278.388,403.396,29.759,-77.128,36.518,14879.525,52815.326,19970612_055723
1,KAKQ19970612_090806,-39.780,0.133,234.955,411.676,22.249,-77.370,36.480,11124.363,64619.000,19970612_050806
5,KAKQ19970612_103248,44.920,0.120,389.640,168.328,11.066,-76.500,37.576,5533.054,79643.994,19970612_063248
4,KAKQ19970613_090947,-38.082,0.096,198.749,388.288,27.137,-77.573,36.585,13568.472,67168.686,19970613_050947
4,KAKQ19970613_091542,-32.165,0.076,201.164,387.929,34.399,-77.560,36.586,17199.567,66143.988,19970613_051542
10,KAKQ19970613_100304,15.201,0.838,445.310,347.263,21.473,-76.194,36.768,10736.652,76401.625,19970613_060304
10,KAKQ19970613_100859,21.118,0.710,450.380,345.283,26.238,-76.165,36.777,13119.050,78525.045,19970613_060859
15,KAKQ19970613_103835,50.718,0.125,496.082,310.111,21.980,-75.907,36.933,10989.803,98171.041,19970613_063835
15,KAKQ19970613_104430,56.635,0.897,502.487,305.807,23.751,-75.871,36.952,11875.377,101285.062,19970613_064430
1,KAKQ19970613_085203,-55.815,0.070,184.342,147.649,15.872,-77.663,37.668,7935.801,95639.394,19970613_045203
2,KAKQ19970613_085758,-49.899,0.076,362.472,170.943,17.800,-76.654,37.565,8899.975,71690.850,19970613_045758
3,KAKQ19970613_090352,-43.999,0.133,382.191,505.307,16.750,-76.551,36.058,8375.119,110573.716,19970613_050352
5,KAKQ19970613_091542,-32.165,0.607,368.257,349.423,9.157,-76.625,36.761,4578.575,42135.409,19970613_051542
7,KAKQ19970613_092138,-26.232,0.208,488.887,258.684,12.022,-75.944,37.165,6011.059,96676.613,19970613_052138
8,KAKQ19970613_094519,-2.549,0.167,418.987,367.801,28.317,-76.342,36.677,14158.670,68474.034,19970613_054519
9,KAKQ19970613_094519,-2.549,0.078,168.801,381.340,46.900,-77.741,36.615,23449.825,77184.038,19970613_054519
12,KAKQ19970613_102049,32.951,0.278,341.121,244.625,21.995,-76.776,37.233,10997.417,34486.787,19970613_062049
13,KAKQ19970613_103239,44.785,0.407,487.009,318.785,24.677,-75.958,36.895,12338.593,93975.244,19970613_063239
14,KAKQ19970613_103835,50.718,0.170,384.047,197.653,7.532,-76.533,37.444,3766.045,66217.190,19970613_063835
1,KAKQ19970615_101915,31.329,0.061,211.408,279.799,18.405,-77.506,37.074,9202.398,45432.869,19970615_061915
2,KAKQ19970616_085807,-49.874,0.089,512.391,235.901,19.214,-75.810,37.267,9606.873,110926.170,19970616_045807
2,KAKQ19970616_090758,-40.024,0.514,520.166,236.254,29.668,-75.766,37.265,14833.996,114604.384,19970616_050758
2,KAKQ19970616_091748,-30.191,0.682,522.747,237.344,33.096,-75.752,37.260,16548.126,115695.881,19970616_051748
1,KAKQ19970616_085807,-49.874,0.225,203.929,72.112,4.953,-77.554,38.009,2476.501,123655.510,19970616_045807
4,KAKQ19970616_091748,-30.191,0.136,305.916,558.169,17.045,-76.975,35.821,8522.738,129118.603,19970616_051748
5,KAKQ19970616_093730,-10.491,0.056,545.797,354.295,43.893,-75.632,36.731,21946.615,125861.073,19970616_053730
1,KAKQ19970617_085625,-51.672,0.165,364.953,501.951,13.256,-76.647,36.073,6628.249,106069.850,19970617_045625
2,KAKQ19970617_092600,-22.088,0.544,240.015,259.064,13.730,-77.345,37.168,6864.874,36310.962,19970617_052600
4,KAKQ19970617_093551,-12.238,0.076,289.516,396.764,10.943,-77.066,36.548,5471.708,48665.225,19970617_053551
1,KAKQ19970618_100849,20.604,0.070,236.071,356.562,19.127,-77.365,36.729,9563.604,42679.594,19970618_060849
1,KAKQ19970618_101444,26.521,0.054,238.202,354.745,26.737,-77.353,36.737,13368.490,41279.671,19970618_061444
2,KAKQ19970618_104419,56.104,0.080,289.201,419.130,21.713,-77.068,36.447,10856.730,59809.058,19970618_064419
3,KAKQ19970618_104419,56.104,0.056,202.919,230.346,25.407,-77.555,37.296,12703.409,59741.768,19970618_064419
4,KAKQ19970618_105611,67.971,0.337,264.783,401.267,19.683,-77.204,36.527,9841.665,53608.019,19970618_065611
5,KAKQ19970618_105611,67.971,0.053,303.353,286.441,16.036,-76.989,37.045,8017.784,6983.594,19970618_065611
6,KAKQ19970618_110206,73.887,0.307,279.284,387.939,15.160,-77.123,36.588,7579.836,45172.895,19970618_070206
7,KAKQ19970618_110801,79.804,0.077,216.575,264.930,30.380,-77.477,37.141,15189.970,45248.470,19970618_070801
1,KAKQ19970619_093136,-16.764,0.059,390.856,281.468,30.627,-76.497,37.066,15313.385,46363.387,19970619_053136
1,KAKQ19970620_094107,-7.425,0.059,181.565,420.506,6.101,-77.668,36.439,3050.421,84481.286,19970620_054107
2,KAKQ19970620_095058,2.425,0.171,456.731,302.507,8.982,-76.127,36.969,4491.127,78375.652,19970620_055058
3,KAKQ19970620_102031,31.975,0.145,462.608,207.125,24.371,-76.089,37.399,12185.707,93631.002,19970620_062031
1,KAKQ19970621_091901,-29.730,0.055,428.283,523.421,8.485,-76.296,35.975,4242.452,128814.943,19970621_051901
1,KAKQ19970622_093106,-17.877,0.075,378.633,432.300,22.631,-76.569,36.387,11315.331,76951.942,19970622_053106
1,KAKQ19970624_085201,-57.497,0.085,21.907,389.720,16.873,-78.561,36.569,8436.657,146103.669,19970624_045201
2,KAKQ19970624_100050,11.319,0.082,342.844,149.355,8.216,-76.765,37.662,4108.173,78309.431,19970624_060050
2,KAKQ19970625_085135,-58.237,0.087,509.903,476.842,13.034,-75.841,36.181,6517.227,137233.685,19970625_045135
2,KAKQ19970625_090126,-48.387,0.265,510.717,474.961,20.743,-75.836,36.190,10371.317,136942.599,19970625_050126
2,KAKQ19970625_091117,-38.537,0.060,522.363,473.471,25.218,-75.771,36.196,12608.837,141011.799,19970625_051117
2,KAKQ19970625_092109,-28.670,0.082,521.900,476.793,20.903,-75.774,36.181,10451.348,141858.581,19970625_052109
1,KAKQ19970626_095118,1.149,0.051,382.748,287.070,18.458,-76.542,37.041,9228.958,41875.830,19970626_055118
3,KAKQ19970627_092855,-21.589,0.081,332.212,521.657,22.908,-76.829,35.985,11453.918,111992.813,19970627_052855
3,KAKQ19970627_093450,-15.673,0.096,335.833,522.402,29.183,-76.809,35.982,14591.520,112635.157,19970627_053450
3,KAKQ19970627_094044,-9.773,0.085,340.738,528.517,31.017,-76.782,35.954,15508.668,116059.913,19970627_054044
3,KAKQ19970627_094636,-3.906,-1.000,345.245,533.485,33.832,-76.757,35.932,16915.992,118914.096,19970627_054636
3,KAKQ19970627_095231,2.011,0.177,344.545,536.046,41.244,-76.761,35.920,20621.846,120106.025,19970627_055231
3,KAKQ19970627_095825,7.911,0.102,345.759,537.716,45.458,-76.754,35.913,22728.880,121039.955,19970627_055825
3,KAKQ19970627_100419,13.811,-1.000,347.186,540.006,49.930,-76.746,35.902,24965.028,122300.329,19970627_060419
3,KAKQ19970627_101015,19.744,0.177,363.018,532.015,46.248,-76.658,35.938,23124.227,120210.586,19970627_061015
3,KAKQ19970627_101610,25.661,0.122,372.052,530.511,43.958,-76.608,35.945,21978.891,120754.928,19970627_061610
5,KAKQ19970627_101610,25.661,0.115,302.409,551.103,31.362,-76.994,35.852,15681.095,125557.045,19970627_061610
5,KAKQ19970627_102206,31.594,0.076,304.358,551.702,38.258,-76.983,35.850,19128.855,125869.799,19970627_062206
7,KAKQ19970627_103355,43.411,0.155,495.259,461.597,21.690,-75.921,36.251,10844.957,126727.503,19970627_063355
7,KAKQ19970627_103951,49.344,0.234,497.484,462.383,28.719,-75.909,36.247,14359.294,127835.873,19970627_063951
1,KAKQ19970627_091706,-33.406,0.094,198.520,99.960,24.661,-77.584,37.884,12330.555,112154.268,19970627_051706
2,KAKQ19970627_092301,-27.489,0.059,298.617,403.461,21.665,-77.015,36.518,10832.531,51734.874,19970627_052301
4,KAKQ19970627_100419,13.811,0.112,351.328,532.838,40.376,-76.723,35.934,20187.988,119214.030,19970627_060419
6,KAKQ19970627_102801,37.511,0.076,27.220,483.870,18.934,-78.523,36.146,9466.890,164482.142,19970627_062801
8,KAKQ19970627_110330,72.994,0.620,259.686,433.820,16.953,-77.232,36.381,8476.555,69880.259,19970627_070330
10,KAKQ19970627_110330,72.994,0.061,455.296,543.812,38.874,-76.148,35.882,19437.202,144534.870,19970627_070330
1,KAKQ19970628_090052,-50.018,0.397,407.809,287.187,9.328,-76.402,37.040,4664.070,54283.842,19970628_050052
1,KAKQ19970628_091041,-40.201,0.077,407.802,288.053,19.560,-76.402,37.036,9780.230,54231.202,19970628_051041
1,KAKQ19970628_092030,-30.385,0.160,409.734,287.184,24.221,-76.391,37.040,12110.606,55239.709,19970628_052030
2,KAKQ19970628_094010,-10.718,0.215,87.342,89.637,8.411,-78.217,37.925,4205.256,149562.848,19970628_054010
3,KAKQ19970628_102917,38.399,0.253,19.053,340.266,17.925,-78.581,36.792,8962.619,141908.936,19970628_062917
4,KAKQ19970628_103906,48.215,0.155,429.360,238.375,21.283,-76.278,37.259,10641.605,71644.096,19970628_063906
5,KAKQ19970628_110832,77.649,0.199,441.512,246.688,32.101,-76.210,37.221,16050.594,75610.561,19970628_070832
1,KAKQ19970629_092001,-31.270,0.062,293.179,409.171,23.646,-77.046,36.492,11823.198,54692.022,19970629_052001
1,KAKQ19970630_090002,-51.677,0.071,403.831,288.591,15.378,-76.424,37.034,7689.049,52227.929,19970630_050002
1,KAKQ19970630_090954,-41.810,0.193,402.095,289.045,23.146,-76.434,37.032,11572.827,51340.634,19970630_050954
7,KAKQ19970630_104831,56.806,0.239,528.714,484.403,18.623,-75.737,36.146,9311.337,146896.519,19970630_064831
7,KAKQ19970630_105823,66.673,-1.000,528.714,484.403,34.311,-75.737,36.146,17155.337,146896.519,19970630_065823
7,KAKQ19970630_110814,76.523,0.057,530.105,479.655,33.399,-75.729,36.167,16699.532,145966.055,19970630_070814
2,KAKQ19970630_090954,-41.810,0.063,428.759,528.991,10.391,-76.294,35.950,5195.387,131354.397,19970630_050954
3,KAKQ19970630_093927,-12.260,0.240,411.877,292.832,16.548,-76.379,37.015,8273.888,56053.216,19970630_053927
4,KAKQ19970630_094918,-2.410,0.057,20.758,130.186,21.678,-78.592,37.738,10838.881,163411.131,19970630_054918
5,KAKQ19970630_100901,17.306,0.327,251.092,141.015,20.516,-77.285,37.700,10257.856,83168.952,19970630_060901
6,KAKQ19970630_102847,37.073,0.128,221.346,245.312,12.225,-77.451,37.229,6112.335,47898.676,19970630_062847
11,KAKQ19970701_102541,33.527,0.655,381.013,270.951,13.667,-76.552,37.114,6833.412,43032.090,19970701_062541
11,KAKQ19970701_103136,39.444,0.902,380.710,272.499,17.474,-76.553,37.107,8737.197,42633.323,19970701_063136
11,KAKQ19970701_103732,45.377,0.900,384.032,272.853,16.765,-76.535,37.105,8382.461,44154.095,19970701_063732
11,KAKQ19970701_104327,51.294,0.888,389.250,271.364,16.653,-76.505,37.112,8326.625,46865.494,19970701_064327
11,KAKQ19970701_104923,57.227,0.950,392.201,270.690,16.946,-76.489,37.115,8473.010,48373.953,19970701_064923
11,KAKQ19970701_105519,63.160,0.955,396.828,271.114,16.958,-76.463,37.113,8479.116,50522.624,19970701_065519
11,KAKQ19970701_110115,69.094,0.683,401.656,270.011,19.222,-76.436,37.118,9611.158,52993.456,19970701_070115
11,KAKQ19970701_110711,75.027,0.102,403.898,267.311,22.818,-76.423,37.130,11409.172,54459.507,19970701_070711
3,KAKQ19970701_093818,-13.856,0.355,218.129,179.787,21.532,-77.471,37.525,10766.161,72722.113,19970701_053818
3,KAKQ19970701_094413,-7.940,0.105,218.871,179.607,29.378,-77.466,37.525,14688.903,72588.707,19970701_054413
3,KAKQ19970701_095008,-2.023,0.123,232.586,178.496,22.936,-77.389,37.531,11467.760,69476.253,19970701_055008
9,KAKQ19970701_100754,15.744,0.074,381.260,261.079,11.799,-76.550,37.158,5899.624,45049.899,19970701_060754
9,KAKQ19970701_101350,21.677,0.057,382.550,259.874,18.174,-76.543,37.164,9087.228,45892.947,19970701_061350
9,KAKQ19970701_101946,27.610,0.104,391.214,266.988,16.230,-76.494,37.132,8114.841,48501.926,19970701_061946
1,KAKQ19970701_091433,-37.606,0.147,381.061,411.767,28.717,-76.555,36.479,14358.643,69034.038,19970701_051433
2,KAKQ19970701_091433,-37.606,0.142,271.661,211.688,17.342,-77.167,37.382,8671.246,46373.716,19970701_051433
4,KAKQ19970701_094413,-7.940,0.101,300.789,204.154,14.311,-77.003,37.416,7155.659,47924.415,19970701_054413
6,KAKQ19970701_095008,-2.023,0.051,355.218,511.580,31.427,-76.701,36.030,15713.727,109333.305,19970701_055008
7,KAKQ19970701_095604,3.910,0.067,415.560,273.533,37.083,-76.358,37.101,18541.687,59275.940,19970701_055604
8,KAKQ19970701_100159,9.827,0.408,375.359,260.436,13.563,-76.583,37.161,6781.502,42556.777,19970701_060159
2,KAKQ19970702_094514,-7.390,0.398,275.446,102.812,11.743,-77.147,37.872,5871.449,99355.433,19970702_054514
2,KAKQ19970702_095109,-1.473,0.700,275.493,102.977,17.106,-77.147,37.871,8552.863,99270.470,19970702_055109
4,KAKQ19970702_101451,22.227,0.120,468.701,532.670,29.960,-76.073,35.932,14979.856,143697.065,19970702_061451
4,KAKQ19970702_102047,28.160,0.118,468.820,533.813,36.514,-76.072,35.927,18257.030,144195.015,19970702_062047
1,KAKQ19970702_090943,-42.907,0.099,260.477,205.785,23.148,-77.231,37.408,11573.839,51084.435,19970702_050943
3,KAKQ19970702_095109,-1.473,0.052,407.384,286.816,23.011,-76.404,37.042,11505.699,54095.123,19970702_055109
5,KAKQ19970702_110809,75.527,0.070,384.553,279.700,10.771,-76.532,37.074,5385.738,43477.809,19970702_070809
1,KAKQ19970703_091749,-35.294,0.120,367.674,512.654,22.003,-76.632,36.025,11001.348,111581.238,19970703_051749
2,KAKQ19970703_104640,53.556,0.051,270.787,73.521,27.906,-77.174,38.004,13953.129,114177.718,19970703_064640
2,KAKQ19970703_105631,63.406,0.095,283.439,80.435,23.034,-77.102,37.973,11516.865,110094.382,19970703_065631
1,KAKQ19970704_092809,-25.469,0.152,515.868,239.179,16.050,-75.791,37.252,8024.853,112136.519,19970704_052809
2,KAKQ19970705_092233,-31.595,0.238,366.828,268.181,11.366,-76.631,37.127,5682.850,37008.236,19970705_052233
2,KAKQ19970705_092829,-25.662,0.265,369.357,274.808,21.330,-76.617,37.097,10665.022,36895.221,19970705_052829
1,KAKQ19970705_091639,-37.495,0.052,400.030,302.409,19.396,-76.446,36.972,9697.849,50029.652,19970705_051639
3,KAKQ19970705_094613,-7.929,0.058,429.270,350.850,8.119,-76.284,36.753,4059.683,69455.606,19970705_054613
4,KAKQ19970705_095207,-2.029,0.467,515.535,487.400,12.590,-75.810,36.133,6294.997,142805.793,19970705_055207
1,KAKQ19970706_090508,-49.557,0.177,402.492,293.510,11.450,-76.432,37.012,5724.869,51348.780,19970706_050508
1,KAKQ19970706_091106,-43.590,0.095,401.269,293.619,19.608,-76.439,37.011,9803.882,50734.741,19970706_051106
1,KAKQ19970706_091705,-37.607,0.915,399.913,294.628,17.987,-76.446,37.007,8993.659,50028.531,19970706_051705
1,KAKQ19970706_092300,-31.690,0.098,397.598,291.017,21.710,-76.459,37.023,10854.939,49005.102,19970706_052300
1,KAKQ19970706_092855,-25.774,0.085,394.156,288.612,23.573,-76.478,37.034,11786.713,47421.186,19970706_052855
1,KAKQ19970706_093450,-19.857,-1.000,391.083,285.966,25.905,-76.496,37.046,12952.315,46079.042,19970706_053450
1,KAKQ19970706_094045,-13.940,0.070,392.422,292.182,25.237,-76.488,37.018,12618.339,46375.850,19970706_054045
3,KAKQ19970706_093450,-19.857,0.246,233.095,176.415,12.581,-77.386,37.540,6290.440,70266.602,19970706_053450
3,KAKQ19970706_094045,-13.940,0.322,232.690,175.224,18.525,-77.388,37.545,9262.443,70886.766,19970706_054045
4,KAKQ19970706_095833,3.860,0.062,345.851,511.835,29.978,-76.753,36.029,14989.172,108370.002,19970706_055833
4,KAKQ19970706_100429,9.793,0.083,344.304,513.013,38.547,-76.762,36.024,19273.592,108786.025,19970706_060429
5,KAKQ19970706_100429,9.793,0.134,309.781,172.487,16.614,-76.952,37.558,8306.931,63943.538,19970706_060429
5,KAKQ19970706_101024,15.710,0.058,309.654,173.489,24.925,-76.953,37.554,12462.503,63439.448,19970706_061024
2,KAKQ19970706_092855,-25.774,0.264,284.097,398.013,24.303,-77.096,36.542,12151.445,49647.127,19970706_052855
4,KAKQ19970707_093932,-15.720,0.829,239.760,175.565,11.286,-77.348,37.544,5642.771,69124.851,19970707_053932
4,KAKQ19970707_094528,-9.787,0.807,240.879,175.836,16.775,-77.342,37.543,8387.344,68760.587,19970707_054528
4,KAKQ19970707_095126,-3.820,0.353,243.197,178.187,23.758,-77.329,37.532,11879.026,67202.973,19970707_055126
5,KAKQ19970707_093932,-15.720,0.565,333.519,92.668,16.296,-76.817,37.918,8147.804,105011.810,19970707_053932
5,KAKQ19970707_094528,-9.787,0.918,334.033,94.759,19.691,-76.814,37.908,9845.651,104021.547,19970707_054528
5,KAKQ19970707_095126,-3.820,0.270,335.480,96.475,23.947,-76.806,37.901,11973.387,103297.359,19970707_055126
1,KAKQ19970707_092144,-33.520,0.074,428.170,289.945,22.468,-76.287,37.027,11234.177,64281.694,19970707_052144
1,KAKQ19970707_092739,-27.603,0.147,428.642,289.890,29.521,-76.285,37.027,14760.515,64519.166,19970707_052739
2,KAKQ19970707_092144,-33.520,0.064,343.156,410.709,32.000,-76.767,36.485,15999.756,59411.424,19970707_052144
2,KAKQ19970707_092739,-27.603,-1.000,343.156,410.709,41.407,-76.767,36.485,20703.506,59411.424,19970707_052739
2,KAKQ19970707_093335,-21.670,0.082,327.692,413.662,36.998,-76.853,36.472,18498.894,58493.417,19970707_053335
6,KAKQ19970707_094528,-9.787,0.074,405.902,321.774,30.373,-76.414,36.884,15186.598,54058.815,19970707_054528
1,KAKQ19970708_091408,-41.700,0.714,481.564,278.338,17.357,-75.987,37.077,8678.661,91425.737,19970708_051408
2,KAKQ19970708_092359,-31.850,0.192,366.889,257.513,9.021,-76.631,37.175,4510.353,39620.941,19970708_052359
4,KAKQ19970708_092359,-31.850,0.063,398.396,291.508,23.797,-76.455,37.021,11898.277,49380.668,19970708_052359
5,KAKQ19970708_105228,56.633,0.094,416.639,283.267,26.744,-76.352,37.057,13372.040,58916.342,19970708_065228
3,KAKQ19970709_094107,-15.314,0.783,242.797,171.455,12.824,-77.331,37.563,6412.050,70348.870,19970709_054107
3,KAKQ19970709_095058,-5.464,0.482,244.625,170.995,23.254,-77.321,37.565,11627.010,70193.760,19970709_055058
1,KAKQ19970709_091135,-44.847,0.222,367.142,254.804,9.080,-76.629,37.187,4540.142,40468.050,19970709_051135
4,KAKQ19970709_095058,-5.464,0.194,278.579,224.201,8.008,-77.128,37.325,4004.128,39383.834,19970709_055058
5,KAKQ19970709_095058,-5.464,0.059,410.270,285.327,23.750,-76.388,37.048,11875.088,55621.208,19970709_055058
6,KAKQ19970709_103027,34.020,0.066,48.829,69.133,13.173,-78.438,38.015,6586.480,170577.192,19970709_063027
1,KAKQ19970710_085944,-57.309,0.075,249.984,142.815,13.673,-77.291,37.692,6836.491,82475.474,19970710_045944
1,KAKQ19970710_090539,-51.393,0.090,250.188,141.838,20.103,-77.290,37.696,10051.669,82910.232,19970710_050539
3,KAKQ19970710_091729,-39.559,0.080,468.679,202.317,9.060,-76.055,37.420,4529.850,97461.218,19970710_051729
3,KAKQ19970710_092324,-33.643,0.056,469.200,201.751,16.600,-76.052,37.423,8299.782,97828.216,19970710_052324
6,KAKQ19970710_105649,59.774,0.090,233.951,372.457,17.552,-77.377,36.657,8775.923,49021.517,19970710_065649
6,KAKQ19970710_110247,65.741,0.769,237.964,370.681,20.224,-77.354,36.665,10112.249,47022.117,19970710_070247
6,KAKQ19970710_110843,71.674,0.790,245.485,368.709,16.271,-77.312,36.674,8135.458,43854.589,19970710_070843
6,KAKQ19970710_111439,77.607,0.836,248.487,368.722,20.887,-77.296,36.674,10443.318,42942.923,19970710_071439
6,KAKQ19970710_112033,83.507,0.796,256.948,364.815,17.684,-77.248,36.692,8841.797,38905.161,19970710_072033
6,KAKQ19970710_112628,89.424,0.692,258.790,366.055,24.833,-77.238,36.686,12416.645,38928.035,19970710_072628
2,KAKQ19970710_090539,-51.393,0.056,211.388,545.980,17.439,-77.498,35.875,8719.656,130727.131,19970710_050539
4,KAKQ19970710_091729,-39.559,0.076,269.174,200.359,17.948,-77.182,37.433,8973.915,52150.323,19970710_051729
5,KAKQ19970710_092324,-33.643,0.122,219.314,358.804,24.901,-77.459,36.718,12450.628,49920.386,19970710_052324
8,KAKQ19970710_111439,77.607,0.122,150.633,115.768,25.987,-77.856,37.811,12993.368,118587.533,19970710_071439
9,KAKQ19970711_094315,-14.420,0.392,344.360,518.785,14.449,-76.762,35.998,7224.427,111618.512,19970711_054315
9,KAKQ19970711_095333,-4.120,0.925,339.773,519.104,20.175,-76.787,35.996,10087.707,111342.268,19970711_055333
9,KAKQ19970711_100322,5.696,0.859,341.186,519.071,24.244,-76.779,35.997,12121.869,111454.516,19970711_060322
9,KAKQ19970711_101310,15.496,0.317,338.604,518.051,27.340,-76.793,36.001,13669.803,110720.873,19970711_061310
12,KAKQ19970711_095333,-4.120,0.089,521.336,529.575,14.669,-75.781,35.943,7334.593,159447.594,19970711_055333
12,KAKQ19970711_100322,5.696,0.843,522.161,530.334,24.865,-75.776,35.940,12432.395,160007.075,19970711_060322
12,KAKQ19970711_101310,15.496,0.826,521.105,530.236,33.254,-75.782,35.940,16627.105,159605.766,19970711_061310
12,KAKQ19970711_102259,25.313,0.128,519.987,523.189,42.013,-75.788,35.972,21006.340,156690.301,19970711_062259
6,KAKQ19970711_093325,-24.254,0.611,229.681,179.247,13.612,-77.405,37.527,6806.162,69867.957,19970711_053325
6,KAKQ19970711_094315,-14.420,0.795,228.929,180.683,20.680,-77.409,37.521,10339.913,69440.058,19970711_054315
6,KAKQ19970711_095333,-4.120,0.143,229.230,184.290,25.674,-77.408,37.505,12837.107,67818.268,19970711_055333
1,KAKQ19970711_091345,-43.920,0.515,403.073,295.801,9.115,-76.428,37.001,4557.568,51579.423,19970711_051345
1,KAKQ19970711_092335,-34.087,0.054,395.708,292.831,25.121,-76.470,37.015,12560.317,47988.065,19970711_052335
1,KAKQ19970711_093325,-24.254,-1.000,388.773,290.035,41.104,-76.509,37.028,20552.243,44665.275,19970711_053325
1,KAKQ19970711_094315,-14.420,0.291,399.381,307.649,21.420,-76.450,36.948,10709.770,49837.438,19970711_054315
8,KAKQ19970711_093325,-24.254,0.061,324.974,98.193,13.950,-76.866,37.893,6974.892,101673.054,19970711_053325
8,KAKQ19970711_094315,-14.420,0.204,320.752,99.103,25.202,-76.890,37.889,12601.165,100983.207,19970711_054315
14,KAKQ19970711_100322,5.696,0.530,311.662,179.151,17.756,-76.942,37.528,8877.941,60704.976,19970711_060322
14,KAKQ19970711_101310,15.496,0.572,309.305,179.176,26.436,-76.955,37.528,13217.942,60590.844,19970711_061310
2,KAKQ19970711_091345,-43.920,0.406,229.766,289.816,7.650,-77.402,37.029,3824.776,35484.125,19970711_051345
4,KAKQ19970711_091345,-43.920,0.124,22.801,298.020,26.874,-78.564,36.983,13436.788,138603.051,19970711_051345
15,KAKQ19970711_102259,25.313,0.254,448.144,154.476,87.511,-76.168,37.637,43755.489,103831.491,19970711_062259
15,KAKQ19970711_103248,35.130,-1.000,448.144,154.476,103.119,-76.168,37.637,51559.739,103831.491,19970711_063248
15,KAKQ19970711_104238,44.963,0.112,440.223,168.536,83.979,-76.214,37.574,41989.326,96105.798,19970711_064238
1,KAKQ19970712_093407,-24.196,0.690,239.113,171.230,11.534,-77.352,37.564,5766.851,71219.522,19970712_053407
1,KAKQ19970712_094358,-14.346,0.553,239.341,171.522,19.603,-77.351,37.562,9801.607,71038.798,19970712_054358
2,KAKQ19970712_100340,5.354,0.358,409.045,294.989,25.166,-76.395,37.005,12583.168,54580.199,19970712_060340
3,KAKQ19970712_101332,15.221,0.166,335.468,108.543,13.521,-76.806,37.846,6760.284,97357.051,19970712_061332
4,KAKQ19970712_105256,54.621,0.059,452.441,74.241,24.970,-76.140,37.998,12485.073,136203.470,19970712_065256
5,KAKQ19970712_105256,54.621,0.051,439.392,319.250,8.956,-76.226,36.895,4477.962,70357.624,19970712_065256
6,KAKQ19970712_111237,74.304,0.127,385.386,302.666,12.485,-76.528,36.971,6242.420,42713.654,19970712_071237
6,KAKQ19970713_100230,3.531,0.165,380.107,579.223,15.167,-76.565,35.725,7583.426,145243.477,19970713_060230
6,KAKQ19970713_101222,13.398,0.064,380.616,580.255,23.663,-76.562,35.720,11831.264,145809.527,19970713_061222
10,KAKQ19970713_101222,13.398,0.347,349.519,419.233,18.396,-76.731,36.446,9198.019,64553.463,19970713_061222
10,KAKQ19970713_102214,23.265,0.071,348.822,419.727,27.739,-76.735,36.444,13869.579,64649.393,19970713_062214
1,KAKQ19970713_094248,-16.169,0.136,409.581,275.300,7.609,-76.391,37.094,3804.695,56165.181,19970713_054248
2,KAKQ19970713_094248,-16.169,0.064,249.071,169.364,12.580,-77.296,37.572,6289.818,70106.343,19970713_054248
3,KAKQ19970713_095239,-6.319,0.176,376.548,501.515,11.233,-76.583,36.075,5616.712,107781.943,19970713_055239
5,KAKQ19970713_100230,3.531,0.553,99.833,254.828,13.397,-78.135,37.182,6698.421,102600.553,19970713_060230
7,KAKQ19970713_100230,3.531,0.135,45.321,182.308,13.209,-78.448,37.505,6604.422,140279.126,19970713_060230
9,KAKQ19970713_100230,3.531,0.080,454.227,475.334,11.157,-76.150,36.191,5578.593,116756.068,19970713_060230
1,KAKQ19970714_093348,-25.838,0.341,379.115,514.846,24.002,-76.569,36.015,12001.045,114475.084,19970714_053348
1,KAKQ19970714_094341,-15.954,0.668,371.188,512.404,30.699,-76.613,36.026,15349.343,112007.988,19970714_054341
1,KAKQ19970714_095333,-6.088,0.416,372.275,513.840,35.083,-76.607,36.020,17541.334,112861.750,19970714_055333
3,KAKQ19970714_094341,-15.954,0.267,368.260,255.987,16.109,-76.623,37.182,8054.260,40609.823,19970714_054341
4,KAKQ19970714_105242,53.062,0.068,276.676,559.135,33.127,-77.137,35.816,16563.370,130091.320,19970714_065242
1,KAKQ19970716_094159,-19.030,0.402,241.404,174.093,10.321,-77.339,37.551,5160.530,69437.205,19970716_054159
3,KAKQ19970717_094548,-15.918,0.594,246.868,173.738,10.751,-77.308,37.552,5375.370,68492.827,19970717_054548
3,KAKQ19970717_095144,-9.985,0.921,246.288,174.696,12.185,-77.311,37.548,6092.331,68165.339,19970717_055144
3,KAKQ19970717_095740,-4.052,0.945,245.276,176.317,13.679,-77.317,37.541,6839.433,67624.355,19970717_055740
3,KAKQ19970717_100336,1.882,0.792,247.459,176.397,17.023,-77.305,37.540,8511.259,67153.119,19970717_060336
3,KAKQ19970717_100931,7.798,0.345,252.757,178.162,27.732,-77.275,37.532,13866.142,65338.469,19970717_060931
6,KAKQ19970717_095740,-4.052,0.321,365.186,513.763,18.634,-76.646,36.020,9317.234,111740.729,19970717_055740
6,KAKQ19970717_100336,1.882,0.647,364.703,513.584,27.183,-76.649,36.021,13591.608,111584.780,19970717_060336
6,KAKQ19970717_100931,7.798,0.531,367.249,514.854,33.642,-76.635,36.015,16821.112,112566.236,19970717_060931
6,KAKQ19970717_101527,13.732,0.569,372.737,512.048,44.803,-76.604,36.028,22401.561,112088.172,19970717_061527
6,KAKQ19970717_102122,19.648,0.533,371.291,515.567,45.761,-76.612,36.012,22880.428,113524.561,19970717_062122
6,KAKQ19970717_102717,25.565,0.058,354.711,512.390,35.081,-76.704,36.027,17540.375,109661.817,19970717_062717
5,KAKQ19970717_094548,-15.918,0.065,414.520,302.350,14.638,-76.364,36.972,7318.817,57272.063,19970717_054548
5,KAKQ19970717_095144,-9.985,0.611,408.118,306.606,26.749,-76.401,36.953,13374.431,54159.694,19970717_055144
5,KAKQ19970717_095740,-4.052,0.457,411.015,305.621,31.468,-76.384,36.957,15733.974,55578.634,19970717_055740
5,KAKQ19970717_100336,1.882,0.355,420.240,305.285,35.030,-76.332,36.958,17515.155,60177.954,19970717_060336
8,KAKQ19970717_095740,-4.052,0.078,342.632,94.479,12.081,-76.765,37.910,6040.367,104947.865,19970717_055740
8,KAKQ19970717_100336,1.882,0.224,342.987,94.502,19.901,-76.763,37.909,9950.741,104972.715,19970717_060336
10,KAKQ19970717_101527,13.732,0.053,330.321,420.647,33.022,-76.838,36.440,16511.061,62199.541,19970717_061527
10,KAKQ19970717_102122,19.648,0.078,327.548,420.360,39.069,-76.854,36.441,19534.642,61735.989,19970717_062122
1,KAKQ19970717_091016,-51.452,0.074,443.997,186.707,10.722,-76.193,37.492,5360.878,91611.301,19970717_051016
2,KAKQ19970717_091016,-51.452,0.069,410.945,225.188,2.542,-76.382,37.319,1271.141,66906.179,19970717_051016
12,KAKQ19970717_103312,31.482,0.176,274.997,153.085,8.697,-77.149,37.646,4348.320,74513.810,19970717_063312
3,KAKQ19970718_094338,-18.801,0.294,241.264,179.965,9.506,-77.340,37.524,4752.785,66817.241,19970718_054338
3,KAKQ19970718_095330,-8.934,0.971,244.185,184.326,15.265,-77.323,37.505,7632.376,64217.936,19970718_055330
3,KAKQ19970718_100321,0.916,0.905,244.160,184.867,17.246,-77.323,37.502,8623.142,63980.119,19970718_060321
3,KAKQ19970718_101312,10.766,0.077,247.649,186.576,28.543,-77.303,37.495,14271.260,62461.265,19970718_061312
1,KAKQ19970718_091405,-48.351,0.165,424.770,292.550,18.246,-76.306,37.015,9123.032,62495.855,19970718_051405
1,KAKQ19970718_092357,-38.484,0.196,427.686,295.009,28.475,-76.290,37.004,14237.736,63891.812,19970718_052357
2,KAKQ19970718_092357,-38.484,0.070,289.413,415.552,29.317,-77.067,36.463,14658.627,58018.011,19970718_052357
5,KAKQ19970718_095330,-8.934,0.051,332.231,114.348,25.738,-76.824,37.820,12869.202,94214.298,19970718_055330
2,KAKQ19970719_094501,-18.144,0.888,234.979,180.895,7.678,-77.375,37.520,3838.942,67848.567,19970719_054501
2,KAKQ19970719_095057,-12.211,0.968,235.209,183.677,15.142,-77.374,37.507,7570.864,66575.081,19970719_055057
2,KAKQ19970719_095655,-6.244,0.912,232.325,184.297,20.540,-77.390,37.505,10270.007,67020.606,19970719_055655
2,KAKQ19970719_100254,-0.261,0.893,233.859,183.267,20.069,-77.382,37.509,10034.739,67084.171,19970719_060254
2,KAKQ19970719_100849,5.656,0.738,236.055,187.878,24.024,-77.369,37.488,12011.951,64537.552,19970719_060849
1,KAKQ19970719_090922,-53.794,0.073,410.489,294.543,17.307,-76.387,37.007,8653.545,55311.735,19970719_050922
4,KAKQ19970719_095655,-6.244,0.433,334.196,105.247,20.620,-76.813,37.861,10309.792,98866.261,19970719_055655
6,KAKQ19970719_100254,-0.261,0.147,331.590,235.190,10.219,-76.829,37.276,5109.360,36049.410,19970719_060254
7,KAKQ19970719_100849,5.656,0.350,436.266,324.063,17.499,-76.243,36.873,8749.321,69187.244,19970719_060849
4,KAKQ19970720_094023,-23.514,0.212,231.955,177.364,5.600,-77.392,37.536,2799.900,70124.322,19970720_054023
4,KAKQ19970720_094619,-17.580,0.819,230.060,179.953,15.035,-77.403,37.524,7517.693,69467.705,19970720_054619
4,KAKQ19970720_095217,-11.614,0.953,224.273,181.929,17.313,-77.436,37.515,8656.621,70134.245,19970720_055217
4,KAKQ19970720_095812,-5.697,0.935,220.176,183.294,24.137,-77.459,37.509,12068.392,70696.745,19970720_055812
4,KAKQ19970720_100410,0.270,0.921,220.910,190.803,35.149,-77.455,37.475,17574.741,67415.265,19970720_060410
4,KAKQ19970720_101005,6.186,0.637,219.552,193.023,39.291,-77.462,37.465,19645.576,66924.978,19970720_061005
4,KAKQ19970720_101600,12.103,0.504,223.171,194.935,45.518,-77.442,37.456,22759.105,65079.666,19970720_061600
4,KAKQ19970720_102155,18.020,0.334,211.442,199.916,34.536,-77.508,37.434,17267.765,66819.612,19970720_062155
3,KAKQ19970720_094023,-23.514,0.601,410.284,299.591,13.499,-76.388,36.984,6749.283,55142.469,19970720_054023
3,KAKQ19970720_094619,-17.580,0.940,409.047,301.174,18.327,-76.395,36.977,9163.627,54526.772,19970720_054619
3,KAKQ19970720_095217,-11.614,0.868,408.057,303.487,21.034,-76.401,36.967,10516.777,54056.761,19970720_055217
3,KAKQ19970720_095812,-5.697,0.567,405.102,305.591,24.904,-76.417,36.957,12452.087,52625.256,19970720_055812
3,KAKQ19970720_100410,0.270,0.281,403.578,305.531,30.494,-76.426,36.958,15246.825,51862.886,19970720_060410
3,KAKQ19970720_101005,6.186,0.052,406.493,303.263,25.964,-76.410,36.968,12981.915,53271.353,19970720_061005
8,KAKQ19970720_095812,-5.697,0.807,313.970,182.968,12.303,-76.928,37.511,6151.272,58931.482,19970720_055812
8,KAKQ19970720_100410,0.270,0.941,310.889,185.348,17.251,-76.946,37.500,8625.492,57583.884,19970720_060410
8,KAKQ19970720_101005,6.186,0.749,306.486,182.116,19.664,-76.971,37.515,9832.098,59031.193,19970720_061005
8,KAKQ19970720_101600,12.103,0.151,301.871,184.539,24.787,-76.997,37.504,12393.594,57737.944,19970720_061600
17,KAKQ19970720_104333,39.653,0.158,25.630,266.086,30.259,-78.551,37.127,15129.436,138229.241,19970720_064333
17,KAKQ19970720_105321,49.453,0.588,32.439,262.751,41.620,-78.513,37.142,20810.199,135070.554,19970720_065321
17,KAKQ19970720_110310,59.270,0.299,34.638,266.285,40.027,-78.501,37.126,20013.364,133747.563,19970720_070310
17,KAKQ19970720_111259,69.086,-1.000,37.276,269.123,39.809,-78.486,37.114,19904.416,132265.979,19970720_071259
17,KAKQ19970720_112248,78.903,-1.000,39.914,271.962,39.591,-78.470,37.101,19795.468,130796.317,19970720_072248
17,KAKQ19970720_113237,88.720,0.113,30.628,265.271,49.808,-78.523,37.131,24904.035,135800.695,19970720_073237
7,KAKQ19970720_095217,-11.614,0.068,312.646,104.464,23.775,-76.936,37.865,11887.714,97972.224,19970720_055217
7,KAKQ19970720_095812,-5.697,0.494,313.163,103.261,30.993,-76.933,37.870,15496.289,98589.668,19970720_055812
7,KAKQ19970720_100410,0.270,0.095,312.809,100.628,31.695,-76.935,37.882,15847.423,99891.602,19970720_060410
9,KAKQ19970720_095812,-5.697,0.311,283.052,234.446,7.961,-77.103,37.279,3980.606,33854.753,19970720_055812
9,KAKQ19970720_100410,0.270,0.837,280.631,237.781,14.787,-77.117,37.264,7393.468,32582.297,19970720_060410
9,KAKQ19970720_101005,6.186,0.084,278.776,241.212,18.286,-77.127,37.249,9142.830,31250.814,19970720_061005
1,KAKQ19970720_092834,-35.330,0.131,410.521,303.456,8.413,-76.387,36.967,4206.532,55287.663,19970720_052834
2,KAKQ19970720_093427,-29.447,0.073,36.328,266.583,42.990,-78.491,37.125,21494.877,132890.696,19970720_053427
12,KAKQ19970720_100410,0.270,0.210,230.277,495.054,8.753,-77.395,36.104,4376.672,103570.304,19970720_060410
18,KAKQ19970720_104333,39.653,0.113,408.068,520.611,20.301,-76.408,35.988,10150.560,122828.859,19970720_064333
1,KAKQ19970721_095150,-12.809,0.184,428.016,304.862,14.285,-76.289,36.960,7142.387,64054.394,19970721_055150
1,KAKQ19970721_095745,-6.892,0.899,413.083,296.366,20.653,-76.372,36.999,10326.715,56570.807,19970721_055745
1,KAKQ19970721_100340,-0.976,0.984,408.373,292.287,27.081,-76.399,37.017,13540.568,54323.792,19970721_060340
1,KAKQ19970721_100935,4.941,0.962,411.305,293.358,31.720,-76.382,37.012,15859.950,55751.673,19970721_060935
1,KAKQ19970721_101530,10.858,0.904,408.606,290.211,35.909,-76.397,37.026,17954.518,54523.277,19970721_061530
1,KAKQ19970721_102126,16.791,0.169,411.736,289.897,42.782,-76.380,37.028,21390.945,56095.908,19970721_062126
2,KAKQ19970721_095745,-6.892,0.954,240.527,170.770,13.898,-77.344,37.566,6948.906,71129.315,19970721_055745
2,KAKQ19970721_100340,-0.976,0.603,239.807,171.362,19.969,-77.348,37.563,9984.292,71012.072,19970721_060340
2,KAKQ19970721_100935,4.941,0.223,239.471,167.138,22.347,-77.350,37.582,11173.597,73000.186,19970721_060935
3,KAKQ19970721_101530,10.858,0.135,355.282,412.738,33.043,-76.699,36.476,16521.494,62781.455,19970721_061530
5,KAKQ19970721_110254,58.258,0.075,277.678,235.666,9.351,-77.133,37.274,4675.358,34048.136,19970721_070254
1,KAKQ19970722_090810,-57.230,0.065,419.725,288.973,15.669,-76.335,37.032,7834.732,60115.874,19970722_050810
2,KAKQ19970722_092554,-39.497,0.363,380.281,223.366,11.813,-76.555,37.328,5906.616,55492.698,19970722_052554
3,KAKQ19970722_105436,49.203,0.085,397.555,178.241,2.744,-76.456,37.531,1372.158,78010.073,19970722_065436
4,KAKQ19970722_112409,78.753,0.269,367.659,232.347,11.782,-76.626,37.288,5891.228,47839.956,19970722_072409
3,KAKQ19970723_091754,-48.259,0.075,165.704,409.917,16.945,-77.757,36.486,8472.712,86771.450,19970723_051754
3,KAKQ19970723_092351,-42.309,0.101,165.824,409.914,24.583,-77.756,36.486,12291.431,86724.339,19970723_052351
5,KAKQ19970723_095922,-6.793,0.166,215.568,355.862,11.755,-77.480,36.731,5877.314,50619.382,19970723_055922
5,KAKQ19970723_100517,-0.876,0.128,216.495,356.281,18.925,-77.475,36.729,9462.690,50350.292,19970723_060517
1,KAKQ19970723_091159,-54.176,0.112,344.751,346.509,10.503,-76.757,36.774,5251.635,32271.111,19970723_051159
2,KAKQ19970723_091754,-48.259,0.166,332.426,310.450,9.908,-76.826,36.937,4954.002,17033.993,19970723_051754
4,KAKQ19970723_093541,-30.476,0.056,164.921,349.951,30.861,-77.764,36.756,15430.443,72009.551,19970723_053541
6,KAKQ19970723_101707,10.957,0.184,283.802,184.965,23.523,-77.099,37.502,11761.532,58084.986,19970723_061707
7,KAKQ19970723_101707,10.957,0.091,398.927,308.251,20.005,-76.452,36.945,10002.434,49635.324,19970723_061707
7,KAKQ19970724_095241,-14.247,0.278,219.859,284.872,24.101,-77.458,37.051,12050.709,40778.306,19970724_055241
7,KAKQ19970724_095836,-8.330,0.820,222.251,278.932,27.634,-77.445,37.078,13817.050,40276.529,19970724_055836
7,KAKQ19970724_100431,-2.413,0.141,225.743,270.591,30.499,-77.425,37.116,15249.732,39934.174,19970724_060431
7,KAKQ19970724_101026,3.503,0.560,230.182,258.756,28.778,-77.401,37.169,14388.804,40544.940,19970724_061026
7,KAKQ19970724_101621,9.420,0.224,232.091,253.530,29.608,-77.390,37.193,14803.826,41143.232,19970724_061621
5,KAKQ19970724_094646,-20.163,0.316,295.465,403.536,8.792,-77.033,36.517,4395.792,51817.586,19970724_054646
5,KAKQ19970724_095241,-14.247,-1.000,295.465,403.536,18.199,-77.033,36.517,9099.542,51817.586,19970724_055241
5,KAKQ19970724_095836,-8.330,-1.000,295.465,403.536,27.607,-77.033,36.517,13803.292,51817.586,19970724_055836
5,KAKQ19970724_100431,-2.413,0.072,304.957,416.638,32.858,-76.980,36.458,16429.005,58371.809,19970724_060431
5,KAKQ19970724_101026,3.503,0.169,314.441,413.050,32.511,-76.927,36.475,16255.279,56984.396,19970724_061026
5,KAKQ19970724_101621,9.420,0.497,320.307,408.463,32.377,-76.894,36.495,16188.558,55173.794,19970724_061621
14,KAKQ19970724_102216,15.337,0.109,152.951,234.433,22.385,-77.837,37.276,11192.396,80502.257,19970724_062216
14,KAKQ19970724_102811,21.253,0.095,154.732,232.884,28.989,-77.827,37.283,14494.536,80011.269,19970724_062811
14,KAKQ19970724_103406,27.170,0.146,157.003,226.350,31.618,-77.814,37.313,15808.987,80424.675,19970724_063406
9,KAKQ19970724_101026,3.503,0.104,239.684,368.191,20.866,-77.345,36.676,10433.239,45519.203,19970724_061026
9,KAKQ19970724_101621,9.420,0.186,245.015,365.563,27.704,-77.315,36.688,13852.140,42783.700,19970724_061621
1,KAKQ19970724_091118,-55.630,0.729,423.282,361.748,10.760,-76.318,36.704,5379.978,68940.637,19970724_051118
3,KAKQ19970724_092308,-43.797,0.255,254.233,124.537,32.869,-77.267,37.774,16434.475,90666.726,19970724_052308
4,KAKQ19970724_092902,-37.897,0.077,202.744,314.788,19.193,-77.553,36.916,9596.556,49186.721,19970724_052902
8,KAKQ19970724_095836,-8.330,0.113,384.206,100.480,27.753,-76.529,37.882,13876.492,108280.761,19970724_055836
10,KAKQ19970724_102216,15.337,0.521,364.112,317.907,17.023,-76.648,36.903,8511.566,33282.779,19970724_062216
11,KAKQ19970724_102216,15.337,0.207,431.889,216.365,8.363,-76.263,37.358,4181.438,78085.775,19970724_062216
13,KAKQ19970724_102216,15.337,0.153,287.827,287.659,16.214,-77.076,37.039,8106.834,8667.062,19970724_062216
15,KAKQ19970724_102811,21.253,0.057,270.773,341.889,21.368,-77.171,36.795,10683.956,25538.822,19970724_062811
16,KAKQ19970724_104000,33.070,0.065,287.264,325.633,20.349,-77.079,36.868,10174.347,14311.371,19970724_064000
16,KAKQ19970724_104558,39.037,-1.000,287.264,325.633,29.836,-77.079,36.868,14917.847,14311.371,19970724_064558
16,KAKQ19970724_105155,44.987,0.156,282.890,313.139,23.257,-77.104,36.925,11628.548,10786.215,19970724_065155
1,KAKQ19970725_095232,-15.175,0.665,415.930,302.912,13.721,-76.357,36.969,6860.699,57983.375,19970725_055232
1,KAKQ19970725_095827,-9.258,0.900,418.372,302.802,15.430,-76.343,36.969,7714.864,59202.683,19970725_055827
1,KAKQ19970725_100422,-3.341,0.906,418.334,296.377,22.435,-76.343,36.998,11217.481,59194.865,19970725_060422
1,KAKQ19970725_101017,2.575,0.947,417.681,298.834,26.980,-76.347,36.987,13490.023,58843.202,19970725_061017
1,KAKQ19970725_101612,8.492,0.953,411.647,299.765,31.064,-76.380,36.983,15531.989,55823.760,19970725_061612
6,KAKQ19970725_100422,-3.341,0.588,332.027,107.678,16.107,-76.826,37.850,8053.337,97485.425,19970725_060422
6,KAKQ19970725_101017,2.575,0.416,332.370,109.104,23.839,-76.824,37.844,11919.671,96810.335,19970725_061017
6,KAKQ19970725_101612,8.492,0.811,334.702,111.407,25.306,-76.810,37.833,12653.223,95879.494,19970725_061612
6,KAKQ19970725_102207,14.409,0.809,334.752,112.427,28.715,-76.810,37.829,14357.494,95382.469,19970725_062207
6,KAKQ19970725_102802,20.325,0.201,335.361,112.018,33.234,-76.807,37.831,16616.826,95639.570,19970725_062802
3,KAKQ19970725_095827,-9.258,0.978,238.893,182.889,9.463,-77.353,37.511,4731.359,66047.665,19970725_055827
3,KAKQ19970725_100422,-3.341,0.942,239.463,185.195,15.901,-77.350,37.501,7950.336,64893.954,19970725_060422
3,KAKQ19970725_101017,2.575,0.492,239.992,187.192,17.991,-77.347,37.492,8995.488,63887.590,19970725_061017
10,KAKQ19970725_105145,44.042,0.074,317.368,408.992,33.200,-76.911,36.493,16599.882,55183.406,19970725_065145
1,KAKQ19970726_095104,-17.426,0.956,243.433,176.373,13.693,-77.328,37.540,6846.548,67976.702,19970726_055104
1,KAKQ19970726_100055,-7.576,0.903,243.029,175.856,18.214,-77.330,37.543,9106.990,68296.285,19970726_060055
1,KAKQ19970726_101046,2.274,0.963,245.509,174.826,20.730,-77.316,37.547,10365.074,68260.202,19970726_061046
1,KAKQ19970726_102037,12.124,0.779,247.176,176.481,26.592,-77.306,37.540,13296.081,67169.909,19970726_062037
1,KAKQ19970726_104018,31.807,0.146,249.804,177.108,35.238,-77.291,37.537,17618.942,66374.210,19970726_064018
2,KAKQ19970726_095104,-17.426,0.436,418.832,304.240,19.629,-76.340,36.963,9814.411,59453.738,19970726_055104
2,KAKQ19970726_100055,-7.576,0.955,415.301,295.100,18.706,-76.360,37.004,9353.088,57702.313,19970726_060055
2,KAKQ19970726_101046,2.274,0.922,416.555,298.975,23.459,-76.353,36.987,11729.692,58279.841,19970726_061046
3,KAKQ19970726_100055,-7.576,0.776,357.067,511.448,20.813,-76.691,36.031,10406.287,109506.930,19970726_060055
3,KAKQ19970726_101046,2.274,0.864,358.288,511.594,28.689,-76.684,36.030,14344.490,109737.778,19970726_061046
3,KAKQ19970726_102037,12.124,0.887,355.169,516.422,41.808,-76.702,36.008,20904.163,111671.603,19970726_062037
5,KAKQ19970726_100055,-7.576,0.052,333.041,94.272,17.298,-76.820,37.911,8649.124,104182.388,19970726_060055
5,KAKQ19970726_101046,2.274,0.199,337.918,98.362,28.341,-76.792,37.892,14170.491,102586.324,19970726_061046
6,KAKQ19970726_101046,2.274,0.281,525.014,538.660,33.819,-75.761,35.902,16909.603,164004.383,19970726_061046
6,KAKQ19970726_102037,12.124,0.229,522.627,537.775,46.399,-75.774,35.906,23199.384,162864.764,19970726_062037
7,KAKQ19970726_105009,41.657,0.055,374.755,280.172,21.488,-76.587,37.072,10744.022,38669.863,19970726_065009
4,KAKQ19970727_095815,-11.034,0.175,245.652,168.399,11.272,-77.315,37.576,5635.927,71191.082,19970727_055815
4,KAKQ19970727_100410,-5.118,0.744,250.242,167.464,17.709,-77.289,37.581,8854.251,70784.511,19970727_060410
4,KAKQ19970727_101004,0.782,0.497,254.783,165.105,24.146,-77.263,37.591,12073.176,71135.650,19970727_061004
4,KAKQ19970727_101558,6.682,0.440,261.110,164.659,30.241,-77.228,37.593,15120.420,70408.750,19970727_061558
1,KAKQ19970727_091654,-52.384,0.112,391.799,401.196,3.377,-76.495,36.527,1688.723,68314.813,19970727_051654
1,KAKQ19970727_092249,-46.468,0.272,392.722,401.183,10.444,-76.490,36.527,5222.203,68620.736,19970727_052249
1,KAKQ19970727_092843,-40.568,0.146,397.514,403.419,6.437,-76.463,36.517,3218.718,71071.218,19970727_052843
1,KAKQ19970727_093438,-34.651,0.314,398.777,403.424,13.303,-76.456,36.517,6651.425,71507.770,19970727_053438
5,KAKQ19970727_101004,0.782,0.081,314.087,369.981,11.736,-76.929,36.669,5867.970,35692.380,19970727_061004
5,KAKQ19970727_101558,6.682,0.457,315.640,369.742,20.344,-76.920,36.670,10172.100,35737.159,19970727_061558
1,KAKQ19970728_100005,-9.998,0.965,235.396,182.910,16.015,-77.373,37.511,8007.444,66864.916,19970728_060005
1,KAKQ19970728_100954,-0.182,0.967,233.954,182.960,27.015,-77.381,37.511,13507.456,67194.500,19970728_060954
1,KAKQ19970728_101943,9.635,0.885,236.454,184.992,35.599,-77.367,37.501,17799.706,65698.226,19970728_061943
1,KAKQ19970728_102933,19.468,0.239,235.403,186.345,42.777,-77.373,37.495,21388.392,65364.780,19970728_062933
1,KAKQ19970729_094827,-22.435,0.786,237.460,187.268,8.539,-77.361,37.491,4269.712,64458.910,19970729_054827
1,KAKQ19970729_095425,-16.468,0.757,236.874,189.494,14.249,-77.364,37.481,7124.709,63632.791,19970729_055425
1,KAKQ19970729_100020,-10.551,0.954,235.732,194.137,13.505,-77.371,37.460,6752.532,61922.013,19970729_060020
1,KAKQ19970729_100615,-4.635,0.793,235.813,195.116,15.965,-77.370,37.456,7982.468,61482.990,19970729_060615
1,KAKQ19970729_101210,1.282,0.364,234.749,199.528,22.602,-77.376,37.436,11300.775,59900.842,19970729_061210
3,KAKQ19970729_095425,-16.468,0.869,408.454,306.820,15.723,-76.399,36.952,7861.496,54334.177,19970729_055425
3,KAKQ19970729_100020,-10.551,0.910,409.055,308.201,20.447,-76.395,36.945,10223.319,54681.623,19970729_060020
3,KAKQ19970729_100615,-4.635,0.971,410.717,313.404,20.612,-76.386,36.922,10305.868,55762.966,19970729_060615
3,KAKQ19970729_101210,1.282,0.883,412.689,320.763,28.522,-76.375,36.889,14260.924,57292.749,19970729_061210
3,KAKQ19970729_101806,7.215,0.333,412.894,321.353,28.134,-76.374,36.886,14066.989,57447.663,19970729_061806
4,KAKQ19970729_095425,-16.468,0.181,329.910,109.511,10.061,-76.838,37.842,5030.590,96411.351,19970729_055425
4,KAKQ19970729_100020,-10.551,0.668,326.622,112.632,18.214,-76.856,37.828,9106.769,94625.041,19970729_060020
4,KAKQ19970729_100615,-4.635,0.101,327.329,117.520,21.481,-76.852,37.806,10740.504,92257.655,19970729_060615
4,KAKQ19970729_101210,1.282,0.076,330.520,119.852,25.624,-76.834,37.795,12812.035,91357.565,19970729_061210
7,KAKQ19970729_095425,-16.468,0.051,268.551,165.755,6.294,-77.186,37.589,3147.003,68939.612,19970729_055425
7,KAKQ19970729_100020,-10.551,0.371,266.836,165.496,12.953,-77.195,37.590,6476.431,69266.158,19970729_060020
7,KAKQ19970729_100615,-4.635,0.086,265.964,165.715,14.755,-77.200,37.589,7377.719,69265.401,19970729_060615
9,KAKQ19970729_105931,48.632,0.057,309.504,164.427,12.189,-76.954,37.595,6094.341,67953.022,19970729_065931
5,KAKQ19970730_094252,-28.826,0.466,230.958,179.449,7.723,-77.398,37.526,3861.340,69460.936,19970730_054252
5,KAKQ19970730_094847,-22.909,0.063,229.484,179.873,15.620,-77.406,37.524,7809.761,69647.208,19970730_054847
5,KAKQ19970730_095442,-16.992,0.788,222.878,183.706,18.391,-77.444,37.507,9195.578,69771.140,19970730_055442
5,KAKQ19970730_100039,-11.042,0.877,219.696,183.726,20.941,-77.462,37.507,10470.463,70654.559,19970730_060039
5,KAKQ19970730_100634,-5.126,0.361,218.477,184.006,21.281,-77.469,37.506,10640.291,70888.442,19970730_060634
5,KAKQ19970730_101229,0.791,0.861,219.224,184.183,20.662,-77.464,37.505,10331.133,70601.593,19970730_061229
5,KAKQ19970730_101824,6.708,0.105,220.928,186.764,20.262,-77.455,37.493,10131.133,69055.665,19970730_061824
10,KAKQ19970730_100039,-11.042,0.614,279.495,55.562,8.864,-77.124,38.085,4432.030,122648.411,19970730_060039
10,KAKQ19970730_100634,-5.126,0.746,278.769,57.222,14.944,-77.128,38.078,7472.072,121852.358,19970730_060634
10,KAKQ19970730_101229,0.791,0.805,275.460,59.190,16.875,-77.147,38.069,8437.543,121028.401,19970730_061229
10,KAKQ19970730_101824,6.708,0.915,271.715,60.605,18.549,-77.169,38.062,9274.619,120529.881,19970730_061824
10,KAKQ19970730_102420,12.641,0.335,270.984,60.713,21.590,-77.173,38.062,10795.100,120519.945,19970730_062420
10,KAKQ19970730_103015,18.558,0.061,267.086,62.986,24.635,-77.195,38.051,12317.654,119644.174,19970730_063015
11,KAKQ19970730_100039,-11.042,0.330,406.992,303.000,13.696,-76.407,36.969,6847.954,53517.040,19970730_060039
11,KAKQ19970730_100634,-5.126,0.407,406.623,304.575,20.626,-76.409,36.962,10312.813,53360.535,19970730_060634
11,KAKQ19970730_101229,0.791,0.659,404.215,308.706,20.593,-76.423,36.943,10296.745,52289.109,19970730_061229
11,KAKQ19970730_101824,6.708,0.107,403.271,309.903,24.390,-76.428,36.938,12194.995,51872.573,19970730_061824
20,KAKQ19970730_101824,6.708,0.091,506.977,546.802,26.055,-75.862,35.866,13027.612,161051.884,19970730_061824
20,KAKQ19970730_102420,12.641,0.098,507.574,546.240,33.826,-75.858,35.869,16912.818,161028.780,19970730_062420
20,KAKQ19970730_103015,18.558,0.174,512.244,549.136,36.397,-75.833,35.855,18198.526,163643.010,19970730_063015
1,KAKQ19970730_091912,-52.492,0.060,36.247,257.636,51.584,-78.492,37.165,25791.897,133566.842,19970730_051912
1,KAKQ19970730_092506,-46.592,0.129,38.171,256.958,59.572,-78.482,37.169,29785.784,132671.815,19970730_052506
1,KAKQ19970730_093101,-40.676,0.102,40.569,265.521,52.888,-78.467,37.130,26443.901,130855.972,19970730_053101
1,KAKQ19970730_093656,-34.759,0.771,39.189,271.135,56.259,-78.475,37.105,28129.350,131201.717,19970730_053656
1,KAKQ19970730_094252,-28.826,0.652,41.444,276.488,46.805,-78.461,37.081,23402.500,129811.369,19970730_054252
1,KAKQ19970730_094847,-22.909,0.295,42.094,281.787,52.054,-78.457,37.057,26027.145,129273.903,19970730_054847
1,KAKQ19970730_095442,-16.992,0.106,44.646,297.724,43.351,-78.442,36.985,21675.678,127681.850,19970730_055442
8,KAKQ19970730_095442,-16.992,0.412,316.980,102.481,14.337,-76.911,37.874,7168.251,99123.759,19970730_055442
8,KAKQ19970730_100039,-11.042,0.731,316.881,102.058,17.865,-76.912,37.876,8932.716,99330.146,19970730_060039
8,KAKQ19970730_100634,-5.126,0.268,316.411,102.712,16.043,-76.914,37.873,8021.706,98984.835,19970730_060634
8,KAKQ19970730_101229,0.791,0.103,316.613,102.792,22.972,-76.913,37.872,11485.971,98953.495,19970730_061229
13,KAKQ19970730_100634,-5.126,0.312,199.057,32.653,21.915,-77.584,38.187,10957.277,142884.269,19970730_060634
13,KAKQ19970730_101229,0.791,0.091,198.716,32.174,29.455,-77.586,38.189,14727.575,143168.783,19970730_061229
15,KAKQ19970730_100634,-5.126,0.129,232.681,135.939,9.413,-77.389,37.722,4706.738,88667.685,19970730_060634
15,KAKQ19970730_101229,0.791,0.172,230.102,135.870,15.868,-77.404,37.723,7934.070,89196.722,19970730_061229
17,KAKQ19970730_100634,-5.126,0.084,30.940,219.114,27.935,-78.526,37.339,13967.665,140477.404,19970730_060634
17,KAKQ19970730_101229,0.791,0.119,31.981,218.113,35.241,-78.520,37.343,17620.483,140124.489,19970730_061229
18,KAKQ19970730_100634,-5.126,0.070,269.029,126.405,13.971,-77.183,37.766,6985.512,88167.855,19970730_060634
18,KAKQ19970730_101229,0.791,0.114,267.653,126.609,20.819,-77.191,37.765,10409.369,88191.261,19970730_061229
23,KAKQ19970730_103610,24.474,0.488,353.669,282.061,10.919,-76.706,37.064,5459.656,28293.835,19970730_063610
23,KAKQ19970730_104204,30.374,0.245,354.550,282.157,18.686,-76.701,37.064,9343.216,28696.939,19970730_064204
26,KAKQ19970730_104204,30.374,0.138,33.154,266.056,31.919,-78.509,37.127,15959.301,134498.202,19970730_064204
26,KAKQ19970730_104759,36.291,0.053,35.732,266.021,39.349,-78.495,37.128,19674.507,133221.719,19970730_064759
2,KAKQ19970730_092506,-46.592,0.080,424.002,195.050,26.777,-76.307,37.455,13388.489,81226.569,19970730_052506
7,KAKQ19970730_094847,-22.909,0.051,35.221,220.832,33.108,-78.501,37.331,16554.235,138180.289,19970730_054847
16,KAKQ19970730_100634,-5.126,0.108,258.262,157.614,5.983,-77.244,37.625,2991.720,74188.444,19970730_060634
19,KAKQ19970730_101229,0.791,0.236,316.303,187.022,10.160,-76.915,37.493,5080.029,57074.328,19970730_061229
21,KAKQ19970730_102420,12.641,0.091,274.827,243.930,17.227,-77.149,37.236,8613.571,30730.916,19970730_062420
22,KAKQ19970730_103015,18.558,0.144,55.049,312.676,47.470,-78.382,36.919,23734.982,122639.299,19970730_063015
24,KAKQ19970730_103610,24.474,0.382,353.879,421.608,13.982,-76.707,36.436,6991.070,66504.576,19970730_063610
27,KAKQ19970730_105354,42.208,0.065,479.317,319.383,55.630,-76.002,36.892,27815.151,90180.668,19970730_065354
28,KAKQ19970730_111142,60.008,0.054,46.223,297.667,56.774,-78.433,36.986,28386.806,126894.070,19970730_071142
29,KAKQ19970730_112952,78.174,0.156,370.849,236.569,23.815,-76.608,37.269,11907.524,47547.489,19970730_072952
4,KAKQ19970731_095423,-18.121,0.205,414.512,296.436,16.903,-76.364,36.998,8451.424,57283.529,19970731_055423
4,KAKQ19970731_100019,-12.188,0.976,408.576,300.489,18.759,-76.398,36.980,9379.407,54288.326,19970731_060019
4,KAKQ19970731_100614,-6.271,0.977,405.322,299.695,23.280,-76.416,36.984,11639.923,52661.005,19970731_060614
4,KAKQ19970731_101208,-0.371,0.959,404.814,301.045,25.457,-76.419,36.978,12728.489,52409.638,19970731_061208
4,KAKQ19970731_101803,5.545,0.974,404.156,297.109,24.891,-76.422,36.995,12445.327,52098.244,19970731_061803
4,KAKQ19970731_102356,11.429,0.872,404.859,299.344,25.733,-76.419,36.985,12866.525,52430.541,19970731_062356
4,KAKQ19970731_103021,17.845,0.094,401.475,300.032,30.365,-76.438,36.982,15182.489,50737.433,19970731_063021
5,KAKQ19970731_095423,-18.121,0.066,351.312,516.160,9.176,-76.723,36.010,4587.858,111083.380,19970731_055423
5,KAKQ19970731_100019,-12.188,0.185,351.877,516.579,16.533,-76.720,36.008,8266.453,111352.602,19970731_060019
5,KAKQ19970731_100614,-6.271,0.694,351.547,519.078,17.681,-76.722,35.996,8840.453,112530.234,19970731_060614
5,KAKQ19970731_101208,-0.371,0.799,350.670,522.250,21.047,-76.727,35.982,10523.407,113976.305,19970731_061208
5,KAKQ19970731_101803,5.545,0.860,349.746,523.822,27.216,-76.732,35.975,13608.115,114641.629,19970731_061803
5,KAKQ19970731_102356,11.429,0.616,353.906,523.981,27.269,-76.709,35.974,13634.691,115188.116,19970731_062356
5,KAKQ19970731_103021,17.845,0.110,353.902,525.027,32.809,-76.709,35.970,16404.279,115696.581,19970731_063021
8,KAKQ19970731_101803,5.545,0.086,519.244,549.138,26.287,-75.794,35.855,13143.410,165935.019,19970731_061803
8,KAKQ19970731_102356,11.429,0.509,518.080,550.426,34.275,-75.800,35.849,17137.529,166036.300,19970731_062356
8,KAKQ19970731_103021,17.845,0.182,513.161,554.866,42.173,-75.828,35.830,21086.484,166128.052,19970731_063021
8,KAKQ19970731_103613,23.712,0.133,508.101,549.959,49.460,-75.856,35.852,24730.059,162623.502,19970731_063613
8,KAKQ19970731_104206,29.595,0.071,514.323,548.235,48.226,-75.821,35.859,24113.064,163977.753,19970731_064206
2,KAKQ19970731_094830,-24.005,0.923,237.002,180.777,12.623,-77.364,37.520,6311.729,67421.905,19970731_054830
2,KAKQ19970731_095423,-18.121,0.768,238.140,180.629,19.743,-77.357,37.521,9871.645,67223.799,19970731_055423
2,KAKQ19970731_100019,-12.188,0.777,236.399,185.301,26.558,-77.367,37.500,13278.843,65576.038,19970731_060019
2,KAKQ19970731_100614,-6.271,0.583,235.534,184.365,29.738,-77.372,37.504,14869.155,66195.234,19970731_060614
6,KAKQ19970731_100614,-6.271,0.486,330.216,99.697,21.208,-76.836,37.886,10603.836,101284.451,19970731_060614
6,KAKQ19970731_101208,-0.371,0.657,328.758,100.201,26.981,-76.844,37.884,13490.324,100928.954,19970731_061208
6,KAKQ19970731_101803,5.545,0.280,325.298,101.178,29.653,-76.864,37.880,14826.325,100212.417,19970731_061803
6,KAKQ19970731_102356,11.429,0.423,324.086,96.789,28.554,-76.871,37.899,14276.863,102316.569,19970731_062356
7,KAKQ19970731_101208,-0.371,0.056,514.549,256.078,38.389,-75.800,37.176,19194.649,109499.346,19970731_061208
7,KAKQ19970731_101803,5.545,0.140,520.316,254.680,49.771,-75.767,37.182,24885.680,112464.413,19970731_061803
1,KAKQ19970731_091301,-59.488,0.087,265.118,224.645,14.851,-77.204,37.323,7425.533,41518.469,19970731_051301
6,KAKQ19970801_101636,3.279,0.734,504.183,544.125,34.293,-75.877,35.878,17146.515,159128.578,19970801_061636
6,KAKQ19970801_102625,13.096,0.730,503.210,547.336,42.987,-75.883,35.864,21493.405,160054.091,19970801_062625
6,KAKQ19970801_103614,22.913,0.751,503.823,539.581,48.058,-75.879,35.899,24028.851,157276.081,19970801_063614
6,KAKQ19970801_104603,32.729,0.401,503.115,535.985,53.342,-75.882,35.915,26671.009,155679.599,19970801_064603
6,KAKQ19970801_105552,42.546,0.091,495.893,535.962,62.062,-75.922,35.916,31031.203,153339.484,19970801_065552
3,KAKQ19970801_095659,-16.337,0.600,412.393,301.472,18.616,-76.376,36.976,9308.167,56201.152,19970801_055659
3,KAKQ19970801_101636,3.279,0.913,411.796,296.167,24.416,-76.380,36.999,12207.967,55930.753,19970801_061636
3,KAKQ19970801_102625,13.096,0.101,413.092,296.853,26.317,-76.372,36.996,13158.451,56567.860,19970801_062625
1,KAKQ19970801_093721,-35.971,0.160,412.321,297.911,12.618,-76.377,36.992,6309.032,56170.239,19970801_053721
1,KAKQ19970801_094710,-26.154,0.102,413.143,300.050,21.542,-76.372,36.982,10770.978,56571.300,19970801_054710
2,KAKQ19970801_095659,-16.337,0.685,348.283,511.244,14.700,-76.740,36.032,7350.212,108345.830,19970801_055659
2,KAKQ19970801_101636,3.279,0.617,347.843,513.148,25.239,-76.742,36.023,12619.691,109225.645,19970801_061636
5,KAKQ19970801_095659,-16.337,0.079,462.707,232.646,32.918,-76.090,37.284,16458.828,88048.457,19970801_055659
7,KAKQ19970801_102625,13.096,0.216,323.567,89.549,22.657,-76.873,37.932,11328.365,105883.300,19970801_062625
8,KAKQ19970801_110541,52.363,0.066,364.867,419.630,33.803,-76.646,36.444,16901.667,68042.349,19970801_070541
1,KAKQ19970802_095448,-19.340,0.746,410.157,301.128,21.872,-76.389,36.977,10935.787,55081.624,19970802_055448
1,KAKQ19970802_100439,-9.490,0.981,412.567,296.293,23.901,-76.375,36.999,11950.603,56314.033,19970802_060439
1,KAKQ19970802_101427,0.310,0.979,418.092,294.863,30.498,-76.344,37.005,15248.944,59101.944,19970802_061427
1,KAKQ19970802_102418,10.160,0.466,417.939,296.546,41.319,-76.345,36.998,20659.585,58994.622,19970802_062418
1,KAKQ19970802_103406,19.960,0.201,409.858,297.764,54.547,-76.390,36.992,27273.625,54940.248,19970802_063406
2,KAKQ19970802_100439,-9.490,0.364,371.261,515.870,35.239,-76.612,36.011,17619.476,113663.998,19970802_060439
2,KAKQ19970802_101427,0.310,0.424,363.047,512.936,43.486,-76.658,36.024,21742.947,111036.835,19970802_061427
2,KAKQ19970802_102418,10.160,0.279,354.987,511.043,48.692,-76.702,36.033,24346.032,109044.278,19970802_062418
4,KAKQ19970802_100439,-9.490,0.080,249.246,168.606,18.113,-77.295,37.576,9056.442,70428.026,19970802_060439
4,KAKQ19970802_101427,0.310,0.113,249.916,167.224,30.437,-77.291,37.582,15218.367,70953.893,19970802_061427
5,KAKQ19970802_101427,0.310,0.112,305.472,56.339,8.987,-76.976,38.082,4493.420,121861.350,19970802_061427
5,KAKQ19970802_102418,10.160,-1.000,305.472,56.339,24.648,-76.976,38.082,12324.170,121861.350,19970802_062418
5,KAKQ19970802_103406,19.960,0.631,336.762,78.523,32.666,-76.798,37.981,16333.113,112253.789,19970802_063406
6,KAKQ19970802_104356,29.793,0.051,515.612,491.979,37.077,-75.810,36.113,18538.689,144347.158,19970802_064356
6,KAKQ19970802_105345,39.610,0.170,516.748,490.909,47.736,-75.804,36.118,23868.156,144417.862,19970802_065345
3,KAKQ19970802_100439,-9.490,0.144,348.568,422.166,39.318,-76.737,36.433,19658.865,65733.181,19970802_060439
1,KAKQ19970803_093257,-42.013,0.062,425.323,289.315,18.724,-76.303,37.030,9361.759,62889.047,19970803_053257
1,KAKQ19970803_094249,-32.146,0.121,420.943,293.497,25.985,-76.328,37.011,12992.455,60558.687,19970803_054249
1,KAKQ19970803_095241,-22.279,0.858,421.172,299.825,25.301,-76.327,36.983,12650.539,60586.209,19970803_055241
1,KAKQ19970803_100233,-12.413,-1.000,420.773,305.808,25.835,-76.329,36.956,12917.317,60456.370,19970803_060233
1,KAKQ19970803_101226,-2.529,0.980,420.269,296.734,23.807,-76.332,36.997,11903.701,60156.870,19970803_061226
1,KAKQ19970803_102217,7.321,0.551,422.567,296.917,28.810,-76.319,36.996,14405.107,61302.726,19970803_062217
2,KAKQ19970803_100233,-12.413,0.871,241.061,182.891,15.426,-77.341,37.511,7713.039,65552.348,19970803_060233
2,KAKQ19970803_101226,-2.529,0.455,242.664,183.026,24.635,-77.332,37.510,12317.475,65134.943,19970803_061226
4,KAKQ19970803_100233,-12.413,0.073,328.927,102.286,17.547,-76.843,37.874,8773.300,99909.428,19970803_060233
4,KAKQ19970803_101226,-2.529,0.241,334.997,100.226,28.347,-76.809,37.884,14173.709,101408.154,19970803_061226
3,KAKQ19970803_100233,-12.413,0.838,417.238,294.973,20.045,-76.349,37.005,10022.346,58672.817,19970803_060233
5,KAKQ19970803_103209,17.187,0.054,95.448,79.861,16.415,-78.171,37.970,8207.662,150252.096,19970803_063209
1,KAKQ19970805_095134,-25.048,0.892,415.942,303.959,15.874,-76.357,36.964,7937.241,58004.752,19970805_055134
1,KAKQ19970805_100124,-15.215,0.976,419.314,306.404,22.877,-76.338,36.953,11438.613,59742.627,19970805_060124
1,KAKQ19970805_101115,-5.365,0.985,420.113,311.459,29.076,-76.333,36.930,14537.889,60328.983,19970805_061115
1,KAKQ19970805_102139,5.035,0.910,421.925,309.077,38.376,-76.323,36.941,19188.194,61131.086,19970805_062139
7,KAKQ19970805_101115,-5.365,0.892,360.251,523.731,23.799,-76.674,35.975,11899.529,115850.968,19970805_061115
7,KAKQ19970805_102139,5.035,0.845,364.448,525.659,34.867,-76.650,35.967,17433.569,117340.796,19970805_062139
7,KAKQ19970805_103128,14.852,0.636,366.047,529.112,44.986,-76.641,35.951,22492.947,119220.776,19970805_063128
7,KAKQ19970805_104118,24.685,0.232,363.168,526.952,47.394,-76.657,35.961,23696.823,117789.349,19970805_064118
8,KAKQ19970805_101115,-5.365,0.534,214.075,40.446,20.107,-77.498,38.152,10053.635,136703.715,19970805_061115
8,KAKQ19970805_102139,5.035,0.633,213.906,39.380,26.286,-77.499,38.157,13143.226,137236.235,19970805_062139
8,KAKQ19970805_103128,14.852,0.641,216.533,41.752,30.347,-77.484,38.146,15173.335,135700.937,19970805_063128
8,KAKQ19970805_104118,24.685,0.063,215.847,40.398,31.314,-77.488,38.152,15657.103,136450.509,19970805_064118
2,KAKQ19970805_100124,-15.215,0.926,235.427,186.244,13.195,-77.373,37.496,6597.490,65402.824,19970805_060124
2,KAKQ19970805_101115,-5.365,0.962,237.121,190.885,21.439,-77.363,37.475,10719.712,62967.900,19970805_061115
2,KAKQ19970805_102139,5.035,0.899,236.489,192.565,28.726,-77.366,37.467,14362.983,62401.872,19970805_062139
3,KAKQ19970805_100124,-15.215,0.858,332.506,99.642,9.538,-76.823,37.886,4768.955,101489.086,19970805_060124
3,KAKQ19970805_101115,-5.365,0.944,336.718,106.513,18.365,-76.799,37.855,9182.566,98469.961,19970805_061115
3,KAKQ19970805_102139,5.035,0.519,340.126,110.770,27.344,-76.780,37.836,13672.100,96718.915,19970805_062139
9,KAKQ19970805_101115,-5.365,0.304,520.448,29.661,23.531,-75.749,38.195,11765.472,174413.687,19970805_061115
9,KAKQ19970805_102139,5.035,0.660,527.082,34.121,36.200,-75.712,38.175,18100.100,174827.069,19970805_062139
9,KAKQ19970805_103128,14.852,0.247,527.934,37.708,39.004,-75.707,38.158,19502.129,173746.095,19970805_063128
12,KAKQ19970805_102139,5.035,0.053,277.089,170.406,6.805,-77.137,37.568,3402.428,65801.798,19970805_062139
12,KAKQ19970805_103128,14.852,-1.000,277.089,170.406,22.413,-77.137,37.568,11206.678,65801.798,19970805_063128
12,KAKQ19970805_104118,24.685,0.082,278.833,169.979,25.644,-77.127,37.570,12822.168,65866.500,19970805_064118
13,KAKQ19970805_112035,63.968,0.064,512.929,342.705,38.354,-75.815,36.785,19176.842,108584.594,19970805_072035
3,KAKQ19970806_093504,-42.377,0.417,411.764,304.449,15.058,-76.380,36.962,7529.137,55926.197,19970806_053504
3,KAKQ19970806_094100,-36.444,0.903,409.668,303.619,18.363,-76.392,36.966,9181.439,54863.944,19970806_054100
3,KAKQ19970806_094655,-30.527,0.962,409.653,305.260,21.162,-76.392,36.959,10581.122,54889.529,19970806_054655
3,KAKQ19970806_095250,-24.610,0.969,410.952,306.869,23.279,-76.385,36.951,11639.706,55582.183,19970806_055250
3,KAKQ19970806_095845,-18.694,0.983,415.022,307.810,23.756,-76.362,36.947,11877.973,57643.331,19970806_055845
3,KAKQ19970806_100439,-12.794,0.974,417.290,313.507,28.865,-76.349,36.921,14432.683,59032.475,19970806_060439
3,KAKQ19970806_101034,-6.877,0.947,417.642,311.621,29.371,-76.347,36.930,14685.714,59107.159,19970806_061034
3,KAKQ19970806_101630,-0.944,0.701,418.210,309.198,29.877,-76.344,36.941,14938.687,59283.443,19970806_061630
3,KAKQ19970806_102821,10.906,0.773,418.084,309.204,34.856,-76.345,36.941,17427.966,59220.903,19970806_062821
4,KAKQ19970806_095250,-24.610,0.263,235.596,179.829,7.788,-77.372,37.525,3893.808,68170.689,19970806_055250
4,KAKQ19970806_095845,-18.694,0.930,235.330,184.533,12.403,-77.373,37.504,6201.603,66172.012,19970806_055845
4,KAKQ19970806_100439,-12.794,0.938,234.392,186.037,14.962,-77.378,37.497,7480.862,65749.412,19970806_060439
4,KAKQ19970806_101034,-6.877,0.945,235.260,186.797,15.583,-77.374,37.493,7791.649,65203.814,19970806_061034
4,KAKQ19970806_101630,-0.944,0.715,234.894,188.563,20.217,-77.376,37.485,10108.704,64530.908,19970806_061630
4,KAKQ19970806_102821,10.906,0.247,238.418,190.805,28.197,-77.356,37.475,14098.278,62681.262,19970806_062821
5,KAKQ19970806_095845,-18.694,0.831,329.457,95.952,10.214,-76.840,37.903,5107.220,103081.777,19970806_055845
5,KAKQ19970806_100439,-12.794,0.741,330.955,97.335,16.413,-76.832,37.897,8206.518,102507.484,19970806_060439
5,KAKQ19970806_101034,-6.877,0.697,331.379,101.597,21.041,-76.829,37.878,10520.578,100434.645,19970806_061034
5,KAKQ19970806_101630,-0.944,0.836,327.883,107.044,25.067,-76.849,37.853,12533.611,97479.832,19970806_061630
5,KAKQ19970806_102821,10.906,0.304,331.106,104.233,29.004,-76.831,37.866,14501.887,99111.652,19970806_062821
7,KAKQ19970806_100439,-12.794,0.922,357.603,523.122,20.301,-76.688,35.978,10150.416,115218.642,19970806_060439
7,KAKQ19970806_101034,-6.877,0.843,358.706,523.501,24.280,-76.682,35.976,12140.139,115541.396,19970806_061034
7,KAKQ19970806_101630,-0.944,0.900,360.473,524.269,27.917,-76.672,35.973,13958.735,116139.388,19970806_061630
7,KAKQ19970806_102821,10.906,0.778,364.521,527.278,39.031,-76.650,35.959,19515.375,118129.448,19970806_062821
7,KAKQ19970806_103417,16.840,0.444,367.662,530.015,49.399,-76.633,35.947,24699.587,119880.213,19970806_063417
11,KAKQ19970806_101034,-6.877,0.393,265.704,158.574,6.910,-77.202,37.621,3454.887,72762.564,19970806_061034
11,KAKQ19970806_101630,-0.944,0.731,265.728,159.766,15.021,-77.202,37.616,7510.624,72180.364,19970806_061630
11,KAKQ19970806_102821,10.906,0.944,263.627,164.399,20.390,-77.213,37.595,10194.997,70197.160,19970806_062821
11,KAKQ19970806_103417,16.840,0.926,264.638,166.293,23.608,-77.208,37.586,11803.898,69152.170,19970806_063417
11,KAKQ19970806_104012,22.756,0.282,266.173,168.878,28.110,-77.199,37.574,14054.830,67707.473,19970806_064012
12,KAKQ19970806_101630,-0.944,0.314,284.551,239.634,14.789,-77.095,37.256,7394.440,31155.807,19970806_061630
12,KAKQ19970806_102821,10.906,0.074,285.995,239.970,23.499,-77.086,37.254,11749.326,30821.102,19970806_062821
12,KAKQ19970806_103417,16.840,0.100,281.177,245.679,24.723,-77.114,37.229,12361.729,28744.918,19970806_063417
15,KAKQ19970806_102821,10.906,0.369,280.319,117.626,11.631,-77.119,37.805,5815.739,91716.614,19970806_062821
15,KAKQ19970806_103417,16.840,0.077,280.292,118.109,19.236,-77.119,37.803,9617.752,91477.772,19970806_063417
15,KAKQ19970806_104012,22.756,0.089,281.467,115.790,13.268,-77.113,37.814,6634.071,92570.144,19970806_064012
17,KAKQ19970806_102821,10.906,0.140,536.246,543.729,31.132,-75.699,35.878,15566.058,169717.619,19970806_062821
17,KAKQ19970806_103417,16.840,0.093,534.266,545.381,40.807,-75.711,35.871,20403.730,169626.447,19970806_063417
1,KAKQ19970806_092240,-54.777,0.135,407.672,302.266,12.904,-76.403,36.972,6451.775,53847.862,19970806_052240
2,KAKQ19970806_092240,-54.777,0.062,540.426,462.912,15.078,-75.670,36.242,7539.068,145210.782,19970806_052240
14,KAKQ19970806_101630,-0.944,0.071,334.252,181.611,19.357,-76.814,37.517,9678.299,61621.962,19970806_061630
1,KAKQ19970807_100502,-13.241,0.941,411.424,298.118,17.546,-76.382,36.991,8772.942,55719.770,19970807_060502
1,KAKQ19970807_101453,-3.391,0.972,408.207,297.413,22.748,-76.400,36.994,11374.001,54118.925,19970807_061453
1,KAKQ19970807_103437,16.343,0.929,411.108,296.885,29.499,-76.383,36.996,14749.306,55575.577,19970807_063437
1,KAKQ19970807_104429,26.209,0.565,411.334,299.983,43.374,-76.382,36.982,21687.174,55666.761,19970807_064429
1,KAKQ19970807_105422,36.093,0.086,412.702,293.039,48.707,-76.374,37.014,24353.250,56458.320,19970807_065422
1,KAKQ19970807_110414,45.959,0.115,415.184,291.826,54.236,-76.360,37.019,27118.021,57737.030,19970807_070414
2,KAKQ19970807_100502,-13.241,0.264,348.903,514.695,17.050,-76.736,36.016,8524.952,110097.130,19970807_060502
2,KAKQ19970807_101453,-3.391,0.851,349.193,517.232,26.790,-76.735,36.005,13394.851,111365.967,19970807_061453
2,KAKQ19970807_103437,16.343,0.854,355.110,521.283,38.356,-76.702,35.986,19177.814,114021.001,19970807_063437
2,KAKQ19970807_104429,26.209,0.433,350.684,518.005,51.736,-76.726,36.001,25868.173,111909.392,19970807_064429
2,KAKQ19970807_105422,36.093,0.486,356.622,529.873,55.866,-76.694,35.948,27933.189,118372.071,19970807_065422
2,KAKQ19970807_110414,45.959,0.073,407.043,529.874,26.854,-76.414,35.947,13426.844,126787.555,19970807_070414
2,KAKQ19970807_111405,55.809,0.127,407.352,532.151,38.673,-76.413,35.936,19336.595,127885.056,19970807_071405
3,KAKQ19970807_100502,-13.241,0.256,241.187,128.328,2.340,-77.341,37.757,1170.238,90733.588,19970807_060502
3,KAKQ19970807_101453,-3.391,-1.000,241.187,128.328,18.002,-77.341,37.757,9000.988,90733.588,19970807_061453
3,KAKQ19970807_103437,16.343,0.517,232.225,172.859,26.078,-77.391,37.556,13039.103,72038.384,19970807_063437
3,KAKQ19970807_104429,26.209,0.064,233.098,172.758,38.764,-77.386,37.557,19382.150,71878.958,19970807_064429
6,KAKQ19970807_101453,-3.391,0.497,517.673,541.202,28.353,-75.802,35.891,14176.649,162450.138,19970807_061453
6,KAKQ19970807_103437,16.343,0.481,516.240,536.959,45.163,-75.810,35.910,22581.435,160397.246,19970807_063437
6,KAKQ19970807_104429,26.209,0.168,519.673,532.307,51.340,-75.790,35.931,25670.114,159861.234,19970807_064429
6,KAKQ19970807_105422,36.093,-1.000,522.593,527.968,57.821,-75.774,35.950,28910.291,159308.608,19970807_065422
6,KAKQ19970807_110414,45.959,0.064,542.488,517.615,45.686,-75.663,35.996,22842.968,162908.588,19970807_070414
7,KAKQ19970807_101453,-3.391,0.469,329.581,93.256,19.045,-76.839,37.915,9522.701,104424.823,19970807_061453
7,KAKQ19970807_103437,16.343,0.067,333.107,91.666,35.020,-76.819,37.922,17509.974,105474.285,19970807_063437
5,KAKQ19970807_101453,-3.391,0.661,235.509,174.068,14.459,-77.372,37.551,7229.345,70742.308,19970807_061453
8,KAKQ19970807_101453,-3.391,0.426,284.563,111.673,8.201,-77.095,37.832,4100.506,94479.080,19970807_061453
3,KAKQ19970808_095601,-23.089,0.802,355.226,514.868,9.681,-76.701,36.015,4840.673,110925.885,19970808_055601
3,KAKQ19970808_100553,-13.222,0.564,355.210,515.711,19.931,-76.701,36.012,9965.341,111332.266,19970808_060553
3,KAKQ19970808_101544,-3.372,0.455,354.036,517.352,24.741,-76.708,36.004,12370.293,111984.031,19970808_061544
3,KAKQ19970808_102536,6.495,0.316,353.136,521.366,33.193,-76.713,35.986,16596.735,113826.823,19970808_062536
3,KAKQ19970808_103528,16.361,0.084,360.463,525.872,31.933,-76.672,35.966,15966.470,116912.217,19970808_063528
5,KAKQ19970808_100553,-13.222,0.980,411.922,300.193,17.839,-76.379,36.981,8919.582,55960.959,19970808_060553
5,KAKQ19970808_101544,-3.372,0.974,412.943,297.974,23.913,-76.373,36.991,11956.368,56480.349,19970808_061544
5,KAKQ19970808_102536,6.495,0.933,413.541,298.741,31.252,-76.370,36.988,15626.042,56774.229,19970808_062536
6,KAKQ19970808_100553,-13.222,0.658,239.686,176.178,7.346,-77.349,37.541,3673.038,68865.267,19970808_060553
6,KAKQ19970808_101544,-3.372,0.949,242.034,178.712,17.022,-77.335,37.530,8510.940,67213.712,19970808_061544
6,KAKQ19970808_102536,6.495,0.828,242.271,180.463,23.608,-77.334,37.522,11804.159,66373.399,19970808_062536
1,KAKQ19970808_094609,-32.955,0.731,410.732,298.912,16.401,-76.386,36.987,8200.611,55368.488,19970808_054609
1,KAKQ19970808_095601,-23.089,0.556,416.739,302.118,23.121,-76.352,36.973,11560.255,58379.237,19970808_055601
8,KAKQ19970808_100553,-13.222,0.054,329.649,99.311,15.783,-76.839,37.888,7891.624,101433.599,19970808_060553
9,KAKQ19970808_103528,16.361,0.080,201.827,367.610,13.212,-77.557,36.678,6606.234,59600.861,19970808_063528
10,KAKQ19970808_105510,36.061,0.055,483.910,529.052,29.018,-75.988,35.947,14509.004,146873.863,19970808_065510
1,KAKQ19970809_092842,-51.237,0.375,409.633,295.929,11.929,-76.392,37.001,5964.363,54854.491,19970809_052842
1,KAKQ19970809_093834,-41.370,0.931,414.835,293.039,15.102,-76.362,37.013,7551.054,57522.721,19970809_053834
1,KAKQ19970809_094825,-31.520,0.659,418.698,291.398,14.564,-76.341,37.021,7282.204,59504.757,19970809_054825
1,KAKQ19970809_095817,-21.654,0.966,414.275,293.574,14.972,-76.365,37.011,7486.033,57227.577,19970809_055817
1,KAKQ19970809_100807,-11.820,0.967,417.125,291.988,21.039,-76.349,37.018,10519.297,58699.423,19970809_060807
1,KAKQ19970809_101758,-1.970,0.958,419.962,288.297,29.298,-76.333,37.035,14649.112,60265.884,19970809_061758
1,KAKQ19970809_102748,7.863,0.223,425.137,285.588,36.069,-76.304,37.047,18034.720,62982.351,19970809_062748
5,KAKQ19970809_095817,-21.654,0.301,239.952,175.766,10.715,-77.347,37.543,5357.742,68992.244,19970809_055817
5,KAKQ19970809_100807,-11.820,0.951,242.116,173.169,13.143,-77.335,37.555,6571.615,69707.850,19970809_060807
5,KAKQ19970809_101758,-1.970,0.982,243.730,171.728,23.533,-77.326,37.561,11766.576,70035.696,19970809_061758
5,KAKQ19970809_102748,7.863,0.731,245.208,171.526,30.126,-77.318,37.562,15062.791,69835.310,19970809_062748
8,KAKQ19970809_100807,-11.820,0.067,336.589,91.459,13.409,-76.799,37.923,6704.494,105862.976,19970809_060807
8,KAKQ19970809_101758,-1.970,0.124,340.922,91.254,22.831,-76.775,37.924,11415.732,106359.635,19970809_061758
8,KAKQ19970809_102748,7.863,0.089,342.433,90.515,24.555,-76.766,37.927,12277.745,106869.675,19970809_062748
4,KAKQ19970809_095817,-21.654,0.471,282.579,411.350,10.354,-77.105,36.482,5176.884,56352.221,19970809_055817
4,KAKQ19970809_100807,-11.820,0.074,286.069,411.789,22.352,-77.085,36.480,11175.982,56326.662,19970809_060807
3,KAKQ19970809_094825,-31.520,0.062,508.165,251.006,7.766,-75.835,37.199,3883.018,106926.331,19970809_054825
9,KAKQ19970809_101758,-1.970,0.078,272.563,151.688,15.699,-77.163,37.652,7849.495,75414.359,19970809_061758
1,KAKQ19970810_092359,-56.786,0.079,410.945,295.955,9.019,-76.384,37.000,4509.514,55509.140,19970810_052359
1,KAKQ19970810_092954,-50.869,0.641,412.552,295.080,14.887,-76.375,37.004,7443.413,56329.770,19970810_052954
1,KAKQ19970810_093549,-44.953,0.514,416.562,292.457,15.266,-76.353,37.016,7633.078,58403.042,19970810_053549
1,KAKQ19970810_094143,-39.053,0.792,415.762,289.961,16.171,-76.357,37.027,8085.708,58098.276,19970810_054143
1,KAKQ19970810_094738,-33.136,-1.000,416.016,287.503,17.187,-76.355,37.038,8593.720,58343.773,19970810_054738
1,KAKQ19970810_095333,-27.219,-1.000,416.271,285.045,18.203,-76.354,37.049,9101.732,58614.300,19970810_055333
1,KAKQ19970810_095925,-21.353,0.712,415.830,294.146,16.760,-76.357,37.008,8379.993,57989.104,19970810_055925
1,KAKQ19970810_100519,-15.453,0.879,413.365,293.200,19.846,-76.371,37.013,9923.047,56784.572,19970810_060519
1,KAKQ19970810_101115,-9.519,0.970,417.830,292.227,22.981,-76.345,37.017,11490.515,59043.172,19970810_061115
1,KAKQ19970810_101713,-3.553,0.968,416.856,292.870,28.063,-76.351,37.014,14031.723,58536.495,19970810_061713
1,KAKQ19970810_102307,2.347,0.912,417.467,291.849,31.684,-76.347,37.019,15841.939,58874.974,19970810_062307
1,KAKQ19970810_102903,8.281,0.843,418.723,288.179,34.843,-76.340,37.035,17421.607,59654.918,19970810_062903
1,KAKQ19970810_103459,14.214,0.499,425.023,283.994,39.953,-76.305,37.054,19976.270,63021.644,19970810_063459
1,KAKQ19970810_104054,20.131,0.731,441.530,276.840,38.487,-76.212,37.086,19243.546,71706.233,19970810_064054
1,KAKQ19970810_104649,26.047,0.179,445.194,273.888,42.721,-76.191,37.099,21360.663,73761.804,19970810_064649
1,KAKQ19970810_105244,31.964,0.073,429.412,275.439,56.667,-76.280,37.092,28333.584,65861.198,19970810_065244
1,KAKQ19970810_105839,37.881,0.058,425.639,273.009,61.249,-76.301,37.103,30624.464,64252.710,19970810_065839
8,KAKQ19970810_101115,-9.519,0.765,352.443,503.465,20.041,-76.716,36.067,10020.501,105057.681,19970810_061115
8,KAKQ19970810_101713,-3.553,0.920,352.993,502.420,24.361,-76.713,36.071,12180.430,104620.903,19970810_061713
8,KAKQ19970810_102307,2.347,0.912,355.131,499.556,28.943,-76.701,36.084,14471.671,103515.799,19970810_062307
8,KAKQ19970810_102903,8.281,0.852,355.975,498.594,35.570,-76.697,36.089,17785.111,103166.015,19970810_062903
8,KAKQ19970810_103459,14.214,0.809,357.081,500.181,42.104,-76.691,36.081,21051.828,104080.182,19970810_063459
8,KAKQ19970810_104054,20.131,0.392,355.029,497.757,47.946,-76.702,36.092,23972.793,102635.374,19970810_064054
14,KAKQ19970810_103459,14.214,0.057,522.927,511.735,40.101,-75.771,36.023,20050.749,153727.424,19970810_063459
14,KAKQ19970810_104054,20.131,0.545,525.146,511.793,50.856,-75.759,36.023,25428.179,154553.448,19970810_064054
14,KAKQ19970810_104649,26.047,0.595,524.672,505.844,53.298,-75.761,36.050,26649.230,152356.054,19970810_064649
14,KAKQ19970810_105244,31.964,0.416,524.182,494.896,51.675,-75.763,36.099,25837.441,148527.562,19970810_065244
14,KAKQ19970810_105839,37.881,0.329,530.574,488.655,56.041,-75.727,36.127,28020.502,148958.683,19970810_065839
14,KAKQ19970810_110435,43.814,0.089,532.081,480.610,58.411,-75.718,36.163,29205.284,147038.696,19970810_070435
9,KAKQ19970810_101115,-9.519,0.746,241.082,171.431,10.637,-77.341,37.563,5318.485,70713.006,19970810_061115
9,KAKQ19970810_101713,-3.553,0.937,241.938,171.201,15.844,-77.336,37.564,7921.972,70640.385,19970810_061713
9,KAKQ19970810_102307,2.347,0.958,244.244,167.006,20.485,-77.323,37.583,10242.630,72104.552,19970810_062307
9,KAKQ19970810_102903,8.281,0.918,246.739,166.495,29.642,-77.309,37.585,14821.035,71868.665,19970810_062903
9,KAKQ19970810_103459,14.214,0.243,248.438,165.505,36.682,-77.299,37.589,18341.068,72020.137,19970810_063459
12,KAKQ19970810_101713,-3.553,0.069,338.414,422.777,34.321,-76.793,36.431,17160.437,64323.004,19970810_061713
12,KAKQ19970810_102307,2.347,0.098,335.974,420.745,40.022,-76.807,36.440,20011.129,62995.216,19970810_062307
3,KAKQ19970810_094143,-39.053,0.192,156.611,347.553,8.591,-77.811,36.767,4295.628,75534.064,19970810_054143
5,KAKQ19970810_095333,-27.219,0.074,417.655,292.019,15.017,-76.346,37.018,7508.293,58962.618,19970810_055333
5,KAKQ19970810_095925,-21.353,-1.000,417.655,292.019,24.345,-76.346,37.018,12172.293,58962.618,19970810_055925
5,KAKQ19970810_100519,-15.453,0.122,432.335,304.131,20.828,-76.264,36.963,10414.139,66199.733,19970810_060519
11,KAKQ19970810_101713,-3.553,0.153,340.803,86.252,20.929,-76.775,37.947,10464.413,108803.647,19970810_061713
4,KAKQ19970811_093115,-50.351,0.060,412.394,298.824,5.142,-76.376,36.988,2571.091,56199.961,19970811_053115
4,KAKQ19970811_094104,-40.535,-1.000,412.394,298.824,20.751,-76.376,36.988,10375.341,56199.961,19970811_054104
4,KAKQ19970811_095055,-30.685,0.958,419.275,303.173,20.820,-76.338,36.968,10410.183,59658.782,19970811_055055
4,KAKQ19970811_100045,-20.851,0.918,421.059,304.939,27.749,-76.328,36.960,13874.710,60579.970,19970811_060045
4,KAKQ19970811_101037,-10.985,0.941,426.405,305.729,32.315,-76.298,36.956,16157.373,63267.250,19970811_061037
4,KAKQ19970811_102028,-1.135,0.930,436.026,304.711,40.566,-76.244,36.960,20283.125,68053.923,19970811_062028
4,KAKQ19970811_103017,8.682,0.570,436.870,306.154,53.925,-76.239,36.954,26962.354,68503.931,19970811_063017
4,KAKQ19970811_104008,18.532,0.335,451.325,302.999,57.681,-76.158,36.967,28840.386,75677.408,19970811_064008
4,KAKQ19970811_105000,28.399,0.309,456.332,309.954,61.046,-76.130,36.936,30522.809,78324.310,19970811_065000
4,KAKQ19970811_105951,38.249,0.194,472.148,305.073,62.537,-76.041,36.957,31268.642,86111.332,19970811_065951
4,KAKQ19970811_110942,48.099,0.075,476.363,302.732,73.274,-76.017,36.967,36636.802,88192.002,19970811_070942
4,KAKQ19970811_111933,57.949,0.057,462.850,308.478,85.619,-76.093,36.942,42809.340,81535.358,19970811_071933
12,KAKQ19970811_102028,-1.135,0.168,523.333,552.310,29.542,-75.772,35.841,14771.135,168477.119,19970811_062028
12,KAKQ19970811_103017,8.682,0.726,530.443,550.692,42.354,-75.732,35.847,21176.974,170257.644,19970811_063017
12,KAKQ19970811_104008,18.532,0.828,533.804,548.128,49.550,-75.713,35.859,24774.993,170463.976,19970811_064008
12,KAKQ19970811_105000,28.399,0.531,532.809,546.523,52.439,-75.719,35.866,26219.632,169538.980,19970811_065000
12,KAKQ19970811_105951,38.249,0.416,529.348,528.298,57.929,-75.737,35.948,28964.448,161802.945,19970811_065951
5,KAKQ19970811_100045,-20.851,0.448,241.971,177.524,8.636,-77.336,37.535,4318.010,67763.845,19970811_060045
5,KAKQ19970811_101037,-10.985,0.961,242.341,176.692,14.061,-77.334,37.539,7030.611,68061.333,19970811_061037
5,KAKQ19970811_102028,-1.135,0.985,246.306,178.708,24.558,-77.311,37.530,12279.069,66322.562,19970811_062028
5,KAKQ19970811_103017,8.682,0.723,247.664,179.671,29.690,-77.304,37.526,14844.970,65609.057,19970811_063017
11,KAKQ19970811_102028,-1.135,0.833,363.472,520.235,28.924,-76.656,35.991,14462.225,114599.377,19970811_062028
11,KAKQ19970811_103017,8.682,0.818,376.364,521.266,32.223,-76.584,35.986,16111.714,117036.696,19970811_063017
11,KAKQ19970811_104008,18.532,0.476,377.780,522.705,39.891,-76.576,35.980,19945.466,117948.524,19970811_064008
11,KAKQ19970811_105000,28.399,0.067,367.150,519.896,53.663,-76.635,35.992,26831.631,114960.317,19970811_065000
7,KAKQ19970811_101037,-10.985,0.718,348.085,94.756,9.171,-76.734,37.908,4585.705,105400.654,19970811_061037
7,KAKQ19970811_102028,-1.135,0.893,341.300,95.546,21.275,-76.773,37.905,10637.671,104291.896,19970811_062028
7,KAKQ19970811_103017,8.682,0.458,337.115,98.289,29.239,-76.797,37.892,14619.312,102548.607,19970811_063017
2,KAKQ19970811_093115,-50.351,0.452,506.241,476.950,17.891,-75.861,36.181,8945.713,135873.800,19970811_053115
2,KAKQ19970811_094104,-40.535,0.254,513.984,475.589,30.351,-75.818,36.187,15175.582,138402.211,19970811_054104
10,KAKQ19970811_101037,-10.985,0.073,346.505,324.015,3.103,-76.747,36.875,1551.643,26169.696,19970811_061037
10,KAKQ19970811_102028,-1.135,-1.000,346.505,324.015,18.765,-76.747,36.875,9382.393,26169.696,19970811_062028
10,KAKQ19970811_103017,8.682,0.059,372.009,302.300,18.612,-76.603,36.973,9305.953,36022.759,19970811_063017
17,KAKQ19970811_105000,28.399,0.075,261.003,246.941,15.650,-77.227,37.223,7825.094,32924.102,19970811_065000
17,KAKQ19970811_105951,38.249,0.172,265.460,245.104,23.440,-77.202,37.231,11719.906,32428.835,19970811_065951
19,KAKQ19970811_105951,38.249,0.064,325.812,414.913,34.407,-76.864,36.466,17203.283,58888.147,19970811_065951
1,KAKQ19970812_100509,-17.284,0.474,240.587,176.588,8.816,-77.344,37.539,4407.959,68484.368,19970812_060509
1,KAKQ19970812_101104,-11.367,0.919,241.682,176.117,14.169,-77.337,37.542,7084.546,68461.573,19970812_061104
1,KAKQ19970812_101700,-5.434,0.971,244.446,175.835,17.236,-77.322,37.543,8617.894,68013.195,19970812_061700
1,KAKQ19970812_102255,0.483,0.959,244.782,174.754,24.435,-77.320,37.548,12217.563,68438.760,19970812_062255
1,KAKQ19970812_102849,6.383,0.564,246.708,174.386,27.098,-77.309,37.549,13548.914,68225.556,19970812_062849
3,KAKQ19970812_100509,-17.284,0.073,528.279,541.053,15.518,-75.743,35.891,7758.801,165995.557,19970812_060509
3,KAKQ19970812_101104,-11.367,0.103,527.773,536.689,24.506,-75.746,35.911,12252.851,164242.409,19970812_061104
5,KAKQ19970812_100509,-17.284,0.056,357.269,513.868,14.018,-76.690,36.020,7008.982,110701.509,19970812_060509
5,KAKQ19970812_101104,-11.367,0.060,358.171,513.974,21.625,-76.685,36.019,10812.404,110869.991,19970812_061104
6,KAKQ19970812_101104,-11.367,0.225,287.198,113.614,3.101,-77.080,37.824,1550.446,93412.329,19970812_061104
6,KAKQ19970812_101700,-5.434,-1.000,287.198,113.614,12.535,-77.080,37.824,6267.446,93412.329,19970812_061700
6,KAKQ19970812_102255,0.483,0.066,286.113,114.658,15.106,-77.086,37.819,7553.096,92930.601,19970812_062255
10,KAKQ19970812_102255,0.483,0.391,216.466,28.041,21.263,-77.484,38.208,10631.298,142249.633,19970812_062255
10,KAKQ19970812_102849,6.383,0.354,217.187,29.336,28.371,-77.480,38.202,14185.489,141524.613,19970812_062849
4,KAKQ19970812_100509,-17.284,0.065,418.956,382.908,41.547,-76.343,36.608,20773.609,72498.684,19970812_060509
8,KAKQ19970812_101104,-11.367,0.095,329.582,96.636,12.235,-76.839,37.900,6117.401,102751.923,19970812_061104
9,KAKQ19970812_101700,-5.434,0.073,419.083,297.696,26.411,-76.339,36.992,13205.475,59552.571,19970812_061700
11,KAKQ19970812_102255,0.483,0.122,201.958,363.751,9.106,-77.556,36.695,4552.826,58473.108,19970812_062255
12,KAKQ19970812_102849,6.383,0.410,449.937,212.602,24.874,-76.161,37.375,12437.057,86774.799,19970812_062849
13,KAKQ19970812_103444,12.300,0.168,304.497,439.040,8.219,-76.982,36.357,4109.262,69556.358,19970812_063444
14,KAKQ19970812_104039,18.216,0.102,80.949,87.339,19.532,-78.253,37.935,9766.158,152650.296,19970812_064039
15,KAKQ19970812_104039,18.216,0.061,349.571,168.851,17.699,-76.727,37.574,8849.663,70102.499,19970812_064039
16,KAKQ19970812_104039,18.216,0.054,331.239,93.380,26.143,-76.830,37.915,13071.648,104483.955,19970812_064039
17,KAKQ19970812_105228,30.033,0.149,455.516,202.773,29.377,-76.129,37.419,14688.583,91703.682,19970812_065228
17,KAKQ19970812_105823,35.950,0.390,453.242,200.246,25.816,-76.142,37.430,12908.218,91424.700,19970812_065823
19,KAKQ19970812_114542,83.266,0.058,460.260,239.975,17.768,-76.104,37.251,8884.232,85566.001,19970812_074542
5,KAKQ19970813_101104,-12.199,0.942,244.164,172.312,9.822,-77.323,37.559,4910.902,69681.217,19970813_061104
5,KAKQ19970813_101700,-6.265,0.964,250.521,170.156,15.398,-77.288,37.569,7699.044,69476.086,19970813_061700
5,KAKQ19970813_102255,-0.349,0.976,256.008,166.295,21.725,-77.257,37.586,10862.424,70378.343,19970813_062255
5,KAKQ19970813_102850,5.568,0.967,260.883,165.334,31.963,-77.229,37.590,15981.681,70116.363,19970813_062850
5,KAKQ19970813_103445,11.485,0.922,263.576,161.796,36.328,-77.214,37.606,18163.784,71461.569,19970813_063445
5,KAKQ19970813_104040,17.401,0.406,266.890,156.081,42.304,-77.195,37.632,21151.977,73839.009,19970813_064040
7,KAKQ19970813_101700,-6.265,0.090,536.139,535.749,24.147,-75.699,35.914,12073.338,166837.616,19970813_061700
7,KAKQ19970813_102255,-0.349,0.462,535.188,535.797,35.141,-75.705,35.914,17570.458,166518.669,19970813_062255
7,KAKQ19970813_102850,5.568,0.543,536.288,538.754,41.237,-75.699,35.901,20618.466,167954.889,19970813_062850
7,KAKQ19970813_103445,11.485,0.701,538.783,533.169,41.896,-75.685,35.926,20948.109,166871.976,19970813_063445
7,KAKQ19970813_104040,17.401,0.085,535.532,521.106,45.037,-75.702,35.980,22518.427,161526.449,19970813_064040
7,KAKQ19970813_104636,23.335,0.115,529.950,511.475,43.003,-75.732,36.024,21501.394,156203.862,19970813_064636
7,KAKQ19970813_105231,29.251,0.080,505.644,532.365,28.479,-75.868,35.931,14239.505,155147.335,19970813_065231
4,KAKQ19970813_095910,-24.099,0.365,416.819,301.932,20.293,-76.352,36.973,10146.687,58417.317,19970813_055910
4,KAKQ19970813_100508,-18.132,0.746,418.897,303.428,28.306,-76.340,36.967,14152.766,59473.349,19970813_060508
4,KAKQ19970813_101104,-12.199,0.761,426.443,296.600,27.680,-76.297,36.997,13840.067,63244.178,19970813_061104
4,KAKQ19970813_101700,-6.265,0.804,431.726,291.045,27.568,-76.267,37.022,13783.902,66015.243,19970813_061700
4,KAKQ19970813_102255,-0.349,0.366,425.890,291.900,29.534,-76.300,37.018,14766.825,63075.223,19970813_062255
6,KAKQ19970813_101104,-12.199,0.051,368.300,512.893,22.499,-76.629,36.024,11249.672,111790.361,19970813_061104
6,KAKQ19970813_101700,-6.265,0.086,370.252,512.944,30.609,-76.618,36.024,15304.652,112116.747,19970813_061700
6,KAKQ19970813_102255,-0.349,0.121,374.132,512.812,31.941,-76.596,36.024,15970.291,112677.006,19970813_062255
6,KAKQ19970813_102850,5.568,0.300,377.504,511.238,36.880,-76.578,36.031,18440.042,112503.772,19970813_062850
1,KAKQ19970813_092336,-59.665,0.204,415.181,293.683,12.576,-76.360,37.011,6287.903,57676.820,19970813_052336
1,KAKQ19970813_092931,-53.749,0.138,415.989,292.961,20.413,-76.356,37.014,10206.732,58101.255,19970813_052931
1,KAKQ19970813_093525,-47.849,0.222,419.132,293.333,15.192,-76.338,37.012,7595.886,59658.962,19970813_053525
1,KAKQ19970813_094121,-41.915,0.061,418.273,293.922,21.381,-76.343,37.009,10690.561,59214.361,19970813_054121
1,KAKQ19970813_094718,-35.965,0.106,416.435,297.760,14.674,-76.354,36.992,7336.758,58228.024,19970813_054718
8,KAKQ19970813_101700,-6.265,0.052,351.827,419.816,32.181,-76.718,36.444,16090.649,65272.430,19970813_061700
8,KAKQ19970813_102255,-0.349,-1.000,351.827,419.816,41.589,-76.718,36.444,20794.399,65272.430,19970813_062255
8,KAKQ19970813_102850,5.568,0.328,332.120,405.434,35.352,-76.828,36.509,17675.888,55109.128,19970813_062850
1,KAKQ19970814_095426,-29.663,0.053,422.043,307.237,16.177,-76.322,36.949,8088.684,61128.531,19970814_055426
1,KAKQ19970814_100021,-23.746,0.601,423.341,302.914,20.585,-76.315,36.969,10292.507,61687.653,19970814_060021
1,KAKQ19970814_100616,-17.830,0.891,426.884,297.077,21.478,-76.295,36.995,10739.169,63459.021,19970814_060616
1,KAKQ19970814_101210,-11.930,0.757,428.446,300.205,26.525,-76.286,36.981,13262.502,64223.327,19970814_061210
1,KAKQ19970814_101805,-6.013,0.811,424.226,298.462,28.654,-76.310,36.989,14327.135,62117.778,19970814_061805
1,KAKQ19970814_102401,-0.080,0.914,430.052,291.735,27.889,-76.277,37.019,13944.674,65157.299,19970814_062401
1,KAKQ19970814_102954,5.804,0.790,432.862,281.452,36.407,-76.261,37.065,18203.621,67074.983,19970814_062954
1,KAKQ19970814_103549,11.720,0.139,421.852,286.843,31.361,-76.323,37.041,15680.557,61279.926,19970814_063549
3,KAKQ19970814_101805,-6.013,0.935,240.474,178.015,10.871,-77.344,37.533,5435.478,67866.854,19970814_061805
3,KAKQ19970814_102401,-0.080,0.967,240.556,180.205,16.467,-77.344,37.523,8233.572,66866.216,19970814_062401
3,KAKQ19970814_102954,5.804,0.979,242.880,179.605,22.836,-77.331,37.526,11418.100,66628.906,19970814_062954
3,KAKQ19970814_103549,11.720,0.965,242.492,180.766,27.003,-77.333,37.521,13501.314,66188.814,19970814_063549
3,KAKQ19970814_104144,17.637,0.922,243.915,180.393,36.032,-77.325,37.522,18015.805,66051.672,19970814_064144
3,KAKQ19970814_104739,23.554,0.841,237.216,179.163,36.903,-77.363,37.528,18451.297,68086.956,19970814_064739
3,KAKQ19970814_110108,37.037,0.268,231.741,177.240,41.279,-77.394,37.536,20639.636,70230.426,19970814_070108
5,KAKQ19970814_101805,-6.013,0.258,381.052,506.239,21.911,-76.558,36.054,10955.461,110797.093,19970814_061805
5,KAKQ19970814_102401,-0.080,0.118,380.809,504.859,30.883,-76.559,36.060,15441.322,110110.718,19970814_062401
5,KAKQ19970814_102954,5.804,0.503,382.311,507.916,30.623,-76.551,36.046,15311.405,111808.206,19970814_062954
5,KAKQ19970814_103549,11.720,0.075,384.141,512.087,30.598,-76.541,36.027,15299.196,114084.131,19970814_063549
8,KAKQ19970814_103549,11.720,0.150,540.048,499.504,18.663,-75.675,36.077,9331.562,156064.949,19970814_063549
8,KAKQ19970814_104144,17.637,0.693,542.617,500.929,32.333,-75.661,36.071,16166.555,157508.513,19970814_064144
8,KAKQ19970814_104739,23.554,0.614,541.576,501.118,45.020,-75.667,36.070,22509.931,157168.254,19970814_064739
8,KAKQ19970814_110108,37.037,0.636,540.580,499.687,51.771,-75.672,36.077,25885.652,156328.053,19970814_070108
4,KAKQ19970814_101805,-6.013,0.357,327.354,101.944,15.505,-76.852,37.876,7752.655,99968.202,19970814_061805
4,KAKQ19970814_102401,-0.080,0.839,328.424,100.566,20.437,-76.846,37.882,10218.558,100724.788,19970814_062401
4,KAKQ19970814_102954,5.804,0.305,330.612,99.386,24.242,-76.834,37.888,12121.097,101467.946,19970814_062954
7,KAKQ19970814_102954,5.804,0.319,208.593,31.279,23.387,-77.529,38.193,11693.361,141921.029,19970814_062954
7,KAKQ19970814_103549,11.720,0.227,208.018,31.323,29.835,-77.532,38.193,14917.722,141993.115,19970814_063549
6,KAKQ19970814_102401,-0.080,0.074,264.437,161.369,13.971,-77.209,37.608,6985.653,71559.716,19970814_062401
2,KAKQ19970815_101045,-14.177,0.274,235.257,178.129,8.658,-77.374,37.532,4329.172,69000.365,19970815_061045
2,KAKQ19970815_101639,-8.277,0.942,235.888,175.783,15.057,-77.370,37.543,7528.294,69893.102,19970815_061639
2,KAKQ19970815_102234,-2.360,0.979,236.966,174.480,19.933,-77.364,37.549,9966.253,70229.244,19970815_062234
2,KAKQ19970815_102829,3.557,0.970,238.512,173.801,25.300,-77.355,37.552,12649.890,70190.792,19970815_062829
2,KAKQ19970815_103424,9.473,0.962,238.520,173.882,29.953,-77.355,37.552,14976.585,70152.529,19970815_063424
2,KAKQ19970815_104615,21.323,0.819,242.692,174.599,41.371,-77.332,37.548,20685.684,68937.626,19970815_064615
2,KAKQ19970815_105210,27.240,0.057,246.574,165.100,46.206,-77.310,37.591,23102.765,72547.233,19970815_065210
1,KAKQ19970815_100450,-20.093,0.723,411.264,297.751,13.711,-76.383,36.992,6855.629,55643.262,19970815_060450
1,KAKQ19970815_101045,-14.177,0.967,410.994,296.230,20.684,-76.384,36.999,10341.951,55529.149,19970815_061045
1,KAKQ19970815_101639,-8.277,0.943,413.187,297.349,26.388,-76.372,36.994,13194.024,56609.074,19970815_061639
1,KAKQ19970815_102234,-2.360,0.783,417.054,299.684,31.176,-76.350,36.983,15588.049,58527.332,19970815_062234
1,KAKQ19970815_102829,3.557,0.471,420.526,302.985,36.953,-76.331,36.969,18476.438,60281.481,19970815_062829
1,KAKQ19970815_103424,9.473,0.071,430.907,311.842,38.617,-76.273,36.928,19308.487,65720.678,19970815_063424
5,KAKQ19970815_102234,-2.360,0.929,330.286,89.368,16.423,-76.835,37.933,8211.277,106399.088,19970815_062234
5,KAKQ19970815_102829,3.557,0.939,331.048,92.116,24.585,-76.831,37.920,12292.705,105094.669,19970815_062829
5,KAKQ19970815_103424,9.473,0.707,333.412,93.070,29.125,-76.818,37.916,14562.689,104805.190,19970815_063424
5,KAKQ19970815_104615,21.323,0.058,337.500,90.116,34.348,-76.794,37.929,17173.842,106604.088,19970815_064615
6,KAKQ19970815_102234,-2.360,0.071,286.810,243.906,19.391,-77.082,37.237,9695.396,28812.193,19970815_062234
6,KAKQ19970815_102829,3.557,0.059,285.705,242.584,25.740,-77.088,37.243,12870.163,29584.670,19970815_062829
7,KAKQ19970815_102829,3.557,0.073,338.274,416.843,34.297,-76.794,36.457,17148.272,61475.978,19970815_062829
7,KAKQ19970815_103424,9.473,0.082,345.688,414.088,40.199,-76.753,36.470,20099.404,61448.078,19970815_063424
8,KAKQ19970815_104615,21.323,0.074,367.527,520.267,37.774,-76.633,35.991,18887.188,115192.614,19970815_064615
9,KAKQ19970815_105210,27.240,0.153,24.581,450.800,26.532,-78.541,36.294,13265.953,157000.185,19970815_065210
1,KAKQ19970816_095317,-32.473,0.336,420.136,296.487,12.050,-76.333,36.998,6024.879,60093.536,19970816_055317
1,KAKQ19970816_100307,-22.640,0.947,426.930,291.995,23.202,-76.294,37.018,11600.803,63591.007,19970816_060307
1,KAKQ19970816_101259,-12.773,0.951,429.073,294.543,28.939,-76.282,37.006,14469.267,64594.061,19970816_061259
1,KAKQ19970816_102250,-2.923,0.831,431.622,290.970,36.000,-76.268,37.022,17999.782,65965.700,19970816_062250
1,KAKQ19970816_103313,7.460,0.057,435.713,277.469,54.043,-76.244,37.083,27021.528,68785.256,19970816_063313
7,KAKQ19970816_101259,-12.773,0.907,245.269,175.355,9.894,-77.317,37.545,4947.138,68066.094,19970816_061259
7,KAKQ19970816_102250,-2.923,0.970,254.351,177.207,20.898,-77.266,37.537,10449.133,65501.697,19970816_062250
7,KAKQ19970816_103313,7.460,0.316,259.020,178.682,29.909,-77.239,37.530,14954.456,64026.359,19970816_063313
10,KAKQ19970816_102250,-2.923,0.056,377.979,504.818,29.021,-76.575,36.060,14510.509,109579.912,19970816_062250
10,KAKQ19970816_103313,7.460,0.101,385.307,502.110,39.998,-76.534,36.072,19999.126,109687.822,19970816_063313
11,KAKQ19970816_104301,17.260,0.488,535.835,500.492,29.690,-75.698,36.073,14845.177,154770.135,19970816_064301
11,KAKQ19970816_105250,27.077,0.085,533.982,498.807,40.599,-75.709,36.081,20299.749,153518.619,19970816_065250
11,KAKQ19970816_111227,46.694,0.081,532.794,493.283,35.970,-75.715,36.106,17985.149,151287.379,19970816_071227
2,KAKQ19970816_095317,-32.473,0.175,381.747,298.380,10.116,-76.548,36.990,5057.796,40881.374,19970816_055317
9,KAKQ19970816_102250,-2.923,0.481,376.603,263.611,18.095,-76.576,37.147,9047.592,42403.500,19970816_062250
2,KAKQ19970817_100044,-25.852,0.875,432.123,298.451,24.190,-76.265,36.989,12094.814,66066.065,19970817_060044
2,KAKQ19970817_101037,-15.968,0.900,441.727,304.101,31.961,-76.212,36.963,15980.708,70893.045,19970817_061037
2,KAKQ19970817_102029,-6.102,0.777,439.213,309.716,37.713,-76.226,36.938,18856.636,69775.834,19970817_062029
2,KAKQ19970817_103020,3.748,0.596,437.971,286.307,36.920,-76.232,37.043,18460.043,69324.643,19970817_063020
2,KAKQ19970817_104011,13.598,0.056,429.866,266.978,57.751,-76.277,37.130,28875.567,66999.114,19970817_064011
4,KAKQ19970817_101037,-15.968,0.818,245.987,173.408,8.321,-77.313,37.554,4160.702,68816.630,19970817_061037
4,KAKQ19970817_102029,-6.102,0.974,250.540,176.649,20.435,-77.287,37.539,10217.578,66448.529,19970817_062029
4,KAKQ19970817_103020,3.748,0.327,252.435,178.858,28.303,-77.277,37.529,14151.665,65072.604,19970817_063020
1,KAKQ19970817_093109,-55.435,0.108,416.063,296.341,9.951,-76.356,36.999,4975.510,58060.484,19970817_053109
1,KAKQ19970817_094100,-45.585,-1.000,416.063,296.341,25.613,-76.356,36.999,12806.260,58060.484,19970817_054100
1,KAKQ19970817_095052,-35.718,0.133,406.886,324.224,33.944,-76.408,36.873,16971.934,54798.249,19970817_055052
6,KAKQ19970817_105002,23.448,0.395,535.728,505.336,39.204,-75.699,36.051,19602.085,156309.409,19970817_065002
6,KAKQ19970817_105954,33.315,0.163,533.958,502.522,49.532,-75.709,36.064,24766.013,154718.632,19970817_065954
7,KAKQ19970817_105002,23.448,0.085,301.062,47.484,25.770,-77.001,38.121,12885.143,126259.083,19970817_065002
8,KAKQ19970817_105002,23.448,0.080,271.184,83.695,11.002,-77.171,37.958,5501.171,109108.041,19970817_065002
1,KAKQ19970818_095634,-30.846,0.744,421.836,299.743,11.073,-76.323,36.983,5536.274,60918.379,19970818_055634
1,KAKQ19970818_100229,-24.929,0.886,425.274,299.596,19.678,-76.304,36.984,9838.954,62637.104,19970818_060229
1,KAKQ19970818_100824,-19.013,0.923,422.113,304.803,23.677,-76.322,36.960,11838.330,61103.876,19970818_060824
1,KAKQ19970818_101419,-13.096,0.820,437.271,297.811,29.657,-76.236,36.991,14828.478,68644.380,19970818_061419
1,KAKQ19970818_102014,-7.179,0.664,438.534,291.596,30.011,-76.229,37.019,15005.414,69394.345,19970818_062014
1,KAKQ19970818_102609,-1.263,0.826,435.636,292.401,27.377,-76.245,37.016,13688.741,67924.499,19970818_062609
1,KAKQ19970818_103203,4.637,0.198,439.483,292.196,34.063,-76.224,37.016,17031.296,69850.704,19970818_063203
4,KAKQ19970818_101419,-13.096,0.768,247.156,179.244,14.443,-77.306,37.528,7221.315,65905.910,19970818_061419
4,KAKQ19970818_102014,-7.179,0.101,246.301,180.526,25.378,-77.311,37.522,12689.104,65493.347,19970818_062014
4,KAKQ19970818_102609,-1.263,0.831,261.112,172.281,25.634,-77.228,37.559,12816.960,66754.086,19970818_062609
4,KAKQ19970818_103203,4.637,0.274,269.468,170.839,29.199,-77.180,37.566,14599.749,66360.136,19970818_063203
6,KAKQ19970818_104352,16.454,0.284,535.416,512.665,22.584,-75.702,36.018,11292.052,158624.449,19970818_064352
6,KAKQ19970818_104947,22.371,0.230,533.795,512.757,31.397,-75.711,36.018,15698.471,158055.067,19970818_064947
1,KAKQ19970819_093841,-49.556,0.854,409.709,299.596,10.975,-76.391,36.984,5487.400,54854.864,19970819_053841
1,KAKQ19970819_094437,-43.623,0.911,406.963,301.694,15.039,-76.407,36.975,7519.571,53488.014,19970819_054437
1,KAKQ19970819_095032,-37.706,0.927,405.241,302.714,14.610,-76.417,36.970,7304.798,52637.978,19970819_055032
1,KAKQ19970819_095627,-31.789,0.950,405.840,304.035,15.091,-76.413,36.964,7545.437,52958.398,19970819_055627
1,KAKQ19970819_100222,-25.873,0.937,406.210,304.376,14.617,-76.411,36.963,7308.282,53150.123,19970819_060222
1,KAKQ19970819_100816,-19.973,0.957,407.913,302.703,18.045,-76.402,36.970,9022.522,53973.448,19970819_060816
1,KAKQ19970819_101411,-14.056,0.949,408.169,302.108,19.622,-76.400,36.973,9811.203,54094.669,19970819_061411
1,KAKQ19970819_102007,-8.123,0.895,408.844,299.354,20.915,-76.396,36.985,10457.409,54422.951,19970819_062007
1,KAKQ19970819_102602,-2.206,0.164,406.486,301.384,26.948,-76.410,36.976,13474.205,53247.481,19970819_062602
10,KAKQ19970819_100816,-19.973,0.128,341.508,519.330,20.076,-76.777,35.995,10038.004,111611.767,19970819_060816
10,KAKQ19970819_101411,-14.056,0.070,338.428,521.506,30.104,-76.794,35.986,15051.798,112407.506,19970819_061411
10,KAKQ19970819_102007,-8.123,0.926,339.861,528.000,30.442,-76.787,35.956,15221.196,115729.244,19970819_062007
10,KAKQ19970819_102602,-2.206,0.850,344.218,529.162,30.836,-76.762,35.951,15417.931,116694.587,19970819_062602
10,KAKQ19970819_103157,3.711,0.823,345.442,533.494,38.436,-76.756,35.932,19217.807,118937.163,19970819_063157
10,KAKQ19970819_103752,9.627,0.706,347.035,541.127,45.055,-76.747,35.897,22527.602,122835.708,19970819_063752
10,KAKQ19970819_104346,15.527,0.553,348.983,544.449,52.871,-76.736,35.882,26435.537,124653.975,19970819_064346
8,KAKQ19970819_100816,-19.973,0.723,236.470,176.455,6.752,-77.367,37.540,3376.114,69461.116,19970819_060816
8,KAKQ19970819_101411,-14.056,0.940,235.472,178.056,14.208,-77.373,37.533,7104.092,68982.166,19970819_061411
8,KAKQ19970819_102007,-8.123,0.927,234.084,178.969,17.404,-77.380,37.529,8702.133,68908.215,19970819_062007
8,KAKQ19970819_102602,-2.206,0.542,232.358,177.512,18.415,-77.390,37.535,9207.600,69962.159,19970819_062602
8,KAKQ19970819_103157,3.711,0.078,231.906,174.609,22.643,-77.393,37.548,11321.729,71343.880,19970819_063157
16,KAKQ19970819_101411,-14.056,0.370,326.554,178.838,8.406,-76.857,37.530,4202.793,62018.854,19970819_061411
16,KAKQ19970819_102007,-8.123,0.419,326.578,180.081,15.164,-76.857,37.524,7581.838,61414.469,19970819_062007
16,KAKQ19970819_102602,-2.206,0.137,327.866,180.174,19.743,-76.850,37.524,9871.671,61511.564,19970819_062602
16,KAKQ19970819_103157,3.711,0.265,328.315,179.284,20.816,-76.847,37.528,10407.840,61996.069,19970819_063157
16,KAKQ19970819_103752,9.627,0.073,325.755,180.552,24.312,-76.862,37.522,12156.182,61096.698,19970819_063752
22,KAKQ19970819_102602,-2.206,0.080,522.396,554.697,29.218,-75.777,35.830,14609.097,169063.816,19970819_062602
22,KAKQ19970819_103157,3.711,0.325,523.685,555.620,35.373,-75.770,35.826,17686.739,169835.918,19970819_063157
22,KAKQ19970819_103752,9.627,0.774,526.129,559.007,39.811,-75.757,35.810,19905.381,171915.063,19970819_063752
22,KAKQ19970819_104346,15.527,0.634,528.581,558.360,41.267,-75.743,35.813,20633.342,172481.314,19970819_064346
22,KAKQ19970819_104941,21.444,0.297,526.576,557.546,43.110,-75.754,35.817,21554.915,171512.590,19970819_064941
7,KAKQ19970819_100816,-19.973,0.760,323.646,96.607,11.997,-76.873,37.900,5998.730,102381.412,19970819_060816
7,KAKQ19970819_101411,-14.056,0.893,329.295,95.490,13.638,-76.841,37.905,6818.761,103298.647,19970819_061411
7,KAKQ19970819_102007,-8.123,0.800,327.736,100.833,20.093,-76.850,37.881,10046.638,100544.422,19970819_062007
7,KAKQ19970819_102602,-2.206,0.243,329.856,100.782,21.385,-76.838,37.881,10692.536,100721.225,19970819_062602
15,KAKQ19970819_101411,-14.056,0.460,249.169,69.846,5.117,-77.297,38.020,2558.676,117850.355,19970819_061411
15,KAKQ19970819_102007,-8.123,-1.000,249.169,69.846,14.551,-77.297,38.020,7275.676,117850.355,19970819_062007
15,KAKQ19970819_102602,-2.206,0.065,252.589,52.812,20.512,-77.278,38.097,10256.025,125846.961,19970819_062602
15,KAKQ19970819_103157,3.711,0.834,251.182,47.927,27.492,-77.286,38.119,13746.072,128378.525,19970819_063157
15,KAKQ19970819_103752,9.627,0.657,251.935,49.801,30.834,-77.282,38.111,15417.180,127387.053,19970819_063752
15,KAKQ19970819_104346,15.527,0.584,258.663,43.919,24.035,-77.243,38.137,12017.326,129697.937,19970819_064346
20,KAKQ19970819_102602,-2.206,0.560,279.978,119.053,12.309,-77.121,37.799,6154.675,91025.491,19970819_062602
20,KAKQ19970819_103157,3.711,0.676,279.224,119.529,18.824,-77.125,37.797,9411.878,90831.434,19970819_063157
20,KAKQ19970819_103752,9.627,0.192,280.018,120.098,19.300,-77.121,37.794,9649.872,90504.047,19970819_063752
23,KAKQ19970819_103157,3.711,0.054,249.771,155.674,25.866,-77.292,37.634,12933.075,76408.600,19970819_063157
23,KAKQ19970819_103752,9.627,0.311,248.536,151.412,36.648,-77.299,37.653,18323.956,78623.769,19970819_063752
23,KAKQ19970819_104346,15.527,0.065,244.918,145.519,43.354,-77.320,37.679,21677.226,82003.697,19970819_064346
19,KAKQ19970819_102007,-8.123,0.538,284.721,237.078,11.142,-77.094,37.267,5571.114,32375.447,19970819_062007
19,KAKQ19970819_102602,-2.206,0.192,285.035,237.903,19.690,-77.092,37.264,9844.815,31937.272,19970819_062602
21,KAKQ19970819_102602,-2.206,0.146,483.533,384.736,10.325,-75.982,36.598,5162.287,101074.950,19970819_062602
21,KAKQ19970819_103157,3.711,0.108,483.551,385.430,17.873,-75.982,36.595,8936.383,101228.945,19970819_063157
4,KAKQ19970819_095032,-37.706,0.313,356.609,506.613,13.351,-76.693,36.053,6675.412,107114.004,19970819_055032
25,KAKQ19970819_103752,9.627,0.382,208.875,455.492,12.195,-77.515,36.282,6097.641,90113.257,19970819_063752
1,KAKQ19970820_094648,-42.265,0.290,411.159,292.979,10.005,-76.383,37.014,5002.319,55690.309,19970820_054648
1,KAKQ19970820_095243,-36.349,0.943,410.560,289.381,15.900,-76.386,37.030,7949.784,55534.359,19970820_055243
1,KAKQ19970820_095837,-30.449,0.973,409.115,284.667,20.033,-76.394,37.051,10016.300,55093.434,19970820_055837
1,KAKQ19970820_100432,-24.532,0.877,412.838,281.690,23.189,-76.373,37.065,11594.576,57157.208,19970820_060432
1,KAKQ19970820_101027,-18.615,0.962,411.634,283.640,21.618,-76.380,37.056,10808.979,56413.029,19970820_061027
1,KAKQ19970820_101622,-12.699,0.979,411.366,278.913,23.210,-76.381,37.077,11605.161,56672.516,19970820_061622
1,KAKQ19970820_102217,-6.782,0.933,414.958,275.425,28.397,-76.361,37.093,14198.289,58777.489,19970820_062217
1,KAKQ19970820_102813,-0.849,0.892,414.728,271.641,44.012,-76.362,37.110,22005.846,59090.365,19970820_062813
1,KAKQ19970820_103408,5.068,0.795,417.155,268.444,52.292,-76.348,37.124,26146.249,60665.114,19970820_063408
1,KAKQ19970820_104003,10.985,0.679,421.498,267.249,52.840,-76.324,37.129,26420.076,62917.583,19970820_064003
1,KAKQ19970820_104557,16.885,0.337,424.636,261.446,57.005,-76.306,37.156,28502.551,65231.217,19970820_064557
1,KAKQ19970820_105151,22.785,0.111,430.185,265.145,59.652,-76.275,37.139,29826.126,67384.963,19970820_065151
1,KAKQ19970820_105746,28.701,-1.000,435.135,266.484,62.599,-76.247,37.132,31299.535,69614.469,19970820_065746
1,KAKQ19970820_110341,34.618,0.240,389.215,243.174,19.506,-76.505,37.239,9752.773,52887.892,19970820_070341
1,KAKQ19970820_110937,40.551,0.326,391.998,243.376,26.100,-76.489,37.238,13050.047,54013.849,19970820_070937
2,KAKQ19970820_095837,-30.449,0.322,350.693,503.249,10.550,-76.726,36.068,5274.962,104737.554,19970820_055837
2,KAKQ19970820_100432,-24.532,0.803,350.080,501.051,17.404,-76.730,36.078,8701.998,103597.020,19970820_060432
2,KAKQ19970820_101027,-18.615,0.894,350.162,497.359,20.334,-76.729,36.094,10166.881,101817.048,19970820_061027
2,KAKQ19970820_101622,-12.699,0.944,353.770,498.745,24.487,-76.709,36.088,12243.410,102945.026,19970820_061622
2,KAKQ19970820_102217,-6.782,0.969,355.540,495.884,29.198,-76.699,36.101,14599.193,101802.694,19970820_062217
2,KAKQ19970820_102813,-0.849,0.920,359.237,499.682,30.783,-76.679,36.084,15391.468,104141.755,19970820_062813
2,KAKQ19970820_103408,5.068,0.870,359.983,499.209,40.398,-76.675,36.086,20198.754,104021.718,19970820_063408
2,KAKQ19970820_104003,10.985,0.800,362.922,498.989,45.865,-76.658,36.087,22932.495,104350.340,19970820_064003
2,KAKQ19970820_104557,16.885,0.204,364.770,502.335,52.577,-76.648,36.072,26288.283,106224.532,19970820_064557
10,KAKQ19970820_101622,-12.699,0.320,519.663,522.175,32.063,-75.790,35.977,16031.651,156215.960,19970820_061622
10,KAKQ19970820_102217,-6.782,0.505,515.666,520.051,43.279,-75.812,35.986,21639.573,154056.917,19970820_062217
10,KAKQ19970820_102813,-0.849,0.749,522.554,520.777,45.467,-75.774,35.983,22733.534,156742.373,19970820_062813
10,KAKQ19970820_103408,5.068,0.683,522.008,521.470,52.235,-75.777,35.980,26117.667,156793.331,19970820_063408
10,KAKQ19970820_104003,10.985,0.250,519.715,520.651,56.635,-75.789,35.983,28317.537,155693.078,19970820_064003
10,KAKQ19970820_104557,16.885,0.062,521.271,509.508,55.380,-75.780,36.034,27689.959,152360.016,19970820_064557
3,KAKQ19970820_095837,-30.449,0.081,127.521,347.051,22.204,-77.973,36.768,11101.942,89390.903,19970820_055837
3,KAKQ19970820_100432,-24.532,0.200,123.634,348.370,33.300,-77.995,36.762,16649.922,91439.507,19970820_060432
3,KAKQ19970820_101027,-18.615,0.150,118.665,349.459,44.960,-78.023,36.757,22480.007,93979.520,19970820_061027
3,KAKQ19970820_101622,-12.699,0.096,130.533,349.245,45.608,-77.956,36.758,22803.996,88238.753,19970820_061622
3,KAKQ19970820_102217,-6.782,-1.000,137.486,349.422,49.486,-77.918,36.758,24743.042,84931.272,19970820_062217
3,KAKQ19970820_102813,-0.849,0.127,172.574,352.059,27.992,-77.721,36.747,13996.021,68825.063,19970820_062813
7,KAKQ19970820_101027,-18.615,0.422,397.662,158.073,13.884,-76.454,37.622,6941.906,86141.320,19970820_061027
7,KAKQ19970820_101622,-12.699,0.353,399.356,156.983,19.992,-76.445,37.627,9995.880,87071.145,19970820_061622
5,KAKQ19970820_100432,-24.532,0.063,138.992,287.048,29.689,-77.912,37.039,14844.380,80764.069,19970820_060432
11,KAKQ19970820_102217,-6.782,0.059,325.287,421.481,33.872,-76.866,36.436,16936.012,62042.639,19970820_062217
13,KAKQ19970820_103408,5.068,0.059,47.052,433.156,31.622,-78.417,36.376,15811.024,142927.513,19970820_063408
14,KAKQ19970820_104557,16.885,0.206,326.607,395.460,35.738,-76.859,36.554,17869.120,49549.414,19970820_064557
16,KAKQ19970820_111532,46.468,0.052,227.947,278.227,24.493,-77.413,37.081,12246.264,37635.415,19970820_071532
16,KAKQ19970820_112126,52.368,0.245,241.439,276.492,20.596,-77.337,37.089,10298.004,31551.477,19970820_072126
1,KAKQ19970821_100142,-28.190,0.265,412.176,297.033,9.948,-76.377,36.996,4973.827,56107.502,19970821_060142
1,KAKQ19970821_100740,-22.223,0.529,415.568,293.746,17.802,-76.358,37.010,8901.030,57868.706,19970821_060740
1,KAKQ19970821_101335,-16.307,0.733,426.833,288.855,19.745,-76.295,37.032,9872.576,63661.061,19970821_061335
1,KAKQ19970821_101930,-10.390,0.893,431.488,295.149,22.718,-76.269,37.003,11359.186,65788.533,19970821_061930
1,KAKQ19970821_102524,-4.490,0.868,434.007,298.888,26.778,-76.255,36.987,13389.131,67005.693,19970821_062524
1,KAKQ19970821_103119,1.427,0.849,437.789,298.643,30.721,-76.234,36.987,15360.713,68897.675,19970821_063119
1,KAKQ19970821_103715,7.360,0.398,443.445,296.526,41.268,-76.202,36.997,20634.190,71743.577,19970821_063715
1,KAKQ19970821_104309,13.260,0.488,452.433,292.640,49.916,-76.151,37.014,24958.231,76305.161,19970821_064309
5,KAKQ19970821_101930,-10.390,0.167,372.300,516.416,16.142,-76.607,36.008,8070.933,114086.826,19970821_061930
5,KAKQ19970821_102524,-4.490,0.928,374.960,516.188,22.305,-76.592,36.009,11152.262,114407.408,19970821_062524
5,KAKQ19970821_103119,1.427,0.913,376.979,515.042,28.638,-76.581,36.014,14319.106,114202.598,19970821_063119
5,KAKQ19970821_103715,7.360,0.788,379.011,515.895,35.660,-76.569,36.010,17830.154,114949.524,19970821_063715
5,KAKQ19970821_104309,13.260,0.578,385.056,517.923,42.232,-76.536,36.001,21115.987,116966.626,19970821_064309
5,KAKQ19970821_104904,19.177,0.063,389.042,518.910,40.776,-76.514,35.996,20387.996,118162.798,19970821_064904
3,KAKQ19970821_101335,-16.307,0.876,240.580,179.610,5.819,-77.344,37.526,2909.393,67127.716,19970821_061335
3,KAKQ19970821_101930,-10.390,0.956,241.964,182.009,11.389,-77.336,37.515,5694.452,65746.026,19970821_061930
3,KAKQ19970821_102524,-4.490,0.950,243.825,182.648,15.383,-77.325,37.512,7691.734,65052.180,19970821_062524
3,KAKQ19970821_103119,1.427,0.912,246.177,183.387,23.347,-77.312,37.509,11673.649,64217.567,19970821_063119
3,KAKQ19970821_103715,7.360,0.516,249.777,185.124,27.283,-77.291,37.501,13641.580,62687.221,19970821_063715
6,KAKQ19970821_101930,-10.390,0.125,338.792,98.598,3.087,-76.787,37.891,1543.430,102551.983,19970821_061930
6,KAKQ19970821_102524,-4.490,0.849,337.362,102.547,13.726,-76.795,37.873,6862.836,100478.158,19970821_062524
6,KAKQ19970821_103119,1.427,0.935,338.505,104.930,20.596,-76.789,37.862,10297.872,99417.033,19970821_063119
6,KAKQ19970821_103715,7.360,0.547,341.262,104.448,25.203,-76.773,37.865,12601.650,99928.752,19970821_063715
6,KAKQ19970821_104309,13.260,0.065,340.387,107.065,30.370,-76.778,37.853,15185.167,98558.517,19970821_064309
8,KAKQ19970821_102524,-4.490,0.916,315.716,20.895,24.702,-76.918,38.241,12350.918,139773.358,19970821_062524
8,KAKQ19970821_103119,1.427,0.842,317.465,24.362,30.974,-76.908,38.226,15487.022,138095.472,19970821_063119
8,KAKQ19970821_103715,7.360,0.646,317.733,26.551,31.967,-76.906,38.216,15983.468,137011.810,19970821_063715
7,KAKQ19970821_101930,-10.390,0.123,386.943,531.877,17.203,-76.526,35.938,8601.500,123820.436,19970821_061930
9,KAKQ19970821_102524,-4.490,0.077,330.548,180.739,9.002,-76.835,37.521,4501.137,61555.564,19970821_062524
13,KAKQ19970821_104309,13.260,0.139,225.398,239.617,2.699,-77.428,37.255,1349.457,47988.637,19970821_064309
15,KAKQ19970821_105500,25.110,0.085,276.506,233.105,9.655,-77.140,37.285,4827.736,35450.285,19970821_065500
15,KAKQ19970821_110055,31.027,-1.000,276.506,233.105,19.063,-77.140,37.285,9531.486,35450.285,19970821_070055
15,KAKQ19970821_110721,37.460,0.108,273.318,237.301,14.193,-77.158,37.266,7096.470,34070.158,19970821_070721
16,KAKQ19970821_110721,37.460,0.116,25.832,216.862,35.843,-78.555,37.348,17921.339,143248.122,19970821_070721
1,KAKQ19970822_095759,-32.731,0.855,413.161,300.769,11.387,-76.372,36.979,5693.649,56581.782,19970822_055759
1,KAKQ19970822_100354,-26.814,0.920,413.472,302.277,15.683,-76.370,36.972,7841.445,56747.536,19970822_060354
1,KAKQ19970822_100949,-20.897,0.928,412.575,303.606,19.194,-76.375,36.966,9597.190,56316.455,19970822_060949
1,KAKQ19970822_101544,-14.981,0.918,413.554,303.945,21.894,-76.370,36.964,10946.760,56811.291,19970822_061544
1,KAKQ19970822_102213,-8.497,0.582,416.265,304.998,27.677,-76.355,36.960,13838.265,58186.231,19970822_062213
1,KAKQ19970822_102808,-2.581,0.256,416.893,306.441,28.711,-76.351,36.953,14355.287,58535.211,19970822_062808
4,KAKQ19970822_100949,-20.897,0.056,239.888,181.591,6.846,-77.347,37.517,3423.033,66396.717,19970822_060949
4,KAKQ19970822_101544,-14.981,0.809,239.590,183.004,14.912,-77.349,37.510,7456.138,65835.728,19970822_061544
4,KAKQ19970822_102213,-8.497,0.742,238.660,182.444,20.713,-77.354,37.513,10356.267,66298.698,19970822_062213
4,KAKQ19970822_102808,-2.581,0.057,238.361,183.565,22.689,-77.356,37.508,11344.337,65871.959,19970822_062808
6,KAKQ19970822_101544,-14.981,0.189,288.209,233.399,8.325,-77.074,37.284,4162.689,33818.516,19970822_061544
6,KAKQ19970822_102213,-8.497,0.119,288.346,234.327,15.741,-77.073,37.280,7870.707,33349.707,19970822_062213
6,KAKQ19970822_102808,-2.581,0.075,287.606,235.205,17.428,-77.077,37.276,8713.942,32984.736,19970822_062808
9,KAKQ19970822_102213,-8.497,0.106,314.994,19.119,22.110,-76.922,38.249,11055.237,140640.633,19970822_062213
9,KAKQ19970822_102808,-2.581,0.121,316.185,18.408,29.607,-76.915,38.252,14803.281,141028.223,19970822_062808
15,KAKQ19970822_103403,3.336,0.249,272.259,173.131,22.431,-77.164,37.555,11215.603,64933.469,19970822_063403
15,KAKQ19970822_103959,9.269,0.112,269.717,170.919,29.423,-77.179,37.565,14711.639,66292.650,19970822_063959
18,KAKQ19970822_104554,15.186,0.674,256.608,77.030,20.565,-77.254,37.988,10282.681,113576.480,19970822_064554
18,KAKQ19970822_105149,21.103,0.329,257.637,78.435,27.747,-77.249,37.982,13873.659,112789.193,19970822_065149
3,KAKQ19970822_100354,-26.814,0.078,321.777,523.022,38.328,-76.887,35.979,19164.145,112041.529,19970822_060354
5,KAKQ19970822_101544,-14.981,0.233,239.244,134.766,2.737,-77.352,37.728,1368.456,88025.086,19970822_061544
8,KAKQ19970822_101544,-14.981,0.080,279.538,122.161,2.196,-77.124,37.785,1097.790,89506.088,19970822_061544
10,KAKQ19970822_102808,-2.581,0.161,327.447,184.197,18.057,-76.852,37.506,9028.347,59505.431,19970822_062808
11,KAKQ19970822_102808,-2.581,0.099,362.952,522.286,29.594,-76.658,35.982,14797.131,115513.957,19970822_062808
13,KAKQ19970822_102808,-2.581,0.053,331.518,114.698,25.185,-76.829,37.819,12592.564,93981.784,19970822_062808
14,KAKQ19970822_103403,3.336,0.541,43.077,186.471,8.096,-78.460,37.487,4048.129,140444.123,19970822_063403
17,KAKQ19970822_103959,9.269,0.553,354.796,285.187,15.613,-76.699,37.050,7806.362,28381.594,19970822_063959
20,KAKQ19970822_105149,21.103,0.583,366.682,374.179,24.186,-76.635,36.649,12093.111,49872.107,19970822_065149
21,KAKQ19970822_105149,21.103,0.159,279.701,54.023,25.038,-77.123,38.092,12519.043,123406.728,19970822_065149
6,KAKQ19970823_105247,21.246,0.098,269.214,84.539,12.557,-77.183,37.954,6278.526,108824.476,19970823_065247
6,KAKQ19970823_110235,31.046,0.205,267.301,87.829,23.776,-77.193,37.940,11887.981,107337.945,19970823_070235
6,KAKQ19970823_111223,40.846,0.472,280.562,78.422,42.694,-77.118,37.982,21346.867,111214.255,19970823_071223
6,KAKQ19970823_112212,50.663,0.428,281.603,93.594,42.659,-77.112,37.914,21329.314,103612.079,19970823_072212
6,KAKQ19970823_113201,60.479,0.480,280.991,95.861,47.320,-77.116,37.904,23660.179,102511.241,19970823_073201
6,KAKQ19970823_114149,70.279,0.342,280.571,104.341,53.810,-77.118,37.865,26905.245,98310.491,19970823_074149
1,KAKQ19970823_094405,-47.454,0.084,406.409,302.566,15.103,-76.410,36.971,7551.502,53220.029,19970823_054405
1,KAKQ19970823_095354,-37.637,0.707,407.753,303.105,19.778,-76.402,36.968,9889.152,53898.731,19970823_055354
1,KAKQ19970823_100343,-27.821,0.088,414.390,304.104,22.612,-76.365,36.964,11306.033,57231.811,19970823_060343
1,KAKQ19970823_101332,-18.004,0.663,417.019,307.342,25.592,-76.351,36.949,12796.250,58624.522,19970823_061332
1,KAKQ19970823_102320,-8.204,0.058,423.516,302.761,29.524,-76.314,36.969,14761.931,61773.637,19970823_062320
2,KAKQ19970823_102320,-8.204,0.924,356.650,526.031,30.593,-76.694,35.965,15296.741,116511.025,19970823_062320
2,KAKQ19970823_103309,1.613,0.827,364.608,529.542,42.088,-76.649,35.949,21044.110,119230.541,19970823_063309
2,KAKQ19970823_104258,11.429,0.797,376.771,532.138,50.623,-76.582,35.937,25311.281,122251.688,19970823_064258
2,KAKQ19970823_105247,21.246,0.340,384.815,531.446,59.870,-76.538,35.940,29935.219,123248.432,19970823_065247
3,KAKQ19970823_102320,-8.204,0.883,247.705,182.358,15.035,-77.303,37.514,7517.443,64370.589,19970823_062320
3,KAKQ19970823_103309,1.613,0.593,251.138,180.917,25.881,-77.284,37.520,12940.375,64358.896,19970823_063309
3,KAKQ19970823_104258,11.429,0.270,258.605,177.971,29.098,-77.242,37.533,14548.940,64429.599,19970823_064258
5,KAKQ19970823_103309,1.613,0.342,490.288,391.698,13.926,-75.945,36.566,6962.893,105614.872,19970823_063309
5,KAKQ19970823_104258,11.429,0.284,494.451,396.347,26.671,-75.922,36.545,13335.254,108505.773,19970823_064258
5,KAKQ19970823_105247,21.246,0.099,492.739,400.729,30.390,-75.931,36.525,15195.120,108736.892,19970823_065247
4,KAKQ19970823_102320,-8.204,0.218,342.492,102.109,15.427,-76.766,37.875,7713.631,101200.760,19970823_062320
3,KAKQ19970824_101247,-19.576,0.383,354.061,518.623,17.324,-76.708,35.998,8661.946,112604.018,19970824_061247
3,KAKQ19970824_102238,-9.726,0.969,355.636,520.692,24.817,-76.699,35.989,12408.554,113798.387,19970824_062238
3,KAKQ19970824_103230,0.141,0.875,352.254,522.566,33.830,-76.718,35.981,16914.885,114308.952,19970824_063230
3,KAKQ19970824_104221,9.991,0.829,354.374,529.651,43.274,-76.706,35.949,21637.118,118000.239,19970824_064221
3,KAKQ19970824_105212,19.841,0.406,352.425,530.948,50.751,-76.717,35.943,25375.540,118411.734,19970824_065212
3,KAKQ19970824_110202,29.674,0.377,357.879,523.800,47.414,-76.687,35.975,23707.088,115581.586,19970824_070202
3,KAKQ19970824_111154,39.541,0.156,363.580,516.482,45.107,-76.655,36.008,22553.489,112812.692,19970824_071154
1,KAKQ19970824_094311,-49.176,0.921,409.805,302.314,14.078,-76.391,36.972,7038.776,54914.743,19970824_054311
1,KAKQ19970824_095303,-39.309,0.194,410.642,304.553,22.982,-76.386,36.962,11491.022,55367.770,19970824_055303
1,KAKQ19970824_100255,-29.443,0.116,413.568,302.323,22.910,-76.370,36.972,11455.100,56796.002,19970824_060255
1,KAKQ19970824_101247,-19.576,0.151,415.039,304.506,26.140,-76.362,36.962,13070.035,57563.399,19970824_061247
5,KAKQ19970824_102238,-9.726,0.184,323.645,105.873,21.878,-76.873,37.858,10939.068,97780.699,19970824_062238
5,KAKQ19970824_103230,0.141,0.090,329.553,104.128,28.146,-76.840,37.866,14073.101,99044.430,19970824_063230
4,KAKQ19970824_102238,-9.726,0.219,305.260,23.466,26.850,-76.977,38.230,13425.110,138292.162,19970824_062238
6,KAKQ19970824_103230,0.141,0.074,230.268,91.907,30.678,-77.404,37.921,15338.846,109732.997,19970824_063230
7,KAKQ19970824_104221,9.991,0.052,250.816,166.345,29.931,-77.286,37.586,14965.511,71208.773,19970824_064221
8,KAKQ19970824_105212,19.841,0.115,286.109,117.007,13.124,-77.086,37.808,6561.909,91759.957,19970824_065212
9,KAKQ19970824_105212,19.841,0.054,261.079,85.260,25.522,-77.229,37.951,12761.030,109119.195,19970824_065212
3,KAKQ19970825_100325,-29.764,0.715,357.822,513.002,11.056,-76.687,36.024,5528.020,110355.182,19970825_060325
3,KAKQ19970825_101314,-19.947,0.736,355.448,516.925,18.068,-76.700,36.006,9034.135,111949.658,19970825_061314
3,KAKQ19970825_102304,-10.114,0.728,353.773,520.138,21.916,-76.709,35.992,10958.170,113305.036,19970825_062304
3,KAKQ19970825_103253,-0.297,0.686,355.568,524.497,30.768,-76.699,35.972,15384.015,115635.909,19970825_063253
3,KAKQ19970825_104244,9.553,0.122,355.352,530.473,41.857,-76.701,35.945,20928.520,118513.163,19970825_064244
3,KAKQ19970825_105235,19.403,0.110,369.530,543.420,43.173,-76.622,35.886,21586.386,126577.559,19970825_065235
6,KAKQ19970825_102304,-10.114,0.126,520.335,537.402,15.074,-75.787,35.908,7536.835,161946.910,19970825_062304
6,KAKQ19970825_103253,-0.297,0.424,523.548,541.089,28.227,-75.770,35.891,14113.323,164390.939,19970825_063253
6,KAKQ19970825_104244,9.553,0.533,527.427,537.252,34.521,-75.748,35.908,17260.718,164325.430,19970825_064244
6,KAKQ19970825_105235,19.403,0.385,529.129,535.529,40.181,-75.738,35.916,20090.528,164297.180,19970825_065235
6,KAKQ19970825_110226,29.253,0.100,526.589,525.350,43.250,-75.752,35.962,21624.935,159785.203,19970825_070226
6,KAKQ19970825_111219,39.136,0.277,531.628,510.760,41.174,-75.723,36.027,20587.074,156581.844,19970825_071219
1,KAKQ19970825_095334,-39.614,0.910,414.170,299.385,11.810,-76.366,36.985,5905.220,57085.911,19970825_055334
1,KAKQ19970825_100325,-29.764,0.982,413.918,297.769,15.245,-76.368,36.992,7622.527,56969.871,19970825_060325
1,KAKQ19970825_101314,-19.947,0.978,412.673,295.949,23.583,-76.375,37.000,11791.448,56373.151,19970825_061314
1,KAKQ19970825_102304,-10.114,0.976,416.467,295.394,29.583,-76.353,37.003,14791.379,58279.124,19970825_062304
1,KAKQ19970825_103253,-0.297,0.889,422.363,300.074,37.730,-76.320,36.982,18864.969,61181.449,19970825_063253
7,KAKQ19970825_103253,-0.297,0.270,365.474,579.825,16.492,-76.646,35.722,8246.120,143691.626,19970825_063253
7,KAKQ19970825_104244,9.553,0.658,366.940,578.015,23.436,-76.638,35.731,11717.767,142979.918,19970825_064244
7,KAKQ19970825_105235,19.403,0.229,365.888,578.136,25.272,-76.643,35.730,12636.150,142916.729,19970825_065235
3,KAKQ19970826_100110,-32.835,0.161,357.797,515.739,9.385,-76.687,36.011,4692.470,111673.302,19970826_060110
3,KAKQ19970826_101101,-22.985,0.706,357.635,515.655,14.203,-76.688,36.012,7101.346,111611.890,19970826_061101
3,KAKQ19970826_102053,-13.118,0.615,357.304,514.408,15.869,-76.690,36.017,7934.335,110966.821,19970826_062053
3,KAKQ19970826_103044,-3.268,0.470,357.555,521.311,27.181,-76.688,35.986,13590.674,114336.130,19970826_063044
3,KAKQ19970826_104035,6.582,0.683,361.715,537.992,32.435,-76.666,35.911,16217.402,122931.766,19970826_064035
3,KAKQ19970826_105026,16.432,0.651,355.624,546.220,52.318,-76.700,35.874,26158.890,126212.555,19970826_065026
3,KAKQ19970826_110016,26.265,0.442,358.413,545.849,59.589,-76.684,35.876,29794.422,126346.788,19970826_070016
3,KAKQ19970826_111040,36.665,0.269,378.660,543.675,59.972,-76.572,35.885,29986.077,128027.956,19970826_071040
1,KAKQ19970826_095118,-42.701,0.090,410.661,298.880,8.603,-76.386,36.987,4301.323,55333.128,19970826_055118
1,KAKQ19970826_100110,-32.835,0.766,411.276,298.796,15.821,-76.383,36.988,7910.505,55641.285,19970826_060110
1,KAKQ19970826_101101,-22.985,0.929,409.625,301.656,20.741,-76.392,36.975,10370.431,54818.633,19970826_061101
1,KAKQ19970826_102053,-13.118,0.942,411.275,304.510,24.022,-76.383,36.962,12010.914,55683.362,19970826_062053
1,KAKQ19970826_103044,-3.268,0.677,413.847,299.396,25.310,-76.368,36.985,12655.103,56924.291,19970826_063044
1,KAKQ19970826_104035,6.582,0.388,415.607,300.805,28.303,-76.358,36.978,14151.674,57804.665,19970826_064035
6,KAKQ19970826_102053,-13.118,0.554,364.048,574.287,12.939,-76.653,35.747,6469.591,140833.003,19970826_062053
6,KAKQ19970826_103044,-3.268,0.430,364.209,574.538,20.380,-76.653,35.746,10190.146,140973.218,19970826_063044
6,KAKQ19970826_104035,6.582,0.299,363.628,575.744,20.002,-76.656,35.741,10001.082,141494.852,19970826_064035
12,KAKQ19970826_113018,56.299,0.102,292.572,46.941,24.341,-77.050,38.124,12170.326,126584.218,19970826_073018
12,KAKQ19970826_114008,66.132,0.119,290.760,46.073,36.378,-77.060,38.128,18189.098,127047.329,19970826_074008
8,KAKQ19970826_103044,-3.268,0.407,122.954,219.582,13.112,-78.007,37.342,6556.057,97226.772,19970826_063044
11,KAKQ19970826_104035,6.582,0.235,487.768,389.390,16.041,-75.959,36.576,8020.746,103980.013,19970826_064035
13,KAKQ19970826_114959,75.982,0.231,316.935,406.931,13.298,-76.913,36.502,6648.851,54132.024,19970826_074959
1,KAKQ19970827_095241,-42.137,0.940,411.358,297.285,11.436,-76.382,36.994,5717.922,55695.440,19970827_055241
1,KAKQ19970827_100233,-32.271,0.974,411.780,297.498,16.765,-76.380,36.994,8382.541,55904.065,19970827_060233
1,KAKQ19970827_101225,-22.404,0.969,411.095,295.315,20.970,-76.383,37.003,10484.991,55596.710,19970827_061225
1,KAKQ19970827_102312,-11.621,0.958,415.018,296.305,26.931,-76.361,36.999,13465.393,57538.654,19970827_062312
3,KAKQ19970827_100233,-32.271,0.220,358.129,512.432,8.309,-76.685,36.026,4154.706,110120.989,19970827_060233
3,KAKQ19970827_101225,-22.404,0.509,360.202,514.201,16.734,-76.674,36.018,8367.058,111249.902,19970827_061225
3,KAKQ19970827_102312,-11.621,0.261,361.500,515.986,18.213,-76.666,36.010,9106.407,112285.606,19970827_062312
7,KAKQ19970827_101225,-22.404,0.052,528.287,542.015,14.191,-75.743,35.887,7095.624,166347.762,19970827_061225
7,KAKQ19970827_102312,-11.621,0.105,527.512,543.388,23.785,-75.748,35.881,11892.474,166582.838,19970827_062312
9,KAKQ19970827_103300,-1.821,0.206,364.569,575.112,19.433,-76.651,35.744,9716.376,141293.863,19970827_063300
9,KAKQ19970827_104249,7.996,-1.000,364.569,575.112,35.041,-76.651,35.744,17520.626,141293.863,19970827_064249
9,KAKQ19970827_105240,17.846,0.115,367.460,579.025,22.133,-76.635,35.726,11066.467,143531.960,19970827_065240
10,KAKQ19970827_105240,17.846,0.382,519.333,417.199,44.969,-75.784,36.450,22484.451,124340.756,19970827_065240
3,KAKQ19970828_102548,-9.839,0.300,364.111,573.727,11.996,-76.653,35.750,5997.923,140567.434,19970828_062548
3,KAKQ19970828_103144,-3.906,0.793,365.182,573.484,18.637,-76.647,35.751,9318.353,140572.215,19970828_063144
3,KAKQ19970828_103739,2.011,0.600,366.559,573.629,21.250,-76.640,35.750,10624.925,140803.943,19970828_063739
3,KAKQ19970828_104334,7.927,0.787,369.231,573.874,23.384,-76.625,35.749,11691.975,141244.160,19970828_064334
3,KAKQ19970828_105324,17.761,0.664,370.032,572.828,29.214,-76.620,35.754,14607.057,140836.664,19970828_065324
3,KAKQ19970828_110315,27.611,0.162,378.108,566.133,30.894,-76.576,35.784,15446.932,138679.283,19970828_070315
4,KAKQ19970828_103144,-3.906,0.744,317.823,393.169,13.019,-76.908,36.564,6509.676,47429.236,19970828_063144
4,KAKQ19970828_103739,2.011,0.258,319.001,392.480,20.834,-76.901,36.567,10416.871,47205.740,19970828_063739
11,KAKQ19970828_111306,37.461,0.064,51.300,307.292,28.632,-78.404,36.943,14316.001,124403.215,19970828_071306
11,KAKQ19970828_112258,47.327,0.137,46.785,304.377,44.776,-78.429,36.956,22387.872,126626.173,19970828_072258
1,KAKQ19970828_094425,-51.223,0.215,282.369,404.068,13.031,-77.106,36.515,6515.430,52775.492,19970828_054425
5,KAKQ19970828_103144,-3.906,0.647,454.329,477.336,17.291,-76.150,36.182,8645.565,117543.205,19970828_063144
8,KAKQ19970828_104334,7.927,0.119,355.381,91.685,26.298,-76.693,37.922,13149.094,107775.307,19970828_064334
9,KAKQ19970828_104334,7.927,0.068,219.178,193.629,27.144,-77.464,37.462,13571.766,66796.141,19970828_064334
12,KAKQ19970828_115234,76.927,0.164,43.271,162.143,64.478,-78.461,37.596,32239.182,145700.412,19970828_075234
5,KAKQ19970829_103622,-0.090,0.451,264.661,71.553,13.981,-77.209,38.013,6990.419,115582.038,19970829_063622
5,KAKQ19970829_104612,9.743,0.813,263.503,65.749,29.771,-77.215,38.039,14885.284,118538.508,19970829_064612
5,KAKQ19970829_105603,19.593,0.847,256.760,70.238,32.466,-77.254,38.019,16232.945,116897.691,19970829_065603
5,KAKQ19970829_110553,29.427,0.641,252.772,80.482,35.280,-77.276,37.973,17640.029,112270.523,19970829_070553
5,KAKQ19970829_111544,39.277,0.858,253.295,87.076,41.322,-77.273,37.943,20661.157,108993.026,19970829_071544
5,KAKQ19970829_112534,49.110,0.697,251.656,85.423,49.259,-77.283,37.950,24629.650,109977.863,19970829_072534
5,KAKQ19970829_113525,58.960,0.263,244.772,93.160,50.029,-77.322,37.915,25014.651,107043.056,19970829_073525
1,KAKQ19970829_100652,-29.590,0.193,418.194,299.891,8.395,-76.344,36.983,4197.357,59097.254,19970829_060652
1,KAKQ19970829_101642,-19.757,0.853,415.756,306.527,21.823,-76.358,36.953,10911.641,57970.173,19970829_061642
1,KAKQ19970829_102632,-9.923,0.904,416.721,310.845,28.110,-76.352,36.933,14055.202,58611.752,19970829_062632
1,KAKQ19970829_103622,-0.090,0.850,419.150,307.042,30.055,-76.339,36.950,15027.256,59678.923,19970829_063622
1,KAKQ19970829_104612,9.743,0.057,420.056,298.639,33.774,-76.333,36.988,16886.843,60032.008,19970829_064612
3,KAKQ19970829_102632,-9.923,0.243,271.034,165.809,8.911,-77.171,37.588,4455.303,68640.904,19970829_062632
3,KAKQ19970829_103622,-0.090,0.161,272.006,169.120,19.295,-77.166,37.573,9647.668,66920.250,19970829_063622
3,KAKQ19970829_104612,9.743,0.172,273.423,167.298,23.275,-77.158,37.582,11637.685,67668.828,19970829_064612
9,KAKQ19970829_112534,49.110,0.256,300.106,391.812,16.921,-77.007,36.570,8460.730,45905.991,19970829_072534
9,KAKQ19970829_113525,58.960,0.104,303.464,392.228,26.797,-76.988,36.568,13398.742,46146.392,19970829_073525
11,KAKQ19970829_114515,68.793,0.138,143.617,148.305,63.590,-77.894,37.664,31794.964,108934.672,19970829_074515
11,KAKQ19970829_115505,78.627,0.066,139.908,155.481,74.132,-77.914,37.632,37065.874,107836.920,19970829_075505
6,KAKQ19970829_104612,9.743,0.392,369.591,521.133,37.755,-76.622,35.987,18877.655,115912.382,19970829_064612
8,KAKQ19970829_111544,39.277,0.082,220.554,266.754,30.074,-77.455,37.133,15037.212,43061.154,19970829_071544
12,KAKQ19970829_114515,68.793,0.087,26.386,307.158,11.249,-78.543,36.942,5624.516,136853.745,19970829_074515
5,KAKQ19970830_102104,-16.207,0.112,353.003,518.887,18.030,-76.714,35.997,9014.809,112606.260,19970830_062104
5,KAKQ19970830_103055,-6.357,0.769,353.381,521.433,29.723,-76.712,35.986,14861.341,113888.085,19970830_063055
5,KAKQ19970830_104045,3.477,0.777,361.124,520.027,32.896,-76.669,35.992,16447.858,114179.480,19970830_064045
5,KAKQ19970830_105035,13.310,0.746,364.173,524.086,43.097,-76.652,35.974,21548.739,116546.850,19970830_065035
5,KAKQ19970830_110025,23.143,0.189,362.801,519.997,42.993,-76.659,35.992,21496.546,114392.811,19970830_070025
1,KAKQ19970830_094144,-55.540,0.102,410.717,299.017,3.385,-76.386,36.987,1692.684,55360.517,19970830_054144
1,KAKQ19970830_095135,-45.690,0.133,410.812,299.115,11.886,-76.385,36.986,5942.888,55407.821,19970830_055135
1,KAKQ19970830_100125,-35.857,0.471,404.133,299.026,16.882,-76.423,36.987,8441.242,52068.559,19970830_060125
1,KAKQ19970830_101114,-26.040,-1.000,398.438,298.963,22.433,-76.455,36.987,11216.274,49221.773,19970830_061114
1,KAKQ19970830_102104,-16.207,0.071,407.857,297.183,24.761,-76.402,36.995,12380.430,53946.825,19970830_062104
4,KAKQ19970830_102104,-16.207,0.633,330.047,181.831,7.962,-76.838,37.516,3981.007,60964.451,19970830_062104
4,KAKQ19970830_103055,-6.357,0.588,328.669,178.256,17.156,-76.845,37.532,8578.052,62536.832,19970830_063055
4,KAKQ19970830_104045,3.477,0.483,331.851,184.399,27.985,-76.827,37.505,13992.366,59954.484,19970830_064045
4,KAKQ19970830_105035,13.310,0.370,332.412,184.220,30.647,-76.824,37.505,15323.664,60115.648,19970830_065035
7,KAKQ19970830_103055,-6.357,0.116,263.695,162.388,11.636,-77.213,37.604,5818.130,71160.516,19970830_063055
9,KAKQ19970830_105035,13.310,0.212,276.476,129.065,21.051,-77.141,37.754,10525.291,86273.172,19970830_065035
1,KAKQ19970831_102635,-11.505,0.159,222.329,107.387,3.654,-77.449,37.851,1826.824,103841.780,19970831_062635
2,KAKQ19970831_103628,-1.622,0.112,330.326,170.847,25.762,-76.836,37.566,12880.867,66332.740,19970831_063628
7,KAKQ19970901_100427,-34.453,0.145,409.324,287.244,22.202,-76.393,37.040,11101.250,55032.611,19970901_060427
7,KAKQ19970901_101022,-28.536,0.908,416.115,291.192,23.455,-76.355,37.022,11727.609,58224.158,19970901_061022
7,KAKQ19970901_101617,-22.620,0.885,427.247,292.521,23.870,-76.293,37.015,11934.882,63733.543,19970901_061617
7,KAKQ19970901_102212,-16.703,0.967,430.098,290.984,28.712,-76.276,37.022,14355.964,65205.228,19970901_062212
7,KAKQ19970901_102808,-10.770,0.948,432.438,286.901,32.135,-76.263,37.041,16067.696,66542.238,19970901_062808
7,KAKQ19970901_103403,-4.853,0.854,435.390,287.199,39.337,-76.247,37.039,19668.471,67996.947,19970901_063403
7,KAKQ19970901_103959,1.080,0.750,438.226,287.354,43.436,-76.231,37.038,21717.751,69401.586,19970901_063959
7,KAKQ19970901_104555,7.014,0.195,441.613,288.402,48.114,-76.212,37.033,24057.098,71043.811,19970901_064555
7,KAKQ19970901_105150,12.930,0.058,447.288,286.445,51.255,-76.180,37.042,25627.606,73955.112,19970901_065150
11,KAKQ19970901_103403,-4.853,0.556,365.681,511.956,24.946,-76.643,36.028,12473.150,110949.474,19970901_063403
11,KAKQ19970901_103959,1.080,0.335,368.427,512.099,31.614,-76.628,36.028,15807.183,111431.899,19970901_063959
11,KAKQ19970901_104555,7.014,0.703,365.017,510.069,37.152,-76.647,36.037,18576.093,109950.293,19970901_064555
11,KAKQ19970901_105150,12.930,0.760,364.084,509.581,41.921,-76.652,36.039,20960.553,109579.824,19970901_065150
11,KAKQ19970901_105745,18.847,0.468,361.905,509.334,49.826,-76.664,36.040,24913.019,109147.740,19970901_065745
11,KAKQ19970901_110341,24.780,0.096,365.245,508.014,58.068,-76.645,36.046,29033.828,109002.932,19970901_070341
3,KAKQ19970901_094639,-52.253,0.322,185.154,388.418,5.348,-77.649,36.584,2673.929,72469.757,19970901_054639
3,KAKQ19970901_095234,-46.336,0.258,185.928,388.622,11.992,-77.645,36.583,5995.828,72225.748,19970901_055234
4,KAKQ19970901_094639,-52.253,0.247,313.570,409.854,10.829,-76.932,36.489,5414.587,55344.484,19970901_054639
4,KAKQ19970901_095234,-46.336,0.299,313.451,409.636,16.988,-76.932,36.490,8493.915,55228.846,19970901_055234
2,KAKQ19970901_094639,-52.253,0.479,270.629,384.608,12.143,-77.172,36.603,6071.316,44780.539,19970901_054639
9,KAKQ19970901_102808,-10.770,0.082,266.302,314.917,7.183,-77.197,36.917,3591.717,18425.895,19970901_062808
15,KAKQ19970901_105745,18.847,0.106,271.427,308.659,10.325,-77.168,36.945,5162.560,14928.094,19970901_065745
16,KAKQ19970901_111531,36.614,0.068,222.749,249.209,11.783,-77.443,37.212,5891.628,46226.326,19970901_071531
17,KAKQ19970901_112721,48.447,0.055,448.374,500.070,29.101,-76.184,36.080,14550.589,124541.879,19970901_072721
18,KAKQ19970901_115831,79.614,0.476,425.252,157.988,6.243,-76.298,37.622,3121.517,94677.859,19970901_075831
19,KAKQ19970901_115831,79.614,0.348,387.954,292.218,17.335,-76.513,37.018,8667.339,44149.013,19970901_075831
3,KAKQ19970902_100026,-39.283,0.340,419.972,296.073,11.718,-76.334,37.000,5858.814,60018.275,19970902_060026
3,KAKQ19970902_101015,-29.467,0.797,423.521,296.058,19.527,-76.314,37.000,9763.317,61792.033,19970902_061015
3,KAKQ19970902_102004,-19.650,0.950,426.864,295.609,28.162,-76.295,37.002,14080.988,63469.978,19970902_062004
3,KAKQ19970902_102953,-9.833,0.968,432.890,300.880,32.084,-76.261,36.978,16042.105,66446.619,19970902_062953
3,KAKQ19970902_103945,0.033,0.797,444.647,297.356,40.677,-76.195,36.993,20338.634,72335.404,19970902_063945
3,KAKQ19970902_104936,9.883,0.236,437.799,303.649,56.300,-76.234,36.965,28150.134,68923.480,19970902_064936
4,KAKQ19970902_102004,-19.650,0.711,358.044,514.017,20.637,-76.686,36.019,10318.252,110874.341,19970902_062004
4,KAKQ19970902_102953,-9.833,0.557,358.797,512.412,28.211,-76.681,36.026,14105.578,110199.953,19970902_062953
4,KAKQ19970902_103945,0.033,0.680,356.636,510.278,35.120,-76.693,36.036,17559.856,108885.599,19970902_063945
4,KAKQ19970902_104936,9.883,0.210,360.398,509.388,43.990,-76.672,36.040,21995.087,108962.346,19970902_064936
1,KAKQ19970902_094640,-53.050,0.119,489.444,477.811,13.590,-75.955,36.178,6795.099,129909.410,19970902_054640
6,KAKQ19970902_102004,-19.650,0.111,333.751,425.828,46.960,-76.819,36.417,23480.072,65137.800,19970902_062004
8,KAKQ19970902_111910,39.450,0.077,357.401,199.296,21.671,-76.683,37.437,10835.434,57957.152,19970902_071910
1,KAKQ19970903_095132,-48.996,0.876,412.228,299.274,11.346,-76.377,36.985,5673.107,56115.005,19970903_055132
1,KAKQ19970903_095727,-43.079,0.829,414.749,299.343,15.154,-76.363,36.985,7576.826,57375.684,19970903_055727
1,KAKQ19970903_100322,-37.162,0.592,418.480,298.301,16.249,-76.342,36.990,8124.633,59246.196,19970903_060322
1,KAKQ19970903_100919,-31.212,0.654,423.655,295.359,17.064,-76.313,37.003,8532.136,61871.205,19970903_060919
1,KAKQ19970903_101517,-25.246,0.911,423.315,290.148,23.749,-76.315,37.026,11874.433,61853.964,19970903_061517
1,KAKQ19970903_102114,-19.296,0.968,428.990,291.654,29.526,-76.283,37.019,14762.945,64629.660,19970903_062114
1,KAKQ19970903_102711,-13.346,0.863,437.110,293.013,30.280,-76.237,37.013,15139.954,68643.772,19970903_062711
1,KAKQ19970903_103306,-7.429,0.172,441.698,286.653,36.699,-76.211,37.041,18349.261,71162.765,19970903_063306
4,KAKQ19970903_102114,-19.296,0.053,376.570,522.863,15.284,-76.583,35.979,7642.206,117824.725,19970903_062114
4,KAKQ19970903_102711,-13.346,-1.000,376.570,522.863,24.745,-76.583,35.979,12372.456,117824.725,19970903_062711
4,KAKQ19970903_103306,-7.429,0.402,363.262,511.042,29.620,-76.657,36.032,14810.204,110159.660,19970903_063306
4,KAKQ19970903_103900,-1.529,0.326,358.397,507.218,36.357,-76.683,36.050,18178.423,107644.924,19970903_063900
4,KAKQ19970903_104455,4.388,0.379,356.443,510.488,44.746,-76.694,36.035,22373.015,108961.899,19970903_064455
4,KAKQ19970903_105051,10.321,0.542,358.163,509.922,50.545,-76.685,36.038,25272.694,108915.163,19970903_065051
4,KAKQ19970903_105649,16.288,0.068,357.560,509.890,52.281,-76.688,36.038,26140.523,108819.827,19970903_065649
6,KAKQ19970903_103306,-7.429,0.664,315.271,30.201,30.727,-76.920,38.199,15363.422,135115.179,19970903_063306
6,KAKQ19970903_103900,-1.529,0.826,319.006,30.686,34.264,-76.899,38.197,17131.768,134992.075,19970903_063900
6,KAKQ19970903_104455,4.388,0.278,320.224,31.778,42.355,-76.892,38.192,21177.595,134491.664,19970903_064455
8,KAKQ19970903_111433,34.021,0.088,265.143,105.224,22.485,-77.206,37.861,11242.476,98934.980,19970903_071433
8,KAKQ19970903_112027,39.921,-1.000,265.143,105.224,31.866,-77.206,37.861,15932.976,98934.980,19970903_072027
8,KAKQ19970903_112625,45.888,0.098,263.533,107.741,37.502,-77.215,37.850,18750.756,97843.280,19970903_072625
5,KAKQ19970903_102711,-13.346,0.093,334.248,417.622,34.273,-76.816,36.454,17136.393,61253.532,19970903_062711
5,KAKQ19970904_102958,-11.374,0.177,252.995,65.801,9.271,-77.275,38.039,4635.635,119435.002,19970904_062958
5,KAKQ19970904_103947,-1.557,0.681,260.919,68.912,21.176,-77.230,38.025,10588.133,117184.816,19970904_063947
5,KAKQ19970904_104937,8.276,0.788,259.831,85.850,30.032,-77.236,37.948,15016.174,108942.357,19970904_064937
5,KAKQ19970904_105926,18.093,0.359,263.687,95.657,49.190,-77.214,37.904,24595.085,103772.351,19970904_065926
5,KAKQ19970904_110914,27.893,0.141,259.103,108.768,57.194,-77.240,37.845,28597.118,97777.949,19970904_070914
3,KAKQ19970904_102010,-21.174,0.147,331.571,185.390,5.188,-76.829,37.500,2593.979,59439.357,19970904_062010
3,KAKQ19970904_102958,-11.374,0.069,331.647,180.786,15.157,-76.829,37.521,7578.570,61671.496,19970904_062958
3,KAKQ19970904_103947,-1.557,0.445,332.311,194.018,23.571,-76.825,37.461,11785.421,55398.922,19970904_063947
3,KAKQ19970904_104937,8.276,0.129,333.553,198.914,33.253,-76.818,37.439,16626.586,53254.519,19970904_064937
4,KAKQ19970904_102958,-11.374,0.517,342.188,539.593,31.765,-76.774,35.904,15882.455,121639.282,19970904_062958
4,KAKQ19970904_103947,-1.557,0.524,346.781,545.117,39.812,-76.748,35.879,19906.189,124770.395,19970904_063947
4,KAKQ19970904_104937,8.276,0.644,363.018,556.323,40.529,-76.659,35.828,20264.477,131978.213,19970904_064937
4,KAKQ19970904_105926,18.093,0.064,371.045,551.763,40.729,-76.614,35.849,20364.308,130797.537,19970904_065926
1,KAKQ19970904_100034,-40.774,0.806,411.242,304.117,12.531,-76.383,36.964,6265.392,55659.056,19970904_060034
1,KAKQ19970904_102010,-21.174,0.922,411.620,314.112,20.006,-76.381,36.919,10002.887,56254.495,19970904_062010
1,KAKQ19970904_102958,-11.374,0.659,416.213,321.398,24.670,-76.356,36.886,12335.126,59083.451,19970904_062958
6,KAKQ19970904_102958,-11.374,0.161,238.881,156.870,10.655,-77.354,37.628,5327.261,77816.816,19970904_062958
6,KAKQ19970904_103947,-1.557,0.274,239.793,157.312,22.120,-77.349,37.626,11060.187,77435.280,19970904_063947
6,KAKQ19970904_104937,8.276,0.133,242.107,164.972,29.020,-77.335,37.592,14509.947,73457.891,19970904_064937
8,KAKQ19970904_103947,-1.557,0.848,311.662,39.296,23.900,-76.941,38.158,11950.146,130482.229,19970904_063947
8,KAKQ19970904_104937,8.276,0.854,314.738,44.608,28.533,-76.923,38.134,14266.711,127908.589,19970904_064937
8,KAKQ19970904_105926,18.093,0.249,321.829,57.543,33.368,-76.883,38.076,16683.918,121718.773,19970904_065926
10,KAKQ19970904_104937,8.276,0.140,283.071,135.475,17.431,-77.104,37.725,8715.363,82697.049,19970904_064937
3,KAKQ19970905_101832,-23.618,0.143,356.986,522.157,13.065,-76.692,35.982,6532.560,114674.499,19970905_061832
3,KAKQ19970905_102822,-13.785,0.401,357.817,525.321,21.871,-76.687,35.968,10935.479,116310.301,19970905_062822
3,KAKQ19970905_103811,-3.968,0.195,359.658,526.515,23.319,-76.677,35.963,11659.606,117119.547,19970905_063811
3,KAKQ19970905_104800,5.849,0.182,363.901,530.494,30.186,-76.653,35.945,15092.875,119594.057,19970905_064800
5,KAKQ19970905_102822,-13.785,0.608,333.231,182.022,9.500,-76.820,37.515,4750.237,61284.578,19970905_062822
5,KAKQ19970905_103811,-3.968,0.935,332.852,181.513,24.020,-76.822,37.518,12009.874,61478.650,19970905_063811
5,KAKQ19970905_104800,5.849,0.463,333.231,182.749,29.668,-76.820,37.512,14834.064,60934.567,19970905_064800
5,KAKQ19970905_105749,15.665,0.083,332.857,184.222,29.274,-76.822,37.505,14637.244,60174.856,19970905_065749
2,KAKQ19970905_100843,-33.435,0.091,414.564,298.314,4.664,-76.364,36.990,2332.005,57288.217,19970905_060843
2,KAKQ19970905_101832,-23.618,-1.000,414.564,298.314,20.273,-76.364,36.990,10136.255,57288.217,19970905_061832
2,KAKQ19970905_102822,-13.785,0.692,413.312,302.513,21.941,-76.371,36.971,10970.668,56669.977,19970905_062822
2,KAKQ19970905_103811,-3.968,0.083,413.393,304.296,26.104,-76.371,36.963,13051.852,56737.271,19970905_063811
6,KAKQ19970905_102822,-13.785,0.315,282.416,117.006,5.443,-77.107,37.808,2721.317,91918.565,19970905_062822
6,KAKQ19970905_103811,-3.968,0.351,283.096,119.660,14.677,-77.103,37.796,7338.712,90565.050,19970905_063811
6,KAKQ19970905_104800,5.849,0.426,283.255,123.595,18.109,-77.103,37.779,9054.449,88598.862,19970905_064800
8,KAKQ19970905_103811,-3.968,0.696,236.390,138.151,10.010,-77.368,37.712,5005.188,86950.274,19970905_063811
8,KAKQ19970905_104800,5.849,0.555,238.177,138.515,19.645,-77.358,37.711,9822.601,86457.418,19970905_064800
12,KAKQ19970905_104800,5.849,0.691,270.623,56.480,23.858,-77.175,38.081,11928.780,122642.974,19970905_064800
12,KAKQ19970905_105749,15.665,0.229,270.507,54.316,30.891,-77.176,38.091,15445.647,123723.906,19970905_065749
4,KAKQ19970905_102822,-13.785,0.676,377.537,291.021,9.931,-76.572,37.024,4965.687,39027.559,19970905_062822
9,KAKQ19970905_103811,-3.968,0.091,360.855,423.961,31.376,-76.668,36.425,15688.225,69046.549,19970905_063811
5,KAKQ19970906_102832,-14.428,0.252,372.699,578.383,15.987,-76.606,35.729,7993.692,143859.344,19970906_062832
5,KAKQ19970906_103948,-3.161,0.202,375.680,570.125,28.418,-76.589,35.766,14209.187,140262.980,19970906_063948
5,KAKQ19970906_104540,2.705,0.886,377.677,564.773,30.702,-76.578,35.790,15351.063,137965.833,19970906_064540
5,KAKQ19970906_105135,8.622,0.065,381.365,558.822,34.678,-76.557,35.817,17339.009,135655.066,19970906_065135
1,KAKQ19970906_102832,-14.428,0.509,336.729,159.672,5.326,-76.799,37.616,2662.891,72527.557,19970906_062832
1,KAKQ19970906_103948,-3.161,0.082,338.825,159.381,16.093,-76.788,37.617,8046.710,72940.356,19970906_063948
1,KAKQ19970906_104540,2.705,0.393,342.323,157.688,24.427,-76.768,37.625,12213.467,74235.905,19970906_064540
14,KAKQ19970906_105135,8.622,0.534,498.511,433.709,28.584,-75.901,36.376,14291.822,119671.018,19970906_065135
14,KAKQ19970906_105729,14.522,0.064,497.814,434.234,35.802,-75.905,36.374,17901.226,119529.514,19970906_065729
2,KAKQ19970906_102832,-14.428,0.482,243.368,125.528,2.735,-77.329,37.769,1367.653,91716.378,19970906_062832
4,KAKQ19970906_102832,-14.428,0.292,227.461,176.014,7.151,-77.418,37.542,3575.499,71823.231,19970906_062832
8,KAKQ19970906_103948,-3.161,0.580,359.791,94.925,7.071,-76.668,37.907,3535.587,106806.544,19970906_063948
11,KAKQ19970906_103948,-3.161,0.056,196.973,545.950,18.181,-77.578,35.874,9090.650,133328.678,19970906_063948
12,KAKQ19970906_104540,2.705,0.242,321.206,392.938,18.400,-76.889,36.565,9199.780,47663.411,19970906_064540
13,KAKQ19970906_104540,2.705,0.217,239.355,586.486,14.400,-77.342,35.693,7199.774,146417.279,19970906_064540
16,KAKQ19970906_105135,8.622,0.067,314.603,439.624,26.709,-76.926,36.355,13354.267,70192.621,19970906_065135
17,KAKQ19970906_105729,14.522,0.291,216.826,368.709,24.211,-77.473,36.673,12105.665,53941.671,19970906_065729
1,KAKQ19970907_095901,-44.754,0.053,418.172,297.897,9.305,-76.344,36.992,4652.691,59095.581,19970907_055901
1,KAKQ19970907_100455,-38.854,0.077,418.647,298.820,16.133,-76.341,36.987,8066.310,59326.622,19970907_060455
1,KAKQ19970907_101050,-32.937,0.177,422.111,296.640,17.169,-76.322,36.997,8584.567,61078.670,19970907_061050
1,KAKQ19970907_101645,-27.020,0.253,429.236,292.671,23.810,-76.281,37.015,11905.220,64721.623,19970907_061645
1,KAKQ19970907_102241,-21.087,0.324,437.290,295.128,26.400,-76.236,37.003,13200.116,68688.413,19970907_062241
3,KAKQ19970907_103433,-9.220,0.291,374.770,521.339,21.787,-76.593,35.986,10893.689,116813.399,19970907_063433
3,KAKQ19970907_104027,-3.320,0.669,374.331,523.269,31.811,-76.595,35.977,15905.499,117658.514,19970907_064027
3,KAKQ19970907_104623,2.613,0.561,378.918,517.577,34.222,-76.570,36.003,17111.064,115723.801,19970907_064623
3,KAKQ19970907_105221,8.580,0.309,383.713,511.084,36.705,-76.543,36.032,18352.341,113539.000,19970907_065221
3,KAKQ19970907_105819,14.546,0.315,382.170,508.875,40.399,-76.552,36.042,20199.653,112228.256,19970907_065819
6,KAKQ19970907_105221,8.580,0.500,281.021,42.062,19.258,-77.116,38.146,9629.162,129317.397,19970907_065221
6,KAKQ19970907_105819,14.546,0.906,284.179,39.609,28.144,-77.098,38.157,14071.904,130435.606,19970907_065819
6,KAKQ19970907_110417,20.513,0.798,286.874,41.434,29.686,-77.082,38.149,14843.010,129449.724,19970907_070417
6,KAKQ19970907_111012,26.430,0.316,291.798,47.307,31.616,-77.054,38.122,15807.807,126413.215,19970907_071012
4,KAKQ19970907_104027,-3.320,0.287,343.812,166.926,10.906,-76.759,37.583,5453.228,70050.512,19970907_064027
5,KAKQ19970907_104623,2.613,0.105,27.845,409.224,31.595,-78.526,36.482,15797.575,146627.236,19970907_064623
7,KAKQ19970907_105819,14.546,0.058,493.039,320.590,33.745,-75.925,36.886,16872.261,97066.975,19970907_065819
1,KAKQ19970908_100405,-40.495,0.872,414.199,298.466,10.394,-76.366,36.989,5197.231,57104.900,19970908_060405
1,KAKQ19970908_101357,-30.629,0.142,414.924,298.667,19.284,-76.362,36.988,9642.122,57466.033,19970908_061357
1,KAKQ19970908_102349,-20.762,0.772,417.786,300.849,22.088,-76.346,36.978,11044.098,58894.541,19970908_062349
1,KAKQ19970908_103341,-10.895,0.857,420.869,303.956,28.191,-76.329,36.964,14095.702,60466.955,19970908_063341
3,KAKQ19970908_103341,-10.895,0.058,328.591,172.422,14.438,-76.846,37.559,7219.215,65371.094,19970908_063341
3,KAKQ19970908_104333,-1.029,0.551,330.233,174.621,24.039,-76.836,37.549,12019.493,64486.229,19970908_064333
3,KAKQ19970908_105325,8.838,0.928,332.647,180.170,28.674,-76.823,37.524,14337.056,62098.867,19970908_065325
3,KAKQ19970908_110317,18.705,0.596,337.745,183.187,30.644,-76.794,37.510,15322.080,61379.818,19970908_070317
6,KAKQ19970908_104333,-1.029,0.170,379.211,519.458,25.295,-76.568,35.994,12647.640,116657.746,19970908_064333
6,KAKQ19970908_105325,8.838,0.679,381.689,519.760,36.446,-76.555,35.993,18222.932,117225.903,19970908_065325
12,KAKQ19970909_113112,45.813,0.832,398.897,280.642,11.459,-76.451,37.070,5729.664,50386.939,19970909_073112
12,KAKQ19970909_113710,51.780,0.928,401.075,280.732,14.092,-76.439,37.069,7045.930,51447.389,19970909_073710
12,KAKQ19970909_114305,57.697,0.888,402.262,280.280,13.763,-76.433,37.071,6881.494,52073.132,19970909_074305
12,KAKQ19970909_114902,63.647,0.821,409.034,280.817,13.052,-76.394,37.069,6525.888,55354.288,19970909_074902
12,KAKQ19970909_115457,69.563,0.621,410.859,281.136,12.269,-76.384,37.067,6134.384,56226.483,19970909_075457
12,KAKQ19970909_120053,75.497,0.294,409.828,280.012,15.785,-76.390,37.072,7892.445,55815.867,19970909_080053
12,KAKQ19970909_120646,81.380,-1.000,409.551,279.208,18.358,-76.392,37.076,9179.160,55753.423,19970909_080646
12,KAKQ19970909_121242,87.313,0.338,409.140,279.596,18.162,-76.394,37.074,9081.059,55515.412,19970909_081242
2,KAKQ19970909_102559,-19.403,0.241,414.189,294.820,10.561,-76.366,37.005,5280.514,57153.025,19970909_062559
2,KAKQ19970909_103155,-13.470,0.900,412.690,291.690,17.200,-76.374,37.020,8599.871,56498.123,19970909_063155
2,KAKQ19970909_103749,-7.570,0.899,411.255,290.930,21.225,-76.382,37.023,10612.562,55811.836,19970909_063749
2,KAKQ19970909_104344,-1.653,0.612,417.512,291.097,22.378,-76.347,37.022,11189.089,58924.421,19970909_064344
2,KAKQ19970909_104940,4.280,0.470,419.560,290.387,26.226,-76.336,37.025,13113.020,59972.885,19970909_064940
4,KAKQ19970909_104344,-1.653,0.614,371.086,517.445,28.877,-76.613,36.003,14438.732,114384.998,19970909_064344
4,KAKQ19970909_104940,4.280,0.822,372.114,516.764,35.874,-76.608,36.007,17937.087,114222.237,19970909_064940
4,KAKQ19970909_105535,10.197,0.736,375.757,513.458,38.695,-76.587,36.021,19347.627,113251.210,19970909_065535
4,KAKQ19970909_110131,16.130,0.289,374.852,513.162,43.465,-76.592,36.023,21732.663,112961.122,19970909_070131
4,KAKQ19970909_110725,22.030,0.051,366.873,513.285,50.807,-76.637,36.022,25403.481,111761.576,19970909_070725
10,KAKQ19970909_111919,33.930,0.886,393.348,281.754,11.043,-76.483,37.065,5521.286,47557.150,19970909_071919
10,KAKQ19970909_112513,39.830,0.072,394.150,281.386,17.260,-76.478,37.067,8629.820,47986.012,19970909_072513
1,KAKQ19970909_095017,-55.103,0.253,69.273,406.723,8.314,-78.295,36.496,4157.159,127106.918,19970909_055017
5,KAKQ19970909_104940,4.280,0.210,341.961,417.690,41.256,-76.773,36.453,20628.151,62473.552,19970909_064940
6,KAKQ19970909_105535,10.197,0.306,242.946,236.672,11.832,-77.329,37.269,5916.227,42619.053,19970909_065535
7,KAKQ19970909_110725,22.030,0.472,388.025,281.533,11.601,-76.513,37.066,5800.522,44970.712,19970909_070725
15,KAKQ19970909_120646,81.380,0.081,415.034,279.543,12.627,-76.361,37.074,6313.602,58419.147,19970909_080646
2,KAKQ19970910_102050,-25.361,0.883,357.859,508.615,16.105,-76.686,36.043,8052.276,108244.871,19970910_062050
2,KAKQ19970910_102645,-19.444,0.821,358.749,506.105,24.066,-76.681,36.055,12033.152,107157.222,19970910_062645
2,KAKQ19970910_103240,-13.528,0.955,359.455,504.678,24.535,-76.678,36.061,12267.706,106568.951,19970910_063240
2,KAKQ19970910_103836,-7.594,0.923,360.938,503.113,29.806,-76.669,36.068,14902.767,106028.484,19970910_063836
2,KAKQ19970910_104433,-1.644,0.892,355.179,499.720,38.793,-76.701,36.084,19396.432,103601.040,19970910_064433
2,KAKQ19970910_105028,4.272,0.863,352.593,496.683,44.630,-76.716,36.097,22314.953,101796.648,19970910_065028
2,KAKQ19970910_105624,10.206,0.653,360.521,498.433,45.974,-76.672,36.089,22986.864,103728.781,19970910_065624
2,KAKQ19970910_110220,16.139,0.394,357.178,499.872,47.750,-76.690,36.083,23874.924,103945.009,19970910_070220
3,KAKQ19970910_102050,-25.361,0.169,423.074,281.493,25.136,-76.316,37.065,12567.883,62228.750,19970910_062050
3,KAKQ19970910_102645,-19.444,0.521,423.269,282.939,29.696,-76.315,37.059,14847.980,62222.217,19970910_062645
3,KAKQ19970910_103240,-13.528,0.140,428.968,283.110,30.193,-76.282,37.058,15096.527,65034.786,19970910_063240
3,KAKQ19970910_103836,-7.594,-1.000,433.701,283.470,31.539,-76.256,37.056,15769.313,67359.640,19970910_063836
3,KAKQ19970910_104433,-1.644,0.110,416.916,288.585,17.302,-76.350,37.034,8650.894,58735.974,19970910_064433
4,KAKQ19970910_102050,-25.361,0.057,174.214,74.405,23.796,-77.724,37.998,11897.835,129146.338,19970910_062050
4,KAKQ19970910_102645,-19.444,0.111,175.385,72.481,31.688,-77.717,38.007,15843.880,129705.157,19970910_062645
10,KAKQ19970910_105624,10.206,0.377,339.651,159.208,8.932,-76.783,37.618,4465.992,73134.423,19970910_065624
10,KAKQ19970910_110220,16.139,0.058,340.278,159.129,16.165,-76.779,37.618,8082.575,73258.258,19970910_070220
11,KAKQ19970910_110220,16.139,0.149,28.373,233.016,23.264,-78.539,37.276,11631.920,139882.073,19970910_070220
11,KAKQ19970910_110815,22.056,0.061,30.903,230.293,30.123,-78.525,37.288,15061.405,138989.399,19970910_070815
11,KAKQ19970910_111408,27.939,0.157,40.522,218.409,23.102,-78.472,37.342,11551.222,136001.785,19970910_071408
1,KAKQ19970910_100901,-37.178,0.059,166.694,86.486,23.375,-77.766,37.943,11687.637,125855.929,19970910_060901
5,KAKQ19970910_103240,-13.528,0.083,333.903,419.997,38.661,-76.818,36.443,19330.528,62347.048,19970910_063240
9,KAKQ19970910_105028,4.272,0.071,344.982,408.566,33.945,-76.756,36.494,16972.427,58757.737,19970910_065028
2,KAKQ19970911_095506,-51.901,0.097,339.769,260.120,33.107,-76.784,37.163,16553.608,28160.348,19970911_055506
2,KAKQ19970911_100101,-45.985,0.321,339.464,258.665,39.409,-76.785,37.170,19704.403,28574.578,19970911_060101
4,KAKQ19970911_103039,-16.351,0.423,280.808,152.081,55.699,-77.116,37.650,27849.329,74579.456,19970911_063039
4,KAKQ19970911_103634,-10.435,0.092,282.762,149.983,62.198,-77.105,37.660,31098.956,75502.076,19970911_063634
8,KAKQ19970911_110611,19.182,0.189,228.802,360.457,17.330,-77.406,36.711,8665.144,46701.746,19970911_070611
8,KAKQ19970911_111207,25.115,0.089,230.272,357.615,25.590,-77.398,36.724,12795.084,45225.671,19970911_071207
1,KAKQ19970911_094911,-57.818,0.053,254.181,404.212,6.755,-77.263,36.514,3377.310,56920.165,19970911_054911
3,KAKQ19970911_095506,-51.901,0.069,302.590,75.568,20.598,-76.993,37.995,10299.248,112223.535,19970911_055506
5,KAKQ19970911_104230,-4.501,0.074,221.907,367.144,29.045,-77.444,36.681,14522.631,51494.818,19970911_064230
6,KAKQ19970911_104826,1.432,0.082,321.257,92.007,31.614,-76.887,37.921,15806.862,104537.981,19970911_064826
7,KAKQ19970911_105421,7.349,0.062,426.750,156.170,40.301,-76.290,37.630,20150.440,95855.015,19970911_065421
9,KAKQ19970911_112357,36.949,0.061,162.542,83.181,31.703,-77.790,37.958,15851.583,128360.000,19970911_072357
10,KAKQ19970911_113548,48.799,0.240,455.388,148.864,21.962,-76.127,37.662,10981.190,108382.708,19970911_073548
11,KAKQ19970911_113548,48.799,0.069,164.398,316.803,31.745,-77.768,36.906,15872.564,68319.637,19970911_073548
12,KAKQ19970911_115333,66.549,0.055,187.497,240.306,27.712,-77.642,37.251,13855.867,63679.327,19970911_075333
13,KAKQ19970911_120523,78.382,0.053,264.741,384.420,33.431,-77.205,36.603,16715.588,45743.592,19970911_080523
1,KAKQ19970912_102937,-18.192,0.523,367.501,513.442,19.682,-76.633,36.022,9841.101,111930.541,19970912_062937
1,KAKQ19970912_103925,-8.392,0.843,375.127,515.653,30.148,-76.591,36.011,15073.854,114182.292,19970912_063925
1,KAKQ19970912_104914,1.425,0.926,384.342,510.106,37.932,-76.540,36.036,18966.250,113201.245,19970912_064914
1,KAKQ19970912_105903,11.242,0.879,395.029,511.753,49.239,-76.480,36.029,24619.274,116049.356,19970912_065903
1,KAKQ19970912_110853,21.075,0.178,400.841,503.368,59.307,-76.448,36.066,29653.715,113498.087,19970912_070853
3,KAKQ19970912_103925,-8.392,0.251,538.776,531.649,18.369,-75.685,35.933,9184.586,166339.282,19970912_063925
3,KAKQ19970912_104914,1.425,0.662,542.682,527.158,31.125,-75.663,35.953,15562.259,166203.911,19970912_064914
3,KAKQ19970912_105903,11.242,0.764,545.865,523.170,38.209,-75.645,35.970,19104.582,166022.761,19970912_065903
3,KAKQ19970912_110853,21.075,0.368,544.156,517.286,42.295,-75.654,35.997,21147.471,163420.558,19970912_070853
4,KAKQ19970912_112833,40.742,0.112,402.168,274.983,20.562,-76.433,37.095,10281.048,52593.235,19970912_072833
5,KAKQ19970912_112833,40.742,0.092,286.191,411.322,10.995,-77.085,36.482,5497.272,56087.471,19970912_072833
5,KAKQ19970913_104331,-5.099,0.810,268.593,56.197,12.655,-77.186,38.082,6327.633,122908.654,19970913_064331
5,KAKQ19970913_105321,4.735,0.973,267.452,57.551,28.776,-77.193,38.076,14387.873,122312.155,19970913_065321
5,KAKQ19970913_110310,14.551,0.927,265.238,62.848,37.551,-77.206,38.052,18775.318,119842.969,19970913_070310
5,KAKQ19970913_111300,24.385,0.760,263.162,70.862,42.597,-77.217,38.016,21298.350,116040.139,19970913_071300
3,KAKQ19970913_104331,-5.099,0.843,324.977,189.774,11.299,-76.866,37.480,5649.487,56510.093,19970913_064331
3,KAKQ19970913_105321,4.735,0.879,325.956,191.132,22.295,-76.861,37.474,11147.353,55959.799,19970913_065321
3,KAKQ19970913_110310,14.551,0.813,328.415,193.516,26.040,-76.847,37.464,13019.776,55105.178,19970913_070310
4,KAKQ19970913_104331,-5.099,0.815,376.417,520.524,29.481,-76.584,35.989,14740.658,116694.640,19970913_064331
4,KAKQ19970913_105321,4.735,0.868,379.153,522.551,42.896,-76.569,35.980,21448.081,118104.056,19970913_065321
4,KAKQ19970913_110310,14.551,0.268,384.874,526.445,55.227,-76.537,35.963,27613.659,120913.899,19970913_070310
6,KAKQ19970913_104331,-5.099,0.507,286.047,127.236,8.986,-77.087,37.762,4492.996,86663.201,19970913_064331
6,KAKQ19970913_105321,4.735,0.355,284.767,128.697,19.334,-77.094,37.756,9667.051,85989.569,19970913_065321
6,KAKQ19970913_110310,14.551,0.138,284.354,131.467,23.071,-77.096,37.743,11535.667,84628.926,19970913_070310
1,KAKQ19970913_102352,-24.749,0.966,412.405,308.697,14.464,-76.377,36.943,7231.815,56370.454,19970913_062352
1,KAKQ19970913_103341,-14.932,0.858,418.425,312.137,24.737,-76.343,36.927,12368.693,59522.789,19970913_063341
12,KAKQ19970913_115221,63.735,0.361,488.872,377.964,11.358,-75.952,36.628,5678.848,102165.382,19970913_075221
12,KAKQ19970913_120212,73.585,0.402,490.782,379.525,19.497,-75.941,36.621,9748.617,103346.392,19970913_080212
7,KAKQ19970913_104331,-5.099,0.146,349.910,268.521,5.111,-76.727,37.125,2555.450,29504.061,19970913_064331
1,KAKQ19970914_104433,-4.873,0.950,324.899,186.076,10.969,-76.867,37.497,5484.573,58306.798,19970914_064433
1,KAKQ19970914_105425,4.994,0.961,326.039,190.672,22.226,-76.860,37.476,11113.085,56192.793,19970914_065425
1,KAKQ19970914_110416,14.844,0.967,324.844,191.362,29.134,-76.867,37.473,14566.995,55721.125,19970914_070416
1,KAKQ19970914_111408,24.711,0.749,325.448,193.038,31.939,-76.864,37.466,15969.663,54973.872,19970914_071408
1,KAKQ19970914_112400,34.577,0.155,329.848,196.155,41.502,-76.839,37.452,20750.828,54024.550,19970914_072400
3,KAKQ19970914_104433,-4.873,0.071,362.040,527.049,31.331,-76.664,35.960,15665.512,117686.133,19970914_064433
3,KAKQ19970914_105425,4.994,0.104,365.471,528.882,42.469,-76.645,35.952,21234.715,119030.614,19970914_065425
6,KAKQ19970914_105425,4.994,0.566,354.141,582.133,17.073,-76.708,35.712,8536.680,143640.205,19970914_065425
6,KAKQ19970914_110416,14.844,0.211,353.549,581.819,26.018,-76.712,35.714,13009.220,143430.756,19970914_070416
6,KAKQ19970914_111408,24.711,0.145,354.003,580.297,19.767,-76.709,35.721,9883.484,142725.706,19970914_071408
10,KAKQ19970914_114343,54.294,0.418,166.048,48.385,33.901,-77.771,38.115,16950.748,142524.716,19970914_074343
10,KAKQ19970914_115335,64.161,0.333,165.290,51.479,44.795,-77.775,38.101,22397.300,141341.301,19970914_075335
2,KAKQ19970914_104433,-4.873,0.537,463.181,410.240,9.853,-76.097,36.484,4926.657,98464.150,19970914_064433
5,KAKQ19970914_105425,4.994,0.570,271.178,421.027,8.641,-77.168,36.438,4320.389,62205.739,19970914_065425
7,KAKQ19970914_105425,4.994,0.100,499.252,450.474,20.974,-75.898,36.301,10486.885,124843.789,19970914_065425
8,KAKQ19970914_111408,24.711,0.245,132.396,29.513,19.372,-77.964,38.199,9685.929,159102.457,19970914_071408
2,KAKQ19970915_100116,-48.964,0.103,151.726,349.469,23.380,-77.838,36.758,11689.878,78154.308,19970915_060116
2,KAKQ19970915_100713,-43.014,0.903,154.451,349.062,26.031,-77.823,36.760,13015.330,76797.781,19970915_060713
2,KAKQ19970915_101307,-37.114,0.931,159.522,349.709,23.930,-77.794,36.757,11965.157,74507.002,19970915_061307
2,KAKQ19970915_101905,-31.147,0.745,163.615,351.441,26.083,-77.771,36.750,13041.388,72881.564,19970915_061905
2,KAKQ19970915_102459,-25.247,0.923,169.294,349.393,23.776,-77.739,36.759,11888.027,69863.890,19970915_062459
2,KAKQ19970915_103054,-19.331,0.520,171.580,349.082,23.729,-77.727,36.761,11864.335,68740.116,19970915_063054
2,KAKQ19970915_103652,-13.364,0.089,163.798,367.843,26.521,-77.769,36.676,13260.611,76081.698,19970915_063652
2,KAKQ19970915_104251,-7.381,0.078,163.813,374.798,24.987,-77.769,36.644,12493.720,77688.077,19970915_064251
2,KAKQ19970915_104847,-1.447,0.105,180.545,379.455,21.078,-77.675,36.624,10539.244,71733.040,19970915_064847
2,KAKQ19970915_105442,4.469,-1.000,180.545,379.455,30.486,-77.675,36.624,15242.994,71733.040,19970915_065442
2,KAKQ19970915_110037,10.386,0.062,200.235,382.448,12.721,-77.565,36.611,6360.641,64712.104,19970915_070037
8,KAKQ19970915_111229,22.253,0.071,328.143,168.900,18.972,-76.848,37.574,9485.802,67043.285,19970915_071229
8,KAKQ19970915_111823,28.153,0.900,330.675,171.429,23.010,-76.834,37.563,11505.100,66089.942,19970915_071823
8,KAKQ19970915_112417,34.053,0.820,330.225,177.177,22.196,-76.837,37.537,11098.050,63243.788,19970915_072417
8,KAKQ19970915_113015,40.019,0.892,331.868,178.708,23.615,-76.827,37.530,11807.373,62704.131,19970915_073015
8,KAKQ19970915_113610,45.936,0.251,332.172,180.824,24.610,-76.826,37.521,12305.018,61721.225,19970915_073610
13,KAKQ19970915_120545,75.519,0.055,19.630,278.051,21.568,-78.584,37.072,10783.861,140613.695,19970915_080545
13,KAKQ19970915_121139,81.419,0.252,21.138,278.482,28.472,-78.575,37.070,14235.795,139845.646,19970915_081139
13,KAKQ19970915_121734,87.336,0.088,25.075,275.153,28.610,-78.554,37.086,14305.131,138022.655,19970915_081734
6,KAKQ19970915_105442,4.469,0.086,351.140,514.352,31.475,-76.724,36.018,15737.701,110183.892,19970915_065442
6,KAKQ19970915_110037,10.386,0.053,352.300,514.095,39.141,-76.717,36.019,19570.472,110195.104,19970915_070037
9,KAKQ19970915_112417,34.053,0.280,182.594,425.244,24.368,-77.662,36.418,12183.781,85834.149,19970915_072417
9,KAKQ19970915_113015,40.019,0.303,181.531,427.450,32.173,-77.668,36.408,16086.393,87003.366,19970915_073015
10,KAKQ19970915_114801,57.786,0.265,21.650,271.198,24.057,-78.573,37.103,12028.538,139917.862,19970915_074801
10,KAKQ19970915_115355,63.686,0.062,22.986,269.564,31.691,-78.566,37.111,15845.263,139340.707,19970915_075355
12,KAKQ19970915_120545,75.519,0.320,328.359,176.400,12.948,-76.847,37.541,6474.030,63405.925,19970915_080545
12,KAKQ19970915_121139,81.419,0.078,329.176,176.097,20.031,-76.842,37.542,10015.272,63645.719,19970915_081139
1,KAKQ19970915_095521,-54.881,0.061,118.844,343.032,9.413,-78.022,36.786,4706.454,93098.200,19970915_055521
3,KAKQ19970915_104251,-7.381,0.252,178.969,343.382,26.579,-77.685,36.786,13289.577,64285.241,19970915_064251
4,KAKQ19970915_104251,-7.381,0.214,292.500,422.526,9.256,-77.049,36.432,4627.987,61377.501,19970915_064251
11,KAKQ19970915_115355,63.686,0.138,482.498,372.058,20.935,-75.987,36.655,10467.499,98104.495,19970915_075355
6,KAKQ19970916_103759,-13.056,0.105,328.595,185.328,8.145,-76.846,37.500,4072.369,59091.683,19970916_063759
6,KAKQ19970916_104356,-7.106,0.904,328.729,186.319,13.015,-76.845,37.496,6507.663,58627.683,19970916_064356
6,KAKQ19970916_104952,-1.172,0.953,330.505,189.099,20.374,-76.835,37.483,10187.188,57510.138,19970916_064952
6,KAKQ19970916_105547,4.744,0.984,329.776,190.984,25.101,-76.839,37.475,12550.550,56504.596,19970916_065547
6,KAKQ19970916_110141,10.644,0.987,328.942,192.959,29.914,-76.844,37.466,14957.100,55442.253,19970916_070141
6,KAKQ19970916_110737,16.578,0.969,327.928,194.548,33.857,-76.850,37.459,16928.504,54543.871,19970916_070737
6,KAKQ19970916_111332,22.494,0.942,329.316,194.829,37.535,-76.842,37.458,18767.725,54590.120,19970916_071332
6,KAKQ19970916_111927,28.411,0.890,332.001,195.601,42.443,-76.827,37.454,21221.606,54596.753,19970916_071927
6,KAKQ19970916_112522,34.328,0.805,331.488,193.299,45.817,-76.830,37.464,22908.277,55624.826,19970916_072522
6,KAKQ19970916_113116,40.228,0.827,331.811,196.472,46.927,-76.828,37.450,23463.436,54152.659,19970916_073116
6,KAKQ19970916_113712,46.161,0.712,329.401,198.046,50.092,-76.841,37.443,25045.877,53054.433,19970916_073712
6,KAKQ19970916_114307,52.078,0.508,329.689,198.074,54.049,-76.840,37.443,27024.473,53080.861,19970916_074307
6,KAKQ19970916_114902,57.994,0.135,326.590,193.318,60.745,-76.857,37.464,30372.719,54972.917,19970916_074902
6,KAKQ19970916_115457,63.911,0.128,346.480,221.242,40.568,-76.745,37.338,20283.794,45725.411,19970916_075457
9,KAKQ19970916_104952,-1.172,0.734,486.227,377.438,17.974,-75.966,36.630,8986.876,100842.708,19970916_064952
9,KAKQ19970916_105547,4.744,0.947,482.544,376.135,24.171,-75.987,36.636,12085.306,98892.154,19970916_065547
9,KAKQ19970916_110141,10.644,0.948,480.236,377.908,28.544,-76.000,36.629,14271.897,98176.715,19970916_070141
9,KAKQ19970916_110737,16.578,0.924,483.919,378.773,29.491,-75.979,36.625,14745.732,100039.110,19970916_070737
9,KAKQ19970916_111332,22.494,0.851,482.364,377.350,35.593,-75.988,36.631,17796.422,99044.922,19970916_071332
9,KAKQ19970916_111927,28.411,0.795,483.573,381.846,40.881,-75.982,36.611,20440.737,100495.897,19970916_071927
9,KAKQ19970916_112522,34.328,0.331,490.584,380.641,40.192,-75.942,36.616,20096.180,103471.244,19970916_072522
22,KAKQ19970916_113116,40.228,0.086,323.962,404.303,29.420,-76.874,36.514,14710.241,53509.773,19970916_073116
22,KAKQ19970916_113712,46.161,0.574,326.661,404.545,34.723,-76.859,36.513,17361.501,53945.542,19970916_073712
22,KAKQ19970916_114307,52.078,0.466,331.500,405.734,35.326,-76.832,36.507,17663.085,55163.075,19970916_074307
22,KAKQ19970916_114902,57.994,0.638,330.369,403.855,32.317,-76.838,36.516,16158.629,54102.195,19970916_074902
22,KAKQ19970916_115457,63.911,0.493,332.021,403.867,31.673,-76.829,36.516,15836.387,54345.458,19970916_075457
22,KAKQ19970916_120054,69.861,-1.000,333.394,403.638,30.770,-76.821,36.517,15384.938,54442.774,19970916_080054
22,KAKQ19970916_120650,75.794,0.257,333.387,397.060,29.430,-76.821,36.546,14715.119,51320.771,19970916_080650
10,KAKQ19970916_104952,-1.172,0.316,283.158,119.974,10.070,-77.103,37.795,5035.183,90405.883,19970916_064952
10,KAKQ19970916_105547,4.744,0.559,283.624,121.639,17.892,-77.100,37.787,8945.836,89555.712,19970916_065547
10,KAKQ19970916_110141,10.644,0.421,285.694,125.561,21.976,-77.089,37.770,10988.003,87512.298,19970916_070141
10,KAKQ19970916_110737,16.578,0.079,286.090,127.899,25.332,-77.086,37.759,12665.865,86331.153,19970916_070737
15,KAKQ19970916_110737,16.578,0.410,257.440,36.333,29.678,-77.250,38.171,14839.190,133540.159,19970916_070737
15,KAKQ19970916_111332,22.494,0.302,257.853,37.267,37.412,-77.248,38.167,18705.980,133046.057,19970916_071332
15,KAKQ19970916_111927,28.411,0.126,259.743,41.457,42.338,-77.237,38.148,21168.847,130829.157,19970916_071927
1,KAKQ19970916_095630,-54.539,0.120,317.420,358.951,16.074,-76.910,36.718,8036.854,30735.539,19970916_055630
1,KAKQ19970916_100225,-48.622,0.175,317.408,358.293,22.620,-76.910,36.721,11310.142,30418.573,19970916_060225
3,KAKQ19970916_102609,-24.889,0.311,299.162,423.526,12.955,-77.012,36.427,6477.749,61764.666,19970916_062609
3,KAKQ19970916_103204,-18.972,0.497,301.022,420.114,21.941,-77.002,36.443,10970.678,60059.271,19970916_063204
3,KAKQ19970916_103759,-13.056,-1.000,302.610,417.201,30.989,-76.993,36.456,15494.453,58615.116,19970916_063759
3,KAKQ19970916_104356,-7.106,0.187,302.484,422.206,15.730,-76.994,36.433,7865.196,61115.375,19970916_064356
3,KAKQ19970916_104952,-1.172,0.069,302.096,422.501,22.377,-76.996,36.432,11188.743,61259.532,19970916_064952
3,KAKQ19970916_105547,4.744,-1.000,301.766,422.753,29.411,-76.998,36.431,14705.292,61382.849,19970916_065547
3,KAKQ19970916_110141,10.644,0.106,304.870,419.357,21.484,-76.980,36.446,10741.833,59728.159,19970916_070141
3,KAKQ19970916_110737,16.578,0.129,305.238,419.770,28.036,-76.978,36.444,14018.231,59942.055,19970916_070737
3,KAKQ19970916_111332,22.494,0.144,303.971,423.195,21.534,-76.985,36.429,10767.107,61629.558,19970916_071332
3,KAKQ19970916_111927,28.411,0.058,304.266,424.276,27.830,-76.984,36.424,13914.900,62174.708,19970916_071927
8,KAKQ19970916_104356,-7.106,0.163,348.955,259.986,8.515,-76.732,37.164,4257.336,31613.867,19970916_064356
8,KAKQ19970916_104952,-1.172,0.119,349.562,260.499,16.655,-76.729,37.162,8327.403,31688.785,19970916_064952
16,KAKQ19970916_110737,16.578,0.094,538.096,113.780,19.053,-75.655,37.815,9526.508,151135.487,19970916_070737
16,KAKQ19970916_111332,22.494,0.162,538.058,112.852,27.277,-75.656,37.819,13638.628,151406.723,19970916_071332
19,KAKQ19970916_111927,28.411,0.095,487.889,317.159,11.202,-75.953,36.902,5600.849,94335.545,19970916_071927
19,KAKQ19970916_112522,34.328,0.150,486.520,317.164,17.242,-75.961,36.902,8621.163,93653.915,19970916_072522
2,KAKQ19970916_100225,-48.622,0.076,294.801,417.762,11.239,-77.036,36.453,5619.493,58938.311,19970916_060225
4,KAKQ19970916_103204,-18.972,0.111,307.257,393.387,22.110,-76.967,36.563,11055.031,46834.258,19970916_063204
12,KAKQ19970916_105547,4.744,0.472,226.137,256.248,13.631,-77.423,37.180,6815.676,42924.212,19970916_065547
21,KAKQ19970916_112522,34.328,0.057,208.125,187.517,27.825,-77.527,37.490,13912.724,72618.019,19970916_072522
2,KAKQ19970917_104735,-4.265,0.919,335.461,181.471,15.022,-76.807,37.518,7510.769,61860.147,19970917_064735
2,KAKQ19970917_105726,5.585,0.996,338.757,180.379,24.166,-76.788,37.523,12083.232,62871.696,19970917_065726
2,KAKQ19970917_110717,15.435,0.992,339.444,179.675,32.806,-76.784,37.526,16402.909,63312.584,19970917_070717
2,KAKQ19970917_111708,25.285,0.982,341.503,180.278,40.465,-76.773,37.523,20232.544,63355.856,19970917_071708
2,KAKQ19970917_112659,35.135,0.956,345.137,178.988,46.715,-76.752,37.529,23357.655,64578.090,19970917_072659
2,KAKQ19970917_113650,44.985,0.744,342.945,179.560,56.949,-76.765,37.526,28474.289,63933.721,19970917_073650
3,KAKQ19970917_104735,-4.265,0.745,491.861,376.390,16.348,-75.935,36.635,8173.840,103254.407,19970917_064735
3,KAKQ19970917_105726,5.585,0.900,490.652,379.612,25.557,-75.942,36.620,12778.656,103303.503,19970917_065726
3,KAKQ19970917_110717,15.435,0.764,492.426,383.808,31.223,-75.932,36.601,15611.289,104942.315,19970917_070717
3,KAKQ19970917_111708,25.285,0.582,497.975,395.632,34.866,-75.902,36.548,17432.866,109931.411,19970917_071708
3,KAKQ19970917_112659,35.135,0.281,504.511,395.397,43.098,-75.865,36.549,21548.829,112833.450,19970917_072659
1,KAKQ19970917_103745,-14.099,0.931,349.686,515.320,23.248,-76.732,36.013,11624.037,110489.214,19970917_063745
1,KAKQ19970917_104735,-4.265,0.915,352.504,517.281,30.917,-76.716,36.005,15458.691,111767.388,19970917_064735
1,KAKQ19970917_105726,5.585,0.818,351.949,522.167,42.731,-76.719,35.982,21365.449,114079.894,19970917_065726
1,KAKQ19970917_110717,15.435,0.104,353.408,528.415,52.731,-76.712,35.954,26365.297,117288.186,19970917_070717
7,KAKQ19970917_110717,15.435,0.937,257.559,22.342,24.810,-77.250,38.234,12404.793,140441.611,19970917_070717
7,KAKQ19970917_111708,25.285,0.891,257.761,24.378,28.917,-77.249,38.225,14458.396,139420.109,19970917_071708
4,KAKQ19970917_104735,-4.265,0.115,445.140,98.351,4.026,-76.183,37.889,2012.844,124225.422,19970917_064735
5,KAKQ19970917_104735,-4.265,0.106,410.052,294.840,21.860,-76.389,37.006,10929.916,55086.566,19970917_064735
3,KAKQ19970918_103427,-18.210,0.379,362.617,516.420,14.787,-76.660,36.008,7393.568,112648.418,19970918_063427
3,KAKQ19970918_104022,-12.293,0.665,364.376,515.212,21.994,-76.650,36.014,10997.061,112317.128,19970918_064022
3,KAKQ19970918_104616,-6.393,0.520,366.066,514.799,24.658,-76.641,36.015,12328.971,112364.489,19970918_064616
3,KAKQ19970918_105211,-0.476,0.758,361.487,513.952,25.434,-76.666,36.019,12716.885,111305.886,19970918_065211
3,KAKQ19970918_105806,5.440,0.688,362.948,513.272,32.481,-76.658,36.022,16240.528,111184.017,19970918_065806
3,KAKQ19970918_110402,11.374,0.425,363.532,513.459,37.093,-76.655,36.022,18546.710,111356.447,19970918_070402
3,KAKQ19970918_110956,17.274,0.223,361.696,512.987,42.509,-76.665,36.024,21254.333,110871.443,19970918_070956
2,KAKQ19970918_102237,-30.043,0.051,160.874,304.108,19.762,-77.789,36.963,9880.959,69593.111,19970918_062237
2,KAKQ19970918_102831,-24.143,0.905,163.481,305.153,22.027,-77.774,36.958,11013.509,68307.889,19970918_062831
2,KAKQ19970918_103427,-18.210,0.604,167.063,304.616,21.019,-77.754,36.961,10509.449,66508.608,19970918_063427
2,KAKQ19970918_104022,-12.293,0.230,170.551,304.443,19.775,-77.734,36.962,9887.428,64762.790,19970918_064022
2,KAKQ19970918_104616,-6.393,0.052,175.166,304.564,21.396,-77.708,36.961,10698.166,62458.943,19970918_064616
6,KAKQ19970918_111551,23.190,0.088,351.133,176.072,19.841,-76.718,37.542,9920.506,67031.082,19970918_071551
6,KAKQ19970918_112146,29.107,0.850,347.740,174.092,31.281,-76.737,37.551,15640.352,67327.447,19970918_072146
6,KAKQ19970918_112740,35.007,0.872,340.456,175.146,36.757,-76.779,37.546,18378.713,65622.311,19970918_072740
6,KAKQ19970918_113335,40.924,0.732,337.350,174.670,44.412,-76.796,37.548,22206.124,65388.536,19970918_073335
6,KAKQ19970918_113930,46.840,0.366,334.836,175.758,54.330,-76.810,37.543,27164.815,64516.887,19970918_073930
6,KAKQ19970918_114525,52.757,0.268,341.406,181.351,47.339,-76.773,37.518,23669.712,62833.267,19970918_074525
6,KAKQ19970918_115123,58.724,0.279,354.594,199.429,36.047,-76.699,37.437,18023.411,57216.838,19970918_075123
1,KAKQ19970918_100446,-47.893,0.065,28.047,167.942,25.831,-78.547,37.569,12915.673,151160.435,19970918_060446
1,KAKQ19970918_101044,-41.926,0.123,29.100,168.421,33.018,-78.541,37.567,16509.069,150581.800,19970918_061044
4,KAKQ19970918_104616,-6.393,0.113,220.004,94.776,7.335,-77.462,37.908,3667.696,110131.953,19970918_064616
4,KAKQ19970918_105211,-0.476,0.120,220.256,93.708,15.492,-77.461,37.912,7745.968,110583.945,19970918_065211
8,KAKQ19970918_112740,35.007,0.370,202.089,270.257,31.562,-77.558,37.117,15781.216,51164.194,19970918_072740
8,KAKQ19970918_113335,40.924,0.214,204.372,269.934,37.687,-77.546,37.118,18843.717,50121.528,19970918_073335
5,KAKQ19970918_105806,5.440,0.074,368.313,58.884,16.328,-76.618,38.069,8163.925,125303.173,19970918_065806
7,KAKQ19970918_111551,23.190,0.067,271.630,557.953,14.985,-77.164,35.821,7492.593,129754.155,19970918_071551
10,KAKQ19970918_114525,52.757,0.244,283.717,192.556,30.916,-77.100,37.468,15457.792,54335.586,19970918_074525
11,KAKQ19970918_114525,52.757,0.051,284.331,456.423,15.687,-77.095,36.279,7843.389,78602.865,19970918_074525
1,KAKQ19970919_104533,-7.922,0.720,331.956,177.616,8.186,-76.827,37.535,4092.777,63243.681,19970919_064533
1,KAKQ19970919_105522,1.894,0.927,329.808,177.734,16.654,-76.839,37.535,8326.972,62923.459,19970919_065522
1,KAKQ19970919_110512,11.728,0.989,331.430,178.684,25.009,-76.830,37.530,12504.336,62660.718,19970919_070512
1,KAKQ19970919_111502,21.561,0.975,333.972,179.150,30.743,-76.815,37.528,15371.552,62767.053,19970919_071502
1,KAKQ19970919_112452,31.394,0.890,334.450,179.041,33.956,-76.813,37.529,16977.863,62884.597,19970919_072452
1,KAKQ19970919_113442,41.228,0.806,337.377,172.143,46.671,-76.796,37.560,23335.490,66604.122,19970919_073442
1,KAKQ19970919_114432,51.061,0.135,335.394,175.569,55.002,-76.807,37.544,27500.969,64683.462,19970919_074432
4,KAKQ19970919_105522,1.894,0.644,361.036,579.174,13.482,-76.670,35.725,6740.851,142884.023,19970919_065522
4,KAKQ19970919_110512,11.728,0.721,363.451,579.724,21.909,-76.657,35.723,10954.567,143414.823,19970919_070512
4,KAKQ19970919_111502,21.561,0.921,365.550,573.464,27.222,-76.645,35.751,13611.167,140605.061,19970919_071502
4,KAKQ19970919_112452,31.394,0.395,371.507,571.502,33.961,-76.612,35.760,16980.419,140380.503,19970919_072452
6,KAKQ19970919_105522,1.894,0.066,245.258,20.578,15.984,-77.320,38.242,7992.008,142367.048,19970919_065522
6,KAKQ19970919_110512,11.728,0.847,253.033,22.554,25.200,-77.276,38.233,12600.187,140696.575,19970919_070512
6,KAKQ19970919_111502,21.561,0.252,257.204,25.620,29.946,-77.252,38.220,14972.752,138848.965,19970919_071502
8,KAKQ19970919_110512,11.728,0.061,505.700,375.472,12.329,-75.857,36.638,6164.499,109554.158,19970919_070512
8,KAKQ19970919_111502,21.561,0.076,511.937,375.430,21.263,-75.823,36.638,10631.492,112480.163,19970919_071502
8,KAKQ19970919_112452,31.394,0.247,517.079,376.805,24.997,-75.794,36.632,12498.607,115132.979,19970919_072452
11,KAKQ19970919_115421,60.878,0.420,500.576,382.167,17.832,-75.887,36.608,8916.124,108376.905,19970919_075421
11,KAKQ19970919_120411,70.711,0.566,500.604,388.275,30.679,-75.887,36.581,15339.355,109583.914,19970919_080411
11,KAKQ19970919_121401,80.544,0.470,505.246,393.881,37.422,-75.861,36.555,18711.002,112848.793,19970919_081401
5,KAKQ19970919_105522,1.894,0.168,362.386,519.801,34.288,-76.662,35.993,17144.117,114241.506,19970919_065522
5,KAKQ19970919_110512,11.728,0.114,364.266,521.241,44.372,-76.651,35.986,22186.079,115192.977,19970919_070512
5,KAKQ19970919_111502,21.561,0.079,368.024,513.192,37.340,-76.630,36.023,18670.135,111890.445,19970919_071502
1,KAKQ19970920_104347,-10.504,0.309,377.476,514.992,18.669,-76.578,36.014,9334.414,114263.011,19970920_064347
1,KAKQ19970920_105337,-0.670,0.575,377.464,512.088,27.740,-76.578,36.027,13869.937,112896.091,19970920_065337
1,KAKQ19970920_110328,9.180,0.768,384.545,515.578,38.627,-76.539,36.012,19313.302,115781.623,19970920_070328
1,KAKQ19970920_111320,19.046,0.319,391.704,519.746,44.790,-76.499,35.993,22394.834,119056.721,19970920_071320
1,KAKQ19970920_112311,28.896,0.063,389.728,531.322,47.310,-76.510,35.941,23654.910,124057.621,19970920_072311
3,KAKQ19970920_105337,-0.670,0.965,354.992,169.908,16.205,-76.696,37.570,8102.478,70619.064,19970920_065337
3,KAKQ19970920_110328,9.180,0.121,353.621,168.224,24.638,-76.704,37.577,12318.771,71133.994,19970920_070328
3,KAKQ19970920_111320,19.046,0.848,380.548,169.467,32.011,-76.552,37.571,16005.394,76692.379,19970920_071320
3,KAKQ19970920_112311,28.896,0.112,390.978,169.389,40.194,-76.493,37.571,20097.047,79586.926,19970920_072311
2,KAKQ19970920_104347,-10.504,0.116,337.680,419.758,46.618,-76.797,36.444,23309.143,62773.158,19970920_064347
2,KAKQ19970920_105337,-0.670,0.093,336.910,419.889,53.446,-76.802,36.444,26722.933,62721.150,19970920_065337
2,KAKQ19970920_110328,9.180,0.346,353.922,416.638,33.607,-76.707,36.458,16803.400,64249.677,19970920_070328
2,KAKQ19970920_111320,19.046,0.081,350.836,414.760,48.667,-76.724,36.466,24333.643,62757.677,19970920_071320
10,KAKQ19970920_113303,38.763,0.100,280.227,48.946,41.394,-77.120,38.115,20696.991,125915.512,19970920_073303
10,KAKQ19970920_114256,48.646,0.121,281.464,50.563,53.911,-77.113,38.108,26955.342,125062.381,19970920_074256
11,KAKQ19970920_114256,48.646,0.270,30.482,296.096,21.847,-78.521,36.992,10923.423,134773.295,19970920_074256
1,KAKQ19970921_103851,-16.254,0.127,330.397,182.762,3.707,-76.836,37.512,1853.485,60557.079,19970921_063851
1,KAKQ19970921_104448,-10.304,0.832,329.750,187.449,11.675,-76.839,37.491,5837.471,58208.225,19970921_064448
1,KAKQ19970921_105046,-4.337,0.949,328.339,195.121,16.593,-76.847,37.456,8296.313,54320.064,19970921_065046
1,KAKQ19970921_105641,1.579,0.928,329.430,199.252,21.269,-76.841,37.438,10634.495,52479.375,19970921_065641
1,KAKQ19970921_110236,7.496,0.874,328.072,204.046,25.072,-76.849,37.416,12536.058,49988.145,19970921_070236
1,KAKQ19970921_110833,13.446,0.831,325.738,209.076,29.876,-76.862,37.393,14938.002,47248.236,19970921_070833
1,KAKQ19970921_111428,19.363,0.427,326.634,213.332,32.902,-76.857,37.374,16450.774,45334.235,19970921_071428
1,KAKQ19970921_112023,25.279,0.088,322.887,217.777,34.904,-76.878,37.354,17451.861,42674.587,19970921_072023
4,KAKQ19970921_105641,1.579,0.961,241.013,52.257,15.541,-77.344,38.099,7770.653,127334.269,19970921_065641
4,KAKQ19970921_110236,7.496,0.980,239.101,57.989,26.654,-77.355,38.074,13327.036,124777.874,19970921_070236
4,KAKQ19970921_110833,13.446,0.945,237.828,65.188,33.871,-77.362,38.041,16935.572,121451.684,19970921_070833
4,KAKQ19970921_111428,19.363,0.869,237.724,69.052,40.387,-77.362,38.024,20193.540,119598.761,19970921_071428
4,KAKQ19970921_112023,25.279,0.759,239.067,70.844,43.706,-77.354,38.016,21853.240,118559.611,19970921_072023
4,KAKQ19970921_112647,31.679,0.663,240.807,73.385,46.709,-77.344,38.004,23354.475,117109.195,19970921_072647
3,KAKQ19970921_105046,-4.337,0.080,483.759,393.667,13.214,-75.981,36.557,6607.203,103127.286,19970921_065046
3,KAKQ19970921_105641,1.579,0.682,486.416,396.866,23.120,-75.967,36.543,11559.979,105040.241,19970921_065641
3,KAKQ19970921_110236,7.496,0.826,484.217,407.188,27.762,-75.979,36.496,13880.788,106565.936,19970921_070236
3,KAKQ19970921_110833,13.446,0.682,488.227,415.133,32.347,-75.958,36.460,16173.500,110323.315,19970921_070833
3,KAKQ19970921_111428,19.363,0.714,489.521,421.540,37.454,-75.951,36.432,18727.072,112572.668,19970921_071428
3,KAKQ19970921_112023,25.279,-1.000,491.195,428.279,42.478,-75.942,36.401,21238.932,115120.882,19970921_072023
3,KAKQ19970921_112647,31.679,-1.000,493.006,435.569,47.912,-75.932,36.368,23955.986,117930.356,19970921_072647
3,KAKQ19970921_113241,37.579,0.137,494.539,439.240,55.054,-75.924,36.352,27527.216,119617.346,19970921_073241
3,KAKQ19970921_113837,43.513,0.487,459.257,454.141,36.122,-76.121,36.286,18061.077,110817.663,19970921_073837
9,KAKQ19970921_112023,25.279,0.538,479.243,425.885,32.673,-76.008,36.412,16336.605,109516.191,19970921_072023
9,KAKQ19970921_112647,31.679,0.165,475.749,429.615,40.020,-76.028,36.396,20009.909,109187.754,19970921_072647
12,KAKQ19970921_120218,67.196,0.149,227.859,258.716,24.239,-77.414,37.169,12119.675,41559.442,19970921_080218
12,KAKQ19970921_120813,73.113,0.280,227.512,258.331,30.736,-77.416,37.171,15368.008,41805.693,19970921_080813
12,KAKQ19970921_121408,79.029,0.062,224.927,258.522,27.031,-77.430,37.170,13515.442,42884.453,19970921_081408
5,KAKQ19970921_105641,1.579,0.110,235.298,247.733,16.873,-77.372,37.219,8436.481,41587.617,19970921_065641
7,KAKQ19970921_105641,1.579,0.094,210.253,202.370,25.063,-77.514,37.423,12531.298,66306.358,19970921_065641
8,KAKQ19970921_110236,7.496,0.063,318.864,100.447,17.746,-76.900,37.883,8873.241,100221.328,19970921_070236
11,KAKQ19970921_115027,55.346,0.053,349.083,237.107,21.499,-76.731,37.267,10749.317,39889.399,19970921_075027
13,KAKQ19970921_120218,67.196,0.093,51.698,405.214,27.626,-78.393,36.502,13813.126,134836.727,19970921_080218
4,KAKQ19970922_104737,-8.306,0.091,483.999,377.359,8.648,-75.979,36.631,4323.854,99799.797,19970922_064737
4,KAKQ19970922_105329,-2.440,0.633,482.205,377.222,16.941,-75.989,36.632,8470.721,98947.134,19970922_065329
4,KAKQ19970922_105923,3.460,0.777,480.706,377.605,18.101,-75.997,36.630,9050.711,98332.678,19970922_065923
4,KAKQ19970922_110519,9.394,0.819,475.679,378.205,26.404,-76.025,36.627,13202.190,96149.941,19970922_070519
4,KAKQ19970922_111113,15.294,0.390,475.590,378.854,29.288,-76.026,36.625,14644.025,96241.758,19970922_071113
4,KAKQ19970922_111708,21.210,0.275,469.379,376.727,36.944,-76.061,36.634,18472.074,92973.372,19970922_071708
4,KAKQ19970922_112303,27.127,0.325,470.882,373.158,37.082,-76.052,36.650,18541.006,92941.726,19970922_072303
4,KAKQ19970922_112858,33.044,0.570,477.326,372.893,34.789,-76.016,36.651,17394.674,95861.915,19970922_072858
4,KAKQ19970922_113452,38.944,0.091,474.543,373.520,38.518,-76.032,36.649,19258.915,94697.294,19970922_073452
2,KAKQ19970922_104737,-8.306,0.830,327.120,180.635,10.693,-76.854,37.522,5346.313,61203.772,19970922_064737
2,KAKQ19970922_105329,-2.440,0.883,324.653,181.586,16.999,-76.868,37.517,8499.475,60476.761,19970922_065329
2,KAKQ19970922_105923,3.460,0.953,321.937,182.245,18.675,-76.883,37.514,9337.410,59890.405,19970922_065923
2,KAKQ19970922_110519,9.394,0.985,319.972,183.453,27.717,-76.895,37.509,13858.312,59123.170,19970922_070519
2,KAKQ19970922_111113,15.294,0.970,317.416,182.002,32.857,-76.909,37.515,16428.337,59638.393,19970922_071113
2,KAKQ19970922_111708,21.210,0.893,315.652,182.647,36.184,-76.919,37.513,18091.890,59196.059,19970922_071708
2,KAKQ19970922_112303,27.127,0.817,314.330,184.080,42.498,-76.926,37.506,21248.861,58401.142,19970922_072303
2,KAKQ19970922_112858,33.044,0.207,313.544,185.363,49.056,-76.931,37.500,24527.913,57717.004,19970922_072858
5,KAKQ19970922_105329,-2.440,0.322,482.895,242.091,15.840,-75.977,37.240,7920.033,95922.114,19970922_065329
5,KAKQ19970922_105923,3.460,0.890,478.625,247.684,26.309,-76.001,37.215,13154.420,93064.222,19970922_065923
5,KAKQ19970922_110519,9.394,0.941,473.799,250.911,29.456,-76.029,37.201,14728.039,90299.337,19970922_070519
5,KAKQ19970922_111113,15.294,0.906,472.079,254.601,30.622,-76.039,37.184,15310.789,88983.419,19970922_071113
5,KAKQ19970922_111708,21.210,0.787,470.449,253.411,36.679,-76.048,37.190,18339.546,88350.670,19970922_071708
5,KAKQ19970922_112303,27.127,0.777,462.953,257.551,37.990,-76.090,37.172,18994.838,84195.597,19970922_072303
5,KAKQ19970922_112858,33.044,0.439,459.232,262.382,38.387,-76.111,37.150,19193.490,81807.504,19970922_072858
5,KAKQ19970922_113452,38.944,0.062,433.367,232.928,67.877,-76.256,37.284,33938.591,74641.534,19970922_073452
1,KAKQ19970922_103547,-20.140,0.201,345.012,524.106,16.782,-76.758,35.974,8390.934,114290.956,19970922_063547
1,KAKQ19970922_104142,-14.223,0.089,345.300,525.695,23.625,-76.756,35.967,11812.571,115098.062,19970922_064142
1,KAKQ19970922_104737,-8.306,0.138,345.993,528.814,24.902,-76.753,35.953,12451.068,116695.310,19970922_064737
1,KAKQ19970922_105329,-2.440,0.056,343.055,526.183,29.435,-76.769,35.965,14717.745,115122.105,19970922_065329
1,KAKQ19970922_105923,3.460,0.275,349.838,525.967,32.917,-76.731,35.965,16458.440,115698.687,19970922_065923
1,KAKQ19970922_110519,9.394,0.118,364.287,527.570,32.056,-76.651,35.958,16027.978,118237.876,19970922_070519
3,KAKQ19970922_104737,-8.306,0.772,236.976,22.222,9.555,-77.367,38.235,4777.384,142418.900,19970922_064737
3,KAKQ19970922_105329,-2.440,0.837,236.353,22.241,15.772,-77.371,38.235,7886.065,142478.911,19970922_065329
3,KAKQ19970922_105923,3.460,0.951,236.642,23.425,20.702,-77.369,38.229,10350.772,141869.745,19970922_065923
3,KAKQ19970922_110519,9.394,0.967,237.267,26.023,26.776,-77.366,38.218,13388.064,140533.476,19970922_070519
3,KAKQ19970922_111113,15.294,0.890,234.889,29.704,30.761,-77.379,38.201,15380.749,139013.979,19970922_071113
3,KAKQ19970922_111708,21.210,0.205,231.341,32.006,37.431,-77.399,38.191,18715.620,138324.540,19970922_071708
8,KAKQ19970922_105923,3.460,0.330,181.980,425.620,10.786,-77.665,36.416,5393.084,86181.857,19970922_065923
8,KAKQ19970922_110519,9.394,0.845,178.619,429.982,20.799,-77.684,36.396,10399.743,88922.037,19970922_070519
8,KAKQ19970922_111113,15.294,0.066,176.729,429.948,30.112,-77.695,36.396,15055.812,89557.571,19970922_071113
6,KAKQ19970922_105329,-2.440,0.087,461.833,412.318,15.657,-76.105,36.474,7828.474,98495.148,19970922_065329
6,KAKQ19970922_105923,3.460,0.100,461.956,414.163,22.438,-76.104,36.466,11219.012,99074.204,19970922_065923
9,KAKQ19970922_110519,9.394,0.087,99.946,250.141,8.805,-78.134,37.203,4402.378,103086.554,19970922_070519
10,KAKQ19970922_111113,15.294,0.127,347.992,574.169,25.913,-76.742,35.748,12956.383,139168.988,19970922_071113
3,KAKQ19970923_110302,6.288,0.818,506.388,364.385,20.340,-75.853,36.688,10169.769,108098.694,19970923_070302
3,KAKQ19970923_111253,16.138,0.462,512.896,366.280,28.937,-75.817,36.679,14468.384,111487.250,19970923_071253
1,KAKQ19970923_103328,-23.278,0.157,22.358,366.439,21.230,-78.561,36.674,10614.830,142740.488,19970923_063328
2,KAKQ19970923_103328,-23.278,0.062,23.789,327.621,38.772,-78.556,36.849,19385.830,138794.317,19970923_063328
4,KAKQ19970923_110302,6.288,0.078,393.976,511.942,28.221,-76.486,36.028,14110.691,115921.432,19970923_070302
5,KAKQ19970923_113234,35.822,0.111,534.900,242.541,28.804,-75.684,37.235,14402.103,120912.555,19970923_073234
1,KAKQ19970924_105437,-2.953,0.860,331.494,182.023,11.534,-76.829,37.515,5767.090,61054.316,19970924_065437
1,KAKQ19970924_110032,2.964,0.967,328.792,184.795,15.174,-76.845,37.503,7586.752,59374.377,19970924_070032
1,KAKQ19970924_110627,8.880,0.987,326.980,189.816,20.562,-76.855,37.480,10281.023,56719.324,19970924_070627
1,KAKQ19970924_111221,14.780,0.994,325.946,190.913,27.915,-76.861,37.475,13957.558,56065.013,19970924_071221
1,KAKQ19970924_115936,62.030,0.812,322.515,190.381,31.736,-76.880,37.478,15868.197,55953.764,19970924_075936
4,KAKQ19970924_110032,2.964,0.774,484.654,390.675,13.334,-75.976,36.571,6667.175,102858.204,19970924_070032
4,KAKQ19970924_110627,8.880,0.688,485.475,390.961,18.862,-75.971,36.570,9431.096,103289.482,19970924_070627
4,KAKQ19970924_111221,14.780,0.752,487.361,394.038,18.590,-75.961,36.556,9294.756,104817.876,19970924_071221
4,KAKQ19970924_115936,62.030,0.089,488.215,396.753,20.582,-75.956,36.543,10291.036,105813.830,19970924_075936
2,KAKQ19970925_110525,7.019,0.174,331.388,184.678,11.680,-76.830,37.503,5839.867,59758.627,19970925_070525
2,KAKQ19970925_111119,12.919,0.081,331.590,186.379,20.258,-76.829,37.496,10128.819,58965.629,19970925_071119
2,KAKQ19970925_111714,18.836,0.643,330.452,184.966,21.471,-76.835,37.502,10735.250,59498.417,19970925_071714
2,KAKQ19970925_112308,24.736,0.459,331.519,185.690,25.199,-76.829,37.499,12599.564,59287.978,19970925_072308
1,KAKQ19970925_101805,-40.314,0.117,227.768,287.425,24.011,-77.413,37.040,12005.711,36659.343,19970925_061805
1,KAKQ19970925_102359,-34.414,0.058,229.319,284.781,32.425,-77.405,37.052,16212.597,36150.514,19970925_062359
7,KAKQ19970925_115837,60.219,0.198,287.592,240.875,21.564,-77.077,37.250,10782.185,30206.551,19970925_075837
7,KAKQ19970925_120431,66.119,0.825,292.357,241.389,26.400,-77.051,37.248,13200.158,29553.493,19970925_080431
7,KAKQ19970925_121026,72.036,0.700,302.924,236.941,22.227,-76.991,37.268,11113.361,31563.352,19970925_081026
3,KAKQ19970925_111119,12.919,0.065,348.752,292.127,32.704,-76.734,37.019,16352.161,24691.743,19970925_071119
6,KAKQ19970925_112308,24.736,0.125,232.473,252.410,20.785,-77.388,37.198,10392.475,41305.785,19970925_072308
2,KAKQ19970926_105054,-8.328,0.542,376.927,571.783,13.014,-76.582,35.758,6507.238,141230.079,19970926_065054
2,KAKQ19970926_110042,1.472,0.181,376.142,572.933,22.455,-76.587,35.753,11227.489,141677.570,19970926_070042
2,KAKQ19970926_111031,11.288,0.168,376.952,571.668,27.972,-76.582,35.759,13986.241,141178.109,19970926_071031
2,KAKQ19970926_112021,21.122,0.085,381.212,569.244,29.534,-76.558,35.770,14766.988,140612.575,19970926_072021
4,KAKQ19970926_110042,1.472,0.939,500.088,251.927,24.357,-75.881,37.195,12178.280,102891.010,19970926_070042
4,KAKQ19970926_111031,11.288,0.908,503.544,257.866,32.576,-75.862,37.168,16288.120,103929.631,19970926_071031
4,KAKQ19970926_112021,21.122,0.868,509.320,258.393,45.321,-75.829,37.166,22660.655,106707.345,19970926_072021
4,KAKQ19970926_113009,30.922,0.378,519.204,257.653,59.482,-75.773,37.168,29741.107,111628.657,19970926_073009
1,KAKQ19970926_104105,-18.145,0.918,489.644,380.565,14.037,-75.948,36.616,7018.255,103023.871,19970926_064105
1,KAKQ19970926_105054,-8.328,0.229,489.219,383.974,21.663,-75.950,36.601,10831.483,103507.785,19970926_065054
3,KAKQ19970926_105054,-8.328,0.071,458.871,401.303,10.447,-76.121,36.524,5223.423,94210.383,19970926_065054
5,KAKQ19970926_111031,11.288,0.402,312.494,430.727,5.181,-76.938,36.395,2590.536,65661.533,19970926_071031
8,KAKQ19970926_111031,11.288,0.059,253.058,50.878,26.879,-77.275,38.106,13439.419,126753.196,19970926_071031
10,KAKQ19970926_112021,21.122,0.170,235.583,232.090,28.793,-77.371,37.289,14396.708,46800.894,19970926_072021
11,KAKQ19970926_113009,30.922,0.063,485.699,397.953,38.873,-75.971,36.538,19436.615,104974.683,19970926_073009
12,KAKQ19970926_113958,40.738,0.444,351.795,165.852,36.433,-76.714,37.588,18216.629,71899.806,19970926_073958
14,KAKQ19970926_120924,70.172,0.223,524.866,391.644,34.164,-75.751,36.564,17082.130,121411.590,19970926_080924
2,KAKQ19970927_105554,-4.163,0.967,324.520,178.999,11.420,-76.869,37.529,5709.892,61730.279,19970927_065554
2,KAKQ19970927_110546,5.704,0.942,322.950,179.694,22.159,-76.878,37.526,11079.545,61237.476,19970927_070546
2,KAKQ19970927_111538,15.571,0.985,320.360,178.734,30.067,-76.892,37.530,15033.512,61481.650,19970927_071538
2,KAKQ19970927_112531,25.454,0.745,320.824,176.329,38.459,-76.890,37.541,19229.389,62705.814,19970927_072531
2,KAKQ19970927_113522,35.304,0.129,320.754,174.292,44.223,-76.890,37.550,22111.657,63704.649,19970927_073522
3,KAKQ19970927_105554,-4.163,0.941,484.449,237.526,15.137,-75.968,37.261,7568.527,97370.827,19970927_065554
3,KAKQ19970927_110546,5.704,0.958,480.193,239.360,24.691,-75.992,37.253,12345.433,95061.427,19970927_070546
3,KAKQ19970927_111538,15.571,0.922,477.208,239.694,28.686,-76.009,37.251,14343.173,93594.028,19970927_071538
3,KAKQ19970927_112531,25.454,0.354,467.890,238.285,42.698,-76.061,37.258,21348.873,89437.106,19970927_072531
3,KAKQ19970927_113522,35.304,0.118,468.636,240.096,45.851,-76.057,37.250,22925.605,89479.627,19970927_073522
4,KAKQ19970927_105554,-4.163,0.775,478.734,379.460,16.076,-76.008,36.622,8038.038,97800.365,19970927_065554
4,KAKQ19970927_110546,5.704,0.905,469.545,378.946,28.267,-76.060,36.624,14133.718,93512.126,19970927_070546
4,KAKQ19970927_111538,15.571,0.926,468.266,379.882,34.021,-76.067,36.620,17010.508,93132.104,19970927_071538
4,KAKQ19970927_112531,25.454,0.789,459.351,378.457,45.146,-76.117,36.627,22573.203,88809.089,19970927_072531
4,KAKQ19970927_113522,35.304,0.400,458.536,382.310,51.918,-76.121,36.610,25959.071,89314.710,19970927_073522
6,KAKQ19970927_105554,-4.163,0.071,326.874,88.999,13.134,-76.855,37.934,6567.158,106352.794,19970927_065554
6,KAKQ19970927_110546,5.704,0.896,321.068,91.978,26.360,-76.888,37.921,13180.148,104543.164,19970927_070546
6,KAKQ19970927_111538,15.571,0.780,321.775,91.080,29.926,-76.884,37.925,14962.773,105025.868,19970927_071538
6,KAKQ19970927_112531,25.454,0.140,323.851,92.992,38.844,-76.872,37.916,19422.003,104188.746,19970927_072531
1,KAKQ19970927_104602,-14.029,0.055,371.810,513.981,14.478,-76.609,36.019,7238.887,112854.625,19970927_064602
1,KAKQ19970927_105554,-4.163,0.465,356.603,512.085,21.024,-76.694,36.028,10511.783,109754.285,19970927_065554
7,KAKQ19970927_110546,5.704,0.703,233.896,23.223,19.034,-77.385,38.230,9517.145,142280.613,19970927_070546
7,KAKQ19970927_111538,15.571,0.338,235.410,24.358,28.225,-77.376,38.225,14112.560,141554.202,19970927_071538
8,KAKQ19970927_111538,15.571,0.252,275.488,413.227,14.331,-77.144,36.474,7165.581,57924.991,19970927_071538
8,KAKQ19970927_112531,25.454,0.216,289.032,414.826,27.444,-77.069,36.467,13721.899,57674.393,19970927_072531
8,KAKQ19970927_113522,35.304,0.495,291.553,414.030,22.010,-77.055,36.470,11005.180,57171.035,19970927_073522
8,KAKQ19970927_114514,45.171,-1.000,291.553,414.030,37.698,-77.055,36.470,18849.180,57171.035,19970927_074514
8,KAKQ19970927_115506,55.037,0.076,295.566,416.618,30.788,-77.032,36.458,15393.826,58351.208,19970927_075506
9,KAKQ19970927_111538,15.571,0.080,312.288,411.472,26.437,-76.939,36.482,13218.565,56073.787,19970927_071538
12,KAKQ19970927_120457,64.887,0.113,228.291,237.698,27.047,-77.412,37.264,13523.594,47496.714,19970927_080457
12,KAKQ19970927_121449,74.754,0.066,207.493,247.057,16.167,-77.529,37.221,8083.389,53292.871,19970927_081449
2,KAKQ19970928_111711,16.283,0.307,199.768,247.117,12.808,-77.572,37.221,6403.776,56663.723,19970928_071711
2,KAKQ19970928_112305,22.183,0.286,198.674,244.833,20.588,-77.578,37.231,10293.758,57685.157,19970928_072305
1,KAKQ19970928_105929,-1.417,0.076,396.708,271.195,10.603,-76.463,37.112,5301.311,50453.547,19970928_065929
3,KAKQ19970928_120423,63.483,0.091,329.374,390.390,19.177,-76.843,36.577,9588.516,47521.662,19970928_080423
4,KAKQ19970928_122205,81.183,0.413,259.132,408.450,18.952,-77.236,36.495,9476.076,57947.489,19970928_082205
4,KAKQ19970929_110759,6.242,0.123,88.465,137.289,55.745,-78.207,37.711,27872.503,133436.948,19970929_070759
4,KAKQ19970929_111351,12.108,0.094,93.868,136.204,62.036,-78.176,37.716,31018.141,131642.799,19970929_071351
4,KAKQ19970929_111944,17.992,-1.000,98.482,135.277,68.798,-78.150,37.721,34398.755,130137.257,19970929_071944
4,KAKQ19970929_112540,23.925,0.091,50.537,187.504,69.737,-78.418,37.482,34868.279,136827.776,19970929_072540
6,KAKQ19970929_114914,47.492,0.067,53.905,388.087,23.438,-78.382,36.579,11718.771,130692.192,19970929_074914
6,KAKQ19970929_115510,53.425,0.201,59.052,387.655,29.672,-78.354,36.581,14836.002,128198.168,19970929_075510
1,KAKQ19970929_103828,-23.275,0.052,324.299,409.031,26.878,-76.872,36.493,13439.119,55852.735,19970929_063828
1,KAKQ19970929_104422,-17.375,-1.000,324.299,409.031,36.259,-76.872,36.493,18129.619,55852.735,19970929_064422
1,KAKQ19970929_105018,-11.442,0.081,333.916,413.395,29.532,-76.818,36.473,14765.856,59179.078,19970929_065018
2,KAKQ19970929_105018,-11.442,0.098,60.638,149.694,59.662,-78.364,37.653,29831.160,141320.580,19970929_065018
1,KAKQ19970930_111948,17.213,0.056,348.715,309.844,8.269,-76.734,36.939,4134.670,24849.977,19970930_071948
4,KAKQ19971001_105202,-11.402,0.268,502.032,246.144,8.824,-75.869,37.221,4412.239,104543.755,19971001_065202
4,KAKQ19971001_110153,-1.552,0.886,502.843,251.421,18.393,-75.865,37.197,9196.349,104289.768,19971001_070153
4,KAKQ19971001_111145,8.314,0.848,506.417,261.828,25.920,-75.846,37.150,12959.918,104958.631,19971001_071145
4,KAKQ19971001_112136,18.164,0.858,511.120,270.394,31.930,-75.820,37.111,15965.181,106592.979,19971001_072136
4,KAKQ19971001_113127,28.014,0.733,515.466,272.536,38.629,-75.796,37.101,19314.499,108604.817,19971001_073127
4,KAKQ19971001_114119,37.881,0.469,523.005,276.784,45.237,-75.753,37.082,22618.316,112104.935,19971001_074119
4,KAKQ19971001_115110,47.731,0.119,519.634,285.992,42.008,-75.773,37.041,21004.086,110039.924,19971001_075110
5,KAKQ19971001_110153,-1.552,0.872,332.567,181.550,14.392,-76.823,37.517,7196.194,61422.784,19971001_070153
5,KAKQ19971001_111145,8.314,0.982,335.243,186.275,23.563,-76.808,37.496,11781.673,59530.197,19971001_071145
5,KAKQ19971001_112136,18.164,0.928,337.862,190.819,31.390,-76.793,37.476,15694.837,57779.856,19971001_072136
5,KAKQ19971001_113127,28.014,0.853,337.353,195.062,33.191,-76.796,37.456,16595.258,55693.958,19971001_073127
5,KAKQ19971001_114119,37.881,0.132,338.173,202.786,35.231,-76.792,37.422,17615.443,52220.204,19971001_074119
6,KAKQ19971001_110153,-1.552,0.423,491.618,385.798,16.824,-75.937,36.592,8412.085,104974.596,19971001_070153
6,KAKQ19971001_111145,8.314,0.861,494.908,390.202,22.489,-75.919,36.572,11244.451,107384.059,19971001_071145
6,KAKQ19971001_112136,18.164,0.881,497.852,400.961,27.044,-75.903,36.524,13522.050,111061.440,19971001_072136
6,KAKQ19971001_113127,28.014,0.361,503.312,411.028,31.815,-75.873,36.478,15907.463,115826.163,19971001_073127
6,KAKQ19971001_114119,37.881,0.086,511.240,413.855,42.343,-75.829,36.465,21171.360,119984.732,19971001_074119
7,KAKQ19971001_110153,-1.552,0.137,363.082,581.932,18.123,-76.659,35.713,9061.275,144451.446,19971001_070153
7,KAKQ19971001_111145,8.314,0.237,361.529,579.823,31.147,-76.668,35.723,15573.613,143254.000,19971001_071145
1,KAKQ19971001_104211,-21.252,0.149,197.205,375.396,5.014,-77.582,36.643,2507.067,63740.479,19971001_064211
9,KAKQ19971001_113127,28.014,0.165,226.930,183.484,26.068,-77.421,37.508,13033.995,68765.938,19971001_073127
11,KAKQ19971001_115110,47.731,0.271,283.648,411.210,18.273,-77.099,36.483,9136.518,56202.677,19971001_075110
4,KAKQ19971002_110225,-1.872,0.596,219.802,182.917,10.923,-77.461,37.511,5461.266,70957.958,19971002_070225
4,KAKQ19971002_111214,7.945,0.888,212.741,189.663,23.852,-77.501,37.480,11925.980,70335.735,19971002_071214
4,KAKQ19971002_112204,17.778,0.780,218.288,189.849,24.076,-77.469,37.479,12038.057,68574.702,19971002_072204
4,KAKQ19971002_113152,27.578,0.600,220.685,190.619,26.819,-77.456,37.476,13409.313,67555.494,19971002_073152
4,KAKQ19971002_114141,37.395,0.393,225.850,192.838,28.640,-77.427,37.466,14319.939,65157.485,19971002_074141
4,KAKQ19971002_115129,47.195,0.376,230.356,191.609,35.673,-77.401,37.472,17836.397,64418.246,19971002_075129
4,KAKQ19971002_120119,57.028,0.122,229.371,190.850,42.645,-77.407,37.475,21322.325,65004.185,19971002_080119
4,KAKQ19971002_121108,66.845,0.089,229.368,188.181,46.240,-77.407,37.487,23119.838,66129.157,19971002_081108
1,KAKQ19971002_105236,-11.688,0.912,322.814,182.235,9.794,-76.878,37.514,4896.935,59977.178,19971002_065236
1,KAKQ19971002_110225,-1.872,0.971,320.499,185.795,19.253,-76.892,37.498,9626.274,58015.176,19971002_070225
1,KAKQ19971002_111214,7.945,0.969,317.545,189.932,31.773,-76.908,37.480,15886.745,55728.903,19971002_071214
1,KAKQ19971002_112204,17.778,0.966,315.029,194.017,41.003,-76.923,37.461,20501.727,53521.528,19971002_072204
1,KAKQ19971002_113152,27.578,0.838,312.068,188.873,46.583,-76.939,37.485,23291.377,55890.416,19971002_073152
1,KAKQ19971002_114141,37.395,0.459,310.281,195.814,53.190,-76.949,37.453,26595.204,52345.797,19971002_074141
3,KAKQ19971002_110225,-1.872,0.797,323.107,99.649,21.039,-76.876,37.886,10519.489,100839.731,19971002_070225
3,KAKQ19971002_111214,7.945,0.947,325.366,103.134,30.411,-76.863,37.871,15205.307,99246.633,19971002_071214
3,KAKQ19971002_112204,17.778,0.857,328.299,107.573,38.859,-76.847,37.851,19429.485,97248.290,19971002_072204
3,KAKQ19971002_113152,27.578,0.221,328.904,108.652,49.140,-76.843,37.846,24569.847,96759.381,19971002_073152
6,KAKQ19971002_110225,-1.872,0.173,470.120,429.292,16.361,-76.059,36.398,8180.676,106837.758,19971002_070225
6,KAKQ19971002_111214,7.945,0.654,475.588,407.348,29.940,-76.028,36.496,14970.249,102901.278,19971002_071214
6,KAKQ19971002_112204,17.778,0.707,473.847,410.262,40.224,-76.037,36.483,20111.873,102932.447,19971002_072204
6,KAKQ19971002_113152,27.578,0.051,473.201,417.247,44.608,-76.041,36.452,22303.930,104577.046,19971002_073152
2,KAKQ19971002_110225,-1.872,0.889,487.932,258.803,20.090,-75.950,37.165,10045.082,96197.426,19971002_070225
2,KAKQ19971002_111214,7.945,0.971,486.079,265.221,29.801,-75.960,37.136,14900.277,94650.686,19971002_071214
2,KAKQ19971002_112204,17.778,0.437,485.723,267.424,39.321,-75.963,37.126,19660.608,94278.994,19971002_072204
9,KAKQ19971002_110225,-1.872,0.086,359.540,582.737,16.359,-76.679,35.709,8179.705,144469.034,19971002_070225
9,KAKQ19971002_111214,7.945,0.429,360.204,582.477,25.986,-76.675,35.711,12992.789,144410.670,19971002_071214
9,KAKQ19971002_112204,17.778,0.460,361.832,580.526,27.004,-76.666,35.719,13502.240,143629.715,19971002_072204
12,KAKQ19971002_111214,7.945,0.871,177.308,427.133,10.905,-77.691,36.409,5452.383,88340.534,19971002_071214
12,KAKQ19971002_112204,17.778,0.607,177.934,428.262,19.210,-77.688,36.404,9605.110,88531.507,19971002_072204
12,KAKQ19971002_113152,27.578,0.196,175.486,434.835,28.165,-77.701,36.374,14082.529,91766.386,19971002_073152
10,KAKQ19971002_110225,-1.872,0.086,223.377,258.121,13.735,-77.439,37.172,6867.458,43660.577,19971002_070225
10,KAKQ19971002_111214,7.945,0.674,226.358,255.762,20.821,-77.422,37.182,10410.708,42953.937,19971002_071214
11,KAKQ19971002_111214,7.945,0.878,269.693,45.456,20.260,-77.180,38.130,10129.955,128171.105,19971002_071214
11,KAKQ19971002_112204,17.778,0.506,270.259,48.105,31.160,-77.177,38.119,15580.085,126822.100,19971002_072204
8,KAKQ19971002_110225,-1.872,0.122,468.822,388.434,29.863,-76.064,36.582,14931.456,95290.836,19971002_070225
14,KAKQ19971002_111214,7.945,0.052,218.115,502.424,13.420,-77.462,36.071,6709.972,109179.496,19971002_071214
16,KAKQ19971002_114141,37.395,0.208,17.117,297.764,22.243,-78.596,36.983,11121.329,141446.141,19971002_074141
1,KAKQ19971003_105210,-12.979,0.524,494.811,234.890,12.647,-75.909,37.272,6323.689,102701.557,19971003_065210
1,KAKQ19971003_110159,-3.162,0.858,492.672,233.450,21.401,-75.921,37.279,10700.382,101920.626,19971003_070159
1,KAKQ19971003_111148,6.655,0.953,494.506,232.381,27.723,-75.911,37.283,13861.253,102962.171,19971003_071148
1,KAKQ19971003_112138,16.488,0.901,495.587,232.547,35.420,-75.905,37.283,17709.818,103445.729,19971003_072138
1,KAKQ19971003_113128,26.321,0.938,501.079,230.017,43.573,-75.874,37.294,21786.546,106454.863,19971003_073128
1,KAKQ19971003_114117,36.138,0.854,503.730,232.671,44.378,-75.859,37.282,22189.193,107283.536,19971003_074117
1,KAKQ19971003_115107,45.971,0.686,509.731,236.275,48.457,-75.825,37.265,24228.573,109599.206,19971003_075107
2,KAKQ19971003_105210,-12.979,0.076,486.249,372.283,8.660,-75.966,36.654,4330.097,99891.920,19971003_065210
2,KAKQ19971003_110159,-3.162,0.954,486.315,366.992,20.966,-75.965,36.677,10482.998,98996.341,19971003_070159
2,KAKQ19971003_111148,6.655,0.912,490.269,364.685,24.066,-75.943,36.688,12033.241,100482.044,19971003_071148
2,KAKQ19971003_112138,16.488,0.926,500.870,362.053,28.684,-75.884,36.699,14342.050,105117.916,19971003_072138
2,KAKQ19971003_113128,26.321,0.912,508.582,362.746,35.133,-75.840,36.695,17566.557,108907.599,19971003_073128
2,KAKQ19971003_114117,36.138,0.446,513.925,363.864,42.438,-75.811,36.690,21218.809,111627.092,19971003_074117
3,KAKQ19971003_105210,-12.979,0.070,321.530,57.725,16.829,-76.885,38.075,8414.593,121614.670,19971003_065210
4,KAKQ19971003_111148,6.655,0.133,176.617,426.135,15.911,-77.695,36.414,7955.360,88223.252,19971003_071148
5,KAKQ19971003_112138,16.488,0.079,365.725,565.659,30.483,-76.644,35.786,15241.508,136834.264,19971003_072138
2,KAKQ19971004_105018,-15.707,0.482,494.827,233.881,11.449,-75.909,37.277,5724.697,102870.214,19971004_065018
2,KAKQ19971004_110009,-5.857,0.882,497.797,228.763,18.935,-75.892,37.300,9467.535,105117.025,19971004_070009
2,KAKQ19971004_110959,3.977,0.938,503.167,227.321,27.811,-75.862,37.306,13905.407,107887.659,19971004_070959
2,KAKQ19971004_111949,13.810,0.789,507.736,228.830,33.344,-75.836,37.299,16672.247,109794.632,19971004_071949
2,KAKQ19971004_112939,23.643,0.109,504.933,224.926,46.292,-75.852,37.317,23146.007,109125.595,19971004_072939
4,KAKQ19971004_105018,-15.707,0.098,367.593,568.180,7.936,-76.634,35.775,3967.798,138283.554,19971004_065018
4,KAKQ19971004_110009,-5.857,0.644,370.789,567.488,17.353,-76.616,35.778,8676.456,138347.981,19971004_070009
4,KAKQ19971004_110959,3.977,0.952,376.619,563.986,23.102,-76.584,35.794,11550.914,137440.138,19971004_070959
4,KAKQ19971004_111949,13.810,0.950,380.030,560.473,32.058,-76.565,35.809,16029.224,136245.281,19971004_071949
4,KAKQ19971004_112939,23.643,0.279,383.357,556.395,37.416,-76.546,35.828,18708.028,134802.583,19971004_072939
1,KAKQ19971004_104028,-25.540,0.333,456.947,274.258,34.390,-76.125,37.097,17195.023,79521.946,19971004_064028
1,KAKQ19971004_105018,-15.707,0.106,457.273,272.557,43.136,-76.123,37.104,21567.966,79824.801,19971004_065018
8,KAKQ19971004_110009,-5.857,0.188,321.243,83.032,16.752,-76.887,37.961,8375.904,109002.607,19971004_070009
8,KAKQ19971004_110959,3.977,0.089,324.508,87.445,24.432,-76.868,37.941,12216.127,106981.569,19971004_070959
3,KAKQ19971004_105018,-15.707,0.143,485.732,391.868,16.541,-75.970,36.565,8270.491,103604.928,19971004_065018
7,KAKQ19971004_110009,-5.857,0.208,174.494,125.121,5.318,-77.720,37.770,2658.836,107627.169,19971004_070009
9,KAKQ19971004_110009,-5.857,0.076,424.254,504.540,11.793,-76.318,36.060,5896.298,119661.670,19971004_070009
11,KAKQ19971004_110959,3.977,0.095,184.831,427.832,13.682,-77.649,36.406,6841.022,86030.546,19971004_070959
12,KAKQ19971004_111949,13.810,0.162,319.422,385.479,39.317,-76.899,36.599,19658.541,43828.728,19971004_071949
1,KAKQ19971005_104902,-17.839,0.062,378.225,578.726,13.957,-76.575,35.727,6978.688,144747.400,19971005_064902
1,KAKQ19971005_105854,-7.972,0.367,379.475,568.612,23.273,-76.568,35.773,11636.626,140061.418,19971005_065854
1,KAKQ19971005_110845,1.878,0.851,382.792,562.767,24.128,-76.550,35.799,12063.825,137750.695,19971005_070845
1,KAKQ19971005_111836,11.728,0.717,382.672,562.436,32.501,-76.550,35.801,16250.446,137574.657,19971005_071836
2,KAKQ19971005_105854,-7.972,0.757,497.805,229.258,17.453,-75.892,37.297,8726.490,105037.267,19971005_065854
2,KAKQ19971005_110845,1.878,0.595,499.577,226.468,27.122,-75.882,37.310,13560.806,106345.998,19971005_070845
3,KAKQ19971005_105854,-7.972,0.386,331.447,93.971,11.448,-76.829,37.912,5723.839,104207.453,19971005_065854
3,KAKQ19971005_110845,1.878,-1.000,331.447,93.971,27.109,-76.829,37.912,13554.589,104207.453,19971005_070845
3,KAKQ19971005_111836,11.728,0.056,347.404,89.157,33.850,-76.738,37.933,16925.073,108053.007,19971005_071836
9,KAKQ19971005_111836,11.728,0.382,432.152,44.633,28.389,-76.254,38.132,14194.279,143767.813,19971005_071836
9,KAKQ19971005_112828,21.595,0.058,436.017,45.284,36.810,-76.232,38.129,18405.243,144378.589,19971005_072828
4,KAKQ19971005_105854,-7.972,0.109,177.139,124.804,8.648,-77.705,37.771,4324.242,106991.246,19971005_065854
6,KAKQ19971005_105854,-7.972,0.054,446.545,466.739,14.280,-76.192,36.230,7139.858,110992.634,19971005_065854
7,KAKQ19971005_105854,-7.972,0.052,490.274,382.687,8.795,-75.944,36.607,4397.451,103732.282,19971005_065854
8,KAKQ19971005_110845,1.878,0.210,306.272,380.093,15.345,-76.972,36.623,7672.323,40168.972,19971005_070845
10,KAKQ19971005_115802,51.161,0.106,17.386,206.668,20.088,-78.603,37.394,10044.117,148813.406,19971005_075802
5,KAKQ19971006_105947,-7.958,0.141,336.842,96.902,13.330,-76.798,37.899,6665.154,103206.444,19971006_065947
5,KAKQ19971006_110939,1.908,0.855,336.021,96.883,20.329,-76.803,37.899,10164.269,103142.963,19971006_070939
5,KAKQ19971006_111931,11.775,0.872,346.520,105.205,31.311,-76.743,37.861,15655.421,100136.520,19971006_071931
5,KAKQ19971006_112923,21.642,0.267,344.474,106.064,42.276,-76.755,37.857,21138.080,99485.042,19971006_072923
1,KAKQ19971006_104955,-17.825,0.521,489.819,377.672,12.008,-75.946,36.629,6003.904,102547.774,19971006_064955
1,KAKQ19971006_105947,-7.958,0.264,491.153,380.172,20.425,-75.939,36.618,10212.453,103642.539,19971006_065947
3,KAKQ19971006_105947,-7.958,0.755,176.180,124.796,8.470,-77.710,37.771,4235.119,107270.586,19971006_065947
4,KAKQ19971006_105947,-7.958,0.301,319.085,396.582,11.264,-76.901,36.549,5632.154,49224.610,19971006_065947
7,KAKQ19971006_110939,1.908,0.186,327.473,184.915,14.617,-76.852,37.502,7308.727,59159.164,19971006_070939
9,KAKQ19971006_110939,1.908,0.053,377.220,355.751,16.188,-76.575,36.732,8094.189,47621.075,19971006_070939
11,KAKQ19971006_113915,31.508,0.091,25.504,381.598,42.049,-78.542,36.606,21024.715,143183.612,19971006_073915
12,KAKQ19971006_115859,51.242,0.055,179.283,466.473,31.403,-77.679,36.232,15701.361,102817.504,19971006_075859
1,KAKQ19971007_105010,-18.450,0.341,324.915,174.930,5.773,-76.867,37.547,2886.593,63763.803,19971007_065010
1,KAKQ19971007_110001,-8.600,0.914,322.904,179.818,15.341,-76.878,37.525,7670.614,61172.722,19971007_070001
1,KAKQ19971007_110954,1.284,0.944,323.772,186.442,23.628,-76.873,37.495,11813.957,58009.693,19971007_070954
1,KAKQ19971007_111945,11.134,0.905,326.283,187.837,30.925,-76.859,37.489,15462.373,57600.673,19971007_071945
1,KAKQ19971007_112936,20.984,0.758,322.572,191.456,36.432,-76.880,37.473,18216.071,55432.850,19971007_072936
1,KAKQ19971007_113928,30.850,0.735,317.135,194.657,41.790,-76.911,37.458,20895.091,53363.932,19971007_073928
4,KAKQ19971007_110001,-8.600,0.113,332.863,95.664,8.017,-76.821,37.904,4008.484,103480.958,19971007_070001
4,KAKQ19971007_110954,1.284,-1.000,332.863,95.664,23.731,-76.821,37.904,11865.734,103480.958,19971007_070954
4,KAKQ19971007_111945,11.134,0.561,323.938,110.249,24.242,-76.872,37.839,12121.061,95627.238,19971007_071945
4,KAKQ19971007_112936,20.984,0.411,318.799,116.982,28.758,-76.901,37.808,14379.143,91990.535,19971007_072936
4,KAKQ19971007_113928,30.850,0.114,315.479,117.753,32.373,-76.920,37.805,16186.302,91451.496,19971007_073928
6,KAKQ19971007_110954,1.284,0.114,496.761,263.925,17.636,-75.900,37.141,8818.188,100020.363,19971007_070954
6,KAKQ19971007_111945,11.134,0.274,496.768,266.114,29.839,-75.900,37.131,14919.412,99832.283,19971007_071945
6,KAKQ19971007_112936,20.984,0.790,500.727,282.102,29.955,-75.879,37.059,14977.699,100761.493,19971007_072936
6,KAKQ19971007_113928,30.850,0.858,501.074,286.878,39.261,-75.877,37.038,19630.423,100750.812,19971007_073928
7,KAKQ19971007_112936,20.984,0.106,490.916,427.228,21.484,-75.943,36.406,10741.756,114712.474,19971007_072936
7,KAKQ19971007_113928,30.850,0.302,496.748,428.013,31.310,-75.911,36.402,15654.832,117363.737,19971007_073928
9,KAKQ19971007_113928,30.850,0.054,446.939,99.337,27.374,-76.172,37.885,13686.989,124355.184,19971007_073928
10,KAKQ19971007_122318,74.684,0.073,27.187,279.329,35.113,-78.541,37.067,17556.700,136797.322,19971007_082318
1,KAKQ19971008_110557,-3.545,0.650,481.114,239.962,23.721,-75.987,37.250,11860.275,95403.118,19971008_070557
1,KAKQ19971008_111549,6.322,0.984,477.491,237.886,32.708,-76.007,37.260,16353.801,94022.872,19971008_071549
1,KAKQ19971008_112541,16.188,0.985,475.866,242.424,36.975,-76.016,37.239,18487.666,92525.513,19971008_072541
1,KAKQ19971008_113533,26.055,0.980,472.855,248.159,42.248,-76.034,37.213,21123.977,90230.845,19971008_073533
1,KAKQ19971008_114526,35.938,0.983,468.749,243.486,51.082,-76.057,37.235,25540.951,88980.566,19971008_074526
1,KAKQ19971008_115517,45.788,0.977,465.406,248.264,53.140,-76.076,37.213,26569.864,86654.149,19971008_075517
1,KAKQ19971008_120509,55.655,0.549,456.983,254.330,55.263,-76.124,37.186,27631.616,81745.815,19971008_080509
2,KAKQ19971008_110557,-3.545,0.142,472.384,371.482,23.177,-76.043,36.658,11588.543,93308.251,19971008_070557
2,KAKQ19971008_111549,6.322,0.843,472.723,373.160,29.324,-76.042,36.650,14661.833,93789.069,19971008_071549
2,KAKQ19971008_112541,16.188,0.637,458.866,374.069,42.818,-76.119,36.647,21409.005,87642.307,19971008_072541
4,KAKQ19971008_112541,16.188,0.126,460.255,164.514,14.819,-76.100,37.591,7409.515,104926.297,19971008_072541
4,KAKQ19971008_113533,26.055,0.067,459.244,161.621,26.050,-76.106,37.604,13025.159,105483.706,19971008_073533
5,KAKQ19971008_121501,65.522,0.708,472.228,371.773,17.727,-76.044,36.657,8863.598,93292.133,19971008_081501
5,KAKQ19971008_122452,75.372,0.953,473.911,371.653,24.662,-76.035,36.657,12330.974,94047.021,19971008_082452
3,KAKQ19971008_110557,-3.545,0.058,333.518,562.248,15.587,-76.822,35.802,7793.498,132190.819,19971008_070557
2,KAKQ19971009_110152,-8.512,0.529,333.775,88.832,6.232,-76.815,37.935,3116.077,106925.987,19971009_070152
2,KAKQ19971009_111144,1.355,0.178,332.818,90.496,18.577,-76.821,37.928,9288.696,106029.244,19971009_071144
2,KAKQ19971009_112137,11.238,0.328,370.276,93.977,22.696,-76.608,37.911,11348.167,108839.449,19971009_072137
2,KAKQ19971009_113129,21.105,0.087,372.421,92.927,26.041,-76.596,37.916,13020.274,109685.800,19971009_073129
1,KAKQ19971009_110152,-8.512,0.637,485.121,372.278,16.304,-75.972,36.654,8152.025,99365.360,19971009_070152
1,KAKQ19971009_111144,1.355,0.230,486.127,372.839,24.589,-75.967,36.651,12294.468,99936.158,19971009_071144
1,KAKQ19971009_112137,11.238,-1.000,487.077,373.369,33.318,-75.961,36.649,16659.163,100474.783,19971009_072137
1,KAKQ19971009_113129,21.105,0.122,489.001,364.584,37.576,-75.950,36.688,18787.863,99865.667,19971009_073129
5,KAKQ19971009_111144,1.355,0.149,243.203,261.501,21.281,-77.327,37.157,10640.499,34307.633,19971009_071144
6,KAKQ19971009_111144,1.355,0.120,494.591,226.948,25.290,-75.910,37.308,12644.905,103925.527,19971009_071144
7,KAKQ19971009_111144,1.355,0.076,397.334,250.421,26.073,-76.459,37.206,13036.377,54616.863,19971009_071144
8,KAKQ19971009_111144,1.355,0.067,383.884,314.400,5.706,-76.537,36.918,2853.054,42555.321,19971009_071144
9,KAKQ19971009_112137,11.238,0.550,49.081,438.086,9.238,-78.405,36.353,4619.002,143202.948,19971009_072137
10,KAKQ19971009_112137,11.238,0.176,26.815,114.506,34.572,-78.559,37.809,17286.066,165104.278,19971009_072137
11,KAKQ19971009_112137,11.238,0.114,234.147,239.736,15.026,-77.379,37.255,7512.762,44632.577,19971009_072137
1,KAKQ19971010_111101,-0.250,0.155,343.979,171.148,8.986,-76.759,37.564,4492.893,68075.468,19971010_071101
1,KAKQ19971010_112050,9.566,0.818,353.309,168.716,20.103,-76.706,37.575,10051.513,70847.207,19971010_072050
2,KAKQ19971011_110035,-11.577,0.834,478.001,390.865,19.572,-76.013,36.570,9785.835,99925.981,19971011_070035
2,KAKQ19971011_111026,-1.727,0.956,472.389,399.298,27.850,-76.045,36.533,13925.209,99471.123,19971011_071026
2,KAKQ19971011_112018,8.140,0.970,468.290,404.492,36.005,-76.068,36.509,18002.702,99045.609,19971011_072018
2,KAKQ19971011_113010,18.006,0.967,466.270,410.160,45.800,-76.080,36.484,22900.237,99725.934,19971011_073010
2,KAKQ19971011_114001,27.856,0.935,458.021,417.495,54.501,-76.126,36.451,27250.681,98457.880,19971011_074001
2,KAKQ19971011_114953,37.723,0.716,450.762,432.090,60.027,-76.167,36.386,30013.671,100220.894,19971011_074953
2,KAKQ19971011_115944,47.573,0.607,430.954,447.782,57.022,-76.278,36.316,28511.000,98727.394,19971011_075944
7,KAKQ19971011_111026,-1.727,0.140,227.249,250.982,5.311,-77.417,37.204,2655.531,43861.806,19971011_071026
7,KAKQ19971011_112018,8.140,0.597,228.170,254.426,11.288,-77.412,37.189,5643.926,42533.874,19971011_072018
7,KAKQ19971011_113010,18.006,0.579,231.264,255.593,15.595,-77.395,37.183,7797.727,40916.274,19971011_073010
7,KAKQ19971011_114001,27.856,0.239,232.156,259.852,17.650,-77.389,37.164,8824.870,39416.441,19971011_074001
7,KAKQ19971011_114953,37.723,0.060,232.227,265.063,19.452,-77.389,37.141,9726.034,38123.969,19971011_074953
1,KAKQ19971011_110035,-11.577,0.930,317.593,180.531,8.499,-76.908,37.522,4249.718,60378.502,19971011_070035
1,KAKQ19971011_111026,-1.727,0.912,313.581,187.683,21.399,-76.931,37.490,10699.459,56567.616,19971011_071026
1,KAKQ19971011_112018,8.140,0.540,309.487,189.933,23.206,-76.954,37.480,11603.125,55237.406,19971011_072018
1,KAKQ19971011_113010,18.006,0.216,309.727,194.117,25.144,-76.953,37.461,12571.998,53164.566,19971011_073010
5,KAKQ19971011_110035,-11.577,0.054,325.343,98.643,7.966,-76.863,37.891,3983.154,101472.517,19971011_070035
5,KAKQ19971011_111026,-1.727,0.983,321.218,107.840,20.219,-76.887,37.850,10109.257,96664.070,19971011_071026
5,KAKQ19971011_112018,8.140,0.954,322.890,112.741,29.642,-76.878,37.827,14821.095,94326.455,19971011_072018
5,KAKQ19971011_113010,18.006,0.776,327.288,118.081,36.564,-76.853,37.803,18282.166,91976.946,19971011_073010
6,KAKQ19971011_111026,-1.727,0.908,489.315,253.294,23.021,-75.941,37.190,11510.265,97495.756,19971011_071026
6,KAKQ19971011_112018,8.140,0.650,487.593,254.774,34.078,-75.951,37.183,17038.789,96483.937,19971011_072018
9,KAKQ19971011_111026,-1.727,0.100,348.272,280.811,10.698,-76.736,37.070,5348.839,25972.945,19971011_071026
9,KAKQ19971011_112018,8.140,0.223,364.597,291.982,22.249,-76.645,37.019,11124.505,32546.523,19971011_072018
14,KAKQ19971011_113010,18.006,0.817,125.461,43.290,21.348,-78.003,38.136,10674.002,155212.389,19971011_073010
14,KAKQ19971011_114001,27.856,0.485,125.136,44.349,37.552,-78.005,38.131,18775.770,154866.515,19971011_074001
16,KAKQ19971011_122917,77.123,0.053,150.642,318.780,27.429,-77.845,36.896,13714.665,75267.236,19971011_082917
2,KAKQ19971012_110103,-12.009,0.681,322.135,173.474,9.763,-76.882,37.554,4881.577,64223.701,19971012_070103
2,KAKQ19971012_111054,-2.159,0.951,317.468,175.751,18.125,-76.909,37.544,9062.672,62735.593,19971012_071054
2,KAKQ19971012_112046,7.708,0.973,315.373,179.135,26.621,-76.921,37.528,13310.384,60919.477,19971012_072046
2,KAKQ19971012_113037,17.558,0.946,315.995,179.696,29.869,-76.917,37.526,14934.348,60681.113,19971012_073037
2,KAKQ19971012_114027,27.391,0.189,315.363,182.135,35.911,-76.921,37.515,17955.452,59430.971,19971012_074027
4,KAKQ19971012_111054,-2.159,0.962,479.052,376.418,21.276,-76.006,36.635,10637.871,97338.545,19971012_071054
4,KAKQ19971012_112046,7.708,0.964,475.360,383.007,33.229,-76.027,36.606,16614.498,97006.891,19971012_072046
4,KAKQ19971012_113037,17.558,0.960,473.143,384.278,41.750,-76.040,36.600,20875.157,96282.491,19971012_073037
4,KAKQ19971012_114027,27.391,0.892,464.639,380.693,52.269,-76.087,36.617,26134.519,91675.060,19971012_074027
4,KAKQ19971012_115017,37.225,0.722,469.315,387.051,53.435,-76.061,36.588,26717.344,95191.234,19971012_075017
5,KAKQ19971012_111054,-2.159,0.953,323.000,93.350,14.774,-76.877,37.915,7387.001,103962.970,19971012_071054
5,KAKQ19971012_112046,7.708,0.961,322.194,94.935,22.965,-76.881,37.908,11482.628,103131.287,19971012_072046
5,KAKQ19971012_113037,17.558,0.952,320.139,96.576,30.055,-76.893,37.900,15027.677,102209.338,19971012_073037
5,KAKQ19971012_114027,27.391,0.719,316.255,99.580,38.236,-76.915,37.887,19117.901,100539.113,19971012_074027
5,KAKQ19971012_115017,37.225,0.155,326.996,95.972,31.156,-76.854,37.903,15577.988,102902.888,19971012_075017
6,KAKQ19971012_111054,-2.159,0.777,488.720,240.865,23.769,-75.944,37.246,11884.399,98883.717,19971012_071054
6,KAKQ19971012_112046,7.708,0.749,488.097,239.890,33.386,-75.947,37.250,16692.764,98733.943,19971012_072046
6,KAKQ19971012_113037,17.558,0.375,483.549,238.774,42.704,-75.973,37.255,21352.112,96745.429,19971012_073037
6,KAKQ19971012_114027,27.391,0.119,479.080,241.436,52.565,-75.998,37.243,26282.396,94206.662,19971012_074027
1,KAKQ19971012_105112,-21.859,0.062,496.450,423.956,45.885,-75.912,36.420,22942.564,116143.805,19971012_065112
2,KAKQ19971013_110241,-11.279,0.778,492.446,237.730,14.912,-75.923,37.259,7456.005,101135.067,19971013_070241
2,KAKQ19971013_111234,-1.396,0.946,494.369,240.593,24.225,-75.912,37.246,12112.370,101622.682,19971013_071234
2,KAKQ19971013_112225,8.454,0.757,495.461,241.193,24.736,-75.906,37.244,12368.098,102057.863,19971013_072225
2,KAKQ19971013_113217,18.321,0.145,499.986,245.249,32.050,-75.881,37.225,16025.173,103672.482,19971013_073217
2,KAKQ19971013_114209,28.188,0.055,496.467,256.206,34.386,-75.901,37.176,17193.035,100644.493,19971013_074209
2,KAKQ19971013_115200,38.038,0.081,490.306,263.433,35.258,-75.936,37.144,17629.013,96893.780,19971013_075200
2,KAKQ19971013_120152,47.904,-1.000,484.932,271.129,36.576,-75.967,37.109,18288.013,93586.158,19971013_080152
2,KAKQ19971013_121144,57.771,0.061,477.939,290.880,34.079,-76.008,37.021,17039.525,89086.071,19971013_081144
3,KAKQ19971013_110241,-11.279,0.438,323.769,172.244,11.114,-76.873,37.559,5556.751,64974.005,19971013_070241
3,KAKQ19971013_111234,-1.396,0.909,326.320,171.875,14.461,-76.859,37.561,7230.328,65400.205,19971013_071234
3,KAKQ19971013_112225,8.454,0.954,324.072,172.468,20.644,-76.871,37.558,10321.819,64891.832,19971013_072225
3,KAKQ19971013_113217,18.321,0.876,325.130,172.295,27.888,-76.865,37.559,13944.138,65076.822,19971013_073217
1,KAKQ19971013_105225,-21.546,0.116,491.321,374.598,10.945,-75.938,36.643,5472.607,102674.868,19971013_065225
1,KAKQ19971013_110241,-11.279,0.067,491.507,374.119,21.416,-75.937,36.645,10707.887,102674.783,19971013_070241
6,KAKQ19971013_120152,47.904,0.341,481.579,280.286,30.529,-75.987,37.068,15264.717,91323.247,19971013_080152
7,KAKQ19971013_120152,47.904,0.051,353.396,90.689,27.828,-76.704,37.926,13913.815,108007.099,19971013_080152
5,KAKQ19971015_112217,6.498,0.838,323.601,193.518,15.755,-76.874,37.464,7877.254,54532.905,19971015_072217
5,KAKQ19971015_112811,12.398,0.965,322.250,195.283,24.758,-76.882,37.456,12379.156,53527.605,19971015_072811
5,KAKQ19971015_113406,18.315,0.966,322.329,197.638,29.635,-76.881,37.445,14817.404,52384.389,19971015_073406
5,KAKQ19971015_114001,24.231,0.690,322.567,203.252,30.929,-76.880,37.420,15464.703,49672.436,19971015_074001
5,KAKQ19971015_114555,30.131,0.150,323.605,212.803,38.585,-76.874,37.377,19292.680,45168.006,19971015_074555
6,KAKQ19971015_113406,18.315,0.801,334.380,309.094,26.057,-76.815,36.943,13028.378,17781.128,19971015_073406
6,KAKQ19971015_114001,24.231,0.667,334.670,307.292,33.582,-76.813,36.951,16791.127,17714.090,19971015_074001
6,KAKQ19971015_114555,30.131,0.175,338.925,302.901,35.025,-76.789,36.971,17512.423,19516.685,19971015_074555
6,KAKQ19971015_115151,36.065,-1.000,342.562,298.944,37.492,-76.768,36.988,18746.169,21287.520,19971015_075151
6,KAKQ19971015_115747,41.998,0.060,350.696,296.917,31.324,-76.723,36.997,15662.083,25395.065,19971015_075747
6,KAKQ19971015_120342,47.915,0.128,352.366,296.421,37.531,-76.713,37.000,18765.591,26243.907,19971015_080342
6,KAKQ19971015_120937,53.831,0.140,360.682,293.881,31.189,-76.667,37.011,15594.345,30494.724,19971015_080937
6,KAKQ19971015_121533,59.765,0.052,361.364,291.590,37.324,-76.663,37.021,18661.960,30969.073,19971015_081533
6,KAKQ19971015_122128,65.681,-1.000,361.946,289.637,43.921,-76.659,37.030,21960.460,31403.486,19971015_082128
6,KAKQ19971015_122722,71.581,0.055,328.765,309.531,20.233,-76.846,36.941,10116.669,15151.560,19971015_082722
1,KAKQ19971015_103455,-40.869,0.070,290.219,141.064,14.983,-77.063,37.700,7491.695,79618.365,19971015_063455
1,KAKQ19971015_104050,-34.952,0.133,294.422,136.673,13.431,-77.039,37.720,6715.450,81711.080,19971015_064050
3,KAKQ19971015_105240,-23.119,0.065,271.909,263.132,33.320,-77.166,37.150,16659.983,23175.443,19971015_065240
3,KAKQ19971015_105835,-17.202,0.431,285.390,266.378,24.179,-77.090,37.135,12089.333,18329.478,19971015_065835
8,KAKQ19971015_120342,47.915,0.092,124.083,335.191,17.091,-77.993,36.821,8545.343,89701.356,19971015_080342
10,KAKQ19971015_122128,65.681,0.054,189.360,343.812,23.819,-77.627,36.785,11909.357,59499.364,19971015_082128
10,KAKQ19971015_122722,71.581,0.080,194.195,337.655,20.607,-77.600,36.813,10303.461,56152.837,19971015_082722
2,KAKQ19971016_113147,15.078,0.084,330.070,247.903,23.592,-76.838,37.218,11795.891,30076.212,19971016_073147
2,KAKQ19971016_113742,20.995,0.064,328.726,247.708,30.035,-76.846,37.219,15017.491,29831.539,19971016_073742
7,KAKQ19971016_123646,80.062,0.212,351.127,333.503,21.128,-76.721,36.833,10564.112,30563.167,19971016_083646
7,KAKQ19971016_124240,85.962,0.335,351.378,333.336,28.026,-76.720,36.833,14013.015,30622.738,19971016_084240
1,KAKQ19971016_111959,3.278,0.087,331.616,246.583,19.546,-76.829,37.224,9773.178,31036.204,19971016_071959
3,KAKQ19971016_114931,32.812,0.074,501.998,274.399,58.674,-75.871,37.094,29336.872,101807.116,19971016_074931
3,KAKQ19971016_115526,38.728,-1.000,501.998,274.399,68.081,-75.871,37.094,34040.622,101807.116,19971016_075526
3,KAKQ19971016_120121,44.645,0.118,479.231,272.563,48.655,-75.999,37.103,24327.408,90659.700,19971016_080121
5,KAKQ19971016_120715,50.545,0.070,241.543,272.399,9.076,-77.336,37.108,4538.126,32322.643,19971016_080715
6,KAKQ19971016_123052,74.162,0.149,370.205,350.525,38.585,-76.614,36.756,19292.486,43247.852,19971016_083052
1,KAKQ19971017_111140,-5.964,0.138,414.002,157.781,42.153,-76.362,37.623,21076.260,91135.349,19971017_071140
2,KAKQ19971017_111140,-5.964,0.056,430.329,425.922,4.788,-76.281,36.414,2393.963,90611.794,19971017_071140
3,KAKQ19971017_114109,23.519,0.066,44.743,312.284,19.625,-78.440,36.920,9812.598,127776.133,19971017_074109
4,KAKQ19971017_121631,58.886,0.051,149.488,398.356,16.285,-77.848,36.538,8142.391,89899.689,19971017_081631
7,KAKQ19971018_115250,34.271,0.113,346.696,200.395,15.147,-76.744,37.432,7573.711,55003.625,19971018_075250
7,KAKQ19971018_115842,40.137,0.056,347.005,201.540,22.311,-76.742,37.427,11155.396,54552.494,19971018_075842
1,KAKQ19971018_104747,-30.779,0.149,198.047,359.745,15.981,-77.578,36.713,7990.387,59084.373,19971018_064747
2,KAKQ19971018_111127,-7.113,0.069,452.054,335.153,26.867,-76.155,36.822,13433.403,78032.320,19971018_071127
2,KAKQ19971018_111722,-1.196,-1.000,452.054,335.153,36.274,-76.155,36.822,18137.153,78032.320,19971018_071722
2,KAKQ19971018_112318,4.737,0.176,461.178,307.848,30.964,-76.103,36.945,15481.926,80684.718,19971018_072318
3,KAKQ19971018_112318,4.737,0.348,317.722,192.448,14.543,-76.907,37.468,7271.534,54501.094,19971018_072318
5,KAKQ19971018_114105,22.521,0.267,345.101,198.891,16.300,-76.753,37.439,8149.914,55356.161,19971018_074105
6,KAKQ19971018_114658,28.404,0.098,504.826,376.672,19.877,-75.862,36.633,9938.391,109352.913,19971018_074658
8,KAKQ19971018_115250,34.271,0.091,344.587,168.617,16.890,-76.755,37.576,8445.042,69371.468,19971018_075250
9,KAKQ19971018_115842,40.137,0.309,285.680,89.328,7.347,-77.089,37.933,3673.553,105578.838,19971018_075842
9,KAKQ19971018_120436,46.037,-1.000,285.680,89.328,16.728,-77.089,37.933,8364.053,105578.838,19971018_080436
9,KAKQ19971018_121029,51.921,0.057,284.506,85.724,8.274,-77.096,37.949,4136.925,107417.691,19971018_081029
10,KAKQ19971018_121029,51.921,0.059,377.729,144.456,11.789,-76.567,37.684,5894.482,86941.939,19971018_081029
1,KAKQ19971019_103343,-45.784,0.498,136.549,152.915,47.602,-77.933,37.643,23801.090,109943.269,19971019_063343
1,KAKQ19971019_103941,-39.817,0.575,134.972,148.681,52.539,-77.943,37.662,26269.450,111950.729,19971019_063941
1,KAKQ19971019_104535,-33.917,0.631,128.492,141.279,49.923,-77.980,37.695,24961.331,116841.024,19971019_064535
1,KAKQ19971019_105128,-28.034,0.537,126.098,141.199,52.079,-77.993,37.695,26039.707,117749.106,19971019_065128
1,KAKQ19971019_105724,-22.100,0.077,119.868,141.515,52.466,-78.029,37.694,26233.138,119963.474,19971019_065724
2,KAKQ19971019_103343,-45.784,0.088,30.325,345.487,30.128,-78.518,36.769,15064.159,136742.138,19971019_063343
2,KAKQ19971019_103941,-39.817,0.078,31.230,344.346,36.945,-78.513,36.775,18472.443,136201.936,19971019_063941
3,KAKQ19971019_103343,-45.784,0.074,273.049,208.992,17.426,-77.160,37.394,8712.881,47457.590,19971019_063343
3,KAKQ19971019_103941,-39.817,0.483,271.866,210.764,24.099,-77.166,37.386,12049.462,46783.112,19971019_063941
5,KAKQ19971019_105128,-28.034,0.069,240.051,344.774,14.290,-77.343,36.782,7144.938,37412.054,19971019_065128
5,KAKQ19971019_105724,-22.100,-1.000,240.051,344.774,23.724,-77.343,36.782,11861.938,37412.054,19971019_065724
5,KAKQ19971019_110319,-16.184,0.051,237.112,331.858,20.016,-77.360,36.840,10008.099,35248.549,19971019_070319
5,KAKQ19971019_110914,-10.267,-1.000,237.112,331.858,29.424,-77.360,36.840,14711.849,35248.549,19971019_070914
5,KAKQ19971019_111508,-4.367,0.262,227.864,337.681,16.943,-77.412,36.813,8471.308,40692.488,19971019_071508
7,KAKQ19971019_110914,-10.267,0.066,31.136,469.656,33.836,-78.502,36.210,16917.809,158958.215,19971019_070914
9,KAKQ19971019_112657,7.450,0.108,377.059,172.360,17.382,-76.571,37.558,8690.952,74548.567,19971019_072657
10,KAKQ19971019_112657,7.450,0.068,189.771,106.574,31.303,-77.634,37.854,15651.442,111315.066,19971019_072657
11,KAKQ19971019_113849,19.316,0.165,234.597,310.904,17.038,-77.375,36.934,8518.789,33152.763,19971019_073849
12,KAKQ19971019_113849,19.316,0.069,337.129,342.499,13.702,-76.800,36.792,6850.838,28216.744,19971019_073849
13,KAKQ19971019_115037,31.116,0.081,215.730,323.051,15.551,-77.480,36.879,7775.503,43682.788,19971019_075037
14,KAKQ19971019_121412,54.700,0.071,367.189,253.263,28.350,-76.629,37.194,14174.900,40922.576,19971019_081412
15,KAKQ19971019_122006,60.600,0.195,176.663,152.877,24.304,-77.706,37.645,12152.206,95991.051,19971019_082006
16,KAKQ19971019_122601,66.516,0.258,212.319,185.874,19.038,-77.503,37.497,9518.833,71959.777,19971019_082601
17,KAKQ19971019_123750,78.333,0.117,317.731,382.078,24.929,-76.908,36.614,12464.472,41985.904,19971019_083750
18,KAKQ19971019_123750,78.333,0.055,20.087,321.919,20.099,-78.577,36.875,10049.688,140384.945,19971019_083750
5,KAKQ19971020_112329,3.039,0.169,530.547,135.237,17.067,-75.700,37.719,8533.646,141684.940,19971020_072329
5,KAKQ19971020_113317,12.839,0.712,534.481,142.400,29.554,-75.678,37.686,14776.832,141261.430,19971020_073317
5,KAKQ19971020_114305,22.639,0.205,542.256,151.835,41.872,-75.635,37.643,20936.011,141986.727,19971020_074305
3,KAKQ19971020_112329,3.039,0.789,522.256,276.276,35.324,-75.758,37.084,17661.865,111759.120,19971020_072329
3,KAKQ19971020_113317,12.839,0.070,521.442,274.830,44.910,-75.762,37.091,22454.914,111433.705,19971020_073317
6,KAKQ19971020_112329,3.039,0.063,341.777,198.370,26.182,-76.771,37.442,13090.759,54940.983,19971020_072329
6,KAKQ19971020_113317,12.839,0.296,341.923,207.054,43.499,-76.771,37.402,21749.731,50981.629,19971020_073317
1,KAKQ19971020_103539,-44.794,0.066,384.517,314.143,5.416,-76.533,36.919,2708.004,42846.018,19971020_063539
4,KAKQ19971020_112329,3.039,0.684,344.767,127.257,29.883,-76.753,37.762,14941.467,89224.808,19971020_072329
4,KAKQ19971021_110735,-13.811,0.694,496.309,246.297,13.598,-75.902,37.221,6799.229,101760.906,19971021_070735
4,KAKQ19971021_111723,-4.011,0.903,497.400,251.839,24.193,-75.896,37.196,12096.690,101595.110,19971021_071723
4,KAKQ19971021_112711,5.789,0.813,508.277,266.142,41.877,-75.836,37.131,20938.702,105505.677,19971021_072711
4,KAKQ19971021_113659,15.589,0.712,507.180,276.371,49.840,-75.842,37.085,24920.065,104261.616,19971021_073659
4,KAKQ19971021_114648,25.406,0.626,500.891,284.032,53.537,-75.878,37.050,26768.543,100762.540,19971021_074648
4,KAKQ19971021_115638,35.239,0.257,484.625,299.075,52.611,-75.971,36.984,26305.430,92313.639,19971021_075638
4,KAKQ19971021_120626,45.039,0.055,486.806,307.106,58.291,-75.959,36.947,29145.702,93470.449,19971021_080626
5,KAKQ19971021_110735,-13.811,0.475,322.633,180.443,8.215,-76.879,37.522,4107.681,60840.212,19971021_070735
5,KAKQ19971021_111723,-4.011,0.964,324.494,181.797,24.095,-76.869,37.516,12047.688,60357.262,19971021_071723
5,KAKQ19971021_112711,5.789,0.942,321.449,188.463,34.960,-76.886,37.486,17480.063,56790.182,19971021_072711
5,KAKQ19971021_113659,15.589,0.519,325.805,191.969,42.196,-76.862,37.471,21098.067,55535.137,19971021_073659
5,KAKQ19971021_114648,25.406,0.057,320.968,195.778,48.839,-76.889,37.453,24419.383,53155.151,19971021_074648
3,KAKQ19971021_110735,-13.811,0.926,485.352,383.351,11.799,-75.972,36.604,5899.731,101615.491,19971021_070735
3,KAKQ19971021_111723,-4.011,0.951,483.156,392.181,23.864,-75.984,36.564,11931.793,102522.525,19971021_071723
3,KAKQ19971021_112711,5.789,0.792,479.064,402.746,33.425,-76.008,36.517,16712.565,103223.908,19971021_072711
3,KAKQ19971021_113659,15.589,0.235,470.922,409.104,42.942,-76.054,36.488,21470.898,101388.136,19971021_073659
3,KAKQ19971021_114648,25.406,-1.000,463.097,415.805,52.485,-76.098,36.459,26242.483,100014.256,19971021_074648
3,KAKQ19971021_115638,35.239,0.068,460.378,429.209,44.683,-76.114,36.398,22341.642,102975.695,19971021_075638
9,KAKQ19971021_111723,-4.011,0.296,323.888,103.176,23.937,-76.872,37.871,11968.391,99134.121,19971021_071723
9,KAKQ19971021_112711,5.789,0.757,326.201,110.965,35.347,-76.859,37.835,17673.466,95421.074,19971021_072711
1,KAKQ19971021_103810,-43.228,0.101,382.268,315.785,5.493,-76.546,36.912,2746.609,41884.487,19971021_063810
11,KAKQ19971021_113659,15.589,0.453,362.818,434.944,13.238,-76.657,36.375,6619.001,74424.478,19971021_073659
13,KAKQ19971021_123552,74.472,0.307,517.204,246.700,37.742,-75.784,37.218,18870.766,111823.918,19971021_083552
1,KAKQ19971022_110603,-16.301,0.423,325.256,176.034,5.624,-76.865,37.542,2811.852,63256.439,19971022_070603
1,KAKQ19971022_111157,-10.401,0.137,326.820,175.397,13.997,-76.856,37.545,6998.292,63728.360,19971022_071157
1,KAKQ19971022_111753,-4.467,0.891,325.173,186.209,18.081,-76.865,37.496,9040.607,58271.086,19971022_071753
1,KAKQ19971022_112349,1.466,0.937,323.646,189.309,29.111,-76.874,37.483,14555.443,56594.242,19971022_072349
1,KAKQ19971022_112943,7.366,0.910,326.088,195.449,31.272,-76.860,37.455,15636.154,53878.060,19971022_072943
1,KAKQ19971022_113539,13.299,0.758,324.251,199.031,41.170,-76.870,37.439,20584.856,51920.484,19971022_073539
1,KAKQ19971022_114134,19.216,0.103,323.698,198.216,49.036,-76.874,37.442,24518.064,52253.358,19971022_074134
1,KAKQ19971022_114730,25.149,0.075,325.907,198.758,50.916,-76.861,37.440,25458.033,52252.139,19971022_074730
4,KAKQ19971022_111753,-4.467,0.951,331.549,103.818,10.652,-76.828,37.868,5326.164,99351.395,19971022_071753
4,KAKQ19971022_112349,1.466,0.974,333.021,107.821,22.466,-76.820,37.850,11233.024,97497.787,19971022_072349
4,KAKQ19971022_112943,7.366,0.963,334.452,112.938,31.106,-76.812,37.826,15553.118,95104.245,19971022_072943
4,KAKQ19971022_113539,13.299,0.856,332.043,115.463,38.522,-76.826,37.815,19260.777,93648.922,19971022_073539
4,KAKQ19971022_114134,19.216,0.118,329.594,121.322,43.138,-76.840,37.789,21568.959,90555.972,19971022_074134
4,KAKQ19971022_114730,25.149,0.093,319.416,144.441,32.709,-76.897,37.685,16354.424,78383.142,19971022_074730
7,KAKQ19971022_115325,31.066,0.056,388.228,306.239,20.969,-76.512,36.955,10484.615,44223.952,19971022_075325
2,KAKQ19971023_110932,-13.780,0.212,336.416,178.594,15.298,-76.802,37.531,7648.750,63375.016,19971023_070932
2,KAKQ19971023_111921,-3.963,0.371,329.686,178.858,26.364,-76.840,37.530,13182.087,62363.287,19971023_071921
2,KAKQ19971023_112911,5.870,0.584,328.251,188.037,28.912,-76.848,37.488,14456.151,57736.373,19971023_072911
2,KAKQ19971023_113901,15.703,0.160,325.186,189.695,37.035,-76.865,37.481,18517.250,56572.043,19971023_073901
2,KAKQ19971023_114850,25.520,0.352,329.953,208.300,40.398,-76.838,37.397,20198.937,48233.959,19971023_074850
1,KAKQ19971023_110932,-13.780,0.310,327.543,104.823,2.869,-76.851,37.863,1434.357,98555.373,19971023_070932
1,KAKQ19971023_111921,-3.963,0.199,326.822,105.493,20.693,-76.855,37.860,10346.282,98173.990,19971023_071921
1,KAKQ19971023_112911,5.870,0.552,329.515,116.938,29.755,-76.840,37.808,14877.727,92712.902,19971023_072911
1,KAKQ19971023_113901,15.703,0.105,330.719,121.579,35.686,-76.833,37.788,17842.904,90523.113,19971023_073901
5,KAKQ19971023_110932,-13.780,0.054,432.259,510.137,15.675,-76.274,36.035,7837.627,124147.277,19971023_070932
6,KAKQ19971023_111921,-3.963,0.252,358.834,276.911,15.926,-76.677,37.087,7963.093,31601.130,19971023_071921
7,KAKQ19971023_111921,-3.963,0.074,408.598,532.112,5.910,-76.406,35.937,2954.797,128130.112,19971023_071921
9,KAKQ19971023_111921,-3.963,0.055,488.635,387.646,17.408,-75.954,36.584,8704.245,104001.185,19971023_071921
4,KAKQ19971026_112324,-2.837,0.942,318.492,173.134,17.763,-76.903,37.555,8881.413,64103.486,19971026_062324
4,KAKQ19971026_112919,3.080,0.979,314.074,171.709,24.939,-76.928,37.562,12469.274,64530.133,19971026_062919
4,KAKQ19971026_113514,8.996,0.966,305.906,172.827,28.983,-76.974,37.557,14491.367,63654.874,19971026_063514
4,KAKQ19971026_114109,14.913,0.962,298.827,175.179,35.861,-77.014,37.546,17930.457,62413.254,19971026_064109
4,KAKQ19971026_114704,20.830,0.943,295.126,174.627,43.652,-77.035,37.549,21825.966,62733.765,19971026_064704
4,KAKQ19971026_115259,26.746,0.894,290.650,173.632,49.658,-77.060,37.553,24829.027,63356.807,19971026_065259
4,KAKQ19971026_115854,32.663,0.896,283.550,171.830,55.287,-77.101,37.561,27643.581,64610.474,19971026_065854
4,KAKQ19971026_120449,38.580,0.840,278.801,176.038,55.207,-77.127,37.542,27603.619,62880.786,19971026_070449
4,KAKQ19971026_121047,44.546,0.851,273.083,178.271,61.451,-77.160,37.532,30725.450,62334.842,19971026_071047
4,KAKQ19971026_121645,50.513,0.453,269.395,178.558,65.984,-77.181,37.531,32991.768,62619.728,19971026_071645
4,KAKQ19971026_122240,56.430,0.430,263.675,185.087,63.476,-77.213,37.501,31738.170,60259.056,19971026_072240
4,KAKQ19971026_122836,62.363,0.334,258.246,187.802,65.823,-77.244,37.489,32911.407,59857.580,19971026_072836
11,KAKQ19971026_120449,38.580,0.385,445.216,300.013,21.944,-76.192,36.981,10972.176,72608.200,19971026_070449
11,KAKQ19971026_121047,44.546,0.287,444.295,300.404,29.372,-76.197,36.979,14686.049,72147.816,19971026_071047
12,KAKQ19971026_120449,38.580,0.096,25.294,377.310,27.440,-78.543,36.626,13719.763,142688.820,19971026_070449
12,KAKQ19971026_121047,44.546,0.134,25.866,375.323,34.349,-78.540,36.635,17174.724,142146.769,19971026_071047
12,KAKQ19971026_121645,50.513,0.103,33.575,363.725,28.989,-78.498,36.687,14494.298,136970.262,19971026_071645
1,KAKQ19971026_110503,-21.187,0.065,25.727,261.648,30.388,-78.551,37.147,15194.155,138470.931,19971026_060503
2,KAKQ19971026_111059,-15.254,0.056,67.474,279.030,24.716,-78.315,37.071,12358.210,116734.903,19971026_061059
3,KAKQ19971026_111730,-8.737,0.109,147.106,297.094,31.010,-77.866,36.994,15504.949,76460.748,19971026_061730
6,KAKQ19971026_113514,8.996,0.066,368.948,303.610,8.803,-76.620,36.967,4401.730,34521.405,19971026_063514
7,KAKQ19971026_114704,20.830,0.110,25.827,412.807,30.924,-78.537,36.466,15462.208,148236.524,19971026_064704
8,KAKQ19971026_114704,20.830,0.060,25.141,176.664,29.625,-78.562,37.529,14812.448,150631.495,19971026_064704
9,KAKQ19971026_115259,26.746,0.093,280.090,375.691,22.981,-77.119,36.643,11490.509,39133.146,19971026_065259
10,KAKQ19971026_115854,32.663,0.075,160.705,53.521,41.798,-77.801,38.092,20899.202,141558.384,19971026_065854
15,KAKQ19971026_122836,62.363,0.104,295.576,391.034,27.456,-77.032,36.574,13728.178,45570.795,19971026_072836
16,KAKQ19971026_124622,80.130,0.074,339.906,198.020,22.058,-76.782,37.443,11029.224,54755.069,19971026_074622
1,KAKQ19971027_103159,-55.240,0.050,434.719,279.094,9.630,-76.250,37.076,4815.102,68165.638,19971027_053159
1,KAKQ19971028_111537,-12.598,0.837,336.505,187.300,17.335,-76.801,37.491,8667.492,59232.229,19971028_061537
1,KAKQ19971028_112527,-2.765,0.387,338.278,192.759,27.887,-76.791,37.467,13943.725,56933.926,19971028_062527
1,KAKQ19971028_113516,7.052,0.352,346.952,210.712,28.556,-76.742,37.386,14277.808,50440.250,19971028_063516
3,KAKQ19971028_112527,-2.765,0.394,342.653,128.400,15.372,-76.765,37.757,7686.230,88410.860,19971028_062527
3,KAKQ19971028_113516,7.052,0.115,341.744,124.564,26.636,-76.771,37.774,13318.114,90166.924,19971028_063516
2,KAKQ19971028_112527,-2.765,0.845,199.265,435.473,23.376,-77.569,36.372,11688.105,84410.277,19971028_062527
4,KAKQ19971028_112527,-2.765,0.081,238.889,250.090,27.566,-77.352,37.208,13783.249,39451.182,19971028_062527
5,KAKQ19971028_112527,-2.765,0.051,365.484,278.467,22.080,-76.639,37.080,11039.837,34466.968,19971028_062527
6,KAKQ19971028_113516,7.052,0.411,430.891,538.493,39.911,-76.283,35.907,19955.265,136024.898,19971028_063516
1,KAKQ19971029_111507,-14.096,0.303,334.529,93.708,2.926,-76.811,37.913,1462.933,104580.789,19971029_061507
1,KAKQ19971029_112455,-4.296,0.068,332.851,92.863,13.811,-76.821,37.917,6905.653,104863.090,19971029_062455
3,KAKQ19971029_113445,5.538,0.064,307.261,369.230,22.200,-76.967,36.672,11100.246,34804.894,19971029_063445
1,KAKQ19971030_112352,-6.348,0.130,325.592,112.234,7.231,-76.862,37.830,3615.475,94750.749,19971030_062352
2,KAKQ19971030_120318,33.085,0.154,477.218,296.687,27.678,-76.012,36.995,13838.787,88624.246,19971030_070318
3,KAKQ19971030_123248,62.585,0.127,367.236,524.059,31.250,-76.635,35.974,15625.212,116964.863,19971030_073248
4,KAKQ19971031_113237,1.395,0.126,325.963,181.849,11.551,-76.861,37.516,5775.730,60484.780,19971031_063237
4,KAKQ19971031_114229,11.261,0.113,327.684,181.699,22.378,-76.851,37.517,11188.937,60748.649,19971031_064229
1,KAKQ19971031_112246,-8.455,0.918,184.076,424.270,13.599,-77.654,36.422,6799.311,84972.933,19971031_062246
5,KAKQ19971031_113237,1.395,0.054,384.733,297.667,13.179,-76.532,36.993,6589.428,42382.420,19971031_063237
5,KAKQ19971101_115939,27.416,0.093,372.652,226.630,35.020,-76.598,37.314,17510.113,51627.165,19971101_065939
5,KAKQ19971101_120532,33.299,0.053,373.757,225.216,42.776,-76.591,37.320,21388.136,52518.456,19971101_070532
1,KAKQ19971101_104837,-43.617,0.064,265.001,130.033,22.104,-77.206,37.749,11052.235,86766.479,19971101_054837
2,KAKQ19971101_111810,-14.067,0.079,344.986,267.255,16.514,-76.754,37.131,8257.057,27820.575,19971101_061810
3,KAKQ19971101_111810,-14.067,0.069,289.656,403.373,25.100,-77.065,36.518,12549.810,51944.649,19971101_061810
4,KAKQ19971101_115343,21.483,0.143,173.935,386.753,30.943,-77.712,36.591,15471.739,76515.397,19971101_065343
6,KAKQ19971101_124704,74.833,0.051,398.328,282.057,25.960,-76.455,37.063,12980.114,49975.958,19971101_074704
1,KAKQ19971102_120531,32.266,0.081,192.589,325.346,12.751,-77.610,36.868,6375.429,55180.332,19971102_070531
2,KAKQ19971102_122319,50.066,0.137,291.090,376.604,27.339,-77.057,36.639,13669.275,38560.115,19971102_072319
1,KAKQ19971103_105718,-36.970,0.076,266.442,142.382,5.582,-77.198,37.694,2791.035,80575.369,19971103_055718
1,KAKQ19971103_110710,-27.104,0.273,267.869,140.242,18.773,-77.190,37.703,9386.332,81478.438,19971103_060710
2,KAKQ19971103_114632,12.263,0.123,414.515,291.958,18.175,-76.364,37.018,9087.391,57398.574,19971103_064632
3,KAKQ19971103_114632,12.263,0.118,352.824,469.542,29.980,-76.714,36.220,14989.944,88790.492,19971103_064632
4,KAKQ19971103_123545,61.480,0.153,418.497,272.901,39.752,-76.341,37.104,19876.080,60778.248,19971103_073545
2,KAKQ19971104_113737,2.322,0.336,233.157,115.568,6.722,-77.387,37.814,3360.811,98085.666,19971104_063737
2,KAKQ19971104_114728,12.172,0.100,234.052,113.323,20.992,-77.382,37.824,10496.039,98991.684,19971104_064728
2,KAKQ19971104_115719,22.022,0.176,236.481,114.459,29.357,-77.368,37.819,14678.288,98056.432,19971104_065719
1,KAKQ19971104_110805,-27.211,0.063,335.547,421.189,17.018,-76.809,36.438,8508.833,63147.578,19971104_060805
4,KAKQ19971104_113737,2.322,0.130,377.522,203.005,7.949,-76.570,37.420,3974.281,62084.282,19971104_063737
5,KAKQ19971104_113737,2.322,0.077,218.305,360.756,21.793,-77.465,36.709,10896.338,50905.422,19971104_063737
6,KAKQ19971104_114728,12.172,0.085,423.141,303.907,12.423,-76.316,36.964,6211.540,61601.290,19971104_064728
7,KAKQ19971104_123642,61.406,0.428,253.303,97.023,9.514,-77.273,37.898,4756.790,104139.421,19971104_073642
2,KAKQ19971105_112815,-8.072,0.539,494.270,390.007,33.916,-75.922,36.573,16958.061,107054.006,19971105_062815
2,KAKQ19971105_113805,1.762,0.168,490.390,392.558,45.459,-75.944,36.562,22729.377,105848.322,19971105_063805
2,KAKQ19971105_114754,11.578,0.059,503.880,419.866,62.159,-75.871,36.438,31079.531,118252.595,19971105_064754
1,KAKQ19971105_112815,-8.072,0.831,197.645,375.107,6.806,-77.580,36.644,3403.219,63477.304,19971105_062815
1,KAKQ19971105_113805,1.762,0.320,198.881,375.336,16.191,-77.573,36.643,8095.305,63048.598,19971105_063805
7,KAKQ19971105_113805,1.762,0.086,315.170,129.636,9.699,-76.921,37.751,4849.293,85518.820,19971105_063805
7,KAKQ19971105_114754,11.578,0.380,319.779,130.416,22.805,-76.895,37.748,11402.353,85366.597,19971105_064754
6,KAKQ19971105_113805,1.762,0.181,359.169,525.312,14.038,-76.680,35.968,7018.904,116475.896,19971105_063805
6,KAKQ19971105_114754,11.578,-1.000,359.169,525.312,29.646,-76.680,35.968,14823.154,116475.896,19971105_064754
6,KAKQ19971105_115745,21.428,0.121,368.408,522.117,30.860,-76.628,35.982,15429.765,116206.432,19971105_065745
3,KAKQ19971106_114005,2.732,0.287,365.602,310.363,10.842,-76.639,36.937,5420.788,33207.925,19971106_064005
3,KAKQ19971106_114557,8.598,-1.000,365.602,310.363,20.170,-76.639,36.937,10084.788,33207.925,19971106_064557
3,KAKQ19971106_115150,14.482,-1.000,365.602,310.363,29.524,-76.639,36.937,14762.038,33207.925,19971106_065150
3,KAKQ19971106_115744,20.382,0.163,353.068,314.491,34.385,-76.710,36.918,17192.512,27505.282,19971106_065744
1,KAKQ19971106_110442,-32.652,0.060,342.567,525.230,30.652,-76.772,35.969,15326.004,114608.318,19971106_060442
2,KAKQ19971106_111036,-26.752,0.210,395.459,476.137,38.720,-76.477,36.189,19359.768,100170.880,19971106_061036
1,KAKQ19971107_114812,9.816,0.094,169.953,540.248,26.268,-77.728,35.899,13134.218,136593.483,19971107_064812
1,KAKQ19971107_115411,15.799,0.068,172.182,538.244,34.155,-77.715,35.908,17077.569,135182.944,19971107_065411
2,KAKQ19971107_120007,21.732,0.156,162.024,450.597,29.070,-77.776,36.303,14534.990,102123.675,19971107_070007
2,KAKQ19971107_120604,27.682,0.077,161.632,446.271,35.032,-77.778,36.322,17515.847,100673.720,19971107_070604
3,KAKQ19971107_120604,27.682,0.089,481.995,550.381,31.036,-76.000,35.851,15517.781,154768.293,19971107_070604
3,KAKQ19971107_121203,33.666,0.164,483.759,545.280,36.801,-75.990,35.874,18400.338,153239.859,19971107_071203
4,KAKQ19971107_124445,66.366,0.053,415.876,276.729,43.233,-76.356,37.087,21616.596,59094.898,19971107_074445
4,KAKQ19971107_125040,72.282,0.600,412.764,273.685,49.150,-76.373,37.101,24574.793,57896.940,19971107_075040
4,KAKQ19971107_125636,78.216,0.174,393.309,261.847,43.746,-76.482,37.155,21872.772,50403.864,19971107_075636
1,KAKQ19971108_110716,-32.152,0.456,238.524,156.838,23.839,-77.356,37.628,11919.477,77901.758,19971108_060716
1,KAKQ19971108_111311,-26.235,0.362,238.055,156.359,29.827,-77.358,37.631,14913.613,78214.403,19971108_061311
2,KAKQ19971108_114315,3.831,0.055,360.690,100.276,20.301,-76.663,37.883,10150.623,104370.777,19971108_064315
2,KAKQ19971108_114911,9.765,0.237,359.989,100.415,26.584,-76.667,37.883,13292.140,104202.745,19971108_064911
2,KAKQ19971108_115506,15.681,0.106,354.490,98.529,19.759,-76.698,37.891,9879.349,104355.046,19971108_065506
7,KAKQ19971109_113641,-3.772,0.063,60.572,203.167,60.934,-78.360,37.412,30466.751,129134.157,19971109_063641
7,KAKQ19971109_114237,2.162,0.061,61.981,207.777,68.628,-78.351,37.392,34314.015,127630.553,19971109_064237
7,KAKQ19971109_114833,8.095,0.054,66.094,224.497,67.431,-78.327,37.317,33715.522,122894.919,19971109_064833
15,KAKQ19971109_121809,37.695,0.239,150.225,92.128,30.486,-77.859,37.917,15243.126,128104.870,19971109_071809
15,KAKQ19971109_122404,43.612,0.558,151.545,98.835,35.599,-77.851,37.887,17799.535,125006.141,19971109_072404
15,KAKQ19971109_122959,49.528,-1.000,152.672,104.561,41.340,-77.845,37.861,20670.135,122374.261,19971109_072959
15,KAKQ19971109_123554,55.445,0.067,157.710,100.102,56.646,-77.816,37.882,28322.799,122684.439,19971109_073554
22,KAKQ19971109_124744,67.278,0.080,28.813,306.963,32.287,-78.530,36.943,16143.431,135638.315,19971109_074744
22,KAKQ19971109_125342,73.245,0.172,30.807,308.216,40.804,-78.518,36.937,20401.946,134659.297,19971109_075342
22,KAKQ19971109_125938,79.178,0.268,35.287,319.042,40.396,-78.492,36.889,20197.906,132698.411,19971109_075938
4,KAKQ19971109_111305,-27.372,0.062,119.310,321.463,42.147,-78.021,36.883,21073.689,90980.300,19971109_061305
4,KAKQ19971109_111859,-21.472,0.059,114.636,325.026,49.535,-78.047,36.867,24767.504,93523.041,19971109_061859
6,KAKQ19971109_113641,-3.772,0.148,445.954,317.814,21.903,-76.189,36.901,10951.340,73518.528,19971109_063641
6,KAKQ19971109_114237,2.162,0.114,445.961,316.366,31.154,-76.189,36.907,15576.882,73437.603,19971109_064237
10,KAKQ19971109_114237,2.162,0.060,169.488,84.365,30.668,-77.750,37.953,15333.828,126027.805,19971109_064237
10,KAKQ19971109_114833,8.095,-1.000,169.488,84.365,40.102,-77.750,37.953,20050.828,126027.805,19971109_064833
10,KAKQ19971109_115428,14.012,0.181,175.048,82.285,56.248,-77.718,37.963,28124.056,125511.682,19971109_065428
12,KAKQ19971109_115428,14.012,0.243,445.451,456.152,26.561,-76.198,36.278,13280.503,106700.128,19971109_065428
12,KAKQ19971109_120023,19.928,0.569,446.458,458.574,33.412,-76.193,36.267,16705.769,107929.886,19971109_070023
12,KAKQ19971109_120619,25.862,0.056,455.154,477.755,29.421,-76.145,36.180,14710.609,117971.959,19971109_070619
13,KAKQ19971109_115428,14.012,0.074,296.883,189.561,28.613,-77.025,37.481,14306.656,55241.508,19971109_065428
13,KAKQ19971109_120023,19.928,0.331,298.368,192.418,34.463,-77.017,37.469,17231.574,53797.228,19971109_070023
23,KAKQ19971109_125938,79.178,0.071,165.806,80.362,35.164,-77.771,37.971,17582.098,128694.327,19971109_075938
23,KAKQ19971109_130532,85.078,0.144,167.678,82.518,41.091,-77.760,37.961,20545.290,127286.565,19971109_080532
1,KAKQ19971109_105524,-45.055,0.053,179.391,333.313,29.904,-77.684,36.832,14951.778,62562.437,19971109_055524
2,KAKQ19971109_110120,-39.122,0.191,473.946,317.366,21.798,-76.032,36.902,10898.819,87405.504,19971109_060120
3,KAKQ19971109_111305,-27.372,0.087,408.900,255.694,25.830,-76.394,37.182,12914.894,58783.854,19971109_061305
5,KAKQ19971109_111859,-21.472,0.057,366.695,308.071,30.966,-76.633,36.947,15482.792,33590.916,19971109_061859
8,KAKQ19971109_114237,2.162,0.101,200.707,474.008,37.657,-77.559,36.199,18828.396,100172.223,19971109_064237
9,KAKQ19971109_114237,2.162,0.064,405.829,181.371,14.376,-76.409,37.517,7188.087,79487.030,19971109_064237
11,KAKQ19971109_114833,8.095,0.149,171.576,70.923,58.196,-77.739,38.014,29098.171,131309.667,19971109_064833
16,KAKQ19971109_121809,37.695,0.093,260.705,501.246,33.163,-77.226,36.077,16581.259,102523.262,19971109_071809
17,KAKQ19971109_122404,43.612,0.234,442.187,175.150,9.367,-76.203,37.544,4683.357,94610.608,19971109_072404
19,KAKQ19971109_122959,49.528,0.361,27.545,240.776,30.873,-78.543,37.241,15436.434,139408.668,19971109_072959
21,KAKQ19971109_123554,55.445,0.081,156.790,312.554,22.993,-77.811,36.925,11496.655,71879.483,19971109_073554
3,KAKQ19971110_113335,-7.909,0.174,445.555,425.719,12.358,-76.196,36.415,6179.111,96166.042,19971110_063335
3,KAKQ19971110_114324,1.907,0.348,445.049,425.116,20.717,-76.199,36.417,10358.595,95777.316,19971110_064324
3,KAKQ19971110_115313,11.724,0.126,444.183,418.032,34.486,-76.203,36.449,17242.782,93166.985,19971110_065313
5,KAKQ19971110_113335,-7.909,0.058,322.584,100.823,3.198,-76.879,37.881,1598.892,100226.491,19971110_063335
5,KAKQ19971110_114324,1.907,0.760,325.088,111.988,17.541,-76.865,37.831,8770.612,94839.301,19971110_064324
5,KAKQ19971110_115313,11.724,0.109,327.086,110.919,31.179,-76.854,37.836,15589.345,95505.583,19971110_065313
6,KAKQ19971110_113335,-7.909,0.056,181.863,432.922,17.661,-77.666,36.383,8830.589,88916.723,19971110_063335
6,KAKQ19971110_114324,1.907,0.692,183.360,431.561,31.719,-77.658,36.389,15859.607,87910.902,19971110_064324
6,KAKQ19971110_115313,11.724,0.119,184.331,440.522,37.965,-77.652,36.349,18982.563,91002.357,19971110_065313
7,KAKQ19971110_114324,1.907,0.427,248.017,47.203,12.061,-77.304,38.122,6030.481,129043.080,19971110_064324
7,KAKQ19971110_115313,11.724,0.059,250.980,52.522,24.702,-77.287,38.098,12350.892,126143.254,19971110_065313
7,KAKQ19971110_120302,21.541,0.071,251.510,55.799,32.676,-77.284,38.084,16338.103,124484.535,19971110_070302
4,KAKQ19971110_113335,-7.909,0.061,312.733,423.356,5.874,-76.937,36.428,2936.895,62005.947,19971110_063335
4,KAKQ19971110_114324,1.907,-1.000,312.733,423.356,21.482,-76.937,36.428,10741.145,62005.947,19971110_064324
4,KAKQ19971110_115313,11.724,0.081,315.605,420.152,25.924,-76.920,36.442,12962.134,60580.397,19971110_065313
1,KAKQ19971110_112346,-17.726,0.304,471.449,375.970,10.004,-76.049,36.638,5001.881,93763.044,19971110_062346
9,KAKQ19971110_115313,11.724,0.106,467.826,255.083,14.422,-76.063,37.182,7211.201,86866.342,19971110_065313
10,KAKQ19971110_122240,41.174,0.070,362.799,380.568,32.760,-76.656,36.620,16380.201,51075.768,19971110_072240
2,KAKQ19971111_115616,13.736,0.054,374.316,368.417,17.565,-76.592,36.675,8782.591,50506.924,19971111_065616
2,KAKQ19971111_120604,23.536,0.160,372.902,371.886,31.355,-76.600,36.659,15677.273,51191.647,19971111_070604
3,KAKQ19971111_120604,23.536,0.548,300.997,82.466,9.056,-77.002,37.964,4528.133,108767.896,19971111_070604
3,KAKQ19971111_121553,33.352,0.057,302.638,92.887,17.645,-76.992,37.917,8822.628,103564.816,19971111_071553
1,KAKQ19971111_114627,3.919,0.222,368.801,303.930,23.405,-76.621,36.966,11702.255,34456.492,19971111_064627
1,KAKQ19971112_115730,13.930,0.491,448.316,428.608,10.298,-76.181,36.402,5148.891,98155.046,19971112_065730
1,KAKQ19971113_104944,-54.875,0.230,254.345,387.835,10.243,-77.263,36.588,5121.271,49496.115,19971113_054944
2,KAKQ19971113_110729,-37.125,0.164,30.504,306.751,28.836,-78.520,36.944,14418.081,134790.081,19971113_060729
3,KAKQ19971113_120042,16.091,0.266,261.050,223.307,17.079,-77.227,37.329,8539.667,43008.341,19971113_070042
1,KAKQ19971114_105347,-51.864,0.406,232.792,279.798,23.701,-77.385,37.074,11850.487,35089.124,19971114_055347
1,KAKQ19971114_105942,-45.947,0.298,237.565,279.416,31.640,-77.359,37.076,15819.763,32870.521,19971114_055942
1,KAKQ19971114_110537,-40.031,0.064,251.642,268.247,32.912,-77.280,37.127,16455.773,28925.451,19971114_060537
1,KAKQ19971114_111132,-34.114,0.106,266.852,253.995,28.074,-77.194,37.191,14036.812,28351.694,19971114_061132
2,KAKQ19971114_105942,-45.947,0.053,225.699,438.475,15.472,-77.421,36.359,7735.968,78574.836,19971114_055942
1,KAKQ19971115_115111,4.498,0.738,198.458,453.795,30.571,-77.573,36.290,15285.361,92146.192,19971115_065111
1,KAKQ19971115_120102,14.348,0.058,200.947,456.673,44.592,-77.559,36.277,22296.042,92679.480,19971115_070102
4,KAKQ19971115_120102,14.348,0.325,481.555,259.347,25.224,-75.985,37.163,12611.904,93025.268,19971115_070102
4,KAKQ19971115_121054,24.215,0.138,480.336,263.426,32.855,-75.993,37.144,16427.301,92003.689,19971115_071054
6,KAKQ19971115_120102,14.348,0.100,361.663,479.775,20.053,-76.665,36.173,10026.436,95028.175,19971115_070102
6,KAKQ19971115_121054,24.215,0.182,362.003,474.918,36.112,-76.663,36.195,18055.976,92791.104,19971115_071054
3,KAKQ19971115_115111,4.498,0.083,237.979,272.404,20.308,-77.356,37.108,10154.016,33941.743,19971115_065111
5,KAKQ19971115_120102,14.348,0.123,323.519,422.740,21.096,-76.876,36.431,10547.976,62486.590,19971115_070102
8,KAKQ19971115_121054,24.215,0.154,264.070,61.677,28.480,-77.212,38.057,14239.761,120507.834,19971115_071054
1,KAKQ19971116_114446,-2.955,0.081,366.351,288.399,17.718,-76.635,37.036,8858.852,33678.546,19971116_064446
2,KAKQ19971117_113830,-10.256,0.362,314.039,425.568,7.898,-76.929,36.418,3948.997,63175.049,19971117_063830
2,KAKQ19971117_114822,-0.390,0.936,316.415,425.218,21.600,-76.916,36.420,10799.992,63144.440,19971117_064822
2,KAKQ19971117_115813,9.460,0.498,315.303,426.589,32.230,-76.922,36.413,16115.233,63755.206,19971117_065813
6,KAKQ19971117_115813,9.460,0.631,375.039,377.822,19.196,-76.588,36.633,9598.213,54053.219,19971117_065813
6,KAKQ19971117_120805,19.327,0.072,371.942,381.461,30.457,-76.605,36.616,15228.639,54340.430,19971117_070805
6,KAKQ19971117_121757,29.194,0.354,366.361,387.623,33.323,-76.637,36.589,16661.263,54958.223,19971117_071757
1,KAKQ19971117_112839,-20.106,0.077,427.601,514.271,13.137,-76.300,36.016,6568.548,124693.509,19971117_062839
1,KAKQ19971117_113830,-10.256,-1.000,427.601,514.271,28.799,-76.300,36.016,14399.298,124693.509,19971117_063830
1,KAKQ19971117_114822,-0.390,0.105,424.052,515.455,31.005,-76.320,36.011,15502.667,124307.902,19971117_064822
4,KAKQ19971117_113830,-10.256,0.056,331.545,91.490,19.767,-76.828,37.923,9883.495,105441.461,19971117_063830
2,KAKQ19971118_115010,0.378,0.137,231.656,50.154,4.072,-77.397,38.109,2035.835,129512.519,19971118_065010
2,KAKQ19971118_120003,10.261,0.083,228.828,48.675,17.906,-77.413,38.115,8952.920,130603.922,19971118_070003
6,KAKQ19971118_115010,0.378,0.051,315.141,419.823,19.483,-76.923,36.444,9741.276,60387.819,19971118_065010
6,KAKQ19971118_120003,10.261,0.166,336.758,430.280,29.428,-76.803,36.397,14714.013,67683.002,19971118_070003
1,KAKQ19971118_114018,-9.489,0.219,366.619,295.932,10.564,-76.633,37.002,5281.990,33371.351,19971118_064018
3,KAKQ19971118_115010,0.378,0.116,216.067,160.566,27.221,-77.483,37.611,13610.300,81373.313,19971118_065010
2,KAKQ19971119_114219,-8.501,0.475,315.381,423.366,11.159,-76.922,36.428,5579.519,62160.791,19971119_064219
2,KAKQ19971119_115211,1.365,0.271,317.455,422.105,20.891,-76.910,36.434,10445.422,61673.163,19971119_065211
1,KAKQ19971119_110252,-47.951,0.247,323.042,551.065,16.608,-76.880,35.853,8304.097,126059.833,19971119_060252
5,KAKQ19971119_115211,1.365,0.485,335.621,145.742,13.849,-76.806,37.679,6924.732,79158.445,19971119_065211
6,KAKQ19971119_115211,1.365,0.267,364.452,295.190,9.665,-76.645,37.005,4832.561,32315.464,19971119_065211
7,KAKQ19971119_115211,1.365,0.180,380.635,354.309,15.894,-76.556,36.738,7947.073,48609.372,19971119_065211
8,KAKQ19971119_115211,1.365,0.137,189.519,427.724,32.403,-77.623,36.407,16201.292,84438.584,19971119_065211
9,KAKQ19971119_120203,11.232,0.093,240.232,77.159,4.631,-77.348,37.987,2315.678,115358.422,19971119_070203
12,KAKQ19971120_120413,12.373,0.322,366.123,459.153,21.583,-76.640,36.266,10791.492,86171.225,19971120_070413
12,KAKQ19971120_121405,22.239,0.755,368.556,458.325,32.059,-76.626,36.270,16029.661,86264.886,19971120_071405
12,KAKQ19971120_122357,32.106,0.124,370.251,459.817,35.153,-76.617,36.263,17576.659,87287.662,19971120_072357
1,KAKQ19971120_110502,-46.811,0.861,312.927,385.939,13.185,-76.935,36.597,6592.646,43452.819,19971120_060502
1,KAKQ19971120_111453,-36.961,0.158,316.849,386.580,21.553,-76.913,36.594,10776.302,44102.084,19971120_061453
5,KAKQ19971120_113437,-17.227,0.868,183.385,434.006,10.435,-77.657,36.378,5217.640,88820.942,19971120_063437
5,KAKQ19971120_114429,-7.361,0.155,187.846,433.197,26.869,-77.632,36.382,13434.538,87062.997,19971120_064429
9,KAKQ19971120_114429,-7.361,0.263,369.602,292.929,8.463,-76.616,37.015,4231.579,34980.134,19971120_064429
9,KAKQ19971120_115421,2.506,0.147,372.113,292.273,18.922,-76.602,37.018,9460.819,36262.867,19971120_065421
2,KAKQ19971120_110502,-46.811,0.096,535.612,473.676,23.196,-75.698,36.194,11597.864,146352.769,19971120_060502
7,KAKQ19971120_113437,-17.227,0.098,192.406,440.414,8.491,-77.607,36.350,4245.417,88448.396,19971120_063437
14,KAKQ19971120_124340,51.823,0.358,542.869,481.772,13.179,-75.658,36.157,6589.431,151679.159,19971120_074340
11,KAKQ19971121_114425,-8.449,0.329,315.106,423.116,9.593,-76.923,36.429,4796.610,62019.393,19971121_064425
11,KAKQ19971121_115418,1.434,0.964,315.363,417.079,17.089,-76.922,36.456,8544.517,59041.117,19971121_065418
11,KAKQ19971121_120410,11.301,0.243,317.982,412.875,25.496,-76.907,36.475,12747.967,57148.963,19971121_070410
11,KAKQ19971121_121402,21.167,0.220,346.026,429.191,25.620,-76.751,36.402,12809.896,68572.556,19971121_071402
3,KAKQ19971121_111450,-38.033,0.496,323.928,386.780,11.632,-76.874,36.593,5816.214,45009.408,19971121_061450
3,KAKQ19971121_112442,-28.166,0.381,330.355,393.177,26.793,-76.838,36.564,13396.355,48998.461,19971121_062442
7,KAKQ19971121_112442,-28.166,0.093,442.650,145.297,11.694,-76.199,37.678,5846.798,105216.601,19971121_062442
7,KAKQ19971121_113433,-18.316,0.203,447.563,145.622,24.029,-76.171,37.676,12014.632,106779.538,19971121_063433
13,KAKQ19971121_115418,1.434,0.196,48.335,176.308,13.932,-78.431,37.533,6965.956,140209.408,19971121_065418
13,KAKQ19971121_120410,11.301,0.601,52.042,173.793,34.977,-78.410,37.544,17488.445,139114.418,19971121_070410
15,KAKQ19971121_120410,11.301,0.234,455.344,176.015,24.924,-76.129,37.539,12461.910,99378.060,19971121_070410
15,KAKQ19971121_121402,21.167,0.364,456.040,168.432,33.018,-76.124,37.573,16509.044,102052.470,19971121_071402
1,KAKQ19971121_105505,-57.783,0.160,506.912,362.767,13.685,-75.850,36.695,6842.747,108111.313,19971121_055505
1,KAKQ19971121_110457,-47.916,-1.000,506.912,362.767,29.373,-75.850,36.695,14686.747,108111.313,19971121_060457
1,KAKQ19971121_111450,-38.033,0.079,502.621,366.842,20.868,-75.874,36.677,10434.179,106680.566,19971121_061450
2,KAKQ19971121_110457,-47.916,0.540,484.880,276.709,14.342,-75.968,37.084,7170.837,93170.641,19971121_060457
6,KAKQ19971121_111450,-38.033,0.052,470.306,106.275,19.265,-76.040,37.853,9632.729,128970.428,19971121_061450
9,KAKQ19971121_112442,-28.166,0.062,287.672,46.550,7.883,-77.078,38.126,3941.429,126874.916,19971121_062442
10,KAKQ19971121_114425,-8.449,0.356,237.606,435.388,12.401,-77.355,36.373,6200.546,74536.585,19971121_064425
14,KAKQ19971121_115418,1.434,0.127,351.523,83.924,24.056,-76.714,37.957,12027.878,111066.703,19971121_065418
16,KAKQ19971121_120410,11.301,0.114,15.669,394.602,20.880,-78.595,36.547,10440.022,149827.930,19971121_070410
1,KAKQ19971122_110000,-53.883,0.730,296.422,425.989,11.442,-77.027,36.416,5721.142,63019.767,19971122_060000
4,KAKQ19971122_112343,-30.166,0.187,241.536,524.545,9.683,-77.332,35.972,4841.630,116015.424,19971122_062343
5,KAKQ19971122_112343,-30.166,0.183,342.047,395.737,31.338,-76.773,36.552,15669.035,52281.576,19971122_062343
5,KAKQ19971122_112938,-24.250,0.475,324.286,390.516,27.852,-76.872,36.576,13925.926,46858.471,19971122_062938
7,KAKQ19971122_112938,-24.250,0.195,138.758,333.490,29.134,-77.911,36.830,14566.815,82341.657,19971122_062938
8,KAKQ19971122_122411,30.300,0.609,356.735,295.118,18.117,-76.689,37.005,9058.369,28472.414,19971122_072411
1,KAKQ19971123_115303,-1.844,0.439,358.321,290.629,12.544,-76.680,37.026,6271.912,29534.620,19971123_065303
1,KAKQ19971123_120255,8.022,0.731,358.120,292.859,16.108,-76.681,37.016,8053.928,29278.638,19971123_070255
1,KAKQ19971123_121248,17.906,0.600,357.736,290.049,17.957,-76.683,37.028,8978.536,29293.774,19971123_071248
1,KAKQ19971123_122240,27.772,0.340,360.682,292.011,19.532,-76.667,37.019,9765.907,30602.672,19971123_072240
1,KAKQ19971123_123232,37.639,0.460,358.204,296.453,15.312,-76.681,36.999,7655.964,29155.796,19971123_073232
1,KAKQ19971123_124224,47.506,0.252,358.680,295.109,23.784,-76.678,37.005,11891.760,29441.837,19971123_074224
2,KAKQ19971124_114551,-10.050,0.976,191.588,443.938,20.280,-77.611,36.334,10140.240,90098.983,19971124_064551
2,KAKQ19971124_115542,-0.200,0.865,198.273,448.383,37.037,-77.574,36.314,18518.313,89952.367,19971124_065542
2,KAKQ19971124_120532,9.634,0.130,201.676,458.561,55.464,-77.555,36.268,27732.171,93286.210,19971124_070532
3,KAKQ19971124_114551,-10.050,0.344,360.958,293.473,10.752,-76.665,37.013,5376.099,30653.350,19971124_064551
3,KAKQ19971124_115542,-0.200,0.541,367.975,298.683,21.439,-76.626,36.989,10719.587,33993.924,19971124_065542
7,KAKQ19971124_122515,29.350,0.287,358.135,301.977,24.907,-76.681,36.975,12453.575,29084.530,19971124_072515
7,KAKQ19971124_123506,39.200,0.107,355.953,305.241,33.996,-76.693,36.960,16997.958,28099.096,19971124_073506
1,KAKQ19971124_110628,-49.433,0.057,395.248,94.187,37.466,-76.466,37.910,18732.780,113391.945,19971124_060628
6,KAKQ19971124_115542,-0.200,0.050,316.732,401.505,5.829,-76.914,36.527,2914.255,51437.283,19971124_065542
1,KAKQ19971125_114601,-10.881,0.791,356.838,285.404,19.204,-76.688,37.049,9601.990,29340.900,19971125_064601
1,KAKQ19971125_115553,-1.014,0.143,354.642,288.963,29.288,-76.700,37.033,14643.914,27872.815,19971125_065553
2,KAKQ19971125_115553,-1.014,0.882,346.146,456.769,19.051,-76.751,36.277,9525.496,81709.816,19971125_065553
2,KAKQ19971125_120544,8.836,0.805,344.582,457.369,26.389,-76.759,36.275,13194.681,81780.988,19971125_070544
3,KAKQ19971125_120544,8.836,0.599,378.426,372.931,22.758,-76.569,36.654,11378.876,53548.039,19971125_070544
3,KAKQ19971125_121536,18.702,0.068,374.637,370.416,37.135,-76.590,36.666,18567.262,51305.594,19971125_071536
3,KAKQ19971125_122527,28.552,0.233,361.453,394.434,31.004,-76.664,36.558,15502.079,56334.309,19971125_072527
5,KAKQ19971125_122527,28.552,0.063,267.657,88.890,2.431,-77.191,37.935,1215.675,106786.666,19971125_072527
1,KAKQ19971126_110819,-49.571,0.159,318.507,383.240,9.766,-76.904,36.609,4883.091,42636.246,19971126_060819
3,KAKQ19971127_114516,-13.602,0.058,369.425,296.112,6.763,-76.618,37.001,3381.302,34767.083,19971127_064516
3,KAKQ19971127_115507,-3.752,-1.000,369.425,296.112,22.424,-76.618,37.001,11212.052,34767.083,19971127_065507
3,KAKQ19971127_120500,6.131,0.097,390.959,286.583,32.891,-76.496,37.043,16445.657,45971.684,19971127_070500
3,KAKQ19971127_121451,15.981,0.053,400.138,281.246,42.527,-76.445,37.067,21263.720,50939.484,19971127_071451
3,KAKQ19971127_122443,25.848,0.426,369.977,305.706,24.364,-76.615,36.958,12182.140,35104.509,19971127_072443
3,KAKQ19971127_123435,35.714,0.121,367.584,298.251,35.116,-76.628,36.991,17557.860,33803.513,19971127_073435
5,KAKQ19971127_120500,6.131,0.309,401.630,366.454,17.144,-76.439,36.683,8572.020,60713.977,19971127_070500
5,KAKQ19971127_121451,15.981,0.122,410.737,374.927,27.668,-76.388,36.645,13834.015,66852.085,19971127_071451
1,KAKQ19971127_111541,-43.186,0.276,370.288,294.304,5.723,-76.613,37.009,2861.370,35259.423,19971127_061541
4,KAKQ19971127_115507,-3.752,0.200,210.311,445.577,27.120,-77.507,36.327,13560.241,85493.718,19971127_065507
2,KAKQ19971128_111952,-39.974,0.110,349.492,440.594,5.514,-76.732,36.350,2757.128,74525.553,19971128_061952
2,KAKQ19971128_112944,-30.108,0.333,353.219,439.916,17.115,-76.711,36.353,8557.400,74847.811,19971128_062944
2,KAKQ19971128_113936,-20.241,0.670,355.063,438.410,20.300,-76.701,36.360,10149.968,74480.461,19971128_063936
2,KAKQ19971128_114927,-10.391,-1.000,357.119,437.019,24.599,-76.689,36.366,12299.358,74224.147,19971128_064927
2,KAKQ19971128_115919,-0.524,-1.000,359.179,435.626,28.905,-76.678,36.372,14452.385,73987.391,19971128_065919
2,KAKQ19971128_120911,9.342,0.114,348.975,426.675,31.253,-76.734,36.413,15626.380,67906.232,19971128_070911
5,KAKQ19971128_113936,-20.241,0.279,181.564,434.648,9.093,-77.667,36.375,4546.625,89662.048,19971128_063936
5,KAKQ19971128_114927,-10.391,0.312,182.781,430.234,23.369,-77.661,36.395,11684.408,87608.825,19971128_064927
5,KAKQ19971128_115919,-0.524,0.417,185.174,421.059,38.122,-77.648,36.437,19061.086,83426.944,19971128_065919
3,KAKQ19971128_111952,-39.974,0.106,394.677,319.831,8.512,-76.476,36.893,4255.768,48365.883,19971128_061952
4,KAKQ19971128_112944,-30.108,0.236,316.483,156.063,27.705,-76.914,37.632,13852.318,72438.641,19971128_062944
6,KAKQ19971128_113936,-20.241,0.055,410.812,327.073,6.611,-76.386,36.860,3305.405,57035.838,19971128_063936
7,KAKQ19971128_114927,-10.391,0.171,340.296,66.048,8.860,-76.778,38.038,4430.145,118698.499,19971128_064927
8,KAKQ19971128_115919,-0.524,0.105,376.094,358.711,16.542,-76.582,36.719,8271.072,48055.279,19971128_065919
9,KAKQ19971128_115919,-0.524,0.056,223.222,157.809,28.859,-77.442,37.624,14429.585,80797.806,19971128_065919
1,KAKQ19971129_115205,-8.719,0.056,356.699,450.847,10.343,-76.692,36.304,5171.452,80575.631,19971129_065205
2,KAKQ19971129_120156,1.131,0.856,358.031,298.939,18.281,-76.682,36.988,9140.556,29020.382,19971129_070156
3,KAKQ19971129_120156,1.131,0.076,378.032,370.719,17.757,-76.571,36.664,8878.532,52655.125,19971129_070156
4,KAKQ19971129_122140,20.864,0.110,320.766,270.706,17.494,-76.891,37.116,8747.017,17953.858,19971129_072140
1,KAKQ19971130_131836,76.847,0.065,205.096,447.049,22.567,-77.536,36.320,11283.409,87507.466,19971130_081836
2,KAKQ19971130_132431,82.764,0.065,74.201,377.700,32.333,-78.270,36.627,16166.687,119396.688,19971130_082431
4,KAKQ19971201_122508,22.443,0.113,177.790,426.215,21.311,-77.689,36.413,10655.590,87842.674,19971201_072508
4,KAKQ19971201_123104,28.376,0.082,177.142,426.516,28.863,-77.692,36.412,14431.503,88176.489,19971201_073104
4,KAKQ19971201_123658,34.276,0.085,183.957,435.910,20.715,-77.654,36.370,10357.702,89355.321,19971201_073658
4,KAKQ19971201_124252,40.176,-1.000,183.957,435.910,30.096,-77.654,36.370,15048.202,89355.321,19971201_074252
4,KAKQ19971201_124848,46.109,0.087,191.151,440.085,20.377,-77.614,36.351,10188.484,88701.760,19971201_074848
8,KAKQ19971201_124252,40.176,0.119,289.163,284.641,17.092,-77.068,37.053,8545.784,9398.813,19971201_074252
8,KAKQ19971201_124848,46.109,0.053,292.777,283.222,28.210,-77.048,37.059,14104.857,9133.566,19971201_074848
8,KAKQ19971201_125441,51.993,0.063,290.117,286.583,20.886,-77.063,37.044,10443.062,8332.167,19971201_075441
1,KAKQ19971201_113157,-30.741,0.068,386.419,219.183,17.435,-76.520,37.347,8717.548,59160.193,19971201_063157
2,KAKQ19971201_115535,-7.107,0.250,412.078,230.634,22.686,-76.375,37.295,11342.754,65903.778,19971201_065535
3,KAKQ19971201_121318,10.609,0.088,167.020,419.711,19.961,-77.749,36.442,9980.680,89463.034,19971201_071318
5,KAKQ19971201_123104,28.376,0.088,331.108,345.850,24.687,-76.833,36.777,12343.588,27703.229,19971201_073104
6,KAKQ19971201_123658,34.276,0.099,194.436,369.817,15.412,-77.598,36.668,7706.123,63281.587,19971201_073658
11,KAKQ19971201_131820,75.643,0.053,219.282,452.421,22.514,-77.457,36.296,11257.004,86237.215,19971201_081820
12,KAKQ19971201_132413,81.526,0.448,272.329,378.003,17.108,-77.162,36.632,8554.089,41382.977,19971201_082413
4,KAKQ19971202_115153,-11.732,0.966,189.643,443.797,20.743,-77.622,36.334,10371.653,90631.283,19971202_065153
4,KAKQ19971202_120144,-1.882,0.977,192.631,449.334,34.245,-77.605,36.310,17122.658,91962.753,19971202_070144
4,KAKQ19971202_121136,7.984,0.907,195.782,455.703,44.274,-77.587,36.281,22136.918,93681.203,19971202_071136
4,KAKQ19971202_122127,17.834,0.117,197.976,446.140,66.548,-77.576,36.324,33274.093,89115.057,19971202_072127
1,KAKQ19971202_112157,-41.666,0.100,344.085,409.183,29.839,-76.761,36.492,14919.359,58873.683,19971202_062157
2,KAKQ19971202_114139,-21.966,0.614,353.452,465.143,22.221,-76.710,36.239,11110.407,86788.759,19971202_064139
6,KAKQ19971202_120144,-1.882,0.114,322.639,396.190,20.622,-76.881,36.550,10310.991,49408.878,19971202_070144
7,KAKQ19971202_122127,17.834,0.072,385.833,379.048,35.502,-76.528,36.627,17750.965,58343.580,19971202_072127
1,KAKQ19971203_112350,-40.693,0.091,368.672,296.599,5.344,-76.622,36.999,2671.776,34377.919,19971203_062350
3,KAKQ19971203_113342,-30.827,0.268,324.649,404.869,30.183,-76.870,36.511,15091.276,53863.297,19971203_063342
4,KAKQ19971203_120316,-1.260,0.135,311.351,376.803,21.481,-76.944,36.638,10740.271,38818.714,19971203_070316
5,KAKQ19971203_120316,-1.260,0.069,400.392,397.253,10.024,-76.447,36.544,5011.967,69886.749,19971203_070316
6,KAKQ19971203_124242,38.173,0.158,365.583,340.313,32.446,-76.640,36.802,16222.925,38491.251,19971203_074242
6,KAKQ19971204_123012,24.777,0.222,111.840,315.879,15.246,-78.063,36.908,7623.221,94414.483,19971204_073012
6,KAKQ19971204_123608,30.711,0.060,117.154,311.921,21.486,-78.034,36.926,10742.958,91617.202,19971204_073608
6,KAKQ19971204_124203,36.627,0.151,127.480,302.739,29.050,-77.976,36.968,14524.906,86271.085,19971204_074203
10,KAKQ19971204_125354,48.477,0.148,175.356,265.528,16.065,-77.709,37.137,8032.709,64661.716,19971204_075354
10,KAKQ19971204_125950,54.411,0.088,177.849,263.092,25.213,-77.695,37.148,12606.344,63802.260,19971204_075950
1,KAKQ19971204_111859,-46.439,0.061,289.624,329.809,17.786,-77.066,36.850,8892.857,15781.497,19971204_061859
2,KAKQ19971204_112455,-40.506,0.226,358.584,308.578,32.157,-76.679,36.945,16078.529,29604.425,19971204_062455
3,KAKQ19971204_113052,-34.556,0.065,414.429,277.256,11.292,-76.364,37.085,5646.099,58333.531,19971204_063052
4,KAKQ19971204_120628,1.044,0.088,260.897,446.457,16.897,-77.225,36.324,8448.614,75793.517,19971204_070628
7,KAKQ19971204_123012,24.777,0.142,197.758,340.667,29.640,-77.580,36.799,14820.126,55016.595,19971204_073012
8,KAKQ19971204_123608,30.711,0.185,329.750,402.715,29.340,-76.841,36.521,14670.214,53468.527,19971204_073608
4,KAKQ19971205_115400,-12.303,0.860,189.550,438.902,14.914,-77.623,36.356,7456.781,88731.369,19971205_065400
4,KAKQ19971205_120351,-2.453,0.985,194.620,440.258,29.497,-77.594,36.350,14748.710,87717.233,19971205_070351
4,KAKQ19971205_121343,7.414,0.877,204.545,445.758,40.369,-77.539,36.326,20184.435,87116.435,19971205_071343
7,KAKQ19971205_115400,-12.303,0.081,302.006,393.162,24.883,-76.996,36.564,12441.448,46591.818,19971205_065400
7,KAKQ19971205_120351,-2.453,0.070,301.134,400.050,31.778,-77.001,36.533,15888.767,50028.091,19971205_070351
7,KAKQ19971205_121343,7.414,0.068,319.985,381.141,31.129,-76.896,36.618,15564.550,41783.022,19971205_071343
8,KAKQ19971205_120351,-2.453,0.771,397.228,438.361,14.780,-76.466,36.359,7390.215,84553.179,19971205_070351
8,KAKQ19971205_121343,7.414,0.295,399.849,415.012,20.795,-76.451,36.464,10397.499,76153.688,19971205_071343
1,KAKQ19971205_112426,-41.869,0.135,209.484,62.964,14.522,-77.523,38.051,7261.040,126865.219,19971205_062426
2,KAKQ19971205_113417,-32.019,0.359,324.736,411.776,30.381,-76.869,36.480,15190.689,57239.905,19971205_063417
9,KAKQ19971205_120351,-2.453,0.100,322.676,344.039,9.458,-76.880,36.785,4728.979,24766.896,19971205_070351
10,KAKQ19971205_120351,-2.453,0.054,347.706,462.045,13.953,-76.742,36.253,6976.629,84460.534,19971205_070351
10,KAKQ19971205_121343,7.414,-1.000,347.706,462.045,29.641,-76.742,36.253,14820.629,84460.534,19971205_071343
10,KAKQ19971205_122334,17.264,0.069,355.616,454.195,26.284,-76.698,36.289,13141.923,81959.275,19971205_072334
11,KAKQ19971205_122334,17.264,0.569,363.871,294.274,12.727,-76.649,37.009,6363.659,32063.415,19971205_072334
1,KAKQ19971206_111141,-55.483,0.833,326.804,391.655,12.593,-76.858,36.571,6296.465,47746.700,19971206_061141
1,KAKQ19971206_112132,-45.633,0.331,325.990,391.857,23.444,-76.862,36.570,11722.192,47731.552,19971206_062132
1,KAKQ19971206_113122,-35.799,0.198,329.400,406.268,34.017,-76.843,36.505,17008.696,55130.140,19971206_063122
4,KAKQ19971206_115105,-16.083,0.143,316.770,64.389,57.285,-76.912,38.045,28642.633,118103.748,19971206_065105
4,KAKQ19971206_120126,-5.733,0.329,323.075,70.606,63.886,-76.876,38.017,31942.753,115275.978,19971206_070126
6,KAKQ19971206_120126,-5.733,0.589,202.787,441.201,24.058,-77.549,36.346,12029.064,85714.829,19971206_070126
6,KAKQ19971206_121118,4.134,0.392,211.505,442.822,36.624,-77.500,36.339,18312.169,84008.310,19971206_071118
3,KAKQ19971206_112132,-45.633,0.067,301.126,40.512,34.189,-77.001,38.153,17094.692,129744.997,19971206_062132
5,KAKQ19971206_115105,-16.083,0.089,318.315,370.427,7.375,-76.905,36.667,3687.603,36384.686,19971206_065105
8,KAKQ19971206_120126,-5.733,0.051,261.251,306.556,7.504,-77.225,36.954,3752.193,19649.709,19971206_070126
9,KAKQ19971206_121118,4.134,0.132,470.869,510.548,10.061,-76.060,36.031,5030.502,135579.176,19971206_071118
4,KAKQ19971207_122158,13.955,0.125,446.081,208.910,31.915,-76.183,37.391,15957.703,86077.085,19971207_072158
4,KAKQ19971207_123150,23.822,0.060,447.990,208.986,42.426,-76.172,37.391,21213.182,86868.617,19971207_073150
4,KAKQ19971207_124143,33.705,0.256,451.731,210.969,44.254,-76.151,37.382,22127.023,87961.434,19971207_074143
4,KAKQ19971207_125134,43.555,0.085,453.552,217.200,42.493,-76.141,37.354,21246.744,87226.738,19971207_075134
4,KAKQ19971207_130126,53.422,0.066,457.560,223.711,43.817,-76.119,37.324,21908.317,87528.851,19971207_080126
4,KAKQ19971207_131117,63.272,-1.000,461.199,230.011,44.711,-76.098,37.296,22355.412,87868.567,19971207_081117
4,KAKQ19971207_132109,73.138,0.055,466.333,235.387,43.710,-76.070,37.271,21854.975,89221.093,19971207_082109
1,KAKQ19971207_115224,-15.612,0.871,199.383,450.145,12.732,-77.568,36.306,6366.156,90370.428,19971207_065224
1,KAKQ19971207_120216,-5.745,0.941,206.375,452.743,27.676,-77.529,36.295,13838.069,89576.866,19971207_070216
1,KAKQ19971207_121207,4.105,0.680,223.180,468.418,30.294,-77.435,36.224,15147.192,92555.346,19971207_071207
3,KAKQ19971208_114426,-24.406,0.752,178.422,438.117,8.689,-77.685,36.360,4344.694,92002.116,19971208_064426
3,KAKQ19971208_115418,-14.539,0.959,177.485,440.959,20.102,-77.690,36.347,10050.960,93380.300,19971208_065418
3,KAKQ19971208_120410,-4.672,0.969,179.820,442.498,31.466,-77.677,36.340,15732.808,93205.111,19971208_070410
3,KAKQ19971208_121402,5.194,0.666,175.715,446.859,42.510,-77.700,36.320,21254.787,96195.519,19971208_071402
8,KAKQ19971208_115418,-14.539,0.146,393.632,436.891,5.979,-76.486,36.366,2989.273,82924.975,19971208_065418
8,KAKQ19971208_120410,-4.672,0.284,395.330,416.436,13.784,-76.476,36.458,6892.217,75241.677,19971208_070410
8,KAKQ19971208_121402,5.194,-1.000,396.930,397.169,22.048,-76.466,36.545,11023.957,68624.159,19971208_071402
8,KAKQ19971208_122354,15.061,-1.000,398.529,377.901,30.311,-76.457,36.632,15155.697,62802.371,19971208_072354
8,KAKQ19971208_123346,24.928,0.259,372.438,368.056,41.228,-76.602,36.677,20614.068,49696.482,19971208_073346
1,KAKQ19971208_112442,-44.139,0.437,324.238,411.936,25.551,-76.872,36.479,12775.414,57265.246,19971208_062442
1,KAKQ19971208_113434,-34.272,0.072,324.229,407.862,35.496,-76.872,36.498,17748.087,55274.730,19971208_063434
2,KAKQ19971208_112442,-44.139,0.055,317.732,167.662,8.696,-76.907,37.580,4348.038,66760.495,19971208_062442
2,KAKQ19971208_113434,-34.272,0.224,326.968,172.019,24.257,-76.855,37.560,12128.314,65395.924,19971208_063434
6,KAKQ19971208_115418,-14.539,0.310,418.928,518.570,13.763,-76.348,35.997,6881.659,124415.593,19971208_065418
9,KAKQ19971208_120410,-4.672,0.276,445.444,422.082,13.045,-76.197,36.431,6522.543,94944.493,19971208_070410
11,KAKQ19971208_121402,5.194,0.089,397.344,400.134,12.034,-76.464,36.531,6017.092,69825.747,19971208_071402
7,KAKQ19971209_123213,22.570,0.304,218.970,244.829,23.872,-77.464,37.232,11936.113,49014.691,19971209_073213
7,KAKQ19971209_123808,28.487,0.455,222.662,244.275,29.253,-77.443,37.234,14626.655,47661.297,19971209_073808
7,KAKQ19971209_124403,34.403,0.076,238.722,238.586,23.600,-77.353,37.260,11799.751,43378.092,19971209_074403
12,KAKQ19971209_124958,40.320,0.224,244.078,136.261,26.528,-77.325,37.721,13263.876,86512.742,19971209_074958
12,KAKQ19971209_125553,46.237,0.235,247.592,136.160,32.500,-77.305,37.722,16250.232,86008.870,19971209_075553
12,KAKQ19971209_130148,52.153,0.151,262.610,134.081,29.142,-77.220,37.731,14571.091,85039.939,19971209_080148
14,KAKQ19971209_132528,75.820,0.064,299.993,349.589,16.591,-77.008,36.760,8295.595,24794.510,19971209_082528
14,KAKQ19971209_133123,81.737,-1.000,299.993,349.589,25.999,-77.008,36.760,12999.345,24794.510,19971209_083123
14,KAKQ19971209_133719,87.670,0.050,310.539,351.219,27.380,-76.948,36.753,13690.093,26146.030,19971209_083719
1,KAKQ19971209_112111,-48.463,0.268,354.002,308.077,14.661,-76.704,36.947,7330.585,27301.276,19971209_062111
2,KAKQ19971209_112706,-42.547,0.161,304.611,389.201,11.682,-76.982,36.582,5841.103,44659.940,19971209_062706
4,KAKQ19971209_114451,-24.797,0.063,385.371,340.546,23.740,-76.529,36.800,11869.770,47255.204,19971209_064451
5,KAKQ19971209_115642,-12.947,0.067,414.637,327.280,22.638,-76.365,36.859,11318.989,58919.263,19971209_065642
6,KAKQ19971209_120832,-1.113,0.107,269.051,342.086,18.345,-77.181,36.794,9172.525,26120.343,19971209_070832
8,KAKQ19971209_123213,22.570,0.071,304.802,402.543,27.955,-76.981,36.522,13977.352,51327.694,19971209_073213
9,KAKQ19971209_123808,28.487,0.314,381.880,332.210,24.825,-76.549,36.838,12412.502,43993.781,19971209_073808
10,KAKQ19971209_124403,34.403,0.153,231.181,136.408,29.797,-77.398,37.720,14898.420,88739.095,19971209_074403
1,KAKQ19971210_113724,-33.034,0.059,322.880,386.214,10.010,-76.880,36.595,5004.944,44599.281,19971210_063724
1,KAKQ19971210_114318,-27.134,0.906,322.247,385.316,16.908,-76.883,36.599,8454.111,44084.262,19971210_064318
1,KAKQ19971210_114912,-21.234,0.362,322.782,383.589,22.257,-76.880,36.607,11128.499,43319.159,19971210_064912
2,KAKQ19971210_114912,-21.234,0.058,367.703,297.122,12.319,-76.627,36.996,6159.744,33882.032,19971210_064912
3,KAKQ19971210_123630,26.066,0.229,527.381,489.133,30.739,-75.745,36.125,15369.599,147879.544,19971210_073630
4,KAKQ19971210_125414,43.799,0.134,178.350,166.593,31.006,-77.696,37.583,15502.802,90272.062,19971210_075414
1,KAKQ19971211_113631,-34.685,0.517,334.066,404.780,28.252,-76.817,36.512,14126.186,55089.456,19971211_063631
2,KAKQ19971211_120607,-5.085,0.176,318.370,338.576,8.289,-76.905,36.810,4144.260,21363.134,19971211_070607
1,KAKQ19971212_111250,-59.113,0.082,187.507,106.996,12.493,-77.647,37.852,6246.408,111697.324,19971212_061250
2,KAKQ19971212_114818,-23.647,0.063,329.858,390.628,20.997,-76.841,36.575,10498.281,47709.741,19971212_064818
3,KAKQ19971212_122943,17.770,0.060,377.302,275.944,32.950,-76.573,37.091,16474.972,40479.126,19971212_072943
4,KAKQ19971212_125955,47.970,0.224,533.169,487.094,15.564,-75.712,36.134,7782.157,149475.750,19971212_075955
2,KAKQ19971213_115549,-16.853,0.833,186.174,435.258,12.306,-77.642,36.373,6153.248,88390.074,19971213_065549
2,KAKQ19971213_120144,-10.936,0.958,185.600,434.299,20.644,-77.645,36.377,10321.963,88209.306,19971213_070144
2,KAKQ19971213_121136,-1.070,0.968,193.984,436.541,30.987,-77.598,36.367,15493.506,86433.296,19971213_071136
2,KAKQ19971213_122128,8.797,0.946,201.282,442.164,36.691,-77.557,36.342,18345.543,86538.460,19971213_072128
2,KAKQ19971213_123119,18.647,0.358,202.845,437.429,56.150,-77.549,36.363,28075.082,84151.585,19971213_073119
6,KAKQ19971213_120144,-10.936,0.055,395.546,434.682,8.585,-76.475,36.376,4292.551,82565.797,19971213_070144
6,KAKQ19971213_121136,-1.070,0.055,400.001,413.116,18.794,-76.450,36.473,9396.866,75490.904,19971213_071136
6,KAKQ19971213_122128,8.797,0.234,403.888,429.062,21.826,-76.428,36.401,10912.907,82839.696,19971213_072128
1,KAKQ19971213_113736,-35.070,0.051,335.585,416.406,31.946,-76.809,36.459,15973.091,60861.934,19971213_063736
5,KAKQ19971213_120144,-10.936,0.076,415.713,437.775,17.963,-76.363,36.361,8981.611,89960.414,19971213_070144
7,KAKQ19971213_122128,8.797,0.865,405.753,389.753,18.578,-76.417,36.578,9288.908,69352.915,19971213_072128
8,KAKQ19971213_125101,38.347,0.074,377.399,307.519,34.678,-76.573,36.949,17338.799,38881.674,19971213_075101
9,KAKQ19971213_125101,38.347,0.054,473.063,514.612,23.123,-76.048,36.013,11561.673,137848.751,19971213_075101
1,KAKQ19971215_115544,-18.313,0.053,183.734,441.129,2.721,-77.655,36.346,1360.275,91426.658,19971215_065544
1,KAKQ19971215_120536,-8.446,-1.000,183.734,441.129,18.409,-77.655,36.346,9204.275,91426.658,19971215_070536
1,KAKQ19971215_121528,1.421,0.169,178.412,437.915,30.536,-77.685,36.361,15267.947,91929.740,19971215_071528
4,KAKQ19971215_121528,1.421,0.662,398.505,392.876,18.189,-76.457,36.564,9094.276,67692.611,19971215_071528
4,KAKQ19971215_122520,11.287,0.461,399.296,396.627,27.728,-76.453,36.547,13864.199,69275.655,19971215_072520
2,KAKQ19971215_120536,-8.446,0.067,388.980,446.860,13.239,-76.512,36.321,6619.398,85856.653,19971215_070536
3,KAKQ19971215_120536,-8.446,0.054,317.979,342.228,7.300,-76.907,36.794,3650.242,22947.780,19971215_070536
5,KAKQ19971215_121528,1.421,0.097,362.201,519.530,8.672,-76.663,35.994,4336.134,114085.980,19971215_071528
6,KAKQ19971215_130448,50.754,0.067,256.104,288.348,6.269,-77.254,37.036,3134.411,22707.868,19971215_080448
4,KAKQ19971216_115748,-16.898,0.947,172.964,437.095,20.856,-77.715,36.364,10428.001,93452.182,19971216_065748
4,KAKQ19971216_120739,-7.048,0.889,174.603,434.777,33.545,-77.706,36.375,16772.728,92045.053,19971216_070739
4,KAKQ19971216_121730,2.802,0.145,175.128,429.556,45.641,-77.703,36.398,22820.619,89969.099,19971216_071730
5,KAKQ19971216_115748,-16.898,0.862,217.415,174.393,12.139,-77.475,37.549,6069.510,75162.106,19971216_065748
5,KAKQ19971216_120739,-7.048,0.703,222.208,174.342,22.971,-77.448,37.549,11485.680,73894.459,19971216_070739
10,KAKQ19971216_120739,-7.048,0.201,380.274,425.120,39.525,-76.560,36.419,19762.430,74328.439,19971216_070739
10,KAKQ19971216_121730,2.802,0.065,376.025,415.359,46.202,-76.583,36.463,23101.158,69078.831,19971216_071730
1,KAKQ19971216_112814,-46.465,0.132,331.986,385.660,9.810,-76.829,36.598,4904.938,45718.475,19971216_062814
7,KAKQ19971216_115748,-16.898,0.143,404.192,425.065,47.108,-76.427,36.419,23554.035,81389.700,19971216_065748
9,KAKQ19971216_115748,-16.898,0.112,20.242,303.698,5.498,-78.578,36.957,2748.773,139891.069,19971216_065748
11,KAKQ19971216_120739,-7.048,0.106,41.761,185.127,13.920,-78.468,37.492,6960.141,141317.988,19971216_070739
12,KAKQ19971216_120739,-7.048,0.099,257.901,305.007,8.690,-77.244,36.961,4344.934,21197.823,19971216_070739
1,KAKQ19971217_115702,-18.292,0.949,188.140,434.487,15.302,-77.631,36.376,7650.787,87463.282,19971217_065702
1,KAKQ19971217_120654,-8.425,0.984,191.175,433.847,29.205,-77.614,36.379,14602.405,86252.630,19971217_070654
1,KAKQ19971218_113541,-40.243,0.506,317.302,405.552,28.184,-76.911,36.508,14092.184,53480.199,19971218_063541
2,KAKQ19971218_120517,-10.643,0.140,401.677,403.894,11.372,-76.440,36.514,5685.881,72684.608,19971218_070517
4,KAKQ19971218_125437,38.690,0.087,435.052,516.251,23.598,-76.259,36.007,11798.968,127479.043,19971218_075437
4,KAKQ19971219_115828,-18.035,0.961,205.755,425.835,17.922,-77.533,36.416,8961.107,78607.836,19971219_065828
4,KAKQ19971219_120819,-8.185,0.972,216.501,423.135,27.435,-77.473,36.428,13717.690,74387.989,19971219_070819
4,KAKQ19971219_121811,1.682,0.850,220.876,415.963,43.188,-77.449,36.461,21593.931,70192.734,19971219_071811
5,KAKQ19971219_115828,-18.035,0.220,326.720,367.280,14.047,-76.858,36.681,7023.439,36196.034,19971219_065828
5,KAKQ19971219_120819,-8.185,0.163,328.162,365.004,24.663,-76.850,36.691,12331.576,35421.303,19971219_070819
1,KAKQ19971219_111900,-57.501,0.087,269.164,306.266,7.219,-77.181,36.956,3609.669,15732.913,19971219_061900
2,KAKQ19971219_112853,-47.618,0.213,327.104,381.208,8.445,-76.856,36.618,4222.271,42805.969,19971219_062853
4,KAKQ19971220_115043,-26.333,0.523,182.960,433.073,4.826,-77.660,36.383,2413.202,88609.726,19971220_065043
4,KAKQ19971220_120033,-16.499,0.871,189.827,433.192,21.511,-77.621,36.382,10755.457,86426.365,19971220_070033
4,KAKQ19971220_121025,-6.633,0.495,198.164,430.821,38.093,-77.575,36.393,19046.535,82892.570,19971220_071025
4,KAKQ19971220_122048,3.751,0.166,203.757,427.686,57.333,-77.544,36.407,28666.315,79947.432,19971220_072048
1,KAKQ19971220_113100,-46.049,0.546,339.897,523.321,21.533,-76.786,35.977,10766.350,113428.568,19971220_063100
2,KAKQ19971220_113100,-46.049,0.116,366.219,297.115,7.808,-76.636,36.996,3904.148,33140.683,19971220_063100
3,KAKQ19971220_113100,-46.049,0.065,337.938,405.100,24.438,-76.796,36.510,12219.013,55868.795,19971220_063100
7,KAKQ19971220_121025,-6.633,0.348,408.011,393.585,15.471,-76.404,36.561,7735.470,71457.256,19971220_071025
8,KAKQ19971220_121025,-6.633,0.052,450.370,409.469,14.809,-76.168,36.488,7404.379,92997.978,19971220_071025
9,KAKQ19971220_122048,3.751,0.052,97.126,378.436,11.932,-78.142,36.625,5966.048,108754.294,19971220_072048
4,KAKQ19971221_123251,15.280,0.117,350.658,355.530,16.252,-76.724,36.733,8125.856,37582.774,19971221_073251
4,KAKQ19971221_124242,25.130,0.444,353.713,354.637,27.795,-76.707,36.737,13897.654,38309.035,19971221_074242
1,KAKQ19971221_121307,-4.453,0.352,394.397,336.577,24.111,-76.479,36.818,12055.492,50618.019,19971221_071307
2,KAKQ19971221_122259,5.413,0.128,449.606,518.073,13.192,-76.178,35.998,6596.142,132229.052,19971221_072259
3,KAKQ19971221_122259,5.413,0.103,365.173,298.215,9.821,-76.641,36.991,4910.381,32598.945,19971221_072259
1,KAKQ19971223_115356,-24.593,0.112,325.060,390.846,17.220,-76.868,36.574,8609.945,47119.786,19971223_065356
1,KAKQ19971223_120348,-14.726,0.060,328.246,392.121,28.913,-76.850,36.569,14456.395,48177.221,19971223_070348
3,KAKQ19971224_115557,-23.011,0.852,396.978,402.315,12.039,-76.466,36.522,6019.657,70486.121,19971224_065557
3,KAKQ19971224_120548,-13.161,0.075,396.274,402.067,21.528,-76.470,36.523,10764.072,70154.088,19971224_070548
1,KAKQ19971224_114605,-32.877,0.178,326.229,381.554,8.427,-76.861,36.616,4213.692,42833.858,19971224_064605
5,KAKQ19971224_124116,22.306,0.250,439.484,522.870,19.463,-76.234,35.977,9731.447,131460.112,19971224_074116
6,KAKQ19971224_124116,22.306,0.057,29.962,454.761,46.020,-78.510,36.277,23009.907,155620.994,19971224_074116
7,KAKQ19971224_125307,34.156,0.067,329.429,398.435,24.421,-76.843,36.540,12210.426,51369.992,19971224_075307
1,KAKQ19971225_115023,-28.982,0.059,327.887,383.808,10.555,-76.852,36.606,5277.746,44163.209,19971225_065023
1,KAKQ19971225_115617,-23.082,0.824,329.438,387.785,19.138,-76.843,36.588,9569.102,46294.698,19971225_065617
1,KAKQ19971226_115908,-20.606,0.925,186.171,442.210,19.835,-77.641,36.341,9917.253,91077.571,19971226_065908
1,KAKQ19971226_120900,-10.739,0.958,189.995,444.354,32.912,-77.620,36.332,16455.990,90745.637,19971226_070900
1,KAKQ19971226_121852,-0.873,0.913,197.529,449.866,44.575,-77.578,36.307,22287.738,90774.707,19971226_071852
1,KAKQ19971226_122844,8.994,0.347,193.837,442.799,63.744,-77.599,36.339,31872.001,88969.376,19971226_072844
5,KAKQ19971226_120900,-10.739,0.186,485.376,450.869,14.846,-75.976,36.300,7423.103,119504.748,19971226_070900
5,KAKQ19971226_121852,-0.873,0.185,492.570,453.365,30.557,-75.936,36.288,15278.450,123089.226,19971226_071852
5,KAKQ19971226_122844,8.994,0.057,490.557,454.981,34.359,-75.947,36.281,17179.384,122811.607,19971226_072844
3,KAKQ19971226_120900,-10.739,0.540,322.131,395.517,19.619,-76.884,36.553,9809.502,49023.877,19971226_070900
3,KAKQ19971226_121852,-0.873,0.111,323.988,397.041,31.293,-76.874,36.547,15646.555,49980.783,19971226_071852
4,KAKQ19971226_120900,-10.739,0.197,405.564,403.729,13.205,-76.418,36.515,6602.642,73998.941,19971226_070900
4,KAKQ19971226_121852,-0.873,0.205,405.705,404.050,23.453,-76.417,36.514,11726.373,74161.973,19971226_071852
6,KAKQ19971226_120900,-10.739,0.123,513.981,456.454,27.792,-75.817,36.273,13896.112,132538.130,19971226_070900
7,KAKQ19971226_120900,-10.739,0.069,443.319,415.567,6.970,-76.208,36.460,3485.245,92054.430,19971226_070900
1,KAKQ19971227_121238,-7.450,0.075,281.610,425.305,22.629,-77.110,36.419,11314.571,63323.764,19971227_071238
2,KAKQ19971227_133524,75.317,0.450,366.002,217.163,27.040,-76.635,37.357,13520.206,52957.984,19971227_083524
3,KAKQ19971227_133524,75.317,0.138,323.428,232.205,16.910,-76.875,37.289,8455.120,35864.626,19971227_083524
4,KAKQ19971227_133524,75.317,0.063,332.455,147.994,23.891,-76.824,37.669,11945.599,77716.233,19971227_083524
5,KAKQ19971227_134120,81.250,0.076,297.758,339.090,32.082,-77.020,36.808,16041.121,19576.936,19971227_084120
2,KAKQ19971228_115956,-20.462,0.860,182.792,447.267,17.064,-77.660,36.319,8532.181,94107.967,19971228_065956
2,KAKQ19971228_120948,-10.595,0.170,184.301,447.793,37.974,-77.652,36.316,18986.909,93847.028,19971228_070948
2,KAKQ19971228_121938,-0.762,0.231,192.552,463.547,45.077,-77.605,36.245,22538.253,97842.611,19971228_071938
1,KAKQ19971228_113023,-50.012,0.050,322.302,390.723,12.516,-76.883,36.575,6257.963,46711.850,19971228_063023
1,KAKQ19971228_113617,-44.112,0.251,321.492,390.833,19.600,-76.887,36.575,9799.822,46670.639,19971228_063617
3,KAKQ19971228_115956,-20.462,0.604,322.391,399.207,11.484,-76.882,36.537,5742.060,50851.290,19971228_065956
3,KAKQ19971228_120948,-10.595,0.213,323.343,402.443,22.794,-76.877,36.522,11396.992,52534.522,19971228_070948
1,KAKQ19971229_113226,-48.242,0.666,320.039,385.797,11.436,-76.896,36.597,5718.163,44053.029,19971229_063226
1,KAKQ19971229_114217,-38.392,0.684,321.739,390.973,25.962,-76.886,36.574,12980.883,46767.385,19971229_064217
4,KAKQ19971229_120202,-18.642,0.110,171.082,435.758,15.958,-77.726,36.370,7978.903,93608.343,19971229_070202
5,KAKQ19971229_120202,-18.642,0.065,464.015,372.895,15.859,-76.090,36.652,7929.253,89741.973,19971229_070202
5,KAKQ19971229_121153,-8.792,-1.000,464.015,372.895,31.520,-76.090,36.652,15760.003,89741.973,19971229_071153
5,KAKQ19971229_122145,1.075,0.915,469.512,365.392,24.024,-76.059,36.685,12012.226,90843.866,19971229_072145
6,KAKQ19971229_121153,-8.792,0.067,343.080,281.425,8.233,-76.765,37.067,4116.333,23457.112,19971229_071153
8,KAKQ19971229_125911,38.508,0.069,517.196,458.950,31.824,-75.799,36.262,15911.955,134572.818,19971229_075911
9,KAKQ19971229_131101,50.341,0.052,441.094,514.573,27.747,-76.225,36.014,13873.376,128402.755,19971229_081101
10,KAKQ19971229_131654,56.225,0.058,271.062,521.687,14.074,-77.168,35.985,7037.188,111783.963,19971229_081654
5,KAKQ19971230_121406,-6.824,0.167,378.913,194.531,16.830,-76.562,37.458,8415.222,65861.475,19971230_071406
5,KAKQ19971230_122357,3.026,0.065,375.538,192.709,27.686,-76.581,37.466,13842.771,65607.730,19971230_072357
1,KAKQ19971230_113438,-46.290,0.148,20.105,302.189,19.475,-78.579,36.964,9737.297,139951.840,19971230_063438
2,KAKQ19971230_114430,-36.424,0.198,346.106,397.044,32.505,-76.750,36.546,16252.537,53720.197,19971230_064430
3,KAKQ19971230_121406,-6.824,0.953,218.915,419.321,25.013,-77.460,36.445,12506.311,72132.416,19971230_071406
6,KAKQ19971230_125333,32.626,0.288,401.633,171.455,36.288,-76.432,37.562,18143.894,81934.745,19971230_075333
6,KAKQ19971230_130325,42.493,0.553,420.675,178.311,31.446,-76.325,37.530,15722.893,85689.649,19971230_080325
2,KAKQ19971231_120632,-14.606,0.903,208.551,449.157,17.085,-77.517,36.311,8542.540,87479.520,19971231_070632
2,KAKQ19971231_121623,-4.756,0.942,217.246,449.078,29.787,-77.468,36.311,14893.401,85253.349,19971231_071623
2,KAKQ19971231_122615,5.111,0.715,224.553,445.446,43.674,-77.428,36.328,21837.139,81924.953,19971231_072615
1,KAKQ19971231_113657,-44.189,0.115,329.896,392.623,20.913,-76.841,36.566,10456.394,48664.194,19971231_063657
3,KAKQ19971231_120632,-14.606,0.065,328.565,382.854,16.722,-76.848,36.610,8361.238,43820.102,19971231_070632
